candidate_id,bin,route_combination,operator_class,route_class,partition_signature,closure_depth,q_sign,q_abs,native_charge_axis,spin_or_hand_class,color_or_owner_closure,closure_status,stability_status,M_native,surface_sign,surface_depth,surface_packet_address,S_debit_or_credit,M_observed_candidate,qA_source_support,tensor_carrier_support,retained_write_support,matter_row_allowed,known_match,promotion_status,Column1
QP093A-0001,stable_matter_rows,"plus_single_write[p=1,g=0]",V4_1_SINGLE_WRITE,single_write,1,0,positive,1,plus,fermion_half_write,owner_closed,CLOSED_WRITE,STABLE_MATTER_CANDIDATE,1.25,zero_contact,route_contact,route_contact,0,1.25,1.258680556,0.157335069,1.101345486,yes,,MATTER_ROW_ALLOWED_AFTER_SURFACE_GATE,
QP093A-0002,stable_matter_rows,"minus_single_write[p=1,g=0]",V4_1_SINGLE_WRITE,single_write,1,0,negative,1,minus,fermion_half_write,owner_closed,CLOSED_WRITE,STABLE_MATTER_CANDIDATE,1.5,zero_contact,route_contact,route_contact,0,1.5,1.510416667,0.188802083,1.321614583,yes,,MATTER_ROW_ALLOWED_AFTER_SURFACE_GATE,
QP093A-0003,stable_matter_rows,"neutral_single_write[p=1,g=0]",OUTER_BINARY_NEUTRAL,outer_binary_neutral,1,0,neutral,0,neutral,fermion_half_write,owner_closed,CLOSED_WRITE,STABLE_NEUTRAL_CANDIDATE,0.125,zero_contact,route_contact,route_contact,0,0.125,0.125,0.015625,0.109375,yes,,MATTER_ROW_ALLOWED_AFTER_SURFACE_GATE,
QP093A-0004,stable_matter_rows,"plus_single_write[p=2,g=0]",V4_1_SINGLE_WRITE,single_write,2,0,positive,2,plus,fermion_half_write,owner_closed,CLOSED_WRITE,STABLE_MATTER_CANDIDATE,2.5,zero_contact,route_contact,route_contact,0,2.5,2.534722222,0.316840278,2.217881944,yes,,MATTER_ROW_ALLOWED_AFTER_SURFACE_GATE,
QP093A-0005,stable_matter_rows,"minus_single_write[p=2,g=0]",V4_1_SINGLE_WRITE,single_write,2,0,negative,2,minus,fermion_half_write,owner_closed,CLOSED_WRITE,STABLE_MATTER_CANDIDATE,3,zero_contact,route_contact,route_contact,0,3,3.041666667,0.380208333,2.661458333,yes,,MATTER_ROW_ALLOWED_AFTER_SURFACE_GATE,
QP093A-0006,stable_matter_rows,"neutral_single_write[p=2,g=0]",OUTER_BINARY_NEUTRAL,outer_binary_neutral,2,0,neutral,0,neutral,fermion_half_write,owner_closed,CLOSED_WRITE,STABLE_NEUTRAL_CANDIDATE,0.25,zero_contact,route_contact,route_contact,0,0.25,0.25,0.03125,0.21875,yes,,MATTER_ROW_ALLOWED_AFTER_SURFACE_GATE,
QP093A-0007,stable_matter_rows,"plus_single_write[p=3,g=0]",V4_1_SINGLE_WRITE,single_write,3,0,positive,3,plus,fermion_half_write,owner_closed,CLOSED_WRITE,STABLE_MATTER_CANDIDATE,3.75,zero_contact,route_contact,route_contact,0,3.75,3.828125,0.478515625,3.349609375,yes,,MATTER_ROW_ALLOWED_AFTER_SURFACE_GATE,
QP093A-0008,stable_matter_rows,"minus_single_write[p=3,g=0]",V4_1_SINGLE_WRITE,single_write,3,0,negative,3,minus,fermion_half_write,owner_closed,CLOSED_WRITE,STABLE_MATTER_CANDIDATE,4.5,zero_contact,route_contact,route_contact,0,4.5,4.59375,0.57421875,4.01953125,yes,,MATTER_ROW_ALLOWED_AFTER_SURFACE_GATE,
QP093A-0009,stable_matter_rows,"neutral_single_write[p=3,g=0]",OUTER_BINARY_NEUTRAL,outer_binary_neutral,3,0,neutral,0,neutral,fermion_half_write,owner_closed,CLOSED_WRITE,STABLE_NEUTRAL_CANDIDATE,0.375,zero_contact,route_contact,route_contact,0,0.375,0.375,0.046875,0.328125,yes,,MATTER_ROW_ALLOWED_AFTER_SURFACE_GATE,
QP093A-0010,stable_matter_rows,"plus_single_write[p=4,g=0]",V4_1_SINGLE_WRITE,single_write,4,0,positive,4,plus,fermion_half_write,owner_closed,CLOSED_WRITE,STABLE_MATTER_CANDIDATE,5,zero_contact,route_contact,route_contact,0,5,5.138888889,0.642361111,4.496527778,yes,,MATTER_ROW_ALLOWED_AFTER_SURFACE_GATE,
QP093A-0011,stable_matter_rows,"minus_single_write[p=4,g=0]",V4_1_SINGLE_WRITE,single_write,4,0,negative,4,minus,fermion_half_write,owner_closed,CLOSED_WRITE,STABLE_MATTER_CANDIDATE,6,zero_contact,route_contact,route_contact,0,6,6.166666667,0.770833333,5.395833333,yes,,MATTER_ROW_ALLOWED_AFTER_SURFACE_GATE,
QP093A-0012,stable_matter_rows,"neutral_single_write[p=4,g=0]",OUTER_BINARY_NEUTRAL,outer_binary_neutral,4,0,neutral,0,neutral,fermion_half_write,owner_closed,CLOSED_WRITE,STABLE_NEUTRAL_CANDIDATE,0.5,zero_contact,route_contact,route_contact,0,0.5,0.5,0.0625,0.4375,yes,,MATTER_ROW_ALLOWED_AFTER_SURFACE_GATE,
QP093A-0013,stable_matter_rows,"plus_single_write[p=6,g=0]",V4_1_SINGLE_WRITE,single_write,6,0,positive,6,plus,fermion_half_write,owner_closed,CLOSED_WRITE,STABLE_MATTER_CANDIDATE,7.5,zero_contact,route_contact,route_contact,0,7.5,7.8125,0.9765625,6.8359375,yes,,MATTER_ROW_ALLOWED_AFTER_SURFACE_GATE,
QP093A-0014,stable_matter_rows,"minus_single_write[p=6,g=0]",V4_1_SINGLE_WRITE,single_write,6,0,negative,6,minus,fermion_half_write,owner_closed,CLOSED_WRITE,STABLE_MATTER_CANDIDATE,9,zero_contact,route_contact,route_contact,0,9,9.375,1.171875,8.203125,yes,,MATTER_ROW_ALLOWED_AFTER_SURFACE_GATE,
QP093A-0015,stable_matter_rows,"neutral_single_write[p=6,g=0]",OUTER_BINARY_NEUTRAL,outer_binary_neutral,6,0,neutral,0,neutral,fermion_half_write,owner_closed,CLOSED_WRITE,STABLE_NEUTRAL_CANDIDATE,0.75,zero_contact,route_contact,route_contact,0,0.75,0.75,0.09375,0.65625,yes,,MATTER_ROW_ALLOWED_AFTER_SURFACE_GATE,
QP093A-0016,stable_matter_rows,"plus_single_write[p=8,g=0]",V4_1_SINGLE_WRITE,single_write,8,0,positive,8,plus,fermion_half_write,owner_closed,CLOSED_WRITE,STABLE_MATTER_CANDIDATE,10,zero_contact,route_contact,route_contact,0,10,10.55555556,1.319444444,9.236111111,yes,,MATTER_ROW_ALLOWED_AFTER_SURFACE_GATE,
QP093A-0017,stable_matter_rows,"minus_single_write[p=8,g=0]",V4_1_SINGLE_WRITE,single_write,8,0,negative,8,minus,fermion_half_write,owner_closed,CLOSED_WRITE,STABLE_MATTER_CANDIDATE,12,zero_contact,route_contact,route_contact,0,12,12.66666667,1.583333333,11.08333333,yes,,MATTER_ROW_ALLOWED_AFTER_SURFACE_GATE,
QP093A-0018,stable_matter_rows,"neutral_single_write[p=8,g=0]",OUTER_BINARY_NEUTRAL,outer_binary_neutral,8,0,neutral,0,neutral,fermion_half_write,owner_closed,CLOSED_WRITE,STABLE_NEUTRAL_CANDIDATE,1,zero_contact,route_contact,route_contact,0,1,1,0.125,0.875,yes,,MATTER_ROW_ALLOWED_AFTER_SURFACE_GATE,
QP093A-0019,stable_matter_rows,"plus_single_write[p=9,g=0]",V4_1_SINGLE_WRITE,single_write,9,0,positive,9,plus,fermion_half_write,owner_closed,CLOSED_WRITE,STABLE_MATTER_CANDIDATE,11.25,zero_contact,route_contact,route_contact,0,11.25,11.953125,1.494140625,10.45898438,yes,,MATTER_ROW_ALLOWED_AFTER_SURFACE_GATE,
QP093A-0020,stable_matter_rows,"minus_single_write[p=9,g=0]",V4_1_SINGLE_WRITE,single_write,9,0,negative,9,minus,fermion_half_write,owner_closed,CLOSED_WRITE,STABLE_MATTER_CANDIDATE,13.5,zero_contact,route_contact,route_contact,0,13.5,14.34375,1.79296875,12.55078125,yes,,MATTER_ROW_ALLOWED_AFTER_SURFACE_GATE,
QP093A-0021,stable_matter_rows,"neutral_single_write[p=9,g=0]",OUTER_BINARY_NEUTRAL,outer_binary_neutral,9,0,neutral,0,neutral,fermion_half_write,owner_closed,CLOSED_WRITE,STABLE_NEUTRAL_CANDIDATE,1.125,zero_contact,route_contact,route_contact,0,1.125,1.125,0.140625,0.984375,yes,,MATTER_ROW_ALLOWED_AFTER_SURFACE_GATE,
QP093A-0022,stable_matter_rows,"plus_single_write[p=12,g=0]",V4_1_SINGLE_WRITE,single_write,12,0,positive,12,plus,fermion_half_write,owner_closed,CLOSED_WRITE,STABLE_MATTER_CANDIDATE,15,zero_contact,route_contact,route_contact,0,15,16.25,2.03125,14.21875,yes,,MATTER_ROW_ALLOWED_AFTER_SURFACE_GATE,
QP093A-0023,stable_matter_rows,"minus_single_write[p=12,g=0]",V4_1_SINGLE_WRITE,single_write,12,0,negative,12,minus,fermion_half_write,owner_closed,CLOSED_WRITE,STABLE_MATTER_CANDIDATE,18,zero_contact,route_contact,route_contact,0,18,19.5,2.4375,17.0625,yes,,MATTER_ROW_ALLOWED_AFTER_SURFACE_GATE,
QP093A-0024,stable_matter_rows,"neutral_single_write[p=12,g=0]",OUTER_BINARY_NEUTRAL,outer_binary_neutral,12,0,neutral,0,neutral,fermion_half_write,owner_closed,CLOSED_WRITE,STABLE_NEUTRAL_CANDIDATE,1.5,zero_contact,route_contact,route_contact,0,1.5,1.5,0.1875,1.3125,yes,,MATTER_ROW_ALLOWED_AFTER_SURFACE_GATE,
QP093A-0025,stable_matter_rows,"plus_single_write[p=1,g=1]",V4_1_SINGLE_WRITE,single_write,1,1,positive,1,plus,fermion_half_write,owner_closed,CLOSED_WRITE,STABLE_MATTER_CANDIDATE,15,zero_contact,route_contact,route_contact,0,15,15.10416667,1.888020833,13.21614583,yes,,MATTER_ROW_ALLOWED_AFTER_SURFACE_GATE,
QP093A-0026,stable_matter_rows,"minus_single_write[p=1,g=1]",V4_1_SINGLE_WRITE,single_write,1,1,negative,1,minus,fermion_half_write,owner_closed,CLOSED_WRITE,STABLE_MATTER_CANDIDATE,18,zero_contact,route_contact,route_contact,0,18,18.125,2.265625,15.859375,yes,,MATTER_ROW_ALLOWED_AFTER_SURFACE_GATE,
QP093A-0027,stable_matter_rows,"neutral_single_write[p=1,g=1]",OUTER_BINARY_NEUTRAL,outer_binary_neutral,1,1,neutral,0,neutral,fermion_half_write,owner_closed,CLOSED_WRITE,STABLE_NEUTRAL_CANDIDATE,1.5,zero_contact,route_contact,route_contact,0,1.5,1.5,0.1875,1.3125,yes,,MATTER_ROW_ALLOWED_AFTER_SURFACE_GATE,
QP093A-0028,stable_matter_rows,"plus_single_write[p=2,g=1]",V4_1_SINGLE_WRITE,single_write,2,1,positive,2,plus,fermion_half_write,owner_closed,CLOSED_WRITE,STABLE_MATTER_CANDIDATE,30,zero_contact,route_contact,route_contact,0,30,30.41666667,3.802083333,26.61458333,yes,,MATTER_ROW_ALLOWED_AFTER_SURFACE_GATE,
QP093A-0029,stable_matter_rows,"minus_single_write[p=2,g=1]",V4_1_SINGLE_WRITE,single_write,2,1,negative,2,minus,fermion_half_write,owner_closed,CLOSED_WRITE,STABLE_MATTER_CANDIDATE,36,zero_contact,route_contact,route_contact,0,36,36.5,4.5625,31.9375,yes,,MATTER_ROW_ALLOWED_AFTER_SURFACE_GATE,
QP093A-0030,stable_matter_rows,"neutral_single_write[p=2,g=1]",OUTER_BINARY_NEUTRAL,outer_binary_neutral,2,1,neutral,0,neutral,fermion_half_write,owner_closed,CLOSED_WRITE,STABLE_NEUTRAL_CANDIDATE,3,zero_contact,route_contact,route_contact,0,3,3,0.375,2.625,yes,,MATTER_ROW_ALLOWED_AFTER_SURFACE_GATE,
QP093A-0031,stable_matter_rows,"plus_single_write[p=3,g=1]",V4_1_SINGLE_WRITE,single_write,3,1,positive,3,plus,fermion_half_write,owner_closed,CLOSED_WRITE,STABLE_MATTER_CANDIDATE,45,zero_contact,route_contact,route_contact,0,45,45.9375,5.7421875,40.1953125,yes,,MATTER_ROW_ALLOWED_AFTER_SURFACE_GATE,
QP093A-0032,stable_matter_rows,"minus_single_write[p=3,g=1]",V4_1_SINGLE_WRITE,single_write,3,1,negative,3,minus,fermion_half_write,owner_closed,CLOSED_WRITE,STABLE_MATTER_CANDIDATE,54,zero_contact,route_contact,route_contact,0,54,55.125,6.890625,48.234375,yes,,MATTER_ROW_ALLOWED_AFTER_SURFACE_GATE,
QP093A-0033,stable_matter_rows,"neutral_single_write[p=3,g=1]",OUTER_BINARY_NEUTRAL,outer_binary_neutral,3,1,neutral,0,neutral,fermion_half_write,owner_closed,CLOSED_WRITE,STABLE_NEUTRAL_CANDIDATE,4.5,zero_contact,route_contact,route_contact,0,4.5,4.5,0.5625,3.9375,yes,,MATTER_ROW_ALLOWED_AFTER_SURFACE_GATE,
QP093A-0034,stable_matter_rows,"plus_single_write[p=4,g=1]",V4_1_SINGLE_WRITE,single_write,4,1,positive,4,plus,fermion_half_write,owner_closed,CLOSED_WRITE,STABLE_MATTER_CANDIDATE,60,zero_contact,route_contact,route_contact,0,60,61.66666667,7.708333333,53.95833333,yes,,MATTER_ROW_ALLOWED_AFTER_SURFACE_GATE,
QP093A-0035,stable_matter_rows,"minus_single_write[p=4,g=1]",V4_1_SINGLE_WRITE,single_write,4,1,negative,4,minus,fermion_half_write,owner_closed,CLOSED_WRITE,STABLE_MATTER_CANDIDATE,72,zero_contact,route_contact,route_contact,0,72,74,9.25,64.75,yes,,MATTER_ROW_ALLOWED_AFTER_SURFACE_GATE,
QP093A-0036,stable_matter_rows,"neutral_single_write[p=4,g=1]",OUTER_BINARY_NEUTRAL,outer_binary_neutral,4,1,neutral,0,neutral,fermion_half_write,owner_closed,CLOSED_WRITE,STABLE_NEUTRAL_CANDIDATE,6,zero_contact,route_contact,route_contact,0,6,6,0.75,5.25,yes,,MATTER_ROW_ALLOWED_AFTER_SURFACE_GATE,
QP093A-0037,stable_matter_rows,"plus_single_write[p=6,g=1]",V4_1_SINGLE_WRITE,single_write,6,1,positive,6,plus,fermion_half_write,owner_closed,CLOSED_WRITE,STABLE_MATTER_CANDIDATE,90,zero_contact,route_contact,route_contact,0,90,93.75,11.71875,82.03125,yes,,MATTER_ROW_ALLOWED_AFTER_SURFACE_GATE,
QP093A-0038,stable_matter_rows,"minus_single_write[p=6,g=1]",V4_1_SINGLE_WRITE,single_write,6,1,negative,6,minus,fermion_half_write,owner_closed,CLOSED_WRITE,STABLE_MATTER_CANDIDATE,108,zero_contact,route_contact,route_contact,0,108,112.5,14.0625,98.4375,yes,,MATTER_ROW_ALLOWED_AFTER_SURFACE_GATE,
QP093A-0039,stable_matter_rows,"neutral_single_write[p=6,g=1]",OUTER_BINARY_NEUTRAL,outer_binary_neutral,6,1,neutral,0,neutral,fermion_half_write,owner_closed,CLOSED_WRITE,STABLE_NEUTRAL_CANDIDATE,9,zero_contact,route_contact,route_contact,0,9,9,1.125,7.875,yes,,MATTER_ROW_ALLOWED_AFTER_SURFACE_GATE,
QP093A-0040,stable_matter_rows,"plus_single_write[p=8,g=1]",V4_1_SINGLE_WRITE,single_write,8,1,positive,8,plus,fermion_half_write,owner_closed,CLOSED_WRITE,STABLE_MATTER_CANDIDATE,120,zero_contact,route_contact,route_contact,0,120,126.6666667,15.83333333,110.8333333,yes,,MATTER_ROW_ALLOWED_AFTER_SURFACE_GATE,
QP093A-0041,stable_matter_rows,"minus_single_write[p=8,g=1]",V4_1_SINGLE_WRITE,single_write,8,1,negative,8,minus,fermion_half_write,owner_closed,CLOSED_WRITE,STABLE_MATTER_CANDIDATE,144,zero_contact,route_contact,route_contact,0,144,152,19,133,yes,,MATTER_ROW_ALLOWED_AFTER_SURFACE_GATE,
QP093A-0042,stable_matter_rows,"neutral_single_write[p=8,g=1]",OUTER_BINARY_NEUTRAL,outer_binary_neutral,8,1,neutral,0,neutral,fermion_half_write,owner_closed,CLOSED_WRITE,STABLE_NEUTRAL_CANDIDATE,12,zero_contact,route_contact,route_contact,0,12,12,1.5,10.5,yes,,MATTER_ROW_ALLOWED_AFTER_SURFACE_GATE,
QP093A-0043,stable_matter_rows,"plus_single_write[p=9,g=1]",V4_1_SINGLE_WRITE,single_write,9,1,positive,9,plus,fermion_half_write,owner_closed,CLOSED_WRITE,STABLE_MATTER_CANDIDATE,135,zero_contact,route_contact,route_contact,0,135,143.4375,17.9296875,125.5078125,yes,,MATTER_ROW_ALLOWED_AFTER_SURFACE_GATE,
QP093A-0044,stable_matter_rows,"minus_single_write[p=9,g=1]",V4_1_SINGLE_WRITE,single_write,9,1,negative,9,minus,fermion_half_write,owner_closed,CLOSED_WRITE,STABLE_MATTER_CANDIDATE,162,zero_contact,route_contact,route_contact,0,162,172.125,21.515625,150.609375,yes,,MATTER_ROW_ALLOWED_AFTER_SURFACE_GATE,
QP093A-0045,stable_matter_rows,"neutral_single_write[p=9,g=1]",OUTER_BINARY_NEUTRAL,outer_binary_neutral,9,1,neutral,0,neutral,fermion_half_write,owner_closed,CLOSED_WRITE,STABLE_NEUTRAL_CANDIDATE,13.5,zero_contact,route_contact,route_contact,0,13.5,13.5,1.6875,11.8125,yes,,MATTER_ROW_ALLOWED_AFTER_SURFACE_GATE,
QP093A-0046,stable_matter_rows,"plus_single_write[p=12,g=1]",V4_1_SINGLE_WRITE,single_write,12,1,positive,12,plus,fermion_half_write,owner_closed,CLOSED_WRITE,STABLE_MATTER_CANDIDATE,180,zero_contact,route_contact,route_contact,0,180,195,24.375,170.625,yes,,MATTER_ROW_ALLOWED_AFTER_SURFACE_GATE,
QP093A-0047,stable_matter_rows,"minus_single_write[p=12,g=1]",V4_1_SINGLE_WRITE,single_write,12,1,negative,12,minus,fermion_half_write,owner_closed,CLOSED_WRITE,STABLE_MATTER_CANDIDATE,216,zero_contact,route_contact,route_contact,0,216,234,29.25,204.75,yes,,MATTER_ROW_ALLOWED_AFTER_SURFACE_GATE,
QP093A-0048,stable_matter_rows,"neutral_single_write[p=12,g=1]",OUTER_BINARY_NEUTRAL,outer_binary_neutral,12,1,neutral,0,neutral,fermion_half_write,owner_closed,CLOSED_WRITE,STABLE_NEUTRAL_CANDIDATE,18,zero_contact,route_contact,route_contact,0,18,18,2.25,15.75,yes,,MATTER_ROW_ALLOWED_AFTER_SURFACE_GATE,
QP093A-0049,stable_matter_rows,"plus_single_write[p=1,g=2]",V4_1_SINGLE_WRITE,single_write,1,2,positive,1,plus,fermion_half_write,owner_closed,CLOSED_WRITE,STABLE_MATTER_CANDIDATE,180,zero_contact,route_contact,route_contact,0,180,181.25,22.65625,158.59375,yes,,MATTER_ROW_ALLOWED_AFTER_SURFACE_GATE,
QP093A-0050,stable_matter_rows,"minus_single_write[p=1,g=2]",V4_1_SINGLE_WRITE,single_write,1,2,negative,1,minus,fermion_half_write,owner_closed,CLOSED_WRITE,STABLE_MATTER_CANDIDATE,216,zero_contact,route_contact,route_contact,0,216,217.5,27.1875,190.3125,yes,,MATTER_ROW_ALLOWED_AFTER_SURFACE_GATE,
QP093A-0051,stable_matter_rows,"neutral_single_write[p=1,g=2]",OUTER_BINARY_NEUTRAL,outer_binary_neutral,1,2,neutral,0,neutral,fermion_half_write,owner_closed,CLOSED_WRITE,STABLE_NEUTRAL_CANDIDATE,18,zero_contact,route_contact,route_contact,0,18,18,2.25,15.75,yes,,MATTER_ROW_ALLOWED_AFTER_SURFACE_GATE,
QP093A-0052,stable_matter_rows,"plus_single_write[p=2,g=2]",V4_1_SINGLE_WRITE,single_write,2,2,positive,2,plus,fermion_half_write,owner_closed,CLOSED_WRITE,STABLE_MATTER_CANDIDATE,360,zero_contact,route_contact,route_contact,0,360,365,45.625,319.375,yes,,MATTER_ROW_ALLOWED_AFTER_SURFACE_GATE,
QP093A-0053,stable_matter_rows,"minus_single_write[p=2,g=2]",V4_1_SINGLE_WRITE,single_write,2,2,negative,2,minus,fermion_half_write,owner_closed,CLOSED_WRITE,STABLE_MATTER_CANDIDATE,432,zero_contact,route_contact,route_contact,0,432,438,54.75,383.25,yes,,MATTER_ROW_ALLOWED_AFTER_SURFACE_GATE,
QP093A-0054,stable_matter_rows,"neutral_single_write[p=2,g=2]",OUTER_BINARY_NEUTRAL,outer_binary_neutral,2,2,neutral,0,neutral,fermion_half_write,owner_closed,CLOSED_WRITE,STABLE_NEUTRAL_CANDIDATE,36,zero_contact,route_contact,route_contact,0,36,36,4.5,31.5,yes,,MATTER_ROW_ALLOWED_AFTER_SURFACE_GATE,
QP093A-0055,stable_matter_rows,"plus_single_write[p=3,g=2]",V4_1_SINGLE_WRITE,single_write,3,2,positive,3,plus,fermion_half_write,owner_closed,CLOSED_WRITE,STABLE_MATTER_CANDIDATE,540,zero_contact,route_contact,route_contact,0,540,551.25,68.90625,482.34375,yes,,MATTER_ROW_ALLOWED_AFTER_SURFACE_GATE,
QP093A-0056,stable_matter_rows,"minus_single_write[p=3,g=2]",V4_1_SINGLE_WRITE,single_write,3,2,negative,3,minus,fermion_half_write,owner_closed,CLOSED_WRITE,STABLE_MATTER_CANDIDATE,648,zero_contact,route_contact,route_contact,0,648,661.5,82.6875,578.8125,yes,,MATTER_ROW_ALLOWED_AFTER_SURFACE_GATE,
QP093A-0057,stable_matter_rows,"neutral_single_write[p=3,g=2]",OUTER_BINARY_NEUTRAL,outer_binary_neutral,3,2,neutral,0,neutral,fermion_half_write,owner_closed,CLOSED_WRITE,STABLE_NEUTRAL_CANDIDATE,54,zero_contact,route_contact,route_contact,0,54,54,6.75,47.25,yes,,MATTER_ROW_ALLOWED_AFTER_SURFACE_GATE,
QP093A-0058,stable_matter_rows,"plus_single_write[p=4,g=2]",V4_1_SINGLE_WRITE,single_write,4,2,positive,4,plus,fermion_half_write,owner_closed,CLOSED_WRITE,STABLE_MATTER_CANDIDATE,720,zero_contact,route_contact,route_contact,0,720,740,92.5,647.5,yes,,MATTER_ROW_ALLOWED_AFTER_SURFACE_GATE,
QP093A-0059,stable_matter_rows,"minus_single_write[p=4,g=2]",V4_1_SINGLE_WRITE,single_write,4,2,negative,4,minus,fermion_half_write,owner_closed,CLOSED_WRITE,STABLE_MATTER_CANDIDATE,864,zero_contact,route_contact,route_contact,0,864,888,111,777,yes,,MATTER_ROW_ALLOWED_AFTER_SURFACE_GATE,
QP093A-0060,stable_matter_rows,"neutral_single_write[p=4,g=2]",OUTER_BINARY_NEUTRAL,outer_binary_neutral,4,2,neutral,0,neutral,fermion_half_write,owner_closed,CLOSED_WRITE,STABLE_NEUTRAL_CANDIDATE,72,zero_contact,route_contact,route_contact,0,72,72,9,63,yes,,MATTER_ROW_ALLOWED_AFTER_SURFACE_GATE,
QP093A-0061,stable_matter_rows,"plus_single_write[p=6,g=2]",V4_1_SINGLE_WRITE,single_write,6,2,positive,6,plus,fermion_half_write,owner_closed,CLOSED_WRITE,STABLE_MATTER_CANDIDATE,1080,zero_contact,route_contact,route_contact,0,1080,1125,140.625,984.375,yes,,MATTER_ROW_ALLOWED_AFTER_SURFACE_GATE,
QP093A-0062,stable_matter_rows,"minus_single_write[p=6,g=2]",V4_1_SINGLE_WRITE,single_write,6,2,negative,6,minus,fermion_half_write,owner_closed,CLOSED_WRITE,STABLE_MATTER_CANDIDATE,1296,zero_contact,route_contact,route_contact,0,1296,1350,168.75,1181.25,yes,,MATTER_ROW_ALLOWED_AFTER_SURFACE_GATE,
QP093A-0063,stable_matter_rows,"neutral_single_write[p=6,g=2]",OUTER_BINARY_NEUTRAL,outer_binary_neutral,6,2,neutral,0,neutral,fermion_half_write,owner_closed,CLOSED_WRITE,STABLE_NEUTRAL_CANDIDATE,108,zero_contact,route_contact,route_contact,0,108,108,13.5,94.5,yes,,MATTER_ROW_ALLOWED_AFTER_SURFACE_GATE,
QP093A-0064,unstable_resonance_rows,"plus_single_write[p=8,g=2]",V4_1_SINGLE_WRITE,single_write,8,2,positive,8,plus,fermion_half_write,owner_closed,CLOSED_WRITE,UNSTABLE_HEAVY_WRITE_CANDIDATE,1440,zero_contact,route_contact,route_contact,0,1440,1520,190,1330,yes,,MATTER_ROW_ALLOWED_AFTER_SURFACE_GATE,
QP093A-0065,unstable_resonance_rows,"minus_single_write[p=8,g=2]",V4_1_SINGLE_WRITE,single_write,8,2,negative,8,minus,fermion_half_write,owner_closed,CLOSED_WRITE,UNSTABLE_HEAVY_WRITE_CANDIDATE,1728,zero_contact,route_contact,route_contact,0,1728,1824,228,1596,yes,,MATTER_ROW_ALLOWED_AFTER_SURFACE_GATE,
QP093A-0066,unstable_resonance_rows,"neutral_single_write[p=8,g=2]",OUTER_BINARY_NEUTRAL,outer_binary_neutral,8,2,neutral,0,neutral,fermion_half_write,owner_closed,CLOSED_WRITE,UNSTABLE_HEAVY_WRITE_CANDIDATE,144,zero_contact,route_contact,route_contact,0,144,144,18,126,yes,,MATTER_ROW_ALLOWED_AFTER_SURFACE_GATE,
QP093A-0067,unstable_resonance_rows,"plus_single_write[p=9,g=2]",V4_1_SINGLE_WRITE,single_write,9,2,positive,9,plus,fermion_half_write,owner_closed,CLOSED_WRITE,UNSTABLE_HEAVY_WRITE_CANDIDATE,1620,zero_contact,route_contact,route_contact,0,1620,1721.25,215.15625,1506.09375,yes,,MATTER_ROW_ALLOWED_AFTER_SURFACE_GATE,
QP093A-0068,unstable_resonance_rows,"minus_single_write[p=9,g=2]",V4_1_SINGLE_WRITE,single_write,9,2,negative,9,minus,fermion_half_write,owner_closed,CLOSED_WRITE,UNSTABLE_HEAVY_WRITE_CANDIDATE,1944,zero_contact,route_contact,route_contact,0,1944,2065.5,258.1875,1807.3125,yes,,MATTER_ROW_ALLOWED_AFTER_SURFACE_GATE,
QP093A-0069,unstable_resonance_rows,"neutral_single_write[p=9,g=2]",OUTER_BINARY_NEUTRAL,outer_binary_neutral,9,2,neutral,0,neutral,fermion_half_write,owner_closed,CLOSED_WRITE,UNSTABLE_HEAVY_WRITE_CANDIDATE,162,zero_contact,route_contact,route_contact,0,162,162,20.25,141.75,yes,,MATTER_ROW_ALLOWED_AFTER_SURFACE_GATE,
QP093A-0070,unstable_resonance_rows,"plus_single_write[p=12,g=2]",V4_1_SINGLE_WRITE,single_write,12,2,positive,12,plus,fermion_half_write,owner_closed,CLOSED_WRITE,UNSTABLE_HEAVY_WRITE_CANDIDATE,2160,zero_contact,route_contact,route_contact,0,2160,2340,292.5,2047.5,yes,,MATTER_ROW_ALLOWED_AFTER_SURFACE_GATE,
QP093A-0071,unstable_resonance_rows,"minus_single_write[p=12,g=2]",V4_1_SINGLE_WRITE,single_write,12,2,negative,12,minus,fermion_half_write,owner_closed,CLOSED_WRITE,UNSTABLE_HEAVY_WRITE_CANDIDATE,2592,zero_contact,route_contact,route_contact,0,2592,2808,351,2457,yes,,MATTER_ROW_ALLOWED_AFTER_SURFACE_GATE,
QP093A-0072,unstable_resonance_rows,"neutral_single_write[p=12,g=2]",OUTER_BINARY_NEUTRAL,outer_binary_neutral,12,2,neutral,0,neutral,fermion_half_write,owner_closed,CLOSED_WRITE,UNSTABLE_HEAVY_WRITE_CANDIDATE,216,zero_contact,route_contact,route_contact,0,216,216,27,189,yes,,MATTER_ROW_ALLOWED_AFTER_SURFACE_GATE,
QP093A-0073,antimatter_conjugate_rows,"anti(plus_single_write[p=1,g=0])",V4_1_SINGLE_WRITE,conjugate_single_write,1,0,negative,1,conjugate_axis,fermion_half_write,owner_closed_conjugate,CLOSED_CONJUGATE_WRITE,ANTIMATTER_STABLE_CONJUGATE,1.25,negative_credit,depth=0,V4_1_SINGLE_WRITE|depth=0|q_abs=1,-0.104166667,1.354166667,1.363570602,0.170446325,1.193124277,yes,,ANTIMATTER_ROW_ALLOWED_AFTER_SURFACE_GATE,
QP093A-0074,antimatter_conjugate_rows,"anti(minus_single_write[p=1,g=0])",V4_1_SINGLE_WRITE,conjugate_single_write,1,0,positive,1,conjugate_axis,fermion_half_write,owner_closed_conjugate,CLOSED_CONJUGATE_WRITE,ANTIMATTER_STABLE_CONJUGATE,1.5,positive_debit,depth=0,V4_1_SINGLE_WRITE|depth=0|q_abs=1,0.125,1.375,1.384548611,0.173068576,1.211480035,yes,,ANTIMATTER_ROW_ALLOWED_AFTER_SURFACE_GATE,
QP093A-0075,antimatter_conjugate_rows,"anti(plus_single_write[p=2,g=0])",V4_1_SINGLE_WRITE,conjugate_single_write,2,0,negative,2,conjugate_axis,fermion_half_write,owner_closed_conjugate,CLOSED_CONJUGATE_WRITE,ANTIMATTER_STABLE_CONJUGATE,2.5,negative_credit,depth=0,V4_1_SINGLE_WRITE|depth=0|q_abs=2,-0.416666667,2.916666667,2.957175926,0.369646991,2.587528935,yes,,ANTIMATTER_ROW_ALLOWED_AFTER_SURFACE_GATE,
QP093A-0076,antimatter_conjugate_rows,"anti(minus_single_write[p=2,g=0])",V4_1_SINGLE_WRITE,conjugate_single_write,2,0,positive,2,conjugate_axis,fermion_half_write,owner_closed_conjugate,CLOSED_CONJUGATE_WRITE,ANTIMATTER_STABLE_CONJUGATE,3,positive_debit,depth=0,V4_1_SINGLE_WRITE|depth=0|q_abs=2,0.5,2.5,2.534722222,0.316840278,2.217881944,yes,,ANTIMATTER_ROW_ALLOWED_AFTER_SURFACE_GATE,
QP093A-0077,antimatter_conjugate_rows,"anti(plus_single_write[p=3,g=0])",V4_1_SINGLE_WRITE,conjugate_single_write,3,0,negative,3,conjugate_axis,fermion_half_write,owner_closed_conjugate,CLOSED_CONJUGATE_WRITE,ANTIMATTER_STABLE_CONJUGATE,3.75,negative_credit,depth=0,V4_1_SINGLE_WRITE|depth=0|q_abs=3,-0.9375,4.6875,4.78515625,0.598144531,4.187011719,yes,,ANTIMATTER_ROW_ALLOWED_AFTER_SURFACE_GATE,
QP093A-0078,antimatter_conjugate_rows,"anti(minus_single_write[p=3,g=0])",V4_1_SINGLE_WRITE,conjugate_single_write,3,0,positive,3,conjugate_axis,fermion_half_write,owner_closed_conjugate,CLOSED_CONJUGATE_WRITE,ANTIMATTER_STABLE_CONJUGATE,4.5,positive_debit,depth=0,V4_1_SINGLE_WRITE|depth=0|q_abs=3,1.125,3.375,3.4453125,0.430664062,3.014648437,yes,,ANTIMATTER_ROW_ALLOWED_AFTER_SURFACE_GATE,
QP093A-0079,antimatter_conjugate_rows,"anti(plus_single_write[p=4,g=0])",V4_1_SINGLE_WRITE,conjugate_single_write,4,0,negative,4,conjugate_axis,fermion_half_write,owner_closed_conjugate,CLOSED_CONJUGATE_WRITE,ANTIMATTER_STABLE_CONJUGATE,5,negative_credit,depth=0,V4_1_SINGLE_WRITE|depth=0|q_abs=4,-1.666666667,6.666666667,6.851851852,0.856481481,5.99537037,yes,,ANTIMATTER_ROW_ALLOWED_AFTER_SURFACE_GATE,
QP093A-0080,antimatter_conjugate_rows,"anti(minus_single_write[p=4,g=0])",V4_1_SINGLE_WRITE,conjugate_single_write,4,0,positive,4,conjugate_axis,fermion_half_write,owner_closed_conjugate,CLOSED_CONJUGATE_WRITE,ANTIMATTER_STABLE_CONJUGATE,6,positive_debit,depth=0,V4_1_SINGLE_WRITE|depth=0|q_abs=4,2,4,4.111111111,0.513888889,3.597222222,yes,,ANTIMATTER_ROW_ALLOWED_AFTER_SURFACE_GATE,
QP093A-0081,antimatter_conjugate_rows,"anti(plus_single_write[p=6,g=0])",V4_1_SINGLE_WRITE,conjugate_single_write,6,0,negative,6,conjugate_axis,fermion_half_write,owner_closed_conjugate,CLOSED_CONJUGATE_WRITE,ANTIMATTER_STABLE_CONJUGATE,7.5,negative_credit,depth=0,V4_1_SINGLE_WRITE|depth=0|q_abs=6,-3.75,11.25,11.71875,1.46484375,10.25390625,yes,,ANTIMATTER_ROW_ALLOWED_AFTER_SURFACE_GATE,
QP093A-0082,antimatter_conjugate_rows,"anti(minus_single_write[p=6,g=0])",V4_1_SINGLE_WRITE,conjugate_single_write,6,0,positive,6,conjugate_axis,fermion_half_write,owner_closed_conjugate,CLOSED_CONJUGATE_WRITE,ANTIMATTER_STABLE_CONJUGATE,9,positive_debit,depth=0,V4_1_SINGLE_WRITE|depth=0|q_abs=6,4.5,4.5,4.6875,0.5859375,4.1015625,yes,,ANTIMATTER_ROW_ALLOWED_AFTER_SURFACE_GATE,
QP093A-0083,antimatter_conjugate_rows,"anti(plus_single_write[p=8,g=0])",V4_1_SINGLE_WRITE,conjugate_single_write,8,0,negative,8,conjugate_axis,fermion_half_write,owner_closed_conjugate,CLOSED_CONJUGATE_WRITE,ANTIMATTER_STABLE_CONJUGATE,10,negative_credit,depth=0,V4_1_SINGLE_WRITE|depth=0|q_abs=8,-6.666666667,16.66666667,17.59259259,2.199074074,15.39351852,yes,,ANTIMATTER_ROW_ALLOWED_AFTER_SURFACE_GATE,
QP093A-0084,antimatter_conjugate_rows,"anti(minus_single_write[p=8,g=0])",V4_1_SINGLE_WRITE,conjugate_single_write,8,0,positive,8,conjugate_axis,fermion_half_write,owner_closed_conjugate,CLOSED_CONJUGATE_WRITE,ANTIMATTER_STABLE_CONJUGATE,12,positive_debit,depth=0,V4_1_SINGLE_WRITE|depth=0|q_abs=8,8,4,4.222222222,0.527777778,3.694444444,yes,,ANTIMATTER_ROW_ALLOWED_AFTER_SURFACE_GATE,
QP093A-0085,antimatter_conjugate_rows,"anti(plus_single_write[p=9,g=0])",V4_1_SINGLE_WRITE,conjugate_single_write,9,0,negative,9,conjugate_axis,fermion_half_write,owner_closed_conjugate,CLOSED_CONJUGATE_WRITE,ANTIMATTER_STABLE_CONJUGATE,11.25,negative_credit,depth=0,V4_1_SINGLE_WRITE|depth=0|q_abs=9,-8.4375,19.6875,20.91796875,2.614746094,18.30322266,yes,,ANTIMATTER_ROW_ALLOWED_AFTER_SURFACE_GATE,
QP093A-0086,antimatter_conjugate_rows,"anti(minus_single_write[p=9,g=0])",V4_1_SINGLE_WRITE,conjugate_single_write,9,0,positive,9,conjugate_axis,fermion_half_write,owner_closed_conjugate,CLOSED_CONJUGATE_WRITE,ANTIMATTER_STABLE_CONJUGATE,13.5,positive_debit,depth=0,V4_1_SINGLE_WRITE|depth=0|q_abs=9,10.125,3.375,3.5859375,0.448242188,3.137695313,yes,,ANTIMATTER_ROW_ALLOWED_AFTER_SURFACE_GATE,
QP093A-0087,antimatter_conjugate_rows,"anti(plus_single_write[p=12,g=0])",V4_1_SINGLE_WRITE,conjugate_single_write,12,0,negative,12,conjugate_axis,fermion_half_write,owner_closed_conjugate,CLOSED_CONJUGATE_WRITE,ANTIMATTER_STABLE_CONJUGATE,15,negative_credit,depth=0,V4_1_SINGLE_WRITE|depth=0|q_abs=12,-15,30,32.5,4.0625,28.4375,yes,,ANTIMATTER_ROW_ALLOWED_AFTER_SURFACE_GATE,
QP093A-0088,antimatter_conjugate_rows,"anti(minus_single_write[p=12,g=0])",V4_1_SINGLE_WRITE,conjugate_single_write,12,0,positive,12,conjugate_axis,fermion_half_write,owner_closed_conjugate,CLOSED_CONJUGATE_WRITE,ANTIMATTER_STABLE_CONJUGATE,18,positive_debit,depth=0,V4_1_SINGLE_WRITE|depth=0|q_abs=12,18,0,0,0,0,yes,,ANTIMATTER_ROW_ALLOWED_AFTER_SURFACE_GATE,
QP093A-0089,antimatter_conjugate_rows,"anti(plus_single_write[p=1,g=1])",V4_1_SINGLE_WRITE,conjugate_single_write,1,1,negative,1,conjugate_axis,fermion_half_write,owner_closed_conjugate,CLOSED_CONJUGATE_WRITE,ANTIMATTER_STABLE_CONJUGATE,15,negative_credit,depth=1,V4_1_SINGLE_WRITE|depth=1|q_abs=1,-0.104166667,15.10416667,15.20905671,1.901132089,13.30792462,yes,,ANTIMATTER_ROW_ALLOWED_AFTER_SURFACE_GATE,
QP093A-0090,antimatter_conjugate_rows,"anti(minus_single_write[p=1,g=1])",V4_1_SINGLE_WRITE,conjugate_single_write,1,1,positive,1,conjugate_axis,fermion_half_write,owner_closed_conjugate,CLOSED_CONJUGATE_WRITE,ANTIMATTER_STABLE_CONJUGATE,18,positive_debit,depth=1,V4_1_SINGLE_WRITE|depth=1|q_abs=1,0.125,17.875,17.99913194,2.249891493,15.74924045,yes,,ANTIMATTER_ROW_ALLOWED_AFTER_SURFACE_GATE,
QP093A-0091,antimatter_conjugate_rows,"anti(plus_single_write[p=2,g=1])",V4_1_SINGLE_WRITE,conjugate_single_write,2,1,negative,2,conjugate_axis,fermion_half_write,owner_closed_conjugate,CLOSED_CONJUGATE_WRITE,ANTIMATTER_STABLE_CONJUGATE,30,negative_credit,depth=1,V4_1_SINGLE_WRITE|depth=1|q_abs=2,-0.416666667,30.41666667,30.83912037,3.854890046,26.98423032,yes,,ANTIMATTER_ROW_ALLOWED_AFTER_SURFACE_GATE,
QP093A-0092,antimatter_conjugate_rows,"anti(minus_single_write[p=2,g=1])",V4_1_SINGLE_WRITE,conjugate_single_write,2,1,positive,2,conjugate_axis,fermion_half_write,owner_closed_conjugate,CLOSED_CONJUGATE_WRITE,ANTIMATTER_STABLE_CONJUGATE,36,positive_debit,depth=1,V4_1_SINGLE_WRITE|depth=1|q_abs=2,0.5,35.5,35.99305556,4.499131944,31.49392361,yes,,ANTIMATTER_ROW_ALLOWED_AFTER_SURFACE_GATE,
QP093A-0093,antimatter_conjugate_rows,"anti(plus_single_write[p=3,g=1])",V4_1_SINGLE_WRITE,conjugate_single_write,3,1,negative,3,conjugate_axis,fermion_half_write,owner_closed_conjugate,CLOSED_CONJUGATE_WRITE,ANTIMATTER_STABLE_CONJUGATE,45,negative_credit,depth=1,V4_1_SINGLE_WRITE|depth=1|q_abs=3,-0.9375,45.9375,46.89453125,5.861816406,41.03271484,yes,,ANTIMATTER_ROW_ALLOWED_AFTER_SURFACE_GATE,
QP093A-0094,antimatter_conjugate_rows,"anti(minus_single_write[p=3,g=1])",V4_1_SINGLE_WRITE,conjugate_single_write,3,1,positive,3,conjugate_axis,fermion_half_write,owner_closed_conjugate,CLOSED_CONJUGATE_WRITE,ANTIMATTER_STABLE_CONJUGATE,54,positive_debit,depth=1,V4_1_SINGLE_WRITE|depth=1|q_abs=3,1.125,52.875,53.9765625,6.747070312,47.22949219,yes,,ANTIMATTER_ROW_ALLOWED_AFTER_SURFACE_GATE,
QP093A-0095,antimatter_conjugate_rows,"anti(plus_single_write[p=4,g=1])",V4_1_SINGLE_WRITE,conjugate_single_write,4,1,negative,4,conjugate_axis,fermion_half_write,owner_closed_conjugate,CLOSED_CONJUGATE_WRITE,ANTIMATTER_STABLE_CONJUGATE,60,negative_credit,depth=1,V4_1_SINGLE_WRITE|depth=1|q_abs=4,-1.666666667,61.66666667,63.37962963,7.922453704,55.45717593,yes,,ANTIMATTER_ROW_ALLOWED_AFTER_SURFACE_GATE,
QP093A-0096,antimatter_conjugate_rows,"anti(minus_single_write[p=4,g=1])",V4_1_SINGLE_WRITE,conjugate_single_write,4,1,positive,4,conjugate_axis,fermion_half_write,owner_closed_conjugate,CLOSED_CONJUGATE_WRITE,ANTIMATTER_STABLE_CONJUGATE,72,positive_debit,depth=1,V4_1_SINGLE_WRITE|depth=1|q_abs=4,2,70,71.94444444,8.993055556,62.95138889,yes,,ANTIMATTER_ROW_ALLOWED_AFTER_SURFACE_GATE,
QP093A-0097,antimatter_conjugate_rows,"anti(plus_single_write[p=6,g=1])",V4_1_SINGLE_WRITE,conjugate_single_write,6,1,negative,6,conjugate_axis,fermion_half_write,owner_closed_conjugate,CLOSED_CONJUGATE_WRITE,ANTIMATTER_STABLE_CONJUGATE,90,negative_credit,depth=1,V4_1_SINGLE_WRITE|depth=1|q_abs=6,-3.75,93.75,97.65625,12.20703125,85.44921875,yes,,ANTIMATTER_ROW_ALLOWED_AFTER_SURFACE_GATE,
QP093A-0098,antimatter_conjugate_rows,"anti(minus_single_write[p=6,g=1])",V4_1_SINGLE_WRITE,conjugate_single_write,6,1,positive,6,conjugate_axis,fermion_half_write,owner_closed_conjugate,CLOSED_CONJUGATE_WRITE,ANTIMATTER_STABLE_CONJUGATE,108,positive_debit,depth=1,V4_1_SINGLE_WRITE|depth=1|q_abs=6,4.5,103.5,107.8125,13.4765625,94.3359375,yes,,ANTIMATTER_ROW_ALLOWED_AFTER_SURFACE_GATE,
QP093A-0099,antimatter_conjugate_rows,"anti(plus_single_write[p=8,g=1])",V4_1_SINGLE_WRITE,conjugate_single_write,8,1,negative,8,conjugate_axis,fermion_half_write,owner_closed_conjugate,CLOSED_CONJUGATE_WRITE,ANTIMATTER_STABLE_CONJUGATE,120,negative_credit,depth=1,V4_1_SINGLE_WRITE|depth=1|q_abs=8,-6.666666667,126.6666667,133.7037037,16.71296296,116.9907407,yes,,ANTIMATTER_ROW_ALLOWED_AFTER_SURFACE_GATE,
QP093A-0100,antimatter_conjugate_rows,"anti(minus_single_write[p=8,g=1])",V4_1_SINGLE_WRITE,conjugate_single_write,8,1,positive,8,conjugate_axis,fermion_half_write,owner_closed_conjugate,CLOSED_CONJUGATE_WRITE,ANTIMATTER_STABLE_CONJUGATE,144,positive_debit,depth=1,V4_1_SINGLE_WRITE|depth=1|q_abs=8,8,136,143.5555556,17.94444444,125.6111111,yes,,ANTIMATTER_ROW_ALLOWED_AFTER_SURFACE_GATE,
QP093A-0101,antimatter_conjugate_rows,"anti(plus_single_write[p=9,g=1])",V4_1_SINGLE_WRITE,conjugate_single_write,9,1,negative,9,conjugate_axis,fermion_half_write,owner_closed_conjugate,CLOSED_CONJUGATE_WRITE,ANTIMATTER_STABLE_CONJUGATE,135,negative_credit,depth=1,V4_1_SINGLE_WRITE|depth=1|q_abs=9,-8.4375,143.4375,152.4023438,19.05029297,133.3520508,yes,,ANTIMATTER_ROW_ALLOWED_AFTER_SURFACE_GATE,
QP093A-0102,antimatter_conjugate_rows,"anti(minus_single_write[p=9,g=1])",V4_1_SINGLE_WRITE,conjugate_single_write,9,1,positive,9,conjugate_axis,fermion_half_write,owner_closed_conjugate,CLOSED_CONJUGATE_WRITE,ANTIMATTER_STABLE_CONJUGATE,162,positive_debit,depth=1,V4_1_SINGLE_WRITE|depth=1|q_abs=9,10.125,151.875,161.3671875,20.17089844,141.1962891,yes,,ANTIMATTER_ROW_ALLOWED_AFTER_SURFACE_GATE,
QP093A-0103,antimatter_conjugate_rows,"anti(plus_single_write[p=12,g=1])",V4_1_SINGLE_WRITE,conjugate_single_write,12,1,negative,12,conjugate_axis,fermion_half_write,owner_closed_conjugate,CLOSED_CONJUGATE_WRITE,ANTIMATTER_STABLE_CONJUGATE,180,negative_credit,depth=1,V4_1_SINGLE_WRITE|depth=1|q_abs=12,-15,195,211.25,26.40625,184.84375,yes,,ANTIMATTER_ROW_ALLOWED_AFTER_SURFACE_GATE,
QP093A-0104,antimatter_conjugate_rows,"anti(minus_single_write[p=12,g=1])",V4_1_SINGLE_WRITE,conjugate_single_write,12,1,positive,12,conjugate_axis,fermion_half_write,owner_closed_conjugate,CLOSED_CONJUGATE_WRITE,ANTIMATTER_STABLE_CONJUGATE,216,positive_debit,depth=1,V4_1_SINGLE_WRITE|depth=1|q_abs=12,18,198,214.5,26.8125,187.6875,yes,,ANTIMATTER_ROW_ALLOWED_AFTER_SURFACE_GATE,
QP093A-0105,antimatter_conjugate_rows,"anti(plus_single_write[p=1,g=2])",V4_1_SINGLE_WRITE,conjugate_single_write,1,2,negative,1,conjugate_axis,fermion_half_write,owner_closed_conjugate,CLOSED_CONJUGATE_WRITE,ANTIMATTER_STABLE_CONJUGATE,180,negative_credit,depth=2,V4_1_SINGLE_WRITE|depth=2|q_abs=1,-0.104166667,180.1041667,181.35489,22.66936126,158.6855288,yes,,ANTIMATTER_ROW_ALLOWED_AFTER_SURFACE_GATE,
QP093A-0106,antimatter_conjugate_rows,"anti(minus_single_write[p=1,g=2])",V4_1_SINGLE_WRITE,conjugate_single_write,1,2,positive,1,conjugate_axis,fermion_half_write,owner_closed_conjugate,CLOSED_CONJUGATE_WRITE,ANTIMATTER_STABLE_CONJUGATE,216,positive_debit,depth=2,V4_1_SINGLE_WRITE|depth=2|q_abs=1,0.125,215.875,217.3741319,27.17176649,190.2023655,yes,,ANTIMATTER_ROW_ALLOWED_AFTER_SURFACE_GATE,
QP093A-0107,antimatter_conjugate_rows,"anti(plus_single_write[p=2,g=2])",V4_1_SINGLE_WRITE,conjugate_single_write,2,2,negative,2,conjugate_axis,fermion_half_write,owner_closed_conjugate,CLOSED_CONJUGATE_WRITE,ANTIMATTER_STABLE_CONJUGATE,360,negative_credit,depth=2,V4_1_SINGLE_WRITE|depth=2|q_abs=2,-0.416666667,360.4166667,365.4224537,45.67780671,319.744647,yes,,ANTIMATTER_ROW_ALLOWED_AFTER_SURFACE_GATE,
QP093A-0108,antimatter_conjugate_rows,"anti(minus_single_write[p=2,g=2])",V4_1_SINGLE_WRITE,conjugate_single_write,2,2,positive,2,conjugate_axis,fermion_half_write,owner_closed_conjugate,CLOSED_CONJUGATE_WRITE,ANTIMATTER_STABLE_CONJUGATE,432,positive_debit,depth=2,V4_1_SINGLE_WRITE|depth=2|q_abs=2,0.5,431.5,437.4930556,54.68663194,382.8064236,yes,,ANTIMATTER_ROW_ALLOWED_AFTER_SURFACE_GATE,
QP093A-0109,antimatter_conjugate_rows,"anti(plus_single_write[p=3,g=2])",V4_1_SINGLE_WRITE,conjugate_single_write,3,2,negative,3,conjugate_axis,fermion_half_write,owner_closed_conjugate,CLOSED_CONJUGATE_WRITE,ANTIMATTER_STABLE_CONJUGATE,540,negative_credit,depth=2,V4_1_SINGLE_WRITE|depth=2|q_abs=3,-0.9375,540.9375,552.2070312,69.02587891,483.1811523,yes,,ANTIMATTER_ROW_ALLOWED_AFTER_SURFACE_GATE,
QP093A-0110,antimatter_conjugate_rows,"anti(minus_single_write[p=3,g=2])",V4_1_SINGLE_WRITE,conjugate_single_write,3,2,positive,3,conjugate_axis,fermion_half_write,owner_closed_conjugate,CLOSED_CONJUGATE_WRITE,ANTIMATTER_STABLE_CONJUGATE,648,positive_debit,depth=2,V4_1_SINGLE_WRITE|depth=2|q_abs=3,1.125,646.875,660.3515625,82.54394531,577.8076172,yes,,ANTIMATTER_ROW_ALLOWED_AFTER_SURFACE_GATE,
QP093A-0111,antimatter_conjugate_rows,"anti(plus_single_write[p=4,g=2])",V4_1_SINGLE_WRITE,conjugate_single_write,4,2,negative,4,conjugate_axis,fermion_half_write,owner_closed_conjugate,CLOSED_CONJUGATE_WRITE,ANTIMATTER_STABLE_CONJUGATE,720,negative_credit,depth=2,V4_1_SINGLE_WRITE|depth=2|q_abs=4,-1.666666667,721.6666667,741.712963,92.71412037,648.9988426,yes,,ANTIMATTER_ROW_ALLOWED_AFTER_SURFACE_GATE,
QP093A-0112,antimatter_conjugate_rows,"anti(minus_single_write[p=4,g=2])",V4_1_SINGLE_WRITE,conjugate_single_write,4,2,positive,4,conjugate_axis,fermion_half_write,owner_closed_conjugate,CLOSED_CONJUGATE_WRITE,ANTIMATTER_STABLE_CONJUGATE,864,positive_debit,depth=2,V4_1_SINGLE_WRITE|depth=2|q_abs=4,2,862,885.9444444,110.7430556,775.2013889,yes,,ANTIMATTER_ROW_ALLOWED_AFTER_SURFACE_GATE,
QP093A-0113,antimatter_conjugate_rows,"anti(plus_single_write[p=6,g=2])",V4_1_SINGLE_WRITE,conjugate_single_write,6,2,negative,6,conjugate_axis,fermion_half_write,owner_closed_conjugate,CLOSED_CONJUGATE_WRITE,ANTIMATTER_STABLE_CONJUGATE,1080,negative_credit,depth=2,V4_1_SINGLE_WRITE|depth=2|q_abs=6,-3.75,1083.75,1128.90625,141.1132813,987.7929688,yes,,ANTIMATTER_ROW_ALLOWED_AFTER_SURFACE_GATE,
QP093A-0114,antimatter_conjugate_rows,"anti(minus_single_write[p=6,g=2])",V4_1_SINGLE_WRITE,conjugate_single_write,6,2,positive,6,conjugate_axis,fermion_half_write,owner_closed_conjugate,CLOSED_CONJUGATE_WRITE,ANTIMATTER_STABLE_CONJUGATE,1296,positive_debit,depth=2,V4_1_SINGLE_WRITE|depth=2|q_abs=6,4.5,1291.5,1345.3125,168.1640625,1177.148438,yes,,ANTIMATTER_ROW_ALLOWED_AFTER_SURFACE_GATE,
QP093A-0115,bound_composite_rows,color_triad[1+1+1],GROUND_BARYON_3BODY,three_owner_color_closure,1+1+1,0,positive,1,triadic_charge_axis,fermion_baryon_half_write,color_owner_closed,CLOSED_THREE_OWNER_WRITE,BOUND_COLOR_CLOSED_STABLE_CANDIDATE,108,positive_debit,depth=0,GROUND_BARYON_3BODY|depth=0|q_abs=1,36,72,72.5,9.0625,63.4375,yes,,BOUND_MATTER_ROW_ALLOWED,
QP093A-0116,bound_composite_rows,color_triad[1+1+2],OCTET_COMPOSITE,three_owner_color_closure,1+1+2,3,positive,2,triadic_charge_axis,fermion_baryon_half_write,color_owner_closed,CLOSED_THREE_OWNER_WRITE,BOUND_COLOR_CLOSED_HEAVY_CANDIDATE,216,positive_debit,depth=3,OCTET_COMPOSITE|depth=3|q_abs=2,0.028645833,215.9713542,218.9709563,27.37136954,191.5995868,yes,,BOUND_MATTER_ROW_ALLOWED,
QP093A-0117,bound_composite_rows,color_triad[1+1+3],OCTET_COMPOSITE,three_owner_color_closure,1+1+3,3,neutral,0,triadic_charge_axis,fermion_baryon_half_write,color_owner_closed,CLOSED_THREE_OWNER_WRITE,BOUND_COLOR_CLOSED_HEAVY_CANDIDATE,396,positive_debit,depth=3,OCTET_COMPOSITE|depth=3|q_abs=0,0.243489583,395.7565104,395.7565104,49.4695638,346.2869466,yes,,BOUND_MATTER_ROW_ALLOWED,
QP093A-0118,bound_composite_rows,color_triad[1+1+4],GROUND_BARYON_3BODY,three_owner_color_closure,1+1+4,0,positive,1,triadic_charge_axis,fermion_baryon_half_write,color_owner_closed,CLOSED_THREE_OWNER_WRITE,BOUND_COLOR_CLOSED_STABLE_CANDIDATE,648,positive_debit,depth=0,GROUND_BARYON_3BODY|depth=0|q_abs=1,216,432,435,54.375,380.625,yes,,BOUND_MATTER_ROW_ALLOWED,
QP093A-0119,bound_composite_rows,color_triad[1+1+6],OCTET_COMPOSITE,three_owner_color_closure,1+1+6,3,neutral,0,triadic_charge_axis,fermion_baryon_half_write,color_owner_closed,CLOSED_THREE_OWNER_WRITE,BOUND_COLOR_CLOSED_HEAVY_CANDIDATE,1368,positive_debit,depth=3,OCTET_COMPOSITE|depth=3|q_abs=0,0.841145833,1367.158854,1367.158854,170.8948568,1196.263997,yes,,BOUND_MATTER_ROW_ALLOWED,
QP093A-0120,bound_composite_rows,color_triad[1+1+8],OCTET_COMPOSITE,three_owner_color_closure,1+1+8,3,positive,2,triadic_charge_axis,fermion_baryon_half_write,color_owner_closed,CLOSED_THREE_OWNER_WRITE,BOUND_COLOR_CLOSED_HEAVY_CANDIDATE,2376,positive_debit,depth=3,OCTET_COMPOSITE|depth=3|q_abs=2,0.315104167,2375.684896,2408.680519,301.0850649,2107.595454,yes,,BOUND_MATTER_ROW_ALLOWED,
QP093A-0121,bound_composite_rows,color_triad[1+1+9],OCTET_COMPOSITE,three_owner_color_closure,1+1+9,3,neutral,0,triadic_charge_axis,fermion_baryon_half_write,color_owner_closed,CLOSED_THREE_OWNER_WRITE,BOUND_COLOR_CLOSED_HEAVY_CANDIDATE,2988,positive_debit,depth=3,OCTET_COMPOSITE|depth=3|q_abs=0,1.837239583,2986.16276,2986.16276,373.2703451,2612.892415,yes,,BOUND_MATTER_ROW_ALLOWED,
QP093A-0122,bound_composite_rows,color_triad[1+1+12],OCTET_COMPOSITE,three_owner_color_closure,1+1+12,3,neutral,0,triadic_charge_axis,fermion_baryon_half_write,color_owner_closed,CLOSED_THREE_OWNER_WRITE,BOUND_COLOR_CLOSED_HEAVY_CANDIDATE,5256,positive_debit,depth=3,OCTET_COMPOSITE|depth=3|q_abs=0,3.231770833,5252.768229,5252.768229,656.5960286,4596.172201,yes,,BOUND_MATTER_ROW_ALLOWED,
QP093A-0123,bound_composite_rows,color_triad[1+2+2],OCTET_COMPOSITE,three_owner_color_closure,1+2+2,3,positive,1,triadic_charge_axis,fermion_baryon_half_write,color_owner_closed,CLOSED_THREE_OWNER_WRITE,BOUND_COLOR_CLOSED_HEAVY_CANDIDATE,324,positive_debit,depth=3,OCTET_COMPOSITE|depth=3|q_abs=1,0.02734375,323.9726563,326.2224664,40.7778083,285.4446581,yes,,BOUND_MATTER_ROW_ALLOWED,
QP093A-0124,bound_composite_rows,color_triad[1+2+3],GROUND_BARYON_3BODY,three_owner_color_closure,1+2+3,0,negative,1,triadic_charge_axis,fermion_baryon_half_write,color_owner_closed,CLOSED_THREE_OWNER_WRITE,BOUND_COLOR_CLOSED_STABLE_CANDIDATE,504,negative_credit,depth=0,GROUND_BARYON_3BODY|depth=0|q_abs=1,-168,672,676.6666667,84.58333333,592.0833333,yes,,BOUND_MATTER_ROW_ALLOWED,
QP093A-0125,bound_composite_rows,color_triad[1+2+4],OCTET_COMPOSITE,three_owner_color_closure,1+2+4,3,neutral,0,triadic_charge_axis,fermion_baryon_half_write,color_owner_closed,CLOSED_THREE_OWNER_WRITE,BOUND_COLOR_CLOSED_HEAVY_CANDIDATE,756,positive_debit,depth=3,OCTET_COMPOSITE|depth=3|q_abs=0,0.46484375,755.5351563,755.5351563,94.44189453,661.0932617,yes,,BOUND_MATTER_ROW_ALLOWED,
QP093A-0126,bound_composite_rows,color_triad[1+2+6],GROUND_BARYON_3BODY,three_owner_color_closure,1+2+6,0,negative,1,triadic_charge_axis,fermion_baryon_half_write,color_owner_closed,CLOSED_THREE_OWNER_WRITE,BOUND_COLOR_CLOSED_STABLE_CANDIDATE,1476,negative_credit,depth=0,GROUND_BARYON_3BODY|depth=0|q_abs=1,-492,1968,1981.666667,247.7083333,1733.958333,yes,,BOUND_MATTER_ROW_ALLOWED,
QP093A-0127,bound_composite_rows,color_triad[1+2+8],OCTET_COMPOSITE,three_owner_color_closure,1+2+8,3,positive,1,triadic_charge_axis,fermion_baryon_half_write,color_owner_closed,CLOSED_THREE_OWNER_WRITE,BOUND_COLOR_CLOSED_HEAVY_CANDIDATE,2484,positive_debit,depth=3,OCTET_COMPOSITE|depth=3|q_abs=1,0.209635417,2483.790365,2501.038909,312.6298636,2188.409045,yes,,BOUND_MATTER_ROW_ALLOWED,
QP093A-0128,bound_composite_rows,color_triad[1+2+9],GROUND_BARYON_3BODY,three_owner_color_closure,1+2+9,0,negative,1,triadic_charge_axis,fermion_baryon_half_write,color_owner_closed,CLOSED_THREE_OWNER_WRITE,BOUND_COLOR_CLOSED_HEAVY_CANDIDATE,3096,negative_credit,depth=0,GROUND_BARYON_3BODY|depth=0|q_abs=1,-1032,4128,4156.666667,519.5833333,3637.083333,yes,,BOUND_MATTER_ROW_ALLOWED,
QP093A-0129,bound_composite_rows,color_triad[1+2+12],GROUND_BARYON_3BODY,three_owner_color_closure,1+2+12,0,negative,1,triadic_charge_axis,fermion_baryon_half_write,color_owner_closed,CLOSED_THREE_OWNER_WRITE,BOUND_COLOR_CLOSED_HEAVY_CANDIDATE,5364,negative_credit,depth=0,GROUND_BARYON_3BODY|depth=0|q_abs=1,-1788,7152,7201.666667,900.2083333,6301.458333,yes,,BOUND_MATTER_ROW_ALLOWED,
QP093A-0130,bound_composite_rows,color_triad[1+3+3],OCTET_COMPOSITE,three_owner_color_closure,1+3+3,3,negative,2,triadic_charge_axis,fermion_baryon_half_write,color_owner_closed,CLOSED_THREE_OWNER_WRITE,BOUND_COLOR_CLOSED_HEAVY_CANDIDATE,684,negative_credit,depth=3,OCTET_COMPOSITE|depth=3|q_abs=2,-0.090711806,684.0907118,693.5919717,86.69899646,606.8929752,yes,,BOUND_MATTER_ROW_ALLOWED,
QP093A-0131,bound_composite_rows,color_triad[1+3+4],OCTET_COMPOSITE,three_owner_color_closure,1+3+4,3,negative,1,triadic_charge_axis,fermion_baryon_half_write,color_owner_closed,CLOSED_THREE_OWNER_WRITE,BOUND_COLOR_CLOSED_HEAVY_CANDIDATE,936,negative_credit,depth=3,OCTET_COMPOSITE|depth=3|q_abs=1,-0.078993056,936.0789931,942.5795416,117.8224427,824.7570989,yes,,BOUND_MATTER_ROW_ALLOWED,
QP093A-0132,bound_composite_rows,color_triad[1+3+6],OCTET_COMPOSITE,three_owner_color_closure,1+3+6,3,negative,2,triadic_charge_axis,fermion_baryon_half_write,color_owner_closed,CLOSED_THREE_OWNER_WRITE,BOUND_COLOR_CLOSED_HEAVY_CANDIDATE,1656,negative_credit,depth=3,OCTET_COMPOSITE|depth=3|q_abs=2,-0.219618056,1656.219618,1679.222668,209.9028335,1469.319835,yes,,BOUND_MATTER_ROW_ALLOWED,
QP093A-0134,bound_composite_rows,color_triad[1+3+9],OCTET_COMPOSITE,three_owner_color_closure,1+3+9,3,negative,2,triadic_charge_axis,fermion_baryon_half_write,color_owner_closed,CLOSED_THREE_OWNER_WRITE,BOUND_COLOR_CLOSED_HEAVY_CANDIDATE,3276,negative_credit,depth=3,OCTET_COMPOSITE|depth=3|q_abs=2,-0.434461806,3276.434462,3321.940496,415.242562,2906.697934,yes,,BOUND_MATTER_ROW_ALLOWED,
QP093A-0135,bound_composite_rows,color_triad[1+3+12],OCTET_COMPOSITE,three_owner_color_closure,1+3+12,3,negative,2,triadic_charge_axis,fermion_baryon_half_write,color_owner_closed,CLOSED_THREE_OWNER_WRITE,BOUND_COLOR_CLOSED_HEAVY_CANDIDATE,5544,negative_credit,depth=3,OCTET_COMPOSITE|depth=3|q_abs=2,-0.735243056,5544.735243,5621.745455,702.7181818,4919.027273,yes,,BOUND_MATTER_ROW_ALLOWED,
QP093A-0136,bound_composite_rows,color_triad[1+4+4],GROUND_BARYON_3BODY,three_owner_color_closure,1+4+4,0,negative,2,triadic_charge_axis,fermion_baryon_half_write,color_owner_closed,CLOSED_THREE_OWNER_WRITE,BOUND_COLOR_CLOSED_STABLE_CANDIDATE,1188,negative_credit,depth=0,GROUND_BARYON_3BODY|depth=0|q_abs=2,-495,1683,1706.375,213.296875,1493.078125,yes,,BOUND_MATTER_ROW_ALLOWED,
QP093A-0137,bound_composite_rows,color_triad[1+4+6],OCTET_COMPOSITE,three_owner_color_closure,1+4+6,3,negative,3,triadic_charge_axis,fermion_baryon_half_write,color_owner_closed,CLOSED_THREE_OWNER_WRITE,BOUND_COLOR_CLOSED_HEAVY_CANDIDATE,1908,negative_credit,depth=3,OCTET_COMPOSITE|depth=3|q_abs=3,-0.345052083,1908.345052,1948.102241,243.5127801,1704.589461,yes,,BOUND_MATTER_ROW_ALLOWED,
QP093A-0138,bound_composite_rows,color_triad[1+4+8],OCTET_COMPOSITE,three_owner_color_closure,1+4+8,3,negative,1,triadic_charge_axis,fermion_baryon_half_write,color_owner_closed,CLOSED_THREE_OWNER_WRITE,BOUND_COLOR_CLOSED_HEAVY_CANDIDATE,2916,negative_credit,depth=3,OCTET_COMPOSITE|depth=3|q_abs=1,-0.24609375,2916.246094,2936.497803,367.0622253,2569.435577,yes,,BOUND_MATTER_ROW_ALLOWED,
QP093A-0139,bound_composite_rows,color_triad[1+4+9],OCTET_COMPOSITE,three_owner_color_closure,1+4+9,3,negative,3,triadic_charge_axis,fermion_baryon_half_write,color_owner_closed,CLOSED_THREE_OWNER_WRITE,BOUND_COLOR_CLOSED_HEAVY_CANDIDATE,3528,negative_credit,depth=3,OCTET_COMPOSITE|depth=3|q_abs=3,-0.638020833,3528.638021,3602.151313,450.2689141,3151.882399,yes,,BOUND_MATTER_ROW_ALLOWED,
QP093A-0140,bound_composite_rows,color_triad[1+4+12],OCTET_COMPOSITE,three_owner_color_closure,1+4+12,3,negative,3,triadic_charge_axis,fermion_baryon_half_write,color_owner_closed,CLOSED_THREE_OWNER_WRITE,BOUND_COLOR_CLOSED_HEAVY_CANDIDATE,5796,negative_credit,depth=3,OCTET_COMPOSITE|depth=3|q_abs=3,-1.048177083,5797.048177,5917.820014,739.7275018,5178.092512,yes,,BOUND_MATTER_ROW_ALLOWED,
QP093A-0141,bound_composite_rows,color_triad[1+6+6],OCTET_COMPOSITE,three_owner_color_closure,1+6+6,3,negative,5,triadic_charge_axis,fermion_baryon_half_write,color_owner_closed,CLOSED_THREE_OWNER_WRITE,BOUND_COLOR_CLOSED_HEAVY_CANDIDATE,2628,negative_credit,depth=3,OCTET_COMPOSITE|depth=3|q_abs=5,-0.728732639,2628.728733,2720.004036,340.0005045,2380.003531,yes,,BOUND_MATTER_ROW_ALLOWED,
QP093A-0142,bound_composite_rows,color_triad[1+6+8],GROUND_BARYON_3BODY,three_owner_color_closure,1+6+8,0,negative,3,triadic_charge_axis,fermion_baryon_half_write,color_owner_closed,CLOSED_THREE_OWNER_WRITE,BOUND_COLOR_CLOSED_STABLE_CANDIDATE,3636,negative_credit,depth=0,GROUND_BARYON_3BODY|depth=0|q_abs=3,-1818,5454,5567.625,695.953125,4871.671875,yes,,BOUND_MATTER_ROW_ALLOWED,
QP093A-0143,bound_composite_rows,color_triad[1+6+9],OCTET_COMPOSITE,three_owner_color_closure,1+6+9,3,negative,5,triadic_charge_axis,fermion_baryon_half_write,color_owner_closed,CLOSED_THREE_OWNER_WRITE,BOUND_COLOR_CLOSED_HEAVY_CANDIDATE,4248,negative_credit,depth=3,OCTET_COMPOSITE|depth=3|q_abs=5,-1.177951389,4249.177951,4396.718852,549.5898566,3847.128996,yes,,BOUND_MATTER_ROW_ALLOWED,
QP093A-0144,bound_composite_rows,color_triad[1+6+12],OCTET_COMPOSITE,three_owner_color_closure,1+6+12,3,negative,5,triadic_charge_axis,fermion_baryon_half_write,color_owner_closed,CLOSED_THREE_OWNER_WRITE,BOUND_COLOR_CLOSED_HEAVY_CANDIDATE,6516,negative_credit,depth=3,OCTET_COMPOSITE|depth=3|q_abs=5,-1.806857639,6517.806858,6744.119596,843.0149495,5901.104646,yes,,BOUND_MATTER_ROW_ALLOWED,
QP093A-0145,bound_composite_rows,color_triad[1+8+8],OCTET_COMPOSITE,three_owner_color_closure,1+8+8,3,negative,5,triadic_charge_axis,fermion_baryon_half_write,color_owner_closed,CLOSED_THREE_OWNER_WRITE,BOUND_COLOR_CLOSED_HEAVY_CANDIDATE,4644,negative_credit,depth=3,OCTET_COMPOSITE|depth=3|q_abs=5,-1.287760417,4645.28776,4806.582474,600.8228093,4205.759665,yes,,BOUND_MATTER_ROW_ALLOWED,
QP093A-0146,bound_composite_rows,color_triad[1+8+9],GROUND_BARYON_3BODY,three_owner_color_closure,1+8+9,0,negative,7,triadic_charge_axis,fermion_baryon_half_write,color_owner_closed,CLOSED_THREE_OWNER_WRITE,BOUND_COLOR_CLOSED_HEAVY_CANDIDATE,5256,negative_credit,depth=0,GROUND_BARYON_3BODY|depth=0|q_abs=7,-4380,9636,10104.41667,1263.052083,8841.364583,yes,,BOUND_MATTER_ROW_ALLOWED,
QP093A-0147,bound_composite_rows,color_triad[1+8+12],GROUND_BARYON_3BODY,three_owner_color_closure,1+8+12,0,negative,7,triadic_charge_axis,fermion_baryon_half_write,color_owner_closed,CLOSED_THREE_OWNER_WRITE,BOUND_COLOR_CLOSED_HEAVY_CANDIDATE,7524,negative_credit,depth=0,GROUND_BARYON_3BODY|depth=0|q_abs=7,-6270,13794,14464.54167,1808.067708,12656.47396,yes,,BOUND_MATTER_ROW_ALLOWED,
QP093A-0148,bound_composite_rows,color_triad[1+9+9],OCTET_COMPOSITE,three_owner_color_closure,1+9+9,3,negative,8,triadic_charge_axis,fermion_baryon_half_write,color_owner_closed,CLOSED_THREE_OWNER_WRITE,BOUND_COLOR_CLOSED_HEAVY_CANDIDATE,5868,negative_credit,depth=3,OCTET_COMPOSITE|depth=3|q_abs=8,-2.476128472,5870.476128,6196.613691,774.5767114,5422.03698,yes,,BOUND_MATTER_ROW_ALLOWED,
QP093A-0149,bound_composite_rows,color_triad[1+9+12],OCTET_COMPOSITE,three_owner_color_closure,1+9+12,3,negative,8,triadic_charge_axis,fermion_baryon_half_write,color_owner_closed,CLOSED_THREE_OWNER_WRITE,BOUND_COLOR_CLOSED_HEAVY_CANDIDATE,8136,negative_credit,depth=3,OCTET_COMPOSITE|depth=3|q_abs=8,-3.433159722,8139.43316,8591.623891,1073.952986,7517.670904,yes,,BOUND_MATTER_ROW_ALLOWED,
QP093A-0150,bound_composite_rows,color_triad[1+12+12],OCTET_COMPOSITE,three_owner_color_closure,1+12+12,3,negative,11,triadic_charge_axis,fermion_baryon_half_write,color_owner_closed,CLOSED_THREE_OWNER_WRITE,BOUND_COLOR_CLOSED_HEAVY_CANDIDATE,10404,negative_credit,depth=3,OCTET_COMPOSITE|depth=3|q_abs=11,-5.895399306,10409.8954,11205.09574,1400.636968,9804.458775,yes,,BOUND_MATTER_ROW_ALLOWED,
QP093A-0151,bound_composite_rows,color_triad[2+2+2],GROUND_BARYON_3BODY,three_owner_color_closure,2+2+2,0,positive,2,triadic_charge_axis,fermion_baryon_half_write,color_owner_closed,CLOSED_THREE_OWNER_WRITE,BOUND_COLOR_CLOSED_STABLE_CANDIDATE,432,positive_debit,depth=0,GROUND_BARYON_3BODY|depth=0|q_abs=2,180,252,255.5,31.9375,223.5625,yes,,BOUND_MATTER_ROW_ALLOWED,
QP093A-0152,bound_composite_rows,color_triad[2+2+3],OCTET_COMPOSITE,three_owner_color_closure,2+2+3,3,neutral,0,triadic_charge_axis,fermion_baryon_half_write,color_owner_closed,CLOSED_THREE_OWNER_WRITE,BOUND_COLOR_CLOSED_HEAVY_CANDIDATE,612,positive_debit,depth=3,OCTET_COMPOSITE|depth=3|q_abs=0,0.376302083,611.6236979,611.6236979,76.45296224,535.1707357,yes,,BOUND_MATTER_ROW_ALLOWED,
QP093A-0153,bound_composite_rows,color_triad[2+2+4],OCTET_COMPOSITE,three_owner_color_closure,2+2+4,3,positive,1,triadic_charge_axis,fermion_baryon_half_write,color_owner_closed,CLOSED_THREE_OWNER_WRITE,BOUND_COLOR_CLOSED_HEAVY_CANDIDATE,864,positive_debit,depth=3,OCTET_COMPOSITE|depth=3|q_abs=1,0.072916667,863.9270833,869.926577,108.7408221,761.1857548,yes,,BOUND_MATTER_ROW_ALLOWED,
QP093A-0154,bound_composite_rows,color_triad[2+2+6],OCTET_COMPOSITE,three_owner_color_closure,2+2+6,3,neutral,0,triadic_charge_axis,fermion_baryon_half_write,color_owner_closed,CLOSED_THREE_OWNER_WRITE,BOUND_COLOR_CLOSED_HEAVY_CANDIDATE,1584,positive_debit,depth=3,OCTET_COMPOSITE|depth=3|q_abs=0,0.973958333,1583.026042,1583.026042,197.8782552,1385.147786,yes,,BOUND_MATTER_ROW_ALLOWED,
QP093A-0155,bound_composite_rows,color_triad[2+2+8],GROUND_BARYON_3BODY,three_owner_color_closure,2+2+8,0,positive,2,triadic_charge_axis,fermion_baryon_half_write,color_owner_closed,CLOSED_THREE_OWNER_WRITE,BOUND_COLOR_CLOSED_STABLE_CANDIDATE,2592,positive_debit,depth=0,GROUND_BARYON_3BODY|depth=0|q_abs=2,1080,1512,1533,191.625,1341.375,yes,,BOUND_MATTER_ROW_ALLOWED,
QP093A-0156,bound_composite_rows,color_triad[2+2+9],OCTET_COMPOSITE,three_owner_color_closure,2+2+9,3,neutral,0,triadic_charge_axis,fermion_baryon_half_write,color_owner_closed,CLOSED_THREE_OWNER_WRITE,BOUND_COLOR_CLOSED_HEAVY_CANDIDATE,3204,positive_debit,depth=3,OCTET_COMPOSITE|depth=3|q_abs=0,1.970052083,3202.029948,3202.029948,400.2537435,2801.776204,yes,,BOUND_MATTER_ROW_ALLOWED,
QP093A-0157,bound_composite_rows,color_triad[2+2+12],OCTET_COMPOSITE,three_owner_color_closure,2+2+12,3,neutral,0,triadic_charge_axis,fermion_baryon_half_write,color_owner_closed,CLOSED_THREE_OWNER_WRITE,BOUND_COLOR_CLOSED_HEAVY_CANDIDATE,5472,positive_debit,depth=3,OCTET_COMPOSITE|depth=3|q_abs=0,3.364583333,5468.635417,5468.635417,683.5794271,4785.05599,yes,,BOUND_MATTER_ROW_ALLOWED,
QP093A-0158,bound_composite_rows,color_triad[2+3+3],OCTET_COMPOSITE,three_owner_color_closure,2+3+3,3,negative,1,triadic_charge_axis,fermion_baryon_half_write,color_owner_closed,CLOSED_THREE_OWNER_WRITE,BOUND_COLOR_CLOSED_HEAVY_CANDIDATE,792,negative_credit,depth=3,OCTET_COMPOSITE|depth=3|q_abs=1,-0.066840278,792.0668403,797.5673044,99.69591306,697.8713914,yes,,BOUND_MATTER_ROW_ALLOWED,
QP093A-0160,bound_composite_rows,color_triad[2+3+6],OCTET_COMPOSITE,three_owner_color_closure,2+3+6,3,negative,1,triadic_charge_axis,fermion_baryon_half_write,color_owner_closed,CLOSED_THREE_OWNER_WRITE,BOUND_COLOR_CLOSED_HEAVY_CANDIDATE,1764,negative_credit,depth=3,OCTET_COMPOSITE|depth=3|q_abs=1,-0.148871528,1764.148872,1776.399905,222.0499882,1554.349917,yes,,BOUND_MATTER_ROW_ALLOWED,
QP093A-0161,bound_composite_rows,color_triad[2+3+8],OCTET_COMPOSITE,three_owner_color_closure,2+3+8,3,positive,1,triadic_charge_axis,fermion_baryon_half_write,color_owner_closed,CLOSED_THREE_OWNER_WRITE,BOUND_COLOR_CLOSED_HEAVY_CANDIDATE,2772,positive_debit,depth=3,OCTET_COMPOSITE|depth=3|q_abs=1,0.233940972,2771.766059,2791.014434,348.8768043,2442.13763,yes,,BOUND_MATTER_ROW_ALLOWED,
QP093A-0162,bound_composite_rows,color_triad[2+3+9],OCTET_COMPOSITE,three_owner_color_closure,2+3+9,3,negative,1,triadic_charge_axis,fermion_baryon_half_write,color_owner_closed,CLOSED_THREE_OWNER_WRITE,BOUND_COLOR_CLOSED_HEAVY_CANDIDATE,3384,negative_credit,depth=3,OCTET_COMPOSITE|depth=3|q_abs=1,-0.285590278,3384.28559,3407.787574,425.9734467,2981.814127,yes,,BOUND_MATTER_ROW_ALLOWED,
QP093A-0163,bound_composite_rows,color_triad[2+3+12],OCTET_COMPOSITE,three_owner_color_closure,2+3+12,3,negative,1,triadic_charge_axis,fermion_baryon_half_write,color_owner_closed,CLOSED_THREE_OWNER_WRITE,BOUND_COLOR_CLOSED_HEAVY_CANDIDATE,5652,negative_credit,depth=3,OCTET_COMPOSITE|depth=3|q_abs=1,-0.476996528,5652.476997,5691.730309,711.4662886,4980.26402,yes,,BOUND_MATTER_ROW_ALLOWED,
QP093A-0164,bound_composite_rows,color_triad[2+4+4],OCTET_COMPOSITE,three_owner_color_closure,2+4+4,3,negative,1,triadic_charge_axis,fermion_baryon_half_write,color_owner_closed,CLOSED_THREE_OWNER_WRITE,BOUND_COLOR_CLOSED_HEAVY_CANDIDATE,1296,negative_credit,depth=3,OCTET_COMPOSITE|depth=3|q_abs=1,-0.109375,1296.109375,1305.110135,163.1387668,1141.971368,yes,,BOUND_MATTER_ROW_ALLOWED,
QP093A-0165,bound_composite_rows,color_triad[2+4+6],GROUND_BARYON_3BODY,three_owner_color_closure,2+4+6,0,negative,2,triadic_charge_axis,fermion_baryon_half_write,color_owner_closed,CLOSED_THREE_OWNER_WRITE,BOUND_COLOR_CLOSED_STABLE_CANDIDATE,2016,negative_credit,depth=0,GROUND_BARYON_3BODY|depth=0|q_abs=2,-840,2856,2895.666667,361.9583333,2533.708333,yes,,BOUND_MATTER_ROW_ALLOWED,
QP093A-0166,bound_composite_rows,color_triad[2+4+8],OCTET_COMPOSITE,three_owner_color_closure,2+4+8,3,neutral,0,triadic_charge_axis,fermion_baryon_half_write,color_owner_closed,CLOSED_THREE_OWNER_WRITE,BOUND_COLOR_CLOSED_HEAVY_CANDIDATE,3024,positive_debit,depth=3,OCTET_COMPOSITE|depth=3|q_abs=0,1.859375,3022.140625,3022.140625,377.7675781,2644.373047,yes,,BOUND_MATTER_ROW_ALLOWED,
QP093A-0167,bound_composite_rows,color_triad[2+4+9],GROUND_BARYON_3BODY,three_owner_color_closure,2+4+9,0,negative,2,triadic_charge_axis,fermion_baryon_half_write,color_owner_closed,CLOSED_THREE_OWNER_WRITE,BOUND_COLOR_CLOSED_HEAVY_CANDIDATE,3636,negative_credit,depth=0,GROUND_BARYON_3BODY|depth=0|q_abs=2,-1515,5151,5222.541667,652.8177083,4569.723958,yes,,BOUND_MATTER_ROW_ALLOWED,
QP093A-0168,bound_composite_rows,color_triad[2+4+12],GROUND_BARYON_3BODY,three_owner_color_closure,2+4+12,0,negative,2,triadic_charge_axis,fermion_baryon_half_write,color_owner_closed,CLOSED_THREE_OWNER_WRITE,BOUND_COLOR_CLOSED_HEAVY_CANDIDATE,5904,negative_credit,depth=0,GROUND_BARYON_3BODY|depth=0|q_abs=2,-2460,8364,8480.166667,1060.020833,7420.145833,yes,,BOUND_MATTER_ROW_ALLOWED,
QP093A-0169,bound_composite_rows,color_triad[2+6+6],OCTET_COMPOSITE,three_owner_color_closure,2+6+6,3,negative,4,triadic_charge_axis,fermion_baryon_half_write,color_owner_closed,CLOSED_THREE_OWNER_WRITE,BOUND_COLOR_CLOSED_HEAVY_CANDIDATE,2736,negative_credit,depth=3,OCTET_COMPOSITE|depth=3|q_abs=4,-0.626736111,2736.626736,2812.644145,351.5805182,2461.063627,yes,,BOUND_MATTER_ROW_ALLOWED,
QP093A-0170,bound_composite_rows,color_triad[2+6+8],OCTET_COMPOSITE,three_owner_color_closure,2+6+8,3,negative,2,triadic_charge_axis,fermion_baryon_half_write,color_owner_closed,CLOSED_THREE_OWNER_WRITE,BOUND_COLOR_CLOSED_HEAVY_CANDIDATE,3744,negative_credit,depth=3,OCTET_COMPOSITE|depth=3|q_abs=2,-0.496527778,3744.496528,3796.503424,474.562928,3321.940496,yes,,BOUND_MATTER_ROW_ALLOWED,
QP093A-0171,bound_composite_rows,color_triad[2+6+9],OCTET_COMPOSITE,three_owner_color_closure,2+6+9,3,negative,4,triadic_charge_axis,fermion_baryon_half_write,color_owner_closed,CLOSED_THREE_OWNER_WRITE,BOUND_COLOR_CLOSED_HEAVY_CANDIDATE,4356,negative_credit,depth=3,OCTET_COMPOSITE|depth=3|q_abs=4,-0.997829861,4356.99783,4478.025547,559.7531934,3918.272354,yes,,BOUND_MATTER_ROW_ALLOWED,
QP093A-0172,bound_composite_rows,color_triad[2+6+12],OCTET_COMPOSITE,three_owner_color_closure,2+6+12,3,negative,4,triadic_charge_axis,fermion_baryon_half_write,color_owner_closed,CLOSED_THREE_OWNER_WRITE,BOUND_COLOR_CLOSED_HEAVY_CANDIDATE,6624,negative_credit,depth=3,OCTET_COMPOSITE|depth=3|q_abs=4,-1.517361111,6625.517361,6809.55951,851.1949388,5958.364571,yes,,BOUND_MATTER_ROW_ALLOWED,
QP093A-0173,bound_composite_rows,color_triad[2+8+8],GROUND_BARYON_3BODY,three_owner_color_closure,2+8+8,0,negative,4,triadic_charge_axis,fermion_baryon_half_write,color_owner_closed,CLOSED_THREE_OWNER_WRITE,BOUND_COLOR_CLOSED_STABLE_CANDIDATE,4752,negative_credit,depth=0,GROUND_BARYON_3BODY|depth=0|q_abs=4,-2772,7524,7733,966.625,6766.375,yes,,BOUND_MATTER_ROW_ALLOWED,
QP093A-0174,bound_composite_rows,color_triad[2+8+9],OCTET_COMPOSITE,three_owner_color_closure,2+8+9,3,negative,6,triadic_charge_axis,fermion_baryon_half_write,color_owner_closed,CLOSED_THREE_OWNER_WRITE,BOUND_COLOR_CLOSED_HEAVY_CANDIDATE,5364,negative_credit,depth=3,OCTET_COMPOSITE|depth=3|q_abs=6,-1.74609375,5365.746094,5589.318848,698.664856,4890.653992,yes,,BOUND_MATTER_ROW_ALLOWED,
QP093A-0175,bound_composite_rows,color_triad[2+8+12],OCTET_COMPOSITE,three_owner_color_closure,2+8+12,3,negative,6,triadic_charge_axis,fermion_baryon_half_write,color_owner_closed,CLOSED_THREE_OWNER_WRITE,BOUND_COLOR_CLOSED_HEAVY_CANDIDATE,7632,negative_credit,depth=3,OCTET_COMPOSITE|depth=3|q_abs=6,-2.484375,7634.484375,7952.587891,994.0734863,6958.514404,yes,,BOUND_MATTER_ROW_ALLOWED,
QP093A-0176,bound_composite_rows,color_triad[2+9+9],OCTET_COMPOSITE,three_owner_color_closure,2+9+9,3,negative,7,triadic_charge_axis,fermion_baryon_half_write,color_owner_closed,CLOSED_THREE_OWNER_WRITE,BOUND_COLOR_CLOSED_HEAVY_CANDIDATE,5976,negative_credit,depth=3,OCTET_COMPOSITE|depth=3|q_abs=7,-2.233506944,5978.233507,6268.84208,783.60526,5485.23682,yes,,BOUND_MATTER_ROW_ALLOWED,
QP093A-0177,bound_composite_rows,color_triad[2+9+12],OCTET_COMPOSITE,three_owner_color_closure,2+9+12,3,negative,7,triadic_charge_axis,fermion_baryon_half_write,color_owner_closed,CLOSED_THREE_OWNER_WRITE,BOUND_COLOR_CLOSED_HEAVY_CANDIDATE,8244,negative_credit,depth=3,OCTET_COMPOSITE|depth=3|q_abs=7,-3.081163194,8247.081163,8647.980942,1080.997618,7566.983324,yes,,BOUND_MATTER_ROW_ALLOWED,
QP093A-0178,bound_composite_rows,color_triad[2+12+12],OCTET_COMPOSITE,three_owner_color_closure,2+12+12,3,negative,10,triadic_charge_axis,fermion_baryon_half_write,color_owner_closed,CLOSED_THREE_OWNER_WRITE,BOUND_COLOR_CLOSED_HEAVY_CANDIDATE,10512,negative_credit,depth=3,OCTET_COMPOSITE|depth=3|q_abs=10,-5.449652778,10517.44965,11247.8281,1405.978513,9841.849588,yes,,BOUND_MATTER_ROW_ALLOWED,
QP093A-0180,bound_composite_rows,color_triad[3+3+4],OCTET_COMPOSITE,three_owner_color_closure,3+3+4,3,positive,1,triadic_charge_axis,fermion_baryon_half_write,color_owner_closed,CLOSED_THREE_OWNER_WRITE,BOUND_COLOR_CLOSED_HEAVY_CANDIDATE,1224,positive_debit,depth=3,OCTET_COMPOSITE|depth=3|q_abs=1,0.103298611,1223.896701,1232.395984,154.049498,1078.346486,yes,,BOUND_MATTER_ROW_ALLOWED,
QP093A-0182,bound_composite_rows,color_triad[3+3+8],OCTET_COMPOSITE,three_owner_color_closure,3+3+8,3,positive,2,triadic_charge_axis,fermion_baryon_half_write,color_owner_closed,CLOSED_THREE_OWNER_WRITE,BOUND_COLOR_CLOSED_HEAVY_CANDIDATE,2952,positive_debit,depth=3,OCTET_COMPOSITE|depth=3|q_abs=2,0.391493056,2951.608507,2992.60307,374.0753837,2618.527686,yes,,BOUND_MATTER_ROW_ALLOWED,
QP093A-0185,bound_composite_rows,color_triad[3+4+4],OCTET_COMPOSITE,three_owner_color_closure,3+4+4,3,neutral,0,triadic_charge_axis,fermion_baryon_half_write,color_owner_closed,CLOSED_THREE_OWNER_WRITE,BOUND_COLOR_CLOSED_HEAVY_CANDIDATE,1476,positive_debit,depth=3,OCTET_COMPOSITE|depth=3|q_abs=0,0.907552083,1475.092448,1475.092448,184.386556,1290.705892,yes,,BOUND_MATTER_ROW_ALLOWED,
QP093A-0186,bound_composite_rows,color_triad[3+4+6],OCTET_COMPOSITE,three_owner_color_closure,3+4+6,3,negative,1,triadic_charge_axis,fermion_baryon_half_write,color_owner_closed,CLOSED_THREE_OWNER_WRITE,BOUND_COLOR_CLOSED_HEAVY_CANDIDATE,2196,negative_credit,depth=3,OCTET_COMPOSITE|depth=3|q_abs=1,-0.185329861,2196.18533,2211.436617,276.4295771,1935.00704,yes,,BOUND_MATTER_ROW_ALLOWED,
QP093A-0187,bound_composite_rows,color_triad[3+4+8],GROUND_BARYON_3BODY,three_owner_color_closure,3+4+8,0,positive,1,triadic_charge_axis,fermion_baryon_half_write,color_owner_closed,CLOSED_THREE_OWNER_WRITE,BOUND_COLOR_CLOSED_STABLE_CANDIDATE,3204,positive_debit,depth=0,GROUND_BARYON_3BODY|depth=0|q_abs=1,1068,2136,2150.833333,268.8541667,1881.979167,yes,,BOUND_MATTER_ROW_ALLOWED,
QP093A-0188,bound_composite_rows,color_triad[3+4+9],OCTET_COMPOSITE,three_owner_color_closure,3+4+9,3,negative,1,triadic_charge_axis,fermion_baryon_half_write,color_owner_closed,CLOSED_THREE_OWNER_WRITE,BOUND_COLOR_CLOSED_HEAVY_CANDIDATE,3816,negative_credit,depth=3,OCTET_COMPOSITE|depth=3|q_abs=1,-0.322048611,3816.322049,3842.824285,480.3530356,3362.471249,yes,,BOUND_MATTER_ROW_ALLOWED,
QP093A-0189,bound_composite_rows,color_triad[3+4+12],OCTET_COMPOSITE,three_owner_color_closure,3+4+12,3,negative,1,triadic_charge_axis,fermion_baryon_half_write,color_owner_closed,CLOSED_THREE_OWNER_WRITE,BOUND_COLOR_CLOSED_HEAVY_CANDIDATE,6084,negative_credit,depth=3,OCTET_COMPOSITE|depth=3|q_abs=1,-0.513454861,6084.513455,6126.767021,765.8458776,5360.921143,yes,,BOUND_MATTER_ROW_ALLOWED,
QP093A-0190,bound_composite_rows,color_triad[3+6+6],GROUND_BARYON_3BODY,three_owner_color_closure,3+6+6,0,negative,3,triadic_charge_axis,fermion_baryon_half_write,color_owner_closed,CLOSED_THREE_OWNER_WRITE,BOUND_COLOR_CLOSED_STABLE_CANDIDATE,2916,negative_credit,depth=0,GROUND_BARYON_3BODY|depth=0|q_abs=3,-1458,4374,4465.125,558.140625,3906.984375,yes,,BOUND_MATTER_ROW_ALLOWED,
QP093A-0191,bound_composite_rows,color_triad[3+6+8],OCTET_COMPOSITE,three_owner_color_closure,3+6+8,3,negative,1,triadic_charge_axis,fermion_baryon_half_write,color_owner_closed,CLOSED_THREE_OWNER_WRITE,BOUND_COLOR_CLOSED_HEAVY_CANDIDATE,3924,negative_credit,depth=3,OCTET_COMPOSITE|depth=3|q_abs=1,-0.331163194,3924.331163,3951.583463,493.9479329,3457.63553,yes,,BOUND_MATTER_ROW_ALLOWED,
QP093A-0192,bound_composite_rows,color_triad[3+6+9],GROUND_BARYON_3BODY,three_owner_color_closure,3+6+9,0,negative,3,triadic_charge_axis,fermion_baryon_half_write,color_owner_closed,CLOSED_THREE_OWNER_WRITE,BOUND_COLOR_CLOSED_HEAVY_CANDIDATE,4536,negative_credit,depth=0,GROUND_BARYON_3BODY|depth=0|q_abs=3,-2268,6804,6945.75,868.21875,6077.53125,yes,,BOUND_MATTER_ROW_ALLOWED,
QP093A-0193,bound_composite_rows,color_triad[3+6+12],GROUND_BARYON_3BODY,three_owner_color_closure,3+6+12,0,negative,3,triadic_charge_axis,fermion_baryon_half_write,color_owner_closed,CLOSED_THREE_OWNER_WRITE,BOUND_COLOR_CLOSED_HEAVY_CANDIDATE,6804,negative_credit,depth=0,GROUND_BARYON_3BODY|depth=0|q_abs=3,-3402,10206,10418.625,1302.328125,9116.296875,yes,,BOUND_MATTER_ROW_ALLOWED,
QP093A-0194,bound_composite_rows,color_triad[3+8+8],OCTET_COMPOSITE,three_owner_color_closure,3+8+8,3,negative,3,triadic_charge_axis,fermion_baryon_half_write,color_owner_closed,CLOSED_THREE_OWNER_WRITE,BOUND_COLOR_CLOSED_HEAVY_CANDIDATE,4932,negative_credit,depth=3,OCTET_COMPOSITE|depth=3|q_abs=3,-0.891927083,4932.891927,5035.660509,629.4575636,4406.202945,yes,,BOUND_MATTER_ROW_ALLOWED,
QP093A-0195,bound_composite_rows,color_triad[3+8+9],OCTET_COMPOSITE,three_owner_color_closure,3+8+9,3,negative,5,triadic_charge_axis,fermion_baryon_half_write,color_owner_closed,CLOSED_THREE_OWNER_WRITE,BOUND_COLOR_CLOSED_HEAVY_CANDIDATE,5544,negative_credit,depth=3,OCTET_COMPOSITE|depth=3|q_abs=5,-1.537326389,5545.537326,5738.090706,717.2613382,5020.829368,yes,,BOUND_MATTER_ROW_ALLOWED,
QP093A-0196,bound_composite_rows,color_triad[3+8+12],OCTET_COMPOSITE,three_owner_color_closure,3+8+12,3,negative,5,triadic_charge_axis,fermion_baryon_half_write,color_owner_closed,CLOSED_THREE_OWNER_WRITE,BOUND_COLOR_CLOSED_HEAVY_CANDIDATE,7812,negative_credit,depth=3,OCTET_COMPOSITE|depth=3|q_abs=5,-2.166232639,7814.166233,8085.491449,1010.686431,7074.805018,yes,,BOUND_MATTER_ROW_ALLOWED,
QP093A-0197,bound_composite_rows,color_triad[3+9+9],GROUND_BARYON_3BODY,three_owner_color_closure,3+9+9,0,negative,6,triadic_charge_axis,fermion_baryon_half_write,color_owner_closed,CLOSED_THREE_OWNER_WRITE,BOUND_COLOR_CLOSED_HEAVY_CANDIDATE,6156,negative_credit,depth=0,GROUND_BARYON_3BODY|depth=0|q_abs=6,-4617,10773,11221.875,1402.734375,9819.140625,yes,,BOUND_MATTER_ROW_ALLOWED,
QP093A-0198,bound_composite_rows,color_triad[3+9+12],GROUND_BARYON_3BODY,three_owner_color_closure,3+9+12,0,negative,6,triadic_charge_axis,fermion_baryon_half_write,color_owner_closed,CLOSED_THREE_OWNER_WRITE,BOUND_COLOR_CLOSED_HEAVY_CANDIDATE,8424,negative_credit,depth=0,GROUND_BARYON_3BODY|depth=0|q_abs=6,-6318,14742,15356.25,1919.53125,13436.71875,yes,,BOUND_MATTER_ROW_ALLOWED,
QP093A-0199,bound_composite_rows,color_triad[3+12+12],GROUND_BARYON_3BODY,three_owner_color_closure,3+12+12,0,negative,9,triadic_charge_axis,fermion_baryon_half_write,color_owner_closed,CLOSED_THREE_OWNER_WRITE,BOUND_COLOR_CLOSED_HEAVY_CANDIDATE,10692,negative_credit,depth=0,GROUND_BARYON_3BODY|depth=0|q_abs=9,-10692,21384,22720.5,2840.0625,19880.4375,yes,,BOUND_MATTER_ROW_ALLOWED,
QP093A-0200,bound_composite_rows,color_triad[4+4+4],GROUND_BARYON_3BODY,three_owner_color_closure,4+4+4,0,positive,1,triadic_charge_axis,fermion_baryon_half_write,color_owner_closed,CLOSED_THREE_OWNER_WRITE,BOUND_COLOR_CLOSED_STABLE_CANDIDATE,1728,positive_debit,depth=0,GROUND_BARYON_3BODY|depth=0|q_abs=1,576,1152,1160,145,1015,yes,,BOUND_MATTER_ROW_ALLOWED,
QP093A-0201,bound_composite_rows,color_triad[4+4+6],OCTET_COMPOSITE,three_owner_color_closure,4+4+6,3,neutral,0,triadic_charge_axis,fermion_baryon_half_write,color_owner_closed,CLOSED_THREE_OWNER_WRITE,BOUND_COLOR_CLOSED_HEAVY_CANDIDATE,2448,positive_debit,depth=3,OCTET_COMPOSITE|depth=3|q_abs=0,1.505208333,2446.494792,2446.494792,305.811849,2140.682943,yes,,BOUND_MATTER_ROW_ALLOWED,
QP093A-0202,bound_composite_rows,color_triad[4+4+8],OCTET_COMPOSITE,three_owner_color_closure,4+4+8,3,positive,2,triadic_charge_axis,fermion_baryon_half_write,color_owner_closed,CLOSED_THREE_OWNER_WRITE,BOUND_COLOR_CLOSED_HEAVY_CANDIDATE,3456,positive_debit,depth=3,OCTET_COMPOSITE|depth=3|q_abs=2,0.458333333,3455.541667,3503.535301,437.9419126,3065.593388,yes,,BOUND_MATTER_ROW_ALLOWED,
QP093A-0203,bound_composite_rows,color_triad[4+4+9],OCTET_COMPOSITE,three_owner_color_closure,4+4+9,3,neutral,0,triadic_charge_axis,fermion_baryon_half_write,color_owner_closed,CLOSED_THREE_OWNER_WRITE,BOUND_COLOR_CLOSED_HEAVY_CANDIDATE,4068,positive_debit,depth=3,OCTET_COMPOSITE|depth=3|q_abs=0,2.501302083,4065.498698,4065.498698,508.1873372,3557.311361,yes,,BOUND_MATTER_ROW_ALLOWED,
QP093A-0204,bound_composite_rows,color_triad[4+4+12],OCTET_COMPOSITE,three_owner_color_closure,4+4+12,3,neutral,0,triadic_charge_axis,fermion_baryon_half_write,color_owner_closed,CLOSED_THREE_OWNER_WRITE,BOUND_COLOR_CLOSED_HEAVY_CANDIDATE,6336,positive_debit,depth=3,OCTET_COMPOSITE|depth=3|q_abs=0,3.895833333,6332.104167,6332.104167,791.5130208,5540.591146,yes,,BOUND_MATTER_ROW_ALLOWED,
QP093A-0205,bound_composite_rows,color_triad[4+6+6],OCTET_COMPOSITE,three_owner_color_closure,4+6+6,3,negative,2,triadic_charge_axis,fermion_baryon_half_write,color_owner_closed,CLOSED_THREE_OWNER_WRITE,BOUND_COLOR_CLOSED_HEAVY_CANDIDATE,3168,negative_credit,depth=3,OCTET_COMPOSITE|depth=3|q_abs=2,-0.420138889,3168.420139,3212.425974,401.5532468,2810.872727,yes,,BOUND_MATTER_ROW_ALLOWED,
QP093A-0207,bound_composite_rows,color_triad[4+6+9],OCTET_COMPOSITE,three_owner_color_closure,4+6+9,3,negative,2,triadic_charge_axis,fermion_baryon_half_write,color_owner_closed,CLOSED_THREE_OWNER_WRITE,BOUND_COLOR_CLOSED_HEAVY_CANDIDATE,4788,negative_credit,depth=3,OCTET_COMPOSITE|depth=3|q_abs=2,-0.634982639,4788.634983,4855.143802,606.8929752,4248.250827,yes,,BOUND_MATTER_ROW_ALLOWED,
QP093A-0208,bound_composite_rows,color_triad[4+6+12],OCTET_COMPOSITE,three_owner_color_closure,4+6+12,3,negative,2,triadic_charge_axis,fermion_baryon_half_write,color_owner_closed,CLOSED_THREE_OWNER_WRITE,BOUND_COLOR_CLOSED_HEAVY_CANDIDATE,7056,negative_credit,depth=3,OCTET_COMPOSITE|depth=3|q_abs=2,-0.935763889,7056.935764,7154.948761,894.3685951,6260.580166,yes,,BOUND_MATTER_ROW_ALLOWED,
QP093A-0209,bound_composite_rows,color_triad[4+8+8],OCTET_COMPOSITE,three_owner_color_closure,4+8+8,3,negative,2,triadic_charge_axis,fermion_baryon_half_write,color_owner_closed,CLOSED_THREE_OWNER_WRITE,BOUND_COLOR_CLOSED_HEAVY_CANDIDATE,5184,negative_credit,depth=3,OCTET_COMPOSITE|depth=3|q_abs=2,-0.6875,5184.6875,5256.697049,657.0871311,4599.609918,yes,,BOUND_MATTER_ROW_ALLOWED,
QP093A-0210,bound_composite_rows,color_triad[4+8+9],GROUND_BARYON_3BODY,three_owner_color_closure,4+8+9,0,negative,4,triadic_charge_axis,fermion_baryon_half_write,color_owner_closed,CLOSED_THREE_OWNER_WRITE,BOUND_COLOR_CLOSED_HEAVY_CANDIDATE,5796,negative_credit,depth=0,GROUND_BARYON_3BODY|depth=0|q_abs=4,-3381,9177,9431.916667,1178.989583,8252.927083,yes,,BOUND_MATTER_ROW_ALLOWED,
QP093A-0211,bound_composite_rows,color_triad[4+8+12],GROUND_BARYON_3BODY,three_owner_color_closure,4+8+12,0,negative,4,triadic_charge_axis,fermion_baryon_half_write,color_owner_closed,CLOSED_THREE_OWNER_WRITE,BOUND_COLOR_CLOSED_HEAVY_CANDIDATE,8064,negative_credit,depth=0,GROUND_BARYON_3BODY|depth=0|q_abs=4,-4704,12768,13122.66667,1640.333333,11482.33333,yes,,BOUND_MATTER_ROW_ALLOWED,
QP093A-0212,bound_composite_rows,color_triad[4+9+9],OCTET_COMPOSITE,three_owner_color_closure,4+9+9,3,negative,5,triadic_charge_axis,fermion_baryon_half_write,color_owner_closed,CLOSED_THREE_OWNER_WRITE,BOUND_COLOR_CLOSED_HEAVY_CANDIDATE,6408,negative_credit,depth=3,OCTET_COMPOSITE|depth=3|q_abs=5,-1.776909722,6409.77691,6632.338608,829.042326,5803.296282,yes,,BOUND_MATTER_ROW_ALLOWED,
QP093A-0213,bound_composite_rows,color_triad[4+9+12],OCTET_COMPOSITE,three_owner_color_closure,4+9+12,3,negative,5,triadic_charge_axis,fermion_baryon_half_write,color_owner_closed,CLOSED_THREE_OWNER_WRITE,BOUND_COLOR_CLOSED_HEAVY_CANDIDATE,8676,negative_credit,depth=3,OCTET_COMPOSITE|depth=3|q_abs=5,-2.405815972,8678.405816,8979.739351,1122.467419,7857.271932,yes,,BOUND_MATTER_ROW_ALLOWED,
QP093A-0214,bound_composite_rows,color_triad[4+12+12],OCTET_COMPOSITE,three_owner_color_closure,4+12+12,3,negative,8,triadic_charge_axis,fermion_baryon_half_write,color_owner_closed,CLOSED_THREE_OWNER_WRITE,BOUND_COLOR_CLOSED_HEAVY_CANDIDATE,10944,negative_credit,depth=3,OCTET_COMPOSITE|depth=3|q_abs=8,-4.618055556,10948.61806,11556.87461,1444.609327,10112.26529,yes,,BOUND_MATTER_ROW_ALLOWED,
QP093A-0216,bound_composite_rows,color_triad[6+6+8],OCTET_COMPOSITE,three_owner_color_closure,6+6+8,3,positive,2,triadic_charge_axis,fermion_baryon_half_write,color_owner_closed,CLOSED_THREE_OWNER_WRITE,BOUND_COLOR_CLOSED_HEAVY_CANDIDATE,4896,positive_debit,depth=3,OCTET_COMPOSITE|depth=3|q_abs=2,0.649305556,4895.350694,4963.341676,620.4177095,4342.923967,yes,,BOUND_MATTER_ROW_ALLOWED,
QP093A-0219,bound_composite_rows,color_triad[6+8+8],OCTET_COMPOSITE,three_owner_color_closure,6+8+8,3,neutral,0,triadic_charge_axis,fermion_baryon_half_write,color_owner_closed,CLOSED_THREE_OWNER_WRITE,BOUND_COLOR_CLOSED_HEAVY_CANDIDATE,5904,positive_debit,depth=3,OCTET_COMPOSITE|depth=3|q_abs=0,3.630208333,5900.369792,5900.369792,737.546224,5162.823568,yes,,BOUND_MATTER_ROW_ALLOWED,
QP093A-0220,bound_composite_rows,color_triad[6+8+9],OCTET_COMPOSITE,three_owner_color_closure,6+8+9,3,negative,2,triadic_charge_axis,fermion_baryon_half_write,color_owner_closed,CLOSED_THREE_OWNER_WRITE,BOUND_COLOR_CLOSED_HEAVY_CANDIDATE,6516,negative_credit,depth=3,OCTET_COMPOSITE|depth=3|q_abs=2,-0.864149306,6516.864149,6607.376151,825.9220189,5781.454132,yes,,BOUND_MATTER_ROW_ALLOWED,
QP093A-0221,bound_composite_rows,color_triad[6+8+12],OCTET_COMPOSITE,three_owner_color_closure,6+8+12,3,negative,2,triadic_charge_axis,fermion_baryon_half_write,color_owner_closed,CLOSED_THREE_OWNER_WRITE,BOUND_COLOR_CLOSED_HEAVY_CANDIDATE,8784,negative_credit,depth=3,OCTET_COMPOSITE|depth=3|q_abs=2,-1.164930556,8785.164931,8907.18111,1113.397639,7793.783471,yes,,BOUND_MATTER_ROW_ALLOWED,
QP093A-0222,bound_composite_rows,color_triad[6+9+9],GROUND_BARYON_3BODY,three_owner_color_closure,6+9+9,0,negative,3,triadic_charge_axis,fermion_baryon_half_write,color_owner_closed,CLOSED_THREE_OWNER_WRITE,BOUND_COLOR_CLOSED_HEAVY_CANDIDATE,7128,negative_credit,depth=0,GROUND_BARYON_3BODY|depth=0|q_abs=3,-3564,10692,10914.75,1364.34375,9550.40625,yes,,BOUND_MATTER_ROW_ALLOWED,
QP093A-0223,bound_composite_rows,color_triad[6+9+12],GROUND_BARYON_3BODY,three_owner_color_closure,6+9+12,0,negative,3,triadic_charge_axis,fermion_baryon_half_write,color_owner_closed,CLOSED_THREE_OWNER_WRITE,BOUND_COLOR_CLOSED_HEAVY_CANDIDATE,9396,negative_credit,depth=0,GROUND_BARYON_3BODY|depth=0|q_abs=3,-4698,14094,14387.625,1798.453125,12589.17188,yes,,BOUND_MATTER_ROW_ALLOWED,
QP093A-0224,bound_composite_rows,color_triad[6+12+12],GROUND_BARYON_3BODY,three_owner_color_closure,6+12+12,0,negative,6,triadic_charge_axis,fermion_baryon_half_write,color_owner_closed,CLOSED_THREE_OWNER_WRITE,BOUND_COLOR_CLOSED_HEAVY_CANDIDATE,11664,negative_credit,depth=0,GROUND_BARYON_3BODY|depth=0|q_abs=6,-8748,20412,21262.5,2657.8125,18604.6875,yes,,BOUND_MATTER_ROW_ALLOWED,
QP093A-0225,bound_composite_rows,color_triad[8+8+8],GROUND_BARYON_3BODY,three_owner_color_closure,8+8+8,0,positive,2,triadic_charge_axis,fermion_baryon_half_write,color_owner_closed,CLOSED_THREE_OWNER_WRITE,BOUND_COLOR_CLOSED_STABLE_CANDIDATE,6912,positive_debit,depth=0,GROUND_BARYON_3BODY|depth=0|q_abs=2,2880,4032,4088,511,3577,yes,,BOUND_MATTER_ROW_ALLOWED,
QP093A-0226,bound_composite_rows,color_triad[8+8+9],OCTET_COMPOSITE,three_owner_color_closure,8+8+9,3,neutral,0,triadic_charge_axis,fermion_baryon_half_write,color_owner_closed,CLOSED_THREE_OWNER_WRITE,BOUND_COLOR_CLOSED_HEAVY_CANDIDATE,7524,positive_debit,depth=3,OCTET_COMPOSITE|depth=3|q_abs=0,4.626302083,7519.373698,7519.373698,939.9217122,6579.451986,yes,,BOUND_MATTER_ROW_ALLOWED,
QP093A-0227,bound_composite_rows,color_triad[8+8+12],OCTET_COMPOSITE,three_owner_color_closure,8+8+12,3,neutral,0,triadic_charge_axis,fermion_baryon_half_write,color_owner_closed,CLOSED_THREE_OWNER_WRITE,BOUND_COLOR_CLOSED_HEAVY_CANDIDATE,9792,positive_debit,depth=3,OCTET_COMPOSITE|depth=3|q_abs=0,6.020833333,9785.979167,9785.979167,1223.247396,8562.731771,yes,,BOUND_MATTER_ROW_ALLOWED,
QP093A-0228,bound_composite_rows,color_triad[8+9+9],OCTET_COMPOSITE,three_owner_color_closure,8+9+9,3,negative,1,triadic_charge_axis,fermion_baryon_half_write,color_owner_closed,CLOSED_THREE_OWNER_WRITE,BOUND_COLOR_CLOSED_HEAVY_CANDIDATE,8136,negative_credit,depth=3,OCTET_COMPOSITE|depth=3|q_abs=1,-0.686631944,8136.686632,8193.1914,1024.148925,7169.042475,yes,,BOUND_MATTER_ROW_ALLOWED,
QP093A-0229,bound_composite_rows,color_triad[8+9+12],OCTET_COMPOSITE,three_owner_color_closure,8+9+12,3,negative,1,triadic_charge_axis,fermion_baryon_half_write,color_owner_closed,CLOSED_THREE_OWNER_WRITE,BOUND_COLOR_CLOSED_HEAVY_CANDIDATE,10404,negative_credit,depth=3,OCTET_COMPOSITE|depth=3|q_abs=1,-0.878038194,10404.87804,10477.13414,1309.641767,9167.492369,yes,,BOUND_MATTER_ROW_ALLOWED,
QP093A-0230,bound_composite_rows,color_triad[8+12+12],OCTET_COMPOSITE,three_owner_color_closure,8+12+12,3,negative,4,triadic_charge_axis,fermion_baryon_half_write,color_owner_closed,CLOSED_THREE_OWNER_WRITE,BOUND_COLOR_CLOSED_HEAVY_CANDIDATE,12672,negative_credit,depth=3,OCTET_COMPOSITE|depth=3|q_abs=4,-2.902777778,12674.90278,13026.98341,1628.372926,11398.61048,yes,,BOUND_MATTER_ROW_ALLOWED,
QP093A-0233,bound_composite_rows,color_triad[9+12+12],GROUND_BARYON_3BODY,three_owner_color_closure,9+12+12,0,negative,3,triadic_charge_axis,fermion_baryon_half_write,color_owner_closed,CLOSED_THREE_OWNER_WRITE,BOUND_COLOR_CLOSED_HEAVY_CANDIDATE,13284,negative_credit,depth=0,GROUND_BARYON_3BODY|depth=0|q_abs=3,-6642,19926,20341.125,2542.640625,17798.48437,yes,,BOUND_MATTER_ROW_ALLOWED,
QP093A-0235,bound_composite_rows,pair_write[1|anti1],BOUND_COLOR_PAIR,two_owner_pair_closure,1+1,1,neutral,0,pair_charge_axis,boson_integer_write,owner_pair_closed,CLOSED_PAIR_WRITE,BOUND_PAIR_NEUTRAL_CANDIDATE,12,positive_debit,depth=1,BOUND_COLOR_PAIR|depth=1|q_abs=0,1.25,10.75,10.75,1.34375,9.40625,yes,,BOUND_COMPOSITE_ROW_ALLOWED,
QP093A-0236,bound_composite_rows,pair_write[1|anti2],BOUND_COLOR_PAIR,two_owner_pair_closure,1+2,3,negative,1,pair_charge_axis,boson_integer_write,owner_pair_closed,CLOSED_PAIR_WRITE,BOUND_PAIR_CHARGED_CANDIDATE,27,negative_credit,depth=3,BOUND_COLOR_PAIR|depth=3|q_abs=1,-0.005208333,27.00520833,27.1927445,3.399093063,23.79365144,yes,,BOUND_COMPOSITE_ROW_ALLOWED,
QP093A-0237,bound_composite_rows,pair_write[1|anti3],BOUND_COLOR_PAIR,two_owner_pair_closure,1+3,3,negative,2,pair_charge_axis,boson_integer_write,owner_pair_closed,CLOSED_PAIR_WRITE,BOUND_PAIR_CHARGED_CANDIDATE,42,negative_credit,depth=3,BOUND_COLOR_PAIR|depth=3|q_abs=2,-0.010127315,42.01012731,42.59360131,5.324200163,37.26940114,yes,,BOUND_COMPOSITE_ROW_ALLOWED,
QP093A-0238,bound_composite_rows,pair_write[1|anti4],BOUND_COLOR_PAIR,two_owner_pair_closure,1+4,3,negative,3,pair_charge_axis,boson_integer_write,owner_pair_closed,CLOSED_PAIR_WRITE,BOUND_PAIR_CHARGED_CANDIDATE,57,negative_credit,depth=3,BOUND_COLOR_PAIR|depth=3|q_abs=3,-0.016493056,57.01649306,58.20433666,7.275542083,50.92879458,yes,,BOUND_COMPOSITE_ROW_ALLOWED,
QP093A-0239,bound_composite_rows,pair_write[1|anti6],BOUND_COLOR_PAIR,two_owner_pair_closure,1+6,3,negative,5,pair_charge_axis,boson_integer_write,owner_pair_closed,CLOSED_PAIR_WRITE,BOUND_PAIR_CHARGED_CANDIDATE,87,negative_credit,depth=3,BOUND_COLOR_PAIR|depth=3|q_abs=5,-0.033564815,87.03356481,90.05556359,11.25694545,78.79861814,yes,,BOUND_COMPOSITE_ROW_ALLOWED,
QP093A-0240,bound_composite_rows,pair_write[1|anti8],BOUND_COLOR_PAIR,two_owner_pair_closure,1+8,3,negative,7,pair_charge_axis,boson_integer_write,owner_pair_closed,CLOSED_PAIR_WRITE,BOUND_PAIR_CHARGED_CANDIDATE,117,negative_credit,depth=3,BOUND_COLOR_PAIR|depth=3|q_abs=7,-0.056423611,117.0564236,122.7466664,15.3433333,107.4033331,yes,,BOUND_COMPOSITE_ROW_ALLOWED,
QP093A-0241,bound_composite_rows,pair_write[1|anti9],OCTET_COMPOSITE,two_owner_pair_closure,1+9,3,negative,8,pair_charge_axis,boson_integer_write,owner_pair_closed,CLOSED_PAIR_WRITE,BOUND_PAIR_CHARGED_CANDIDATE,132,negative_credit,depth=3,OCTET_COMPOSITE|depth=3|q_abs=8,-0.055700231,132.0557002,139.392128,17.424016,121.968112,yes,,BOUND_COMPOSITE_ROW_ALLOWED,
QP093A-0242,unstable_resonance_rows,pair_write[1|anti12],OCTET_COMPOSITE,two_owner_pair_closure,1+12,3,negative,11,pair_charge_axis,boson_integer_write,owner_pair_closed,CLOSED_PAIR_WRITE,UNSTABLE_PAIR_HEAVY_CANDIDATE,177,negative_credit,depth=3,OCTET_COMPOSITE|depth=3|q_abs=11,-0.100296586,177.1002966,190.6287915,23.82859893,166.8001925,yes,,BOUND_COMPOSITE_ROW_ALLOWED,
QP093A-0243,bound_composite_rows,pair_write[2|anti1],BOUND_COLOR_PAIR,two_owner_pair_closure,2+1,3,positive,1,pair_charge_axis,boson_integer_write,owner_pair_closed,CLOSED_PAIR_WRITE,BOUND_PAIR_CHARGED_CANDIDATE,27,positive_debit,depth=3,BOUND_COLOR_PAIR|depth=3|q_abs=1,0.005208333,26.99479167,27.1822555,3.397781937,23.78447356,yes,,BOUND_COMPOSITE_ROW_ALLOWED,
QP093A-0244,bound_composite_rows,pair_write[2|anti2],BOUND_COLOR_PAIR,two_owner_pair_closure,2+2,1,neutral,0,pair_charge_axis,boson_integer_write,owner_pair_closed,CLOSED_PAIR_WRITE,BOUND_PAIR_NEUTRAL_CANDIDATE,48,positive_debit,depth=1,BOUND_COLOR_PAIR|depth=1|q_abs=0,5,43,43,5.375,37.625,yes,,BOUND_COMPOSITE_ROW_ALLOWED,
QP093A-0245,bound_composite_rows,pair_write[2|anti3],BOUND_COLOR_PAIR,two_owner_pair_closure,2+3,3,negative,1,pair_charge_axis,boson_integer_write,owner_pair_closed,CLOSED_PAIR_WRITE,BOUND_PAIR_CHARGED_CANDIDATE,75,negative_credit,depth=3,BOUND_COLOR_PAIR|depth=3|q_abs=1,-0.014467593,75.01446759,75.5354014,9.441925174,66.09347622,yes,,BOUND_COMPOSITE_ROW_ALLOWED,
QP093A-0246,bound_composite_rows,pair_write[2|anti4],BOUND_COLOR_PAIR,two_owner_pair_closure,2+4,3,negative,2,pair_charge_axis,boson_integer_write,owner_pair_closed,CLOSED_PAIR_WRITE,BOUND_PAIR_CHARGED_CANDIDATE,102,negative_credit,depth=3,BOUND_COLOR_PAIR|depth=3|q_abs=2,-0.024594907,102.0245949,103.4416032,12.9302004,90.51140277,yes,,BOUND_COMPOSITE_ROW_ALLOWED,
QP093A-0247,bound_composite_rows,pair_write[2|anti6],BOUND_COLOR_PAIR,two_owner_pair_closure,2+6,3,negative,4,pair_charge_axis,boson_integer_write,owner_pair_closed,CLOSED_PAIR_WRITE,BOUND_PAIR_CHARGED_CANDIDATE,156,negative_credit,depth=3,BOUND_COLOR_PAIR|depth=3|q_abs=4,-0.052662037,156.052662,160.3874582,20.04843228,140.3390259,yes,,BOUND_COMPOSITE_ROW_ALLOWED,
QP093A-0248,bound_composite_rows,pair_write[2|anti8],BOUND_COLOR_PAIR,two_owner_pair_closure,2+8,3,negative,6,pair_charge_axis,boson_integer_write,owner_pair_closed,CLOSED_PAIR_WRITE,BOUND_PAIR_CHARGED_CANDIDATE,210,negative_credit,depth=3,BOUND_COLOR_PAIR|depth=3|q_abs=6,-0.091145833,210.0911458,218.8449436,27.35561795,191.4893256,yes,,BOUND_COMPOSITE_ROW_ALLOWED,
QP093A-0249,bound_composite_rows,pair_write[2|anti9],OCTET_COMPOSITE,two_owner_pair_closure,2+9,3,negative,7,pair_charge_axis,boson_integer_write,owner_pair_closed,CLOSED_PAIR_WRITE,BOUND_PAIR_CHARGED_CANDIDATE,237,negative_credit,depth=3,OCTET_COMPOSITE|depth=3|q_abs=7,-0.088577836,237.0885778,248.613717,31.07671463,217.5370024,yes,,BOUND_COMPOSITE_ROW_ALLOWED,
QP093A-0250,unstable_resonance_rows,pair_write[2|anti12],OCTET_COMPOSITE,two_owner_pair_closure,2+12,3,negative,10,pair_charge_axis,boson_integer_write,owner_pair_closed,CLOSED_PAIR_WRITE,UNSTABLE_PAIR_HEAVY_CANDIDATE,318,negative_credit,depth=3,OCTET_COMPOSITE|depth=3|q_abs=10,-0.164858218,318.1648582,340.25964,42.532455,297.727185,yes,,BOUND_COMPOSITE_ROW_ALLOWED,
QP093A-0251,bound_composite_rows,pair_write[3|anti1],BOUND_COLOR_PAIR,two_owner_pair_closure,3+1,3,positive,2,pair_charge_axis,boson_integer_write,owner_pair_closed,CLOSED_PAIR_WRITE,BOUND_PAIR_CHARGED_CANDIDATE,42,positive_debit,depth=3,BOUND_COLOR_PAIR|depth=3|q_abs=2,0.010127315,41.98987269,42.57306536,5.32163317,37.25143219,yes,,BOUND_COMPOSITE_ROW_ALLOWED,
QP093A-0252,bound_composite_rows,pair_write[3|anti2],BOUND_COLOR_PAIR,two_owner_pair_closure,3+2,3,positive,1,pair_charge_axis,boson_integer_write,owner_pair_closed,CLOSED_PAIR_WRITE,BOUND_PAIR_CHARGED_CANDIDATE,75,positive_debit,depth=3,BOUND_COLOR_PAIR|depth=3|q_abs=1,0.014467593,74.98553241,75.50626527,9.438283159,66.06798211,yes,,BOUND_COMPOSITE_ROW_ALLOWED,
QP093A-0253,bound_composite_rows,pair_write[3|anti3],BOUND_COLOR_PAIR,two_owner_pair_closure,3+3,1,neutral,0,pair_charge_axis,boson_integer_write,owner_pair_closed,CLOSED_PAIR_WRITE,BOUND_PAIR_NEUTRAL_CANDIDATE,108,positive_debit,depth=1,BOUND_COLOR_PAIR|depth=1|q_abs=0,11.25,96.75,96.75,12.09375,84.65625,yes,,BOUND_COMPOSITE_ROW_ALLOWED,
QP093A-0254,bound_composite_rows,pair_write[3|anti4],BOUND_COLOR_PAIR,two_owner_pair_closure,3+4,3,negative,1,pair_charge_axis,boson_integer_write,owner_pair_closed,CLOSED_PAIR_WRITE,BOUND_PAIR_CHARGED_CANDIDATE,147,negative_credit,depth=3,BOUND_COLOR_PAIR|depth=3|q_abs=1,-0.028356481,147.0283565,148.0493867,18.50617334,129.5432134,yes,,BOUND_COMPOSITE_ROW_ALLOWED,
QP093A-0255,bound_composite_rows,pair_write[3|anti6],BOUND_COLOR_PAIR,two_owner_pair_closure,3+6,3,negative,3,pair_charge_axis,boson_integer_write,owner_pair_closed,CLOSED_PAIR_WRITE,BOUND_PAIR_CHARGED_CANDIDATE,225,negative_credit,depth=3,BOUND_COLOR_PAIR|depth=3|q_abs=3,-0.065104167,225.0651042,229.7539605,28.71924506,201.0347154,yes,,BOUND_COMPOSITE_ROW_ALLOWED,
QP093A-0256,bound_composite_rows,pair_write[3|anti8],BOUND_COLOR_PAIR,two_owner_pair_closure,3+8,3,negative,5,pair_charge_axis,boson_integer_write,owner_pair_closed,CLOSED_PAIR_WRITE,BOUND_PAIR_CHARGED_CANDIDATE,303,negative_credit,depth=3,BOUND_COLOR_PAIR|depth=3|q_abs=5,-0.116898148,303.1168981,313.6417904,39.20522381,274.4365666,yes,,BOUND_COMPOSITE_ROW_ALLOWED,
QP093A-0257,bound_composite_rows,pair_write[3|anti9],OCTET_COMPOSITE,two_owner_pair_closure,3+9,3,negative,6,pair_charge_axis,boson_integer_write,owner_pair_closed,CLOSED_PAIR_WRITE,BOUND_PAIR_CHARGED_CANDIDATE,342,negative_credit,depth=3,OCTET_COMPOSITE|depth=3|q_abs=6,-0.111328125,342.1113281,356.3659668,44.54574585,311.8202209,yes,,BOUND_COMPOSITE_ROW_ALLOWED,
QP093A-0258,unstable_resonance_rows,pair_write[3|anti12],OCTET_COMPOSITE,two_owner_pair_closure,3+12,3,negative,9,pair_charge_axis,boson_integer_write,owner_pair_closed,CLOSED_PAIR_WRITE,UNSTABLE_PAIR_HEAVY_CANDIDATE,459,negative_credit,depth=3,OCTET_COMPOSITE|depth=3|q_abs=9,-0.215820313,459.2158203,487.9168091,60.98960114,426.9272079,yes,,BOUND_COMPOSITE_ROW_ALLOWED,
QP093A-0259,bound_composite_rows,pair_write[4|anti1],BOUND_COLOR_PAIR,two_owner_pair_closure,4+1,3,positive,3,pair_charge_axis,boson_integer_write,owner_pair_closed,CLOSED_PAIR_WRITE,BOUND_PAIR_CHARGED_CANDIDATE,57,positive_debit,depth=3,BOUND_COLOR_PAIR|depth=3|q_abs=3,0.016493056,56.98350694,58.17066334,7.271332917,50.89933042,yes,,BOUND_COMPOSITE_ROW_ALLOWED,
QP093A-0260,bound_composite_rows,pair_write[4|anti2],BOUND_COLOR_PAIR,two_owner_pair_closure,4+2,3,positive,2,pair_charge_axis,boson_integer_write,owner_pair_closed,CLOSED_PAIR_WRITE,BOUND_PAIR_CHARGED_CANDIDATE,102,positive_debit,depth=3,BOUND_COLOR_PAIR|depth=3|q_abs=2,0.024594907,101.9754051,103.3917302,12.92396627,90.46776389,yes,,BOUND_COMPOSITE_ROW_ALLOWED,
QP093A-0261,bound_composite_rows,pair_write[4|anti3],BOUND_COLOR_PAIR,two_owner_pair_closure,4+3,3,positive,1,pair_charge_axis,boson_integer_write,owner_pair_closed,CLOSED_PAIR_WRITE,BOUND_PAIR_CHARGED_CANDIDATE,147,positive_debit,depth=3,BOUND_COLOR_PAIR|depth=3|q_abs=1,0.028356481,146.9716435,147.9922799,18.49903499,129.4932449,yes,,BOUND_COMPOSITE_ROW_ALLOWED,
QP093A-0262,bound_composite_rows,pair_write[4|anti4],BOUND_COLOR_PAIR,two_owner_pair_closure,4+4,1,neutral,0,pair_charge_axis,boson_integer_write,owner_pair_closed,CLOSED_PAIR_WRITE,BOUND_PAIR_NEUTRAL_CANDIDATE,192,positive_debit,depth=1,BOUND_COLOR_PAIR|depth=1|q_abs=0,20,172,172,21.5,150.5,yes,,BOUND_COMPOSITE_ROW_ALLOWED,
QP093A-0263,bound_composite_rows,pair_write[4|anti6],BOUND_COLOR_PAIR,two_owner_pair_closure,4+6,3,negative,2,pair_charge_axis,boson_integer_write,owner_pair_closed,CLOSED_PAIR_WRITE,BOUND_PAIR_CHARGED_CANDIDATE,294,negative_credit,depth=3,BOUND_COLOR_PAIR|depth=3|q_abs=2,-0.070891204,294.0708912,298.1552091,37.26940114,260.885808,yes,,BOUND_COMPOSITE_ROW_ALLOWED,
QP093A-0264,bound_composite_rows,pair_write[4|anti8],BOUND_COLOR_PAIR,two_owner_pair_closure,4+8,3,negative,4,pair_charge_axis,boson_integer_write,owner_pair_closed,CLOSED_PAIR_WRITE,BOUND_PAIR_CHARGED_CANDIDATE,396,negative_credit,depth=3,BOUND_COLOR_PAIR|depth=3|q_abs=4,-0.133680556,396.1336806,407.1373939,50.89217424,356.2452197,yes,,BOUND_COMPOSITE_ROW_ALLOWED,
QP093A-0265,bound_composite_rows,pair_write[4|anti9],OCTET_COMPOSITE,two_owner_pair_closure,4+9,3,negative,5,pair_charge_axis,boson_integer_write,owner_pair_closed,CLOSED_PAIR_WRITE,BOUND_PAIR_CHARGED_CANDIDATE,447,negative_credit,depth=3,OCTET_COMPOSITE|depth=3|q_abs=5,-0.1239511,447.1239511,462.6490883,57.83113604,404.8179523,yes,,BOUND_COMPOSITE_ROW_ALLOWED,
QP093A-0266,unstable_resonance_rows,pair_write[4|anti12],OCTET_COMPOSITE,two_owner_pair_closure,4+12,3,negative,8,pair_charge_axis,boson_integer_write,owner_pair_closed,CLOSED_PAIR_WRITE,UNSTABLE_PAIR_HEAVY_CANDIDATE,600,negative_credit,depth=3,OCTET_COMPOSITE|depth=3|q_abs=8,-0.25318287,600.2531829,633.6005819,79.20007274,554.4005092,yes,,BOUND_COMPOSITE_ROW_ALLOWED,
QP093A-0267,bound_composite_rows,pair_write[6|anti1],BOUND_COLOR_PAIR,two_owner_pair_closure,6+1,3,positive,5,pair_charge_axis,boson_integer_write,owner_pair_closed,CLOSED_PAIR_WRITE,BOUND_PAIR_CHARGED_CANDIDATE,87,positive_debit,depth=3,BOUND_COLOR_PAIR|depth=3|q_abs=5,0.033564815,86.96643519,89.98610307,11.24826288,78.73784019,yes,,BOUND_COMPOSITE_ROW_ALLOWED,
QP093A-0268,bound_composite_rows,pair_write[6|anti2],BOUND_COLOR_PAIR,two_owner_pair_closure,6+2,3,positive,4,pair_charge_axis,boson_integer_write,owner_pair_closed,CLOSED_PAIR_WRITE,BOUND_PAIR_CHARGED_CANDIDATE,156,positive_debit,depth=3,BOUND_COLOR_PAIR|depth=3|q_abs=4,0.052662037,155.947338,160.2792085,20.03490106,140.2443074,yes,,BOUND_COMPOSITE_ROW_ALLOWED,
QP093A-0269,bound_composite_rows,pair_write[6|anti3],BOUND_COLOR_PAIR,two_owner_pair_closure,6+3,3,positive,3,pair_charge_axis,boson_integer_write,owner_pair_closed,CLOSED_PAIR_WRITE,BOUND_PAIR_CHARGED_CANDIDATE,225,positive_debit,depth=3,BOUND_COLOR_PAIR|depth=3|q_abs=3,0.065104167,224.9348958,229.6210395,28.70262994,200.9184096,yes,,BOUND_COMPOSITE_ROW_ALLOWED,
QP093A-0270,bound_composite_rows,pair_write[6|anti4],BOUND_COLOR_PAIR,two_owner_pair_closure,6+4,3,positive,2,pair_charge_axis,boson_integer_write,owner_pair_closed,CLOSED_PAIR_WRITE,BOUND_PAIR_CHARGED_CANDIDATE,294,positive_debit,depth=3,BOUND_COLOR_PAIR|depth=3|q_abs=2,0.070891204,293.9291088,298.0114575,37.25143219,260.7600253,yes,,BOUND_COMPOSITE_ROW_ALLOWED,
QP093A-0271,bound_composite_rows,pair_write[6|anti6],BOUND_COLOR_PAIR,two_owner_pair_closure,6+6,1,neutral,0,pair_charge_axis,boson_integer_write,owner_pair_closed,CLOSED_PAIR_WRITE,BOUND_PAIR_NEUTRAL_CANDIDATE,432,positive_debit,depth=1,BOUND_COLOR_PAIR|depth=1|q_abs=0,45,387,387,48.375,338.625,yes,,BOUND_COMPOSITE_ROW_ALLOWED,
QP093A-0272,bound_composite_rows,pair_write[6|anti8],BOUND_COLOR_PAIR,two_owner_pair_closure,6+8,3,negative,2,pair_charge_axis,boson_integer_write,owner_pair_closed,CLOSED_PAIR_WRITE,BOUND_PAIR_CHARGED_CANDIDATE,582,negative_credit,depth=3,BOUND_COLOR_PAIR|depth=3|q_abs=2,-0.140335648,582.1403356,590.2256181,73.77820226,516.4474158,yes,,BOUND_COMPOSITE_ROW_ALLOWED,
QP093A-0273,bound_composite_rows,pair_write[6|anti9],OCTET_COMPOSITE,two_owner_pair_closure,6+9,3,negative,3,pair_charge_axis,boson_integer_write,owner_pair_closed,CLOSED_PAIR_WRITE,BOUND_PAIR_CHARGED_CANDIDATE,657,negative_credit,depth=3,OCTET_COMPOSITE|depth=3|q_abs=3,-0.118815104,657.1188151,670.8087904,83.8510988,586.9576916,yes,,BOUND_COMPOSITE_ROW_ALLOWED,
QP093A-0274,unstable_resonance_rows,pair_write[6|anti12],OCTET_COMPOSITE,two_owner_pair_closure,6+12,3,negative,6,pair_charge_axis,boson_integer_write,owner_pair_closed,CLOSED_PAIR_WRITE,UNSTABLE_PAIR_HEAVY_CANDIDATE,882,negative_credit,depth=3,OCTET_COMPOSITE|depth=3|q_abs=6,-0.287109375,882.2871094,919.0490723,114.881134,804.1679382,yes,,BOUND_COMPOSITE_ROW_ALLOWED,
QP093A-0275,bound_composite_rows,pair_write[8|anti1],BOUND_COLOR_PAIR,two_owner_pair_closure,8+1,3,positive,7,pair_charge_axis,boson_integer_write,owner_pair_closed,CLOSED_PAIR_WRITE,BOUND_PAIR_CHARGED_CANDIDATE,117,positive_debit,depth=3,BOUND_COLOR_PAIR|depth=3|q_abs=7,0.056423611,116.9435764,122.6283336,15.3285417,107.2997919,yes,,BOUND_COMPOSITE_ROW_ALLOWED,
QP093A-0276,bound_composite_rows,pair_write[8|anti2],BOUND_COLOR_PAIR,two_owner_pair_closure,8+2,3,positive,6,pair_charge_axis,boson_integer_write,owner_pair_closed,CLOSED_PAIR_WRITE,BOUND_PAIR_CHARGED_CANDIDATE,210,positive_debit,depth=3,BOUND_COLOR_PAIR|depth=3|q_abs=6,0.091145833,209.9088542,218.6550564,27.33188205,191.3231744,yes,,BOUND_COMPOSITE_ROW_ALLOWED,
QP093A-0277,bound_composite_rows,pair_write[8|anti3],BOUND_COLOR_PAIR,two_owner_pair_closure,8+3,3,positive,5,pair_charge_axis,boson_integer_write,owner_pair_closed,CLOSED_PAIR_WRITE,BOUND_PAIR_CHARGED_CANDIDATE,303,positive_debit,depth=3,BOUND_COLOR_PAIR|depth=3|q_abs=5,0.116898148,302.8831019,313.3998762,39.17498453,274.2248917,yes,,BOUND_COMPOSITE_ROW_ALLOWED,
QP093A-0278,bound_composite_rows,pair_write[8|anti4],BOUND_COLOR_PAIR,two_owner_pair_closure,8+4,3,positive,4,pair_charge_axis,boson_integer_write,owner_pair_closed,CLOSED_PAIR_WRITE,BOUND_PAIR_CHARGED_CANDIDATE,396,positive_debit,depth=3,BOUND_COLOR_PAIR|depth=3|q_abs=4,0.133680556,395.8663194,406.8626061,50.85782576,356.0047803,yes,,BOUND_COMPOSITE_ROW_ALLOWED,
QP093A-0279,bound_composite_rows,pair_write[8|anti6],BOUND_COLOR_PAIR,two_owner_pair_closure,8+6,3,positive,2,pair_charge_axis,boson_integer_write,owner_pair_closed,CLOSED_PAIR_WRITE,BOUND_PAIR_CHARGED_CANDIDATE,582,positive_debit,depth=3,BOUND_COLOR_PAIR|depth=3|q_abs=2,0.140335648,581.8596644,589.9410486,73.74263107,516.1984175,yes,,BOUND_COMPOSITE_ROW_ALLOWED,
QP093A-0280,bound_composite_rows,pair_write[8|anti8],BOUND_COLOR_PAIR,two_owner_pair_closure,8+8,1,neutral,0,pair_charge_axis,boson_integer_write,owner_pair_closed,CLOSED_PAIR_WRITE,BOUND_PAIR_NEUTRAL_CANDIDATE,768,positive_debit,depth=1,BOUND_COLOR_PAIR|depth=1|q_abs=0,80,688,688,86,602,yes,,BOUND_COMPOSITE_ROW_ALLOWED,
QP093A-0281,bound_composite_rows,pair_write[8|anti9],OCTET_COMPOSITE,two_owner_pair_closure,8+9,3,negative,1,pair_charge_axis,boson_integer_write,owner_pair_closed,CLOSED_PAIR_WRITE,BOUND_PAIR_CHARGED_CANDIDATE,867,negative_credit,depth=3,OCTET_COMPOSITE|depth=3|q_abs=1,-0.07316985,867.0731698,873.0945113,109.1368139,763.9576974,yes,,BOUND_COMPOSITE_ROW_ALLOWED,
QP093A-0282,unstable_resonance_rows,pair_write[8|anti12],OCTET_COMPOSITE,two_owner_pair_closure,8+12,3,negative,4,pair_charge_axis,boson_integer_write,owner_pair_closed,CLOSED_PAIR_WRITE,UNSTABLE_PAIR_HEAVY_CANDIDATE,1164,negative_credit,depth=3,OCTET_COMPOSITE|depth=3|q_abs=4,-0.266637731,1164.266638,1196.607378,149.5759222,1047.031455,yes,,BOUND_COMPOSITE_ROW_ALLOWED,
QP093A-0283,bound_composite_rows,pair_write[9|anti1],OCTET_COMPOSITE,two_owner_pair_closure,9+1,3,positive,8,pair_charge_axis,boson_integer_write,owner_pair_closed,CLOSED_PAIR_WRITE,BOUND_PAIR_CHARGED_CANDIDATE,132,positive_debit,depth=3,OCTET_COMPOSITE|depth=3|q_abs=8,0.055700231,131.9442998,139.2745386,17.40931733,121.8652213,yes,,BOUND_COMPOSITE_ROW_ALLOWED,
QP093A-0284,bound_composite_rows,pair_write[9|anti2],OCTET_COMPOSITE,two_owner_pair_closure,9+2,3,positive,7,pair_charge_axis,boson_integer_write,owner_pair_closed,CLOSED_PAIR_WRITE,BOUND_PAIR_CHARGED_CANDIDATE,237,positive_debit,depth=3,OCTET_COMPOSITE|depth=3|q_abs=7,0.088577836,236.9114222,248.4279496,31.0534937,217.3744559,yes,,BOUND_COMPOSITE_ROW_ALLOWED,
QP093A-0285,bound_composite_rows,pair_write[9|anti3],OCTET_COMPOSITE,two_owner_pair_closure,9+3,3,positive,6,pair_charge_axis,boson_integer_write,owner_pair_closed,CLOSED_PAIR_WRITE,BOUND_PAIR_CHARGED_CANDIDATE,342,positive_debit,depth=3,OCTET_COMPOSITE|depth=3|q_abs=6,0.111328125,341.8886719,356.1340332,44.51675415,311.6172791,yes,,BOUND_COMPOSITE_ROW_ALLOWED,
QP093A-0286,bound_composite_rows,pair_write[9|anti4],OCTET_COMPOSITE,two_owner_pair_closure,9+4,3,positive,5,pair_charge_axis,boson_integer_write,owner_pair_closed,CLOSED_PAIR_WRITE,BOUND_PAIR_CHARGED_CANDIDATE,447,positive_debit,depth=3,OCTET_COMPOSITE|depth=3|q_abs=5,0.1239511,446.8760489,462.3925784,57.7990723,404.5935061,yes,,BOUND_COMPOSITE_ROW_ALLOWED,
QP093A-0287,bound_composite_rows,pair_write[9|anti6],OCTET_COMPOSITE,two_owner_pair_closure,9+6,3,positive,3,pair_charge_axis,boson_integer_write,owner_pair_closed,CLOSED_PAIR_WRITE,BOUND_PAIR_CHARGED_CANDIDATE,657,positive_debit,depth=3,OCTET_COMPOSITE|depth=3|q_abs=3,0.118815104,656.8811849,670.5662096,83.8207762,586.7454334,yes,,BOUND_COMPOSITE_ROW_ALLOWED,
QP093A-0288,bound_composite_rows,pair_write[9|anti8],OCTET_COMPOSITE,two_owner_pair_closure,9+8,3,positive,1,pair_charge_axis,boson_integer_write,owner_pair_closed,CLOSED_PAIR_WRITE,BOUND_PAIR_CHARGED_CANDIDATE,867,positive_debit,depth=3,OCTET_COMPOSITE|depth=3|q_abs=1,0.07316985,866.9268302,872.9471554,109.1183944,763.8287609,yes,,BOUND_COMPOSITE_ROW_ALLOWED,
QP093A-0289,bound_composite_rows,pair_write[9|anti9],OCTET_COMPOSITE,two_owner_pair_closure,9+9,1,neutral,0,pair_charge_axis,boson_integer_write,owner_pair_closed,CLOSED_PAIR_WRITE,BOUND_PAIR_NEUTRAL_CANDIDATE,972,positive_debit,depth=1,OCTET_COMPOSITE|depth=1|q_abs=0,86.0625,885.9375,885.9375,110.7421875,775.1953125,yes,,BOUND_COMPOSITE_ROW_ALLOWED,
QP093A-0290,unstable_resonance_rows,pair_write[9|anti12],OCTET_COMPOSITE,two_owner_pair_closure,9+12,3,negative,3,pair_charge_axis,boson_integer_write,owner_pair_closed,CLOSED_PAIR_WRITE,UNSTABLE_PAIR_HEAVY_CANDIDATE,1305,negative_credit,depth=3,OCTET_COMPOSITE|depth=3|q_abs=3,-0.236002604,1305.236003,1332.428419,166.5535524,1165.874867,yes,,BOUND_COMPOSITE_ROW_ALLOWED,
QP093A-0291,unstable_resonance_rows,pair_write[12|anti1],OCTET_COMPOSITE,two_owner_pair_closure,12+1,3,positive,11,pair_charge_axis,boson_integer_write,owner_pair_closed,CLOSED_PAIR_WRITE,UNSTABLE_PAIR_HEAVY_CANDIDATE,177,positive_debit,depth=3,OCTET_COMPOSITE|depth=3|q_abs=11,0.100296586,176.8997034,190.4128752,23.8016094,166.6112658,yes,,BOUND_COMPOSITE_ROW_ALLOWED,
QP093A-0292,unstable_resonance_rows,pair_write[12|anti2],OCTET_COMPOSITE,two_owner_pair_closure,12+2,3,positive,10,pair_charge_axis,boson_integer_write,owner_pair_closed,CLOSED_PAIR_WRITE,UNSTABLE_PAIR_HEAVY_CANDIDATE,318,positive_debit,depth=3,OCTET_COMPOSITE|depth=3|q_abs=10,0.164858218,317.8351418,339.9070266,42.48837833,297.4186483,yes,,BOUND_COMPOSITE_ROW_ALLOWED,
QP093A-0293,unstable_resonance_rows,pair_write[12|anti3],OCTET_COMPOSITE,two_owner_pair_closure,12+3,3,positive,9,pair_charge_axis,boson_integer_write,owner_pair_closed,CLOSED_PAIR_WRITE,UNSTABLE_PAIR_HEAVY_CANDIDATE,459,positive_debit,depth=3,OCTET_COMPOSITE|depth=3|q_abs=9,0.215820313,458.7841797,487.4581909,60.93227386,426.5259171,yes,,BOUND_COMPOSITE_ROW_ALLOWED,
QP093A-0294,unstable_resonance_rows,pair_write[12|anti4],OCTET_COMPOSITE,two_owner_pair_closure,12+4,3,positive,8,pair_charge_axis,boson_integer_write,owner_pair_closed,CLOSED_PAIR_WRITE,UNSTABLE_PAIR_HEAVY_CANDIDATE,600,positive_debit,depth=3,OCTET_COMPOSITE|depth=3|q_abs=8,0.25318287,599.7468171,633.0660847,79.13326059,553.9328242,yes,,BOUND_COMPOSITE_ROW_ALLOWED,
QP093A-0295,unstable_resonance_rows,pair_write[12|anti6],OCTET_COMPOSITE,two_owner_pair_closure,12+6,3,positive,6,pair_charge_axis,boson_integer_write,owner_pair_closed,CLOSED_PAIR_WRITE,UNSTABLE_PAIR_HEAVY_CANDIDATE,882,positive_debit,depth=3,OCTET_COMPOSITE|depth=3|q_abs=6,0.287109375,881.7128906,918.4509277,114.806366,803.6445618,yes,,BOUND_COMPOSITE_ROW_ALLOWED,
QP093A-0296,unstable_resonance_rows,pair_write[12|anti8],OCTET_COMPOSITE,two_owner_pair_closure,12+8,3,positive,4,pair_charge_axis,boson_integer_write,owner_pair_closed,CLOSED_PAIR_WRITE,UNSTABLE_PAIR_HEAVY_CANDIDATE,1164,positive_debit,depth=3,OCTET_COMPOSITE|depth=3|q_abs=4,0.266637731,1163.733362,1196.059289,149.5074111,1046.551878,yes,,BOUND_COMPOSITE_ROW_ALLOWED,
QP093A-0297,unstable_resonance_rows,pair_write[12|anti9],OCTET_COMPOSITE,two_owner_pair_closure,12+9,3,positive,3,pair_charge_axis,boson_integer_write,owner_pair_closed,CLOSED_PAIR_WRITE,UNSTABLE_PAIR_HEAVY_CANDIDATE,1305,positive_debit,depth=3,OCTET_COMPOSITE|depth=3|q_abs=3,0.236002604,1304.763997,1331.946581,166.4933226,1165.453258,yes,,BOUND_COMPOSITE_ROW_ALLOWED,
QP093A-0298,unstable_resonance_rows,pair_write[12|anti12],OCTET_COMPOSITE,two_owner_pair_closure,12+12,1,neutral,0,pair_charge_axis,boson_integer_write,owner_pair_closed,CLOSED_PAIR_WRITE,UNSTABLE_PAIR_HEAVY_CANDIDATE,1728,positive_debit,depth=1,OCTET_COMPOSITE|depth=1|q_abs=0,153,1575,1575,196.875,1378.125,yes,,BOUND_COMPOSITE_ROW_ALLOWED,
QP093A-0299,unstable_resonance_rows,closed_scalar_loop[R2_retention_7_over_8],CLOSED_SCALAR_LOOP,closed_loop_parent,12+12,3,neutral,0,neutral_scalar_axis,scalar_closed_loop,loop_closed_then_split,CLOSED_LOOP_WRITE,UNSTABLE_SCALAR_REVEAL_CANDIDATE,126000,positive_debit,closed_loop_surface_D2_over_R,closed_loop_surface_D2_over_R,750,125250,125250,15656.25,109593.75,yes,Higgs (H)|downstream_only,MATTER_ROW_ALLOWED_AFTER_REVEAL_DEBIT,
QP093A-0300,carrier_only_rows,tensor_carrier_alphaH_D2,TENSOR_CARRIER,carrier_only,18,3,neutral,0,carrier_axis,rank2_plus_cross,not_matter_owner,CLOSED_CARRIER_SUPPORT,CARRIER_ONLY_NOT_MATTER,18,none,no_surface_depth,no_surface_depth,0,18,0,0,0,no,,REJECT_MATTER_PROMOTION_CARRIER_ONLY,
QP093A-0301,carrier_only_rows,photon_road_carrier,ROAD_LIGHT_CARRIER,carrier_only,1,3,neutral,0,carrier_axis,transverse_vector,not_matter_owner,CLOSED_CARRIER_SUPPORT,CARRIER_ONLY_NOT_MATTER,0,none,no_surface_depth,no_surface_depth,0,0,0,0,0,no,,REJECT_MATTER_PROMOTION_CARRIER_ONLY,
QP093A-0302,carrier_only_rows,weak_vector_support,WEAK_VECTOR_CARRIER,carrier_only,9,3,neutral,0,carrier_axis,massive_vector_support,not_matter_owner,CLOSED_CARRIER_SUPPORT,CARRIER_ONLY_NOT_MATTER,9,none,no_surface_depth,no_surface_depth,0,9,0,0,0,no,,REJECT_MATTER_PROMOTION_CARRIER_ONLY,
QP093A-0303,carrier_only_rows,neutral_vector_support,NEUTRAL_VECTOR_CARRIER,carrier_only,81,3,neutral,0,carrier_axis,massive_vector_support,not_matter_owner,CLOSED_CARRIER_SUPPORT,CARRIER_ONLY_NOT_MATTER,81,none,no_surface_depth,no_surface_depth,0,81,0,0,0,no,,REJECT_MATTER_PROMOTION_CARRIER_ONLY,
QP093A-0304,carrier_only_rows,gluon_color_owner_support,COLOR_OWNER_CARRIER,carrier_only,8,3,neutral,0,carrier_axis,color_octet_support,not_matter_owner,CLOSED_CARRIER_SUPPORT,CARRIER_ONLY_NOT_MATTER,8,none,no_surface_depth,no_surface_depth,0,8,0,0,0,no,,REJECT_MATTER_PROMOTION_CARRIER_ONLY,
QP093A-0306,hidden_source_support_rows,hidden_source_support[p=1],SOURCE_SUPPORT_PACKET,hidden_support,1,3,positive,1,source_axis,unresolved_support,hidden_not_matter_owner,SOURCE_SUPPORT_ONLY,HIDDEN_SUPPORT_NOT_MATTER,1.006944444,none,no_surface_depth,no_surface_depth,0,1.006944444,0,0,0,no,,SOURCE_SUPPORT_NOT_PROMOTED,
QP093A-0307,hidden_source_support_rows,hidden_source_support[p=2],SOURCE_SUPPORT_PACKET,hidden_support,2,3,positive,2,source_axis,unresolved_support,hidden_not_matter_owner,SOURCE_SUPPORT_ONLY,HIDDEN_SUPPORT_NOT_MATTER,2.027777778,none,no_surface_depth,no_surface_depth,0,2.027777778,0,0,0,no,,SOURCE_SUPPORT_NOT_PROMOTED,
QP093A-0308,hidden_source_support_rows,hidden_source_support[p=3],SOURCE_SUPPORT_PACKET,hidden_support,3,3,positive,3,source_axis,unresolved_support,hidden_not_matter_owner,SOURCE_SUPPORT_ONLY,HIDDEN_SUPPORT_NOT_MATTER,3.0625,none,no_surface_depth,no_surface_depth,0,3.0625,0,0,0,no,,SOURCE_SUPPORT_NOT_PROMOTED,
QP093A-0309,hidden_source_support_rows,hidden_source_support[p=4],SOURCE_SUPPORT_PACKET,hidden_support,4,3,positive,4,source_axis,unresolved_support,hidden_not_matter_owner,SOURCE_SUPPORT_ONLY,HIDDEN_SUPPORT_NOT_MATTER,4.111111111,none,no_surface_depth,no_surface_depth,0,4.111111111,0,0,0,no,,SOURCE_SUPPORT_NOT_PROMOTED,
QP093A-0310,hidden_source_support_rows,hidden_source_support[p=6],SOURCE_SUPPORT_PACKET,hidden_support,6,3,positive,6,source_axis,unresolved_support,hidden_not_matter_owner,SOURCE_SUPPORT_ONLY,HIDDEN_SUPPORT_NOT_MATTER,6.25,none,no_surface_depth,no_surface_depth,0,6.25,0,0,0,no,,SOURCE_SUPPORT_NOT_PROMOTED,
QP093A-0311,hidden_source_support_rows,hidden_source_support[p=8],SOURCE_SUPPORT_PACKET,hidden_support,8,3,positive,8,source_axis,unresolved_support,hidden_not_matter_owner,SOURCE_SUPPORT_ONLY,HIDDEN_SUPPORT_NOT_MATTER,8.444444444,none,no_surface_depth,no_surface_depth,0,8.444444444,0,0,0,no,,SOURCE_SUPPORT_NOT_PROMOTED,
QP093A-0312,hidden_source_support_rows,hidden_source_support[p=9],SOURCE_SUPPORT_PACKET,hidden_support,9,3,positive,9,source_axis,unresolved_support,hidden_not_matter_owner,SOURCE_SUPPORT_ONLY,HIDDEN_SUPPORT_NOT_MATTER,9.5625,none,no_surface_depth,no_surface_depth,0,9.5625,0,0,0,no,,SOURCE_SUPPORT_NOT_PROMOTED,
QP093A-0313,hidden_source_support_rows,hidden_source_support[p=12],SOURCE_SUPPORT_PACKET,hidden_support,12,3,positive,12,source_axis,unresolved_support,hidden_not_matter_owner,SOURCE_SUPPORT_ONLY,HIDDEN_SUPPORT_NOT_MATTER,13,none,no_surface_depth,no_surface_depth,0,13,0,0,0,no,,SOURCE_SUPPORT_NOT_PROMOTED,
