row_index,candidate_id,bin,operator_class,route_combination,spin_or_hand_class,numeric_signature_key
1,QP093A-0064,unstable_resonance_rows,V4_1_SINGLE_WRITE,"plus_single_write[p=8,g=2]",fermion_half_write,unstable_resonance_rows|8|2|positive|8|plus|1440.00|zero_contact|route_contact|0|1440.00|1520.000000000000000000000000000000000000000000000000000000000000000000000000000000000000000000000001|190.0000000000000000000000000000000000000000000000000000000000000000000000000000000000000000000000001|1330.000000000000000000000000000000000000000000000000000000000000000000000000000000000000000000000001
2,QP093A-0065,unstable_resonance_rows,V4_1_SINGLE_WRITE,"minus_single_write[p=8,g=2]",fermion_half_write,unstable_resonance_rows|8|2|negative|8|minus|1728.0|zero_contact|route_contact|0|1728.0|1824.000000000000000000000000000000000000000000000000000000000000000000000000000000000000000000000001|228.0000000000000000000000000000000000000000000000000000000000000000000000000000000000000000000000001|1596.000000000000000000000000000000000000000000000000000000000000000000000000000000000000000000000001
3,QP093A-0066,unstable_resonance_rows,OUTER_BINARY_NEUTRAL,"neutral_single_write[p=8,g=2]",fermion_half_write,unstable_resonance_rows|8|2|neutral|0|neutral|144.000|zero_contact|route_contact|0|144.000|144.000|18.000|126.000
4,QP093A-0067,unstable_resonance_rows,V4_1_SINGLE_WRITE,"plus_single_write[p=9,g=2]",fermion_half_write,unstable_resonance_rows|9|2|positive|9|plus|1620.00|zero_contact|route_contact|0|1620.00|1721.250000|215.156250|1506.093750
5,QP093A-0068,unstable_resonance_rows,V4_1_SINGLE_WRITE,"minus_single_write[p=9,g=2]",fermion_half_write,unstable_resonance_rows|9|2|negative|9|minus|1944.0|zero_contact|route_contact|0|1944.0|2065.50000|258.18750|1807.31250
6,QP093A-0069,unstable_resonance_rows,OUTER_BINARY_NEUTRAL,"neutral_single_write[p=9,g=2]",fermion_half_write,unstable_resonance_rows|9|2|neutral|0|neutral|162.000|zero_contact|route_contact|0|162.000|162.000|20.250|141.750
7,QP093A-0070,unstable_resonance_rows,V4_1_SINGLE_WRITE,"plus_single_write[p=12,g=2]",fermion_half_write,unstable_resonance_rows|12|2|positive|12|plus|2160.00|zero_contact|route_contact|0|2160.00|2339.999999999999999999999999999999999999999999999999999999999999999999999999999999999999999999999999|292.4999999999999999999999999999999999999999999999999999999999999999999999999999999999999999999999999|2047.499999999999999999999999999999999999999999999999999999999999999999999999999999999999999999999999
8,QP093A-0071,unstable_resonance_rows,V4_1_SINGLE_WRITE,"minus_single_write[p=12,g=2]",fermion_half_write,unstable_resonance_rows|12|2|negative|12|minus|2592.0|zero_contact|route_contact|0|2592.0|2807.999999999999999999999999999999999999999999999999999999999999999999999999999999999999999999999999|350.9999999999999999999999999999999999999999999999999999999999999999999999999999999999999999999999999|2456.999999999999999999999999999999999999999999999999999999999999999999999999999999999999999999999999
9,QP093A-0072,unstable_resonance_rows,OUTER_BINARY_NEUTRAL,"neutral_single_write[p=12,g=2]",fermion_half_write,unstable_resonance_rows|12|2|neutral|0|neutral|216.000|zero_contact|route_contact|0|216.000|216.000|27.000|189.000
10,QP093A-0073,antimatter_conjugate_rows,V4_1_SINGLE_WRITE,"anti(plus_single_write[p=1,g=0])",fermion_half_write,antimatter_conjugate_rows|1|0|negative|1|conjugate_axis|1.25|negative_credit|depth=0|-0.1041666666666666666666666666666666666666666666666666666666666666666666666666666666666666666666666667|1.354166666666666666666666666666666666666666666666666666666666666666666666666666666666666666666666667|1.363570601851851851851851851851851851851851851851851851851851851851851851851851851851851851851851852|0.1704463252314814814814814814814814814814814814814814814814814814814814814814814814814814814814814815|1.193124276620370370370370370370370370370370370370370370370370370370370370370370370370370370370370370
11,QP093A-0074,antimatter_conjugate_rows,V4_1_SINGLE_WRITE,"anti(minus_single_write[p=1,g=0])",fermion_half_write,antimatter_conjugate_rows|1|0|positive|1|conjugate_axis|1.5|positive_debit|depth=0|0.1250000000000000000000000000000000000000000000000000000000000000000000000000000000000000000000000000|1.375000000000000000000000000000000000000000000000000000000000000000000000000000000000000000000000000|1.384548611111111111111111111111111111111111111111111111111111111111111111111111111111111111111111110|0.1730685763888888888888888888888888888888888888888888888888888888888888888888888888888888888888888888|1.211480034722222222222222222222222222222222222222222222222222222222222222222222222222222222222222221
12,QP093A-0075,antimatter_conjugate_rows,V4_1_SINGLE_WRITE,"anti(plus_single_write[p=2,g=0])",fermion_half_write,antimatter_conjugate_rows|2|0|negative|2|conjugate_axis|2.50|negative_credit|depth=0|-0.4166666666666666666666666666666666666666666666666666666666666666666666666666666666666666666666666668|2.916666666666666666666666666666666666666666666666666666666666666666666666666666666666666666666666667|2.957175925925925925925925925925925925925925925925925925925925925925925925925925925925925925925925927|0.3696469907407407407407407407407407407407407407407407407407407407407407407407407407407407407407407409|2.587528935185185185185185185185185185185185185185185185185185185185185185185185185185185185185185186
13,QP093A-0076,antimatter_conjugate_rows,V4_1_SINGLE_WRITE,"anti(minus_single_write[p=2,g=0])",fermion_half_write,antimatter_conjugate_rows|2|0|positive|2|conjugate_axis|3.0|positive_debit|depth=0|0.5000000000000000000000000000000000000000000000000000000000000000000000000000000000000000000000000001|2.500000000000000000000000000000000000000000000000000000000000000000000000000000000000000000000000000|2.534722222222222222222222222222222222222222222222222222222222222222222222222222222222222222222222222|0.3168402777777777777777777777777777777777777777777777777777777777777777777777777777777777777777777778|2.217881944444444444444444444444444444444444444444444444444444444444444444444444444444444444444444444
14,QP093A-0077,antimatter_conjugate_rows,V4_1_SINGLE_WRITE,"anti(plus_single_write[p=3,g=0])",fermion_half_write,antimatter_conjugate_rows|3|0|negative|3|conjugate_axis|3.75|negative_credit|depth=0|-0.9375|4.6875|4.785156249999999999999999999999999999999999999999999999999999999999999999999999999999999999999999998|0.5981445312499999999999999999999999999999999999999999999999999999999999999999999999999999999999999998|4.187011718749999999999999999999999999999999999999999999999999999999999999999999999999999999999999999
15,QP093A-0078,antimatter_conjugate_rows,V4_1_SINGLE_WRITE,"anti(minus_single_write[p=3,g=0])",fermion_half_write,antimatter_conjugate_rows|3|0|positive|3|conjugate_axis|4.5|positive_debit|depth=0|1.125|3.375|3.445312499999999999999999999999999999999999999999999999999999999999999999999999999999999999999999999|0.4306640624999999999999999999999999999999999999999999999999999999999999999999999999999999999999999999|3.014648437499999999999999999999999999999999999999999999999999999999999999999999999999999999999999999
16,QP093A-0079,antimatter_conjugate_rows,V4_1_SINGLE_WRITE,"anti(plus_single_write[p=4,g=0])",fermion_half_write,antimatter_conjugate_rows|4|0|negative|4|conjugate_axis|5.00|negative_credit|depth=0|-1.666666666666666666666666666666666666666666666666666666666666666666666666666666666666666666666666666|6.666666666666666666666666666666666666666666666666666666666666666666666666666666666666666666666666666|6.851851851851851851851851851851851851851851851851851851851851851851851851851851851851851851851851853|0.8564814814814814814814814814814814814814814814814814814814814814814814814814814814814814814814814816|5.995370370370370370370370370370370370370370370370370370370370370370370370370370370370370370370370371
17,QP093A-0080,antimatter_conjugate_rows,V4_1_SINGLE_WRITE,"anti(minus_single_write[p=4,g=0])",fermion_half_write,antimatter_conjugate_rows|4|0|positive|4|conjugate_axis|6.0|positive_debit|depth=0|2.000000000000000000000000000000000000000000000000000000000000000000000000000000000000000000000000000|4.000000000000000000000000000000000000000000000000000000000000000000000000000000000000000000000000000|4.111111111111111111111111111111111111111111111111111111111111111111111111111111111111111111111111112|0.513888888888888888888888888888888888888888888888888888888888888888888888888888888888888888888888889|3.597222222222222222222222222222222222222222222222222222222222222222222222222222222222222222222222222
18,QP093A-0081,antimatter_conjugate_rows,V4_1_SINGLE_WRITE,"anti(plus_single_write[p=6,g=0])",fermion_half_write,antimatter_conjugate_rows|6|0|negative|6|conjugate_axis|7.50|negative_credit|depth=0|-3.750|11.250|11.71875000000000000000000000000000000000000000000000000000000000000000000000000000000000000000000000|1.46484375000000000000000000000000000000000000000000000000000000000000000000000000000000000000000000|10.25390625000000000000000000000000000000000000000000000000000000000000000000000000000000000000000000
19,QP093A-0082,antimatter_conjugate_rows,V4_1_SINGLE_WRITE,"anti(minus_single_write[p=6,g=0])",fermion_half_write,antimatter_conjugate_rows|6|0|positive|6|conjugate_axis|9.0|positive_debit|depth=0|4.50|4.50|4.687500000000000000000000000000000000000000000000000000000000000000000000000000000000000000000000002|0.5859375000000000000000000000000000000000000000000000000000000000000000000000000000000000000000000002|4.101562500000000000000000000000000000000000000000000000000000000000000000000000000000000000000000001
20,QP093A-0083,antimatter_conjugate_rows,V4_1_SINGLE_WRITE,"anti(plus_single_write[p=8,g=0])",fermion_half_write,antimatter_conjugate_rows|8|0|negative|8|conjugate_axis|10.00|negative_credit|depth=0|-6.666666666666666666666666666666666666666666666666666666666666666666666666666666666666666666666666667|16.66666666666666666666666666666666666666666666666666666666666666666666666666666666666666666666666667|17.59259259259259259259259259259259259259259259259259259259259259259259259259259259259259259259259260|2.199074074074074074074074074074074074074074074074074074074074074074074074074074074074074074074074075|15.39351851851851851851851851851851851851851851851851851851851851851851851851851851851851851851851852
21,QP093A-0084,antimatter_conjugate_rows,V4_1_SINGLE_WRITE,"anti(minus_single_write[p=8,g=0])",fermion_half_write,antimatter_conjugate_rows|8|0|positive|8|conjugate_axis|12.0|positive_debit|depth=0|8.000000000000000000000000000000000000000000000000000000000000000000000000000000000000000000000000000|4.000000000000000000000000000000000000000000000000000000000000000000000000000000000000000000000000000|4.222222222222222222222222222222222222222222222222222222222222222222222222222222222222222222222222224|0.527777777777777777777777777777777777777777777777777777777777777777777777777777777777777777777777778|3.694444444444444444444444444444444444444444444444444444444444444444444444444444444444444444444444446
22,QP093A-0085,antimatter_conjugate_rows,V4_1_SINGLE_WRITE,"anti(plus_single_write[p=9,g=0])",fermion_half_write,antimatter_conjugate_rows|9|0|negative|9|conjugate_axis|11.25|negative_credit|depth=0|-8.4375|19.6875|20.91796875|2.61474609375|18.30322265625
23,QP093A-0086,antimatter_conjugate_rows,V4_1_SINGLE_WRITE,"anti(minus_single_write[p=9,g=0])",fermion_half_write,antimatter_conjugate_rows|9|0|positive|9|conjugate_axis|13.5|positive_debit|depth=0|10.125|3.375|3.5859375|0.4482421875|3.1376953125
24,QP093A-0087,antimatter_conjugate_rows,V4_1_SINGLE_WRITE,"anti(plus_single_write[p=12,g=0])",fermion_half_write,antimatter_conjugate_rows|12|0|negative|12|conjugate_axis|15.00|negative_credit|depth=0|-15.00|30.00|32.49999999999999999999999999999999999999999999999999999999999999999999999999999999999999999999999999|4.062499999999999999999999999999999999999999999999999999999999999999999999999999999999999999999999999|28.43749999999999999999999999999999999999999999999999999999999999999999999999999999999999999999999999
25,QP093A-0088,antimatter_conjugate_rows,V4_1_SINGLE_WRITE,"anti(minus_single_write[p=12,g=0])",fermion_half_write,antimatter_conjugate_rows|12|0|positive|12|conjugate_axis|18.0|positive_debit|depth=0|18.0|0.0|0.0000000000000000000000000000000000000000000000000000000000000000000000000000000000000000000000000000|0.0000000000000000000000000000000000000000000000000000000000000000000000000000000000000000000000000000|0.0000000000000000000000000000000000000000000000000000000000000000000000000000000000000000000000000000
26,QP093A-0089,antimatter_conjugate_rows,V4_1_SINGLE_WRITE,"anti(plus_single_write[p=1,g=1])",fermion_half_write,antimatter_conjugate_rows|1|1|negative|1|conjugate_axis|15.00|negative_credit|depth=1|-0.1041666666666666666666666666666666666666666666666666666666666666666666666666666666666666666666666667|15.10416666666666666666666666666666666666666666666666666666666666666666666666666666666666666666666667|15.20905671296296296296296296296296296296296296296296296296296296296296296296296296296296296296296296|1.90113208912037037037037037037037037037037037037037037037037037037037037037037037037037037037037037|13.30792462384259259259259259259259259259259259259259259259259259259259259259259259259259259259259259
27,QP093A-0090,antimatter_conjugate_rows,V4_1_SINGLE_WRITE,"anti(minus_single_write[p=1,g=1])",fermion_half_write,antimatter_conjugate_rows|1|1|positive|1|conjugate_axis|18.0|positive_debit|depth=1|0.1250000000000000000000000000000000000000000000000000000000000000000000000000000000000000000000000000|17.87500000000000000000000000000000000000000000000000000000000000000000000000000000000000000000000000|17.99913194444444444444444444444444444444444444444444444444444444444444444444444444444444444444444444|2.249891493055555555555555555555555555555555555555555555555555555555555555555555555555555555555555555|15.74924045138888888888888888888888888888888888888888888888888888888888888888888888888888888888888889
28,QP093A-0091,antimatter_conjugate_rows,V4_1_SINGLE_WRITE,"anti(plus_single_write[p=2,g=1])",fermion_half_write,antimatter_conjugate_rows|2|1|negative|2|conjugate_axis|30.00|negative_credit|depth=1|-0.4166666666666666666666666666666666666666666666666666666666666666666666666666666666666666666666666668|30.41666666666666666666666666666666666666666666666666666666666666666666666666666666666666666666666667|30.83912037037037037037037037037037037037037037037037037037037037037037037037037037037037037037037038|3.854890046296296296296296296296296296296296296296296296296296296296296296296296296296296296296296298|26.98423032407407407407407407407407407407407407407407407407407407407407407407407407407407407407407409
29,QP093A-0092,antimatter_conjugate_rows,V4_1_SINGLE_WRITE,"anti(minus_single_write[p=2,g=1])",fermion_half_write,antimatter_conjugate_rows|2|1|positive|2|conjugate_axis|36.0|positive_debit|depth=1|0.5000000000000000000000000000000000000000000000000000000000000000000000000000000000000000000000000001|35.50000000000000000000000000000000000000000000000000000000000000000000000000000000000000000000000000|35.99305555555555555555555555555555555555555555555555555555555555555555555555555555555555555555555556|4.499131944444444444444444444444444444444444444444444444444444444444444444444444444444444444444444445|31.49392361111111111111111111111111111111111111111111111111111111111111111111111111111111111111111111
30,QP093A-0093,antimatter_conjugate_rows,V4_1_SINGLE_WRITE,"anti(plus_single_write[p=3,g=1])",fermion_half_write,antimatter_conjugate_rows|3|1|negative|3|conjugate_axis|45.00|negative_credit|depth=1|-0.9375|45.9375|46.89453124999999999999999999999999999999999999999999999999999999999999999999999999999999999999999998|5.861816406249999999999999999999999999999999999999999999999999999999999999999999999999999999999999998|41.03271484374999999999999999999999999999999999999999999999999999999999999999999999999999999999999999
31,QP093A-0094,antimatter_conjugate_rows,V4_1_SINGLE_WRITE,"anti(minus_single_write[p=3,g=1])",fermion_half_write,antimatter_conjugate_rows|3|1|positive|3|conjugate_axis|54.0|positive_debit|depth=1|1.125|52.875|53.97656249999999999999999999999999999999999999999999999999999999999999999999999999999999999999999998|6.747070312499999999999999999999999999999999999999999999999999999999999999999999999999999999999999998|47.22949218749999999999999999999999999999999999999999999999999999999999999999999999999999999999999999
32,QP093A-0095,antimatter_conjugate_rows,V4_1_SINGLE_WRITE,"anti(plus_single_write[p=4,g=1])",fermion_half_write,antimatter_conjugate_rows|4|1|negative|4|conjugate_axis|60.00|negative_credit|depth=1|-1.666666666666666666666666666666666666666666666666666666666666666666666666666666666666666666666666666|61.66666666666666666666666666666666666666666666666666666666666666666666666666666666666666666666666667|63.37962962962962962962962962962962962962962962962962962962962962962962962962962962962962962962962965|7.922453703703703703703703703703703703703703703703703703703703703703703703703703703703703703703703706|55.45717592592592592592592592592592592592592592592592592592592592592592592592592592592592592592592595
33,QP093A-0096,antimatter_conjugate_rows,V4_1_SINGLE_WRITE,"anti(minus_single_write[p=4,g=1])",fermion_half_write,antimatter_conjugate_rows|4|1|positive|4|conjugate_axis|72.0|positive_debit|depth=1|2.000000000000000000000000000000000000000000000000000000000000000000000000000000000000000000000000000|70.00000000000000000000000000000000000000000000000000000000000000000000000000000000000000000000000000|71.94444444444444444444444444444444444444444444444444444444444444444444444444444444444444444444444446|8.993055555555555555555555555555555555555555555555555555555555555555555555555555555555555555555555558|62.9513888888888888888888888888888888888888888888888888888888888888888888888888888888888888888888889
34,QP093A-0097,antimatter_conjugate_rows,V4_1_SINGLE_WRITE,"anti(plus_single_write[p=6,g=1])",fermion_half_write,antimatter_conjugate_rows|6|1|negative|6|conjugate_axis|90.00|negative_credit|depth=1|-3.750|93.750|97.65625000000000000000000000000000000000000000000000000000000000000000000000000000000000000000000003|12.20703125000000000000000000000000000000000000000000000000000000000000000000000000000000000000000000|85.44921875000000000000000000000000000000000000000000000000000000000000000000000000000000000000000002
35,QP093A-0098,antimatter_conjugate_rows,V4_1_SINGLE_WRITE,"anti(minus_single_write[p=6,g=1])",fermion_half_write,antimatter_conjugate_rows|6|1|positive|6|conjugate_axis|108.0|positive_debit|depth=1|4.50|103.50|107.8125000000000000000000000000000000000000000000000000000000000000000000000000000000000000000000000|13.4765625000000000000000000000000000000000000000000000000000000000000000000000000000000000000000000|94.3359375000000000000000000000000000000000000000000000000000000000000000000000000000000000000000000
36,QP093A-0099,antimatter_conjugate_rows,V4_1_SINGLE_WRITE,"anti(plus_single_write[p=8,g=1])",fermion_half_write,antimatter_conjugate_rows|8|1|negative|8|conjugate_axis|120.00|negative_credit|depth=1|-6.666666666666666666666666666666666666666666666666666666666666666666666666666666666666666666666666667|126.6666666666666666666666666666666666666666666666666666666666666666666666666666666666666666666666667|133.7037037037037037037037037037037037037037037037037037037037037037037037037037037037037037037037038|16.71296296296296296296296296296296296296296296296296296296296296296296296296296296296296296296296298|116.9907407407407407407407407407407407407407407407407407407407407407407407407407407407407407407407408
37,QP093A-0100,antimatter_conjugate_rows,V4_1_SINGLE_WRITE,"anti(minus_single_write[p=8,g=1])",fermion_half_write,antimatter_conjugate_rows|8|1|positive|8|conjugate_axis|144.0|positive_debit|depth=1|8.000000000000000000000000000000000000000000000000000000000000000000000000000000000000000000000000000|136.0000000000000000000000000000000000000000000000000000000000000000000000000000000000000000000000000|143.5555555555555555555555555555555555555555555555555555555555555555555555555555555555555555555555556|17.94444444444444444444444444444444444444444444444444444444444444444444444444444444444444444444444445|125.6111111111111111111111111111111111111111111111111111111111111111111111111111111111111111111111111
38,QP093A-0101,antimatter_conjugate_rows,V4_1_SINGLE_WRITE,"anti(plus_single_write[p=9,g=1])",fermion_half_write,antimatter_conjugate_rows|9|1|negative|9|conjugate_axis|135.00|negative_credit|depth=1|-8.4375|143.4375|152.40234375|19.05029296875|133.35205078125
39,QP093A-0102,antimatter_conjugate_rows,V4_1_SINGLE_WRITE,"anti(minus_single_write[p=9,g=1])",fermion_half_write,antimatter_conjugate_rows|9|1|positive|9|conjugate_axis|162.0|positive_debit|depth=1|10.125|151.875|161.3671875|20.1708984375|141.1962890625
40,QP093A-0103,antimatter_conjugate_rows,V4_1_SINGLE_WRITE,"anti(plus_single_write[p=12,g=1])",fermion_half_write,antimatter_conjugate_rows|12|1|negative|12|conjugate_axis|180.00|negative_credit|depth=1|-15.00|195.00|211.2499999999999999999999999999999999999999999999999999999999999999999999999999999999999999999999999|26.40624999999999999999999999999999999999999999999999999999999999999999999999999999999999999999999999|184.8437499999999999999999999999999999999999999999999999999999999999999999999999999999999999999999999
41,QP093A-0104,antimatter_conjugate_rows,V4_1_SINGLE_WRITE,"anti(minus_single_write[p=12,g=1])",fermion_half_write,antimatter_conjugate_rows|12|1|positive|12|conjugate_axis|216.0|positive_debit|depth=1|18.0|198.0|214.4999999999999999999999999999999999999999999999999999999999999999999999999999999999999999999999999|26.81249999999999999999999999999999999999999999999999999999999999999999999999999999999999999999999999|187.6874999999999999999999999999999999999999999999999999999999999999999999999999999999999999999999999
42,QP093A-0105,antimatter_conjugate_rows,V4_1_SINGLE_WRITE,"anti(plus_single_write[p=1,g=2])",fermion_half_write,antimatter_conjugate_rows|1|2|negative|1|conjugate_axis|180.00|negative_credit|depth=2|-0.1041666666666666666666666666666666666666666666666666666666666666666666666666666666666666666666666667|180.1041666666666666666666666666666666666666666666666666666666666666666666666666666666666666666666667|181.3548900462962962962962962962962962962962962962962962962962962962962962962962962962962962962962962|22.66936125578703703703703703703703703703703703703703703703703703703703703703703703703703703703703702|158.6855287905092592592592592592592592592592592592592592592592592592592592592592592592592592592592591
43,QP093A-0106,antimatter_conjugate_rows,V4_1_SINGLE_WRITE,"anti(minus_single_write[p=1,g=2])",fermion_half_write,antimatter_conjugate_rows|1|2|positive|1|conjugate_axis|216.0|positive_debit|depth=2|0.1250000000000000000000000000000000000000000000000000000000000000000000000000000000000000000000000000|215.8750000000000000000000000000000000000000000000000000000000000000000000000000000000000000000000000|217.3741319444444444444444444444444444444444444444444444444444444444444444444444444444444444444444443|27.17176649305555555555555555555555555555555555555555555555555555555555555555555555555555555555555554|190.2023654513888888888888888888888888888888888888888888888888888888888888888888888888888888888888888
44,QP093A-0107,antimatter_conjugate_rows,V4_1_SINGLE_WRITE,"anti(plus_single_write[p=2,g=2])",fermion_half_write,antimatter_conjugate_rows|2|2|negative|2|conjugate_axis|360.00|negative_credit|depth=2|-0.4166666666666666666666666666666666666666666666666666666666666666666666666666666666666666666666666668|360.4166666666666666666666666666666666666666666666666666666666666666666666666666666666666666666666667|365.4224537037037037037037037037037037037037037037037037037037037037037037037037037037037037037037038|45.67780671296296296296296296296296296296296296296296296296296296296296296296296296296296296296296298|319.7446469907407407407407407407407407407407407407407407407407407407407407407407407407407407407407409
45,QP093A-0108,antimatter_conjugate_rows,V4_1_SINGLE_WRITE,"anti(minus_single_write[p=2,g=2])",fermion_half_write,antimatter_conjugate_rows|2|2|positive|2|conjugate_axis|432.0|positive_debit|depth=2|0.5000000000000000000000000000000000000000000000000000000000000000000000000000000000000000000000000001|431.5000000000000000000000000000000000000000000000000000000000000000000000000000000000000000000000000|437.4930555555555555555555555555555555555555555555555555555555555555555555555555555555555555555555556|54.68663194444444444444444444444444444444444444444444444444444444444444444444444444444444444444444445|382.8064236111111111111111111111111111111111111111111111111111111111111111111111111111111111111111111
46,QP093A-0109,antimatter_conjugate_rows,V4_1_SINGLE_WRITE,"anti(plus_single_write[p=3,g=2])",fermion_half_write,antimatter_conjugate_rows|3|2|negative|3|conjugate_axis|540.00|negative_credit|depth=2|-0.9375|540.9375|552.2070312499999999999999999999999999999999999999999999999999999999999999999999999999999999999999998|69.02587890624999999999999999999999999999999999999999999999999999999999999999999999999999999999999998|483.1811523437499999999999999999999999999999999999999999999999999999999999999999999999999999999999999
47,QP093A-0110,antimatter_conjugate_rows,V4_1_SINGLE_WRITE,"anti(minus_single_write[p=3,g=2])",fermion_half_write,antimatter_conjugate_rows|3|2|positive|3|conjugate_axis|648.0|positive_debit|depth=2|1.125|646.875|660.3515624999999999999999999999999999999999999999999999999999999999999999999999999999999999999999998|82.54394531249999999999999999999999999999999999999999999999999999999999999999999999999999999999999998|577.8076171874999999999999999999999999999999999999999999999999999999999999999999999999999999999999999
48,QP093A-0111,antimatter_conjugate_rows,V4_1_SINGLE_WRITE,"anti(plus_single_write[p=4,g=2])",fermion_half_write,antimatter_conjugate_rows|4|2|negative|4|conjugate_axis|720.00|negative_credit|depth=2|-1.666666666666666666666666666666666666666666666666666666666666666666666666666666666666666666666666666|721.6666666666666666666666666666666666666666666666666666666666666666666666666666666666666666666666667|741.7129629629629629629629629629629629629629629629629629629629629629629629629629629629629629629629632|92.7141203703703703703703703703703703703703703703703703703703703703703703703703703703703703703703704|648.9988425925925925925925925925925925925925925925925925925925925925925925925925925925925925925925928
49,QP093A-0112,antimatter_conjugate_rows,V4_1_SINGLE_WRITE,"anti(minus_single_write[p=4,g=2])",fermion_half_write,antimatter_conjugate_rows|4|2|positive|4|conjugate_axis|864.0|positive_debit|depth=2|2.000000000000000000000000000000000000000000000000000000000000000000000000000000000000000000000000000|862.0000000000000000000000000000000000000000000000000000000000000000000000000000000000000000000000000|885.9444444444444444444444444444444444444444444444444444444444444444444444444444444444444444444444446|110.7430555555555555555555555555555555555555555555555555555555555555555555555555555555555555555555556|775.201388888888888888888888888888888888888888888888888888888888888888888888888888888888888888888889
50,QP093A-0113,antimatter_conjugate_rows,V4_1_SINGLE_WRITE,"anti(plus_single_write[p=6,g=2])",fermion_half_write,antimatter_conjugate_rows|6|2|negative|6|conjugate_axis|1080.00|negative_credit|depth=2|-3.750|1083.750|1128.906250000000000000000000000000000000000000000000000000000000000000000000000000000000000000000000|141.113281250000000000000000000000000000000000000000000000000000000000000000000000000000000000000000|987.792968750000000000000000000000000000000000000000000000000000000000000000000000000000000000000000
51,QP093A-0114,antimatter_conjugate_rows,V4_1_SINGLE_WRITE,"anti(minus_single_write[p=6,g=2])",fermion_half_write,antimatter_conjugate_rows|6|2|positive|6|conjugate_axis|1296.0|positive_debit|depth=2|4.50|1291.50|1345.312500000000000000000000000000000000000000000000000000000000000000000000000000000000000000000000|168.164062500000000000000000000000000000000000000000000000000000000000000000000000000000000000000000|1177.148437500000000000000000000000000000000000000000000000000000000000000000000000000000000000000000
52,QP093A-0116,bound_composite_rows,OCTET_COMPOSITE,color_triad[1+1+2],fermion_baryon_half_write,bound_composite_rows|1+1+2|3|positive|2|triadic_charge_axis|216|positive_debit|depth=3|0.02864583333333333333333333333333333333333333333333333333333333333333333333333333333333333333333333334|215.9713541666666666666666666666666666666666666666666666666666666666666666666666666666666666666666667|218.9709563078703703703703703703703703703703703703703703703703703703703703703703703703703703703703704|27.3713695384837962962962962962962962962962962962962962962962962962962962962962962962962962962962963|191.5995867693865740740740740740740740740740740740740740740740740740740740740740740740740740740740741
53,QP093A-0117,bound_composite_rows,OCTET_COMPOSITE,color_triad[1+1+3],fermion_baryon_half_write,bound_composite_rows|1+1+3|3|neutral|0|triadic_charge_axis|396|positive_debit|depth=3|0.2434895833333333333333333333333333333333333333333333333333333333333333333333333333333333333333333334|395.7565104166666666666666666666666666666666666666666666666666666666666666666666666666666666666666667|395.7565104166666666666666666666666666666666666666666666666666666666666666666666666666666666666666667|49.46956380208333333333333333333333333333333333333333333333333333333333333333333333333333333333333334|346.2869466145833333333333333333333333333333333333333333333333333333333333333333333333333333333333334
54,QP093A-0119,bound_composite_rows,OCTET_COMPOSITE,color_triad[1+1+6],fermion_baryon_half_write,bound_composite_rows|1+1+6|3|neutral|0|triadic_charge_axis|1368|positive_debit|depth=3|0.8411458333333333333333333333333333333333333333333333333333333333333333333333333333333333333333333334|1367.158854166666666666666666666666666666666666666666666666666666666666666666666666666666666666666667|1367.158854166666666666666666666666666666666666666666666666666666666666666666666666666666666666666667|170.8948567708333333333333333333333333333333333333333333333333333333333333333333333333333333333333334|1196.263997395833333333333333333333333333333333333333333333333333333333333333333333333333333333333334
55,QP093A-0120,bound_composite_rows,OCTET_COMPOSITE,color_triad[1+1+8],fermion_baryon_half_write,bound_composite_rows|1+1+8|3|positive|2|triadic_charge_axis|2376|positive_debit|depth=3|0.3151041666666666666666666666666666666666666666666666666666666666666666666666666666666666666666666667|2375.684895833333333333333333333333333333333333333333333333333333333333333333333333333333333333333333|2408.680519386574074074074074074074074074074074074074074074074074074074074074074074074074074074074074|301.0850649233217592592592592592592592592592592592592592592592592592592592592592592592592592592592592|2107.595454463252314814814814814814814814814814814814814814814814814814814814814814814814814814814815
56,QP093A-0121,bound_composite_rows,OCTET_COMPOSITE,color_triad[1+1+9],fermion_baryon_half_write,bound_composite_rows|1+1+9|3|neutral|0|triadic_charge_axis|2988|positive_debit|depth=3|1.837239583333333333333333333333333333333333333333333333333333333333333333333333333333333333333333334|2986.162760416666666666666666666666666666666666666666666666666666666666666666666666666666666666666667|2986.162760416666666666666666666666666666666666666666666666666666666666666666666666666666666666666667|373.2703450520833333333333333333333333333333333333333333333333333333333333333333333333333333333333334|2612.892415364583333333333333333333333333333333333333333333333333333333333333333333333333333333333334
57,QP093A-0122,bound_composite_rows,OCTET_COMPOSITE,color_triad[1+1+12],fermion_baryon_half_write,bound_composite_rows|1+1+12|3|neutral|0|triadic_charge_axis|5256|positive_debit|depth=3|3.231770833333333333333333333333333333333333333333333333333333333333333333333333333333333333333333334|5252.768229166666666666666666666666666666666666666666666666666666666666666666666666666666666666666667|5252.768229166666666666666666666666666666666666666666666666666666666666666666666666666666666666666667|656.5960286458333333333333333333333333333333333333333333333333333333333333333333333333333333333333334|4596.172200520833333333333333333333333333333333333333333333333333333333333333333333333333333333333334
58,QP093A-0123,bound_composite_rows,OCTET_COMPOSITE,color_triad[1+2+2],fermion_baryon_half_write,bound_composite_rows|1+2+2|3|positive|1|triadic_charge_axis|324|positive_debit|depth=3|0.02734374999999999999999999999999999999999999999999999999999999999999999999999999999999999999999999999|323.9726562500000000000000000000000000000000000000000000000000000000000000000000000000000000000000000|326.2224663628472222222222222222222222222222222222222222222222222222222222222222222222222222222222221|40.77780829535590277777777777777777777777777777777777777777777777777777777777777777777777777777777776|285.4446580674913194444444444444444444444444444444444444444444444444444444444444444444444444444444444
59,QP093A-0125,bound_composite_rows,OCTET_COMPOSITE,color_triad[1+2+4],fermion_baryon_half_write,bound_composite_rows|1+2+4|3|neutral|0|triadic_charge_axis|756|positive_debit|depth=3|0.46484375|755.53515625|755.53515625|94.44189453125|661.09326171875
60,QP093A-0127,bound_composite_rows,OCTET_COMPOSITE,color_triad[1+2+8],fermion_baryon_half_write,bound_composite_rows|1+2+8|3|positive|1|triadic_charge_axis|2484|positive_debit|depth=3|0.2096354166666666666666666666666666666666666666666666666666666666666666666666666666666666666666666666|2483.790364583333333333333333333333333333333333333333333333333333333333333333333333333333333333333333|2501.038908781828703703703703703703703703703703703703703703703703703703703703703703703703703703703702|312.6298635977285879629629629629629629629629629629629629629629629629629629629629629629629629629629628|2188.409045184100115740740740740740740740740740740740740740740740740740740740740740740740740740740739
61,QP093A-0128,bound_composite_rows,GROUND_BARYON_3BODY,color_triad[1+2+9],fermion_baryon_half_write,bound_composite_rows|1+2+9|0|negative|1|triadic_charge_axis|3096|negative_credit|depth=0|-1032.000000000000000000000000000000000000000000000000000000000000000000000000000000000000000000000000|4128.000000000000000000000000000000000000000000000000000000000000000000000000000000000000000000000000|4156.666666666666666666666666666666666666666666666666666666666666666666666666666666666666666666666665|519.5833333333333333333333333333333333333333333333333333333333333333333333333333333333333333333333331|3637.083333333333333333333333333333333333333333333333333333333333333333333333333333333333333333333332
62,QP093A-0129,bound_composite_rows,GROUND_BARYON_3BODY,color_triad[1+2+12],fermion_baryon_half_write,bound_composite_rows|1+2+12|0|negative|1|triadic_charge_axis|5364|negative_credit|depth=0|-1788.000000000000000000000000000000000000000000000000000000000000000000000000000000000000000000000000|7152.000000000000000000000000000000000000000000000000000000000000000000000000000000000000000000000000|7201.666666666666666666666666666666666666666666666666666666666666666666666666666666666666666666666663|900.2083333333333333333333333333333333333333333333333333333333333333333333333333333333333333333333329|6301.45833333333333333333333333333333333333333333333333333333333333333333333333333333333333333333333
63,QP093A-0130,bound_composite_rows,OCTET_COMPOSITE,color_triad[1+3+3],fermion_baryon_half_write,bound_composite_rows|1+3+3|3|negative|2|triadic_charge_axis|684|negative_credit|depth=3|-0.09071180555555555555555555555555555555555555555555555555555555555555555555555555555555555555555555556|684.0907118055555555555555555555555555555555555555555555555555555555555555555555555555555555555555556|693.5919716917438271604938271604938271604938271604938271604938271604938271604938271604938271604938273|86.69899646146797839506172839506172839506172839506172839506172839506172839506172839506172839506172841|606.8929752302758487654320987654320987654320987654320987654320987654320987654320987654320987654320989
64,QP093A-0131,bound_composite_rows,OCTET_COMPOSITE,color_triad[1+3+4],fermion_baryon_half_write,bound_composite_rows|1+3+4|3|negative|1|triadic_charge_axis|936|negative_credit|depth=3|-0.07899305555555555555555555555555555555555555555555555555555555555555555555555555555555555555555555554|936.0789930555555555555555555555555555555555555555555555555555555555555555555555555555555555555555556|942.5795416184413580246913580246913580246913580246913580246913580246913580246913580246913580246913577|117.8224427023051697530864197530864197530864197530864197530864197530864197530864197530864197530864197|824.757098916136188271604938271604938271604938271604938271604938271604938271604938271604938271604938
65,QP093A-0132,bound_composite_rows,OCTET_COMPOSITE,color_triad[1+3+6],fermion_baryon_half_write,bound_composite_rows|1+3+6|3|negative|2|triadic_charge_axis|1656|negative_credit|depth=3|-0.2196180555555555555555555555555555555555555555555555555555555555555555555555555555555555555555555556|1656.219618055555555555555555555555555555555555555555555555555555555555555555555555555555555555555556|1679.222668306327160493827160493827160493827160493827160493827160493827160493827160493827160493827161|209.9028335382908950617283950617283950617283950617283950617283950617283950617283950617283950617283951|1469.319834768036265432098765432098765432098765432098765432098765432098765432098765432098765432098766
66,QP093A-0133,bound_composite_rows,GROUND_BARYON_3BODY,color_triad[1+3+8],fermion_baryon_half_write,bound_composite_rows|1+3+8|0|neutral|0|triadic_charge_axis|2664|positive_debit|depth=0|3330.00|-666.00|0|0|0
67,QP093A-0134,bound_composite_rows,OCTET_COMPOSITE,color_triad[1+3+9],fermion_baryon_half_write,bound_composite_rows|1+3+9|3|negative|2|triadic_charge_axis|3276|negative_credit|depth=3|-0.4344618055555555555555555555555555555555555555555555555555555555555555555555555555555555555555555555|3276.434461805555555555555555555555555555555555555555555555555555555555555555555555555555555555555556|3321.940495997299382716049382716049382716049382716049382716049382716049382716049382716049382716049384|415.242561999662422839506172839506172839506172839506172839506172839506172839506172839506172839506173|2906.697933997636959876543209876543209876543209876543209876543209876543209876543209876543209876543211
68,QP093A-0135,bound_composite_rows,OCTET_COMPOSITE,color_triad[1+3+12],fermion_baryon_half_write,bound_composite_rows|1+3+12|3|negative|2|triadic_charge_axis|5544|negative_credit|depth=3|-0.7352430555555555555555555555555555555555555555555555555555555555555555555555555555555555555555555556|5544.735243055555555555555555555555555555555555555555555555555555555555555555555555555555555555555556|5621.745454764660493827160493827160493827160493827160493827160493827160493827160493827160493827160495|702.7181818455825617283950617283950617283950617283950617283950617283950617283950617283950617283950619|4919.027272919077932098765432098765432098765432098765432098765432098765432098765432098765432098765432
69,QP093A-0137,bound_composite_rows,OCTET_COMPOSITE,color_triad[1+4+6],fermion_baryon_half_write,bound_composite_rows|1+4+6|3|negative|3|triadic_charge_axis|1908|negative_credit|depth=3|-0.3450520833333333333333333333333333333333333333333333333333333333333333333333333333333333333333333334|1908.345052083333333333333333333333333333333333333333333333333333333333333333333333333333333333333333|1948.102240668402777777777777777777777777777777777777777777777777777777777777777777777777777777777777|243.5127800835503472222222222222222222222222222222222222222222222222222222222222222222222222222222221|1704.589460584852430555555555555555555555555555555555555555555555555555555555555555555555555555555555
70,QP093A-0138,bound_composite_rows,OCTET_COMPOSITE,color_triad[1+4+8],fermion_baryon_half_write,bound_composite_rows|1+4+8|3|negative|1|triadic_charge_axis|2916|negative_credit|depth=3|-0.2460937499999999999999999999999999999999999999999999999999999999999999999999999999999999999999999999|2916.246093750000000000000000000000000000000000000000000000000000000000000000000000000000000000000000|2936.497802734374999999999999999999999999999999999999999999999999999999999999999999999999999999999999|367.0622253417968749999999999999999999999999999999999999999999999999999999999999999999999999999999999|2569.435577392578124999999999999999999999999999999999999999999999999999999999999999999999999999999999
71,QP093A-0139,bound_composite_rows,OCTET_COMPOSITE,color_triad[1+4+9],fermion_baryon_half_write,bound_composite_rows|1+4+9|3|negative|3|triadic_charge_axis|3528|negative_credit|depth=3|-0.6380208333333333333333333333333333333333333333333333333333333333333333333333333333333333333333333334|3528.638020833333333333333333333333333333333333333333333333333333333333333333333333333333333333333333|3602.151312934027777777777777777777777777777777777777777777777777777777777777777777777777777777777776|450.268914116753472222222222222222222222222222222222222222222222222222222222222222222222222222222222|3151.882398817274305555555555555555555555555555555555555555555555555555555555555555555555555555555554
72,QP093A-0140,bound_composite_rows,OCTET_COMPOSITE,color_triad[1+4+12],fermion_baryon_half_write,bound_composite_rows|1+4+12|3|negative|3|triadic_charge_axis|5796|negative_credit|depth=3|-1.048177083333333333333333333333333333333333333333333333333333333333333333333333333333333333333333333|5797.048177083333333333333333333333333333333333333333333333333333333333333333333333333333333333333333|5917.820014105902777777777777777777777777777777777777777777777777777777777777777777777777777777777776|739.727501763237847222222222222222222222222222222222222222222222222222222222222222222222222222222222|5178.092512342664930555555555555555555555555555555555555555555555555555555555555555555555555555555554
73,QP093A-0141,bound_composite_rows,OCTET_COMPOSITE,color_triad[1+6+6],fermion_baryon_half_write,bound_composite_rows|1+6+6|3|negative|5|triadic_charge_axis|2628|negative_credit|depth=3|-0.7287326388888888888888888888888888888888888888888888888888888888888888888888888888888888888888888888|2628.728732638888888888888888888888888888888888888888888888888888888888888888888888888888888888888889|2720.004035855516975308641975308641975308641975308641975308641975308641975308641975308641975308641975|340.0005044819396219135802469135802469135802469135802469135802469135802469135802469135802469135802469|2380.003531373577353395061728395061728395061728395061728395061728395061728395061728395061728395061728
74,QP093A-0143,bound_composite_rows,OCTET_COMPOSITE,color_triad[1+6+9],fermion_baryon_half_write,bound_composite_rows|1+6+9|3|negative|5|triadic_charge_axis|4248|negative_credit|depth=3|-1.177951388888888888888888888888888888888888888888888888888888888888888888888888888888888888888888889|4249.177951388888888888888888888888888888888888888888888888888888888888888888888888888888888888888889|4396.718852478780864197530864197530864197530864197530864197530864197530864197530864197530864197530863|549.5898565598476080246913580246913580246913580246913580246913580246913580246913580246913580246913579|3847.128995918933256172839506172839506172839506172839506172839506172839506172839506172839506172839505
75,QP093A-0144,bound_composite_rows,OCTET_COMPOSITE,color_triad[1+6+12],fermion_baryon_half_write,bound_composite_rows|1+6+12|3|negative|5|triadic_charge_axis|6516|negative_credit|depth=3|-1.806857638888888888888888888888888888888888888888888888888888888888888888888888888888888888888888889|6517.806857638888888888888888888888888888888888888888888888888888888888888888888888888888888888888889|6744.119595751350308641975308641975308641975308641975308641975308641975308641975308641975308641975307|843.0149494689187885802469135802469135802469135802469135802469135802469135802469135802469135802469134|5901.104646282431520061728395061728395061728395061728395061728395061728395061728395061728395061728394
76,QP093A-0145,bound_composite_rows,OCTET_COMPOSITE,color_triad[1+8+8],fermion_baryon_half_write,bound_composite_rows|1+8+8|3|negative|5|triadic_charge_axis|4644|negative_credit|depth=3|-1.287760416666666666666666666666666666666666666666666666666666666666666666666666666666666666666666667|4645.287760416666666666666666666666666666666666666666666666666666666666666666666666666666666666666667|4806.582474320023148148148148148148148148148148148148148148148148148148148148148148148148148148148147|600.8228092900028935185185185185185185185185185185185185185185185185185185185185185185185185185185184|4205.759665030020254629629629629629629629629629629629629629629629629629629629629629629629629629629629
77,QP093A-0146,bound_composite_rows,GROUND_BARYON_3BODY,color_triad[1+8+9],fermion_baryon_half_write,bound_composite_rows|1+8+9|0|negative|7|triadic_charge_axis|5256|negative_credit|depth=0|-4380.000000000000000000000000000000000000000000000000000000000000000000000000000000000000000000000000|9636.000000000000000000000000000000000000000000000000000000000000000000000000000000000000000000000000|10104.41666666666666666666666666666666666666666666666666666666666666666666666666666666666666666666667|1263.052083333333333333333333333333333333333333333333333333333333333333333333333333333333333333333334|8841.364583333333333333333333333333333333333333333333333333333333333333333333333333333333333333333336
78,QP093A-0147,bound_composite_rows,GROUND_BARYON_3BODY,color_triad[1+8+12],fermion_baryon_half_write,bound_composite_rows|1+8+12|0|negative|7|triadic_charge_axis|7524|negative_credit|depth=0|-6270.000000000000000000000000000000000000000000000000000000000000000000000000000000000000000000000000|13794.00000000000000000000000000000000000000000000000000000000000000000000000000000000000000000000000|14464.54166666666666666666666666666666666666666666666666666666666666666666666666666666666666666666667|1808.067708333333333333333333333333333333333333333333333333333333333333333333333333333333333333333334|12656.47395833333333333333333333333333333333333333333333333333333333333333333333333333333333333333334
79,QP093A-0148,bound_composite_rows,OCTET_COMPOSITE,color_triad[1+9+9],fermion_baryon_half_write,bound_composite_rows|1+9+9|3|negative|8|triadic_charge_axis|5868|negative_credit|depth=3|-2.476128472222222222222222222222222222222222222222222222222222222222222222222222222222222222222222222|5870.476128472222222222222222222222222222222222222222222222222222222222222222222222222222222222222222|6196.613691165123456790123456790123456790123456790123456790123456790123456790123456790123456790123459|774.5767113956404320987654320987654320987654320987654320987654320987654320987654320987654320987654324|5422.036979769483024691358024691358024691358024691358024691358024691358024691358024691358024691358026
80,QP093A-0149,bound_composite_rows,OCTET_COMPOSITE,color_triad[1+9+12],fermion_baryon_half_write,bound_composite_rows|1+9+12|3|negative|8|triadic_charge_axis|8136|negative_credit|depth=3|-3.433159722222222222222222222222222222222222222222222222222222222222222222222222222222222222222222222|8139.433159722222222222222222222222222222222222222222222222222222222222222222222222222222222222222222|8591.623890817901234567901234567901234567901234567901234567901234567901234567901234567901234567901238|1073.952986352237654320987654320987654320987654320987654320987654320987654320987654320987654320987655|7517.670904465663580246913580246913580246913580246913580246913580246913580246913580246913580246913584
81,QP093A-0150,bound_composite_rows,OCTET_COMPOSITE,color_triad[1+12+12],fermion_baryon_half_write,bound_composite_rows|1+12+12|3|negative|11|triadic_charge_axis|10404|negative_credit|depth=3|-5.895399305555555555555555555555555555555555555555555555555555555555555555555555555555555555555555555|10409.89539930555555555555555555555555555555555555555555555555555555555555555555555555555555555555556|11205.09574230806327160493827160493827160493827160493827160493827160493827160493827160493827160493828|1400.636967788507908950617283950617283950617283950617283950617283950617283950617283950617283950617285|9804.458774519555362654320987654320987654320987654320987654320987654320987654320987654320987654320995
82,QP093A-0152,bound_composite_rows,OCTET_COMPOSITE,color_triad[2+2+3],fermion_baryon_half_write,bound_composite_rows|2+2+3|3|neutral|0|triadic_charge_axis|612|positive_debit|depth=3|0.3763020833333333333333333333333333333333333333333333333333333333333333333333333333333333333333333334|611.6236979166666666666666666666666666666666666666666666666666666666666666666666666666666666666666667|611.6236979166666666666666666666666666666666666666666666666666666666666666666666666666666666666666667|76.45296223958333333333333333333333333333333333333333333333333333333333333333333333333333333333333334|535.1707356770833333333333333333333333333333333333333333333333333333333333333333333333333333333333334
83,QP093A-0153,bound_composite_rows,OCTET_COMPOSITE,color_triad[2+2+4],fermion_baryon_half_write,bound_composite_rows|2+2+4|3|positive|1|triadic_charge_axis|864|positive_debit|depth=3|0.07291666666666666666666666666666666666666666666666666666666666666666666666666666666666666666666666665|863.9270833333333333333333333333333333333333333333333333333333333333333333333333333333333333333333333|869.9265769675925925925925925925925925925925925925925925925925925925925925925925925925925925925925922|108.7408221209490740740740740740740740740740740740740740740740740740740740740740740740740740740740740|761.1857548466435185185185185185185185185185185185185185185185185185185185185185185185185185185185181
84,QP093A-0154,bound_composite_rows,OCTET_COMPOSITE,color_triad[2+2+6],fermion_baryon_half_write,bound_composite_rows|2+2+6|3|neutral|0|triadic_charge_axis|1584|positive_debit|depth=3|0.9739583333333333333333333333333333333333333333333333333333333333333333333333333333333333333333333334|1583.026041666666666666666666666666666666666666666666666666666666666666666666666666666666666666666667|1583.026041666666666666666666666666666666666666666666666666666666666666666666666666666666666666666667|197.8782552083333333333333333333333333333333333333333333333333333333333333333333333333333333333333334|1385.147786458333333333333333333333333333333333333333333333333333333333333333333333333333333333333334
85,QP093A-0156,bound_composite_rows,OCTET_COMPOSITE,color_triad[2+2+9],fermion_baryon_half_write,bound_composite_rows|2+2+9|3|neutral|0|triadic_charge_axis|3204|positive_debit|depth=3|1.970052083333333333333333333333333333333333333333333333333333333333333333333333333333333333333333334|3202.029947916666666666666666666666666666666666666666666666666666666666666666666666666666666666666667|3202.029947916666666666666666666666666666666666666666666666666666666666666666666666666666666666666667|400.2537434895833333333333333333333333333333333333333333333333333333333333333333333333333333333333334|2801.776204427083333333333333333333333333333333333333333333333333333333333333333333333333333333333334
86,QP093A-0157,bound_composite_rows,OCTET_COMPOSITE,color_triad[2+2+12],fermion_baryon_half_write,bound_composite_rows|2+2+12|3|neutral|0|triadic_charge_axis|5472|positive_debit|depth=3|3.364583333333333333333333333333333333333333333333333333333333333333333333333333333333333333333333334|5468.635416666666666666666666666666666666666666666666666666666666666666666666666666666666666666666667|5468.635416666666666666666666666666666666666666666666666666666666666666666666666666666666666666666667|683.5794270833333333333333333333333333333333333333333333333333333333333333333333333333333333333333334|4785.055989583333333333333333333333333333333333333333333333333333333333333333333333333333333333333334
87,QP093A-0158,bound_composite_rows,OCTET_COMPOSITE,color_triad[2+3+3],fermion_baryon_half_write,bound_composite_rows|2+3+3|3|negative|1|triadic_charge_axis|792|negative_credit|depth=3|-0.06684027777777777777777777777777777777777777777777777777777777777777777777777777777777777777777777776|792.0668402777777777777777777777777777777777777777777777777777777777777777777777777777777777777777778|797.5673044463734567901234567901234567901234567901234567901234567901234567901234567901234567901234565|99.69591305579668209876543209876543209876543209876543209876543209876543209876543209876543209876543206|697.8713913905767746913580246913580246913580246913580246913580246913580246913580246913580246913580245
88,QP093A-0159,bound_composite_rows,GROUND_BARYON_3BODY,color_triad[2+3+4],fermion_baryon_half_write,bound_composite_rows|2+3+4|0|neutral|0|triadic_charge_axis|1044|positive_debit|depth=0|1305.00|-261.00|0|0|0
89,QP093A-0160,bound_composite_rows,OCTET_COMPOSITE,color_triad[2+3+6],fermion_baryon_half_write,bound_composite_rows|2+3+6|3|negative|1|triadic_charge_axis|1764|negative_credit|depth=3|-0.1488715277777777777777777777777777777777777777777777777777777777777777777777777777777777777777777777|1764.148871527777777777777777777777777777777777777777777777777777777777777777777777777777777777777778|1776.399905357831790123456790123456790123456790123456790123456790123456790123456790123456790123456790|222.0499881697289737654320987654320987654320987654320987654320987654320987654320987654320987654320988|1554.349917188102816358024691358024691358024691358024691358024691358024691358024691358024691358024691
90,QP093A-0161,bound_composite_rows,OCTET_COMPOSITE,color_triad[2+3+8],fermion_baryon_half_write,bound_composite_rows|2+3+8|3|positive|1|triadic_charge_axis|2772|positive_debit|depth=3|0.2339409722222222222222222222222222222222222222222222222222222222222222222222222222222222222222222222|2771.766059027777777777777777777777777777777777777777777777777777777777777777777777777777777777777778|2791.014434437692901234567901234567901234567901234567901234567901234567901234567901234567901234567900|348.8768043047116126543209876543209876543209876543209876543209876543209876543209876543209876543209875|2442.137630132981288580246913580246913580246913580246913580246913580246913580246913580246913580246912
91,QP093A-0162,bound_composite_rows,OCTET_COMPOSITE,color_triad[2+3+9],fermion_baryon_half_write,bound_composite_rows|2+3+9|3|negative|1|triadic_charge_axis|3384|negative_credit|depth=3|-0.2855902777777777777777777777777777777777777777777777777777777777777777777777777777777777777777777777|3384.285590277777777777777777777777777777777777777777777777777777777777777777777777777777777777777778|3407.787573543595679012345679012345679012345679012345679012345679012345679012345679012345679012345678|425.9734466929494598765432098765432098765432098765432098765432098765432098765432098765432098765432098|2981.814126850646219135802469135802469135802469135802469135802469135802469135802469135802469135802469
92,QP093A-0163,bound_composite_rows,OCTET_COMPOSITE,color_triad[2+3+12],fermion_baryon_half_write,bound_composite_rows|2+3+12|3|negative|1|triadic_charge_axis|5652|negative_credit|depth=3|-0.4769965277777777777777777777777777777777777777777777777777777777777777777777777777777777777777777776|5652.476996527777777777777777777777777777777777777777777777777777777777777777777777777777777777777778|5691.730309003665123456790123456790123456790123456790123456790123456790123456790123456790123456790121|711.4662886254581404320987654320987654320987654320987654320987654320987654320987654320987654320987651|4980.264020378206983024691358024691358024691358024691358024691358024691358024691358024691358024691356
93,QP093A-0164,bound_composite_rows,OCTET_COMPOSITE,color_triad[2+4+4],fermion_baryon_half_write,bound_composite_rows|2+4+4|3|negative|1|triadic_charge_axis|1296|negative_credit|depth=3|-0.1093750000000000000000000000000000000000000000000000000000000000000000000000000000000000000000000000|1296.109375000000000000000000000000000000000000000000000000000000000000000000000000000000000000000000|1305.110134548611111111111111111111111111111111111111111111111111111111111111111111111111111111111111|163.1387668185763888888888888888888888888888888888888888888888888888888888888888888888888888888888889|1141.971367730034722222222222222222222222222222222222222222222222222222222222222222222222222222222222
94,QP093A-0166,bound_composite_rows,OCTET_COMPOSITE,color_triad[2+4+8],fermion_baryon_half_write,bound_composite_rows|2+4+8|3|neutral|0|triadic_charge_axis|3024|positive_debit|depth=3|1.859375|3022.140625|3022.140625|377.767578125|2644.373046875
95,QP093A-0167,bound_composite_rows,GROUND_BARYON_3BODY,color_triad[2+4+9],fermion_baryon_half_write,bound_composite_rows|2+4+9|0|negative|2|triadic_charge_axis|3636|negative_credit|depth=0|-1515.000000000000000000000000000000000000000000000000000000000000000000000000000000000000000000000000|5151.000000000000000000000000000000000000000000000000000000000000000000000000000000000000000000000000|5222.541666666666666666666666666666666666666666666666666666666666666666666666666666666666666666666667|652.8177083333333333333333333333333333333333333333333333333333333333333333333333333333333333333333334|4569.723958333333333333333333333333333333333333333333333333333333333333333333333333333333333333333334
96,QP093A-0168,bound_composite_rows,GROUND_BARYON_3BODY,color_triad[2+4+12],fermion_baryon_half_write,bound_composite_rows|2+4+12|0|negative|2|triadic_charge_axis|5904|negative_credit|depth=0|-2460.000000000000000000000000000000000000000000000000000000000000000000000000000000000000000000000000|8364.000000000000000000000000000000000000000000000000000000000000000000000000000000000000000000000000|8480.166666666666666666666666666666666666666666666666666666666666666666666666666666666666666666666668|1060.020833333333333333333333333333333333333333333333333333333333333333333333333333333333333333333334|7420.145833333333333333333333333333333333333333333333333333333333333333333333333333333333333333333335
97,QP093A-0169,bound_composite_rows,OCTET_COMPOSITE,color_triad[2+6+6],fermion_baryon_half_write,bound_composite_rows|2+6+6|3|negative|4|triadic_charge_axis|2736|negative_credit|depth=3|-0.6267361111111111111111111111111111111111111111111111111111111111111111111111111111111111111111111109|2736.626736111111111111111111111111111111111111111111111111111111111111111111111111111111111111111111|2812.644145447530864197530864197530864197530864197530864197530864197530864197530864197530864197530865|351.5805181809413580246913580246913580246913580246913580246913580246913580246913580246913580246913581|2461.063627266589506172839506172839506172839506172839506172839506172839506172839506172839506172839508
98,QP093A-0170,bound_composite_rows,OCTET_COMPOSITE,color_triad[2+6+8],fermion_baryon_half_write,bound_composite_rows|2+6+8|3|negative|2|triadic_charge_axis|3744|negative_credit|depth=3|-0.4965277777777777777777777777777777777777777777777777777777777777777777777777777777777777777777777779|3744.496527777777777777777777777777777777777777777777777777777777777777777777777777777777777777777778|3796.503423996913580246913580246913580246913580246913580246913580246913580246913580246913580246913581|474.5629279996141975308641975308641975308641975308641975308641975308641975308641975308641975308641976|3321.940495997299382716049382716049382716049382716049382716049382716049382716049382716049382716049384
99,QP093A-0171,bound_composite_rows,OCTET_COMPOSITE,color_triad[2+6+9],fermion_baryon_half_write,bound_composite_rows|2+6+9|3|negative|4|triadic_charge_axis|4356|negative_credit|depth=3|-0.9978298611111111111111111111111111111111111111111111111111111111111111111111111111111111111111111109|4356.997829861111111111111111111111111111111111111111111111111111111111111111111111111111111111111111|4478.025547357253086419753086419753086419753086419753086419753086419753086419753086419753086419753087|559.7531934196566358024691358024691358024691358024691358024691358024691358024691358024691358024691359|3918.272353937596450617283950617283950617283950617283950617283950617283950617283950617283950617283951
100,QP093A-0172,bound_composite_rows,OCTET_COMPOSITE,color_triad[2+6+12],fermion_baryon_half_write,bound_composite_rows|2+6+12|3|negative|4|triadic_charge_axis|6624|negative_credit|depth=3|-1.517361111111111111111111111111111111111111111111111111111111111111111111111111111111111111111111111|6625.517361111111111111111111111111111111111111111111111111111111111111111111111111111111111111111111|6809.559510030864197530864197530864197530864197530864197530864197530864197530864197530864197530864199|851.1949387538580246913580246913580246913580246913580246913580246913580246913580246913580246913580249|5958.364571277006172839506172839506172839506172839506172839506172839506172839506172839506172839506174
101,QP093A-0174,bound_composite_rows,OCTET_COMPOSITE,color_triad[2+8+9],fermion_baryon_half_write,bound_composite_rows|2+8+9|3|negative|6|triadic_charge_axis|5364|negative_credit|depth=3|-1.746093750000000000000000000000000000000000000000000000000000000000000000000000000000000000000000000|5365.746093750000000000000000000000000000000000000000000000000000000000000000000000000000000000000000|5589.318847656250000000000000000000000000000000000000000000000000000000000000000000000000000000000002|698.6648559570312500000000000000000000000000000000000000000000000000000000000000000000000000000000002|4890.653991699218750000000000000000000000000000000000000000000000000000000000000000000000000000000001
102,QP093A-0175,bound_composite_rows,OCTET_COMPOSITE,color_triad[2+8+12],fermion_baryon_half_write,bound_composite_rows|2+8+12|3|negative|6|triadic_charge_axis|7632|negative_credit|depth=3|-2.484375000000000000000000000000000000000000000000000000000000000000000000000000000000000000000000000|7634.484375000000000000000000000000000000000000000000000000000000000000000000000000000000000000000000|7952.587890625000000000000000000000000000000000000000000000000000000000000000000000000000000000000003|994.0734863281250000000000000000000000000000000000000000000000000000000000000000000000000000000000004|6958.514404296875000000000000000000000000000000000000000000000000000000000000000000000000000000000002
103,QP093A-0176,bound_composite_rows,OCTET_COMPOSITE,color_triad[2+9+9],fermion_baryon_half_write,bound_composite_rows|2+9+9|3|negative|7|triadic_charge_axis|5976|negative_credit|depth=3|-2.233506944444444444444444444444444444444444444444444444444444444444444444444444444444444444444444444|5978.233506944444444444444444444444444444444444444444444444444444444444444444444444444444444444444444|6268.842080198688271604938271604938271604938271604938271604938271604938271604938271604938271604938270|783.6052600248360339506172839506172839506172839506172839506172839506172839506172839506172839506172838|5485.236820173852237654320987654320987654320987654320987654320987654320987654320987654320987654320986
104,QP093A-0177,bound_composite_rows,OCTET_COMPOSITE,color_triad[2+9+12],fermion_baryon_half_write,bound_composite_rows|2+9+12|3|negative|7|triadic_charge_axis|8244|negative_credit|depth=3|-3.081163194444444444444444444444444444444444444444444444444444444444444444444444444444444444444444444|8247.081163194444444444444444444444444444444444444444444444444444444444444444444444444444444444444444|8647.980941960841049382716049382716049382716049382716049382716049382716049382716049382716049382716048|1080.997617745105131172839506172839506172839506172839506172839506172839506172839506172839506172839506|7566.983324215735918209876543209876543209876543209876543209876543209876543209876543209876543209876542
105,QP093A-0178,bound_composite_rows,OCTET_COMPOSITE,color_triad[2+12+12],fermion_baryon_half_write,bound_composite_rows|2+12+12|3|negative|10|triadic_charge_axis|10512|negative_credit|depth=3|-5.449652777777777777777777777777777777777777777777777777777777777777777777777777777777777777777777777|10517.44965277777777777777777777777777777777777777777777777777777777777777777777777777777777777777778|11247.82810088734567901234567901234567901234567901234567901234567901234567901234567901234567901234568|1405.97851261091820987654320987654320987654320987654320987654320987654320987654320987654320987654321|9841.84958827642746913580246913580246913580246913580246913580246913580246913580246913580246913580247
106,QP093A-0179,bound_composite_rows,GROUND_BARYON_3BODY,color_triad[3+3+3],fermion_baryon_half_write,bound_composite_rows|3+3+3|0|neutral|0|triadic_charge_axis|972|positive_debit|depth=0|1215.00|-243.00|0|0|0
107,QP093A-0180,bound_composite_rows,OCTET_COMPOSITE,color_triad[3+3+4],fermion_baryon_half_write,bound_composite_rows|3+3+4|3|positive|1|triadic_charge_axis|1224|positive_debit|depth=3|0.1032986111111111111111111111111111111111111111111111111111111111111111111111111111111111111111111111|1223.896701388888888888888888888888888888888888888888888888888888888888888888888888888888888888888889|1232.395984037422839506172839506172839506172839506172839506172839506172839506172839506172839506172839|154.0494980046778549382716049382716049382716049382716049382716049382716049382716049382716049382716049|1078.346486032744984567901234567901234567901234567901234567901234567901234567901234567901234567901234
108,QP093A-0181,bound_composite_rows,GROUND_BARYON_3BODY,color_triad[3+3+6],fermion_baryon_half_write,bound_composite_rows|3+3+6|0|neutral|0|triadic_charge_axis|1944|positive_debit|depth=0|2430.00|-486.00|0|0|0
109,QP093A-0182,bound_composite_rows,OCTET_COMPOSITE,color_triad[3+3+8],fermion_baryon_half_write,bound_composite_rows|3+3+8|3|positive|2|triadic_charge_axis|2952|positive_debit|depth=3|0.3914930555555555555555555555555555555555555555555555555555555555555555555555555555555555555555555555|2951.608506944444444444444444444444444444444444444444444444444444444444444444444444444444444444444444|2992.603069540895061728395061728395061728395061728395061728395061728395061728395061728395061728395062|374.0753836926118827160493827160493827160493827160493827160493827160493827160493827160493827160493828|2618.527685848283179012345679012345679012345679012345679012345679012345679012345679012345679012345679
110,QP093A-0183,bound_composite_rows,GROUND_BARYON_3BODY,color_triad[3+3+9],fermion_baryon_half_write,bound_composite_rows|3+3+9|0|neutral|0|triadic_charge_axis|3564|positive_debit|depth=0|4455.00|-891.00|0|0|0
111,QP093A-0184,bound_composite_rows,GROUND_BARYON_3BODY,color_triad[3+3+12],fermion_baryon_half_write,bound_composite_rows|3+3+12|0|neutral|0|triadic_charge_axis|5832|positive_debit|depth=0|7290.00|-1458.00|0|0|0
112,QP093A-0185,bound_composite_rows,OCTET_COMPOSITE,color_triad[3+4+4],fermion_baryon_half_write,bound_composite_rows|3+4+4|3|neutral|0|triadic_charge_axis|1476|positive_debit|depth=3|0.9075520833333333333333333333333333333333333333333333333333333333333333333333333333333333333333333334|1475.092447916666666666666666666666666666666666666666666666666666666666666666666666666666666666666667|1475.092447916666666666666666666666666666666666666666666666666666666666666666666666666666666666666667|184.3865559895833333333333333333333333333333333333333333333333333333333333333333333333333333333333334|1290.705891927083333333333333333333333333333333333333333333333333333333333333333333333333333333333334
113,QP093A-0186,bound_composite_rows,OCTET_COMPOSITE,color_triad[3+4+6],fermion_baryon_half_write,bound_composite_rows|3+4+6|3|negative|1|triadic_charge_axis|2196|negative_credit|depth=3|-0.1853298611111111111111111111111111111111111111111111111111111111111111111111111111111111111111111110|2196.185329861111111111111111111111111111111111111111111111111111111111111111111111111111111111111111|2211.436616874035493827160493827160493827160493827160493827160493827160493827160493827160493827160493|276.4295771092544367283950617283950617283950617283950617283950617283950617283950617283950617283950616|1935.007039764781057098765432098765432098765432098765432098765432098765432098765432098765432098765431
114,QP093A-0188,bound_composite_rows,OCTET_COMPOSITE,color_triad[3+4+9],fermion_baryon_half_write,bound_composite_rows|3+4+9|3|negative|1|triadic_charge_axis|3816|negative_credit|depth=3|-0.3220486111111111111111111111111111111111111111111111111111111111111111111111111111111111111111111110|3816.322048611111111111111111111111111111111111111111111111111111111111111111111111111111111111111111|3842.824285059799382716049382716049382716049382716049382716049382716049382716049382716049382716049381|480.3530356324749228395061728395061728395061728395061728395061728395061728395061728395061728395061726|3362.471249427324459876543209876543209876543209876543209876543209876543209876543209876543209876543209
115,QP093A-0189,bound_composite_rows,OCTET_COMPOSITE,color_triad[3+4+12],fermion_baryon_half_write,bound_composite_rows|3+4+12|3|negative|1|triadic_charge_axis|6084|negative_credit|depth=3|-0.5134548611111111111111111111111111111111111111111111111111111111111111111111111111111111111111111109|6084.513454861111111111111111111111111111111111111111111111111111111111111111111111111111111111111111|6126.767020519868827160493827160493827160493827160493827160493827160493827160493827160493827160493824|765.845877564983603395061728395061728395061728395061728395061728395061728395061728395061728395061728|5360.921142954885223765432098765432098765432098765432098765432098765432098765432098765432098765432096
116,QP093A-0191,bound_composite_rows,OCTET_COMPOSITE,color_triad[3+6+8],fermion_baryon_half_write,bound_composite_rows|3+6+8|3|negative|1|triadic_charge_axis|3924|negative_credit|depth=3|-0.3311631944444444444444444444444444444444444444444444444444444444444444444444444444444444444444444443|3924.331163194444444444444444444444444444444444444444444444444444444444444444444444444444444444444444|3951.583462938850308641975308641975308641975308641975308641975308641975308641975308641975308641975306|493.9479328673562885802469135802469135802469135802469135802469135802469135802469135802469135802469132|3457.635530071494020061728395061728395061728395061728395061728395061728395061728395061728395061728392
117,QP093A-0192,bound_composite_rows,GROUND_BARYON_3BODY,color_triad[3+6+9],fermion_baryon_half_write,bound_composite_rows|3+6+9|0|negative|3|triadic_charge_axis|4536|negative_credit|depth=0|-2268.00|6804.00|6945.749999999999999999999999999999999999999999999999999999999999999999999999999999999999999999999998|868.2187499999999999999999999999999999999999999999999999999999999999999999999999999999999999999999998|6077.531249999999999999999999999999999999999999999999999999999999999999999999999999999999999999999999
118,QP093A-0193,bound_composite_rows,GROUND_BARYON_3BODY,color_triad[3+6+12],fermion_baryon_half_write,bound_composite_rows|3+6+12|0|negative|3|triadic_charge_axis|6804|negative_credit|depth=0|-3402.00|10206.00|10418.62500000000000000000000000000000000000000000000000000000000000000000000000000000000000000000000|1302.32812500000000000000000000000000000000000000000000000000000000000000000000000000000000000000000|9116.29687500000000000000000000000000000000000000000000000000000000000000000000000000000000000000000
119,QP093A-0194,bound_composite_rows,OCTET_COMPOSITE,color_triad[3+8+8],fermion_baryon_half_write,bound_composite_rows|3+8+8|3|negative|3|triadic_charge_axis|4932|negative_credit|depth=3|-0.8919270833333333333333333333333333333333333333333333333333333333333333333333333333333333333333333334|4932.891927083333333333333333333333333333333333333333333333333333333333333333333333333333333333333333|5035.660508897569444444444444444444444444444444444444444444444444444444444444444444444444444444444442|629.4575636121961805555555555555555555555555555555555555555555555555555555555555555555555555555555552|4406.202945285373263888888888888888888888888888888888888888888888888888888888888888888888888888888886
120,QP093A-0195,bound_composite_rows,OCTET_COMPOSITE,color_triad[3+8+9],fermion_baryon_half_write,bound_composite_rows|3+8+9|3|negative|5|triadic_charge_axis|5544|negative_credit|depth=3|-1.537326388888888888888888888888888888888888888888888888888888888888888888888888888888888888888888889|5545.537326388888888888888888888888888888888888888888888888888888888888888888888888888888888888888889|5738.090705777391975308641975308641975308641975308641975308641975308641975308641975308641975308641974|717.2613382221739969135802469135802469135802469135802469135802469135802469135802469135802469135802468|5020.829367555217978395061728395061728395061728395061728395061728395061728395061728395061728395061728
121,QP093A-0196,bound_composite_rows,OCTET_COMPOSITE,color_triad[3+8+12],fermion_baryon_half_write,bound_composite_rows|3+8+12|3|negative|5|triadic_charge_axis|7812|negative_credit|depth=3|-2.166232638888888888888888888888888888888888888888888888888888888888888888888888888888888888888888889|7814.166232638888888888888888888888888888888888888888888888888888888888888888888888888888888888888889|8085.491449049961419753086419753086419753086419753086419753086419753086419753086419753086419753086418|1010.686431131245177469135802469135802469135802469135802469135802469135802469135802469135802469135802|7074.805017918716242283950617283950617283950617283950617283950617283950617283950617283950617283950616
122,QP093A-0197,bound_composite_rows,GROUND_BARYON_3BODY,color_triad[3+9+9],fermion_baryon_half_write,bound_composite_rows|3+9+9|0|negative|6|triadic_charge_axis|6156|negative_credit|depth=0|-4617.00|10773.00|11221.87500000000000000000000000000000000000000000000000000000000000000000000000000000000000000000000|1402.73437500000000000000000000000000000000000000000000000000000000000000000000000000000000000000000|9819.14062500000000000000000000000000000000000000000000000000000000000000000000000000000000000000000
123,QP093A-0198,bound_composite_rows,GROUND_BARYON_3BODY,color_triad[3+9+12],fermion_baryon_half_write,bound_composite_rows|3+9+12|0|negative|6|triadic_charge_axis|8424|negative_credit|depth=0|-6318.00|14742.00|15356.25000000000000000000000000000000000000000000000000000000000000000000000000000000000000000000000|1919.53125000000000000000000000000000000000000000000000000000000000000000000000000000000000000000000|13436.7187500000000000000000000000000000000000000000000000000000000000000000000000000000000000000000
124,QP093A-0199,bound_composite_rows,GROUND_BARYON_3BODY,color_triad[3+12+12],fermion_baryon_half_write,bound_composite_rows|3+12+12|0|negative|9|triadic_charge_axis|10692|negative_credit|depth=0|-10692.00|21384.00|22720.500000|2840.062500|19880.437500
125,QP093A-0201,bound_composite_rows,OCTET_COMPOSITE,color_triad[4+4+6],fermion_baryon_half_write,bound_composite_rows|4+4+6|3|neutral|0|triadic_charge_axis|2448|positive_debit|depth=3|1.505208333333333333333333333333333333333333333333333333333333333333333333333333333333333333333333334|2446.494791666666666666666666666666666666666666666666666666666666666666666666666666666666666666666667|2446.494791666666666666666666666666666666666666666666666666666666666666666666666666666666666666666667|305.8118489583333333333333333333333333333333333333333333333333333333333333333333333333333333333333334|2140.682942708333333333333333333333333333333333333333333333333333333333333333333333333333333333333334
126,QP093A-0202,bound_composite_rows,OCTET_COMPOSITE,color_triad[4+4+8],fermion_baryon_half_write,bound_composite_rows|4+4+8|3|positive|2|triadic_charge_axis|3456|positive_debit|depth=3|0.4583333333333333333333333333333333333333333333333333333333333333333333333333333333333333333333333334|3455.541666666666666666666666666666666666666666666666666666666666666666666666666666666666666666666667|3503.535300925925925925925925925925925925925925925925925925925925925925925925925925925925925925925927|437.9419126157407407407407407407407407407407407407407407407407407407407407407407407407407407407407409|3065.593388310185185185185185185185185185185185185185185185185185185185185185185185185185185185185186
127,QP093A-0203,bound_composite_rows,OCTET_COMPOSITE,color_triad[4+4+9],fermion_baryon_half_write,bound_composite_rows|4+4+9|3|neutral|0|triadic_charge_axis|4068|positive_debit|depth=3|2.501302083333333333333333333333333333333333333333333333333333333333333333333333333333333333333333334|4065.498697916666666666666666666666666666666666666666666666666666666666666666666666666666666666666667|4065.498697916666666666666666666666666666666666666666666666666666666666666666666666666666666666666667|508.1873372395833333333333333333333333333333333333333333333333333333333333333333333333333333333333334|3557.311360677083333333333333333333333333333333333333333333333333333333333333333333333333333333333334
128,QP093A-0204,bound_composite_rows,OCTET_COMPOSITE,color_triad[4+4+12],fermion_baryon_half_write,bound_composite_rows|4+4+12|3|neutral|0|triadic_charge_axis|6336|positive_debit|depth=3|3.895833333333333333333333333333333333333333333333333333333333333333333333333333333333333333333333334|6332.104166666666666666666666666666666666666666666666666666666666666666666666666666666666666666666667|6332.104166666666666666666666666666666666666666666666666666666666666666666666666666666666666666666667|791.5130208333333333333333333333333333333333333333333333333333333333333333333333333333333333333333334|5540.591145833333333333333333333333333333333333333333333333333333333333333333333333333333333333333334
129,QP093A-0205,bound_composite_rows,OCTET_COMPOSITE,color_triad[4+6+6],fermion_baryon_half_write,bound_composite_rows|4+6+6|3|negative|2|triadic_charge_axis|3168|negative_credit|depth=3|-0.4201388888888888888888888888888888888888888888888888888888888888888888888888888888888888888888888889|3168.420138888888888888888888888888888888888888888888888888888888888888888888888888888888888888888889|3212.425974151234567901234567901234567901234567901234567901234567901234567901234567901234567901234568|401.553246768904320987654320987654320987654320987654320987654320987654320987654320987654320987654321|2810.872727382330246913580246913580246913580246913580246913580246913580246913580246913580246913580248
130,QP093A-0206,bound_composite_rows,GROUND_BARYON_3BODY,color_triad[4+6+8],fermion_baryon_half_write,bound_composite_rows|4+6+8|0|neutral|0|triadic_charge_axis|4176|positive_debit|depth=0|5220.00|-1044.00|0|0|0
131,QP093A-0207,bound_composite_rows,OCTET_COMPOSITE,color_triad[4+6+9],fermion_baryon_half_write,bound_composite_rows|4+6+9|3|negative|2|triadic_charge_axis|4788|negative_credit|depth=3|-0.6349826388888888888888888888888888888888888888888888888888888888888888888888888888888888888888888889|4788.634982638888888888888888888888888888888888888888888888888888888888888888888888888888888888888889|4855.143801842206790123456790123456790123456790123456790123456790123456790123456790123456790123456791|606.8929752302758487654320987654320987654320987654320987654320987654320987654320987654320987654320989|4248.250826611930941358024691358024691358024691358024691358024691358024691358024691358024691358024692
132,QP093A-0208,bound_composite_rows,OCTET_COMPOSITE,color_triad[4+6+12],fermion_baryon_half_write,bound_composite_rows|4+6+12|3|negative|2|triadic_charge_axis|7056|negative_credit|depth=3|-0.9357638888888888888888888888888888888888888888888888888888888888888888888888888888888888888888888889|7056.935763888888888888888888888888888888888888888888888888888888888888888888888888888888888888888889|7154.948760609567901234567901234567901234567901234567901234567901234567901234567901234567901234567902|894.3685950761959876543209876543209876543209876543209876543209876543209876543209876543209876543209878|6260.580165533371913580246913580246913580246913580246913580246913580246913580246913580246913580246914
133,QP093A-0209,bound_composite_rows,OCTET_COMPOSITE,color_triad[4+8+8],fermion_baryon_half_write,bound_composite_rows|4+8+8|3|negative|2|triadic_charge_axis|5184|negative_credit|depth=3|-0.6875000000000000000000000000000000000000000000000000000000000000000000000000000000000000000000000001|5184.687500000000000000000000000000000000000000000000000000000000000000000000000000000000000000000000|5256.697048611111111111111111111111111111111111111111111111111111111111111111111111111111111111111112|657.087131076388888888888888888888888888888888888888888888888888888888888888888888888888888888888889|4599.609917534722222222222222222222222222222222222222222222222222222222222222222222222222222222222222
134,QP093A-0210,bound_composite_rows,GROUND_BARYON_3BODY,color_triad[4+8+9],fermion_baryon_half_write,bound_composite_rows|4+8+9|0|negative|4|triadic_charge_axis|5796|negative_credit|depth=0|-3381.000000000000000000000000000000000000000000000000000000000000000000000000000000000000000000000000|9177.000000000000000000000000000000000000000000000000000000000000000000000000000000000000000000000000|9431.916666666666666666666666666666666666666666666666666666666666666666666666666666666666666666666669|1178.989583333333333333333333333333333333333333333333333333333333333333333333333333333333333333333334|8252.927083333333333333333333333333333333333333333333333333333333333333333333333333333333333333333335
135,QP093A-0211,bound_composite_rows,GROUND_BARYON_3BODY,color_triad[4+8+12],fermion_baryon_half_write,bound_composite_rows|4+8+12|0|negative|4|triadic_charge_axis|8064|negative_credit|depth=0|-4704.000000000000000000000000000000000000000000000000000000000000000000000000000000000000000000000000|12768.00000000000000000000000000000000000000000000000000000000000000000000000000000000000000000000000|13122.66666666666666666666666666666666666666666666666666666666666666666666666666666666666666666666667|1640.333333333333333333333333333333333333333333333333333333333333333333333333333333333333333333333334|11482.33333333333333333333333333333333333333333333333333333333333333333333333333333333333333333333334
136,QP093A-0212,bound_composite_rows,OCTET_COMPOSITE,color_triad[4+9+9],fermion_baryon_half_write,bound_composite_rows|4+9+9|3|negative|5|triadic_charge_axis|6408|negative_credit|depth=3|-1.776909722222222222222222222222222222222222222222222222222222222222222222222222222222222222222222222|6409.776909722222222222222222222222222222222222222222222222222222222222222222222222222222222222222222|6632.338607976466049382716049382716049382716049382716049382716049382716049382716049382716049382716048|829.042325997058256172839506172839506172839506172839506172839506172839506172839506172839506172839506|5803.296281979407793209876543209876543209876543209876543209876543209876543209876543209876543209876542
137,QP093A-0213,bound_composite_rows,OCTET_COMPOSITE,color_triad[4+9+12],fermion_baryon_half_write,bound_composite_rows|4+9+12|3|negative|5|triadic_charge_axis|8676|negative_credit|depth=3|-2.405815972222222222222222222222222222222222222222222222222222222222222222222222222222222222222222222|8678.405815972222222222222222222222222222222222222222222222222222222222222222222222222222222222222222|8979.739351249035493827160493827160493827160493827160493827160493827160493827160493827160493827160492|1122.467418906129436728395061728395061728395061728395061728395061728395061728395061728395061728395062|7857.27193234290605709876543209876543209876543209876543209876543209876543209876543209876543209876543
138,QP093A-0214,bound_composite_rows,OCTET_COMPOSITE,color_triad[4+12+12],fermion_baryon_half_write,bound_composite_rows|4+12+12|3|negative|8|triadic_charge_axis|10944|negative_credit|depth=3|-4.618055555555555555555555555555555555555555555555555555555555555555555555555555555555555555555555556|10948.61805555555555555555555555555555555555555555555555555555555555555555555555555555555555555555556|11556.87461419753086419753086419753086419753086419753086419753086419753086419753086419753086419753087|1444.609326774691358024691358024691358024691358024691358024691358024691358024691358024691358024691359|10112.26528742283950617283950617283950617283950617283950617283950617283950617283950617283950617283951
139,QP093A-0215,bound_composite_rows,GROUND_BARYON_3BODY,color_triad[6+6+6],fermion_baryon_half_write,bound_composite_rows|6+6+6|0|neutral|0|triadic_charge_axis|3888|positive_debit|depth=0|4860.00|-972.00|0|0|0
140,QP093A-0216,bound_composite_rows,OCTET_COMPOSITE,color_triad[6+6+8],fermion_baryon_half_write,bound_composite_rows|6+6+8|3|positive|2|triadic_charge_axis|4896|positive_debit|depth=3|0.6493055555555555555555555555555555555555555555555555555555555555555555555555555555555555555555555556|4895.350694444444444444444444444444444444444444444444444444444444444444444444444444444444444444444444|4963.341676311728395061728395061728395061728395061728395061728395061728395061728395061728395061728395|620.4177095389660493827160493827160493827160493827160493827160493827160493827160493827160493827160494|4342.923966772762345679012345679012345679012345679012345679012345679012345679012345679012345679012345
141,QP093A-0217,bound_composite_rows,GROUND_BARYON_3BODY,color_triad[6+6+9],fermion_baryon_half_write,bound_composite_rows|6+6+9|0|neutral|0|triadic_charge_axis|5508|positive_debit|depth=0|6885.00|-1377.00|0|0|0
142,QP093A-0218,bound_composite_rows,GROUND_BARYON_3BODY,color_triad[6+6+12],fermion_baryon_half_write,bound_composite_rows|6+6+12|0|neutral|0|triadic_charge_axis|7776|positive_debit|depth=0|9720.00|-1944.00|0|0|0
143,QP093A-0219,bound_composite_rows,OCTET_COMPOSITE,color_triad[6+8+8],fermion_baryon_half_write,bound_composite_rows|6+8+8|3|neutral|0|triadic_charge_axis|5904|positive_debit|depth=3|3.630208333333333333333333333333333333333333333333333333333333333333333333333333333333333333333333334|5900.369791666666666666666666666666666666666666666666666666666666666666666666666666666666666666666667|5900.369791666666666666666666666666666666666666666666666666666666666666666666666666666666666666666667|737.5462239583333333333333333333333333333333333333333333333333333333333333333333333333333333333333334|5162.823567708333333333333333333333333333333333333333333333333333333333333333333333333333333333333334
144,QP093A-0220,bound_composite_rows,OCTET_COMPOSITE,color_triad[6+8+9],fermion_baryon_half_write,bound_composite_rows|6+8+9|3|negative|2|triadic_charge_axis|6516|negative_credit|depth=3|-0.8641493055555555555555555555555555555555555555555555555555555555555555555555555555555555555555555556|6516.864149305555555555555555555555555555555555555555555555555555555555555555555555555555555555555556|6607.376151379243827160493827160493827160493827160493827160493827160493827160493827160493827160493828|825.9220189224054783950617283950617283950617283950617283950617283950617283950617283950617283950617285|5781.45413245683834876543209876543209876543209876543209876543209876543209876543209876543209876543210
145,QP093A-0221,bound_composite_rows,OCTET_COMPOSITE,color_triad[6+8+12],fermion_baryon_half_write,bound_composite_rows|6+8+12|3|negative|2|triadic_charge_axis|8784|negative_credit|depth=3|-1.164930555555555555555555555555555555555555555555555555555555555555555555555555555555555555555555556|8785.164930555555555555555555555555555555555555555555555555555555555555555555555555555555555555555556|8907.181110146604938271604938271604938271604938271604938271604938271604938271604938271604938271604940|1113.397638768325617283950617283950617283950617283950617283950617283950617283950617283950617283950618|7793.783471378279320987654320987654320987654320987654320987654320987654320987654320987654320987654322
146,QP093A-0222,bound_composite_rows,GROUND_BARYON_3BODY,color_triad[6+9+9],fermion_baryon_half_write,bound_composite_rows|6+9+9|0|negative|3|triadic_charge_axis|7128|negative_credit|depth=0|-3564.00|10692.00|10914.75000000000000000000000000000000000000000000000000000000000000000000000000000000000000000000000|1364.34375000000000000000000000000000000000000000000000000000000000000000000000000000000000000000000|9550.40625000000000000000000000000000000000000000000000000000000000000000000000000000000000000000000
147,QP093A-0223,bound_composite_rows,GROUND_BARYON_3BODY,color_triad[6+9+12],fermion_baryon_half_write,bound_composite_rows|6+9+12|0|negative|3|triadic_charge_axis|9396|negative_credit|depth=0|-4698.00|14094.00|14387.62500000000000000000000000000000000000000000000000000000000000000000000000000000000000000000000|1798.45312500000000000000000000000000000000000000000000000000000000000000000000000000000000000000000|12589.1718750000000000000000000000000000000000000000000000000000000000000000000000000000000000000000
148,QP093A-0224,bound_composite_rows,GROUND_BARYON_3BODY,color_triad[6+12+12],fermion_baryon_half_write,bound_composite_rows|6+12+12|0|negative|6|triadic_charge_axis|11664|negative_credit|depth=0|-8748.00|20412.00|21262.50000000000000000000000000000000000000000000000000000000000000000000000000000000000000000000001|2657.812500000000000000000000000000000000000000000000000000000000000000000000000000000000000000000001|18604.68750000000000000000000000000000000000000000000000000000000000000000000000000000000000000000001
149,QP093A-0226,bound_composite_rows,OCTET_COMPOSITE,color_triad[8+8+9],fermion_baryon_half_write,bound_composite_rows|8+8+9|3|neutral|0|triadic_charge_axis|7524|positive_debit|depth=3|4.626302083333333333333333333333333333333333333333333333333333333333333333333333333333333333333333334|7519.373697916666666666666666666666666666666666666666666666666666666666666666666666666666666666666667|7519.373697916666666666666666666666666666666666666666666666666666666666666666666666666666666666666667|939.9217122395833333333333333333333333333333333333333333333333333333333333333333333333333333333333334|6579.451985677083333333333333333333333333333333333333333333333333333333333333333333333333333333333334
150,QP093A-0227,bound_composite_rows,OCTET_COMPOSITE,color_triad[8+8+12],fermion_baryon_half_write,bound_composite_rows|8+8+12|3|neutral|0|triadic_charge_axis|9792|positive_debit|depth=3|6.020833333333333333333333333333333333333333333333333333333333333333333333333333333333333333333333334|9785.979166666666666666666666666666666666666666666666666666666666666666666666666666666666666666666667|9785.979166666666666666666666666666666666666666666666666666666666666666666666666666666666666666666667|1223.247395833333333333333333333333333333333333333333333333333333333333333333333333333333333333333333|8562.731770833333333333333333333333333333333333333333333333333333333333333333333333333333333333333334
151,QP093A-0228,bound_composite_rows,OCTET_COMPOSITE,color_triad[8+9+9],fermion_baryon_half_write,bound_composite_rows|8+9+9|3|negative|1|triadic_charge_axis|8136|negative_credit|depth=3|-0.6866319444444444444444444444444444444444444444444444444444444444444444444444444444444444444444444442|8136.686631944444444444444444444444444444444444444444444444444444444444444444444444444444444444444444|8193.191400221836419753086419753086419753086419753086419753086419753086419753086419753086419753086416|1024.148925027729552469135802469135802469135802469135802469135802469135802469135802469135802469135802|7169.042475194106867283950617283950617283950617283950617283950617283950617283950617283950617283950614
152,QP093A-0229,bound_composite_rows,OCTET_COMPOSITE,color_triad[8+9+12],fermion_baryon_half_write,bound_composite_rows|8+9+12|3|negative|1|triadic_charge_axis|10404|negative_credit|depth=3|-0.8780381944444444444444444444444444444444444444444444444444444444444444444444444444444444444444444442|10404.87803819444444444444444444444444444444444444444444444444444444444444444444444444444444444444444|10477.13413568190586419753086419753086419753086419753086419753086419753086419753086419753086419753086|1309.641766960238233024691358024691358024691358024691358024691358024691358024691358024691358024691358|9167.492368721667631172839506172839506172839506172839506172839506172839506172839506172839506172839502
153,QP093A-0230,bound_composite_rows,OCTET_COMPOSITE,color_triad[8+12+12],fermion_baryon_half_write,bound_composite_rows|8+12+12|3|negative|4|triadic_charge_axis|12672|negative_credit|depth=3|-2.902777777777777777777777777777777777777777777777777777777777777777777777777777777777777777777777777|12674.90277777777777777777777777777777777777777777777777777777777777777777777777777777777777777777778|13026.98341049382716049382716049382716049382716049382716049382716049382716049382716049382716049382717|1628.372926311728395061728395061728395061728395061728395061728395061728395061728395061728395061728396|11398.61048418209876543209876543209876543209876543209876543209876543209876543209876543209876543209877
154,QP093A-0231,bound_composite_rows,GROUND_BARYON_3BODY,color_triad[9+9+9],fermion_baryon_half_write,bound_composite_rows|9+9+9|0|neutral|0|triadic_charge_axis|8748|positive_debit|depth=0|10935.00|-2187.00|0|0|0
155,QP093A-0232,bound_composite_rows,GROUND_BARYON_3BODY,color_triad[9+9+12],fermion_baryon_half_write,bound_composite_rows|9+9+12|0|neutral|0|triadic_charge_axis|11016|positive_debit|depth=0|13770.00|-2754.00|0|0|0
156,QP093A-0233,bound_composite_rows,GROUND_BARYON_3BODY,color_triad[9+12+12],fermion_baryon_half_write,bound_composite_rows|9+12+12|0|negative|3|triadic_charge_axis|13284|negative_credit|depth=0|-6642.00|19926.00|20341.12499999999999999999999999999999999999999999999999999999999999999999999999999999999999999999999|2542.640624999999999999999999999999999999999999999999999999999999999999999999999999999999999999999999|17798.48437499999999999999999999999999999999999999999999999999999999999999999999999999999999999999999
157,QP093A-0234,bound_composite_rows,GROUND_BARYON_3BODY,color_triad[12+12+12],fermion_baryon_half_write,bound_composite_rows|12+12+12|0|neutral|0|triadic_charge_axis|15552|positive_debit|depth=0|19440.00|-3888.00|0|0|0
158,QP093A-0242,unstable_resonance_rows,OCTET_COMPOSITE,pair_write[1|anti12],boson_integer_write,unstable_resonance_rows|1+12|3|negative|11|pair_charge_axis|177|negative_credit|depth=3|-0.1002965856481481481481481481481481481481481481481481481481481481481481481481481481481481481481481482|177.1002965856481481481481481481481481481481481481481481481481481481481481481481481481481481481481481|190.6287914637184927983539094650205761316872427983539094650205761316872427983539094650205761316872428|23.82859893296481159979423868312757201646090534979423868312757201646090534979423868312757201646090535|166.8001925307536811985596707818930041152263374485596707818930041152263374485596707818930041152263375
159,QP093A-0250,unstable_resonance_rows,OCTET_COMPOSITE,pair_write[2|anti12],boson_integer_write,unstable_resonance_rows|2+12|3|negative|10|pair_charge_axis|318|negative_credit|depth=3|-0.1648582175925925925925925925925925925925925925925925925925925925925925925925925925925925925925925926|318.1648582175925925925925925925925925925925925925925925925925925925925925925925925925925925925925926|340.2596400382587448559670781893004115226337448559670781893004115226337448559670781893004115226337447|42.53245500478234310699588477366255144032921810699588477366255144032921810699588477366255144032921809|297.7271850334764017489711934156378600823045267489711934156378600823045267489711934156378600823045266
160,QP093A-0258,unstable_resonance_rows,OCTET_COMPOSITE,pair_write[3|anti12],boson_integer_write,unstable_resonance_rows|3+12|3|negative|9|pair_charge_axis|459|negative_credit|depth=3|-0.2158203125|459.2158203125|487.91680908203125|60.98960113525390625|426.92720794677734375
161,QP093A-0266,unstable_resonance_rows,OCTET_COMPOSITE,pair_write[4|anti12],boson_integer_write,unstable_resonance_rows|4+12|3|negative|8|pair_charge_axis|600|negative_credit|depth=3|-0.2531828703703703703703703703703703703703703703703703703703703703703703703703703703703703703703703704|600.2531828703703703703703703703703703703703703703703703703703703703703703703703703703703703703703704|633.6005819187242798353909465020576131687242798353909465020576131687242798353909465020576131687242801|79.20007273984053497942386831275720164609053497942386831275720164609053497942386831275720164609053501|554.4005091788837448559670781893004115226337448559670781893004115226337448559670781893004115226337451
162,QP093A-0274,unstable_resonance_rows,OCTET_COMPOSITE,pair_write[6|anti12],boson_integer_write,unstable_resonance_rows|6+12|3|negative|6|pair_charge_axis|882|negative_credit|depth=3|-0.2871093750000000000000000000000000000000000000000000000000000000000000000000000000000000000000000000|882.2871093750000000000000000000000000000000000000000000000000000000000000000000000000000000000000000|919.0490722656250000000000000000000000000000000000000000000000000000000000000000000000000000000000003|114.8811340332031250000000000000000000000000000000000000000000000000000000000000000000000000000000000|804.1679382324218750000000000000000000000000000000000000000000000000000000000000000000000000000000002
163,QP093A-0282,unstable_resonance_rows,OCTET_COMPOSITE,pair_write[8|anti12],boson_integer_write,unstable_resonance_rows|8+12|3|negative|4|pair_charge_axis|1164|negative_credit|depth=3|-0.2666377314814814814814814814814814814814814814814814814814814814814814814814814814814814814814814815|1164.266637731481481481481481481481481481481481481481481481481481481481481481481481481481481481481481|1196.607377668467078189300411522633744855967078189300411522633744855967078189300411522633744855967078|149.5759222085583847736625514403292181069958847736625514403292181069958847736625514403292181069958848|1047.031455459908693415637860082304526748971193415637860082304526748971193415637860082304526748971193
164,QP093A-0290,unstable_resonance_rows,OCTET_COMPOSITE,pair_write[9|anti12],boson_integer_write,unstable_resonance_rows|9+12|3|negative|3|pair_charge_axis|1305|negative_credit|depth=3|-0.2360026041666666666666666666666666666666666666666666666666666666666666666666666666666666666666666667|1305.236002604166666666666666666666666666666666666666666666666666666666666666666666666666666666666667|1332.428419325086805555555555555555555555555555555555555555555555555555555555555555555555555555555555|166.5535524156358506944444444444444444444444444444444444444444444444444444444444444444444444444444444|1165.874866909450954861111111111111111111111111111111111111111111111111111111111111111111111111111111
165,QP093A-0291,unstable_resonance_rows,OCTET_COMPOSITE,pair_write[12|anti1],boson_integer_write,unstable_resonance_rows|12+1|3|positive|11|pair_charge_axis|177|positive_debit|depth=3|0.1002965856481481481481481481481481481481481481481481481481481481481481481481481481481481481481481482|176.8997034143518518518518518518518518518518518518518518518518518518518518518518518518518518518518519|190.4128752029481738683127572016460905349794238683127572016460905349794238683127572016460905349794239|23.80160940036852173353909465020576131687242798353909465020576131687242798353909465020576131687242799|166.6112658025796521347736625514403292181069958847736625514403292181069958847736625514403292181069959
166,QP093A-0292,unstable_resonance_rows,OCTET_COMPOSITE,pair_write[12|anti2],boson_integer_write,unstable_resonance_rows|12+2|3|positive|10|pair_charge_axis|318|positive_debit|depth=3|0.1648582175925925925925925925925925925925925925925925925925925925925925925925925925925925925925925926|317.8351417824074074074074074074074074074074074074074074074074074074074074074074074074074074074074074|339.9070266284079218106995884773662551440329218106995884773662551440329218106995884773662551440329217|42.48837832855099022633744855967078189300411522633744855967078189300411522633744855967078189300411521|297.4186482998569315843621399176954732510288065843621399176954732510288065843621399176954732510288065
167,QP093A-0293,unstable_resonance_rows,OCTET_COMPOSITE,pair_write[12|anti3],boson_integer_write,unstable_resonance_rows|12+3|3|positive|9|pair_charge_axis|459|positive_debit|depth=3|0.2158203125|458.7841796875|487.45819091796875|60.93227386474609375|426.52591705322265625
168,QP093A-0294,unstable_resonance_rows,OCTET_COMPOSITE,pair_write[12|anti4],boson_integer_write,unstable_resonance_rows|12+4|3|positive|8|pair_charge_axis|600|positive_debit|depth=3|0.2531828703703703703703703703703703703703703703703703703703703703703703703703703703703703703703703704|599.7468171296296296296296296296296296296296296296296296296296296296296296296296296296296296296296296|633.0660847479423868312757201646090534979423868312757201646090534979423868312757201646090534979423871|79.13326059349279835390946502057613168724279835390946502057613168724279835390946502057613168724279839|553.9328241544495884773662551440329218106995884773662551440329218106995884773662551440329218106995888
169,QP093A-0295,unstable_resonance_rows,OCTET_COMPOSITE,pair_write[12|anti6],boson_integer_write,unstable_resonance_rows|12+6|3|positive|6|pair_charge_axis|882|positive_debit|depth=3|0.2871093750000000000000000000000000000000000000000000000000000000000000000000000000000000000000000000|881.7128906250000000000000000000000000000000000000000000000000000000000000000000000000000000000000000|918.4509277343750000000000000000000000000000000000000000000000000000000000000000000000000000000000003|114.8063659667968750000000000000000000000000000000000000000000000000000000000000000000000000000000000|803.6445617675781250000000000000000000000000000000000000000000000000000000000000000000000000000000002
170,QP093A-0296,unstable_resonance_rows,OCTET_COMPOSITE,pair_write[12|anti8],boson_integer_write,unstable_resonance_rows|12+8|3|positive|4|pair_charge_axis|1164|positive_debit|depth=3|0.2666377314814814814814814814814814814814814814814814814814814814814814814814814814814814814814814815|1163.733362268518518518518518518518518518518518518518518518518518518518518518518518518518518518518519|1196.059288998199588477366255144032921810699588477366255144032921810699588477366255144032921810699589|149.5074111247749485596707818930041152263374485596707818930041152263374485596707818930041152263374486|1046.551877873424639917695473251028806584362139917695473251028806584362139917695473251028806584362140
171,QP093A-0297,unstable_resonance_rows,OCTET_COMPOSITE,pair_write[12|anti9],boson_integer_write,unstable_resonance_rows|12+9|3|positive|3|pair_charge_axis|1305|positive_debit|depth=3|0.2360026041666666666666666666666666666666666666666666666666666666666666666666666666666666666666666667|1304.763997395833333333333333333333333333333333333333333333333333333333333333333333333333333333333333|1331.946580674913194444444444444444444444444444444444444444444444444444444444444444444444444444444444|166.4933225843641493055555555555555555555555555555555555555555555555555555555555555555555555555555555|1165.453258090549045138888888888888888888888888888888888888888888888888888888888888888888888888888888
172,QP093A-0298,unstable_resonance_rows,OCTET_COMPOSITE,pair_write[12|anti12],boson_integer_write,unstable_resonance_rows|12+12|1|neutral|0|pair_charge_axis|1728|positive_debit|depth=1|153.0000|1575.0000|1575.0000|196.8750|1378.1250
173,QP093A-0299,unstable_resonance_rows,CLOSED_SCALAR_LOOP,closed_scalar_loop[R2_retention_7_over_8],scalar_closed_loop,unstable_resonance_rows|12+12|3|neutral|0|neutral_scalar_axis|126000|positive_debit|closed_loop_surface_D2_over_R|750.00|125250.00|125250.00|15656.25|109593.75
174,QP093A-0300,carrier_only_rows,TENSOR_CARRIER,tensor_carrier_alphaH_D2,rank2_plus_cross,carrier_only_rows|18|3|neutral|0|carrier_axis|18|none|no_surface_depth|0|18|0|0|0
175,QP093A-0301,carrier_only_rows,ROAD_LIGHT_CARRIER,photon_road_carrier,transverse_vector,carrier_only_rows|1|3|neutral|0|carrier_axis|0|none|no_surface_depth|0|0|0|0|0
176,QP093A-0302,carrier_only_rows,WEAK_VECTOR_CARRIER,weak_vector_support,massive_vector_support,carrier_only_rows|9|3|neutral|0|carrier_axis|9|none|no_surface_depth|0|9|0|0|0
177,QP093A-0303,carrier_only_rows,NEUTRAL_VECTOR_CARRIER,neutral_vector_support,massive_vector_support,carrier_only_rows|81|3|neutral|0|carrier_axis|81|none|no_surface_depth|0|81|0|0|0
178,QP093A-0304,carrier_only_rows,COLOR_OWNER_CARRIER,gluon_color_owner_support,color_octet_support,carrier_only_rows|8|3|neutral|0|carrier_axis|8|none|no_surface_depth|0|8|0|0|0
179,QP093A-0305,carrier_only_rows,A_FIELD_CARRIER,a_kernel_support,environmental_A_support,carrier_only_rows|1|3|neutral|0|carrier_axis|0|none|no_surface_depth|0|0|0|0|0
180,QP093A-0306,hidden_source_support_rows,SOURCE_SUPPORT_PACKET,hidden_source_support[p=1],unresolved_support,hidden_source_support_rows|1|3|positive|1|source_axis|1.006944444444444444444444444444444444444444444444444444444444444444444444444444444444444444444444444|none|no_surface_depth|0|1.006944444444444444444444444444444444444444444444444444444444444444444444444444444444444444444444444|0|0|0
181,QP093A-0307,hidden_source_support_rows,SOURCE_SUPPORT_PACKET,hidden_source_support[p=2],unresolved_support,hidden_source_support_rows|2|3|positive|2|source_axis|2.027777777777777777777777777777777777777777777777777777777777777777777777777777777777777777777777778|none|no_surface_depth|0|2.027777777777777777777777777777777777777777777777777777777777777777777777777777777777777777777777778|0|0|0
182,QP093A-0308,hidden_source_support_rows,SOURCE_SUPPORT_PACKET,hidden_source_support[p=3],unresolved_support,hidden_source_support_rows|3|3|positive|3|source_axis|3.062499999999999999999999999999999999999999999999999999999999999999999999999999999999999999999999999|none|no_surface_depth|0|3.062499999999999999999999999999999999999999999999999999999999999999999999999999999999999999999999999|0|0|0
183,QP093A-0309,hidden_source_support_rows,SOURCE_SUPPORT_PACKET,hidden_source_support[p=4],unresolved_support,hidden_source_support_rows|4|3|positive|4|source_axis|4.111111111111111111111111111111111111111111111111111111111111111111111111111111111111111111111111112|none|no_surface_depth|0|4.111111111111111111111111111111111111111111111111111111111111111111111111111111111111111111111111112|0|0|0
184,QP093A-0310,hidden_source_support_rows,SOURCE_SUPPORT_PACKET,hidden_source_support[p=6],unresolved_support,hidden_source_support_rows|6|3|positive|6|source_axis|6.250000000000000000000000000000000000000000000000000000000000000000000000000000000000000000000000002|none|no_surface_depth|0|6.250000000000000000000000000000000000000000000000000000000000000000000000000000000000000000000000002|0|0|0
185,QP093A-0311,hidden_source_support_rows,SOURCE_SUPPORT_PACKET,hidden_source_support[p=8],unresolved_support,hidden_source_support_rows|8|3|positive|8|source_axis|8.444444444444444444444444444444444444444444444444444444444444444444444444444444444444444444444444448|none|no_surface_depth|0|8.444444444444444444444444444444444444444444444444444444444444444444444444444444444444444444444444448|0|0|0
186,QP093A-0312,hidden_source_support_rows,SOURCE_SUPPORT_PACKET,hidden_source_support[p=9],unresolved_support,hidden_source_support_rows|9|3|positive|9|source_axis|9.5625|none|no_surface_depth|0|9.5625|0|0|0
187,QP093A-0313,hidden_source_support_rows,SOURCE_SUPPORT_PACKET,hidden_source_support[p=12],unresolved_support,hidden_source_support_rows|12|3|positive|12|source_axis|13.00000000000000000000000000000000000000000000000000000000000000000000000000000000000000000000000000|none|no_surface_depth|0|13.00000000000000000000000000000000000000000000000000000000000000000000000000000000000000000000000000|0|0|0
188,QP093A-0314,rejected_fake_closures,DIRECT_QA_AS_MASS,fake_direct_qA_as_mass,fake_spin,rejected_fake_closures|1|0|neutral|0|fake_axis|0|none|no_surface_depth|0|0|0|0|0
189,QP093A-0315,rejected_fake_closures,PROMOTE_TENSOR_CARRIER,fake_tensor_as_particle,fake_spin,rejected_fake_closures|1|0|neutral|0|fake_axis|0|none|no_surface_depth|0|0|0|0|0
190,QP093A-0316,rejected_fake_closures,SKIP_LEDGER_COMPRESSION,fake_skip_ledger_compression,fake_spin,rejected_fake_closures|1|0|neutral|0|fake_axis|0|none|no_surface_depth|0|0|0|0|0
191,QP093A-0317,rejected_fake_closures,RANDOM_ROUTE_CLOSURE,fake_random_route_closure,fake_spin,rejected_fake_closures|1|0|neutral|0|fake_axis|0|none|no_surface_depth|0|0|0|0|0
192,QP093A-0318,rejected_fake_closures,NEAREST_KNOWN_PARTICLE_MATCH,fake_nearest_known_match,fake_spin,rejected_fake_closures|1|0|neutral|0|fake_axis|0|none|no_surface_depth|0|0|0|0|0
193,QP093A-0319,rejected_fake_closures,OPEN_COLOR_NO_OWNER,fake_open_color_single,fake_spin,rejected_fake_closures|1|0|neutral|0|fake_axis|0|none|no_surface_depth|0|0|0|0|0
194,QP093A-0320,rejected_fake_closures,SURFACE_STACK_DISABLED,fake_wrong_surface_stack_disabled,fake_spin,rejected_fake_closures|1|0|neutral|0|fake_axis|0|none|no_surface_depth|0|0|0|0|0
195,QP093A-0321,rejected_fake_closures,FAKE_PARENT_NO_CLOSED_LOOP,fake_parent_without_loop,fake_spin,rejected_fake_closures|1|0|neutral|0|fake_axis|0|none|no_surface_depth|0|0|0|0|0
