candidate_id,bin,route_class,partition,depth,sign,q_abs,operator_class,closure_status,M_native,qA_source_support,category,pdg_anchor,sam_role,sub_role,sealed_cr_reference,notes
QP093A-0001,stable_matter_rows,single_write,1,0,positive,1,V4_1_SINGLE_WRITE,CLOSED_WRITE,1.25,1.258680555555555555555555555555555555555555555555555555555555555555555555555555555555555555555555555,SAM_ORPHAN,,positron_substrate_slot,positive-charge matter slot at d=0,Vol II.1 §10.5 + CR254,not the PDG positron; substrate address per c₊=5/4
QP093A-0002,stable_matter_rows,single_write,1,0,negative,1,V4_1_SINGLE_WRITE,CLOSED_WRITE,1.5,1.510416666666666666666666666666666666666666666666666666666666666666666666666666666666666666666666666,PDG_CANDIDATE,e⁻ candidate,electron_like_minus (Vol II.1 §10.5),first-generation charged lepton slot,Vol II.1 §10.5 + CR254,PDG mapping consistent with identity class; mass-lift derivation not sealed
QP093A-0003,stable_matter_rows,outer_binary_neutral,1,0,neutral,0,OUTER_BINARY_NEUTRAL,CLOSED_WRITE,0.125,0.125,PDG_CANDIDATE,ν eigenstate m₁ candidate,neutrino_like (Vol II.1 §14.7),first neutrino mass eigenstate slot,Vol II.1 §14.7 + CR268,m₁²=1 in CR268 spectrum; Majorana (no antimatter mirror)
QP093A-0004,stable_matter_rows,single_write,2,0,positive,2,V4_1_SINGLE_WRITE,CLOSED_WRITE,2.50,2.534722222222222222222222222222222222222222222222222222222222222222222222222222222222222222222222222,SAM_ORPHAN,,quark_like_charged,"substrate quark slot p=2, d=0, matter",Vol II.1 §10.5 + CR254/CR256,individual quark PDG mapping deferred to downstream CR
QP093A-0005,stable_matter_rows,single_write,2,0,negative,2,V4_1_SINGLE_WRITE,CLOSED_WRITE,3.0,3.041666666666666666666666666666666666666666666666666666666666666666666666666666666666666666666666667,SAM_ORPHAN,,quark_like_charged,"substrate quark slot p=2, d=0, matter",Vol II.1 §10.5 + CR254/CR256,individual quark PDG mapping deferred to downstream CR
QP093A-0006,stable_matter_rows,outer_binary_neutral,2,0,neutral,0,OUTER_BINARY_NEUTRAL,CLOSED_WRITE,0.250,0.250,SAM_ORPHAN,,neutral_higher_partition,"substrate-native neutral scalar at p=2, d=0",Vol II.1 §10.5 + CR255,no PDG analog; carries qA = p/8 · R^d
QP093A-0007,stable_matter_rows,single_write,3,0,positive,3,V4_1_SINGLE_WRITE,CLOSED_WRITE,3.75,3.828124999999999999999999999999999999999999999999999999999999999999999999999999999999999999999999999,SAM_ORPHAN,,quark_like_charged,"substrate quark slot p=3, d=0, matter",Vol II.1 §10.5 + CR254/CR256,individual quark PDG mapping deferred to downstream CR
QP093A-0008,stable_matter_rows,single_write,3,0,negative,3,V4_1_SINGLE_WRITE,CLOSED_WRITE,4.5,4.593749999999999999999999999999999999999999999999999999999999999999999999999999999999999999999999998,SAM_ORPHAN,,quark_like_charged,"substrate quark slot p=3, d=0, matter",Vol II.1 §10.5 + CR254/CR256,individual quark PDG mapping deferred to downstream CR
QP093A-0009,stable_matter_rows,outer_binary_neutral,3,0,neutral,0,OUTER_BINARY_NEUTRAL,CLOSED_WRITE,0.375,0.375,SAM_ORPHAN,,neutral_higher_partition,"substrate-native neutral scalar at p=3, d=0",Vol II.1 §10.5 + CR255,no PDG analog; carries qA = p/8 · R^d
QP093A-0010,stable_matter_rows,single_write,4,0,positive,4,V4_1_SINGLE_WRITE,CLOSED_WRITE,5.00,5.138888888888888888888888888888888888888888888888888888888888888888888888888888888888888888888888890,SAM_ORPHAN,,quark_like_charged,"substrate quark slot p=4, d=0, matter",Vol II.1 §10.5 + CR254/CR256,individual quark PDG mapping deferred to downstream CR
QP093A-0011,stable_matter_rows,single_write,4,0,negative,4,V4_1_SINGLE_WRITE,CLOSED_WRITE,6.0,6.166666666666666666666666666666666666666666666666666666666666666666666666666666666666666666666666668,SAM_ORPHAN,,quark_like_charged,"substrate quark slot p=4, d=0, matter",Vol II.1 §10.5 + CR254/CR256,individual quark PDG mapping deferred to downstream CR
QP093A-0012,stable_matter_rows,outer_binary_neutral,4,0,neutral,0,OUTER_BINARY_NEUTRAL,CLOSED_WRITE,0.500,0.500,SAM_ORPHAN,,neutral_higher_partition,"substrate-native neutral scalar at p=4, d=0",Vol II.1 §10.5 + CR255,no PDG analog; carries qA = p/8 · R^d
QP093A-0013,stable_matter_rows,single_write,6,0,positive,6,V4_1_SINGLE_WRITE,CLOSED_WRITE,7.50,7.812500000000000000000000000000000000000000000000000000000000000000000000000000000000000000000000002,SAM_ORPHAN,,quark_like_charged,"substrate quark slot p=6, d=0, matter",Vol II.1 §10.5 + CR254/CR256,individual quark PDG mapping deferred to downstream CR
QP093A-0014,stable_matter_rows,single_write,6,0,negative,6,V4_1_SINGLE_WRITE,CLOSED_WRITE,9.0,9.375000000000000000000000000000000000000000000000000000000000000000000000000000000000000000000000003,SAM_ORPHAN,,quark_like_charged,"substrate quark slot p=6, d=0, matter",Vol II.1 §10.5 + CR254/CR256,individual quark PDG mapping deferred to downstream CR
QP093A-0015,stable_matter_rows,outer_binary_neutral,6,0,neutral,0,OUTER_BINARY_NEUTRAL,CLOSED_WRITE,0.750,0.750,SAM_ORPHAN,,neutral_higher_partition,"substrate-native neutral scalar at p=6, d=0",Vol II.1 §10.5 + CR255,no PDG analog; carries qA = p/8 · R^d
QP093A-0016,stable_matter_rows,single_write,8,0,positive,8,V4_1_SINGLE_WRITE,CLOSED_WRITE,10.00,10.55555555555555555555555555555555555555555555555555555555555555555555555555555555555555555555555556,SAM_ORPHAN,,quark_like_charged,"substrate quark slot p=8, d=0, matter",Vol II.1 §10.5 + CR254/CR256,individual quark PDG mapping deferred to downstream CR
QP093A-0017,stable_matter_rows,single_write,8,0,negative,8,V4_1_SINGLE_WRITE,CLOSED_WRITE,12.0,12.66666666666666666666666666666666666666666666666666666666666666666666666666666666666666666666666667,SAM_ORPHAN,,quark_like_charged,"substrate quark slot p=8, d=0, matter",Vol II.1 §10.5 + CR254/CR256,individual quark PDG mapping deferred to downstream CR
QP093A-0018,stable_matter_rows,outer_binary_neutral,8,0,neutral,0,OUTER_BINARY_NEUTRAL,CLOSED_WRITE,1.000,1.000,SAM_ORPHAN,,neutral_higher_partition,"substrate-native neutral scalar at p=8, d=0",Vol II.1 §10.5 + CR255,no PDG analog; carries qA = p/8 · R^d
QP093A-0019,stable_matter_rows,single_write,9,0,positive,9,V4_1_SINGLE_WRITE,CLOSED_WRITE,11.25,11.953125,SAM_ORPHAN,,quark_like_charged,"substrate quark slot p=9, d=0, matter",Vol II.1 §10.5 + CR254/CR256,individual quark PDG mapping deferred to downstream CR
QP093A-0020,stable_matter_rows,single_write,9,0,negative,9,V4_1_SINGLE_WRITE,CLOSED_WRITE,13.5,14.34375,SAM_ORPHAN,,quark_like_charged,"substrate quark slot p=9, d=0, matter",Vol II.1 §10.5 + CR254/CR256,individual quark PDG mapping deferred to downstream CR
QP093A-0021,stable_matter_rows,outer_binary_neutral,9,0,neutral,0,OUTER_BINARY_NEUTRAL,CLOSED_WRITE,1.125,1.125,SAM_ORPHAN,,neutral_higher_partition,"substrate-native neutral scalar at p=9, d=0",Vol II.1 §10.5 + CR255,no PDG analog; carries qA = p/8 · R^d
QP093A-0022,stable_matter_rows,single_write,12,0,positive,12,V4_1_SINGLE_WRITE,CLOSED_WRITE,15.00,16.25000000000000000000000000000000000000000000000000000000000000000000000000000000000000000000000000,SAM_ORPHAN,,quark_like_charged,"substrate quark slot p=12, d=0, matter",Vol II.1 §10.5 + CR254/CR256,individual quark PDG mapping deferred to downstream CR
QP093A-0023,stable_matter_rows,single_write,12,0,negative,12,V4_1_SINGLE_WRITE,CLOSED_WRITE,18.0,19.49999999999999999999999999999999999999999999999999999999999999999999999999999999999999999999999999,SAM_ORPHAN,,bow_trace_matter_only,matter-only observable at bow fixed point R,CR256 + CR269,"antimatter mirror structurally absent (A₊(12,0)=0); matter side qA=19.5"
QP093A-0024,stable_matter_rows,outer_binary_neutral,12,0,neutral,0,OUTER_BINARY_NEUTRAL,CLOSED_WRITE,1.500,1.500,SAM_ORPHAN,,neutral_higher_partition,"substrate-native neutral scalar at p=12, d=0",Vol II.1 §10.5 + CR255,no PDG analog; carries qA = p/8 · R^d
QP093A-0025,stable_matter_rows,single_write,1,1,positive,1,V4_1_SINGLE_WRITE,CLOSED_WRITE,15.00,15.10416666666666666666666666666666666666666666666666666666666666666666666666666666666666666666666666,SAM_ORPHAN,,heavier_positron_substrate_slot,positive-charge matter slot at d=1,Vol II.1 §10.5 + CR254,not the PDG positron; substrate address per c₊=5/4
QP093A-0026,stable_matter_rows,single_write,1,1,negative,1,V4_1_SINGLE_WRITE,CLOSED_WRITE,18.0,18.12499999999999999999999999999999999999999999999999999999999999999999999999999999999999999999999999,PDG_CANDIDATE,μ⁻ candidate,heavier_charged_lepton_minus (Vol II.1 §10.5),second-generation charged lepton slot,Vol II.1 §10.5 + CR254,PDG mapping consistent with identity class
QP093A-0027,stable_matter_rows,outer_binary_neutral,1,1,neutral,0,OUTER_BINARY_NEUTRAL,CLOSED_WRITE,1.500,1.500,PDG_CANDIDATE,ν eigenstate m₂ candidate,neutrino_like (Vol II.1 §14.7),second neutrino mass eigenstate slot,Vol II.1 §14.7 + CR268,m₂²=ĥ=2 in CR268 spectrum; Majorana
QP093A-0028,stable_matter_rows,single_write,2,1,positive,2,V4_1_SINGLE_WRITE,CLOSED_WRITE,30.00,30.41666666666666666666666666666666666666666666666666666666666666666666666666666666666666666666666667,SAM_ORPHAN,,quark_like_charged,"substrate quark slot p=2, d=1, matter",Vol II.1 §10.5 + CR254/CR256,individual quark PDG mapping deferred to downstream CR
QP093A-0029,stable_matter_rows,single_write,2,1,negative,2,V4_1_SINGLE_WRITE,CLOSED_WRITE,36.0,36.50000000000000000000000000000000000000000000000000000000000000000000000000000000000000000000000000,SAM_ORPHAN,,quark_like_charged,"substrate quark slot p=2, d=1, matter",Vol II.1 §10.5 + CR254/CR256,individual quark PDG mapping deferred to downstream CR
QP093A-0030,stable_matter_rows,outer_binary_neutral,2,1,neutral,0,OUTER_BINARY_NEUTRAL,CLOSED_WRITE,3.000,3.000,SAM_ORPHAN,,neutral_higher_partition,"substrate-native neutral scalar at p=2, d=1",Vol II.1 §10.5 + CR255,no PDG analog; carries qA = p/8 · R^d
QP093A-0031,stable_matter_rows,single_write,3,1,positive,3,V4_1_SINGLE_WRITE,CLOSED_WRITE,45.00,45.93749999999999999999999999999999999999999999999999999999999999999999999999999999999999999999999998,SAM_ORPHAN,,quark_like_charged,"substrate quark slot p=3, d=1, matter",Vol II.1 §10.5 + CR254/CR256,individual quark PDG mapping deferred to downstream CR
QP093A-0032,stable_matter_rows,single_write,3,1,negative,3,V4_1_SINGLE_WRITE,CLOSED_WRITE,54.0,55.12499999999999999999999999999999999999999999999999999999999999999999999999999999999999999999999998,SAM_ORPHAN,,quark_like_charged,"substrate quark slot p=3, d=1, matter",Vol II.1 §10.5 + CR254/CR256,individual quark PDG mapping deferred to downstream CR
QP093A-0033,stable_matter_rows,outer_binary_neutral,3,1,neutral,0,OUTER_BINARY_NEUTRAL,CLOSED_WRITE,4.500,4.500,SAM_ORPHAN,,neutral_higher_partition,"substrate-native neutral scalar at p=3, d=1",Vol II.1 §10.5 + CR255,no PDG analog; carries qA = p/8 · R^d
QP093A-0034,stable_matter_rows,single_write,4,1,positive,4,V4_1_SINGLE_WRITE,CLOSED_WRITE,60.00,61.66666666666666666666666666666666666666666666666666666666666666666666666666666666666666666666666668,SAM_ORPHAN,,quark_like_charged,"substrate quark slot p=4, d=1, matter",Vol II.1 §10.5 + CR254/CR256,individual quark PDG mapping deferred to downstream CR
QP093A-0035,stable_matter_rows,single_write,4,1,negative,4,V4_1_SINGLE_WRITE,CLOSED_WRITE,72.0,74.00000000000000000000000000000000000000000000000000000000000000000000000000000000000000000000000002,SAM_ORPHAN,,quark_like_charged,"substrate quark slot p=4, d=1, matter",Vol II.1 §10.5 + CR254/CR256,individual quark PDG mapping deferred to downstream CR
QP093A-0036,stable_matter_rows,outer_binary_neutral,4,1,neutral,0,OUTER_BINARY_NEUTRAL,CLOSED_WRITE,6.000,6.000,SAM_ORPHAN,,neutral_higher_partition,"substrate-native neutral scalar at p=4, d=1",Vol II.1 §10.5 + CR255,no PDG analog; carries qA = p/8 · R^d
QP093A-0037,stable_matter_rows,single_write,6,1,positive,6,V4_1_SINGLE_WRITE,CLOSED_WRITE,90.00,93.75000000000000000000000000000000000000000000000000000000000000000000000000000000000000000000000003,SAM_ORPHAN,,quark_like_charged,"substrate quark slot p=6, d=1, matter",Vol II.1 §10.5 + CR254/CR256,individual quark PDG mapping deferred to downstream CR
QP093A-0038,stable_matter_rows,single_write,6,1,negative,6,V4_1_SINGLE_WRITE,CLOSED_WRITE,108.0,112.5000000000000000000000000000000000000000000000000000000000000000000000000000000000000000000000000,SAM_ORPHAN,,quark_like_charged,"substrate quark slot p=6, d=1, matter",Vol II.1 §10.5 + CR254/CR256,individual quark PDG mapping deferred to downstream CR
QP093A-0039,stable_matter_rows,outer_binary_neutral,6,1,neutral,0,OUTER_BINARY_NEUTRAL,CLOSED_WRITE,9.000,9.000,SAM_ORPHAN,,neutral_higher_partition,"substrate-native neutral scalar at p=6, d=1",Vol II.1 §10.5 + CR255,no PDG analog; carries qA = p/8 · R^d
QP093A-0040,stable_matter_rows,single_write,8,1,positive,8,V4_1_SINGLE_WRITE,CLOSED_WRITE,120.00,126.6666666666666666666666666666666666666666666666666666666666666666666666666666666666666666666666667,SAM_ORPHAN,,quark_like_charged,"substrate quark slot p=8, d=1, matter",Vol II.1 §10.5 + CR254/CR256,individual quark PDG mapping deferred to downstream CR
QP093A-0041,stable_matter_rows,single_write,8,1,negative,8,V4_1_SINGLE_WRITE,CLOSED_WRITE,144.0,152.0000000000000000000000000000000000000000000000000000000000000000000000000000000000000000000000001,SAM_ORPHAN,,quark_like_charged,"substrate quark slot p=8, d=1, matter",Vol II.1 §10.5 + CR254/CR256,individual quark PDG mapping deferred to downstream CR
QP093A-0042,stable_matter_rows,outer_binary_neutral,8,1,neutral,0,OUTER_BINARY_NEUTRAL,CLOSED_WRITE,12.000,12.000,SAM_ORPHAN,,neutral_higher_partition,"substrate-native neutral scalar at p=8, d=1",Vol II.1 §10.5 + CR255,no PDG analog; carries qA = p/8 · R^d
QP093A-0043,stable_matter_rows,single_write,9,1,positive,9,V4_1_SINGLE_WRITE,CLOSED_WRITE,135.00,143.437500,SAM_ORPHAN,,quark_like_charged,"substrate quark slot p=9, d=1, matter",Vol II.1 §10.5 + CR254/CR256,individual quark PDG mapping deferred to downstream CR
QP093A-0044,stable_matter_rows,single_write,9,1,negative,9,V4_1_SINGLE_WRITE,CLOSED_WRITE,162.0,172.12500,SAM_ORPHAN,,quark_like_charged,"substrate quark slot p=9, d=1, matter",Vol II.1 §10.5 + CR254/CR256,individual quark PDG mapping deferred to downstream CR
QP093A-0045,stable_matter_rows,outer_binary_neutral,9,1,neutral,0,OUTER_BINARY_NEUTRAL,CLOSED_WRITE,13.500,13.500,SAM_ORPHAN,,neutral_higher_partition,"substrate-native neutral scalar at p=9, d=1",Vol II.1 §10.5 + CR255,no PDG analog; carries qA = p/8 · R^d
QP093A-0046,stable_matter_rows,single_write,12,1,positive,12,V4_1_SINGLE_WRITE,CLOSED_WRITE,180.00,194.9999999999999999999999999999999999999999999999999999999999999999999999999999999999999999999999999,SAM_ORPHAN,,quark_like_charged,"substrate quark slot p=12, d=1, matter",Vol II.1 §10.5 + CR254/CR256,individual quark PDG mapping deferred to downstream CR
QP093A-0047,stable_matter_rows,single_write,12,1,negative,12,V4_1_SINGLE_WRITE,CLOSED_WRITE,216.0,233.9999999999999999999999999999999999999999999999999999999999999999999999999999999999999999999999999,SAM_ORPHAN,,quark_like_charged,"substrate quark slot p=12, d=1, matter",Vol II.1 §10.5 + CR254/CR256,individual quark PDG mapping deferred to downstream CR
QP093A-0048,stable_matter_rows,outer_binary_neutral,12,1,neutral,0,OUTER_BINARY_NEUTRAL,CLOSED_WRITE,18.000,18.000,SAM_ORPHAN,,neutral_higher_partition,"substrate-native neutral scalar at p=12, d=1",Vol II.1 §10.5 + CR255,no PDG analog; carries qA = p/8 · R^d
QP093A-0049,stable_matter_rows,single_write,1,2,positive,1,V4_1_SINGLE_WRITE,CLOSED_WRITE,180.00,181.2499999999999999999999999999999999999999999999999999999999999999999999999999999999999999999999999,SAM_ORPHAN,,third_generation_positron_substrate_slot,positive-charge matter slot at d=2,Vol II.1 §10.5 + CR254,not the PDG positron; substrate address per c₊=5/4
QP093A-0050,stable_matter_rows,single_write,1,2,negative,1,V4_1_SINGLE_WRITE,CLOSED_WRITE,216.0,217.4999999999999999999999999999999999999999999999999999999999999999999999999999999999999999999999999,PDG_CANDIDATE,τ⁻ candidate,third_generation_charged_lepton,third-generation charged lepton slot,Vol II.1 §9.4 (h_T=2) + CR268,PDG mapping extending Vol II.1 §10.5 pattern to d=2
QP093A-0051,stable_matter_rows,outer_binary_neutral,1,2,neutral,0,OUTER_BINARY_NEUTRAL,CLOSED_WRITE,18.000,18.000,PDG_CANDIDATE,ν eigenstate m₃ candidate,"neutrino_like (heaviest, Vol II.1 §14.7)",third neutrino mass eigenstate slot,Vol II.1 §14.7 + CR268,m₃²=ĥ·Θ=36; m₃=ĥ·d̂=6; heaviest ν eigenstate; Majorana
QP093A-0052,stable_matter_rows,single_write,2,2,positive,2,V4_1_SINGLE_WRITE,CLOSED_WRITE,360.00,365.0000000000000000000000000000000000000000000000000000000000000000000000000000000000000000000000000,SAM_ORPHAN,,quark_like_charged,"substrate quark slot p=2, d=2, matter",Vol II.1 §10.5 + CR254/CR256,individual quark PDG mapping deferred to downstream CR
QP093A-0053,stable_matter_rows,single_write,2,2,negative,2,V4_1_SINGLE_WRITE,CLOSED_WRITE,432.0,438.0000000000000000000000000000000000000000000000000000000000000000000000000000000000000000000000000,SAM_ORPHAN,,quark_like_charged,"substrate quark slot p=2, d=2, matter",Vol II.1 §10.5 + CR254/CR256,individual quark PDG mapping deferred to downstream CR
QP093A-0054,stable_matter_rows,outer_binary_neutral,2,2,neutral,0,OUTER_BINARY_NEUTRAL,CLOSED_WRITE,36.000,36.000,SAM_ORPHAN,,neutral_higher_partition,"substrate-native neutral scalar at p=2, d=2",Vol II.1 §10.5 + CR255,no PDG analog; carries qA = p/8 · R^d
QP093A-0055,stable_matter_rows,single_write,3,2,positive,3,V4_1_SINGLE_WRITE,CLOSED_WRITE,540.00,551.2499999999999999999999999999999999999999999999999999999999999999999999999999999999999999999999998,SAM_ORPHAN,,quark_like_charged,"substrate quark slot p=3, d=2, matter",Vol II.1 §10.5 + CR254/CR256,individual quark PDG mapping deferred to downstream CR
QP093A-0056,stable_matter_rows,single_write,3,2,negative,3,V4_1_SINGLE_WRITE,CLOSED_WRITE,648.0,661.4999999999999999999999999999999999999999999999999999999999999999999999999999999999999999999999998,SAM_ORPHAN,,quark_like_charged,"substrate quark slot p=3, d=2, matter",Vol II.1 §10.5 + CR254/CR256,individual quark PDG mapping deferred to downstream CR
QP093A-0057,stable_matter_rows,outer_binary_neutral,3,2,neutral,0,OUTER_BINARY_NEUTRAL,CLOSED_WRITE,54.000,54.000,SAM_ORPHAN,,neutral_higher_partition,"substrate-native neutral scalar at p=3, d=2",Vol II.1 §10.5 + CR255,no PDG analog; carries qA = p/8 · R^d
QP093A-0058,stable_matter_rows,single_write,4,2,positive,4,V4_1_SINGLE_WRITE,CLOSED_WRITE,720.00,740.0000000000000000000000000000000000000000000000000000000000000000000000000000000000000000000000002,SAM_ORPHAN,,quark_like_charged,"substrate quark slot p=4, d=2, matter",Vol II.1 §10.5 + CR254/CR256,individual quark PDG mapping deferred to downstream CR
QP093A-0059,stable_matter_rows,single_write,4,2,negative,4,V4_1_SINGLE_WRITE,CLOSED_WRITE,864.0,888.0000000000000000000000000000000000000000000000000000000000000000000000000000000000000000000000002,SAM_ORPHAN,,quark_like_charged,"substrate quark slot p=4, d=2, matter",Vol II.1 §10.5 + CR254/CR256,individual quark PDG mapping deferred to downstream CR
QP093A-0060,stable_matter_rows,outer_binary_neutral,4,2,neutral,0,OUTER_BINARY_NEUTRAL,CLOSED_WRITE,72.000,72.000,SAM_ORPHAN,,neutral_higher_partition,"substrate-native neutral scalar at p=4, d=2",Vol II.1 §10.5 + CR255,no PDG analog; carries qA = p/8 · R^d
QP093A-0061,stable_matter_rows,single_write,6,2,positive,6,V4_1_SINGLE_WRITE,CLOSED_WRITE,1080.00,1125.000000000000000000000000000000000000000000000000000000000000000000000000000000000000000000000000,SAM_ORPHAN,,quark_like_charged,"substrate quark slot p=6, d=2, matter",Vol II.1 §10.5 + CR254/CR256,individual quark PDG mapping deferred to downstream CR
QP093A-0062,stable_matter_rows,single_write,6,2,negative,6,V4_1_SINGLE_WRITE,CLOSED_WRITE,1296.0,1350.000000000000000000000000000000000000000000000000000000000000000000000000000000000000000000000000,SAM_ORPHAN,,quark_like_charged,"substrate quark slot p=6, d=2, matter",Vol II.1 §10.5 + CR254/CR256,individual quark PDG mapping deferred to downstream CR
QP093A-0063,stable_matter_rows,outer_binary_neutral,6,2,neutral,0,OUTER_BINARY_NEUTRAL,CLOSED_WRITE,108.000,108.000,SAM_ORPHAN,,neutral_higher_partition,"substrate-native neutral scalar at p=6, d=2",Vol II.1 §10.5 + CR255,no PDG analog; carries qA = p/8 · R^d
QP093A-0064,unstable_resonance_rows,single_write,8,2,positive,8,V4_1_SINGLE_WRITE,CLOSED_WRITE,1440.00,1520.000000000000000000000000000000000000000000000000000000000000000000000000000000000000000000000001,SAM_ORPHAN,,quark_like_charged,"substrate quark slot p=8, d=2, matter",Vol II.1 §10.5 + CR254/CR256,individual quark PDG mapping deferred to downstream CR
QP093A-0065,unstable_resonance_rows,single_write,8,2,negative,8,V4_1_SINGLE_WRITE,CLOSED_WRITE,1728.0,1824.000000000000000000000000000000000000000000000000000000000000000000000000000000000000000000000001,SAM_ORPHAN,,quark_like_charged,"substrate quark slot p=8, d=2, matter",Vol II.1 §10.5 + CR254/CR256,individual quark PDG mapping deferred to downstream CR
QP093A-0066,unstable_resonance_rows,outer_binary_neutral,8,2,neutral,0,OUTER_BINARY_NEUTRAL,CLOSED_WRITE,144.000,144.000,SAM_ORPHAN,,neutral_higher_partition,"substrate-native neutral scalar at p=8, d=2",Vol II.1 §10.5 + CR255,no PDG analog; carries qA = p/8 · R^d
QP093A-0067,unstable_resonance_rows,single_write,9,2,positive,9,V4_1_SINGLE_WRITE,CLOSED_WRITE,1620.00,1721.250000,SAM_ORPHAN,,quark_like_charged,"substrate quark slot p=9, d=2, matter",Vol II.1 §10.5 + CR254/CR256,individual quark PDG mapping deferred to downstream CR
QP093A-0068,unstable_resonance_rows,single_write,9,2,negative,9,V4_1_SINGLE_WRITE,CLOSED_WRITE,1944.0,2065.50000,SAM_ORPHAN,,quark_like_charged,"substrate quark slot p=9, d=2, matter",Vol II.1 §10.5 + CR254/CR256,individual quark PDG mapping deferred to downstream CR
QP093A-0069,unstable_resonance_rows,outer_binary_neutral,9,2,neutral,0,OUTER_BINARY_NEUTRAL,CLOSED_WRITE,162.000,162.000,SAM_ORPHAN,,neutral_higher_partition,"substrate-native neutral scalar at p=9, d=2",Vol II.1 §10.5 + CR255,no PDG analog; carries qA = p/8 · R^d
QP093A-0070,unstable_resonance_rows,single_write,12,2,positive,12,V4_1_SINGLE_WRITE,CLOSED_WRITE,2160.00,2339.999999999999999999999999999999999999999999999999999999999999999999999999999999999999999999999999,SAM_ORPHAN,,quark_like_charged,"substrate quark slot p=12, d=2, matter",Vol II.1 §10.5 + CR254/CR256,individual quark PDG mapping deferred to downstream CR
QP093A-0071,unstable_resonance_rows,single_write,12,2,negative,12,V4_1_SINGLE_WRITE,CLOSED_WRITE,2592.0,2807.999999999999999999999999999999999999999999999999999999999999999999999999999999999999999999999999,SAM_ORPHAN,,quark_like_charged,"substrate quark slot p=12, d=2, matter",Vol II.1 §10.5 + CR254/CR256,individual quark PDG mapping deferred to downstream CR
QP093A-0072,unstable_resonance_rows,outer_binary_neutral,12,2,neutral,0,OUTER_BINARY_NEUTRAL,CLOSED_WRITE,216.000,216.000,SAM_ORPHAN,,neutral_higher_partition,"substrate-native neutral scalar at p=12, d=2",Vol II.1 §10.5 + CR255,no PDG analog; carries qA = p/8 · R^d
QP093A-0073,antimatter_conjugate_rows,conjugate_single_write,1,0,negative,1,V4_1_SINGLE_WRITE,CLOSED_CONJUGATE_WRITE,1.25,1.363570601851851851851851851851851851851851851851851851851851851851851851851851851851851851851851852,SAM_ORPHAN,,positron_substrate_slot_conjugate,antimatter conjugate of positron_substrate_slot at d=0,Vol II.1 §10.5 + CR256,"matter partner is a substrate slot, not physical positron; this row is not the physical electron"
QP093A-0074,antimatter_conjugate_rows,conjugate_single_write,1,0,positive,1,V4_1_SINGLE_WRITE,CLOSED_CONJUGATE_WRITE,1.5,1.384548611111111111111111111111111111111111111111111111111111111111111111111111111111111111111111110,PDG_CANDIDATE,e⁺ candidate,positron proper (A-op conjugate of e⁻ slot),first-generation charged antilepton,Vol II.1 §10.5 + CR256,physical positron under CR256 A-operator
QP093A-0075,antimatter_conjugate_rows,conjugate_single_write,2,0,negative,2,V4_1_SINGLE_WRITE,CLOSED_CONJUGATE_WRITE,2.50,2.957175925925925925925925925925925925925925925925925925925925925925925925925925925925925925925925927,SAM_ORPHAN,,quark_like_charged,"substrate quark slot p=2, d=0, antimatter",Vol II.1 §10.5 + CR254/CR256,individual quark PDG mapping deferred to downstream CR
QP093A-0076,antimatter_conjugate_rows,conjugate_single_write,2,0,positive,2,V4_1_SINGLE_WRITE,CLOSED_CONJUGATE_WRITE,3.0,2.534722222222222222222222222222222222222222222222222222222222222222222222222222222222222222222222222,SAM_ORPHAN,,quark_like_charged,"substrate quark slot p=2, d=0, antimatter",Vol II.1 §10.5 + CR254/CR256,individual quark PDG mapping deferred to downstream CR
QP093A-0077,antimatter_conjugate_rows,conjugate_single_write,3,0,negative,3,V4_1_SINGLE_WRITE,CLOSED_CONJUGATE_WRITE,3.75,4.785156249999999999999999999999999999999999999999999999999999999999999999999999999999999999999999998,SAM_ORPHAN,,quark_like_charged,"substrate quark slot p=3, d=0, antimatter",Vol II.1 §10.5 + CR254/CR256,individual quark PDG mapping deferred to downstream CR
QP093A-0078,antimatter_conjugate_rows,conjugate_single_write,3,0,positive,3,V4_1_SINGLE_WRITE,CLOSED_CONJUGATE_WRITE,4.5,3.445312499999999999999999999999999999999999999999999999999999999999999999999999999999999999999999999,SAM_ORPHAN,,quark_like_charged,"substrate quark slot p=3, d=0, antimatter",Vol II.1 §10.5 + CR254/CR256,individual quark PDG mapping deferred to downstream CR
QP093A-0079,antimatter_conjugate_rows,conjugate_single_write,4,0,negative,4,V4_1_SINGLE_WRITE,CLOSED_CONJUGATE_WRITE,5.00,6.851851851851851851851851851851851851851851851851851851851851851851851851851851851851851851851851853,SAM_ORPHAN,,quark_like_charged,"substrate quark slot p=4, d=0, antimatter",Vol II.1 §10.5 + CR254/CR256,individual quark PDG mapping deferred to downstream CR
QP093A-0080,antimatter_conjugate_rows,conjugate_single_write,4,0,positive,4,V4_1_SINGLE_WRITE,CLOSED_CONJUGATE_WRITE,6.0,4.111111111111111111111111111111111111111111111111111111111111111111111111111111111111111111111111112,SAM_ORPHAN,,quark_like_charged,"substrate quark slot p=4, d=0, antimatter",Vol II.1 §10.5 + CR254/CR256,individual quark PDG mapping deferred to downstream CR
QP093A-0081,antimatter_conjugate_rows,conjugate_single_write,6,0,negative,6,V4_1_SINGLE_WRITE,CLOSED_CONJUGATE_WRITE,7.50,11.71875000000000000000000000000000000000000000000000000000000000000000000000000000000000000000000000,SAM_ORPHAN,,quark_like_charged,"substrate quark slot p=6, d=0, antimatter",Vol II.1 §10.5 + CR254/CR256,individual quark PDG mapping deferred to downstream CR
QP093A-0082,antimatter_conjugate_rows,conjugate_single_write,6,0,positive,6,V4_1_SINGLE_WRITE,CLOSED_CONJUGATE_WRITE,9.0,4.687500000000000000000000000000000000000000000000000000000000000000000000000000000000000000000000002,SAM_ORPHAN,,quark_like_charged,"substrate quark slot p=6, d=0, antimatter",Vol II.1 §10.5 + CR254/CR256,individual quark PDG mapping deferred to downstream CR
QP093A-0083,antimatter_conjugate_rows,conjugate_single_write,8,0,negative,8,V4_1_SINGLE_WRITE,CLOSED_CONJUGATE_WRITE,10.00,17.59259259259259259259259259259259259259259259259259259259259259259259259259259259259259259259259260,SAM_ORPHAN,,quark_like_charged,"substrate quark slot p=8, d=0, antimatter",Vol II.1 §10.5 + CR254/CR256,individual quark PDG mapping deferred to downstream CR
QP093A-0084,antimatter_conjugate_rows,conjugate_single_write,8,0,positive,8,V4_1_SINGLE_WRITE,CLOSED_CONJUGATE_WRITE,12.0,4.222222222222222222222222222222222222222222222222222222222222222222222222222222222222222222222222224,SAM_ORPHAN,,quark_like_charged,"substrate quark slot p=8, d=0, antimatter",Vol II.1 §10.5 + CR254/CR256,individual quark PDG mapping deferred to downstream CR
QP093A-0085,antimatter_conjugate_rows,conjugate_single_write,9,0,negative,9,V4_1_SINGLE_WRITE,CLOSED_CONJUGATE_WRITE,11.25,20.91796875,SAM_ORPHAN,,quark_like_charged,"substrate quark slot p=9, d=0, antimatter",Vol II.1 §10.5 + CR254/CR256,individual quark PDG mapping deferred to downstream CR
QP093A-0086,antimatter_conjugate_rows,conjugate_single_write,9,0,positive,9,V4_1_SINGLE_WRITE,CLOSED_CONJUGATE_WRITE,13.5,3.5859375,SAM_ORPHAN,,quark_like_charged,"substrate quark slot p=9, d=0, antimatter",Vol II.1 §10.5 + CR254/CR256,individual quark PDG mapping deferred to downstream CR
QP093A-0087,antimatter_conjugate_rows,conjugate_single_write,12,0,negative,12,V4_1_SINGLE_WRITE,CLOSED_CONJUGATE_WRITE,15.00,32.49999999999999999999999999999999999999999999999999999999999999999999999999999999999999999999999999,SAM_ORPHAN,,quark_like_charged,"substrate quark slot p=12, d=0, antimatter",Vol II.1 §10.5 + CR254/CR256,individual quark PDG mapping deferred to downstream CR
QP093A-0088,antimatter_conjugate_rows,conjugate_single_write,12,0,positive,12,V4_1_SINGLE_WRITE,CLOSED_CONJUGATE_WRITE,18.0,0.0000000000000000000000000000000000000000000000000000000000000000000000000000000000000000000000000000,SAM_ORPHAN,,hard_zero_falsifier,substrate-forbidden antiparticle at bow fixed point,CR256,qA=0 exactly; K1 falsifier
QP093A-0089,antimatter_conjugate_rows,conjugate_single_write,1,1,negative,1,V4_1_SINGLE_WRITE,CLOSED_CONJUGATE_WRITE,15.00,15.20905671296296296296296296296296296296296296296296296296296296296296296296296296296296296296296296,SAM_ORPHAN,,positron_substrate_slot_conjugate,antimatter conjugate of positron_substrate_slot at d=1,Vol II.1 §10.5 + CR256,"matter partner is a substrate slot, not physical positron; this row is not the physical electron"
QP093A-0090,antimatter_conjugate_rows,conjugate_single_write,1,1,positive,1,V4_1_SINGLE_WRITE,CLOSED_CONJUGATE_WRITE,18.0,17.99913194444444444444444444444444444444444444444444444444444444444444444444444444444444444444444444,PDG_CANDIDATE,μ⁺ candidate,antimuon proper (A-op conjugate of μ⁻ slot),second-generation charged antilepton,Vol II.1 §10.5 + CR256,physical antimuon under CR256 A-operator
QP093A-0091,antimatter_conjugate_rows,conjugate_single_write,2,1,negative,2,V4_1_SINGLE_WRITE,CLOSED_CONJUGATE_WRITE,30.00,30.83912037037037037037037037037037037037037037037037037037037037037037037037037037037037037037037038,SAM_ORPHAN,,quark_like_charged,"substrate quark slot p=2, d=1, antimatter",Vol II.1 §10.5 + CR254/CR256,individual quark PDG mapping deferred to downstream CR
QP093A-0092,antimatter_conjugate_rows,conjugate_single_write,2,1,positive,2,V4_1_SINGLE_WRITE,CLOSED_CONJUGATE_WRITE,36.0,35.99305555555555555555555555555555555555555555555555555555555555555555555555555555555555555555555556,SAM_ORPHAN,,quark_like_charged,"substrate quark slot p=2, d=1, antimatter",Vol II.1 §10.5 + CR254/CR256,individual quark PDG mapping deferred to downstream CR
QP093A-0093,antimatter_conjugate_rows,conjugate_single_write,3,1,negative,3,V4_1_SINGLE_WRITE,CLOSED_CONJUGATE_WRITE,45.00,46.89453124999999999999999999999999999999999999999999999999999999999999999999999999999999999999999998,SAM_ORPHAN,,quark_like_charged,"substrate quark slot p=3, d=1, antimatter",Vol II.1 §10.5 + CR254/CR256,individual quark PDG mapping deferred to downstream CR
QP093A-0094,antimatter_conjugate_rows,conjugate_single_write,3,1,positive,3,V4_1_SINGLE_WRITE,CLOSED_CONJUGATE_WRITE,54.0,53.97656249999999999999999999999999999999999999999999999999999999999999999999999999999999999999999998,SAM_ORPHAN,,quark_like_charged,"substrate quark slot p=3, d=1, antimatter",Vol II.1 §10.5 + CR254/CR256,individual quark PDG mapping deferred to downstream CR
QP093A-0095,antimatter_conjugate_rows,conjugate_single_write,4,1,negative,4,V4_1_SINGLE_WRITE,CLOSED_CONJUGATE_WRITE,60.00,63.37962962962962962962962962962962962962962962962962962962962962962962962962962962962962962962962965,SAM_ORPHAN,,quark_like_charged,"substrate quark slot p=4, d=1, antimatter",Vol II.1 §10.5 + CR254/CR256,individual quark PDG mapping deferred to downstream CR
QP093A-0096,antimatter_conjugate_rows,conjugate_single_write,4,1,positive,4,V4_1_SINGLE_WRITE,CLOSED_CONJUGATE_WRITE,72.0,71.94444444444444444444444444444444444444444444444444444444444444444444444444444444444444444444444446,SAM_ORPHAN,,quark_like_charged,"substrate quark slot p=4, d=1, antimatter",Vol II.1 §10.5 + CR254/CR256,individual quark PDG mapping deferred to downstream CR
QP093A-0097,antimatter_conjugate_rows,conjugate_single_write,6,1,negative,6,V4_1_SINGLE_WRITE,CLOSED_CONJUGATE_WRITE,90.00,97.65625000000000000000000000000000000000000000000000000000000000000000000000000000000000000000000003,SAM_ORPHAN,,quark_like_charged,"substrate quark slot p=6, d=1, antimatter",Vol II.1 §10.5 + CR254/CR256,individual quark PDG mapping deferred to downstream CR
QP093A-0098,antimatter_conjugate_rows,conjugate_single_write,6,1,positive,6,V4_1_SINGLE_WRITE,CLOSED_CONJUGATE_WRITE,108.0,107.8125000000000000000000000000000000000000000000000000000000000000000000000000000000000000000000000,SAM_ORPHAN,,quark_like_charged,"substrate quark slot p=6, d=1, antimatter",Vol II.1 §10.5 + CR254/CR256,individual quark PDG mapping deferred to downstream CR
QP093A-0099,antimatter_conjugate_rows,conjugate_single_write,8,1,negative,8,V4_1_SINGLE_WRITE,CLOSED_CONJUGATE_WRITE,120.00,133.7037037037037037037037037037037037037037037037037037037037037037037037037037037037037037037037038,SAM_ORPHAN,,quark_like_charged,"substrate quark slot p=8, d=1, antimatter",Vol II.1 §10.5 + CR254/CR256,individual quark PDG mapping deferred to downstream CR
QP093A-0100,antimatter_conjugate_rows,conjugate_single_write,8,1,positive,8,V4_1_SINGLE_WRITE,CLOSED_CONJUGATE_WRITE,144.0,143.5555555555555555555555555555555555555555555555555555555555555555555555555555555555555555555555556,SAM_ORPHAN,,quark_like_charged,"substrate quark slot p=8, d=1, antimatter",Vol II.1 §10.5 + CR254/CR256,individual quark PDG mapping deferred to downstream CR
QP093A-0101,antimatter_conjugate_rows,conjugate_single_write,9,1,negative,9,V4_1_SINGLE_WRITE,CLOSED_CONJUGATE_WRITE,135.00,152.40234375,SAM_ORPHAN,,quark_like_charged,"substrate quark slot p=9, d=1, antimatter",Vol II.1 §10.5 + CR254/CR256,individual quark PDG mapping deferred to downstream CR
QP093A-0102,antimatter_conjugate_rows,conjugate_single_write,9,1,positive,9,V4_1_SINGLE_WRITE,CLOSED_CONJUGATE_WRITE,162.0,161.3671875,SAM_ORPHAN,,quark_like_charged,"substrate quark slot p=9, d=1, antimatter",Vol II.1 §10.5 + CR254/CR256,individual quark PDG mapping deferred to downstream CR
QP093A-0103,antimatter_conjugate_rows,conjugate_single_write,12,1,negative,12,V4_1_SINGLE_WRITE,CLOSED_CONJUGATE_WRITE,180.00,211.2499999999999999999999999999999999999999999999999999999999999999999999999999999999999999999999999,SAM_ORPHAN,,quark_like_charged,"substrate quark slot p=12, d=1, antimatter",Vol II.1 §10.5 + CR254/CR256,individual quark PDG mapping deferred to downstream CR
QP093A-0104,antimatter_conjugate_rows,conjugate_single_write,12,1,positive,12,V4_1_SINGLE_WRITE,CLOSED_CONJUGATE_WRITE,216.0,214.4999999999999999999999999999999999999999999999999999999999999999999999999999999999999999999999999,SAM_ORPHAN,,quark_like_charged,"substrate quark slot p=12, d=1, antimatter",Vol II.1 §10.5 + CR254/CR256,individual quark PDG mapping deferred to downstream CR
QP093A-0105,antimatter_conjugate_rows,conjugate_single_write,1,2,negative,1,V4_1_SINGLE_WRITE,CLOSED_CONJUGATE_WRITE,180.00,181.3548900462962962962962962962962962962962962962962962962962962962962962962962962962962962962962962,SAM_ORPHAN,,positron_substrate_slot_conjugate,antimatter conjugate of positron_substrate_slot at d=2,Vol II.1 §10.5 + CR256,"matter partner is a substrate slot, not physical positron; this row is not the physical electron"
QP093A-0106,antimatter_conjugate_rows,conjugate_single_write,1,2,positive,1,V4_1_SINGLE_WRITE,CLOSED_CONJUGATE_WRITE,216.0,217.3741319444444444444444444444444444444444444444444444444444444444444444444444444444444444444444443,PDG_CANDIDATE,τ⁺ candidate,antitau proper (A-op conjugate of τ⁻ slot),third-generation charged antilepton,Vol II.1 §9.4 + CR256,physical antitau under CR256 A-operator (d=2 extension)
QP093A-0107,antimatter_conjugate_rows,conjugate_single_write,2,2,negative,2,V4_1_SINGLE_WRITE,CLOSED_CONJUGATE_WRITE,360.00,365.4224537037037037037037037037037037037037037037037037037037037037037037037037037037037037037037038,SAM_ORPHAN,,quark_like_charged,"substrate quark slot p=2, d=2, antimatter",Vol II.1 §10.5 + CR254/CR256,individual quark PDG mapping deferred to downstream CR
QP093A-0108,antimatter_conjugate_rows,conjugate_single_write,2,2,positive,2,V4_1_SINGLE_WRITE,CLOSED_CONJUGATE_WRITE,432.0,437.4930555555555555555555555555555555555555555555555555555555555555555555555555555555555555555555556,SAM_ORPHAN,,quark_like_charged,"substrate quark slot p=2, d=2, antimatter",Vol II.1 §10.5 + CR254/CR256,individual quark PDG mapping deferred to downstream CR
QP093A-0109,antimatter_conjugate_rows,conjugate_single_write,3,2,negative,3,V4_1_SINGLE_WRITE,CLOSED_CONJUGATE_WRITE,540.00,552.2070312499999999999999999999999999999999999999999999999999999999999999999999999999999999999999998,SAM_ORPHAN,,quark_like_charged,"substrate quark slot p=3, d=2, antimatter",Vol II.1 §10.5 + CR254/CR256,individual quark PDG mapping deferred to downstream CR
QP093A-0110,antimatter_conjugate_rows,conjugate_single_write,3,2,positive,3,V4_1_SINGLE_WRITE,CLOSED_CONJUGATE_WRITE,648.0,660.3515624999999999999999999999999999999999999999999999999999999999999999999999999999999999999999998,SAM_ORPHAN,,quark_like_charged,"substrate quark slot p=3, d=2, antimatter",Vol II.1 §10.5 + CR254/CR256,individual quark PDG mapping deferred to downstream CR
QP093A-0111,antimatter_conjugate_rows,conjugate_single_write,4,2,negative,4,V4_1_SINGLE_WRITE,CLOSED_CONJUGATE_WRITE,720.00,741.7129629629629629629629629629629629629629629629629629629629629629629629629629629629629629629629632,SAM_ORPHAN,,quark_like_charged,"substrate quark slot p=4, d=2, antimatter",Vol II.1 §10.5 + CR254/CR256,individual quark PDG mapping deferred to downstream CR
QP093A-0112,antimatter_conjugate_rows,conjugate_single_write,4,2,positive,4,V4_1_SINGLE_WRITE,CLOSED_CONJUGATE_WRITE,864.0,885.9444444444444444444444444444444444444444444444444444444444444444444444444444444444444444444444446,SAM_ORPHAN,,quark_like_charged,"substrate quark slot p=4, d=2, antimatter",Vol II.1 §10.5 + CR254/CR256,individual quark PDG mapping deferred to downstream CR
QP093A-0113,antimatter_conjugate_rows,conjugate_single_write,6,2,negative,6,V4_1_SINGLE_WRITE,CLOSED_CONJUGATE_WRITE,1080.00,1128.906250000000000000000000000000000000000000000000000000000000000000000000000000000000000000000000,SAM_ORPHAN,,quark_like_charged,"substrate quark slot p=6, d=2, antimatter",Vol II.1 §10.5 + CR254/CR256,individual quark PDG mapping deferred to downstream CR
QP093A-0114,antimatter_conjugate_rows,conjugate_single_write,6,2,positive,6,V4_1_SINGLE_WRITE,CLOSED_CONJUGATE_WRITE,1296.0,1345.312500000000000000000000000000000000000000000000000000000000000000000000000000000000000000000000,SAM_ORPHAN,,quark_like_charged,"substrate quark slot p=6, d=2, antimatter",Vol II.1 §10.5 + CR254/CR256,individual quark PDG mapping deferred to downstream CR
QP093A-0115,bound_composite_rows,three_owner_color_closure,1+1+1,0,positive,1,GROUND_BARYON_3BODY,CLOSED_THREE_OWNER_WRITE,108,72.49999999999999999999999999999999999999999999999999999999999999999999999999999999999999999999999997,COMPOSITE_UNANCHORED,,three_owner_color_closure,bound_composite_rows,pending downstream hadron CR,route_class suggests baryon/meson/resonance family
QP093A-0116,bound_composite_rows,three_owner_color_closure,1+1+2,3,positive,2,OCTET_COMPOSITE,CLOSED_THREE_OWNER_WRITE,216,218.9709563078703703703703703703703703703703703703703703703703703703703703703703703703703703703703704,COMPOSITE_UNANCHORED,,three_owner_color_closure,bound_composite_rows,pending downstream hadron CR,route_class suggests baryon/meson/resonance family
QP093A-0117,bound_composite_rows,three_owner_color_closure,1+1+3,3,neutral,0,OCTET_COMPOSITE,CLOSED_THREE_OWNER_WRITE,396,395.7565104166666666666666666666666666666666666666666666666666666666666666666666666666666666666666667,COMPOSITE_UNANCHORED,,three_owner_color_closure,bound_composite_rows,pending downstream hadron CR,route_class suggests baryon/meson/resonance family
QP093A-0118,bound_composite_rows,three_owner_color_closure,1+1+4,0,positive,1,GROUND_BARYON_3BODY,CLOSED_THREE_OWNER_WRITE,648,434.9999999999999999999999999999999999999999999999999999999999999999999999999999999999999999999999998,COMPOSITE_UNANCHORED,,three_owner_color_closure,bound_composite_rows,pending downstream hadron CR,route_class suggests baryon/meson/resonance family
QP093A-0119,bound_composite_rows,three_owner_color_closure,1+1+6,3,neutral,0,OCTET_COMPOSITE,CLOSED_THREE_OWNER_WRITE,1368,1367.158854166666666666666666666666666666666666666666666666666666666666666666666666666666666666666667,COMPOSITE_UNANCHORED,,three_owner_color_closure,bound_composite_rows,pending downstream hadron CR,route_class suggests baryon/meson/resonance family
QP093A-0120,bound_composite_rows,three_owner_color_closure,1+1+8,3,positive,2,OCTET_COMPOSITE,CLOSED_THREE_OWNER_WRITE,2376,2408.680519386574074074074074074074074074074074074074074074074074074074074074074074074074074074074074,COMPOSITE_UNANCHORED,,three_owner_color_closure,bound_composite_rows,pending downstream hadron CR,route_class suggests baryon/meson/resonance family
QP093A-0121,bound_composite_rows,three_owner_color_closure,1+1+9,3,neutral,0,OCTET_COMPOSITE,CLOSED_THREE_OWNER_WRITE,2988,2986.162760416666666666666666666666666666666666666666666666666666666666666666666666666666666666666667,COMPOSITE_UNANCHORED,,three_owner_color_closure,bound_composite_rows,pending downstream hadron CR,route_class suggests baryon/meson/resonance family
QP093A-0122,bound_composite_rows,three_owner_color_closure,1+1+12,3,neutral,0,OCTET_COMPOSITE,CLOSED_THREE_OWNER_WRITE,5256,5252.768229166666666666666666666666666666666666666666666666666666666666666666666666666666666666666667,COMPOSITE_UNANCHORED,,three_owner_color_closure,bound_composite_rows,pending downstream hadron CR,route_class suggests baryon/meson/resonance family
QP093A-0123,bound_composite_rows,three_owner_color_closure,1+2+2,3,positive,1,OCTET_COMPOSITE,CLOSED_THREE_OWNER_WRITE,324,326.2224663628472222222222222222222222222222222222222222222222222222222222222222222222222222222222221,COMPOSITE_UNANCHORED,,three_owner_color_closure,bound_composite_rows,pending downstream hadron CR,route_class suggests baryon/meson/resonance family
QP093A-0124,bound_composite_rows,three_owner_color_closure,1+2+3,0,negative,1,GROUND_BARYON_3BODY,CLOSED_THREE_OWNER_WRITE,504,676.6666666666666666666666666666666666666666666666666666666666666666666666666666666666666666666666664,COMPOSITE_UNANCHORED,,three_owner_color_closure,bound_composite_rows,pending downstream hadron CR,route_class suggests baryon/meson/resonance family
QP093A-0125,bound_composite_rows,three_owner_color_closure,1+2+4,3,neutral,0,OCTET_COMPOSITE,CLOSED_THREE_OWNER_WRITE,756,755.53515625,COMPOSITE_UNANCHORED,,three_owner_color_closure,bound_composite_rows,pending downstream hadron CR,route_class suggests baryon/meson/resonance family
QP093A-0126,bound_composite_rows,three_owner_color_closure,1+2+6,0,negative,1,GROUND_BARYON_3BODY,CLOSED_THREE_OWNER_WRITE,1476,1981.666666666666666666666666666666666666666666666666666666666666666666666666666666666666666666666666,COMPOSITE_UNANCHORED,,three_owner_color_closure,bound_composite_rows,pending downstream hadron CR,route_class suggests baryon/meson/resonance family
QP093A-0127,bound_composite_rows,three_owner_color_closure,1+2+8,3,positive,1,OCTET_COMPOSITE,CLOSED_THREE_OWNER_WRITE,2484,2501.038908781828703703703703703703703703703703703703703703703703703703703703703703703703703703703702,COMPOSITE_UNANCHORED,,three_owner_color_closure,bound_composite_rows,pending downstream hadron CR,route_class suggests baryon/meson/resonance family
QP093A-0128,bound_composite_rows,three_owner_color_closure,1+2+9,0,negative,1,GROUND_BARYON_3BODY,CLOSED_THREE_OWNER_WRITE,3096,4156.666666666666666666666666666666666666666666666666666666666666666666666666666666666666666666666665,COMPOSITE_UNANCHORED,,three_owner_color_closure,bound_composite_rows,pending downstream hadron CR,route_class suggests baryon/meson/resonance family
QP093A-0129,bound_composite_rows,three_owner_color_closure,1+2+12,0,negative,1,GROUND_BARYON_3BODY,CLOSED_THREE_OWNER_WRITE,5364,7201.666666666666666666666666666666666666666666666666666666666666666666666666666666666666666666666663,COMPOSITE_UNANCHORED,,three_owner_color_closure,bound_composite_rows,pending downstream hadron CR,route_class suggests baryon/meson/resonance family
QP093A-0130,bound_composite_rows,three_owner_color_closure,1+3+3,3,negative,2,OCTET_COMPOSITE,CLOSED_THREE_OWNER_WRITE,684,693.5919716917438271604938271604938271604938271604938271604938271604938271604938271604938271604938273,COMPOSITE_UNANCHORED,,three_owner_color_closure,bound_composite_rows,pending downstream hadron CR,route_class suggests baryon/meson/resonance family
QP093A-0131,bound_composite_rows,three_owner_color_closure,1+3+4,3,negative,1,OCTET_COMPOSITE,CLOSED_THREE_OWNER_WRITE,936,942.5795416184413580246913580246913580246913580246913580246913580246913580246913580246913580246913577,COMPOSITE_UNANCHORED,,three_owner_color_closure,bound_composite_rows,pending downstream hadron CR,route_class suggests baryon/meson/resonance family
QP093A-0132,bound_composite_rows,three_owner_color_closure,1+3+6,3,negative,2,OCTET_COMPOSITE,CLOSED_THREE_OWNER_WRITE,1656,1679.222668306327160493827160493827160493827160493827160493827160493827160493827160493827160493827161,COMPOSITE_UNANCHORED,,three_owner_color_closure,bound_composite_rows,pending downstream hadron CR,route_class suggests baryon/meson/resonance family
QP093A-0133,bound_composite_rows,three_owner_color_closure,1+3+8,0,neutral,0,GROUND_BARYON_3BODY,REJECT_NEGATIVE_OBSERVED_SURFACE,2664,0,REJECTED,,rejected_by_CR252,REJECT_NEGATIVE_OBSERVED_SURFACE,CR252 filtering,closure_status=REJECT_NEGATIVE_OBSERVED_SURFACE
QP093A-0134,bound_composite_rows,three_owner_color_closure,1+3+9,3,negative,2,OCTET_COMPOSITE,CLOSED_THREE_OWNER_WRITE,3276,3321.940495997299382716049382716049382716049382716049382716049382716049382716049382716049382716049384,COMPOSITE_UNANCHORED,,three_owner_color_closure,bound_composite_rows,pending downstream hadron CR,route_class suggests baryon/meson/resonance family
QP093A-0135,bound_composite_rows,three_owner_color_closure,1+3+12,3,negative,2,OCTET_COMPOSITE,CLOSED_THREE_OWNER_WRITE,5544,5621.745454764660493827160493827160493827160493827160493827160493827160493827160493827160493827160495,COMPOSITE_UNANCHORED,,three_owner_color_closure,bound_composite_rows,pending downstream hadron CR,route_class suggests baryon/meson/resonance family
QP093A-0136,bound_composite_rows,three_owner_color_closure,1+4+4,0,negative,2,GROUND_BARYON_3BODY,CLOSED_THREE_OWNER_WRITE,1188,1706.375000000000000000000000000000000000000000000000000000000000000000000000000000000000000000000000,COMPOSITE_UNANCHORED,,three_owner_color_closure,bound_composite_rows,pending downstream hadron CR,route_class suggests baryon/meson/resonance family
QP093A-0137,bound_composite_rows,three_owner_color_closure,1+4+6,3,negative,3,OCTET_COMPOSITE,CLOSED_THREE_OWNER_WRITE,1908,1948.102240668402777777777777777777777777777777777777777777777777777777777777777777777777777777777777,COMPOSITE_UNANCHORED,,three_owner_color_closure,bound_composite_rows,pending downstream hadron CR,route_class suggests baryon/meson/resonance family
QP093A-0138,bound_composite_rows,three_owner_color_closure,1+4+8,3,negative,1,OCTET_COMPOSITE,CLOSED_THREE_OWNER_WRITE,2916,2936.497802734374999999999999999999999999999999999999999999999999999999999999999999999999999999999999,COMPOSITE_UNANCHORED,,three_owner_color_closure,bound_composite_rows,pending downstream hadron CR,route_class suggests baryon/meson/resonance family
QP093A-0139,bound_composite_rows,three_owner_color_closure,1+4+9,3,negative,3,OCTET_COMPOSITE,CLOSED_THREE_OWNER_WRITE,3528,3602.151312934027777777777777777777777777777777777777777777777777777777777777777777777777777777777776,COMPOSITE_UNANCHORED,,three_owner_color_closure,bound_composite_rows,pending downstream hadron CR,route_class suggests baryon/meson/resonance family
QP093A-0140,bound_composite_rows,three_owner_color_closure,1+4+12,3,negative,3,OCTET_COMPOSITE,CLOSED_THREE_OWNER_WRITE,5796,5917.820014105902777777777777777777777777777777777777777777777777777777777777777777777777777777777776,COMPOSITE_UNANCHORED,,three_owner_color_closure,bound_composite_rows,pending downstream hadron CR,route_class suggests baryon/meson/resonance family
QP093A-0141,bound_composite_rows,three_owner_color_closure,1+6+6,3,negative,5,OCTET_COMPOSITE,CLOSED_THREE_OWNER_WRITE,2628,2720.004035855516975308641975308641975308641975308641975308641975308641975308641975308641975308641975,COMPOSITE_UNANCHORED,,three_owner_color_closure,bound_composite_rows,pending downstream hadron CR,route_class suggests baryon/meson/resonance family
QP093A-0142,bound_composite_rows,three_owner_color_closure,1+6+8,0,negative,3,GROUND_BARYON_3BODY,CLOSED_THREE_OWNER_WRITE,3636,5567.624999999999999999999999999999999999999999999999999999999999999999999999999999999999999999999998,COMPOSITE_UNANCHORED,,three_owner_color_closure,bound_composite_rows,pending downstream hadron CR,route_class suggests baryon/meson/resonance family
QP093A-0143,bound_composite_rows,three_owner_color_closure,1+6+9,3,negative,5,OCTET_COMPOSITE,CLOSED_THREE_OWNER_WRITE,4248,4396.718852478780864197530864197530864197530864197530864197530864197530864197530864197530864197530863,COMPOSITE_UNANCHORED,,three_owner_color_closure,bound_composite_rows,pending downstream hadron CR,route_class suggests baryon/meson/resonance family
QP093A-0144,bound_composite_rows,three_owner_color_closure,1+6+12,3,negative,5,OCTET_COMPOSITE,CLOSED_THREE_OWNER_WRITE,6516,6744.119595751350308641975308641975308641975308641975308641975308641975308641975308641975308641975307,COMPOSITE_UNANCHORED,,three_owner_color_closure,bound_composite_rows,pending downstream hadron CR,route_class suggests baryon/meson/resonance family
QP093A-0145,bound_composite_rows,three_owner_color_closure,1+8+8,3,negative,5,OCTET_COMPOSITE,CLOSED_THREE_OWNER_WRITE,4644,4806.582474320023148148148148148148148148148148148148148148148148148148148148148148148148148148148147,COMPOSITE_UNANCHORED,,three_owner_color_closure,bound_composite_rows,pending downstream hadron CR,route_class suggests baryon/meson/resonance family
QP093A-0146,bound_composite_rows,three_owner_color_closure,1+8+9,0,negative,7,GROUND_BARYON_3BODY,CLOSED_THREE_OWNER_WRITE,5256,10104.41666666666666666666666666666666666666666666666666666666666666666666666666666666666666666666667,COMPOSITE_UNANCHORED,,three_owner_color_closure,bound_composite_rows,pending downstream hadron CR,route_class suggests baryon/meson/resonance family
QP093A-0147,bound_composite_rows,three_owner_color_closure,1+8+12,0,negative,7,GROUND_BARYON_3BODY,CLOSED_THREE_OWNER_WRITE,7524,14464.54166666666666666666666666666666666666666666666666666666666666666666666666666666666666666666667,COMPOSITE_UNANCHORED,,three_owner_color_closure,bound_composite_rows,pending downstream hadron CR,route_class suggests baryon/meson/resonance family
QP093A-0148,bound_composite_rows,three_owner_color_closure,1+9+9,3,negative,8,OCTET_COMPOSITE,CLOSED_THREE_OWNER_WRITE,5868,6196.613691165123456790123456790123456790123456790123456790123456790123456790123456790123456790123459,COMPOSITE_UNANCHORED,,three_owner_color_closure,bound_composite_rows,pending downstream hadron CR,route_class suggests baryon/meson/resonance family
QP093A-0149,bound_composite_rows,three_owner_color_closure,1+9+12,3,negative,8,OCTET_COMPOSITE,CLOSED_THREE_OWNER_WRITE,8136,8591.623890817901234567901234567901234567901234567901234567901234567901234567901234567901234567901238,COMPOSITE_UNANCHORED,,three_owner_color_closure,bound_composite_rows,pending downstream hadron CR,route_class suggests baryon/meson/resonance family
QP093A-0150,bound_composite_rows,three_owner_color_closure,1+12+12,3,negative,11,OCTET_COMPOSITE,CLOSED_THREE_OWNER_WRITE,10404,11205.09574230806327160493827160493827160493827160493827160493827160493827160493827160493827160493828,COMPOSITE_UNANCHORED,,three_owner_color_closure,bound_composite_rows,pending downstream hadron CR,route_class suggests baryon/meson/resonance family
QP093A-0151,bound_composite_rows,three_owner_color_closure,2+2+2,0,positive,2,GROUND_BARYON_3BODY,CLOSED_THREE_OWNER_WRITE,432,255.5000000000000000000000000000000000000000000000000000000000000000000000000000000000000000000000000,COMPOSITE_UNANCHORED,,three_owner_color_closure,bound_composite_rows,pending downstream hadron CR,route_class suggests baryon/meson/resonance family
QP093A-0152,bound_composite_rows,three_owner_color_closure,2+2+3,3,neutral,0,OCTET_COMPOSITE,CLOSED_THREE_OWNER_WRITE,612,611.6236979166666666666666666666666666666666666666666666666666666666666666666666666666666666666666667,COMPOSITE_UNANCHORED,,three_owner_color_closure,bound_composite_rows,pending downstream hadron CR,route_class suggests baryon/meson/resonance family
QP093A-0153,bound_composite_rows,three_owner_color_closure,2+2+4,3,positive,1,OCTET_COMPOSITE,CLOSED_THREE_OWNER_WRITE,864,869.9265769675925925925925925925925925925925925925925925925925925925925925925925925925925925925925922,COMPOSITE_UNANCHORED,,three_owner_color_closure,bound_composite_rows,pending downstream hadron CR,route_class suggests baryon/meson/resonance family
QP093A-0154,bound_composite_rows,three_owner_color_closure,2+2+6,3,neutral,0,OCTET_COMPOSITE,CLOSED_THREE_OWNER_WRITE,1584,1583.026041666666666666666666666666666666666666666666666666666666666666666666666666666666666666666667,COMPOSITE_UNANCHORED,,three_owner_color_closure,bound_composite_rows,pending downstream hadron CR,route_class suggests baryon/meson/resonance family
QP093A-0155,bound_composite_rows,three_owner_color_closure,2+2+8,0,positive,2,GROUND_BARYON_3BODY,CLOSED_THREE_OWNER_WRITE,2592,1533.000000000000000000000000000000000000000000000000000000000000000000000000000000000000000000000000,COMPOSITE_UNANCHORED,,three_owner_color_closure,bound_composite_rows,pending downstream hadron CR,route_class suggests baryon/meson/resonance family
QP093A-0156,bound_composite_rows,three_owner_color_closure,2+2+9,3,neutral,0,OCTET_COMPOSITE,CLOSED_THREE_OWNER_WRITE,3204,3202.029947916666666666666666666666666666666666666666666666666666666666666666666666666666666666666667,COMPOSITE_UNANCHORED,,three_owner_color_closure,bound_composite_rows,pending downstream hadron CR,route_class suggests baryon/meson/resonance family
QP093A-0157,bound_composite_rows,three_owner_color_closure,2+2+12,3,neutral,0,OCTET_COMPOSITE,CLOSED_THREE_OWNER_WRITE,5472,5468.635416666666666666666666666666666666666666666666666666666666666666666666666666666666666666666667,COMPOSITE_UNANCHORED,,three_owner_color_closure,bound_composite_rows,pending downstream hadron CR,route_class suggests baryon/meson/resonance family
QP093A-0158,bound_composite_rows,three_owner_color_closure,2+3+3,3,negative,1,OCTET_COMPOSITE,CLOSED_THREE_OWNER_WRITE,792,797.5673044463734567901234567901234567901234567901234567901234567901234567901234567901234567901234565,COMPOSITE_UNANCHORED,,three_owner_color_closure,bound_composite_rows,pending downstream hadron CR,route_class suggests baryon/meson/resonance family
QP093A-0159,bound_composite_rows,three_owner_color_closure,2+3+4,0,neutral,0,GROUND_BARYON_3BODY,REJECT_NEGATIVE_OBSERVED_SURFACE,1044,0,REJECTED,,rejected_by_CR252,REJECT_NEGATIVE_OBSERVED_SURFACE,CR252 filtering,closure_status=REJECT_NEGATIVE_OBSERVED_SURFACE
QP093A-0160,bound_composite_rows,three_owner_color_closure,2+3+6,3,negative,1,OCTET_COMPOSITE,CLOSED_THREE_OWNER_WRITE,1764,1776.399905357831790123456790123456790123456790123456790123456790123456790123456790123456790123456790,COMPOSITE_UNANCHORED,,three_owner_color_closure,bound_composite_rows,pending downstream hadron CR,route_class suggests baryon/meson/resonance family
QP093A-0161,bound_composite_rows,three_owner_color_closure,2+3+8,3,positive,1,OCTET_COMPOSITE,CLOSED_THREE_OWNER_WRITE,2772,2791.014434437692901234567901234567901234567901234567901234567901234567901234567901234567901234567900,COMPOSITE_UNANCHORED,,three_owner_color_closure,bound_composite_rows,pending downstream hadron CR,route_class suggests baryon/meson/resonance family
QP093A-0162,bound_composite_rows,three_owner_color_closure,2+3+9,3,negative,1,OCTET_COMPOSITE,CLOSED_THREE_OWNER_WRITE,3384,3407.787573543595679012345679012345679012345679012345679012345679012345679012345679012345679012345678,COMPOSITE_UNANCHORED,,three_owner_color_closure,bound_composite_rows,pending downstream hadron CR,route_class suggests baryon/meson/resonance family
QP093A-0163,bound_composite_rows,three_owner_color_closure,2+3+12,3,negative,1,OCTET_COMPOSITE,CLOSED_THREE_OWNER_WRITE,5652,5691.730309003665123456790123456790123456790123456790123456790123456790123456790123456790123456790121,COMPOSITE_UNANCHORED,,three_owner_color_closure,bound_composite_rows,pending downstream hadron CR,route_class suggests baryon/meson/resonance family
QP093A-0164,bound_composite_rows,three_owner_color_closure,2+4+4,3,negative,1,OCTET_COMPOSITE,CLOSED_THREE_OWNER_WRITE,1296,1305.110134548611111111111111111111111111111111111111111111111111111111111111111111111111111111111111,COMPOSITE_UNANCHORED,,three_owner_color_closure,bound_composite_rows,pending downstream hadron CR,route_class suggests baryon/meson/resonance family
QP093A-0165,bound_composite_rows,three_owner_color_closure,2+4+6,0,negative,2,GROUND_BARYON_3BODY,CLOSED_THREE_OWNER_WRITE,2016,2895.666666666666666666666666666666666666666666666666666666666666666666666666666666666666666666666667,COMPOSITE_UNANCHORED,,three_owner_color_closure,bound_composite_rows,pending downstream hadron CR,route_class suggests baryon/meson/resonance family
QP093A-0166,bound_composite_rows,three_owner_color_closure,2+4+8,3,neutral,0,OCTET_COMPOSITE,CLOSED_THREE_OWNER_WRITE,3024,3022.140625,COMPOSITE_UNANCHORED,,three_owner_color_closure,bound_composite_rows,pending downstream hadron CR,route_class suggests baryon/meson/resonance family
QP093A-0167,bound_composite_rows,three_owner_color_closure,2+4+9,0,negative,2,GROUND_BARYON_3BODY,CLOSED_THREE_OWNER_WRITE,3636,5222.541666666666666666666666666666666666666666666666666666666666666666666666666666666666666666666667,COMPOSITE_UNANCHORED,,three_owner_color_closure,bound_composite_rows,pending downstream hadron CR,route_class suggests baryon/meson/resonance family
QP093A-0168,bound_composite_rows,three_owner_color_closure,2+4+12,0,negative,2,GROUND_BARYON_3BODY,CLOSED_THREE_OWNER_WRITE,5904,8480.166666666666666666666666666666666666666666666666666666666666666666666666666666666666666666666668,COMPOSITE_UNANCHORED,,three_owner_color_closure,bound_composite_rows,pending downstream hadron CR,route_class suggests baryon/meson/resonance family
QP093A-0169,bound_composite_rows,three_owner_color_closure,2+6+6,3,negative,4,OCTET_COMPOSITE,CLOSED_THREE_OWNER_WRITE,2736,2812.644145447530864197530864197530864197530864197530864197530864197530864197530864197530864197530865,COMPOSITE_UNANCHORED,,three_owner_color_closure,bound_composite_rows,pending downstream hadron CR,route_class suggests baryon/meson/resonance family
QP093A-0170,bound_composite_rows,three_owner_color_closure,2+6+8,3,negative,2,OCTET_COMPOSITE,CLOSED_THREE_OWNER_WRITE,3744,3796.503423996913580246913580246913580246913580246913580246913580246913580246913580246913580246913581,COMPOSITE_UNANCHORED,,three_owner_color_closure,bound_composite_rows,pending downstream hadron CR,route_class suggests baryon/meson/resonance family
QP093A-0171,bound_composite_rows,three_owner_color_closure,2+6+9,3,negative,4,OCTET_COMPOSITE,CLOSED_THREE_OWNER_WRITE,4356,4478.025547357253086419753086419753086419753086419753086419753086419753086419753086419753086419753087,COMPOSITE_UNANCHORED,,three_owner_color_closure,bound_composite_rows,pending downstream hadron CR,route_class suggests baryon/meson/resonance family
QP093A-0172,bound_composite_rows,three_owner_color_closure,2+6+12,3,negative,4,OCTET_COMPOSITE,CLOSED_THREE_OWNER_WRITE,6624,6809.559510030864197530864197530864197530864197530864197530864197530864197530864197530864197530864199,COMPOSITE_UNANCHORED,,three_owner_color_closure,bound_composite_rows,pending downstream hadron CR,route_class suggests baryon/meson/resonance family
QP093A-0173,bound_composite_rows,three_owner_color_closure,2+8+8,0,negative,4,GROUND_BARYON_3BODY,CLOSED_THREE_OWNER_WRITE,4752,7733.000000000000000000000000000000000000000000000000000000000000000000000000000000000000000000000002,COMPOSITE_UNANCHORED,,three_owner_color_closure,bound_composite_rows,pending downstream hadron CR,route_class suggests baryon/meson/resonance family
QP093A-0174,bound_composite_rows,three_owner_color_closure,2+8+9,3,negative,6,OCTET_COMPOSITE,CLOSED_THREE_OWNER_WRITE,5364,5589.318847656250000000000000000000000000000000000000000000000000000000000000000000000000000000000002,COMPOSITE_UNANCHORED,,three_owner_color_closure,bound_composite_rows,pending downstream hadron CR,route_class suggests baryon/meson/resonance family
QP093A-0175,bound_composite_rows,three_owner_color_closure,2+8+12,3,negative,6,OCTET_COMPOSITE,CLOSED_THREE_OWNER_WRITE,7632,7952.587890625000000000000000000000000000000000000000000000000000000000000000000000000000000000000003,COMPOSITE_UNANCHORED,,three_owner_color_closure,bound_composite_rows,pending downstream hadron CR,route_class suggests baryon/meson/resonance family
QP093A-0176,bound_composite_rows,three_owner_color_closure,2+9+9,3,negative,7,OCTET_COMPOSITE,CLOSED_THREE_OWNER_WRITE,5976,6268.842080198688271604938271604938271604938271604938271604938271604938271604938271604938271604938270,COMPOSITE_UNANCHORED,,three_owner_color_closure,bound_composite_rows,pending downstream hadron CR,route_class suggests baryon/meson/resonance family
QP093A-0177,bound_composite_rows,three_owner_color_closure,2+9+12,3,negative,7,OCTET_COMPOSITE,CLOSED_THREE_OWNER_WRITE,8244,8647.980941960841049382716049382716049382716049382716049382716049382716049382716049382716049382716048,COMPOSITE_UNANCHORED,,three_owner_color_closure,bound_composite_rows,pending downstream hadron CR,route_class suggests baryon/meson/resonance family
QP093A-0178,bound_composite_rows,three_owner_color_closure,2+12+12,3,negative,10,OCTET_COMPOSITE,CLOSED_THREE_OWNER_WRITE,10512,11247.82810088734567901234567901234567901234567901234567901234567901234567901234567901234567901234568,COMPOSITE_UNANCHORED,,three_owner_color_closure,bound_composite_rows,pending downstream hadron CR,route_class suggests baryon/meson/resonance family
QP093A-0179,bound_composite_rows,three_owner_color_closure,3+3+3,0,neutral,0,GROUND_BARYON_3BODY,REJECT_NEGATIVE_OBSERVED_SURFACE,972,0,REJECTED,,rejected_by_CR252,REJECT_NEGATIVE_OBSERVED_SURFACE,CR252 filtering,closure_status=REJECT_NEGATIVE_OBSERVED_SURFACE
QP093A-0180,bound_composite_rows,three_owner_color_closure,3+3+4,3,positive,1,OCTET_COMPOSITE,CLOSED_THREE_OWNER_WRITE,1224,1232.395984037422839506172839506172839506172839506172839506172839506172839506172839506172839506172839,COMPOSITE_UNANCHORED,,three_owner_color_closure,bound_composite_rows,pending downstream hadron CR,route_class suggests baryon/meson/resonance family
QP093A-0181,bound_composite_rows,three_owner_color_closure,3+3+6,0,neutral,0,GROUND_BARYON_3BODY,REJECT_NEGATIVE_OBSERVED_SURFACE,1944,0,REJECTED,,rejected_by_CR252,REJECT_NEGATIVE_OBSERVED_SURFACE,CR252 filtering,closure_status=REJECT_NEGATIVE_OBSERVED_SURFACE
QP093A-0182,bound_composite_rows,three_owner_color_closure,3+3+8,3,positive,2,OCTET_COMPOSITE,CLOSED_THREE_OWNER_WRITE,2952,2992.603069540895061728395061728395061728395061728395061728395061728395061728395061728395061728395062,COMPOSITE_UNANCHORED,,three_owner_color_closure,bound_composite_rows,pending downstream hadron CR,route_class suggests baryon/meson/resonance family
QP093A-0183,bound_composite_rows,three_owner_color_closure,3+3+9,0,neutral,0,GROUND_BARYON_3BODY,REJECT_NEGATIVE_OBSERVED_SURFACE,3564,0,REJECTED,,rejected_by_CR252,REJECT_NEGATIVE_OBSERVED_SURFACE,CR252 filtering,closure_status=REJECT_NEGATIVE_OBSERVED_SURFACE
QP093A-0184,bound_composite_rows,three_owner_color_closure,3+3+12,0,neutral,0,GROUND_BARYON_3BODY,REJECT_NEGATIVE_OBSERVED_SURFACE,5832,0,REJECTED,,rejected_by_CR252,REJECT_NEGATIVE_OBSERVED_SURFACE,CR252 filtering,closure_status=REJECT_NEGATIVE_OBSERVED_SURFACE
QP093A-0185,bound_composite_rows,three_owner_color_closure,3+4+4,3,neutral,0,OCTET_COMPOSITE,CLOSED_THREE_OWNER_WRITE,1476,1475.092447916666666666666666666666666666666666666666666666666666666666666666666666666666666666666667,COMPOSITE_UNANCHORED,,three_owner_color_closure,bound_composite_rows,pending downstream hadron CR,route_class suggests baryon/meson/resonance family
QP093A-0186,bound_composite_rows,three_owner_color_closure,3+4+6,3,negative,1,OCTET_COMPOSITE,CLOSED_THREE_OWNER_WRITE,2196,2211.436616874035493827160493827160493827160493827160493827160493827160493827160493827160493827160493,COMPOSITE_UNANCHORED,,three_owner_color_closure,bound_composite_rows,pending downstream hadron CR,route_class suggests baryon/meson/resonance family
QP093A-0187,bound_composite_rows,three_owner_color_closure,3+4+8,0,positive,1,GROUND_BARYON_3BODY,CLOSED_THREE_OWNER_WRITE,3204,2150.833333333333333333333333333333333333333333333333333333333333333333333333333333333333333333333332,COMPOSITE_UNANCHORED,,three_owner_color_closure,bound_composite_rows,pending downstream hadron CR,route_class suggests baryon/meson/resonance family
QP093A-0188,bound_composite_rows,three_owner_color_closure,3+4+9,3,negative,1,OCTET_COMPOSITE,CLOSED_THREE_OWNER_WRITE,3816,3842.824285059799382716049382716049382716049382716049382716049382716049382716049382716049382716049381,COMPOSITE_UNANCHORED,,three_owner_color_closure,bound_composite_rows,pending downstream hadron CR,route_class suggests baryon/meson/resonance family
QP093A-0189,bound_composite_rows,three_owner_color_closure,3+4+12,3,negative,1,OCTET_COMPOSITE,CLOSED_THREE_OWNER_WRITE,6084,6126.767020519868827160493827160493827160493827160493827160493827160493827160493827160493827160493824,COMPOSITE_UNANCHORED,,three_owner_color_closure,bound_composite_rows,pending downstream hadron CR,route_class suggests baryon/meson/resonance family
QP093A-0190,bound_composite_rows,three_owner_color_closure,3+6+6,0,negative,3,GROUND_BARYON_3BODY,CLOSED_THREE_OWNER_WRITE,2916,4465.124999999999999999999999999999999999999999999999999999999999999999999999999999999999999999999999,COMPOSITE_UNANCHORED,,three_owner_color_closure,bound_composite_rows,pending downstream hadron CR,route_class suggests baryon/meson/resonance family
QP093A-0191,bound_composite_rows,three_owner_color_closure,3+6+8,3,negative,1,OCTET_COMPOSITE,CLOSED_THREE_OWNER_WRITE,3924,3951.583462938850308641975308641975308641975308641975308641975308641975308641975308641975308641975306,COMPOSITE_UNANCHORED,,three_owner_color_closure,bound_composite_rows,pending downstream hadron CR,route_class suggests baryon/meson/resonance family
QP093A-0192,bound_composite_rows,three_owner_color_closure,3+6+9,0,negative,3,GROUND_BARYON_3BODY,CLOSED_THREE_OWNER_WRITE,4536,6945.749999999999999999999999999999999999999999999999999999999999999999999999999999999999999999999998,COMPOSITE_UNANCHORED,,three_owner_color_closure,bound_composite_rows,pending downstream hadron CR,route_class suggests baryon/meson/resonance family
QP093A-0193,bound_composite_rows,three_owner_color_closure,3+6+12,0,negative,3,GROUND_BARYON_3BODY,CLOSED_THREE_OWNER_WRITE,6804,10418.62500000000000000000000000000000000000000000000000000000000000000000000000000000000000000000000,COMPOSITE_UNANCHORED,,three_owner_color_closure,bound_composite_rows,pending downstream hadron CR,route_class suggests baryon/meson/resonance family
QP093A-0194,bound_composite_rows,three_owner_color_closure,3+8+8,3,negative,3,OCTET_COMPOSITE,CLOSED_THREE_OWNER_WRITE,4932,5035.660508897569444444444444444444444444444444444444444444444444444444444444444444444444444444444442,COMPOSITE_UNANCHORED,,three_owner_color_closure,bound_composite_rows,pending downstream hadron CR,route_class suggests baryon/meson/resonance family
QP093A-0195,bound_composite_rows,three_owner_color_closure,3+8+9,3,negative,5,OCTET_COMPOSITE,CLOSED_THREE_OWNER_WRITE,5544,5738.090705777391975308641975308641975308641975308641975308641975308641975308641975308641975308641974,COMPOSITE_UNANCHORED,,three_owner_color_closure,bound_composite_rows,pending downstream hadron CR,route_class suggests baryon/meson/resonance family
QP093A-0196,bound_composite_rows,three_owner_color_closure,3+8+12,3,negative,5,OCTET_COMPOSITE,CLOSED_THREE_OWNER_WRITE,7812,8085.491449049961419753086419753086419753086419753086419753086419753086419753086419753086419753086418,COMPOSITE_UNANCHORED,,three_owner_color_closure,bound_composite_rows,pending downstream hadron CR,route_class suggests baryon/meson/resonance family
QP093A-0197,bound_composite_rows,three_owner_color_closure,3+9+9,0,negative,6,GROUND_BARYON_3BODY,CLOSED_THREE_OWNER_WRITE,6156,11221.87500000000000000000000000000000000000000000000000000000000000000000000000000000000000000000000,COMPOSITE_UNANCHORED,,three_owner_color_closure,bound_composite_rows,pending downstream hadron CR,route_class suggests baryon/meson/resonance family
QP093A-0198,bound_composite_rows,three_owner_color_closure,3+9+12,0,negative,6,GROUND_BARYON_3BODY,CLOSED_THREE_OWNER_WRITE,8424,15356.25000000000000000000000000000000000000000000000000000000000000000000000000000000000000000000000,COMPOSITE_UNANCHORED,,three_owner_color_closure,bound_composite_rows,pending downstream hadron CR,route_class suggests baryon/meson/resonance family
QP093A-0199,bound_composite_rows,three_owner_color_closure,3+12+12,0,negative,9,GROUND_BARYON_3BODY,CLOSED_THREE_OWNER_WRITE,10692,22720.500000,COMPOSITE_UNANCHORED,,three_owner_color_closure,bound_composite_rows,pending downstream hadron CR,route_class suggests baryon/meson/resonance family
QP093A-0200,bound_composite_rows,three_owner_color_closure,4+4+4,0,positive,1,GROUND_BARYON_3BODY,CLOSED_THREE_OWNER_WRITE,1728,1159.999999999999999999999999999999999999999999999999999999999999999999999999999999999999999999999999,COMPOSITE_UNANCHORED,,three_owner_color_closure,bound_composite_rows,pending downstream hadron CR,route_class suggests baryon/meson/resonance family
QP093A-0201,bound_composite_rows,three_owner_color_closure,4+4+6,3,neutral,0,OCTET_COMPOSITE,CLOSED_THREE_OWNER_WRITE,2448,2446.494791666666666666666666666666666666666666666666666666666666666666666666666666666666666666666667,COMPOSITE_UNANCHORED,,three_owner_color_closure,bound_composite_rows,pending downstream hadron CR,route_class suggests baryon/meson/resonance family
QP093A-0202,bound_composite_rows,three_owner_color_closure,4+4+8,3,positive,2,OCTET_COMPOSITE,CLOSED_THREE_OWNER_WRITE,3456,3503.535300925925925925925925925925925925925925925925925925925925925925925925925925925925925925925927,COMPOSITE_UNANCHORED,,three_owner_color_closure,bound_composite_rows,pending downstream hadron CR,route_class suggests baryon/meson/resonance family
QP093A-0203,bound_composite_rows,three_owner_color_closure,4+4+9,3,neutral,0,OCTET_COMPOSITE,CLOSED_THREE_OWNER_WRITE,4068,4065.498697916666666666666666666666666666666666666666666666666666666666666666666666666666666666666667,COMPOSITE_UNANCHORED,,three_owner_color_closure,bound_composite_rows,pending downstream hadron CR,route_class suggests baryon/meson/resonance family
QP093A-0204,bound_composite_rows,three_owner_color_closure,4+4+12,3,neutral,0,OCTET_COMPOSITE,CLOSED_THREE_OWNER_WRITE,6336,6332.104166666666666666666666666666666666666666666666666666666666666666666666666666666666666666666667,COMPOSITE_UNANCHORED,,three_owner_color_closure,bound_composite_rows,pending downstream hadron CR,route_class suggests baryon/meson/resonance family
QP093A-0205,bound_composite_rows,three_owner_color_closure,4+6+6,3,negative,2,OCTET_COMPOSITE,CLOSED_THREE_OWNER_WRITE,3168,3212.425974151234567901234567901234567901234567901234567901234567901234567901234567901234567901234568,COMPOSITE_UNANCHORED,,three_owner_color_closure,bound_composite_rows,pending downstream hadron CR,route_class suggests baryon/meson/resonance family
QP093A-0206,bound_composite_rows,three_owner_color_closure,4+6+8,0,neutral,0,GROUND_BARYON_3BODY,REJECT_NEGATIVE_OBSERVED_SURFACE,4176,0,REJECTED,,rejected_by_CR252,REJECT_NEGATIVE_OBSERVED_SURFACE,CR252 filtering,closure_status=REJECT_NEGATIVE_OBSERVED_SURFACE
QP093A-0207,bound_composite_rows,three_owner_color_closure,4+6+9,3,negative,2,OCTET_COMPOSITE,CLOSED_THREE_OWNER_WRITE,4788,4855.143801842206790123456790123456790123456790123456790123456790123456790123456790123456790123456791,COMPOSITE_UNANCHORED,,three_owner_color_closure,bound_composite_rows,pending downstream hadron CR,route_class suggests baryon/meson/resonance family
QP093A-0208,bound_composite_rows,three_owner_color_closure,4+6+12,3,negative,2,OCTET_COMPOSITE,CLOSED_THREE_OWNER_WRITE,7056,7154.948760609567901234567901234567901234567901234567901234567901234567901234567901234567901234567902,COMPOSITE_UNANCHORED,,three_owner_color_closure,bound_composite_rows,pending downstream hadron CR,route_class suggests baryon/meson/resonance family
QP093A-0209,bound_composite_rows,three_owner_color_closure,4+8+8,3,negative,2,OCTET_COMPOSITE,CLOSED_THREE_OWNER_WRITE,5184,5256.697048611111111111111111111111111111111111111111111111111111111111111111111111111111111111111112,COMPOSITE_UNANCHORED,,three_owner_color_closure,bound_composite_rows,pending downstream hadron CR,route_class suggests baryon/meson/resonance family
QP093A-0210,bound_composite_rows,three_owner_color_closure,4+8+9,0,negative,4,GROUND_BARYON_3BODY,CLOSED_THREE_OWNER_WRITE,5796,9431.916666666666666666666666666666666666666666666666666666666666666666666666666666666666666666666669,COMPOSITE_UNANCHORED,,three_owner_color_closure,bound_composite_rows,pending downstream hadron CR,route_class suggests baryon/meson/resonance family
QP093A-0211,bound_composite_rows,three_owner_color_closure,4+8+12,0,negative,4,GROUND_BARYON_3BODY,CLOSED_THREE_OWNER_WRITE,8064,13122.66666666666666666666666666666666666666666666666666666666666666666666666666666666666666666666667,COMPOSITE_UNANCHORED,,three_owner_color_closure,bound_composite_rows,pending downstream hadron CR,route_class suggests baryon/meson/resonance family
QP093A-0212,bound_composite_rows,three_owner_color_closure,4+9+9,3,negative,5,OCTET_COMPOSITE,CLOSED_THREE_OWNER_WRITE,6408,6632.338607976466049382716049382716049382716049382716049382716049382716049382716049382716049382716048,COMPOSITE_UNANCHORED,,three_owner_color_closure,bound_composite_rows,pending downstream hadron CR,route_class suggests baryon/meson/resonance family
QP093A-0213,bound_composite_rows,three_owner_color_closure,4+9+12,3,negative,5,OCTET_COMPOSITE,CLOSED_THREE_OWNER_WRITE,8676,8979.739351249035493827160493827160493827160493827160493827160493827160493827160493827160493827160492,COMPOSITE_UNANCHORED,,three_owner_color_closure,bound_composite_rows,pending downstream hadron CR,route_class suggests baryon/meson/resonance family
QP093A-0214,bound_composite_rows,three_owner_color_closure,4+12+12,3,negative,8,OCTET_COMPOSITE,CLOSED_THREE_OWNER_WRITE,10944,11556.87461419753086419753086419753086419753086419753086419753086419753086419753086419753086419753087,COMPOSITE_UNANCHORED,,three_owner_color_closure,bound_composite_rows,pending downstream hadron CR,route_class suggests baryon/meson/resonance family
QP093A-0215,bound_composite_rows,three_owner_color_closure,6+6+6,0,neutral,0,GROUND_BARYON_3BODY,REJECT_NEGATIVE_OBSERVED_SURFACE,3888,0,REJECTED,,rejected_by_CR252,REJECT_NEGATIVE_OBSERVED_SURFACE,CR252 filtering,closure_status=REJECT_NEGATIVE_OBSERVED_SURFACE
QP093A-0216,bound_composite_rows,three_owner_color_closure,6+6+8,3,positive,2,OCTET_COMPOSITE,CLOSED_THREE_OWNER_WRITE,4896,4963.341676311728395061728395061728395061728395061728395061728395061728395061728395061728395061728395,COMPOSITE_UNANCHORED,,three_owner_color_closure,bound_composite_rows,pending downstream hadron CR,route_class suggests baryon/meson/resonance family
QP093A-0217,bound_composite_rows,three_owner_color_closure,6+6+9,0,neutral,0,GROUND_BARYON_3BODY,REJECT_NEGATIVE_OBSERVED_SURFACE,5508,0,REJECTED,,rejected_by_CR252,REJECT_NEGATIVE_OBSERVED_SURFACE,CR252 filtering,closure_status=REJECT_NEGATIVE_OBSERVED_SURFACE
QP093A-0218,bound_composite_rows,three_owner_color_closure,6+6+12,0,neutral,0,GROUND_BARYON_3BODY,REJECT_NEGATIVE_OBSERVED_SURFACE,7776,0,REJECTED,,rejected_by_CR252,REJECT_NEGATIVE_OBSERVED_SURFACE,CR252 filtering,closure_status=REJECT_NEGATIVE_OBSERVED_SURFACE
QP093A-0219,bound_composite_rows,three_owner_color_closure,6+8+8,3,neutral,0,OCTET_COMPOSITE,CLOSED_THREE_OWNER_WRITE,5904,5900.369791666666666666666666666666666666666666666666666666666666666666666666666666666666666666666667,COMPOSITE_UNANCHORED,,three_owner_color_closure,bound_composite_rows,pending downstream hadron CR,route_class suggests baryon/meson/resonance family
QP093A-0220,bound_composite_rows,three_owner_color_closure,6+8+9,3,negative,2,OCTET_COMPOSITE,CLOSED_THREE_OWNER_WRITE,6516,6607.376151379243827160493827160493827160493827160493827160493827160493827160493827160493827160493828,COMPOSITE_UNANCHORED,,three_owner_color_closure,bound_composite_rows,pending downstream hadron CR,route_class suggests baryon/meson/resonance family
QP093A-0221,bound_composite_rows,three_owner_color_closure,6+8+12,3,negative,2,OCTET_COMPOSITE,CLOSED_THREE_OWNER_WRITE,8784,8907.181110146604938271604938271604938271604938271604938271604938271604938271604938271604938271604940,COMPOSITE_UNANCHORED,,three_owner_color_closure,bound_composite_rows,pending downstream hadron CR,route_class suggests baryon/meson/resonance family
QP093A-0222,bound_composite_rows,three_owner_color_closure,6+9+9,0,negative,3,GROUND_BARYON_3BODY,CLOSED_THREE_OWNER_WRITE,7128,10914.75000000000000000000000000000000000000000000000000000000000000000000000000000000000000000000000,COMPOSITE_UNANCHORED,,three_owner_color_closure,bound_composite_rows,pending downstream hadron CR,route_class suggests baryon/meson/resonance family
QP093A-0223,bound_composite_rows,three_owner_color_closure,6+9+12,0,negative,3,GROUND_BARYON_3BODY,CLOSED_THREE_OWNER_WRITE,9396,14387.62500000000000000000000000000000000000000000000000000000000000000000000000000000000000000000000,COMPOSITE_UNANCHORED,,three_owner_color_closure,bound_composite_rows,pending downstream hadron CR,route_class suggests baryon/meson/resonance family
QP093A-0224,bound_composite_rows,three_owner_color_closure,6+12+12,0,negative,6,GROUND_BARYON_3BODY,CLOSED_THREE_OWNER_WRITE,11664,21262.50000000000000000000000000000000000000000000000000000000000000000000000000000000000000000000001,COMPOSITE_UNANCHORED,,three_owner_color_closure,bound_composite_rows,pending downstream hadron CR,route_class suggests baryon/meson/resonance family
QP093A-0225,bound_composite_rows,three_owner_color_closure,8+8+8,0,positive,2,GROUND_BARYON_3BODY,CLOSED_THREE_OWNER_WRITE,6912,4088.000000000000000000000000000000000000000000000000000000000000000000000000000000000000000000000000,COMPOSITE_UNANCHORED,,three_owner_color_closure,bound_composite_rows,pending downstream hadron CR,route_class suggests baryon/meson/resonance family
QP093A-0226,bound_composite_rows,three_owner_color_closure,8+8+9,3,neutral,0,OCTET_COMPOSITE,CLOSED_THREE_OWNER_WRITE,7524,7519.373697916666666666666666666666666666666666666666666666666666666666666666666666666666666666666667,COMPOSITE_UNANCHORED,,three_owner_color_closure,bound_composite_rows,pending downstream hadron CR,route_class suggests baryon/meson/resonance family
QP093A-0227,bound_composite_rows,three_owner_color_closure,8+8+12,3,neutral,0,OCTET_COMPOSITE,CLOSED_THREE_OWNER_WRITE,9792,9785.979166666666666666666666666666666666666666666666666666666666666666666666666666666666666666666667,COMPOSITE_UNANCHORED,,three_owner_color_closure,bound_composite_rows,pending downstream hadron CR,route_class suggests baryon/meson/resonance family
QP093A-0228,bound_composite_rows,three_owner_color_closure,8+9+9,3,negative,1,OCTET_COMPOSITE,CLOSED_THREE_OWNER_WRITE,8136,8193.191400221836419753086419753086419753086419753086419753086419753086419753086419753086419753086416,COMPOSITE_UNANCHORED,,three_owner_color_closure,bound_composite_rows,pending downstream hadron CR,route_class suggests baryon/meson/resonance family
QP093A-0229,bound_composite_rows,three_owner_color_closure,8+9+12,3,negative,1,OCTET_COMPOSITE,CLOSED_THREE_OWNER_WRITE,10404,10477.13413568190586419753086419753086419753086419753086419753086419753086419753086419753086419753086,COMPOSITE_UNANCHORED,,three_owner_color_closure,bound_composite_rows,pending downstream hadron CR,route_class suggests baryon/meson/resonance family
QP093A-0230,bound_composite_rows,three_owner_color_closure,8+12+12,3,negative,4,OCTET_COMPOSITE,CLOSED_THREE_OWNER_WRITE,12672,13026.98341049382716049382716049382716049382716049382716049382716049382716049382716049382716049382717,COMPOSITE_UNANCHORED,,three_owner_color_closure,bound_composite_rows,pending downstream hadron CR,route_class suggests baryon/meson/resonance family
QP093A-0231,bound_composite_rows,three_owner_color_closure,9+9+9,0,neutral,0,GROUND_BARYON_3BODY,REJECT_NEGATIVE_OBSERVED_SURFACE,8748,0,REJECTED,,rejected_by_CR252,REJECT_NEGATIVE_OBSERVED_SURFACE,CR252 filtering,closure_status=REJECT_NEGATIVE_OBSERVED_SURFACE
QP093A-0232,bound_composite_rows,three_owner_color_closure,9+9+12,0,neutral,0,GROUND_BARYON_3BODY,REJECT_NEGATIVE_OBSERVED_SURFACE,11016,0,REJECTED,,rejected_by_CR252,REJECT_NEGATIVE_OBSERVED_SURFACE,CR252 filtering,closure_status=REJECT_NEGATIVE_OBSERVED_SURFACE
QP093A-0233,bound_composite_rows,three_owner_color_closure,9+12+12,0,negative,3,GROUND_BARYON_3BODY,CLOSED_THREE_OWNER_WRITE,13284,20341.12499999999999999999999999999999999999999999999999999999999999999999999999999999999999999999999,COMPOSITE_UNANCHORED,,three_owner_color_closure,bound_composite_rows,pending downstream hadron CR,route_class suggests baryon/meson/resonance family
QP093A-0234,bound_composite_rows,three_owner_color_closure,12+12+12,0,neutral,0,GROUND_BARYON_3BODY,REJECT_NEGATIVE_OBSERVED_SURFACE,15552,0,REJECTED,,rejected_by_CR252,REJECT_NEGATIVE_OBSERVED_SURFACE,CR252 filtering,closure_status=REJECT_NEGATIVE_OBSERVED_SURFACE
QP093A-0235,bound_composite_rows,two_owner_pair_closure,1+1,1,neutral,0,BOUND_COLOR_PAIR,CLOSED_PAIR_WRITE,12,10.75,COMPOSITE_UNANCHORED,,two_owner_pair_closure,bound_composite_rows,pending downstream hadron CR,route_class suggests baryon/meson/resonance family
QP093A-0236,bound_composite_rows,two_owner_pair_closure,1+2,3,negative,1,BOUND_COLOR_PAIR,CLOSED_PAIR_WRITE,27,27.19274450231481481481481481481481481481481481481481481481481481481481481481481481481481481481481480,COMPOSITE_UNANCHORED,,two_owner_pair_closure,bound_composite_rows,pending downstream hadron CR,route_class suggests baryon/meson/resonance family
QP093A-0237,bound_composite_rows,two_owner_pair_closure,1+3,3,negative,2,BOUND_COLOR_PAIR,CLOSED_PAIR_WRITE,42,42.59360130529835390946502057613168724279835390946502057613168724279835390946502057613168724279835391,COMPOSITE_UNANCHORED,,two_owner_pair_closure,bound_composite_rows,pending downstream hadron CR,route_class suggests baryon/meson/resonance family
QP093A-0238,bound_composite_rows,two_owner_pair_closure,1+4,3,negative,3,BOUND_COLOR_PAIR,CLOSED_PAIR_WRITE,57,58.20433666087962962962962962962962962962962962962962962962962962962962962962962962962962962962962962,COMPOSITE_UNANCHORED,,two_owner_pair_closure,bound_composite_rows,pending downstream hadron CR,route_class suggests baryon/meson/resonance family
QP093A-0239,bound_composite_rows,two_owner_pair_closure,1+6,3,negative,5,BOUND_COLOR_PAIR,CLOSED_PAIR_WRITE,87,90.05556359310699588477366255144032921810699588477366255144032921810699588477366255144032921810699586,COMPOSITE_UNANCHORED,,two_owner_pair_closure,bound_composite_rows,pending downstream hadron CR,route_class suggests baryon/meson/resonance family
QP093A-0240,bound_composite_rows,two_owner_pair_closure,1+8,3,negative,7,BOUND_COLOR_PAIR,CLOSED_PAIR_WRITE,117,122.7466664255401234567901234567901234567901234567901234567901234567901234567901234567901234567901234,COMPOSITE_UNANCHORED,,two_owner_pair_closure,bound_composite_rows,pending downstream hadron CR,route_class suggests baryon/meson/resonance family
QP093A-0241,bound_composite_rows,two_owner_pair_closure,1+9,3,negative,8,OCTET_COMPOSITE,CLOSED_PAIR_WRITE,132,139.3921280221193415637860082304526748971193415637860082304526748971193415637860082304526748971193416,COMPOSITE_UNANCHORED,,two_owner_pair_closure,bound_composite_rows,pending downstream hadron CR,route_class suggests baryon/meson/resonance family
QP093A-0242,unstable_resonance_rows,two_owner_pair_closure,1+12,3,negative,11,OCTET_COMPOSITE,CLOSED_PAIR_WRITE,177,190.6287914637184927983539094650205761316872427983539094650205761316872427983539094650205761316872428,COMPOSITE_UNANCHORED,,two_owner_pair_closure,unstable_resonance_rows,pending downstream hadron CR,route_class suggests baryon/meson/resonance family
QP093A-0243,bound_composite_rows,two_owner_pair_closure,2+1,3,positive,1,BOUND_COLOR_PAIR,CLOSED_PAIR_WRITE,27,27.18225549768518518518518518518518518518518518518518518518518518518518518518518518518518518518518518,COMPOSITE_UNANCHORED,,two_owner_pair_closure,bound_composite_rows,pending downstream hadron CR,route_class suggests baryon/meson/resonance family
QP093A-0244,bound_composite_rows,two_owner_pair_closure,2+2,1,neutral,0,BOUND_COLOR_PAIR,CLOSED_PAIR_WRITE,48,43.00,COMPOSITE_UNANCHORED,,two_owner_pair_closure,bound_composite_rows,pending downstream hadron CR,route_class suggests baryon/meson/resonance family
QP093A-0245,bound_composite_rows,two_owner_pair_closure,2+3,3,negative,1,BOUND_COLOR_PAIR,CLOSED_PAIR_WRITE,75,75.53540139531893004115226337448559670781893004115226337448559670781893004115226337448559670781893001,COMPOSITE_UNANCHORED,,two_owner_pair_closure,bound_composite_rows,pending downstream hadron CR,route_class suggests baryon/meson/resonance family
QP093A-0246,bound_composite_rows,two_owner_pair_closure,2+4,3,negative,2,BOUND_COLOR_PAIR,CLOSED_PAIR_WRITE,102,103.4416031700102880658436213991769547325102880658436213991769547325102880658436213991769547325102881,COMPOSITE_UNANCHORED,,two_owner_pair_closure,bound_composite_rows,pending downstream hadron CR,route_class suggests baryon/meson/resonance family
QP093A-0247,bound_composite_rows,two_owner_pair_closure,2+6,3,negative,4,BOUND_COLOR_PAIR,CLOSED_PAIR_WRITE,156,160.3874582047325102880658436213991769547325102880658436213991769547325102880658436213991769547325103,COMPOSITE_UNANCHORED,,two_owner_pair_closure,bound_composite_rows,pending downstream hadron CR,route_class suggests baryon/meson/resonance family
QP093A-0248,bound_composite_rows,two_owner_pair_closure,2+8,3,negative,6,BOUND_COLOR_PAIR,CLOSED_PAIR_WRITE,210,218.8449435763888888888888888888888888888888888888888888888888888888888888888888888888888888888888889,COMPOSITE_UNANCHORED,,two_owner_pair_closure,bound_composite_rows,pending downstream hadron CR,route_class suggests baryon/meson/resonance family
QP093A-0249,bound_composite_rows,two_owner_pair_closure,2+9,3,negative,7,OCTET_COMPOSITE,CLOSED_PAIR_WRITE,237,248.6137170359921553497942386831275720164609053497942386831275720164609053497942386831275720164609053,COMPOSITE_UNANCHORED,,two_owner_pair_closure,bound_composite_rows,pending downstream hadron CR,route_class suggests baryon/meson/resonance family
QP093A-0250,unstable_resonance_rows,two_owner_pair_closure,2+12,3,negative,10,OCTET_COMPOSITE,CLOSED_PAIR_WRITE,318,340.2596400382587448559670781893004115226337448559670781893004115226337448559670781893004115226337447,COMPOSITE_UNANCHORED,,two_owner_pair_closure,unstable_resonance_rows,pending downstream hadron CR,route_class suggests baryon/meson/resonance family
QP093A-0251,bound_composite_rows,two_owner_pair_closure,3+1,3,positive,2,BOUND_COLOR_PAIR,CLOSED_PAIR_WRITE,42,42.57306536136831275720164609053497942386831275720164609053497942386831275720164609053497942386831277,COMPOSITE_UNANCHORED,,two_owner_pair_closure,bound_composite_rows,pending downstream hadron CR,route_class suggests baryon/meson/resonance family
QP093A-0252,bound_composite_rows,two_owner_pair_closure,3+2,3,positive,1,BOUND_COLOR_PAIR,CLOSED_PAIR_WRITE,75,75.50626527134773662551440329218106995884773662551440329218106995884773662551440329218106995884773659,COMPOSITE_UNANCHORED,,two_owner_pair_closure,bound_composite_rows,pending downstream hadron CR,route_class suggests baryon/meson/resonance family
QP093A-0253,bound_composite_rows,two_owner_pair_closure,3+3,1,neutral,0,BOUND_COLOR_PAIR,CLOSED_PAIR_WRITE,108,96.75,COMPOSITE_UNANCHORED,,two_owner_pair_closure,bound_composite_rows,pending downstream hadron CR,route_class suggests baryon/meson/resonance family
QP093A-0254,bound_composite_rows,two_owner_pair_closure,3+4,3,negative,1,BOUND_COLOR_PAIR,CLOSED_PAIR_WRITE,147,148.0493867348251028806584362139917695473251028806584362139917695473251028806584362139917695473251028,COMPOSITE_UNANCHORED,,two_owner_pair_closure,bound_composite_rows,pending downstream hadron CR,route_class suggests baryon/meson/resonance family
QP093A-0255,bound_composite_rows,two_owner_pair_closure,3+6,3,negative,3,BOUND_COLOR_PAIR,CLOSED_PAIR_WRITE,225,229.7539605034722222222222222222222222222222222222222222222222222222222222222222222222222222222222222,COMPOSITE_UNANCHORED,,two_owner_pair_closure,bound_composite_rows,pending downstream hadron CR,route_class suggests baryon/meson/resonance family
QP093A-0256,bound_composite_rows,two_owner_pair_closure,3+8,3,negative,5,BOUND_COLOR_PAIR,CLOSED_PAIR_WRITE,303,313.6417904449588477366255144032921810699588477366255144032921810699588477366255144032921810699588476,COMPOSITE_UNANCHORED,,two_owner_pair_closure,bound_composite_rows,pending downstream hadron CR,route_class suggests baryon/meson/resonance family
QP093A-0257,bound_composite_rows,two_owner_pair_closure,3+9,3,negative,6,OCTET_COMPOSITE,CLOSED_PAIR_WRITE,342,356.3659667968750000000000000000000000000000000000000000000000000000000000000000000000000000000000001,COMPOSITE_UNANCHORED,,two_owner_pair_closure,bound_composite_rows,pending downstream hadron CR,route_class suggests baryon/meson/resonance family
QP093A-0258,unstable_resonance_rows,two_owner_pair_closure,3+12,3,negative,9,OCTET_COMPOSITE,CLOSED_PAIR_WRITE,459,487.91680908203125,COMPOSITE_UNANCHORED,,two_owner_pair_closure,unstable_resonance_rows,pending downstream hadron CR,route_class suggests baryon/meson/resonance family
QP093A-0259,bound_composite_rows,two_owner_pair_closure,4+1,3,positive,3,BOUND_COLOR_PAIR,CLOSED_PAIR_WRITE,57,58.17066333912037037037037037037037037037037037037037037037037037037037037037037037037037037037037035,COMPOSITE_UNANCHORED,,two_owner_pair_closure,bound_composite_rows,pending downstream hadron CR,route_class suggests baryon/meson/resonance family
QP093A-0260,bound_composite_rows,two_owner_pair_closure,4+2,3,positive,2,BOUND_COLOR_PAIR,CLOSED_PAIR_WRITE,102,103.3917301633230452674897119341563786008230452674897119341563786008230452674897119341563786008230453,COMPOSITE_UNANCHORED,,two_owner_pair_closure,bound_composite_rows,pending downstream hadron CR,route_class suggests baryon/meson/resonance family
QP093A-0261,bound_composite_rows,two_owner_pair_closure,4+3,3,positive,1,BOUND_COLOR_PAIR,CLOSED_PAIR_WRITE,147,147.9922799318415637860082304526748971193415637860082304526748971193415637860082304526748971193415637,COMPOSITE_UNANCHORED,,two_owner_pair_closure,bound_composite_rows,pending downstream hadron CR,route_class suggests baryon/meson/resonance family
QP093A-0262,bound_composite_rows,two_owner_pair_closure,4+4,1,neutral,0,BOUND_COLOR_PAIR,CLOSED_PAIR_WRITE,192,172.00,COMPOSITE_UNANCHORED,,two_owner_pair_closure,bound_composite_rows,pending downstream hadron CR,route_class suggests baryon/meson/resonance family
QP093A-0263,bound_composite_rows,two_owner_pair_closure,4+6,3,negative,2,BOUND_COLOR_PAIR,CLOSED_PAIR_WRITE,294,298.1552091370884773662551440329218106995884773662551440329218106995884773662551440329218106995884774,COMPOSITE_UNANCHORED,,two_owner_pair_closure,bound_composite_rows,pending downstream hadron CR,route_class suggests baryon/meson/resonance family
QP093A-0264,bound_composite_rows,two_owner_pair_closure,4+8,3,negative,4,BOUND_COLOR_PAIR,CLOSED_PAIR_WRITE,396,407.1373939043209876543209876543209876543209876543209876543209876543209876543209876543209876543209878,COMPOSITE_UNANCHORED,,two_owner_pair_closure,bound_composite_rows,pending downstream hadron CR,route_class suggests baryon/meson/resonance family
QP093A-0265,bound_composite_rows,two_owner_pair_closure,4+9,3,negative,5,OCTET_COMPOSITE,CLOSED_PAIR_WRITE,447,462.6490882904931841563786008230452674897119341563786008230452674897119341563786008230452674897119340,COMPOSITE_UNANCHORED,,two_owner_pair_closure,bound_composite_rows,pending downstream hadron CR,route_class suggests baryon/meson/resonance family
QP093A-0266,unstable_resonance_rows,two_owner_pair_closure,4+12,3,negative,8,OCTET_COMPOSITE,CLOSED_PAIR_WRITE,600,633.6005819187242798353909465020576131687242798353909465020576131687242798353909465020576131687242801,COMPOSITE_UNANCHORED,,two_owner_pair_closure,unstable_resonance_rows,pending downstream hadron CR,route_class suggests baryon/meson/resonance family
QP093A-0267,bound_composite_rows,two_owner_pair_closure,6+1,3,positive,5,BOUND_COLOR_PAIR,CLOSED_PAIR_WRITE,87,89.98610307355967078189300411522633744855967078189300411522633744855967078189300411522633744855967077,COMPOSITE_UNANCHORED,,two_owner_pair_closure,bound_composite_rows,pending downstream hadron CR,route_class suggests baryon/meson/resonance family
QP093A-0268,bound_composite_rows,two_owner_pair_closure,6+2,3,positive,4,BOUND_COLOR_PAIR,CLOSED_PAIR_WRITE,156,160.2792084619341563786008230452674897119341563786008230452674897119341563786008230452674897119341565,COMPOSITE_UNANCHORED,,two_owner_pair_closure,bound_composite_rows,pending downstream hadron CR,route_class suggests baryon/meson/resonance family
QP093A-0269,bound_composite_rows,two_owner_pair_closure,6+3,3,positive,3,BOUND_COLOR_PAIR,CLOSED_PAIR_WRITE,225,229.6210394965277777777777777777777777777777777777777777777777777777777777777777777777777777777777777,COMPOSITE_UNANCHORED,,two_owner_pair_closure,bound_composite_rows,pending downstream hadron CR,route_class suggests baryon/meson/resonance family
QP093A-0270,bound_composite_rows,two_owner_pair_closure,6+4,3,positive,2,BOUND_COLOR_PAIR,CLOSED_PAIR_WRITE,294,298.0114575295781893004115226337448559670781893004115226337448559670781893004115226337448559670781893,COMPOSITE_UNANCHORED,,two_owner_pair_closure,bound_composite_rows,pending downstream hadron CR,route_class suggests baryon/meson/resonance family
QP093A-0271,bound_composite_rows,two_owner_pair_closure,6+6,1,neutral,0,BOUND_COLOR_PAIR,CLOSED_PAIR_WRITE,432,387.00,COMPOSITE_UNANCHORED,,two_owner_pair_closure,bound_composite_rows,pending downstream hadron CR,route_class suggests baryon/meson/resonance family
QP093A-0272,bound_composite_rows,two_owner_pair_closure,6+8,3,negative,2,BOUND_COLOR_PAIR,CLOSED_PAIR_WRITE,582,590.2256180877057613168724279835390946502057613168724279835390946502057613168724279835390946502057613,COMPOSITE_UNANCHORED,,two_owner_pair_closure,bound_composite_rows,pending downstream hadron CR,route_class suggests baryon/meson/resonance family
QP093A-0273,bound_composite_rows,two_owner_pair_closure,6+9,3,negative,3,OCTET_COMPOSITE,CLOSED_PAIR_WRITE,657,670.8087904188368055555555555555555555555555555555555555555555555555555555555555555555555555555555554,COMPOSITE_UNANCHORED,,two_owner_pair_closure,bound_composite_rows,pending downstream hadron CR,route_class suggests baryon/meson/resonance family
QP093A-0274,unstable_resonance_rows,two_owner_pair_closure,6+12,3,negative,6,OCTET_COMPOSITE,CLOSED_PAIR_WRITE,882,919.0490722656250000000000000000000000000000000000000000000000000000000000000000000000000000000000003,COMPOSITE_UNANCHORED,,two_owner_pair_closure,unstable_resonance_rows,pending downstream hadron CR,route_class suggests baryon/meson/resonance family
QP093A-0275,bound_composite_rows,two_owner_pair_closure,8+1,3,positive,7,BOUND_COLOR_PAIR,CLOSED_PAIR_WRITE,117,122.6283335744598765432098765432098765432098765432098765432098765432098765432098765432098765432098765,COMPOSITE_UNANCHORED,,two_owner_pair_closure,bound_composite_rows,pending downstream hadron CR,route_class suggests baryon/meson/resonance family
QP093A-0276,bound_composite_rows,two_owner_pair_closure,8+2,3,positive,6,BOUND_COLOR_PAIR,CLOSED_PAIR_WRITE,210,218.6550564236111111111111111111111111111111111111111111111111111111111111111111111111111111111111112,COMPOSITE_UNANCHORED,,two_owner_pair_closure,bound_composite_rows,pending downstream hadron CR,route_class suggests baryon/meson/resonance family
QP093A-0277,bound_composite_rows,two_owner_pair_closure,8+3,3,positive,5,BOUND_COLOR_PAIR,CLOSED_PAIR_WRITE,303,313.3998762217078189300411522633744855967078189300411522633744855967078189300411522633744855967078189,COMPOSITE_UNANCHORED,,two_owner_pair_closure,bound_composite_rows,pending downstream hadron CR,route_class suggests baryon/meson/resonance family
QP093A-0278,bound_composite_rows,two_owner_pair_closure,8+4,3,positive,4,BOUND_COLOR_PAIR,CLOSED_PAIR_WRITE,396,406.8626060956790123456790123456790123456790123456790123456790123456790123456790123456790123456790124,COMPOSITE_UNANCHORED,,two_owner_pair_closure,bound_composite_rows,pending downstream hadron CR,route_class suggests baryon/meson/resonance family
QP093A-0279,bound_composite_rows,two_owner_pair_closure,8+6,3,positive,2,BOUND_COLOR_PAIR,CLOSED_PAIR_WRITE,582,589.9410485789609053497942386831275720164609053497942386831275720164609053497942386831275720164609055,COMPOSITE_UNANCHORED,,two_owner_pair_closure,bound_composite_rows,pending downstream hadron CR,route_class suggests baryon/meson/resonance family
QP093A-0280,bound_composite_rows,two_owner_pair_closure,8+8,1,neutral,0,BOUND_COLOR_PAIR,CLOSED_PAIR_WRITE,768,688.00,COMPOSITE_UNANCHORED,,two_owner_pair_closure,bound_composite_rows,pending downstream hadron CR,route_class suggests baryon/meson/resonance family
QP093A-0281,bound_composite_rows,two_owner_pair_closure,8+9,3,negative,1,OCTET_COMPOSITE,CLOSED_PAIR_WRITE,867,873.0945113068254886831275720164609053497942386831275720164609053497942386831275720164609053497942383,COMPOSITE_UNANCHORED,,two_owner_pair_closure,bound_composite_rows,pending downstream hadron CR,route_class suggests baryon/meson/resonance family
QP093A-0282,unstable_resonance_rows,two_owner_pair_closure,8+12,3,negative,4,OCTET_COMPOSITE,CLOSED_PAIR_WRITE,1164,1196.607377668467078189300411522633744855967078189300411522633744855967078189300411522633744855967078,COMPOSITE_UNANCHORED,,two_owner_pair_closure,unstable_resonance_rows,pending downstream hadron CR,route_class suggests baryon/meson/resonance family
QP093A-0283,bound_composite_rows,two_owner_pair_closure,9+1,3,positive,8,OCTET_COMPOSITE,CLOSED_PAIR_WRITE,132,139.2745386445473251028806584362139917695473251028806584362139917695473251028806584362139917695473251,COMPOSITE_UNANCHORED,,two_owner_pair_closure,bound_composite_rows,pending downstream hadron CR,route_class suggests baryon/meson/resonance family
QP093A-0284,bound_composite_rows,two_owner_pair_closure,9+2,3,positive,7,OCTET_COMPOSITE,CLOSED_PAIR_WRITE,237,248.4279496306745113168724279835390946502057613168724279835390946502057613168724279835390946502057613,COMPOSITE_UNANCHORED,,two_owner_pair_closure,bound_composite_rows,pending downstream hadron CR,route_class suggests baryon/meson/resonance family
QP093A-0285,bound_composite_rows,two_owner_pair_closure,9+3,3,positive,6,OCTET_COMPOSITE,CLOSED_PAIR_WRITE,342,356.1340332031250000000000000000000000000000000000000000000000000000000000000000000000000000000000001,COMPOSITE_UNANCHORED,,two_owner_pair_closure,bound_composite_rows,pending downstream hadron CR,route_class suggests baryon/meson/resonance family
QP093A-0286,bound_composite_rows,two_owner_pair_closure,9+4,3,positive,5,OCTET_COMPOSITE,CLOSED_PAIR_WRITE,447,462.3925783761734825102880658436213991769547325102880658436213991769547325102880658436213991769547324,COMPOSITE_UNANCHORED,,two_owner_pair_closure,bound_composite_rows,pending downstream hadron CR,route_class suggests baryon/meson/resonance family
QP093A-0287,bound_composite_rows,two_owner_pair_closure,9+6,3,positive,3,OCTET_COMPOSITE,CLOSED_PAIR_WRITE,657,670.5662095811631944444444444444444444444444444444444444444444444444444444444444444444444444444444442,COMPOSITE_UNANCHORED,,two_owner_pair_closure,bound_composite_rows,pending downstream hadron CR,route_class suggests baryon/meson/resonance family
QP093A-0288,bound_composite_rows,two_owner_pair_closure,9+8,3,positive,1,OCTET_COMPOSITE,CLOSED_PAIR_WRITE,867,872.9471553598411779835390946502057613168724279835390946502057613168724279835390946502057613168724276,COMPOSITE_UNANCHORED,,two_owner_pair_closure,bound_composite_rows,pending downstream hadron CR,route_class suggests baryon/meson/resonance family
QP093A-0289,bound_composite_rows,two_owner_pair_closure,9+9,1,neutral,0,OCTET_COMPOSITE,CLOSED_PAIR_WRITE,972,885.9375,COMPOSITE_UNANCHORED,,two_owner_pair_closure,bound_composite_rows,pending downstream hadron CR,route_class suggests baryon/meson/resonance family
QP093A-0290,unstable_resonance_rows,two_owner_pair_closure,9+12,3,negative,3,OCTET_COMPOSITE,CLOSED_PAIR_WRITE,1305,1332.428419325086805555555555555555555555555555555555555555555555555555555555555555555555555555555555,COMPOSITE_UNANCHORED,,two_owner_pair_closure,unstable_resonance_rows,pending downstream hadron CR,route_class suggests baryon/meson/resonance family
QP093A-0291,unstable_resonance_rows,two_owner_pair_closure,12+1,3,positive,11,OCTET_COMPOSITE,CLOSED_PAIR_WRITE,177,190.4128752029481738683127572016460905349794238683127572016460905349794238683127572016460905349794239,COMPOSITE_UNANCHORED,,two_owner_pair_closure,unstable_resonance_rows,pending downstream hadron CR,route_class suggests baryon/meson/resonance family
QP093A-0292,unstable_resonance_rows,two_owner_pair_closure,12+2,3,positive,10,OCTET_COMPOSITE,CLOSED_PAIR_WRITE,318,339.9070266284079218106995884773662551440329218106995884773662551440329218106995884773662551440329217,COMPOSITE_UNANCHORED,,two_owner_pair_closure,unstable_resonance_rows,pending downstream hadron CR,route_class suggests baryon/meson/resonance family
QP093A-0293,unstable_resonance_rows,two_owner_pair_closure,12+3,3,positive,9,OCTET_COMPOSITE,CLOSED_PAIR_WRITE,459,487.45819091796875,COMPOSITE_UNANCHORED,,two_owner_pair_closure,unstable_resonance_rows,pending downstream hadron CR,route_class suggests baryon/meson/resonance family
QP093A-0294,unstable_resonance_rows,two_owner_pair_closure,12+4,3,positive,8,OCTET_COMPOSITE,CLOSED_PAIR_WRITE,600,633.0660847479423868312757201646090534979423868312757201646090534979423868312757201646090534979423871,COMPOSITE_UNANCHORED,,two_owner_pair_closure,unstable_resonance_rows,pending downstream hadron CR,route_class suggests baryon/meson/resonance family
QP093A-0295,unstable_resonance_rows,two_owner_pair_closure,12+6,3,positive,6,OCTET_COMPOSITE,CLOSED_PAIR_WRITE,882,918.4509277343750000000000000000000000000000000000000000000000000000000000000000000000000000000000003,COMPOSITE_UNANCHORED,,two_owner_pair_closure,unstable_resonance_rows,pending downstream hadron CR,route_class suggests baryon/meson/resonance family
QP093A-0296,unstable_resonance_rows,two_owner_pair_closure,12+8,3,positive,4,OCTET_COMPOSITE,CLOSED_PAIR_WRITE,1164,1196.059288998199588477366255144032921810699588477366255144032921810699588477366255144032921810699589,COMPOSITE_UNANCHORED,,two_owner_pair_closure,unstable_resonance_rows,pending downstream hadron CR,route_class suggests baryon/meson/resonance family
QP093A-0297,unstable_resonance_rows,two_owner_pair_closure,12+9,3,positive,3,OCTET_COMPOSITE,CLOSED_PAIR_WRITE,1305,1331.946580674913194444444444444444444444444444444444444444444444444444444444444444444444444444444444,COMPOSITE_UNANCHORED,,two_owner_pair_closure,unstable_resonance_rows,pending downstream hadron CR,route_class suggests baryon/meson/resonance family
QP093A-0298,unstable_resonance_rows,two_owner_pair_closure,12+12,1,neutral,0,OCTET_COMPOSITE,CLOSED_PAIR_WRITE,1728,1575.0000,COMPOSITE_UNANCHORED,,two_owner_pair_closure,unstable_resonance_rows,pending downstream hadron CR,route_class suggests baryon/meson/resonance family
QP093A-0299,unstable_resonance_rows,closed_loop_parent,12+12,3,neutral,0,CLOSED_SCALAR_LOOP,CLOSED_LOOP_WRITE,126000,125250.00,PDG_ANCHORED,Higgs (H),closed_scalar_loop_parent,M − D²/R = 125.25 GeV,known_match column + CR269,Higgs via closed-loop scratch identity
QP093A-0300,carrier_only_rows,carrier_only,18,3,neutral,0,TENSOR_CARRIER,CLOSED_CARRIER_SUPPORT,18,0,PDG_ANCHORED,graviton,T13_named_carrier,partition 18 carrier,Vol II.1 §9.5,operator_class=TENSOR_CARRIER
QP093A-0301,carrier_only_rows,carrier_only,1,3,neutral,0,ROAD_LIGHT_CARRIER,CLOSED_CARRIER_SUPPORT,0,0,PDG_ANCHORED,photon,T13_named_carrier,partition 1 carrier,Vol II.1 §9.5,operator_class=ROAD_LIGHT_CARRIER
QP093A-0302,carrier_only_rows,carrier_only,9,3,neutral,0,WEAK_VECTOR_CARRIER,CLOSED_CARRIER_SUPPORT,9,0,PDG_ANCHORED,W,T13_named_carrier,partition 9 carrier,Vol II.1 §9.5,operator_class=WEAK_VECTOR_CARRIER
QP093A-0303,carrier_only_rows,carrier_only,81,3,neutral,0,NEUTRAL_VECTOR_CARRIER,CLOSED_CARRIER_SUPPORT,81,0,PDG_ANCHORED,Z,T13_named_carrier,partition 81 carrier,Vol II.1 §9.5,operator_class=NEUTRAL_VECTOR_CARRIER
QP093A-0304,carrier_only_rows,carrier_only,8,3,neutral,0,COLOR_OWNER_CARRIER,CLOSED_CARRIER_SUPPORT,8,0,PDG_ANCHORED,gluon,T13_named_carrier,partition 8 carrier,Vol II.1 §9.5,operator_class=COLOR_OWNER_CARRIER
QP093A-0305,carrier_only_rows,carrier_only,1,3,neutral,0,A_FIELD_CARRIER,CLOSED_CARRIER_SUPPORT,0,0,SAM_ORPHAN,,SAM_accumulation_field_carrier,A(r) = r_s/r kernel carrier,Vol I §2 + Vol II.1 §9.5,SAM gravity carrier; not a PDG particle
QP093A-0306,hidden_source_support_rows,hidden_support,1,3,positive,1,SOURCE_SUPPORT_PACKET,SOURCE_SUPPORT_ONLY,1.006944444444444444444444444444444444444444444444444444444444444444444444444444444444444444444444444,0,SAM_ORPHAN,,lifted_connector,SOURCE_SUPPORT_PACKET at partition 1,Vol II.1 §9.5,"M_native = L_p = p + p²/R²; connector-fee row, not particle"
QP093A-0307,hidden_source_support_rows,hidden_support,2,3,positive,2,SOURCE_SUPPORT_PACKET,SOURCE_SUPPORT_ONLY,2.027777777777777777777777777777777777777777777777777777777777777777777777777777777777777777777777778,0,SAM_ORPHAN,,lifted_connector,SOURCE_SUPPORT_PACKET at partition 2,Vol II.1 §9.5,"M_native = L_p = p + p²/R²; connector-fee row, not particle"
QP093A-0308,hidden_source_support_rows,hidden_support,3,3,positive,3,SOURCE_SUPPORT_PACKET,SOURCE_SUPPORT_ONLY,3.062499999999999999999999999999999999999999999999999999999999999999999999999999999999999999999999999,0,SAM_ORPHAN,,lifted_connector,SOURCE_SUPPORT_PACKET at partition 3,Vol II.1 §9.5,"M_native = L_p = p + p²/R²; connector-fee row, not particle"
QP093A-0309,hidden_source_support_rows,hidden_support,4,3,positive,4,SOURCE_SUPPORT_PACKET,SOURCE_SUPPORT_ONLY,4.111111111111111111111111111111111111111111111111111111111111111111111111111111111111111111111111112,0,SAM_ORPHAN,,lifted_connector,SOURCE_SUPPORT_PACKET at partition 4,Vol II.1 §9.5,"M_native = L_p = p + p²/R²; connector-fee row, not particle"
QP093A-0310,hidden_source_support_rows,hidden_support,6,3,positive,6,SOURCE_SUPPORT_PACKET,SOURCE_SUPPORT_ONLY,6.250000000000000000000000000000000000000000000000000000000000000000000000000000000000000000000000002,0,SAM_ORPHAN,,lifted_connector,SOURCE_SUPPORT_PACKET at partition 6,Vol II.1 §9.5,"M_native = L_p = p + p²/R²; connector-fee row, not particle"
QP093A-0311,hidden_source_support_rows,hidden_support,8,3,positive,8,SOURCE_SUPPORT_PACKET,SOURCE_SUPPORT_ONLY,8.444444444444444444444444444444444444444444444444444444444444444444444444444444444444444444444444448,0,SAM_ORPHAN,,lifted_connector,SOURCE_SUPPORT_PACKET at partition 8,Vol II.1 §9.5,"M_native = L_p = p + p²/R²; connector-fee row, not particle"
QP093A-0312,hidden_source_support_rows,hidden_support,9,3,positive,9,SOURCE_SUPPORT_PACKET,SOURCE_SUPPORT_ONLY,9.5625,0,SAM_ORPHAN,,lifted_connector,SOURCE_SUPPORT_PACKET at partition 9,Vol II.1 §9.5,"M_native = L_p = p + p²/R²; connector-fee row, not particle"
QP093A-0313,hidden_source_support_rows,hidden_support,12,3,positive,12,SOURCE_SUPPORT_PACKET,SOURCE_SUPPORT_ONLY,13.00000000000000000000000000000000000000000000000000000000000000000000000000000000000000000000000000,0,SAM_ORPHAN,,lifted_connector,SOURCE_SUPPORT_PACKET at partition 12,Vol II.1 §9.5,"M_native = L_p = p + p²/R²; connector-fee row, not particle"
QP093A-0314,rejected_fake_closures,fake_closure,1,0,neutral,0,DIRECT_QA_AS_MASS,REJECT_DIRECT_QA_AS_MASS,0,0,REJECTED,,rejected_by_CR252,REJECT_DIRECT_QA_AS_MASS,CR252 filtering,closure_status=REJECT_DIRECT_QA_AS_MASS
QP093A-0315,rejected_fake_closures,fake_closure,1,0,neutral,0,PROMOTE_TENSOR_CARRIER,REJECT_CARRIER_PROMOTION,0,0,REJECTED,,rejected_by_CR252,REJECT_CARRIER_PROMOTION,CR252 filtering,closure_status=REJECT_CARRIER_PROMOTION
QP093A-0316,rejected_fake_closures,fake_closure,1,0,neutral,0,SKIP_LEDGER_COMPRESSION,REJECT_NO_COMPRESSION,0,0,REJECTED,,rejected_by_CR252,REJECT_NO_COMPRESSION,CR252 filtering,closure_status=REJECT_NO_COMPRESSION
QP093A-0317,rejected_fake_closures,fake_closure,1,0,neutral,0,RANDOM_ROUTE_CLOSURE,REJECT_RANDOM_CLOSURE,0,0,REJECTED,,rejected_by_CR252,REJECT_RANDOM_CLOSURE,CR252 filtering,closure_status=REJECT_RANDOM_CLOSURE
QP093A-0318,rejected_fake_closures,fake_closure,1,0,neutral,0,NEAREST_KNOWN_PARTICLE_MATCH,REJECT_NEAREST_MATCH_CONSTRUCTION,0,0,REJECTED,,rejected_by_CR252,REJECT_NEAREST_MATCH_CONSTRUCTION,CR252 filtering,closure_status=REJECT_NEAREST_MATCH_CONSTRUCTION
QP093A-0319,rejected_fake_closures,fake_closure,1,0,neutral,0,OPEN_COLOR_NO_OWNER,REJECT_OPEN_COLOR,0,0,REJECTED,,rejected_by_CR252,REJECT_OPEN_COLOR,CR252 filtering,closure_status=REJECT_OPEN_COLOR
QP093A-0320,rejected_fake_closures,fake_closure,1,0,neutral,0,SURFACE_STACK_DISABLED,REJECT_NO_SURFACE_STACK,0,0,REJECTED,,rejected_by_CR252,REJECT_NO_SURFACE_STACK,CR252 filtering,closure_status=REJECT_NO_SURFACE_STACK
QP093A-0321,rejected_fake_closures,fake_closure,1,0,neutral,0,FAKE_PARENT_NO_CLOSED_LOOP,REJECT_FAKE_PARENT,0,0,REJECTED,,rejected_by_CR252,REJECT_FAKE_PARENT,CR252 filtering,closure_status=REJECT_FAKE_PARENT
