candidate_id,bin,route_combination,operator_class,route_class,partition_signature,closure_depth,q_sign,q_abs,native_charge_axis,spin_or_hand_class,color_or_owner_closure,closure_status,stability_status,M_native,surface_sign,surface_depth,surface_packet_address,S_debit_or_credit,M_observed_candidate,qA_source_support,tensor_carrier_support,retained_write_support,matter_row_allowed,known_match,promotion_status,latest_table_layer,latest_boundary_subtype,latest_matter_row_allowed,latest_promotion_status,latest_override_source,courtroom_table_layer,vault_reveal_status,vault_identity,known_identity_label,known_symbol,known_name,identity_assignment_role,known_label_used_as_construction_input,vault_reveal_source
QP093A-0001,stable_matter_rows,"plus_single_write[p=1,g=0]",V4_1_SINGLE_WRITE,single_write,1,0,positive,1,plus,fermion_half_write,owner_closed,CLOSED_WRITE,STABLE_MATTER_CANDIDATE,1.25,zero_contact,route_contact,route_contact,0,1.25,1.258680555555555555555555555555555555555555555555555555555555555555555555555555555555555555555555555,0.1573350694444444444444444444444444444444444444444444444444444444444444444444444444444444444444444444,1.101345486111111111111111111111111111111111111111111111111111111111111111111111111111111111111111111,yes,,MATTER_ROW_ALLOWED_AFTER_SURFACE_GATE,particle_candidate,,yes,MATTER_ROW_ALLOWED_AFTER_SURFACE_GATE,QP093A,particle,NATIVE_PARTICLE_IDENTITY_ASSIGNED_NO_KNOWN_LABEL,QP093A-0001|stable_matter_rows|V4_1_SINGLE_WRITE|single_write|p=1|d=0|q=positive:1,,,,native_identity_no_external_label,no,CR119_DOWNSTREAM_ONLY_REVEAL
QP093A-0002,stable_matter_rows,"minus_single_write[p=1,g=0]",V4_1_SINGLE_WRITE,single_write,1,0,negative,1,minus,fermion_half_write,owner_closed,CLOSED_WRITE,STABLE_MATTER_CANDIDATE,1.5,zero_contact,route_contact,route_contact,0,1.5,1.510416666666666666666666666666666666666666666666666666666666666666666666666666666666666666666666666,0.1888020833333333333333333333333333333333333333333333333333333333333333333333333333333333333333333332,1.321614583333333333333333333333333333333333333333333333333333333333333333333333333333333333333333332,yes,,MATTER_ROW_ALLOWED_AFTER_SURFACE_GATE,particle_candidate,,yes,MATTER_ROW_ALLOWED_AFTER_SURFACE_GATE,QP093A,particle,NATIVE_PARTICLE_IDENTITY_ASSIGNED_NO_KNOWN_LABEL,QP093A-0002|stable_matter_rows|V4_1_SINGLE_WRITE|single_write|p=1|d=0|q=negative:1,,,,native_identity_no_external_label,no,CR119_DOWNSTREAM_ONLY_REVEAL
QP093A-0003,stable_matter_rows,"neutral_single_write[p=1,g=0]",OUTER_BINARY_NEUTRAL,outer_binary_neutral,1,0,neutral,0,neutral,fermion_half_write,owner_closed,CLOSED_WRITE,STABLE_NEUTRAL_CANDIDATE,0.125,zero_contact,route_contact,route_contact,0,0.125,0.125,0.015625,0.109375,yes,,MATTER_ROW_ALLOWED_AFTER_SURFACE_GATE,particle_candidate,,yes,MATTER_ROW_ALLOWED_AFTER_SURFACE_GATE,QP093A,particle,NATIVE_PARTICLE_IDENTITY_ASSIGNED_NO_KNOWN_LABEL,QP093A-0003|stable_matter_rows|OUTER_BINARY_NEUTRAL|outer_binary_neutral|p=1|d=0|q=neutral:0,,,,native_identity_no_external_label,no,CR119_DOWNSTREAM_ONLY_REVEAL
QP093A-0004,stable_matter_rows,"plus_single_write[p=2,g=0]",V4_1_SINGLE_WRITE,single_write,2,0,positive,2,plus,fermion_half_write,owner_closed,CLOSED_WRITE,STABLE_MATTER_CANDIDATE,2.50,zero_contact,route_contact,route_contact,0,2.50,2.534722222222222222222222222222222222222222222222222222222222222222222222222222222222222222222222222,0.3168402777777777777777777777777777777777777777777777777777777777777777777777777777777777777777777778,2.217881944444444444444444444444444444444444444444444444444444444444444444444444444444444444444444444,yes,,MATTER_ROW_ALLOWED_AFTER_SURFACE_GATE,particle_candidate,,yes,MATTER_ROW_ALLOWED_AFTER_SURFACE_GATE,QP093A,particle,NATIVE_PARTICLE_IDENTITY_ASSIGNED_NO_KNOWN_LABEL,QP093A-0004|stable_matter_rows|V4_1_SINGLE_WRITE|single_write|p=2|d=0|q=positive:2,,,,native_identity_no_external_label,no,CR119_DOWNSTREAM_ONLY_REVEAL
QP093A-0005,stable_matter_rows,"minus_single_write[p=2,g=0]",V4_1_SINGLE_WRITE,single_write,2,0,negative,2,minus,fermion_half_write,owner_closed,CLOSED_WRITE,STABLE_MATTER_CANDIDATE,3.0,zero_contact,route_contact,route_contact,0,3.0,3.041666666666666666666666666666666666666666666666666666666666666666666666666666666666666666666666667,0.3802083333333333333333333333333333333333333333333333333333333333333333333333333333333333333333333334,2.661458333333333333333333333333333333333333333333333333333333333333333333333333333333333333333333334,yes,,MATTER_ROW_ALLOWED_AFTER_SURFACE_GATE,particle_candidate,,yes,MATTER_ROW_ALLOWED_AFTER_SURFACE_GATE,QP093A,particle,NATIVE_PARTICLE_IDENTITY_ASSIGNED_NO_KNOWN_LABEL,QP093A-0005|stable_matter_rows|V4_1_SINGLE_WRITE|single_write|p=2|d=0|q=negative:2,,,,native_identity_no_external_label,no,CR119_DOWNSTREAM_ONLY_REVEAL
QP093A-0006,stable_matter_rows,"neutral_single_write[p=2,g=0]",OUTER_BINARY_NEUTRAL,outer_binary_neutral,2,0,neutral,0,neutral,fermion_half_write,owner_closed,CLOSED_WRITE,STABLE_NEUTRAL_CANDIDATE,0.250,zero_contact,route_contact,route_contact,0,0.250,0.250,0.03125,0.21875,yes,,MATTER_ROW_ALLOWED_AFTER_SURFACE_GATE,particle_candidate,,yes,MATTER_ROW_ALLOWED_AFTER_SURFACE_GATE,QP093A,particle,NATIVE_PARTICLE_IDENTITY_ASSIGNED_NO_KNOWN_LABEL,QP093A-0006|stable_matter_rows|OUTER_BINARY_NEUTRAL|outer_binary_neutral|p=2|d=0|q=neutral:0,,,,native_identity_no_external_label,no,CR119_DOWNSTREAM_ONLY_REVEAL
QP093A-0007,stable_matter_rows,"plus_single_write[p=3,g=0]",V4_1_SINGLE_WRITE,single_write,3,0,positive,3,plus,fermion_half_write,owner_closed,CLOSED_WRITE,STABLE_MATTER_CANDIDATE,3.75,zero_contact,route_contact,route_contact,0,3.75,3.828124999999999999999999999999999999999999999999999999999999999999999999999999999999999999999999999,0.4785156249999999999999999999999999999999999999999999999999999999999999999999999999999999999999999999,3.349609374999999999999999999999999999999999999999999999999999999999999999999999999999999999999999999,yes,,MATTER_ROW_ALLOWED_AFTER_SURFACE_GATE,particle_candidate,,yes,MATTER_ROW_ALLOWED_AFTER_SURFACE_GATE,QP093A,particle,NATIVE_PARTICLE_IDENTITY_ASSIGNED_NO_KNOWN_LABEL,QP093A-0007|stable_matter_rows|V4_1_SINGLE_WRITE|single_write|p=3|d=0|q=positive:3,,,,native_identity_no_external_label,no,CR119_DOWNSTREAM_ONLY_REVEAL
QP093A-0008,stable_matter_rows,"minus_single_write[p=3,g=0]",V4_1_SINGLE_WRITE,single_write,3,0,negative,3,minus,fermion_half_write,owner_closed,CLOSED_WRITE,STABLE_MATTER_CANDIDATE,4.5,zero_contact,route_contact,route_contact,0,4.5,4.593749999999999999999999999999999999999999999999999999999999999999999999999999999999999999999999998,0.5742187499999999999999999999999999999999999999999999999999999999999999999999999999999999999999999998,4.019531249999999999999999999999999999999999999999999999999999999999999999999999999999999999999999999,yes,,MATTER_ROW_ALLOWED_AFTER_SURFACE_GATE,particle_candidate,,yes,MATTER_ROW_ALLOWED_AFTER_SURFACE_GATE,QP093A,particle,NATIVE_PARTICLE_IDENTITY_ASSIGNED_NO_KNOWN_LABEL,QP093A-0008|stable_matter_rows|V4_1_SINGLE_WRITE|single_write|p=3|d=0|q=negative:3,,,,native_identity_no_external_label,no,CR119_DOWNSTREAM_ONLY_REVEAL
QP093A-0009,stable_matter_rows,"neutral_single_write[p=3,g=0]",OUTER_BINARY_NEUTRAL,outer_binary_neutral,3,0,neutral,0,neutral,fermion_half_write,owner_closed,CLOSED_WRITE,STABLE_NEUTRAL_CANDIDATE,0.375,zero_contact,route_contact,route_contact,0,0.375,0.375,0.046875,0.328125,yes,,MATTER_ROW_ALLOWED_AFTER_SURFACE_GATE,particle_candidate,,yes,MATTER_ROW_ALLOWED_AFTER_SURFACE_GATE,QP093A,particle,NATIVE_PARTICLE_IDENTITY_ASSIGNED_NO_KNOWN_LABEL,QP093A-0009|stable_matter_rows|OUTER_BINARY_NEUTRAL|outer_binary_neutral|p=3|d=0|q=neutral:0,,,,native_identity_no_external_label,no,CR119_DOWNSTREAM_ONLY_REVEAL
QP093A-0010,stable_matter_rows,"plus_single_write[p=4,g=0]",V4_1_SINGLE_WRITE,single_write,4,0,positive,4,plus,fermion_half_write,owner_closed,CLOSED_WRITE,STABLE_MATTER_CANDIDATE,5.00,zero_contact,route_contact,route_contact,0,5.00,5.138888888888888888888888888888888888888888888888888888888888888888888888888888888888888888888888890,0.6423611111111111111111111111111111111111111111111111111111111111111111111111111111111111111111111112,4.496527777777777777777777777777777777777777777777777777777777777777777777777777777777777777777777779,yes,,MATTER_ROW_ALLOWED_AFTER_SURFACE_GATE,particle_candidate,,yes,MATTER_ROW_ALLOWED_AFTER_SURFACE_GATE,QP093A,particle,NATIVE_PARTICLE_IDENTITY_ASSIGNED_NO_KNOWN_LABEL,QP093A-0010|stable_matter_rows|V4_1_SINGLE_WRITE|single_write|p=4|d=0|q=positive:4,,,,native_identity_no_external_label,no,CR119_DOWNSTREAM_ONLY_REVEAL
QP093A-0011,stable_matter_rows,"minus_single_write[p=4,g=0]",V4_1_SINGLE_WRITE,single_write,4,0,negative,4,minus,fermion_half_write,owner_closed,CLOSED_WRITE,STABLE_MATTER_CANDIDATE,6.0,zero_contact,route_contact,route_contact,0,6.0,6.166666666666666666666666666666666666666666666666666666666666666666666666666666666666666666666666668,0.7708333333333333333333333333333333333333333333333333333333333333333333333333333333333333333333333335,5.395833333333333333333333333333333333333333333333333333333333333333333333333333333333333333333333335,yes,,MATTER_ROW_ALLOWED_AFTER_SURFACE_GATE,particle_candidate,,yes,MATTER_ROW_ALLOWED_AFTER_SURFACE_GATE,QP093A,particle,NATIVE_PARTICLE_IDENTITY_ASSIGNED_NO_KNOWN_LABEL,QP093A-0011|stable_matter_rows|V4_1_SINGLE_WRITE|single_write|p=4|d=0|q=negative:4,,,,native_identity_no_external_label,no,CR119_DOWNSTREAM_ONLY_REVEAL
QP093A-0012,stable_matter_rows,"neutral_single_write[p=4,g=0]",OUTER_BINARY_NEUTRAL,outer_binary_neutral,4,0,neutral,0,neutral,fermion_half_write,owner_closed,CLOSED_WRITE,STABLE_NEUTRAL_CANDIDATE,0.500,zero_contact,route_contact,route_contact,0,0.500,0.500,0.0625,0.4375,yes,,MATTER_ROW_ALLOWED_AFTER_SURFACE_GATE,particle_candidate,,yes,MATTER_ROW_ALLOWED_AFTER_SURFACE_GATE,QP093A,particle,NATIVE_PARTICLE_IDENTITY_ASSIGNED_NO_KNOWN_LABEL,QP093A-0012|stable_matter_rows|OUTER_BINARY_NEUTRAL|outer_binary_neutral|p=4|d=0|q=neutral:0,,,,native_identity_no_external_label,no,CR119_DOWNSTREAM_ONLY_REVEAL
QP093A-0013,stable_matter_rows,"plus_single_write[p=6,g=0]",V4_1_SINGLE_WRITE,single_write,6,0,positive,6,plus,fermion_half_write,owner_closed,CLOSED_WRITE,STABLE_MATTER_CANDIDATE,7.50,zero_contact,route_contact,route_contact,0,7.50,7.812500000000000000000000000000000000000000000000000000000000000000000000000000000000000000000000002,0.9765625000000000000000000000000000000000000000000000000000000000000000000000000000000000000000000002,6.835937500000000000000000000000000000000000000000000000000000000000000000000000000000000000000000001,yes,,MATTER_ROW_ALLOWED_AFTER_SURFACE_GATE,particle_candidate,,yes,MATTER_ROW_ALLOWED_AFTER_SURFACE_GATE,QP093A,particle,NATIVE_PARTICLE_IDENTITY_ASSIGNED_NO_KNOWN_LABEL,QP093A-0013|stable_matter_rows|V4_1_SINGLE_WRITE|single_write|p=6|d=0|q=positive:6,,,,native_identity_no_external_label,no,CR119_DOWNSTREAM_ONLY_REVEAL
QP093A-0014,stable_matter_rows,"minus_single_write[p=6,g=0]",V4_1_SINGLE_WRITE,single_write,6,0,negative,6,minus,fermion_half_write,owner_closed,CLOSED_WRITE,STABLE_MATTER_CANDIDATE,9.0,zero_contact,route_contact,route_contact,0,9.0,9.375000000000000000000000000000000000000000000000000000000000000000000000000000000000000000000000003,1.171875000000000000000000000000000000000000000000000000000000000000000000000000000000000000000000000,8.203125000000000000000000000000000000000000000000000000000000000000000000000000000000000000000000002,yes,,MATTER_ROW_ALLOWED_AFTER_SURFACE_GATE,particle_candidate,,yes,MATTER_ROW_ALLOWED_AFTER_SURFACE_GATE,QP093A,particle,NATIVE_PARTICLE_IDENTITY_ASSIGNED_NO_KNOWN_LABEL,QP093A-0014|stable_matter_rows|V4_1_SINGLE_WRITE|single_write|p=6|d=0|q=negative:6,,,,native_identity_no_external_label,no,CR119_DOWNSTREAM_ONLY_REVEAL
QP093A-0015,stable_matter_rows,"neutral_single_write[p=6,g=0]",OUTER_BINARY_NEUTRAL,outer_binary_neutral,6,0,neutral,0,neutral,fermion_half_write,owner_closed,CLOSED_WRITE,STABLE_NEUTRAL_CANDIDATE,0.750,zero_contact,route_contact,route_contact,0,0.750,0.750,0.09375,0.65625,yes,,MATTER_ROW_ALLOWED_AFTER_SURFACE_GATE,particle_candidate,,yes,MATTER_ROW_ALLOWED_AFTER_SURFACE_GATE,QP093A,particle,NATIVE_PARTICLE_IDENTITY_ASSIGNED_NO_KNOWN_LABEL,QP093A-0015|stable_matter_rows|OUTER_BINARY_NEUTRAL|outer_binary_neutral|p=6|d=0|q=neutral:0,,,,native_identity_no_external_label,no,CR119_DOWNSTREAM_ONLY_REVEAL
QP093A-0016,stable_matter_rows,"plus_single_write[p=8,g=0]",V4_1_SINGLE_WRITE,single_write,8,0,positive,8,plus,fermion_half_write,owner_closed,CLOSED_WRITE,STABLE_MATTER_CANDIDATE,10.00,zero_contact,route_contact,route_contact,0,10.00,10.55555555555555555555555555555555555555555555555555555555555555555555555555555555555555555555555556,1.319444444444444444444444444444444444444444444444444444444444444444444444444444444444444444444444445,9.236111111111111111111111111111111111111111111111111111111111111111111111111111111111111111111111115,yes,,MATTER_ROW_ALLOWED_AFTER_SURFACE_GATE,particle_candidate,,yes,MATTER_ROW_ALLOWED_AFTER_SURFACE_GATE,QP093A,particle,NATIVE_PARTICLE_IDENTITY_ASSIGNED_NO_KNOWN_LABEL,QP093A-0016|stable_matter_rows|V4_1_SINGLE_WRITE|single_write|p=8|d=0|q=positive:8,,,,native_identity_no_external_label,no,CR119_DOWNSTREAM_ONLY_REVEAL
QP093A-0017,stable_matter_rows,"minus_single_write[p=8,g=0]",V4_1_SINGLE_WRITE,single_write,8,0,negative,8,minus,fermion_half_write,owner_closed,CLOSED_WRITE,STABLE_MATTER_CANDIDATE,12.0,zero_contact,route_contact,route_contact,0,12.0,12.66666666666666666666666666666666666666666666666666666666666666666666666666666666666666666666666667,1.583333333333333333333333333333333333333333333333333333333333333333333333333333333333333333333333334,11.08333333333333333333333333333333333333333333333333333333333333333333333333333333333333333333333334,yes,,MATTER_ROW_ALLOWED_AFTER_SURFACE_GATE,particle_candidate,,yes,MATTER_ROW_ALLOWED_AFTER_SURFACE_GATE,QP093A,particle,NATIVE_PARTICLE_IDENTITY_ASSIGNED_NO_KNOWN_LABEL,QP093A-0017|stable_matter_rows|V4_1_SINGLE_WRITE|single_write|p=8|d=0|q=negative:8,,,,native_identity_no_external_label,no,CR119_DOWNSTREAM_ONLY_REVEAL
QP093A-0018,stable_matter_rows,"neutral_single_write[p=8,g=0]",OUTER_BINARY_NEUTRAL,outer_binary_neutral,8,0,neutral,0,neutral,fermion_half_write,owner_closed,CLOSED_WRITE,STABLE_NEUTRAL_CANDIDATE,1.000,zero_contact,route_contact,route_contact,0,1.000,1.000,0.125,0.875,yes,,MATTER_ROW_ALLOWED_AFTER_SURFACE_GATE,particle_candidate,,yes,MATTER_ROW_ALLOWED_AFTER_SURFACE_GATE,QP093A,particle,NATIVE_PARTICLE_IDENTITY_ASSIGNED_NO_KNOWN_LABEL,QP093A-0018|stable_matter_rows|OUTER_BINARY_NEUTRAL|outer_binary_neutral|p=8|d=0|q=neutral:0,,,,native_identity_no_external_label,no,CR119_DOWNSTREAM_ONLY_REVEAL
QP093A-0019,stable_matter_rows,"plus_single_write[p=9,g=0]",V4_1_SINGLE_WRITE,single_write,9,0,positive,9,plus,fermion_half_write,owner_closed,CLOSED_WRITE,STABLE_MATTER_CANDIDATE,11.25,zero_contact,route_contact,route_contact,0,11.25,11.953125,1.494140625,10.458984375,yes,,MATTER_ROW_ALLOWED_AFTER_SURFACE_GATE,particle_candidate,,yes,MATTER_ROW_ALLOWED_AFTER_SURFACE_GATE,QP093A,particle,NATIVE_PARTICLE_IDENTITY_ASSIGNED_NO_KNOWN_LABEL,QP093A-0019|stable_matter_rows|V4_1_SINGLE_WRITE|single_write|p=9|d=0|q=positive:9,,,,native_identity_no_external_label,no,CR119_DOWNSTREAM_ONLY_REVEAL
QP093A-0020,stable_matter_rows,"minus_single_write[p=9,g=0]",V4_1_SINGLE_WRITE,single_write,9,0,negative,9,minus,fermion_half_write,owner_closed,CLOSED_WRITE,STABLE_MATTER_CANDIDATE,13.5,zero_contact,route_contact,route_contact,0,13.5,14.34375,1.79296875,12.55078125,yes,,MATTER_ROW_ALLOWED_AFTER_SURFACE_GATE,particle_candidate,,yes,MATTER_ROW_ALLOWED_AFTER_SURFACE_GATE,QP093A,particle,NATIVE_PARTICLE_IDENTITY_ASSIGNED_NO_KNOWN_LABEL,QP093A-0020|stable_matter_rows|V4_1_SINGLE_WRITE|single_write|p=9|d=0|q=negative:9,,,,native_identity_no_external_label,no,CR119_DOWNSTREAM_ONLY_REVEAL
QP093A-0021,stable_matter_rows,"neutral_single_write[p=9,g=0]",OUTER_BINARY_NEUTRAL,outer_binary_neutral,9,0,neutral,0,neutral,fermion_half_write,owner_closed,CLOSED_WRITE,STABLE_NEUTRAL_CANDIDATE,1.125,zero_contact,route_contact,route_contact,0,1.125,1.125,0.140625,0.984375,yes,,MATTER_ROW_ALLOWED_AFTER_SURFACE_GATE,particle_candidate,,yes,MATTER_ROW_ALLOWED_AFTER_SURFACE_GATE,QP093A,particle,NATIVE_PARTICLE_IDENTITY_ASSIGNED_NO_KNOWN_LABEL,QP093A-0021|stable_matter_rows|OUTER_BINARY_NEUTRAL|outer_binary_neutral|p=9|d=0|q=neutral:0,,,,native_identity_no_external_label,no,CR119_DOWNSTREAM_ONLY_REVEAL
QP093A-0022,stable_matter_rows,"plus_single_write[p=12,g=0]",V4_1_SINGLE_WRITE,single_write,12,0,positive,12,plus,fermion_half_write,owner_closed,CLOSED_WRITE,STABLE_MATTER_CANDIDATE,15.00,zero_contact,route_contact,route_contact,0,15.00,16.25000000000000000000000000000000000000000000000000000000000000000000000000000000000000000000000000,2.03125000000000000000000000000000000000000000000000000000000000000000000000000000000000000000000000,14.2187500000000000000000000000000000000000000000000000000000000000000000000000000000000000000000000,yes,,MATTER_ROW_ALLOWED_AFTER_SURFACE_GATE,particle_candidate,,yes,MATTER_ROW_ALLOWED_AFTER_SURFACE_GATE,QP093A,particle,NATIVE_PARTICLE_IDENTITY_ASSIGNED_NO_KNOWN_LABEL,QP093A-0022|stable_matter_rows|V4_1_SINGLE_WRITE|single_write|p=12|d=0|q=positive:12,,,,native_identity_no_external_label,no,CR119_DOWNSTREAM_ONLY_REVEAL
QP093A-0023,stable_matter_rows,"minus_single_write[p=12,g=0]",V4_1_SINGLE_WRITE,single_write,12,0,negative,12,minus,fermion_half_write,owner_closed,CLOSED_WRITE,STABLE_MATTER_CANDIDATE,18.0,zero_contact,route_contact,route_contact,0,18.0,19.49999999999999999999999999999999999999999999999999999999999999999999999999999999999999999999999999,2.437499999999999999999999999999999999999999999999999999999999999999999999999999999999999999999999999,17.06249999999999999999999999999999999999999999999999999999999999999999999999999999999999999999999999,yes,,MATTER_ROW_ALLOWED_AFTER_SURFACE_GATE,particle_candidate,,yes,MATTER_ROW_ALLOWED_AFTER_SURFACE_GATE,QP093A,particle,NATIVE_PARTICLE_IDENTITY_ASSIGNED_NO_KNOWN_LABEL,QP093A-0023|stable_matter_rows|V4_1_SINGLE_WRITE|single_write|p=12|d=0|q=negative:12,,,,native_identity_no_external_label,no,CR119_DOWNSTREAM_ONLY_REVEAL
QP093A-0024,stable_matter_rows,"neutral_single_write[p=12,g=0]",OUTER_BINARY_NEUTRAL,outer_binary_neutral,12,0,neutral,0,neutral,fermion_half_write,owner_closed,CLOSED_WRITE,STABLE_NEUTRAL_CANDIDATE,1.500,zero_contact,route_contact,route_contact,0,1.500,1.500,0.1875,1.3125,yes,,MATTER_ROW_ALLOWED_AFTER_SURFACE_GATE,particle_candidate,,yes,MATTER_ROW_ALLOWED_AFTER_SURFACE_GATE,QP093A,particle,NATIVE_PARTICLE_IDENTITY_ASSIGNED_NO_KNOWN_LABEL,QP093A-0024|stable_matter_rows|OUTER_BINARY_NEUTRAL|outer_binary_neutral|p=12|d=0|q=neutral:0,,,,native_identity_no_external_label,no,CR119_DOWNSTREAM_ONLY_REVEAL
QP093A-0025,stable_matter_rows,"plus_single_write[p=1,g=1]",V4_1_SINGLE_WRITE,single_write,1,1,positive,1,plus,fermion_half_write,owner_closed,CLOSED_WRITE,STABLE_MATTER_CANDIDATE,15.00,zero_contact,route_contact,route_contact,0,15.00,15.10416666666666666666666666666666666666666666666666666666666666666666666666666666666666666666666666,1.888020833333333333333333333333333333333333333333333333333333333333333333333333333333333333333333332,13.21614583333333333333333333333333333333333333333333333333333333333333333333333333333333333333333332,yes,,MATTER_ROW_ALLOWED_AFTER_SURFACE_GATE,particle_candidate,,yes,MATTER_ROW_ALLOWED_AFTER_SURFACE_GATE,QP093A,particle,NATIVE_PARTICLE_IDENTITY_ASSIGNED_NO_KNOWN_LABEL,QP093A-0025|stable_matter_rows|V4_1_SINGLE_WRITE|single_write|p=1|d=1|q=positive:1,,,,native_identity_no_external_label,no,CR119_DOWNSTREAM_ONLY_REVEAL
QP093A-0026,stable_matter_rows,"minus_single_write[p=1,g=1]",V4_1_SINGLE_WRITE,single_write,1,1,negative,1,minus,fermion_half_write,owner_closed,CLOSED_WRITE,STABLE_MATTER_CANDIDATE,18.0,zero_contact,route_contact,route_contact,0,18.0,18.12499999999999999999999999999999999999999999999999999999999999999999999999999999999999999999999999,2.265624999999999999999999999999999999999999999999999999999999999999999999999999999999999999999999999,15.85937499999999999999999999999999999999999999999999999999999999999999999999999999999999999999999999,yes,,MATTER_ROW_ALLOWED_AFTER_SURFACE_GATE,particle_candidate,,yes,MATTER_ROW_ALLOWED_AFTER_SURFACE_GATE,QP093A,particle,NATIVE_PARTICLE_IDENTITY_ASSIGNED_NO_KNOWN_LABEL,QP093A-0026|stable_matter_rows|V4_1_SINGLE_WRITE|single_write|p=1|d=1|q=negative:1,,,,native_identity_no_external_label,no,CR119_DOWNSTREAM_ONLY_REVEAL
QP093A-0027,stable_matter_rows,"neutral_single_write[p=1,g=1]",OUTER_BINARY_NEUTRAL,outer_binary_neutral,1,1,neutral,0,neutral,fermion_half_write,owner_closed,CLOSED_WRITE,STABLE_NEUTRAL_CANDIDATE,1.500,zero_contact,route_contact,route_contact,0,1.500,1.500,0.1875,1.3125,yes,,MATTER_ROW_ALLOWED_AFTER_SURFACE_GATE,particle_candidate,,yes,MATTER_ROW_ALLOWED_AFTER_SURFACE_GATE,QP093A,particle,NATIVE_PARTICLE_IDENTITY_ASSIGNED_NO_KNOWN_LABEL,QP093A-0027|stable_matter_rows|OUTER_BINARY_NEUTRAL|outer_binary_neutral|p=1|d=1|q=neutral:0,,,,native_identity_no_external_label,no,CR119_DOWNSTREAM_ONLY_REVEAL
QP093A-0028,stable_matter_rows,"plus_single_write[p=2,g=1]",V4_1_SINGLE_WRITE,single_write,2,1,positive,2,plus,fermion_half_write,owner_closed,CLOSED_WRITE,STABLE_MATTER_CANDIDATE,30.00,zero_contact,route_contact,route_contact,0,30.00,30.41666666666666666666666666666666666666666666666666666666666666666666666666666666666666666666666667,3.802083333333333333333333333333333333333333333333333333333333333333333333333333333333333333333333334,26.61458333333333333333333333333333333333333333333333333333333333333333333333333333333333333333333334,yes,,MATTER_ROW_ALLOWED_AFTER_SURFACE_GATE,particle_candidate,,yes,MATTER_ROW_ALLOWED_AFTER_SURFACE_GATE,QP093A,particle,NATIVE_PARTICLE_IDENTITY_ASSIGNED_NO_KNOWN_LABEL,QP093A-0028|stable_matter_rows|V4_1_SINGLE_WRITE|single_write|p=2|d=1|q=positive:2,,,,native_identity_no_external_label,no,CR119_DOWNSTREAM_ONLY_REVEAL
QP093A-0029,stable_matter_rows,"minus_single_write[p=2,g=1]",V4_1_SINGLE_WRITE,single_write,2,1,negative,2,minus,fermion_half_write,owner_closed,CLOSED_WRITE,STABLE_MATTER_CANDIDATE,36.0,zero_contact,route_contact,route_contact,0,36.0,36.50000000000000000000000000000000000000000000000000000000000000000000000000000000000000000000000000,4.56250000000000000000000000000000000000000000000000000000000000000000000000000000000000000000000000,31.9375000000000000000000000000000000000000000000000000000000000000000000000000000000000000000000000,yes,,MATTER_ROW_ALLOWED_AFTER_SURFACE_GATE,particle_candidate,,yes,MATTER_ROW_ALLOWED_AFTER_SURFACE_GATE,QP093A,particle,NATIVE_PARTICLE_IDENTITY_ASSIGNED_NO_KNOWN_LABEL,QP093A-0029|stable_matter_rows|V4_1_SINGLE_WRITE|single_write|p=2|d=1|q=negative:2,,,,native_identity_no_external_label,no,CR119_DOWNSTREAM_ONLY_REVEAL
QP093A-0030,stable_matter_rows,"neutral_single_write[p=2,g=1]",OUTER_BINARY_NEUTRAL,outer_binary_neutral,2,1,neutral,0,neutral,fermion_half_write,owner_closed,CLOSED_WRITE,STABLE_NEUTRAL_CANDIDATE,3.000,zero_contact,route_contact,route_contact,0,3.000,3.000,0.375,2.625,yes,,MATTER_ROW_ALLOWED_AFTER_SURFACE_GATE,particle_candidate,,yes,MATTER_ROW_ALLOWED_AFTER_SURFACE_GATE,QP093A,particle,NATIVE_PARTICLE_IDENTITY_ASSIGNED_NO_KNOWN_LABEL,QP093A-0030|stable_matter_rows|OUTER_BINARY_NEUTRAL|outer_binary_neutral|p=2|d=1|q=neutral:0,,,,native_identity_no_external_label,no,CR119_DOWNSTREAM_ONLY_REVEAL
QP093A-0031,stable_matter_rows,"plus_single_write[p=3,g=1]",V4_1_SINGLE_WRITE,single_write,3,1,positive,3,plus,fermion_half_write,owner_closed,CLOSED_WRITE,STABLE_MATTER_CANDIDATE,45.00,zero_contact,route_contact,route_contact,0,45.00,45.93749999999999999999999999999999999999999999999999999999999999999999999999999999999999999999999998,5.742187499999999999999999999999999999999999999999999999999999999999999999999999999999999999999999998,40.19531249999999999999999999999999999999999999999999999999999999999999999999999999999999999999999999,yes,,MATTER_ROW_ALLOWED_AFTER_SURFACE_GATE,particle_candidate,,yes,MATTER_ROW_ALLOWED_AFTER_SURFACE_GATE,QP093A,particle,NATIVE_PARTICLE_IDENTITY_ASSIGNED_NO_KNOWN_LABEL,QP093A-0031|stable_matter_rows|V4_1_SINGLE_WRITE|single_write|p=3|d=1|q=positive:3,,,,native_identity_no_external_label,no,CR119_DOWNSTREAM_ONLY_REVEAL
QP093A-0032,stable_matter_rows,"minus_single_write[p=3,g=1]",V4_1_SINGLE_WRITE,single_write,3,1,negative,3,minus,fermion_half_write,owner_closed,CLOSED_WRITE,STABLE_MATTER_CANDIDATE,54.0,zero_contact,route_contact,route_contact,0,54.0,55.12499999999999999999999999999999999999999999999999999999999999999999999999999999999999999999999998,6.890624999999999999999999999999999999999999999999999999999999999999999999999999999999999999999999998,48.23437499999999999999999999999999999999999999999999999999999999999999999999999999999999999999999999,yes,,MATTER_ROW_ALLOWED_AFTER_SURFACE_GATE,particle_candidate,,yes,MATTER_ROW_ALLOWED_AFTER_SURFACE_GATE,QP093A,particle,NATIVE_PARTICLE_IDENTITY_ASSIGNED_NO_KNOWN_LABEL,QP093A-0032|stable_matter_rows|V4_1_SINGLE_WRITE|single_write|p=3|d=1|q=negative:3,,,,native_identity_no_external_label,no,CR119_DOWNSTREAM_ONLY_REVEAL
QP093A-0033,stable_matter_rows,"neutral_single_write[p=3,g=1]",OUTER_BINARY_NEUTRAL,outer_binary_neutral,3,1,neutral,0,neutral,fermion_half_write,owner_closed,CLOSED_WRITE,STABLE_NEUTRAL_CANDIDATE,4.500,zero_contact,route_contact,route_contact,0,4.500,4.500,0.5625,3.9375,yes,,MATTER_ROW_ALLOWED_AFTER_SURFACE_GATE,particle_candidate,,yes,MATTER_ROW_ALLOWED_AFTER_SURFACE_GATE,QP093A,particle,NATIVE_PARTICLE_IDENTITY_ASSIGNED_NO_KNOWN_LABEL,QP093A-0033|stable_matter_rows|OUTER_BINARY_NEUTRAL|outer_binary_neutral|p=3|d=1|q=neutral:0,,,,native_identity_no_external_label,no,CR119_DOWNSTREAM_ONLY_REVEAL
QP093A-0034,stable_matter_rows,"plus_single_write[p=4,g=1]",V4_1_SINGLE_WRITE,single_write,4,1,positive,4,plus,fermion_half_write,owner_closed,CLOSED_WRITE,STABLE_MATTER_CANDIDATE,60.00,zero_contact,route_contact,route_contact,0,60.00,61.66666666666666666666666666666666666666666666666666666666666666666666666666666666666666666666666668,7.708333333333333333333333333333333333333333333333333333333333333333333333333333333333333333333333335,53.95833333333333333333333333333333333333333333333333333333333333333333333333333333333333333333333335,yes,,MATTER_ROW_ALLOWED_AFTER_SURFACE_GATE,particle_candidate,,yes,MATTER_ROW_ALLOWED_AFTER_SURFACE_GATE,QP093A,particle,NATIVE_PARTICLE_IDENTITY_ASSIGNED_NO_KNOWN_LABEL,QP093A-0034|stable_matter_rows|V4_1_SINGLE_WRITE|single_write|p=4|d=1|q=positive:4,,,,native_identity_no_external_label,no,CR119_DOWNSTREAM_ONLY_REVEAL
QP093A-0035,stable_matter_rows,"minus_single_write[p=4,g=1]",V4_1_SINGLE_WRITE,single_write,4,1,negative,4,minus,fermion_half_write,owner_closed,CLOSED_WRITE,STABLE_MATTER_CANDIDATE,72.0,zero_contact,route_contact,route_contact,0,72.0,74.00000000000000000000000000000000000000000000000000000000000000000000000000000000000000000000000002,9.250000000000000000000000000000000000000000000000000000000000000000000000000000000000000000000000002,64.75000000000000000000000000000000000000000000000000000000000000000000000000000000000000000000000001,yes,,MATTER_ROW_ALLOWED_AFTER_SURFACE_GATE,particle_candidate,,yes,MATTER_ROW_ALLOWED_AFTER_SURFACE_GATE,QP093A,particle,NATIVE_PARTICLE_IDENTITY_ASSIGNED_NO_KNOWN_LABEL,QP093A-0035|stable_matter_rows|V4_1_SINGLE_WRITE|single_write|p=4|d=1|q=negative:4,,,,native_identity_no_external_label,no,CR119_DOWNSTREAM_ONLY_REVEAL
QP093A-0036,stable_matter_rows,"neutral_single_write[p=4,g=1]",OUTER_BINARY_NEUTRAL,outer_binary_neutral,4,1,neutral,0,neutral,fermion_half_write,owner_closed,CLOSED_WRITE,STABLE_NEUTRAL_CANDIDATE,6.000,zero_contact,route_contact,route_contact,0,6.000,6.000,0.750,5.250,yes,,MATTER_ROW_ALLOWED_AFTER_SURFACE_GATE,particle_candidate,,yes,MATTER_ROW_ALLOWED_AFTER_SURFACE_GATE,QP093A,particle,NATIVE_PARTICLE_IDENTITY_ASSIGNED_NO_KNOWN_LABEL,QP093A-0036|stable_matter_rows|OUTER_BINARY_NEUTRAL|outer_binary_neutral|p=4|d=1|q=neutral:0,,,,native_identity_no_external_label,no,CR119_DOWNSTREAM_ONLY_REVEAL
QP093A-0037,stable_matter_rows,"plus_single_write[p=6,g=1]",V4_1_SINGLE_WRITE,single_write,6,1,positive,6,plus,fermion_half_write,owner_closed,CLOSED_WRITE,STABLE_MATTER_CANDIDATE,90.00,zero_contact,route_contact,route_contact,0,90.00,93.75000000000000000000000000000000000000000000000000000000000000000000000000000000000000000000000003,11.71875000000000000000000000000000000000000000000000000000000000000000000000000000000000000000000000,82.03125000000000000000000000000000000000000000000000000000000000000000000000000000000000000000000002,yes,,MATTER_ROW_ALLOWED_AFTER_SURFACE_GATE,particle_candidate,,yes,MATTER_ROW_ALLOWED_AFTER_SURFACE_GATE,QP093A,particle,NATIVE_PARTICLE_IDENTITY_ASSIGNED_NO_KNOWN_LABEL,QP093A-0037|stable_matter_rows|V4_1_SINGLE_WRITE|single_write|p=6|d=1|q=positive:6,,,,native_identity_no_external_label,no,CR119_DOWNSTREAM_ONLY_REVEAL
QP093A-0038,stable_matter_rows,"minus_single_write[p=6,g=1]",V4_1_SINGLE_WRITE,single_write,6,1,negative,6,minus,fermion_half_write,owner_closed,CLOSED_WRITE,STABLE_MATTER_CANDIDATE,108.0,zero_contact,route_contact,route_contact,0,108.0,112.5000000000000000000000000000000000000000000000000000000000000000000000000000000000000000000000000,14.0625000000000000000000000000000000000000000000000000000000000000000000000000000000000000000000000,98.4375000000000000000000000000000000000000000000000000000000000000000000000000000000000000000000000,yes,,MATTER_ROW_ALLOWED_AFTER_SURFACE_GATE,particle_candidate,,yes,MATTER_ROW_ALLOWED_AFTER_SURFACE_GATE,QP093A,particle,NATIVE_PARTICLE_IDENTITY_ASSIGNED_NO_KNOWN_LABEL,QP093A-0038|stable_matter_rows|V4_1_SINGLE_WRITE|single_write|p=6|d=1|q=negative:6,,,,native_identity_no_external_label,no,CR119_DOWNSTREAM_ONLY_REVEAL
QP093A-0039,stable_matter_rows,"neutral_single_write[p=6,g=1]",OUTER_BINARY_NEUTRAL,outer_binary_neutral,6,1,neutral,0,neutral,fermion_half_write,owner_closed,CLOSED_WRITE,STABLE_NEUTRAL_CANDIDATE,9.000,zero_contact,route_contact,route_contact,0,9.000,9.000,1.125,7.875,yes,,MATTER_ROW_ALLOWED_AFTER_SURFACE_GATE,particle_candidate,,yes,MATTER_ROW_ALLOWED_AFTER_SURFACE_GATE,QP093A,particle,NATIVE_PARTICLE_IDENTITY_ASSIGNED_NO_KNOWN_LABEL,QP093A-0039|stable_matter_rows|OUTER_BINARY_NEUTRAL|outer_binary_neutral|p=6|d=1|q=neutral:0,,,,native_identity_no_external_label,no,CR119_DOWNSTREAM_ONLY_REVEAL
QP093A-0040,stable_matter_rows,"plus_single_write[p=8,g=1]",V4_1_SINGLE_WRITE,single_write,8,1,positive,8,plus,fermion_half_write,owner_closed,CLOSED_WRITE,STABLE_MATTER_CANDIDATE,120.00,zero_contact,route_contact,route_contact,0,120.00,126.6666666666666666666666666666666666666666666666666666666666666666666666666666666666666666666666667,15.83333333333333333333333333333333333333333333333333333333333333333333333333333333333333333333333334,110.8333333333333333333333333333333333333333333333333333333333333333333333333333333333333333333333334,yes,,MATTER_ROW_ALLOWED_AFTER_SURFACE_GATE,particle_candidate,,yes,MATTER_ROW_ALLOWED_AFTER_SURFACE_GATE,QP093A,particle,NATIVE_PARTICLE_IDENTITY_ASSIGNED_NO_KNOWN_LABEL,QP093A-0040|stable_matter_rows|V4_1_SINGLE_WRITE|single_write|p=8|d=1|q=positive:8,,,,native_identity_no_external_label,no,CR119_DOWNSTREAM_ONLY_REVEAL
QP093A-0041,stable_matter_rows,"minus_single_write[p=8,g=1]",V4_1_SINGLE_WRITE,single_write,8,1,negative,8,minus,fermion_half_write,owner_closed,CLOSED_WRITE,STABLE_MATTER_CANDIDATE,144.0,zero_contact,route_contact,route_contact,0,144.0,152.0000000000000000000000000000000000000000000000000000000000000000000000000000000000000000000000001,19.00000000000000000000000000000000000000000000000000000000000000000000000000000000000000000000000001,133.0000000000000000000000000000000000000000000000000000000000000000000000000000000000000000000000001,yes,,MATTER_ROW_ALLOWED_AFTER_SURFACE_GATE,particle_candidate,,yes,MATTER_ROW_ALLOWED_AFTER_SURFACE_GATE,QP093A,particle,NATIVE_PARTICLE_IDENTITY_ASSIGNED_NO_KNOWN_LABEL,QP093A-0041|stable_matter_rows|V4_1_SINGLE_WRITE|single_write|p=8|d=1|q=negative:8,,,,native_identity_no_external_label,no,CR119_DOWNSTREAM_ONLY_REVEAL
QP093A-0042,stable_matter_rows,"neutral_single_write[p=8,g=1]",OUTER_BINARY_NEUTRAL,outer_binary_neutral,8,1,neutral,0,neutral,fermion_half_write,owner_closed,CLOSED_WRITE,STABLE_NEUTRAL_CANDIDATE,12.000,zero_contact,route_contact,route_contact,0,12.000,12.000,1.500,10.500,yes,,MATTER_ROW_ALLOWED_AFTER_SURFACE_GATE,particle_candidate,,yes,MATTER_ROW_ALLOWED_AFTER_SURFACE_GATE,QP093A,particle,NATIVE_PARTICLE_IDENTITY_ASSIGNED_NO_KNOWN_LABEL,QP093A-0042|stable_matter_rows|OUTER_BINARY_NEUTRAL|outer_binary_neutral|p=8|d=1|q=neutral:0,,,,native_identity_no_external_label,no,CR119_DOWNSTREAM_ONLY_REVEAL
QP093A-0043,stable_matter_rows,"plus_single_write[p=9,g=1]",V4_1_SINGLE_WRITE,single_write,9,1,positive,9,plus,fermion_half_write,owner_closed,CLOSED_WRITE,STABLE_MATTER_CANDIDATE,135.00,zero_contact,route_contact,route_contact,0,135.00,143.437500,17.9296875,125.5078125,yes,,MATTER_ROW_ALLOWED_AFTER_SURFACE_GATE,particle_candidate,,yes,MATTER_ROW_ALLOWED_AFTER_SURFACE_GATE,QP093A,particle,NATIVE_PARTICLE_IDENTITY_ASSIGNED_NO_KNOWN_LABEL,QP093A-0043|stable_matter_rows|V4_1_SINGLE_WRITE|single_write|p=9|d=1|q=positive:9,,,,native_identity_no_external_label,no,CR119_DOWNSTREAM_ONLY_REVEAL
QP093A-0044,stable_matter_rows,"minus_single_write[p=9,g=1]",V4_1_SINGLE_WRITE,single_write,9,1,negative,9,minus,fermion_half_write,owner_closed,CLOSED_WRITE,STABLE_MATTER_CANDIDATE,162.0,zero_contact,route_contact,route_contact,0,162.0,172.12500,21.515625,150.609375,yes,,MATTER_ROW_ALLOWED_AFTER_SURFACE_GATE,particle_candidate,,yes,MATTER_ROW_ALLOWED_AFTER_SURFACE_GATE,QP093A,particle,NATIVE_PARTICLE_IDENTITY_ASSIGNED_NO_KNOWN_LABEL,QP093A-0044|stable_matter_rows|V4_1_SINGLE_WRITE|single_write|p=9|d=1|q=negative:9,,,,native_identity_no_external_label,no,CR119_DOWNSTREAM_ONLY_REVEAL
QP093A-0045,stable_matter_rows,"neutral_single_write[p=9,g=1]",OUTER_BINARY_NEUTRAL,outer_binary_neutral,9,1,neutral,0,neutral,fermion_half_write,owner_closed,CLOSED_WRITE,STABLE_NEUTRAL_CANDIDATE,13.500,zero_contact,route_contact,route_contact,0,13.500,13.500,1.6875,11.8125,yes,,MATTER_ROW_ALLOWED_AFTER_SURFACE_GATE,particle_candidate,,yes,MATTER_ROW_ALLOWED_AFTER_SURFACE_GATE,QP093A,particle,NATIVE_PARTICLE_IDENTITY_ASSIGNED_NO_KNOWN_LABEL,QP093A-0045|stable_matter_rows|OUTER_BINARY_NEUTRAL|outer_binary_neutral|p=9|d=1|q=neutral:0,,,,native_identity_no_external_label,no,CR119_DOWNSTREAM_ONLY_REVEAL
QP093A-0046,stable_matter_rows,"plus_single_write[p=12,g=1]",V4_1_SINGLE_WRITE,single_write,12,1,positive,12,plus,fermion_half_write,owner_closed,CLOSED_WRITE,STABLE_MATTER_CANDIDATE,180.00,zero_contact,route_contact,route_contact,0,180.00,194.9999999999999999999999999999999999999999999999999999999999999999999999999999999999999999999999999,24.37499999999999999999999999999999999999999999999999999999999999999999999999999999999999999999999999,170.6249999999999999999999999999999999999999999999999999999999999999999999999999999999999999999999999,yes,,MATTER_ROW_ALLOWED_AFTER_SURFACE_GATE,particle_candidate,,yes,MATTER_ROW_ALLOWED_AFTER_SURFACE_GATE,QP093A,particle,NATIVE_PARTICLE_IDENTITY_ASSIGNED_NO_KNOWN_LABEL,QP093A-0046|stable_matter_rows|V4_1_SINGLE_WRITE|single_write|p=12|d=1|q=positive:12,,,,native_identity_no_external_label,no,CR119_DOWNSTREAM_ONLY_REVEAL
QP093A-0047,stable_matter_rows,"minus_single_write[p=12,g=1]",V4_1_SINGLE_WRITE,single_write,12,1,negative,12,minus,fermion_half_write,owner_closed,CLOSED_WRITE,STABLE_MATTER_CANDIDATE,216.0,zero_contact,route_contact,route_contact,0,216.0,233.9999999999999999999999999999999999999999999999999999999999999999999999999999999999999999999999999,29.24999999999999999999999999999999999999999999999999999999999999999999999999999999999999999999999999,204.7499999999999999999999999999999999999999999999999999999999999999999999999999999999999999999999999,yes,,MATTER_ROW_ALLOWED_AFTER_SURFACE_GATE,particle_candidate,,yes,MATTER_ROW_ALLOWED_AFTER_SURFACE_GATE,QP093A,particle,NATIVE_PARTICLE_IDENTITY_ASSIGNED_NO_KNOWN_LABEL,QP093A-0047|stable_matter_rows|V4_1_SINGLE_WRITE|single_write|p=12|d=1|q=negative:12,,,,native_identity_no_external_label,no,CR119_DOWNSTREAM_ONLY_REVEAL
QP093A-0048,stable_matter_rows,"neutral_single_write[p=12,g=1]",OUTER_BINARY_NEUTRAL,outer_binary_neutral,12,1,neutral,0,neutral,fermion_half_write,owner_closed,CLOSED_WRITE,STABLE_NEUTRAL_CANDIDATE,18.000,zero_contact,route_contact,route_contact,0,18.000,18.000,2.250,15.750,yes,,MATTER_ROW_ALLOWED_AFTER_SURFACE_GATE,particle_candidate,,yes,MATTER_ROW_ALLOWED_AFTER_SURFACE_GATE,QP093A,particle,NATIVE_PARTICLE_IDENTITY_ASSIGNED_NO_KNOWN_LABEL,QP093A-0048|stable_matter_rows|OUTER_BINARY_NEUTRAL|outer_binary_neutral|p=12|d=1|q=neutral:0,,,,native_identity_no_external_label,no,CR119_DOWNSTREAM_ONLY_REVEAL
QP093A-0049,stable_matter_rows,"plus_single_write[p=1,g=2]",V4_1_SINGLE_WRITE,single_write,1,2,positive,1,plus,fermion_half_write,owner_closed,CLOSED_WRITE,STABLE_MATTER_CANDIDATE,180.00,zero_contact,route_contact,route_contact,0,180.00,181.2499999999999999999999999999999999999999999999999999999999999999999999999999999999999999999999999,22.65624999999999999999999999999999999999999999999999999999999999999999999999999999999999999999999999,158.5937499999999999999999999999999999999999999999999999999999999999999999999999999999999999999999999,yes,,MATTER_ROW_ALLOWED_AFTER_SURFACE_GATE,particle_candidate,,yes,MATTER_ROW_ALLOWED_AFTER_SURFACE_GATE,QP093A,particle,NATIVE_PARTICLE_IDENTITY_ASSIGNED_NO_KNOWN_LABEL,QP093A-0049|stable_matter_rows|V4_1_SINGLE_WRITE|single_write|p=1|d=2|q=positive:1,,,,native_identity_no_external_label,no,CR119_DOWNSTREAM_ONLY_REVEAL
QP093A-0050,stable_matter_rows,"minus_single_write[p=1,g=2]",V4_1_SINGLE_WRITE,single_write,1,2,negative,1,minus,fermion_half_write,owner_closed,CLOSED_WRITE,STABLE_MATTER_CANDIDATE,216.0,zero_contact,route_contact,route_contact,0,216.0,217.4999999999999999999999999999999999999999999999999999999999999999999999999999999999999999999999999,27.18749999999999999999999999999999999999999999999999999999999999999999999999999999999999999999999999,190.3124999999999999999999999999999999999999999999999999999999999999999999999999999999999999999999999,yes,,MATTER_ROW_ALLOWED_AFTER_SURFACE_GATE,particle_candidate,,yes,MATTER_ROW_ALLOWED_AFTER_SURFACE_GATE,QP093A,particle,NATIVE_PARTICLE_IDENTITY_ASSIGNED_NO_KNOWN_LABEL,QP093A-0050|stable_matter_rows|V4_1_SINGLE_WRITE|single_write|p=1|d=2|q=negative:1,,,,native_identity_no_external_label,no,CR119_DOWNSTREAM_ONLY_REVEAL
QP093A-0051,stable_matter_rows,"neutral_single_write[p=1,g=2]",OUTER_BINARY_NEUTRAL,outer_binary_neutral,1,2,neutral,0,neutral,fermion_half_write,owner_closed,CLOSED_WRITE,STABLE_NEUTRAL_CANDIDATE,18.000,zero_contact,route_contact,route_contact,0,18.000,18.000,2.250,15.750,yes,,MATTER_ROW_ALLOWED_AFTER_SURFACE_GATE,particle_candidate,,yes,MATTER_ROW_ALLOWED_AFTER_SURFACE_GATE,QP093A,particle,NATIVE_PARTICLE_IDENTITY_ASSIGNED_NO_KNOWN_LABEL,QP093A-0051|stable_matter_rows|OUTER_BINARY_NEUTRAL|outer_binary_neutral|p=1|d=2|q=neutral:0,,,,native_identity_no_external_label,no,CR119_DOWNSTREAM_ONLY_REVEAL
QP093A-0052,stable_matter_rows,"plus_single_write[p=2,g=2]",V4_1_SINGLE_WRITE,single_write,2,2,positive,2,plus,fermion_half_write,owner_closed,CLOSED_WRITE,STABLE_MATTER_CANDIDATE,360.00,zero_contact,route_contact,route_contact,0,360.00,365.0000000000000000000000000000000000000000000000000000000000000000000000000000000000000000000000000,45.6250000000000000000000000000000000000000000000000000000000000000000000000000000000000000000000000,319.375000000000000000000000000000000000000000000000000000000000000000000000000000000000000000000000,yes,,MATTER_ROW_ALLOWED_AFTER_SURFACE_GATE,particle_candidate,,yes,MATTER_ROW_ALLOWED_AFTER_SURFACE_GATE,QP093A,particle,NATIVE_PARTICLE_IDENTITY_ASSIGNED_NO_KNOWN_LABEL,QP093A-0052|stable_matter_rows|V4_1_SINGLE_WRITE|single_write|p=2|d=2|q=positive:2,,,,native_identity_no_external_label,no,CR119_DOWNSTREAM_ONLY_REVEAL
QP093A-0053,stable_matter_rows,"minus_single_write[p=2,g=2]",V4_1_SINGLE_WRITE,single_write,2,2,negative,2,minus,fermion_half_write,owner_closed,CLOSED_WRITE,STABLE_MATTER_CANDIDATE,432.0,zero_contact,route_contact,route_contact,0,432.0,438.0000000000000000000000000000000000000000000000000000000000000000000000000000000000000000000000000,54.7500000000000000000000000000000000000000000000000000000000000000000000000000000000000000000000000,383.250000000000000000000000000000000000000000000000000000000000000000000000000000000000000000000000,yes,,MATTER_ROW_ALLOWED_AFTER_SURFACE_GATE,particle_candidate,,yes,MATTER_ROW_ALLOWED_AFTER_SURFACE_GATE,QP093A,particle,NATIVE_PARTICLE_IDENTITY_ASSIGNED_NO_KNOWN_LABEL,QP093A-0053|stable_matter_rows|V4_1_SINGLE_WRITE|single_write|p=2|d=2|q=negative:2,,,,native_identity_no_external_label,no,CR119_DOWNSTREAM_ONLY_REVEAL
QP093A-0054,stable_matter_rows,"neutral_single_write[p=2,g=2]",OUTER_BINARY_NEUTRAL,outer_binary_neutral,2,2,neutral,0,neutral,fermion_half_write,owner_closed,CLOSED_WRITE,STABLE_NEUTRAL_CANDIDATE,36.000,zero_contact,route_contact,route_contact,0,36.000,36.000,4.500,31.500,yes,,MATTER_ROW_ALLOWED_AFTER_SURFACE_GATE,particle_candidate,,yes,MATTER_ROW_ALLOWED_AFTER_SURFACE_GATE,QP093A,particle,NATIVE_PARTICLE_IDENTITY_ASSIGNED_NO_KNOWN_LABEL,QP093A-0054|stable_matter_rows|OUTER_BINARY_NEUTRAL|outer_binary_neutral|p=2|d=2|q=neutral:0,,,,native_identity_no_external_label,no,CR119_DOWNSTREAM_ONLY_REVEAL
QP093A-0055,stable_matter_rows,"plus_single_write[p=3,g=2]",V4_1_SINGLE_WRITE,single_write,3,2,positive,3,plus,fermion_half_write,owner_closed,CLOSED_WRITE,STABLE_MATTER_CANDIDATE,540.00,zero_contact,route_contact,route_contact,0,540.00,551.2499999999999999999999999999999999999999999999999999999999999999999999999999999999999999999999998,68.90624999999999999999999999999999999999999999999999999999999999999999999999999999999999999999999998,482.3437499999999999999999999999999999999999999999999999999999999999999999999999999999999999999999999,yes,,MATTER_ROW_ALLOWED_AFTER_SURFACE_GATE,particle_candidate,,yes,MATTER_ROW_ALLOWED_AFTER_SURFACE_GATE,QP093A,particle,NATIVE_PARTICLE_IDENTITY_ASSIGNED_NO_KNOWN_LABEL,QP093A-0055|stable_matter_rows|V4_1_SINGLE_WRITE|single_write|p=3|d=2|q=positive:3,,,,native_identity_no_external_label,no,CR119_DOWNSTREAM_ONLY_REVEAL
QP093A-0056,stable_matter_rows,"minus_single_write[p=3,g=2]",V4_1_SINGLE_WRITE,single_write,3,2,negative,3,minus,fermion_half_write,owner_closed,CLOSED_WRITE,STABLE_MATTER_CANDIDATE,648.0,zero_contact,route_contact,route_contact,0,648.0,661.4999999999999999999999999999999999999999999999999999999999999999999999999999999999999999999999998,82.68749999999999999999999999999999999999999999999999999999999999999999999999999999999999999999999998,578.8124999999999999999999999999999999999999999999999999999999999999999999999999999999999999999999999,yes,,MATTER_ROW_ALLOWED_AFTER_SURFACE_GATE,particle_candidate,,yes,MATTER_ROW_ALLOWED_AFTER_SURFACE_GATE,QP093A,particle,NATIVE_PARTICLE_IDENTITY_ASSIGNED_NO_KNOWN_LABEL,QP093A-0056|stable_matter_rows|V4_1_SINGLE_WRITE|single_write|p=3|d=2|q=negative:3,,,,native_identity_no_external_label,no,CR119_DOWNSTREAM_ONLY_REVEAL
QP093A-0057,stable_matter_rows,"neutral_single_write[p=3,g=2]",OUTER_BINARY_NEUTRAL,outer_binary_neutral,3,2,neutral,0,neutral,fermion_half_write,owner_closed,CLOSED_WRITE,STABLE_NEUTRAL_CANDIDATE,54.000,zero_contact,route_contact,route_contact,0,54.000,54.000,6.750,47.250,yes,,MATTER_ROW_ALLOWED_AFTER_SURFACE_GATE,particle_candidate,,yes,MATTER_ROW_ALLOWED_AFTER_SURFACE_GATE,QP093A,particle,NATIVE_PARTICLE_IDENTITY_ASSIGNED_NO_KNOWN_LABEL,QP093A-0057|stable_matter_rows|OUTER_BINARY_NEUTRAL|outer_binary_neutral|p=3|d=2|q=neutral:0,,,,native_identity_no_external_label,no,CR119_DOWNSTREAM_ONLY_REVEAL
QP093A-0058,stable_matter_rows,"plus_single_write[p=4,g=2]",V4_1_SINGLE_WRITE,single_write,4,2,positive,4,plus,fermion_half_write,owner_closed,CLOSED_WRITE,STABLE_MATTER_CANDIDATE,720.00,zero_contact,route_contact,route_contact,0,720.00,740.0000000000000000000000000000000000000000000000000000000000000000000000000000000000000000000000002,92.50000000000000000000000000000000000000000000000000000000000000000000000000000000000000000000000002,647.5000000000000000000000000000000000000000000000000000000000000000000000000000000000000000000000001,yes,,MATTER_ROW_ALLOWED_AFTER_SURFACE_GATE,particle_candidate,,yes,MATTER_ROW_ALLOWED_AFTER_SURFACE_GATE,QP093A,particle,NATIVE_PARTICLE_IDENTITY_ASSIGNED_NO_KNOWN_LABEL,QP093A-0058|stable_matter_rows|V4_1_SINGLE_WRITE|single_write|p=4|d=2|q=positive:4,,,,native_identity_no_external_label,no,CR119_DOWNSTREAM_ONLY_REVEAL
QP093A-0059,stable_matter_rows,"minus_single_write[p=4,g=2]",V4_1_SINGLE_WRITE,single_write,4,2,negative,4,minus,fermion_half_write,owner_closed,CLOSED_WRITE,STABLE_MATTER_CANDIDATE,864.0,zero_contact,route_contact,route_contact,0,864.0,888.0000000000000000000000000000000000000000000000000000000000000000000000000000000000000000000000002,111.0000000000000000000000000000000000000000000000000000000000000000000000000000000000000000000000000,777.0000000000000000000000000000000000000000000000000000000000000000000000000000000000000000000000001,yes,,MATTER_ROW_ALLOWED_AFTER_SURFACE_GATE,particle_candidate,,yes,MATTER_ROW_ALLOWED_AFTER_SURFACE_GATE,QP093A,particle,NATIVE_PARTICLE_IDENTITY_ASSIGNED_NO_KNOWN_LABEL,QP093A-0059|stable_matter_rows|V4_1_SINGLE_WRITE|single_write|p=4|d=2|q=negative:4,,,,native_identity_no_external_label,no,CR119_DOWNSTREAM_ONLY_REVEAL
QP093A-0060,stable_matter_rows,"neutral_single_write[p=4,g=2]",OUTER_BINARY_NEUTRAL,outer_binary_neutral,4,2,neutral,0,neutral,fermion_half_write,owner_closed,CLOSED_WRITE,STABLE_NEUTRAL_CANDIDATE,72.000,zero_contact,route_contact,route_contact,0,72.000,72.000,9.000,63.000,yes,,MATTER_ROW_ALLOWED_AFTER_SURFACE_GATE,particle_candidate,,yes,MATTER_ROW_ALLOWED_AFTER_SURFACE_GATE,QP093A,particle,NATIVE_PARTICLE_IDENTITY_ASSIGNED_NO_KNOWN_LABEL,QP093A-0060|stable_matter_rows|OUTER_BINARY_NEUTRAL|outer_binary_neutral|p=4|d=2|q=neutral:0,,,,native_identity_no_external_label,no,CR119_DOWNSTREAM_ONLY_REVEAL
QP093A-0061,stable_matter_rows,"plus_single_write[p=6,g=2]",V4_1_SINGLE_WRITE,single_write,6,2,positive,6,plus,fermion_half_write,owner_closed,CLOSED_WRITE,STABLE_MATTER_CANDIDATE,1080.00,zero_contact,route_contact,route_contact,0,1080.00,1125.000000000000000000000000000000000000000000000000000000000000000000000000000000000000000000000000,140.625000000000000000000000000000000000000000000000000000000000000000000000000000000000000000000000,984.375000000000000000000000000000000000000000000000000000000000000000000000000000000000000000000000,yes,,MATTER_ROW_ALLOWED_AFTER_SURFACE_GATE,particle_candidate,,yes,MATTER_ROW_ALLOWED_AFTER_SURFACE_GATE,QP093A,particle,NATIVE_PARTICLE_IDENTITY_ASSIGNED_NO_KNOWN_LABEL,QP093A-0061|stable_matter_rows|V4_1_SINGLE_WRITE|single_write|p=6|d=2|q=positive:6,,,,native_identity_no_external_label,no,CR119_DOWNSTREAM_ONLY_REVEAL
QP093A-0062,stable_matter_rows,"minus_single_write[p=6,g=2]",V4_1_SINGLE_WRITE,single_write,6,2,negative,6,minus,fermion_half_write,owner_closed,CLOSED_WRITE,STABLE_MATTER_CANDIDATE,1296.0,zero_contact,route_contact,route_contact,0,1296.0,1350.000000000000000000000000000000000000000000000000000000000000000000000000000000000000000000000000,168.750000000000000000000000000000000000000000000000000000000000000000000000000000000000000000000000,1181.250000000000000000000000000000000000000000000000000000000000000000000000000000000000000000000000,yes,,MATTER_ROW_ALLOWED_AFTER_SURFACE_GATE,particle_candidate,,yes,MATTER_ROW_ALLOWED_AFTER_SURFACE_GATE,QP093A,particle,NATIVE_PARTICLE_IDENTITY_ASSIGNED_NO_KNOWN_LABEL,QP093A-0062|stable_matter_rows|V4_1_SINGLE_WRITE|single_write|p=6|d=2|q=negative:6,,,,native_identity_no_external_label,no,CR119_DOWNSTREAM_ONLY_REVEAL
QP093A-0063,stable_matter_rows,"neutral_single_write[p=6,g=2]",OUTER_BINARY_NEUTRAL,outer_binary_neutral,6,2,neutral,0,neutral,fermion_half_write,owner_closed,CLOSED_WRITE,STABLE_NEUTRAL_CANDIDATE,108.000,zero_contact,route_contact,route_contact,0,108.000,108.000,13.500,94.500,yes,,MATTER_ROW_ALLOWED_AFTER_SURFACE_GATE,particle_candidate,,yes,MATTER_ROW_ALLOWED_AFTER_SURFACE_GATE,QP093A,particle,NATIVE_PARTICLE_IDENTITY_ASSIGNED_NO_KNOWN_LABEL,QP093A-0063|stable_matter_rows|OUTER_BINARY_NEUTRAL|outer_binary_neutral|p=6|d=2|q=neutral:0,,,,native_identity_no_external_label,no,CR119_DOWNSTREAM_ONLY_REVEAL
QP093A-0064,unstable_resonance_rows,"plus_single_write[p=8,g=2]",V4_1_SINGLE_WRITE,single_write,8,2,positive,8,plus,fermion_half_write,owner_closed,CLOSED_WRITE,UNSTABLE_HEAVY_WRITE_CANDIDATE,1440.00,zero_contact,route_contact,route_contact,0,1440.00,1520.000000000000000000000000000000000000000000000000000000000000000000000000000000000000000000000001,190.0000000000000000000000000000000000000000000000000000000000000000000000000000000000000000000000001,1330.000000000000000000000000000000000000000000000000000000000000000000000000000000000000000000000001,yes,,MATTER_ROW_ALLOWED_AFTER_SURFACE_GATE,particle_candidate,,yes,MATTER_ROW_ALLOWED_AFTER_SURFACE_GATE,QP093A,particle,NATIVE_PARTICLE_IDENTITY_ASSIGNED_NO_KNOWN_LABEL,QP093A-0064|unstable_resonance_rows|V4_1_SINGLE_WRITE|single_write|p=8|d=2|q=positive:8,,,,native_identity_no_external_label,no,CR119_DOWNSTREAM_ONLY_REVEAL
QP093A-0065,unstable_resonance_rows,"minus_single_write[p=8,g=2]",V4_1_SINGLE_WRITE,single_write,8,2,negative,8,minus,fermion_half_write,owner_closed,CLOSED_WRITE,UNSTABLE_HEAVY_WRITE_CANDIDATE,1728.0,zero_contact,route_contact,route_contact,0,1728.0,1824.000000000000000000000000000000000000000000000000000000000000000000000000000000000000000000000001,228.0000000000000000000000000000000000000000000000000000000000000000000000000000000000000000000000001,1596.000000000000000000000000000000000000000000000000000000000000000000000000000000000000000000000001,yes,,MATTER_ROW_ALLOWED_AFTER_SURFACE_GATE,particle_candidate,,yes,MATTER_ROW_ALLOWED_AFTER_SURFACE_GATE,QP093A,particle,NATIVE_PARTICLE_IDENTITY_ASSIGNED_NO_KNOWN_LABEL,QP093A-0065|unstable_resonance_rows|V4_1_SINGLE_WRITE|single_write|p=8|d=2|q=negative:8,,,,native_identity_no_external_label,no,CR119_DOWNSTREAM_ONLY_REVEAL
QP093A-0066,unstable_resonance_rows,"neutral_single_write[p=8,g=2]",OUTER_BINARY_NEUTRAL,outer_binary_neutral,8,2,neutral,0,neutral,fermion_half_write,owner_closed,CLOSED_WRITE,UNSTABLE_HEAVY_WRITE_CANDIDATE,144.000,zero_contact,route_contact,route_contact,0,144.000,144.000,18.000,126.000,yes,,MATTER_ROW_ALLOWED_AFTER_SURFACE_GATE,particle_candidate,,yes,MATTER_ROW_ALLOWED_AFTER_SURFACE_GATE,QP093A,particle,NATIVE_PARTICLE_IDENTITY_ASSIGNED_NO_KNOWN_LABEL,QP093A-0066|unstable_resonance_rows|OUTER_BINARY_NEUTRAL|outer_binary_neutral|p=8|d=2|q=neutral:0,,,,native_identity_no_external_label,no,CR119_DOWNSTREAM_ONLY_REVEAL
QP093A-0067,unstable_resonance_rows,"plus_single_write[p=9,g=2]",V4_1_SINGLE_WRITE,single_write,9,2,positive,9,plus,fermion_half_write,owner_closed,CLOSED_WRITE,UNSTABLE_HEAVY_WRITE_CANDIDATE,1620.00,zero_contact,route_contact,route_contact,0,1620.00,1721.250000,215.156250,1506.093750,yes,,MATTER_ROW_ALLOWED_AFTER_SURFACE_GATE,particle_candidate,,yes,MATTER_ROW_ALLOWED_AFTER_SURFACE_GATE,QP093A,particle,NATIVE_PARTICLE_IDENTITY_ASSIGNED_NO_KNOWN_LABEL,QP093A-0067|unstable_resonance_rows|V4_1_SINGLE_WRITE|single_write|p=9|d=2|q=positive:9,,,,native_identity_no_external_label,no,CR119_DOWNSTREAM_ONLY_REVEAL
QP093A-0068,unstable_resonance_rows,"minus_single_write[p=9,g=2]",V4_1_SINGLE_WRITE,single_write,9,2,negative,9,minus,fermion_half_write,owner_closed,CLOSED_WRITE,UNSTABLE_HEAVY_WRITE_CANDIDATE,1944.0,zero_contact,route_contact,route_contact,0,1944.0,2065.50000,258.18750,1807.31250,yes,,MATTER_ROW_ALLOWED_AFTER_SURFACE_GATE,particle_candidate,,yes,MATTER_ROW_ALLOWED_AFTER_SURFACE_GATE,QP093A,particle,NATIVE_PARTICLE_IDENTITY_ASSIGNED_NO_KNOWN_LABEL,QP093A-0068|unstable_resonance_rows|V4_1_SINGLE_WRITE|single_write|p=9|d=2|q=negative:9,,,,native_identity_no_external_label,no,CR119_DOWNSTREAM_ONLY_REVEAL
QP093A-0069,unstable_resonance_rows,"neutral_single_write[p=9,g=2]",OUTER_BINARY_NEUTRAL,outer_binary_neutral,9,2,neutral,0,neutral,fermion_half_write,owner_closed,CLOSED_WRITE,UNSTABLE_HEAVY_WRITE_CANDIDATE,162.000,zero_contact,route_contact,route_contact,0,162.000,162.000,20.250,141.750,yes,,MATTER_ROW_ALLOWED_AFTER_SURFACE_GATE,particle_candidate,,yes,MATTER_ROW_ALLOWED_AFTER_SURFACE_GATE,QP093A,particle,NATIVE_PARTICLE_IDENTITY_ASSIGNED_NO_KNOWN_LABEL,QP093A-0069|unstable_resonance_rows|OUTER_BINARY_NEUTRAL|outer_binary_neutral|p=9|d=2|q=neutral:0,,,,native_identity_no_external_label,no,CR119_DOWNSTREAM_ONLY_REVEAL
QP093A-0070,unstable_resonance_rows,"plus_single_write[p=12,g=2]",V4_1_SINGLE_WRITE,single_write,12,2,positive,12,plus,fermion_half_write,owner_closed,CLOSED_WRITE,UNSTABLE_HEAVY_WRITE_CANDIDATE,2160.00,zero_contact,route_contact,route_contact,0,2160.00,2339.999999999999999999999999999999999999999999999999999999999999999999999999999999999999999999999999,292.4999999999999999999999999999999999999999999999999999999999999999999999999999999999999999999999999,2047.499999999999999999999999999999999999999999999999999999999999999999999999999999999999999999999999,yes,,MATTER_ROW_ALLOWED_AFTER_SURFACE_GATE,particle_candidate,,yes,MATTER_ROW_ALLOWED_AFTER_SURFACE_GATE,QP093A,particle,NATIVE_PARTICLE_IDENTITY_ASSIGNED_NO_KNOWN_LABEL,QP093A-0070|unstable_resonance_rows|V4_1_SINGLE_WRITE|single_write|p=12|d=2|q=positive:12,,,,native_identity_no_external_label,no,CR119_DOWNSTREAM_ONLY_REVEAL
QP093A-0071,unstable_resonance_rows,"minus_single_write[p=12,g=2]",V4_1_SINGLE_WRITE,single_write,12,2,negative,12,minus,fermion_half_write,owner_closed,CLOSED_WRITE,UNSTABLE_HEAVY_WRITE_CANDIDATE,2592.0,zero_contact,route_contact,route_contact,0,2592.0,2807.999999999999999999999999999999999999999999999999999999999999999999999999999999999999999999999999,350.9999999999999999999999999999999999999999999999999999999999999999999999999999999999999999999999999,2456.999999999999999999999999999999999999999999999999999999999999999999999999999999999999999999999999,yes,,MATTER_ROW_ALLOWED_AFTER_SURFACE_GATE,particle_candidate,,yes,MATTER_ROW_ALLOWED_AFTER_SURFACE_GATE,QP093A,particle,NATIVE_PARTICLE_IDENTITY_ASSIGNED_NO_KNOWN_LABEL,QP093A-0071|unstable_resonance_rows|V4_1_SINGLE_WRITE|single_write|p=12|d=2|q=negative:12,,,,native_identity_no_external_label,no,CR119_DOWNSTREAM_ONLY_REVEAL
QP093A-0072,unstable_resonance_rows,"neutral_single_write[p=12,g=2]",OUTER_BINARY_NEUTRAL,outer_binary_neutral,12,2,neutral,0,neutral,fermion_half_write,owner_closed,CLOSED_WRITE,UNSTABLE_HEAVY_WRITE_CANDIDATE,216.000,zero_contact,route_contact,route_contact,0,216.000,216.000,27.000,189.000,yes,,MATTER_ROW_ALLOWED_AFTER_SURFACE_GATE,particle_candidate,,yes,MATTER_ROW_ALLOWED_AFTER_SURFACE_GATE,QP093A,particle,NATIVE_PARTICLE_IDENTITY_ASSIGNED_NO_KNOWN_LABEL,QP093A-0072|unstable_resonance_rows|OUTER_BINARY_NEUTRAL|outer_binary_neutral|p=12|d=2|q=neutral:0,,,,native_identity_no_external_label,no,CR119_DOWNSTREAM_ONLY_REVEAL
QP093A-0073,antimatter_conjugate_rows,"anti(plus_single_write[p=1,g=0])",V4_1_SINGLE_WRITE,conjugate_single_write,1,0,negative,1,conjugate_axis,fermion_half_write,owner_closed_conjugate,CLOSED_CONJUGATE_WRITE,ANTIMATTER_STABLE_CONJUGATE,1.25,negative_credit,depth=0,V4_1_SINGLE_WRITE|depth=0|q_abs=1,-0.1041666666666666666666666666666666666666666666666666666666666666666666666666666666666666666666666667,1.354166666666666666666666666666666666666666666666666666666666666666666666666666666666666666666666667,1.363570601851851851851851851851851851851851851851851851851851851851851851851851851851851851851851852,0.1704463252314814814814814814814814814814814814814814814814814814814814814814814814814814814814814815,1.193124276620370370370370370370370370370370370370370370370370370370370370370370370370370370370370370,yes,,ANTIMATTER_ROW_ALLOWED_AFTER_SURFACE_GATE,particle_candidate,,yes,ANTIMATTER_ROW_ALLOWED_AFTER_SURFACE_GATE,QP093A,particle,NATIVE_PARTICLE_IDENTITY_ASSIGNED_NO_KNOWN_LABEL,QP093A-0073|antimatter_conjugate_rows|V4_1_SINGLE_WRITE|conjugate_single_write|p=1|d=0|q=negative:1,,,,native_identity_no_external_label,no,CR119_DOWNSTREAM_ONLY_REVEAL
QP093A-0074,antimatter_conjugate_rows,"anti(minus_single_write[p=1,g=0])",V4_1_SINGLE_WRITE,conjugate_single_write,1,0,positive,1,conjugate_axis,fermion_half_write,owner_closed_conjugate,CLOSED_CONJUGATE_WRITE,ANTIMATTER_STABLE_CONJUGATE,1.5,positive_debit,depth=0,V4_1_SINGLE_WRITE|depth=0|q_abs=1,0.1250000000000000000000000000000000000000000000000000000000000000000000000000000000000000000000000000,1.375000000000000000000000000000000000000000000000000000000000000000000000000000000000000000000000000,1.384548611111111111111111111111111111111111111111111111111111111111111111111111111111111111111111110,0.1730685763888888888888888888888888888888888888888888888888888888888888888888888888888888888888888888,1.211480034722222222222222222222222222222222222222222222222222222222222222222222222222222222222222221,yes,,ANTIMATTER_ROW_ALLOWED_AFTER_SURFACE_GATE,particle_candidate,,yes,ANTIMATTER_ROW_ALLOWED_AFTER_SURFACE_GATE,QP093A,particle,NATIVE_PARTICLE_IDENTITY_ASSIGNED_NO_KNOWN_LABEL,QP093A-0074|antimatter_conjugate_rows|V4_1_SINGLE_WRITE|conjugate_single_write|p=1|d=0|q=positive:1,,,,native_identity_no_external_label,no,CR119_DOWNSTREAM_ONLY_REVEAL
QP093A-0075,antimatter_conjugate_rows,"anti(plus_single_write[p=2,g=0])",V4_1_SINGLE_WRITE,conjugate_single_write,2,0,negative,2,conjugate_axis,fermion_half_write,owner_closed_conjugate,CLOSED_CONJUGATE_WRITE,ANTIMATTER_STABLE_CONJUGATE,2.50,negative_credit,depth=0,V4_1_SINGLE_WRITE|depth=0|q_abs=2,-0.4166666666666666666666666666666666666666666666666666666666666666666666666666666666666666666666666668,2.916666666666666666666666666666666666666666666666666666666666666666666666666666666666666666666666667,2.957175925925925925925925925925925925925925925925925925925925925925925925925925925925925925925925927,0.3696469907407407407407407407407407407407407407407407407407407407407407407407407407407407407407407409,2.587528935185185185185185185185185185185185185185185185185185185185185185185185185185185185185185186,yes,,ANTIMATTER_ROW_ALLOWED_AFTER_SURFACE_GATE,particle_candidate,,yes,ANTIMATTER_ROW_ALLOWED_AFTER_SURFACE_GATE,QP093A,particle,NATIVE_PARTICLE_IDENTITY_ASSIGNED_NO_KNOWN_LABEL,QP093A-0075|antimatter_conjugate_rows|V4_1_SINGLE_WRITE|conjugate_single_write|p=2|d=0|q=negative:2,,,,native_identity_no_external_label,no,CR119_DOWNSTREAM_ONLY_REVEAL
QP093A-0076,antimatter_conjugate_rows,"anti(minus_single_write[p=2,g=0])",V4_1_SINGLE_WRITE,conjugate_single_write,2,0,positive,2,conjugate_axis,fermion_half_write,owner_closed_conjugate,CLOSED_CONJUGATE_WRITE,ANTIMATTER_STABLE_CONJUGATE,3.0,positive_debit,depth=0,V4_1_SINGLE_WRITE|depth=0|q_abs=2,0.5000000000000000000000000000000000000000000000000000000000000000000000000000000000000000000000000001,2.500000000000000000000000000000000000000000000000000000000000000000000000000000000000000000000000000,2.534722222222222222222222222222222222222222222222222222222222222222222222222222222222222222222222222,0.3168402777777777777777777777777777777777777777777777777777777777777777777777777777777777777777777778,2.217881944444444444444444444444444444444444444444444444444444444444444444444444444444444444444444444,yes,,ANTIMATTER_ROW_ALLOWED_AFTER_SURFACE_GATE,particle_candidate,,yes,ANTIMATTER_ROW_ALLOWED_AFTER_SURFACE_GATE,QP093A,particle,NATIVE_PARTICLE_IDENTITY_ASSIGNED_NO_KNOWN_LABEL,QP093A-0076|antimatter_conjugate_rows|V4_1_SINGLE_WRITE|conjugate_single_write|p=2|d=0|q=positive:2,,,,native_identity_no_external_label,no,CR119_DOWNSTREAM_ONLY_REVEAL
QP093A-0077,antimatter_conjugate_rows,"anti(plus_single_write[p=3,g=0])",V4_1_SINGLE_WRITE,conjugate_single_write,3,0,negative,3,conjugate_axis,fermion_half_write,owner_closed_conjugate,CLOSED_CONJUGATE_WRITE,ANTIMATTER_STABLE_CONJUGATE,3.75,negative_credit,depth=0,V4_1_SINGLE_WRITE|depth=0|q_abs=3,-0.9375,4.6875,4.785156249999999999999999999999999999999999999999999999999999999999999999999999999999999999999999998,0.5981445312499999999999999999999999999999999999999999999999999999999999999999999999999999999999999998,4.187011718749999999999999999999999999999999999999999999999999999999999999999999999999999999999999999,yes,,ANTIMATTER_ROW_ALLOWED_AFTER_SURFACE_GATE,particle_candidate,,yes,ANTIMATTER_ROW_ALLOWED_AFTER_SURFACE_GATE,QP093A,particle,NATIVE_PARTICLE_IDENTITY_ASSIGNED_NO_KNOWN_LABEL,QP093A-0077|antimatter_conjugate_rows|V4_1_SINGLE_WRITE|conjugate_single_write|p=3|d=0|q=negative:3,,,,native_identity_no_external_label,no,CR119_DOWNSTREAM_ONLY_REVEAL
QP093A-0078,antimatter_conjugate_rows,"anti(minus_single_write[p=3,g=0])",V4_1_SINGLE_WRITE,conjugate_single_write,3,0,positive,3,conjugate_axis,fermion_half_write,owner_closed_conjugate,CLOSED_CONJUGATE_WRITE,ANTIMATTER_STABLE_CONJUGATE,4.5,positive_debit,depth=0,V4_1_SINGLE_WRITE|depth=0|q_abs=3,1.125,3.375,3.445312499999999999999999999999999999999999999999999999999999999999999999999999999999999999999999999,0.4306640624999999999999999999999999999999999999999999999999999999999999999999999999999999999999999999,3.014648437499999999999999999999999999999999999999999999999999999999999999999999999999999999999999999,yes,,ANTIMATTER_ROW_ALLOWED_AFTER_SURFACE_GATE,particle_candidate,,yes,ANTIMATTER_ROW_ALLOWED_AFTER_SURFACE_GATE,QP093A,particle,NATIVE_PARTICLE_IDENTITY_ASSIGNED_NO_KNOWN_LABEL,QP093A-0078|antimatter_conjugate_rows|V4_1_SINGLE_WRITE|conjugate_single_write|p=3|d=0|q=positive:3,,,,native_identity_no_external_label,no,CR119_DOWNSTREAM_ONLY_REVEAL
QP093A-0079,antimatter_conjugate_rows,"anti(plus_single_write[p=4,g=0])",V4_1_SINGLE_WRITE,conjugate_single_write,4,0,negative,4,conjugate_axis,fermion_half_write,owner_closed_conjugate,CLOSED_CONJUGATE_WRITE,ANTIMATTER_STABLE_CONJUGATE,5.00,negative_credit,depth=0,V4_1_SINGLE_WRITE|depth=0|q_abs=4,-1.666666666666666666666666666666666666666666666666666666666666666666666666666666666666666666666666666,6.666666666666666666666666666666666666666666666666666666666666666666666666666666666666666666666666666,6.851851851851851851851851851851851851851851851851851851851851851851851851851851851851851851851851853,0.8564814814814814814814814814814814814814814814814814814814814814814814814814814814814814814814814816,5.995370370370370370370370370370370370370370370370370370370370370370370370370370370370370370370370371,yes,,ANTIMATTER_ROW_ALLOWED_AFTER_SURFACE_GATE,particle_candidate,,yes,ANTIMATTER_ROW_ALLOWED_AFTER_SURFACE_GATE,QP093A,particle,NATIVE_PARTICLE_IDENTITY_ASSIGNED_NO_KNOWN_LABEL,QP093A-0079|antimatter_conjugate_rows|V4_1_SINGLE_WRITE|conjugate_single_write|p=4|d=0|q=negative:4,,,,native_identity_no_external_label,no,CR119_DOWNSTREAM_ONLY_REVEAL
QP093A-0080,antimatter_conjugate_rows,"anti(minus_single_write[p=4,g=0])",V4_1_SINGLE_WRITE,conjugate_single_write,4,0,positive,4,conjugate_axis,fermion_half_write,owner_closed_conjugate,CLOSED_CONJUGATE_WRITE,ANTIMATTER_STABLE_CONJUGATE,6.0,positive_debit,depth=0,V4_1_SINGLE_WRITE|depth=0|q_abs=4,2.000000000000000000000000000000000000000000000000000000000000000000000000000000000000000000000000000,4.000000000000000000000000000000000000000000000000000000000000000000000000000000000000000000000000000,4.111111111111111111111111111111111111111111111111111111111111111111111111111111111111111111111111112,0.513888888888888888888888888888888888888888888888888888888888888888888888888888888888888888888888889,3.597222222222222222222222222222222222222222222222222222222222222222222222222222222222222222222222222,yes,,ANTIMATTER_ROW_ALLOWED_AFTER_SURFACE_GATE,particle_candidate,,yes,ANTIMATTER_ROW_ALLOWED_AFTER_SURFACE_GATE,QP093A,particle,NATIVE_PARTICLE_IDENTITY_ASSIGNED_NO_KNOWN_LABEL,QP093A-0080|antimatter_conjugate_rows|V4_1_SINGLE_WRITE|conjugate_single_write|p=4|d=0|q=positive:4,,,,native_identity_no_external_label,no,CR119_DOWNSTREAM_ONLY_REVEAL
QP093A-0081,antimatter_conjugate_rows,"anti(plus_single_write[p=6,g=0])",V4_1_SINGLE_WRITE,conjugate_single_write,6,0,negative,6,conjugate_axis,fermion_half_write,owner_closed_conjugate,CLOSED_CONJUGATE_WRITE,ANTIMATTER_STABLE_CONJUGATE,7.50,negative_credit,depth=0,V4_1_SINGLE_WRITE|depth=0|q_abs=6,-3.750,11.250,11.71875000000000000000000000000000000000000000000000000000000000000000000000000000000000000000000000,1.46484375000000000000000000000000000000000000000000000000000000000000000000000000000000000000000000,10.25390625000000000000000000000000000000000000000000000000000000000000000000000000000000000000000000,yes,,ANTIMATTER_ROW_ALLOWED_AFTER_SURFACE_GATE,particle_candidate,,yes,ANTIMATTER_ROW_ALLOWED_AFTER_SURFACE_GATE,QP093A,particle,NATIVE_PARTICLE_IDENTITY_ASSIGNED_NO_KNOWN_LABEL,QP093A-0081|antimatter_conjugate_rows|V4_1_SINGLE_WRITE|conjugate_single_write|p=6|d=0|q=negative:6,,,,native_identity_no_external_label,no,CR119_DOWNSTREAM_ONLY_REVEAL
QP093A-0082,antimatter_conjugate_rows,"anti(minus_single_write[p=6,g=0])",V4_1_SINGLE_WRITE,conjugate_single_write,6,0,positive,6,conjugate_axis,fermion_half_write,owner_closed_conjugate,CLOSED_CONJUGATE_WRITE,ANTIMATTER_STABLE_CONJUGATE,9.0,positive_debit,depth=0,V4_1_SINGLE_WRITE|depth=0|q_abs=6,4.50,4.50,4.687500000000000000000000000000000000000000000000000000000000000000000000000000000000000000000000002,0.5859375000000000000000000000000000000000000000000000000000000000000000000000000000000000000000000002,4.101562500000000000000000000000000000000000000000000000000000000000000000000000000000000000000000001,yes,,ANTIMATTER_ROW_ALLOWED_AFTER_SURFACE_GATE,particle_candidate,,yes,ANTIMATTER_ROW_ALLOWED_AFTER_SURFACE_GATE,QP093A,particle,NATIVE_PARTICLE_IDENTITY_ASSIGNED_NO_KNOWN_LABEL,QP093A-0082|antimatter_conjugate_rows|V4_1_SINGLE_WRITE|conjugate_single_write|p=6|d=0|q=positive:6,,,,native_identity_no_external_label,no,CR119_DOWNSTREAM_ONLY_REVEAL
QP093A-0083,antimatter_conjugate_rows,"anti(plus_single_write[p=8,g=0])",V4_1_SINGLE_WRITE,conjugate_single_write,8,0,negative,8,conjugate_axis,fermion_half_write,owner_closed_conjugate,CLOSED_CONJUGATE_WRITE,ANTIMATTER_STABLE_CONJUGATE,10.00,negative_credit,depth=0,V4_1_SINGLE_WRITE|depth=0|q_abs=8,-6.666666666666666666666666666666666666666666666666666666666666666666666666666666666666666666666666667,16.66666666666666666666666666666666666666666666666666666666666666666666666666666666666666666666666667,17.59259259259259259259259259259259259259259259259259259259259259259259259259259259259259259259259260,2.199074074074074074074074074074074074074074074074074074074074074074074074074074074074074074074074075,15.39351851851851851851851851851851851851851851851851851851851851851851851851851851851851851851851852,yes,,ANTIMATTER_ROW_ALLOWED_AFTER_SURFACE_GATE,particle_candidate,,yes,ANTIMATTER_ROW_ALLOWED_AFTER_SURFACE_GATE,QP093A,particle,NATIVE_PARTICLE_IDENTITY_ASSIGNED_NO_KNOWN_LABEL,QP093A-0083|antimatter_conjugate_rows|V4_1_SINGLE_WRITE|conjugate_single_write|p=8|d=0|q=negative:8,,,,native_identity_no_external_label,no,CR119_DOWNSTREAM_ONLY_REVEAL
QP093A-0084,antimatter_conjugate_rows,"anti(minus_single_write[p=8,g=0])",V4_1_SINGLE_WRITE,conjugate_single_write,8,0,positive,8,conjugate_axis,fermion_half_write,owner_closed_conjugate,CLOSED_CONJUGATE_WRITE,ANTIMATTER_STABLE_CONJUGATE,12.0,positive_debit,depth=0,V4_1_SINGLE_WRITE|depth=0|q_abs=8,8.000000000000000000000000000000000000000000000000000000000000000000000000000000000000000000000000000,4.000000000000000000000000000000000000000000000000000000000000000000000000000000000000000000000000000,4.222222222222222222222222222222222222222222222222222222222222222222222222222222222222222222222222224,0.527777777777777777777777777777777777777777777777777777777777777777777777777777777777777777777777778,3.694444444444444444444444444444444444444444444444444444444444444444444444444444444444444444444444446,yes,,ANTIMATTER_ROW_ALLOWED_AFTER_SURFACE_GATE,particle_candidate,,yes,ANTIMATTER_ROW_ALLOWED_AFTER_SURFACE_GATE,QP093A,particle,NATIVE_PARTICLE_IDENTITY_ASSIGNED_NO_KNOWN_LABEL,QP093A-0084|antimatter_conjugate_rows|V4_1_SINGLE_WRITE|conjugate_single_write|p=8|d=0|q=positive:8,,,,native_identity_no_external_label,no,CR119_DOWNSTREAM_ONLY_REVEAL
QP093A-0085,antimatter_conjugate_rows,"anti(plus_single_write[p=9,g=0])",V4_1_SINGLE_WRITE,conjugate_single_write,9,0,negative,9,conjugate_axis,fermion_half_write,owner_closed_conjugate,CLOSED_CONJUGATE_WRITE,ANTIMATTER_STABLE_CONJUGATE,11.25,negative_credit,depth=0,V4_1_SINGLE_WRITE|depth=0|q_abs=9,-8.4375,19.6875,20.91796875,2.61474609375,18.30322265625,yes,,ANTIMATTER_ROW_ALLOWED_AFTER_SURFACE_GATE,particle_candidate,,yes,ANTIMATTER_ROW_ALLOWED_AFTER_SURFACE_GATE,QP093A,particle,NATIVE_PARTICLE_IDENTITY_ASSIGNED_NO_KNOWN_LABEL,QP093A-0085|antimatter_conjugate_rows|V4_1_SINGLE_WRITE|conjugate_single_write|p=9|d=0|q=negative:9,,,,native_identity_no_external_label,no,CR119_DOWNSTREAM_ONLY_REVEAL
QP093A-0086,antimatter_conjugate_rows,"anti(minus_single_write[p=9,g=0])",V4_1_SINGLE_WRITE,conjugate_single_write,9,0,positive,9,conjugate_axis,fermion_half_write,owner_closed_conjugate,CLOSED_CONJUGATE_WRITE,ANTIMATTER_STABLE_CONJUGATE,13.5,positive_debit,depth=0,V4_1_SINGLE_WRITE|depth=0|q_abs=9,10.125,3.375,3.5859375,0.4482421875,3.1376953125,yes,,ANTIMATTER_ROW_ALLOWED_AFTER_SURFACE_GATE,particle_candidate,,yes,ANTIMATTER_ROW_ALLOWED_AFTER_SURFACE_GATE,QP093A,particle,NATIVE_PARTICLE_IDENTITY_ASSIGNED_NO_KNOWN_LABEL,QP093A-0086|antimatter_conjugate_rows|V4_1_SINGLE_WRITE|conjugate_single_write|p=9|d=0|q=positive:9,,,,native_identity_no_external_label,no,CR119_DOWNSTREAM_ONLY_REVEAL
QP093A-0087,antimatter_conjugate_rows,"anti(plus_single_write[p=12,g=0])",V4_1_SINGLE_WRITE,conjugate_single_write,12,0,negative,12,conjugate_axis,fermion_half_write,owner_closed_conjugate,CLOSED_CONJUGATE_WRITE,ANTIMATTER_STABLE_CONJUGATE,15.00,negative_credit,depth=0,V4_1_SINGLE_WRITE|depth=0|q_abs=12,-15.00,30.00,32.49999999999999999999999999999999999999999999999999999999999999999999999999999999999999999999999999,4.062499999999999999999999999999999999999999999999999999999999999999999999999999999999999999999999999,28.43749999999999999999999999999999999999999999999999999999999999999999999999999999999999999999999999,yes,,ANTIMATTER_ROW_ALLOWED_AFTER_SURFACE_GATE,particle_candidate,,yes,ANTIMATTER_ROW_ALLOWED_AFTER_SURFACE_GATE,QP093A,particle,NATIVE_PARTICLE_IDENTITY_ASSIGNED_NO_KNOWN_LABEL,QP093A-0087|antimatter_conjugate_rows|V4_1_SINGLE_WRITE|conjugate_single_write|p=12|d=0|q=negative:12,,,,native_identity_no_external_label,no,CR119_DOWNSTREAM_ONLY_REVEAL
QP093A-0088,antimatter_conjugate_rows,"anti(minus_single_write[p=12,g=0])",V4_1_SINGLE_WRITE,conjugate_single_write,12,0,positive,12,conjugate_axis,fermion_half_write,owner_closed_conjugate,CLOSED_CONJUGATE_WRITE,ANTIMATTER_STABLE_CONJUGATE,18.0,positive_debit,depth=0,V4_1_SINGLE_WRITE|depth=0|q_abs=12,18.0,0.0,0.0000000000000000000000000000000000000000000000000000000000000000000000000000000000000000000000000000,0.0000000000000000000000000000000000000000000000000000000000000000000000000000000000000000000000000000,0.0000000000000000000000000000000000000000000000000000000000000000000000000000000000000000000000000000,yes,,ANTIMATTER_ROW_ALLOWED_AFTER_SURFACE_GATE,particle_candidate,NULL_CONJUGATE_CLOSURE,no,REJECT_MATTER_PROMOTION_NULL_REVEAL,QP093B_NULL_CONJUGATE_BOUNDARY,particle,NULL_CONJUGATE_REVEALED_ZERO_QA_NO_MATTER_PROMOTION,QP093A-0088|antimatter_conjugate_rows|V4_1_SINGLE_WRITE|conjugate_single_write|p=12|d=0|q=positive:12,,,,boundary_guard,no,CR119_DOWNSTREAM_ONLY_REVEAL
QP093A-0089,antimatter_conjugate_rows,"anti(plus_single_write[p=1,g=1])",V4_1_SINGLE_WRITE,conjugate_single_write,1,1,negative,1,conjugate_axis,fermion_half_write,owner_closed_conjugate,CLOSED_CONJUGATE_WRITE,ANTIMATTER_STABLE_CONJUGATE,15.00,negative_credit,depth=1,V4_1_SINGLE_WRITE|depth=1|q_abs=1,-0.1041666666666666666666666666666666666666666666666666666666666666666666666666666666666666666666666667,15.10416666666666666666666666666666666666666666666666666666666666666666666666666666666666666666666667,15.20905671296296296296296296296296296296296296296296296296296296296296296296296296296296296296296296,1.90113208912037037037037037037037037037037037037037037037037037037037037037037037037037037037037037,13.30792462384259259259259259259259259259259259259259259259259259259259259259259259259259259259259259,yes,,ANTIMATTER_ROW_ALLOWED_AFTER_SURFACE_GATE,particle_candidate,,yes,ANTIMATTER_ROW_ALLOWED_AFTER_SURFACE_GATE,QP093A,particle,NATIVE_PARTICLE_IDENTITY_ASSIGNED_NO_KNOWN_LABEL,QP093A-0089|antimatter_conjugate_rows|V4_1_SINGLE_WRITE|conjugate_single_write|p=1|d=1|q=negative:1,,,,native_identity_no_external_label,no,CR119_DOWNSTREAM_ONLY_REVEAL
QP093A-0090,antimatter_conjugate_rows,"anti(minus_single_write[p=1,g=1])",V4_1_SINGLE_WRITE,conjugate_single_write,1,1,positive,1,conjugate_axis,fermion_half_write,owner_closed_conjugate,CLOSED_CONJUGATE_WRITE,ANTIMATTER_STABLE_CONJUGATE,18.0,positive_debit,depth=1,V4_1_SINGLE_WRITE|depth=1|q_abs=1,0.1250000000000000000000000000000000000000000000000000000000000000000000000000000000000000000000000000,17.87500000000000000000000000000000000000000000000000000000000000000000000000000000000000000000000000,17.99913194444444444444444444444444444444444444444444444444444444444444444444444444444444444444444444,2.249891493055555555555555555555555555555555555555555555555555555555555555555555555555555555555555555,15.74924045138888888888888888888888888888888888888888888888888888888888888888888888888888888888888889,yes,,ANTIMATTER_ROW_ALLOWED_AFTER_SURFACE_GATE,particle_candidate,,yes,ANTIMATTER_ROW_ALLOWED_AFTER_SURFACE_GATE,QP093A,particle,NATIVE_PARTICLE_IDENTITY_ASSIGNED_NO_KNOWN_LABEL,QP093A-0090|antimatter_conjugate_rows|V4_1_SINGLE_WRITE|conjugate_single_write|p=1|d=1|q=positive:1,,,,native_identity_no_external_label,no,CR119_DOWNSTREAM_ONLY_REVEAL
QP093A-0091,antimatter_conjugate_rows,"anti(plus_single_write[p=2,g=1])",V4_1_SINGLE_WRITE,conjugate_single_write,2,1,negative,2,conjugate_axis,fermion_half_write,owner_closed_conjugate,CLOSED_CONJUGATE_WRITE,ANTIMATTER_STABLE_CONJUGATE,30.00,negative_credit,depth=1,V4_1_SINGLE_WRITE|depth=1|q_abs=2,-0.4166666666666666666666666666666666666666666666666666666666666666666666666666666666666666666666666668,30.41666666666666666666666666666666666666666666666666666666666666666666666666666666666666666666666667,30.83912037037037037037037037037037037037037037037037037037037037037037037037037037037037037037037038,3.854890046296296296296296296296296296296296296296296296296296296296296296296296296296296296296296298,26.98423032407407407407407407407407407407407407407407407407407407407407407407407407407407407407407409,yes,,ANTIMATTER_ROW_ALLOWED_AFTER_SURFACE_GATE,particle_candidate,,yes,ANTIMATTER_ROW_ALLOWED_AFTER_SURFACE_GATE,QP093A,particle,NATIVE_PARTICLE_IDENTITY_ASSIGNED_NO_KNOWN_LABEL,QP093A-0091|antimatter_conjugate_rows|V4_1_SINGLE_WRITE|conjugate_single_write|p=2|d=1|q=negative:2,,,,native_identity_no_external_label,no,CR119_DOWNSTREAM_ONLY_REVEAL
QP093A-0092,antimatter_conjugate_rows,"anti(minus_single_write[p=2,g=1])",V4_1_SINGLE_WRITE,conjugate_single_write,2,1,positive,2,conjugate_axis,fermion_half_write,owner_closed_conjugate,CLOSED_CONJUGATE_WRITE,ANTIMATTER_STABLE_CONJUGATE,36.0,positive_debit,depth=1,V4_1_SINGLE_WRITE|depth=1|q_abs=2,0.5000000000000000000000000000000000000000000000000000000000000000000000000000000000000000000000000001,35.50000000000000000000000000000000000000000000000000000000000000000000000000000000000000000000000000,35.99305555555555555555555555555555555555555555555555555555555555555555555555555555555555555555555556,4.499131944444444444444444444444444444444444444444444444444444444444444444444444444444444444444444445,31.49392361111111111111111111111111111111111111111111111111111111111111111111111111111111111111111111,yes,,ANTIMATTER_ROW_ALLOWED_AFTER_SURFACE_GATE,particle_candidate,,yes,ANTIMATTER_ROW_ALLOWED_AFTER_SURFACE_GATE,QP093A,particle,NATIVE_PARTICLE_IDENTITY_ASSIGNED_NO_KNOWN_LABEL,QP093A-0092|antimatter_conjugate_rows|V4_1_SINGLE_WRITE|conjugate_single_write|p=2|d=1|q=positive:2,,,,native_identity_no_external_label,no,CR119_DOWNSTREAM_ONLY_REVEAL
QP093A-0093,antimatter_conjugate_rows,"anti(plus_single_write[p=3,g=1])",V4_1_SINGLE_WRITE,conjugate_single_write,3,1,negative,3,conjugate_axis,fermion_half_write,owner_closed_conjugate,CLOSED_CONJUGATE_WRITE,ANTIMATTER_STABLE_CONJUGATE,45.00,negative_credit,depth=1,V4_1_SINGLE_WRITE|depth=1|q_abs=3,-0.9375,45.9375,46.89453124999999999999999999999999999999999999999999999999999999999999999999999999999999999999999998,5.861816406249999999999999999999999999999999999999999999999999999999999999999999999999999999999999998,41.03271484374999999999999999999999999999999999999999999999999999999999999999999999999999999999999999,yes,,ANTIMATTER_ROW_ALLOWED_AFTER_SURFACE_GATE,particle_candidate,,yes,ANTIMATTER_ROW_ALLOWED_AFTER_SURFACE_GATE,QP093A,particle,NATIVE_PARTICLE_IDENTITY_ASSIGNED_NO_KNOWN_LABEL,QP093A-0093|antimatter_conjugate_rows|V4_1_SINGLE_WRITE|conjugate_single_write|p=3|d=1|q=negative:3,,,,native_identity_no_external_label,no,CR119_DOWNSTREAM_ONLY_REVEAL
QP093A-0094,antimatter_conjugate_rows,"anti(minus_single_write[p=3,g=1])",V4_1_SINGLE_WRITE,conjugate_single_write,3,1,positive,3,conjugate_axis,fermion_half_write,owner_closed_conjugate,CLOSED_CONJUGATE_WRITE,ANTIMATTER_STABLE_CONJUGATE,54.0,positive_debit,depth=1,V4_1_SINGLE_WRITE|depth=1|q_abs=3,1.125,52.875,53.97656249999999999999999999999999999999999999999999999999999999999999999999999999999999999999999998,6.747070312499999999999999999999999999999999999999999999999999999999999999999999999999999999999999998,47.22949218749999999999999999999999999999999999999999999999999999999999999999999999999999999999999999,yes,,ANTIMATTER_ROW_ALLOWED_AFTER_SURFACE_GATE,particle_candidate,,yes,ANTIMATTER_ROW_ALLOWED_AFTER_SURFACE_GATE,QP093A,particle,NATIVE_PARTICLE_IDENTITY_ASSIGNED_NO_KNOWN_LABEL,QP093A-0094|antimatter_conjugate_rows|V4_1_SINGLE_WRITE|conjugate_single_write|p=3|d=1|q=positive:3,,,,native_identity_no_external_label,no,CR119_DOWNSTREAM_ONLY_REVEAL
QP093A-0095,antimatter_conjugate_rows,"anti(plus_single_write[p=4,g=1])",V4_1_SINGLE_WRITE,conjugate_single_write,4,1,negative,4,conjugate_axis,fermion_half_write,owner_closed_conjugate,CLOSED_CONJUGATE_WRITE,ANTIMATTER_STABLE_CONJUGATE,60.00,negative_credit,depth=1,V4_1_SINGLE_WRITE|depth=1|q_abs=4,-1.666666666666666666666666666666666666666666666666666666666666666666666666666666666666666666666666666,61.66666666666666666666666666666666666666666666666666666666666666666666666666666666666666666666666667,63.37962962962962962962962962962962962962962962962962962962962962962962962962962962962962962962962965,7.922453703703703703703703703703703703703703703703703703703703703703703703703703703703703703703703706,55.45717592592592592592592592592592592592592592592592592592592592592592592592592592592592592592592595,yes,,ANTIMATTER_ROW_ALLOWED_AFTER_SURFACE_GATE,particle_candidate,,yes,ANTIMATTER_ROW_ALLOWED_AFTER_SURFACE_GATE,QP093A,particle,NATIVE_PARTICLE_IDENTITY_ASSIGNED_NO_KNOWN_LABEL,QP093A-0095|antimatter_conjugate_rows|V4_1_SINGLE_WRITE|conjugate_single_write|p=4|d=1|q=negative:4,,,,native_identity_no_external_label,no,CR119_DOWNSTREAM_ONLY_REVEAL
QP093A-0096,antimatter_conjugate_rows,"anti(minus_single_write[p=4,g=1])",V4_1_SINGLE_WRITE,conjugate_single_write,4,1,positive,4,conjugate_axis,fermion_half_write,owner_closed_conjugate,CLOSED_CONJUGATE_WRITE,ANTIMATTER_STABLE_CONJUGATE,72.0,positive_debit,depth=1,V4_1_SINGLE_WRITE|depth=1|q_abs=4,2.000000000000000000000000000000000000000000000000000000000000000000000000000000000000000000000000000,70.00000000000000000000000000000000000000000000000000000000000000000000000000000000000000000000000000,71.94444444444444444444444444444444444444444444444444444444444444444444444444444444444444444444444446,8.993055555555555555555555555555555555555555555555555555555555555555555555555555555555555555555555558,62.9513888888888888888888888888888888888888888888888888888888888888888888888888888888888888888888889,yes,,ANTIMATTER_ROW_ALLOWED_AFTER_SURFACE_GATE,particle_candidate,,yes,ANTIMATTER_ROW_ALLOWED_AFTER_SURFACE_GATE,QP093A,particle,NATIVE_PARTICLE_IDENTITY_ASSIGNED_NO_KNOWN_LABEL,QP093A-0096|antimatter_conjugate_rows|V4_1_SINGLE_WRITE|conjugate_single_write|p=4|d=1|q=positive:4,,,,native_identity_no_external_label,no,CR119_DOWNSTREAM_ONLY_REVEAL
QP093A-0097,antimatter_conjugate_rows,"anti(plus_single_write[p=6,g=1])",V4_1_SINGLE_WRITE,conjugate_single_write,6,1,negative,6,conjugate_axis,fermion_half_write,owner_closed_conjugate,CLOSED_CONJUGATE_WRITE,ANTIMATTER_STABLE_CONJUGATE,90.00,negative_credit,depth=1,V4_1_SINGLE_WRITE|depth=1|q_abs=6,-3.750,93.750,97.65625000000000000000000000000000000000000000000000000000000000000000000000000000000000000000000003,12.20703125000000000000000000000000000000000000000000000000000000000000000000000000000000000000000000,85.44921875000000000000000000000000000000000000000000000000000000000000000000000000000000000000000002,yes,,ANTIMATTER_ROW_ALLOWED_AFTER_SURFACE_GATE,particle_candidate,,yes,ANTIMATTER_ROW_ALLOWED_AFTER_SURFACE_GATE,QP093A,particle,NATIVE_PARTICLE_IDENTITY_ASSIGNED_NO_KNOWN_LABEL,QP093A-0097|antimatter_conjugate_rows|V4_1_SINGLE_WRITE|conjugate_single_write|p=6|d=1|q=negative:6,,,,native_identity_no_external_label,no,CR119_DOWNSTREAM_ONLY_REVEAL
QP093A-0098,antimatter_conjugate_rows,"anti(minus_single_write[p=6,g=1])",V4_1_SINGLE_WRITE,conjugate_single_write,6,1,positive,6,conjugate_axis,fermion_half_write,owner_closed_conjugate,CLOSED_CONJUGATE_WRITE,ANTIMATTER_STABLE_CONJUGATE,108.0,positive_debit,depth=1,V4_1_SINGLE_WRITE|depth=1|q_abs=6,4.50,103.50,107.8125000000000000000000000000000000000000000000000000000000000000000000000000000000000000000000000,13.4765625000000000000000000000000000000000000000000000000000000000000000000000000000000000000000000,94.3359375000000000000000000000000000000000000000000000000000000000000000000000000000000000000000000,yes,,ANTIMATTER_ROW_ALLOWED_AFTER_SURFACE_GATE,particle_candidate,,yes,ANTIMATTER_ROW_ALLOWED_AFTER_SURFACE_GATE,QP093A,particle,NATIVE_PARTICLE_IDENTITY_ASSIGNED_NO_KNOWN_LABEL,QP093A-0098|antimatter_conjugate_rows|V4_1_SINGLE_WRITE|conjugate_single_write|p=6|d=1|q=positive:6,,,,native_identity_no_external_label,no,CR119_DOWNSTREAM_ONLY_REVEAL
QP093A-0099,antimatter_conjugate_rows,"anti(plus_single_write[p=8,g=1])",V4_1_SINGLE_WRITE,conjugate_single_write,8,1,negative,8,conjugate_axis,fermion_half_write,owner_closed_conjugate,CLOSED_CONJUGATE_WRITE,ANTIMATTER_STABLE_CONJUGATE,120.00,negative_credit,depth=1,V4_1_SINGLE_WRITE|depth=1|q_abs=8,-6.666666666666666666666666666666666666666666666666666666666666666666666666666666666666666666666666667,126.6666666666666666666666666666666666666666666666666666666666666666666666666666666666666666666666667,133.7037037037037037037037037037037037037037037037037037037037037037037037037037037037037037037037038,16.71296296296296296296296296296296296296296296296296296296296296296296296296296296296296296296296298,116.9907407407407407407407407407407407407407407407407407407407407407407407407407407407407407407407408,yes,,ANTIMATTER_ROW_ALLOWED_AFTER_SURFACE_GATE,particle_candidate,,yes,ANTIMATTER_ROW_ALLOWED_AFTER_SURFACE_GATE,QP093A,particle,NATIVE_PARTICLE_IDENTITY_ASSIGNED_NO_KNOWN_LABEL,QP093A-0099|antimatter_conjugate_rows|V4_1_SINGLE_WRITE|conjugate_single_write|p=8|d=1|q=negative:8,,,,native_identity_no_external_label,no,CR119_DOWNSTREAM_ONLY_REVEAL
QP093A-0100,antimatter_conjugate_rows,"anti(minus_single_write[p=8,g=1])",V4_1_SINGLE_WRITE,conjugate_single_write,8,1,positive,8,conjugate_axis,fermion_half_write,owner_closed_conjugate,CLOSED_CONJUGATE_WRITE,ANTIMATTER_STABLE_CONJUGATE,144.0,positive_debit,depth=1,V4_1_SINGLE_WRITE|depth=1|q_abs=8,8.000000000000000000000000000000000000000000000000000000000000000000000000000000000000000000000000000,136.0000000000000000000000000000000000000000000000000000000000000000000000000000000000000000000000000,143.5555555555555555555555555555555555555555555555555555555555555555555555555555555555555555555555556,17.94444444444444444444444444444444444444444444444444444444444444444444444444444444444444444444444445,125.6111111111111111111111111111111111111111111111111111111111111111111111111111111111111111111111111,yes,,ANTIMATTER_ROW_ALLOWED_AFTER_SURFACE_GATE,particle_candidate,,yes,ANTIMATTER_ROW_ALLOWED_AFTER_SURFACE_GATE,QP093A,particle,NATIVE_PARTICLE_IDENTITY_ASSIGNED_NO_KNOWN_LABEL,QP093A-0100|antimatter_conjugate_rows|V4_1_SINGLE_WRITE|conjugate_single_write|p=8|d=1|q=positive:8,,,,native_identity_no_external_label,no,CR119_DOWNSTREAM_ONLY_REVEAL
QP093A-0101,antimatter_conjugate_rows,"anti(plus_single_write[p=9,g=1])",V4_1_SINGLE_WRITE,conjugate_single_write,9,1,negative,9,conjugate_axis,fermion_half_write,owner_closed_conjugate,CLOSED_CONJUGATE_WRITE,ANTIMATTER_STABLE_CONJUGATE,135.00,negative_credit,depth=1,V4_1_SINGLE_WRITE|depth=1|q_abs=9,-8.4375,143.4375,152.40234375,19.05029296875,133.35205078125,yes,,ANTIMATTER_ROW_ALLOWED_AFTER_SURFACE_GATE,particle_candidate,,yes,ANTIMATTER_ROW_ALLOWED_AFTER_SURFACE_GATE,QP093A,particle,NATIVE_PARTICLE_IDENTITY_ASSIGNED_NO_KNOWN_LABEL,QP093A-0101|antimatter_conjugate_rows|V4_1_SINGLE_WRITE|conjugate_single_write|p=9|d=1|q=negative:9,,,,native_identity_no_external_label,no,CR119_DOWNSTREAM_ONLY_REVEAL
QP093A-0102,antimatter_conjugate_rows,"anti(minus_single_write[p=9,g=1])",V4_1_SINGLE_WRITE,conjugate_single_write,9,1,positive,9,conjugate_axis,fermion_half_write,owner_closed_conjugate,CLOSED_CONJUGATE_WRITE,ANTIMATTER_STABLE_CONJUGATE,162.0,positive_debit,depth=1,V4_1_SINGLE_WRITE|depth=1|q_abs=9,10.125,151.875,161.3671875,20.1708984375,141.1962890625,yes,,ANTIMATTER_ROW_ALLOWED_AFTER_SURFACE_GATE,particle_candidate,,yes,ANTIMATTER_ROW_ALLOWED_AFTER_SURFACE_GATE,QP093A,particle,NATIVE_PARTICLE_IDENTITY_ASSIGNED_NO_KNOWN_LABEL,QP093A-0102|antimatter_conjugate_rows|V4_1_SINGLE_WRITE|conjugate_single_write|p=9|d=1|q=positive:9,,,,native_identity_no_external_label,no,CR119_DOWNSTREAM_ONLY_REVEAL
QP093A-0103,antimatter_conjugate_rows,"anti(plus_single_write[p=12,g=1])",V4_1_SINGLE_WRITE,conjugate_single_write,12,1,negative,12,conjugate_axis,fermion_half_write,owner_closed_conjugate,CLOSED_CONJUGATE_WRITE,ANTIMATTER_STABLE_CONJUGATE,180.00,negative_credit,depth=1,V4_1_SINGLE_WRITE|depth=1|q_abs=12,-15.00,195.00,211.2499999999999999999999999999999999999999999999999999999999999999999999999999999999999999999999999,26.40624999999999999999999999999999999999999999999999999999999999999999999999999999999999999999999999,184.8437499999999999999999999999999999999999999999999999999999999999999999999999999999999999999999999,yes,,ANTIMATTER_ROW_ALLOWED_AFTER_SURFACE_GATE,particle_candidate,,yes,ANTIMATTER_ROW_ALLOWED_AFTER_SURFACE_GATE,QP093A,particle,NATIVE_PARTICLE_IDENTITY_ASSIGNED_NO_KNOWN_LABEL,QP093A-0103|antimatter_conjugate_rows|V4_1_SINGLE_WRITE|conjugate_single_write|p=12|d=1|q=negative:12,,,,native_identity_no_external_label,no,CR119_DOWNSTREAM_ONLY_REVEAL
QP093A-0104,antimatter_conjugate_rows,"anti(minus_single_write[p=12,g=1])",V4_1_SINGLE_WRITE,conjugate_single_write,12,1,positive,12,conjugate_axis,fermion_half_write,owner_closed_conjugate,CLOSED_CONJUGATE_WRITE,ANTIMATTER_STABLE_CONJUGATE,216.0,positive_debit,depth=1,V4_1_SINGLE_WRITE|depth=1|q_abs=12,18.0,198.0,214.4999999999999999999999999999999999999999999999999999999999999999999999999999999999999999999999999,26.81249999999999999999999999999999999999999999999999999999999999999999999999999999999999999999999999,187.6874999999999999999999999999999999999999999999999999999999999999999999999999999999999999999999999,yes,,ANTIMATTER_ROW_ALLOWED_AFTER_SURFACE_GATE,particle_candidate,,yes,ANTIMATTER_ROW_ALLOWED_AFTER_SURFACE_GATE,QP093A,particle,NATIVE_PARTICLE_IDENTITY_ASSIGNED_NO_KNOWN_LABEL,QP093A-0104|antimatter_conjugate_rows|V4_1_SINGLE_WRITE|conjugate_single_write|p=12|d=1|q=positive:12,,,,native_identity_no_external_label,no,CR119_DOWNSTREAM_ONLY_REVEAL
QP093A-0105,antimatter_conjugate_rows,"anti(plus_single_write[p=1,g=2])",V4_1_SINGLE_WRITE,conjugate_single_write,1,2,negative,1,conjugate_axis,fermion_half_write,owner_closed_conjugate,CLOSED_CONJUGATE_WRITE,ANTIMATTER_STABLE_CONJUGATE,180.00,negative_credit,depth=2,V4_1_SINGLE_WRITE|depth=2|q_abs=1,-0.1041666666666666666666666666666666666666666666666666666666666666666666666666666666666666666666666667,180.1041666666666666666666666666666666666666666666666666666666666666666666666666666666666666666666667,181.3548900462962962962962962962962962962962962962962962962962962962962962962962962962962962962962962,22.66936125578703703703703703703703703703703703703703703703703703703703703703703703703703703703703702,158.6855287905092592592592592592592592592592592592592592592592592592592592592592592592592592592592591,yes,,ANTIMATTER_ROW_ALLOWED_AFTER_SURFACE_GATE,particle_candidate,,yes,ANTIMATTER_ROW_ALLOWED_AFTER_SURFACE_GATE,QP093A,particle,NATIVE_PARTICLE_IDENTITY_ASSIGNED_NO_KNOWN_LABEL,QP093A-0105|antimatter_conjugate_rows|V4_1_SINGLE_WRITE|conjugate_single_write|p=1|d=2|q=negative:1,,,,native_identity_no_external_label,no,CR119_DOWNSTREAM_ONLY_REVEAL
QP093A-0106,antimatter_conjugate_rows,"anti(minus_single_write[p=1,g=2])",V4_1_SINGLE_WRITE,conjugate_single_write,1,2,positive,1,conjugate_axis,fermion_half_write,owner_closed_conjugate,CLOSED_CONJUGATE_WRITE,ANTIMATTER_STABLE_CONJUGATE,216.0,positive_debit,depth=2,V4_1_SINGLE_WRITE|depth=2|q_abs=1,0.1250000000000000000000000000000000000000000000000000000000000000000000000000000000000000000000000000,215.8750000000000000000000000000000000000000000000000000000000000000000000000000000000000000000000000,217.3741319444444444444444444444444444444444444444444444444444444444444444444444444444444444444444443,27.17176649305555555555555555555555555555555555555555555555555555555555555555555555555555555555555554,190.2023654513888888888888888888888888888888888888888888888888888888888888888888888888888888888888888,yes,,ANTIMATTER_ROW_ALLOWED_AFTER_SURFACE_GATE,particle_candidate,,yes,ANTIMATTER_ROW_ALLOWED_AFTER_SURFACE_GATE,QP093A,particle,NATIVE_PARTICLE_IDENTITY_ASSIGNED_NO_KNOWN_LABEL,QP093A-0106|antimatter_conjugate_rows|V4_1_SINGLE_WRITE|conjugate_single_write|p=1|d=2|q=positive:1,,,,native_identity_no_external_label,no,CR119_DOWNSTREAM_ONLY_REVEAL
QP093A-0107,antimatter_conjugate_rows,"anti(plus_single_write[p=2,g=2])",V4_1_SINGLE_WRITE,conjugate_single_write,2,2,negative,2,conjugate_axis,fermion_half_write,owner_closed_conjugate,CLOSED_CONJUGATE_WRITE,ANTIMATTER_STABLE_CONJUGATE,360.00,negative_credit,depth=2,V4_1_SINGLE_WRITE|depth=2|q_abs=2,-0.4166666666666666666666666666666666666666666666666666666666666666666666666666666666666666666666666668,360.4166666666666666666666666666666666666666666666666666666666666666666666666666666666666666666666667,365.4224537037037037037037037037037037037037037037037037037037037037037037037037037037037037037037038,45.67780671296296296296296296296296296296296296296296296296296296296296296296296296296296296296296298,319.7446469907407407407407407407407407407407407407407407407407407407407407407407407407407407407407409,yes,,ANTIMATTER_ROW_ALLOWED_AFTER_SURFACE_GATE,particle_candidate,,yes,ANTIMATTER_ROW_ALLOWED_AFTER_SURFACE_GATE,QP093A,particle,NATIVE_PARTICLE_IDENTITY_ASSIGNED_NO_KNOWN_LABEL,QP093A-0107|antimatter_conjugate_rows|V4_1_SINGLE_WRITE|conjugate_single_write|p=2|d=2|q=negative:2,,,,native_identity_no_external_label,no,CR119_DOWNSTREAM_ONLY_REVEAL
QP093A-0108,antimatter_conjugate_rows,"anti(minus_single_write[p=2,g=2])",V4_1_SINGLE_WRITE,conjugate_single_write,2,2,positive,2,conjugate_axis,fermion_half_write,owner_closed_conjugate,CLOSED_CONJUGATE_WRITE,ANTIMATTER_STABLE_CONJUGATE,432.0,positive_debit,depth=2,V4_1_SINGLE_WRITE|depth=2|q_abs=2,0.5000000000000000000000000000000000000000000000000000000000000000000000000000000000000000000000000001,431.5000000000000000000000000000000000000000000000000000000000000000000000000000000000000000000000000,437.4930555555555555555555555555555555555555555555555555555555555555555555555555555555555555555555556,54.68663194444444444444444444444444444444444444444444444444444444444444444444444444444444444444444445,382.8064236111111111111111111111111111111111111111111111111111111111111111111111111111111111111111111,yes,,ANTIMATTER_ROW_ALLOWED_AFTER_SURFACE_GATE,particle_candidate,,yes,ANTIMATTER_ROW_ALLOWED_AFTER_SURFACE_GATE,QP093A,particle,NATIVE_PARTICLE_IDENTITY_ASSIGNED_NO_KNOWN_LABEL,QP093A-0108|antimatter_conjugate_rows|V4_1_SINGLE_WRITE|conjugate_single_write|p=2|d=2|q=positive:2,,,,native_identity_no_external_label,no,CR119_DOWNSTREAM_ONLY_REVEAL
QP093A-0109,antimatter_conjugate_rows,"anti(plus_single_write[p=3,g=2])",V4_1_SINGLE_WRITE,conjugate_single_write,3,2,negative,3,conjugate_axis,fermion_half_write,owner_closed_conjugate,CLOSED_CONJUGATE_WRITE,ANTIMATTER_STABLE_CONJUGATE,540.00,negative_credit,depth=2,V4_1_SINGLE_WRITE|depth=2|q_abs=3,-0.9375,540.9375,552.2070312499999999999999999999999999999999999999999999999999999999999999999999999999999999999999998,69.02587890624999999999999999999999999999999999999999999999999999999999999999999999999999999999999998,483.1811523437499999999999999999999999999999999999999999999999999999999999999999999999999999999999999,yes,,ANTIMATTER_ROW_ALLOWED_AFTER_SURFACE_GATE,particle_candidate,,yes,ANTIMATTER_ROW_ALLOWED_AFTER_SURFACE_GATE,QP093A,particle,NATIVE_PARTICLE_IDENTITY_ASSIGNED_NO_KNOWN_LABEL,QP093A-0109|antimatter_conjugate_rows|V4_1_SINGLE_WRITE|conjugate_single_write|p=3|d=2|q=negative:3,,,,native_identity_no_external_label,no,CR119_DOWNSTREAM_ONLY_REVEAL
QP093A-0110,antimatter_conjugate_rows,"anti(minus_single_write[p=3,g=2])",V4_1_SINGLE_WRITE,conjugate_single_write,3,2,positive,3,conjugate_axis,fermion_half_write,owner_closed_conjugate,CLOSED_CONJUGATE_WRITE,ANTIMATTER_STABLE_CONJUGATE,648.0,positive_debit,depth=2,V4_1_SINGLE_WRITE|depth=2|q_abs=3,1.125,646.875,660.3515624999999999999999999999999999999999999999999999999999999999999999999999999999999999999999998,82.54394531249999999999999999999999999999999999999999999999999999999999999999999999999999999999999998,577.8076171874999999999999999999999999999999999999999999999999999999999999999999999999999999999999999,yes,,ANTIMATTER_ROW_ALLOWED_AFTER_SURFACE_GATE,particle_candidate,,yes,ANTIMATTER_ROW_ALLOWED_AFTER_SURFACE_GATE,QP093A,particle,NATIVE_PARTICLE_IDENTITY_ASSIGNED_NO_KNOWN_LABEL,QP093A-0110|antimatter_conjugate_rows|V4_1_SINGLE_WRITE|conjugate_single_write|p=3|d=2|q=positive:3,,,,native_identity_no_external_label,no,CR119_DOWNSTREAM_ONLY_REVEAL
QP093A-0111,antimatter_conjugate_rows,"anti(plus_single_write[p=4,g=2])",V4_1_SINGLE_WRITE,conjugate_single_write,4,2,negative,4,conjugate_axis,fermion_half_write,owner_closed_conjugate,CLOSED_CONJUGATE_WRITE,ANTIMATTER_STABLE_CONJUGATE,720.00,negative_credit,depth=2,V4_1_SINGLE_WRITE|depth=2|q_abs=4,-1.666666666666666666666666666666666666666666666666666666666666666666666666666666666666666666666666666,721.6666666666666666666666666666666666666666666666666666666666666666666666666666666666666666666666667,741.7129629629629629629629629629629629629629629629629629629629629629629629629629629629629629629629632,92.7141203703703703703703703703703703703703703703703703703703703703703703703703703703703703703703704,648.9988425925925925925925925925925925925925925925925925925925925925925925925925925925925925925925928,yes,,ANTIMATTER_ROW_ALLOWED_AFTER_SURFACE_GATE,particle_candidate,,yes,ANTIMATTER_ROW_ALLOWED_AFTER_SURFACE_GATE,QP093A,particle,NATIVE_PARTICLE_IDENTITY_ASSIGNED_NO_KNOWN_LABEL,QP093A-0111|antimatter_conjugate_rows|V4_1_SINGLE_WRITE|conjugate_single_write|p=4|d=2|q=negative:4,,,,native_identity_no_external_label,no,CR119_DOWNSTREAM_ONLY_REVEAL
QP093A-0112,antimatter_conjugate_rows,"anti(minus_single_write[p=4,g=2])",V4_1_SINGLE_WRITE,conjugate_single_write,4,2,positive,4,conjugate_axis,fermion_half_write,owner_closed_conjugate,CLOSED_CONJUGATE_WRITE,ANTIMATTER_STABLE_CONJUGATE,864.0,positive_debit,depth=2,V4_1_SINGLE_WRITE|depth=2|q_abs=4,2.000000000000000000000000000000000000000000000000000000000000000000000000000000000000000000000000000,862.0000000000000000000000000000000000000000000000000000000000000000000000000000000000000000000000000,885.9444444444444444444444444444444444444444444444444444444444444444444444444444444444444444444444446,110.7430555555555555555555555555555555555555555555555555555555555555555555555555555555555555555555556,775.201388888888888888888888888888888888888888888888888888888888888888888888888888888888888888888889,yes,,ANTIMATTER_ROW_ALLOWED_AFTER_SURFACE_GATE,particle_candidate,,yes,ANTIMATTER_ROW_ALLOWED_AFTER_SURFACE_GATE,QP093A,particle,NATIVE_PARTICLE_IDENTITY_ASSIGNED_NO_KNOWN_LABEL,QP093A-0112|antimatter_conjugate_rows|V4_1_SINGLE_WRITE|conjugate_single_write|p=4|d=2|q=positive:4,,,,native_identity_no_external_label,no,CR119_DOWNSTREAM_ONLY_REVEAL
QP093A-0113,antimatter_conjugate_rows,"anti(plus_single_write[p=6,g=2])",V4_1_SINGLE_WRITE,conjugate_single_write,6,2,negative,6,conjugate_axis,fermion_half_write,owner_closed_conjugate,CLOSED_CONJUGATE_WRITE,ANTIMATTER_STABLE_CONJUGATE,1080.00,negative_credit,depth=2,V4_1_SINGLE_WRITE|depth=2|q_abs=6,-3.750,1083.750,1128.906250000000000000000000000000000000000000000000000000000000000000000000000000000000000000000000,141.113281250000000000000000000000000000000000000000000000000000000000000000000000000000000000000000,987.792968750000000000000000000000000000000000000000000000000000000000000000000000000000000000000000,yes,,ANTIMATTER_ROW_ALLOWED_AFTER_SURFACE_GATE,particle_candidate,,yes,ANTIMATTER_ROW_ALLOWED_AFTER_SURFACE_GATE,QP093A,particle,NATIVE_PARTICLE_IDENTITY_ASSIGNED_NO_KNOWN_LABEL,QP093A-0113|antimatter_conjugate_rows|V4_1_SINGLE_WRITE|conjugate_single_write|p=6|d=2|q=negative:6,,,,native_identity_no_external_label,no,CR119_DOWNSTREAM_ONLY_REVEAL
QP093A-0114,antimatter_conjugate_rows,"anti(minus_single_write[p=6,g=2])",V4_1_SINGLE_WRITE,conjugate_single_write,6,2,positive,6,conjugate_axis,fermion_half_write,owner_closed_conjugate,CLOSED_CONJUGATE_WRITE,ANTIMATTER_STABLE_CONJUGATE,1296.0,positive_debit,depth=2,V4_1_SINGLE_WRITE|depth=2|q_abs=6,4.50,1291.50,1345.312500000000000000000000000000000000000000000000000000000000000000000000000000000000000000000000,168.164062500000000000000000000000000000000000000000000000000000000000000000000000000000000000000000,1177.148437500000000000000000000000000000000000000000000000000000000000000000000000000000000000000000,yes,,ANTIMATTER_ROW_ALLOWED_AFTER_SURFACE_GATE,particle_candidate,,yes,ANTIMATTER_ROW_ALLOWED_AFTER_SURFACE_GATE,QP093A,particle,NATIVE_PARTICLE_IDENTITY_ASSIGNED_NO_KNOWN_LABEL,QP093A-0114|antimatter_conjugate_rows|V4_1_SINGLE_WRITE|conjugate_single_write|p=6|d=2|q=positive:6,,,,native_identity_no_external_label,no,CR119_DOWNSTREAM_ONLY_REVEAL
QP093A-0115,bound_composite_rows,color_triad[1+1+1],GROUND_BARYON_3BODY,three_owner_color_closure,1+1+1,0,positive,1,triadic_charge_axis,fermion_baryon_half_write,color_owner_closed,CLOSED_THREE_OWNER_WRITE,BOUND_COLOR_CLOSED_STABLE_CANDIDATE,108,positive_debit,depth=0,GROUND_BARYON_3BODY|depth=0|q_abs=1,36.00000000000000000000000000000000000000000000000000000000000000000000000000000000000000000000000000,72.00000000000000000000000000000000000000000000000000000000000000000000000000000000000000000000000000,72.49999999999999999999999999999999999999999999999999999999999999999999999999999999999999999999999997,9.062499999999999999999999999999999999999999999999999999999999999999999999999999999999999999999999996,63.43749999999999999999999999999999999999999999999999999999999999999999999999999999999999999999999998,yes,,BOUND_MATTER_ROW_ALLOWED,particle_candidate,,yes,BOUND_MATTER_ROW_ALLOWED,QP093A,particle,NATIVE_PARTICLE_IDENTITY_ASSIGNED_NO_KNOWN_LABEL,QP093A-0115|bound_composite_rows|GROUND_BARYON_3BODY|three_owner_color_closure|p=1+1+1|d=0|q=positive:1,,,,native_identity_no_external_label,no,CR119_DOWNSTREAM_ONLY_REVEAL
QP093A-0116,bound_composite_rows,color_triad[1+1+2],OCTET_COMPOSITE,three_owner_color_closure,1+1+2,3,positive,2,triadic_charge_axis,fermion_baryon_half_write,color_owner_closed,CLOSED_THREE_OWNER_WRITE,BOUND_COLOR_CLOSED_HEAVY_CANDIDATE,216,positive_debit,depth=3,OCTET_COMPOSITE|depth=3|q_abs=2,0.02864583333333333333333333333333333333333333333333333333333333333333333333333333333333333333333333334,215.9713541666666666666666666666666666666666666666666666666666666666666666666666666666666666666666667,218.9709563078703703703703703703703703703703703703703703703703703703703703703703703703703703703703704,27.3713695384837962962962962962962962962962962962962962962962962962962962962962962962962962962962963,191.5995867693865740740740740740740740740740740740740740740740740740740740740740740740740740740740741,yes,,BOUND_MATTER_ROW_ALLOWED,particle_candidate,,yes,BOUND_MATTER_ROW_ALLOWED,QP093A,particle,NATIVE_PARTICLE_IDENTITY_ASSIGNED_NO_KNOWN_LABEL,QP093A-0116|bound_composite_rows|OCTET_COMPOSITE|three_owner_color_closure|p=1+1+2|d=3|q=positive:2,,,,native_identity_no_external_label,no,CR119_DOWNSTREAM_ONLY_REVEAL
QP093A-0117,bound_composite_rows,color_triad[1+1+3],OCTET_COMPOSITE,three_owner_color_closure,1+1+3,3,neutral,0,triadic_charge_axis,fermion_baryon_half_write,color_owner_closed,CLOSED_THREE_OWNER_WRITE,BOUND_COLOR_CLOSED_HEAVY_CANDIDATE,396,positive_debit,depth=3,OCTET_COMPOSITE|depth=3|q_abs=0,0.2434895833333333333333333333333333333333333333333333333333333333333333333333333333333333333333333334,395.7565104166666666666666666666666666666666666666666666666666666666666666666666666666666666666666667,395.7565104166666666666666666666666666666666666666666666666666666666666666666666666666666666666666667,49.46956380208333333333333333333333333333333333333333333333333333333333333333333333333333333333333334,346.2869466145833333333333333333333333333333333333333333333333333333333333333333333333333333333333334,yes,,BOUND_MATTER_ROW_ALLOWED,particle_candidate,,yes,BOUND_MATTER_ROW_ALLOWED,QP093A,particle,NATIVE_PARTICLE_IDENTITY_ASSIGNED_NO_KNOWN_LABEL,QP093A-0117|bound_composite_rows|OCTET_COMPOSITE|three_owner_color_closure|p=1+1+3|d=3|q=neutral:0,,,,native_identity_no_external_label,no,CR119_DOWNSTREAM_ONLY_REVEAL
QP093A-0118,bound_composite_rows,color_triad[1+1+4],GROUND_BARYON_3BODY,three_owner_color_closure,1+1+4,0,positive,1,triadic_charge_axis,fermion_baryon_half_write,color_owner_closed,CLOSED_THREE_OWNER_WRITE,BOUND_COLOR_CLOSED_STABLE_CANDIDATE,648,positive_debit,depth=0,GROUND_BARYON_3BODY|depth=0|q_abs=1,216.0000000000000000000000000000000000000000000000000000000000000000000000000000000000000000000000000,432.0000000000000000000000000000000000000000000000000000000000000000000000000000000000000000000000000,434.9999999999999999999999999999999999999999999999999999999999999999999999999999999999999999999999998,54.37499999999999999999999999999999999999999999999999999999999999999999999999999999999999999999999998,380.6249999999999999999999999999999999999999999999999999999999999999999999999999999999999999999999999,yes,,BOUND_MATTER_ROW_ALLOWED,particle_candidate,,yes,BOUND_MATTER_ROW_ALLOWED,QP093A,particle,NATIVE_PARTICLE_IDENTITY_ASSIGNED_NO_KNOWN_LABEL,QP093A-0118|bound_composite_rows|GROUND_BARYON_3BODY|three_owner_color_closure|p=1+1+4|d=0|q=positive:1,,,,native_identity_no_external_label,no,CR119_DOWNSTREAM_ONLY_REVEAL
QP093A-0119,bound_composite_rows,color_triad[1+1+6],OCTET_COMPOSITE,three_owner_color_closure,1+1+6,3,neutral,0,triadic_charge_axis,fermion_baryon_half_write,color_owner_closed,CLOSED_THREE_OWNER_WRITE,BOUND_COLOR_CLOSED_HEAVY_CANDIDATE,1368,positive_debit,depth=3,OCTET_COMPOSITE|depth=3|q_abs=0,0.8411458333333333333333333333333333333333333333333333333333333333333333333333333333333333333333333334,1367.158854166666666666666666666666666666666666666666666666666666666666666666666666666666666666666667,1367.158854166666666666666666666666666666666666666666666666666666666666666666666666666666666666666667,170.8948567708333333333333333333333333333333333333333333333333333333333333333333333333333333333333334,1196.263997395833333333333333333333333333333333333333333333333333333333333333333333333333333333333334,yes,,BOUND_MATTER_ROW_ALLOWED,particle_candidate,,yes,BOUND_MATTER_ROW_ALLOWED,QP093A,particle,NATIVE_PARTICLE_IDENTITY_ASSIGNED_NO_KNOWN_LABEL,QP093A-0119|bound_composite_rows|OCTET_COMPOSITE|three_owner_color_closure|p=1+1+6|d=3|q=neutral:0,,,,native_identity_no_external_label,no,CR119_DOWNSTREAM_ONLY_REVEAL
QP093A-0120,bound_composite_rows,color_triad[1+1+8],OCTET_COMPOSITE,three_owner_color_closure,1+1+8,3,positive,2,triadic_charge_axis,fermion_baryon_half_write,color_owner_closed,CLOSED_THREE_OWNER_WRITE,BOUND_COLOR_CLOSED_HEAVY_CANDIDATE,2376,positive_debit,depth=3,OCTET_COMPOSITE|depth=3|q_abs=2,0.3151041666666666666666666666666666666666666666666666666666666666666666666666666666666666666666666667,2375.684895833333333333333333333333333333333333333333333333333333333333333333333333333333333333333333,2408.680519386574074074074074074074074074074074074074074074074074074074074074074074074074074074074074,301.0850649233217592592592592592592592592592592592592592592592592592592592592592592592592592592592592,2107.595454463252314814814814814814814814814814814814814814814814814814814814814814814814814814814815,yes,,BOUND_MATTER_ROW_ALLOWED,particle_candidate,,yes,BOUND_MATTER_ROW_ALLOWED,QP093A,particle,NATIVE_PARTICLE_IDENTITY_ASSIGNED_NO_KNOWN_LABEL,QP093A-0120|bound_composite_rows|OCTET_COMPOSITE|three_owner_color_closure|p=1+1+8|d=3|q=positive:2,,,,native_identity_no_external_label,no,CR119_DOWNSTREAM_ONLY_REVEAL
QP093A-0121,bound_composite_rows,color_triad[1+1+9],OCTET_COMPOSITE,three_owner_color_closure,1+1+9,3,neutral,0,triadic_charge_axis,fermion_baryon_half_write,color_owner_closed,CLOSED_THREE_OWNER_WRITE,BOUND_COLOR_CLOSED_HEAVY_CANDIDATE,2988,positive_debit,depth=3,OCTET_COMPOSITE|depth=3|q_abs=0,1.837239583333333333333333333333333333333333333333333333333333333333333333333333333333333333333333334,2986.162760416666666666666666666666666666666666666666666666666666666666666666666666666666666666666667,2986.162760416666666666666666666666666666666666666666666666666666666666666666666666666666666666666667,373.2703450520833333333333333333333333333333333333333333333333333333333333333333333333333333333333334,2612.892415364583333333333333333333333333333333333333333333333333333333333333333333333333333333333334,yes,,BOUND_MATTER_ROW_ALLOWED,particle_candidate,,yes,BOUND_MATTER_ROW_ALLOWED,QP093A,particle,NATIVE_PARTICLE_IDENTITY_ASSIGNED_NO_KNOWN_LABEL,QP093A-0121|bound_composite_rows|OCTET_COMPOSITE|three_owner_color_closure|p=1+1+9|d=3|q=neutral:0,,,,native_identity_no_external_label,no,CR119_DOWNSTREAM_ONLY_REVEAL
QP093A-0122,bound_composite_rows,color_triad[1+1+12],OCTET_COMPOSITE,three_owner_color_closure,1+1+12,3,neutral,0,triadic_charge_axis,fermion_baryon_half_write,color_owner_closed,CLOSED_THREE_OWNER_WRITE,BOUND_COLOR_CLOSED_HEAVY_CANDIDATE,5256,positive_debit,depth=3,OCTET_COMPOSITE|depth=3|q_abs=0,3.231770833333333333333333333333333333333333333333333333333333333333333333333333333333333333333333334,5252.768229166666666666666666666666666666666666666666666666666666666666666666666666666666666666666667,5252.768229166666666666666666666666666666666666666666666666666666666666666666666666666666666666666667,656.5960286458333333333333333333333333333333333333333333333333333333333333333333333333333333333333334,4596.172200520833333333333333333333333333333333333333333333333333333333333333333333333333333333333334,yes,,BOUND_MATTER_ROW_ALLOWED,particle_candidate,,yes,BOUND_MATTER_ROW_ALLOWED,QP093A,particle,NATIVE_PARTICLE_IDENTITY_ASSIGNED_NO_KNOWN_LABEL,QP093A-0122|bound_composite_rows|OCTET_COMPOSITE|three_owner_color_closure|p=1+1+12|d=3|q=neutral:0,,,,native_identity_no_external_label,no,CR119_DOWNSTREAM_ONLY_REVEAL
QP093A-0123,bound_composite_rows,color_triad[1+2+2],OCTET_COMPOSITE,three_owner_color_closure,1+2+2,3,positive,1,triadic_charge_axis,fermion_baryon_half_write,color_owner_closed,CLOSED_THREE_OWNER_WRITE,BOUND_COLOR_CLOSED_HEAVY_CANDIDATE,324,positive_debit,depth=3,OCTET_COMPOSITE|depth=3|q_abs=1,0.02734374999999999999999999999999999999999999999999999999999999999999999999999999999999999999999999999,323.9726562500000000000000000000000000000000000000000000000000000000000000000000000000000000000000000,326.2224663628472222222222222222222222222222222222222222222222222222222222222222222222222222222222221,40.77780829535590277777777777777777777777777777777777777777777777777777777777777777777777777777777776,285.4446580674913194444444444444444444444444444444444444444444444444444444444444444444444444444444444,yes,,BOUND_MATTER_ROW_ALLOWED,particle_candidate,,yes,BOUND_MATTER_ROW_ALLOWED,QP093A,particle,NATIVE_PARTICLE_IDENTITY_ASSIGNED_NO_KNOWN_LABEL,QP093A-0123|bound_composite_rows|OCTET_COMPOSITE|three_owner_color_closure|p=1+2+2|d=3|q=positive:1,,,,native_identity_no_external_label,no,CR119_DOWNSTREAM_ONLY_REVEAL
QP093A-0124,bound_composite_rows,color_triad[1+2+3],GROUND_BARYON_3BODY,three_owner_color_closure,1+2+3,0,negative,1,triadic_charge_axis,fermion_baryon_half_write,color_owner_closed,CLOSED_THREE_OWNER_WRITE,BOUND_COLOR_CLOSED_STABLE_CANDIDATE,504,negative_credit,depth=0,GROUND_BARYON_3BODY|depth=0|q_abs=1,-168.0000000000000000000000000000000000000000000000000000000000000000000000000000000000000000000000000,672.0000000000000000000000000000000000000000000000000000000000000000000000000000000000000000000000000,676.6666666666666666666666666666666666666666666666666666666666666666666666666666666666666666666666664,84.5833333333333333333333333333333333333333333333333333333333333333333333333333333333333333333333333,592.0833333333333333333333333333333333333333333333333333333333333333333333333333333333333333333333331,yes,,BOUND_MATTER_ROW_ALLOWED,particle_candidate,,yes,BOUND_MATTER_ROW_ALLOWED,QP093A,particle,NATIVE_PARTICLE_IDENTITY_ASSIGNED_NO_KNOWN_LABEL,QP093A-0124|bound_composite_rows|GROUND_BARYON_3BODY|three_owner_color_closure|p=1+2+3|d=0|q=negative:1,,,,native_identity_no_external_label,no,CR119_DOWNSTREAM_ONLY_REVEAL
QP093A-0125,bound_composite_rows,color_triad[1+2+4],OCTET_COMPOSITE,three_owner_color_closure,1+2+4,3,neutral,0,triadic_charge_axis,fermion_baryon_half_write,color_owner_closed,CLOSED_THREE_OWNER_WRITE,BOUND_COLOR_CLOSED_HEAVY_CANDIDATE,756,positive_debit,depth=3,OCTET_COMPOSITE|depth=3|q_abs=0,0.46484375,755.53515625,755.53515625,94.44189453125,661.09326171875,yes,,BOUND_MATTER_ROW_ALLOWED,particle_candidate,,yes,BOUND_MATTER_ROW_ALLOWED,QP093A,particle,NATIVE_PARTICLE_IDENTITY_ASSIGNED_NO_KNOWN_LABEL,QP093A-0125|bound_composite_rows|OCTET_COMPOSITE|three_owner_color_closure|p=1+2+4|d=3|q=neutral:0,,,,native_identity_no_external_label,no,CR119_DOWNSTREAM_ONLY_REVEAL
QP093A-0126,bound_composite_rows,color_triad[1+2+6],GROUND_BARYON_3BODY,three_owner_color_closure,1+2+6,0,negative,1,triadic_charge_axis,fermion_baryon_half_write,color_owner_closed,CLOSED_THREE_OWNER_WRITE,BOUND_COLOR_CLOSED_STABLE_CANDIDATE,1476,negative_credit,depth=0,GROUND_BARYON_3BODY|depth=0|q_abs=1,-492.0000000000000000000000000000000000000000000000000000000000000000000000000000000000000000000000000,1968.000000000000000000000000000000000000000000000000000000000000000000000000000000000000000000000000,1981.666666666666666666666666666666666666666666666666666666666666666666666666666666666666666666666666,247.7083333333333333333333333333333333333333333333333333333333333333333333333333333333333333333333332,1733.958333333333333333333333333333333333333333333333333333333333333333333333333333333333333333333332,yes,,BOUND_MATTER_ROW_ALLOWED,particle_candidate,,yes,BOUND_MATTER_ROW_ALLOWED,QP093A,particle,NATIVE_PARTICLE_IDENTITY_ASSIGNED_NO_KNOWN_LABEL,QP093A-0126|bound_composite_rows|GROUND_BARYON_3BODY|three_owner_color_closure|p=1+2+6|d=0|q=negative:1,,,,native_identity_no_external_label,no,CR119_DOWNSTREAM_ONLY_REVEAL
QP093A-0127,bound_composite_rows,color_triad[1+2+8],OCTET_COMPOSITE,three_owner_color_closure,1+2+8,3,positive,1,triadic_charge_axis,fermion_baryon_half_write,color_owner_closed,CLOSED_THREE_OWNER_WRITE,BOUND_COLOR_CLOSED_HEAVY_CANDIDATE,2484,positive_debit,depth=3,OCTET_COMPOSITE|depth=3|q_abs=1,0.2096354166666666666666666666666666666666666666666666666666666666666666666666666666666666666666666666,2483.790364583333333333333333333333333333333333333333333333333333333333333333333333333333333333333333,2501.038908781828703703703703703703703703703703703703703703703703703703703703703703703703703703703702,312.6298635977285879629629629629629629629629629629629629629629629629629629629629629629629629629629628,2188.409045184100115740740740740740740740740740740740740740740740740740740740740740740740740740740739,yes,,BOUND_MATTER_ROW_ALLOWED,particle_candidate,,yes,BOUND_MATTER_ROW_ALLOWED,QP093A,particle,NATIVE_PARTICLE_IDENTITY_ASSIGNED_NO_KNOWN_LABEL,QP093A-0127|bound_composite_rows|OCTET_COMPOSITE|three_owner_color_closure|p=1+2+8|d=3|q=positive:1,,,,native_identity_no_external_label,no,CR119_DOWNSTREAM_ONLY_REVEAL
QP093A-0128,bound_composite_rows,color_triad[1+2+9],GROUND_BARYON_3BODY,three_owner_color_closure,1+2+9,0,negative,1,triadic_charge_axis,fermion_baryon_half_write,color_owner_closed,CLOSED_THREE_OWNER_WRITE,BOUND_COLOR_CLOSED_HEAVY_CANDIDATE,3096,negative_credit,depth=0,GROUND_BARYON_3BODY|depth=0|q_abs=1,-1032.000000000000000000000000000000000000000000000000000000000000000000000000000000000000000000000000,4128.000000000000000000000000000000000000000000000000000000000000000000000000000000000000000000000000,4156.666666666666666666666666666666666666666666666666666666666666666666666666666666666666666666666665,519.5833333333333333333333333333333333333333333333333333333333333333333333333333333333333333333333331,3637.083333333333333333333333333333333333333333333333333333333333333333333333333333333333333333333332,yes,,BOUND_MATTER_ROW_ALLOWED,particle_candidate,,yes,BOUND_MATTER_ROW_ALLOWED,QP093A,particle,NATIVE_PARTICLE_IDENTITY_ASSIGNED_NO_KNOWN_LABEL,QP093A-0128|bound_composite_rows|GROUND_BARYON_3BODY|three_owner_color_closure|p=1+2+9|d=0|q=negative:1,,,,native_identity_no_external_label,no,CR119_DOWNSTREAM_ONLY_REVEAL
QP093A-0129,bound_composite_rows,color_triad[1+2+12],GROUND_BARYON_3BODY,three_owner_color_closure,1+2+12,0,negative,1,triadic_charge_axis,fermion_baryon_half_write,color_owner_closed,CLOSED_THREE_OWNER_WRITE,BOUND_COLOR_CLOSED_HEAVY_CANDIDATE,5364,negative_credit,depth=0,GROUND_BARYON_3BODY|depth=0|q_abs=1,-1788.000000000000000000000000000000000000000000000000000000000000000000000000000000000000000000000000,7152.000000000000000000000000000000000000000000000000000000000000000000000000000000000000000000000000,7201.666666666666666666666666666666666666666666666666666666666666666666666666666666666666666666666663,900.2083333333333333333333333333333333333333333333333333333333333333333333333333333333333333333333329,6301.45833333333333333333333333333333333333333333333333333333333333333333333333333333333333333333333,yes,,BOUND_MATTER_ROW_ALLOWED,particle_candidate,,yes,BOUND_MATTER_ROW_ALLOWED,QP093A,particle,NATIVE_PARTICLE_IDENTITY_ASSIGNED_NO_KNOWN_LABEL,QP093A-0129|bound_composite_rows|GROUND_BARYON_3BODY|three_owner_color_closure|p=1+2+12|d=0|q=negative:1,,,,native_identity_no_external_label,no,CR119_DOWNSTREAM_ONLY_REVEAL
QP093A-0130,bound_composite_rows,color_triad[1+3+3],OCTET_COMPOSITE,three_owner_color_closure,1+3+3,3,negative,2,triadic_charge_axis,fermion_baryon_half_write,color_owner_closed,CLOSED_THREE_OWNER_WRITE,BOUND_COLOR_CLOSED_HEAVY_CANDIDATE,684,negative_credit,depth=3,OCTET_COMPOSITE|depth=3|q_abs=2,-0.09071180555555555555555555555555555555555555555555555555555555555555555555555555555555555555555555556,684.0907118055555555555555555555555555555555555555555555555555555555555555555555555555555555555555556,693.5919716917438271604938271604938271604938271604938271604938271604938271604938271604938271604938273,86.69899646146797839506172839506172839506172839506172839506172839506172839506172839506172839506172841,606.8929752302758487654320987654320987654320987654320987654320987654320987654320987654320987654320989,yes,,BOUND_MATTER_ROW_ALLOWED,particle_candidate,,yes,BOUND_MATTER_ROW_ALLOWED,QP093A,particle,NATIVE_PARTICLE_IDENTITY_ASSIGNED_NO_KNOWN_LABEL,QP093A-0130|bound_composite_rows|OCTET_COMPOSITE|three_owner_color_closure|p=1+3+3|d=3|q=negative:2,,,,native_identity_no_external_label,no,CR119_DOWNSTREAM_ONLY_REVEAL
QP093A-0131,bound_composite_rows,color_triad[1+3+4],OCTET_COMPOSITE,three_owner_color_closure,1+3+4,3,negative,1,triadic_charge_axis,fermion_baryon_half_write,color_owner_closed,CLOSED_THREE_OWNER_WRITE,BOUND_COLOR_CLOSED_HEAVY_CANDIDATE,936,negative_credit,depth=3,OCTET_COMPOSITE|depth=3|q_abs=1,-0.07899305555555555555555555555555555555555555555555555555555555555555555555555555555555555555555555554,936.0789930555555555555555555555555555555555555555555555555555555555555555555555555555555555555555556,942.5795416184413580246913580246913580246913580246913580246913580246913580246913580246913580246913577,117.8224427023051697530864197530864197530864197530864197530864197530864197530864197530864197530864197,824.757098916136188271604938271604938271604938271604938271604938271604938271604938271604938271604938,yes,,BOUND_MATTER_ROW_ALLOWED,particle_candidate,,yes,BOUND_MATTER_ROW_ALLOWED,QP093A,particle,NATIVE_PARTICLE_IDENTITY_ASSIGNED_NO_KNOWN_LABEL,QP093A-0131|bound_composite_rows|OCTET_COMPOSITE|three_owner_color_closure|p=1+3+4|d=3|q=negative:1,,,,native_identity_no_external_label,no,CR119_DOWNSTREAM_ONLY_REVEAL
QP093A-0132,bound_composite_rows,color_triad[1+3+6],OCTET_COMPOSITE,three_owner_color_closure,1+3+6,3,negative,2,triadic_charge_axis,fermion_baryon_half_write,color_owner_closed,CLOSED_THREE_OWNER_WRITE,BOUND_COLOR_CLOSED_HEAVY_CANDIDATE,1656,negative_credit,depth=3,OCTET_COMPOSITE|depth=3|q_abs=2,-0.2196180555555555555555555555555555555555555555555555555555555555555555555555555555555555555555555556,1656.219618055555555555555555555555555555555555555555555555555555555555555555555555555555555555555556,1679.222668306327160493827160493827160493827160493827160493827160493827160493827160493827160493827161,209.9028335382908950617283950617283950617283950617283950617283950617283950617283950617283950617283951,1469.319834768036265432098765432098765432098765432098765432098765432098765432098765432098765432098766,yes,,BOUND_MATTER_ROW_ALLOWED,particle_candidate,,yes,BOUND_MATTER_ROW_ALLOWED,QP093A,particle,NATIVE_PARTICLE_IDENTITY_ASSIGNED_NO_KNOWN_LABEL,QP093A-0132|bound_composite_rows|OCTET_COMPOSITE|three_owner_color_closure|p=1+3+6|d=3|q=negative:2,,,,native_identity_no_external_label,no,CR119_DOWNSTREAM_ONLY_REVEAL
QP093A-0133,bound_composite_rows,color_triad[1+3+8],GROUND_BARYON_3BODY,three_owner_color_closure,1+3+8,0,neutral,0,triadic_charge_axis,fermion_baryon_half_write,color_owner_closed,REJECT_NEGATIVE_OBSERVED_SURFACE,REJECTED_FAKE_CLOSURE,2664,positive_debit,depth=0,GROUND_BARYON_3BODY|depth=0|q_abs=0,3330.00,-666.00,0,0,0,no,,REJECTED_NEGATIVE_SURFACE,particle_candidate,,no,REJECTED_NEGATIVE_SURFACE,QP093A,particle,NATIVE_PARTICLE_IDENTITY_ASSIGNED_NO_KNOWN_LABEL,QP093A-0133|bound_composite_rows|GROUND_BARYON_3BODY|three_owner_color_closure|p=1+3+8|d=0|q=neutral:0,,,,native_identity_no_external_label,no,CR119_DOWNSTREAM_ONLY_REVEAL
QP093A-0134,bound_composite_rows,color_triad[1+3+9],OCTET_COMPOSITE,three_owner_color_closure,1+3+9,3,negative,2,triadic_charge_axis,fermion_baryon_half_write,color_owner_closed,CLOSED_THREE_OWNER_WRITE,BOUND_COLOR_CLOSED_HEAVY_CANDIDATE,3276,negative_credit,depth=3,OCTET_COMPOSITE|depth=3|q_abs=2,-0.4344618055555555555555555555555555555555555555555555555555555555555555555555555555555555555555555555,3276.434461805555555555555555555555555555555555555555555555555555555555555555555555555555555555555556,3321.940495997299382716049382716049382716049382716049382716049382716049382716049382716049382716049384,415.242561999662422839506172839506172839506172839506172839506172839506172839506172839506172839506173,2906.697933997636959876543209876543209876543209876543209876543209876543209876543209876543209876543211,yes,,BOUND_MATTER_ROW_ALLOWED,particle_candidate,,yes,BOUND_MATTER_ROW_ALLOWED,QP093A,particle,NATIVE_PARTICLE_IDENTITY_ASSIGNED_NO_KNOWN_LABEL,QP093A-0134|bound_composite_rows|OCTET_COMPOSITE|three_owner_color_closure|p=1+3+9|d=3|q=negative:2,,,,native_identity_no_external_label,no,CR119_DOWNSTREAM_ONLY_REVEAL
QP093A-0135,bound_composite_rows,color_triad[1+3+12],OCTET_COMPOSITE,three_owner_color_closure,1+3+12,3,negative,2,triadic_charge_axis,fermion_baryon_half_write,color_owner_closed,CLOSED_THREE_OWNER_WRITE,BOUND_COLOR_CLOSED_HEAVY_CANDIDATE,5544,negative_credit,depth=3,OCTET_COMPOSITE|depth=3|q_abs=2,-0.7352430555555555555555555555555555555555555555555555555555555555555555555555555555555555555555555556,5544.735243055555555555555555555555555555555555555555555555555555555555555555555555555555555555555556,5621.745454764660493827160493827160493827160493827160493827160493827160493827160493827160493827160495,702.7181818455825617283950617283950617283950617283950617283950617283950617283950617283950617283950619,4919.027272919077932098765432098765432098765432098765432098765432098765432098765432098765432098765432,yes,,BOUND_MATTER_ROW_ALLOWED,particle_candidate,,yes,BOUND_MATTER_ROW_ALLOWED,QP093A,particle,NATIVE_PARTICLE_IDENTITY_ASSIGNED_NO_KNOWN_LABEL,QP093A-0135|bound_composite_rows|OCTET_COMPOSITE|three_owner_color_closure|p=1+3+12|d=3|q=negative:2,,,,native_identity_no_external_label,no,CR119_DOWNSTREAM_ONLY_REVEAL
QP093A-0136,bound_composite_rows,color_triad[1+4+4],GROUND_BARYON_3BODY,three_owner_color_closure,1+4+4,0,negative,2,triadic_charge_axis,fermion_baryon_half_write,color_owner_closed,CLOSED_THREE_OWNER_WRITE,BOUND_COLOR_CLOSED_STABLE_CANDIDATE,1188,negative_credit,depth=0,GROUND_BARYON_3BODY|depth=0|q_abs=2,-495.0000000000000000000000000000000000000000000000000000000000000000000000000000000000000000000000000,1683.000000000000000000000000000000000000000000000000000000000000000000000000000000000000000000000000,1706.375000000000000000000000000000000000000000000000000000000000000000000000000000000000000000000000,213.296875000000000000000000000000000000000000000000000000000000000000000000000000000000000000000000,1493.07812500000000000000000000000000000000000000000000000000000000000000000000000000000000000000000,yes,,BOUND_MATTER_ROW_ALLOWED,particle_candidate,,yes,BOUND_MATTER_ROW_ALLOWED,QP093A,particle,NATIVE_PARTICLE_IDENTITY_ASSIGNED_NO_KNOWN_LABEL,QP093A-0136|bound_composite_rows|GROUND_BARYON_3BODY|three_owner_color_closure|p=1+4+4|d=0|q=negative:2,,,,native_identity_no_external_label,no,CR119_DOWNSTREAM_ONLY_REVEAL
QP093A-0137,bound_composite_rows,color_triad[1+4+6],OCTET_COMPOSITE,three_owner_color_closure,1+4+6,3,negative,3,triadic_charge_axis,fermion_baryon_half_write,color_owner_closed,CLOSED_THREE_OWNER_WRITE,BOUND_COLOR_CLOSED_HEAVY_CANDIDATE,1908,negative_credit,depth=3,OCTET_COMPOSITE|depth=3|q_abs=3,-0.3450520833333333333333333333333333333333333333333333333333333333333333333333333333333333333333333334,1908.345052083333333333333333333333333333333333333333333333333333333333333333333333333333333333333333,1948.102240668402777777777777777777777777777777777777777777777777777777777777777777777777777777777777,243.5127800835503472222222222222222222222222222222222222222222222222222222222222222222222222222222221,1704.589460584852430555555555555555555555555555555555555555555555555555555555555555555555555555555555,yes,,BOUND_MATTER_ROW_ALLOWED,particle_candidate,,yes,BOUND_MATTER_ROW_ALLOWED,QP093A,particle,NATIVE_PARTICLE_IDENTITY_ASSIGNED_NO_KNOWN_LABEL,QP093A-0137|bound_composite_rows|OCTET_COMPOSITE|three_owner_color_closure|p=1+4+6|d=3|q=negative:3,,,,native_identity_no_external_label,no,CR119_DOWNSTREAM_ONLY_REVEAL
QP093A-0138,bound_composite_rows,color_triad[1+4+8],OCTET_COMPOSITE,three_owner_color_closure,1+4+8,3,negative,1,triadic_charge_axis,fermion_baryon_half_write,color_owner_closed,CLOSED_THREE_OWNER_WRITE,BOUND_COLOR_CLOSED_HEAVY_CANDIDATE,2916,negative_credit,depth=3,OCTET_COMPOSITE|depth=3|q_abs=1,-0.2460937499999999999999999999999999999999999999999999999999999999999999999999999999999999999999999999,2916.246093750000000000000000000000000000000000000000000000000000000000000000000000000000000000000000,2936.497802734374999999999999999999999999999999999999999999999999999999999999999999999999999999999999,367.0622253417968749999999999999999999999999999999999999999999999999999999999999999999999999999999999,2569.435577392578124999999999999999999999999999999999999999999999999999999999999999999999999999999999,yes,,BOUND_MATTER_ROW_ALLOWED,particle_candidate,,yes,BOUND_MATTER_ROW_ALLOWED,QP093A,particle,NATIVE_PARTICLE_IDENTITY_ASSIGNED_NO_KNOWN_LABEL,QP093A-0138|bound_composite_rows|OCTET_COMPOSITE|three_owner_color_closure|p=1+4+8|d=3|q=negative:1,,,,native_identity_no_external_label,no,CR119_DOWNSTREAM_ONLY_REVEAL
QP093A-0139,bound_composite_rows,color_triad[1+4+9],OCTET_COMPOSITE,three_owner_color_closure,1+4+9,3,negative,3,triadic_charge_axis,fermion_baryon_half_write,color_owner_closed,CLOSED_THREE_OWNER_WRITE,BOUND_COLOR_CLOSED_HEAVY_CANDIDATE,3528,negative_credit,depth=3,OCTET_COMPOSITE|depth=3|q_abs=3,-0.6380208333333333333333333333333333333333333333333333333333333333333333333333333333333333333333333334,3528.638020833333333333333333333333333333333333333333333333333333333333333333333333333333333333333333,3602.151312934027777777777777777777777777777777777777777777777777777777777777777777777777777777777776,450.268914116753472222222222222222222222222222222222222222222222222222222222222222222222222222222222,3151.882398817274305555555555555555555555555555555555555555555555555555555555555555555555555555555554,yes,,BOUND_MATTER_ROW_ALLOWED,particle_candidate,,yes,BOUND_MATTER_ROW_ALLOWED,QP093A,particle,NATIVE_PARTICLE_IDENTITY_ASSIGNED_NO_KNOWN_LABEL,QP093A-0139|bound_composite_rows|OCTET_COMPOSITE|three_owner_color_closure|p=1+4+9|d=3|q=negative:3,,,,native_identity_no_external_label,no,CR119_DOWNSTREAM_ONLY_REVEAL
QP093A-0140,bound_composite_rows,color_triad[1+4+12],OCTET_COMPOSITE,three_owner_color_closure,1+4+12,3,negative,3,triadic_charge_axis,fermion_baryon_half_write,color_owner_closed,CLOSED_THREE_OWNER_WRITE,BOUND_COLOR_CLOSED_HEAVY_CANDIDATE,5796,negative_credit,depth=3,OCTET_COMPOSITE|depth=3|q_abs=3,-1.048177083333333333333333333333333333333333333333333333333333333333333333333333333333333333333333333,5797.048177083333333333333333333333333333333333333333333333333333333333333333333333333333333333333333,5917.820014105902777777777777777777777777777777777777777777777777777777777777777777777777777777777776,739.727501763237847222222222222222222222222222222222222222222222222222222222222222222222222222222222,5178.092512342664930555555555555555555555555555555555555555555555555555555555555555555555555555555554,yes,,BOUND_MATTER_ROW_ALLOWED,particle_candidate,,yes,BOUND_MATTER_ROW_ALLOWED,QP093A,particle,NATIVE_PARTICLE_IDENTITY_ASSIGNED_NO_KNOWN_LABEL,QP093A-0140|bound_composite_rows|OCTET_COMPOSITE|three_owner_color_closure|p=1+4+12|d=3|q=negative:3,,,,native_identity_no_external_label,no,CR119_DOWNSTREAM_ONLY_REVEAL
QP093A-0141,bound_composite_rows,color_triad[1+6+6],OCTET_COMPOSITE,three_owner_color_closure,1+6+6,3,negative,5,triadic_charge_axis,fermion_baryon_half_write,color_owner_closed,CLOSED_THREE_OWNER_WRITE,BOUND_COLOR_CLOSED_HEAVY_CANDIDATE,2628,negative_credit,depth=3,OCTET_COMPOSITE|depth=3|q_abs=5,-0.7287326388888888888888888888888888888888888888888888888888888888888888888888888888888888888888888888,2628.728732638888888888888888888888888888888888888888888888888888888888888888888888888888888888888889,2720.004035855516975308641975308641975308641975308641975308641975308641975308641975308641975308641975,340.0005044819396219135802469135802469135802469135802469135802469135802469135802469135802469135802469,2380.003531373577353395061728395061728395061728395061728395061728395061728395061728395061728395061728,yes,,BOUND_MATTER_ROW_ALLOWED,particle_candidate,,yes,BOUND_MATTER_ROW_ALLOWED,QP093A,particle,NATIVE_PARTICLE_IDENTITY_ASSIGNED_NO_KNOWN_LABEL,QP093A-0141|bound_composite_rows|OCTET_COMPOSITE|three_owner_color_closure|p=1+6+6|d=3|q=negative:5,,,,native_identity_no_external_label,no,CR119_DOWNSTREAM_ONLY_REVEAL
QP093A-0142,bound_composite_rows,color_triad[1+6+8],GROUND_BARYON_3BODY,three_owner_color_closure,1+6+8,0,negative,3,triadic_charge_axis,fermion_baryon_half_write,color_owner_closed,CLOSED_THREE_OWNER_WRITE,BOUND_COLOR_CLOSED_STABLE_CANDIDATE,3636,negative_credit,depth=0,GROUND_BARYON_3BODY|depth=0|q_abs=3,-1818.00,5454.00,5567.624999999999999999999999999999999999999999999999999999999999999999999999999999999999999999999998,695.9531249999999999999999999999999999999999999999999999999999999999999999999999999999999999999999998,4871.671874999999999999999999999999999999999999999999999999999999999999999999999999999999999999999999,yes,,BOUND_MATTER_ROW_ALLOWED,particle_candidate,,yes,BOUND_MATTER_ROW_ALLOWED,QP093A,particle,NATIVE_PARTICLE_IDENTITY_ASSIGNED_NO_KNOWN_LABEL,QP093A-0142|bound_composite_rows|GROUND_BARYON_3BODY|three_owner_color_closure|p=1+6+8|d=0|q=negative:3,,,,native_identity_no_external_label,no,CR119_DOWNSTREAM_ONLY_REVEAL
QP093A-0143,bound_composite_rows,color_triad[1+6+9],OCTET_COMPOSITE,three_owner_color_closure,1+6+9,3,negative,5,triadic_charge_axis,fermion_baryon_half_write,color_owner_closed,CLOSED_THREE_OWNER_WRITE,BOUND_COLOR_CLOSED_HEAVY_CANDIDATE,4248,negative_credit,depth=3,OCTET_COMPOSITE|depth=3|q_abs=5,-1.177951388888888888888888888888888888888888888888888888888888888888888888888888888888888888888888889,4249.177951388888888888888888888888888888888888888888888888888888888888888888888888888888888888888889,4396.718852478780864197530864197530864197530864197530864197530864197530864197530864197530864197530863,549.5898565598476080246913580246913580246913580246913580246913580246913580246913580246913580246913579,3847.128995918933256172839506172839506172839506172839506172839506172839506172839506172839506172839505,yes,,BOUND_MATTER_ROW_ALLOWED,particle_candidate,,yes,BOUND_MATTER_ROW_ALLOWED,QP093A,particle,NATIVE_PARTICLE_IDENTITY_ASSIGNED_NO_KNOWN_LABEL,QP093A-0143|bound_composite_rows|OCTET_COMPOSITE|three_owner_color_closure|p=1+6+9|d=3|q=negative:5,,,,native_identity_no_external_label,no,CR119_DOWNSTREAM_ONLY_REVEAL
QP093A-0144,bound_composite_rows,color_triad[1+6+12],OCTET_COMPOSITE,three_owner_color_closure,1+6+12,3,negative,5,triadic_charge_axis,fermion_baryon_half_write,color_owner_closed,CLOSED_THREE_OWNER_WRITE,BOUND_COLOR_CLOSED_HEAVY_CANDIDATE,6516,negative_credit,depth=3,OCTET_COMPOSITE|depth=3|q_abs=5,-1.806857638888888888888888888888888888888888888888888888888888888888888888888888888888888888888888889,6517.806857638888888888888888888888888888888888888888888888888888888888888888888888888888888888888889,6744.119595751350308641975308641975308641975308641975308641975308641975308641975308641975308641975307,843.0149494689187885802469135802469135802469135802469135802469135802469135802469135802469135802469134,5901.104646282431520061728395061728395061728395061728395061728395061728395061728395061728395061728394,yes,,BOUND_MATTER_ROW_ALLOWED,particle_candidate,,yes,BOUND_MATTER_ROW_ALLOWED,QP093A,particle,NATIVE_PARTICLE_IDENTITY_ASSIGNED_NO_KNOWN_LABEL,QP093A-0144|bound_composite_rows|OCTET_COMPOSITE|three_owner_color_closure|p=1+6+12|d=3|q=negative:5,,,,native_identity_no_external_label,no,CR119_DOWNSTREAM_ONLY_REVEAL
QP093A-0145,bound_composite_rows,color_triad[1+8+8],OCTET_COMPOSITE,three_owner_color_closure,1+8+8,3,negative,5,triadic_charge_axis,fermion_baryon_half_write,color_owner_closed,CLOSED_THREE_OWNER_WRITE,BOUND_COLOR_CLOSED_HEAVY_CANDIDATE,4644,negative_credit,depth=3,OCTET_COMPOSITE|depth=3|q_abs=5,-1.287760416666666666666666666666666666666666666666666666666666666666666666666666666666666666666666667,4645.287760416666666666666666666666666666666666666666666666666666666666666666666666666666666666666667,4806.582474320023148148148148148148148148148148148148148148148148148148148148148148148148148148148147,600.8228092900028935185185185185185185185185185185185185185185185185185185185185185185185185185185184,4205.759665030020254629629629629629629629629629629629629629629629629629629629629629629629629629629629,yes,,BOUND_MATTER_ROW_ALLOWED,particle_candidate,,yes,BOUND_MATTER_ROW_ALLOWED,QP093A,particle,NATIVE_PARTICLE_IDENTITY_ASSIGNED_NO_KNOWN_LABEL,QP093A-0145|bound_composite_rows|OCTET_COMPOSITE|three_owner_color_closure|p=1+8+8|d=3|q=negative:5,,,,native_identity_no_external_label,no,CR119_DOWNSTREAM_ONLY_REVEAL
QP093A-0146,bound_composite_rows,color_triad[1+8+9],GROUND_BARYON_3BODY,three_owner_color_closure,1+8+9,0,negative,7,triadic_charge_axis,fermion_baryon_half_write,color_owner_closed,CLOSED_THREE_OWNER_WRITE,BOUND_COLOR_CLOSED_HEAVY_CANDIDATE,5256,negative_credit,depth=0,GROUND_BARYON_3BODY|depth=0|q_abs=7,-4380.000000000000000000000000000000000000000000000000000000000000000000000000000000000000000000000000,9636.000000000000000000000000000000000000000000000000000000000000000000000000000000000000000000000000,10104.41666666666666666666666666666666666666666666666666666666666666666666666666666666666666666666667,1263.052083333333333333333333333333333333333333333333333333333333333333333333333333333333333333333334,8841.364583333333333333333333333333333333333333333333333333333333333333333333333333333333333333333336,yes,,BOUND_MATTER_ROW_ALLOWED,particle_candidate,,yes,BOUND_MATTER_ROW_ALLOWED,QP093A,particle,NATIVE_PARTICLE_IDENTITY_ASSIGNED_NO_KNOWN_LABEL,QP093A-0146|bound_composite_rows|GROUND_BARYON_3BODY|three_owner_color_closure|p=1+8+9|d=0|q=negative:7,,,,native_identity_no_external_label,no,CR119_DOWNSTREAM_ONLY_REVEAL
QP093A-0147,bound_composite_rows,color_triad[1+8+12],GROUND_BARYON_3BODY,three_owner_color_closure,1+8+12,0,negative,7,triadic_charge_axis,fermion_baryon_half_write,color_owner_closed,CLOSED_THREE_OWNER_WRITE,BOUND_COLOR_CLOSED_HEAVY_CANDIDATE,7524,negative_credit,depth=0,GROUND_BARYON_3BODY|depth=0|q_abs=7,-6270.000000000000000000000000000000000000000000000000000000000000000000000000000000000000000000000000,13794.00000000000000000000000000000000000000000000000000000000000000000000000000000000000000000000000,14464.54166666666666666666666666666666666666666666666666666666666666666666666666666666666666666666667,1808.067708333333333333333333333333333333333333333333333333333333333333333333333333333333333333333334,12656.47395833333333333333333333333333333333333333333333333333333333333333333333333333333333333333334,yes,,BOUND_MATTER_ROW_ALLOWED,particle_candidate,,yes,BOUND_MATTER_ROW_ALLOWED,QP093A,particle,NATIVE_PARTICLE_IDENTITY_ASSIGNED_NO_KNOWN_LABEL,QP093A-0147|bound_composite_rows|GROUND_BARYON_3BODY|three_owner_color_closure|p=1+8+12|d=0|q=negative:7,,,,native_identity_no_external_label,no,CR119_DOWNSTREAM_ONLY_REVEAL
QP093A-0148,bound_composite_rows,color_triad[1+9+9],OCTET_COMPOSITE,three_owner_color_closure,1+9+9,3,negative,8,triadic_charge_axis,fermion_baryon_half_write,color_owner_closed,CLOSED_THREE_OWNER_WRITE,BOUND_COLOR_CLOSED_HEAVY_CANDIDATE,5868,negative_credit,depth=3,OCTET_COMPOSITE|depth=3|q_abs=8,-2.476128472222222222222222222222222222222222222222222222222222222222222222222222222222222222222222222,5870.476128472222222222222222222222222222222222222222222222222222222222222222222222222222222222222222,6196.613691165123456790123456790123456790123456790123456790123456790123456790123456790123456790123459,774.5767113956404320987654320987654320987654320987654320987654320987654320987654320987654320987654324,5422.036979769483024691358024691358024691358024691358024691358024691358024691358024691358024691358026,yes,,BOUND_MATTER_ROW_ALLOWED,particle_candidate,,yes,BOUND_MATTER_ROW_ALLOWED,QP093A,particle,NATIVE_PARTICLE_IDENTITY_ASSIGNED_NO_KNOWN_LABEL,QP093A-0148|bound_composite_rows|OCTET_COMPOSITE|three_owner_color_closure|p=1+9+9|d=3|q=negative:8,,,,native_identity_no_external_label,no,CR119_DOWNSTREAM_ONLY_REVEAL
QP093A-0149,bound_composite_rows,color_triad[1+9+12],OCTET_COMPOSITE,three_owner_color_closure,1+9+12,3,negative,8,triadic_charge_axis,fermion_baryon_half_write,color_owner_closed,CLOSED_THREE_OWNER_WRITE,BOUND_COLOR_CLOSED_HEAVY_CANDIDATE,8136,negative_credit,depth=3,OCTET_COMPOSITE|depth=3|q_abs=8,-3.433159722222222222222222222222222222222222222222222222222222222222222222222222222222222222222222222,8139.433159722222222222222222222222222222222222222222222222222222222222222222222222222222222222222222,8591.623890817901234567901234567901234567901234567901234567901234567901234567901234567901234567901238,1073.952986352237654320987654320987654320987654320987654320987654320987654320987654320987654320987655,7517.670904465663580246913580246913580246913580246913580246913580246913580246913580246913580246913584,yes,,BOUND_MATTER_ROW_ALLOWED,particle_candidate,,yes,BOUND_MATTER_ROW_ALLOWED,QP093A,particle,NATIVE_PARTICLE_IDENTITY_ASSIGNED_NO_KNOWN_LABEL,QP093A-0149|bound_composite_rows|OCTET_COMPOSITE|three_owner_color_closure|p=1+9+12|d=3|q=negative:8,,,,native_identity_no_external_label,no,CR119_DOWNSTREAM_ONLY_REVEAL
QP093A-0150,bound_composite_rows,color_triad[1+12+12],OCTET_COMPOSITE,three_owner_color_closure,1+12+12,3,negative,11,triadic_charge_axis,fermion_baryon_half_write,color_owner_closed,CLOSED_THREE_OWNER_WRITE,BOUND_COLOR_CLOSED_HEAVY_CANDIDATE,10404,negative_credit,depth=3,OCTET_COMPOSITE|depth=3|q_abs=11,-5.895399305555555555555555555555555555555555555555555555555555555555555555555555555555555555555555555,10409.89539930555555555555555555555555555555555555555555555555555555555555555555555555555555555555556,11205.09574230806327160493827160493827160493827160493827160493827160493827160493827160493827160493828,1400.636967788507908950617283950617283950617283950617283950617283950617283950617283950617283950617285,9804.458774519555362654320987654320987654320987654320987654320987654320987654320987654320987654320995,yes,,BOUND_MATTER_ROW_ALLOWED,particle_candidate,,yes,BOUND_MATTER_ROW_ALLOWED,QP093A,particle,NATIVE_PARTICLE_IDENTITY_ASSIGNED_NO_KNOWN_LABEL,QP093A-0150|bound_composite_rows|OCTET_COMPOSITE|three_owner_color_closure|p=1+12+12|d=3|q=negative:11,,,,native_identity_no_external_label,no,CR119_DOWNSTREAM_ONLY_REVEAL
QP093A-0151,bound_composite_rows,color_triad[2+2+2],GROUND_BARYON_3BODY,three_owner_color_closure,2+2+2,0,positive,2,triadic_charge_axis,fermion_baryon_half_write,color_owner_closed,CLOSED_THREE_OWNER_WRITE,BOUND_COLOR_CLOSED_STABLE_CANDIDATE,432,positive_debit,depth=0,GROUND_BARYON_3BODY|depth=0|q_abs=2,180.0000000000000000000000000000000000000000000000000000000000000000000000000000000000000000000000000,252.0000000000000000000000000000000000000000000000000000000000000000000000000000000000000000000000000,255.5000000000000000000000000000000000000000000000000000000000000000000000000000000000000000000000000,31.9375000000000000000000000000000000000000000000000000000000000000000000000000000000000000000000000,223.562500000000000000000000000000000000000000000000000000000000000000000000000000000000000000000000,yes,,BOUND_MATTER_ROW_ALLOWED,particle_candidate,,yes,BOUND_MATTER_ROW_ALLOWED,QP093A,particle,NATIVE_PARTICLE_IDENTITY_ASSIGNED_NO_KNOWN_LABEL,QP093A-0151|bound_composite_rows|GROUND_BARYON_3BODY|three_owner_color_closure|p=2+2+2|d=0|q=positive:2,,,,native_identity_no_external_label,no,CR119_DOWNSTREAM_ONLY_REVEAL
QP093A-0152,bound_composite_rows,color_triad[2+2+3],OCTET_COMPOSITE,three_owner_color_closure,2+2+3,3,neutral,0,triadic_charge_axis,fermion_baryon_half_write,color_owner_closed,CLOSED_THREE_OWNER_WRITE,BOUND_COLOR_CLOSED_HEAVY_CANDIDATE,612,positive_debit,depth=3,OCTET_COMPOSITE|depth=3|q_abs=0,0.3763020833333333333333333333333333333333333333333333333333333333333333333333333333333333333333333334,611.6236979166666666666666666666666666666666666666666666666666666666666666666666666666666666666666667,611.6236979166666666666666666666666666666666666666666666666666666666666666666666666666666666666666667,76.45296223958333333333333333333333333333333333333333333333333333333333333333333333333333333333333334,535.1707356770833333333333333333333333333333333333333333333333333333333333333333333333333333333333334,yes,,BOUND_MATTER_ROW_ALLOWED,particle_candidate,,yes,BOUND_MATTER_ROW_ALLOWED,QP093A,particle,NATIVE_PARTICLE_IDENTITY_ASSIGNED_NO_KNOWN_LABEL,QP093A-0152|bound_composite_rows|OCTET_COMPOSITE|three_owner_color_closure|p=2+2+3|d=3|q=neutral:0,,,,native_identity_no_external_label,no,CR119_DOWNSTREAM_ONLY_REVEAL
QP093A-0153,bound_composite_rows,color_triad[2+2+4],OCTET_COMPOSITE,three_owner_color_closure,2+2+4,3,positive,1,triadic_charge_axis,fermion_baryon_half_write,color_owner_closed,CLOSED_THREE_OWNER_WRITE,BOUND_COLOR_CLOSED_HEAVY_CANDIDATE,864,positive_debit,depth=3,OCTET_COMPOSITE|depth=3|q_abs=1,0.07291666666666666666666666666666666666666666666666666666666666666666666666666666666666666666666666665,863.9270833333333333333333333333333333333333333333333333333333333333333333333333333333333333333333333,869.9265769675925925925925925925925925925925925925925925925925925925925925925925925925925925925925922,108.7408221209490740740740740740740740740740740740740740740740740740740740740740740740740740740740740,761.1857548466435185185185185185185185185185185185185185185185185185185185185185185185185185185185181,yes,,BOUND_MATTER_ROW_ALLOWED,particle_candidate,,yes,BOUND_MATTER_ROW_ALLOWED,QP093A,particle,NATIVE_PARTICLE_IDENTITY_ASSIGNED_NO_KNOWN_LABEL,QP093A-0153|bound_composite_rows|OCTET_COMPOSITE|three_owner_color_closure|p=2+2+4|d=3|q=positive:1,,,,native_identity_no_external_label,no,CR119_DOWNSTREAM_ONLY_REVEAL
QP093A-0154,bound_composite_rows,color_triad[2+2+6],OCTET_COMPOSITE,three_owner_color_closure,2+2+6,3,neutral,0,triadic_charge_axis,fermion_baryon_half_write,color_owner_closed,CLOSED_THREE_OWNER_WRITE,BOUND_COLOR_CLOSED_HEAVY_CANDIDATE,1584,positive_debit,depth=3,OCTET_COMPOSITE|depth=3|q_abs=0,0.9739583333333333333333333333333333333333333333333333333333333333333333333333333333333333333333333334,1583.026041666666666666666666666666666666666666666666666666666666666666666666666666666666666666666667,1583.026041666666666666666666666666666666666666666666666666666666666666666666666666666666666666666667,197.8782552083333333333333333333333333333333333333333333333333333333333333333333333333333333333333334,1385.147786458333333333333333333333333333333333333333333333333333333333333333333333333333333333333334,yes,,BOUND_MATTER_ROW_ALLOWED,particle_candidate,,yes,BOUND_MATTER_ROW_ALLOWED,QP093A,particle,NATIVE_PARTICLE_IDENTITY_ASSIGNED_NO_KNOWN_LABEL,QP093A-0154|bound_composite_rows|OCTET_COMPOSITE|three_owner_color_closure|p=2+2+6|d=3|q=neutral:0,,,,native_identity_no_external_label,no,CR119_DOWNSTREAM_ONLY_REVEAL
QP093A-0155,bound_composite_rows,color_triad[2+2+8],GROUND_BARYON_3BODY,three_owner_color_closure,2+2+8,0,positive,2,triadic_charge_axis,fermion_baryon_half_write,color_owner_closed,CLOSED_THREE_OWNER_WRITE,BOUND_COLOR_CLOSED_STABLE_CANDIDATE,2592,positive_debit,depth=0,GROUND_BARYON_3BODY|depth=0|q_abs=2,1080.000000000000000000000000000000000000000000000000000000000000000000000000000000000000000000000000,1512.000000000000000000000000000000000000000000000000000000000000000000000000000000000000000000000000,1533.000000000000000000000000000000000000000000000000000000000000000000000000000000000000000000000000,191.625000000000000000000000000000000000000000000000000000000000000000000000000000000000000000000000,1341.37500000000000000000000000000000000000000000000000000000000000000000000000000000000000000000000,yes,,BOUND_MATTER_ROW_ALLOWED,particle_candidate,,yes,BOUND_MATTER_ROW_ALLOWED,QP093A,particle,NATIVE_PARTICLE_IDENTITY_ASSIGNED_NO_KNOWN_LABEL,QP093A-0155|bound_composite_rows|GROUND_BARYON_3BODY|three_owner_color_closure|p=2+2+8|d=0|q=positive:2,,,,native_identity_no_external_label,no,CR119_DOWNSTREAM_ONLY_REVEAL
QP093A-0156,bound_composite_rows,color_triad[2+2+9],OCTET_COMPOSITE,three_owner_color_closure,2+2+9,3,neutral,0,triadic_charge_axis,fermion_baryon_half_write,color_owner_closed,CLOSED_THREE_OWNER_WRITE,BOUND_COLOR_CLOSED_HEAVY_CANDIDATE,3204,positive_debit,depth=3,OCTET_COMPOSITE|depth=3|q_abs=0,1.970052083333333333333333333333333333333333333333333333333333333333333333333333333333333333333333334,3202.029947916666666666666666666666666666666666666666666666666666666666666666666666666666666666666667,3202.029947916666666666666666666666666666666666666666666666666666666666666666666666666666666666666667,400.2537434895833333333333333333333333333333333333333333333333333333333333333333333333333333333333334,2801.776204427083333333333333333333333333333333333333333333333333333333333333333333333333333333333334,yes,,BOUND_MATTER_ROW_ALLOWED,particle_candidate,,yes,BOUND_MATTER_ROW_ALLOWED,QP093A,particle,NATIVE_PARTICLE_IDENTITY_ASSIGNED_NO_KNOWN_LABEL,QP093A-0156|bound_composite_rows|OCTET_COMPOSITE|three_owner_color_closure|p=2+2+9|d=3|q=neutral:0,,,,native_identity_no_external_label,no,CR119_DOWNSTREAM_ONLY_REVEAL
QP093A-0157,bound_composite_rows,color_triad[2+2+12],OCTET_COMPOSITE,three_owner_color_closure,2+2+12,3,neutral,0,triadic_charge_axis,fermion_baryon_half_write,color_owner_closed,CLOSED_THREE_OWNER_WRITE,BOUND_COLOR_CLOSED_HEAVY_CANDIDATE,5472,positive_debit,depth=3,OCTET_COMPOSITE|depth=3|q_abs=0,3.364583333333333333333333333333333333333333333333333333333333333333333333333333333333333333333333334,5468.635416666666666666666666666666666666666666666666666666666666666666666666666666666666666666666667,5468.635416666666666666666666666666666666666666666666666666666666666666666666666666666666666666666667,683.5794270833333333333333333333333333333333333333333333333333333333333333333333333333333333333333334,4785.055989583333333333333333333333333333333333333333333333333333333333333333333333333333333333333334,yes,,BOUND_MATTER_ROW_ALLOWED,particle_candidate,,yes,BOUND_MATTER_ROW_ALLOWED,QP093A,particle,NATIVE_PARTICLE_IDENTITY_ASSIGNED_NO_KNOWN_LABEL,QP093A-0157|bound_composite_rows|OCTET_COMPOSITE|three_owner_color_closure|p=2+2+12|d=3|q=neutral:0,,,,native_identity_no_external_label,no,CR119_DOWNSTREAM_ONLY_REVEAL
QP093A-0158,bound_composite_rows,color_triad[2+3+3],OCTET_COMPOSITE,three_owner_color_closure,2+3+3,3,negative,1,triadic_charge_axis,fermion_baryon_half_write,color_owner_closed,CLOSED_THREE_OWNER_WRITE,BOUND_COLOR_CLOSED_HEAVY_CANDIDATE,792,negative_credit,depth=3,OCTET_COMPOSITE|depth=3|q_abs=1,-0.06684027777777777777777777777777777777777777777777777777777777777777777777777777777777777777777777776,792.0668402777777777777777777777777777777777777777777777777777777777777777777777777777777777777777778,797.5673044463734567901234567901234567901234567901234567901234567901234567901234567901234567901234565,99.69591305579668209876543209876543209876543209876543209876543209876543209876543209876543209876543206,697.8713913905767746913580246913580246913580246913580246913580246913580246913580246913580246913580245,yes,,BOUND_MATTER_ROW_ALLOWED,particle_candidate,,yes,BOUND_MATTER_ROW_ALLOWED,QP093A,particle,NATIVE_PARTICLE_IDENTITY_ASSIGNED_NO_KNOWN_LABEL,QP093A-0158|bound_composite_rows|OCTET_COMPOSITE|three_owner_color_closure|p=2+3+3|d=3|q=negative:1,,,,native_identity_no_external_label,no,CR119_DOWNSTREAM_ONLY_REVEAL
QP093A-0159,bound_composite_rows,color_triad[2+3+4],GROUND_BARYON_3BODY,three_owner_color_closure,2+3+4,0,neutral,0,triadic_charge_axis,fermion_baryon_half_write,color_owner_closed,REJECT_NEGATIVE_OBSERVED_SURFACE,REJECTED_FAKE_CLOSURE,1044,positive_debit,depth=0,GROUND_BARYON_3BODY|depth=0|q_abs=0,1305.00,-261.00,0,0,0,no,,REJECTED_NEGATIVE_SURFACE,particle_candidate,,no,REJECTED_NEGATIVE_SURFACE,QP093A,particle,NATIVE_PARTICLE_IDENTITY_ASSIGNED_NO_KNOWN_LABEL,QP093A-0159|bound_composite_rows|GROUND_BARYON_3BODY|three_owner_color_closure|p=2+3+4|d=0|q=neutral:0,,,,native_identity_no_external_label,no,CR119_DOWNSTREAM_ONLY_REVEAL
QP093A-0160,bound_composite_rows,color_triad[2+3+6],OCTET_COMPOSITE,three_owner_color_closure,2+3+6,3,negative,1,triadic_charge_axis,fermion_baryon_half_write,color_owner_closed,CLOSED_THREE_OWNER_WRITE,BOUND_COLOR_CLOSED_HEAVY_CANDIDATE,1764,negative_credit,depth=3,OCTET_COMPOSITE|depth=3|q_abs=1,-0.1488715277777777777777777777777777777777777777777777777777777777777777777777777777777777777777777777,1764.148871527777777777777777777777777777777777777777777777777777777777777777777777777777777777777778,1776.399905357831790123456790123456790123456790123456790123456790123456790123456790123456790123456790,222.0499881697289737654320987654320987654320987654320987654320987654320987654320987654320987654320988,1554.349917188102816358024691358024691358024691358024691358024691358024691358024691358024691358024691,yes,,BOUND_MATTER_ROW_ALLOWED,particle_candidate,,yes,BOUND_MATTER_ROW_ALLOWED,QP093A,particle,NATIVE_PARTICLE_IDENTITY_ASSIGNED_NO_KNOWN_LABEL,QP093A-0160|bound_composite_rows|OCTET_COMPOSITE|three_owner_color_closure|p=2+3+6|d=3|q=negative:1,,,,native_identity_no_external_label,no,CR119_DOWNSTREAM_ONLY_REVEAL
QP093A-0161,bound_composite_rows,color_triad[2+3+8],OCTET_COMPOSITE,three_owner_color_closure,2+3+8,3,positive,1,triadic_charge_axis,fermion_baryon_half_write,color_owner_closed,CLOSED_THREE_OWNER_WRITE,BOUND_COLOR_CLOSED_HEAVY_CANDIDATE,2772,positive_debit,depth=3,OCTET_COMPOSITE|depth=3|q_abs=1,0.2339409722222222222222222222222222222222222222222222222222222222222222222222222222222222222222222222,2771.766059027777777777777777777777777777777777777777777777777777777777777777777777777777777777777778,2791.014434437692901234567901234567901234567901234567901234567901234567901234567901234567901234567900,348.8768043047116126543209876543209876543209876543209876543209876543209876543209876543209876543209875,2442.137630132981288580246913580246913580246913580246913580246913580246913580246913580246913580246912,yes,,BOUND_MATTER_ROW_ALLOWED,particle_candidate,,yes,BOUND_MATTER_ROW_ALLOWED,QP093A,particle,NATIVE_PARTICLE_IDENTITY_ASSIGNED_NO_KNOWN_LABEL,QP093A-0161|bound_composite_rows|OCTET_COMPOSITE|three_owner_color_closure|p=2+3+8|d=3|q=positive:1,,,,native_identity_no_external_label,no,CR119_DOWNSTREAM_ONLY_REVEAL
QP093A-0162,bound_composite_rows,color_triad[2+3+9],OCTET_COMPOSITE,three_owner_color_closure,2+3+9,3,negative,1,triadic_charge_axis,fermion_baryon_half_write,color_owner_closed,CLOSED_THREE_OWNER_WRITE,BOUND_COLOR_CLOSED_HEAVY_CANDIDATE,3384,negative_credit,depth=3,OCTET_COMPOSITE|depth=3|q_abs=1,-0.2855902777777777777777777777777777777777777777777777777777777777777777777777777777777777777777777777,3384.285590277777777777777777777777777777777777777777777777777777777777777777777777777777777777777778,3407.787573543595679012345679012345679012345679012345679012345679012345679012345679012345679012345678,425.9734466929494598765432098765432098765432098765432098765432098765432098765432098765432098765432098,2981.814126850646219135802469135802469135802469135802469135802469135802469135802469135802469135802469,yes,,BOUND_MATTER_ROW_ALLOWED,particle_candidate,,yes,BOUND_MATTER_ROW_ALLOWED,QP093A,particle,NATIVE_PARTICLE_IDENTITY_ASSIGNED_NO_KNOWN_LABEL,QP093A-0162|bound_composite_rows|OCTET_COMPOSITE|three_owner_color_closure|p=2+3+9|d=3|q=negative:1,,,,native_identity_no_external_label,no,CR119_DOWNSTREAM_ONLY_REVEAL
QP093A-0163,bound_composite_rows,color_triad[2+3+12],OCTET_COMPOSITE,three_owner_color_closure,2+3+12,3,negative,1,triadic_charge_axis,fermion_baryon_half_write,color_owner_closed,CLOSED_THREE_OWNER_WRITE,BOUND_COLOR_CLOSED_HEAVY_CANDIDATE,5652,negative_credit,depth=3,OCTET_COMPOSITE|depth=3|q_abs=1,-0.4769965277777777777777777777777777777777777777777777777777777777777777777777777777777777777777777776,5652.476996527777777777777777777777777777777777777777777777777777777777777777777777777777777777777778,5691.730309003665123456790123456790123456790123456790123456790123456790123456790123456790123456790121,711.4662886254581404320987654320987654320987654320987654320987654320987654320987654320987654320987651,4980.264020378206983024691358024691358024691358024691358024691358024691358024691358024691358024691356,yes,,BOUND_MATTER_ROW_ALLOWED,particle_candidate,,yes,BOUND_MATTER_ROW_ALLOWED,QP093A,particle,NATIVE_PARTICLE_IDENTITY_ASSIGNED_NO_KNOWN_LABEL,QP093A-0163|bound_composite_rows|OCTET_COMPOSITE|three_owner_color_closure|p=2+3+12|d=3|q=negative:1,,,,native_identity_no_external_label,no,CR119_DOWNSTREAM_ONLY_REVEAL
QP093A-0164,bound_composite_rows,color_triad[2+4+4],OCTET_COMPOSITE,three_owner_color_closure,2+4+4,3,negative,1,triadic_charge_axis,fermion_baryon_half_write,color_owner_closed,CLOSED_THREE_OWNER_WRITE,BOUND_COLOR_CLOSED_HEAVY_CANDIDATE,1296,negative_credit,depth=3,OCTET_COMPOSITE|depth=3|q_abs=1,-0.1093750000000000000000000000000000000000000000000000000000000000000000000000000000000000000000000000,1296.109375000000000000000000000000000000000000000000000000000000000000000000000000000000000000000000,1305.110134548611111111111111111111111111111111111111111111111111111111111111111111111111111111111111,163.1387668185763888888888888888888888888888888888888888888888888888888888888888888888888888888888889,1141.971367730034722222222222222222222222222222222222222222222222222222222222222222222222222222222222,yes,,BOUND_MATTER_ROW_ALLOWED,particle_candidate,,yes,BOUND_MATTER_ROW_ALLOWED,QP093A,particle,NATIVE_PARTICLE_IDENTITY_ASSIGNED_NO_KNOWN_LABEL,QP093A-0164|bound_composite_rows|OCTET_COMPOSITE|three_owner_color_closure|p=2+4+4|d=3|q=negative:1,,,,native_identity_no_external_label,no,CR119_DOWNSTREAM_ONLY_REVEAL
QP093A-0165,bound_composite_rows,color_triad[2+4+6],GROUND_BARYON_3BODY,three_owner_color_closure,2+4+6,0,negative,2,triadic_charge_axis,fermion_baryon_half_write,color_owner_closed,CLOSED_THREE_OWNER_WRITE,BOUND_COLOR_CLOSED_STABLE_CANDIDATE,2016,negative_credit,depth=0,GROUND_BARYON_3BODY|depth=0|q_abs=2,-840.0000000000000000000000000000000000000000000000000000000000000000000000000000000000000000000000001,2856.000000000000000000000000000000000000000000000000000000000000000000000000000000000000000000000000,2895.666666666666666666666666666666666666666666666666666666666666666666666666666666666666666666666667,361.9583333333333333333333333333333333333333333333333333333333333333333333333333333333333333333333334,2533.708333333333333333333333333333333333333333333333333333333333333333333333333333333333333333333334,yes,,BOUND_MATTER_ROW_ALLOWED,particle_candidate,,yes,BOUND_MATTER_ROW_ALLOWED,QP093A,particle,NATIVE_PARTICLE_IDENTITY_ASSIGNED_NO_KNOWN_LABEL,QP093A-0165|bound_composite_rows|GROUND_BARYON_3BODY|three_owner_color_closure|p=2+4+6|d=0|q=negative:2,,,,native_identity_no_external_label,no,CR119_DOWNSTREAM_ONLY_REVEAL
QP093A-0166,bound_composite_rows,color_triad[2+4+8],OCTET_COMPOSITE,three_owner_color_closure,2+4+8,3,neutral,0,triadic_charge_axis,fermion_baryon_half_write,color_owner_closed,CLOSED_THREE_OWNER_WRITE,BOUND_COLOR_CLOSED_HEAVY_CANDIDATE,3024,positive_debit,depth=3,OCTET_COMPOSITE|depth=3|q_abs=0,1.859375,3022.140625,3022.140625,377.767578125,2644.373046875,yes,,BOUND_MATTER_ROW_ALLOWED,particle_candidate,,yes,BOUND_MATTER_ROW_ALLOWED,QP093A,particle,NATIVE_PARTICLE_IDENTITY_ASSIGNED_NO_KNOWN_LABEL,QP093A-0166|bound_composite_rows|OCTET_COMPOSITE|three_owner_color_closure|p=2+4+8|d=3|q=neutral:0,,,,native_identity_no_external_label,no,CR119_DOWNSTREAM_ONLY_REVEAL
QP093A-0167,bound_composite_rows,color_triad[2+4+9],GROUND_BARYON_3BODY,three_owner_color_closure,2+4+9,0,negative,2,triadic_charge_axis,fermion_baryon_half_write,color_owner_closed,CLOSED_THREE_OWNER_WRITE,BOUND_COLOR_CLOSED_HEAVY_CANDIDATE,3636,negative_credit,depth=0,GROUND_BARYON_3BODY|depth=0|q_abs=2,-1515.000000000000000000000000000000000000000000000000000000000000000000000000000000000000000000000000,5151.000000000000000000000000000000000000000000000000000000000000000000000000000000000000000000000000,5222.541666666666666666666666666666666666666666666666666666666666666666666666666666666666666666666667,652.8177083333333333333333333333333333333333333333333333333333333333333333333333333333333333333333334,4569.723958333333333333333333333333333333333333333333333333333333333333333333333333333333333333333334,yes,,BOUND_MATTER_ROW_ALLOWED,particle_candidate,,yes,BOUND_MATTER_ROW_ALLOWED,QP093A,particle,NATIVE_PARTICLE_IDENTITY_ASSIGNED_NO_KNOWN_LABEL,QP093A-0167|bound_composite_rows|GROUND_BARYON_3BODY|three_owner_color_closure|p=2+4+9|d=0|q=negative:2,,,,native_identity_no_external_label,no,CR119_DOWNSTREAM_ONLY_REVEAL
QP093A-0168,bound_composite_rows,color_triad[2+4+12],GROUND_BARYON_3BODY,three_owner_color_closure,2+4+12,0,negative,2,triadic_charge_axis,fermion_baryon_half_write,color_owner_closed,CLOSED_THREE_OWNER_WRITE,BOUND_COLOR_CLOSED_HEAVY_CANDIDATE,5904,negative_credit,depth=0,GROUND_BARYON_3BODY|depth=0|q_abs=2,-2460.000000000000000000000000000000000000000000000000000000000000000000000000000000000000000000000000,8364.000000000000000000000000000000000000000000000000000000000000000000000000000000000000000000000000,8480.166666666666666666666666666666666666666666666666666666666666666666666666666666666666666666666668,1060.020833333333333333333333333333333333333333333333333333333333333333333333333333333333333333333334,7420.145833333333333333333333333333333333333333333333333333333333333333333333333333333333333333333335,yes,,BOUND_MATTER_ROW_ALLOWED,particle_candidate,,yes,BOUND_MATTER_ROW_ALLOWED,QP093A,particle,NATIVE_PARTICLE_IDENTITY_ASSIGNED_NO_KNOWN_LABEL,QP093A-0168|bound_composite_rows|GROUND_BARYON_3BODY|three_owner_color_closure|p=2+4+12|d=0|q=negative:2,,,,native_identity_no_external_label,no,CR119_DOWNSTREAM_ONLY_REVEAL
QP093A-0169,bound_composite_rows,color_triad[2+6+6],OCTET_COMPOSITE,three_owner_color_closure,2+6+6,3,negative,4,triadic_charge_axis,fermion_baryon_half_write,color_owner_closed,CLOSED_THREE_OWNER_WRITE,BOUND_COLOR_CLOSED_HEAVY_CANDIDATE,2736,negative_credit,depth=3,OCTET_COMPOSITE|depth=3|q_abs=4,-0.6267361111111111111111111111111111111111111111111111111111111111111111111111111111111111111111111109,2736.626736111111111111111111111111111111111111111111111111111111111111111111111111111111111111111111,2812.644145447530864197530864197530864197530864197530864197530864197530864197530864197530864197530865,351.5805181809413580246913580246913580246913580246913580246913580246913580246913580246913580246913581,2461.063627266589506172839506172839506172839506172839506172839506172839506172839506172839506172839508,yes,,BOUND_MATTER_ROW_ALLOWED,particle_candidate,,yes,BOUND_MATTER_ROW_ALLOWED,QP093A,particle,NATIVE_PARTICLE_IDENTITY_ASSIGNED_NO_KNOWN_LABEL,QP093A-0169|bound_composite_rows|OCTET_COMPOSITE|three_owner_color_closure|p=2+6+6|d=3|q=negative:4,,,,native_identity_no_external_label,no,CR119_DOWNSTREAM_ONLY_REVEAL
QP093A-0170,bound_composite_rows,color_triad[2+6+8],OCTET_COMPOSITE,three_owner_color_closure,2+6+8,3,negative,2,triadic_charge_axis,fermion_baryon_half_write,color_owner_closed,CLOSED_THREE_OWNER_WRITE,BOUND_COLOR_CLOSED_HEAVY_CANDIDATE,3744,negative_credit,depth=3,OCTET_COMPOSITE|depth=3|q_abs=2,-0.4965277777777777777777777777777777777777777777777777777777777777777777777777777777777777777777777779,3744.496527777777777777777777777777777777777777777777777777777777777777777777777777777777777777777778,3796.503423996913580246913580246913580246913580246913580246913580246913580246913580246913580246913581,474.5629279996141975308641975308641975308641975308641975308641975308641975308641975308641975308641976,3321.940495997299382716049382716049382716049382716049382716049382716049382716049382716049382716049384,yes,,BOUND_MATTER_ROW_ALLOWED,particle_candidate,,yes,BOUND_MATTER_ROW_ALLOWED,QP093A,particle,NATIVE_PARTICLE_IDENTITY_ASSIGNED_NO_KNOWN_LABEL,QP093A-0170|bound_composite_rows|OCTET_COMPOSITE|three_owner_color_closure|p=2+6+8|d=3|q=negative:2,,,,native_identity_no_external_label,no,CR119_DOWNSTREAM_ONLY_REVEAL
QP093A-0171,bound_composite_rows,color_triad[2+6+9],OCTET_COMPOSITE,three_owner_color_closure,2+6+9,3,negative,4,triadic_charge_axis,fermion_baryon_half_write,color_owner_closed,CLOSED_THREE_OWNER_WRITE,BOUND_COLOR_CLOSED_HEAVY_CANDIDATE,4356,negative_credit,depth=3,OCTET_COMPOSITE|depth=3|q_abs=4,-0.9978298611111111111111111111111111111111111111111111111111111111111111111111111111111111111111111109,4356.997829861111111111111111111111111111111111111111111111111111111111111111111111111111111111111111,4478.025547357253086419753086419753086419753086419753086419753086419753086419753086419753086419753087,559.7531934196566358024691358024691358024691358024691358024691358024691358024691358024691358024691359,3918.272353937596450617283950617283950617283950617283950617283950617283950617283950617283950617283951,yes,,BOUND_MATTER_ROW_ALLOWED,particle_candidate,,yes,BOUND_MATTER_ROW_ALLOWED,QP093A,particle,NATIVE_PARTICLE_IDENTITY_ASSIGNED_NO_KNOWN_LABEL,QP093A-0171|bound_composite_rows|OCTET_COMPOSITE|three_owner_color_closure|p=2+6+9|d=3|q=negative:4,,,,native_identity_no_external_label,no,CR119_DOWNSTREAM_ONLY_REVEAL
QP093A-0172,bound_composite_rows,color_triad[2+6+12],OCTET_COMPOSITE,three_owner_color_closure,2+6+12,3,negative,4,triadic_charge_axis,fermion_baryon_half_write,color_owner_closed,CLOSED_THREE_OWNER_WRITE,BOUND_COLOR_CLOSED_HEAVY_CANDIDATE,6624,negative_credit,depth=3,OCTET_COMPOSITE|depth=3|q_abs=4,-1.517361111111111111111111111111111111111111111111111111111111111111111111111111111111111111111111111,6625.517361111111111111111111111111111111111111111111111111111111111111111111111111111111111111111111,6809.559510030864197530864197530864197530864197530864197530864197530864197530864197530864197530864199,851.1949387538580246913580246913580246913580246913580246913580246913580246913580246913580246913580249,5958.364571277006172839506172839506172839506172839506172839506172839506172839506172839506172839506174,yes,,BOUND_MATTER_ROW_ALLOWED,particle_candidate,,yes,BOUND_MATTER_ROW_ALLOWED,QP093A,particle,NATIVE_PARTICLE_IDENTITY_ASSIGNED_NO_KNOWN_LABEL,QP093A-0172|bound_composite_rows|OCTET_COMPOSITE|three_owner_color_closure|p=2+6+12|d=3|q=negative:4,,,,native_identity_no_external_label,no,CR119_DOWNSTREAM_ONLY_REVEAL
QP093A-0173,bound_composite_rows,color_triad[2+8+8],GROUND_BARYON_3BODY,three_owner_color_closure,2+8+8,0,negative,4,triadic_charge_axis,fermion_baryon_half_write,color_owner_closed,CLOSED_THREE_OWNER_WRITE,BOUND_COLOR_CLOSED_STABLE_CANDIDATE,4752,negative_credit,depth=0,GROUND_BARYON_3BODY|depth=0|q_abs=4,-2772.000000000000000000000000000000000000000000000000000000000000000000000000000000000000000000000000,7524.000000000000000000000000000000000000000000000000000000000000000000000000000000000000000000000000,7733.000000000000000000000000000000000000000000000000000000000000000000000000000000000000000000000002,966.6250000000000000000000000000000000000000000000000000000000000000000000000000000000000000000000002,6766.375000000000000000000000000000000000000000000000000000000000000000000000000000000000000000000001,yes,,BOUND_MATTER_ROW_ALLOWED,particle_candidate,,yes,BOUND_MATTER_ROW_ALLOWED,QP093A,particle,NATIVE_PARTICLE_IDENTITY_ASSIGNED_NO_KNOWN_LABEL,QP093A-0173|bound_composite_rows|GROUND_BARYON_3BODY|three_owner_color_closure|p=2+8+8|d=0|q=negative:4,,,,native_identity_no_external_label,no,CR119_DOWNSTREAM_ONLY_REVEAL
QP093A-0174,bound_composite_rows,color_triad[2+8+9],OCTET_COMPOSITE,three_owner_color_closure,2+8+9,3,negative,6,triadic_charge_axis,fermion_baryon_half_write,color_owner_closed,CLOSED_THREE_OWNER_WRITE,BOUND_COLOR_CLOSED_HEAVY_CANDIDATE,5364,negative_credit,depth=3,OCTET_COMPOSITE|depth=3|q_abs=6,-1.746093750000000000000000000000000000000000000000000000000000000000000000000000000000000000000000000,5365.746093750000000000000000000000000000000000000000000000000000000000000000000000000000000000000000,5589.318847656250000000000000000000000000000000000000000000000000000000000000000000000000000000000002,698.6648559570312500000000000000000000000000000000000000000000000000000000000000000000000000000000002,4890.653991699218750000000000000000000000000000000000000000000000000000000000000000000000000000000001,yes,,BOUND_MATTER_ROW_ALLOWED,particle_candidate,,yes,BOUND_MATTER_ROW_ALLOWED,QP093A,particle,NATIVE_PARTICLE_IDENTITY_ASSIGNED_NO_KNOWN_LABEL,QP093A-0174|bound_composite_rows|OCTET_COMPOSITE|three_owner_color_closure|p=2+8+9|d=3|q=negative:6,,,,native_identity_no_external_label,no,CR119_DOWNSTREAM_ONLY_REVEAL
QP093A-0175,bound_composite_rows,color_triad[2+8+12],OCTET_COMPOSITE,three_owner_color_closure,2+8+12,3,negative,6,triadic_charge_axis,fermion_baryon_half_write,color_owner_closed,CLOSED_THREE_OWNER_WRITE,BOUND_COLOR_CLOSED_HEAVY_CANDIDATE,7632,negative_credit,depth=3,OCTET_COMPOSITE|depth=3|q_abs=6,-2.484375000000000000000000000000000000000000000000000000000000000000000000000000000000000000000000000,7634.484375000000000000000000000000000000000000000000000000000000000000000000000000000000000000000000,7952.587890625000000000000000000000000000000000000000000000000000000000000000000000000000000000000003,994.0734863281250000000000000000000000000000000000000000000000000000000000000000000000000000000000004,6958.514404296875000000000000000000000000000000000000000000000000000000000000000000000000000000000002,yes,,BOUND_MATTER_ROW_ALLOWED,particle_candidate,,yes,BOUND_MATTER_ROW_ALLOWED,QP093A,particle,NATIVE_PARTICLE_IDENTITY_ASSIGNED_NO_KNOWN_LABEL,QP093A-0175|bound_composite_rows|OCTET_COMPOSITE|three_owner_color_closure|p=2+8+12|d=3|q=negative:6,,,,native_identity_no_external_label,no,CR119_DOWNSTREAM_ONLY_REVEAL
QP093A-0176,bound_composite_rows,color_triad[2+9+9],OCTET_COMPOSITE,three_owner_color_closure,2+9+9,3,negative,7,triadic_charge_axis,fermion_baryon_half_write,color_owner_closed,CLOSED_THREE_OWNER_WRITE,BOUND_COLOR_CLOSED_HEAVY_CANDIDATE,5976,negative_credit,depth=3,OCTET_COMPOSITE|depth=3|q_abs=7,-2.233506944444444444444444444444444444444444444444444444444444444444444444444444444444444444444444444,5978.233506944444444444444444444444444444444444444444444444444444444444444444444444444444444444444444,6268.842080198688271604938271604938271604938271604938271604938271604938271604938271604938271604938270,783.6052600248360339506172839506172839506172839506172839506172839506172839506172839506172839506172838,5485.236820173852237654320987654320987654320987654320987654320987654320987654320987654320987654320986,yes,,BOUND_MATTER_ROW_ALLOWED,particle_candidate,,yes,BOUND_MATTER_ROW_ALLOWED,QP093A,particle,NATIVE_PARTICLE_IDENTITY_ASSIGNED_NO_KNOWN_LABEL,QP093A-0176|bound_composite_rows|OCTET_COMPOSITE|three_owner_color_closure|p=2+9+9|d=3|q=negative:7,,,,native_identity_no_external_label,no,CR119_DOWNSTREAM_ONLY_REVEAL
QP093A-0177,bound_composite_rows,color_triad[2+9+12],OCTET_COMPOSITE,three_owner_color_closure,2+9+12,3,negative,7,triadic_charge_axis,fermion_baryon_half_write,color_owner_closed,CLOSED_THREE_OWNER_WRITE,BOUND_COLOR_CLOSED_HEAVY_CANDIDATE,8244,negative_credit,depth=3,OCTET_COMPOSITE|depth=3|q_abs=7,-3.081163194444444444444444444444444444444444444444444444444444444444444444444444444444444444444444444,8247.081163194444444444444444444444444444444444444444444444444444444444444444444444444444444444444444,8647.980941960841049382716049382716049382716049382716049382716049382716049382716049382716049382716048,1080.997617745105131172839506172839506172839506172839506172839506172839506172839506172839506172839506,7566.983324215735918209876543209876543209876543209876543209876543209876543209876543209876543209876542,yes,,BOUND_MATTER_ROW_ALLOWED,particle_candidate,,yes,BOUND_MATTER_ROW_ALLOWED,QP093A,particle,NATIVE_PARTICLE_IDENTITY_ASSIGNED_NO_KNOWN_LABEL,QP093A-0177|bound_composite_rows|OCTET_COMPOSITE|three_owner_color_closure|p=2+9+12|d=3|q=negative:7,,,,native_identity_no_external_label,no,CR119_DOWNSTREAM_ONLY_REVEAL
QP093A-0178,bound_composite_rows,color_triad[2+12+12],OCTET_COMPOSITE,three_owner_color_closure,2+12+12,3,negative,10,triadic_charge_axis,fermion_baryon_half_write,color_owner_closed,CLOSED_THREE_OWNER_WRITE,BOUND_COLOR_CLOSED_HEAVY_CANDIDATE,10512,negative_credit,depth=3,OCTET_COMPOSITE|depth=3|q_abs=10,-5.449652777777777777777777777777777777777777777777777777777777777777777777777777777777777777777777777,10517.44965277777777777777777777777777777777777777777777777777777777777777777777777777777777777777778,11247.82810088734567901234567901234567901234567901234567901234567901234567901234567901234567901234568,1405.97851261091820987654320987654320987654320987654320987654320987654320987654320987654320987654321,9841.84958827642746913580246913580246913580246913580246913580246913580246913580246913580246913580247,yes,,BOUND_MATTER_ROW_ALLOWED,particle_candidate,,yes,BOUND_MATTER_ROW_ALLOWED,QP093A,particle,NATIVE_PARTICLE_IDENTITY_ASSIGNED_NO_KNOWN_LABEL,QP093A-0178|bound_composite_rows|OCTET_COMPOSITE|three_owner_color_closure|p=2+12+12|d=3|q=negative:10,,,,native_identity_no_external_label,no,CR119_DOWNSTREAM_ONLY_REVEAL
QP093A-0179,bound_composite_rows,color_triad[3+3+3],GROUND_BARYON_3BODY,three_owner_color_closure,3+3+3,0,neutral,0,triadic_charge_axis,fermion_baryon_half_write,color_owner_closed,REJECT_NEGATIVE_OBSERVED_SURFACE,REJECTED_FAKE_CLOSURE,972,positive_debit,depth=0,GROUND_BARYON_3BODY|depth=0|q_abs=0,1215.00,-243.00,0,0,0,no,,REJECTED_NEGATIVE_SURFACE,particle_candidate,,no,REJECTED_NEGATIVE_SURFACE,QP093A,particle,NATIVE_PARTICLE_IDENTITY_ASSIGNED_NO_KNOWN_LABEL,QP093A-0179|bound_composite_rows|GROUND_BARYON_3BODY|three_owner_color_closure|p=3+3+3|d=0|q=neutral:0,,,,native_identity_no_external_label,no,CR119_DOWNSTREAM_ONLY_REVEAL
QP093A-0180,bound_composite_rows,color_triad[3+3+4],OCTET_COMPOSITE,three_owner_color_closure,3+3+4,3,positive,1,triadic_charge_axis,fermion_baryon_half_write,color_owner_closed,CLOSED_THREE_OWNER_WRITE,BOUND_COLOR_CLOSED_HEAVY_CANDIDATE,1224,positive_debit,depth=3,OCTET_COMPOSITE|depth=3|q_abs=1,0.1032986111111111111111111111111111111111111111111111111111111111111111111111111111111111111111111111,1223.896701388888888888888888888888888888888888888888888888888888888888888888888888888888888888888889,1232.395984037422839506172839506172839506172839506172839506172839506172839506172839506172839506172839,154.0494980046778549382716049382716049382716049382716049382716049382716049382716049382716049382716049,1078.346486032744984567901234567901234567901234567901234567901234567901234567901234567901234567901234,yes,,BOUND_MATTER_ROW_ALLOWED,particle_candidate,,yes,BOUND_MATTER_ROW_ALLOWED,QP093A,particle,NATIVE_PARTICLE_IDENTITY_ASSIGNED_NO_KNOWN_LABEL,QP093A-0180|bound_composite_rows|OCTET_COMPOSITE|three_owner_color_closure|p=3+3+4|d=3|q=positive:1,,,,native_identity_no_external_label,no,CR119_DOWNSTREAM_ONLY_REVEAL
QP093A-0181,bound_composite_rows,color_triad[3+3+6],GROUND_BARYON_3BODY,three_owner_color_closure,3+3+6,0,neutral,0,triadic_charge_axis,fermion_baryon_half_write,color_owner_closed,REJECT_NEGATIVE_OBSERVED_SURFACE,REJECTED_FAKE_CLOSURE,1944,positive_debit,depth=0,GROUND_BARYON_3BODY|depth=0|q_abs=0,2430.00,-486.00,0,0,0,no,,REJECTED_NEGATIVE_SURFACE,particle_candidate,,no,REJECTED_NEGATIVE_SURFACE,QP093A,particle,NATIVE_PARTICLE_IDENTITY_ASSIGNED_NO_KNOWN_LABEL,QP093A-0181|bound_composite_rows|GROUND_BARYON_3BODY|three_owner_color_closure|p=3+3+6|d=0|q=neutral:0,,,,native_identity_no_external_label,no,CR119_DOWNSTREAM_ONLY_REVEAL
QP093A-0182,bound_composite_rows,color_triad[3+3+8],OCTET_COMPOSITE,three_owner_color_closure,3+3+8,3,positive,2,triadic_charge_axis,fermion_baryon_half_write,color_owner_closed,CLOSED_THREE_OWNER_WRITE,BOUND_COLOR_CLOSED_HEAVY_CANDIDATE,2952,positive_debit,depth=3,OCTET_COMPOSITE|depth=3|q_abs=2,0.3914930555555555555555555555555555555555555555555555555555555555555555555555555555555555555555555555,2951.608506944444444444444444444444444444444444444444444444444444444444444444444444444444444444444444,2992.603069540895061728395061728395061728395061728395061728395061728395061728395061728395061728395062,374.0753836926118827160493827160493827160493827160493827160493827160493827160493827160493827160493828,2618.527685848283179012345679012345679012345679012345679012345679012345679012345679012345679012345679,yes,,BOUND_MATTER_ROW_ALLOWED,particle_candidate,,yes,BOUND_MATTER_ROW_ALLOWED,QP093A,particle,NATIVE_PARTICLE_IDENTITY_ASSIGNED_NO_KNOWN_LABEL,QP093A-0182|bound_composite_rows|OCTET_COMPOSITE|three_owner_color_closure|p=3+3+8|d=3|q=positive:2,,,,native_identity_no_external_label,no,CR119_DOWNSTREAM_ONLY_REVEAL
QP093A-0183,bound_composite_rows,color_triad[3+3+9],GROUND_BARYON_3BODY,three_owner_color_closure,3+3+9,0,neutral,0,triadic_charge_axis,fermion_baryon_half_write,color_owner_closed,REJECT_NEGATIVE_OBSERVED_SURFACE,REJECTED_FAKE_CLOSURE,3564,positive_debit,depth=0,GROUND_BARYON_3BODY|depth=0|q_abs=0,4455.00,-891.00,0,0,0,no,,REJECTED_NEGATIVE_SURFACE,particle_candidate,,no,REJECTED_NEGATIVE_SURFACE,QP093A,particle,NATIVE_PARTICLE_IDENTITY_ASSIGNED_NO_KNOWN_LABEL,QP093A-0183|bound_composite_rows|GROUND_BARYON_3BODY|three_owner_color_closure|p=3+3+9|d=0|q=neutral:0,,,,native_identity_no_external_label,no,CR119_DOWNSTREAM_ONLY_REVEAL
QP093A-0184,bound_composite_rows,color_triad[3+3+12],GROUND_BARYON_3BODY,three_owner_color_closure,3+3+12,0,neutral,0,triadic_charge_axis,fermion_baryon_half_write,color_owner_closed,REJECT_NEGATIVE_OBSERVED_SURFACE,REJECTED_FAKE_CLOSURE,5832,positive_debit,depth=0,GROUND_BARYON_3BODY|depth=0|q_abs=0,7290.00,-1458.00,0,0,0,no,,REJECTED_NEGATIVE_SURFACE,particle_candidate,,no,REJECTED_NEGATIVE_SURFACE,QP093A,particle,NATIVE_PARTICLE_IDENTITY_ASSIGNED_NO_KNOWN_LABEL,QP093A-0184|bound_composite_rows|GROUND_BARYON_3BODY|three_owner_color_closure|p=3+3+12|d=0|q=neutral:0,,,,native_identity_no_external_label,no,CR119_DOWNSTREAM_ONLY_REVEAL
QP093A-0185,bound_composite_rows,color_triad[3+4+4],OCTET_COMPOSITE,three_owner_color_closure,3+4+4,3,neutral,0,triadic_charge_axis,fermion_baryon_half_write,color_owner_closed,CLOSED_THREE_OWNER_WRITE,BOUND_COLOR_CLOSED_HEAVY_CANDIDATE,1476,positive_debit,depth=3,OCTET_COMPOSITE|depth=3|q_abs=0,0.9075520833333333333333333333333333333333333333333333333333333333333333333333333333333333333333333334,1475.092447916666666666666666666666666666666666666666666666666666666666666666666666666666666666666667,1475.092447916666666666666666666666666666666666666666666666666666666666666666666666666666666666666667,184.3865559895833333333333333333333333333333333333333333333333333333333333333333333333333333333333334,1290.705891927083333333333333333333333333333333333333333333333333333333333333333333333333333333333334,yes,,BOUND_MATTER_ROW_ALLOWED,particle_candidate,,yes,BOUND_MATTER_ROW_ALLOWED,QP093A,particle,NATIVE_PARTICLE_IDENTITY_ASSIGNED_NO_KNOWN_LABEL,QP093A-0185|bound_composite_rows|OCTET_COMPOSITE|three_owner_color_closure|p=3+4+4|d=3|q=neutral:0,,,,native_identity_no_external_label,no,CR119_DOWNSTREAM_ONLY_REVEAL
QP093A-0186,bound_composite_rows,color_triad[3+4+6],OCTET_COMPOSITE,three_owner_color_closure,3+4+6,3,negative,1,triadic_charge_axis,fermion_baryon_half_write,color_owner_closed,CLOSED_THREE_OWNER_WRITE,BOUND_COLOR_CLOSED_HEAVY_CANDIDATE,2196,negative_credit,depth=3,OCTET_COMPOSITE|depth=3|q_abs=1,-0.1853298611111111111111111111111111111111111111111111111111111111111111111111111111111111111111111110,2196.185329861111111111111111111111111111111111111111111111111111111111111111111111111111111111111111,2211.436616874035493827160493827160493827160493827160493827160493827160493827160493827160493827160493,276.4295771092544367283950617283950617283950617283950617283950617283950617283950617283950617283950616,1935.007039764781057098765432098765432098765432098765432098765432098765432098765432098765432098765431,yes,,BOUND_MATTER_ROW_ALLOWED,particle_candidate,,yes,BOUND_MATTER_ROW_ALLOWED,QP093A,particle,NATIVE_PARTICLE_IDENTITY_ASSIGNED_NO_KNOWN_LABEL,QP093A-0186|bound_composite_rows|OCTET_COMPOSITE|three_owner_color_closure|p=3+4+6|d=3|q=negative:1,,,,native_identity_no_external_label,no,CR119_DOWNSTREAM_ONLY_REVEAL
QP093A-0187,bound_composite_rows,color_triad[3+4+8],GROUND_BARYON_3BODY,three_owner_color_closure,3+4+8,0,positive,1,triadic_charge_axis,fermion_baryon_half_write,color_owner_closed,CLOSED_THREE_OWNER_WRITE,BOUND_COLOR_CLOSED_STABLE_CANDIDATE,3204,positive_debit,depth=0,GROUND_BARYON_3BODY|depth=0|q_abs=1,1068.000000000000000000000000000000000000000000000000000000000000000000000000000000000000000000000000,2136.000000000000000000000000000000000000000000000000000000000000000000000000000000000000000000000000,2150.833333333333333333333333333333333333333333333333333333333333333333333333333333333333333333333332,268.8541666666666666666666666666666666666666666666666666666666666666666666666666666666666666666666665,1881.979166666666666666666666666666666666666666666666666666666666666666666666666666666666666666666665,yes,,BOUND_MATTER_ROW_ALLOWED,particle_candidate,,yes,BOUND_MATTER_ROW_ALLOWED,QP093A,particle,NATIVE_PARTICLE_IDENTITY_ASSIGNED_NO_KNOWN_LABEL,QP093A-0187|bound_composite_rows|GROUND_BARYON_3BODY|three_owner_color_closure|p=3+4+8|d=0|q=positive:1,,,,native_identity_no_external_label,no,CR119_DOWNSTREAM_ONLY_REVEAL
QP093A-0188,bound_composite_rows,color_triad[3+4+9],OCTET_COMPOSITE,three_owner_color_closure,3+4+9,3,negative,1,triadic_charge_axis,fermion_baryon_half_write,color_owner_closed,CLOSED_THREE_OWNER_WRITE,BOUND_COLOR_CLOSED_HEAVY_CANDIDATE,3816,negative_credit,depth=3,OCTET_COMPOSITE|depth=3|q_abs=1,-0.3220486111111111111111111111111111111111111111111111111111111111111111111111111111111111111111111110,3816.322048611111111111111111111111111111111111111111111111111111111111111111111111111111111111111111,3842.824285059799382716049382716049382716049382716049382716049382716049382716049382716049382716049381,480.3530356324749228395061728395061728395061728395061728395061728395061728395061728395061728395061726,3362.471249427324459876543209876543209876543209876543209876543209876543209876543209876543209876543209,yes,,BOUND_MATTER_ROW_ALLOWED,particle_candidate,,yes,BOUND_MATTER_ROW_ALLOWED,QP093A,particle,NATIVE_PARTICLE_IDENTITY_ASSIGNED_NO_KNOWN_LABEL,QP093A-0188|bound_composite_rows|OCTET_COMPOSITE|three_owner_color_closure|p=3+4+9|d=3|q=negative:1,,,,native_identity_no_external_label,no,CR119_DOWNSTREAM_ONLY_REVEAL
QP093A-0189,bound_composite_rows,color_triad[3+4+12],OCTET_COMPOSITE,three_owner_color_closure,3+4+12,3,negative,1,triadic_charge_axis,fermion_baryon_half_write,color_owner_closed,CLOSED_THREE_OWNER_WRITE,BOUND_COLOR_CLOSED_HEAVY_CANDIDATE,6084,negative_credit,depth=3,OCTET_COMPOSITE|depth=3|q_abs=1,-0.5134548611111111111111111111111111111111111111111111111111111111111111111111111111111111111111111109,6084.513454861111111111111111111111111111111111111111111111111111111111111111111111111111111111111111,6126.767020519868827160493827160493827160493827160493827160493827160493827160493827160493827160493824,765.845877564983603395061728395061728395061728395061728395061728395061728395061728395061728395061728,5360.921142954885223765432098765432098765432098765432098765432098765432098765432098765432098765432096,yes,,BOUND_MATTER_ROW_ALLOWED,particle_candidate,,yes,BOUND_MATTER_ROW_ALLOWED,QP093A,particle,NATIVE_PARTICLE_IDENTITY_ASSIGNED_NO_KNOWN_LABEL,QP093A-0189|bound_composite_rows|OCTET_COMPOSITE|three_owner_color_closure|p=3+4+12|d=3|q=negative:1,,,,native_identity_no_external_label,no,CR119_DOWNSTREAM_ONLY_REVEAL
QP093A-0190,bound_composite_rows,color_triad[3+6+6],GROUND_BARYON_3BODY,three_owner_color_closure,3+6+6,0,negative,3,triadic_charge_axis,fermion_baryon_half_write,color_owner_closed,CLOSED_THREE_OWNER_WRITE,BOUND_COLOR_CLOSED_STABLE_CANDIDATE,2916,negative_credit,depth=0,GROUND_BARYON_3BODY|depth=0|q_abs=3,-1458.00,4374.00,4465.124999999999999999999999999999999999999999999999999999999999999999999999999999999999999999999999,558.1406249999999999999999999999999999999999999999999999999999999999999999999999999999999999999999999,3906.984374999999999999999999999999999999999999999999999999999999999999999999999999999999999999999999,yes,,BOUND_MATTER_ROW_ALLOWED,particle_candidate,,yes,BOUND_MATTER_ROW_ALLOWED,QP093A,particle,NATIVE_PARTICLE_IDENTITY_ASSIGNED_NO_KNOWN_LABEL,QP093A-0190|bound_composite_rows|GROUND_BARYON_3BODY|three_owner_color_closure|p=3+6+6|d=0|q=negative:3,,,,native_identity_no_external_label,no,CR119_DOWNSTREAM_ONLY_REVEAL
QP093A-0191,bound_composite_rows,color_triad[3+6+8],OCTET_COMPOSITE,three_owner_color_closure,3+6+8,3,negative,1,triadic_charge_axis,fermion_baryon_half_write,color_owner_closed,CLOSED_THREE_OWNER_WRITE,BOUND_COLOR_CLOSED_HEAVY_CANDIDATE,3924,negative_credit,depth=3,OCTET_COMPOSITE|depth=3|q_abs=1,-0.3311631944444444444444444444444444444444444444444444444444444444444444444444444444444444444444444443,3924.331163194444444444444444444444444444444444444444444444444444444444444444444444444444444444444444,3951.583462938850308641975308641975308641975308641975308641975308641975308641975308641975308641975306,493.9479328673562885802469135802469135802469135802469135802469135802469135802469135802469135802469132,3457.635530071494020061728395061728395061728395061728395061728395061728395061728395061728395061728392,yes,,BOUND_MATTER_ROW_ALLOWED,particle_candidate,,yes,BOUND_MATTER_ROW_ALLOWED,QP093A,particle,NATIVE_PARTICLE_IDENTITY_ASSIGNED_NO_KNOWN_LABEL,QP093A-0191|bound_composite_rows|OCTET_COMPOSITE|three_owner_color_closure|p=3+6+8|d=3|q=negative:1,,,,native_identity_no_external_label,no,CR119_DOWNSTREAM_ONLY_REVEAL
QP093A-0192,bound_composite_rows,color_triad[3+6+9],GROUND_BARYON_3BODY,three_owner_color_closure,3+6+9,0,negative,3,triadic_charge_axis,fermion_baryon_half_write,color_owner_closed,CLOSED_THREE_OWNER_WRITE,BOUND_COLOR_CLOSED_HEAVY_CANDIDATE,4536,negative_credit,depth=0,GROUND_BARYON_3BODY|depth=0|q_abs=3,-2268.00,6804.00,6945.749999999999999999999999999999999999999999999999999999999999999999999999999999999999999999999998,868.2187499999999999999999999999999999999999999999999999999999999999999999999999999999999999999999998,6077.531249999999999999999999999999999999999999999999999999999999999999999999999999999999999999999999,yes,,BOUND_MATTER_ROW_ALLOWED,particle_candidate,,yes,BOUND_MATTER_ROW_ALLOWED,QP093A,particle,NATIVE_PARTICLE_IDENTITY_ASSIGNED_NO_KNOWN_LABEL,QP093A-0192|bound_composite_rows|GROUND_BARYON_3BODY|three_owner_color_closure|p=3+6+9|d=0|q=negative:3,,,,native_identity_no_external_label,no,CR119_DOWNSTREAM_ONLY_REVEAL
QP093A-0193,bound_composite_rows,color_triad[3+6+12],GROUND_BARYON_3BODY,three_owner_color_closure,3+6+12,0,negative,3,triadic_charge_axis,fermion_baryon_half_write,color_owner_closed,CLOSED_THREE_OWNER_WRITE,BOUND_COLOR_CLOSED_HEAVY_CANDIDATE,6804,negative_credit,depth=0,GROUND_BARYON_3BODY|depth=0|q_abs=3,-3402.00,10206.00,10418.62500000000000000000000000000000000000000000000000000000000000000000000000000000000000000000000,1302.32812500000000000000000000000000000000000000000000000000000000000000000000000000000000000000000,9116.29687500000000000000000000000000000000000000000000000000000000000000000000000000000000000000000,yes,,BOUND_MATTER_ROW_ALLOWED,particle_candidate,,yes,BOUND_MATTER_ROW_ALLOWED,QP093A,particle,NATIVE_PARTICLE_IDENTITY_ASSIGNED_NO_KNOWN_LABEL,QP093A-0193|bound_composite_rows|GROUND_BARYON_3BODY|three_owner_color_closure|p=3+6+12|d=0|q=negative:3,,,,native_identity_no_external_label,no,CR119_DOWNSTREAM_ONLY_REVEAL
QP093A-0194,bound_composite_rows,color_triad[3+8+8],OCTET_COMPOSITE,three_owner_color_closure,3+8+8,3,negative,3,triadic_charge_axis,fermion_baryon_half_write,color_owner_closed,CLOSED_THREE_OWNER_WRITE,BOUND_COLOR_CLOSED_HEAVY_CANDIDATE,4932,negative_credit,depth=3,OCTET_COMPOSITE|depth=3|q_abs=3,-0.8919270833333333333333333333333333333333333333333333333333333333333333333333333333333333333333333334,4932.891927083333333333333333333333333333333333333333333333333333333333333333333333333333333333333333,5035.660508897569444444444444444444444444444444444444444444444444444444444444444444444444444444444442,629.4575636121961805555555555555555555555555555555555555555555555555555555555555555555555555555555552,4406.202945285373263888888888888888888888888888888888888888888888888888888888888888888888888888888886,yes,,BOUND_MATTER_ROW_ALLOWED,particle_candidate,,yes,BOUND_MATTER_ROW_ALLOWED,QP093A,particle,NATIVE_PARTICLE_IDENTITY_ASSIGNED_NO_KNOWN_LABEL,QP093A-0194|bound_composite_rows|OCTET_COMPOSITE|three_owner_color_closure|p=3+8+8|d=3|q=negative:3,,,,native_identity_no_external_label,no,CR119_DOWNSTREAM_ONLY_REVEAL
QP093A-0195,bound_composite_rows,color_triad[3+8+9],OCTET_COMPOSITE,three_owner_color_closure,3+8+9,3,negative,5,triadic_charge_axis,fermion_baryon_half_write,color_owner_closed,CLOSED_THREE_OWNER_WRITE,BOUND_COLOR_CLOSED_HEAVY_CANDIDATE,5544,negative_credit,depth=3,OCTET_COMPOSITE|depth=3|q_abs=5,-1.537326388888888888888888888888888888888888888888888888888888888888888888888888888888888888888888889,5545.537326388888888888888888888888888888888888888888888888888888888888888888888888888888888888888889,5738.090705777391975308641975308641975308641975308641975308641975308641975308641975308641975308641974,717.2613382221739969135802469135802469135802469135802469135802469135802469135802469135802469135802468,5020.829367555217978395061728395061728395061728395061728395061728395061728395061728395061728395061728,yes,,BOUND_MATTER_ROW_ALLOWED,particle_candidate,,yes,BOUND_MATTER_ROW_ALLOWED,QP093A,particle,NATIVE_PARTICLE_IDENTITY_ASSIGNED_NO_KNOWN_LABEL,QP093A-0195|bound_composite_rows|OCTET_COMPOSITE|three_owner_color_closure|p=3+8+9|d=3|q=negative:5,,,,native_identity_no_external_label,no,CR119_DOWNSTREAM_ONLY_REVEAL
QP093A-0196,bound_composite_rows,color_triad[3+8+12],OCTET_COMPOSITE,three_owner_color_closure,3+8+12,3,negative,5,triadic_charge_axis,fermion_baryon_half_write,color_owner_closed,CLOSED_THREE_OWNER_WRITE,BOUND_COLOR_CLOSED_HEAVY_CANDIDATE,7812,negative_credit,depth=3,OCTET_COMPOSITE|depth=3|q_abs=5,-2.166232638888888888888888888888888888888888888888888888888888888888888888888888888888888888888888889,7814.166232638888888888888888888888888888888888888888888888888888888888888888888888888888888888888889,8085.491449049961419753086419753086419753086419753086419753086419753086419753086419753086419753086418,1010.686431131245177469135802469135802469135802469135802469135802469135802469135802469135802469135802,7074.805017918716242283950617283950617283950617283950617283950617283950617283950617283950617283950616,yes,,BOUND_MATTER_ROW_ALLOWED,particle_candidate,,yes,BOUND_MATTER_ROW_ALLOWED,QP093A,particle,NATIVE_PARTICLE_IDENTITY_ASSIGNED_NO_KNOWN_LABEL,QP093A-0196|bound_composite_rows|OCTET_COMPOSITE|three_owner_color_closure|p=3+8+12|d=3|q=negative:5,,,,native_identity_no_external_label,no,CR119_DOWNSTREAM_ONLY_REVEAL
QP093A-0197,bound_composite_rows,color_triad[3+9+9],GROUND_BARYON_3BODY,three_owner_color_closure,3+9+9,0,negative,6,triadic_charge_axis,fermion_baryon_half_write,color_owner_closed,CLOSED_THREE_OWNER_WRITE,BOUND_COLOR_CLOSED_HEAVY_CANDIDATE,6156,negative_credit,depth=0,GROUND_BARYON_3BODY|depth=0|q_abs=6,-4617.00,10773.00,11221.87500000000000000000000000000000000000000000000000000000000000000000000000000000000000000000000,1402.73437500000000000000000000000000000000000000000000000000000000000000000000000000000000000000000,9819.14062500000000000000000000000000000000000000000000000000000000000000000000000000000000000000000,yes,,BOUND_MATTER_ROW_ALLOWED,particle_candidate,,yes,BOUND_MATTER_ROW_ALLOWED,QP093A,particle,NATIVE_PARTICLE_IDENTITY_ASSIGNED_NO_KNOWN_LABEL,QP093A-0197|bound_composite_rows|GROUND_BARYON_3BODY|three_owner_color_closure|p=3+9+9|d=0|q=negative:6,,,,native_identity_no_external_label,no,CR119_DOWNSTREAM_ONLY_REVEAL
QP093A-0198,bound_composite_rows,color_triad[3+9+12],GROUND_BARYON_3BODY,three_owner_color_closure,3+9+12,0,negative,6,triadic_charge_axis,fermion_baryon_half_write,color_owner_closed,CLOSED_THREE_OWNER_WRITE,BOUND_COLOR_CLOSED_HEAVY_CANDIDATE,8424,negative_credit,depth=0,GROUND_BARYON_3BODY|depth=0|q_abs=6,-6318.00,14742.00,15356.25000000000000000000000000000000000000000000000000000000000000000000000000000000000000000000000,1919.53125000000000000000000000000000000000000000000000000000000000000000000000000000000000000000000,13436.7187500000000000000000000000000000000000000000000000000000000000000000000000000000000000000000,yes,,BOUND_MATTER_ROW_ALLOWED,particle_candidate,,yes,BOUND_MATTER_ROW_ALLOWED,QP093A,particle,NATIVE_PARTICLE_IDENTITY_ASSIGNED_NO_KNOWN_LABEL,QP093A-0198|bound_composite_rows|GROUND_BARYON_3BODY|three_owner_color_closure|p=3+9+12|d=0|q=negative:6,,,,native_identity_no_external_label,no,CR119_DOWNSTREAM_ONLY_REVEAL
QP093A-0199,bound_composite_rows,color_triad[3+12+12],GROUND_BARYON_3BODY,three_owner_color_closure,3+12+12,0,negative,9,triadic_charge_axis,fermion_baryon_half_write,color_owner_closed,CLOSED_THREE_OWNER_WRITE,BOUND_COLOR_CLOSED_HEAVY_CANDIDATE,10692,negative_credit,depth=0,GROUND_BARYON_3BODY|depth=0|q_abs=9,-10692.00,21384.00,22720.500000,2840.062500,19880.437500,yes,,BOUND_MATTER_ROW_ALLOWED,particle_candidate,,yes,BOUND_MATTER_ROW_ALLOWED,QP093A,particle,NATIVE_PARTICLE_IDENTITY_ASSIGNED_NO_KNOWN_LABEL,QP093A-0199|bound_composite_rows|GROUND_BARYON_3BODY|three_owner_color_closure|p=3+12+12|d=0|q=negative:9,,,,native_identity_no_external_label,no,CR119_DOWNSTREAM_ONLY_REVEAL
QP093A-0200,bound_composite_rows,color_triad[4+4+4],GROUND_BARYON_3BODY,three_owner_color_closure,4+4+4,0,positive,1,triadic_charge_axis,fermion_baryon_half_write,color_owner_closed,CLOSED_THREE_OWNER_WRITE,BOUND_COLOR_CLOSED_STABLE_CANDIDATE,1728,positive_debit,depth=0,GROUND_BARYON_3BODY|depth=0|q_abs=1,575.9999999999999999999999999999999999999999999999999999999999999999999999999999999999999999999999999,1152.000000000000000000000000000000000000000000000000000000000000000000000000000000000000000000000000,1159.999999999999999999999999999999999999999999999999999999999999999999999999999999999999999999999999,144.9999999999999999999999999999999999999999999999999999999999999999999999999999999999999999999999999,1014.999999999999999999999999999999999999999999999999999999999999999999999999999999999999999999999999,yes,,BOUND_MATTER_ROW_ALLOWED,particle_candidate,,yes,BOUND_MATTER_ROW_ALLOWED,QP093A,particle,NATIVE_PARTICLE_IDENTITY_ASSIGNED_NO_KNOWN_LABEL,QP093A-0200|bound_composite_rows|GROUND_BARYON_3BODY|three_owner_color_closure|p=4+4+4|d=0|q=positive:1,,,,native_identity_no_external_label,no,CR119_DOWNSTREAM_ONLY_REVEAL
QP093A-0201,bound_composite_rows,color_triad[4+4+6],OCTET_COMPOSITE,three_owner_color_closure,4+4+6,3,neutral,0,triadic_charge_axis,fermion_baryon_half_write,color_owner_closed,CLOSED_THREE_OWNER_WRITE,BOUND_COLOR_CLOSED_HEAVY_CANDIDATE,2448,positive_debit,depth=3,OCTET_COMPOSITE|depth=3|q_abs=0,1.505208333333333333333333333333333333333333333333333333333333333333333333333333333333333333333333334,2446.494791666666666666666666666666666666666666666666666666666666666666666666666666666666666666666667,2446.494791666666666666666666666666666666666666666666666666666666666666666666666666666666666666666667,305.8118489583333333333333333333333333333333333333333333333333333333333333333333333333333333333333334,2140.682942708333333333333333333333333333333333333333333333333333333333333333333333333333333333333334,yes,,BOUND_MATTER_ROW_ALLOWED,particle_candidate,,yes,BOUND_MATTER_ROW_ALLOWED,QP093A,particle,NATIVE_PARTICLE_IDENTITY_ASSIGNED_NO_KNOWN_LABEL,QP093A-0201|bound_composite_rows|OCTET_COMPOSITE|three_owner_color_closure|p=4+4+6|d=3|q=neutral:0,,,,native_identity_no_external_label,no,CR119_DOWNSTREAM_ONLY_REVEAL
QP093A-0202,bound_composite_rows,color_triad[4+4+8],OCTET_COMPOSITE,three_owner_color_closure,4+4+8,3,positive,2,triadic_charge_axis,fermion_baryon_half_write,color_owner_closed,CLOSED_THREE_OWNER_WRITE,BOUND_COLOR_CLOSED_HEAVY_CANDIDATE,3456,positive_debit,depth=3,OCTET_COMPOSITE|depth=3|q_abs=2,0.4583333333333333333333333333333333333333333333333333333333333333333333333333333333333333333333333334,3455.541666666666666666666666666666666666666666666666666666666666666666666666666666666666666666666667,3503.535300925925925925925925925925925925925925925925925925925925925925925925925925925925925925925927,437.9419126157407407407407407407407407407407407407407407407407407407407407407407407407407407407407409,3065.593388310185185185185185185185185185185185185185185185185185185185185185185185185185185185185186,yes,,BOUND_MATTER_ROW_ALLOWED,particle_candidate,,yes,BOUND_MATTER_ROW_ALLOWED,QP093A,particle,NATIVE_PARTICLE_IDENTITY_ASSIGNED_NO_KNOWN_LABEL,QP093A-0202|bound_composite_rows|OCTET_COMPOSITE|three_owner_color_closure|p=4+4+8|d=3|q=positive:2,,,,native_identity_no_external_label,no,CR119_DOWNSTREAM_ONLY_REVEAL
QP093A-0203,bound_composite_rows,color_triad[4+4+9],OCTET_COMPOSITE,three_owner_color_closure,4+4+9,3,neutral,0,triadic_charge_axis,fermion_baryon_half_write,color_owner_closed,CLOSED_THREE_OWNER_WRITE,BOUND_COLOR_CLOSED_HEAVY_CANDIDATE,4068,positive_debit,depth=3,OCTET_COMPOSITE|depth=3|q_abs=0,2.501302083333333333333333333333333333333333333333333333333333333333333333333333333333333333333333334,4065.498697916666666666666666666666666666666666666666666666666666666666666666666666666666666666666667,4065.498697916666666666666666666666666666666666666666666666666666666666666666666666666666666666666667,508.1873372395833333333333333333333333333333333333333333333333333333333333333333333333333333333333334,3557.311360677083333333333333333333333333333333333333333333333333333333333333333333333333333333333334,yes,,BOUND_MATTER_ROW_ALLOWED,particle_candidate,,yes,BOUND_MATTER_ROW_ALLOWED,QP093A,particle,NATIVE_PARTICLE_IDENTITY_ASSIGNED_NO_KNOWN_LABEL,QP093A-0203|bound_composite_rows|OCTET_COMPOSITE|three_owner_color_closure|p=4+4+9|d=3|q=neutral:0,,,,native_identity_no_external_label,no,CR119_DOWNSTREAM_ONLY_REVEAL
QP093A-0204,bound_composite_rows,color_triad[4+4+12],OCTET_COMPOSITE,three_owner_color_closure,4+4+12,3,neutral,0,triadic_charge_axis,fermion_baryon_half_write,color_owner_closed,CLOSED_THREE_OWNER_WRITE,BOUND_COLOR_CLOSED_HEAVY_CANDIDATE,6336,positive_debit,depth=3,OCTET_COMPOSITE|depth=3|q_abs=0,3.895833333333333333333333333333333333333333333333333333333333333333333333333333333333333333333333334,6332.104166666666666666666666666666666666666666666666666666666666666666666666666666666666666666666667,6332.104166666666666666666666666666666666666666666666666666666666666666666666666666666666666666666667,791.5130208333333333333333333333333333333333333333333333333333333333333333333333333333333333333333334,5540.591145833333333333333333333333333333333333333333333333333333333333333333333333333333333333333334,yes,,BOUND_MATTER_ROW_ALLOWED,particle_candidate,,yes,BOUND_MATTER_ROW_ALLOWED,QP093A,particle,NATIVE_PARTICLE_IDENTITY_ASSIGNED_NO_KNOWN_LABEL,QP093A-0204|bound_composite_rows|OCTET_COMPOSITE|three_owner_color_closure|p=4+4+12|d=3|q=neutral:0,,,,native_identity_no_external_label,no,CR119_DOWNSTREAM_ONLY_REVEAL
QP093A-0205,bound_composite_rows,color_triad[4+6+6],OCTET_COMPOSITE,three_owner_color_closure,4+6+6,3,negative,2,triadic_charge_axis,fermion_baryon_half_write,color_owner_closed,CLOSED_THREE_OWNER_WRITE,BOUND_COLOR_CLOSED_HEAVY_CANDIDATE,3168,negative_credit,depth=3,OCTET_COMPOSITE|depth=3|q_abs=2,-0.4201388888888888888888888888888888888888888888888888888888888888888888888888888888888888888888888889,3168.420138888888888888888888888888888888888888888888888888888888888888888888888888888888888888888889,3212.425974151234567901234567901234567901234567901234567901234567901234567901234567901234567901234568,401.553246768904320987654320987654320987654320987654320987654320987654320987654320987654320987654321,2810.872727382330246913580246913580246913580246913580246913580246913580246913580246913580246913580248,yes,,BOUND_MATTER_ROW_ALLOWED,particle_candidate,,yes,BOUND_MATTER_ROW_ALLOWED,QP093A,particle,NATIVE_PARTICLE_IDENTITY_ASSIGNED_NO_KNOWN_LABEL,QP093A-0205|bound_composite_rows|OCTET_COMPOSITE|three_owner_color_closure|p=4+6+6|d=3|q=negative:2,,,,native_identity_no_external_label,no,CR119_DOWNSTREAM_ONLY_REVEAL
QP093A-0206,bound_composite_rows,color_triad[4+6+8],GROUND_BARYON_3BODY,three_owner_color_closure,4+6+8,0,neutral,0,triadic_charge_axis,fermion_baryon_half_write,color_owner_closed,REJECT_NEGATIVE_OBSERVED_SURFACE,REJECTED_FAKE_CLOSURE,4176,positive_debit,depth=0,GROUND_BARYON_3BODY|depth=0|q_abs=0,5220.00,-1044.00,0,0,0,no,,REJECTED_NEGATIVE_SURFACE,particle_candidate,,no,REJECTED_NEGATIVE_SURFACE,QP093A,particle,NATIVE_PARTICLE_IDENTITY_ASSIGNED_NO_KNOWN_LABEL,QP093A-0206|bound_composite_rows|GROUND_BARYON_3BODY|three_owner_color_closure|p=4+6+8|d=0|q=neutral:0,,,,native_identity_no_external_label,no,CR119_DOWNSTREAM_ONLY_REVEAL
QP093A-0207,bound_composite_rows,color_triad[4+6+9],OCTET_COMPOSITE,three_owner_color_closure,4+6+9,3,negative,2,triadic_charge_axis,fermion_baryon_half_write,color_owner_closed,CLOSED_THREE_OWNER_WRITE,BOUND_COLOR_CLOSED_HEAVY_CANDIDATE,4788,negative_credit,depth=3,OCTET_COMPOSITE|depth=3|q_abs=2,-0.6349826388888888888888888888888888888888888888888888888888888888888888888888888888888888888888888889,4788.634982638888888888888888888888888888888888888888888888888888888888888888888888888888888888888889,4855.143801842206790123456790123456790123456790123456790123456790123456790123456790123456790123456791,606.8929752302758487654320987654320987654320987654320987654320987654320987654320987654320987654320989,4248.250826611930941358024691358024691358024691358024691358024691358024691358024691358024691358024692,yes,,BOUND_MATTER_ROW_ALLOWED,particle_candidate,,yes,BOUND_MATTER_ROW_ALLOWED,QP093A,particle,NATIVE_PARTICLE_IDENTITY_ASSIGNED_NO_KNOWN_LABEL,QP093A-0207|bound_composite_rows|OCTET_COMPOSITE|three_owner_color_closure|p=4+6+9|d=3|q=negative:2,,,,native_identity_no_external_label,no,CR119_DOWNSTREAM_ONLY_REVEAL
QP093A-0208,bound_composite_rows,color_triad[4+6+12],OCTET_COMPOSITE,three_owner_color_closure,4+6+12,3,negative,2,triadic_charge_axis,fermion_baryon_half_write,color_owner_closed,CLOSED_THREE_OWNER_WRITE,BOUND_COLOR_CLOSED_HEAVY_CANDIDATE,7056,negative_credit,depth=3,OCTET_COMPOSITE|depth=3|q_abs=2,-0.9357638888888888888888888888888888888888888888888888888888888888888888888888888888888888888888888889,7056.935763888888888888888888888888888888888888888888888888888888888888888888888888888888888888888889,7154.948760609567901234567901234567901234567901234567901234567901234567901234567901234567901234567902,894.3685950761959876543209876543209876543209876543209876543209876543209876543209876543209876543209878,6260.580165533371913580246913580246913580246913580246913580246913580246913580246913580246913580246914,yes,,BOUND_MATTER_ROW_ALLOWED,particle_candidate,,yes,BOUND_MATTER_ROW_ALLOWED,QP093A,particle,NATIVE_PARTICLE_IDENTITY_ASSIGNED_NO_KNOWN_LABEL,QP093A-0208|bound_composite_rows|OCTET_COMPOSITE|three_owner_color_closure|p=4+6+12|d=3|q=negative:2,,,,native_identity_no_external_label,no,CR119_DOWNSTREAM_ONLY_REVEAL
QP093A-0209,bound_composite_rows,color_triad[4+8+8],OCTET_COMPOSITE,three_owner_color_closure,4+8+8,3,negative,2,triadic_charge_axis,fermion_baryon_half_write,color_owner_closed,CLOSED_THREE_OWNER_WRITE,BOUND_COLOR_CLOSED_HEAVY_CANDIDATE,5184,negative_credit,depth=3,OCTET_COMPOSITE|depth=3|q_abs=2,-0.6875000000000000000000000000000000000000000000000000000000000000000000000000000000000000000000000001,5184.687500000000000000000000000000000000000000000000000000000000000000000000000000000000000000000000,5256.697048611111111111111111111111111111111111111111111111111111111111111111111111111111111111111112,657.087131076388888888888888888888888888888888888888888888888888888888888888888888888888888888888889,4599.609917534722222222222222222222222222222222222222222222222222222222222222222222222222222222222222,yes,,BOUND_MATTER_ROW_ALLOWED,particle_candidate,,yes,BOUND_MATTER_ROW_ALLOWED,QP093A,particle,NATIVE_PARTICLE_IDENTITY_ASSIGNED_NO_KNOWN_LABEL,QP093A-0209|bound_composite_rows|OCTET_COMPOSITE|three_owner_color_closure|p=4+8+8|d=3|q=negative:2,,,,native_identity_no_external_label,no,CR119_DOWNSTREAM_ONLY_REVEAL
QP093A-0210,bound_composite_rows,color_triad[4+8+9],GROUND_BARYON_3BODY,three_owner_color_closure,4+8+9,0,negative,4,triadic_charge_axis,fermion_baryon_half_write,color_owner_closed,CLOSED_THREE_OWNER_WRITE,BOUND_COLOR_CLOSED_HEAVY_CANDIDATE,5796,negative_credit,depth=0,GROUND_BARYON_3BODY|depth=0|q_abs=4,-3381.000000000000000000000000000000000000000000000000000000000000000000000000000000000000000000000000,9177.000000000000000000000000000000000000000000000000000000000000000000000000000000000000000000000000,9431.916666666666666666666666666666666666666666666666666666666666666666666666666666666666666666666669,1178.989583333333333333333333333333333333333333333333333333333333333333333333333333333333333333333334,8252.927083333333333333333333333333333333333333333333333333333333333333333333333333333333333333333335,yes,,BOUND_MATTER_ROW_ALLOWED,particle_candidate,,yes,BOUND_MATTER_ROW_ALLOWED,QP093A,particle,NATIVE_PARTICLE_IDENTITY_ASSIGNED_NO_KNOWN_LABEL,QP093A-0210|bound_composite_rows|GROUND_BARYON_3BODY|three_owner_color_closure|p=4+8+9|d=0|q=negative:4,,,,native_identity_no_external_label,no,CR119_DOWNSTREAM_ONLY_REVEAL
QP093A-0211,bound_composite_rows,color_triad[4+8+12],GROUND_BARYON_3BODY,three_owner_color_closure,4+8+12,0,negative,4,triadic_charge_axis,fermion_baryon_half_write,color_owner_closed,CLOSED_THREE_OWNER_WRITE,BOUND_COLOR_CLOSED_HEAVY_CANDIDATE,8064,negative_credit,depth=0,GROUND_BARYON_3BODY|depth=0|q_abs=4,-4704.000000000000000000000000000000000000000000000000000000000000000000000000000000000000000000000000,12768.00000000000000000000000000000000000000000000000000000000000000000000000000000000000000000000000,13122.66666666666666666666666666666666666666666666666666666666666666666666666666666666666666666666667,1640.333333333333333333333333333333333333333333333333333333333333333333333333333333333333333333333334,11482.33333333333333333333333333333333333333333333333333333333333333333333333333333333333333333333334,yes,,BOUND_MATTER_ROW_ALLOWED,particle_candidate,,yes,BOUND_MATTER_ROW_ALLOWED,QP093A,particle,NATIVE_PARTICLE_IDENTITY_ASSIGNED_NO_KNOWN_LABEL,QP093A-0211|bound_composite_rows|GROUND_BARYON_3BODY|three_owner_color_closure|p=4+8+12|d=0|q=negative:4,,,,native_identity_no_external_label,no,CR119_DOWNSTREAM_ONLY_REVEAL
QP093A-0212,bound_composite_rows,color_triad[4+9+9],OCTET_COMPOSITE,three_owner_color_closure,4+9+9,3,negative,5,triadic_charge_axis,fermion_baryon_half_write,color_owner_closed,CLOSED_THREE_OWNER_WRITE,BOUND_COLOR_CLOSED_HEAVY_CANDIDATE,6408,negative_credit,depth=3,OCTET_COMPOSITE|depth=3|q_abs=5,-1.776909722222222222222222222222222222222222222222222222222222222222222222222222222222222222222222222,6409.776909722222222222222222222222222222222222222222222222222222222222222222222222222222222222222222,6632.338607976466049382716049382716049382716049382716049382716049382716049382716049382716049382716048,829.042325997058256172839506172839506172839506172839506172839506172839506172839506172839506172839506,5803.296281979407793209876543209876543209876543209876543209876543209876543209876543209876543209876542,yes,,BOUND_MATTER_ROW_ALLOWED,particle_candidate,,yes,BOUND_MATTER_ROW_ALLOWED,QP093A,particle,NATIVE_PARTICLE_IDENTITY_ASSIGNED_NO_KNOWN_LABEL,QP093A-0212|bound_composite_rows|OCTET_COMPOSITE|three_owner_color_closure|p=4+9+9|d=3|q=negative:5,,,,native_identity_no_external_label,no,CR119_DOWNSTREAM_ONLY_REVEAL
QP093A-0213,bound_composite_rows,color_triad[4+9+12],OCTET_COMPOSITE,three_owner_color_closure,4+9+12,3,negative,5,triadic_charge_axis,fermion_baryon_half_write,color_owner_closed,CLOSED_THREE_OWNER_WRITE,BOUND_COLOR_CLOSED_HEAVY_CANDIDATE,8676,negative_credit,depth=3,OCTET_COMPOSITE|depth=3|q_abs=5,-2.405815972222222222222222222222222222222222222222222222222222222222222222222222222222222222222222222,8678.405815972222222222222222222222222222222222222222222222222222222222222222222222222222222222222222,8979.739351249035493827160493827160493827160493827160493827160493827160493827160493827160493827160492,1122.467418906129436728395061728395061728395061728395061728395061728395061728395061728395061728395062,7857.27193234290605709876543209876543209876543209876543209876543209876543209876543209876543209876543,yes,,BOUND_MATTER_ROW_ALLOWED,particle_candidate,,yes,BOUND_MATTER_ROW_ALLOWED,QP093A,particle,NATIVE_PARTICLE_IDENTITY_ASSIGNED_NO_KNOWN_LABEL,QP093A-0213|bound_composite_rows|OCTET_COMPOSITE|three_owner_color_closure|p=4+9+12|d=3|q=negative:5,,,,native_identity_no_external_label,no,CR119_DOWNSTREAM_ONLY_REVEAL
QP093A-0214,bound_composite_rows,color_triad[4+12+12],OCTET_COMPOSITE,three_owner_color_closure,4+12+12,3,negative,8,triadic_charge_axis,fermion_baryon_half_write,color_owner_closed,CLOSED_THREE_OWNER_WRITE,BOUND_COLOR_CLOSED_HEAVY_CANDIDATE,10944,negative_credit,depth=3,OCTET_COMPOSITE|depth=3|q_abs=8,-4.618055555555555555555555555555555555555555555555555555555555555555555555555555555555555555555555556,10948.61805555555555555555555555555555555555555555555555555555555555555555555555555555555555555555556,11556.87461419753086419753086419753086419753086419753086419753086419753086419753086419753086419753087,1444.609326774691358024691358024691358024691358024691358024691358024691358024691358024691358024691359,10112.26528742283950617283950617283950617283950617283950617283950617283950617283950617283950617283951,yes,,BOUND_MATTER_ROW_ALLOWED,particle_candidate,,yes,BOUND_MATTER_ROW_ALLOWED,QP093A,particle,NATIVE_PARTICLE_IDENTITY_ASSIGNED_NO_KNOWN_LABEL,QP093A-0214|bound_composite_rows|OCTET_COMPOSITE|three_owner_color_closure|p=4+12+12|d=3|q=negative:8,,,,native_identity_no_external_label,no,CR119_DOWNSTREAM_ONLY_REVEAL
QP093A-0215,bound_composite_rows,color_triad[6+6+6],GROUND_BARYON_3BODY,three_owner_color_closure,6+6+6,0,neutral,0,triadic_charge_axis,fermion_baryon_half_write,color_owner_closed,REJECT_NEGATIVE_OBSERVED_SURFACE,REJECTED_FAKE_CLOSURE,3888,positive_debit,depth=0,GROUND_BARYON_3BODY|depth=0|q_abs=0,4860.00,-972.00,0,0,0,no,,REJECTED_NEGATIVE_SURFACE,particle_candidate,,no,REJECTED_NEGATIVE_SURFACE,QP093A,particle,NATIVE_PARTICLE_IDENTITY_ASSIGNED_NO_KNOWN_LABEL,QP093A-0215|bound_composite_rows|GROUND_BARYON_3BODY|three_owner_color_closure|p=6+6+6|d=0|q=neutral:0,,,,native_identity_no_external_label,no,CR119_DOWNSTREAM_ONLY_REVEAL
QP093A-0216,bound_composite_rows,color_triad[6+6+8],OCTET_COMPOSITE,three_owner_color_closure,6+6+8,3,positive,2,triadic_charge_axis,fermion_baryon_half_write,color_owner_closed,CLOSED_THREE_OWNER_WRITE,BOUND_COLOR_CLOSED_HEAVY_CANDIDATE,4896,positive_debit,depth=3,OCTET_COMPOSITE|depth=3|q_abs=2,0.6493055555555555555555555555555555555555555555555555555555555555555555555555555555555555555555555556,4895.350694444444444444444444444444444444444444444444444444444444444444444444444444444444444444444444,4963.341676311728395061728395061728395061728395061728395061728395061728395061728395061728395061728395,620.4177095389660493827160493827160493827160493827160493827160493827160493827160493827160493827160494,4342.923966772762345679012345679012345679012345679012345679012345679012345679012345679012345679012345,yes,,BOUND_MATTER_ROW_ALLOWED,particle_candidate,,yes,BOUND_MATTER_ROW_ALLOWED,QP093A,particle,NATIVE_PARTICLE_IDENTITY_ASSIGNED_NO_KNOWN_LABEL,QP093A-0216|bound_composite_rows|OCTET_COMPOSITE|three_owner_color_closure|p=6+6+8|d=3|q=positive:2,,,,native_identity_no_external_label,no,CR119_DOWNSTREAM_ONLY_REVEAL
QP093A-0217,bound_composite_rows,color_triad[6+6+9],GROUND_BARYON_3BODY,three_owner_color_closure,6+6+9,0,neutral,0,triadic_charge_axis,fermion_baryon_half_write,color_owner_closed,REJECT_NEGATIVE_OBSERVED_SURFACE,REJECTED_FAKE_CLOSURE,5508,positive_debit,depth=0,GROUND_BARYON_3BODY|depth=0|q_abs=0,6885.00,-1377.00,0,0,0,no,,REJECTED_NEGATIVE_SURFACE,particle_candidate,,no,REJECTED_NEGATIVE_SURFACE,QP093A,particle,NATIVE_PARTICLE_IDENTITY_ASSIGNED_NO_KNOWN_LABEL,QP093A-0217|bound_composite_rows|GROUND_BARYON_3BODY|three_owner_color_closure|p=6+6+9|d=0|q=neutral:0,,,,native_identity_no_external_label,no,CR119_DOWNSTREAM_ONLY_REVEAL
QP093A-0218,bound_composite_rows,color_triad[6+6+12],GROUND_BARYON_3BODY,three_owner_color_closure,6+6+12,0,neutral,0,triadic_charge_axis,fermion_baryon_half_write,color_owner_closed,REJECT_NEGATIVE_OBSERVED_SURFACE,REJECTED_FAKE_CLOSURE,7776,positive_debit,depth=0,GROUND_BARYON_3BODY|depth=0|q_abs=0,9720.00,-1944.00,0,0,0,no,,REJECTED_NEGATIVE_SURFACE,particle_candidate,,no,REJECTED_NEGATIVE_SURFACE,QP093A,particle,NATIVE_PARTICLE_IDENTITY_ASSIGNED_NO_KNOWN_LABEL,QP093A-0218|bound_composite_rows|GROUND_BARYON_3BODY|three_owner_color_closure|p=6+6+12|d=0|q=neutral:0,,,,native_identity_no_external_label,no,CR119_DOWNSTREAM_ONLY_REVEAL
QP093A-0219,bound_composite_rows,color_triad[6+8+8],OCTET_COMPOSITE,three_owner_color_closure,6+8+8,3,neutral,0,triadic_charge_axis,fermion_baryon_half_write,color_owner_closed,CLOSED_THREE_OWNER_WRITE,BOUND_COLOR_CLOSED_HEAVY_CANDIDATE,5904,positive_debit,depth=3,OCTET_COMPOSITE|depth=3|q_abs=0,3.630208333333333333333333333333333333333333333333333333333333333333333333333333333333333333333333334,5900.369791666666666666666666666666666666666666666666666666666666666666666666666666666666666666666667,5900.369791666666666666666666666666666666666666666666666666666666666666666666666666666666666666666667,737.5462239583333333333333333333333333333333333333333333333333333333333333333333333333333333333333334,5162.823567708333333333333333333333333333333333333333333333333333333333333333333333333333333333333334,yes,,BOUND_MATTER_ROW_ALLOWED,particle_candidate,,yes,BOUND_MATTER_ROW_ALLOWED,QP093A,particle,NATIVE_PARTICLE_IDENTITY_ASSIGNED_NO_KNOWN_LABEL,QP093A-0219|bound_composite_rows|OCTET_COMPOSITE|three_owner_color_closure|p=6+8+8|d=3|q=neutral:0,,,,native_identity_no_external_label,no,CR119_DOWNSTREAM_ONLY_REVEAL
QP093A-0220,bound_composite_rows,color_triad[6+8+9],OCTET_COMPOSITE,three_owner_color_closure,6+8+9,3,negative,2,triadic_charge_axis,fermion_baryon_half_write,color_owner_closed,CLOSED_THREE_OWNER_WRITE,BOUND_COLOR_CLOSED_HEAVY_CANDIDATE,6516,negative_credit,depth=3,OCTET_COMPOSITE|depth=3|q_abs=2,-0.8641493055555555555555555555555555555555555555555555555555555555555555555555555555555555555555555556,6516.864149305555555555555555555555555555555555555555555555555555555555555555555555555555555555555556,6607.376151379243827160493827160493827160493827160493827160493827160493827160493827160493827160493828,825.9220189224054783950617283950617283950617283950617283950617283950617283950617283950617283950617285,5781.45413245683834876543209876543209876543209876543209876543209876543209876543209876543209876543210,yes,,BOUND_MATTER_ROW_ALLOWED,particle_candidate,,yes,BOUND_MATTER_ROW_ALLOWED,QP093A,particle,NATIVE_PARTICLE_IDENTITY_ASSIGNED_NO_KNOWN_LABEL,QP093A-0220|bound_composite_rows|OCTET_COMPOSITE|three_owner_color_closure|p=6+8+9|d=3|q=negative:2,,,,native_identity_no_external_label,no,CR119_DOWNSTREAM_ONLY_REVEAL
QP093A-0221,bound_composite_rows,color_triad[6+8+12],OCTET_COMPOSITE,three_owner_color_closure,6+8+12,3,negative,2,triadic_charge_axis,fermion_baryon_half_write,color_owner_closed,CLOSED_THREE_OWNER_WRITE,BOUND_COLOR_CLOSED_HEAVY_CANDIDATE,8784,negative_credit,depth=3,OCTET_COMPOSITE|depth=3|q_abs=2,-1.164930555555555555555555555555555555555555555555555555555555555555555555555555555555555555555555556,8785.164930555555555555555555555555555555555555555555555555555555555555555555555555555555555555555556,8907.181110146604938271604938271604938271604938271604938271604938271604938271604938271604938271604940,1113.397638768325617283950617283950617283950617283950617283950617283950617283950617283950617283950618,7793.783471378279320987654320987654320987654320987654320987654320987654320987654320987654320987654322,yes,,BOUND_MATTER_ROW_ALLOWED,particle_candidate,,yes,BOUND_MATTER_ROW_ALLOWED,QP093A,particle,NATIVE_PARTICLE_IDENTITY_ASSIGNED_NO_KNOWN_LABEL,QP093A-0221|bound_composite_rows|OCTET_COMPOSITE|three_owner_color_closure|p=6+8+12|d=3|q=negative:2,,,,native_identity_no_external_label,no,CR119_DOWNSTREAM_ONLY_REVEAL
QP093A-0222,bound_composite_rows,color_triad[6+9+9],GROUND_BARYON_3BODY,three_owner_color_closure,6+9+9,0,negative,3,triadic_charge_axis,fermion_baryon_half_write,color_owner_closed,CLOSED_THREE_OWNER_WRITE,BOUND_COLOR_CLOSED_HEAVY_CANDIDATE,7128,negative_credit,depth=0,GROUND_BARYON_3BODY|depth=0|q_abs=3,-3564.00,10692.00,10914.75000000000000000000000000000000000000000000000000000000000000000000000000000000000000000000000,1364.34375000000000000000000000000000000000000000000000000000000000000000000000000000000000000000000,9550.40625000000000000000000000000000000000000000000000000000000000000000000000000000000000000000000,yes,,BOUND_MATTER_ROW_ALLOWED,particle_candidate,,yes,BOUND_MATTER_ROW_ALLOWED,QP093A,particle,NATIVE_PARTICLE_IDENTITY_ASSIGNED_NO_KNOWN_LABEL,QP093A-0222|bound_composite_rows|GROUND_BARYON_3BODY|three_owner_color_closure|p=6+9+9|d=0|q=negative:3,,,,native_identity_no_external_label,no,CR119_DOWNSTREAM_ONLY_REVEAL
QP093A-0223,bound_composite_rows,color_triad[6+9+12],GROUND_BARYON_3BODY,three_owner_color_closure,6+9+12,0,negative,3,triadic_charge_axis,fermion_baryon_half_write,color_owner_closed,CLOSED_THREE_OWNER_WRITE,BOUND_COLOR_CLOSED_HEAVY_CANDIDATE,9396,negative_credit,depth=0,GROUND_BARYON_3BODY|depth=0|q_abs=3,-4698.00,14094.00,14387.62500000000000000000000000000000000000000000000000000000000000000000000000000000000000000000000,1798.45312500000000000000000000000000000000000000000000000000000000000000000000000000000000000000000,12589.1718750000000000000000000000000000000000000000000000000000000000000000000000000000000000000000,yes,,BOUND_MATTER_ROW_ALLOWED,particle_candidate,,yes,BOUND_MATTER_ROW_ALLOWED,QP093A,particle,NATIVE_PARTICLE_IDENTITY_ASSIGNED_NO_KNOWN_LABEL,QP093A-0223|bound_composite_rows|GROUND_BARYON_3BODY|three_owner_color_closure|p=6+9+12|d=0|q=negative:3,,,,native_identity_no_external_label,no,CR119_DOWNSTREAM_ONLY_REVEAL
QP093A-0224,bound_composite_rows,color_triad[6+12+12],GROUND_BARYON_3BODY,three_owner_color_closure,6+12+12,0,negative,6,triadic_charge_axis,fermion_baryon_half_write,color_owner_closed,CLOSED_THREE_OWNER_WRITE,BOUND_COLOR_CLOSED_HEAVY_CANDIDATE,11664,negative_credit,depth=0,GROUND_BARYON_3BODY|depth=0|q_abs=6,-8748.00,20412.00,21262.50000000000000000000000000000000000000000000000000000000000000000000000000000000000000000000001,2657.812500000000000000000000000000000000000000000000000000000000000000000000000000000000000000000001,18604.68750000000000000000000000000000000000000000000000000000000000000000000000000000000000000000001,yes,,BOUND_MATTER_ROW_ALLOWED,particle_candidate,,yes,BOUND_MATTER_ROW_ALLOWED,QP093A,particle,NATIVE_PARTICLE_IDENTITY_ASSIGNED_NO_KNOWN_LABEL,QP093A-0224|bound_composite_rows|GROUND_BARYON_3BODY|three_owner_color_closure|p=6+12+12|d=0|q=negative:6,,,,native_identity_no_external_label,no,CR119_DOWNSTREAM_ONLY_REVEAL
QP093A-0225,bound_composite_rows,color_triad[8+8+8],GROUND_BARYON_3BODY,three_owner_color_closure,8+8+8,0,positive,2,triadic_charge_axis,fermion_baryon_half_write,color_owner_closed,CLOSED_THREE_OWNER_WRITE,BOUND_COLOR_CLOSED_STABLE_CANDIDATE,6912,positive_debit,depth=0,GROUND_BARYON_3BODY|depth=0|q_abs=2,2880.000000000000000000000000000000000000000000000000000000000000000000000000000000000000000000000000,4032.000000000000000000000000000000000000000000000000000000000000000000000000000000000000000000000000,4088.000000000000000000000000000000000000000000000000000000000000000000000000000000000000000000000000,511.000000000000000000000000000000000000000000000000000000000000000000000000000000000000000000000000,3577.00000000000000000000000000000000000000000000000000000000000000000000000000000000000000000000000,yes,,BOUND_MATTER_ROW_ALLOWED,particle_candidate,,yes,BOUND_MATTER_ROW_ALLOWED,QP093A,particle,NATIVE_PARTICLE_IDENTITY_ASSIGNED_NO_KNOWN_LABEL,QP093A-0225|bound_composite_rows|GROUND_BARYON_3BODY|three_owner_color_closure|p=8+8+8|d=0|q=positive:2,,,,native_identity_no_external_label,no,CR119_DOWNSTREAM_ONLY_REVEAL
QP093A-0226,bound_composite_rows,color_triad[8+8+9],OCTET_COMPOSITE,three_owner_color_closure,8+8+9,3,neutral,0,triadic_charge_axis,fermion_baryon_half_write,color_owner_closed,CLOSED_THREE_OWNER_WRITE,BOUND_COLOR_CLOSED_HEAVY_CANDIDATE,7524,positive_debit,depth=3,OCTET_COMPOSITE|depth=3|q_abs=0,4.626302083333333333333333333333333333333333333333333333333333333333333333333333333333333333333333334,7519.373697916666666666666666666666666666666666666666666666666666666666666666666666666666666666666667,7519.373697916666666666666666666666666666666666666666666666666666666666666666666666666666666666666667,939.9217122395833333333333333333333333333333333333333333333333333333333333333333333333333333333333334,6579.451985677083333333333333333333333333333333333333333333333333333333333333333333333333333333333334,yes,,BOUND_MATTER_ROW_ALLOWED,particle_candidate,,yes,BOUND_MATTER_ROW_ALLOWED,QP093A,particle,NATIVE_PARTICLE_IDENTITY_ASSIGNED_NO_KNOWN_LABEL,QP093A-0226|bound_composite_rows|OCTET_COMPOSITE|three_owner_color_closure|p=8+8+9|d=3|q=neutral:0,,,,native_identity_no_external_label,no,CR119_DOWNSTREAM_ONLY_REVEAL
QP093A-0227,bound_composite_rows,color_triad[8+8+12],OCTET_COMPOSITE,three_owner_color_closure,8+8+12,3,neutral,0,triadic_charge_axis,fermion_baryon_half_write,color_owner_closed,CLOSED_THREE_OWNER_WRITE,BOUND_COLOR_CLOSED_HEAVY_CANDIDATE,9792,positive_debit,depth=3,OCTET_COMPOSITE|depth=3|q_abs=0,6.020833333333333333333333333333333333333333333333333333333333333333333333333333333333333333333333334,9785.979166666666666666666666666666666666666666666666666666666666666666666666666666666666666666666667,9785.979166666666666666666666666666666666666666666666666666666666666666666666666666666666666666666667,1223.247395833333333333333333333333333333333333333333333333333333333333333333333333333333333333333333,8562.731770833333333333333333333333333333333333333333333333333333333333333333333333333333333333333334,yes,,BOUND_MATTER_ROW_ALLOWED,particle_candidate,,yes,BOUND_MATTER_ROW_ALLOWED,QP093A,particle,NATIVE_PARTICLE_IDENTITY_ASSIGNED_NO_KNOWN_LABEL,QP093A-0227|bound_composite_rows|OCTET_COMPOSITE|three_owner_color_closure|p=8+8+12|d=3|q=neutral:0,,,,native_identity_no_external_label,no,CR119_DOWNSTREAM_ONLY_REVEAL
QP093A-0228,bound_composite_rows,color_triad[8+9+9],OCTET_COMPOSITE,three_owner_color_closure,8+9+9,3,negative,1,triadic_charge_axis,fermion_baryon_half_write,color_owner_closed,CLOSED_THREE_OWNER_WRITE,BOUND_COLOR_CLOSED_HEAVY_CANDIDATE,8136,negative_credit,depth=3,OCTET_COMPOSITE|depth=3|q_abs=1,-0.6866319444444444444444444444444444444444444444444444444444444444444444444444444444444444444444444442,8136.686631944444444444444444444444444444444444444444444444444444444444444444444444444444444444444444,8193.191400221836419753086419753086419753086419753086419753086419753086419753086419753086419753086416,1024.148925027729552469135802469135802469135802469135802469135802469135802469135802469135802469135802,7169.042475194106867283950617283950617283950617283950617283950617283950617283950617283950617283950614,yes,,BOUND_MATTER_ROW_ALLOWED,particle_candidate,,yes,BOUND_MATTER_ROW_ALLOWED,QP093A,particle,NATIVE_PARTICLE_IDENTITY_ASSIGNED_NO_KNOWN_LABEL,QP093A-0228|bound_composite_rows|OCTET_COMPOSITE|three_owner_color_closure|p=8+9+9|d=3|q=negative:1,,,,native_identity_no_external_label,no,CR119_DOWNSTREAM_ONLY_REVEAL
QP093A-0229,bound_composite_rows,color_triad[8+9+12],OCTET_COMPOSITE,three_owner_color_closure,8+9+12,3,negative,1,triadic_charge_axis,fermion_baryon_half_write,color_owner_closed,CLOSED_THREE_OWNER_WRITE,BOUND_COLOR_CLOSED_HEAVY_CANDIDATE,10404,negative_credit,depth=3,OCTET_COMPOSITE|depth=3|q_abs=1,-0.8780381944444444444444444444444444444444444444444444444444444444444444444444444444444444444444444442,10404.87803819444444444444444444444444444444444444444444444444444444444444444444444444444444444444444,10477.13413568190586419753086419753086419753086419753086419753086419753086419753086419753086419753086,1309.641766960238233024691358024691358024691358024691358024691358024691358024691358024691358024691358,9167.492368721667631172839506172839506172839506172839506172839506172839506172839506172839506172839502,yes,,BOUND_MATTER_ROW_ALLOWED,particle_candidate,,yes,BOUND_MATTER_ROW_ALLOWED,QP093A,particle,NATIVE_PARTICLE_IDENTITY_ASSIGNED_NO_KNOWN_LABEL,QP093A-0229|bound_composite_rows|OCTET_COMPOSITE|three_owner_color_closure|p=8+9+12|d=3|q=negative:1,,,,native_identity_no_external_label,no,CR119_DOWNSTREAM_ONLY_REVEAL
QP093A-0230,bound_composite_rows,color_triad[8+12+12],OCTET_COMPOSITE,three_owner_color_closure,8+12+12,3,negative,4,triadic_charge_axis,fermion_baryon_half_write,color_owner_closed,CLOSED_THREE_OWNER_WRITE,BOUND_COLOR_CLOSED_HEAVY_CANDIDATE,12672,negative_credit,depth=3,OCTET_COMPOSITE|depth=3|q_abs=4,-2.902777777777777777777777777777777777777777777777777777777777777777777777777777777777777777777777777,12674.90277777777777777777777777777777777777777777777777777777777777777777777777777777777777777777778,13026.98341049382716049382716049382716049382716049382716049382716049382716049382716049382716049382717,1628.372926311728395061728395061728395061728395061728395061728395061728395061728395061728395061728396,11398.61048418209876543209876543209876543209876543209876543209876543209876543209876543209876543209877,yes,,BOUND_MATTER_ROW_ALLOWED,particle_candidate,,yes,BOUND_MATTER_ROW_ALLOWED,QP093A,particle,NATIVE_PARTICLE_IDENTITY_ASSIGNED_NO_KNOWN_LABEL,QP093A-0230|bound_composite_rows|OCTET_COMPOSITE|three_owner_color_closure|p=8+12+12|d=3|q=negative:4,,,,native_identity_no_external_label,no,CR119_DOWNSTREAM_ONLY_REVEAL
QP093A-0231,bound_composite_rows,color_triad[9+9+9],GROUND_BARYON_3BODY,three_owner_color_closure,9+9+9,0,neutral,0,triadic_charge_axis,fermion_baryon_half_write,color_owner_closed,REJECT_NEGATIVE_OBSERVED_SURFACE,REJECTED_FAKE_CLOSURE,8748,positive_debit,depth=0,GROUND_BARYON_3BODY|depth=0|q_abs=0,10935.00,-2187.00,0,0,0,no,,REJECTED_NEGATIVE_SURFACE,particle_candidate,,no,REJECTED_NEGATIVE_SURFACE,QP093A,particle,NATIVE_PARTICLE_IDENTITY_ASSIGNED_NO_KNOWN_LABEL,QP093A-0231|bound_composite_rows|GROUND_BARYON_3BODY|three_owner_color_closure|p=9+9+9|d=0|q=neutral:0,,,,native_identity_no_external_label,no,CR119_DOWNSTREAM_ONLY_REVEAL
QP093A-0232,bound_composite_rows,color_triad[9+9+12],GROUND_BARYON_3BODY,three_owner_color_closure,9+9+12,0,neutral,0,triadic_charge_axis,fermion_baryon_half_write,color_owner_closed,REJECT_NEGATIVE_OBSERVED_SURFACE,REJECTED_FAKE_CLOSURE,11016,positive_debit,depth=0,GROUND_BARYON_3BODY|depth=0|q_abs=0,13770.00,-2754.00,0,0,0,no,,REJECTED_NEGATIVE_SURFACE,particle_candidate,,no,REJECTED_NEGATIVE_SURFACE,QP093A,particle,NATIVE_PARTICLE_IDENTITY_ASSIGNED_NO_KNOWN_LABEL,QP093A-0232|bound_composite_rows|GROUND_BARYON_3BODY|three_owner_color_closure|p=9+9+12|d=0|q=neutral:0,,,,native_identity_no_external_label,no,CR119_DOWNSTREAM_ONLY_REVEAL
QP093A-0233,bound_composite_rows,color_triad[9+12+12],GROUND_BARYON_3BODY,three_owner_color_closure,9+12+12,0,negative,3,triadic_charge_axis,fermion_baryon_half_write,color_owner_closed,CLOSED_THREE_OWNER_WRITE,BOUND_COLOR_CLOSED_HEAVY_CANDIDATE,13284,negative_credit,depth=0,GROUND_BARYON_3BODY|depth=0|q_abs=3,-6642.00,19926.00,20341.12499999999999999999999999999999999999999999999999999999999999999999999999999999999999999999999,2542.640624999999999999999999999999999999999999999999999999999999999999999999999999999999999999999999,17798.48437499999999999999999999999999999999999999999999999999999999999999999999999999999999999999999,yes,,BOUND_MATTER_ROW_ALLOWED,particle_candidate,,yes,BOUND_MATTER_ROW_ALLOWED,QP093A,particle,NATIVE_PARTICLE_IDENTITY_ASSIGNED_NO_KNOWN_LABEL,QP093A-0233|bound_composite_rows|GROUND_BARYON_3BODY|three_owner_color_closure|p=9+12+12|d=0|q=negative:3,,,,native_identity_no_external_label,no,CR119_DOWNSTREAM_ONLY_REVEAL
QP093A-0234,bound_composite_rows,color_triad[12+12+12],GROUND_BARYON_3BODY,three_owner_color_closure,12+12+12,0,neutral,0,triadic_charge_axis,fermion_baryon_half_write,color_owner_closed,REJECT_NEGATIVE_OBSERVED_SURFACE,REJECTED_FAKE_CLOSURE,15552,positive_debit,depth=0,GROUND_BARYON_3BODY|depth=0|q_abs=0,19440.00,-3888.00,0,0,0,no,,REJECTED_NEGATIVE_SURFACE,particle_candidate,,no,REJECTED_NEGATIVE_SURFACE,QP093A,particle,NATIVE_PARTICLE_IDENTITY_ASSIGNED_NO_KNOWN_LABEL,QP093A-0234|bound_composite_rows|GROUND_BARYON_3BODY|three_owner_color_closure|p=12+12+12|d=0|q=neutral:0,,,,native_identity_no_external_label,no,CR119_DOWNSTREAM_ONLY_REVEAL
QP093A-0235,bound_composite_rows,pair_write[1|anti1],BOUND_COLOR_PAIR,two_owner_pair_closure,1+1,1,neutral,0,pair_charge_axis,boson_integer_write,owner_pair_closed,CLOSED_PAIR_WRITE,BOUND_PAIR_NEUTRAL_CANDIDATE,12,positive_debit,depth=1,BOUND_COLOR_PAIR|depth=1|q_abs=0,1.25,10.75,10.75,1.34375,9.40625,yes,,BOUND_COMPOSITE_ROW_ALLOWED,particle_candidate,,yes,BOUND_COMPOSITE_ROW_ALLOWED,QP093A,particle,NATIVE_PARTICLE_IDENTITY_ASSIGNED_NO_KNOWN_LABEL,QP093A-0235|bound_composite_rows|BOUND_COLOR_PAIR|two_owner_pair_closure|p=1+1|d=1|q=neutral:0,,,,native_identity_no_external_label,no,CR119_DOWNSTREAM_ONLY_REVEAL
QP093A-0236,bound_composite_rows,pair_write[1|anti2],BOUND_COLOR_PAIR,two_owner_pair_closure,1+2,3,negative,1,pair_charge_axis,boson_integer_write,owner_pair_closed,CLOSED_PAIR_WRITE,BOUND_PAIR_CHARGED_CANDIDATE,27,negative_credit,depth=3,BOUND_COLOR_PAIR|depth=3|q_abs=1,-0.005208333333333333333333333333333333333333333333333333333333333333333333333333333333333333333333333333,27.00520833333333333333333333333333333333333333333333333333333333333333333333333333333333333333333333,27.19274450231481481481481481481481481481481481481481481481481481481481481481481481481481481481481480,3.39909306278935185185185185185185185185185185185185185185185185185185185185185185185185185185185185,23.79365143952546296296296296296296296296296296296296296296296296296296296296296296296296296296296295,yes,,BOUND_COMPOSITE_ROW_ALLOWED,particle_candidate,,yes,BOUND_COMPOSITE_ROW_ALLOWED,QP093A,particle,NATIVE_PARTICLE_IDENTITY_ASSIGNED_NO_KNOWN_LABEL,QP093A-0236|bound_composite_rows|BOUND_COLOR_PAIR|two_owner_pair_closure|p=1+2|d=3|q=negative:1,,,,native_identity_no_external_label,no,CR119_DOWNSTREAM_ONLY_REVEAL
QP093A-0237,bound_composite_rows,pair_write[1|anti3],BOUND_COLOR_PAIR,two_owner_pair_closure,1+3,3,negative,2,pair_charge_axis,boson_integer_write,owner_pair_closed,CLOSED_PAIR_WRITE,BOUND_PAIR_CHARGED_CANDIDATE,42,negative_credit,depth=3,BOUND_COLOR_PAIR|depth=3|q_abs=2,-0.01012731481481481481481481481481481481481481481481481481481481481481481481481481481481481481481481482,42.01012731481481481481481481481481481481481481481481481481481481481481481481481481481481481481481481,42.59360130529835390946502057613168724279835390946502057613168724279835390946502057613168724279835391,5.324200163162294238683127572016460905349794238683127572016460905349794238683127572016460905349794239,37.26940114213605967078189300411522633744855967078189300411522633744855967078189300411522633744855968,yes,,BOUND_COMPOSITE_ROW_ALLOWED,particle_candidate,,yes,BOUND_COMPOSITE_ROW_ALLOWED,QP093A,particle,NATIVE_PARTICLE_IDENTITY_ASSIGNED_NO_KNOWN_LABEL,QP093A-0237|bound_composite_rows|BOUND_COLOR_PAIR|two_owner_pair_closure|p=1+3|d=3|q=negative:2,,,,native_identity_no_external_label,no,CR119_DOWNSTREAM_ONLY_REVEAL
QP093A-0238,bound_composite_rows,pair_write[1|anti4],BOUND_COLOR_PAIR,two_owner_pair_closure,1+4,3,negative,3,pair_charge_axis,boson_integer_write,owner_pair_closed,CLOSED_PAIR_WRITE,BOUND_PAIR_CHARGED_CANDIDATE,57,negative_credit,depth=3,BOUND_COLOR_PAIR|depth=3|q_abs=3,-0.01649305555555555555555555555555555555555555555555555555555555555555555555555555555555555555555555556,57.01649305555555555555555555555555555555555555555555555555555555555555555555555555555555555555555556,58.20433666087962962962962962962962962962962962962962962962962962962962962962962962962962962962962962,7.275542082609953703703703703703703703703703703703703703703703703703703703703703703703703703703703702,50.92879457826967592592592592592592592592592592592592592592592592592592592592592592592592592592592591,yes,,BOUND_COMPOSITE_ROW_ALLOWED,particle_candidate,,yes,BOUND_COMPOSITE_ROW_ALLOWED,QP093A,particle,NATIVE_PARTICLE_IDENTITY_ASSIGNED_NO_KNOWN_LABEL,QP093A-0238|bound_composite_rows|BOUND_COLOR_PAIR|two_owner_pair_closure|p=1+4|d=3|q=negative:3,,,,native_identity_no_external_label,no,CR119_DOWNSTREAM_ONLY_REVEAL
QP093A-0239,bound_composite_rows,pair_write[1|anti6],BOUND_COLOR_PAIR,two_owner_pair_closure,1+6,3,negative,5,pair_charge_axis,boson_integer_write,owner_pair_closed,CLOSED_PAIR_WRITE,BOUND_PAIR_CHARGED_CANDIDATE,87,negative_credit,depth=3,BOUND_COLOR_PAIR|depth=3|q_abs=5,-0.03356481481481481481481481481481481481481481481481481481481481481481481481481481481481481481481481482,87.03356481481481481481481481481481481481481481481481481481481481481481481481481481481481481481481481,90.05556359310699588477366255144032921810699588477366255144032921810699588477366255144032921810699586,11.25694544913837448559670781893004115226337448559670781893004115226337448559670781893004115226337448,78.79861814396862139917695473251028806584362139917695473251028806584362139917695473251028806584362138,yes,,BOUND_COMPOSITE_ROW_ALLOWED,particle_candidate,,yes,BOUND_COMPOSITE_ROW_ALLOWED,QP093A,particle,NATIVE_PARTICLE_IDENTITY_ASSIGNED_NO_KNOWN_LABEL,QP093A-0239|bound_composite_rows|BOUND_COLOR_PAIR|two_owner_pair_closure|p=1+6|d=3|q=negative:5,,,,native_identity_no_external_label,no,CR119_DOWNSTREAM_ONLY_REVEAL
QP093A-0240,bound_composite_rows,pair_write[1|anti8],BOUND_COLOR_PAIR,two_owner_pair_closure,1+8,3,negative,7,pair_charge_axis,boson_integer_write,owner_pair_closed,CLOSED_PAIR_WRITE,BOUND_PAIR_CHARGED_CANDIDATE,117,negative_credit,depth=3,BOUND_COLOR_PAIR|depth=3|q_abs=7,-0.05642361111111111111111111111111111111111111111111111111111111111111111111111111111111111111111111111,117.0564236111111111111111111111111111111111111111111111111111111111111111111111111111111111111111111,122.7466664255401234567901234567901234567901234567901234567901234567901234567901234567901234567901234,15.34333330319251543209876543209876543209876543209876543209876543209876543209876543209876543209876542,107.4033331223476080246913580246913580246913580246913580246913580246913580246913580246913580246913580,yes,,BOUND_COMPOSITE_ROW_ALLOWED,particle_candidate,,yes,BOUND_COMPOSITE_ROW_ALLOWED,QP093A,particle,NATIVE_PARTICLE_IDENTITY_ASSIGNED_NO_KNOWN_LABEL,QP093A-0240|bound_composite_rows|BOUND_COLOR_PAIR|two_owner_pair_closure|p=1+8|d=3|q=negative:7,,,,native_identity_no_external_label,no,CR119_DOWNSTREAM_ONLY_REVEAL
QP093A-0241,bound_composite_rows,pair_write[1|anti9],OCTET_COMPOSITE,two_owner_pair_closure,1+9,3,negative,8,pair_charge_axis,boson_integer_write,owner_pair_closed,CLOSED_PAIR_WRITE,BOUND_PAIR_CHARGED_CANDIDATE,132,negative_credit,depth=3,OCTET_COMPOSITE|depth=3|q_abs=8,-0.05570023148148148148148148148148148148148148148148148148148148148148148148148148148148148148148148148,132.0557002314814814814814814814814814814814814814814814814814814814814814814814814814814814814814815,139.3921280221193415637860082304526748971193415637860082304526748971193415637860082304526748971193416,17.4240160027649176954732510288065843621399176954732510288065843621399176954732510288065843621399177,121.9681120193544238683127572016460905349794238683127572016460905349794238683127572016460905349794239,yes,,BOUND_COMPOSITE_ROW_ALLOWED,particle_candidate,,yes,BOUND_COMPOSITE_ROW_ALLOWED,QP093A,particle,NATIVE_PARTICLE_IDENTITY_ASSIGNED_NO_KNOWN_LABEL,QP093A-0241|bound_composite_rows|OCTET_COMPOSITE|two_owner_pair_closure|p=1+9|d=3|q=negative:8,,,,native_identity_no_external_label,no,CR119_DOWNSTREAM_ONLY_REVEAL
QP093A-0242,unstable_resonance_rows,pair_write[1|anti12],OCTET_COMPOSITE,two_owner_pair_closure,1+12,3,negative,11,pair_charge_axis,boson_integer_write,owner_pair_closed,CLOSED_PAIR_WRITE,UNSTABLE_PAIR_HEAVY_CANDIDATE,177,negative_credit,depth=3,OCTET_COMPOSITE|depth=3|q_abs=11,-0.1002965856481481481481481481481481481481481481481481481481481481481481481481481481481481481481481482,177.1002965856481481481481481481481481481481481481481481481481481481481481481481481481481481481481481,190.6287914637184927983539094650205761316872427983539094650205761316872427983539094650205761316872428,23.82859893296481159979423868312757201646090534979423868312757201646090534979423868312757201646090535,166.8001925307536811985596707818930041152263374485596707818930041152263374485596707818930041152263375,yes,,BOUND_COMPOSITE_ROW_ALLOWED,particle_candidate,,yes,BOUND_COMPOSITE_ROW_ALLOWED,QP093A,particle,NATIVE_PARTICLE_IDENTITY_ASSIGNED_NO_KNOWN_LABEL,QP093A-0242|unstable_resonance_rows|OCTET_COMPOSITE|two_owner_pair_closure|p=1+12|d=3|q=negative:11,,,,native_identity_no_external_label,no,CR119_DOWNSTREAM_ONLY_REVEAL
QP093A-0243,bound_composite_rows,pair_write[2|anti1],BOUND_COLOR_PAIR,two_owner_pair_closure,2+1,3,positive,1,pair_charge_axis,boson_integer_write,owner_pair_closed,CLOSED_PAIR_WRITE,BOUND_PAIR_CHARGED_CANDIDATE,27,positive_debit,depth=3,BOUND_COLOR_PAIR|depth=3|q_abs=1,0.005208333333333333333333333333333333333333333333333333333333333333333333333333333333333333333333333333,26.99479166666666666666666666666666666666666666666666666666666666666666666666666666666666666666666667,27.18225549768518518518518518518518518518518518518518518518518518518518518518518518518518518518518518,3.397781937210648148148148148148148148148148148148148148148148148148148148148148148148148148148148148,23.78447356047453703703703703703703703703703703703703703703703703703703703703703703703703703703703704,yes,,BOUND_COMPOSITE_ROW_ALLOWED,particle_candidate,,yes,BOUND_COMPOSITE_ROW_ALLOWED,QP093A,particle,NATIVE_PARTICLE_IDENTITY_ASSIGNED_NO_KNOWN_LABEL,QP093A-0243|bound_composite_rows|BOUND_COLOR_PAIR|two_owner_pair_closure|p=2+1|d=3|q=positive:1,,,,native_identity_no_external_label,no,CR119_DOWNSTREAM_ONLY_REVEAL
QP093A-0244,bound_composite_rows,pair_write[2|anti2],BOUND_COLOR_PAIR,two_owner_pair_closure,2+2,1,neutral,0,pair_charge_axis,boson_integer_write,owner_pair_closed,CLOSED_PAIR_WRITE,BOUND_PAIR_NEUTRAL_CANDIDATE,48,positive_debit,depth=1,BOUND_COLOR_PAIR|depth=1|q_abs=0,5.00,43.00,43.00,5.375,37.625,yes,,BOUND_COMPOSITE_ROW_ALLOWED,particle_candidate,,yes,BOUND_COMPOSITE_ROW_ALLOWED,QP093A,particle,NATIVE_PARTICLE_IDENTITY_ASSIGNED_NO_KNOWN_LABEL,QP093A-0244|bound_composite_rows|BOUND_COLOR_PAIR|two_owner_pair_closure|p=2+2|d=1|q=neutral:0,,,,native_identity_no_external_label,no,CR119_DOWNSTREAM_ONLY_REVEAL
QP093A-0245,bound_composite_rows,pair_write[2|anti3],BOUND_COLOR_PAIR,two_owner_pair_closure,2+3,3,negative,1,pair_charge_axis,boson_integer_write,owner_pair_closed,CLOSED_PAIR_WRITE,BOUND_PAIR_CHARGED_CANDIDATE,75,negative_credit,depth=3,BOUND_COLOR_PAIR|depth=3|q_abs=1,-0.01446759259259259259259259259259259259259259259259259259259259259259259259259259259259259259259259259,75.01446759259259259259259259259259259259259259259259259259259259259259259259259259259259259259259259,75.53540139531893004115226337448559670781893004115226337448559670781893004115226337448559670781893001,9.441925174414866255144032921810699588477366255144032921810699588477366255144032921810699588477366251,66.09347622090406378600823045267489711934156378600823045267489711934156378600823045267489711934156376,yes,,BOUND_COMPOSITE_ROW_ALLOWED,particle_candidate,,yes,BOUND_COMPOSITE_ROW_ALLOWED,QP093A,particle,NATIVE_PARTICLE_IDENTITY_ASSIGNED_NO_KNOWN_LABEL,QP093A-0245|bound_composite_rows|BOUND_COLOR_PAIR|two_owner_pair_closure|p=2+3|d=3|q=negative:1,,,,native_identity_no_external_label,no,CR119_DOWNSTREAM_ONLY_REVEAL
QP093A-0246,bound_composite_rows,pair_write[2|anti4],BOUND_COLOR_PAIR,two_owner_pair_closure,2+4,3,negative,2,pair_charge_axis,boson_integer_write,owner_pair_closed,CLOSED_PAIR_WRITE,BOUND_PAIR_CHARGED_CANDIDATE,102,negative_credit,depth=3,BOUND_COLOR_PAIR|depth=3|q_abs=2,-0.02459490740740740740740740740740740740740740740740740740740740740740740740740740740740740740740740741,102.0245949074074074074074074074074074074074074074074074074074074074074074074074074074074074074074074,103.4416031700102880658436213991769547325102880658436213991769547325102880658436213991769547325102881,12.93020039625128600823045267489711934156378600823045267489711934156378600823045267489711934156378601,90.51140277375900205761316872427983539094650205761316872427983539094650205761316872427983539094650209,yes,,BOUND_COMPOSITE_ROW_ALLOWED,particle_candidate,,yes,BOUND_COMPOSITE_ROW_ALLOWED,QP093A,particle,NATIVE_PARTICLE_IDENTITY_ASSIGNED_NO_KNOWN_LABEL,QP093A-0246|bound_composite_rows|BOUND_COLOR_PAIR|two_owner_pair_closure|p=2+4|d=3|q=negative:2,,,,native_identity_no_external_label,no,CR119_DOWNSTREAM_ONLY_REVEAL
QP093A-0247,bound_composite_rows,pair_write[2|anti6],BOUND_COLOR_PAIR,two_owner_pair_closure,2+6,3,negative,4,pair_charge_axis,boson_integer_write,owner_pair_closed,CLOSED_PAIR_WRITE,BOUND_PAIR_CHARGED_CANDIDATE,156,negative_credit,depth=3,BOUND_COLOR_PAIR|depth=3|q_abs=4,-0.05266203703703703703703703703703703703703703703703703703703703703703703703703703703703703703703703704,156.0526620370370370370370370370370370370370370370370370370370370370370370370370370370370370370370370,160.3874582047325102880658436213991769547325102880658436213991769547325102880658436213991769547325103,20.04843227559156378600823045267489711934156378600823045267489711934156378600823045267489711934156379,140.3390259291409465020576131687242798353909465020576131687242798353909465020576131687242798353909465,yes,,BOUND_COMPOSITE_ROW_ALLOWED,particle_candidate,,yes,BOUND_COMPOSITE_ROW_ALLOWED,QP093A,particle,NATIVE_PARTICLE_IDENTITY_ASSIGNED_NO_KNOWN_LABEL,QP093A-0247|bound_composite_rows|BOUND_COLOR_PAIR|two_owner_pair_closure|p=2+6|d=3|q=negative:4,,,,native_identity_no_external_label,no,CR119_DOWNSTREAM_ONLY_REVEAL
QP093A-0248,bound_composite_rows,pair_write[2|anti8],BOUND_COLOR_PAIR,two_owner_pair_closure,2+8,3,negative,6,pair_charge_axis,boson_integer_write,owner_pair_closed,CLOSED_PAIR_WRITE,BOUND_PAIR_CHARGED_CANDIDATE,210,negative_credit,depth=3,BOUND_COLOR_PAIR|depth=3|q_abs=6,-0.09114583333333333333333333333333333333333333333333333333333333333333333333333333333333333333333333335,210.0911458333333333333333333333333333333333333333333333333333333333333333333333333333333333333333333,218.8449435763888888888888888888888888888888888888888888888888888888888888888888888888888888888888889,27.35561794704861111111111111111111111111111111111111111111111111111111111111111111111111111111111111,191.4893256293402777777777777777777777777777777777777777777777777777777777777777777777777777777777778,yes,,BOUND_COMPOSITE_ROW_ALLOWED,particle_candidate,,yes,BOUND_COMPOSITE_ROW_ALLOWED,QP093A,particle,NATIVE_PARTICLE_IDENTITY_ASSIGNED_NO_KNOWN_LABEL,QP093A-0248|bound_composite_rows|BOUND_COLOR_PAIR|two_owner_pair_closure|p=2+8|d=3|q=negative:6,,,,native_identity_no_external_label,no,CR119_DOWNSTREAM_ONLY_REVEAL
QP093A-0249,bound_composite_rows,pair_write[2|anti9],OCTET_COMPOSITE,two_owner_pair_closure,2+9,3,negative,7,pair_charge_axis,boson_integer_write,owner_pair_closed,CLOSED_PAIR_WRITE,BOUND_PAIR_CHARGED_CANDIDATE,237,negative_credit,depth=3,OCTET_COMPOSITE|depth=3|q_abs=7,-0.08857783564814814814814814814814814814814814814814814814814814814814814814814814814814814814814814816,237.0885778356481481481481481481481481481481481481481481481481481481481481481481481481481481481481481,248.6137170359921553497942386831275720164609053497942386831275720164609053497942386831275720164609053,31.07671462949901941872427983539094650205761316872427983539094650205761316872427983539094650205761316,217.5370024064931359310699588477366255144032921810699588477366255144032921810699588477366255144032921,yes,,BOUND_COMPOSITE_ROW_ALLOWED,particle_candidate,,yes,BOUND_COMPOSITE_ROW_ALLOWED,QP093A,particle,NATIVE_PARTICLE_IDENTITY_ASSIGNED_NO_KNOWN_LABEL,QP093A-0249|bound_composite_rows|OCTET_COMPOSITE|two_owner_pair_closure|p=2+9|d=3|q=negative:7,,,,native_identity_no_external_label,no,CR119_DOWNSTREAM_ONLY_REVEAL
QP093A-0250,unstable_resonance_rows,pair_write[2|anti12],OCTET_COMPOSITE,two_owner_pair_closure,2+12,3,negative,10,pair_charge_axis,boson_integer_write,owner_pair_closed,CLOSED_PAIR_WRITE,UNSTABLE_PAIR_HEAVY_CANDIDATE,318,negative_credit,depth=3,OCTET_COMPOSITE|depth=3|q_abs=10,-0.1648582175925925925925925925925925925925925925925925925925925925925925925925925925925925925925925926,318.1648582175925925925925925925925925925925925925925925925925925925925925925925925925925925925925926,340.2596400382587448559670781893004115226337448559670781893004115226337448559670781893004115226337447,42.53245500478234310699588477366255144032921810699588477366255144032921810699588477366255144032921809,297.7271850334764017489711934156378600823045267489711934156378600823045267489711934156378600823045266,yes,,BOUND_COMPOSITE_ROW_ALLOWED,particle_candidate,,yes,BOUND_COMPOSITE_ROW_ALLOWED,QP093A,particle,NATIVE_PARTICLE_IDENTITY_ASSIGNED_NO_KNOWN_LABEL,QP093A-0250|unstable_resonance_rows|OCTET_COMPOSITE|two_owner_pair_closure|p=2+12|d=3|q=negative:10,,,,native_identity_no_external_label,no,CR119_DOWNSTREAM_ONLY_REVEAL
QP093A-0251,bound_composite_rows,pair_write[3|anti1],BOUND_COLOR_PAIR,two_owner_pair_closure,3+1,3,positive,2,pair_charge_axis,boson_integer_write,owner_pair_closed,CLOSED_PAIR_WRITE,BOUND_PAIR_CHARGED_CANDIDATE,42,positive_debit,depth=3,BOUND_COLOR_PAIR|depth=3|q_abs=2,0.01012731481481481481481481481481481481481481481481481481481481481481481481481481481481481481481481482,41.98987268518518518518518518518518518518518518518518518518518518518518518518518518518518518518518519,42.57306536136831275720164609053497942386831275720164609053497942386831275720164609053497942386831277,5.321633170171039094650205761316872427983539094650205761316872427983539094650205761316872427983539096,37.25143219119727366255144032921810699588477366255144032921810699588477366255144032921810699588477368,yes,,BOUND_COMPOSITE_ROW_ALLOWED,particle_candidate,,yes,BOUND_COMPOSITE_ROW_ALLOWED,QP093A,particle,NATIVE_PARTICLE_IDENTITY_ASSIGNED_NO_KNOWN_LABEL,QP093A-0251|bound_composite_rows|BOUND_COLOR_PAIR|two_owner_pair_closure|p=3+1|d=3|q=positive:2,,,,native_identity_no_external_label,no,CR119_DOWNSTREAM_ONLY_REVEAL
QP093A-0252,bound_composite_rows,pair_write[3|anti2],BOUND_COLOR_PAIR,two_owner_pair_closure,3+2,3,positive,1,pair_charge_axis,boson_integer_write,owner_pair_closed,CLOSED_PAIR_WRITE,BOUND_PAIR_CHARGED_CANDIDATE,75,positive_debit,depth=3,BOUND_COLOR_PAIR|depth=3|q_abs=1,0.01446759259259259259259259259259259259259259259259259259259259259259259259259259259259259259259259259,74.98553240740740740740740740740740740740740740740740740740740740740740740740740740740740740740740741,75.50626527134773662551440329218106995884773662551440329218106995884773662551440329218106995884773659,9.438283158918467078189300411522633744855967078189300411522633744855967078189300411522633744855967074,66.06798211242926954732510288065843621399176954732510288065843621399176954732510288065843621399176951,yes,,BOUND_COMPOSITE_ROW_ALLOWED,particle_candidate,,yes,BOUND_COMPOSITE_ROW_ALLOWED,QP093A,particle,NATIVE_PARTICLE_IDENTITY_ASSIGNED_NO_KNOWN_LABEL,QP093A-0252|bound_composite_rows|BOUND_COLOR_PAIR|two_owner_pair_closure|p=3+2|d=3|q=positive:1,,,,native_identity_no_external_label,no,CR119_DOWNSTREAM_ONLY_REVEAL
QP093A-0253,bound_composite_rows,pair_write[3|anti3],BOUND_COLOR_PAIR,two_owner_pair_closure,3+3,1,neutral,0,pair_charge_axis,boson_integer_write,owner_pair_closed,CLOSED_PAIR_WRITE,BOUND_PAIR_NEUTRAL_CANDIDATE,108,positive_debit,depth=1,BOUND_COLOR_PAIR|depth=1|q_abs=0,11.25,96.75,96.75,12.09375,84.65625,yes,,BOUND_COMPOSITE_ROW_ALLOWED,particle_candidate,,yes,BOUND_COMPOSITE_ROW_ALLOWED,QP093A,particle,NATIVE_PARTICLE_IDENTITY_ASSIGNED_NO_KNOWN_LABEL,QP093A-0253|bound_composite_rows|BOUND_COLOR_PAIR|two_owner_pair_closure|p=3+3|d=1|q=neutral:0,,,,native_identity_no_external_label,no,CR119_DOWNSTREAM_ONLY_REVEAL
QP093A-0254,bound_composite_rows,pair_write[3|anti4],BOUND_COLOR_PAIR,two_owner_pair_closure,3+4,3,negative,1,pair_charge_axis,boson_integer_write,owner_pair_closed,CLOSED_PAIR_WRITE,BOUND_PAIR_CHARGED_CANDIDATE,147,negative_credit,depth=3,BOUND_COLOR_PAIR|depth=3|q_abs=1,-0.02835648148148148148148148148148148148148148148148148148148148148148148148148148148148148148148148148,147.0283564814814814814814814814814814814814814814814814814814814814814814814814814814814814814814815,148.0493867348251028806584362139917695473251028806584362139917695473251028806584362139917695473251028,18.50617334185313786008230452674897119341563786008230452674897119341563786008230452674897119341563785,129.543213392971965020576131687242798353909465020576131687242798353909465020576131687242798353909465,yes,,BOUND_COMPOSITE_ROW_ALLOWED,particle_candidate,,yes,BOUND_COMPOSITE_ROW_ALLOWED,QP093A,particle,NATIVE_PARTICLE_IDENTITY_ASSIGNED_NO_KNOWN_LABEL,QP093A-0254|bound_composite_rows|BOUND_COLOR_PAIR|two_owner_pair_closure|p=3+4|d=3|q=negative:1,,,,native_identity_no_external_label,no,CR119_DOWNSTREAM_ONLY_REVEAL
QP093A-0255,bound_composite_rows,pair_write[3|anti6],BOUND_COLOR_PAIR,two_owner_pair_closure,3+6,3,negative,3,pair_charge_axis,boson_integer_write,owner_pair_closed,CLOSED_PAIR_WRITE,BOUND_PAIR_CHARGED_CANDIDATE,225,negative_credit,depth=3,BOUND_COLOR_PAIR|depth=3|q_abs=3,-0.06510416666666666666666666666666666666666666666666666666666666666666666666666666666666666666666666665,225.0651041666666666666666666666666666666666666666666666666666666666666666666666666666666666666666667,229.7539605034722222222222222222222222222222222222222222222222222222222222222222222222222222222222222,28.71924506293402777777777777777777777777777777777777777777777777777777777777777777777777777777777778,201.0347154405381944444444444444444444444444444444444444444444444444444444444444444444444444444444444,yes,,BOUND_COMPOSITE_ROW_ALLOWED,particle_candidate,,yes,BOUND_COMPOSITE_ROW_ALLOWED,QP093A,particle,NATIVE_PARTICLE_IDENTITY_ASSIGNED_NO_KNOWN_LABEL,QP093A-0255|bound_composite_rows|BOUND_COLOR_PAIR|two_owner_pair_closure|p=3+6|d=3|q=negative:3,,,,native_identity_no_external_label,no,CR119_DOWNSTREAM_ONLY_REVEAL
QP093A-0256,bound_composite_rows,pair_write[3|anti8],BOUND_COLOR_PAIR,two_owner_pair_closure,3+8,3,negative,5,pair_charge_axis,boson_integer_write,owner_pair_closed,CLOSED_PAIR_WRITE,BOUND_PAIR_CHARGED_CANDIDATE,303,negative_credit,depth=3,BOUND_COLOR_PAIR|depth=3|q_abs=5,-0.1168981481481481481481481481481481481481481481481481481481481481481481481481481481481481481481481481,303.1168981481481481481481481481481481481481481481481481481481481481481481481481481481481481481481481,313.6417904449588477366255144032921810699588477366255144032921810699588477366255144032921810699588476,39.20522380561985596707818930041152263374485596707818930041152263374485596707818930041152263374485595,274.4365666393389917695473251028806584362139917695473251028806584362139917695473251028806584362139916,yes,,BOUND_COMPOSITE_ROW_ALLOWED,particle_candidate,,yes,BOUND_COMPOSITE_ROW_ALLOWED,QP093A,particle,NATIVE_PARTICLE_IDENTITY_ASSIGNED_NO_KNOWN_LABEL,QP093A-0256|bound_composite_rows|BOUND_COLOR_PAIR|two_owner_pair_closure|p=3+8|d=3|q=negative:5,,,,native_identity_no_external_label,no,CR119_DOWNSTREAM_ONLY_REVEAL
QP093A-0257,bound_composite_rows,pair_write[3|anti9],OCTET_COMPOSITE,two_owner_pair_closure,3+9,3,negative,6,pair_charge_axis,boson_integer_write,owner_pair_closed,CLOSED_PAIR_WRITE,BOUND_PAIR_CHARGED_CANDIDATE,342,negative_credit,depth=3,OCTET_COMPOSITE|depth=3|q_abs=6,-0.1113281250000000000000000000000000000000000000000000000000000000000000000000000000000000000000000000,342.1113281250000000000000000000000000000000000000000000000000000000000000000000000000000000000000000,356.3659667968750000000000000000000000000000000000000000000000000000000000000000000000000000000000001,44.54574584960937500000000000000000000000000000000000000000000000000000000000000000000000000000000001,311.8202209472656250000000000000000000000000000000000000000000000000000000000000000000000000000000001,yes,,BOUND_COMPOSITE_ROW_ALLOWED,particle_candidate,,yes,BOUND_COMPOSITE_ROW_ALLOWED,QP093A,particle,NATIVE_PARTICLE_IDENTITY_ASSIGNED_NO_KNOWN_LABEL,QP093A-0257|bound_composite_rows|OCTET_COMPOSITE|two_owner_pair_closure|p=3+9|d=3|q=negative:6,,,,native_identity_no_external_label,no,CR119_DOWNSTREAM_ONLY_REVEAL
QP093A-0258,unstable_resonance_rows,pair_write[3|anti12],OCTET_COMPOSITE,two_owner_pair_closure,3+12,3,negative,9,pair_charge_axis,boson_integer_write,owner_pair_closed,CLOSED_PAIR_WRITE,UNSTABLE_PAIR_HEAVY_CANDIDATE,459,negative_credit,depth=3,OCTET_COMPOSITE|depth=3|q_abs=9,-0.2158203125,459.2158203125,487.91680908203125,60.98960113525390625,426.92720794677734375,yes,,BOUND_COMPOSITE_ROW_ALLOWED,particle_candidate,,yes,BOUND_COMPOSITE_ROW_ALLOWED,QP093A,particle,NATIVE_PARTICLE_IDENTITY_ASSIGNED_NO_KNOWN_LABEL,QP093A-0258|unstable_resonance_rows|OCTET_COMPOSITE|two_owner_pair_closure|p=3+12|d=3|q=negative:9,,,,native_identity_no_external_label,no,CR119_DOWNSTREAM_ONLY_REVEAL
QP093A-0259,bound_composite_rows,pair_write[4|anti1],BOUND_COLOR_PAIR,two_owner_pair_closure,4+1,3,positive,3,pair_charge_axis,boson_integer_write,owner_pair_closed,CLOSED_PAIR_WRITE,BOUND_PAIR_CHARGED_CANDIDATE,57,positive_debit,depth=3,BOUND_COLOR_PAIR|depth=3|q_abs=3,0.01649305555555555555555555555555555555555555555555555555555555555555555555555555555555555555555555556,56.98350694444444444444444444444444444444444444444444444444444444444444444444444444444444444444444444,58.17066333912037037037037037037037037037037037037037037037037037037037037037037037037037037037037035,7.271332917390046296296296296296296296296296296296296296296296296296296296296296296296296296296296294,50.89933042173032407407407407407407407407407407407407407407407407407407407407407407407407407407407405,yes,,BOUND_COMPOSITE_ROW_ALLOWED,particle_candidate,,yes,BOUND_COMPOSITE_ROW_ALLOWED,QP093A,particle,NATIVE_PARTICLE_IDENTITY_ASSIGNED_NO_KNOWN_LABEL,QP093A-0259|bound_composite_rows|BOUND_COLOR_PAIR|two_owner_pair_closure|p=4+1|d=3|q=positive:3,,,,native_identity_no_external_label,no,CR119_DOWNSTREAM_ONLY_REVEAL
QP093A-0260,bound_composite_rows,pair_write[4|anti2],BOUND_COLOR_PAIR,two_owner_pair_closure,4+2,3,positive,2,pair_charge_axis,boson_integer_write,owner_pair_closed,CLOSED_PAIR_WRITE,BOUND_PAIR_CHARGED_CANDIDATE,102,positive_debit,depth=3,BOUND_COLOR_PAIR|depth=3|q_abs=2,0.02459490740740740740740740740740740740740740740740740740740740740740740740740740740740740740740740741,101.9754050925925925925925925925925925925925925925925925925925925925925925925925925925925925925925926,103.3917301633230452674897119341563786008230452674897119341563786008230452674897119341563786008230453,12.92396627041538065843621399176954732510288065843621399176954732510288065843621399176954732510288066,90.46776389290766460905349794238683127572016460905349794238683127572016460905349794238683127572016464,yes,,BOUND_COMPOSITE_ROW_ALLOWED,particle_candidate,,yes,BOUND_COMPOSITE_ROW_ALLOWED,QP093A,particle,NATIVE_PARTICLE_IDENTITY_ASSIGNED_NO_KNOWN_LABEL,QP093A-0260|bound_composite_rows|BOUND_COLOR_PAIR|two_owner_pair_closure|p=4+2|d=3|q=positive:2,,,,native_identity_no_external_label,no,CR119_DOWNSTREAM_ONLY_REVEAL
QP093A-0261,bound_composite_rows,pair_write[4|anti3],BOUND_COLOR_PAIR,two_owner_pair_closure,4+3,3,positive,1,pair_charge_axis,boson_integer_write,owner_pair_closed,CLOSED_PAIR_WRITE,BOUND_PAIR_CHARGED_CANDIDATE,147,positive_debit,depth=3,BOUND_COLOR_PAIR|depth=3|q_abs=1,0.02835648148148148148148148148148148148148148148148148148148148148148148148148148148148148148148148148,146.9716435185185185185185185185185185185185185185185185185185185185185185185185185185185185185185185,147.9922799318415637860082304526748971193415637860082304526748971193415637860082304526748971193415637,18.49903499148019547325102880658436213991769547325102880658436213991769547325102880658436213991769546,129.4932449403613683127572016460905349794238683127572016460905349794238683127572016460905349794238682,yes,,BOUND_COMPOSITE_ROW_ALLOWED,particle_candidate,,yes,BOUND_COMPOSITE_ROW_ALLOWED,QP093A,particle,NATIVE_PARTICLE_IDENTITY_ASSIGNED_NO_KNOWN_LABEL,QP093A-0261|bound_composite_rows|BOUND_COLOR_PAIR|two_owner_pair_closure|p=4+3|d=3|q=positive:1,,,,native_identity_no_external_label,no,CR119_DOWNSTREAM_ONLY_REVEAL
QP093A-0262,bound_composite_rows,pair_write[4|anti4],BOUND_COLOR_PAIR,two_owner_pair_closure,4+4,1,neutral,0,pair_charge_axis,boson_integer_write,owner_pair_closed,CLOSED_PAIR_WRITE,BOUND_PAIR_NEUTRAL_CANDIDATE,192,positive_debit,depth=1,BOUND_COLOR_PAIR|depth=1|q_abs=0,20.00,172.00,172.00,21.50,150.50,yes,,BOUND_COMPOSITE_ROW_ALLOWED,particle_candidate,,yes,BOUND_COMPOSITE_ROW_ALLOWED,QP093A,particle,NATIVE_PARTICLE_IDENTITY_ASSIGNED_NO_KNOWN_LABEL,QP093A-0262|bound_composite_rows|BOUND_COLOR_PAIR|two_owner_pair_closure|p=4+4|d=1|q=neutral:0,,,,native_identity_no_external_label,no,CR119_DOWNSTREAM_ONLY_REVEAL
QP093A-0263,bound_composite_rows,pair_write[4|anti6],BOUND_COLOR_PAIR,two_owner_pair_closure,4+6,3,negative,2,pair_charge_axis,boson_integer_write,owner_pair_closed,CLOSED_PAIR_WRITE,BOUND_PAIR_CHARGED_CANDIDATE,294,negative_credit,depth=3,BOUND_COLOR_PAIR|depth=3|q_abs=2,-0.07089120370370370370370370370370370370370370370370370370370370370370370370370370370370370370370370371,294.0708912037037037037037037037037037037037037037037037037037037037037037037037037037037037037037037,298.1552091370884773662551440329218106995884773662551440329218106995884773662551440329218106995884774,37.26940114213605967078189300411522633744855967078189300411522633744855967078189300411522633744855968,260.8858079949524176954732510288065843621399176954732510288065843621399176954732510288065843621399178,yes,,BOUND_COMPOSITE_ROW_ALLOWED,particle_candidate,,yes,BOUND_COMPOSITE_ROW_ALLOWED,QP093A,particle,NATIVE_PARTICLE_IDENTITY_ASSIGNED_NO_KNOWN_LABEL,QP093A-0263|bound_composite_rows|BOUND_COLOR_PAIR|two_owner_pair_closure|p=4+6|d=3|q=negative:2,,,,native_identity_no_external_label,no,CR119_DOWNSTREAM_ONLY_REVEAL
QP093A-0264,bound_composite_rows,pair_write[4|anti8],BOUND_COLOR_PAIR,two_owner_pair_closure,4+8,3,negative,4,pair_charge_axis,boson_integer_write,owner_pair_closed,CLOSED_PAIR_WRITE,BOUND_PAIR_CHARGED_CANDIDATE,396,negative_credit,depth=3,BOUND_COLOR_PAIR|depth=3|q_abs=4,-0.1336805555555555555555555555555555555555555555555555555555555555555555555555555555555555555555555556,396.1336805555555555555555555555555555555555555555555555555555555555555555555555555555555555555555556,407.1373939043209876543209876543209876543209876543209876543209876543209876543209876543209876543209878,50.89217423804012345679012345679012345679012345679012345679012345679012345679012345679012345679012348,356.2452196662808641975308641975308641975308641975308641975308641975308641975308641975308641975308644,yes,,BOUND_COMPOSITE_ROW_ALLOWED,particle_candidate,,yes,BOUND_COMPOSITE_ROW_ALLOWED,QP093A,particle,NATIVE_PARTICLE_IDENTITY_ASSIGNED_NO_KNOWN_LABEL,QP093A-0264|bound_composite_rows|BOUND_COLOR_PAIR|two_owner_pair_closure|p=4+8|d=3|q=negative:4,,,,native_identity_no_external_label,no,CR119_DOWNSTREAM_ONLY_REVEAL
QP093A-0265,bound_composite_rows,pair_write[4|anti9],OCTET_COMPOSITE,two_owner_pair_closure,4+9,3,negative,5,pair_charge_axis,boson_integer_write,owner_pair_closed,CLOSED_PAIR_WRITE,BOUND_PAIR_CHARGED_CANDIDATE,447,negative_credit,depth=3,OCTET_COMPOSITE|depth=3|q_abs=5,-0.1239510995370370370370370370370370370370370370370370370370370370370370370370370370370370370370370371,447.1239510995370370370370370370370370370370370370370370370370370370370370370370370370370370370370370,462.6490882904931841563786008230452674897119341563786008230452674897119341563786008230452674897119340,57.83113603631164801954732510288065843621399176954732510288065843621399176954732510288065843621399175,404.8179522541815361368312757201646090534979423868312757201646090534979423868312757201646090534979422,yes,,BOUND_COMPOSITE_ROW_ALLOWED,particle_candidate,,yes,BOUND_COMPOSITE_ROW_ALLOWED,QP093A,particle,NATIVE_PARTICLE_IDENTITY_ASSIGNED_NO_KNOWN_LABEL,QP093A-0265|bound_composite_rows|OCTET_COMPOSITE|two_owner_pair_closure|p=4+9|d=3|q=negative:5,,,,native_identity_no_external_label,no,CR119_DOWNSTREAM_ONLY_REVEAL
QP093A-0266,unstable_resonance_rows,pair_write[4|anti12],OCTET_COMPOSITE,two_owner_pair_closure,4+12,3,negative,8,pair_charge_axis,boson_integer_write,owner_pair_closed,CLOSED_PAIR_WRITE,UNSTABLE_PAIR_HEAVY_CANDIDATE,600,negative_credit,depth=3,OCTET_COMPOSITE|depth=3|q_abs=8,-0.2531828703703703703703703703703703703703703703703703703703703703703703703703703703703703703703703704,600.2531828703703703703703703703703703703703703703703703703703703703703703703703703703703703703703704,633.6005819187242798353909465020576131687242798353909465020576131687242798353909465020576131687242801,79.20007273984053497942386831275720164609053497942386831275720164609053497942386831275720164609053501,554.4005091788837448559670781893004115226337448559670781893004115226337448559670781893004115226337451,yes,,BOUND_COMPOSITE_ROW_ALLOWED,particle_candidate,,yes,BOUND_COMPOSITE_ROW_ALLOWED,QP093A,particle,NATIVE_PARTICLE_IDENTITY_ASSIGNED_NO_KNOWN_LABEL,QP093A-0266|unstable_resonance_rows|OCTET_COMPOSITE|two_owner_pair_closure|p=4+12|d=3|q=negative:8,,,,native_identity_no_external_label,no,CR119_DOWNSTREAM_ONLY_REVEAL
QP093A-0267,bound_composite_rows,pair_write[6|anti1],BOUND_COLOR_PAIR,two_owner_pair_closure,6+1,3,positive,5,pair_charge_axis,boson_integer_write,owner_pair_closed,CLOSED_PAIR_WRITE,BOUND_PAIR_CHARGED_CANDIDATE,87,positive_debit,depth=3,BOUND_COLOR_PAIR|depth=3|q_abs=5,0.03356481481481481481481481481481481481481481481481481481481481481481481481481481481481481481481481482,86.96643518518518518518518518518518518518518518518518518518518518518518518518518518518518518518518519,89.98610307355967078189300411522633744855967078189300411522633744855967078189300411522633744855967077,11.24826288419495884773662551440329218106995884773662551440329218106995884773662551440329218106995885,78.73784018936471193415637860082304526748971193415637860082304526748971193415637860082304526748971192,yes,,BOUND_COMPOSITE_ROW_ALLOWED,particle_candidate,,yes,BOUND_COMPOSITE_ROW_ALLOWED,QP093A,particle,NATIVE_PARTICLE_IDENTITY_ASSIGNED_NO_KNOWN_LABEL,QP093A-0267|bound_composite_rows|BOUND_COLOR_PAIR|two_owner_pair_closure|p=6+1|d=3|q=positive:5,,,,native_identity_no_external_label,no,CR119_DOWNSTREAM_ONLY_REVEAL
QP093A-0268,bound_composite_rows,pair_write[6|anti2],BOUND_COLOR_PAIR,two_owner_pair_closure,6+2,3,positive,4,pair_charge_axis,boson_integer_write,owner_pair_closed,CLOSED_PAIR_WRITE,BOUND_PAIR_CHARGED_CANDIDATE,156,positive_debit,depth=3,BOUND_COLOR_PAIR|depth=3|q_abs=4,0.05266203703703703703703703703703703703703703703703703703703703703703703703703703703703703703703703704,155.9473379629629629629629629629629629629629629629629629629629629629629629629629629629629629629629630,160.2792084619341563786008230452674897119341563786008230452674897119341563786008230452674897119341565,20.03490105774176954732510288065843621399176954732510288065843621399176954732510288065843621399176956,140.244307404192386831275720164609053497942386831275720164609053497942386831275720164609053497942387,yes,,BOUND_COMPOSITE_ROW_ALLOWED,particle_candidate,,yes,BOUND_COMPOSITE_ROW_ALLOWED,QP093A,particle,NATIVE_PARTICLE_IDENTITY_ASSIGNED_NO_KNOWN_LABEL,QP093A-0268|bound_composite_rows|BOUND_COLOR_PAIR|two_owner_pair_closure|p=6+2|d=3|q=positive:4,,,,native_identity_no_external_label,no,CR119_DOWNSTREAM_ONLY_REVEAL
QP093A-0269,bound_composite_rows,pair_write[6|anti3],BOUND_COLOR_PAIR,two_owner_pair_closure,6+3,3,positive,3,pair_charge_axis,boson_integer_write,owner_pair_closed,CLOSED_PAIR_WRITE,BOUND_PAIR_CHARGED_CANDIDATE,225,positive_debit,depth=3,BOUND_COLOR_PAIR|depth=3|q_abs=3,0.06510416666666666666666666666666666666666666666666666666666666666666666666666666666666666666666666665,224.9348958333333333333333333333333333333333333333333333333333333333333333333333333333333333333333333,229.6210394965277777777777777777777777777777777777777777777777777777777777777777777777777777777777777,28.70262993706597222222222222222222222222222222222222222222222222222222222222222222222222222222222221,200.9184095594618055555555555555555555555555555555555555555555555555555555555555555555555555555555555,yes,,BOUND_COMPOSITE_ROW_ALLOWED,particle_candidate,,yes,BOUND_COMPOSITE_ROW_ALLOWED,QP093A,particle,NATIVE_PARTICLE_IDENTITY_ASSIGNED_NO_KNOWN_LABEL,QP093A-0269|bound_composite_rows|BOUND_COLOR_PAIR|two_owner_pair_closure|p=6+3|d=3|q=positive:3,,,,native_identity_no_external_label,no,CR119_DOWNSTREAM_ONLY_REVEAL
QP093A-0270,bound_composite_rows,pair_write[6|anti4],BOUND_COLOR_PAIR,two_owner_pair_closure,6+4,3,positive,2,pair_charge_axis,boson_integer_write,owner_pair_closed,CLOSED_PAIR_WRITE,BOUND_PAIR_CHARGED_CANDIDATE,294,positive_debit,depth=3,BOUND_COLOR_PAIR|depth=3|q_abs=2,0.07089120370370370370370370370370370370370370370370370370370370370370370370370370370370370370370370371,293.9291087962962962962962962962962962962962962962962962962962962962962962962962962962962962962962963,298.0114575295781893004115226337448559670781893004115226337448559670781893004115226337448559670781893,37.25143219119727366255144032921810699588477366255144032921810699588477366255144032921810699588477366,260.7600253383809156378600823045267489711934156378600823045267489711934156378600823045267489711934156,yes,,BOUND_COMPOSITE_ROW_ALLOWED,particle_candidate,,yes,BOUND_COMPOSITE_ROW_ALLOWED,QP093A,particle,NATIVE_PARTICLE_IDENTITY_ASSIGNED_NO_KNOWN_LABEL,QP093A-0270|bound_composite_rows|BOUND_COLOR_PAIR|two_owner_pair_closure|p=6+4|d=3|q=positive:2,,,,native_identity_no_external_label,no,CR119_DOWNSTREAM_ONLY_REVEAL
QP093A-0271,bound_composite_rows,pair_write[6|anti6],BOUND_COLOR_PAIR,two_owner_pair_closure,6+6,1,neutral,0,pair_charge_axis,boson_integer_write,owner_pair_closed,CLOSED_PAIR_WRITE,BOUND_PAIR_NEUTRAL_CANDIDATE,432,positive_debit,depth=1,BOUND_COLOR_PAIR|depth=1|q_abs=0,45.00,387.00,387.00,48.375,338.625,yes,,BOUND_COMPOSITE_ROW_ALLOWED,particle_candidate,,yes,BOUND_COMPOSITE_ROW_ALLOWED,QP093A,particle,NATIVE_PARTICLE_IDENTITY_ASSIGNED_NO_KNOWN_LABEL,QP093A-0271|bound_composite_rows|BOUND_COLOR_PAIR|two_owner_pair_closure|p=6+6|d=1|q=neutral:0,,,,native_identity_no_external_label,no,CR119_DOWNSTREAM_ONLY_REVEAL
QP093A-0272,bound_composite_rows,pair_write[6|anti8],BOUND_COLOR_PAIR,two_owner_pair_closure,6+8,3,negative,2,pair_charge_axis,boson_integer_write,owner_pair_closed,CLOSED_PAIR_WRITE,BOUND_PAIR_CHARGED_CANDIDATE,582,negative_credit,depth=3,BOUND_COLOR_PAIR|depth=3|q_abs=2,-0.1403356481481481481481481481481481481481481481481481481481481481481481481481481481481481481481481482,582.1403356481481481481481481481481481481481481481481481481481481481481481481481481481481481481481481,590.2256180877057613168724279835390946502057613168724279835390946502057613168724279835390946502057613,73.77820226096322016460905349794238683127572016460905349794238683127572016460905349794238683127572016,516.4474158267425411522633744855967078189300411522633744855967078189300411522633744855967078189300411,yes,,BOUND_COMPOSITE_ROW_ALLOWED,particle_candidate,,yes,BOUND_COMPOSITE_ROW_ALLOWED,QP093A,particle,NATIVE_PARTICLE_IDENTITY_ASSIGNED_NO_KNOWN_LABEL,QP093A-0272|bound_composite_rows|BOUND_COLOR_PAIR|two_owner_pair_closure|p=6+8|d=3|q=negative:2,,,,native_identity_no_external_label,no,CR119_DOWNSTREAM_ONLY_REVEAL
QP093A-0273,bound_composite_rows,pair_write[6|anti9],OCTET_COMPOSITE,two_owner_pair_closure,6+9,3,negative,3,pair_charge_axis,boson_integer_write,owner_pair_closed,CLOSED_PAIR_WRITE,BOUND_PAIR_CHARGED_CANDIDATE,657,negative_credit,depth=3,OCTET_COMPOSITE|depth=3|q_abs=3,-0.1188151041666666666666666666666666666666666666666666666666666666666666666666666666666666666666666667,657.1188151041666666666666666666666666666666666666666666666666666666666666666666666666666666666666667,670.8087904188368055555555555555555555555555555555555555555555555555555555555555555555555555555555554,83.85109880235460069444444444444444444444444444444444444444444444444444444444444444444444444444444442,586.957691616482204861111111111111111111111111111111111111111111111111111111111111111111111111111111,yes,,BOUND_COMPOSITE_ROW_ALLOWED,particle_candidate,,yes,BOUND_COMPOSITE_ROW_ALLOWED,QP093A,particle,NATIVE_PARTICLE_IDENTITY_ASSIGNED_NO_KNOWN_LABEL,QP093A-0273|bound_composite_rows|OCTET_COMPOSITE|two_owner_pair_closure|p=6+9|d=3|q=negative:3,,,,native_identity_no_external_label,no,CR119_DOWNSTREAM_ONLY_REVEAL
QP093A-0274,unstable_resonance_rows,pair_write[6|anti12],OCTET_COMPOSITE,two_owner_pair_closure,6+12,3,negative,6,pair_charge_axis,boson_integer_write,owner_pair_closed,CLOSED_PAIR_WRITE,UNSTABLE_PAIR_HEAVY_CANDIDATE,882,negative_credit,depth=3,OCTET_COMPOSITE|depth=3|q_abs=6,-0.2871093750000000000000000000000000000000000000000000000000000000000000000000000000000000000000000000,882.2871093750000000000000000000000000000000000000000000000000000000000000000000000000000000000000000,919.0490722656250000000000000000000000000000000000000000000000000000000000000000000000000000000000003,114.8811340332031250000000000000000000000000000000000000000000000000000000000000000000000000000000000,804.1679382324218750000000000000000000000000000000000000000000000000000000000000000000000000000000002,yes,,BOUND_COMPOSITE_ROW_ALLOWED,particle_candidate,,yes,BOUND_COMPOSITE_ROW_ALLOWED,QP093A,particle,NATIVE_PARTICLE_IDENTITY_ASSIGNED_NO_KNOWN_LABEL,QP093A-0274|unstable_resonance_rows|OCTET_COMPOSITE|two_owner_pair_closure|p=6+12|d=3|q=negative:6,,,,native_identity_no_external_label,no,CR119_DOWNSTREAM_ONLY_REVEAL
QP093A-0275,bound_composite_rows,pair_write[8|anti1],BOUND_COLOR_PAIR,two_owner_pair_closure,8+1,3,positive,7,pair_charge_axis,boson_integer_write,owner_pair_closed,CLOSED_PAIR_WRITE,BOUND_PAIR_CHARGED_CANDIDATE,117,positive_debit,depth=3,BOUND_COLOR_PAIR|depth=3|q_abs=7,0.05642361111111111111111111111111111111111111111111111111111111111111111111111111111111111111111111111,116.9435763888888888888888888888888888888888888888888888888888888888888888888888888888888888888888889,122.6283335744598765432098765432098765432098765432098765432098765432098765432098765432098765432098765,15.32854169680748456790123456790123456790123456790123456790123456790123456790123456790123456790123456,107.2997918776523919753086419753086419753086419753086419753086419753086419753086419753086419753086419,yes,,BOUND_COMPOSITE_ROW_ALLOWED,particle_candidate,,yes,BOUND_COMPOSITE_ROW_ALLOWED,QP093A,particle,NATIVE_PARTICLE_IDENTITY_ASSIGNED_NO_KNOWN_LABEL,QP093A-0275|bound_composite_rows|BOUND_COLOR_PAIR|two_owner_pair_closure|p=8+1|d=3|q=positive:7,,,,native_identity_no_external_label,no,CR119_DOWNSTREAM_ONLY_REVEAL
QP093A-0276,bound_composite_rows,pair_write[8|anti2],BOUND_COLOR_PAIR,two_owner_pair_closure,8+2,3,positive,6,pair_charge_axis,boson_integer_write,owner_pair_closed,CLOSED_PAIR_WRITE,BOUND_PAIR_CHARGED_CANDIDATE,210,positive_debit,depth=3,BOUND_COLOR_PAIR|depth=3|q_abs=6,0.09114583333333333333333333333333333333333333333333333333333333333333333333333333333333333333333333335,209.9088541666666666666666666666666666666666666666666666666666666666666666666666666666666666666666667,218.6550564236111111111111111111111111111111111111111111111111111111111111111111111111111111111111112,27.3318820529513888888888888888888888888888888888888888888888888888888888888888888888888888888888889,191.3231743706597222222222222222222222222222222222222222222222222222222222222222222222222222222222222,yes,,BOUND_COMPOSITE_ROW_ALLOWED,particle_candidate,,yes,BOUND_COMPOSITE_ROW_ALLOWED,QP093A,particle,NATIVE_PARTICLE_IDENTITY_ASSIGNED_NO_KNOWN_LABEL,QP093A-0276|bound_composite_rows|BOUND_COLOR_PAIR|two_owner_pair_closure|p=8+2|d=3|q=positive:6,,,,native_identity_no_external_label,no,CR119_DOWNSTREAM_ONLY_REVEAL
QP093A-0277,bound_composite_rows,pair_write[8|anti3],BOUND_COLOR_PAIR,two_owner_pair_closure,8+3,3,positive,5,pair_charge_axis,boson_integer_write,owner_pair_closed,CLOSED_PAIR_WRITE,BOUND_PAIR_CHARGED_CANDIDATE,303,positive_debit,depth=3,BOUND_COLOR_PAIR|depth=3|q_abs=5,0.1168981481481481481481481481481481481481481481481481481481481481481481481481481481481481481481481481,302.8831018518518518518518518518518518518518518518518518518518518518518518518518518518518518518518519,313.3998762217078189300411522633744855967078189300411522633744855967078189300411522633744855967078189,39.17498452771347736625514403292181069958847736625514403292181069958847736625514403292181069958847736,274.2248916939943415637860082304526748971193415637860082304526748971193415637860082304526748971193415,yes,,BOUND_COMPOSITE_ROW_ALLOWED,particle_candidate,,yes,BOUND_COMPOSITE_ROW_ALLOWED,QP093A,particle,NATIVE_PARTICLE_IDENTITY_ASSIGNED_NO_KNOWN_LABEL,QP093A-0277|bound_composite_rows|BOUND_COLOR_PAIR|two_owner_pair_closure|p=8+3|d=3|q=positive:5,,,,native_identity_no_external_label,no,CR119_DOWNSTREAM_ONLY_REVEAL
QP093A-0278,bound_composite_rows,pair_write[8|anti4],BOUND_COLOR_PAIR,two_owner_pair_closure,8+4,3,positive,4,pair_charge_axis,boson_integer_write,owner_pair_closed,CLOSED_PAIR_WRITE,BOUND_PAIR_CHARGED_CANDIDATE,396,positive_debit,depth=3,BOUND_COLOR_PAIR|depth=3|q_abs=4,0.1336805555555555555555555555555555555555555555555555555555555555555555555555555555555555555555555556,395.8663194444444444444444444444444444444444444444444444444444444444444444444444444444444444444444444,406.8626060956790123456790123456790123456790123456790123456790123456790123456790123456790123456790124,50.85782576195987654320987654320987654320987654320987654320987654320987654320987654320987654320987655,356.0047803337191358024691358024691358024691358024691358024691358024691358024691358024691358024691359,yes,,BOUND_COMPOSITE_ROW_ALLOWED,particle_candidate,,yes,BOUND_COMPOSITE_ROW_ALLOWED,QP093A,particle,NATIVE_PARTICLE_IDENTITY_ASSIGNED_NO_KNOWN_LABEL,QP093A-0278|bound_composite_rows|BOUND_COLOR_PAIR|two_owner_pair_closure|p=8+4|d=3|q=positive:4,,,,native_identity_no_external_label,no,CR119_DOWNSTREAM_ONLY_REVEAL
QP093A-0279,bound_composite_rows,pair_write[8|anti6],BOUND_COLOR_PAIR,two_owner_pair_closure,8+6,3,positive,2,pair_charge_axis,boson_integer_write,owner_pair_closed,CLOSED_PAIR_WRITE,BOUND_PAIR_CHARGED_CANDIDATE,582,positive_debit,depth=3,BOUND_COLOR_PAIR|depth=3|q_abs=2,0.1403356481481481481481481481481481481481481481481481481481481481481481481481481481481481481481481482,581.8596643518518518518518518518518518518518518518518518518518518518518518518518518518518518518518519,589.9410485789609053497942386831275720164609053497942386831275720164609053497942386831275720164609055,73.74263107237011316872427983539094650205761316872427983539094650205761316872427983539094650205761319,516.1984175065907921810699588477366255144032921810699588477366255144032921810699588477366255144032922,yes,,BOUND_COMPOSITE_ROW_ALLOWED,particle_candidate,,yes,BOUND_COMPOSITE_ROW_ALLOWED,QP093A,particle,NATIVE_PARTICLE_IDENTITY_ASSIGNED_NO_KNOWN_LABEL,QP093A-0279|bound_composite_rows|BOUND_COLOR_PAIR|two_owner_pair_closure|p=8+6|d=3|q=positive:2,,,,native_identity_no_external_label,no,CR119_DOWNSTREAM_ONLY_REVEAL
QP093A-0280,bound_composite_rows,pair_write[8|anti8],BOUND_COLOR_PAIR,two_owner_pair_closure,8+8,1,neutral,0,pair_charge_axis,boson_integer_write,owner_pair_closed,CLOSED_PAIR_WRITE,BOUND_PAIR_NEUTRAL_CANDIDATE,768,positive_debit,depth=1,BOUND_COLOR_PAIR|depth=1|q_abs=0,80.00,688.00,688.00,86.00,602.00,yes,,BOUND_COMPOSITE_ROW_ALLOWED,particle_candidate,,yes,BOUND_COMPOSITE_ROW_ALLOWED,QP093A,particle,NATIVE_PARTICLE_IDENTITY_ASSIGNED_NO_KNOWN_LABEL,QP093A-0280|bound_composite_rows|BOUND_COLOR_PAIR|two_owner_pair_closure|p=8+8|d=1|q=neutral:0,,,,native_identity_no_external_label,no,CR119_DOWNSTREAM_ONLY_REVEAL
QP093A-0281,bound_composite_rows,pair_write[8|anti9],OCTET_COMPOSITE,two_owner_pair_closure,8+9,3,negative,1,pair_charge_axis,boson_integer_write,owner_pair_closed,CLOSED_PAIR_WRITE,BOUND_PAIR_CHARGED_CANDIDATE,867,negative_credit,depth=3,OCTET_COMPOSITE|depth=3|q_abs=1,-0.07316984953703703703703703703703703703703703703703703703703703703703703703703703703703703703703703702,867.0731698495370370370370370370370370370370370370370370370370370370370370370370370370370370370370370,873.0945113068254886831275720164609053497942386831275720164609053497942386831275720164609053497942383,109.1368139133531860853909465020576131687242798353909465020576131687242798353909465020576131687242798,763.9576973934723025977366255144032921810699588477366255144032921810699588477366255144032921810699585,yes,,BOUND_COMPOSITE_ROW_ALLOWED,particle_candidate,,yes,BOUND_COMPOSITE_ROW_ALLOWED,QP093A,particle,NATIVE_PARTICLE_IDENTITY_ASSIGNED_NO_KNOWN_LABEL,QP093A-0281|bound_composite_rows|OCTET_COMPOSITE|two_owner_pair_closure|p=8+9|d=3|q=negative:1,,,,native_identity_no_external_label,no,CR119_DOWNSTREAM_ONLY_REVEAL
QP093A-0282,unstable_resonance_rows,pair_write[8|anti12],OCTET_COMPOSITE,two_owner_pair_closure,8+12,3,negative,4,pair_charge_axis,boson_integer_write,owner_pair_closed,CLOSED_PAIR_WRITE,UNSTABLE_PAIR_HEAVY_CANDIDATE,1164,negative_credit,depth=3,OCTET_COMPOSITE|depth=3|q_abs=4,-0.2666377314814814814814814814814814814814814814814814814814814814814814814814814814814814814814814815,1164.266637731481481481481481481481481481481481481481481481481481481481481481481481481481481481481481,1196.607377668467078189300411522633744855967078189300411522633744855967078189300411522633744855967078,149.5759222085583847736625514403292181069958847736625514403292181069958847736625514403292181069958848,1047.031455459908693415637860082304526748971193415637860082304526748971193415637860082304526748971193,yes,,BOUND_COMPOSITE_ROW_ALLOWED,particle_candidate,,yes,BOUND_COMPOSITE_ROW_ALLOWED,QP093A,particle,NATIVE_PARTICLE_IDENTITY_ASSIGNED_NO_KNOWN_LABEL,QP093A-0282|unstable_resonance_rows|OCTET_COMPOSITE|two_owner_pair_closure|p=8+12|d=3|q=negative:4,,,,native_identity_no_external_label,no,CR119_DOWNSTREAM_ONLY_REVEAL
QP093A-0283,bound_composite_rows,pair_write[9|anti1],OCTET_COMPOSITE,two_owner_pair_closure,9+1,3,positive,8,pair_charge_axis,boson_integer_write,owner_pair_closed,CLOSED_PAIR_WRITE,BOUND_PAIR_CHARGED_CANDIDATE,132,positive_debit,depth=3,OCTET_COMPOSITE|depth=3|q_abs=8,0.05570023148148148148148148148148148148148148148148148148148148148148148148148148148148148148148148148,131.9442997685185185185185185185185185185185185185185185185185185185185185185185185185185185185185185,139.2745386445473251028806584362139917695473251028806584362139917695473251028806584362139917695473251,17.40931733056841563786008230452674897119341563786008230452674897119341563786008230452674897119341564,121.8652213139789094650205761316872427983539094650205761316872427983539094650205761316872427983539095,yes,,BOUND_COMPOSITE_ROW_ALLOWED,particle_candidate,,yes,BOUND_COMPOSITE_ROW_ALLOWED,QP093A,particle,NATIVE_PARTICLE_IDENTITY_ASSIGNED_NO_KNOWN_LABEL,QP093A-0283|bound_composite_rows|OCTET_COMPOSITE|two_owner_pair_closure|p=9+1|d=3|q=positive:8,,,,native_identity_no_external_label,no,CR119_DOWNSTREAM_ONLY_REVEAL
QP093A-0284,bound_composite_rows,pair_write[9|anti2],OCTET_COMPOSITE,two_owner_pair_closure,9+2,3,positive,7,pair_charge_axis,boson_integer_write,owner_pair_closed,CLOSED_PAIR_WRITE,BOUND_PAIR_CHARGED_CANDIDATE,237,positive_debit,depth=3,OCTET_COMPOSITE|depth=3|q_abs=7,0.08857783564814814814814814814814814814814814814814814814814814814814814814814814814814814814814814816,236.9114221643518518518518518518518518518518518518518518518518518518518518518518518518518518518518519,248.4279496306745113168724279835390946502057613168724279835390946502057613168724279835390946502057613,31.05349370383431391460905349794238683127572016460905349794238683127572016460905349794238683127572016,217.3744559268401974022633744855967078189300411522633744855967078189300411522633744855967078189300411,yes,,BOUND_COMPOSITE_ROW_ALLOWED,particle_candidate,,yes,BOUND_COMPOSITE_ROW_ALLOWED,QP093A,particle,NATIVE_PARTICLE_IDENTITY_ASSIGNED_NO_KNOWN_LABEL,QP093A-0284|bound_composite_rows|OCTET_COMPOSITE|two_owner_pair_closure|p=9+2|d=3|q=positive:7,,,,native_identity_no_external_label,no,CR119_DOWNSTREAM_ONLY_REVEAL
QP093A-0285,bound_composite_rows,pair_write[9|anti3],OCTET_COMPOSITE,two_owner_pair_closure,9+3,3,positive,6,pair_charge_axis,boson_integer_write,owner_pair_closed,CLOSED_PAIR_WRITE,BOUND_PAIR_CHARGED_CANDIDATE,342,positive_debit,depth=3,OCTET_COMPOSITE|depth=3|q_abs=6,0.1113281250000000000000000000000000000000000000000000000000000000000000000000000000000000000000000000,341.8886718750000000000000000000000000000000000000000000000000000000000000000000000000000000000000000,356.1340332031250000000000000000000000000000000000000000000000000000000000000000000000000000000000001,44.51675415039062500000000000000000000000000000000000000000000000000000000000000000000000000000000001,311.6172790527343750000000000000000000000000000000000000000000000000000000000000000000000000000000001,yes,,BOUND_COMPOSITE_ROW_ALLOWED,particle_candidate,,yes,BOUND_COMPOSITE_ROW_ALLOWED,QP093A,particle,NATIVE_PARTICLE_IDENTITY_ASSIGNED_NO_KNOWN_LABEL,QP093A-0285|bound_composite_rows|OCTET_COMPOSITE|two_owner_pair_closure|p=9+3|d=3|q=positive:6,,,,native_identity_no_external_label,no,CR119_DOWNSTREAM_ONLY_REVEAL
QP093A-0286,bound_composite_rows,pair_write[9|anti4],OCTET_COMPOSITE,two_owner_pair_closure,9+4,3,positive,5,pair_charge_axis,boson_integer_write,owner_pair_closed,CLOSED_PAIR_WRITE,BOUND_PAIR_CHARGED_CANDIDATE,447,positive_debit,depth=3,OCTET_COMPOSITE|depth=3|q_abs=5,0.1239510995370370370370370370370370370370370370370370370370370370370370370370370370370370370370370371,446.8760489004629629629629629629629629629629629629629629629629629629629629629629629629629629629629630,462.3925783761734825102880658436213991769547325102880658436213991769547325102880658436213991769547324,57.79907229702168531378600823045267489711934156378600823045267489711934156378600823045267489711934155,404.5935060791517971965020576131687242798353909465020576131687242798353909465020576131687242798353909,yes,,BOUND_COMPOSITE_ROW_ALLOWED,particle_candidate,,yes,BOUND_COMPOSITE_ROW_ALLOWED,QP093A,particle,NATIVE_PARTICLE_IDENTITY_ASSIGNED_NO_KNOWN_LABEL,QP093A-0286|bound_composite_rows|OCTET_COMPOSITE|two_owner_pair_closure|p=9+4|d=3|q=positive:5,,,,native_identity_no_external_label,no,CR119_DOWNSTREAM_ONLY_REVEAL
QP093A-0287,bound_composite_rows,pair_write[9|anti6],OCTET_COMPOSITE,two_owner_pair_closure,9+6,3,positive,3,pair_charge_axis,boson_integer_write,owner_pair_closed,CLOSED_PAIR_WRITE,BOUND_PAIR_CHARGED_CANDIDATE,657,positive_debit,depth=3,OCTET_COMPOSITE|depth=3|q_abs=3,0.1188151041666666666666666666666666666666666666666666666666666666666666666666666666666666666666666667,656.8811848958333333333333333333333333333333333333333333333333333333333333333333333333333333333333333,670.5662095811631944444444444444444444444444444444444444444444444444444444444444444444444444444444442,83.82077619764539930555555555555555555555555555555555555555555555555555555555555555555555555555555552,586.7454333835177951388888888888888888888888888888888888888888888888888888888888888888888888888888886,yes,,BOUND_COMPOSITE_ROW_ALLOWED,particle_candidate,,yes,BOUND_COMPOSITE_ROW_ALLOWED,QP093A,particle,NATIVE_PARTICLE_IDENTITY_ASSIGNED_NO_KNOWN_LABEL,QP093A-0287|bound_composite_rows|OCTET_COMPOSITE|two_owner_pair_closure|p=9+6|d=3|q=positive:3,,,,native_identity_no_external_label,no,CR119_DOWNSTREAM_ONLY_REVEAL
QP093A-0288,bound_composite_rows,pair_write[9|anti8],OCTET_COMPOSITE,two_owner_pair_closure,9+8,3,positive,1,pair_charge_axis,boson_integer_write,owner_pair_closed,CLOSED_PAIR_WRITE,BOUND_PAIR_CHARGED_CANDIDATE,867,positive_debit,depth=3,OCTET_COMPOSITE|depth=3|q_abs=1,0.07316984953703703703703703703703703703703703703703703703703703703703703703703703703703703703703703702,866.9268301504629629629629629629629629629629629629629629629629629629629629629629629629629629629629630,872.9471553598411779835390946502057613168724279835390946502057613168724279835390946502057613168724276,109.1183944199801472479423868312757201646090534979423868312757201646090534979423868312757201646090534,763.8287609398610307355967078189300411522633744855967078189300411522633744855967078189300411522633741,yes,,BOUND_COMPOSITE_ROW_ALLOWED,particle_candidate,,yes,BOUND_COMPOSITE_ROW_ALLOWED,QP093A,particle,NATIVE_PARTICLE_IDENTITY_ASSIGNED_NO_KNOWN_LABEL,QP093A-0288|bound_composite_rows|OCTET_COMPOSITE|two_owner_pair_closure|p=9+8|d=3|q=positive:1,,,,native_identity_no_external_label,no,CR119_DOWNSTREAM_ONLY_REVEAL
QP093A-0289,bound_composite_rows,pair_write[9|anti9],OCTET_COMPOSITE,two_owner_pair_closure,9+9,1,neutral,0,pair_charge_axis,boson_integer_write,owner_pair_closed,CLOSED_PAIR_WRITE,BOUND_PAIR_NEUTRAL_CANDIDATE,972,positive_debit,depth=1,OCTET_COMPOSITE|depth=1|q_abs=0,86.0625,885.9375,885.9375,110.7421875,775.1953125,yes,,BOUND_COMPOSITE_ROW_ALLOWED,particle_candidate,,yes,BOUND_COMPOSITE_ROW_ALLOWED,QP093A,particle,NATIVE_PARTICLE_IDENTITY_ASSIGNED_NO_KNOWN_LABEL,QP093A-0289|bound_composite_rows|OCTET_COMPOSITE|two_owner_pair_closure|p=9+9|d=1|q=neutral:0,,,,native_identity_no_external_label,no,CR119_DOWNSTREAM_ONLY_REVEAL
QP093A-0290,unstable_resonance_rows,pair_write[9|anti12],OCTET_COMPOSITE,two_owner_pair_closure,9+12,3,negative,3,pair_charge_axis,boson_integer_write,owner_pair_closed,CLOSED_PAIR_WRITE,UNSTABLE_PAIR_HEAVY_CANDIDATE,1305,negative_credit,depth=3,OCTET_COMPOSITE|depth=3|q_abs=3,-0.2360026041666666666666666666666666666666666666666666666666666666666666666666666666666666666666666667,1305.236002604166666666666666666666666666666666666666666666666666666666666666666666666666666666666667,1332.428419325086805555555555555555555555555555555555555555555555555555555555555555555555555555555555,166.5535524156358506944444444444444444444444444444444444444444444444444444444444444444444444444444444,1165.874866909450954861111111111111111111111111111111111111111111111111111111111111111111111111111111,yes,,BOUND_COMPOSITE_ROW_ALLOWED,particle_candidate,,yes,BOUND_COMPOSITE_ROW_ALLOWED,QP093A,particle,NATIVE_PARTICLE_IDENTITY_ASSIGNED_NO_KNOWN_LABEL,QP093A-0290|unstable_resonance_rows|OCTET_COMPOSITE|two_owner_pair_closure|p=9+12|d=3|q=negative:3,,,,native_identity_no_external_label,no,CR119_DOWNSTREAM_ONLY_REVEAL
QP093A-0291,unstable_resonance_rows,pair_write[12|anti1],OCTET_COMPOSITE,two_owner_pair_closure,12+1,3,positive,11,pair_charge_axis,boson_integer_write,owner_pair_closed,CLOSED_PAIR_WRITE,UNSTABLE_PAIR_HEAVY_CANDIDATE,177,positive_debit,depth=3,OCTET_COMPOSITE|depth=3|q_abs=11,0.1002965856481481481481481481481481481481481481481481481481481481481481481481481481481481481481481482,176.8997034143518518518518518518518518518518518518518518518518518518518518518518518518518518518518519,190.4128752029481738683127572016460905349794238683127572016460905349794238683127572016460905349794239,23.80160940036852173353909465020576131687242798353909465020576131687242798353909465020576131687242799,166.6112658025796521347736625514403292181069958847736625514403292181069958847736625514403292181069959,yes,,BOUND_COMPOSITE_ROW_ALLOWED,particle_candidate,,yes,BOUND_COMPOSITE_ROW_ALLOWED,QP093A,particle,NATIVE_PARTICLE_IDENTITY_ASSIGNED_NO_KNOWN_LABEL,QP093A-0291|unstable_resonance_rows|OCTET_COMPOSITE|two_owner_pair_closure|p=12+1|d=3|q=positive:11,,,,native_identity_no_external_label,no,CR119_DOWNSTREAM_ONLY_REVEAL
QP093A-0292,unstable_resonance_rows,pair_write[12|anti2],OCTET_COMPOSITE,two_owner_pair_closure,12+2,3,positive,10,pair_charge_axis,boson_integer_write,owner_pair_closed,CLOSED_PAIR_WRITE,UNSTABLE_PAIR_HEAVY_CANDIDATE,318,positive_debit,depth=3,OCTET_COMPOSITE|depth=3|q_abs=10,0.1648582175925925925925925925925925925925925925925925925925925925925925925925925925925925925925925926,317.8351417824074074074074074074074074074074074074074074074074074074074074074074074074074074074074074,339.9070266284079218106995884773662551440329218106995884773662551440329218106995884773662551440329217,42.48837832855099022633744855967078189300411522633744855967078189300411522633744855967078189300411521,297.4186482998569315843621399176954732510288065843621399176954732510288065843621399176954732510288065,yes,,BOUND_COMPOSITE_ROW_ALLOWED,particle_candidate,,yes,BOUND_COMPOSITE_ROW_ALLOWED,QP093A,particle,NATIVE_PARTICLE_IDENTITY_ASSIGNED_NO_KNOWN_LABEL,QP093A-0292|unstable_resonance_rows|OCTET_COMPOSITE|two_owner_pair_closure|p=12+2|d=3|q=positive:10,,,,native_identity_no_external_label,no,CR119_DOWNSTREAM_ONLY_REVEAL
QP093A-0293,unstable_resonance_rows,pair_write[12|anti3],OCTET_COMPOSITE,two_owner_pair_closure,12+3,3,positive,9,pair_charge_axis,boson_integer_write,owner_pair_closed,CLOSED_PAIR_WRITE,UNSTABLE_PAIR_HEAVY_CANDIDATE,459,positive_debit,depth=3,OCTET_COMPOSITE|depth=3|q_abs=9,0.2158203125,458.7841796875,487.45819091796875,60.93227386474609375,426.52591705322265625,yes,,BOUND_COMPOSITE_ROW_ALLOWED,particle_candidate,,yes,BOUND_COMPOSITE_ROW_ALLOWED,QP093A,particle,NATIVE_PARTICLE_IDENTITY_ASSIGNED_NO_KNOWN_LABEL,QP093A-0293|unstable_resonance_rows|OCTET_COMPOSITE|two_owner_pair_closure|p=12+3|d=3|q=positive:9,,,,native_identity_no_external_label,no,CR119_DOWNSTREAM_ONLY_REVEAL
QP093A-0294,unstable_resonance_rows,pair_write[12|anti4],OCTET_COMPOSITE,two_owner_pair_closure,12+4,3,positive,8,pair_charge_axis,boson_integer_write,owner_pair_closed,CLOSED_PAIR_WRITE,UNSTABLE_PAIR_HEAVY_CANDIDATE,600,positive_debit,depth=3,OCTET_COMPOSITE|depth=3|q_abs=8,0.2531828703703703703703703703703703703703703703703703703703703703703703703703703703703703703703703704,599.7468171296296296296296296296296296296296296296296296296296296296296296296296296296296296296296296,633.0660847479423868312757201646090534979423868312757201646090534979423868312757201646090534979423871,79.13326059349279835390946502057613168724279835390946502057613168724279835390946502057613168724279839,553.9328241544495884773662551440329218106995884773662551440329218106995884773662551440329218106995888,yes,,BOUND_COMPOSITE_ROW_ALLOWED,particle_candidate,,yes,BOUND_COMPOSITE_ROW_ALLOWED,QP093A,particle,NATIVE_PARTICLE_IDENTITY_ASSIGNED_NO_KNOWN_LABEL,QP093A-0294|unstable_resonance_rows|OCTET_COMPOSITE|two_owner_pair_closure|p=12+4|d=3|q=positive:8,,,,native_identity_no_external_label,no,CR119_DOWNSTREAM_ONLY_REVEAL
QP093A-0295,unstable_resonance_rows,pair_write[12|anti6],OCTET_COMPOSITE,two_owner_pair_closure,12+6,3,positive,6,pair_charge_axis,boson_integer_write,owner_pair_closed,CLOSED_PAIR_WRITE,UNSTABLE_PAIR_HEAVY_CANDIDATE,882,positive_debit,depth=3,OCTET_COMPOSITE|depth=3|q_abs=6,0.2871093750000000000000000000000000000000000000000000000000000000000000000000000000000000000000000000,881.7128906250000000000000000000000000000000000000000000000000000000000000000000000000000000000000000,918.4509277343750000000000000000000000000000000000000000000000000000000000000000000000000000000000003,114.8063659667968750000000000000000000000000000000000000000000000000000000000000000000000000000000000,803.6445617675781250000000000000000000000000000000000000000000000000000000000000000000000000000000002,yes,,BOUND_COMPOSITE_ROW_ALLOWED,particle_candidate,,yes,BOUND_COMPOSITE_ROW_ALLOWED,QP093A,particle,NATIVE_PARTICLE_IDENTITY_ASSIGNED_NO_KNOWN_LABEL,QP093A-0295|unstable_resonance_rows|OCTET_COMPOSITE|two_owner_pair_closure|p=12+6|d=3|q=positive:6,,,,native_identity_no_external_label,no,CR119_DOWNSTREAM_ONLY_REVEAL
QP093A-0296,unstable_resonance_rows,pair_write[12|anti8],OCTET_COMPOSITE,two_owner_pair_closure,12+8,3,positive,4,pair_charge_axis,boson_integer_write,owner_pair_closed,CLOSED_PAIR_WRITE,UNSTABLE_PAIR_HEAVY_CANDIDATE,1164,positive_debit,depth=3,OCTET_COMPOSITE|depth=3|q_abs=4,0.2666377314814814814814814814814814814814814814814814814814814814814814814814814814814814814814814815,1163.733362268518518518518518518518518518518518518518518518518518518518518518518518518518518518518519,1196.059288998199588477366255144032921810699588477366255144032921810699588477366255144032921810699589,149.5074111247749485596707818930041152263374485596707818930041152263374485596707818930041152263374486,1046.551877873424639917695473251028806584362139917695473251028806584362139917695473251028806584362140,yes,,BOUND_COMPOSITE_ROW_ALLOWED,particle_candidate,,yes,BOUND_COMPOSITE_ROW_ALLOWED,QP093A,particle,NATIVE_PARTICLE_IDENTITY_ASSIGNED_NO_KNOWN_LABEL,QP093A-0296|unstable_resonance_rows|OCTET_COMPOSITE|two_owner_pair_closure|p=12+8|d=3|q=positive:4,,,,native_identity_no_external_label,no,CR119_DOWNSTREAM_ONLY_REVEAL
QP093A-0297,unstable_resonance_rows,pair_write[12|anti9],OCTET_COMPOSITE,two_owner_pair_closure,12+9,3,positive,3,pair_charge_axis,boson_integer_write,owner_pair_closed,CLOSED_PAIR_WRITE,UNSTABLE_PAIR_HEAVY_CANDIDATE,1305,positive_debit,depth=3,OCTET_COMPOSITE|depth=3|q_abs=3,0.2360026041666666666666666666666666666666666666666666666666666666666666666666666666666666666666666667,1304.763997395833333333333333333333333333333333333333333333333333333333333333333333333333333333333333,1331.946580674913194444444444444444444444444444444444444444444444444444444444444444444444444444444444,166.4933225843641493055555555555555555555555555555555555555555555555555555555555555555555555555555555,1165.453258090549045138888888888888888888888888888888888888888888888888888888888888888888888888888888,yes,,BOUND_COMPOSITE_ROW_ALLOWED,particle_candidate,,yes,BOUND_COMPOSITE_ROW_ALLOWED,QP093A,particle,NATIVE_PARTICLE_IDENTITY_ASSIGNED_NO_KNOWN_LABEL,QP093A-0297|unstable_resonance_rows|OCTET_COMPOSITE|two_owner_pair_closure|p=12+9|d=3|q=positive:3,,,,native_identity_no_external_label,no,CR119_DOWNSTREAM_ONLY_REVEAL
QP093A-0298,unstable_resonance_rows,pair_write[12|anti12],OCTET_COMPOSITE,two_owner_pair_closure,12+12,1,neutral,0,pair_charge_axis,boson_integer_write,owner_pair_closed,CLOSED_PAIR_WRITE,UNSTABLE_PAIR_HEAVY_CANDIDATE,1728,positive_debit,depth=1,OCTET_COMPOSITE|depth=1|q_abs=0,153.0000,1575.0000,1575.0000,196.8750,1378.1250,yes,,BOUND_COMPOSITE_ROW_ALLOWED,particle_candidate,,yes,BOUND_COMPOSITE_ROW_ALLOWED,QP093A,particle,NATIVE_PARTICLE_IDENTITY_ASSIGNED_NO_KNOWN_LABEL,QP093A-0298|unstable_resonance_rows|OCTET_COMPOSITE|two_owner_pair_closure|p=12+12|d=1|q=neutral:0,,,,native_identity_no_external_label,no,CR119_DOWNSTREAM_ONLY_REVEAL
QP093A-0299,unstable_resonance_rows,closed_scalar_loop[R2_retention_7_over_8],CLOSED_SCALAR_LOOP,closed_loop_parent,12+12,3,neutral,0,neutral_scalar_axis,scalar_closed_loop,loop_closed_then_split,CLOSED_LOOP_WRITE,UNSTABLE_SCALAR_REVEAL_CANDIDATE,126000,positive_debit,closed_loop_surface_D2_over_R,closed_loop_surface_D2_over_R,750.00,125250.00,125250.00,15656.25,109593.75,yes,Higgs (H)|downstream_only,MATTER_ROW_ALLOWED_AFTER_REVEAL_DEBIT,particle_candidate,,yes,MATTER_ROW_ALLOWED_AFTER_REVEAL_DEBIT,QP093A,particle,REVEALED_KNOWN_DOWNSTREAM_LABEL,Higgs (H),Higgs (H),,Higgs (H),downstream_only,no,CR119_DOWNSTREAM_ONLY_REVEAL
QP093A-0300,carrier_only_rows,tensor_carrier_alphaH_D2,TENSOR_CARRIER,carrier_only,18,3,neutral,0,carrier_axis,rank2_plus_cross,not_matter_owner,CLOSED_CARRIER_SUPPORT,CARRIER_ONLY_NOT_MATTER,18,none,no_surface_depth,no_surface_depth,0,18,0,0,0,no,,REJECT_MATTER_PROMOTION_CARRIER_ONLY,particle_candidate,,no,REJECT_MATTER_PROMOTION_CARRIER_ONLY,QP093A,particle,NATIVE_PARTICLE_IDENTITY_ASSIGNED_NO_KNOWN_LABEL,QP093A-0300|carrier_only_rows|TENSOR_CARRIER|carrier_only|p=18|d=3|q=neutral:0,,,,native_identity_no_external_label,no,CR119_DOWNSTREAM_ONLY_REVEAL
QP093A-0301,carrier_only_rows,photon_road_carrier,ROAD_LIGHT_CARRIER,carrier_only,1,3,neutral,0,carrier_axis,transverse_vector,not_matter_owner,CLOSED_CARRIER_SUPPORT,CARRIER_ONLY_NOT_MATTER,0,none,no_surface_depth,no_surface_depth,0,0,0,0,0,no,,REJECT_MATTER_PROMOTION_CARRIER_ONLY,particle_candidate,,no,REJECT_MATTER_PROMOTION_CARRIER_ONLY,QP093A,particle,NATIVE_PARTICLE_IDENTITY_ASSIGNED_NO_KNOWN_LABEL,QP093A-0301|carrier_only_rows|ROAD_LIGHT_CARRIER|carrier_only|p=1|d=3|q=neutral:0,,,,native_identity_no_external_label,no,CR119_DOWNSTREAM_ONLY_REVEAL
QP093A-0302,carrier_only_rows,weak_vector_support,WEAK_VECTOR_CARRIER,carrier_only,9,3,neutral,0,carrier_axis,massive_vector_support,not_matter_owner,CLOSED_CARRIER_SUPPORT,CARRIER_ONLY_NOT_MATTER,9,none,no_surface_depth,no_surface_depth,0,9,0,0,0,no,,REJECT_MATTER_PROMOTION_CARRIER_ONLY,particle_candidate,,no,REJECT_MATTER_PROMOTION_CARRIER_ONLY,QP093A,particle,NATIVE_PARTICLE_IDENTITY_ASSIGNED_NO_KNOWN_LABEL,QP093A-0302|carrier_only_rows|WEAK_VECTOR_CARRIER|carrier_only|p=9|d=3|q=neutral:0,,,,native_identity_no_external_label,no,CR119_DOWNSTREAM_ONLY_REVEAL
QP093A-0303,carrier_only_rows,neutral_vector_support,NEUTRAL_VECTOR_CARRIER,carrier_only,81,3,neutral,0,carrier_axis,massive_vector_support,not_matter_owner,CLOSED_CARRIER_SUPPORT,CARRIER_ONLY_NOT_MATTER,81,none,no_surface_depth,no_surface_depth,0,81,0,0,0,no,,REJECT_MATTER_PROMOTION_CARRIER_ONLY,particle_candidate,,no,REJECT_MATTER_PROMOTION_CARRIER_ONLY,QP093A,particle,NATIVE_PARTICLE_IDENTITY_ASSIGNED_NO_KNOWN_LABEL,QP093A-0303|carrier_only_rows|NEUTRAL_VECTOR_CARRIER|carrier_only|p=81|d=3|q=neutral:0,,,,native_identity_no_external_label,no,CR119_DOWNSTREAM_ONLY_REVEAL
QP093A-0304,carrier_only_rows,gluon_color_owner_support,COLOR_OWNER_CARRIER,carrier_only,8,3,neutral,0,carrier_axis,color_octet_support,not_matter_owner,CLOSED_CARRIER_SUPPORT,CARRIER_ONLY_NOT_MATTER,8,none,no_surface_depth,no_surface_depth,0,8,0,0,0,no,,REJECT_MATTER_PROMOTION_CARRIER_ONLY,particle_candidate,,no,REJECT_MATTER_PROMOTION_CARRIER_ONLY,QP093A,particle,NATIVE_PARTICLE_IDENTITY_ASSIGNED_NO_KNOWN_LABEL,QP093A-0304|carrier_only_rows|COLOR_OWNER_CARRIER|carrier_only|p=8|d=3|q=neutral:0,,,,native_identity_no_external_label,no,CR119_DOWNSTREAM_ONLY_REVEAL
QP093A-0305,carrier_only_rows,a_kernel_support,A_FIELD_CARRIER,carrier_only,1,3,neutral,0,carrier_axis,environmental_A_support,not_matter_owner,CLOSED_CARRIER_SUPPORT,CARRIER_ONLY_NOT_MATTER,0,none,no_surface_depth,no_surface_depth,0,0,0,0,0,no,,REJECT_MATTER_PROMOTION_CARRIER_ONLY,particle_candidate,,no,REJECT_MATTER_PROMOTION_CARRIER_ONLY,QP093A,particle,NATIVE_PARTICLE_IDENTITY_ASSIGNED_NO_KNOWN_LABEL,QP093A-0305|carrier_only_rows|A_FIELD_CARRIER|carrier_only|p=1|d=3|q=neutral:0,,,,native_identity_no_external_label,no,CR119_DOWNSTREAM_ONLY_REVEAL
QP093A-0306,hidden_source_support_rows,hidden_source_support[p=1],SOURCE_SUPPORT_PACKET,hidden_support,1,3,positive,1,source_axis,unresolved_support,hidden_not_matter_owner,SOURCE_SUPPORT_ONLY,HIDDEN_SUPPORT_NOT_MATTER,1.006944444444444444444444444444444444444444444444444444444444444444444444444444444444444444444444444,none,no_surface_depth,no_surface_depth,0,1.006944444444444444444444444444444444444444444444444444444444444444444444444444444444444444444444444,0,0,0,no,,SOURCE_SUPPORT_NOT_PROMOTED,particle_candidate,,no,SOURCE_SUPPORT_NOT_PROMOTED,QP093A,particle,NATIVE_PARTICLE_IDENTITY_ASSIGNED_NO_KNOWN_LABEL,QP093A-0306|hidden_source_support_rows|SOURCE_SUPPORT_PACKET|hidden_support|p=1|d=3|q=positive:1,,,,native_identity_no_external_label,no,CR119_DOWNSTREAM_ONLY_REVEAL
QP093A-0307,hidden_source_support_rows,hidden_source_support[p=2],SOURCE_SUPPORT_PACKET,hidden_support,2,3,positive,2,source_axis,unresolved_support,hidden_not_matter_owner,SOURCE_SUPPORT_ONLY,HIDDEN_SUPPORT_NOT_MATTER,2.027777777777777777777777777777777777777777777777777777777777777777777777777777777777777777777777778,none,no_surface_depth,no_surface_depth,0,2.027777777777777777777777777777777777777777777777777777777777777777777777777777777777777777777777778,0,0,0,no,,SOURCE_SUPPORT_NOT_PROMOTED,particle_candidate,,no,SOURCE_SUPPORT_NOT_PROMOTED,QP093A,particle,NATIVE_PARTICLE_IDENTITY_ASSIGNED_NO_KNOWN_LABEL,QP093A-0307|hidden_source_support_rows|SOURCE_SUPPORT_PACKET|hidden_support|p=2|d=3|q=positive:2,,,,native_identity_no_external_label,no,CR119_DOWNSTREAM_ONLY_REVEAL
QP093A-0308,hidden_source_support_rows,hidden_source_support[p=3],SOURCE_SUPPORT_PACKET,hidden_support,3,3,positive,3,source_axis,unresolved_support,hidden_not_matter_owner,SOURCE_SUPPORT_ONLY,HIDDEN_SUPPORT_NOT_MATTER,3.062499999999999999999999999999999999999999999999999999999999999999999999999999999999999999999999999,none,no_surface_depth,no_surface_depth,0,3.062499999999999999999999999999999999999999999999999999999999999999999999999999999999999999999999999,0,0,0,no,,SOURCE_SUPPORT_NOT_PROMOTED,particle_candidate,,no,SOURCE_SUPPORT_NOT_PROMOTED,QP093A,particle,NATIVE_PARTICLE_IDENTITY_ASSIGNED_NO_KNOWN_LABEL,QP093A-0308|hidden_source_support_rows|SOURCE_SUPPORT_PACKET|hidden_support|p=3|d=3|q=positive:3,,,,native_identity_no_external_label,no,CR119_DOWNSTREAM_ONLY_REVEAL
QP093A-0309,hidden_source_support_rows,hidden_source_support[p=4],SOURCE_SUPPORT_PACKET,hidden_support,4,3,positive,4,source_axis,unresolved_support,hidden_not_matter_owner,SOURCE_SUPPORT_ONLY,HIDDEN_SUPPORT_NOT_MATTER,4.111111111111111111111111111111111111111111111111111111111111111111111111111111111111111111111111112,none,no_surface_depth,no_surface_depth,0,4.111111111111111111111111111111111111111111111111111111111111111111111111111111111111111111111111112,0,0,0,no,,SOURCE_SUPPORT_NOT_PROMOTED,particle_candidate,,no,SOURCE_SUPPORT_NOT_PROMOTED,QP093A,particle,NATIVE_PARTICLE_IDENTITY_ASSIGNED_NO_KNOWN_LABEL,QP093A-0309|hidden_source_support_rows|SOURCE_SUPPORT_PACKET|hidden_support|p=4|d=3|q=positive:4,,,,native_identity_no_external_label,no,CR119_DOWNSTREAM_ONLY_REVEAL
QP093A-0310,hidden_source_support_rows,hidden_source_support[p=6],SOURCE_SUPPORT_PACKET,hidden_support,6,3,positive,6,source_axis,unresolved_support,hidden_not_matter_owner,SOURCE_SUPPORT_ONLY,HIDDEN_SUPPORT_NOT_MATTER,6.250000000000000000000000000000000000000000000000000000000000000000000000000000000000000000000000002,none,no_surface_depth,no_surface_depth,0,6.250000000000000000000000000000000000000000000000000000000000000000000000000000000000000000000000002,0,0,0,no,,SOURCE_SUPPORT_NOT_PROMOTED,particle_candidate,,no,SOURCE_SUPPORT_NOT_PROMOTED,QP093A,particle,NATIVE_PARTICLE_IDENTITY_ASSIGNED_NO_KNOWN_LABEL,QP093A-0310|hidden_source_support_rows|SOURCE_SUPPORT_PACKET|hidden_support|p=6|d=3|q=positive:6,,,,native_identity_no_external_label,no,CR119_DOWNSTREAM_ONLY_REVEAL
QP093A-0311,hidden_source_support_rows,hidden_source_support[p=8],SOURCE_SUPPORT_PACKET,hidden_support,8,3,positive,8,source_axis,unresolved_support,hidden_not_matter_owner,SOURCE_SUPPORT_ONLY,HIDDEN_SUPPORT_NOT_MATTER,8.444444444444444444444444444444444444444444444444444444444444444444444444444444444444444444444444448,none,no_surface_depth,no_surface_depth,0,8.444444444444444444444444444444444444444444444444444444444444444444444444444444444444444444444444448,0,0,0,no,,SOURCE_SUPPORT_NOT_PROMOTED,particle_candidate,,no,SOURCE_SUPPORT_NOT_PROMOTED,QP093A,particle,NATIVE_PARTICLE_IDENTITY_ASSIGNED_NO_KNOWN_LABEL,QP093A-0311|hidden_source_support_rows|SOURCE_SUPPORT_PACKET|hidden_support|p=8|d=3|q=positive:8,,,,native_identity_no_external_label,no,CR119_DOWNSTREAM_ONLY_REVEAL
QP093A-0312,hidden_source_support_rows,hidden_source_support[p=9],SOURCE_SUPPORT_PACKET,hidden_support,9,3,positive,9,source_axis,unresolved_support,hidden_not_matter_owner,SOURCE_SUPPORT_ONLY,HIDDEN_SUPPORT_NOT_MATTER,9.5625,none,no_surface_depth,no_surface_depth,0,9.5625,0,0,0,no,,SOURCE_SUPPORT_NOT_PROMOTED,particle_candidate,,no,SOURCE_SUPPORT_NOT_PROMOTED,QP093A,particle,NATIVE_PARTICLE_IDENTITY_ASSIGNED_NO_KNOWN_LABEL,QP093A-0312|hidden_source_support_rows|SOURCE_SUPPORT_PACKET|hidden_support|p=9|d=3|q=positive:9,,,,native_identity_no_external_label,no,CR119_DOWNSTREAM_ONLY_REVEAL
QP093A-0313,hidden_source_support_rows,hidden_source_support[p=12],SOURCE_SUPPORT_PACKET,hidden_support,12,3,positive,12,source_axis,unresolved_support,hidden_not_matter_owner,SOURCE_SUPPORT_ONLY,HIDDEN_SUPPORT_NOT_MATTER,13.00000000000000000000000000000000000000000000000000000000000000000000000000000000000000000000000000,none,no_surface_depth,no_surface_depth,0,13.00000000000000000000000000000000000000000000000000000000000000000000000000000000000000000000000000,0,0,0,no,,SOURCE_SUPPORT_NOT_PROMOTED,particle_candidate,,no,SOURCE_SUPPORT_NOT_PROMOTED,QP093A,particle,NATIVE_PARTICLE_IDENTITY_ASSIGNED_NO_KNOWN_LABEL,QP093A-0313|hidden_source_support_rows|SOURCE_SUPPORT_PACKET|hidden_support|p=12|d=3|q=positive:12,,,,native_identity_no_external_label,no,CR119_DOWNSTREAM_ONLY_REVEAL
QP093A-0314,rejected_fake_closures,fake_direct_qA_as_mass,DIRECT_QA_AS_MASS,fake_closure,1,0,neutral,0,fake_axis,fake_spin,not_closed,REJECT_DIRECT_QA_AS_MASS,REJECTED_FAKE_CLOSURE,0,none,no_surface_depth,no_surface_depth,0,0,0,0,0,no,,REJECT_DIRECT_QA_AS_MASS,particle_candidate,,no,REJECT_DIRECT_QA_AS_MASS,QP093A,particle,NATIVE_PARTICLE_IDENTITY_ASSIGNED_NO_KNOWN_LABEL,QP093A-0314|rejected_fake_closures|DIRECT_QA_AS_MASS|fake_closure|p=1|d=0|q=neutral:0,,,,native_identity_no_external_label,no,CR119_DOWNSTREAM_ONLY_REVEAL
QP093A-0315,rejected_fake_closures,fake_tensor_as_particle,PROMOTE_TENSOR_CARRIER,fake_closure,1,0,neutral,0,fake_axis,fake_spin,not_closed,REJECT_CARRIER_PROMOTION,REJECTED_FAKE_CLOSURE,0,none,no_surface_depth,no_surface_depth,0,0,0,0,0,no,,REJECT_CARRIER_PROMOTION,particle_candidate,,no,REJECT_CARRIER_PROMOTION,QP093A,particle,NATIVE_PARTICLE_IDENTITY_ASSIGNED_NO_KNOWN_LABEL,QP093A-0315|rejected_fake_closures|PROMOTE_TENSOR_CARRIER|fake_closure|p=1|d=0|q=neutral:0,,,,native_identity_no_external_label,no,CR119_DOWNSTREAM_ONLY_REVEAL
QP093A-0316,rejected_fake_closures,fake_skip_ledger_compression,SKIP_LEDGER_COMPRESSION,fake_closure,1,0,neutral,0,fake_axis,fake_spin,not_closed,REJECT_NO_COMPRESSION,REJECTED_FAKE_CLOSURE,0,none,no_surface_depth,no_surface_depth,0,0,0,0,0,no,,REJECT_NO_COMPRESSION,particle_candidate,,no,REJECT_NO_COMPRESSION,QP093A,particle,NATIVE_PARTICLE_IDENTITY_ASSIGNED_NO_KNOWN_LABEL,QP093A-0316|rejected_fake_closures|SKIP_LEDGER_COMPRESSION|fake_closure|p=1|d=0|q=neutral:0,,,,native_identity_no_external_label,no,CR119_DOWNSTREAM_ONLY_REVEAL
QP093A-0317,rejected_fake_closures,fake_random_route_closure,RANDOM_ROUTE_CLOSURE,fake_closure,1,0,neutral,0,fake_axis,fake_spin,not_closed,REJECT_RANDOM_CLOSURE,REJECTED_FAKE_CLOSURE,0,none,no_surface_depth,no_surface_depth,0,0,0,0,0,no,,REJECT_RANDOM_CLOSURE,particle_candidate,,no,REJECT_RANDOM_CLOSURE,QP093A,particle,NATIVE_PARTICLE_IDENTITY_ASSIGNED_NO_KNOWN_LABEL,QP093A-0317|rejected_fake_closures|RANDOM_ROUTE_CLOSURE|fake_closure|p=1|d=0|q=neutral:0,,,,native_identity_no_external_label,no,CR119_DOWNSTREAM_ONLY_REVEAL
QP093A-0318,rejected_fake_closures,fake_nearest_known_match,NEAREST_KNOWN_PARTICLE_MATCH,fake_closure,1,0,neutral,0,fake_axis,fake_spin,not_closed,REJECT_NEAREST_MATCH_CONSTRUCTION,REJECTED_FAKE_CLOSURE,0,none,no_surface_depth,no_surface_depth,0,0,0,0,0,no,,REJECT_NEAREST_MATCH_CONSTRUCTION,particle_candidate,,no,REJECT_NEAREST_MATCH_CONSTRUCTION,QP093A,particle,NATIVE_PARTICLE_IDENTITY_ASSIGNED_NO_KNOWN_LABEL,QP093A-0318|rejected_fake_closures|NEAREST_KNOWN_PARTICLE_MATCH|fake_closure|p=1|d=0|q=neutral:0,,,,native_identity_no_external_label,no,CR119_DOWNSTREAM_ONLY_REVEAL
QP093A-0319,rejected_fake_closures,fake_open_color_single,OPEN_COLOR_NO_OWNER,fake_closure,1,0,neutral,0,fake_axis,fake_spin,not_closed,REJECT_OPEN_COLOR,REJECTED_FAKE_CLOSURE,0,none,no_surface_depth,no_surface_depth,0,0,0,0,0,no,,REJECT_OPEN_COLOR,particle_candidate,,no,REJECT_OPEN_COLOR,QP093A,particle,NATIVE_PARTICLE_IDENTITY_ASSIGNED_NO_KNOWN_LABEL,QP093A-0319|rejected_fake_closures|OPEN_COLOR_NO_OWNER|fake_closure|p=1|d=0|q=neutral:0,,,,native_identity_no_external_label,no,CR119_DOWNSTREAM_ONLY_REVEAL
QP093A-0320,rejected_fake_closures,fake_wrong_surface_stack_disabled,SURFACE_STACK_DISABLED,fake_closure,1,0,neutral,0,fake_axis,fake_spin,not_closed,REJECT_NO_SURFACE_STACK,REJECTED_FAKE_CLOSURE,0,none,no_surface_depth,no_surface_depth,0,0,0,0,0,no,,REJECT_NO_SURFACE_STACK,particle_candidate,,no,REJECT_NO_SURFACE_STACK,QP093A,particle,NATIVE_PARTICLE_IDENTITY_ASSIGNED_NO_KNOWN_LABEL,QP093A-0320|rejected_fake_closures|SURFACE_STACK_DISABLED|fake_closure|p=1|d=0|q=neutral:0,,,,native_identity_no_external_label,no,CR119_DOWNSTREAM_ONLY_REVEAL
QP093A-0321,rejected_fake_closures,fake_parent_without_loop,FAKE_PARENT_NO_CLOSED_LOOP,fake_closure,1,0,neutral,0,fake_axis,fake_spin,not_closed,REJECT_FAKE_PARENT,REJECTED_FAKE_CLOSURE,0,none,no_surface_depth,no_surface_depth,0,0,0,0,0,no,,REJECT_FAKE_PARENT,particle_candidate,,no,REJECT_FAKE_PARENT,QP093A,particle,NATIVE_PARTICLE_IDENTITY_ASSIGNED_NO_KNOWN_LABEL,QP093A-0321|rejected_fake_closures|FAKE_PARENT_NO_CLOSED_LOOP|fake_closure|p=1|d=0|q=neutral:0,,,,native_identity_no_external_label,no,CR119_DOWNSTREAM_ONLY_REVEAL
