layer,row_id,native_identity,vault_identity,identity_assignment_status,known_identity_label,known_symbol,known_name,known_label_used_as_construction_input,matter_row_allowed,promotion_status,qA_source_support,tensor_carrier_support,retained_write_support,source_known_match
particle,QP093A-0001,QP093A-0001|stable_matter_rows|V4_1_SINGLE_WRITE|single_write|p=1|d=0|q=positive:1,QP093A-0001|stable_matter_rows|V4_1_SINGLE_WRITE|single_write|p=1|d=0|q=positive:1,NATIVE_PARTICLE_IDENTITY_ASSIGNED_NO_KNOWN_LABEL,,,,no,yes,MATTER_ROW_ALLOWED_AFTER_SURFACE_GATE,1.258680555555555555555555555555555555555555555555555555555555555555555555555555555555555555555555555,0.1573350694444444444444444444444444444444444444444444444444444444444444444444444444444444444444444444,1.101345486111111111111111111111111111111111111111111111111111111111111111111111111111111111111111111,
particle,QP093A-0002,QP093A-0002|stable_matter_rows|V4_1_SINGLE_WRITE|single_write|p=1|d=0|q=negative:1,QP093A-0002|stable_matter_rows|V4_1_SINGLE_WRITE|single_write|p=1|d=0|q=negative:1,NATIVE_PARTICLE_IDENTITY_ASSIGNED_NO_KNOWN_LABEL,,,,no,yes,MATTER_ROW_ALLOWED_AFTER_SURFACE_GATE,1.510416666666666666666666666666666666666666666666666666666666666666666666666666666666666666666666666,0.1888020833333333333333333333333333333333333333333333333333333333333333333333333333333333333333333332,1.321614583333333333333333333333333333333333333333333333333333333333333333333333333333333333333333332,
particle,QP093A-0003,QP093A-0003|stable_matter_rows|OUTER_BINARY_NEUTRAL|outer_binary_neutral|p=1|d=0|q=neutral:0,QP093A-0003|stable_matter_rows|OUTER_BINARY_NEUTRAL|outer_binary_neutral|p=1|d=0|q=neutral:0,NATIVE_PARTICLE_IDENTITY_ASSIGNED_NO_KNOWN_LABEL,,,,no,yes,MATTER_ROW_ALLOWED_AFTER_SURFACE_GATE,0.125,0.015625,0.109375,
particle,QP093A-0004,QP093A-0004|stable_matter_rows|V4_1_SINGLE_WRITE|single_write|p=2|d=0|q=positive:2,QP093A-0004|stable_matter_rows|V4_1_SINGLE_WRITE|single_write|p=2|d=0|q=positive:2,NATIVE_PARTICLE_IDENTITY_ASSIGNED_NO_KNOWN_LABEL,,,,no,yes,MATTER_ROW_ALLOWED_AFTER_SURFACE_GATE,2.534722222222222222222222222222222222222222222222222222222222222222222222222222222222222222222222222,0.3168402777777777777777777777777777777777777777777777777777777777777777777777777777777777777777777778,2.217881944444444444444444444444444444444444444444444444444444444444444444444444444444444444444444444,
particle,QP093A-0005,QP093A-0005|stable_matter_rows|V4_1_SINGLE_WRITE|single_write|p=2|d=0|q=negative:2,QP093A-0005|stable_matter_rows|V4_1_SINGLE_WRITE|single_write|p=2|d=0|q=negative:2,NATIVE_PARTICLE_IDENTITY_ASSIGNED_NO_KNOWN_LABEL,,,,no,yes,MATTER_ROW_ALLOWED_AFTER_SURFACE_GATE,3.041666666666666666666666666666666666666666666666666666666666666666666666666666666666666666666666667,0.3802083333333333333333333333333333333333333333333333333333333333333333333333333333333333333333333334,2.661458333333333333333333333333333333333333333333333333333333333333333333333333333333333333333333334,
particle,QP093A-0006,QP093A-0006|stable_matter_rows|OUTER_BINARY_NEUTRAL|outer_binary_neutral|p=2|d=0|q=neutral:0,QP093A-0006|stable_matter_rows|OUTER_BINARY_NEUTRAL|outer_binary_neutral|p=2|d=0|q=neutral:0,NATIVE_PARTICLE_IDENTITY_ASSIGNED_NO_KNOWN_LABEL,,,,no,yes,MATTER_ROW_ALLOWED_AFTER_SURFACE_GATE,0.250,0.03125,0.21875,
particle,QP093A-0007,QP093A-0007|stable_matter_rows|V4_1_SINGLE_WRITE|single_write|p=3|d=0|q=positive:3,QP093A-0007|stable_matter_rows|V4_1_SINGLE_WRITE|single_write|p=3|d=0|q=positive:3,NATIVE_PARTICLE_IDENTITY_ASSIGNED_NO_KNOWN_LABEL,,,,no,yes,MATTER_ROW_ALLOWED_AFTER_SURFACE_GATE,3.828124999999999999999999999999999999999999999999999999999999999999999999999999999999999999999999999,0.4785156249999999999999999999999999999999999999999999999999999999999999999999999999999999999999999999,3.349609374999999999999999999999999999999999999999999999999999999999999999999999999999999999999999999,
particle,QP093A-0008,QP093A-0008|stable_matter_rows|V4_1_SINGLE_WRITE|single_write|p=3|d=0|q=negative:3,QP093A-0008|stable_matter_rows|V4_1_SINGLE_WRITE|single_write|p=3|d=0|q=negative:3,NATIVE_PARTICLE_IDENTITY_ASSIGNED_NO_KNOWN_LABEL,,,,no,yes,MATTER_ROW_ALLOWED_AFTER_SURFACE_GATE,4.593749999999999999999999999999999999999999999999999999999999999999999999999999999999999999999999998,0.5742187499999999999999999999999999999999999999999999999999999999999999999999999999999999999999999998,4.019531249999999999999999999999999999999999999999999999999999999999999999999999999999999999999999999,
particle,QP093A-0009,QP093A-0009|stable_matter_rows|OUTER_BINARY_NEUTRAL|outer_binary_neutral|p=3|d=0|q=neutral:0,QP093A-0009|stable_matter_rows|OUTER_BINARY_NEUTRAL|outer_binary_neutral|p=3|d=0|q=neutral:0,NATIVE_PARTICLE_IDENTITY_ASSIGNED_NO_KNOWN_LABEL,,,,no,yes,MATTER_ROW_ALLOWED_AFTER_SURFACE_GATE,0.375,0.046875,0.328125,
particle,QP093A-0010,QP093A-0010|stable_matter_rows|V4_1_SINGLE_WRITE|single_write|p=4|d=0|q=positive:4,QP093A-0010|stable_matter_rows|V4_1_SINGLE_WRITE|single_write|p=4|d=0|q=positive:4,NATIVE_PARTICLE_IDENTITY_ASSIGNED_NO_KNOWN_LABEL,,,,no,yes,MATTER_ROW_ALLOWED_AFTER_SURFACE_GATE,5.138888888888888888888888888888888888888888888888888888888888888888888888888888888888888888888888890,0.6423611111111111111111111111111111111111111111111111111111111111111111111111111111111111111111111112,4.496527777777777777777777777777777777777777777777777777777777777777777777777777777777777777777777779,
particle,QP093A-0011,QP093A-0011|stable_matter_rows|V4_1_SINGLE_WRITE|single_write|p=4|d=0|q=negative:4,QP093A-0011|stable_matter_rows|V4_1_SINGLE_WRITE|single_write|p=4|d=0|q=negative:4,NATIVE_PARTICLE_IDENTITY_ASSIGNED_NO_KNOWN_LABEL,,,,no,yes,MATTER_ROW_ALLOWED_AFTER_SURFACE_GATE,6.166666666666666666666666666666666666666666666666666666666666666666666666666666666666666666666666668,0.7708333333333333333333333333333333333333333333333333333333333333333333333333333333333333333333333335,5.395833333333333333333333333333333333333333333333333333333333333333333333333333333333333333333333335,
particle,QP093A-0012,QP093A-0012|stable_matter_rows|OUTER_BINARY_NEUTRAL|outer_binary_neutral|p=4|d=0|q=neutral:0,QP093A-0012|stable_matter_rows|OUTER_BINARY_NEUTRAL|outer_binary_neutral|p=4|d=0|q=neutral:0,NATIVE_PARTICLE_IDENTITY_ASSIGNED_NO_KNOWN_LABEL,,,,no,yes,MATTER_ROW_ALLOWED_AFTER_SURFACE_GATE,0.500,0.0625,0.4375,
particle,QP093A-0013,QP093A-0013|stable_matter_rows|V4_1_SINGLE_WRITE|single_write|p=6|d=0|q=positive:6,QP093A-0013|stable_matter_rows|V4_1_SINGLE_WRITE|single_write|p=6|d=0|q=positive:6,NATIVE_PARTICLE_IDENTITY_ASSIGNED_NO_KNOWN_LABEL,,,,no,yes,MATTER_ROW_ALLOWED_AFTER_SURFACE_GATE,7.812500000000000000000000000000000000000000000000000000000000000000000000000000000000000000000000002,0.9765625000000000000000000000000000000000000000000000000000000000000000000000000000000000000000000002,6.835937500000000000000000000000000000000000000000000000000000000000000000000000000000000000000000001,
particle,QP093A-0014,QP093A-0014|stable_matter_rows|V4_1_SINGLE_WRITE|single_write|p=6|d=0|q=negative:6,QP093A-0014|stable_matter_rows|V4_1_SINGLE_WRITE|single_write|p=6|d=0|q=negative:6,NATIVE_PARTICLE_IDENTITY_ASSIGNED_NO_KNOWN_LABEL,,,,no,yes,MATTER_ROW_ALLOWED_AFTER_SURFACE_GATE,9.375000000000000000000000000000000000000000000000000000000000000000000000000000000000000000000000003,1.171875000000000000000000000000000000000000000000000000000000000000000000000000000000000000000000000,8.203125000000000000000000000000000000000000000000000000000000000000000000000000000000000000000000002,
particle,QP093A-0015,QP093A-0015|stable_matter_rows|OUTER_BINARY_NEUTRAL|outer_binary_neutral|p=6|d=0|q=neutral:0,QP093A-0015|stable_matter_rows|OUTER_BINARY_NEUTRAL|outer_binary_neutral|p=6|d=0|q=neutral:0,NATIVE_PARTICLE_IDENTITY_ASSIGNED_NO_KNOWN_LABEL,,,,no,yes,MATTER_ROW_ALLOWED_AFTER_SURFACE_GATE,0.750,0.09375,0.65625,
particle,QP093A-0016,QP093A-0016|stable_matter_rows|V4_1_SINGLE_WRITE|single_write|p=8|d=0|q=positive:8,QP093A-0016|stable_matter_rows|V4_1_SINGLE_WRITE|single_write|p=8|d=0|q=positive:8,NATIVE_PARTICLE_IDENTITY_ASSIGNED_NO_KNOWN_LABEL,,,,no,yes,MATTER_ROW_ALLOWED_AFTER_SURFACE_GATE,10.55555555555555555555555555555555555555555555555555555555555555555555555555555555555555555555555556,1.319444444444444444444444444444444444444444444444444444444444444444444444444444444444444444444444445,9.236111111111111111111111111111111111111111111111111111111111111111111111111111111111111111111111115,
particle,QP093A-0017,QP093A-0017|stable_matter_rows|V4_1_SINGLE_WRITE|single_write|p=8|d=0|q=negative:8,QP093A-0017|stable_matter_rows|V4_1_SINGLE_WRITE|single_write|p=8|d=0|q=negative:8,NATIVE_PARTICLE_IDENTITY_ASSIGNED_NO_KNOWN_LABEL,,,,no,yes,MATTER_ROW_ALLOWED_AFTER_SURFACE_GATE,12.66666666666666666666666666666666666666666666666666666666666666666666666666666666666666666666666667,1.583333333333333333333333333333333333333333333333333333333333333333333333333333333333333333333333334,11.08333333333333333333333333333333333333333333333333333333333333333333333333333333333333333333333334,
particle,QP093A-0018,QP093A-0018|stable_matter_rows|OUTER_BINARY_NEUTRAL|outer_binary_neutral|p=8|d=0|q=neutral:0,QP093A-0018|stable_matter_rows|OUTER_BINARY_NEUTRAL|outer_binary_neutral|p=8|d=0|q=neutral:0,NATIVE_PARTICLE_IDENTITY_ASSIGNED_NO_KNOWN_LABEL,,,,no,yes,MATTER_ROW_ALLOWED_AFTER_SURFACE_GATE,1.000,0.125,0.875,
particle,QP093A-0019,QP093A-0019|stable_matter_rows|V4_1_SINGLE_WRITE|single_write|p=9|d=0|q=positive:9,QP093A-0019|stable_matter_rows|V4_1_SINGLE_WRITE|single_write|p=9|d=0|q=positive:9,NATIVE_PARTICLE_IDENTITY_ASSIGNED_NO_KNOWN_LABEL,,,,no,yes,MATTER_ROW_ALLOWED_AFTER_SURFACE_GATE,11.953125,1.494140625,10.458984375,
particle,QP093A-0020,QP093A-0020|stable_matter_rows|V4_1_SINGLE_WRITE|single_write|p=9|d=0|q=negative:9,QP093A-0020|stable_matter_rows|V4_1_SINGLE_WRITE|single_write|p=9|d=0|q=negative:9,NATIVE_PARTICLE_IDENTITY_ASSIGNED_NO_KNOWN_LABEL,,,,no,yes,MATTER_ROW_ALLOWED_AFTER_SURFACE_GATE,14.34375,1.79296875,12.55078125,
particle,QP093A-0021,QP093A-0021|stable_matter_rows|OUTER_BINARY_NEUTRAL|outer_binary_neutral|p=9|d=0|q=neutral:0,QP093A-0021|stable_matter_rows|OUTER_BINARY_NEUTRAL|outer_binary_neutral|p=9|d=0|q=neutral:0,NATIVE_PARTICLE_IDENTITY_ASSIGNED_NO_KNOWN_LABEL,,,,no,yes,MATTER_ROW_ALLOWED_AFTER_SURFACE_GATE,1.125,0.140625,0.984375,
particle,QP093A-0022,QP093A-0022|stable_matter_rows|V4_1_SINGLE_WRITE|single_write|p=12|d=0|q=positive:12,QP093A-0022|stable_matter_rows|V4_1_SINGLE_WRITE|single_write|p=12|d=0|q=positive:12,NATIVE_PARTICLE_IDENTITY_ASSIGNED_NO_KNOWN_LABEL,,,,no,yes,MATTER_ROW_ALLOWED_AFTER_SURFACE_GATE,16.25000000000000000000000000000000000000000000000000000000000000000000000000000000000000000000000000,2.03125000000000000000000000000000000000000000000000000000000000000000000000000000000000000000000000,14.2187500000000000000000000000000000000000000000000000000000000000000000000000000000000000000000000,
particle,QP093A-0023,QP093A-0023|stable_matter_rows|V4_1_SINGLE_WRITE|single_write|p=12|d=0|q=negative:12,QP093A-0023|stable_matter_rows|V4_1_SINGLE_WRITE|single_write|p=12|d=0|q=negative:12,NATIVE_PARTICLE_IDENTITY_ASSIGNED_NO_KNOWN_LABEL,,,,no,yes,MATTER_ROW_ALLOWED_AFTER_SURFACE_GATE,19.49999999999999999999999999999999999999999999999999999999999999999999999999999999999999999999999999,2.437499999999999999999999999999999999999999999999999999999999999999999999999999999999999999999999999,17.06249999999999999999999999999999999999999999999999999999999999999999999999999999999999999999999999,
particle,QP093A-0024,QP093A-0024|stable_matter_rows|OUTER_BINARY_NEUTRAL|outer_binary_neutral|p=12|d=0|q=neutral:0,QP093A-0024|stable_matter_rows|OUTER_BINARY_NEUTRAL|outer_binary_neutral|p=12|d=0|q=neutral:0,NATIVE_PARTICLE_IDENTITY_ASSIGNED_NO_KNOWN_LABEL,,,,no,yes,MATTER_ROW_ALLOWED_AFTER_SURFACE_GATE,1.500,0.1875,1.3125,
particle,QP093A-0025,QP093A-0025|stable_matter_rows|V4_1_SINGLE_WRITE|single_write|p=1|d=1|q=positive:1,QP093A-0025|stable_matter_rows|V4_1_SINGLE_WRITE|single_write|p=1|d=1|q=positive:1,NATIVE_PARTICLE_IDENTITY_ASSIGNED_NO_KNOWN_LABEL,,,,no,yes,MATTER_ROW_ALLOWED_AFTER_SURFACE_GATE,15.10416666666666666666666666666666666666666666666666666666666666666666666666666666666666666666666666,1.888020833333333333333333333333333333333333333333333333333333333333333333333333333333333333333333332,13.21614583333333333333333333333333333333333333333333333333333333333333333333333333333333333333333332,
particle,QP093A-0026,QP093A-0026|stable_matter_rows|V4_1_SINGLE_WRITE|single_write|p=1|d=1|q=negative:1,QP093A-0026|stable_matter_rows|V4_1_SINGLE_WRITE|single_write|p=1|d=1|q=negative:1,NATIVE_PARTICLE_IDENTITY_ASSIGNED_NO_KNOWN_LABEL,,,,no,yes,MATTER_ROW_ALLOWED_AFTER_SURFACE_GATE,18.12499999999999999999999999999999999999999999999999999999999999999999999999999999999999999999999999,2.265624999999999999999999999999999999999999999999999999999999999999999999999999999999999999999999999,15.85937499999999999999999999999999999999999999999999999999999999999999999999999999999999999999999999,
particle,QP093A-0027,QP093A-0027|stable_matter_rows|OUTER_BINARY_NEUTRAL|outer_binary_neutral|p=1|d=1|q=neutral:0,QP093A-0027|stable_matter_rows|OUTER_BINARY_NEUTRAL|outer_binary_neutral|p=1|d=1|q=neutral:0,NATIVE_PARTICLE_IDENTITY_ASSIGNED_NO_KNOWN_LABEL,,,,no,yes,MATTER_ROW_ALLOWED_AFTER_SURFACE_GATE,1.500,0.1875,1.3125,
particle,QP093A-0028,QP093A-0028|stable_matter_rows|V4_1_SINGLE_WRITE|single_write|p=2|d=1|q=positive:2,QP093A-0028|stable_matter_rows|V4_1_SINGLE_WRITE|single_write|p=2|d=1|q=positive:2,NATIVE_PARTICLE_IDENTITY_ASSIGNED_NO_KNOWN_LABEL,,,,no,yes,MATTER_ROW_ALLOWED_AFTER_SURFACE_GATE,30.41666666666666666666666666666666666666666666666666666666666666666666666666666666666666666666666667,3.802083333333333333333333333333333333333333333333333333333333333333333333333333333333333333333333334,26.61458333333333333333333333333333333333333333333333333333333333333333333333333333333333333333333334,
particle,QP093A-0029,QP093A-0029|stable_matter_rows|V4_1_SINGLE_WRITE|single_write|p=2|d=1|q=negative:2,QP093A-0029|stable_matter_rows|V4_1_SINGLE_WRITE|single_write|p=2|d=1|q=negative:2,NATIVE_PARTICLE_IDENTITY_ASSIGNED_NO_KNOWN_LABEL,,,,no,yes,MATTER_ROW_ALLOWED_AFTER_SURFACE_GATE,36.50000000000000000000000000000000000000000000000000000000000000000000000000000000000000000000000000,4.56250000000000000000000000000000000000000000000000000000000000000000000000000000000000000000000000,31.9375000000000000000000000000000000000000000000000000000000000000000000000000000000000000000000000,
particle,QP093A-0030,QP093A-0030|stable_matter_rows|OUTER_BINARY_NEUTRAL|outer_binary_neutral|p=2|d=1|q=neutral:0,QP093A-0030|stable_matter_rows|OUTER_BINARY_NEUTRAL|outer_binary_neutral|p=2|d=1|q=neutral:0,NATIVE_PARTICLE_IDENTITY_ASSIGNED_NO_KNOWN_LABEL,,,,no,yes,MATTER_ROW_ALLOWED_AFTER_SURFACE_GATE,3.000,0.375,2.625,
particle,QP093A-0031,QP093A-0031|stable_matter_rows|V4_1_SINGLE_WRITE|single_write|p=3|d=1|q=positive:3,QP093A-0031|stable_matter_rows|V4_1_SINGLE_WRITE|single_write|p=3|d=1|q=positive:3,NATIVE_PARTICLE_IDENTITY_ASSIGNED_NO_KNOWN_LABEL,,,,no,yes,MATTER_ROW_ALLOWED_AFTER_SURFACE_GATE,45.93749999999999999999999999999999999999999999999999999999999999999999999999999999999999999999999998,5.742187499999999999999999999999999999999999999999999999999999999999999999999999999999999999999999998,40.19531249999999999999999999999999999999999999999999999999999999999999999999999999999999999999999999,
particle,QP093A-0032,QP093A-0032|stable_matter_rows|V4_1_SINGLE_WRITE|single_write|p=3|d=1|q=negative:3,QP093A-0032|stable_matter_rows|V4_1_SINGLE_WRITE|single_write|p=3|d=1|q=negative:3,NATIVE_PARTICLE_IDENTITY_ASSIGNED_NO_KNOWN_LABEL,,,,no,yes,MATTER_ROW_ALLOWED_AFTER_SURFACE_GATE,55.12499999999999999999999999999999999999999999999999999999999999999999999999999999999999999999999998,6.890624999999999999999999999999999999999999999999999999999999999999999999999999999999999999999999998,48.23437499999999999999999999999999999999999999999999999999999999999999999999999999999999999999999999,
particle,QP093A-0033,QP093A-0033|stable_matter_rows|OUTER_BINARY_NEUTRAL|outer_binary_neutral|p=3|d=1|q=neutral:0,QP093A-0033|stable_matter_rows|OUTER_BINARY_NEUTRAL|outer_binary_neutral|p=3|d=1|q=neutral:0,NATIVE_PARTICLE_IDENTITY_ASSIGNED_NO_KNOWN_LABEL,,,,no,yes,MATTER_ROW_ALLOWED_AFTER_SURFACE_GATE,4.500,0.5625,3.9375,
particle,QP093A-0034,QP093A-0034|stable_matter_rows|V4_1_SINGLE_WRITE|single_write|p=4|d=1|q=positive:4,QP093A-0034|stable_matter_rows|V4_1_SINGLE_WRITE|single_write|p=4|d=1|q=positive:4,NATIVE_PARTICLE_IDENTITY_ASSIGNED_NO_KNOWN_LABEL,,,,no,yes,MATTER_ROW_ALLOWED_AFTER_SURFACE_GATE,61.66666666666666666666666666666666666666666666666666666666666666666666666666666666666666666666666668,7.708333333333333333333333333333333333333333333333333333333333333333333333333333333333333333333333335,53.95833333333333333333333333333333333333333333333333333333333333333333333333333333333333333333333335,
particle,QP093A-0035,QP093A-0035|stable_matter_rows|V4_1_SINGLE_WRITE|single_write|p=4|d=1|q=negative:4,QP093A-0035|stable_matter_rows|V4_1_SINGLE_WRITE|single_write|p=4|d=1|q=negative:4,NATIVE_PARTICLE_IDENTITY_ASSIGNED_NO_KNOWN_LABEL,,,,no,yes,MATTER_ROW_ALLOWED_AFTER_SURFACE_GATE,74.00000000000000000000000000000000000000000000000000000000000000000000000000000000000000000000000002,9.250000000000000000000000000000000000000000000000000000000000000000000000000000000000000000000000002,64.75000000000000000000000000000000000000000000000000000000000000000000000000000000000000000000000001,
particle,QP093A-0036,QP093A-0036|stable_matter_rows|OUTER_BINARY_NEUTRAL|outer_binary_neutral|p=4|d=1|q=neutral:0,QP093A-0036|stable_matter_rows|OUTER_BINARY_NEUTRAL|outer_binary_neutral|p=4|d=1|q=neutral:0,NATIVE_PARTICLE_IDENTITY_ASSIGNED_NO_KNOWN_LABEL,,,,no,yes,MATTER_ROW_ALLOWED_AFTER_SURFACE_GATE,6.000,0.750,5.250,
particle,QP093A-0037,QP093A-0037|stable_matter_rows|V4_1_SINGLE_WRITE|single_write|p=6|d=1|q=positive:6,QP093A-0037|stable_matter_rows|V4_1_SINGLE_WRITE|single_write|p=6|d=1|q=positive:6,NATIVE_PARTICLE_IDENTITY_ASSIGNED_NO_KNOWN_LABEL,,,,no,yes,MATTER_ROW_ALLOWED_AFTER_SURFACE_GATE,93.75000000000000000000000000000000000000000000000000000000000000000000000000000000000000000000000003,11.71875000000000000000000000000000000000000000000000000000000000000000000000000000000000000000000000,82.03125000000000000000000000000000000000000000000000000000000000000000000000000000000000000000000002,
particle,QP093A-0038,QP093A-0038|stable_matter_rows|V4_1_SINGLE_WRITE|single_write|p=6|d=1|q=negative:6,QP093A-0038|stable_matter_rows|V4_1_SINGLE_WRITE|single_write|p=6|d=1|q=negative:6,NATIVE_PARTICLE_IDENTITY_ASSIGNED_NO_KNOWN_LABEL,,,,no,yes,MATTER_ROW_ALLOWED_AFTER_SURFACE_GATE,112.5000000000000000000000000000000000000000000000000000000000000000000000000000000000000000000000000,14.0625000000000000000000000000000000000000000000000000000000000000000000000000000000000000000000000,98.4375000000000000000000000000000000000000000000000000000000000000000000000000000000000000000000000,
particle,QP093A-0039,QP093A-0039|stable_matter_rows|OUTER_BINARY_NEUTRAL|outer_binary_neutral|p=6|d=1|q=neutral:0,QP093A-0039|stable_matter_rows|OUTER_BINARY_NEUTRAL|outer_binary_neutral|p=6|d=1|q=neutral:0,NATIVE_PARTICLE_IDENTITY_ASSIGNED_NO_KNOWN_LABEL,,,,no,yes,MATTER_ROW_ALLOWED_AFTER_SURFACE_GATE,9.000,1.125,7.875,
particle,QP093A-0040,QP093A-0040|stable_matter_rows|V4_1_SINGLE_WRITE|single_write|p=8|d=1|q=positive:8,QP093A-0040|stable_matter_rows|V4_1_SINGLE_WRITE|single_write|p=8|d=1|q=positive:8,NATIVE_PARTICLE_IDENTITY_ASSIGNED_NO_KNOWN_LABEL,,,,no,yes,MATTER_ROW_ALLOWED_AFTER_SURFACE_GATE,126.6666666666666666666666666666666666666666666666666666666666666666666666666666666666666666666666667,15.83333333333333333333333333333333333333333333333333333333333333333333333333333333333333333333333334,110.8333333333333333333333333333333333333333333333333333333333333333333333333333333333333333333333334,
particle,QP093A-0041,QP093A-0041|stable_matter_rows|V4_1_SINGLE_WRITE|single_write|p=8|d=1|q=negative:8,QP093A-0041|stable_matter_rows|V4_1_SINGLE_WRITE|single_write|p=8|d=1|q=negative:8,NATIVE_PARTICLE_IDENTITY_ASSIGNED_NO_KNOWN_LABEL,,,,no,yes,MATTER_ROW_ALLOWED_AFTER_SURFACE_GATE,152.0000000000000000000000000000000000000000000000000000000000000000000000000000000000000000000000001,19.00000000000000000000000000000000000000000000000000000000000000000000000000000000000000000000000001,133.0000000000000000000000000000000000000000000000000000000000000000000000000000000000000000000000001,
particle,QP093A-0042,QP093A-0042|stable_matter_rows|OUTER_BINARY_NEUTRAL|outer_binary_neutral|p=8|d=1|q=neutral:0,QP093A-0042|stable_matter_rows|OUTER_BINARY_NEUTRAL|outer_binary_neutral|p=8|d=1|q=neutral:0,NATIVE_PARTICLE_IDENTITY_ASSIGNED_NO_KNOWN_LABEL,,,,no,yes,MATTER_ROW_ALLOWED_AFTER_SURFACE_GATE,12.000,1.500,10.500,
particle,QP093A-0043,QP093A-0043|stable_matter_rows|V4_1_SINGLE_WRITE|single_write|p=9|d=1|q=positive:9,QP093A-0043|stable_matter_rows|V4_1_SINGLE_WRITE|single_write|p=9|d=1|q=positive:9,NATIVE_PARTICLE_IDENTITY_ASSIGNED_NO_KNOWN_LABEL,,,,no,yes,MATTER_ROW_ALLOWED_AFTER_SURFACE_GATE,143.437500,17.9296875,125.5078125,
particle,QP093A-0044,QP093A-0044|stable_matter_rows|V4_1_SINGLE_WRITE|single_write|p=9|d=1|q=negative:9,QP093A-0044|stable_matter_rows|V4_1_SINGLE_WRITE|single_write|p=9|d=1|q=negative:9,NATIVE_PARTICLE_IDENTITY_ASSIGNED_NO_KNOWN_LABEL,,,,no,yes,MATTER_ROW_ALLOWED_AFTER_SURFACE_GATE,172.12500,21.515625,150.609375,
particle,QP093A-0045,QP093A-0045|stable_matter_rows|OUTER_BINARY_NEUTRAL|outer_binary_neutral|p=9|d=1|q=neutral:0,QP093A-0045|stable_matter_rows|OUTER_BINARY_NEUTRAL|outer_binary_neutral|p=9|d=1|q=neutral:0,NATIVE_PARTICLE_IDENTITY_ASSIGNED_NO_KNOWN_LABEL,,,,no,yes,MATTER_ROW_ALLOWED_AFTER_SURFACE_GATE,13.500,1.6875,11.8125,
particle,QP093A-0046,QP093A-0046|stable_matter_rows|V4_1_SINGLE_WRITE|single_write|p=12|d=1|q=positive:12,QP093A-0046|stable_matter_rows|V4_1_SINGLE_WRITE|single_write|p=12|d=1|q=positive:12,NATIVE_PARTICLE_IDENTITY_ASSIGNED_NO_KNOWN_LABEL,,,,no,yes,MATTER_ROW_ALLOWED_AFTER_SURFACE_GATE,194.9999999999999999999999999999999999999999999999999999999999999999999999999999999999999999999999999,24.37499999999999999999999999999999999999999999999999999999999999999999999999999999999999999999999999,170.6249999999999999999999999999999999999999999999999999999999999999999999999999999999999999999999999,
particle,QP093A-0047,QP093A-0047|stable_matter_rows|V4_1_SINGLE_WRITE|single_write|p=12|d=1|q=negative:12,QP093A-0047|stable_matter_rows|V4_1_SINGLE_WRITE|single_write|p=12|d=1|q=negative:12,NATIVE_PARTICLE_IDENTITY_ASSIGNED_NO_KNOWN_LABEL,,,,no,yes,MATTER_ROW_ALLOWED_AFTER_SURFACE_GATE,233.9999999999999999999999999999999999999999999999999999999999999999999999999999999999999999999999999,29.24999999999999999999999999999999999999999999999999999999999999999999999999999999999999999999999999,204.7499999999999999999999999999999999999999999999999999999999999999999999999999999999999999999999999,
particle,QP093A-0048,QP093A-0048|stable_matter_rows|OUTER_BINARY_NEUTRAL|outer_binary_neutral|p=12|d=1|q=neutral:0,QP093A-0048|stable_matter_rows|OUTER_BINARY_NEUTRAL|outer_binary_neutral|p=12|d=1|q=neutral:0,NATIVE_PARTICLE_IDENTITY_ASSIGNED_NO_KNOWN_LABEL,,,,no,yes,MATTER_ROW_ALLOWED_AFTER_SURFACE_GATE,18.000,2.250,15.750,
particle,QP093A-0049,QP093A-0049|stable_matter_rows|V4_1_SINGLE_WRITE|single_write|p=1|d=2|q=positive:1,QP093A-0049|stable_matter_rows|V4_1_SINGLE_WRITE|single_write|p=1|d=2|q=positive:1,NATIVE_PARTICLE_IDENTITY_ASSIGNED_NO_KNOWN_LABEL,,,,no,yes,MATTER_ROW_ALLOWED_AFTER_SURFACE_GATE,181.2499999999999999999999999999999999999999999999999999999999999999999999999999999999999999999999999,22.65624999999999999999999999999999999999999999999999999999999999999999999999999999999999999999999999,158.5937499999999999999999999999999999999999999999999999999999999999999999999999999999999999999999999,
particle,QP093A-0050,QP093A-0050|stable_matter_rows|V4_1_SINGLE_WRITE|single_write|p=1|d=2|q=negative:1,QP093A-0050|stable_matter_rows|V4_1_SINGLE_WRITE|single_write|p=1|d=2|q=negative:1,NATIVE_PARTICLE_IDENTITY_ASSIGNED_NO_KNOWN_LABEL,,,,no,yes,MATTER_ROW_ALLOWED_AFTER_SURFACE_GATE,217.4999999999999999999999999999999999999999999999999999999999999999999999999999999999999999999999999,27.18749999999999999999999999999999999999999999999999999999999999999999999999999999999999999999999999,190.3124999999999999999999999999999999999999999999999999999999999999999999999999999999999999999999999,
particle,QP093A-0051,QP093A-0051|stable_matter_rows|OUTER_BINARY_NEUTRAL|outer_binary_neutral|p=1|d=2|q=neutral:0,QP093A-0051|stable_matter_rows|OUTER_BINARY_NEUTRAL|outer_binary_neutral|p=1|d=2|q=neutral:0,NATIVE_PARTICLE_IDENTITY_ASSIGNED_NO_KNOWN_LABEL,,,,no,yes,MATTER_ROW_ALLOWED_AFTER_SURFACE_GATE,18.000,2.250,15.750,
particle,QP093A-0052,QP093A-0052|stable_matter_rows|V4_1_SINGLE_WRITE|single_write|p=2|d=2|q=positive:2,QP093A-0052|stable_matter_rows|V4_1_SINGLE_WRITE|single_write|p=2|d=2|q=positive:2,NATIVE_PARTICLE_IDENTITY_ASSIGNED_NO_KNOWN_LABEL,,,,no,yes,MATTER_ROW_ALLOWED_AFTER_SURFACE_GATE,365.0000000000000000000000000000000000000000000000000000000000000000000000000000000000000000000000000,45.6250000000000000000000000000000000000000000000000000000000000000000000000000000000000000000000000,319.375000000000000000000000000000000000000000000000000000000000000000000000000000000000000000000000,
particle,QP093A-0053,QP093A-0053|stable_matter_rows|V4_1_SINGLE_WRITE|single_write|p=2|d=2|q=negative:2,QP093A-0053|stable_matter_rows|V4_1_SINGLE_WRITE|single_write|p=2|d=2|q=negative:2,NATIVE_PARTICLE_IDENTITY_ASSIGNED_NO_KNOWN_LABEL,,,,no,yes,MATTER_ROW_ALLOWED_AFTER_SURFACE_GATE,438.0000000000000000000000000000000000000000000000000000000000000000000000000000000000000000000000000,54.7500000000000000000000000000000000000000000000000000000000000000000000000000000000000000000000000,383.250000000000000000000000000000000000000000000000000000000000000000000000000000000000000000000000,
particle,QP093A-0054,QP093A-0054|stable_matter_rows|OUTER_BINARY_NEUTRAL|outer_binary_neutral|p=2|d=2|q=neutral:0,QP093A-0054|stable_matter_rows|OUTER_BINARY_NEUTRAL|outer_binary_neutral|p=2|d=2|q=neutral:0,NATIVE_PARTICLE_IDENTITY_ASSIGNED_NO_KNOWN_LABEL,,,,no,yes,MATTER_ROW_ALLOWED_AFTER_SURFACE_GATE,36.000,4.500,31.500,
particle,QP093A-0055,QP093A-0055|stable_matter_rows|V4_1_SINGLE_WRITE|single_write|p=3|d=2|q=positive:3,QP093A-0055|stable_matter_rows|V4_1_SINGLE_WRITE|single_write|p=3|d=2|q=positive:3,NATIVE_PARTICLE_IDENTITY_ASSIGNED_NO_KNOWN_LABEL,,,,no,yes,MATTER_ROW_ALLOWED_AFTER_SURFACE_GATE,551.2499999999999999999999999999999999999999999999999999999999999999999999999999999999999999999999998,68.90624999999999999999999999999999999999999999999999999999999999999999999999999999999999999999999998,482.3437499999999999999999999999999999999999999999999999999999999999999999999999999999999999999999999,
particle,QP093A-0056,QP093A-0056|stable_matter_rows|V4_1_SINGLE_WRITE|single_write|p=3|d=2|q=negative:3,QP093A-0056|stable_matter_rows|V4_1_SINGLE_WRITE|single_write|p=3|d=2|q=negative:3,NATIVE_PARTICLE_IDENTITY_ASSIGNED_NO_KNOWN_LABEL,,,,no,yes,MATTER_ROW_ALLOWED_AFTER_SURFACE_GATE,661.4999999999999999999999999999999999999999999999999999999999999999999999999999999999999999999999998,82.68749999999999999999999999999999999999999999999999999999999999999999999999999999999999999999999998,578.8124999999999999999999999999999999999999999999999999999999999999999999999999999999999999999999999,
particle,QP093A-0057,QP093A-0057|stable_matter_rows|OUTER_BINARY_NEUTRAL|outer_binary_neutral|p=3|d=2|q=neutral:0,QP093A-0057|stable_matter_rows|OUTER_BINARY_NEUTRAL|outer_binary_neutral|p=3|d=2|q=neutral:0,NATIVE_PARTICLE_IDENTITY_ASSIGNED_NO_KNOWN_LABEL,,,,no,yes,MATTER_ROW_ALLOWED_AFTER_SURFACE_GATE,54.000,6.750,47.250,
particle,QP093A-0058,QP093A-0058|stable_matter_rows|V4_1_SINGLE_WRITE|single_write|p=4|d=2|q=positive:4,QP093A-0058|stable_matter_rows|V4_1_SINGLE_WRITE|single_write|p=4|d=2|q=positive:4,NATIVE_PARTICLE_IDENTITY_ASSIGNED_NO_KNOWN_LABEL,,,,no,yes,MATTER_ROW_ALLOWED_AFTER_SURFACE_GATE,740.0000000000000000000000000000000000000000000000000000000000000000000000000000000000000000000000002,92.50000000000000000000000000000000000000000000000000000000000000000000000000000000000000000000000002,647.5000000000000000000000000000000000000000000000000000000000000000000000000000000000000000000000001,
particle,QP093A-0059,QP093A-0059|stable_matter_rows|V4_1_SINGLE_WRITE|single_write|p=4|d=2|q=negative:4,QP093A-0059|stable_matter_rows|V4_1_SINGLE_WRITE|single_write|p=4|d=2|q=negative:4,NATIVE_PARTICLE_IDENTITY_ASSIGNED_NO_KNOWN_LABEL,,,,no,yes,MATTER_ROW_ALLOWED_AFTER_SURFACE_GATE,888.0000000000000000000000000000000000000000000000000000000000000000000000000000000000000000000000002,111.0000000000000000000000000000000000000000000000000000000000000000000000000000000000000000000000000,777.0000000000000000000000000000000000000000000000000000000000000000000000000000000000000000000000001,
particle,QP093A-0060,QP093A-0060|stable_matter_rows|OUTER_BINARY_NEUTRAL|outer_binary_neutral|p=4|d=2|q=neutral:0,QP093A-0060|stable_matter_rows|OUTER_BINARY_NEUTRAL|outer_binary_neutral|p=4|d=2|q=neutral:0,NATIVE_PARTICLE_IDENTITY_ASSIGNED_NO_KNOWN_LABEL,,,,no,yes,MATTER_ROW_ALLOWED_AFTER_SURFACE_GATE,72.000,9.000,63.000,
particle,QP093A-0061,QP093A-0061|stable_matter_rows|V4_1_SINGLE_WRITE|single_write|p=6|d=2|q=positive:6,QP093A-0061|stable_matter_rows|V4_1_SINGLE_WRITE|single_write|p=6|d=2|q=positive:6,NATIVE_PARTICLE_IDENTITY_ASSIGNED_NO_KNOWN_LABEL,,,,no,yes,MATTER_ROW_ALLOWED_AFTER_SURFACE_GATE,1125.000000000000000000000000000000000000000000000000000000000000000000000000000000000000000000000000,140.625000000000000000000000000000000000000000000000000000000000000000000000000000000000000000000000,984.375000000000000000000000000000000000000000000000000000000000000000000000000000000000000000000000,
particle,QP093A-0062,QP093A-0062|stable_matter_rows|V4_1_SINGLE_WRITE|single_write|p=6|d=2|q=negative:6,QP093A-0062|stable_matter_rows|V4_1_SINGLE_WRITE|single_write|p=6|d=2|q=negative:6,NATIVE_PARTICLE_IDENTITY_ASSIGNED_NO_KNOWN_LABEL,,,,no,yes,MATTER_ROW_ALLOWED_AFTER_SURFACE_GATE,1350.000000000000000000000000000000000000000000000000000000000000000000000000000000000000000000000000,168.750000000000000000000000000000000000000000000000000000000000000000000000000000000000000000000000,1181.250000000000000000000000000000000000000000000000000000000000000000000000000000000000000000000000,
particle,QP093A-0063,QP093A-0063|stable_matter_rows|OUTER_BINARY_NEUTRAL|outer_binary_neutral|p=6|d=2|q=neutral:0,QP093A-0063|stable_matter_rows|OUTER_BINARY_NEUTRAL|outer_binary_neutral|p=6|d=2|q=neutral:0,NATIVE_PARTICLE_IDENTITY_ASSIGNED_NO_KNOWN_LABEL,,,,no,yes,MATTER_ROW_ALLOWED_AFTER_SURFACE_GATE,108.000,13.500,94.500,
particle,QP093A-0064,QP093A-0064|unstable_resonance_rows|V4_1_SINGLE_WRITE|single_write|p=8|d=2|q=positive:8,QP093A-0064|unstable_resonance_rows|V4_1_SINGLE_WRITE|single_write|p=8|d=2|q=positive:8,NATIVE_PARTICLE_IDENTITY_ASSIGNED_NO_KNOWN_LABEL,,,,no,yes,MATTER_ROW_ALLOWED_AFTER_SURFACE_GATE,1520.000000000000000000000000000000000000000000000000000000000000000000000000000000000000000000000001,190.0000000000000000000000000000000000000000000000000000000000000000000000000000000000000000000000001,1330.000000000000000000000000000000000000000000000000000000000000000000000000000000000000000000000001,
particle,QP093A-0065,QP093A-0065|unstable_resonance_rows|V4_1_SINGLE_WRITE|single_write|p=8|d=2|q=negative:8,QP093A-0065|unstable_resonance_rows|V4_1_SINGLE_WRITE|single_write|p=8|d=2|q=negative:8,NATIVE_PARTICLE_IDENTITY_ASSIGNED_NO_KNOWN_LABEL,,,,no,yes,MATTER_ROW_ALLOWED_AFTER_SURFACE_GATE,1824.000000000000000000000000000000000000000000000000000000000000000000000000000000000000000000000001,228.0000000000000000000000000000000000000000000000000000000000000000000000000000000000000000000000001,1596.000000000000000000000000000000000000000000000000000000000000000000000000000000000000000000000001,
particle,QP093A-0066,QP093A-0066|unstable_resonance_rows|OUTER_BINARY_NEUTRAL|outer_binary_neutral|p=8|d=2|q=neutral:0,QP093A-0066|unstable_resonance_rows|OUTER_BINARY_NEUTRAL|outer_binary_neutral|p=8|d=2|q=neutral:0,NATIVE_PARTICLE_IDENTITY_ASSIGNED_NO_KNOWN_LABEL,,,,no,yes,MATTER_ROW_ALLOWED_AFTER_SURFACE_GATE,144.000,18.000,126.000,
particle,QP093A-0067,QP093A-0067|unstable_resonance_rows|V4_1_SINGLE_WRITE|single_write|p=9|d=2|q=positive:9,QP093A-0067|unstable_resonance_rows|V4_1_SINGLE_WRITE|single_write|p=9|d=2|q=positive:9,NATIVE_PARTICLE_IDENTITY_ASSIGNED_NO_KNOWN_LABEL,,,,no,yes,MATTER_ROW_ALLOWED_AFTER_SURFACE_GATE,1721.250000,215.156250,1506.093750,
particle,QP093A-0068,QP093A-0068|unstable_resonance_rows|V4_1_SINGLE_WRITE|single_write|p=9|d=2|q=negative:9,QP093A-0068|unstable_resonance_rows|V4_1_SINGLE_WRITE|single_write|p=9|d=2|q=negative:9,NATIVE_PARTICLE_IDENTITY_ASSIGNED_NO_KNOWN_LABEL,,,,no,yes,MATTER_ROW_ALLOWED_AFTER_SURFACE_GATE,2065.50000,258.18750,1807.31250,
particle,QP093A-0069,QP093A-0069|unstable_resonance_rows|OUTER_BINARY_NEUTRAL|outer_binary_neutral|p=9|d=2|q=neutral:0,QP093A-0069|unstable_resonance_rows|OUTER_BINARY_NEUTRAL|outer_binary_neutral|p=9|d=2|q=neutral:0,NATIVE_PARTICLE_IDENTITY_ASSIGNED_NO_KNOWN_LABEL,,,,no,yes,MATTER_ROW_ALLOWED_AFTER_SURFACE_GATE,162.000,20.250,141.750,
particle,QP093A-0070,QP093A-0070|unstable_resonance_rows|V4_1_SINGLE_WRITE|single_write|p=12|d=2|q=positive:12,QP093A-0070|unstable_resonance_rows|V4_1_SINGLE_WRITE|single_write|p=12|d=2|q=positive:12,NATIVE_PARTICLE_IDENTITY_ASSIGNED_NO_KNOWN_LABEL,,,,no,yes,MATTER_ROW_ALLOWED_AFTER_SURFACE_GATE,2339.999999999999999999999999999999999999999999999999999999999999999999999999999999999999999999999999,292.4999999999999999999999999999999999999999999999999999999999999999999999999999999999999999999999999,2047.499999999999999999999999999999999999999999999999999999999999999999999999999999999999999999999999,
particle,QP093A-0071,QP093A-0071|unstable_resonance_rows|V4_1_SINGLE_WRITE|single_write|p=12|d=2|q=negative:12,QP093A-0071|unstable_resonance_rows|V4_1_SINGLE_WRITE|single_write|p=12|d=2|q=negative:12,NATIVE_PARTICLE_IDENTITY_ASSIGNED_NO_KNOWN_LABEL,,,,no,yes,MATTER_ROW_ALLOWED_AFTER_SURFACE_GATE,2807.999999999999999999999999999999999999999999999999999999999999999999999999999999999999999999999999,350.9999999999999999999999999999999999999999999999999999999999999999999999999999999999999999999999999,2456.999999999999999999999999999999999999999999999999999999999999999999999999999999999999999999999999,
particle,QP093A-0072,QP093A-0072|unstable_resonance_rows|OUTER_BINARY_NEUTRAL|outer_binary_neutral|p=12|d=2|q=neutral:0,QP093A-0072|unstable_resonance_rows|OUTER_BINARY_NEUTRAL|outer_binary_neutral|p=12|d=2|q=neutral:0,NATIVE_PARTICLE_IDENTITY_ASSIGNED_NO_KNOWN_LABEL,,,,no,yes,MATTER_ROW_ALLOWED_AFTER_SURFACE_GATE,216.000,27.000,189.000,
particle,QP093A-0073,QP093A-0073|antimatter_conjugate_rows|V4_1_SINGLE_WRITE|conjugate_single_write|p=1|d=0|q=negative:1,QP093A-0073|antimatter_conjugate_rows|V4_1_SINGLE_WRITE|conjugate_single_write|p=1|d=0|q=negative:1,NATIVE_PARTICLE_IDENTITY_ASSIGNED_NO_KNOWN_LABEL,,,,no,yes,ANTIMATTER_ROW_ALLOWED_AFTER_SURFACE_GATE,1.363570601851851851851851851851851851851851851851851851851851851851851851851851851851851851851851852,0.1704463252314814814814814814814814814814814814814814814814814814814814814814814814814814814814814815,1.193124276620370370370370370370370370370370370370370370370370370370370370370370370370370370370370370,
particle,QP093A-0074,QP093A-0074|antimatter_conjugate_rows|V4_1_SINGLE_WRITE|conjugate_single_write|p=1|d=0|q=positive:1,QP093A-0074|antimatter_conjugate_rows|V4_1_SINGLE_WRITE|conjugate_single_write|p=1|d=0|q=positive:1,NATIVE_PARTICLE_IDENTITY_ASSIGNED_NO_KNOWN_LABEL,,,,no,yes,ANTIMATTER_ROW_ALLOWED_AFTER_SURFACE_GATE,1.384548611111111111111111111111111111111111111111111111111111111111111111111111111111111111111111110,0.1730685763888888888888888888888888888888888888888888888888888888888888888888888888888888888888888888,1.211480034722222222222222222222222222222222222222222222222222222222222222222222222222222222222222221,
particle,QP093A-0075,QP093A-0075|antimatter_conjugate_rows|V4_1_SINGLE_WRITE|conjugate_single_write|p=2|d=0|q=negative:2,QP093A-0075|antimatter_conjugate_rows|V4_1_SINGLE_WRITE|conjugate_single_write|p=2|d=0|q=negative:2,NATIVE_PARTICLE_IDENTITY_ASSIGNED_NO_KNOWN_LABEL,,,,no,yes,ANTIMATTER_ROW_ALLOWED_AFTER_SURFACE_GATE,2.957175925925925925925925925925925925925925925925925925925925925925925925925925925925925925925925927,0.3696469907407407407407407407407407407407407407407407407407407407407407407407407407407407407407407409,2.587528935185185185185185185185185185185185185185185185185185185185185185185185185185185185185185186,
particle,QP093A-0076,QP093A-0076|antimatter_conjugate_rows|V4_1_SINGLE_WRITE|conjugate_single_write|p=2|d=0|q=positive:2,QP093A-0076|antimatter_conjugate_rows|V4_1_SINGLE_WRITE|conjugate_single_write|p=2|d=0|q=positive:2,NATIVE_PARTICLE_IDENTITY_ASSIGNED_NO_KNOWN_LABEL,,,,no,yes,ANTIMATTER_ROW_ALLOWED_AFTER_SURFACE_GATE,2.534722222222222222222222222222222222222222222222222222222222222222222222222222222222222222222222222,0.3168402777777777777777777777777777777777777777777777777777777777777777777777777777777777777777777778,2.217881944444444444444444444444444444444444444444444444444444444444444444444444444444444444444444444,
particle,QP093A-0077,QP093A-0077|antimatter_conjugate_rows|V4_1_SINGLE_WRITE|conjugate_single_write|p=3|d=0|q=negative:3,QP093A-0077|antimatter_conjugate_rows|V4_1_SINGLE_WRITE|conjugate_single_write|p=3|d=0|q=negative:3,NATIVE_PARTICLE_IDENTITY_ASSIGNED_NO_KNOWN_LABEL,,,,no,yes,ANTIMATTER_ROW_ALLOWED_AFTER_SURFACE_GATE,4.785156249999999999999999999999999999999999999999999999999999999999999999999999999999999999999999998,0.5981445312499999999999999999999999999999999999999999999999999999999999999999999999999999999999999998,4.187011718749999999999999999999999999999999999999999999999999999999999999999999999999999999999999999,
particle,QP093A-0078,QP093A-0078|antimatter_conjugate_rows|V4_1_SINGLE_WRITE|conjugate_single_write|p=3|d=0|q=positive:3,QP093A-0078|antimatter_conjugate_rows|V4_1_SINGLE_WRITE|conjugate_single_write|p=3|d=0|q=positive:3,NATIVE_PARTICLE_IDENTITY_ASSIGNED_NO_KNOWN_LABEL,,,,no,yes,ANTIMATTER_ROW_ALLOWED_AFTER_SURFACE_GATE,3.445312499999999999999999999999999999999999999999999999999999999999999999999999999999999999999999999,0.4306640624999999999999999999999999999999999999999999999999999999999999999999999999999999999999999999,3.014648437499999999999999999999999999999999999999999999999999999999999999999999999999999999999999999,
particle,QP093A-0079,QP093A-0079|antimatter_conjugate_rows|V4_1_SINGLE_WRITE|conjugate_single_write|p=4|d=0|q=negative:4,QP093A-0079|antimatter_conjugate_rows|V4_1_SINGLE_WRITE|conjugate_single_write|p=4|d=0|q=negative:4,NATIVE_PARTICLE_IDENTITY_ASSIGNED_NO_KNOWN_LABEL,,,,no,yes,ANTIMATTER_ROW_ALLOWED_AFTER_SURFACE_GATE,6.851851851851851851851851851851851851851851851851851851851851851851851851851851851851851851851851853,0.8564814814814814814814814814814814814814814814814814814814814814814814814814814814814814814814814816,5.995370370370370370370370370370370370370370370370370370370370370370370370370370370370370370370370371,
particle,QP093A-0080,QP093A-0080|antimatter_conjugate_rows|V4_1_SINGLE_WRITE|conjugate_single_write|p=4|d=0|q=positive:4,QP093A-0080|antimatter_conjugate_rows|V4_1_SINGLE_WRITE|conjugate_single_write|p=4|d=0|q=positive:4,NATIVE_PARTICLE_IDENTITY_ASSIGNED_NO_KNOWN_LABEL,,,,no,yes,ANTIMATTER_ROW_ALLOWED_AFTER_SURFACE_GATE,4.111111111111111111111111111111111111111111111111111111111111111111111111111111111111111111111111112,0.513888888888888888888888888888888888888888888888888888888888888888888888888888888888888888888888889,3.597222222222222222222222222222222222222222222222222222222222222222222222222222222222222222222222222,
particle,QP093A-0081,QP093A-0081|antimatter_conjugate_rows|V4_1_SINGLE_WRITE|conjugate_single_write|p=6|d=0|q=negative:6,QP093A-0081|antimatter_conjugate_rows|V4_1_SINGLE_WRITE|conjugate_single_write|p=6|d=0|q=negative:6,NATIVE_PARTICLE_IDENTITY_ASSIGNED_NO_KNOWN_LABEL,,,,no,yes,ANTIMATTER_ROW_ALLOWED_AFTER_SURFACE_GATE,11.71875000000000000000000000000000000000000000000000000000000000000000000000000000000000000000000000,1.46484375000000000000000000000000000000000000000000000000000000000000000000000000000000000000000000,10.25390625000000000000000000000000000000000000000000000000000000000000000000000000000000000000000000,
particle,QP093A-0082,QP093A-0082|antimatter_conjugate_rows|V4_1_SINGLE_WRITE|conjugate_single_write|p=6|d=0|q=positive:6,QP093A-0082|antimatter_conjugate_rows|V4_1_SINGLE_WRITE|conjugate_single_write|p=6|d=0|q=positive:6,NATIVE_PARTICLE_IDENTITY_ASSIGNED_NO_KNOWN_LABEL,,,,no,yes,ANTIMATTER_ROW_ALLOWED_AFTER_SURFACE_GATE,4.687500000000000000000000000000000000000000000000000000000000000000000000000000000000000000000000002,0.5859375000000000000000000000000000000000000000000000000000000000000000000000000000000000000000000002,4.101562500000000000000000000000000000000000000000000000000000000000000000000000000000000000000000001,
particle,QP093A-0083,QP093A-0083|antimatter_conjugate_rows|V4_1_SINGLE_WRITE|conjugate_single_write|p=8|d=0|q=negative:8,QP093A-0083|antimatter_conjugate_rows|V4_1_SINGLE_WRITE|conjugate_single_write|p=8|d=0|q=negative:8,NATIVE_PARTICLE_IDENTITY_ASSIGNED_NO_KNOWN_LABEL,,,,no,yes,ANTIMATTER_ROW_ALLOWED_AFTER_SURFACE_GATE,17.59259259259259259259259259259259259259259259259259259259259259259259259259259259259259259259259260,2.199074074074074074074074074074074074074074074074074074074074074074074074074074074074074074074074075,15.39351851851851851851851851851851851851851851851851851851851851851851851851851851851851851851851852,
particle,QP093A-0084,QP093A-0084|antimatter_conjugate_rows|V4_1_SINGLE_WRITE|conjugate_single_write|p=8|d=0|q=positive:8,QP093A-0084|antimatter_conjugate_rows|V4_1_SINGLE_WRITE|conjugate_single_write|p=8|d=0|q=positive:8,NATIVE_PARTICLE_IDENTITY_ASSIGNED_NO_KNOWN_LABEL,,,,no,yes,ANTIMATTER_ROW_ALLOWED_AFTER_SURFACE_GATE,4.222222222222222222222222222222222222222222222222222222222222222222222222222222222222222222222222224,0.527777777777777777777777777777777777777777777777777777777777777777777777777777777777777777777777778,3.694444444444444444444444444444444444444444444444444444444444444444444444444444444444444444444444446,
particle,QP093A-0085,QP093A-0085|antimatter_conjugate_rows|V4_1_SINGLE_WRITE|conjugate_single_write|p=9|d=0|q=negative:9,QP093A-0085|antimatter_conjugate_rows|V4_1_SINGLE_WRITE|conjugate_single_write|p=9|d=0|q=negative:9,NATIVE_PARTICLE_IDENTITY_ASSIGNED_NO_KNOWN_LABEL,,,,no,yes,ANTIMATTER_ROW_ALLOWED_AFTER_SURFACE_GATE,20.91796875,2.61474609375,18.30322265625,
particle,QP093A-0086,QP093A-0086|antimatter_conjugate_rows|V4_1_SINGLE_WRITE|conjugate_single_write|p=9|d=0|q=positive:9,QP093A-0086|antimatter_conjugate_rows|V4_1_SINGLE_WRITE|conjugate_single_write|p=9|d=0|q=positive:9,NATIVE_PARTICLE_IDENTITY_ASSIGNED_NO_KNOWN_LABEL,,,,no,yes,ANTIMATTER_ROW_ALLOWED_AFTER_SURFACE_GATE,3.5859375,0.4482421875,3.1376953125,
particle,QP093A-0087,QP093A-0087|antimatter_conjugate_rows|V4_1_SINGLE_WRITE|conjugate_single_write|p=12|d=0|q=negative:12,QP093A-0087|antimatter_conjugate_rows|V4_1_SINGLE_WRITE|conjugate_single_write|p=12|d=0|q=negative:12,NATIVE_PARTICLE_IDENTITY_ASSIGNED_NO_KNOWN_LABEL,,,,no,yes,ANTIMATTER_ROW_ALLOWED_AFTER_SURFACE_GATE,32.49999999999999999999999999999999999999999999999999999999999999999999999999999999999999999999999999,4.062499999999999999999999999999999999999999999999999999999999999999999999999999999999999999999999999,28.43749999999999999999999999999999999999999999999999999999999999999999999999999999999999999999999999,
particle,QP093A-0088,QP093A-0088|antimatter_conjugate_rows|V4_1_SINGLE_WRITE|conjugate_single_write|p=12|d=0|q=positive:12,QP093A-0088|antimatter_conjugate_rows|V4_1_SINGLE_WRITE|conjugate_single_write|p=12|d=0|q=positive:12,NULL_CONJUGATE_REVEALED_ZERO_QA_NO_MATTER_PROMOTION,,,,no,no,REJECT_MATTER_PROMOTION_NULL_REVEAL,0.0000000000000000000000000000000000000000000000000000000000000000000000000000000000000000000000000000,0.0000000000000000000000000000000000000000000000000000000000000000000000000000000000000000000000000000,0.0000000000000000000000000000000000000000000000000000000000000000000000000000000000000000000000000000,
particle,QP093A-0089,QP093A-0089|antimatter_conjugate_rows|V4_1_SINGLE_WRITE|conjugate_single_write|p=1|d=1|q=negative:1,QP093A-0089|antimatter_conjugate_rows|V4_1_SINGLE_WRITE|conjugate_single_write|p=1|d=1|q=negative:1,NATIVE_PARTICLE_IDENTITY_ASSIGNED_NO_KNOWN_LABEL,,,,no,yes,ANTIMATTER_ROW_ALLOWED_AFTER_SURFACE_GATE,15.20905671296296296296296296296296296296296296296296296296296296296296296296296296296296296296296296,1.90113208912037037037037037037037037037037037037037037037037037037037037037037037037037037037037037,13.30792462384259259259259259259259259259259259259259259259259259259259259259259259259259259259259259,
particle,QP093A-0090,QP093A-0090|antimatter_conjugate_rows|V4_1_SINGLE_WRITE|conjugate_single_write|p=1|d=1|q=positive:1,QP093A-0090|antimatter_conjugate_rows|V4_1_SINGLE_WRITE|conjugate_single_write|p=1|d=1|q=positive:1,NATIVE_PARTICLE_IDENTITY_ASSIGNED_NO_KNOWN_LABEL,,,,no,yes,ANTIMATTER_ROW_ALLOWED_AFTER_SURFACE_GATE,17.99913194444444444444444444444444444444444444444444444444444444444444444444444444444444444444444444,2.249891493055555555555555555555555555555555555555555555555555555555555555555555555555555555555555555,15.74924045138888888888888888888888888888888888888888888888888888888888888888888888888888888888888889,
particle,QP093A-0091,QP093A-0091|antimatter_conjugate_rows|V4_1_SINGLE_WRITE|conjugate_single_write|p=2|d=1|q=negative:2,QP093A-0091|antimatter_conjugate_rows|V4_1_SINGLE_WRITE|conjugate_single_write|p=2|d=1|q=negative:2,NATIVE_PARTICLE_IDENTITY_ASSIGNED_NO_KNOWN_LABEL,,,,no,yes,ANTIMATTER_ROW_ALLOWED_AFTER_SURFACE_GATE,30.83912037037037037037037037037037037037037037037037037037037037037037037037037037037037037037037038,3.854890046296296296296296296296296296296296296296296296296296296296296296296296296296296296296296298,26.98423032407407407407407407407407407407407407407407407407407407407407407407407407407407407407407409,
particle,QP093A-0092,QP093A-0092|antimatter_conjugate_rows|V4_1_SINGLE_WRITE|conjugate_single_write|p=2|d=1|q=positive:2,QP093A-0092|antimatter_conjugate_rows|V4_1_SINGLE_WRITE|conjugate_single_write|p=2|d=1|q=positive:2,NATIVE_PARTICLE_IDENTITY_ASSIGNED_NO_KNOWN_LABEL,,,,no,yes,ANTIMATTER_ROW_ALLOWED_AFTER_SURFACE_GATE,35.99305555555555555555555555555555555555555555555555555555555555555555555555555555555555555555555556,4.499131944444444444444444444444444444444444444444444444444444444444444444444444444444444444444444445,31.49392361111111111111111111111111111111111111111111111111111111111111111111111111111111111111111111,
particle,QP093A-0093,QP093A-0093|antimatter_conjugate_rows|V4_1_SINGLE_WRITE|conjugate_single_write|p=3|d=1|q=negative:3,QP093A-0093|antimatter_conjugate_rows|V4_1_SINGLE_WRITE|conjugate_single_write|p=3|d=1|q=negative:3,NATIVE_PARTICLE_IDENTITY_ASSIGNED_NO_KNOWN_LABEL,,,,no,yes,ANTIMATTER_ROW_ALLOWED_AFTER_SURFACE_GATE,46.89453124999999999999999999999999999999999999999999999999999999999999999999999999999999999999999998,5.861816406249999999999999999999999999999999999999999999999999999999999999999999999999999999999999998,41.03271484374999999999999999999999999999999999999999999999999999999999999999999999999999999999999999,
particle,QP093A-0094,QP093A-0094|antimatter_conjugate_rows|V4_1_SINGLE_WRITE|conjugate_single_write|p=3|d=1|q=positive:3,QP093A-0094|antimatter_conjugate_rows|V4_1_SINGLE_WRITE|conjugate_single_write|p=3|d=1|q=positive:3,NATIVE_PARTICLE_IDENTITY_ASSIGNED_NO_KNOWN_LABEL,,,,no,yes,ANTIMATTER_ROW_ALLOWED_AFTER_SURFACE_GATE,53.97656249999999999999999999999999999999999999999999999999999999999999999999999999999999999999999998,6.747070312499999999999999999999999999999999999999999999999999999999999999999999999999999999999999998,47.22949218749999999999999999999999999999999999999999999999999999999999999999999999999999999999999999,
particle,QP093A-0095,QP093A-0095|antimatter_conjugate_rows|V4_1_SINGLE_WRITE|conjugate_single_write|p=4|d=1|q=negative:4,QP093A-0095|antimatter_conjugate_rows|V4_1_SINGLE_WRITE|conjugate_single_write|p=4|d=1|q=negative:4,NATIVE_PARTICLE_IDENTITY_ASSIGNED_NO_KNOWN_LABEL,,,,no,yes,ANTIMATTER_ROW_ALLOWED_AFTER_SURFACE_GATE,63.37962962962962962962962962962962962962962962962962962962962962962962962962962962962962962962962965,7.922453703703703703703703703703703703703703703703703703703703703703703703703703703703703703703703706,55.45717592592592592592592592592592592592592592592592592592592592592592592592592592592592592592592595,
particle,QP093A-0096,QP093A-0096|antimatter_conjugate_rows|V4_1_SINGLE_WRITE|conjugate_single_write|p=4|d=1|q=positive:4,QP093A-0096|antimatter_conjugate_rows|V4_1_SINGLE_WRITE|conjugate_single_write|p=4|d=1|q=positive:4,NATIVE_PARTICLE_IDENTITY_ASSIGNED_NO_KNOWN_LABEL,,,,no,yes,ANTIMATTER_ROW_ALLOWED_AFTER_SURFACE_GATE,71.94444444444444444444444444444444444444444444444444444444444444444444444444444444444444444444444446,8.993055555555555555555555555555555555555555555555555555555555555555555555555555555555555555555555558,62.9513888888888888888888888888888888888888888888888888888888888888888888888888888888888888888888889,
particle,QP093A-0097,QP093A-0097|antimatter_conjugate_rows|V4_1_SINGLE_WRITE|conjugate_single_write|p=6|d=1|q=negative:6,QP093A-0097|antimatter_conjugate_rows|V4_1_SINGLE_WRITE|conjugate_single_write|p=6|d=1|q=negative:6,NATIVE_PARTICLE_IDENTITY_ASSIGNED_NO_KNOWN_LABEL,,,,no,yes,ANTIMATTER_ROW_ALLOWED_AFTER_SURFACE_GATE,97.65625000000000000000000000000000000000000000000000000000000000000000000000000000000000000000000003,12.20703125000000000000000000000000000000000000000000000000000000000000000000000000000000000000000000,85.44921875000000000000000000000000000000000000000000000000000000000000000000000000000000000000000002,
particle,QP093A-0098,QP093A-0098|antimatter_conjugate_rows|V4_1_SINGLE_WRITE|conjugate_single_write|p=6|d=1|q=positive:6,QP093A-0098|antimatter_conjugate_rows|V4_1_SINGLE_WRITE|conjugate_single_write|p=6|d=1|q=positive:6,NATIVE_PARTICLE_IDENTITY_ASSIGNED_NO_KNOWN_LABEL,,,,no,yes,ANTIMATTER_ROW_ALLOWED_AFTER_SURFACE_GATE,107.8125000000000000000000000000000000000000000000000000000000000000000000000000000000000000000000000,13.4765625000000000000000000000000000000000000000000000000000000000000000000000000000000000000000000,94.3359375000000000000000000000000000000000000000000000000000000000000000000000000000000000000000000,
particle,QP093A-0099,QP093A-0099|antimatter_conjugate_rows|V4_1_SINGLE_WRITE|conjugate_single_write|p=8|d=1|q=negative:8,QP093A-0099|antimatter_conjugate_rows|V4_1_SINGLE_WRITE|conjugate_single_write|p=8|d=1|q=negative:8,NATIVE_PARTICLE_IDENTITY_ASSIGNED_NO_KNOWN_LABEL,,,,no,yes,ANTIMATTER_ROW_ALLOWED_AFTER_SURFACE_GATE,133.7037037037037037037037037037037037037037037037037037037037037037037037037037037037037037037037038,16.71296296296296296296296296296296296296296296296296296296296296296296296296296296296296296296296298,116.9907407407407407407407407407407407407407407407407407407407407407407407407407407407407407407407408,
particle,QP093A-0100,QP093A-0100|antimatter_conjugate_rows|V4_1_SINGLE_WRITE|conjugate_single_write|p=8|d=1|q=positive:8,QP093A-0100|antimatter_conjugate_rows|V4_1_SINGLE_WRITE|conjugate_single_write|p=8|d=1|q=positive:8,NATIVE_PARTICLE_IDENTITY_ASSIGNED_NO_KNOWN_LABEL,,,,no,yes,ANTIMATTER_ROW_ALLOWED_AFTER_SURFACE_GATE,143.5555555555555555555555555555555555555555555555555555555555555555555555555555555555555555555555556,17.94444444444444444444444444444444444444444444444444444444444444444444444444444444444444444444444445,125.6111111111111111111111111111111111111111111111111111111111111111111111111111111111111111111111111,
particle,QP093A-0101,QP093A-0101|antimatter_conjugate_rows|V4_1_SINGLE_WRITE|conjugate_single_write|p=9|d=1|q=negative:9,QP093A-0101|antimatter_conjugate_rows|V4_1_SINGLE_WRITE|conjugate_single_write|p=9|d=1|q=negative:9,NATIVE_PARTICLE_IDENTITY_ASSIGNED_NO_KNOWN_LABEL,,,,no,yes,ANTIMATTER_ROW_ALLOWED_AFTER_SURFACE_GATE,152.40234375,19.05029296875,133.35205078125,
particle,QP093A-0102,QP093A-0102|antimatter_conjugate_rows|V4_1_SINGLE_WRITE|conjugate_single_write|p=9|d=1|q=positive:9,QP093A-0102|antimatter_conjugate_rows|V4_1_SINGLE_WRITE|conjugate_single_write|p=9|d=1|q=positive:9,NATIVE_PARTICLE_IDENTITY_ASSIGNED_NO_KNOWN_LABEL,,,,no,yes,ANTIMATTER_ROW_ALLOWED_AFTER_SURFACE_GATE,161.3671875,20.1708984375,141.1962890625,
particle,QP093A-0103,QP093A-0103|antimatter_conjugate_rows|V4_1_SINGLE_WRITE|conjugate_single_write|p=12|d=1|q=negative:12,QP093A-0103|antimatter_conjugate_rows|V4_1_SINGLE_WRITE|conjugate_single_write|p=12|d=1|q=negative:12,NATIVE_PARTICLE_IDENTITY_ASSIGNED_NO_KNOWN_LABEL,,,,no,yes,ANTIMATTER_ROW_ALLOWED_AFTER_SURFACE_GATE,211.2499999999999999999999999999999999999999999999999999999999999999999999999999999999999999999999999,26.40624999999999999999999999999999999999999999999999999999999999999999999999999999999999999999999999,184.8437499999999999999999999999999999999999999999999999999999999999999999999999999999999999999999999,
particle,QP093A-0104,QP093A-0104|antimatter_conjugate_rows|V4_1_SINGLE_WRITE|conjugate_single_write|p=12|d=1|q=positive:12,QP093A-0104|antimatter_conjugate_rows|V4_1_SINGLE_WRITE|conjugate_single_write|p=12|d=1|q=positive:12,NATIVE_PARTICLE_IDENTITY_ASSIGNED_NO_KNOWN_LABEL,,,,no,yes,ANTIMATTER_ROW_ALLOWED_AFTER_SURFACE_GATE,214.4999999999999999999999999999999999999999999999999999999999999999999999999999999999999999999999999,26.81249999999999999999999999999999999999999999999999999999999999999999999999999999999999999999999999,187.6874999999999999999999999999999999999999999999999999999999999999999999999999999999999999999999999,
particle,QP093A-0105,QP093A-0105|antimatter_conjugate_rows|V4_1_SINGLE_WRITE|conjugate_single_write|p=1|d=2|q=negative:1,QP093A-0105|antimatter_conjugate_rows|V4_1_SINGLE_WRITE|conjugate_single_write|p=1|d=2|q=negative:1,NATIVE_PARTICLE_IDENTITY_ASSIGNED_NO_KNOWN_LABEL,,,,no,yes,ANTIMATTER_ROW_ALLOWED_AFTER_SURFACE_GATE,181.3548900462962962962962962962962962962962962962962962962962962962962962962962962962962962962962962,22.66936125578703703703703703703703703703703703703703703703703703703703703703703703703703703703703702,158.6855287905092592592592592592592592592592592592592592592592592592592592592592592592592592592592591,
particle,QP093A-0106,QP093A-0106|antimatter_conjugate_rows|V4_1_SINGLE_WRITE|conjugate_single_write|p=1|d=2|q=positive:1,QP093A-0106|antimatter_conjugate_rows|V4_1_SINGLE_WRITE|conjugate_single_write|p=1|d=2|q=positive:1,NATIVE_PARTICLE_IDENTITY_ASSIGNED_NO_KNOWN_LABEL,,,,no,yes,ANTIMATTER_ROW_ALLOWED_AFTER_SURFACE_GATE,217.3741319444444444444444444444444444444444444444444444444444444444444444444444444444444444444444443,27.17176649305555555555555555555555555555555555555555555555555555555555555555555555555555555555555554,190.2023654513888888888888888888888888888888888888888888888888888888888888888888888888888888888888888,
particle,QP093A-0107,QP093A-0107|antimatter_conjugate_rows|V4_1_SINGLE_WRITE|conjugate_single_write|p=2|d=2|q=negative:2,QP093A-0107|antimatter_conjugate_rows|V4_1_SINGLE_WRITE|conjugate_single_write|p=2|d=2|q=negative:2,NATIVE_PARTICLE_IDENTITY_ASSIGNED_NO_KNOWN_LABEL,,,,no,yes,ANTIMATTER_ROW_ALLOWED_AFTER_SURFACE_GATE,365.4224537037037037037037037037037037037037037037037037037037037037037037037037037037037037037037038,45.67780671296296296296296296296296296296296296296296296296296296296296296296296296296296296296296298,319.7446469907407407407407407407407407407407407407407407407407407407407407407407407407407407407407409,
particle,QP093A-0108,QP093A-0108|antimatter_conjugate_rows|V4_1_SINGLE_WRITE|conjugate_single_write|p=2|d=2|q=positive:2,QP093A-0108|antimatter_conjugate_rows|V4_1_SINGLE_WRITE|conjugate_single_write|p=2|d=2|q=positive:2,NATIVE_PARTICLE_IDENTITY_ASSIGNED_NO_KNOWN_LABEL,,,,no,yes,ANTIMATTER_ROW_ALLOWED_AFTER_SURFACE_GATE,437.4930555555555555555555555555555555555555555555555555555555555555555555555555555555555555555555556,54.68663194444444444444444444444444444444444444444444444444444444444444444444444444444444444444444445,382.8064236111111111111111111111111111111111111111111111111111111111111111111111111111111111111111111,
particle,QP093A-0109,QP093A-0109|antimatter_conjugate_rows|V4_1_SINGLE_WRITE|conjugate_single_write|p=3|d=2|q=negative:3,QP093A-0109|antimatter_conjugate_rows|V4_1_SINGLE_WRITE|conjugate_single_write|p=3|d=2|q=negative:3,NATIVE_PARTICLE_IDENTITY_ASSIGNED_NO_KNOWN_LABEL,,,,no,yes,ANTIMATTER_ROW_ALLOWED_AFTER_SURFACE_GATE,552.2070312499999999999999999999999999999999999999999999999999999999999999999999999999999999999999998,69.02587890624999999999999999999999999999999999999999999999999999999999999999999999999999999999999998,483.1811523437499999999999999999999999999999999999999999999999999999999999999999999999999999999999999,
particle,QP093A-0110,QP093A-0110|antimatter_conjugate_rows|V4_1_SINGLE_WRITE|conjugate_single_write|p=3|d=2|q=positive:3,QP093A-0110|antimatter_conjugate_rows|V4_1_SINGLE_WRITE|conjugate_single_write|p=3|d=2|q=positive:3,NATIVE_PARTICLE_IDENTITY_ASSIGNED_NO_KNOWN_LABEL,,,,no,yes,ANTIMATTER_ROW_ALLOWED_AFTER_SURFACE_GATE,660.3515624999999999999999999999999999999999999999999999999999999999999999999999999999999999999999998,82.54394531249999999999999999999999999999999999999999999999999999999999999999999999999999999999999998,577.8076171874999999999999999999999999999999999999999999999999999999999999999999999999999999999999999,
particle,QP093A-0111,QP093A-0111|antimatter_conjugate_rows|V4_1_SINGLE_WRITE|conjugate_single_write|p=4|d=2|q=negative:4,QP093A-0111|antimatter_conjugate_rows|V4_1_SINGLE_WRITE|conjugate_single_write|p=4|d=2|q=negative:4,NATIVE_PARTICLE_IDENTITY_ASSIGNED_NO_KNOWN_LABEL,,,,no,yes,ANTIMATTER_ROW_ALLOWED_AFTER_SURFACE_GATE,741.7129629629629629629629629629629629629629629629629629629629629629629629629629629629629629629629632,92.7141203703703703703703703703703703703703703703703703703703703703703703703703703703703703703703704,648.9988425925925925925925925925925925925925925925925925925925925925925925925925925925925925925925928,
particle,QP093A-0112,QP093A-0112|antimatter_conjugate_rows|V4_1_SINGLE_WRITE|conjugate_single_write|p=4|d=2|q=positive:4,QP093A-0112|antimatter_conjugate_rows|V4_1_SINGLE_WRITE|conjugate_single_write|p=4|d=2|q=positive:4,NATIVE_PARTICLE_IDENTITY_ASSIGNED_NO_KNOWN_LABEL,,,,no,yes,ANTIMATTER_ROW_ALLOWED_AFTER_SURFACE_GATE,885.9444444444444444444444444444444444444444444444444444444444444444444444444444444444444444444444446,110.7430555555555555555555555555555555555555555555555555555555555555555555555555555555555555555555556,775.201388888888888888888888888888888888888888888888888888888888888888888888888888888888888888888889,
particle,QP093A-0113,QP093A-0113|antimatter_conjugate_rows|V4_1_SINGLE_WRITE|conjugate_single_write|p=6|d=2|q=negative:6,QP093A-0113|antimatter_conjugate_rows|V4_1_SINGLE_WRITE|conjugate_single_write|p=6|d=2|q=negative:6,NATIVE_PARTICLE_IDENTITY_ASSIGNED_NO_KNOWN_LABEL,,,,no,yes,ANTIMATTER_ROW_ALLOWED_AFTER_SURFACE_GATE,1128.906250000000000000000000000000000000000000000000000000000000000000000000000000000000000000000000,141.113281250000000000000000000000000000000000000000000000000000000000000000000000000000000000000000,987.792968750000000000000000000000000000000000000000000000000000000000000000000000000000000000000000,
particle,QP093A-0114,QP093A-0114|antimatter_conjugate_rows|V4_1_SINGLE_WRITE|conjugate_single_write|p=6|d=2|q=positive:6,QP093A-0114|antimatter_conjugate_rows|V4_1_SINGLE_WRITE|conjugate_single_write|p=6|d=2|q=positive:6,NATIVE_PARTICLE_IDENTITY_ASSIGNED_NO_KNOWN_LABEL,,,,no,yes,ANTIMATTER_ROW_ALLOWED_AFTER_SURFACE_GATE,1345.312500000000000000000000000000000000000000000000000000000000000000000000000000000000000000000000,168.164062500000000000000000000000000000000000000000000000000000000000000000000000000000000000000000,1177.148437500000000000000000000000000000000000000000000000000000000000000000000000000000000000000000,
particle,QP093A-0115,QP093A-0115|bound_composite_rows|GROUND_BARYON_3BODY|three_owner_color_closure|p=1+1+1|d=0|q=positive:1,QP093A-0115|bound_composite_rows|GROUND_BARYON_3BODY|three_owner_color_closure|p=1+1+1|d=0|q=positive:1,NATIVE_PARTICLE_IDENTITY_ASSIGNED_NO_KNOWN_LABEL,,,,no,yes,BOUND_MATTER_ROW_ALLOWED,72.49999999999999999999999999999999999999999999999999999999999999999999999999999999999999999999999997,9.062499999999999999999999999999999999999999999999999999999999999999999999999999999999999999999999996,63.43749999999999999999999999999999999999999999999999999999999999999999999999999999999999999999999998,
particle,QP093A-0116,QP093A-0116|bound_composite_rows|OCTET_COMPOSITE|three_owner_color_closure|p=1+1+2|d=3|q=positive:2,QP093A-0116|bound_composite_rows|OCTET_COMPOSITE|three_owner_color_closure|p=1+1+2|d=3|q=positive:2,NATIVE_PARTICLE_IDENTITY_ASSIGNED_NO_KNOWN_LABEL,,,,no,yes,BOUND_MATTER_ROW_ALLOWED,218.9709563078703703703703703703703703703703703703703703703703703703703703703703703703703703703703704,27.3713695384837962962962962962962962962962962962962962962962962962962962962962962962962962962962963,191.5995867693865740740740740740740740740740740740740740740740740740740740740740740740740740740740741,
particle,QP093A-0117,QP093A-0117|bound_composite_rows|OCTET_COMPOSITE|three_owner_color_closure|p=1+1+3|d=3|q=neutral:0,QP093A-0117|bound_composite_rows|OCTET_COMPOSITE|three_owner_color_closure|p=1+1+3|d=3|q=neutral:0,NATIVE_PARTICLE_IDENTITY_ASSIGNED_NO_KNOWN_LABEL,,,,no,yes,BOUND_MATTER_ROW_ALLOWED,395.7565104166666666666666666666666666666666666666666666666666666666666666666666666666666666666666667,49.46956380208333333333333333333333333333333333333333333333333333333333333333333333333333333333333334,346.2869466145833333333333333333333333333333333333333333333333333333333333333333333333333333333333334,
particle,QP093A-0118,QP093A-0118|bound_composite_rows|GROUND_BARYON_3BODY|three_owner_color_closure|p=1+1+4|d=0|q=positive:1,QP093A-0118|bound_composite_rows|GROUND_BARYON_3BODY|three_owner_color_closure|p=1+1+4|d=0|q=positive:1,NATIVE_PARTICLE_IDENTITY_ASSIGNED_NO_KNOWN_LABEL,,,,no,yes,BOUND_MATTER_ROW_ALLOWED,434.9999999999999999999999999999999999999999999999999999999999999999999999999999999999999999999999998,54.37499999999999999999999999999999999999999999999999999999999999999999999999999999999999999999999998,380.6249999999999999999999999999999999999999999999999999999999999999999999999999999999999999999999999,
particle,QP093A-0119,QP093A-0119|bound_composite_rows|OCTET_COMPOSITE|three_owner_color_closure|p=1+1+6|d=3|q=neutral:0,QP093A-0119|bound_composite_rows|OCTET_COMPOSITE|three_owner_color_closure|p=1+1+6|d=3|q=neutral:0,NATIVE_PARTICLE_IDENTITY_ASSIGNED_NO_KNOWN_LABEL,,,,no,yes,BOUND_MATTER_ROW_ALLOWED,1367.158854166666666666666666666666666666666666666666666666666666666666666666666666666666666666666667,170.8948567708333333333333333333333333333333333333333333333333333333333333333333333333333333333333334,1196.263997395833333333333333333333333333333333333333333333333333333333333333333333333333333333333334,
particle,QP093A-0120,QP093A-0120|bound_composite_rows|OCTET_COMPOSITE|three_owner_color_closure|p=1+1+8|d=3|q=positive:2,QP093A-0120|bound_composite_rows|OCTET_COMPOSITE|three_owner_color_closure|p=1+1+8|d=3|q=positive:2,NATIVE_PARTICLE_IDENTITY_ASSIGNED_NO_KNOWN_LABEL,,,,no,yes,BOUND_MATTER_ROW_ALLOWED,2408.680519386574074074074074074074074074074074074074074074074074074074074074074074074074074074074074,301.0850649233217592592592592592592592592592592592592592592592592592592592592592592592592592592592592,2107.595454463252314814814814814814814814814814814814814814814814814814814814814814814814814814814815,
particle,QP093A-0121,QP093A-0121|bound_composite_rows|OCTET_COMPOSITE|three_owner_color_closure|p=1+1+9|d=3|q=neutral:0,QP093A-0121|bound_composite_rows|OCTET_COMPOSITE|three_owner_color_closure|p=1+1+9|d=3|q=neutral:0,NATIVE_PARTICLE_IDENTITY_ASSIGNED_NO_KNOWN_LABEL,,,,no,yes,BOUND_MATTER_ROW_ALLOWED,2986.162760416666666666666666666666666666666666666666666666666666666666666666666666666666666666666667,373.2703450520833333333333333333333333333333333333333333333333333333333333333333333333333333333333334,2612.892415364583333333333333333333333333333333333333333333333333333333333333333333333333333333333334,
particle,QP093A-0122,QP093A-0122|bound_composite_rows|OCTET_COMPOSITE|three_owner_color_closure|p=1+1+12|d=3|q=neutral:0,QP093A-0122|bound_composite_rows|OCTET_COMPOSITE|three_owner_color_closure|p=1+1+12|d=3|q=neutral:0,NATIVE_PARTICLE_IDENTITY_ASSIGNED_NO_KNOWN_LABEL,,,,no,yes,BOUND_MATTER_ROW_ALLOWED,5252.768229166666666666666666666666666666666666666666666666666666666666666666666666666666666666666667,656.5960286458333333333333333333333333333333333333333333333333333333333333333333333333333333333333334,4596.172200520833333333333333333333333333333333333333333333333333333333333333333333333333333333333334,
particle,QP093A-0123,QP093A-0123|bound_composite_rows|OCTET_COMPOSITE|three_owner_color_closure|p=1+2+2|d=3|q=positive:1,QP093A-0123|bound_composite_rows|OCTET_COMPOSITE|three_owner_color_closure|p=1+2+2|d=3|q=positive:1,NATIVE_PARTICLE_IDENTITY_ASSIGNED_NO_KNOWN_LABEL,,,,no,yes,BOUND_MATTER_ROW_ALLOWED,326.2224663628472222222222222222222222222222222222222222222222222222222222222222222222222222222222221,40.77780829535590277777777777777777777777777777777777777777777777777777777777777777777777777777777776,285.4446580674913194444444444444444444444444444444444444444444444444444444444444444444444444444444444,
particle,QP093A-0124,QP093A-0124|bound_composite_rows|GROUND_BARYON_3BODY|three_owner_color_closure|p=1+2+3|d=0|q=negative:1,QP093A-0124|bound_composite_rows|GROUND_BARYON_3BODY|three_owner_color_closure|p=1+2+3|d=0|q=negative:1,NATIVE_PARTICLE_IDENTITY_ASSIGNED_NO_KNOWN_LABEL,,,,no,yes,BOUND_MATTER_ROW_ALLOWED,676.6666666666666666666666666666666666666666666666666666666666666666666666666666666666666666666666664,84.5833333333333333333333333333333333333333333333333333333333333333333333333333333333333333333333333,592.0833333333333333333333333333333333333333333333333333333333333333333333333333333333333333333333331,
particle,QP093A-0125,QP093A-0125|bound_composite_rows|OCTET_COMPOSITE|three_owner_color_closure|p=1+2+4|d=3|q=neutral:0,QP093A-0125|bound_composite_rows|OCTET_COMPOSITE|three_owner_color_closure|p=1+2+4|d=3|q=neutral:0,NATIVE_PARTICLE_IDENTITY_ASSIGNED_NO_KNOWN_LABEL,,,,no,yes,BOUND_MATTER_ROW_ALLOWED,755.53515625,94.44189453125,661.09326171875,
particle,QP093A-0126,QP093A-0126|bound_composite_rows|GROUND_BARYON_3BODY|three_owner_color_closure|p=1+2+6|d=0|q=negative:1,QP093A-0126|bound_composite_rows|GROUND_BARYON_3BODY|three_owner_color_closure|p=1+2+6|d=0|q=negative:1,NATIVE_PARTICLE_IDENTITY_ASSIGNED_NO_KNOWN_LABEL,,,,no,yes,BOUND_MATTER_ROW_ALLOWED,1981.666666666666666666666666666666666666666666666666666666666666666666666666666666666666666666666666,247.7083333333333333333333333333333333333333333333333333333333333333333333333333333333333333333333332,1733.958333333333333333333333333333333333333333333333333333333333333333333333333333333333333333333332,
particle,QP093A-0127,QP093A-0127|bound_composite_rows|OCTET_COMPOSITE|three_owner_color_closure|p=1+2+8|d=3|q=positive:1,QP093A-0127|bound_composite_rows|OCTET_COMPOSITE|three_owner_color_closure|p=1+2+8|d=3|q=positive:1,NATIVE_PARTICLE_IDENTITY_ASSIGNED_NO_KNOWN_LABEL,,,,no,yes,BOUND_MATTER_ROW_ALLOWED,2501.038908781828703703703703703703703703703703703703703703703703703703703703703703703703703703703702,312.6298635977285879629629629629629629629629629629629629629629629629629629629629629629629629629629628,2188.409045184100115740740740740740740740740740740740740740740740740740740740740740740740740740740739,
particle,QP093A-0128,QP093A-0128|bound_composite_rows|GROUND_BARYON_3BODY|three_owner_color_closure|p=1+2+9|d=0|q=negative:1,QP093A-0128|bound_composite_rows|GROUND_BARYON_3BODY|three_owner_color_closure|p=1+2+9|d=0|q=negative:1,NATIVE_PARTICLE_IDENTITY_ASSIGNED_NO_KNOWN_LABEL,,,,no,yes,BOUND_MATTER_ROW_ALLOWED,4156.666666666666666666666666666666666666666666666666666666666666666666666666666666666666666666666665,519.5833333333333333333333333333333333333333333333333333333333333333333333333333333333333333333333331,3637.083333333333333333333333333333333333333333333333333333333333333333333333333333333333333333333332,
particle,QP093A-0129,QP093A-0129|bound_composite_rows|GROUND_BARYON_3BODY|three_owner_color_closure|p=1+2+12|d=0|q=negative:1,QP093A-0129|bound_composite_rows|GROUND_BARYON_3BODY|three_owner_color_closure|p=1+2+12|d=0|q=negative:1,NATIVE_PARTICLE_IDENTITY_ASSIGNED_NO_KNOWN_LABEL,,,,no,yes,BOUND_MATTER_ROW_ALLOWED,7201.666666666666666666666666666666666666666666666666666666666666666666666666666666666666666666666663,900.2083333333333333333333333333333333333333333333333333333333333333333333333333333333333333333333329,6301.45833333333333333333333333333333333333333333333333333333333333333333333333333333333333333333333,
particle,QP093A-0130,QP093A-0130|bound_composite_rows|OCTET_COMPOSITE|three_owner_color_closure|p=1+3+3|d=3|q=negative:2,QP093A-0130|bound_composite_rows|OCTET_COMPOSITE|three_owner_color_closure|p=1+3+3|d=3|q=negative:2,NATIVE_PARTICLE_IDENTITY_ASSIGNED_NO_KNOWN_LABEL,,,,no,yes,BOUND_MATTER_ROW_ALLOWED,693.5919716917438271604938271604938271604938271604938271604938271604938271604938271604938271604938273,86.69899646146797839506172839506172839506172839506172839506172839506172839506172839506172839506172841,606.8929752302758487654320987654320987654320987654320987654320987654320987654320987654320987654320989,
particle,QP093A-0131,QP093A-0131|bound_composite_rows|OCTET_COMPOSITE|three_owner_color_closure|p=1+3+4|d=3|q=negative:1,QP093A-0131|bound_composite_rows|OCTET_COMPOSITE|three_owner_color_closure|p=1+3+4|d=3|q=negative:1,NATIVE_PARTICLE_IDENTITY_ASSIGNED_NO_KNOWN_LABEL,,,,no,yes,BOUND_MATTER_ROW_ALLOWED,942.5795416184413580246913580246913580246913580246913580246913580246913580246913580246913580246913577,117.8224427023051697530864197530864197530864197530864197530864197530864197530864197530864197530864197,824.757098916136188271604938271604938271604938271604938271604938271604938271604938271604938271604938,
particle,QP093A-0132,QP093A-0132|bound_composite_rows|OCTET_COMPOSITE|three_owner_color_closure|p=1+3+6|d=3|q=negative:2,QP093A-0132|bound_composite_rows|OCTET_COMPOSITE|three_owner_color_closure|p=1+3+6|d=3|q=negative:2,NATIVE_PARTICLE_IDENTITY_ASSIGNED_NO_KNOWN_LABEL,,,,no,yes,BOUND_MATTER_ROW_ALLOWED,1679.222668306327160493827160493827160493827160493827160493827160493827160493827160493827160493827161,209.9028335382908950617283950617283950617283950617283950617283950617283950617283950617283950617283951,1469.319834768036265432098765432098765432098765432098765432098765432098765432098765432098765432098766,
particle,QP093A-0133,QP093A-0133|bound_composite_rows|GROUND_BARYON_3BODY|three_owner_color_closure|p=1+3+8|d=0|q=neutral:0,QP093A-0133|bound_composite_rows|GROUND_BARYON_3BODY|three_owner_color_closure|p=1+3+8|d=0|q=neutral:0,NATIVE_PARTICLE_IDENTITY_ASSIGNED_NO_KNOWN_LABEL,,,,no,no,REJECTED_NEGATIVE_SURFACE,0,0,0,
particle,QP093A-0134,QP093A-0134|bound_composite_rows|OCTET_COMPOSITE|three_owner_color_closure|p=1+3+9|d=3|q=negative:2,QP093A-0134|bound_composite_rows|OCTET_COMPOSITE|three_owner_color_closure|p=1+3+9|d=3|q=negative:2,NATIVE_PARTICLE_IDENTITY_ASSIGNED_NO_KNOWN_LABEL,,,,no,yes,BOUND_MATTER_ROW_ALLOWED,3321.940495997299382716049382716049382716049382716049382716049382716049382716049382716049382716049384,415.242561999662422839506172839506172839506172839506172839506172839506172839506172839506172839506173,2906.697933997636959876543209876543209876543209876543209876543209876543209876543209876543209876543211,
particle,QP093A-0135,QP093A-0135|bound_composite_rows|OCTET_COMPOSITE|three_owner_color_closure|p=1+3+12|d=3|q=negative:2,QP093A-0135|bound_composite_rows|OCTET_COMPOSITE|three_owner_color_closure|p=1+3+12|d=3|q=negative:2,NATIVE_PARTICLE_IDENTITY_ASSIGNED_NO_KNOWN_LABEL,,,,no,yes,BOUND_MATTER_ROW_ALLOWED,5621.745454764660493827160493827160493827160493827160493827160493827160493827160493827160493827160495,702.7181818455825617283950617283950617283950617283950617283950617283950617283950617283950617283950619,4919.027272919077932098765432098765432098765432098765432098765432098765432098765432098765432098765432,
particle,QP093A-0136,QP093A-0136|bound_composite_rows|GROUND_BARYON_3BODY|three_owner_color_closure|p=1+4+4|d=0|q=negative:2,QP093A-0136|bound_composite_rows|GROUND_BARYON_3BODY|three_owner_color_closure|p=1+4+4|d=0|q=negative:2,NATIVE_PARTICLE_IDENTITY_ASSIGNED_NO_KNOWN_LABEL,,,,no,yes,BOUND_MATTER_ROW_ALLOWED,1706.375000000000000000000000000000000000000000000000000000000000000000000000000000000000000000000000,213.296875000000000000000000000000000000000000000000000000000000000000000000000000000000000000000000,1493.07812500000000000000000000000000000000000000000000000000000000000000000000000000000000000000000,
particle,QP093A-0137,QP093A-0137|bound_composite_rows|OCTET_COMPOSITE|three_owner_color_closure|p=1+4+6|d=3|q=negative:3,QP093A-0137|bound_composite_rows|OCTET_COMPOSITE|three_owner_color_closure|p=1+4+6|d=3|q=negative:3,NATIVE_PARTICLE_IDENTITY_ASSIGNED_NO_KNOWN_LABEL,,,,no,yes,BOUND_MATTER_ROW_ALLOWED,1948.102240668402777777777777777777777777777777777777777777777777777777777777777777777777777777777777,243.5127800835503472222222222222222222222222222222222222222222222222222222222222222222222222222222221,1704.589460584852430555555555555555555555555555555555555555555555555555555555555555555555555555555555,
particle,QP093A-0138,QP093A-0138|bound_composite_rows|OCTET_COMPOSITE|three_owner_color_closure|p=1+4+8|d=3|q=negative:1,QP093A-0138|bound_composite_rows|OCTET_COMPOSITE|three_owner_color_closure|p=1+4+8|d=3|q=negative:1,NATIVE_PARTICLE_IDENTITY_ASSIGNED_NO_KNOWN_LABEL,,,,no,yes,BOUND_MATTER_ROW_ALLOWED,2936.497802734374999999999999999999999999999999999999999999999999999999999999999999999999999999999999,367.0622253417968749999999999999999999999999999999999999999999999999999999999999999999999999999999999,2569.435577392578124999999999999999999999999999999999999999999999999999999999999999999999999999999999,
particle,QP093A-0139,QP093A-0139|bound_composite_rows|OCTET_COMPOSITE|three_owner_color_closure|p=1+4+9|d=3|q=negative:3,QP093A-0139|bound_composite_rows|OCTET_COMPOSITE|three_owner_color_closure|p=1+4+9|d=3|q=negative:3,NATIVE_PARTICLE_IDENTITY_ASSIGNED_NO_KNOWN_LABEL,,,,no,yes,BOUND_MATTER_ROW_ALLOWED,3602.151312934027777777777777777777777777777777777777777777777777777777777777777777777777777777777776,450.268914116753472222222222222222222222222222222222222222222222222222222222222222222222222222222222,3151.882398817274305555555555555555555555555555555555555555555555555555555555555555555555555555555554,
particle,QP093A-0140,QP093A-0140|bound_composite_rows|OCTET_COMPOSITE|three_owner_color_closure|p=1+4+12|d=3|q=negative:3,QP093A-0140|bound_composite_rows|OCTET_COMPOSITE|three_owner_color_closure|p=1+4+12|d=3|q=negative:3,NATIVE_PARTICLE_IDENTITY_ASSIGNED_NO_KNOWN_LABEL,,,,no,yes,BOUND_MATTER_ROW_ALLOWED,5917.820014105902777777777777777777777777777777777777777777777777777777777777777777777777777777777776,739.727501763237847222222222222222222222222222222222222222222222222222222222222222222222222222222222,5178.092512342664930555555555555555555555555555555555555555555555555555555555555555555555555555555554,
particle,QP093A-0141,QP093A-0141|bound_composite_rows|OCTET_COMPOSITE|three_owner_color_closure|p=1+6+6|d=3|q=negative:5,QP093A-0141|bound_composite_rows|OCTET_COMPOSITE|three_owner_color_closure|p=1+6+6|d=3|q=negative:5,NATIVE_PARTICLE_IDENTITY_ASSIGNED_NO_KNOWN_LABEL,,,,no,yes,BOUND_MATTER_ROW_ALLOWED,2720.004035855516975308641975308641975308641975308641975308641975308641975308641975308641975308641975,340.0005044819396219135802469135802469135802469135802469135802469135802469135802469135802469135802469,2380.003531373577353395061728395061728395061728395061728395061728395061728395061728395061728395061728,
particle,QP093A-0142,QP093A-0142|bound_composite_rows|GROUND_BARYON_3BODY|three_owner_color_closure|p=1+6+8|d=0|q=negative:3,QP093A-0142|bound_composite_rows|GROUND_BARYON_3BODY|three_owner_color_closure|p=1+6+8|d=0|q=negative:3,NATIVE_PARTICLE_IDENTITY_ASSIGNED_NO_KNOWN_LABEL,,,,no,yes,BOUND_MATTER_ROW_ALLOWED,5567.624999999999999999999999999999999999999999999999999999999999999999999999999999999999999999999998,695.9531249999999999999999999999999999999999999999999999999999999999999999999999999999999999999999998,4871.671874999999999999999999999999999999999999999999999999999999999999999999999999999999999999999999,
particle,QP093A-0143,QP093A-0143|bound_composite_rows|OCTET_COMPOSITE|three_owner_color_closure|p=1+6+9|d=3|q=negative:5,QP093A-0143|bound_composite_rows|OCTET_COMPOSITE|three_owner_color_closure|p=1+6+9|d=3|q=negative:5,NATIVE_PARTICLE_IDENTITY_ASSIGNED_NO_KNOWN_LABEL,,,,no,yes,BOUND_MATTER_ROW_ALLOWED,4396.718852478780864197530864197530864197530864197530864197530864197530864197530864197530864197530863,549.5898565598476080246913580246913580246913580246913580246913580246913580246913580246913580246913579,3847.128995918933256172839506172839506172839506172839506172839506172839506172839506172839506172839505,
particle,QP093A-0144,QP093A-0144|bound_composite_rows|OCTET_COMPOSITE|three_owner_color_closure|p=1+6+12|d=3|q=negative:5,QP093A-0144|bound_composite_rows|OCTET_COMPOSITE|three_owner_color_closure|p=1+6+12|d=3|q=negative:5,NATIVE_PARTICLE_IDENTITY_ASSIGNED_NO_KNOWN_LABEL,,,,no,yes,BOUND_MATTER_ROW_ALLOWED,6744.119595751350308641975308641975308641975308641975308641975308641975308641975308641975308641975307,843.0149494689187885802469135802469135802469135802469135802469135802469135802469135802469135802469134,5901.104646282431520061728395061728395061728395061728395061728395061728395061728395061728395061728394,
particle,QP093A-0145,QP093A-0145|bound_composite_rows|OCTET_COMPOSITE|three_owner_color_closure|p=1+8+8|d=3|q=negative:5,QP093A-0145|bound_composite_rows|OCTET_COMPOSITE|three_owner_color_closure|p=1+8+8|d=3|q=negative:5,NATIVE_PARTICLE_IDENTITY_ASSIGNED_NO_KNOWN_LABEL,,,,no,yes,BOUND_MATTER_ROW_ALLOWED,4806.582474320023148148148148148148148148148148148148148148148148148148148148148148148148148148148147,600.8228092900028935185185185185185185185185185185185185185185185185185185185185185185185185185185184,4205.759665030020254629629629629629629629629629629629629629629629629629629629629629629629629629629629,
particle,QP093A-0146,QP093A-0146|bound_composite_rows|GROUND_BARYON_3BODY|three_owner_color_closure|p=1+8+9|d=0|q=negative:7,QP093A-0146|bound_composite_rows|GROUND_BARYON_3BODY|three_owner_color_closure|p=1+8+9|d=0|q=negative:7,NATIVE_PARTICLE_IDENTITY_ASSIGNED_NO_KNOWN_LABEL,,,,no,yes,BOUND_MATTER_ROW_ALLOWED,10104.41666666666666666666666666666666666666666666666666666666666666666666666666666666666666666666667,1263.052083333333333333333333333333333333333333333333333333333333333333333333333333333333333333333334,8841.364583333333333333333333333333333333333333333333333333333333333333333333333333333333333333333336,
particle,QP093A-0147,QP093A-0147|bound_composite_rows|GROUND_BARYON_3BODY|three_owner_color_closure|p=1+8+12|d=0|q=negative:7,QP093A-0147|bound_composite_rows|GROUND_BARYON_3BODY|three_owner_color_closure|p=1+8+12|d=0|q=negative:7,NATIVE_PARTICLE_IDENTITY_ASSIGNED_NO_KNOWN_LABEL,,,,no,yes,BOUND_MATTER_ROW_ALLOWED,14464.54166666666666666666666666666666666666666666666666666666666666666666666666666666666666666666667,1808.067708333333333333333333333333333333333333333333333333333333333333333333333333333333333333333334,12656.47395833333333333333333333333333333333333333333333333333333333333333333333333333333333333333334,
particle,QP093A-0148,QP093A-0148|bound_composite_rows|OCTET_COMPOSITE|three_owner_color_closure|p=1+9+9|d=3|q=negative:8,QP093A-0148|bound_composite_rows|OCTET_COMPOSITE|three_owner_color_closure|p=1+9+9|d=3|q=negative:8,NATIVE_PARTICLE_IDENTITY_ASSIGNED_NO_KNOWN_LABEL,,,,no,yes,BOUND_MATTER_ROW_ALLOWED,6196.613691165123456790123456790123456790123456790123456790123456790123456790123456790123456790123459,774.5767113956404320987654320987654320987654320987654320987654320987654320987654320987654320987654324,5422.036979769483024691358024691358024691358024691358024691358024691358024691358024691358024691358026,
particle,QP093A-0149,QP093A-0149|bound_composite_rows|OCTET_COMPOSITE|three_owner_color_closure|p=1+9+12|d=3|q=negative:8,QP093A-0149|bound_composite_rows|OCTET_COMPOSITE|three_owner_color_closure|p=1+9+12|d=3|q=negative:8,NATIVE_PARTICLE_IDENTITY_ASSIGNED_NO_KNOWN_LABEL,,,,no,yes,BOUND_MATTER_ROW_ALLOWED,8591.623890817901234567901234567901234567901234567901234567901234567901234567901234567901234567901238,1073.952986352237654320987654320987654320987654320987654320987654320987654320987654320987654320987655,7517.670904465663580246913580246913580246913580246913580246913580246913580246913580246913580246913584,
particle,QP093A-0150,QP093A-0150|bound_composite_rows|OCTET_COMPOSITE|three_owner_color_closure|p=1+12+12|d=3|q=negative:11,QP093A-0150|bound_composite_rows|OCTET_COMPOSITE|three_owner_color_closure|p=1+12+12|d=3|q=negative:11,NATIVE_PARTICLE_IDENTITY_ASSIGNED_NO_KNOWN_LABEL,,,,no,yes,BOUND_MATTER_ROW_ALLOWED,11205.09574230806327160493827160493827160493827160493827160493827160493827160493827160493827160493828,1400.636967788507908950617283950617283950617283950617283950617283950617283950617283950617283950617285,9804.458774519555362654320987654320987654320987654320987654320987654320987654320987654320987654320995,
particle,QP093A-0151,QP093A-0151|bound_composite_rows|GROUND_BARYON_3BODY|three_owner_color_closure|p=2+2+2|d=0|q=positive:2,QP093A-0151|bound_composite_rows|GROUND_BARYON_3BODY|three_owner_color_closure|p=2+2+2|d=0|q=positive:2,NATIVE_PARTICLE_IDENTITY_ASSIGNED_NO_KNOWN_LABEL,,,,no,yes,BOUND_MATTER_ROW_ALLOWED,255.5000000000000000000000000000000000000000000000000000000000000000000000000000000000000000000000000,31.9375000000000000000000000000000000000000000000000000000000000000000000000000000000000000000000000,223.562500000000000000000000000000000000000000000000000000000000000000000000000000000000000000000000,
particle,QP093A-0152,QP093A-0152|bound_composite_rows|OCTET_COMPOSITE|three_owner_color_closure|p=2+2+3|d=3|q=neutral:0,QP093A-0152|bound_composite_rows|OCTET_COMPOSITE|three_owner_color_closure|p=2+2+3|d=3|q=neutral:0,NATIVE_PARTICLE_IDENTITY_ASSIGNED_NO_KNOWN_LABEL,,,,no,yes,BOUND_MATTER_ROW_ALLOWED,611.6236979166666666666666666666666666666666666666666666666666666666666666666666666666666666666666667,76.45296223958333333333333333333333333333333333333333333333333333333333333333333333333333333333333334,535.1707356770833333333333333333333333333333333333333333333333333333333333333333333333333333333333334,
particle,QP093A-0153,QP093A-0153|bound_composite_rows|OCTET_COMPOSITE|three_owner_color_closure|p=2+2+4|d=3|q=positive:1,QP093A-0153|bound_composite_rows|OCTET_COMPOSITE|three_owner_color_closure|p=2+2+4|d=3|q=positive:1,NATIVE_PARTICLE_IDENTITY_ASSIGNED_NO_KNOWN_LABEL,,,,no,yes,BOUND_MATTER_ROW_ALLOWED,869.9265769675925925925925925925925925925925925925925925925925925925925925925925925925925925925925922,108.7408221209490740740740740740740740740740740740740740740740740740740740740740740740740740740740740,761.1857548466435185185185185185185185185185185185185185185185185185185185185185185185185185185185181,
particle,QP093A-0154,QP093A-0154|bound_composite_rows|OCTET_COMPOSITE|three_owner_color_closure|p=2+2+6|d=3|q=neutral:0,QP093A-0154|bound_composite_rows|OCTET_COMPOSITE|three_owner_color_closure|p=2+2+6|d=3|q=neutral:0,NATIVE_PARTICLE_IDENTITY_ASSIGNED_NO_KNOWN_LABEL,,,,no,yes,BOUND_MATTER_ROW_ALLOWED,1583.026041666666666666666666666666666666666666666666666666666666666666666666666666666666666666666667,197.8782552083333333333333333333333333333333333333333333333333333333333333333333333333333333333333334,1385.147786458333333333333333333333333333333333333333333333333333333333333333333333333333333333333334,
particle,QP093A-0155,QP093A-0155|bound_composite_rows|GROUND_BARYON_3BODY|three_owner_color_closure|p=2+2+8|d=0|q=positive:2,QP093A-0155|bound_composite_rows|GROUND_BARYON_3BODY|three_owner_color_closure|p=2+2+8|d=0|q=positive:2,NATIVE_PARTICLE_IDENTITY_ASSIGNED_NO_KNOWN_LABEL,,,,no,yes,BOUND_MATTER_ROW_ALLOWED,1533.000000000000000000000000000000000000000000000000000000000000000000000000000000000000000000000000,191.625000000000000000000000000000000000000000000000000000000000000000000000000000000000000000000000,1341.37500000000000000000000000000000000000000000000000000000000000000000000000000000000000000000000,
particle,QP093A-0156,QP093A-0156|bound_composite_rows|OCTET_COMPOSITE|three_owner_color_closure|p=2+2+9|d=3|q=neutral:0,QP093A-0156|bound_composite_rows|OCTET_COMPOSITE|three_owner_color_closure|p=2+2+9|d=3|q=neutral:0,NATIVE_PARTICLE_IDENTITY_ASSIGNED_NO_KNOWN_LABEL,,,,no,yes,BOUND_MATTER_ROW_ALLOWED,3202.029947916666666666666666666666666666666666666666666666666666666666666666666666666666666666666667,400.2537434895833333333333333333333333333333333333333333333333333333333333333333333333333333333333334,2801.776204427083333333333333333333333333333333333333333333333333333333333333333333333333333333333334,
particle,QP093A-0157,QP093A-0157|bound_composite_rows|OCTET_COMPOSITE|three_owner_color_closure|p=2+2+12|d=3|q=neutral:0,QP093A-0157|bound_composite_rows|OCTET_COMPOSITE|three_owner_color_closure|p=2+2+12|d=3|q=neutral:0,NATIVE_PARTICLE_IDENTITY_ASSIGNED_NO_KNOWN_LABEL,,,,no,yes,BOUND_MATTER_ROW_ALLOWED,5468.635416666666666666666666666666666666666666666666666666666666666666666666666666666666666666666667,683.5794270833333333333333333333333333333333333333333333333333333333333333333333333333333333333333334,4785.055989583333333333333333333333333333333333333333333333333333333333333333333333333333333333333334,
particle,QP093A-0158,QP093A-0158|bound_composite_rows|OCTET_COMPOSITE|three_owner_color_closure|p=2+3+3|d=3|q=negative:1,QP093A-0158|bound_composite_rows|OCTET_COMPOSITE|three_owner_color_closure|p=2+3+3|d=3|q=negative:1,NATIVE_PARTICLE_IDENTITY_ASSIGNED_NO_KNOWN_LABEL,,,,no,yes,BOUND_MATTER_ROW_ALLOWED,797.5673044463734567901234567901234567901234567901234567901234567901234567901234567901234567901234565,99.69591305579668209876543209876543209876543209876543209876543209876543209876543209876543209876543206,697.8713913905767746913580246913580246913580246913580246913580246913580246913580246913580246913580245,
particle,QP093A-0159,QP093A-0159|bound_composite_rows|GROUND_BARYON_3BODY|three_owner_color_closure|p=2+3+4|d=0|q=neutral:0,QP093A-0159|bound_composite_rows|GROUND_BARYON_3BODY|three_owner_color_closure|p=2+3+4|d=0|q=neutral:0,NATIVE_PARTICLE_IDENTITY_ASSIGNED_NO_KNOWN_LABEL,,,,no,no,REJECTED_NEGATIVE_SURFACE,0,0,0,
particle,QP093A-0160,QP093A-0160|bound_composite_rows|OCTET_COMPOSITE|three_owner_color_closure|p=2+3+6|d=3|q=negative:1,QP093A-0160|bound_composite_rows|OCTET_COMPOSITE|three_owner_color_closure|p=2+3+6|d=3|q=negative:1,NATIVE_PARTICLE_IDENTITY_ASSIGNED_NO_KNOWN_LABEL,,,,no,yes,BOUND_MATTER_ROW_ALLOWED,1776.399905357831790123456790123456790123456790123456790123456790123456790123456790123456790123456790,222.0499881697289737654320987654320987654320987654320987654320987654320987654320987654320987654320988,1554.349917188102816358024691358024691358024691358024691358024691358024691358024691358024691358024691,
particle,QP093A-0161,QP093A-0161|bound_composite_rows|OCTET_COMPOSITE|three_owner_color_closure|p=2+3+8|d=3|q=positive:1,QP093A-0161|bound_composite_rows|OCTET_COMPOSITE|three_owner_color_closure|p=2+3+8|d=3|q=positive:1,NATIVE_PARTICLE_IDENTITY_ASSIGNED_NO_KNOWN_LABEL,,,,no,yes,BOUND_MATTER_ROW_ALLOWED,2791.014434437692901234567901234567901234567901234567901234567901234567901234567901234567901234567900,348.8768043047116126543209876543209876543209876543209876543209876543209876543209876543209876543209875,2442.137630132981288580246913580246913580246913580246913580246913580246913580246913580246913580246912,
particle,QP093A-0162,QP093A-0162|bound_composite_rows|OCTET_COMPOSITE|three_owner_color_closure|p=2+3+9|d=3|q=negative:1,QP093A-0162|bound_composite_rows|OCTET_COMPOSITE|three_owner_color_closure|p=2+3+9|d=3|q=negative:1,NATIVE_PARTICLE_IDENTITY_ASSIGNED_NO_KNOWN_LABEL,,,,no,yes,BOUND_MATTER_ROW_ALLOWED,3407.787573543595679012345679012345679012345679012345679012345679012345679012345679012345679012345678,425.9734466929494598765432098765432098765432098765432098765432098765432098765432098765432098765432098,2981.814126850646219135802469135802469135802469135802469135802469135802469135802469135802469135802469,
particle,QP093A-0163,QP093A-0163|bound_composite_rows|OCTET_COMPOSITE|three_owner_color_closure|p=2+3+12|d=3|q=negative:1,QP093A-0163|bound_composite_rows|OCTET_COMPOSITE|three_owner_color_closure|p=2+3+12|d=3|q=negative:1,NATIVE_PARTICLE_IDENTITY_ASSIGNED_NO_KNOWN_LABEL,,,,no,yes,BOUND_MATTER_ROW_ALLOWED,5691.730309003665123456790123456790123456790123456790123456790123456790123456790123456790123456790121,711.4662886254581404320987654320987654320987654320987654320987654320987654320987654320987654320987651,4980.264020378206983024691358024691358024691358024691358024691358024691358024691358024691358024691356,
particle,QP093A-0164,QP093A-0164|bound_composite_rows|OCTET_COMPOSITE|three_owner_color_closure|p=2+4+4|d=3|q=negative:1,QP093A-0164|bound_composite_rows|OCTET_COMPOSITE|three_owner_color_closure|p=2+4+4|d=3|q=negative:1,NATIVE_PARTICLE_IDENTITY_ASSIGNED_NO_KNOWN_LABEL,,,,no,yes,BOUND_MATTER_ROW_ALLOWED,1305.110134548611111111111111111111111111111111111111111111111111111111111111111111111111111111111111,163.1387668185763888888888888888888888888888888888888888888888888888888888888888888888888888888888889,1141.971367730034722222222222222222222222222222222222222222222222222222222222222222222222222222222222,
particle,QP093A-0165,QP093A-0165|bound_composite_rows|GROUND_BARYON_3BODY|three_owner_color_closure|p=2+4+6|d=0|q=negative:2,QP093A-0165|bound_composite_rows|GROUND_BARYON_3BODY|three_owner_color_closure|p=2+4+6|d=0|q=negative:2,NATIVE_PARTICLE_IDENTITY_ASSIGNED_NO_KNOWN_LABEL,,,,no,yes,BOUND_MATTER_ROW_ALLOWED,2895.666666666666666666666666666666666666666666666666666666666666666666666666666666666666666666666667,361.9583333333333333333333333333333333333333333333333333333333333333333333333333333333333333333333334,2533.708333333333333333333333333333333333333333333333333333333333333333333333333333333333333333333334,
particle,QP093A-0166,QP093A-0166|bound_composite_rows|OCTET_COMPOSITE|three_owner_color_closure|p=2+4+8|d=3|q=neutral:0,QP093A-0166|bound_composite_rows|OCTET_COMPOSITE|three_owner_color_closure|p=2+4+8|d=3|q=neutral:0,NATIVE_PARTICLE_IDENTITY_ASSIGNED_NO_KNOWN_LABEL,,,,no,yes,BOUND_MATTER_ROW_ALLOWED,3022.140625,377.767578125,2644.373046875,
particle,QP093A-0167,QP093A-0167|bound_composite_rows|GROUND_BARYON_3BODY|three_owner_color_closure|p=2+4+9|d=0|q=negative:2,QP093A-0167|bound_composite_rows|GROUND_BARYON_3BODY|three_owner_color_closure|p=2+4+9|d=0|q=negative:2,NATIVE_PARTICLE_IDENTITY_ASSIGNED_NO_KNOWN_LABEL,,,,no,yes,BOUND_MATTER_ROW_ALLOWED,5222.541666666666666666666666666666666666666666666666666666666666666666666666666666666666666666666667,652.8177083333333333333333333333333333333333333333333333333333333333333333333333333333333333333333334,4569.723958333333333333333333333333333333333333333333333333333333333333333333333333333333333333333334,
particle,QP093A-0168,QP093A-0168|bound_composite_rows|GROUND_BARYON_3BODY|three_owner_color_closure|p=2+4+12|d=0|q=negative:2,QP093A-0168|bound_composite_rows|GROUND_BARYON_3BODY|three_owner_color_closure|p=2+4+12|d=0|q=negative:2,NATIVE_PARTICLE_IDENTITY_ASSIGNED_NO_KNOWN_LABEL,,,,no,yes,BOUND_MATTER_ROW_ALLOWED,8480.166666666666666666666666666666666666666666666666666666666666666666666666666666666666666666666668,1060.020833333333333333333333333333333333333333333333333333333333333333333333333333333333333333333334,7420.145833333333333333333333333333333333333333333333333333333333333333333333333333333333333333333335,
particle,QP093A-0169,QP093A-0169|bound_composite_rows|OCTET_COMPOSITE|three_owner_color_closure|p=2+6+6|d=3|q=negative:4,QP093A-0169|bound_composite_rows|OCTET_COMPOSITE|three_owner_color_closure|p=2+6+6|d=3|q=negative:4,NATIVE_PARTICLE_IDENTITY_ASSIGNED_NO_KNOWN_LABEL,,,,no,yes,BOUND_MATTER_ROW_ALLOWED,2812.644145447530864197530864197530864197530864197530864197530864197530864197530864197530864197530865,351.5805181809413580246913580246913580246913580246913580246913580246913580246913580246913580246913581,2461.063627266589506172839506172839506172839506172839506172839506172839506172839506172839506172839508,
particle,QP093A-0170,QP093A-0170|bound_composite_rows|OCTET_COMPOSITE|three_owner_color_closure|p=2+6+8|d=3|q=negative:2,QP093A-0170|bound_composite_rows|OCTET_COMPOSITE|three_owner_color_closure|p=2+6+8|d=3|q=negative:2,NATIVE_PARTICLE_IDENTITY_ASSIGNED_NO_KNOWN_LABEL,,,,no,yes,BOUND_MATTER_ROW_ALLOWED,3796.503423996913580246913580246913580246913580246913580246913580246913580246913580246913580246913581,474.5629279996141975308641975308641975308641975308641975308641975308641975308641975308641975308641976,3321.940495997299382716049382716049382716049382716049382716049382716049382716049382716049382716049384,
particle,QP093A-0171,QP093A-0171|bound_composite_rows|OCTET_COMPOSITE|three_owner_color_closure|p=2+6+9|d=3|q=negative:4,QP093A-0171|bound_composite_rows|OCTET_COMPOSITE|three_owner_color_closure|p=2+6+9|d=3|q=negative:4,NATIVE_PARTICLE_IDENTITY_ASSIGNED_NO_KNOWN_LABEL,,,,no,yes,BOUND_MATTER_ROW_ALLOWED,4478.025547357253086419753086419753086419753086419753086419753086419753086419753086419753086419753087,559.7531934196566358024691358024691358024691358024691358024691358024691358024691358024691358024691359,3918.272353937596450617283950617283950617283950617283950617283950617283950617283950617283950617283951,
particle,QP093A-0172,QP093A-0172|bound_composite_rows|OCTET_COMPOSITE|three_owner_color_closure|p=2+6+12|d=3|q=negative:4,QP093A-0172|bound_composite_rows|OCTET_COMPOSITE|three_owner_color_closure|p=2+6+12|d=3|q=negative:4,NATIVE_PARTICLE_IDENTITY_ASSIGNED_NO_KNOWN_LABEL,,,,no,yes,BOUND_MATTER_ROW_ALLOWED,6809.559510030864197530864197530864197530864197530864197530864197530864197530864197530864197530864199,851.1949387538580246913580246913580246913580246913580246913580246913580246913580246913580246913580249,5958.364571277006172839506172839506172839506172839506172839506172839506172839506172839506172839506174,
particle,QP093A-0173,QP093A-0173|bound_composite_rows|GROUND_BARYON_3BODY|three_owner_color_closure|p=2+8+8|d=0|q=negative:4,QP093A-0173|bound_composite_rows|GROUND_BARYON_3BODY|three_owner_color_closure|p=2+8+8|d=0|q=negative:4,NATIVE_PARTICLE_IDENTITY_ASSIGNED_NO_KNOWN_LABEL,,,,no,yes,BOUND_MATTER_ROW_ALLOWED,7733.000000000000000000000000000000000000000000000000000000000000000000000000000000000000000000000002,966.6250000000000000000000000000000000000000000000000000000000000000000000000000000000000000000000002,6766.375000000000000000000000000000000000000000000000000000000000000000000000000000000000000000000001,
particle,QP093A-0174,QP093A-0174|bound_composite_rows|OCTET_COMPOSITE|three_owner_color_closure|p=2+8+9|d=3|q=negative:6,QP093A-0174|bound_composite_rows|OCTET_COMPOSITE|three_owner_color_closure|p=2+8+9|d=3|q=negative:6,NATIVE_PARTICLE_IDENTITY_ASSIGNED_NO_KNOWN_LABEL,,,,no,yes,BOUND_MATTER_ROW_ALLOWED,5589.318847656250000000000000000000000000000000000000000000000000000000000000000000000000000000000002,698.6648559570312500000000000000000000000000000000000000000000000000000000000000000000000000000000002,4890.653991699218750000000000000000000000000000000000000000000000000000000000000000000000000000000001,
particle,QP093A-0175,QP093A-0175|bound_composite_rows|OCTET_COMPOSITE|three_owner_color_closure|p=2+8+12|d=3|q=negative:6,QP093A-0175|bound_composite_rows|OCTET_COMPOSITE|three_owner_color_closure|p=2+8+12|d=3|q=negative:6,NATIVE_PARTICLE_IDENTITY_ASSIGNED_NO_KNOWN_LABEL,,,,no,yes,BOUND_MATTER_ROW_ALLOWED,7952.587890625000000000000000000000000000000000000000000000000000000000000000000000000000000000000003,994.0734863281250000000000000000000000000000000000000000000000000000000000000000000000000000000000004,6958.514404296875000000000000000000000000000000000000000000000000000000000000000000000000000000000002,
particle,QP093A-0176,QP093A-0176|bound_composite_rows|OCTET_COMPOSITE|three_owner_color_closure|p=2+9+9|d=3|q=negative:7,QP093A-0176|bound_composite_rows|OCTET_COMPOSITE|three_owner_color_closure|p=2+9+9|d=3|q=negative:7,NATIVE_PARTICLE_IDENTITY_ASSIGNED_NO_KNOWN_LABEL,,,,no,yes,BOUND_MATTER_ROW_ALLOWED,6268.842080198688271604938271604938271604938271604938271604938271604938271604938271604938271604938270,783.6052600248360339506172839506172839506172839506172839506172839506172839506172839506172839506172838,5485.236820173852237654320987654320987654320987654320987654320987654320987654320987654320987654320986,
particle,QP093A-0177,QP093A-0177|bound_composite_rows|OCTET_COMPOSITE|three_owner_color_closure|p=2+9+12|d=3|q=negative:7,QP093A-0177|bound_composite_rows|OCTET_COMPOSITE|three_owner_color_closure|p=2+9+12|d=3|q=negative:7,NATIVE_PARTICLE_IDENTITY_ASSIGNED_NO_KNOWN_LABEL,,,,no,yes,BOUND_MATTER_ROW_ALLOWED,8647.980941960841049382716049382716049382716049382716049382716049382716049382716049382716049382716048,1080.997617745105131172839506172839506172839506172839506172839506172839506172839506172839506172839506,7566.983324215735918209876543209876543209876543209876543209876543209876543209876543209876543209876542,
particle,QP093A-0178,QP093A-0178|bound_composite_rows|OCTET_COMPOSITE|three_owner_color_closure|p=2+12+12|d=3|q=negative:10,QP093A-0178|bound_composite_rows|OCTET_COMPOSITE|three_owner_color_closure|p=2+12+12|d=3|q=negative:10,NATIVE_PARTICLE_IDENTITY_ASSIGNED_NO_KNOWN_LABEL,,,,no,yes,BOUND_MATTER_ROW_ALLOWED,11247.82810088734567901234567901234567901234567901234567901234567901234567901234567901234567901234568,1405.97851261091820987654320987654320987654320987654320987654320987654320987654320987654320987654321,9841.84958827642746913580246913580246913580246913580246913580246913580246913580246913580246913580247,
particle,QP093A-0179,QP093A-0179|bound_composite_rows|GROUND_BARYON_3BODY|three_owner_color_closure|p=3+3+3|d=0|q=neutral:0,QP093A-0179|bound_composite_rows|GROUND_BARYON_3BODY|three_owner_color_closure|p=3+3+3|d=0|q=neutral:0,NATIVE_PARTICLE_IDENTITY_ASSIGNED_NO_KNOWN_LABEL,,,,no,no,REJECTED_NEGATIVE_SURFACE,0,0,0,
particle,QP093A-0180,QP093A-0180|bound_composite_rows|OCTET_COMPOSITE|three_owner_color_closure|p=3+3+4|d=3|q=positive:1,QP093A-0180|bound_composite_rows|OCTET_COMPOSITE|three_owner_color_closure|p=3+3+4|d=3|q=positive:1,NATIVE_PARTICLE_IDENTITY_ASSIGNED_NO_KNOWN_LABEL,,,,no,yes,BOUND_MATTER_ROW_ALLOWED,1232.395984037422839506172839506172839506172839506172839506172839506172839506172839506172839506172839,154.0494980046778549382716049382716049382716049382716049382716049382716049382716049382716049382716049,1078.346486032744984567901234567901234567901234567901234567901234567901234567901234567901234567901234,
particle,QP093A-0181,QP093A-0181|bound_composite_rows|GROUND_BARYON_3BODY|three_owner_color_closure|p=3+3+6|d=0|q=neutral:0,QP093A-0181|bound_composite_rows|GROUND_BARYON_3BODY|three_owner_color_closure|p=3+3+6|d=0|q=neutral:0,NATIVE_PARTICLE_IDENTITY_ASSIGNED_NO_KNOWN_LABEL,,,,no,no,REJECTED_NEGATIVE_SURFACE,0,0,0,
particle,QP093A-0182,QP093A-0182|bound_composite_rows|OCTET_COMPOSITE|three_owner_color_closure|p=3+3+8|d=3|q=positive:2,QP093A-0182|bound_composite_rows|OCTET_COMPOSITE|three_owner_color_closure|p=3+3+8|d=3|q=positive:2,NATIVE_PARTICLE_IDENTITY_ASSIGNED_NO_KNOWN_LABEL,,,,no,yes,BOUND_MATTER_ROW_ALLOWED,2992.603069540895061728395061728395061728395061728395061728395061728395061728395061728395061728395062,374.0753836926118827160493827160493827160493827160493827160493827160493827160493827160493827160493828,2618.527685848283179012345679012345679012345679012345679012345679012345679012345679012345679012345679,
particle,QP093A-0183,QP093A-0183|bound_composite_rows|GROUND_BARYON_3BODY|three_owner_color_closure|p=3+3+9|d=0|q=neutral:0,QP093A-0183|bound_composite_rows|GROUND_BARYON_3BODY|three_owner_color_closure|p=3+3+9|d=0|q=neutral:0,NATIVE_PARTICLE_IDENTITY_ASSIGNED_NO_KNOWN_LABEL,,,,no,no,REJECTED_NEGATIVE_SURFACE,0,0,0,
particle,QP093A-0184,QP093A-0184|bound_composite_rows|GROUND_BARYON_3BODY|three_owner_color_closure|p=3+3+12|d=0|q=neutral:0,QP093A-0184|bound_composite_rows|GROUND_BARYON_3BODY|three_owner_color_closure|p=3+3+12|d=0|q=neutral:0,NATIVE_PARTICLE_IDENTITY_ASSIGNED_NO_KNOWN_LABEL,,,,no,no,REJECTED_NEGATIVE_SURFACE,0,0,0,
particle,QP093A-0185,QP093A-0185|bound_composite_rows|OCTET_COMPOSITE|three_owner_color_closure|p=3+4+4|d=3|q=neutral:0,QP093A-0185|bound_composite_rows|OCTET_COMPOSITE|three_owner_color_closure|p=3+4+4|d=3|q=neutral:0,NATIVE_PARTICLE_IDENTITY_ASSIGNED_NO_KNOWN_LABEL,,,,no,yes,BOUND_MATTER_ROW_ALLOWED,1475.092447916666666666666666666666666666666666666666666666666666666666666666666666666666666666666667,184.3865559895833333333333333333333333333333333333333333333333333333333333333333333333333333333333334,1290.705891927083333333333333333333333333333333333333333333333333333333333333333333333333333333333334,
particle,QP093A-0186,QP093A-0186|bound_composite_rows|OCTET_COMPOSITE|three_owner_color_closure|p=3+4+6|d=3|q=negative:1,QP093A-0186|bound_composite_rows|OCTET_COMPOSITE|three_owner_color_closure|p=3+4+6|d=3|q=negative:1,NATIVE_PARTICLE_IDENTITY_ASSIGNED_NO_KNOWN_LABEL,,,,no,yes,BOUND_MATTER_ROW_ALLOWED,2211.436616874035493827160493827160493827160493827160493827160493827160493827160493827160493827160493,276.4295771092544367283950617283950617283950617283950617283950617283950617283950617283950617283950616,1935.007039764781057098765432098765432098765432098765432098765432098765432098765432098765432098765431,
particle,QP093A-0187,QP093A-0187|bound_composite_rows|GROUND_BARYON_3BODY|three_owner_color_closure|p=3+4+8|d=0|q=positive:1,QP093A-0187|bound_composite_rows|GROUND_BARYON_3BODY|three_owner_color_closure|p=3+4+8|d=0|q=positive:1,NATIVE_PARTICLE_IDENTITY_ASSIGNED_NO_KNOWN_LABEL,,,,no,yes,BOUND_MATTER_ROW_ALLOWED,2150.833333333333333333333333333333333333333333333333333333333333333333333333333333333333333333333332,268.8541666666666666666666666666666666666666666666666666666666666666666666666666666666666666666666665,1881.979166666666666666666666666666666666666666666666666666666666666666666666666666666666666666666665,
particle,QP093A-0188,QP093A-0188|bound_composite_rows|OCTET_COMPOSITE|three_owner_color_closure|p=3+4+9|d=3|q=negative:1,QP093A-0188|bound_composite_rows|OCTET_COMPOSITE|three_owner_color_closure|p=3+4+9|d=3|q=negative:1,NATIVE_PARTICLE_IDENTITY_ASSIGNED_NO_KNOWN_LABEL,,,,no,yes,BOUND_MATTER_ROW_ALLOWED,3842.824285059799382716049382716049382716049382716049382716049382716049382716049382716049382716049381,480.3530356324749228395061728395061728395061728395061728395061728395061728395061728395061728395061726,3362.471249427324459876543209876543209876543209876543209876543209876543209876543209876543209876543209,
particle,QP093A-0189,QP093A-0189|bound_composite_rows|OCTET_COMPOSITE|three_owner_color_closure|p=3+4+12|d=3|q=negative:1,QP093A-0189|bound_composite_rows|OCTET_COMPOSITE|three_owner_color_closure|p=3+4+12|d=3|q=negative:1,NATIVE_PARTICLE_IDENTITY_ASSIGNED_NO_KNOWN_LABEL,,,,no,yes,BOUND_MATTER_ROW_ALLOWED,6126.767020519868827160493827160493827160493827160493827160493827160493827160493827160493827160493824,765.845877564983603395061728395061728395061728395061728395061728395061728395061728395061728395061728,5360.921142954885223765432098765432098765432098765432098765432098765432098765432098765432098765432096,
particle,QP093A-0190,QP093A-0190|bound_composite_rows|GROUND_BARYON_3BODY|three_owner_color_closure|p=3+6+6|d=0|q=negative:3,QP093A-0190|bound_composite_rows|GROUND_BARYON_3BODY|three_owner_color_closure|p=3+6+6|d=0|q=negative:3,NATIVE_PARTICLE_IDENTITY_ASSIGNED_NO_KNOWN_LABEL,,,,no,yes,BOUND_MATTER_ROW_ALLOWED,4465.124999999999999999999999999999999999999999999999999999999999999999999999999999999999999999999999,558.1406249999999999999999999999999999999999999999999999999999999999999999999999999999999999999999999,3906.984374999999999999999999999999999999999999999999999999999999999999999999999999999999999999999999,
particle,QP093A-0191,QP093A-0191|bound_composite_rows|OCTET_COMPOSITE|three_owner_color_closure|p=3+6+8|d=3|q=negative:1,QP093A-0191|bound_composite_rows|OCTET_COMPOSITE|three_owner_color_closure|p=3+6+8|d=3|q=negative:1,NATIVE_PARTICLE_IDENTITY_ASSIGNED_NO_KNOWN_LABEL,,,,no,yes,BOUND_MATTER_ROW_ALLOWED,3951.583462938850308641975308641975308641975308641975308641975308641975308641975308641975308641975306,493.9479328673562885802469135802469135802469135802469135802469135802469135802469135802469135802469132,3457.635530071494020061728395061728395061728395061728395061728395061728395061728395061728395061728392,
particle,QP093A-0192,QP093A-0192|bound_composite_rows|GROUND_BARYON_3BODY|three_owner_color_closure|p=3+6+9|d=0|q=negative:3,QP093A-0192|bound_composite_rows|GROUND_BARYON_3BODY|three_owner_color_closure|p=3+6+9|d=0|q=negative:3,NATIVE_PARTICLE_IDENTITY_ASSIGNED_NO_KNOWN_LABEL,,,,no,yes,BOUND_MATTER_ROW_ALLOWED,6945.749999999999999999999999999999999999999999999999999999999999999999999999999999999999999999999998,868.2187499999999999999999999999999999999999999999999999999999999999999999999999999999999999999999998,6077.531249999999999999999999999999999999999999999999999999999999999999999999999999999999999999999999,
particle,QP093A-0193,QP093A-0193|bound_composite_rows|GROUND_BARYON_3BODY|three_owner_color_closure|p=3+6+12|d=0|q=negative:3,QP093A-0193|bound_composite_rows|GROUND_BARYON_3BODY|three_owner_color_closure|p=3+6+12|d=0|q=negative:3,NATIVE_PARTICLE_IDENTITY_ASSIGNED_NO_KNOWN_LABEL,,,,no,yes,BOUND_MATTER_ROW_ALLOWED,10418.62500000000000000000000000000000000000000000000000000000000000000000000000000000000000000000000,1302.32812500000000000000000000000000000000000000000000000000000000000000000000000000000000000000000,9116.29687500000000000000000000000000000000000000000000000000000000000000000000000000000000000000000,
particle,QP093A-0194,QP093A-0194|bound_composite_rows|OCTET_COMPOSITE|three_owner_color_closure|p=3+8+8|d=3|q=negative:3,QP093A-0194|bound_composite_rows|OCTET_COMPOSITE|three_owner_color_closure|p=3+8+8|d=3|q=negative:3,NATIVE_PARTICLE_IDENTITY_ASSIGNED_NO_KNOWN_LABEL,,,,no,yes,BOUND_MATTER_ROW_ALLOWED,5035.660508897569444444444444444444444444444444444444444444444444444444444444444444444444444444444442,629.4575636121961805555555555555555555555555555555555555555555555555555555555555555555555555555555552,4406.202945285373263888888888888888888888888888888888888888888888888888888888888888888888888888888886,
particle,QP093A-0195,QP093A-0195|bound_composite_rows|OCTET_COMPOSITE|three_owner_color_closure|p=3+8+9|d=3|q=negative:5,QP093A-0195|bound_composite_rows|OCTET_COMPOSITE|three_owner_color_closure|p=3+8+9|d=3|q=negative:5,NATIVE_PARTICLE_IDENTITY_ASSIGNED_NO_KNOWN_LABEL,,,,no,yes,BOUND_MATTER_ROW_ALLOWED,5738.090705777391975308641975308641975308641975308641975308641975308641975308641975308641975308641974,717.2613382221739969135802469135802469135802469135802469135802469135802469135802469135802469135802468,5020.829367555217978395061728395061728395061728395061728395061728395061728395061728395061728395061728,
particle,QP093A-0196,QP093A-0196|bound_composite_rows|OCTET_COMPOSITE|three_owner_color_closure|p=3+8+12|d=3|q=negative:5,QP093A-0196|bound_composite_rows|OCTET_COMPOSITE|three_owner_color_closure|p=3+8+12|d=3|q=negative:5,NATIVE_PARTICLE_IDENTITY_ASSIGNED_NO_KNOWN_LABEL,,,,no,yes,BOUND_MATTER_ROW_ALLOWED,8085.491449049961419753086419753086419753086419753086419753086419753086419753086419753086419753086418,1010.686431131245177469135802469135802469135802469135802469135802469135802469135802469135802469135802,7074.805017918716242283950617283950617283950617283950617283950617283950617283950617283950617283950616,
particle,QP093A-0197,QP093A-0197|bound_composite_rows|GROUND_BARYON_3BODY|three_owner_color_closure|p=3+9+9|d=0|q=negative:6,QP093A-0197|bound_composite_rows|GROUND_BARYON_3BODY|three_owner_color_closure|p=3+9+9|d=0|q=negative:6,NATIVE_PARTICLE_IDENTITY_ASSIGNED_NO_KNOWN_LABEL,,,,no,yes,BOUND_MATTER_ROW_ALLOWED,11221.87500000000000000000000000000000000000000000000000000000000000000000000000000000000000000000000,1402.73437500000000000000000000000000000000000000000000000000000000000000000000000000000000000000000,9819.14062500000000000000000000000000000000000000000000000000000000000000000000000000000000000000000,
particle,QP093A-0198,QP093A-0198|bound_composite_rows|GROUND_BARYON_3BODY|three_owner_color_closure|p=3+9+12|d=0|q=negative:6,QP093A-0198|bound_composite_rows|GROUND_BARYON_3BODY|three_owner_color_closure|p=3+9+12|d=0|q=negative:6,NATIVE_PARTICLE_IDENTITY_ASSIGNED_NO_KNOWN_LABEL,,,,no,yes,BOUND_MATTER_ROW_ALLOWED,15356.25000000000000000000000000000000000000000000000000000000000000000000000000000000000000000000000,1919.53125000000000000000000000000000000000000000000000000000000000000000000000000000000000000000000,13436.7187500000000000000000000000000000000000000000000000000000000000000000000000000000000000000000,
particle,QP093A-0199,QP093A-0199|bound_composite_rows|GROUND_BARYON_3BODY|three_owner_color_closure|p=3+12+12|d=0|q=negative:9,QP093A-0199|bound_composite_rows|GROUND_BARYON_3BODY|three_owner_color_closure|p=3+12+12|d=0|q=negative:9,NATIVE_PARTICLE_IDENTITY_ASSIGNED_NO_KNOWN_LABEL,,,,no,yes,BOUND_MATTER_ROW_ALLOWED,22720.500000,2840.062500,19880.437500,
particle,QP093A-0200,QP093A-0200|bound_composite_rows|GROUND_BARYON_3BODY|three_owner_color_closure|p=4+4+4|d=0|q=positive:1,QP093A-0200|bound_composite_rows|GROUND_BARYON_3BODY|three_owner_color_closure|p=4+4+4|d=0|q=positive:1,NATIVE_PARTICLE_IDENTITY_ASSIGNED_NO_KNOWN_LABEL,,,,no,yes,BOUND_MATTER_ROW_ALLOWED,1159.999999999999999999999999999999999999999999999999999999999999999999999999999999999999999999999999,144.9999999999999999999999999999999999999999999999999999999999999999999999999999999999999999999999999,1014.999999999999999999999999999999999999999999999999999999999999999999999999999999999999999999999999,
particle,QP093A-0201,QP093A-0201|bound_composite_rows|OCTET_COMPOSITE|three_owner_color_closure|p=4+4+6|d=3|q=neutral:0,QP093A-0201|bound_composite_rows|OCTET_COMPOSITE|three_owner_color_closure|p=4+4+6|d=3|q=neutral:0,NATIVE_PARTICLE_IDENTITY_ASSIGNED_NO_KNOWN_LABEL,,,,no,yes,BOUND_MATTER_ROW_ALLOWED,2446.494791666666666666666666666666666666666666666666666666666666666666666666666666666666666666666667,305.8118489583333333333333333333333333333333333333333333333333333333333333333333333333333333333333334,2140.682942708333333333333333333333333333333333333333333333333333333333333333333333333333333333333334,
particle,QP093A-0202,QP093A-0202|bound_composite_rows|OCTET_COMPOSITE|three_owner_color_closure|p=4+4+8|d=3|q=positive:2,QP093A-0202|bound_composite_rows|OCTET_COMPOSITE|three_owner_color_closure|p=4+4+8|d=3|q=positive:2,NATIVE_PARTICLE_IDENTITY_ASSIGNED_NO_KNOWN_LABEL,,,,no,yes,BOUND_MATTER_ROW_ALLOWED,3503.535300925925925925925925925925925925925925925925925925925925925925925925925925925925925925925927,437.9419126157407407407407407407407407407407407407407407407407407407407407407407407407407407407407409,3065.593388310185185185185185185185185185185185185185185185185185185185185185185185185185185185185186,
particle,QP093A-0203,QP093A-0203|bound_composite_rows|OCTET_COMPOSITE|three_owner_color_closure|p=4+4+9|d=3|q=neutral:0,QP093A-0203|bound_composite_rows|OCTET_COMPOSITE|three_owner_color_closure|p=4+4+9|d=3|q=neutral:0,NATIVE_PARTICLE_IDENTITY_ASSIGNED_NO_KNOWN_LABEL,,,,no,yes,BOUND_MATTER_ROW_ALLOWED,4065.498697916666666666666666666666666666666666666666666666666666666666666666666666666666666666666667,508.1873372395833333333333333333333333333333333333333333333333333333333333333333333333333333333333334,3557.311360677083333333333333333333333333333333333333333333333333333333333333333333333333333333333334,
particle,QP093A-0204,QP093A-0204|bound_composite_rows|OCTET_COMPOSITE|three_owner_color_closure|p=4+4+12|d=3|q=neutral:0,QP093A-0204|bound_composite_rows|OCTET_COMPOSITE|three_owner_color_closure|p=4+4+12|d=3|q=neutral:0,NATIVE_PARTICLE_IDENTITY_ASSIGNED_NO_KNOWN_LABEL,,,,no,yes,BOUND_MATTER_ROW_ALLOWED,6332.104166666666666666666666666666666666666666666666666666666666666666666666666666666666666666666667,791.5130208333333333333333333333333333333333333333333333333333333333333333333333333333333333333333334,5540.591145833333333333333333333333333333333333333333333333333333333333333333333333333333333333333334,
particle,QP093A-0205,QP093A-0205|bound_composite_rows|OCTET_COMPOSITE|three_owner_color_closure|p=4+6+6|d=3|q=negative:2,QP093A-0205|bound_composite_rows|OCTET_COMPOSITE|three_owner_color_closure|p=4+6+6|d=3|q=negative:2,NATIVE_PARTICLE_IDENTITY_ASSIGNED_NO_KNOWN_LABEL,,,,no,yes,BOUND_MATTER_ROW_ALLOWED,3212.425974151234567901234567901234567901234567901234567901234567901234567901234567901234567901234568,401.553246768904320987654320987654320987654320987654320987654320987654320987654320987654320987654321,2810.872727382330246913580246913580246913580246913580246913580246913580246913580246913580246913580248,
particle,QP093A-0206,QP093A-0206|bound_composite_rows|GROUND_BARYON_3BODY|three_owner_color_closure|p=4+6+8|d=0|q=neutral:0,QP093A-0206|bound_composite_rows|GROUND_BARYON_3BODY|three_owner_color_closure|p=4+6+8|d=0|q=neutral:0,NATIVE_PARTICLE_IDENTITY_ASSIGNED_NO_KNOWN_LABEL,,,,no,no,REJECTED_NEGATIVE_SURFACE,0,0,0,
particle,QP093A-0207,QP093A-0207|bound_composite_rows|OCTET_COMPOSITE|three_owner_color_closure|p=4+6+9|d=3|q=negative:2,QP093A-0207|bound_composite_rows|OCTET_COMPOSITE|three_owner_color_closure|p=4+6+9|d=3|q=negative:2,NATIVE_PARTICLE_IDENTITY_ASSIGNED_NO_KNOWN_LABEL,,,,no,yes,BOUND_MATTER_ROW_ALLOWED,4855.143801842206790123456790123456790123456790123456790123456790123456790123456790123456790123456791,606.8929752302758487654320987654320987654320987654320987654320987654320987654320987654320987654320989,4248.250826611930941358024691358024691358024691358024691358024691358024691358024691358024691358024692,
particle,QP093A-0208,QP093A-0208|bound_composite_rows|OCTET_COMPOSITE|three_owner_color_closure|p=4+6+12|d=3|q=negative:2,QP093A-0208|bound_composite_rows|OCTET_COMPOSITE|three_owner_color_closure|p=4+6+12|d=3|q=negative:2,NATIVE_PARTICLE_IDENTITY_ASSIGNED_NO_KNOWN_LABEL,,,,no,yes,BOUND_MATTER_ROW_ALLOWED,7154.948760609567901234567901234567901234567901234567901234567901234567901234567901234567901234567902,894.3685950761959876543209876543209876543209876543209876543209876543209876543209876543209876543209878,6260.580165533371913580246913580246913580246913580246913580246913580246913580246913580246913580246914,
particle,QP093A-0209,QP093A-0209|bound_composite_rows|OCTET_COMPOSITE|three_owner_color_closure|p=4+8+8|d=3|q=negative:2,QP093A-0209|bound_composite_rows|OCTET_COMPOSITE|three_owner_color_closure|p=4+8+8|d=3|q=negative:2,NATIVE_PARTICLE_IDENTITY_ASSIGNED_NO_KNOWN_LABEL,,,,no,yes,BOUND_MATTER_ROW_ALLOWED,5256.697048611111111111111111111111111111111111111111111111111111111111111111111111111111111111111112,657.087131076388888888888888888888888888888888888888888888888888888888888888888888888888888888888889,4599.609917534722222222222222222222222222222222222222222222222222222222222222222222222222222222222222,
particle,QP093A-0210,QP093A-0210|bound_composite_rows|GROUND_BARYON_3BODY|three_owner_color_closure|p=4+8+9|d=0|q=negative:4,QP093A-0210|bound_composite_rows|GROUND_BARYON_3BODY|three_owner_color_closure|p=4+8+9|d=0|q=negative:4,NATIVE_PARTICLE_IDENTITY_ASSIGNED_NO_KNOWN_LABEL,,,,no,yes,BOUND_MATTER_ROW_ALLOWED,9431.916666666666666666666666666666666666666666666666666666666666666666666666666666666666666666666669,1178.989583333333333333333333333333333333333333333333333333333333333333333333333333333333333333333334,8252.927083333333333333333333333333333333333333333333333333333333333333333333333333333333333333333335,
particle,QP093A-0211,QP093A-0211|bound_composite_rows|GROUND_BARYON_3BODY|three_owner_color_closure|p=4+8+12|d=0|q=negative:4,QP093A-0211|bound_composite_rows|GROUND_BARYON_3BODY|three_owner_color_closure|p=4+8+12|d=0|q=negative:4,NATIVE_PARTICLE_IDENTITY_ASSIGNED_NO_KNOWN_LABEL,,,,no,yes,BOUND_MATTER_ROW_ALLOWED,13122.66666666666666666666666666666666666666666666666666666666666666666666666666666666666666666666667,1640.333333333333333333333333333333333333333333333333333333333333333333333333333333333333333333333334,11482.33333333333333333333333333333333333333333333333333333333333333333333333333333333333333333333334,
particle,QP093A-0212,QP093A-0212|bound_composite_rows|OCTET_COMPOSITE|three_owner_color_closure|p=4+9+9|d=3|q=negative:5,QP093A-0212|bound_composite_rows|OCTET_COMPOSITE|three_owner_color_closure|p=4+9+9|d=3|q=negative:5,NATIVE_PARTICLE_IDENTITY_ASSIGNED_NO_KNOWN_LABEL,,,,no,yes,BOUND_MATTER_ROW_ALLOWED,6632.338607976466049382716049382716049382716049382716049382716049382716049382716049382716049382716048,829.042325997058256172839506172839506172839506172839506172839506172839506172839506172839506172839506,5803.296281979407793209876543209876543209876543209876543209876543209876543209876543209876543209876542,
particle,QP093A-0213,QP093A-0213|bound_composite_rows|OCTET_COMPOSITE|three_owner_color_closure|p=4+9+12|d=3|q=negative:5,QP093A-0213|bound_composite_rows|OCTET_COMPOSITE|three_owner_color_closure|p=4+9+12|d=3|q=negative:5,NATIVE_PARTICLE_IDENTITY_ASSIGNED_NO_KNOWN_LABEL,,,,no,yes,BOUND_MATTER_ROW_ALLOWED,8979.739351249035493827160493827160493827160493827160493827160493827160493827160493827160493827160492,1122.467418906129436728395061728395061728395061728395061728395061728395061728395061728395061728395062,7857.27193234290605709876543209876543209876543209876543209876543209876543209876543209876543209876543,
particle,QP093A-0214,QP093A-0214|bound_composite_rows|OCTET_COMPOSITE|three_owner_color_closure|p=4+12+12|d=3|q=negative:8,QP093A-0214|bound_composite_rows|OCTET_COMPOSITE|three_owner_color_closure|p=4+12+12|d=3|q=negative:8,NATIVE_PARTICLE_IDENTITY_ASSIGNED_NO_KNOWN_LABEL,,,,no,yes,BOUND_MATTER_ROW_ALLOWED,11556.87461419753086419753086419753086419753086419753086419753086419753086419753086419753086419753087,1444.609326774691358024691358024691358024691358024691358024691358024691358024691358024691358024691359,10112.26528742283950617283950617283950617283950617283950617283950617283950617283950617283950617283951,
particle,QP093A-0215,QP093A-0215|bound_composite_rows|GROUND_BARYON_3BODY|three_owner_color_closure|p=6+6+6|d=0|q=neutral:0,QP093A-0215|bound_composite_rows|GROUND_BARYON_3BODY|three_owner_color_closure|p=6+6+6|d=0|q=neutral:0,NATIVE_PARTICLE_IDENTITY_ASSIGNED_NO_KNOWN_LABEL,,,,no,no,REJECTED_NEGATIVE_SURFACE,0,0,0,
particle,QP093A-0216,QP093A-0216|bound_composite_rows|OCTET_COMPOSITE|three_owner_color_closure|p=6+6+8|d=3|q=positive:2,QP093A-0216|bound_composite_rows|OCTET_COMPOSITE|three_owner_color_closure|p=6+6+8|d=3|q=positive:2,NATIVE_PARTICLE_IDENTITY_ASSIGNED_NO_KNOWN_LABEL,,,,no,yes,BOUND_MATTER_ROW_ALLOWED,4963.341676311728395061728395061728395061728395061728395061728395061728395061728395061728395061728395,620.4177095389660493827160493827160493827160493827160493827160493827160493827160493827160493827160494,4342.923966772762345679012345679012345679012345679012345679012345679012345679012345679012345679012345,
particle,QP093A-0217,QP093A-0217|bound_composite_rows|GROUND_BARYON_3BODY|three_owner_color_closure|p=6+6+9|d=0|q=neutral:0,QP093A-0217|bound_composite_rows|GROUND_BARYON_3BODY|three_owner_color_closure|p=6+6+9|d=0|q=neutral:0,NATIVE_PARTICLE_IDENTITY_ASSIGNED_NO_KNOWN_LABEL,,,,no,no,REJECTED_NEGATIVE_SURFACE,0,0,0,
particle,QP093A-0218,QP093A-0218|bound_composite_rows|GROUND_BARYON_3BODY|three_owner_color_closure|p=6+6+12|d=0|q=neutral:0,QP093A-0218|bound_composite_rows|GROUND_BARYON_3BODY|three_owner_color_closure|p=6+6+12|d=0|q=neutral:0,NATIVE_PARTICLE_IDENTITY_ASSIGNED_NO_KNOWN_LABEL,,,,no,no,REJECTED_NEGATIVE_SURFACE,0,0,0,
particle,QP093A-0219,QP093A-0219|bound_composite_rows|OCTET_COMPOSITE|three_owner_color_closure|p=6+8+8|d=3|q=neutral:0,QP093A-0219|bound_composite_rows|OCTET_COMPOSITE|three_owner_color_closure|p=6+8+8|d=3|q=neutral:0,NATIVE_PARTICLE_IDENTITY_ASSIGNED_NO_KNOWN_LABEL,,,,no,yes,BOUND_MATTER_ROW_ALLOWED,5900.369791666666666666666666666666666666666666666666666666666666666666666666666666666666666666666667,737.5462239583333333333333333333333333333333333333333333333333333333333333333333333333333333333333334,5162.823567708333333333333333333333333333333333333333333333333333333333333333333333333333333333333334,
particle,QP093A-0220,QP093A-0220|bound_composite_rows|OCTET_COMPOSITE|three_owner_color_closure|p=6+8+9|d=3|q=negative:2,QP093A-0220|bound_composite_rows|OCTET_COMPOSITE|three_owner_color_closure|p=6+8+9|d=3|q=negative:2,NATIVE_PARTICLE_IDENTITY_ASSIGNED_NO_KNOWN_LABEL,,,,no,yes,BOUND_MATTER_ROW_ALLOWED,6607.376151379243827160493827160493827160493827160493827160493827160493827160493827160493827160493828,825.9220189224054783950617283950617283950617283950617283950617283950617283950617283950617283950617285,5781.45413245683834876543209876543209876543209876543209876543209876543209876543209876543209876543210,
particle,QP093A-0221,QP093A-0221|bound_composite_rows|OCTET_COMPOSITE|three_owner_color_closure|p=6+8+12|d=3|q=negative:2,QP093A-0221|bound_composite_rows|OCTET_COMPOSITE|three_owner_color_closure|p=6+8+12|d=3|q=negative:2,NATIVE_PARTICLE_IDENTITY_ASSIGNED_NO_KNOWN_LABEL,,,,no,yes,BOUND_MATTER_ROW_ALLOWED,8907.181110146604938271604938271604938271604938271604938271604938271604938271604938271604938271604940,1113.397638768325617283950617283950617283950617283950617283950617283950617283950617283950617283950618,7793.783471378279320987654320987654320987654320987654320987654320987654320987654320987654320987654322,
particle,QP093A-0222,QP093A-0222|bound_composite_rows|GROUND_BARYON_3BODY|three_owner_color_closure|p=6+9+9|d=0|q=negative:3,QP093A-0222|bound_composite_rows|GROUND_BARYON_3BODY|three_owner_color_closure|p=6+9+9|d=0|q=negative:3,NATIVE_PARTICLE_IDENTITY_ASSIGNED_NO_KNOWN_LABEL,,,,no,yes,BOUND_MATTER_ROW_ALLOWED,10914.75000000000000000000000000000000000000000000000000000000000000000000000000000000000000000000000,1364.34375000000000000000000000000000000000000000000000000000000000000000000000000000000000000000000,9550.40625000000000000000000000000000000000000000000000000000000000000000000000000000000000000000000,
particle,QP093A-0223,QP093A-0223|bound_composite_rows|GROUND_BARYON_3BODY|three_owner_color_closure|p=6+9+12|d=0|q=negative:3,QP093A-0223|bound_composite_rows|GROUND_BARYON_3BODY|three_owner_color_closure|p=6+9+12|d=0|q=negative:3,NATIVE_PARTICLE_IDENTITY_ASSIGNED_NO_KNOWN_LABEL,,,,no,yes,BOUND_MATTER_ROW_ALLOWED,14387.62500000000000000000000000000000000000000000000000000000000000000000000000000000000000000000000,1798.45312500000000000000000000000000000000000000000000000000000000000000000000000000000000000000000,12589.1718750000000000000000000000000000000000000000000000000000000000000000000000000000000000000000,
particle,QP093A-0224,QP093A-0224|bound_composite_rows|GROUND_BARYON_3BODY|three_owner_color_closure|p=6+12+12|d=0|q=negative:6,QP093A-0224|bound_composite_rows|GROUND_BARYON_3BODY|three_owner_color_closure|p=6+12+12|d=0|q=negative:6,NATIVE_PARTICLE_IDENTITY_ASSIGNED_NO_KNOWN_LABEL,,,,no,yes,BOUND_MATTER_ROW_ALLOWED,21262.50000000000000000000000000000000000000000000000000000000000000000000000000000000000000000000001,2657.812500000000000000000000000000000000000000000000000000000000000000000000000000000000000000000001,18604.68750000000000000000000000000000000000000000000000000000000000000000000000000000000000000000001,
particle,QP093A-0225,QP093A-0225|bound_composite_rows|GROUND_BARYON_3BODY|three_owner_color_closure|p=8+8+8|d=0|q=positive:2,QP093A-0225|bound_composite_rows|GROUND_BARYON_3BODY|three_owner_color_closure|p=8+8+8|d=0|q=positive:2,NATIVE_PARTICLE_IDENTITY_ASSIGNED_NO_KNOWN_LABEL,,,,no,yes,BOUND_MATTER_ROW_ALLOWED,4088.000000000000000000000000000000000000000000000000000000000000000000000000000000000000000000000000,511.000000000000000000000000000000000000000000000000000000000000000000000000000000000000000000000000,3577.00000000000000000000000000000000000000000000000000000000000000000000000000000000000000000000000,
particle,QP093A-0226,QP093A-0226|bound_composite_rows|OCTET_COMPOSITE|three_owner_color_closure|p=8+8+9|d=3|q=neutral:0,QP093A-0226|bound_composite_rows|OCTET_COMPOSITE|three_owner_color_closure|p=8+8+9|d=3|q=neutral:0,NATIVE_PARTICLE_IDENTITY_ASSIGNED_NO_KNOWN_LABEL,,,,no,yes,BOUND_MATTER_ROW_ALLOWED,7519.373697916666666666666666666666666666666666666666666666666666666666666666666666666666666666666667,939.9217122395833333333333333333333333333333333333333333333333333333333333333333333333333333333333334,6579.451985677083333333333333333333333333333333333333333333333333333333333333333333333333333333333334,
particle,QP093A-0227,QP093A-0227|bound_composite_rows|OCTET_COMPOSITE|three_owner_color_closure|p=8+8+12|d=3|q=neutral:0,QP093A-0227|bound_composite_rows|OCTET_COMPOSITE|three_owner_color_closure|p=8+8+12|d=3|q=neutral:0,NATIVE_PARTICLE_IDENTITY_ASSIGNED_NO_KNOWN_LABEL,,,,no,yes,BOUND_MATTER_ROW_ALLOWED,9785.979166666666666666666666666666666666666666666666666666666666666666666666666666666666666666666667,1223.247395833333333333333333333333333333333333333333333333333333333333333333333333333333333333333333,8562.731770833333333333333333333333333333333333333333333333333333333333333333333333333333333333333334,
particle,QP093A-0228,QP093A-0228|bound_composite_rows|OCTET_COMPOSITE|three_owner_color_closure|p=8+9+9|d=3|q=negative:1,QP093A-0228|bound_composite_rows|OCTET_COMPOSITE|three_owner_color_closure|p=8+9+9|d=3|q=negative:1,NATIVE_PARTICLE_IDENTITY_ASSIGNED_NO_KNOWN_LABEL,,,,no,yes,BOUND_MATTER_ROW_ALLOWED,8193.191400221836419753086419753086419753086419753086419753086419753086419753086419753086419753086416,1024.148925027729552469135802469135802469135802469135802469135802469135802469135802469135802469135802,7169.042475194106867283950617283950617283950617283950617283950617283950617283950617283950617283950614,
particle,QP093A-0229,QP093A-0229|bound_composite_rows|OCTET_COMPOSITE|three_owner_color_closure|p=8+9+12|d=3|q=negative:1,QP093A-0229|bound_composite_rows|OCTET_COMPOSITE|three_owner_color_closure|p=8+9+12|d=3|q=negative:1,NATIVE_PARTICLE_IDENTITY_ASSIGNED_NO_KNOWN_LABEL,,,,no,yes,BOUND_MATTER_ROW_ALLOWED,10477.13413568190586419753086419753086419753086419753086419753086419753086419753086419753086419753086,1309.641766960238233024691358024691358024691358024691358024691358024691358024691358024691358024691358,9167.492368721667631172839506172839506172839506172839506172839506172839506172839506172839506172839502,
particle,QP093A-0230,QP093A-0230|bound_composite_rows|OCTET_COMPOSITE|three_owner_color_closure|p=8+12+12|d=3|q=negative:4,QP093A-0230|bound_composite_rows|OCTET_COMPOSITE|three_owner_color_closure|p=8+12+12|d=3|q=negative:4,NATIVE_PARTICLE_IDENTITY_ASSIGNED_NO_KNOWN_LABEL,,,,no,yes,BOUND_MATTER_ROW_ALLOWED,13026.98341049382716049382716049382716049382716049382716049382716049382716049382716049382716049382717,1628.372926311728395061728395061728395061728395061728395061728395061728395061728395061728395061728396,11398.61048418209876543209876543209876543209876543209876543209876543209876543209876543209876543209877,
particle,QP093A-0231,QP093A-0231|bound_composite_rows|GROUND_BARYON_3BODY|three_owner_color_closure|p=9+9+9|d=0|q=neutral:0,QP093A-0231|bound_composite_rows|GROUND_BARYON_3BODY|three_owner_color_closure|p=9+9+9|d=0|q=neutral:0,NATIVE_PARTICLE_IDENTITY_ASSIGNED_NO_KNOWN_LABEL,,,,no,no,REJECTED_NEGATIVE_SURFACE,0,0,0,
particle,QP093A-0232,QP093A-0232|bound_composite_rows|GROUND_BARYON_3BODY|three_owner_color_closure|p=9+9+12|d=0|q=neutral:0,QP093A-0232|bound_composite_rows|GROUND_BARYON_3BODY|three_owner_color_closure|p=9+9+12|d=0|q=neutral:0,NATIVE_PARTICLE_IDENTITY_ASSIGNED_NO_KNOWN_LABEL,,,,no,no,REJECTED_NEGATIVE_SURFACE,0,0,0,
particle,QP093A-0233,QP093A-0233|bound_composite_rows|GROUND_BARYON_3BODY|three_owner_color_closure|p=9+12+12|d=0|q=negative:3,QP093A-0233|bound_composite_rows|GROUND_BARYON_3BODY|three_owner_color_closure|p=9+12+12|d=0|q=negative:3,NATIVE_PARTICLE_IDENTITY_ASSIGNED_NO_KNOWN_LABEL,,,,no,yes,BOUND_MATTER_ROW_ALLOWED,20341.12499999999999999999999999999999999999999999999999999999999999999999999999999999999999999999999,2542.640624999999999999999999999999999999999999999999999999999999999999999999999999999999999999999999,17798.48437499999999999999999999999999999999999999999999999999999999999999999999999999999999999999999,
particle,QP093A-0234,QP093A-0234|bound_composite_rows|GROUND_BARYON_3BODY|three_owner_color_closure|p=12+12+12|d=0|q=neutral:0,QP093A-0234|bound_composite_rows|GROUND_BARYON_3BODY|three_owner_color_closure|p=12+12+12|d=0|q=neutral:0,NATIVE_PARTICLE_IDENTITY_ASSIGNED_NO_KNOWN_LABEL,,,,no,no,REJECTED_NEGATIVE_SURFACE,0,0,0,
particle,QP093A-0235,QP093A-0235|bound_composite_rows|BOUND_COLOR_PAIR|two_owner_pair_closure|p=1+1|d=1|q=neutral:0,QP093A-0235|bound_composite_rows|BOUND_COLOR_PAIR|two_owner_pair_closure|p=1+1|d=1|q=neutral:0,NATIVE_PARTICLE_IDENTITY_ASSIGNED_NO_KNOWN_LABEL,,,,no,yes,BOUND_COMPOSITE_ROW_ALLOWED,10.75,1.34375,9.40625,
particle,QP093A-0236,QP093A-0236|bound_composite_rows|BOUND_COLOR_PAIR|two_owner_pair_closure|p=1+2|d=3|q=negative:1,QP093A-0236|bound_composite_rows|BOUND_COLOR_PAIR|two_owner_pair_closure|p=1+2|d=3|q=negative:1,NATIVE_PARTICLE_IDENTITY_ASSIGNED_NO_KNOWN_LABEL,,,,no,yes,BOUND_COMPOSITE_ROW_ALLOWED,27.19274450231481481481481481481481481481481481481481481481481481481481481481481481481481481481481480,3.39909306278935185185185185185185185185185185185185185185185185185185185185185185185185185185185185,23.79365143952546296296296296296296296296296296296296296296296296296296296296296296296296296296296295,
particle,QP093A-0237,QP093A-0237|bound_composite_rows|BOUND_COLOR_PAIR|two_owner_pair_closure|p=1+3|d=3|q=negative:2,QP093A-0237|bound_composite_rows|BOUND_COLOR_PAIR|two_owner_pair_closure|p=1+3|d=3|q=negative:2,NATIVE_PARTICLE_IDENTITY_ASSIGNED_NO_KNOWN_LABEL,,,,no,yes,BOUND_COMPOSITE_ROW_ALLOWED,42.59360130529835390946502057613168724279835390946502057613168724279835390946502057613168724279835391,5.324200163162294238683127572016460905349794238683127572016460905349794238683127572016460905349794239,37.26940114213605967078189300411522633744855967078189300411522633744855967078189300411522633744855968,
particle,QP093A-0238,QP093A-0238|bound_composite_rows|BOUND_COLOR_PAIR|two_owner_pair_closure|p=1+4|d=3|q=negative:3,QP093A-0238|bound_composite_rows|BOUND_COLOR_PAIR|two_owner_pair_closure|p=1+4|d=3|q=negative:3,NATIVE_PARTICLE_IDENTITY_ASSIGNED_NO_KNOWN_LABEL,,,,no,yes,BOUND_COMPOSITE_ROW_ALLOWED,58.20433666087962962962962962962962962962962962962962962962962962962962962962962962962962962962962962,7.275542082609953703703703703703703703703703703703703703703703703703703703703703703703703703703703702,50.92879457826967592592592592592592592592592592592592592592592592592592592592592592592592592592592591,
particle,QP093A-0239,QP093A-0239|bound_composite_rows|BOUND_COLOR_PAIR|two_owner_pair_closure|p=1+6|d=3|q=negative:5,QP093A-0239|bound_composite_rows|BOUND_COLOR_PAIR|two_owner_pair_closure|p=1+6|d=3|q=negative:5,NATIVE_PARTICLE_IDENTITY_ASSIGNED_NO_KNOWN_LABEL,,,,no,yes,BOUND_COMPOSITE_ROW_ALLOWED,90.05556359310699588477366255144032921810699588477366255144032921810699588477366255144032921810699586,11.25694544913837448559670781893004115226337448559670781893004115226337448559670781893004115226337448,78.79861814396862139917695473251028806584362139917695473251028806584362139917695473251028806584362138,
particle,QP093A-0240,QP093A-0240|bound_composite_rows|BOUND_COLOR_PAIR|two_owner_pair_closure|p=1+8|d=3|q=negative:7,QP093A-0240|bound_composite_rows|BOUND_COLOR_PAIR|two_owner_pair_closure|p=1+8|d=3|q=negative:7,NATIVE_PARTICLE_IDENTITY_ASSIGNED_NO_KNOWN_LABEL,,,,no,yes,BOUND_COMPOSITE_ROW_ALLOWED,122.7466664255401234567901234567901234567901234567901234567901234567901234567901234567901234567901234,15.34333330319251543209876543209876543209876543209876543209876543209876543209876543209876543209876542,107.4033331223476080246913580246913580246913580246913580246913580246913580246913580246913580246913580,
particle,QP093A-0241,QP093A-0241|bound_composite_rows|OCTET_COMPOSITE|two_owner_pair_closure|p=1+9|d=3|q=negative:8,QP093A-0241|bound_composite_rows|OCTET_COMPOSITE|two_owner_pair_closure|p=1+9|d=3|q=negative:8,NATIVE_PARTICLE_IDENTITY_ASSIGNED_NO_KNOWN_LABEL,,,,no,yes,BOUND_COMPOSITE_ROW_ALLOWED,139.3921280221193415637860082304526748971193415637860082304526748971193415637860082304526748971193416,17.4240160027649176954732510288065843621399176954732510288065843621399176954732510288065843621399177,121.9681120193544238683127572016460905349794238683127572016460905349794238683127572016460905349794239,
particle,QP093A-0242,QP093A-0242|unstable_resonance_rows|OCTET_COMPOSITE|two_owner_pair_closure|p=1+12|d=3|q=negative:11,QP093A-0242|unstable_resonance_rows|OCTET_COMPOSITE|two_owner_pair_closure|p=1+12|d=3|q=negative:11,NATIVE_PARTICLE_IDENTITY_ASSIGNED_NO_KNOWN_LABEL,,,,no,yes,BOUND_COMPOSITE_ROW_ALLOWED,190.6287914637184927983539094650205761316872427983539094650205761316872427983539094650205761316872428,23.82859893296481159979423868312757201646090534979423868312757201646090534979423868312757201646090535,166.8001925307536811985596707818930041152263374485596707818930041152263374485596707818930041152263375,
particle,QP093A-0243,QP093A-0243|bound_composite_rows|BOUND_COLOR_PAIR|two_owner_pair_closure|p=2+1|d=3|q=positive:1,QP093A-0243|bound_composite_rows|BOUND_COLOR_PAIR|two_owner_pair_closure|p=2+1|d=3|q=positive:1,NATIVE_PARTICLE_IDENTITY_ASSIGNED_NO_KNOWN_LABEL,,,,no,yes,BOUND_COMPOSITE_ROW_ALLOWED,27.18225549768518518518518518518518518518518518518518518518518518518518518518518518518518518518518518,3.397781937210648148148148148148148148148148148148148148148148148148148148148148148148148148148148148,23.78447356047453703703703703703703703703703703703703703703703703703703703703703703703703703703703704,
particle,QP093A-0244,QP093A-0244|bound_composite_rows|BOUND_COLOR_PAIR|two_owner_pair_closure|p=2+2|d=1|q=neutral:0,QP093A-0244|bound_composite_rows|BOUND_COLOR_PAIR|two_owner_pair_closure|p=2+2|d=1|q=neutral:0,NATIVE_PARTICLE_IDENTITY_ASSIGNED_NO_KNOWN_LABEL,,,,no,yes,BOUND_COMPOSITE_ROW_ALLOWED,43.00,5.375,37.625,
particle,QP093A-0245,QP093A-0245|bound_composite_rows|BOUND_COLOR_PAIR|two_owner_pair_closure|p=2+3|d=3|q=negative:1,QP093A-0245|bound_composite_rows|BOUND_COLOR_PAIR|two_owner_pair_closure|p=2+3|d=3|q=negative:1,NATIVE_PARTICLE_IDENTITY_ASSIGNED_NO_KNOWN_LABEL,,,,no,yes,BOUND_COMPOSITE_ROW_ALLOWED,75.53540139531893004115226337448559670781893004115226337448559670781893004115226337448559670781893001,9.441925174414866255144032921810699588477366255144032921810699588477366255144032921810699588477366251,66.09347622090406378600823045267489711934156378600823045267489711934156378600823045267489711934156376,
particle,QP093A-0246,QP093A-0246|bound_composite_rows|BOUND_COLOR_PAIR|two_owner_pair_closure|p=2+4|d=3|q=negative:2,QP093A-0246|bound_composite_rows|BOUND_COLOR_PAIR|two_owner_pair_closure|p=2+4|d=3|q=negative:2,NATIVE_PARTICLE_IDENTITY_ASSIGNED_NO_KNOWN_LABEL,,,,no,yes,BOUND_COMPOSITE_ROW_ALLOWED,103.4416031700102880658436213991769547325102880658436213991769547325102880658436213991769547325102881,12.93020039625128600823045267489711934156378600823045267489711934156378600823045267489711934156378601,90.51140277375900205761316872427983539094650205761316872427983539094650205761316872427983539094650209,
particle,QP093A-0247,QP093A-0247|bound_composite_rows|BOUND_COLOR_PAIR|two_owner_pair_closure|p=2+6|d=3|q=negative:4,QP093A-0247|bound_composite_rows|BOUND_COLOR_PAIR|two_owner_pair_closure|p=2+6|d=3|q=negative:4,NATIVE_PARTICLE_IDENTITY_ASSIGNED_NO_KNOWN_LABEL,,,,no,yes,BOUND_COMPOSITE_ROW_ALLOWED,160.3874582047325102880658436213991769547325102880658436213991769547325102880658436213991769547325103,20.04843227559156378600823045267489711934156378600823045267489711934156378600823045267489711934156379,140.3390259291409465020576131687242798353909465020576131687242798353909465020576131687242798353909465,
particle,QP093A-0248,QP093A-0248|bound_composite_rows|BOUND_COLOR_PAIR|two_owner_pair_closure|p=2+8|d=3|q=negative:6,QP093A-0248|bound_composite_rows|BOUND_COLOR_PAIR|two_owner_pair_closure|p=2+8|d=3|q=negative:6,NATIVE_PARTICLE_IDENTITY_ASSIGNED_NO_KNOWN_LABEL,,,,no,yes,BOUND_COMPOSITE_ROW_ALLOWED,218.8449435763888888888888888888888888888888888888888888888888888888888888888888888888888888888888889,27.35561794704861111111111111111111111111111111111111111111111111111111111111111111111111111111111111,191.4893256293402777777777777777777777777777777777777777777777777777777777777777777777777777777777778,
particle,QP093A-0249,QP093A-0249|bound_composite_rows|OCTET_COMPOSITE|two_owner_pair_closure|p=2+9|d=3|q=negative:7,QP093A-0249|bound_composite_rows|OCTET_COMPOSITE|two_owner_pair_closure|p=2+9|d=3|q=negative:7,NATIVE_PARTICLE_IDENTITY_ASSIGNED_NO_KNOWN_LABEL,,,,no,yes,BOUND_COMPOSITE_ROW_ALLOWED,248.6137170359921553497942386831275720164609053497942386831275720164609053497942386831275720164609053,31.07671462949901941872427983539094650205761316872427983539094650205761316872427983539094650205761316,217.5370024064931359310699588477366255144032921810699588477366255144032921810699588477366255144032921,
particle,QP093A-0250,QP093A-0250|unstable_resonance_rows|OCTET_COMPOSITE|two_owner_pair_closure|p=2+12|d=3|q=negative:10,QP093A-0250|unstable_resonance_rows|OCTET_COMPOSITE|two_owner_pair_closure|p=2+12|d=3|q=negative:10,NATIVE_PARTICLE_IDENTITY_ASSIGNED_NO_KNOWN_LABEL,,,,no,yes,BOUND_COMPOSITE_ROW_ALLOWED,340.2596400382587448559670781893004115226337448559670781893004115226337448559670781893004115226337447,42.53245500478234310699588477366255144032921810699588477366255144032921810699588477366255144032921809,297.7271850334764017489711934156378600823045267489711934156378600823045267489711934156378600823045266,
particle,QP093A-0251,QP093A-0251|bound_composite_rows|BOUND_COLOR_PAIR|two_owner_pair_closure|p=3+1|d=3|q=positive:2,QP093A-0251|bound_composite_rows|BOUND_COLOR_PAIR|two_owner_pair_closure|p=3+1|d=3|q=positive:2,NATIVE_PARTICLE_IDENTITY_ASSIGNED_NO_KNOWN_LABEL,,,,no,yes,BOUND_COMPOSITE_ROW_ALLOWED,42.57306536136831275720164609053497942386831275720164609053497942386831275720164609053497942386831277,5.321633170171039094650205761316872427983539094650205761316872427983539094650205761316872427983539096,37.25143219119727366255144032921810699588477366255144032921810699588477366255144032921810699588477368,
particle,QP093A-0252,QP093A-0252|bound_composite_rows|BOUND_COLOR_PAIR|two_owner_pair_closure|p=3+2|d=3|q=positive:1,QP093A-0252|bound_composite_rows|BOUND_COLOR_PAIR|two_owner_pair_closure|p=3+2|d=3|q=positive:1,NATIVE_PARTICLE_IDENTITY_ASSIGNED_NO_KNOWN_LABEL,,,,no,yes,BOUND_COMPOSITE_ROW_ALLOWED,75.50626527134773662551440329218106995884773662551440329218106995884773662551440329218106995884773659,9.438283158918467078189300411522633744855967078189300411522633744855967078189300411522633744855967074,66.06798211242926954732510288065843621399176954732510288065843621399176954732510288065843621399176951,
particle,QP093A-0253,QP093A-0253|bound_composite_rows|BOUND_COLOR_PAIR|two_owner_pair_closure|p=3+3|d=1|q=neutral:0,QP093A-0253|bound_composite_rows|BOUND_COLOR_PAIR|two_owner_pair_closure|p=3+3|d=1|q=neutral:0,NATIVE_PARTICLE_IDENTITY_ASSIGNED_NO_KNOWN_LABEL,,,,no,yes,BOUND_COMPOSITE_ROW_ALLOWED,96.75,12.09375,84.65625,
particle,QP093A-0254,QP093A-0254|bound_composite_rows|BOUND_COLOR_PAIR|two_owner_pair_closure|p=3+4|d=3|q=negative:1,QP093A-0254|bound_composite_rows|BOUND_COLOR_PAIR|two_owner_pair_closure|p=3+4|d=3|q=negative:1,NATIVE_PARTICLE_IDENTITY_ASSIGNED_NO_KNOWN_LABEL,,,,no,yes,BOUND_COMPOSITE_ROW_ALLOWED,148.0493867348251028806584362139917695473251028806584362139917695473251028806584362139917695473251028,18.50617334185313786008230452674897119341563786008230452674897119341563786008230452674897119341563785,129.543213392971965020576131687242798353909465020576131687242798353909465020576131687242798353909465,
particle,QP093A-0255,QP093A-0255|bound_composite_rows|BOUND_COLOR_PAIR|two_owner_pair_closure|p=3+6|d=3|q=negative:3,QP093A-0255|bound_composite_rows|BOUND_COLOR_PAIR|two_owner_pair_closure|p=3+6|d=3|q=negative:3,NATIVE_PARTICLE_IDENTITY_ASSIGNED_NO_KNOWN_LABEL,,,,no,yes,BOUND_COMPOSITE_ROW_ALLOWED,229.7539605034722222222222222222222222222222222222222222222222222222222222222222222222222222222222222,28.71924506293402777777777777777777777777777777777777777777777777777777777777777777777777777777777778,201.0347154405381944444444444444444444444444444444444444444444444444444444444444444444444444444444444,
particle,QP093A-0256,QP093A-0256|bound_composite_rows|BOUND_COLOR_PAIR|two_owner_pair_closure|p=3+8|d=3|q=negative:5,QP093A-0256|bound_composite_rows|BOUND_COLOR_PAIR|two_owner_pair_closure|p=3+8|d=3|q=negative:5,NATIVE_PARTICLE_IDENTITY_ASSIGNED_NO_KNOWN_LABEL,,,,no,yes,BOUND_COMPOSITE_ROW_ALLOWED,313.6417904449588477366255144032921810699588477366255144032921810699588477366255144032921810699588476,39.20522380561985596707818930041152263374485596707818930041152263374485596707818930041152263374485595,274.4365666393389917695473251028806584362139917695473251028806584362139917695473251028806584362139916,
particle,QP093A-0257,QP093A-0257|bound_composite_rows|OCTET_COMPOSITE|two_owner_pair_closure|p=3+9|d=3|q=negative:6,QP093A-0257|bound_composite_rows|OCTET_COMPOSITE|two_owner_pair_closure|p=3+9|d=3|q=negative:6,NATIVE_PARTICLE_IDENTITY_ASSIGNED_NO_KNOWN_LABEL,,,,no,yes,BOUND_COMPOSITE_ROW_ALLOWED,356.3659667968750000000000000000000000000000000000000000000000000000000000000000000000000000000000001,44.54574584960937500000000000000000000000000000000000000000000000000000000000000000000000000000000001,311.8202209472656250000000000000000000000000000000000000000000000000000000000000000000000000000000001,
particle,QP093A-0258,QP093A-0258|unstable_resonance_rows|OCTET_COMPOSITE|two_owner_pair_closure|p=3+12|d=3|q=negative:9,QP093A-0258|unstable_resonance_rows|OCTET_COMPOSITE|two_owner_pair_closure|p=3+12|d=3|q=negative:9,NATIVE_PARTICLE_IDENTITY_ASSIGNED_NO_KNOWN_LABEL,,,,no,yes,BOUND_COMPOSITE_ROW_ALLOWED,487.91680908203125,60.98960113525390625,426.92720794677734375,
particle,QP093A-0259,QP093A-0259|bound_composite_rows|BOUND_COLOR_PAIR|two_owner_pair_closure|p=4+1|d=3|q=positive:3,QP093A-0259|bound_composite_rows|BOUND_COLOR_PAIR|two_owner_pair_closure|p=4+1|d=3|q=positive:3,NATIVE_PARTICLE_IDENTITY_ASSIGNED_NO_KNOWN_LABEL,,,,no,yes,BOUND_COMPOSITE_ROW_ALLOWED,58.17066333912037037037037037037037037037037037037037037037037037037037037037037037037037037037037035,7.271332917390046296296296296296296296296296296296296296296296296296296296296296296296296296296296294,50.89933042173032407407407407407407407407407407407407407407407407407407407407407407407407407407407405,
particle,QP093A-0260,QP093A-0260|bound_composite_rows|BOUND_COLOR_PAIR|two_owner_pair_closure|p=4+2|d=3|q=positive:2,QP093A-0260|bound_composite_rows|BOUND_COLOR_PAIR|two_owner_pair_closure|p=4+2|d=3|q=positive:2,NATIVE_PARTICLE_IDENTITY_ASSIGNED_NO_KNOWN_LABEL,,,,no,yes,BOUND_COMPOSITE_ROW_ALLOWED,103.3917301633230452674897119341563786008230452674897119341563786008230452674897119341563786008230453,12.92396627041538065843621399176954732510288065843621399176954732510288065843621399176954732510288066,90.46776389290766460905349794238683127572016460905349794238683127572016460905349794238683127572016464,
particle,QP093A-0261,QP093A-0261|bound_composite_rows|BOUND_COLOR_PAIR|two_owner_pair_closure|p=4+3|d=3|q=positive:1,QP093A-0261|bound_composite_rows|BOUND_COLOR_PAIR|two_owner_pair_closure|p=4+3|d=3|q=positive:1,NATIVE_PARTICLE_IDENTITY_ASSIGNED_NO_KNOWN_LABEL,,,,no,yes,BOUND_COMPOSITE_ROW_ALLOWED,147.9922799318415637860082304526748971193415637860082304526748971193415637860082304526748971193415637,18.49903499148019547325102880658436213991769547325102880658436213991769547325102880658436213991769546,129.4932449403613683127572016460905349794238683127572016460905349794238683127572016460905349794238682,
particle,QP093A-0262,QP093A-0262|bound_composite_rows|BOUND_COLOR_PAIR|two_owner_pair_closure|p=4+4|d=1|q=neutral:0,QP093A-0262|bound_composite_rows|BOUND_COLOR_PAIR|two_owner_pair_closure|p=4+4|d=1|q=neutral:0,NATIVE_PARTICLE_IDENTITY_ASSIGNED_NO_KNOWN_LABEL,,,,no,yes,BOUND_COMPOSITE_ROW_ALLOWED,172.00,21.50,150.50,
particle,QP093A-0263,QP093A-0263|bound_composite_rows|BOUND_COLOR_PAIR|two_owner_pair_closure|p=4+6|d=3|q=negative:2,QP093A-0263|bound_composite_rows|BOUND_COLOR_PAIR|two_owner_pair_closure|p=4+6|d=3|q=negative:2,NATIVE_PARTICLE_IDENTITY_ASSIGNED_NO_KNOWN_LABEL,,,,no,yes,BOUND_COMPOSITE_ROW_ALLOWED,298.1552091370884773662551440329218106995884773662551440329218106995884773662551440329218106995884774,37.26940114213605967078189300411522633744855967078189300411522633744855967078189300411522633744855968,260.8858079949524176954732510288065843621399176954732510288065843621399176954732510288065843621399178,
particle,QP093A-0264,QP093A-0264|bound_composite_rows|BOUND_COLOR_PAIR|two_owner_pair_closure|p=4+8|d=3|q=negative:4,QP093A-0264|bound_composite_rows|BOUND_COLOR_PAIR|two_owner_pair_closure|p=4+8|d=3|q=negative:4,NATIVE_PARTICLE_IDENTITY_ASSIGNED_NO_KNOWN_LABEL,,,,no,yes,BOUND_COMPOSITE_ROW_ALLOWED,407.1373939043209876543209876543209876543209876543209876543209876543209876543209876543209876543209878,50.89217423804012345679012345679012345679012345679012345679012345679012345679012345679012345679012348,356.2452196662808641975308641975308641975308641975308641975308641975308641975308641975308641975308644,
particle,QP093A-0265,QP093A-0265|bound_composite_rows|OCTET_COMPOSITE|two_owner_pair_closure|p=4+9|d=3|q=negative:5,QP093A-0265|bound_composite_rows|OCTET_COMPOSITE|two_owner_pair_closure|p=4+9|d=3|q=negative:5,NATIVE_PARTICLE_IDENTITY_ASSIGNED_NO_KNOWN_LABEL,,,,no,yes,BOUND_COMPOSITE_ROW_ALLOWED,462.6490882904931841563786008230452674897119341563786008230452674897119341563786008230452674897119340,57.83113603631164801954732510288065843621399176954732510288065843621399176954732510288065843621399175,404.8179522541815361368312757201646090534979423868312757201646090534979423868312757201646090534979422,
particle,QP093A-0266,QP093A-0266|unstable_resonance_rows|OCTET_COMPOSITE|two_owner_pair_closure|p=4+12|d=3|q=negative:8,QP093A-0266|unstable_resonance_rows|OCTET_COMPOSITE|two_owner_pair_closure|p=4+12|d=3|q=negative:8,NATIVE_PARTICLE_IDENTITY_ASSIGNED_NO_KNOWN_LABEL,,,,no,yes,BOUND_COMPOSITE_ROW_ALLOWED,633.6005819187242798353909465020576131687242798353909465020576131687242798353909465020576131687242801,79.20007273984053497942386831275720164609053497942386831275720164609053497942386831275720164609053501,554.4005091788837448559670781893004115226337448559670781893004115226337448559670781893004115226337451,
particle,QP093A-0267,QP093A-0267|bound_composite_rows|BOUND_COLOR_PAIR|two_owner_pair_closure|p=6+1|d=3|q=positive:5,QP093A-0267|bound_composite_rows|BOUND_COLOR_PAIR|two_owner_pair_closure|p=6+1|d=3|q=positive:5,NATIVE_PARTICLE_IDENTITY_ASSIGNED_NO_KNOWN_LABEL,,,,no,yes,BOUND_COMPOSITE_ROW_ALLOWED,89.98610307355967078189300411522633744855967078189300411522633744855967078189300411522633744855967077,11.24826288419495884773662551440329218106995884773662551440329218106995884773662551440329218106995885,78.73784018936471193415637860082304526748971193415637860082304526748971193415637860082304526748971192,
particle,QP093A-0268,QP093A-0268|bound_composite_rows|BOUND_COLOR_PAIR|two_owner_pair_closure|p=6+2|d=3|q=positive:4,QP093A-0268|bound_composite_rows|BOUND_COLOR_PAIR|two_owner_pair_closure|p=6+2|d=3|q=positive:4,NATIVE_PARTICLE_IDENTITY_ASSIGNED_NO_KNOWN_LABEL,,,,no,yes,BOUND_COMPOSITE_ROW_ALLOWED,160.2792084619341563786008230452674897119341563786008230452674897119341563786008230452674897119341565,20.03490105774176954732510288065843621399176954732510288065843621399176954732510288065843621399176956,140.244307404192386831275720164609053497942386831275720164609053497942386831275720164609053497942387,
particle,QP093A-0269,QP093A-0269|bound_composite_rows|BOUND_COLOR_PAIR|two_owner_pair_closure|p=6+3|d=3|q=positive:3,QP093A-0269|bound_composite_rows|BOUND_COLOR_PAIR|two_owner_pair_closure|p=6+3|d=3|q=positive:3,NATIVE_PARTICLE_IDENTITY_ASSIGNED_NO_KNOWN_LABEL,,,,no,yes,BOUND_COMPOSITE_ROW_ALLOWED,229.6210394965277777777777777777777777777777777777777777777777777777777777777777777777777777777777777,28.70262993706597222222222222222222222222222222222222222222222222222222222222222222222222222222222221,200.9184095594618055555555555555555555555555555555555555555555555555555555555555555555555555555555555,
particle,QP093A-0270,QP093A-0270|bound_composite_rows|BOUND_COLOR_PAIR|two_owner_pair_closure|p=6+4|d=3|q=positive:2,QP093A-0270|bound_composite_rows|BOUND_COLOR_PAIR|two_owner_pair_closure|p=6+4|d=3|q=positive:2,NATIVE_PARTICLE_IDENTITY_ASSIGNED_NO_KNOWN_LABEL,,,,no,yes,BOUND_COMPOSITE_ROW_ALLOWED,298.0114575295781893004115226337448559670781893004115226337448559670781893004115226337448559670781893,37.25143219119727366255144032921810699588477366255144032921810699588477366255144032921810699588477366,260.7600253383809156378600823045267489711934156378600823045267489711934156378600823045267489711934156,
particle,QP093A-0271,QP093A-0271|bound_composite_rows|BOUND_COLOR_PAIR|two_owner_pair_closure|p=6+6|d=1|q=neutral:0,QP093A-0271|bound_composite_rows|BOUND_COLOR_PAIR|two_owner_pair_closure|p=6+6|d=1|q=neutral:0,NATIVE_PARTICLE_IDENTITY_ASSIGNED_NO_KNOWN_LABEL,,,,no,yes,BOUND_COMPOSITE_ROW_ALLOWED,387.00,48.375,338.625,
particle,QP093A-0272,QP093A-0272|bound_composite_rows|BOUND_COLOR_PAIR|two_owner_pair_closure|p=6+8|d=3|q=negative:2,QP093A-0272|bound_composite_rows|BOUND_COLOR_PAIR|two_owner_pair_closure|p=6+8|d=3|q=negative:2,NATIVE_PARTICLE_IDENTITY_ASSIGNED_NO_KNOWN_LABEL,,,,no,yes,BOUND_COMPOSITE_ROW_ALLOWED,590.2256180877057613168724279835390946502057613168724279835390946502057613168724279835390946502057613,73.77820226096322016460905349794238683127572016460905349794238683127572016460905349794238683127572016,516.4474158267425411522633744855967078189300411522633744855967078189300411522633744855967078189300411,
particle,QP093A-0273,QP093A-0273|bound_composite_rows|OCTET_COMPOSITE|two_owner_pair_closure|p=6+9|d=3|q=negative:3,QP093A-0273|bound_composite_rows|OCTET_COMPOSITE|two_owner_pair_closure|p=6+9|d=3|q=negative:3,NATIVE_PARTICLE_IDENTITY_ASSIGNED_NO_KNOWN_LABEL,,,,no,yes,BOUND_COMPOSITE_ROW_ALLOWED,670.8087904188368055555555555555555555555555555555555555555555555555555555555555555555555555555555554,83.85109880235460069444444444444444444444444444444444444444444444444444444444444444444444444444444442,586.957691616482204861111111111111111111111111111111111111111111111111111111111111111111111111111111,
particle,QP093A-0274,QP093A-0274|unstable_resonance_rows|OCTET_COMPOSITE|two_owner_pair_closure|p=6+12|d=3|q=negative:6,QP093A-0274|unstable_resonance_rows|OCTET_COMPOSITE|two_owner_pair_closure|p=6+12|d=3|q=negative:6,NATIVE_PARTICLE_IDENTITY_ASSIGNED_NO_KNOWN_LABEL,,,,no,yes,BOUND_COMPOSITE_ROW_ALLOWED,919.0490722656250000000000000000000000000000000000000000000000000000000000000000000000000000000000003,114.8811340332031250000000000000000000000000000000000000000000000000000000000000000000000000000000000,804.1679382324218750000000000000000000000000000000000000000000000000000000000000000000000000000000002,
particle,QP093A-0275,QP093A-0275|bound_composite_rows|BOUND_COLOR_PAIR|two_owner_pair_closure|p=8+1|d=3|q=positive:7,QP093A-0275|bound_composite_rows|BOUND_COLOR_PAIR|two_owner_pair_closure|p=8+1|d=3|q=positive:7,NATIVE_PARTICLE_IDENTITY_ASSIGNED_NO_KNOWN_LABEL,,,,no,yes,BOUND_COMPOSITE_ROW_ALLOWED,122.6283335744598765432098765432098765432098765432098765432098765432098765432098765432098765432098765,15.32854169680748456790123456790123456790123456790123456790123456790123456790123456790123456790123456,107.2997918776523919753086419753086419753086419753086419753086419753086419753086419753086419753086419,
particle,QP093A-0276,QP093A-0276|bound_composite_rows|BOUND_COLOR_PAIR|two_owner_pair_closure|p=8+2|d=3|q=positive:6,QP093A-0276|bound_composite_rows|BOUND_COLOR_PAIR|two_owner_pair_closure|p=8+2|d=3|q=positive:6,NATIVE_PARTICLE_IDENTITY_ASSIGNED_NO_KNOWN_LABEL,,,,no,yes,BOUND_COMPOSITE_ROW_ALLOWED,218.6550564236111111111111111111111111111111111111111111111111111111111111111111111111111111111111112,27.3318820529513888888888888888888888888888888888888888888888888888888888888888888888888888888888889,191.3231743706597222222222222222222222222222222222222222222222222222222222222222222222222222222222222,
particle,QP093A-0277,QP093A-0277|bound_composite_rows|BOUND_COLOR_PAIR|two_owner_pair_closure|p=8+3|d=3|q=positive:5,QP093A-0277|bound_composite_rows|BOUND_COLOR_PAIR|two_owner_pair_closure|p=8+3|d=3|q=positive:5,NATIVE_PARTICLE_IDENTITY_ASSIGNED_NO_KNOWN_LABEL,,,,no,yes,BOUND_COMPOSITE_ROW_ALLOWED,313.3998762217078189300411522633744855967078189300411522633744855967078189300411522633744855967078189,39.17498452771347736625514403292181069958847736625514403292181069958847736625514403292181069958847736,274.2248916939943415637860082304526748971193415637860082304526748971193415637860082304526748971193415,
particle,QP093A-0278,QP093A-0278|bound_composite_rows|BOUND_COLOR_PAIR|two_owner_pair_closure|p=8+4|d=3|q=positive:4,QP093A-0278|bound_composite_rows|BOUND_COLOR_PAIR|two_owner_pair_closure|p=8+4|d=3|q=positive:4,NATIVE_PARTICLE_IDENTITY_ASSIGNED_NO_KNOWN_LABEL,,,,no,yes,BOUND_COMPOSITE_ROW_ALLOWED,406.8626060956790123456790123456790123456790123456790123456790123456790123456790123456790123456790124,50.85782576195987654320987654320987654320987654320987654320987654320987654320987654320987654320987655,356.0047803337191358024691358024691358024691358024691358024691358024691358024691358024691358024691359,
particle,QP093A-0279,QP093A-0279|bound_composite_rows|BOUND_COLOR_PAIR|two_owner_pair_closure|p=8+6|d=3|q=positive:2,QP093A-0279|bound_composite_rows|BOUND_COLOR_PAIR|two_owner_pair_closure|p=8+6|d=3|q=positive:2,NATIVE_PARTICLE_IDENTITY_ASSIGNED_NO_KNOWN_LABEL,,,,no,yes,BOUND_COMPOSITE_ROW_ALLOWED,589.9410485789609053497942386831275720164609053497942386831275720164609053497942386831275720164609055,73.74263107237011316872427983539094650205761316872427983539094650205761316872427983539094650205761319,516.1984175065907921810699588477366255144032921810699588477366255144032921810699588477366255144032922,
particle,QP093A-0280,QP093A-0280|bound_composite_rows|BOUND_COLOR_PAIR|two_owner_pair_closure|p=8+8|d=1|q=neutral:0,QP093A-0280|bound_composite_rows|BOUND_COLOR_PAIR|two_owner_pair_closure|p=8+8|d=1|q=neutral:0,NATIVE_PARTICLE_IDENTITY_ASSIGNED_NO_KNOWN_LABEL,,,,no,yes,BOUND_COMPOSITE_ROW_ALLOWED,688.00,86.00,602.00,
particle,QP093A-0281,QP093A-0281|bound_composite_rows|OCTET_COMPOSITE|two_owner_pair_closure|p=8+9|d=3|q=negative:1,QP093A-0281|bound_composite_rows|OCTET_COMPOSITE|two_owner_pair_closure|p=8+9|d=3|q=negative:1,NATIVE_PARTICLE_IDENTITY_ASSIGNED_NO_KNOWN_LABEL,,,,no,yes,BOUND_COMPOSITE_ROW_ALLOWED,873.0945113068254886831275720164609053497942386831275720164609053497942386831275720164609053497942383,109.1368139133531860853909465020576131687242798353909465020576131687242798353909465020576131687242798,763.9576973934723025977366255144032921810699588477366255144032921810699588477366255144032921810699585,
particle,QP093A-0282,QP093A-0282|unstable_resonance_rows|OCTET_COMPOSITE|two_owner_pair_closure|p=8+12|d=3|q=negative:4,QP093A-0282|unstable_resonance_rows|OCTET_COMPOSITE|two_owner_pair_closure|p=8+12|d=3|q=negative:4,NATIVE_PARTICLE_IDENTITY_ASSIGNED_NO_KNOWN_LABEL,,,,no,yes,BOUND_COMPOSITE_ROW_ALLOWED,1196.607377668467078189300411522633744855967078189300411522633744855967078189300411522633744855967078,149.5759222085583847736625514403292181069958847736625514403292181069958847736625514403292181069958848,1047.031455459908693415637860082304526748971193415637860082304526748971193415637860082304526748971193,
particle,QP093A-0283,QP093A-0283|bound_composite_rows|OCTET_COMPOSITE|two_owner_pair_closure|p=9+1|d=3|q=positive:8,QP093A-0283|bound_composite_rows|OCTET_COMPOSITE|two_owner_pair_closure|p=9+1|d=3|q=positive:8,NATIVE_PARTICLE_IDENTITY_ASSIGNED_NO_KNOWN_LABEL,,,,no,yes,BOUND_COMPOSITE_ROW_ALLOWED,139.2745386445473251028806584362139917695473251028806584362139917695473251028806584362139917695473251,17.40931733056841563786008230452674897119341563786008230452674897119341563786008230452674897119341564,121.8652213139789094650205761316872427983539094650205761316872427983539094650205761316872427983539095,
particle,QP093A-0284,QP093A-0284|bound_composite_rows|OCTET_COMPOSITE|two_owner_pair_closure|p=9+2|d=3|q=positive:7,QP093A-0284|bound_composite_rows|OCTET_COMPOSITE|two_owner_pair_closure|p=9+2|d=3|q=positive:7,NATIVE_PARTICLE_IDENTITY_ASSIGNED_NO_KNOWN_LABEL,,,,no,yes,BOUND_COMPOSITE_ROW_ALLOWED,248.4279496306745113168724279835390946502057613168724279835390946502057613168724279835390946502057613,31.05349370383431391460905349794238683127572016460905349794238683127572016460905349794238683127572016,217.3744559268401974022633744855967078189300411522633744855967078189300411522633744855967078189300411,
particle,QP093A-0285,QP093A-0285|bound_composite_rows|OCTET_COMPOSITE|two_owner_pair_closure|p=9+3|d=3|q=positive:6,QP093A-0285|bound_composite_rows|OCTET_COMPOSITE|two_owner_pair_closure|p=9+3|d=3|q=positive:6,NATIVE_PARTICLE_IDENTITY_ASSIGNED_NO_KNOWN_LABEL,,,,no,yes,BOUND_COMPOSITE_ROW_ALLOWED,356.1340332031250000000000000000000000000000000000000000000000000000000000000000000000000000000000001,44.51675415039062500000000000000000000000000000000000000000000000000000000000000000000000000000000001,311.6172790527343750000000000000000000000000000000000000000000000000000000000000000000000000000000001,
particle,QP093A-0286,QP093A-0286|bound_composite_rows|OCTET_COMPOSITE|two_owner_pair_closure|p=9+4|d=3|q=positive:5,QP093A-0286|bound_composite_rows|OCTET_COMPOSITE|two_owner_pair_closure|p=9+4|d=3|q=positive:5,NATIVE_PARTICLE_IDENTITY_ASSIGNED_NO_KNOWN_LABEL,,,,no,yes,BOUND_COMPOSITE_ROW_ALLOWED,462.3925783761734825102880658436213991769547325102880658436213991769547325102880658436213991769547324,57.79907229702168531378600823045267489711934156378600823045267489711934156378600823045267489711934155,404.5935060791517971965020576131687242798353909465020576131687242798353909465020576131687242798353909,
particle,QP093A-0287,QP093A-0287|bound_composite_rows|OCTET_COMPOSITE|two_owner_pair_closure|p=9+6|d=3|q=positive:3,QP093A-0287|bound_composite_rows|OCTET_COMPOSITE|two_owner_pair_closure|p=9+6|d=3|q=positive:3,NATIVE_PARTICLE_IDENTITY_ASSIGNED_NO_KNOWN_LABEL,,,,no,yes,BOUND_COMPOSITE_ROW_ALLOWED,670.5662095811631944444444444444444444444444444444444444444444444444444444444444444444444444444444442,83.82077619764539930555555555555555555555555555555555555555555555555555555555555555555555555555555552,586.7454333835177951388888888888888888888888888888888888888888888888888888888888888888888888888888886,
particle,QP093A-0288,QP093A-0288|bound_composite_rows|OCTET_COMPOSITE|two_owner_pair_closure|p=9+8|d=3|q=positive:1,QP093A-0288|bound_composite_rows|OCTET_COMPOSITE|two_owner_pair_closure|p=9+8|d=3|q=positive:1,NATIVE_PARTICLE_IDENTITY_ASSIGNED_NO_KNOWN_LABEL,,,,no,yes,BOUND_COMPOSITE_ROW_ALLOWED,872.9471553598411779835390946502057613168724279835390946502057613168724279835390946502057613168724276,109.1183944199801472479423868312757201646090534979423868312757201646090534979423868312757201646090534,763.8287609398610307355967078189300411522633744855967078189300411522633744855967078189300411522633741,
particle,QP093A-0289,QP093A-0289|bound_composite_rows|OCTET_COMPOSITE|two_owner_pair_closure|p=9+9|d=1|q=neutral:0,QP093A-0289|bound_composite_rows|OCTET_COMPOSITE|two_owner_pair_closure|p=9+9|d=1|q=neutral:0,NATIVE_PARTICLE_IDENTITY_ASSIGNED_NO_KNOWN_LABEL,,,,no,yes,BOUND_COMPOSITE_ROW_ALLOWED,885.9375,110.7421875,775.1953125,
particle,QP093A-0290,QP093A-0290|unstable_resonance_rows|OCTET_COMPOSITE|two_owner_pair_closure|p=9+12|d=3|q=negative:3,QP093A-0290|unstable_resonance_rows|OCTET_COMPOSITE|two_owner_pair_closure|p=9+12|d=3|q=negative:3,NATIVE_PARTICLE_IDENTITY_ASSIGNED_NO_KNOWN_LABEL,,,,no,yes,BOUND_COMPOSITE_ROW_ALLOWED,1332.428419325086805555555555555555555555555555555555555555555555555555555555555555555555555555555555,166.5535524156358506944444444444444444444444444444444444444444444444444444444444444444444444444444444,1165.874866909450954861111111111111111111111111111111111111111111111111111111111111111111111111111111,
particle,QP093A-0291,QP093A-0291|unstable_resonance_rows|OCTET_COMPOSITE|two_owner_pair_closure|p=12+1|d=3|q=positive:11,QP093A-0291|unstable_resonance_rows|OCTET_COMPOSITE|two_owner_pair_closure|p=12+1|d=3|q=positive:11,NATIVE_PARTICLE_IDENTITY_ASSIGNED_NO_KNOWN_LABEL,,,,no,yes,BOUND_COMPOSITE_ROW_ALLOWED,190.4128752029481738683127572016460905349794238683127572016460905349794238683127572016460905349794239,23.80160940036852173353909465020576131687242798353909465020576131687242798353909465020576131687242799,166.6112658025796521347736625514403292181069958847736625514403292181069958847736625514403292181069959,
particle,QP093A-0292,QP093A-0292|unstable_resonance_rows|OCTET_COMPOSITE|two_owner_pair_closure|p=12+2|d=3|q=positive:10,QP093A-0292|unstable_resonance_rows|OCTET_COMPOSITE|two_owner_pair_closure|p=12+2|d=3|q=positive:10,NATIVE_PARTICLE_IDENTITY_ASSIGNED_NO_KNOWN_LABEL,,,,no,yes,BOUND_COMPOSITE_ROW_ALLOWED,339.9070266284079218106995884773662551440329218106995884773662551440329218106995884773662551440329217,42.48837832855099022633744855967078189300411522633744855967078189300411522633744855967078189300411521,297.4186482998569315843621399176954732510288065843621399176954732510288065843621399176954732510288065,
particle,QP093A-0293,QP093A-0293|unstable_resonance_rows|OCTET_COMPOSITE|two_owner_pair_closure|p=12+3|d=3|q=positive:9,QP093A-0293|unstable_resonance_rows|OCTET_COMPOSITE|two_owner_pair_closure|p=12+3|d=3|q=positive:9,NATIVE_PARTICLE_IDENTITY_ASSIGNED_NO_KNOWN_LABEL,,,,no,yes,BOUND_COMPOSITE_ROW_ALLOWED,487.45819091796875,60.93227386474609375,426.52591705322265625,
particle,QP093A-0294,QP093A-0294|unstable_resonance_rows|OCTET_COMPOSITE|two_owner_pair_closure|p=12+4|d=3|q=positive:8,QP093A-0294|unstable_resonance_rows|OCTET_COMPOSITE|two_owner_pair_closure|p=12+4|d=3|q=positive:8,NATIVE_PARTICLE_IDENTITY_ASSIGNED_NO_KNOWN_LABEL,,,,no,yes,BOUND_COMPOSITE_ROW_ALLOWED,633.0660847479423868312757201646090534979423868312757201646090534979423868312757201646090534979423871,79.13326059349279835390946502057613168724279835390946502057613168724279835390946502057613168724279839,553.9328241544495884773662551440329218106995884773662551440329218106995884773662551440329218106995888,
particle,QP093A-0295,QP093A-0295|unstable_resonance_rows|OCTET_COMPOSITE|two_owner_pair_closure|p=12+6|d=3|q=positive:6,QP093A-0295|unstable_resonance_rows|OCTET_COMPOSITE|two_owner_pair_closure|p=12+6|d=3|q=positive:6,NATIVE_PARTICLE_IDENTITY_ASSIGNED_NO_KNOWN_LABEL,,,,no,yes,BOUND_COMPOSITE_ROW_ALLOWED,918.4509277343750000000000000000000000000000000000000000000000000000000000000000000000000000000000003,114.8063659667968750000000000000000000000000000000000000000000000000000000000000000000000000000000000,803.6445617675781250000000000000000000000000000000000000000000000000000000000000000000000000000000002,
particle,QP093A-0296,QP093A-0296|unstable_resonance_rows|OCTET_COMPOSITE|two_owner_pair_closure|p=12+8|d=3|q=positive:4,QP093A-0296|unstable_resonance_rows|OCTET_COMPOSITE|two_owner_pair_closure|p=12+8|d=3|q=positive:4,NATIVE_PARTICLE_IDENTITY_ASSIGNED_NO_KNOWN_LABEL,,,,no,yes,BOUND_COMPOSITE_ROW_ALLOWED,1196.059288998199588477366255144032921810699588477366255144032921810699588477366255144032921810699589,149.5074111247749485596707818930041152263374485596707818930041152263374485596707818930041152263374486,1046.551877873424639917695473251028806584362139917695473251028806584362139917695473251028806584362140,
particle,QP093A-0297,QP093A-0297|unstable_resonance_rows|OCTET_COMPOSITE|two_owner_pair_closure|p=12+9|d=3|q=positive:3,QP093A-0297|unstable_resonance_rows|OCTET_COMPOSITE|two_owner_pair_closure|p=12+9|d=3|q=positive:3,NATIVE_PARTICLE_IDENTITY_ASSIGNED_NO_KNOWN_LABEL,,,,no,yes,BOUND_COMPOSITE_ROW_ALLOWED,1331.946580674913194444444444444444444444444444444444444444444444444444444444444444444444444444444444,166.4933225843641493055555555555555555555555555555555555555555555555555555555555555555555555555555555,1165.453258090549045138888888888888888888888888888888888888888888888888888888888888888888888888888888,
particle,QP093A-0298,QP093A-0298|unstable_resonance_rows|OCTET_COMPOSITE|two_owner_pair_closure|p=12+12|d=1|q=neutral:0,QP093A-0298|unstable_resonance_rows|OCTET_COMPOSITE|two_owner_pair_closure|p=12+12|d=1|q=neutral:0,NATIVE_PARTICLE_IDENTITY_ASSIGNED_NO_KNOWN_LABEL,,,,no,yes,BOUND_COMPOSITE_ROW_ALLOWED,1575.0000,196.8750,1378.1250,
particle,QP093A-0299,QP093A-0299|unstable_resonance_rows|CLOSED_SCALAR_LOOP|closed_loop_parent|p=12+12|d=3|q=neutral:0,Higgs (H),REVEALED_KNOWN_DOWNSTREAM_LABEL,Higgs (H),,Higgs (H),no,yes,MATTER_ROW_ALLOWED_AFTER_REVEAL_DEBIT,125250.00,15656.25,109593.75,Higgs (H)|downstream_only
particle,QP093A-0300,QP093A-0300|carrier_only_rows|TENSOR_CARRIER|carrier_only|p=18|d=3|q=neutral:0,QP093A-0300|carrier_only_rows|TENSOR_CARRIER|carrier_only|p=18|d=3|q=neutral:0,NATIVE_PARTICLE_IDENTITY_ASSIGNED_NO_KNOWN_LABEL,,,,no,no,REJECT_MATTER_PROMOTION_CARRIER_ONLY,0,0,0,
particle,QP093A-0301,QP093A-0301|carrier_only_rows|ROAD_LIGHT_CARRIER|carrier_only|p=1|d=3|q=neutral:0,QP093A-0301|carrier_only_rows|ROAD_LIGHT_CARRIER|carrier_only|p=1|d=3|q=neutral:0,NATIVE_PARTICLE_IDENTITY_ASSIGNED_NO_KNOWN_LABEL,,,,no,no,REJECT_MATTER_PROMOTION_CARRIER_ONLY,0,0,0,
particle,QP093A-0302,QP093A-0302|carrier_only_rows|WEAK_VECTOR_CARRIER|carrier_only|p=9|d=3|q=neutral:0,QP093A-0302|carrier_only_rows|WEAK_VECTOR_CARRIER|carrier_only|p=9|d=3|q=neutral:0,NATIVE_PARTICLE_IDENTITY_ASSIGNED_NO_KNOWN_LABEL,,,,no,no,REJECT_MATTER_PROMOTION_CARRIER_ONLY,0,0,0,
particle,QP093A-0303,QP093A-0303|carrier_only_rows|NEUTRAL_VECTOR_CARRIER|carrier_only|p=81|d=3|q=neutral:0,QP093A-0303|carrier_only_rows|NEUTRAL_VECTOR_CARRIER|carrier_only|p=81|d=3|q=neutral:0,NATIVE_PARTICLE_IDENTITY_ASSIGNED_NO_KNOWN_LABEL,,,,no,no,REJECT_MATTER_PROMOTION_CARRIER_ONLY,0,0,0,
particle,QP093A-0304,QP093A-0304|carrier_only_rows|COLOR_OWNER_CARRIER|carrier_only|p=8|d=3|q=neutral:0,QP093A-0304|carrier_only_rows|COLOR_OWNER_CARRIER|carrier_only|p=8|d=3|q=neutral:0,NATIVE_PARTICLE_IDENTITY_ASSIGNED_NO_KNOWN_LABEL,,,,no,no,REJECT_MATTER_PROMOTION_CARRIER_ONLY,0,0,0,
particle,QP093A-0305,QP093A-0305|carrier_only_rows|A_FIELD_CARRIER|carrier_only|p=1|d=3|q=neutral:0,QP093A-0305|carrier_only_rows|A_FIELD_CARRIER|carrier_only|p=1|d=3|q=neutral:0,NATIVE_PARTICLE_IDENTITY_ASSIGNED_NO_KNOWN_LABEL,,,,no,no,REJECT_MATTER_PROMOTION_CARRIER_ONLY,0,0,0,
particle,QP093A-0306,QP093A-0306|hidden_source_support_rows|SOURCE_SUPPORT_PACKET|hidden_support|p=1|d=3|q=positive:1,QP093A-0306|hidden_source_support_rows|SOURCE_SUPPORT_PACKET|hidden_support|p=1|d=3|q=positive:1,NATIVE_PARTICLE_IDENTITY_ASSIGNED_NO_KNOWN_LABEL,,,,no,no,SOURCE_SUPPORT_NOT_PROMOTED,0,0,0,
particle,QP093A-0307,QP093A-0307|hidden_source_support_rows|SOURCE_SUPPORT_PACKET|hidden_support|p=2|d=3|q=positive:2,QP093A-0307|hidden_source_support_rows|SOURCE_SUPPORT_PACKET|hidden_support|p=2|d=3|q=positive:2,NATIVE_PARTICLE_IDENTITY_ASSIGNED_NO_KNOWN_LABEL,,,,no,no,SOURCE_SUPPORT_NOT_PROMOTED,0,0,0,
particle,QP093A-0308,QP093A-0308|hidden_source_support_rows|SOURCE_SUPPORT_PACKET|hidden_support|p=3|d=3|q=positive:3,QP093A-0308|hidden_source_support_rows|SOURCE_SUPPORT_PACKET|hidden_support|p=3|d=3|q=positive:3,NATIVE_PARTICLE_IDENTITY_ASSIGNED_NO_KNOWN_LABEL,,,,no,no,SOURCE_SUPPORT_NOT_PROMOTED,0,0,0,
particle,QP093A-0309,QP093A-0309|hidden_source_support_rows|SOURCE_SUPPORT_PACKET|hidden_support|p=4|d=3|q=positive:4,QP093A-0309|hidden_source_support_rows|SOURCE_SUPPORT_PACKET|hidden_support|p=4|d=3|q=positive:4,NATIVE_PARTICLE_IDENTITY_ASSIGNED_NO_KNOWN_LABEL,,,,no,no,SOURCE_SUPPORT_NOT_PROMOTED,0,0,0,
particle,QP093A-0310,QP093A-0310|hidden_source_support_rows|SOURCE_SUPPORT_PACKET|hidden_support|p=6|d=3|q=positive:6,QP093A-0310|hidden_source_support_rows|SOURCE_SUPPORT_PACKET|hidden_support|p=6|d=3|q=positive:6,NATIVE_PARTICLE_IDENTITY_ASSIGNED_NO_KNOWN_LABEL,,,,no,no,SOURCE_SUPPORT_NOT_PROMOTED,0,0,0,
particle,QP093A-0311,QP093A-0311|hidden_source_support_rows|SOURCE_SUPPORT_PACKET|hidden_support|p=8|d=3|q=positive:8,QP093A-0311|hidden_source_support_rows|SOURCE_SUPPORT_PACKET|hidden_support|p=8|d=3|q=positive:8,NATIVE_PARTICLE_IDENTITY_ASSIGNED_NO_KNOWN_LABEL,,,,no,no,SOURCE_SUPPORT_NOT_PROMOTED,0,0,0,
particle,QP093A-0312,QP093A-0312|hidden_source_support_rows|SOURCE_SUPPORT_PACKET|hidden_support|p=9|d=3|q=positive:9,QP093A-0312|hidden_source_support_rows|SOURCE_SUPPORT_PACKET|hidden_support|p=9|d=3|q=positive:9,NATIVE_PARTICLE_IDENTITY_ASSIGNED_NO_KNOWN_LABEL,,,,no,no,SOURCE_SUPPORT_NOT_PROMOTED,0,0,0,
particle,QP093A-0313,QP093A-0313|hidden_source_support_rows|SOURCE_SUPPORT_PACKET|hidden_support|p=12|d=3|q=positive:12,QP093A-0313|hidden_source_support_rows|SOURCE_SUPPORT_PACKET|hidden_support|p=12|d=3|q=positive:12,NATIVE_PARTICLE_IDENTITY_ASSIGNED_NO_KNOWN_LABEL,,,,no,no,SOURCE_SUPPORT_NOT_PROMOTED,0,0,0,
particle,QP093A-0314,QP093A-0314|rejected_fake_closures|DIRECT_QA_AS_MASS|fake_closure|p=1|d=0|q=neutral:0,QP093A-0314|rejected_fake_closures|DIRECT_QA_AS_MASS|fake_closure|p=1|d=0|q=neutral:0,NATIVE_PARTICLE_IDENTITY_ASSIGNED_NO_KNOWN_LABEL,,,,no,no,REJECT_DIRECT_QA_AS_MASS,0,0,0,
particle,QP093A-0315,QP093A-0315|rejected_fake_closures|PROMOTE_TENSOR_CARRIER|fake_closure|p=1|d=0|q=neutral:0,QP093A-0315|rejected_fake_closures|PROMOTE_TENSOR_CARRIER|fake_closure|p=1|d=0|q=neutral:0,NATIVE_PARTICLE_IDENTITY_ASSIGNED_NO_KNOWN_LABEL,,,,no,no,REJECT_CARRIER_PROMOTION,0,0,0,
particle,QP093A-0316,QP093A-0316|rejected_fake_closures|SKIP_LEDGER_COMPRESSION|fake_closure|p=1|d=0|q=neutral:0,QP093A-0316|rejected_fake_closures|SKIP_LEDGER_COMPRESSION|fake_closure|p=1|d=0|q=neutral:0,NATIVE_PARTICLE_IDENTITY_ASSIGNED_NO_KNOWN_LABEL,,,,no,no,REJECT_NO_COMPRESSION,0,0,0,
particle,QP093A-0317,QP093A-0317|rejected_fake_closures|RANDOM_ROUTE_CLOSURE|fake_closure|p=1|d=0|q=neutral:0,QP093A-0317|rejected_fake_closures|RANDOM_ROUTE_CLOSURE|fake_closure|p=1|d=0|q=neutral:0,NATIVE_PARTICLE_IDENTITY_ASSIGNED_NO_KNOWN_LABEL,,,,no,no,REJECT_RANDOM_CLOSURE,0,0,0,
particle,QP093A-0318,QP093A-0318|rejected_fake_closures|NEAREST_KNOWN_PARTICLE_MATCH|fake_closure|p=1|d=0|q=neutral:0,QP093A-0318|rejected_fake_closures|NEAREST_KNOWN_PARTICLE_MATCH|fake_closure|p=1|d=0|q=neutral:0,NATIVE_PARTICLE_IDENTITY_ASSIGNED_NO_KNOWN_LABEL,,,,no,no,REJECT_NEAREST_MATCH_CONSTRUCTION,0,0,0,
particle,QP093A-0319,QP093A-0319|rejected_fake_closures|OPEN_COLOR_NO_OWNER|fake_closure|p=1|d=0|q=neutral:0,QP093A-0319|rejected_fake_closures|OPEN_COLOR_NO_OWNER|fake_closure|p=1|d=0|q=neutral:0,NATIVE_PARTICLE_IDENTITY_ASSIGNED_NO_KNOWN_LABEL,,,,no,no,REJECT_OPEN_COLOR,0,0,0,
particle,QP093A-0320,QP093A-0320|rejected_fake_closures|SURFACE_STACK_DISABLED|fake_closure|p=1|d=0|q=neutral:0,QP093A-0320|rejected_fake_closures|SURFACE_STACK_DISABLED|fake_closure|p=1|d=0|q=neutral:0,NATIVE_PARTICLE_IDENTITY_ASSIGNED_NO_KNOWN_LABEL,,,,no,no,REJECT_NO_SURFACE_STACK,0,0,0,
particle,QP093A-0321,QP093A-0321|rejected_fake_closures|FAKE_PARENT_NO_CLOSED_LOOP|fake_closure|p=1|d=0|q=neutral:0,QP093A-0321|rejected_fake_closures|FAKE_PARENT_NO_CLOSED_LOOP|fake_closure|p=1|d=0|q=neutral:0,NATIVE_PARTICLE_IDENTITY_ASSIGNED_NO_KNOWN_LABEL,,,,no,no,REJECT_FAKE_PARENT,0,0,0,
matter,QP093A-0001,QP093A-0001|stable_matter_rows|V4_1_SINGLE_WRITE|single_write|p=1|d=0|q=positive:1,QP093A-0001|stable_matter_rows|V4_1_SINGLE_WRITE|single_write|p=1|d=0|q=positive:1,NATIVE_MATTER_IDENTITY_ASSIGNED_NO_KNOWN_LABEL,,,,no,yes,MATTER_ROW_ALLOWED_AFTER_SURFACE_GATE,1.258680555555555555555555555555555555555555555555555555555555555555555555555555555555555555555555555,0.1573350694444444444444444444444444444444444444444444444444444444444444444444444444444444444444444444,1.101345486111111111111111111111111111111111111111111111111111111111111111111111111111111111111111111,
matter,QP093A-0002,QP093A-0002|stable_matter_rows|V4_1_SINGLE_WRITE|single_write|p=1|d=0|q=negative:1,QP093A-0002|stable_matter_rows|V4_1_SINGLE_WRITE|single_write|p=1|d=0|q=negative:1,NATIVE_MATTER_IDENTITY_ASSIGNED_NO_KNOWN_LABEL,,,,no,yes,MATTER_ROW_ALLOWED_AFTER_SURFACE_GATE,1.510416666666666666666666666666666666666666666666666666666666666666666666666666666666666666666666666,0.1888020833333333333333333333333333333333333333333333333333333333333333333333333333333333333333333332,1.321614583333333333333333333333333333333333333333333333333333333333333333333333333333333333333333332,
matter,QP093A-0003,QP093A-0003|stable_matter_rows|OUTER_BINARY_NEUTRAL|outer_binary_neutral|p=1|d=0|q=neutral:0,QP093A-0003|stable_matter_rows|OUTER_BINARY_NEUTRAL|outer_binary_neutral|p=1|d=0|q=neutral:0,NATIVE_MATTER_IDENTITY_ASSIGNED_NO_KNOWN_LABEL,,,,no,yes,MATTER_ROW_ALLOWED_AFTER_SURFACE_GATE,0.125,0.015625,0.109375,
matter,QP093A-0004,QP093A-0004|stable_matter_rows|V4_1_SINGLE_WRITE|single_write|p=2|d=0|q=positive:2,QP093A-0004|stable_matter_rows|V4_1_SINGLE_WRITE|single_write|p=2|d=0|q=positive:2,NATIVE_MATTER_IDENTITY_ASSIGNED_NO_KNOWN_LABEL,,,,no,yes,MATTER_ROW_ALLOWED_AFTER_SURFACE_GATE,2.534722222222222222222222222222222222222222222222222222222222222222222222222222222222222222222222222,0.3168402777777777777777777777777777777777777777777777777777777777777777777777777777777777777777777778,2.217881944444444444444444444444444444444444444444444444444444444444444444444444444444444444444444444,
matter,QP093A-0005,QP093A-0005|stable_matter_rows|V4_1_SINGLE_WRITE|single_write|p=2|d=0|q=negative:2,QP093A-0005|stable_matter_rows|V4_1_SINGLE_WRITE|single_write|p=2|d=0|q=negative:2,NATIVE_MATTER_IDENTITY_ASSIGNED_NO_KNOWN_LABEL,,,,no,yes,MATTER_ROW_ALLOWED_AFTER_SURFACE_GATE,3.041666666666666666666666666666666666666666666666666666666666666666666666666666666666666666666666667,0.3802083333333333333333333333333333333333333333333333333333333333333333333333333333333333333333333334,2.661458333333333333333333333333333333333333333333333333333333333333333333333333333333333333333333334,
matter,QP093A-0006,QP093A-0006|stable_matter_rows|OUTER_BINARY_NEUTRAL|outer_binary_neutral|p=2|d=0|q=neutral:0,QP093A-0006|stable_matter_rows|OUTER_BINARY_NEUTRAL|outer_binary_neutral|p=2|d=0|q=neutral:0,NATIVE_MATTER_IDENTITY_ASSIGNED_NO_KNOWN_LABEL,,,,no,yes,MATTER_ROW_ALLOWED_AFTER_SURFACE_GATE,0.250,0.03125,0.21875,
matter,QP093A-0007,QP093A-0007|stable_matter_rows|V4_1_SINGLE_WRITE|single_write|p=3|d=0|q=positive:3,QP093A-0007|stable_matter_rows|V4_1_SINGLE_WRITE|single_write|p=3|d=0|q=positive:3,NATIVE_MATTER_IDENTITY_ASSIGNED_NO_KNOWN_LABEL,,,,no,yes,MATTER_ROW_ALLOWED_AFTER_SURFACE_GATE,3.828124999999999999999999999999999999999999999999999999999999999999999999999999999999999999999999999,0.4785156249999999999999999999999999999999999999999999999999999999999999999999999999999999999999999999,3.349609374999999999999999999999999999999999999999999999999999999999999999999999999999999999999999999,
matter,QP093A-0008,QP093A-0008|stable_matter_rows|V4_1_SINGLE_WRITE|single_write|p=3|d=0|q=negative:3,QP093A-0008|stable_matter_rows|V4_1_SINGLE_WRITE|single_write|p=3|d=0|q=negative:3,NATIVE_MATTER_IDENTITY_ASSIGNED_NO_KNOWN_LABEL,,,,no,yes,MATTER_ROW_ALLOWED_AFTER_SURFACE_GATE,4.593749999999999999999999999999999999999999999999999999999999999999999999999999999999999999999999998,0.5742187499999999999999999999999999999999999999999999999999999999999999999999999999999999999999999998,4.019531249999999999999999999999999999999999999999999999999999999999999999999999999999999999999999999,
matter,QP093A-0009,QP093A-0009|stable_matter_rows|OUTER_BINARY_NEUTRAL|outer_binary_neutral|p=3|d=0|q=neutral:0,QP093A-0009|stable_matter_rows|OUTER_BINARY_NEUTRAL|outer_binary_neutral|p=3|d=0|q=neutral:0,NATIVE_MATTER_IDENTITY_ASSIGNED_NO_KNOWN_LABEL,,,,no,yes,MATTER_ROW_ALLOWED_AFTER_SURFACE_GATE,0.375,0.046875,0.328125,
matter,QP093A-0010,QP093A-0010|stable_matter_rows|V4_1_SINGLE_WRITE|single_write|p=4|d=0|q=positive:4,QP093A-0010|stable_matter_rows|V4_1_SINGLE_WRITE|single_write|p=4|d=0|q=positive:4,NATIVE_MATTER_IDENTITY_ASSIGNED_NO_KNOWN_LABEL,,,,no,yes,MATTER_ROW_ALLOWED_AFTER_SURFACE_GATE,5.138888888888888888888888888888888888888888888888888888888888888888888888888888888888888888888888890,0.6423611111111111111111111111111111111111111111111111111111111111111111111111111111111111111111111112,4.496527777777777777777777777777777777777777777777777777777777777777777777777777777777777777777777779,
matter,QP093A-0011,QP093A-0011|stable_matter_rows|V4_1_SINGLE_WRITE|single_write|p=4|d=0|q=negative:4,QP093A-0011|stable_matter_rows|V4_1_SINGLE_WRITE|single_write|p=4|d=0|q=negative:4,NATIVE_MATTER_IDENTITY_ASSIGNED_NO_KNOWN_LABEL,,,,no,yes,MATTER_ROW_ALLOWED_AFTER_SURFACE_GATE,6.166666666666666666666666666666666666666666666666666666666666666666666666666666666666666666666666668,0.7708333333333333333333333333333333333333333333333333333333333333333333333333333333333333333333333335,5.395833333333333333333333333333333333333333333333333333333333333333333333333333333333333333333333335,
matter,QP093A-0012,QP093A-0012|stable_matter_rows|OUTER_BINARY_NEUTRAL|outer_binary_neutral|p=4|d=0|q=neutral:0,QP093A-0012|stable_matter_rows|OUTER_BINARY_NEUTRAL|outer_binary_neutral|p=4|d=0|q=neutral:0,NATIVE_MATTER_IDENTITY_ASSIGNED_NO_KNOWN_LABEL,,,,no,yes,MATTER_ROW_ALLOWED_AFTER_SURFACE_GATE,0.500,0.0625,0.4375,
matter,QP093A-0013,QP093A-0013|stable_matter_rows|V4_1_SINGLE_WRITE|single_write|p=6|d=0|q=positive:6,QP093A-0013|stable_matter_rows|V4_1_SINGLE_WRITE|single_write|p=6|d=0|q=positive:6,NATIVE_MATTER_IDENTITY_ASSIGNED_NO_KNOWN_LABEL,,,,no,yes,MATTER_ROW_ALLOWED_AFTER_SURFACE_GATE,7.812500000000000000000000000000000000000000000000000000000000000000000000000000000000000000000000002,0.9765625000000000000000000000000000000000000000000000000000000000000000000000000000000000000000000002,6.835937500000000000000000000000000000000000000000000000000000000000000000000000000000000000000000001,
matter,QP093A-0014,QP093A-0014|stable_matter_rows|V4_1_SINGLE_WRITE|single_write|p=6|d=0|q=negative:6,QP093A-0014|stable_matter_rows|V4_1_SINGLE_WRITE|single_write|p=6|d=0|q=negative:6,NATIVE_MATTER_IDENTITY_ASSIGNED_NO_KNOWN_LABEL,,,,no,yes,MATTER_ROW_ALLOWED_AFTER_SURFACE_GATE,9.375000000000000000000000000000000000000000000000000000000000000000000000000000000000000000000000003,1.171875000000000000000000000000000000000000000000000000000000000000000000000000000000000000000000000,8.203125000000000000000000000000000000000000000000000000000000000000000000000000000000000000000000002,
matter,QP093A-0015,QP093A-0015|stable_matter_rows|OUTER_BINARY_NEUTRAL|outer_binary_neutral|p=6|d=0|q=neutral:0,QP093A-0015|stable_matter_rows|OUTER_BINARY_NEUTRAL|outer_binary_neutral|p=6|d=0|q=neutral:0,NATIVE_MATTER_IDENTITY_ASSIGNED_NO_KNOWN_LABEL,,,,no,yes,MATTER_ROW_ALLOWED_AFTER_SURFACE_GATE,0.750,0.09375,0.65625,
matter,QP093A-0016,QP093A-0016|stable_matter_rows|V4_1_SINGLE_WRITE|single_write|p=8|d=0|q=positive:8,QP093A-0016|stable_matter_rows|V4_1_SINGLE_WRITE|single_write|p=8|d=0|q=positive:8,NATIVE_MATTER_IDENTITY_ASSIGNED_NO_KNOWN_LABEL,,,,no,yes,MATTER_ROW_ALLOWED_AFTER_SURFACE_GATE,10.55555555555555555555555555555555555555555555555555555555555555555555555555555555555555555555555556,1.319444444444444444444444444444444444444444444444444444444444444444444444444444444444444444444444445,9.236111111111111111111111111111111111111111111111111111111111111111111111111111111111111111111111115,
matter,QP093A-0017,QP093A-0017|stable_matter_rows|V4_1_SINGLE_WRITE|single_write|p=8|d=0|q=negative:8,QP093A-0017|stable_matter_rows|V4_1_SINGLE_WRITE|single_write|p=8|d=0|q=negative:8,NATIVE_MATTER_IDENTITY_ASSIGNED_NO_KNOWN_LABEL,,,,no,yes,MATTER_ROW_ALLOWED_AFTER_SURFACE_GATE,12.66666666666666666666666666666666666666666666666666666666666666666666666666666666666666666666666667,1.583333333333333333333333333333333333333333333333333333333333333333333333333333333333333333333333334,11.08333333333333333333333333333333333333333333333333333333333333333333333333333333333333333333333334,
matter,QP093A-0018,QP093A-0018|stable_matter_rows|OUTER_BINARY_NEUTRAL|outer_binary_neutral|p=8|d=0|q=neutral:0,QP093A-0018|stable_matter_rows|OUTER_BINARY_NEUTRAL|outer_binary_neutral|p=8|d=0|q=neutral:0,NATIVE_MATTER_IDENTITY_ASSIGNED_NO_KNOWN_LABEL,,,,no,yes,MATTER_ROW_ALLOWED_AFTER_SURFACE_GATE,1.000,0.125,0.875,
matter,QP093A-0019,QP093A-0019|stable_matter_rows|V4_1_SINGLE_WRITE|single_write|p=9|d=0|q=positive:9,QP093A-0019|stable_matter_rows|V4_1_SINGLE_WRITE|single_write|p=9|d=0|q=positive:9,NATIVE_MATTER_IDENTITY_ASSIGNED_NO_KNOWN_LABEL,,,,no,yes,MATTER_ROW_ALLOWED_AFTER_SURFACE_GATE,11.953125,1.494140625,10.458984375,
matter,QP093A-0020,QP093A-0020|stable_matter_rows|V4_1_SINGLE_WRITE|single_write|p=9|d=0|q=negative:9,QP093A-0020|stable_matter_rows|V4_1_SINGLE_WRITE|single_write|p=9|d=0|q=negative:9,NATIVE_MATTER_IDENTITY_ASSIGNED_NO_KNOWN_LABEL,,,,no,yes,MATTER_ROW_ALLOWED_AFTER_SURFACE_GATE,14.34375,1.79296875,12.55078125,
matter,QP093A-0021,QP093A-0021|stable_matter_rows|OUTER_BINARY_NEUTRAL|outer_binary_neutral|p=9|d=0|q=neutral:0,QP093A-0021|stable_matter_rows|OUTER_BINARY_NEUTRAL|outer_binary_neutral|p=9|d=0|q=neutral:0,NATIVE_MATTER_IDENTITY_ASSIGNED_NO_KNOWN_LABEL,,,,no,yes,MATTER_ROW_ALLOWED_AFTER_SURFACE_GATE,1.125,0.140625,0.984375,
matter,QP093A-0022,QP093A-0022|stable_matter_rows|V4_1_SINGLE_WRITE|single_write|p=12|d=0|q=positive:12,QP093A-0022|stable_matter_rows|V4_1_SINGLE_WRITE|single_write|p=12|d=0|q=positive:12,NATIVE_MATTER_IDENTITY_ASSIGNED_NO_KNOWN_LABEL,,,,no,yes,MATTER_ROW_ALLOWED_AFTER_SURFACE_GATE,16.25000000000000000000000000000000000000000000000000000000000000000000000000000000000000000000000000,2.03125000000000000000000000000000000000000000000000000000000000000000000000000000000000000000000000,14.2187500000000000000000000000000000000000000000000000000000000000000000000000000000000000000000000,
matter,QP093A-0023,QP093A-0023|stable_matter_rows|V4_1_SINGLE_WRITE|single_write|p=12|d=0|q=negative:12,QP093A-0023|stable_matter_rows|V4_1_SINGLE_WRITE|single_write|p=12|d=0|q=negative:12,NATIVE_MATTER_IDENTITY_ASSIGNED_NO_KNOWN_LABEL,,,,no,yes,MATTER_ROW_ALLOWED_AFTER_SURFACE_GATE,19.49999999999999999999999999999999999999999999999999999999999999999999999999999999999999999999999999,2.437499999999999999999999999999999999999999999999999999999999999999999999999999999999999999999999999,17.06249999999999999999999999999999999999999999999999999999999999999999999999999999999999999999999999,
matter,QP093A-0024,QP093A-0024|stable_matter_rows|OUTER_BINARY_NEUTRAL|outer_binary_neutral|p=12|d=0|q=neutral:0,QP093A-0024|stable_matter_rows|OUTER_BINARY_NEUTRAL|outer_binary_neutral|p=12|d=0|q=neutral:0,NATIVE_MATTER_IDENTITY_ASSIGNED_NO_KNOWN_LABEL,,,,no,yes,MATTER_ROW_ALLOWED_AFTER_SURFACE_GATE,1.500,0.1875,1.3125,
matter,QP093A-0025,QP093A-0025|stable_matter_rows|V4_1_SINGLE_WRITE|single_write|p=1|d=1|q=positive:1,QP093A-0025|stable_matter_rows|V4_1_SINGLE_WRITE|single_write|p=1|d=1|q=positive:1,NATIVE_MATTER_IDENTITY_ASSIGNED_NO_KNOWN_LABEL,,,,no,yes,MATTER_ROW_ALLOWED_AFTER_SURFACE_GATE,15.10416666666666666666666666666666666666666666666666666666666666666666666666666666666666666666666666,1.888020833333333333333333333333333333333333333333333333333333333333333333333333333333333333333333332,13.21614583333333333333333333333333333333333333333333333333333333333333333333333333333333333333333332,
matter,QP093A-0026,QP093A-0026|stable_matter_rows|V4_1_SINGLE_WRITE|single_write|p=1|d=1|q=negative:1,QP093A-0026|stable_matter_rows|V4_1_SINGLE_WRITE|single_write|p=1|d=1|q=negative:1,NATIVE_MATTER_IDENTITY_ASSIGNED_NO_KNOWN_LABEL,,,,no,yes,MATTER_ROW_ALLOWED_AFTER_SURFACE_GATE,18.12499999999999999999999999999999999999999999999999999999999999999999999999999999999999999999999999,2.265624999999999999999999999999999999999999999999999999999999999999999999999999999999999999999999999,15.85937499999999999999999999999999999999999999999999999999999999999999999999999999999999999999999999,
matter,QP093A-0027,QP093A-0027|stable_matter_rows|OUTER_BINARY_NEUTRAL|outer_binary_neutral|p=1|d=1|q=neutral:0,QP093A-0027|stable_matter_rows|OUTER_BINARY_NEUTRAL|outer_binary_neutral|p=1|d=1|q=neutral:0,NATIVE_MATTER_IDENTITY_ASSIGNED_NO_KNOWN_LABEL,,,,no,yes,MATTER_ROW_ALLOWED_AFTER_SURFACE_GATE,1.500,0.1875,1.3125,
matter,QP093A-0028,QP093A-0028|stable_matter_rows|V4_1_SINGLE_WRITE|single_write|p=2|d=1|q=positive:2,QP093A-0028|stable_matter_rows|V4_1_SINGLE_WRITE|single_write|p=2|d=1|q=positive:2,NATIVE_MATTER_IDENTITY_ASSIGNED_NO_KNOWN_LABEL,,,,no,yes,MATTER_ROW_ALLOWED_AFTER_SURFACE_GATE,30.41666666666666666666666666666666666666666666666666666666666666666666666666666666666666666666666667,3.802083333333333333333333333333333333333333333333333333333333333333333333333333333333333333333333334,26.61458333333333333333333333333333333333333333333333333333333333333333333333333333333333333333333334,
matter,QP093A-0029,QP093A-0029|stable_matter_rows|V4_1_SINGLE_WRITE|single_write|p=2|d=1|q=negative:2,QP093A-0029|stable_matter_rows|V4_1_SINGLE_WRITE|single_write|p=2|d=1|q=negative:2,NATIVE_MATTER_IDENTITY_ASSIGNED_NO_KNOWN_LABEL,,,,no,yes,MATTER_ROW_ALLOWED_AFTER_SURFACE_GATE,36.50000000000000000000000000000000000000000000000000000000000000000000000000000000000000000000000000,4.56250000000000000000000000000000000000000000000000000000000000000000000000000000000000000000000000,31.9375000000000000000000000000000000000000000000000000000000000000000000000000000000000000000000000,
matter,QP093A-0030,QP093A-0030|stable_matter_rows|OUTER_BINARY_NEUTRAL|outer_binary_neutral|p=2|d=1|q=neutral:0,QP093A-0030|stable_matter_rows|OUTER_BINARY_NEUTRAL|outer_binary_neutral|p=2|d=1|q=neutral:0,NATIVE_MATTER_IDENTITY_ASSIGNED_NO_KNOWN_LABEL,,,,no,yes,MATTER_ROW_ALLOWED_AFTER_SURFACE_GATE,3.000,0.375,2.625,
matter,QP093A-0031,QP093A-0031|stable_matter_rows|V4_1_SINGLE_WRITE|single_write|p=3|d=1|q=positive:3,QP093A-0031|stable_matter_rows|V4_1_SINGLE_WRITE|single_write|p=3|d=1|q=positive:3,NATIVE_MATTER_IDENTITY_ASSIGNED_NO_KNOWN_LABEL,,,,no,yes,MATTER_ROW_ALLOWED_AFTER_SURFACE_GATE,45.93749999999999999999999999999999999999999999999999999999999999999999999999999999999999999999999998,5.742187499999999999999999999999999999999999999999999999999999999999999999999999999999999999999999998,40.19531249999999999999999999999999999999999999999999999999999999999999999999999999999999999999999999,
matter,QP093A-0032,QP093A-0032|stable_matter_rows|V4_1_SINGLE_WRITE|single_write|p=3|d=1|q=negative:3,QP093A-0032|stable_matter_rows|V4_1_SINGLE_WRITE|single_write|p=3|d=1|q=negative:3,NATIVE_MATTER_IDENTITY_ASSIGNED_NO_KNOWN_LABEL,,,,no,yes,MATTER_ROW_ALLOWED_AFTER_SURFACE_GATE,55.12499999999999999999999999999999999999999999999999999999999999999999999999999999999999999999999998,6.890624999999999999999999999999999999999999999999999999999999999999999999999999999999999999999999998,48.23437499999999999999999999999999999999999999999999999999999999999999999999999999999999999999999999,
matter,QP093A-0033,QP093A-0033|stable_matter_rows|OUTER_BINARY_NEUTRAL|outer_binary_neutral|p=3|d=1|q=neutral:0,QP093A-0033|stable_matter_rows|OUTER_BINARY_NEUTRAL|outer_binary_neutral|p=3|d=1|q=neutral:0,NATIVE_MATTER_IDENTITY_ASSIGNED_NO_KNOWN_LABEL,,,,no,yes,MATTER_ROW_ALLOWED_AFTER_SURFACE_GATE,4.500,0.5625,3.9375,
matter,QP093A-0034,QP093A-0034|stable_matter_rows|V4_1_SINGLE_WRITE|single_write|p=4|d=1|q=positive:4,QP093A-0034|stable_matter_rows|V4_1_SINGLE_WRITE|single_write|p=4|d=1|q=positive:4,NATIVE_MATTER_IDENTITY_ASSIGNED_NO_KNOWN_LABEL,,,,no,yes,MATTER_ROW_ALLOWED_AFTER_SURFACE_GATE,61.66666666666666666666666666666666666666666666666666666666666666666666666666666666666666666666666668,7.708333333333333333333333333333333333333333333333333333333333333333333333333333333333333333333333335,53.95833333333333333333333333333333333333333333333333333333333333333333333333333333333333333333333335,
matter,QP093A-0035,QP093A-0035|stable_matter_rows|V4_1_SINGLE_WRITE|single_write|p=4|d=1|q=negative:4,QP093A-0035|stable_matter_rows|V4_1_SINGLE_WRITE|single_write|p=4|d=1|q=negative:4,NATIVE_MATTER_IDENTITY_ASSIGNED_NO_KNOWN_LABEL,,,,no,yes,MATTER_ROW_ALLOWED_AFTER_SURFACE_GATE,74.00000000000000000000000000000000000000000000000000000000000000000000000000000000000000000000000002,9.250000000000000000000000000000000000000000000000000000000000000000000000000000000000000000000000002,64.75000000000000000000000000000000000000000000000000000000000000000000000000000000000000000000000001,
matter,QP093A-0036,QP093A-0036|stable_matter_rows|OUTER_BINARY_NEUTRAL|outer_binary_neutral|p=4|d=1|q=neutral:0,QP093A-0036|stable_matter_rows|OUTER_BINARY_NEUTRAL|outer_binary_neutral|p=4|d=1|q=neutral:0,NATIVE_MATTER_IDENTITY_ASSIGNED_NO_KNOWN_LABEL,,,,no,yes,MATTER_ROW_ALLOWED_AFTER_SURFACE_GATE,6.000,0.750,5.250,
matter,QP093A-0037,QP093A-0037|stable_matter_rows|V4_1_SINGLE_WRITE|single_write|p=6|d=1|q=positive:6,QP093A-0037|stable_matter_rows|V4_1_SINGLE_WRITE|single_write|p=6|d=1|q=positive:6,NATIVE_MATTER_IDENTITY_ASSIGNED_NO_KNOWN_LABEL,,,,no,yes,MATTER_ROW_ALLOWED_AFTER_SURFACE_GATE,93.75000000000000000000000000000000000000000000000000000000000000000000000000000000000000000000000003,11.71875000000000000000000000000000000000000000000000000000000000000000000000000000000000000000000000,82.03125000000000000000000000000000000000000000000000000000000000000000000000000000000000000000000002,
matter,QP093A-0038,QP093A-0038|stable_matter_rows|V4_1_SINGLE_WRITE|single_write|p=6|d=1|q=negative:6,QP093A-0038|stable_matter_rows|V4_1_SINGLE_WRITE|single_write|p=6|d=1|q=negative:6,NATIVE_MATTER_IDENTITY_ASSIGNED_NO_KNOWN_LABEL,,,,no,yes,MATTER_ROW_ALLOWED_AFTER_SURFACE_GATE,112.5000000000000000000000000000000000000000000000000000000000000000000000000000000000000000000000000,14.0625000000000000000000000000000000000000000000000000000000000000000000000000000000000000000000000,98.4375000000000000000000000000000000000000000000000000000000000000000000000000000000000000000000000,
matter,QP093A-0039,QP093A-0039|stable_matter_rows|OUTER_BINARY_NEUTRAL|outer_binary_neutral|p=6|d=1|q=neutral:0,QP093A-0039|stable_matter_rows|OUTER_BINARY_NEUTRAL|outer_binary_neutral|p=6|d=1|q=neutral:0,NATIVE_MATTER_IDENTITY_ASSIGNED_NO_KNOWN_LABEL,,,,no,yes,MATTER_ROW_ALLOWED_AFTER_SURFACE_GATE,9.000,1.125,7.875,
matter,QP093A-0040,QP093A-0040|stable_matter_rows|V4_1_SINGLE_WRITE|single_write|p=8|d=1|q=positive:8,QP093A-0040|stable_matter_rows|V4_1_SINGLE_WRITE|single_write|p=8|d=1|q=positive:8,NATIVE_MATTER_IDENTITY_ASSIGNED_NO_KNOWN_LABEL,,,,no,yes,MATTER_ROW_ALLOWED_AFTER_SURFACE_GATE,126.6666666666666666666666666666666666666666666666666666666666666666666666666666666666666666666666667,15.83333333333333333333333333333333333333333333333333333333333333333333333333333333333333333333333334,110.8333333333333333333333333333333333333333333333333333333333333333333333333333333333333333333333334,
matter,QP093A-0041,QP093A-0041|stable_matter_rows|V4_1_SINGLE_WRITE|single_write|p=8|d=1|q=negative:8,QP093A-0041|stable_matter_rows|V4_1_SINGLE_WRITE|single_write|p=8|d=1|q=negative:8,NATIVE_MATTER_IDENTITY_ASSIGNED_NO_KNOWN_LABEL,,,,no,yes,MATTER_ROW_ALLOWED_AFTER_SURFACE_GATE,152.0000000000000000000000000000000000000000000000000000000000000000000000000000000000000000000000001,19.00000000000000000000000000000000000000000000000000000000000000000000000000000000000000000000000001,133.0000000000000000000000000000000000000000000000000000000000000000000000000000000000000000000000001,
matter,QP093A-0042,QP093A-0042|stable_matter_rows|OUTER_BINARY_NEUTRAL|outer_binary_neutral|p=8|d=1|q=neutral:0,QP093A-0042|stable_matter_rows|OUTER_BINARY_NEUTRAL|outer_binary_neutral|p=8|d=1|q=neutral:0,NATIVE_MATTER_IDENTITY_ASSIGNED_NO_KNOWN_LABEL,,,,no,yes,MATTER_ROW_ALLOWED_AFTER_SURFACE_GATE,12.000,1.500,10.500,
matter,QP093A-0043,QP093A-0043|stable_matter_rows|V4_1_SINGLE_WRITE|single_write|p=9|d=1|q=positive:9,QP093A-0043|stable_matter_rows|V4_1_SINGLE_WRITE|single_write|p=9|d=1|q=positive:9,NATIVE_MATTER_IDENTITY_ASSIGNED_NO_KNOWN_LABEL,,,,no,yes,MATTER_ROW_ALLOWED_AFTER_SURFACE_GATE,143.437500,17.9296875,125.5078125,
matter,QP093A-0044,QP093A-0044|stable_matter_rows|V4_1_SINGLE_WRITE|single_write|p=9|d=1|q=negative:9,QP093A-0044|stable_matter_rows|V4_1_SINGLE_WRITE|single_write|p=9|d=1|q=negative:9,NATIVE_MATTER_IDENTITY_ASSIGNED_NO_KNOWN_LABEL,,,,no,yes,MATTER_ROW_ALLOWED_AFTER_SURFACE_GATE,172.12500,21.515625,150.609375,
matter,QP093A-0045,QP093A-0045|stable_matter_rows|OUTER_BINARY_NEUTRAL|outer_binary_neutral|p=9|d=1|q=neutral:0,QP093A-0045|stable_matter_rows|OUTER_BINARY_NEUTRAL|outer_binary_neutral|p=9|d=1|q=neutral:0,NATIVE_MATTER_IDENTITY_ASSIGNED_NO_KNOWN_LABEL,,,,no,yes,MATTER_ROW_ALLOWED_AFTER_SURFACE_GATE,13.500,1.6875,11.8125,
matter,QP093A-0046,QP093A-0046|stable_matter_rows|V4_1_SINGLE_WRITE|single_write|p=12|d=1|q=positive:12,QP093A-0046|stable_matter_rows|V4_1_SINGLE_WRITE|single_write|p=12|d=1|q=positive:12,NATIVE_MATTER_IDENTITY_ASSIGNED_NO_KNOWN_LABEL,,,,no,yes,MATTER_ROW_ALLOWED_AFTER_SURFACE_GATE,194.9999999999999999999999999999999999999999999999999999999999999999999999999999999999999999999999999,24.37499999999999999999999999999999999999999999999999999999999999999999999999999999999999999999999999,170.6249999999999999999999999999999999999999999999999999999999999999999999999999999999999999999999999,
matter,QP093A-0047,QP093A-0047|stable_matter_rows|V4_1_SINGLE_WRITE|single_write|p=12|d=1|q=negative:12,QP093A-0047|stable_matter_rows|V4_1_SINGLE_WRITE|single_write|p=12|d=1|q=negative:12,NATIVE_MATTER_IDENTITY_ASSIGNED_NO_KNOWN_LABEL,,,,no,yes,MATTER_ROW_ALLOWED_AFTER_SURFACE_GATE,233.9999999999999999999999999999999999999999999999999999999999999999999999999999999999999999999999999,29.24999999999999999999999999999999999999999999999999999999999999999999999999999999999999999999999999,204.7499999999999999999999999999999999999999999999999999999999999999999999999999999999999999999999999,
matter,QP093A-0048,QP093A-0048|stable_matter_rows|OUTER_BINARY_NEUTRAL|outer_binary_neutral|p=12|d=1|q=neutral:0,QP093A-0048|stable_matter_rows|OUTER_BINARY_NEUTRAL|outer_binary_neutral|p=12|d=1|q=neutral:0,NATIVE_MATTER_IDENTITY_ASSIGNED_NO_KNOWN_LABEL,,,,no,yes,MATTER_ROW_ALLOWED_AFTER_SURFACE_GATE,18.000,2.250,15.750,
matter,QP093A-0049,QP093A-0049|stable_matter_rows|V4_1_SINGLE_WRITE|single_write|p=1|d=2|q=positive:1,QP093A-0049|stable_matter_rows|V4_1_SINGLE_WRITE|single_write|p=1|d=2|q=positive:1,NATIVE_MATTER_IDENTITY_ASSIGNED_NO_KNOWN_LABEL,,,,no,yes,MATTER_ROW_ALLOWED_AFTER_SURFACE_GATE,181.2499999999999999999999999999999999999999999999999999999999999999999999999999999999999999999999999,22.65624999999999999999999999999999999999999999999999999999999999999999999999999999999999999999999999,158.5937499999999999999999999999999999999999999999999999999999999999999999999999999999999999999999999,
matter,QP093A-0050,QP093A-0050|stable_matter_rows|V4_1_SINGLE_WRITE|single_write|p=1|d=2|q=negative:1,QP093A-0050|stable_matter_rows|V4_1_SINGLE_WRITE|single_write|p=1|d=2|q=negative:1,NATIVE_MATTER_IDENTITY_ASSIGNED_NO_KNOWN_LABEL,,,,no,yes,MATTER_ROW_ALLOWED_AFTER_SURFACE_GATE,217.4999999999999999999999999999999999999999999999999999999999999999999999999999999999999999999999999,27.18749999999999999999999999999999999999999999999999999999999999999999999999999999999999999999999999,190.3124999999999999999999999999999999999999999999999999999999999999999999999999999999999999999999999,
matter,QP093A-0051,QP093A-0051|stable_matter_rows|OUTER_BINARY_NEUTRAL|outer_binary_neutral|p=1|d=2|q=neutral:0,QP093A-0051|stable_matter_rows|OUTER_BINARY_NEUTRAL|outer_binary_neutral|p=1|d=2|q=neutral:0,NATIVE_MATTER_IDENTITY_ASSIGNED_NO_KNOWN_LABEL,,,,no,yes,MATTER_ROW_ALLOWED_AFTER_SURFACE_GATE,18.000,2.250,15.750,
matter,QP093A-0052,QP093A-0052|stable_matter_rows|V4_1_SINGLE_WRITE|single_write|p=2|d=2|q=positive:2,QP093A-0052|stable_matter_rows|V4_1_SINGLE_WRITE|single_write|p=2|d=2|q=positive:2,NATIVE_MATTER_IDENTITY_ASSIGNED_NO_KNOWN_LABEL,,,,no,yes,MATTER_ROW_ALLOWED_AFTER_SURFACE_GATE,365.0000000000000000000000000000000000000000000000000000000000000000000000000000000000000000000000000,45.6250000000000000000000000000000000000000000000000000000000000000000000000000000000000000000000000,319.375000000000000000000000000000000000000000000000000000000000000000000000000000000000000000000000,
matter,QP093A-0053,QP093A-0053|stable_matter_rows|V4_1_SINGLE_WRITE|single_write|p=2|d=2|q=negative:2,QP093A-0053|stable_matter_rows|V4_1_SINGLE_WRITE|single_write|p=2|d=2|q=negative:2,NATIVE_MATTER_IDENTITY_ASSIGNED_NO_KNOWN_LABEL,,,,no,yes,MATTER_ROW_ALLOWED_AFTER_SURFACE_GATE,438.0000000000000000000000000000000000000000000000000000000000000000000000000000000000000000000000000,54.7500000000000000000000000000000000000000000000000000000000000000000000000000000000000000000000000,383.250000000000000000000000000000000000000000000000000000000000000000000000000000000000000000000000,
matter,QP093A-0054,QP093A-0054|stable_matter_rows|OUTER_BINARY_NEUTRAL|outer_binary_neutral|p=2|d=2|q=neutral:0,QP093A-0054|stable_matter_rows|OUTER_BINARY_NEUTRAL|outer_binary_neutral|p=2|d=2|q=neutral:0,NATIVE_MATTER_IDENTITY_ASSIGNED_NO_KNOWN_LABEL,,,,no,yes,MATTER_ROW_ALLOWED_AFTER_SURFACE_GATE,36.000,4.500,31.500,
matter,QP093A-0055,QP093A-0055|stable_matter_rows|V4_1_SINGLE_WRITE|single_write|p=3|d=2|q=positive:3,QP093A-0055|stable_matter_rows|V4_1_SINGLE_WRITE|single_write|p=3|d=2|q=positive:3,NATIVE_MATTER_IDENTITY_ASSIGNED_NO_KNOWN_LABEL,,,,no,yes,MATTER_ROW_ALLOWED_AFTER_SURFACE_GATE,551.2499999999999999999999999999999999999999999999999999999999999999999999999999999999999999999999998,68.90624999999999999999999999999999999999999999999999999999999999999999999999999999999999999999999998,482.3437499999999999999999999999999999999999999999999999999999999999999999999999999999999999999999999,
matter,QP093A-0056,QP093A-0056|stable_matter_rows|V4_1_SINGLE_WRITE|single_write|p=3|d=2|q=negative:3,QP093A-0056|stable_matter_rows|V4_1_SINGLE_WRITE|single_write|p=3|d=2|q=negative:3,NATIVE_MATTER_IDENTITY_ASSIGNED_NO_KNOWN_LABEL,,,,no,yes,MATTER_ROW_ALLOWED_AFTER_SURFACE_GATE,661.4999999999999999999999999999999999999999999999999999999999999999999999999999999999999999999999998,82.68749999999999999999999999999999999999999999999999999999999999999999999999999999999999999999999998,578.8124999999999999999999999999999999999999999999999999999999999999999999999999999999999999999999999,
matter,QP093A-0057,QP093A-0057|stable_matter_rows|OUTER_BINARY_NEUTRAL|outer_binary_neutral|p=3|d=2|q=neutral:0,QP093A-0057|stable_matter_rows|OUTER_BINARY_NEUTRAL|outer_binary_neutral|p=3|d=2|q=neutral:0,NATIVE_MATTER_IDENTITY_ASSIGNED_NO_KNOWN_LABEL,,,,no,yes,MATTER_ROW_ALLOWED_AFTER_SURFACE_GATE,54.000,6.750,47.250,
matter,QP093A-0058,QP093A-0058|stable_matter_rows|V4_1_SINGLE_WRITE|single_write|p=4|d=2|q=positive:4,QP093A-0058|stable_matter_rows|V4_1_SINGLE_WRITE|single_write|p=4|d=2|q=positive:4,NATIVE_MATTER_IDENTITY_ASSIGNED_NO_KNOWN_LABEL,,,,no,yes,MATTER_ROW_ALLOWED_AFTER_SURFACE_GATE,740.0000000000000000000000000000000000000000000000000000000000000000000000000000000000000000000000002,92.50000000000000000000000000000000000000000000000000000000000000000000000000000000000000000000000002,647.5000000000000000000000000000000000000000000000000000000000000000000000000000000000000000000000001,
matter,QP093A-0059,QP093A-0059|stable_matter_rows|V4_1_SINGLE_WRITE|single_write|p=4|d=2|q=negative:4,QP093A-0059|stable_matter_rows|V4_1_SINGLE_WRITE|single_write|p=4|d=2|q=negative:4,NATIVE_MATTER_IDENTITY_ASSIGNED_NO_KNOWN_LABEL,,,,no,yes,MATTER_ROW_ALLOWED_AFTER_SURFACE_GATE,888.0000000000000000000000000000000000000000000000000000000000000000000000000000000000000000000000002,111.0000000000000000000000000000000000000000000000000000000000000000000000000000000000000000000000000,777.0000000000000000000000000000000000000000000000000000000000000000000000000000000000000000000000001,
matter,QP093A-0060,QP093A-0060|stable_matter_rows|OUTER_BINARY_NEUTRAL|outer_binary_neutral|p=4|d=2|q=neutral:0,QP093A-0060|stable_matter_rows|OUTER_BINARY_NEUTRAL|outer_binary_neutral|p=4|d=2|q=neutral:0,NATIVE_MATTER_IDENTITY_ASSIGNED_NO_KNOWN_LABEL,,,,no,yes,MATTER_ROW_ALLOWED_AFTER_SURFACE_GATE,72.000,9.000,63.000,
matter,QP093A-0061,QP093A-0061|stable_matter_rows|V4_1_SINGLE_WRITE|single_write|p=6|d=2|q=positive:6,QP093A-0061|stable_matter_rows|V4_1_SINGLE_WRITE|single_write|p=6|d=2|q=positive:6,NATIVE_MATTER_IDENTITY_ASSIGNED_NO_KNOWN_LABEL,,,,no,yes,MATTER_ROW_ALLOWED_AFTER_SURFACE_GATE,1125.000000000000000000000000000000000000000000000000000000000000000000000000000000000000000000000000,140.625000000000000000000000000000000000000000000000000000000000000000000000000000000000000000000000,984.375000000000000000000000000000000000000000000000000000000000000000000000000000000000000000000000,
matter,QP093A-0062,QP093A-0062|stable_matter_rows|V4_1_SINGLE_WRITE|single_write|p=6|d=2|q=negative:6,QP093A-0062|stable_matter_rows|V4_1_SINGLE_WRITE|single_write|p=6|d=2|q=negative:6,NATIVE_MATTER_IDENTITY_ASSIGNED_NO_KNOWN_LABEL,,,,no,yes,MATTER_ROW_ALLOWED_AFTER_SURFACE_GATE,1350.000000000000000000000000000000000000000000000000000000000000000000000000000000000000000000000000,168.750000000000000000000000000000000000000000000000000000000000000000000000000000000000000000000000,1181.250000000000000000000000000000000000000000000000000000000000000000000000000000000000000000000000,
matter,QP093A-0063,QP093A-0063|stable_matter_rows|OUTER_BINARY_NEUTRAL|outer_binary_neutral|p=6|d=2|q=neutral:0,QP093A-0063|stable_matter_rows|OUTER_BINARY_NEUTRAL|outer_binary_neutral|p=6|d=2|q=neutral:0,NATIVE_MATTER_IDENTITY_ASSIGNED_NO_KNOWN_LABEL,,,,no,yes,MATTER_ROW_ALLOWED_AFTER_SURFACE_GATE,108.000,13.500,94.500,
matter,QP093A-0115,QP093A-0115|bound_composite_rows|GROUND_BARYON_3BODY|three_owner_color_closure|p=1+1+1|d=0|q=positive:1,QP093A-0115|bound_composite_rows|GROUND_BARYON_3BODY|three_owner_color_closure|p=1+1+1|d=0|q=positive:1,NATIVE_MATTER_IDENTITY_ASSIGNED_NO_KNOWN_LABEL,,,,no,yes,BOUND_MATTER_ROW_ALLOWED,72.49999999999999999999999999999999999999999999999999999999999999999999999999999999999999999999999997,9.062499999999999999999999999999999999999999999999999999999999999999999999999999999999999999999999996,63.43749999999999999999999999999999999999999999999999999999999999999999999999999999999999999999999998,
matter,QP093A-0118,QP093A-0118|bound_composite_rows|GROUND_BARYON_3BODY|three_owner_color_closure|p=1+1+4|d=0|q=positive:1,QP093A-0118|bound_composite_rows|GROUND_BARYON_3BODY|three_owner_color_closure|p=1+1+4|d=0|q=positive:1,NATIVE_MATTER_IDENTITY_ASSIGNED_NO_KNOWN_LABEL,,,,no,yes,BOUND_MATTER_ROW_ALLOWED,434.9999999999999999999999999999999999999999999999999999999999999999999999999999999999999999999999998,54.37499999999999999999999999999999999999999999999999999999999999999999999999999999999999999999999998,380.6249999999999999999999999999999999999999999999999999999999999999999999999999999999999999999999999,
matter,QP093A-0124,QP093A-0124|bound_composite_rows|GROUND_BARYON_3BODY|three_owner_color_closure|p=1+2+3|d=0|q=negative:1,QP093A-0124|bound_composite_rows|GROUND_BARYON_3BODY|three_owner_color_closure|p=1+2+3|d=0|q=negative:1,NATIVE_MATTER_IDENTITY_ASSIGNED_NO_KNOWN_LABEL,,,,no,yes,BOUND_MATTER_ROW_ALLOWED,676.6666666666666666666666666666666666666666666666666666666666666666666666666666666666666666666666664,84.5833333333333333333333333333333333333333333333333333333333333333333333333333333333333333333333333,592.0833333333333333333333333333333333333333333333333333333333333333333333333333333333333333333333331,
matter,QP093A-0126,QP093A-0126|bound_composite_rows|GROUND_BARYON_3BODY|three_owner_color_closure|p=1+2+6|d=0|q=negative:1,QP093A-0126|bound_composite_rows|GROUND_BARYON_3BODY|three_owner_color_closure|p=1+2+6|d=0|q=negative:1,NATIVE_MATTER_IDENTITY_ASSIGNED_NO_KNOWN_LABEL,,,,no,yes,BOUND_MATTER_ROW_ALLOWED,1981.666666666666666666666666666666666666666666666666666666666666666666666666666666666666666666666666,247.7083333333333333333333333333333333333333333333333333333333333333333333333333333333333333333333332,1733.958333333333333333333333333333333333333333333333333333333333333333333333333333333333333333333332,
matter,QP093A-0136,QP093A-0136|bound_composite_rows|GROUND_BARYON_3BODY|three_owner_color_closure|p=1+4+4|d=0|q=negative:2,QP093A-0136|bound_composite_rows|GROUND_BARYON_3BODY|three_owner_color_closure|p=1+4+4|d=0|q=negative:2,NATIVE_MATTER_IDENTITY_ASSIGNED_NO_KNOWN_LABEL,,,,no,yes,BOUND_MATTER_ROW_ALLOWED,1706.375000000000000000000000000000000000000000000000000000000000000000000000000000000000000000000000,213.296875000000000000000000000000000000000000000000000000000000000000000000000000000000000000000000,1493.07812500000000000000000000000000000000000000000000000000000000000000000000000000000000000000000,
matter,QP093A-0142,QP093A-0142|bound_composite_rows|GROUND_BARYON_3BODY|three_owner_color_closure|p=1+6+8|d=0|q=negative:3,QP093A-0142|bound_composite_rows|GROUND_BARYON_3BODY|three_owner_color_closure|p=1+6+8|d=0|q=negative:3,NATIVE_MATTER_IDENTITY_ASSIGNED_NO_KNOWN_LABEL,,,,no,yes,BOUND_MATTER_ROW_ALLOWED,5567.624999999999999999999999999999999999999999999999999999999999999999999999999999999999999999999998,695.9531249999999999999999999999999999999999999999999999999999999999999999999999999999999999999999998,4871.671874999999999999999999999999999999999999999999999999999999999999999999999999999999999999999999,
matter,QP093A-0151,QP093A-0151|bound_composite_rows|GROUND_BARYON_3BODY|three_owner_color_closure|p=2+2+2|d=0|q=positive:2,QP093A-0151|bound_composite_rows|GROUND_BARYON_3BODY|three_owner_color_closure|p=2+2+2|d=0|q=positive:2,NATIVE_MATTER_IDENTITY_ASSIGNED_NO_KNOWN_LABEL,,,,no,yes,BOUND_MATTER_ROW_ALLOWED,255.5000000000000000000000000000000000000000000000000000000000000000000000000000000000000000000000000,31.9375000000000000000000000000000000000000000000000000000000000000000000000000000000000000000000000,223.562500000000000000000000000000000000000000000000000000000000000000000000000000000000000000000000,
matter,QP093A-0155,QP093A-0155|bound_composite_rows|GROUND_BARYON_3BODY|three_owner_color_closure|p=2+2+8|d=0|q=positive:2,QP093A-0155|bound_composite_rows|GROUND_BARYON_3BODY|three_owner_color_closure|p=2+2+8|d=0|q=positive:2,NATIVE_MATTER_IDENTITY_ASSIGNED_NO_KNOWN_LABEL,,,,no,yes,BOUND_MATTER_ROW_ALLOWED,1533.000000000000000000000000000000000000000000000000000000000000000000000000000000000000000000000000,191.625000000000000000000000000000000000000000000000000000000000000000000000000000000000000000000000,1341.37500000000000000000000000000000000000000000000000000000000000000000000000000000000000000000000,
matter,QP093A-0165,QP093A-0165|bound_composite_rows|GROUND_BARYON_3BODY|three_owner_color_closure|p=2+4+6|d=0|q=negative:2,QP093A-0165|bound_composite_rows|GROUND_BARYON_3BODY|three_owner_color_closure|p=2+4+6|d=0|q=negative:2,NATIVE_MATTER_IDENTITY_ASSIGNED_NO_KNOWN_LABEL,,,,no,yes,BOUND_MATTER_ROW_ALLOWED,2895.666666666666666666666666666666666666666666666666666666666666666666666666666666666666666666666667,361.9583333333333333333333333333333333333333333333333333333333333333333333333333333333333333333333334,2533.708333333333333333333333333333333333333333333333333333333333333333333333333333333333333333333334,
matter,QP093A-0173,QP093A-0173|bound_composite_rows|GROUND_BARYON_3BODY|three_owner_color_closure|p=2+8+8|d=0|q=negative:4,QP093A-0173|bound_composite_rows|GROUND_BARYON_3BODY|three_owner_color_closure|p=2+8+8|d=0|q=negative:4,NATIVE_MATTER_IDENTITY_ASSIGNED_NO_KNOWN_LABEL,,,,no,yes,BOUND_MATTER_ROW_ALLOWED,7733.000000000000000000000000000000000000000000000000000000000000000000000000000000000000000000000002,966.6250000000000000000000000000000000000000000000000000000000000000000000000000000000000000000000002,6766.375000000000000000000000000000000000000000000000000000000000000000000000000000000000000000000001,
matter,QP093A-0187,QP093A-0187|bound_composite_rows|GROUND_BARYON_3BODY|three_owner_color_closure|p=3+4+8|d=0|q=positive:1,QP093A-0187|bound_composite_rows|GROUND_BARYON_3BODY|three_owner_color_closure|p=3+4+8|d=0|q=positive:1,NATIVE_MATTER_IDENTITY_ASSIGNED_NO_KNOWN_LABEL,,,,no,yes,BOUND_MATTER_ROW_ALLOWED,2150.833333333333333333333333333333333333333333333333333333333333333333333333333333333333333333333332,268.8541666666666666666666666666666666666666666666666666666666666666666666666666666666666666666666665,1881.979166666666666666666666666666666666666666666666666666666666666666666666666666666666666666666665,
matter,QP093A-0190,QP093A-0190|bound_composite_rows|GROUND_BARYON_3BODY|three_owner_color_closure|p=3+6+6|d=0|q=negative:3,QP093A-0190|bound_composite_rows|GROUND_BARYON_3BODY|three_owner_color_closure|p=3+6+6|d=0|q=negative:3,NATIVE_MATTER_IDENTITY_ASSIGNED_NO_KNOWN_LABEL,,,,no,yes,BOUND_MATTER_ROW_ALLOWED,4465.124999999999999999999999999999999999999999999999999999999999999999999999999999999999999999999999,558.1406249999999999999999999999999999999999999999999999999999999999999999999999999999999999999999999,3906.984374999999999999999999999999999999999999999999999999999999999999999999999999999999999999999999,
matter,QP093A-0200,QP093A-0200|bound_composite_rows|GROUND_BARYON_3BODY|three_owner_color_closure|p=4+4+4|d=0|q=positive:1,QP093A-0200|bound_composite_rows|GROUND_BARYON_3BODY|three_owner_color_closure|p=4+4+4|d=0|q=positive:1,NATIVE_MATTER_IDENTITY_ASSIGNED_NO_KNOWN_LABEL,,,,no,yes,BOUND_MATTER_ROW_ALLOWED,1159.999999999999999999999999999999999999999999999999999999999999999999999999999999999999999999999999,144.9999999999999999999999999999999999999999999999999999999999999999999999999999999999999999999999999,1014.999999999999999999999999999999999999999999999999999999999999999999999999999999999999999999999999,
matter,QP093A-0225,QP093A-0225|bound_composite_rows|GROUND_BARYON_3BODY|three_owner_color_closure|p=8+8+8|d=0|q=positive:2,QP093A-0225|bound_composite_rows|GROUND_BARYON_3BODY|three_owner_color_closure|p=8+8+8|d=0|q=positive:2,NATIVE_MATTER_IDENTITY_ASSIGNED_NO_KNOWN_LABEL,,,,no,yes,BOUND_MATTER_ROW_ALLOWED,4088.000000000000000000000000000000000000000000000000000000000000000000000000000000000000000000000000,511.000000000000000000000000000000000000000000000000000000000000000000000000000000000000000000000000,3577.00000000000000000000000000000000000000000000000000000000000000000000000000000000000000000000000,
matter,QP093A-0235,QP093A-0235|bound_composite_rows|BOUND_COLOR_PAIR|two_owner_pair_closure|p=1+1|d=1|q=neutral:0,QP093A-0235|bound_composite_rows|BOUND_COLOR_PAIR|two_owner_pair_closure|p=1+1|d=1|q=neutral:0,NATIVE_MATTER_IDENTITY_ASSIGNED_NO_KNOWN_LABEL,,,,no,yes,BOUND_COMPOSITE_ROW_ALLOWED,10.75,1.34375,9.40625,
matter,QP093A-0236,QP093A-0236|bound_composite_rows|BOUND_COLOR_PAIR|two_owner_pair_closure|p=1+2|d=3|q=negative:1,QP093A-0236|bound_composite_rows|BOUND_COLOR_PAIR|two_owner_pair_closure|p=1+2|d=3|q=negative:1,NATIVE_MATTER_IDENTITY_ASSIGNED_NO_KNOWN_LABEL,,,,no,yes,BOUND_COMPOSITE_ROW_ALLOWED,27.19274450231481481481481481481481481481481481481481481481481481481481481481481481481481481481481480,3.39909306278935185185185185185185185185185185185185185185185185185185185185185185185185185185185185,23.79365143952546296296296296296296296296296296296296296296296296296296296296296296296296296296296295,
matter,QP093A-0237,QP093A-0237|bound_composite_rows|BOUND_COLOR_PAIR|two_owner_pair_closure|p=1+3|d=3|q=negative:2,QP093A-0237|bound_composite_rows|BOUND_COLOR_PAIR|two_owner_pair_closure|p=1+3|d=3|q=negative:2,NATIVE_MATTER_IDENTITY_ASSIGNED_NO_KNOWN_LABEL,,,,no,yes,BOUND_COMPOSITE_ROW_ALLOWED,42.59360130529835390946502057613168724279835390946502057613168724279835390946502057613168724279835391,5.324200163162294238683127572016460905349794238683127572016460905349794238683127572016460905349794239,37.26940114213605967078189300411522633744855967078189300411522633744855967078189300411522633744855968,
matter,QP093A-0238,QP093A-0238|bound_composite_rows|BOUND_COLOR_PAIR|two_owner_pair_closure|p=1+4|d=3|q=negative:3,QP093A-0238|bound_composite_rows|BOUND_COLOR_PAIR|two_owner_pair_closure|p=1+4|d=3|q=negative:3,NATIVE_MATTER_IDENTITY_ASSIGNED_NO_KNOWN_LABEL,,,,no,yes,BOUND_COMPOSITE_ROW_ALLOWED,58.20433666087962962962962962962962962962962962962962962962962962962962962962962962962962962962962962,7.275542082609953703703703703703703703703703703703703703703703703703703703703703703703703703703703702,50.92879457826967592592592592592592592592592592592592592592592592592592592592592592592592592592592591,
matter,QP093A-0239,QP093A-0239|bound_composite_rows|BOUND_COLOR_PAIR|two_owner_pair_closure|p=1+6|d=3|q=negative:5,QP093A-0239|bound_composite_rows|BOUND_COLOR_PAIR|two_owner_pair_closure|p=1+6|d=3|q=negative:5,NATIVE_MATTER_IDENTITY_ASSIGNED_NO_KNOWN_LABEL,,,,no,yes,BOUND_COMPOSITE_ROW_ALLOWED,90.05556359310699588477366255144032921810699588477366255144032921810699588477366255144032921810699586,11.25694544913837448559670781893004115226337448559670781893004115226337448559670781893004115226337448,78.79861814396862139917695473251028806584362139917695473251028806584362139917695473251028806584362138,
matter,QP093A-0240,QP093A-0240|bound_composite_rows|BOUND_COLOR_PAIR|two_owner_pair_closure|p=1+8|d=3|q=negative:7,QP093A-0240|bound_composite_rows|BOUND_COLOR_PAIR|two_owner_pair_closure|p=1+8|d=3|q=negative:7,NATIVE_MATTER_IDENTITY_ASSIGNED_NO_KNOWN_LABEL,,,,no,yes,BOUND_COMPOSITE_ROW_ALLOWED,122.7466664255401234567901234567901234567901234567901234567901234567901234567901234567901234567901234,15.34333330319251543209876543209876543209876543209876543209876543209876543209876543209876543209876542,107.4033331223476080246913580246913580246913580246913580246913580246913580246913580246913580246913580,
matter,QP093A-0241,QP093A-0241|bound_composite_rows|OCTET_COMPOSITE|two_owner_pair_closure|p=1+9|d=3|q=negative:8,QP093A-0241|bound_composite_rows|OCTET_COMPOSITE|two_owner_pair_closure|p=1+9|d=3|q=negative:8,NATIVE_MATTER_IDENTITY_ASSIGNED_NO_KNOWN_LABEL,,,,no,yes,BOUND_COMPOSITE_ROW_ALLOWED,139.3921280221193415637860082304526748971193415637860082304526748971193415637860082304526748971193416,17.4240160027649176954732510288065843621399176954732510288065843621399176954732510288065843621399177,121.9681120193544238683127572016460905349794238683127572016460905349794238683127572016460905349794239,
matter,QP093A-0243,QP093A-0243|bound_composite_rows|BOUND_COLOR_PAIR|two_owner_pair_closure|p=2+1|d=3|q=positive:1,QP093A-0243|bound_composite_rows|BOUND_COLOR_PAIR|two_owner_pair_closure|p=2+1|d=3|q=positive:1,NATIVE_MATTER_IDENTITY_ASSIGNED_NO_KNOWN_LABEL,,,,no,yes,BOUND_COMPOSITE_ROW_ALLOWED,27.18225549768518518518518518518518518518518518518518518518518518518518518518518518518518518518518518,3.397781937210648148148148148148148148148148148148148148148148148148148148148148148148148148148148148,23.78447356047453703703703703703703703703703703703703703703703703703703703703703703703703703703703704,
matter,QP093A-0244,QP093A-0244|bound_composite_rows|BOUND_COLOR_PAIR|two_owner_pair_closure|p=2+2|d=1|q=neutral:0,QP093A-0244|bound_composite_rows|BOUND_COLOR_PAIR|two_owner_pair_closure|p=2+2|d=1|q=neutral:0,NATIVE_MATTER_IDENTITY_ASSIGNED_NO_KNOWN_LABEL,,,,no,yes,BOUND_COMPOSITE_ROW_ALLOWED,43.00,5.375,37.625,
matter,QP093A-0245,QP093A-0245|bound_composite_rows|BOUND_COLOR_PAIR|two_owner_pair_closure|p=2+3|d=3|q=negative:1,QP093A-0245|bound_composite_rows|BOUND_COLOR_PAIR|two_owner_pair_closure|p=2+3|d=3|q=negative:1,NATIVE_MATTER_IDENTITY_ASSIGNED_NO_KNOWN_LABEL,,,,no,yes,BOUND_COMPOSITE_ROW_ALLOWED,75.53540139531893004115226337448559670781893004115226337448559670781893004115226337448559670781893001,9.441925174414866255144032921810699588477366255144032921810699588477366255144032921810699588477366251,66.09347622090406378600823045267489711934156378600823045267489711934156378600823045267489711934156376,
matter,QP093A-0246,QP093A-0246|bound_composite_rows|BOUND_COLOR_PAIR|two_owner_pair_closure|p=2+4|d=3|q=negative:2,QP093A-0246|bound_composite_rows|BOUND_COLOR_PAIR|two_owner_pair_closure|p=2+4|d=3|q=negative:2,NATIVE_MATTER_IDENTITY_ASSIGNED_NO_KNOWN_LABEL,,,,no,yes,BOUND_COMPOSITE_ROW_ALLOWED,103.4416031700102880658436213991769547325102880658436213991769547325102880658436213991769547325102881,12.93020039625128600823045267489711934156378600823045267489711934156378600823045267489711934156378601,90.51140277375900205761316872427983539094650205761316872427983539094650205761316872427983539094650209,
matter,QP093A-0247,QP093A-0247|bound_composite_rows|BOUND_COLOR_PAIR|two_owner_pair_closure|p=2+6|d=3|q=negative:4,QP093A-0247|bound_composite_rows|BOUND_COLOR_PAIR|two_owner_pair_closure|p=2+6|d=3|q=negative:4,NATIVE_MATTER_IDENTITY_ASSIGNED_NO_KNOWN_LABEL,,,,no,yes,BOUND_COMPOSITE_ROW_ALLOWED,160.3874582047325102880658436213991769547325102880658436213991769547325102880658436213991769547325103,20.04843227559156378600823045267489711934156378600823045267489711934156378600823045267489711934156379,140.3390259291409465020576131687242798353909465020576131687242798353909465020576131687242798353909465,
matter,QP093A-0248,QP093A-0248|bound_composite_rows|BOUND_COLOR_PAIR|two_owner_pair_closure|p=2+8|d=3|q=negative:6,QP093A-0248|bound_composite_rows|BOUND_COLOR_PAIR|two_owner_pair_closure|p=2+8|d=3|q=negative:6,NATIVE_MATTER_IDENTITY_ASSIGNED_NO_KNOWN_LABEL,,,,no,yes,BOUND_COMPOSITE_ROW_ALLOWED,218.8449435763888888888888888888888888888888888888888888888888888888888888888888888888888888888888889,27.35561794704861111111111111111111111111111111111111111111111111111111111111111111111111111111111111,191.4893256293402777777777777777777777777777777777777777777777777777777777777777777777777777777777778,
matter,QP093A-0249,QP093A-0249|bound_composite_rows|OCTET_COMPOSITE|two_owner_pair_closure|p=2+9|d=3|q=negative:7,QP093A-0249|bound_composite_rows|OCTET_COMPOSITE|two_owner_pair_closure|p=2+9|d=3|q=negative:7,NATIVE_MATTER_IDENTITY_ASSIGNED_NO_KNOWN_LABEL,,,,no,yes,BOUND_COMPOSITE_ROW_ALLOWED,248.6137170359921553497942386831275720164609053497942386831275720164609053497942386831275720164609053,31.07671462949901941872427983539094650205761316872427983539094650205761316872427983539094650205761316,217.5370024064931359310699588477366255144032921810699588477366255144032921810699588477366255144032921,
matter,QP093A-0251,QP093A-0251|bound_composite_rows|BOUND_COLOR_PAIR|two_owner_pair_closure|p=3+1|d=3|q=positive:2,QP093A-0251|bound_composite_rows|BOUND_COLOR_PAIR|two_owner_pair_closure|p=3+1|d=3|q=positive:2,NATIVE_MATTER_IDENTITY_ASSIGNED_NO_KNOWN_LABEL,,,,no,yes,BOUND_COMPOSITE_ROW_ALLOWED,42.57306536136831275720164609053497942386831275720164609053497942386831275720164609053497942386831277,5.321633170171039094650205761316872427983539094650205761316872427983539094650205761316872427983539096,37.25143219119727366255144032921810699588477366255144032921810699588477366255144032921810699588477368,
matter,QP093A-0252,QP093A-0252|bound_composite_rows|BOUND_COLOR_PAIR|two_owner_pair_closure|p=3+2|d=3|q=positive:1,QP093A-0252|bound_composite_rows|BOUND_COLOR_PAIR|two_owner_pair_closure|p=3+2|d=3|q=positive:1,NATIVE_MATTER_IDENTITY_ASSIGNED_NO_KNOWN_LABEL,,,,no,yes,BOUND_COMPOSITE_ROW_ALLOWED,75.50626527134773662551440329218106995884773662551440329218106995884773662551440329218106995884773659,9.438283158918467078189300411522633744855967078189300411522633744855967078189300411522633744855967074,66.06798211242926954732510288065843621399176954732510288065843621399176954732510288065843621399176951,
matter,QP093A-0253,QP093A-0253|bound_composite_rows|BOUND_COLOR_PAIR|two_owner_pair_closure|p=3+3|d=1|q=neutral:0,QP093A-0253|bound_composite_rows|BOUND_COLOR_PAIR|two_owner_pair_closure|p=3+3|d=1|q=neutral:0,NATIVE_MATTER_IDENTITY_ASSIGNED_NO_KNOWN_LABEL,,,,no,yes,BOUND_COMPOSITE_ROW_ALLOWED,96.75,12.09375,84.65625,
matter,QP093A-0254,QP093A-0254|bound_composite_rows|BOUND_COLOR_PAIR|two_owner_pair_closure|p=3+4|d=3|q=negative:1,QP093A-0254|bound_composite_rows|BOUND_COLOR_PAIR|two_owner_pair_closure|p=3+4|d=3|q=negative:1,NATIVE_MATTER_IDENTITY_ASSIGNED_NO_KNOWN_LABEL,,,,no,yes,BOUND_COMPOSITE_ROW_ALLOWED,148.0493867348251028806584362139917695473251028806584362139917695473251028806584362139917695473251028,18.50617334185313786008230452674897119341563786008230452674897119341563786008230452674897119341563785,129.543213392971965020576131687242798353909465020576131687242798353909465020576131687242798353909465,
matter,QP093A-0255,QP093A-0255|bound_composite_rows|BOUND_COLOR_PAIR|two_owner_pair_closure|p=3+6|d=3|q=negative:3,QP093A-0255|bound_composite_rows|BOUND_COLOR_PAIR|two_owner_pair_closure|p=3+6|d=3|q=negative:3,NATIVE_MATTER_IDENTITY_ASSIGNED_NO_KNOWN_LABEL,,,,no,yes,BOUND_COMPOSITE_ROW_ALLOWED,229.7539605034722222222222222222222222222222222222222222222222222222222222222222222222222222222222222,28.71924506293402777777777777777777777777777777777777777777777777777777777777777777777777777777777778,201.0347154405381944444444444444444444444444444444444444444444444444444444444444444444444444444444444,
matter,QP093A-0256,QP093A-0256|bound_composite_rows|BOUND_COLOR_PAIR|two_owner_pair_closure|p=3+8|d=3|q=negative:5,QP093A-0256|bound_composite_rows|BOUND_COLOR_PAIR|two_owner_pair_closure|p=3+8|d=3|q=negative:5,NATIVE_MATTER_IDENTITY_ASSIGNED_NO_KNOWN_LABEL,,,,no,yes,BOUND_COMPOSITE_ROW_ALLOWED,313.6417904449588477366255144032921810699588477366255144032921810699588477366255144032921810699588476,39.20522380561985596707818930041152263374485596707818930041152263374485596707818930041152263374485595,274.4365666393389917695473251028806584362139917695473251028806584362139917695473251028806584362139916,
matter,QP093A-0257,QP093A-0257|bound_composite_rows|OCTET_COMPOSITE|two_owner_pair_closure|p=3+9|d=3|q=negative:6,QP093A-0257|bound_composite_rows|OCTET_COMPOSITE|two_owner_pair_closure|p=3+9|d=3|q=negative:6,NATIVE_MATTER_IDENTITY_ASSIGNED_NO_KNOWN_LABEL,,,,no,yes,BOUND_COMPOSITE_ROW_ALLOWED,356.3659667968750000000000000000000000000000000000000000000000000000000000000000000000000000000000001,44.54574584960937500000000000000000000000000000000000000000000000000000000000000000000000000000000001,311.8202209472656250000000000000000000000000000000000000000000000000000000000000000000000000000000001,
matter,QP093A-0259,QP093A-0259|bound_composite_rows|BOUND_COLOR_PAIR|two_owner_pair_closure|p=4+1|d=3|q=positive:3,QP093A-0259|bound_composite_rows|BOUND_COLOR_PAIR|two_owner_pair_closure|p=4+1|d=3|q=positive:3,NATIVE_MATTER_IDENTITY_ASSIGNED_NO_KNOWN_LABEL,,,,no,yes,BOUND_COMPOSITE_ROW_ALLOWED,58.17066333912037037037037037037037037037037037037037037037037037037037037037037037037037037037037035,7.271332917390046296296296296296296296296296296296296296296296296296296296296296296296296296296296294,50.89933042173032407407407407407407407407407407407407407407407407407407407407407407407407407407407405,
matter,QP093A-0260,QP093A-0260|bound_composite_rows|BOUND_COLOR_PAIR|two_owner_pair_closure|p=4+2|d=3|q=positive:2,QP093A-0260|bound_composite_rows|BOUND_COLOR_PAIR|two_owner_pair_closure|p=4+2|d=3|q=positive:2,NATIVE_MATTER_IDENTITY_ASSIGNED_NO_KNOWN_LABEL,,,,no,yes,BOUND_COMPOSITE_ROW_ALLOWED,103.3917301633230452674897119341563786008230452674897119341563786008230452674897119341563786008230453,12.92396627041538065843621399176954732510288065843621399176954732510288065843621399176954732510288066,90.46776389290766460905349794238683127572016460905349794238683127572016460905349794238683127572016464,
matter,QP093A-0261,QP093A-0261|bound_composite_rows|BOUND_COLOR_PAIR|two_owner_pair_closure|p=4+3|d=3|q=positive:1,QP093A-0261|bound_composite_rows|BOUND_COLOR_PAIR|two_owner_pair_closure|p=4+3|d=3|q=positive:1,NATIVE_MATTER_IDENTITY_ASSIGNED_NO_KNOWN_LABEL,,,,no,yes,BOUND_COMPOSITE_ROW_ALLOWED,147.9922799318415637860082304526748971193415637860082304526748971193415637860082304526748971193415637,18.49903499148019547325102880658436213991769547325102880658436213991769547325102880658436213991769546,129.4932449403613683127572016460905349794238683127572016460905349794238683127572016460905349794238682,
matter,QP093A-0262,QP093A-0262|bound_composite_rows|BOUND_COLOR_PAIR|two_owner_pair_closure|p=4+4|d=1|q=neutral:0,QP093A-0262|bound_composite_rows|BOUND_COLOR_PAIR|two_owner_pair_closure|p=4+4|d=1|q=neutral:0,NATIVE_MATTER_IDENTITY_ASSIGNED_NO_KNOWN_LABEL,,,,no,yes,BOUND_COMPOSITE_ROW_ALLOWED,172.00,21.50,150.50,
matter,QP093A-0263,QP093A-0263|bound_composite_rows|BOUND_COLOR_PAIR|two_owner_pair_closure|p=4+6|d=3|q=negative:2,QP093A-0263|bound_composite_rows|BOUND_COLOR_PAIR|two_owner_pair_closure|p=4+6|d=3|q=negative:2,NATIVE_MATTER_IDENTITY_ASSIGNED_NO_KNOWN_LABEL,,,,no,yes,BOUND_COMPOSITE_ROW_ALLOWED,298.1552091370884773662551440329218106995884773662551440329218106995884773662551440329218106995884774,37.26940114213605967078189300411522633744855967078189300411522633744855967078189300411522633744855968,260.8858079949524176954732510288065843621399176954732510288065843621399176954732510288065843621399178,
matter,QP093A-0264,QP093A-0264|bound_composite_rows|BOUND_COLOR_PAIR|two_owner_pair_closure|p=4+8|d=3|q=negative:4,QP093A-0264|bound_composite_rows|BOUND_COLOR_PAIR|two_owner_pair_closure|p=4+8|d=3|q=negative:4,NATIVE_MATTER_IDENTITY_ASSIGNED_NO_KNOWN_LABEL,,,,no,yes,BOUND_COMPOSITE_ROW_ALLOWED,407.1373939043209876543209876543209876543209876543209876543209876543209876543209876543209876543209878,50.89217423804012345679012345679012345679012345679012345679012345679012345679012345679012345679012348,356.2452196662808641975308641975308641975308641975308641975308641975308641975308641975308641975308644,
matter,QP093A-0265,QP093A-0265|bound_composite_rows|OCTET_COMPOSITE|two_owner_pair_closure|p=4+9|d=3|q=negative:5,QP093A-0265|bound_composite_rows|OCTET_COMPOSITE|two_owner_pair_closure|p=4+9|d=3|q=negative:5,NATIVE_MATTER_IDENTITY_ASSIGNED_NO_KNOWN_LABEL,,,,no,yes,BOUND_COMPOSITE_ROW_ALLOWED,462.6490882904931841563786008230452674897119341563786008230452674897119341563786008230452674897119340,57.83113603631164801954732510288065843621399176954732510288065843621399176954732510288065843621399175,404.8179522541815361368312757201646090534979423868312757201646090534979423868312757201646090534979422,
matter,QP093A-0267,QP093A-0267|bound_composite_rows|BOUND_COLOR_PAIR|two_owner_pair_closure|p=6+1|d=3|q=positive:5,QP093A-0267|bound_composite_rows|BOUND_COLOR_PAIR|two_owner_pair_closure|p=6+1|d=3|q=positive:5,NATIVE_MATTER_IDENTITY_ASSIGNED_NO_KNOWN_LABEL,,,,no,yes,BOUND_COMPOSITE_ROW_ALLOWED,89.98610307355967078189300411522633744855967078189300411522633744855967078189300411522633744855967077,11.24826288419495884773662551440329218106995884773662551440329218106995884773662551440329218106995885,78.73784018936471193415637860082304526748971193415637860082304526748971193415637860082304526748971192,
matter,QP093A-0268,QP093A-0268|bound_composite_rows|BOUND_COLOR_PAIR|two_owner_pair_closure|p=6+2|d=3|q=positive:4,QP093A-0268|bound_composite_rows|BOUND_COLOR_PAIR|two_owner_pair_closure|p=6+2|d=3|q=positive:4,NATIVE_MATTER_IDENTITY_ASSIGNED_NO_KNOWN_LABEL,,,,no,yes,BOUND_COMPOSITE_ROW_ALLOWED,160.2792084619341563786008230452674897119341563786008230452674897119341563786008230452674897119341565,20.03490105774176954732510288065843621399176954732510288065843621399176954732510288065843621399176956,140.244307404192386831275720164609053497942386831275720164609053497942386831275720164609053497942387,
matter,QP093A-0269,QP093A-0269|bound_composite_rows|BOUND_COLOR_PAIR|two_owner_pair_closure|p=6+3|d=3|q=positive:3,QP093A-0269|bound_composite_rows|BOUND_COLOR_PAIR|two_owner_pair_closure|p=6+3|d=3|q=positive:3,NATIVE_MATTER_IDENTITY_ASSIGNED_NO_KNOWN_LABEL,,,,no,yes,BOUND_COMPOSITE_ROW_ALLOWED,229.6210394965277777777777777777777777777777777777777777777777777777777777777777777777777777777777777,28.70262993706597222222222222222222222222222222222222222222222222222222222222222222222222222222222221,200.9184095594618055555555555555555555555555555555555555555555555555555555555555555555555555555555555,
matter,QP093A-0270,QP093A-0270|bound_composite_rows|BOUND_COLOR_PAIR|two_owner_pair_closure|p=6+4|d=3|q=positive:2,QP093A-0270|bound_composite_rows|BOUND_COLOR_PAIR|two_owner_pair_closure|p=6+4|d=3|q=positive:2,NATIVE_MATTER_IDENTITY_ASSIGNED_NO_KNOWN_LABEL,,,,no,yes,BOUND_COMPOSITE_ROW_ALLOWED,298.0114575295781893004115226337448559670781893004115226337448559670781893004115226337448559670781893,37.25143219119727366255144032921810699588477366255144032921810699588477366255144032921810699588477366,260.7600253383809156378600823045267489711934156378600823045267489711934156378600823045267489711934156,
matter,QP093A-0271,QP093A-0271|bound_composite_rows|BOUND_COLOR_PAIR|two_owner_pair_closure|p=6+6|d=1|q=neutral:0,QP093A-0271|bound_composite_rows|BOUND_COLOR_PAIR|two_owner_pair_closure|p=6+6|d=1|q=neutral:0,NATIVE_MATTER_IDENTITY_ASSIGNED_NO_KNOWN_LABEL,,,,no,yes,BOUND_COMPOSITE_ROW_ALLOWED,387.00,48.375,338.625,
matter,QP093A-0272,QP093A-0272|bound_composite_rows|BOUND_COLOR_PAIR|two_owner_pair_closure|p=6+8|d=3|q=negative:2,QP093A-0272|bound_composite_rows|BOUND_COLOR_PAIR|two_owner_pair_closure|p=6+8|d=3|q=negative:2,NATIVE_MATTER_IDENTITY_ASSIGNED_NO_KNOWN_LABEL,,,,no,yes,BOUND_COMPOSITE_ROW_ALLOWED,590.2256180877057613168724279835390946502057613168724279835390946502057613168724279835390946502057613,73.77820226096322016460905349794238683127572016460905349794238683127572016460905349794238683127572016,516.4474158267425411522633744855967078189300411522633744855967078189300411522633744855967078189300411,
matter,QP093A-0273,QP093A-0273|bound_composite_rows|OCTET_COMPOSITE|two_owner_pair_closure|p=6+9|d=3|q=negative:3,QP093A-0273|bound_composite_rows|OCTET_COMPOSITE|two_owner_pair_closure|p=6+9|d=3|q=negative:3,NATIVE_MATTER_IDENTITY_ASSIGNED_NO_KNOWN_LABEL,,,,no,yes,BOUND_COMPOSITE_ROW_ALLOWED,670.8087904188368055555555555555555555555555555555555555555555555555555555555555555555555555555555554,83.85109880235460069444444444444444444444444444444444444444444444444444444444444444444444444444444442,586.957691616482204861111111111111111111111111111111111111111111111111111111111111111111111111111111,
matter,QP093A-0275,QP093A-0275|bound_composite_rows|BOUND_COLOR_PAIR|two_owner_pair_closure|p=8+1|d=3|q=positive:7,QP093A-0275|bound_composite_rows|BOUND_COLOR_PAIR|two_owner_pair_closure|p=8+1|d=3|q=positive:7,NATIVE_MATTER_IDENTITY_ASSIGNED_NO_KNOWN_LABEL,,,,no,yes,BOUND_COMPOSITE_ROW_ALLOWED,122.6283335744598765432098765432098765432098765432098765432098765432098765432098765432098765432098765,15.32854169680748456790123456790123456790123456790123456790123456790123456790123456790123456790123456,107.2997918776523919753086419753086419753086419753086419753086419753086419753086419753086419753086419,
matter,QP093A-0276,QP093A-0276|bound_composite_rows|BOUND_COLOR_PAIR|two_owner_pair_closure|p=8+2|d=3|q=positive:6,QP093A-0276|bound_composite_rows|BOUND_COLOR_PAIR|two_owner_pair_closure|p=8+2|d=3|q=positive:6,NATIVE_MATTER_IDENTITY_ASSIGNED_NO_KNOWN_LABEL,,,,no,yes,BOUND_COMPOSITE_ROW_ALLOWED,218.6550564236111111111111111111111111111111111111111111111111111111111111111111111111111111111111112,27.3318820529513888888888888888888888888888888888888888888888888888888888888888888888888888888888889,191.3231743706597222222222222222222222222222222222222222222222222222222222222222222222222222222222222,
matter,QP093A-0277,QP093A-0277|bound_composite_rows|BOUND_COLOR_PAIR|two_owner_pair_closure|p=8+3|d=3|q=positive:5,QP093A-0277|bound_composite_rows|BOUND_COLOR_PAIR|two_owner_pair_closure|p=8+3|d=3|q=positive:5,NATIVE_MATTER_IDENTITY_ASSIGNED_NO_KNOWN_LABEL,,,,no,yes,BOUND_COMPOSITE_ROW_ALLOWED,313.3998762217078189300411522633744855967078189300411522633744855967078189300411522633744855967078189,39.17498452771347736625514403292181069958847736625514403292181069958847736625514403292181069958847736,274.2248916939943415637860082304526748971193415637860082304526748971193415637860082304526748971193415,
matter,QP093A-0278,QP093A-0278|bound_composite_rows|BOUND_COLOR_PAIR|two_owner_pair_closure|p=8+4|d=3|q=positive:4,QP093A-0278|bound_composite_rows|BOUND_COLOR_PAIR|two_owner_pair_closure|p=8+4|d=3|q=positive:4,NATIVE_MATTER_IDENTITY_ASSIGNED_NO_KNOWN_LABEL,,,,no,yes,BOUND_COMPOSITE_ROW_ALLOWED,406.8626060956790123456790123456790123456790123456790123456790123456790123456790123456790123456790124,50.85782576195987654320987654320987654320987654320987654320987654320987654320987654320987654320987655,356.0047803337191358024691358024691358024691358024691358024691358024691358024691358024691358024691359,
matter,QP093A-0279,QP093A-0279|bound_composite_rows|BOUND_COLOR_PAIR|two_owner_pair_closure|p=8+6|d=3|q=positive:2,QP093A-0279|bound_composite_rows|BOUND_COLOR_PAIR|two_owner_pair_closure|p=8+6|d=3|q=positive:2,NATIVE_MATTER_IDENTITY_ASSIGNED_NO_KNOWN_LABEL,,,,no,yes,BOUND_COMPOSITE_ROW_ALLOWED,589.9410485789609053497942386831275720164609053497942386831275720164609053497942386831275720164609055,73.74263107237011316872427983539094650205761316872427983539094650205761316872427983539094650205761319,516.1984175065907921810699588477366255144032921810699588477366255144032921810699588477366255144032922,
matter,QP093A-0280,QP093A-0280|bound_composite_rows|BOUND_COLOR_PAIR|two_owner_pair_closure|p=8+8|d=1|q=neutral:0,QP093A-0280|bound_composite_rows|BOUND_COLOR_PAIR|two_owner_pair_closure|p=8+8|d=1|q=neutral:0,NATIVE_MATTER_IDENTITY_ASSIGNED_NO_KNOWN_LABEL,,,,no,yes,BOUND_COMPOSITE_ROW_ALLOWED,688.00,86.00,602.00,
matter,QP093A-0281,QP093A-0281|bound_composite_rows|OCTET_COMPOSITE|two_owner_pair_closure|p=8+9|d=3|q=negative:1,QP093A-0281|bound_composite_rows|OCTET_COMPOSITE|two_owner_pair_closure|p=8+9|d=3|q=negative:1,NATIVE_MATTER_IDENTITY_ASSIGNED_NO_KNOWN_LABEL,,,,no,yes,BOUND_COMPOSITE_ROW_ALLOWED,873.0945113068254886831275720164609053497942386831275720164609053497942386831275720164609053497942383,109.1368139133531860853909465020576131687242798353909465020576131687242798353909465020576131687242798,763.9576973934723025977366255144032921810699588477366255144032921810699588477366255144032921810699585,
matter,QP093A-0283,QP093A-0283|bound_composite_rows|OCTET_COMPOSITE|two_owner_pair_closure|p=9+1|d=3|q=positive:8,QP093A-0283|bound_composite_rows|OCTET_COMPOSITE|two_owner_pair_closure|p=9+1|d=3|q=positive:8,NATIVE_MATTER_IDENTITY_ASSIGNED_NO_KNOWN_LABEL,,,,no,yes,BOUND_COMPOSITE_ROW_ALLOWED,139.2745386445473251028806584362139917695473251028806584362139917695473251028806584362139917695473251,17.40931733056841563786008230452674897119341563786008230452674897119341563786008230452674897119341564,121.8652213139789094650205761316872427983539094650205761316872427983539094650205761316872427983539095,
matter,QP093A-0284,QP093A-0284|bound_composite_rows|OCTET_COMPOSITE|two_owner_pair_closure|p=9+2|d=3|q=positive:7,QP093A-0284|bound_composite_rows|OCTET_COMPOSITE|two_owner_pair_closure|p=9+2|d=3|q=positive:7,NATIVE_MATTER_IDENTITY_ASSIGNED_NO_KNOWN_LABEL,,,,no,yes,BOUND_COMPOSITE_ROW_ALLOWED,248.4279496306745113168724279835390946502057613168724279835390946502057613168724279835390946502057613,31.05349370383431391460905349794238683127572016460905349794238683127572016460905349794238683127572016,217.3744559268401974022633744855967078189300411522633744855967078189300411522633744855967078189300411,
matter,QP093A-0285,QP093A-0285|bound_composite_rows|OCTET_COMPOSITE|two_owner_pair_closure|p=9+3|d=3|q=positive:6,QP093A-0285|bound_composite_rows|OCTET_COMPOSITE|two_owner_pair_closure|p=9+3|d=3|q=positive:6,NATIVE_MATTER_IDENTITY_ASSIGNED_NO_KNOWN_LABEL,,,,no,yes,BOUND_COMPOSITE_ROW_ALLOWED,356.1340332031250000000000000000000000000000000000000000000000000000000000000000000000000000000000001,44.51675415039062500000000000000000000000000000000000000000000000000000000000000000000000000000000001,311.6172790527343750000000000000000000000000000000000000000000000000000000000000000000000000000000001,
matter,QP093A-0286,QP093A-0286|bound_composite_rows|OCTET_COMPOSITE|two_owner_pair_closure|p=9+4|d=3|q=positive:5,QP093A-0286|bound_composite_rows|OCTET_COMPOSITE|two_owner_pair_closure|p=9+4|d=3|q=positive:5,NATIVE_MATTER_IDENTITY_ASSIGNED_NO_KNOWN_LABEL,,,,no,yes,BOUND_COMPOSITE_ROW_ALLOWED,462.3925783761734825102880658436213991769547325102880658436213991769547325102880658436213991769547324,57.79907229702168531378600823045267489711934156378600823045267489711934156378600823045267489711934155,404.5935060791517971965020576131687242798353909465020576131687242798353909465020576131687242798353909,
matter,QP093A-0287,QP093A-0287|bound_composite_rows|OCTET_COMPOSITE|two_owner_pair_closure|p=9+6|d=3|q=positive:3,QP093A-0287|bound_composite_rows|OCTET_COMPOSITE|two_owner_pair_closure|p=9+6|d=3|q=positive:3,NATIVE_MATTER_IDENTITY_ASSIGNED_NO_KNOWN_LABEL,,,,no,yes,BOUND_COMPOSITE_ROW_ALLOWED,670.5662095811631944444444444444444444444444444444444444444444444444444444444444444444444444444444442,83.82077619764539930555555555555555555555555555555555555555555555555555555555555555555555555555555552,586.7454333835177951388888888888888888888888888888888888888888888888888888888888888888888888888888886,
matter,QP093A-0288,QP093A-0288|bound_composite_rows|OCTET_COMPOSITE|two_owner_pair_closure|p=9+8|d=3|q=positive:1,QP093A-0288|bound_composite_rows|OCTET_COMPOSITE|two_owner_pair_closure|p=9+8|d=3|q=positive:1,NATIVE_MATTER_IDENTITY_ASSIGNED_NO_KNOWN_LABEL,,,,no,yes,BOUND_COMPOSITE_ROW_ALLOWED,872.9471553598411779835390946502057613168724279835390946502057613168724279835390946502057613168724276,109.1183944199801472479423868312757201646090534979423868312757201646090534979423868312757201646090534,763.8287609398610307355967078189300411522633744855967078189300411522633744855967078189300411522633741,
matter,QP093A-0289,QP093A-0289|bound_composite_rows|OCTET_COMPOSITE|two_owner_pair_closure|p=9+9|d=1|q=neutral:0,QP093A-0289|bound_composite_rows|OCTET_COMPOSITE|two_owner_pair_closure|p=9+9|d=1|q=neutral:0,NATIVE_MATTER_IDENTITY_ASSIGNED_NO_KNOWN_LABEL,,,,no,yes,BOUND_COMPOSITE_ROW_ALLOWED,885.9375,110.7421875,775.1953125,
periodic,QP094A-EZ001,SAM_ELEMENT_Z1|cycle=1|slot=1|period=1|capacity=2,H Hydrogen,REVEALED_KNOWN_DOWNSTREAM_LABEL,H Hydrogen,H,Hydrogen,no,yes,ELEMENT_FAMILY_ALLOWED_AFTER_NUCLEAR_ATOMIC_CLOSURE,74.13541666666666666666666666666666666666666666666666666666666666666666666666666666666666666666666664,9.26692708333333333333333333333333333333333333333333333333333333333333333333333333333333333333333333,64.86848958333333333333333333333333333333333333333333333333333333333333333333333333333333333333333331,H|Hydrogen|downstream_only
periodic,QP094A-EZ002,SAM_ELEMENT_Z2|cycle=1|slot=2|period=1|capacity=2,He Helium,REVEALED_KNOWN_DOWNSTREAM_LABEL,He Helium,He,Helium,no,yes,ELEMENT_FAMILY_ALLOWED_AFTER_NUCLEAR_ATOMIC_CLOSURE,148.2708333333333333333333333333333333333333333333333333333333333333333333333333333333333333333333333,18.53385416666666666666666666666666666666666666666666666666666666666666666666666666666666666666666666,129.7369791666666666666666666666666666666666666666666666666666666666666666666666666666666666666666666,He|Helium|downstream_only
periodic,QP094A-EZ003,SAM_ELEMENT_Z3|cycle=1|slot=3|period=2|capacity=8,Li Lithium,REVEALED_KNOWN_DOWNSTREAM_LABEL,Li Lithium,Li,Lithium,no,yes,ELEMENT_FAMILY_ALLOWED_AFTER_NUCLEAR_ATOMIC_CLOSURE,222.4062499999999999999999999999999999999999999999999999999999999999999999999999999999999999999999999,27.80078124999999999999999999999999999999999999999999999999999999999999999999999999999999999999999999,194.6054687499999999999999999999999999999999999999999999999999999999999999999999999999999999999999999,Li|Lithium|downstream_only
periodic,QP094A-EZ004,SAM_ELEMENT_Z4|cycle=1|slot=4|period=2|capacity=8,Be Beryllium,REVEALED_KNOWN_DOWNSTREAM_LABEL,Be Beryllium,Be,Beryllium,no,yes,ELEMENT_FAMILY_ALLOWED_AFTER_NUCLEAR_ATOMIC_CLOSURE,296.5416666666666666666666666666666666666666666666666666666666666666666666666666666666666666666666666,37.06770833333333333333333333333333333333333333333333333333333333333333333333333333333333333333333332,259.4739583333333333333333333333333333333333333333333333333333333333333333333333333333333333333333332,Be|Beryllium|downstream_only
periodic,QP094A-EZ005,SAM_ELEMENT_Z5|cycle=1|slot=5|period=2|capacity=8,B Boron,REVEALED_KNOWN_DOWNSTREAM_LABEL,B Boron,B,Boron,no,yes,ELEMENT_FAMILY_ALLOWED_AFTER_NUCLEAR_ATOMIC_CLOSURE,370.6770833333333333333333333333333333333333333333333333333333333333333333333333333333333333333333332,46.33463541666666666666666666666666666666666666666666666666666666666666666666666666666666666666666665,324.3424479166666666666666666666666666666666666666666666666666666666666666666666666666666666666666665,B|Boron|downstream_only
periodic,QP094A-EZ006,SAM_ELEMENT_Z6|cycle=1|slot=6|period=2|capacity=8,C Carbon,REVEALED_KNOWN_DOWNSTREAM_LABEL,C Carbon,C,Carbon,no,yes,ELEMENT_FAMILY_ALLOWED_AFTER_NUCLEAR_ATOMIC_CLOSURE,444.8124999999999999999999999999999999999999999999999999999999999999999999999999999999999999999999998,55.60156249999999999999999999999999999999999999999999999999999999999999999999999999999999999999999998,389.2109374999999999999999999999999999999999999999999999999999999999999999999999999999999999999999999,C|Carbon|downstream_only
periodic,QP094A-EZ007,SAM_ELEMENT_Z7|cycle=1|slot=7|period=2|capacity=8,N Nitrogen,REVEALED_KNOWN_DOWNSTREAM_LABEL,N Nitrogen,N,Nitrogen,no,yes,ELEMENT_FAMILY_ALLOWED_AFTER_NUCLEAR_ATOMIC_CLOSURE,518.9479166666666666666666666666666666666666666666666666666666666666666666666666666666666666666666665,64.86848958333333333333333333333333333333333333333333333333333333333333333333333333333333333333333331,454.0794270833333333333333333333333333333333333333333333333333333333333333333333333333333333333333332,N|Nitrogen|downstream_only
periodic,QP094A-EZ008,SAM_ELEMENT_Z8|cycle=1|slot=8|period=2|capacity=8,O Oxygen,REVEALED_KNOWN_DOWNSTREAM_LABEL,O Oxygen,O,Oxygen,no,yes,ELEMENT_FAMILY_ALLOWED_AFTER_NUCLEAR_ATOMIC_CLOSURE,593.0833333333333333333333333333333333333333333333333333333333333333333333333333333333333333333333331,74.13541666666666666666666666666666666666666666666666666666666666666666666666666666666666666666666664,518.9479166666666666666666666666666666666666666666666666666666666666666666666666666666666666666666665,O|Oxygen|downstream_only
periodic,QP094A-EZ009,SAM_ELEMENT_Z9|cycle=1|slot=9|period=2|capacity=8,F Fluorine,REVEALED_KNOWN_DOWNSTREAM_LABEL,F Fluorine,F,Fluorine,no,yes,ELEMENT_FAMILY_ALLOWED_AFTER_NUCLEAR_ATOMIC_CLOSURE,667.2187499999999999999999999999999999999999999999999999999999999999999999999999999999999999999999998,83.40234374999999999999999999999999999999999999999999999999999999999999999999999999999999999999999998,583.8164062499999999999999999999999999999999999999999999999999999999999999999999999999999999999999999,F|Fluorine|downstream_only
periodic,QP094A-EZ010,SAM_ELEMENT_Z10|cycle=1|slot=10|period=2|capacity=8,Ne Neon,REVEALED_KNOWN_DOWNSTREAM_LABEL,Ne Neon,Ne,Neon,no,yes,ELEMENT_FAMILY_ALLOWED_AFTER_NUCLEAR_ATOMIC_CLOSURE,741.3541666666666666666666666666666666666666666666666666666666666666666666666666666666666666666666664,92.6692708333333333333333333333333333333333333333333333333333333333333333333333333333333333333333333,648.6848958333333333333333333333333333333333333333333333333333333333333333333333333333333333333333331,Ne|Neon|downstream_only
periodic,QP094A-EZ011,SAM_ELEMENT_Z11|cycle=1|slot=11|period=3|capacity=18,Na Sodium,REVEALED_KNOWN_DOWNSTREAM_LABEL,Na Sodium,Na,Sodium,no,yes,ELEMENT_FAMILY_ALLOWED_AFTER_NUCLEAR_ATOMIC_CLOSURE,815.4895833333333333333333333333333333333333333333333333333333333333333333333333333333333333333333330,101.9361979166666666666666666666666666666666666666666666666666666666666666666666666666666666666666666,713.5533854166666666666666666666666666666666666666666666666666666666666666666666666666666666666666664,Na|Sodium|downstream_only
periodic,QP094A-EZ012,SAM_ELEMENT_Z12|cycle=1|slot=12|period=3|capacity=18,Mg Magnesium,REVEALED_KNOWN_DOWNSTREAM_LABEL,Mg Magnesium,Mg,Magnesium,no,yes,ELEMENT_FAMILY_ALLOWED_AFTER_NUCLEAR_ATOMIC_CLOSURE,889.6249999999999999999999999999999999999999999999999999999999999999999999999999999999999999999999997,111.2031250000000000000000000000000000000000000000000000000000000000000000000000000000000000000000000,778.4218749999999999999999999999999999999999999999999999999999999999999999999999999999999999999999998,Mg|Magnesium|downstream_only
periodic,QP094A-EZ013,SAM_ELEMENT_Z13|cycle=2|slot=1|period=3|capacity=18,Al Aluminium,REVEALED_KNOWN_DOWNSTREAM_LABEL,Al Aluminium,Al,Aluminium,no,yes,ELEMENT_FAMILY_ALLOWED_AFTER_NUCLEAR_ATOMIC_CLOSURE,963.8854166666666666666666666666666666666666666666666666666666666666666666666666666666666666666666663,120.4856770833333333333333333333333333333333333333333333333333333333333333333333333333333333333333333,843.399739583333333333333333333333333333333333333333333333333333333333333333333333333333333333333333,Al|Aluminium|downstream_only
periodic,QP094A-EZ014,SAM_ELEMENT_Z14|cycle=2|slot=2|period=3|capacity=18,Si Silicon,REVEALED_KNOWN_DOWNSTREAM_LABEL,Si Silicon,Si,Silicon,no,yes,ELEMENT_FAMILY_ALLOWED_AFTER_NUCLEAR_ATOMIC_CLOSURE,1038.020833333333333333333333333333333333333333333333333333333333333333333333333333333333333333333333,129.7526041666666666666666666666666666666666666666666666666666666666666666666666666666666666666666666,908.2682291666666666666666666666666666666666666666666666666666666666666666666666666666666666666666664,Si|Silicon|downstream_only
periodic,QP094A-EZ015,SAM_ELEMENT_Z15|cycle=2|slot=3|period=3|capacity=18,P Phosphorus,REVEALED_KNOWN_DOWNSTREAM_LABEL,P Phosphorus,P,Phosphorus,no,yes,ELEMENT_FAMILY_ALLOWED_AFTER_NUCLEAR_ATOMIC_CLOSURE,1112.156250000000000000000000000000000000000000000000000000000000000000000000000000000000000000000000,139.019531250000000000000000000000000000000000000000000000000000000000000000000000000000000000000000,973.136718750000000000000000000000000000000000000000000000000000000000000000000000000000000000000000,P|Phosphorus|downstream_only
periodic,QP094A-EZ016,SAM_ELEMENT_Z16|cycle=2|slot=4|period=3|capacity=18,S Sulfur,REVEALED_KNOWN_DOWNSTREAM_LABEL,S Sulfur,S,Sulfur,no,yes,ELEMENT_FAMILY_ALLOWED_AFTER_NUCLEAR_ATOMIC_CLOSURE,1186.291666666666666666666666666666666666666666666666666666666666666666666666666666666666666666666666,148.2864583333333333333333333333333333333333333333333333333333333333333333333333333333333333333333332,1038.005208333333333333333333333333333333333333333333333333333333333333333333333333333333333333333333,S|Sulfur|downstream_only
periodic,QP094A-EZ017,SAM_ELEMENT_Z17|cycle=2|slot=5|period=3|capacity=18,Cl Chlorine,REVEALED_KNOWN_DOWNSTREAM_LABEL,Cl Chlorine,Cl,Chlorine,no,yes,ELEMENT_FAMILY_ALLOWED_AFTER_NUCLEAR_ATOMIC_CLOSURE,1260.427083333333333333333333333333333333333333333333333333333333333333333333333333333333333333333333,157.5533854166666666666666666666666666666666666666666666666666666666666666666666666666666666666666666,1102.873697916666666666666666666666666666666666666666666666666666666666666666666666666666666666666666,Cl|Chlorine|downstream_only
periodic,QP094A-EZ018,SAM_ELEMENT_Z18|cycle=2|slot=6|period=3|capacity=18,Ar Argon,REVEALED_KNOWN_DOWNSTREAM_LABEL,Ar Argon,Ar,Argon,no,yes,ELEMENT_FAMILY_ALLOWED_AFTER_NUCLEAR_ATOMIC_CLOSURE,1334.562500000000000000000000000000000000000000000000000000000000000000000000000000000000000000000000,166.820312500000000000000000000000000000000000000000000000000000000000000000000000000000000000000000,1167.742187500000000000000000000000000000000000000000000000000000000000000000000000000000000000000000,Ar|Argon|downstream_only
periodic,QP094A-EZ019,SAM_ELEMENT_Z19|cycle=2|slot=7|period=3|capacity=18,K Potassium,REVEALED_KNOWN_DOWNSTREAM_LABEL,K Potassium,K,Potassium,no,yes,ELEMENT_FAMILY_ALLOWED_AFTER_NUCLEAR_ATOMIC_CLOSURE,1408.697916666666666666666666666666666666666666666666666666666666666666666666666666666666666666666666,176.0872395833333333333333333333333333333333333333333333333333333333333333333333333333333333333333332,1232.610677083333333333333333333333333333333333333333333333333333333333333333333333333333333333333333,K|Potassium|downstream_only
periodic,QP094A-EZ020,SAM_ELEMENT_Z20|cycle=2|slot=8|period=3|capacity=18,Ca Calcium,REVEALED_KNOWN_DOWNSTREAM_LABEL,Ca Calcium,Ca,Calcium,no,yes,ELEMENT_FAMILY_ALLOWED_AFTER_NUCLEAR_ATOMIC_CLOSURE,1482.833333333333333333333333333333333333333333333333333333333333333333333333333333333333333333333333,185.3541666666666666666666666666666666666666666666666666666666666666666666666666666666666666666666666,1297.479166666666666666666666666666666666666666666666666666666666666666666666666666666666666666666666,Ca|Calcium|downstream_only
periodic,QP094A-EZ021,SAM_ELEMENT_Z21|cycle=2|slot=9|period=3|capacity=18,Sc Scandium,REVEALED_KNOWN_DOWNSTREAM_LABEL,Sc Scandium,Sc,Scandium,no,yes,ELEMENT_FAMILY_ALLOWED_AFTER_NUCLEAR_ATOMIC_CLOSURE,1556.968749999999999999999999999999999999999999999999999999999999999999999999999999999999999999999999,194.6210937499999999999999999999999999999999999999999999999999999999999999999999999999999999999999999,1362.347656249999999999999999999999999999999999999999999999999999999999999999999999999999999999999999,Sc|Scandium|downstream_only
periodic,QP094A-EZ022,SAM_ELEMENT_Z22|cycle=2|slot=10|period=3|capacity=18,Ti Titanium,REVEALED_KNOWN_DOWNSTREAM_LABEL,Ti Titanium,Ti,Titanium,no,yes,ELEMENT_FAMILY_ALLOWED_AFTER_NUCLEAR_ATOMIC_CLOSURE,1631.104166666666666666666666666666666666666666666666666666666666666666666666666666666666666666666666,203.8880208333333333333333333333333333333333333333333333333333333333333333333333333333333333333333332,1427.216145833333333333333333333333333333333333333333333333333333333333333333333333333333333333333332,Ti|Titanium|downstream_only
periodic,QP094A-EZ023,SAM_ELEMENT_Z23|cycle=2|slot=11|period=3|capacity=18,V Vanadium,REVEALED_KNOWN_DOWNSTREAM_LABEL,V Vanadium,V,Vanadium,no,yes,ELEMENT_FAMILY_ALLOWED_AFTER_NUCLEAR_ATOMIC_CLOSURE,1705.239583333333333333333333333333333333333333333333333333333333333333333333333333333333333333333333,213.1549479166666666666666666666666666666666666666666666666666666666666666666666666666666666666666666,1492.084635416666666666666666666666666666666666666666666666666666666666666666666666666666666666666666,V|Vanadium|downstream_only
periodic,QP094A-EZ024,SAM_ELEMENT_Z24|cycle=2|slot=12|period=3|capacity=18,Cr Chromium,REVEALED_KNOWN_DOWNSTREAM_LABEL,Cr Chromium,Cr,Chromium,no,yes,ELEMENT_FAMILY_ALLOWED_AFTER_NUCLEAR_ATOMIC_CLOSURE,1779.499999999999999999999999999999999999999999999999999999999999999999999999999999999999999999999999,222.4374999999999999999999999999999999999999999999999999999999999999999999999999999999999999999999999,1557.062499999999999999999999999999999999999999999999999999999999999999999999999999999999999999999999,Cr|Chromium|downstream_only
periodic,QP094A-EZ025,SAM_ELEMENT_Z25|cycle=3|slot=1|period=3|capacity=18,Mn Manganese,REVEALED_KNOWN_DOWNSTREAM_LABEL,Mn Manganese,Mn,Manganese,no,yes,ELEMENT_FAMILY_ALLOWED_AFTER_NUCLEAR_ATOMIC_CLOSURE,1853.885416666666666666666666666666666666666666666666666666666666666666666666666666666666666666666666,231.7356770833333333333333333333333333333333333333333333333333333333333333333333333333333333333333332,1622.149739583333333333333333333333333333333333333333333333333333333333333333333333333333333333333332,Mn|Manganese|downstream_only
periodic,QP094A-EZ026,SAM_ELEMENT_Z26|cycle=3|slot=2|period=3|capacity=18,Fe Iron,REVEALED_KNOWN_DOWNSTREAM_LABEL,Fe Iron,Fe,Iron,no,yes,ELEMENT_FAMILY_ALLOWED_AFTER_NUCLEAR_ATOMIC_CLOSURE,1928.020833333333333333333333333333333333333333333333333333333333333333333333333333333333333333333333,241.0026041666666666666666666666666666666666666666666666666666666666666666666666666666666666666666666,1687.018229166666666666666666666666666666666666666666666666666666666666666666666666666666666666666666,Fe|Iron|downstream_only
periodic,QP094A-EZ027,SAM_ELEMENT_Z27|cycle=3|slot=3|period=3|capacity=18,Co Cobalt,REVEALED_KNOWN_DOWNSTREAM_LABEL,Co Cobalt,Co,Cobalt,no,yes,ELEMENT_FAMILY_ALLOWED_AFTER_NUCLEAR_ATOMIC_CLOSURE,2002.156249999999999999999999999999999999999999999999999999999999999999999999999999999999999999999999,250.2695312499999999999999999999999999999999999999999999999999999999999999999999999999999999999999999,1751.886718749999999999999999999999999999999999999999999999999999999999999999999999999999999999999999,Co|Cobalt|downstream_only
periodic,QP094A-EZ028,SAM_ELEMENT_Z28|cycle=3|slot=4|period=3|capacity=18,Ni Nickel,REVEALED_KNOWN_DOWNSTREAM_LABEL,Ni Nickel,Ni,Nickel,no,yes,ELEMENT_FAMILY_ALLOWED_AFTER_NUCLEAR_ATOMIC_CLOSURE,2076.291666666666666666666666666666666666666666666666666666666666666666666666666666666666666666666666,259.5364583333333333333333333333333333333333333333333333333333333333333333333333333333333333333333332,1816.755208333333333333333333333333333333333333333333333333333333333333333333333333333333333333333332,Ni|Nickel|downstream_only
periodic,QP094A-EZ029,SAM_ELEMENT_Z29|cycle=3|slot=5|period=4|capacity=32,Cu Copper,REVEALED_KNOWN_DOWNSTREAM_LABEL,Cu Copper,Cu,Copper,no,yes,ELEMENT_FAMILY_ALLOWED_AFTER_NUCLEAR_ATOMIC_CLOSURE,2150.427083333333333333333333333333333333333333333333333333333333333333333333333333333333333333333333,268.8033854166666666666666666666666666666666666666666666666666666666666666666666666666666666666666666,1881.623697916666666666666666666666666666666666666666666666666666666666666666666666666666666666666666,Cu|Copper|downstream_only
periodic,QP094A-EZ030,SAM_ELEMENT_Z30|cycle=3|slot=6|period=4|capacity=32,Zn Zinc,REVEALED_KNOWN_DOWNSTREAM_LABEL,Zn Zinc,Zn,Zinc,no,yes,ELEMENT_FAMILY_ALLOWED_AFTER_NUCLEAR_ATOMIC_CLOSURE,2224.687499999999999999999999999999999999999999999999999999999999999999999999999999999999999999999999,278.0859374999999999999999999999999999999999999999999999999999999999999999999999999999999999999999999,1946.601562499999999999999999999999999999999999999999999999999999999999999999999999999999999999999999,Zn|Zinc|downstream_only
periodic,QP094A-EZ031,SAM_ELEMENT_Z31|cycle=3|slot=7|period=4|capacity=32,Ga Gallium,REVEALED_KNOWN_DOWNSTREAM_LABEL,Ga Gallium,Ga,Gallium,no,yes,ELEMENT_FAMILY_ALLOWED_AFTER_NUCLEAR_ATOMIC_CLOSURE,2298.822916666666666666666666666666666666666666666666666666666666666666666666666666666666666666666666,287.3528645833333333333333333333333333333333333333333333333333333333333333333333333333333333333333332,2011.470052083333333333333333333333333333333333333333333333333333333333333333333333333333333333333332,Ga|Gallium|downstream_only
periodic,QP094A-EZ032,SAM_ELEMENT_Z32|cycle=3|slot=8|period=4|capacity=32,Ge Germanium,REVEALED_KNOWN_DOWNSTREAM_LABEL,Ge Germanium,Ge,Germanium,no,yes,ELEMENT_FAMILY_ALLOWED_AFTER_NUCLEAR_ATOMIC_CLOSURE,2372.958333333333333333333333333333333333333333333333333333333333333333333333333333333333333333333332,296.6197916666666666666666666666666666666666666666666666666666666666666666666666666666666666666666665,2076.338541666666666666666666666666666666666666666666666666666666666666666666666666666666666666666665,Ge|Germanium|downstream_only
periodic,QP094A-EZ033,SAM_ELEMENT_Z33|cycle=3|slot=9|period=4|capacity=32,As Arsenic,REVEALED_KNOWN_DOWNSTREAM_LABEL,As Arsenic,As,Arsenic,no,yes,ELEMENT_FAMILY_ALLOWED_AFTER_NUCLEAR_ATOMIC_CLOSURE,2447.093749999999999999999999999999999999999999999999999999999999999999999999999999999999999999999999,305.8867187499999999999999999999999999999999999999999999999999999999999999999999999999999999999999999,2141.207031249999999999999999999999999999999999999999999999999999999999999999999999999999999999999999,As|Arsenic|downstream_only
periodic,QP094A-EZ034,SAM_ELEMENT_Z34|cycle=3|slot=10|period=4|capacity=32,Se Selenium,REVEALED_KNOWN_DOWNSTREAM_LABEL,Se Selenium,Se,Selenium,no,yes,ELEMENT_FAMILY_ALLOWED_AFTER_NUCLEAR_ATOMIC_CLOSURE,2521.229166666666666666666666666666666666666666666666666666666666666666666666666666666666666666666666,315.1536458333333333333333333333333333333333333333333333333333333333333333333333333333333333333333332,2206.075520833333333333333333333333333333333333333333333333333333333333333333333333333333333333333332,Se|Selenium|downstream_only
periodic,QP094A-EZ035,SAM_ELEMENT_Z35|cycle=3|slot=11|period=4|capacity=32,Br Bromine,REVEALED_KNOWN_DOWNSTREAM_LABEL,Br Bromine,Br,Bromine,no,yes,ELEMENT_FAMILY_ALLOWED_AFTER_NUCLEAR_ATOMIC_CLOSURE,2595.364583333333333333333333333333333333333333333333333333333333333333333333333333333333333333333332,324.4205729166666666666666666666666666666666666666666666666666666666666666666666666666666666666666665,2270.944010416666666666666666666666666666666666666666666666666666666666666666666666666666666666666665,Br|Bromine|downstream_only
periodic,QP094A-EZ036,SAM_ELEMENT_Z36|cycle=3|slot=12|period=4|capacity=32,Kr Krypton,REVEALED_KNOWN_DOWNSTREAM_LABEL,Kr Krypton,Kr,Krypton,no,yes,ELEMENT_FAMILY_ALLOWED_AFTER_NUCLEAR_ATOMIC_CLOSURE,2669.624999999999999999999999999999999999999999999999999999999999999999999999999999999999999999999999,333.7031249999999999999999999999999999999999999999999999999999999999999999999999999999999999999999999,2335.921874999999999999999999999999999999999999999999999999999999999999999999999999999999999999999999,Kr|Krypton|downstream_only
periodic,QP094A-EZ037,SAM_ELEMENT_Z37|cycle=4|slot=1|period=4|capacity=32,Rb Rubidium,REVEALED_KNOWN_DOWNSTREAM_LABEL,Rb Rubidium,Rb,Rubidium,no,yes,ELEMENT_FAMILY_ALLOWED_AFTER_NUCLEAR_ATOMIC_CLOSURE,2744.135416666666666666666666666666666666666666666666666666666666666666666666666666666666666666666666,343.0169270833333333333333333333333333333333333333333333333333333333333333333333333333333333333333332,2401.118489583333333333333333333333333333333333333333333333333333333333333333333333333333333333333332,Rb|Rubidium|downstream_only
periodic,QP094A-EZ038,SAM_ELEMENT_Z38|cycle=4|slot=2|period=4|capacity=32,Sr Strontium,REVEALED_KNOWN_DOWNSTREAM_LABEL,Sr Strontium,Sr,Strontium,no,yes,ELEMENT_FAMILY_ALLOWED_AFTER_NUCLEAR_ATOMIC_CLOSURE,2818.270833333333333333333333333333333333333333333333333333333333333333333333333333333333333333333332,352.2838541666666666666666666666666666666666666666666666666666666666666666666666666666666666666666665,2465.986979166666666666666666666666666666666666666666666666666666666666666666666666666666666666666665,Sr|Strontium|downstream_only
periodic,QP094A-EZ039,SAM_ELEMENT_Z39|cycle=4|slot=3|period=4|capacity=32,Y Yttrium,REVEALED_KNOWN_DOWNSTREAM_LABEL,Y Yttrium,Y,Yttrium,no,yes,ELEMENT_FAMILY_ALLOWED_AFTER_NUCLEAR_ATOMIC_CLOSURE,2892.406249999999999999999999999999999999999999999999999999999999999999999999999999999999999999999999,361.5507812499999999999999999999999999999999999999999999999999999999999999999999999999999999999999999,2530.855468749999999999999999999999999999999999999999999999999999999999999999999999999999999999999999,Y|Yttrium|downstream_only
periodic,QP094A-EZ040,SAM_ELEMENT_Z40|cycle=4|slot=4|period=4|capacity=32,Zr Zirconium,REVEALED_KNOWN_DOWNSTREAM_LABEL,Zr Zirconium,Zr,Zirconium,no,yes,ELEMENT_FAMILY_ALLOWED_AFTER_NUCLEAR_ATOMIC_CLOSURE,2966.666666666666666666666666666666666666666666666666666666666666666666666666666666666666666666666666,370.8333333333333333333333333333333333333333333333333333333333333333333333333333333333333333333333332,2595.833333333333333333333333333333333333333333333333333333333333333333333333333333333333333333333332,Zr|Zirconium|downstream_only
periodic,QP094A-EZ041,SAM_ELEMENT_Z41|cycle=4|slot=5|period=4|capacity=32,Nb Niobium,REVEALED_KNOWN_DOWNSTREAM_LABEL,Nb Niobium,Nb,Niobium,no,yes,ELEMENT_FAMILY_ALLOWED_AFTER_NUCLEAR_ATOMIC_CLOSURE,3040.802083333333333333333333333333333333333333333333333333333333333333333333333333333333333333333332,380.1002604166666666666666666666666666666666666666666666666666666666666666666666666666666666666666665,2660.701822916666666666666666666666666666666666666666666666666666666666666666666666666666666666666665,Nb|Niobium|downstream_only
periodic,QP094A-EZ042,SAM_ELEMENT_Z42|cycle=4|slot=6|period=4|capacity=32,Mo Molybdenum,REVEALED_KNOWN_DOWNSTREAM_LABEL,Mo Molybdenum,Mo,Molybdenum,no,yes,ELEMENT_FAMILY_ALLOWED_AFTER_NUCLEAR_ATOMIC_CLOSURE,3114.937499999999999999999999999999999999999999999999999999999999999999999999999999999999999999999999,389.3671874999999999999999999999999999999999999999999999999999999999999999999999999999999999999999999,2725.570312499999999999999999999999999999999999999999999999999999999999999999999999999999999999999999,Mo|Molybdenum|downstream_only
periodic,QP094A-EZ043,SAM_ELEMENT_Z43|cycle=4|slot=7|period=4|capacity=32,Tc Technetium,REVEALED_KNOWN_DOWNSTREAM_LABEL,Tc Technetium,Tc,Technetium,no,yes,ELEMENT_FAMILY_ALLOWED_AFTER_NUCLEAR_ATOMIC_CLOSURE,3189.072916666666666666666666666666666666666666666666666666666666666666666666666666666666666666666666,398.6341145833333333333333333333333333333333333333333333333333333333333333333333333333333333333333332,2790.438802083333333333333333333333333333333333333333333333333333333333333333333333333333333333333332,Tc|Technetium|downstream_only
periodic,QP094A-EZ044,SAM_ELEMENT_Z44|cycle=4|slot=8|period=4|capacity=32,Ru Ruthenium,REVEALED_KNOWN_DOWNSTREAM_LABEL,Ru Ruthenium,Ru,Ruthenium,no,yes,ELEMENT_FAMILY_ALLOWED_AFTER_NUCLEAR_ATOMIC_CLOSURE,3263.333333333333333333333333333333333333333333333333333333333333333333333333333333333333333333333332,407.9166666666666666666666666666666666666666666666666666666666666666666666666666666666666666666666665,2855.416666666666666666666666666666666666666666666666666666666666666666666666666666666666666666666665,Ru|Ruthenium|downstream_only
periodic,QP094A-EZ045,SAM_ELEMENT_Z45|cycle=4|slot=9|period=4|capacity=32,Rh Rhodium,REVEALED_KNOWN_DOWNSTREAM_LABEL,Rh Rhodium,Rh,Rhodium,no,yes,ELEMENT_FAMILY_ALLOWED_AFTER_NUCLEAR_ATOMIC_CLOSURE,3337.468749999999999999999999999999999999999999999999999999999999999999999999999999999999999999999999,417.1835937499999999999999999999999999999999999999999999999999999999999999999999999999999999999999999,2920.285156249999999999999999999999999999999999999999999999999999999999999999999999999999999999999999,Rh|Rhodium|downstream_only
periodic,QP094A-EZ046,SAM_ELEMENT_Z46|cycle=4|slot=10|period=4|capacity=32,Pd Palladium,REVEALED_KNOWN_DOWNSTREAM_LABEL,Pd Palladium,Pd,Palladium,no,yes,ELEMENT_FAMILY_ALLOWED_AFTER_NUCLEAR_ATOMIC_CLOSURE,3411.604166666666666666666666666666666666666666666666666666666666666666666666666666666666666666666665,426.4505208333333333333333333333333333333333333333333333333333333333333333333333333333333333333333331,2985.153645833333333333333333333333333333333333333333333333333333333333333333333333333333333333333332,Pd|Palladium|downstream_only
periodic,QP094A-EZ047,SAM_ELEMENT_Z47|cycle=4|slot=11|period=4|capacity=32,Ag Silver,REVEALED_KNOWN_DOWNSTREAM_LABEL,Ag Silver,Ag,Silver,no,yes,ELEMENT_FAMILY_ALLOWED_AFTER_NUCLEAR_ATOMIC_CLOSURE,3485.739583333333333333333333333333333333333333333333333333333333333333333333333333333333333333333332,435.7174479166666666666666666666666666666666666666666666666666666666666666666666666666666666666666665,3050.022135416666666666666666666666666666666666666666666666666666666666666666666666666666666666666665,Ag|Silver|downstream_only
periodic,QP094A-EZ048,SAM_ELEMENT_Z48|cycle=4|slot=12|period=4|capacity=32,Cd Cadmium,REVEALED_KNOWN_DOWNSTREAM_LABEL,Cd Cadmium,Cd,Cadmium,no,yes,ELEMENT_FAMILY_ALLOWED_AFTER_NUCLEAR_ATOMIC_CLOSURE,3559.999999999999999999999999999999999999999999999999999999999999999999999999999999999999999999999999,444.9999999999999999999999999999999999999999999999999999999999999999999999999999999999999999999999999,3114.999999999999999999999999999999999999999999999999999999999999999999999999999999999999999999999999,Cd|Cadmium|downstream_only
periodic,QP094A-EZ049,SAM_ELEMENT_Z49|cycle=5|slot=1|period=4|capacity=32,In Indium,REVEALED_KNOWN_DOWNSTREAM_LABEL,In Indium,In,Indium,no,yes,ELEMENT_FAMILY_ALLOWED_AFTER_NUCLEAR_ATOMIC_CLOSURE,3634.635416666666666666666666666666666666666666666666666666666666666666666666666666666666666666666665,454.3294270833333333333333333333333333333333333333333333333333333333333333333333333333333333333333331,3180.305989583333333333333333333333333333333333333333333333333333333333333333333333333333333333333332,In|Indium|downstream_only
periodic,QP094A-EZ050,SAM_ELEMENT_Z50|cycle=5|slot=2|period=4|capacity=32,Sn Tin,REVEALED_KNOWN_DOWNSTREAM_LABEL,Sn Tin,Sn,Tin,no,yes,ELEMENT_FAMILY_ALLOWED_AFTER_NUCLEAR_ATOMIC_CLOSURE,3708.770833333333333333333333333333333333333333333333333333333333333333333333333333333333333333333332,463.5963541666666666666666666666666666666666666666666666666666666666666666666666666666666666666666665,3245.174479166666666666666666666666666666666666666666666666666666666666666666666666666666666666666665,Sn|Tin|downstream_only
periodic,QP094A-EZ051,SAM_ELEMENT_Z51|cycle=5|slot=3|period=4|capacity=32,Sb Antimony,REVEALED_KNOWN_DOWNSTREAM_LABEL,Sb Antimony,Sb,Antimony,no,yes,ELEMENT_FAMILY_ALLOWED_AFTER_NUCLEAR_ATOMIC_CLOSURE,3783.031249999999999999999999999999999999999999999999999999999999999999999999999999999999999999999999,472.8789062499999999999999999999999999999999999999999999999999999999999999999999999999999999999999999,3310.152343749999999999999999999999999999999999999999999999999999999999999999999999999999999999999999,Sb|Antimony|downstream_only
periodic,QP094A-EZ052,SAM_ELEMENT_Z52|cycle=5|slot=4|period=4|capacity=32,Te Tellurium,REVEALED_KNOWN_DOWNSTREAM_LABEL,Te Tellurium,Te,Tellurium,no,yes,ELEMENT_FAMILY_ALLOWED_AFTER_NUCLEAR_ATOMIC_CLOSURE,3857.166666666666666666666666666666666666666666666666666666666666666666666666666666666666666666666665,482.1458333333333333333333333333333333333333333333333333333333333333333333333333333333333333333333331,3375.020833333333333333333333333333333333333333333333333333333333333333333333333333333333333333333332,Te|Tellurium|downstream_only
periodic,QP094A-EZ053,SAM_ELEMENT_Z53|cycle=5|slot=5|period=4|capacity=32,I Iodine,REVEALED_KNOWN_DOWNSTREAM_LABEL,I Iodine,I,Iodine,no,yes,ELEMENT_FAMILY_ALLOWED_AFTER_NUCLEAR_ATOMIC_CLOSURE,3931.302083333333333333333333333333333333333333333333333333333333333333333333333333333333333333333332,491.4127604166666666666666666666666666666666666666666666666666666666666666666666666666666666666666665,3439.889322916666666666666666666666666666666666666666666666666666666666666666666666666666666666666665,I|Iodine|downstream_only
periodic,QP094A-EZ054,SAM_ELEMENT_Z54|cycle=5|slot=6|period=4|capacity=32,Xe Xenon,REVEALED_KNOWN_DOWNSTREAM_LABEL,Xe Xenon,Xe,Xenon,no,yes,ELEMENT_FAMILY_ALLOWED_AFTER_NUCLEAR_ATOMIC_CLOSURE,4005.562499999999999999999999999999999999999999999999999999999999999999999999999999999999999999999999,500.6953124999999999999999999999999999999999999999999999999999999999999999999999999999999999999999999,3504.867187499999999999999999999999999999999999999999999999999999999999999999999999999999999999999999,Xe|Xenon|downstream_only
periodic,QP094A-EZ055,SAM_ELEMENT_Z55|cycle=5|slot=7|period=4|capacity=32,Cs Caesium,REVEALED_KNOWN_DOWNSTREAM_LABEL,Cs Caesium,Cs,Caesium,no,yes,ELEMENT_FAMILY_ALLOWED_AFTER_NUCLEAR_ATOMIC_CLOSURE,4079.697916666666666666666666666666666666666666666666666666666666666666666666666666666666666666666665,509.9622395833333333333333333333333333333333333333333333333333333333333333333333333333333333333333331,3569.735677083333333333333333333333333333333333333333333333333333333333333333333333333333333333333332,Cs|Caesium|downstream_only
periodic,QP094A-EZ056,SAM_ELEMENT_Z56|cycle=5|slot=8|period=4|capacity=32,Ba Barium,REVEALED_KNOWN_DOWNSTREAM_LABEL,Ba Barium,Ba,Barium,no,yes,ELEMENT_FAMILY_ALLOWED_AFTER_NUCLEAR_ATOMIC_CLOSURE,4153.833333333333333333333333333333333333333333333333333333333333333333333333333333333333333333333332,519.2291666666666666666666666666666666666666666666666666666666666666666666666666666666666666666666665,3634.604166666666666666666666666666666666666666666666666666666666666666666666666666666666666666666665,Ba|Barium|downstream_only
periodic,QP094A-EZ057,SAM_ELEMENT_Z57|cycle=5|slot=9|period=4|capacity=32,La Lanthanum,REVEALED_KNOWN_DOWNSTREAM_LABEL,La Lanthanum,La,Lanthanum,no,yes,ELEMENT_FAMILY_ALLOWED_AFTER_NUCLEAR_ATOMIC_CLOSURE,4228.093749999999999999999999999999999999999999999999999999999999999999999999999999999999999999999998,528.5117187499999999999999999999999999999999999999999999999999999999999999999999999999999999999999998,3699.582031249999999999999999999999999999999999999999999999999999999999999999999999999999999999999999,La|Lanthanum|downstream_only
periodic,QP094A-EZ058,SAM_ELEMENT_Z58|cycle=5|slot=10|period=4|capacity=32,Ce Cerium,REVEALED_KNOWN_DOWNSTREAM_LABEL,Ce Cerium,Ce,Cerium,no,yes,ELEMENT_FAMILY_ALLOWED_AFTER_NUCLEAR_ATOMIC_CLOSURE,4302.229166666666666666666666666666666666666666666666666666666666666666666666666666666666666666666665,537.7786458333333333333333333333333333333333333333333333333333333333333333333333333333333333333333331,3764.450520833333333333333333333333333333333333333333333333333333333333333333333333333333333333333332,Ce|Cerium|downstream_only
periodic,QP094A-EZ059,SAM_ELEMENT_Z59|cycle=5|slot=11|period=4|capacity=32,Pr Praseodymium,REVEALED_KNOWN_DOWNSTREAM_LABEL,Pr Praseodymium,Pr,Praseodymium,no,yes,ELEMENT_FAMILY_ALLOWED_AFTER_NUCLEAR_ATOMIC_CLOSURE,4376.364583333333333333333333333333333333333333333333333333333333333333333333333333333333333333333332,547.0455729166666666666666666666666666666666666666666666666666666666666666666666666666666666666666665,3829.319010416666666666666666666666666666666666666666666666666666666666666666666666666666666666666665,Pr|Praseodymium|downstream_only
periodic,QP094A-EZ060,SAM_ELEMENT_Z60|cycle=5|slot=12|period=4|capacity=32,Nd Neodymium,REVEALED_KNOWN_DOWNSTREAM_LABEL,Nd Neodymium,Nd,Neodymium,no,yes,ELEMENT_FAMILY_ALLOWED_AFTER_NUCLEAR_ATOMIC_CLOSURE,4450.624999999999999999999999999999999999999999999999999999999999999999999999999999999999999999999998,556.3281249999999999999999999999999999999999999999999999999999999999999999999999999999999999999999998,3894.296874999999999999999999999999999999999999999999999999999999999999999999999999999999999999999999,Nd|Neodymium|downstream_only
periodic,QP094A-EZ061,SAM_ELEMENT_Z61|cycle=6|slot=1|period=5|capacity=32,Pm Promethium,REVEALED_KNOWN_DOWNSTREAM_LABEL,Pm Promethium,Pm,Promethium,no,yes,ELEMENT_FAMILY_ALLOWED_AFTER_NUCLEAR_ATOMIC_CLOSURE,4525.385416666666666666666666666666666666666666666666666666666666666666666666666666666666666666666665,565.6731770833333333333333333333333333333333333333333333333333333333333333333333333333333333333333331,3959.712239583333333333333333333333333333333333333333333333333333333333333333333333333333333333333332,Pm|Promethium|downstream_only
periodic,QP094A-EZ062,SAM_ELEMENT_Z62|cycle=6|slot=2|period=5|capacity=32,Sm Samarium,REVEALED_KNOWN_DOWNSTREAM_LABEL,Sm Samarium,Sm,Samarium,no,yes,ELEMENT_FAMILY_ALLOWED_AFTER_NUCLEAR_ATOMIC_CLOSURE,4599.520833333333333333333333333333333333333333333333333333333333333333333333333333333333333333333332,574.9401041666666666666666666666666666666666666666666666666666666666666666666666666666666666666666665,4024.580729166666666666666666666666666666666666666666666666666666666666666666666666666666666666666665,Sm|Samarium|downstream_only
periodic,QP094A-EZ063,SAM_ELEMENT_Z63|cycle=6|slot=3|period=5|capacity=32,Eu Europium,REVEALED_KNOWN_DOWNSTREAM_LABEL,Eu Europium,Eu,Europium,no,yes,ELEMENT_FAMILY_ALLOWED_AFTER_NUCLEAR_ATOMIC_CLOSURE,4673.781249999999999999999999999999999999999999999999999999999999999999999999999999999999999999999998,584.2226562499999999999999999999999999999999999999999999999999999999999999999999999999999999999999998,4089.558593749999999999999999999999999999999999999999999999999999999999999999999999999999999999999999,Eu|Europium|downstream_only
periodic,QP094A-EZ064,SAM_ELEMENT_Z64|cycle=6|slot=4|period=5|capacity=32,Gd Gadolinium,REVEALED_KNOWN_DOWNSTREAM_LABEL,Gd Gadolinium,Gd,Gadolinium,no,yes,ELEMENT_FAMILY_ALLOWED_AFTER_NUCLEAR_ATOMIC_CLOSURE,4747.916666666666666666666666666666666666666666666666666666666666666666666666666666666666666666666665,593.4895833333333333333333333333333333333333333333333333333333333333333333333333333333333333333333331,4154.427083333333333333333333333333333333333333333333333333333333333333333333333333333333333333333332,Gd|Gadolinium|downstream_only
periodic,QP094A-EZ065,SAM_ELEMENT_Z65|cycle=6|slot=5|period=5|capacity=32,Tb Terbium,REVEALED_KNOWN_DOWNSTREAM_LABEL,Tb Terbium,Tb,Terbium,no,yes,ELEMENT_FAMILY_ALLOWED_AFTER_NUCLEAR_ATOMIC_CLOSURE,4822.177083333333333333333333333333333333333333333333333333333333333333333333333333333333333333333332,602.7721354166666666666666666666666666666666666666666666666666666666666666666666666666666666666666665,4219.404947916666666666666666666666666666666666666666666666666666666666666666666666666666666666666665,Tb|Terbium|downstream_only
periodic,QP094A-EZ066,SAM_ELEMENT_Z66|cycle=6|slot=6|period=5|capacity=32,Dy Dysprosium,REVEALED_KNOWN_DOWNSTREAM_LABEL,Dy Dysprosium,Dy,Dysprosium,no,yes,ELEMENT_FAMILY_ALLOWED_AFTER_NUCLEAR_ATOMIC_CLOSURE,4896.312499999999999999999999999999999999999999999999999999999999999999999999999999999999999999999998,612.0390624999999999999999999999999999999999999999999999999999999999999999999999999999999999999999998,4284.273437499999999999999999999999999999999999999999999999999999999999999999999999999999999999999999,Dy|Dysprosium|downstream_only
periodic,QP094A-EZ067,SAM_ELEMENT_Z67|cycle=6|slot=7|period=5|capacity=32,Ho Holmium,REVEALED_KNOWN_DOWNSTREAM_LABEL,Ho Holmium,Ho,Holmium,no,yes,ELEMENT_FAMILY_ALLOWED_AFTER_NUCLEAR_ATOMIC_CLOSURE,4970.447916666666666666666666666666666666666666666666666666666666666666666666666666666666666666666665,621.3059895833333333333333333333333333333333333333333333333333333333333333333333333333333333333333331,4349.141927083333333333333333333333333333333333333333333333333333333333333333333333333333333333333332,Ho|Holmium|downstream_only
periodic,QP094A-EZ068,SAM_ELEMENT_Z68|cycle=6|slot=8|period=5|capacity=32,Er Erbium,REVEALED_KNOWN_DOWNSTREAM_LABEL,Er Erbium,Er,Erbium,no,yes,ELEMENT_FAMILY_ALLOWED_AFTER_NUCLEAR_ATOMIC_CLOSURE,5044.708333333333333333333333333333333333333333333333333333333333333333333333333333333333333333333332,630.5885416666666666666666666666666666666666666666666666666666666666666666666666666666666666666666665,4414.119791666666666666666666666666666666666666666666666666666666666666666666666666666666666666666665,Er|Erbium|downstream_only
periodic,QP094A-EZ069,SAM_ELEMENT_Z69|cycle=6|slot=9|period=5|capacity=32,Tm Thulium,REVEALED_KNOWN_DOWNSTREAM_LABEL,Tm Thulium,Tm,Thulium,no,yes,ELEMENT_FAMILY_ALLOWED_AFTER_NUCLEAR_ATOMIC_CLOSURE,5118.843749999999999999999999999999999999999999999999999999999999999999999999999999999999999999999998,639.8554687499999999999999999999999999999999999999999999999999999999999999999999999999999999999999998,4478.988281249999999999999999999999999999999999999999999999999999999999999999999999999999999999999999,Tm|Thulium|downstream_only
periodic,QP094A-EZ070,SAM_ELEMENT_Z70|cycle=6|slot=10|period=5|capacity=32,Yb Ytterbium,REVEALED_KNOWN_DOWNSTREAM_LABEL,Yb Ytterbium,Yb,Ytterbium,no,yes,ELEMENT_FAMILY_ALLOWED_AFTER_NUCLEAR_ATOMIC_CLOSURE,5193.104166666666666666666666666666666666666666666666666666666666666666666666666666666666666666666665,649.1380208333333333333333333333333333333333333333333333333333333333333333333333333333333333333333331,4543.966145833333333333333333333333333333333333333333333333333333333333333333333333333333333333333332,Yb|Ytterbium|downstream_only
periodic,QP094A-EZ071,SAM_ELEMENT_Z71|cycle=6|slot=11|period=5|capacity=32,Lu Lutetium,REVEALED_KNOWN_DOWNSTREAM_LABEL,Lu Lutetium,Lu,Lutetium,no,yes,ELEMENT_FAMILY_ALLOWED_AFTER_NUCLEAR_ATOMIC_CLOSURE,5267.239583333333333333333333333333333333333333333333333333333333333333333333333333333333333333333331,658.4049479166666666666666666666666666666666666666666666666666666666666666666666666666666666666666664,4608.834635416666666666666666666666666666666666666666666666666666666666666666666666666666666666666665,Lu|Lutetium|downstream_only
periodic,QP094A-EZ072,SAM_ELEMENT_Z72|cycle=6|slot=12|period=5|capacity=32,Hf Hafnium,REVEALED_KNOWN_DOWNSTREAM_LABEL,Hf Hafnium,Hf,Hafnium,no,yes,ELEMENT_FAMILY_ALLOWED_AFTER_NUCLEAR_ATOMIC_CLOSURE,5341.499999999999999999999999999999999999999999999999999999999999999999999999999999999999999999999998,667.6874999999999999999999999999999999999999999999999999999999999999999999999999999999999999999999998,4673.812499999999999999999999999999999999999999999999999999999999999999999999999999999999999999999999,Hf|Hafnium|downstream_only
periodic,QP094A-EZ073,SAM_ELEMENT_Z73|cycle=7|slot=1|period=5|capacity=32,Ta Tantalum,REVEALED_KNOWN_DOWNSTREAM_LABEL,Ta Tantalum,Ta,Tantalum,no,yes,ELEMENT_FAMILY_ALLOWED_AFTER_NUCLEAR_ATOMIC_CLOSURE,5416.385416666666666666666666666666666666666666666666666666666666666666666666666666666666666666666665,677.0481770833333333333333333333333333333333333333333333333333333333333333333333333333333333333333331,4739.337239583333333333333333333333333333333333333333333333333333333333333333333333333333333333333332,Ta|Tantalum|downstream_only
periodic,QP094A-EZ074,SAM_ELEMENT_Z74|cycle=7|slot=2|period=5|capacity=32,W Tungsten,REVEALED_KNOWN_DOWNSTREAM_LABEL,W Tungsten,W,Tungsten,no,yes,ELEMENT_FAMILY_ALLOWED_AFTER_NUCLEAR_ATOMIC_CLOSURE,5490.645833333333333333333333333333333333333333333333333333333333333333333333333333333333333333333331,686.3307291666666666666666666666666666666666666666666666666666666666666666666666666666666666666666664,4804.315104166666666666666666666666666666666666666666666666666666666666666666666666666666666666666665,W|Tungsten|downstream_only
periodic,QP094A-EZ075,SAM_ELEMENT_Z75|cycle=7|slot=3|period=5|capacity=32,Re Rhenium,REVEALED_KNOWN_DOWNSTREAM_LABEL,Re Rhenium,Re,Rhenium,no,yes,ELEMENT_FAMILY_ALLOWED_AFTER_NUCLEAR_ATOMIC_CLOSURE,5564.781249999999999999999999999999999999999999999999999999999999999999999999999999999999999999999998,695.5976562499999999999999999999999999999999999999999999999999999999999999999999999999999999999999998,4869.183593749999999999999999999999999999999999999999999999999999999999999999999999999999999999999999,Re|Rhenium|downstream_only
periodic,QP094A-EZ076,SAM_ELEMENT_Z76|cycle=7|slot=4|period=5|capacity=32,Os Osmium,REVEALED_KNOWN_DOWNSTREAM_LABEL,Os Osmium,Os,Osmium,no,yes,ELEMENT_FAMILY_ALLOWED_AFTER_NUCLEAR_ATOMIC_CLOSURE,5639.041666666666666666666666666666666666666666666666666666666666666666666666666666666666666666666665,704.8802083333333333333333333333333333333333333333333333333333333333333333333333333333333333333333331,4934.161458333333333333333333333333333333333333333333333333333333333333333333333333333333333333333332,Os|Osmium|downstream_only
periodic,QP094A-EZ077,SAM_ELEMENT_Z77|cycle=7|slot=5|period=5|capacity=32,Ir Iridium,REVEALED_KNOWN_DOWNSTREAM_LABEL,Ir Iridium,Ir,Iridium,no,yes,ELEMENT_FAMILY_ALLOWED_AFTER_NUCLEAR_ATOMIC_CLOSURE,5713.177083333333333333333333333333333333333333333333333333333333333333333333333333333333333333333331,714.1471354166666666666666666666666666666666666666666666666666666666666666666666666666666666666666664,4999.029947916666666666666666666666666666666666666666666666666666666666666666666666666666666666666665,Ir|Iridium|downstream_only
periodic,QP094A-EZ078,SAM_ELEMENT_Z78|cycle=7|slot=6|period=5|capacity=32,Pt Platinum,REVEALED_KNOWN_DOWNSTREAM_LABEL,Pt Platinum,Pt,Platinum,no,yes,ELEMENT_FAMILY_ALLOWED_AFTER_NUCLEAR_ATOMIC_CLOSURE,5787.437499999999999999999999999999999999999999999999999999999999999999999999999999999999999999999998,723.4296874999999999999999999999999999999999999999999999999999999999999999999999999999999999999999998,5064.007812499999999999999999999999999999999999999999999999999999999999999999999999999999999999999999,Pt|Platinum|downstream_only
periodic,QP094A-EZ079,SAM_ELEMENT_Z79|cycle=7|slot=7|period=5|capacity=32,Au Gold,REVEALED_KNOWN_DOWNSTREAM_LABEL,Au Gold,Au,Gold,no,yes,ELEMENT_FAMILY_ALLOWED_AFTER_NUCLEAR_ATOMIC_CLOSURE,5861.572916666666666666666666666666666666666666666666666666666666666666666666666666666666666666666665,732.6966145833333333333333333333333333333333333333333333333333333333333333333333333333333333333333331,5128.876302083333333333333333333333333333333333333333333333333333333333333333333333333333333333333332,Au|Gold|downstream_only
periodic,QP094A-EZ080,SAM_ELEMENT_Z80|cycle=7|slot=8|period=5|capacity=32,Hg Mercury,REVEALED_KNOWN_DOWNSTREAM_LABEL,Hg Mercury,Hg,Mercury,no,yes,ELEMENT_FAMILY_ALLOWED_AFTER_NUCLEAR_ATOMIC_CLOSURE,5935.833333333333333333333333333333333333333333333333333333333333333333333333333333333333333333333331,741.9791666666666666666666666666666666666666666666666666666666666666666666666666666666666666666666664,5193.854166666666666666666666666666666666666666666666666666666666666666666666666666666666666666666665,Hg|Mercury|downstream_only
periodic,QP094A-EZ081,SAM_ELEMENT_Z81|cycle=7|slot=9|period=5|capacity=32,Tl Thallium,REVEALED_KNOWN_DOWNSTREAM_LABEL,Tl Thallium,Tl,Thallium,no,yes,ELEMENT_FAMILY_ALLOWED_AFTER_NUCLEAR_ATOMIC_CLOSURE,6009.968749999999999999999999999999999999999999999999999999999999999999999999999999999999999999999998,751.2460937499999999999999999999999999999999999999999999999999999999999999999999999999999999999999998,5258.722656249999999999999999999999999999999999999999999999999999999999999999999999999999999999999999,Tl|Thallium|downstream_only
periodic,QP094A-EZ082,SAM_ELEMENT_Z82|cycle=7|slot=10|period=5|capacity=32,Pb Lead,REVEALED_KNOWN_DOWNSTREAM_LABEL,Pb Lead,Pb,Lead,no,yes,ELEMENT_FAMILY_ALLOWED_AFTER_NUCLEAR_ATOMIC_CLOSURE,6084.229166666666666666666666666666666666666666666666666666666666666666666666666666666666666666666664,760.528645833333333333333333333333333333333333333333333333333333333333333333333333333333333333333333,5323.700520833333333333333333333333333333333333333333333333333333333333333333333333333333333333333331,Pb|Lead|downstream_only
periodic,QP094A-EZ083,SAM_ELEMENT_Z83|cycle=7|slot=11|period=5|capacity=32,Bi Bismuth,REVEALED_KNOWN_DOWNSTREAM_LABEL,Bi Bismuth,Bi,Bismuth,no,yes,ELEMENT_FAMILY_ALLOWED_AFTER_NUCLEAR_ATOMIC_CLOSURE,6158.364583333333333333333333333333333333333333333333333333333333333333333333333333333333333333333331,769.7955729166666666666666666666666666666666666666666666666666666666666666666666666666666666666666664,5388.569010416666666666666666666666666666666666666666666666666666666666666666666666666666666666666665,Bi|Bismuth|downstream_only
periodic,QP094A-EZ084,SAM_ELEMENT_Z84|cycle=7|slot=12|period=5|capacity=32,Po Polonium,REVEALED_KNOWN_DOWNSTREAM_LABEL,Po Polonium,Po,Polonium,no,yes,ELEMENT_FAMILY_ALLOWED_AFTER_NUCLEAR_ATOMIC_CLOSURE,6232.624999999999999999999999999999999999999999999999999999999999999999999999999999999999999999999998,779.0781249999999999999999999999999999999999999999999999999999999999999999999999999999999999999999998,5453.546874999999999999999999999999999999999999999999999999999999999999999999999999999999999999999999,Po|Polonium|downstream_only
periodic,QP094A-EZ085,SAM_ELEMENT_Z85|cycle=8|slot=1|period=5|capacity=32,At Astatine,REVEALED_KNOWN_DOWNSTREAM_LABEL,At Astatine,At,Astatine,no,yes,ELEMENT_FAMILY_ALLOWED_AFTER_NUCLEAR_ATOMIC_CLOSURE,6307.635416666666666666666666666666666666666666666666666666666666666666666666666666666666666666666664,788.454427083333333333333333333333333333333333333333333333333333333333333333333333333333333333333333,5519.180989583333333333333333333333333333333333333333333333333333333333333333333333333333333333333331,At|Astatine|downstream_only
periodic,QP094A-EZ086,SAM_ELEMENT_Z86|cycle=8|slot=2|period=5|capacity=32,Rn Radon,REVEALED_KNOWN_DOWNSTREAM_LABEL,Rn Radon,Rn,Radon,no,yes,ELEMENT_FAMILY_ALLOWED_AFTER_NUCLEAR_ATOMIC_CLOSURE,6381.895833333333333333333333333333333333333333333333333333333333333333333333333333333333333333333331,797.7369791666666666666666666666666666666666666666666666666666666666666666666666666666666666666666664,5584.158854166666666666666666666666666666666666666666666666666666666666666666666666666666666666666665,Rn|Radon|downstream_only
periodic,QP094A-EZ087,SAM_ELEMENT_Z87|cycle=8|slot=3|period=5|capacity=32,Fr Francium,REVEALED_KNOWN_DOWNSTREAM_LABEL,Fr Francium,Fr,Francium,no,yes,ELEMENT_FAMILY_ALLOWED_AFTER_NUCLEAR_ATOMIC_CLOSURE,6456.031249999999999999999999999999999999999999999999999999999999999999999999999999999999999999999998,807.0039062499999999999999999999999999999999999999999999999999999999999999999999999999999999999999998,5649.027343749999999999999999999999999999999999999999999999999999999999999999999999999999999999999999,Fr|Francium|downstream_only
periodic,QP094A-EZ088,SAM_ELEMENT_Z88|cycle=8|slot=4|period=5|capacity=32,Ra Radium,REVEALED_KNOWN_DOWNSTREAM_LABEL,Ra Radium,Ra,Radium,no,yes,ELEMENT_FAMILY_ALLOWED_AFTER_NUCLEAR_ATOMIC_CLOSURE,6530.291666666666666666666666666666666666666666666666666666666666666666666666666666666666666666666664,816.286458333333333333333333333333333333333333333333333333333333333333333333333333333333333333333333,5714.005208333333333333333333333333333333333333333333333333333333333333333333333333333333333333333331,Ra|Radium|downstream_only
periodic,QP094A-EZ089,SAM_ELEMENT_Z89|cycle=8|slot=5|period=5|capacity=32,Ac Actinium,REVEALED_KNOWN_DOWNSTREAM_LABEL,Ac Actinium,Ac,Actinium,no,yes,ELEMENT_FAMILY_ALLOWED_AFTER_NUCLEAR_ATOMIC_CLOSURE,6604.427083333333333333333333333333333333333333333333333333333333333333333333333333333333333333333331,825.5533854166666666666666666666666666666666666666666666666666666666666666666666666666666666666666664,5778.873697916666666666666666666666666666666666666666666666666666666666666666666666666666666666666665,Ac|Actinium|downstream_only
periodic,QP094A-EZ090,SAM_ELEMENT_Z90|cycle=8|slot=6|period=5|capacity=32,Th Thorium,REVEALED_KNOWN_DOWNSTREAM_LABEL,Th Thorium,Th,Thorium,no,yes,ELEMENT_FAMILY_ALLOWED_AFTER_NUCLEAR_ATOMIC_CLOSURE,6678.687499999999999999999999999999999999999999999999999999999999999999999999999999999999999999999998,834.8359374999999999999999999999999999999999999999999999999999999999999999999999999999999999999999998,5843.851562499999999999999999999999999999999999999999999999999999999999999999999999999999999999999999,Th|Thorium|downstream_only
periodic,QP094A-EZ091,SAM_ELEMENT_Z91|cycle=8|slot=7|period=5|capacity=32,Pa Protactinium,REVEALED_KNOWN_DOWNSTREAM_LABEL,Pa Protactinium,Pa,Protactinium,no,yes,ELEMENT_FAMILY_ALLOWED_AFTER_NUCLEAR_ATOMIC_CLOSURE,6752.947916666666666666666666666666666666666666666666666666666666666666666666666666666666666666666664,844.118489583333333333333333333333333333333333333333333333333333333333333333333333333333333333333333,5908.829427083333333333333333333333333333333333333333333333333333333333333333333333333333333333333331,Pa|Protactinium|downstream_only
periodic,QP094A-EZ092,SAM_ELEMENT_Z92|cycle=8|slot=8|period=5|capacity=32,U Uranium,REVEALED_KNOWN_DOWNSTREAM_LABEL,U Uranium,U,Uranium,no,yes,ELEMENT_FAMILY_ALLOWED_AFTER_NUCLEAR_ATOMIC_CLOSURE,6827.083333333333333333333333333333333333333333333333333333333333333333333333333333333333333333333331,853.3854166666666666666666666666666666666666666666666666666666666666666666666666666666666666666666664,5973.697916666666666666666666666666666666666666666666666666666666666666666666666666666666666666666665,U|Uranium|downstream_only
periodic,QP094A-EZ093,SAM_ELEMENT_Z93|cycle=8|slot=9|period=6|capacity=18,Np Neptunium,REVEALED_KNOWN_DOWNSTREAM_LABEL,Np Neptunium,Np,Neptunium,no,yes,ELEMENT_FAMILY_ALLOWED_AFTER_NUCLEAR_ATOMIC_CLOSURE,6901.343749999999999999999999999999999999999999999999999999999999999999999999999999999999999999999998,862.6679687499999999999999999999999999999999999999999999999999999999999999999999999999999999999999998,6038.675781249999999999999999999999999999999999999999999999999999999999999999999999999999999999999999,Np|Neptunium|downstream_only
periodic,QP094A-EZ094,SAM_ELEMENT_Z94|cycle=8|slot=10|period=6|capacity=18,Pu Plutonium,REVEALED_KNOWN_DOWNSTREAM_LABEL,Pu Plutonium,Pu,Plutonium,no,yes,ELEMENT_FAMILY_ALLOWED_AFTER_NUCLEAR_ATOMIC_CLOSURE,6975.479166666666666666666666666666666666666666666666666666666666666666666666666666666666666666666664,871.934895833333333333333333333333333333333333333333333333333333333333333333333333333333333333333333,6103.544270833333333333333333333333333333333333333333333333333333333333333333333333333333333333333331,Pu|Plutonium|downstream_only
periodic,QP094A-EZ095,SAM_ELEMENT_Z95|cycle=8|slot=11|period=6|capacity=18,Am Americium,REVEALED_KNOWN_DOWNSTREAM_LABEL,Am Americium,Am,Americium,no,yes,ELEMENT_FAMILY_ALLOWED_AFTER_NUCLEAR_ATOMIC_CLOSURE,7049.739583333333333333333333333333333333333333333333333333333333333333333333333333333333333333333331,881.2174479166666666666666666666666666666666666666666666666666666666666666666666666666666666666666664,6168.522135416666666666666666666666666666666666666666666666666666666666666666666666666666666666666665,Am|Americium|downstream_only
periodic,QP094A-EZ096,SAM_ELEMENT_Z96|cycle=8|slot=12|period=6|capacity=18,Cm Curium,REVEALED_KNOWN_DOWNSTREAM_LABEL,Cm Curium,Cm,Curium,no,yes,ELEMENT_FAMILY_ALLOWED_AFTER_NUCLEAR_ATOMIC_CLOSURE,7123.999999999999999999999999999999999999999999999999999999999999999999999999999999999999999999999997,890.4999999999999999999999999999999999999999999999999999999999999999999999999999999999999999999999996,6233.499999999999999999999999999999999999999999999999999999999999999999999999999999999999999999999998,Cm|Curium|downstream_only
periodic,QP094A-EZ097,SAM_ELEMENT_Z97|cycle=9|slot=1|period=6|capacity=18,Bk Berkelium,REVEALED_KNOWN_DOWNSTREAM_LABEL,Bk Berkelium,Bk,Berkelium,no,yes,ELEMENT_FAMILY_ALLOWED_AFTER_NUCLEAR_ATOMIC_CLOSURE,7199.135416666666666666666666666666666666666666666666666666666666666666666666666666666666666666666664,899.891927083333333333333333333333333333333333333333333333333333333333333333333333333333333333333333,6299.243489583333333333333333333333333333333333333333333333333333333333333333333333333333333333333331,Bk|Berkelium|downstream_only
periodic,QP094A-EZ098,SAM_ELEMENT_Z98|cycle=9|slot=2|period=6|capacity=18,Cf Californium,REVEALED_KNOWN_DOWNSTREAM_LABEL,Cf Californium,Cf,Californium,no,yes,ELEMENT_FAMILY_ALLOWED_AFTER_NUCLEAR_ATOMIC_CLOSURE,7273.395833333333333333333333333333333333333333333333333333333333333333333333333333333333333333333331,909.1744791666666666666666666666666666666666666666666666666666666666666666666666666666666666666666664,6364.221354166666666666666666666666666666666666666666666666666666666666666666666666666666666666666665,Cf|Californium|downstream_only
periodic,QP094A-EZ099,SAM_ELEMENT_Z99|cycle=9|slot=3|period=6|capacity=18,Es Einsteinium,REVEALED_KNOWN_DOWNSTREAM_LABEL,Es Einsteinium,Es,Einsteinium,no,yes,ELEMENT_FAMILY_ALLOWED_AFTER_NUCLEAR_ATOMIC_CLOSURE,7347.656249999999999999999999999999999999999999999999999999999999999999999999999999999999999999999997,918.4570312499999999999999999999999999999999999999999999999999999999999999999999999999999999999999996,6429.199218749999999999999999999999999999999999999999999999999999999999999999999999999999999999999998,Es|Einsteinium|downstream_only
periodic,QP094A-EZ100,SAM_ELEMENT_Z100|cycle=9|slot=4|period=6|capacity=18,Fm Fermium,REVEALED_KNOWN_DOWNSTREAM_LABEL,Fm Fermium,Fm,Fermium,no,yes,ELEMENT_FAMILY_ALLOWED_AFTER_NUCLEAR_ATOMIC_CLOSURE,7421.791666666666666666666666666666666666666666666666666666666666666666666666666666666666666666666664,927.723958333333333333333333333333333333333333333333333333333333333333333333333333333333333333333333,6494.067708333333333333333333333333333333333333333333333333333333333333333333333333333333333333333331,Fm|Fermium|downstream_only
periodic,QP094A-EZ101,SAM_ELEMENT_Z101|cycle=9|slot=5|period=6|capacity=18,Md Mendelevium,REVEALED_KNOWN_DOWNSTREAM_LABEL,Md Mendelevium,Md,Mendelevium,no,yes,ELEMENT_FAMILY_ALLOWED_AFTER_NUCLEAR_ATOMIC_CLOSURE,7496.052083333333333333333333333333333333333333333333333333333333333333333333333333333333333333333331,937.0065104166666666666666666666666666666666666666666666666666666666666666666666666666666666666666664,6559.045572916666666666666666666666666666666666666666666666666666666666666666666666666666666666666665,Md|Mendelevium|downstream_only
periodic,QP094A-EZ102,SAM_ELEMENT_Z102|cycle=9|slot=6|period=6|capacity=18,No Nobelium,REVEALED_KNOWN_DOWNSTREAM_LABEL,No Nobelium,No,Nobelium,no,yes,ELEMENT_FAMILY_ALLOWED_AFTER_NUCLEAR_ATOMIC_CLOSURE,7570.312499999999999999999999999999999999999999999999999999999999999999999999999999999999999999999997,946.2890624999999999999999999999999999999999999999999999999999999999999999999999999999999999999999996,6624.023437499999999999999999999999999999999999999999999999999999999999999999999999999999999999999998,No|Nobelium|downstream_only
periodic,QP094A-EZ103,SAM_ELEMENT_Z103|cycle=9|slot=7|period=6|capacity=18,Lr Lawrencium,REVEALED_KNOWN_DOWNSTREAM_LABEL,Lr Lawrencium,Lr,Lawrencium,no,yes,ELEMENT_FAMILY_ALLOWED_AFTER_NUCLEAR_ATOMIC_CLOSURE,7644.447916666666666666666666666666666666666666666666666666666666666666666666666666666666666666666664,955.555989583333333333333333333333333333333333333333333333333333333333333333333333333333333333333333,6688.891927083333333333333333333333333333333333333333333333333333333333333333333333333333333333333331,Lr|Lawrencium|downstream_only
periodic,QP094A-EZ104,SAM_ELEMENT_Z104|cycle=9|slot=8|period=6|capacity=18,Rf Rutherfordium,REVEALED_KNOWN_DOWNSTREAM_LABEL,Rf Rutherfordium,Rf,Rutherfordium,no,yes,ELEMENT_FAMILY_ALLOWED_AFTER_NUCLEAR_ATOMIC_CLOSURE,7718.708333333333333333333333333333333333333333333333333333333333333333333333333333333333333333333331,964.8385416666666666666666666666666666666666666666666666666666666666666666666666666666666666666666664,6753.869791666666666666666666666666666666666666666666666666666666666666666666666666666666666666666665,Rf|Rutherfordium|downstream_only
periodic,QP094A-EZ105,SAM_ELEMENT_Z105|cycle=9|slot=9|period=6|capacity=18,Db Dubnium,REVEALED_KNOWN_DOWNSTREAM_LABEL,Db Dubnium,Db,Dubnium,no,yes,ELEMENT_FAMILY_ALLOWED_AFTER_NUCLEAR_ATOMIC_CLOSURE,7792.968749999999999999999999999999999999999999999999999999999999999999999999999999999999999999999997,974.1210937499999999999999999999999999999999999999999999999999999999999999999999999999999999999999996,6818.847656249999999999999999999999999999999999999999999999999999999999999999999999999999999999999998,Db|Dubnium|downstream_only
periodic,QP094A-EZ106,SAM_ELEMENT_Z106|cycle=9|slot=10|period=6|capacity=18,Sg Seaborgium,REVEALED_KNOWN_DOWNSTREAM_LABEL,Sg Seaborgium,Sg,Seaborgium,no,yes,ELEMENT_FAMILY_ALLOWED_AFTER_NUCLEAR_ATOMIC_CLOSURE,7867.104166666666666666666666666666666666666666666666666666666666666666666666666666666666666666666664,983.388020833333333333333333333333333333333333333333333333333333333333333333333333333333333333333333,6883.716145833333333333333333333333333333333333333333333333333333333333333333333333333333333333333331,Sg|Seaborgium|downstream_only
periodic,QP094A-EZ107,SAM_ELEMENT_Z107|cycle=9|slot=11|period=6|capacity=18,Bh Bohrium,REVEALED_KNOWN_DOWNSTREAM_LABEL,Bh Bohrium,Bh,Bohrium,no,yes,ELEMENT_FAMILY_ALLOWED_AFTER_NUCLEAR_ATOMIC_CLOSURE,7941.364583333333333333333333333333333333333333333333333333333333333333333333333333333333333333333330,992.6705729166666666666666666666666666666666666666666666666666666666666666666666666666666666666666662,6948.694010416666666666666666666666666666666666666666666666666666666666666666666666666666666666666664,Bh|Bohrium|downstream_only
periodic,QP094A-EZ108,SAM_ELEMENT_Z108|cycle=9|slot=12|period=6|capacity=18,Hs Hassium,REVEALED_KNOWN_DOWNSTREAM_LABEL,Hs Hassium,Hs,Hassium,no,yes,ELEMENT_FAMILY_ALLOWED_AFTER_NUCLEAR_ATOMIC_CLOSURE,8015.624999999999999999999999999999999999999999999999999999999999999999999999999999999999999999999997,1001.953125000000000000000000000000000000000000000000000000000000000000000000000000000000000000000000,7013.671874999999999999999999999999999999999999999999999999999999999999999999999999999999999999999998,Hs|Hassium|downstream_only
periodic,QP094A-EZ109,SAM_ELEMENT_Z109|cycle=10|slot=1|period=6|capacity=18,Mt Meitnerium,REVEALED_KNOWN_DOWNSTREAM_LABEL,Mt Meitnerium,Mt,Meitnerium,no,yes,ELEMENT_FAMILY_ALLOWED_AFTER_NUCLEAR_ATOMIC_CLOSURE,8090.885416666666666666666666666666666666666666666666666666666666666666666666666666666666666666666664,1011.360677083333333333333333333333333333333333333333333333333333333333333333333333333333333333333333,7079.524739583333333333333333333333333333333333333333333333333333333333333333333333333333333333333331,Mt|Meitnerium|downstream_only
periodic,QP094A-EZ110,SAM_ELEMENT_Z110|cycle=10|slot=2|period=6|capacity=18,Ds Darmstadtium,REVEALED_KNOWN_DOWNSTREAM_LABEL,Ds Darmstadtium,Ds,Darmstadtium,no,yes,ELEMENT_FAMILY_ALLOWED_AFTER_NUCLEAR_ATOMIC_CLOSURE,8165.145833333333333333333333333333333333333333333333333333333333333333333333333333333333333333333330,1020.643229166666666666666666666666666666666666666666666666666666666666666666666666666666666666666666,7144.502604166666666666666666666666666666666666666666666666666666666666666666666666666666666666666664,Ds|Darmstadtium|downstream_only
periodic,QP094A-EZ111,SAM_ELEMENT_Z111|cycle=10|slot=3|period=7|capacity=8,Rg Roentgenium,REVEALED_KNOWN_DOWNSTREAM_LABEL,Rg Roentgenium,Rg,Roentgenium,no,yes,ELEMENT_FAMILY_ALLOWED_AFTER_NUCLEAR_ATOMIC_CLOSURE,8239.406249999999999999999999999999999999999999999999999999999999999999999999999999999999999999999997,1029.925781250000000000000000000000000000000000000000000000000000000000000000000000000000000000000000,7209.480468749999999999999999999999999999999999999999999999999999999999999999999999999999999999999998,Rg|Roentgenium|downstream_only
periodic,QP094A-EZ112,SAM_ELEMENT_Z112|cycle=10|slot=4|period=7|capacity=8,Cn Copernicium,REVEALED_KNOWN_DOWNSTREAM_LABEL,Cn Copernicium,Cn,Copernicium,no,yes,ELEMENT_FAMILY_ALLOWED_AFTER_NUCLEAR_ATOMIC_CLOSURE,8313.666666666666666666666666666666666666666666666666666666666666666666666666666666666666666666666664,1039.208333333333333333333333333333333333333333333333333333333333333333333333333333333333333333333333,7274.458333333333333333333333333333333333333333333333333333333333333333333333333333333333333333333331,Cn|Copernicium|downstream_only
periodic,QP094A-EZ113,SAM_ELEMENT_Z113|cycle=10|slot=5|period=7|capacity=8,Nh Nihonium,REVEALED_KNOWN_DOWNSTREAM_LABEL,Nh Nihonium,Nh,Nihonium,no,yes,ELEMENT_FAMILY_ALLOWED_AFTER_NUCLEAR_ATOMIC_CLOSURE,8387.802083333333333333333333333333333333333333333333333333333333333333333333333333333333333333333330,1048.475260416666666666666666666666666666666666666666666666666666666666666666666666666666666666666666,7339.326822916666666666666666666666666666666666666666666666666666666666666666666666666666666666666664,Nh|Nihonium|downstream_only
periodic,QP094A-EZ114,SAM_ELEMENT_Z114|cycle=10|slot=6|period=7|capacity=8,Fl Flerovium,REVEALED_KNOWN_DOWNSTREAM_LABEL,Fl Flerovium,Fl,Flerovium,no,yes,ELEMENT_FAMILY_ALLOWED_AFTER_NUCLEAR_ATOMIC_CLOSURE,8462.062499999999999999999999999999999999999999999999999999999999999999999999999999999999999999999997,1057.757812500000000000000000000000000000000000000000000000000000000000000000000000000000000000000000,7404.304687499999999999999999999999999999999999999999999999999999999999999999999999999999999999999998,Fl|Flerovium|downstream_only
periodic,QP094A-EZ115,SAM_ELEMENT_Z115|cycle=10|slot=7|period=7|capacity=8,Mc Moscovium,REVEALED_KNOWN_DOWNSTREAM_LABEL,Mc Moscovium,Mc,Moscovium,no,yes,ELEMENT_FAMILY_ALLOWED_AFTER_NUCLEAR_ATOMIC_CLOSURE,8536.322916666666666666666666666666666666666666666666666666666666666666666666666666666666666666666664,1067.040364583333333333333333333333333333333333333333333333333333333333333333333333333333333333333333,7469.282552083333333333333333333333333333333333333333333333333333333333333333333333333333333333333331,Mc|Moscovium|downstream_only
periodic,QP094A-EZ116,SAM_ELEMENT_Z116|cycle=10|slot=8|period=7|capacity=8,Lv Livermorium,REVEALED_KNOWN_DOWNSTREAM_LABEL,Lv Livermorium,Lv,Livermorium,no,yes,ELEMENT_FAMILY_ALLOWED_AFTER_NUCLEAR_ATOMIC_CLOSURE,8610.583333333333333333333333333333333333333333333333333333333333333333333333333333333333333333333330,1076.322916666666666666666666666666666666666666666666666666666666666666666666666666666666666666666666,7534.260416666666666666666666666666666666666666666666666666666666666666666666666666666666666666666664,Lv|Livermorium|downstream_only
periodic,QP094A-EZ117,SAM_ELEMENT_Z117|cycle=10|slot=9|period=7|capacity=8,Ts Tennessine,REVEALED_KNOWN_DOWNSTREAM_LABEL,Ts Tennessine,Ts,Tennessine,no,yes,ELEMENT_FAMILY_ALLOWED_AFTER_NUCLEAR_ATOMIC_CLOSURE,8684.718749999999999999999999999999999999999999999999999999999999999999999999999999999999999999999997,1085.589843750000000000000000000000000000000000000000000000000000000000000000000000000000000000000000,7599.128906249999999999999999999999999999999999999999999999999999999999999999999999999999999999999998,Ts|Tennessine|downstream_only
periodic,QP094A-EZ118,SAM_ELEMENT_Z118|cycle=10|slot=10|period=7|capacity=8,Og Oganesson,REVEALED_KNOWN_DOWNSTREAM_LABEL,Og Oganesson,Og,Oganesson,no,yes,ELEMENT_FAMILY_ALLOWED_AFTER_NUCLEAR_ATOMIC_CLOSURE,8758.979166666666666666666666666666666666666666666666666666666666666666666666666666666666666666666664,1094.872395833333333333333333333333333333333333333333333333333333333333333333333333333333333333333333,7664.106770833333333333333333333333333333333333333333333333333333333333333333333333333333333333333331,Og|Oganesson|downstream_only
periodic,QP094A-EZ119,SAM_ELEMENT_Z119|cycle=10|slot=11|period=8|capacity=8,SAM_FRONTIER_ELEMENT_Z119,SAM_FRONTIER_UNKNOWN_Z119_Z126,,,,no,yes,ELEMENT_FAMILY_ALLOWED_AFTER_NUCLEAR_ATOMIC_CLOSURE,8833.239583333333333333333333333333333333333333333333333333333333333333333333333333333333333333333330,1104.154947916666666666666666666666666666666666666666666666666666666666666666666666666666666666666666,7729.084635416666666666666666666666666666666666666666666666666666666666666666666666666666666666666664,
periodic,QP094A-EZ120,SAM_ELEMENT_Z120|cycle=10|slot=12|period=8|capacity=8,SAM_FRONTIER_ELEMENT_Z120,SAM_FRONTIER_UNKNOWN_Z119_Z126,,,,no,yes,ELEMENT_FAMILY_ALLOWED_AFTER_NUCLEAR_ATOMIC_CLOSURE,8907.499999999999999999999999999999999999999999999999999999999999999999999999999999999999999999999997,1113.437500000000000000000000000000000000000000000000000000000000000000000000000000000000000000000000,7794.062499999999999999999999999999999999999999999999999999999999999999999999999999999999999999999998,
periodic,QP094A-EZ121,SAM_ELEMENT_Z121|cycle=11|slot=1|period=8|capacity=8,SAM_FRONTIER_ELEMENT_Z121,SAM_FRONTIER_UNKNOWN_Z119_Z126,,,,no,yes,ELEMENT_FAMILY_ALLOWED_AFTER_NUCLEAR_ATOMIC_CLOSURE,8982.885416666666666666666666666666666666666666666666666666666666666666666666666666666666666666666663,1122.860677083333333333333333333333333333333333333333333333333333333333333333333333333333333333333333,7860.02473958333333333333333333333333333333333333333333333333333333333333333333333333333333333333333,
periodic,QP094A-EZ122,SAM_ELEMENT_Z122|cycle=11|slot=2|period=8|capacity=8,SAM_FRONTIER_ELEMENT_Z122,SAM_FRONTIER_UNKNOWN_Z119_Z126,,,,no,yes,ELEMENT_FAMILY_ALLOWED_AFTER_NUCLEAR_ATOMIC_CLOSURE,9057.145833333333333333333333333333333333333333333333333333333333333333333333333333333333333333333330,1132.143229166666666666666666666666666666666666666666666666666666666666666666666666666666666666666666,7925.002604166666666666666666666666666666666666666666666666666666666666666666666666666666666666666664,
periodic,QP094A-EZ123,SAM_ELEMENT_Z123|cycle=11|slot=3|period=8|capacity=8,SAM_FRONTIER_ELEMENT_Z123,SAM_FRONTIER_UNKNOWN_Z119_Z126,,,,no,yes,ELEMENT_FAMILY_ALLOWED_AFTER_NUCLEAR_ATOMIC_CLOSURE,9131.406249999999999999999999999999999999999999999999999999999999999999999999999999999999999999999997,1141.425781250000000000000000000000000000000000000000000000000000000000000000000000000000000000000000,7989.980468749999999999999999999999999999999999999999999999999999999999999999999999999999999999999998,
periodic,QP094A-EZ124,SAM_ELEMENT_Z124|cycle=11|slot=4|period=8|capacity=8,SAM_FRONTIER_ELEMENT_Z124,SAM_FRONTIER_UNKNOWN_Z119_Z126,,,,no,yes,ELEMENT_FAMILY_ALLOWED_AFTER_NUCLEAR_ATOMIC_CLOSURE,9205.666666666666666666666666666666666666666666666666666666666666666666666666666666666666666666666663,1150.708333333333333333333333333333333333333333333333333333333333333333333333333333333333333333333333,8054.95833333333333333333333333333333333333333333333333333333333333333333333333333333333333333333333,
periodic,QP094A-EZ125,SAM_ELEMENT_Z125|cycle=11|slot=5|period=8|capacity=8,SAM_FRONTIER_ELEMENT_Z125,SAM_FRONTIER_UNKNOWN_Z119_Z126,,,,no,yes,ELEMENT_FAMILY_ALLOWED_AFTER_NUCLEAR_ATOMIC_CLOSURE,9279.927083333333333333333333333333333333333333333333333333333333333333333333333333333333333333333330,1159.990885416666666666666666666666666666666666666666666666666666666666666666666666666666666666666666,8119.936197916666666666666666666666666666666666666666666666666666666666666666666666666666666666666664,
periodic,QP094A-EZ126,SAM_ELEMENT_Z126|cycle=11|slot=6|period=8|capacity=8,SAM_FRONTIER_ELEMENT_Z126,SAM_FRONTIER_UNKNOWN_Z119_Z126,,,,no,yes,ELEMENT_FAMILY_ALLOWED_AFTER_NUCLEAR_ATOMIC_CLOSURE,9354.187499999999999999999999999999999999999999999999999999999999999999999999999999999999999999999997,1169.273437500000000000000000000000000000000000000000000000000000000000000000000000000000000000000000,8184.914062499999999999999999999999999999999999999999999999999999999999999999999999999999999999999998,
