scenario_id,door,seed,anchor,p_level,geometry,view_id,n_x,n_y,n_z,carrier_count,preprojection_trace_relative_error,source_trace_relative_error,normalized_pixel_raw_power
REF_0001,discovery,910001,low_drive,0,localized_ledger_cells,axis_x,1.0,0.0,0.0,252,9.43617769285563e-09,0.0,145981.87870931686
REF_0001,discovery,910001,low_drive,0,localized_ledger_cells,axis_y,0.0,1.0,0.0,252,9.43617769285563e-09,0.0,227889.33593942897
REF_0001,discovery,910001,low_drive,0,localized_ledger_cells,axis_z,0.0,0.0,1.0,252,9.43617769285563e-09,0.0,897121.8548222017
REF_0001,discovery,910001,low_drive,0,localized_ledger_cells,face_xy_p,0.7071067811865475,0.7071067811865475,0.0,252,9.43617769285563e-09,0.0,108742.69627188935
REF_0001,discovery,910001,low_drive,0,localized_ledger_cells,face_xy_m,0.7071067811865475,-0.7071067811865475,0.0,252,9.43617769285563e-09,0.0,165598.12696084555
REF_0001,discovery,910001,low_drive,0,localized_ledger_cells,face_xz_p,0.7071067811865475,0.0,0.7071067811865475,252,9.43617769285563e-09,0.0,287168.3248480823
REF_0001,discovery,910001,low_drive,0,localized_ledger_cells,face_xz_m,0.7071067811865475,0.0,-0.7071067811865475,252,9.43617769285563e-09,0.0,732857.2469465939
REF_0001,discovery,910001,low_drive,0,localized_ledger_cells,face_yz_p,0.0,0.7071067811865475,0.7071067811865475,252,9.43617769285563e-09,0.0,404512.5314782009
REF_0001,discovery,910001,low_drive,0,localized_ledger_cells,face_yz_m,0.0,0.7071067811865475,-0.7071067811865475,252,9.43617769285563e-09,0.0,656466.7689310877
REF_0001,discovery,910001,low_drive,0,localized_ledger_cells,body_ppp,0.5773502691896258,0.5773502691896258,0.5773502691896258,252,9.43617769285563e-09,0.0,163369.00675957825
REF_0001,discovery,910001,low_drive,0,localized_ledger_cells,body_ppm,0.5773502691896258,0.5773502691896258,-0.5773502691896258,252,9.43617769285563e-09,0.0,575739.3176904307
REF_0001,discovery,910001,low_drive,0,localized_ledger_cells,body_pmp,0.5773502691896258,-0.5773502691896258,0.5773502691896258,252,9.43617769285563e-09,0.0,254309.20828376108
REF_0001,discovery,910001,low_drive,0,localized_ledger_cells,body_mpp,-0.5773502691896258,0.5773502691896258,0.5773502691896258,252,9.43617769285563e-09,0.0,535337.2767784318
REF_0002,discovery,910001,low_drive,0,dispersed_slots,axis_x,1.0,0.0,0.0,252,8.433524416919493e-09,0.0,19463.11244741225
REF_0002,discovery,910001,low_drive,0,dispersed_slots,axis_y,0.0,1.0,0.0,252,8.433524416919493e-09,0.0,95860.88617565976
REF_0002,discovery,910001,low_drive,0,dispersed_slots,axis_z,0.0,0.0,1.0,252,8.433524416919493e-09,0.0,135902.94928934393
REF_0002,discovery,910001,low_drive,0,dispersed_slots,face_xy_p,0.7071067811865475,0.7071067811865475,0.0,252,8.433524416919493e-09,0.0,49378.929562024416
REF_0002,discovery,910001,low_drive,0,dispersed_slots,face_xy_m,0.7071067811865475,-0.7071067811865475,0.0,252,8.433524416919493e-09,0.0,56795.51010952808
REF_0002,discovery,910001,low_drive,0,dispersed_slots,face_xz_p,0.7071067811865475,0.0,0.7071067811865475,252,8.433524416919493e-09,0.0,37692.90978776045
REF_0002,discovery,910001,low_drive,0,dispersed_slots,face_xz_m,0.7071067811865475,0.0,-0.7071067811865475,252,8.433524416919493e-09,0.0,146328.33663776293
REF_0002,discovery,910001,low_drive,0,dispersed_slots,face_yz_p,0.0,0.7071067811865475,0.7071067811865475,252,8.433524416919493e-09,0.0,180387.5681370854
REF_0002,discovery,910001,low_drive,0,dispersed_slots,face_yz_m,0.0,0.7071067811865475,-0.7071067811865475,252,8.433524416919493e-09,0.0,41832.565152591225
REF_0002,discovery,910001,low_drive,0,dispersed_slots,body_ppp,0.5773502691896258,0.5773502691896258,0.5773502691896258,252,8.433524416919493e-09,0.0,66638.78331952296
REF_0002,discovery,910001,low_drive,0,dispersed_slots,body_ppm,0.5773502691896258,0.5773502691896258,-0.5773502691896258,252,8.433524416919493e-09,0.0,101977.11218406758
REF_0002,discovery,910001,low_drive,0,dispersed_slots,body_pmp,0.5773502691896258,-0.5773502691896258,0.5773502691896258,252,8.433524416919493e-09,0.0,5924.7425668949245
REF_0002,discovery,910001,low_drive,0,dispersed_slots,body_mpp,-0.5773502691896258,0.5773502691896258,0.5773502691896258,252,8.433524416919493e-09,0.0,169283.6689788876
REF_0003,discovery,910001,low_drive,1,localized_ledger_cells,axis_x,1.0,0.0,0.0,378,1.0085877262596243e-08,0.0,379752.34802914807
REF_0003,discovery,910001,low_drive,1,localized_ledger_cells,axis_y,0.0,1.0,0.0,378,1.0085877262596243e-08,0.0,498505.77154424705
REF_0003,discovery,910001,low_drive,1,localized_ledger_cells,axis_z,0.0,0.0,1.0,378,1.0085877262596243e-08,0.0,1406396.3010884188
REF_0003,discovery,910001,low_drive,1,localized_ledger_cells,face_xy_p,0.7071067811865475,0.7071067811865475,0.0,378,1.0085877262596243e-08,0.0,24033.343066372705
REF_0003,discovery,910001,low_drive,1,localized_ledger_cells,face_xy_m,0.7071067811865475,-0.7071067811865475,0.0,378,1.0085877262596243e-08,0.0,152361.16470902588
REF_0003,discovery,910001,low_drive,1,localized_ledger_cells,face_xz_p,0.7071067811865475,0.0,0.7071067811865475,378,1.0085877262596243e-08,0.0,495194.7217401027
REF_0003,discovery,910001,low_drive,1,localized_ledger_cells,face_xz_m,0.7071067811865475,0.0,-0.7071067811865475,378,1.0085877262596243e-08,0.0,1188941.3725641486
REF_0003,discovery,910001,low_drive,1,localized_ledger_cells,face_yz_p,0.0,0.7071067811865475,0.7071067811865475,378,1.0085877262596243e-08,0.0,1006514.2309733568
REF_0003,discovery,910001,low_drive,1,localized_ledger_cells,face_yz_m,0.0,0.7071067811865475,-0.7071067811865475,378,1.0085877262596243e-08,0.0,736998.5750882181
REF_0003,discovery,910001,low_drive,1,localized_ledger_cells,body_ppp,0.5773502691896258,0.5773502691896258,0.5773502691896258,378,1.0085877262596243e-08,0.0,338616.3496543745
REF_0003,discovery,910001,low_drive,1,localized_ledger_cells,body_ppm,0.5773502691896258,0.5773502691896258,-0.5773502691896258,378,1.0085877262596243e-08,0.0,698445.1508645938
REF_0003,discovery,910001,low_drive,1,localized_ledger_cells,body_pmp,0.5773502691896258,-0.5773502691896258,0.5773502691896258,378,1.0085877262596243e-08,0.0,143939.94217507716
REF_0003,discovery,910001,low_drive,1,localized_ledger_cells,body_mpp,-0.5773502691896258,0.5773502691896258,0.5773502691896258,378,1.0085877262596243e-08,0.0,1007190.7331373489
REF_0004,discovery,910001,low_drive,1,dispersed_slots,axis_x,1.0,0.0,0.0,378,1.4189105405760326e-08,0.0,22184.16136517908
REF_0004,discovery,910001,low_drive,1,dispersed_slots,axis_y,0.0,1.0,0.0,378,1.4189105405760326e-08,0.0,2269.689848667167
REF_0004,discovery,910001,low_drive,1,dispersed_slots,axis_z,0.0,0.0,1.0,378,1.4189105405760326e-08,0.0,42586.45586779489
REF_0004,discovery,910001,low_drive,1,dispersed_slots,face_xy_p,0.7071067811865475,0.7071067811865475,0.0,378,1.4189105405760326e-08,0.0,17762.55606955607
REF_0004,discovery,910001,low_drive,1,dispersed_slots,face_xy_m,0.7071067811865475,-0.7071067811865475,0.0,378,1.4189105405760326e-08,0.0,19228.530038997742
REF_0004,discovery,910001,low_drive,1,dispersed_slots,face_xz_p,0.7071067811865475,0.0,0.7071067811865475,378,1.4189105405760326e-08,0.0,6154.662959995945
REF_0004,discovery,910001,low_drive,1,dispersed_slots,face_xz_m,0.7071067811865475,0.0,-0.7071067811865475,378,1.4189105405760326e-08,0.0,57561.80093750921
REF_0004,discovery,910001,low_drive,1,dispersed_slots,face_yz_p,0.0,0.7071067811865475,0.7071067811865475,378,1.4189105405760326e-08,0.0,16591.26475602987
REF_0004,discovery,910001,low_drive,1,dispersed_slots,face_yz_m,0.0,0.7071067811865475,-0.7071067811865475,378,1.4189105405760326e-08,0.0,37167.96338322906
REF_0004,discovery,910001,low_drive,1,dispersed_slots,body_ppp,0.5773502691896258,0.5773502691896258,0.5773502691896258,378,1.4189105405760326e-08,0.0,6434.524900467537
REF_0004,discovery,910001,low_drive,1,dispersed_slots,body_ppm,0.5773502691896258,0.5773502691896258,-0.5773502691896258,378,1.4189105405760326e-08,0.0,46667.98649289642
REF_0004,discovery,910001,low_drive,1,dispersed_slots,body_pmp,0.5773502691896258,-0.5773502691896258,0.5773502691896258,378,1.4189105405760326e-08,0.0,24642.60093216978
REF_0004,discovery,910001,low_drive,1,dispersed_slots,body_mpp,-0.5773502691896258,0.5773502691896258,0.5773502691896258,378,1.4189105405760326e-08,0.0,29762.998434019435
REF_0005,discovery,910001,low_drive,2,localized_ledger_cells,axis_x,1.0,0.0,0.0,594,5.673964397789943e-09,0.0,182403.89783600793
REF_0005,discovery,910001,low_drive,2,localized_ledger_cells,axis_y,0.0,1.0,0.0,594,5.673964397789943e-09,0.0,300677.1877814782
REF_0005,discovery,910001,low_drive,2,localized_ledger_cells,axis_z,0.0,0.0,1.0,594,5.673964397789943e-09,0.0,698314.4545700033
REF_0005,discovery,910001,low_drive,2,localized_ledger_cells,face_xy_p,0.7071067811865475,0.7071067811865475,0.0,594,5.673964397789943e-09,0.0,108355.72466526603
REF_0005,discovery,910001,low_drive,2,localized_ledger_cells,face_xy_m,0.7071067811865475,-0.7071067811865475,0.0,594,5.673964397789943e-09,0.0,35924.358791521925
REF_0005,discovery,910001,low_drive,2,localized_ledger_cells,face_xz_p,0.7071067811865475,0.0,0.7071067811865475,594,5.673964397789943e-09,0.0,196300.52470040345
REF_0005,discovery,910001,low_drive,2,localized_ledger_cells,face_xz_m,0.7071067811865475,0.0,-0.7071067811865475,594,5.673964397789943e-09,0.0,662766.8642350137
REF_0005,discovery,910001,low_drive,2,localized_ledger_cells,face_yz_p,0.0,0.7071067811865475,0.7071067811865475,594,5.673964397789943e-09,0.0,432515.61373095016
REF_0005,discovery,910001,low_drive,2,localized_ledger_cells,face_yz_m,0.0,0.7071067811865475,-0.7071067811865475,594,5.673964397789943e-09,0.0,485688.42017701804
REF_0005,discovery,910001,low_drive,2,localized_ledger_cells,body_ppp,0.5773502691896258,0.5773502691896258,0.5773502691896258,594,5.673964397789943e-09,0.0,69213.95662389048
REF_0005,discovery,910001,low_drive,2,localized_ledger_cells,body_ppm,0.5773502691896258,0.5773502691896258,-0.5773502691896258,594,5.673964397789943e-09,0.0,554468.3109673059
REF_0005,discovery,910001,low_drive,2,localized_ledger_cells,body_pmp,0.5773502691896258,-0.5773502691896258,0.5773502691896258,594,5.673964397789943e-09,0.0,116644.60999423408
REF_0005,discovery,910001,low_drive,2,localized_ledger_cells,body_mpp,-0.5773502691896258,0.5773502691896258,0.5773502691896258,594,5.673964397789943e-09,0.0,442654.2212647286
REF_0006,discovery,910001,low_drive,2,dispersed_slots,axis_x,1.0,0.0,0.0,594,1.4818969146251985e-08,0.0,7195.071456691122
REF_0006,discovery,910001,low_drive,2,dispersed_slots,axis_y,0.0,1.0,0.0,594,1.4818969146251985e-08,0.0,11265.71005969261
REF_0006,discovery,910001,low_drive,2,dispersed_slots,axis_z,0.0,0.0,1.0,594,1.4818969146251985e-08,0.0,16857.701305017144
REF_0006,discovery,910001,low_drive,2,dispersed_slots,face_xy_p,0.7071067811865475,0.7071067811865475,0.0,594,1.4818969146251985e-08,0.0,2923.7942049097383
REF_0006,discovery,910001,low_drive,2,dispersed_slots,face_xy_m,0.7071067811865475,-0.7071067811865475,0.0,594,1.4818969146251985e-08,0.0,17529.559897283823
REF_0006,discovery,910001,low_drive,2,dispersed_slots,face_xz_p,0.7071067811865475,0.0,0.7071067811865475,594,1.4818969146251985e-08,0.0,11710.682413448307
REF_0006,discovery,910001,low_drive,2,dispersed_slots,face_xz_m,0.7071067811865475,0.0,-0.7071067811865475,594,1.4818969146251985e-08,0.0,16365.875861449727
REF_0006,discovery,910001,low_drive,2,dispersed_slots,face_yz_p,0.0,0.7071067811865475,0.7071067811865475,594,1.4818969146251985e-08,0.0,936.8754423266591
REF_0006,discovery,910001,low_drive,2,dispersed_slots,face_yz_m,0.0,0.7071067811865475,-0.7071067811865475,594,1.4818969146251985e-08,0.0,29175.002134035698
REF_0006,discovery,910001,low_drive,2,dispersed_slots,body_ppp,0.5773502691896258,0.5773502691896258,0.5773502691896258,594,1.4818969146251985e-08,0.0,3474.641126919548
REF_0006,discovery,910001,low_drive,2,dispersed_slots,body_ppm,0.5773502691896258,0.5773502691896258,-0.5773502691896258,594,1.4818969146251985e-08,0.0,17137.262362132875
REF_0006,discovery,910001,low_drive,2,dispersed_slots,body_pmp,0.5773502691896258,-0.5773502691896258,0.5773502691896258,594,1.4818969146251985e-08,0.0,26262.423635551277
REF_0006,discovery,910001,low_drive,2,dispersed_slots,body_mpp,-0.5773502691896258,0.5773502691896258,0.5773502691896258,594,1.4818969146251985e-08,0.0,7332.382691177238
REF_0007,discovery,910001,low_drive,3,localized_ledger_cells,axis_x,1.0,0.0,0.0,1008,7.917756711926704e-09,0.0,96157.14146693764
REF_0007,discovery,910001,low_drive,3,localized_ledger_cells,axis_y,0.0,1.0,0.0,1008,7.917756711926704e-09,0.0,219459.55852623068
REF_0007,discovery,910001,low_drive,3,localized_ledger_cells,axis_z,0.0,0.0,1.0,1008,7.917756711926704e-09,0.0,363389.7783103058
REF_0007,discovery,910001,low_drive,3,localized_ledger_cells,face_xy_p,0.7071067811865475,0.7071067811865475,0.0,1008,7.917756711926704e-09,0.0,131311.58786019997
REF_0007,discovery,910001,low_drive,3,localized_ledger_cells,face_xy_m,0.7071067811865475,-0.7071067811865475,0.0,1008,7.917756711926704e-09,0.0,42077.44147381869
REF_0007,discovery,910001,low_drive,3,localized_ledger_cells,face_xz_p,0.7071067811865475,0.0,0.7071067811865475,1008,7.917756711926704e-09,0.0,61743.81805785005
REF_0007,discovery,910001,low_drive,3,localized_ledger_cells,face_xz_m,0.7071067811865475,0.0,-0.7071067811865475,1008,7.917756711926704e-09,0.0,426552.24102889
REF_0007,discovery,910001,low_drive,3,localized_ledger_cells,face_yz_p,0.0,0.7071067811865475,0.7071067811865475,1008,7.917756711926704e-09,0.0,297895.87911287986
REF_0007,discovery,910001,low_drive,3,localized_ledger_cells,face_yz_m,0.0,0.7071067811865475,-0.7071067811865475,1008,7.917756711926704e-09,0.0,252051.3885035923
REF_0007,discovery,910001,low_drive,3,localized_ledger_cells,body_ppp,0.5773502691896258,0.5773502691896258,0.5773502691896258,1008,7.917756711926704e-09,0.0,49525.840454106394
REF_0007,discovery,910001,low_drive,3,localized_ledger_cells,body_ppm,0.5773502691896258,0.5773502691896258,-0.5773502691896258,1008,7.917756711926704e-09,0.0,377746.7210000702
REF_0007,discovery,910001,low_drive,3,localized_ledger_cells,body_pmp,0.5773502691896258,-0.5773502691896258,0.5773502691896258,1008,7.917756711926704e-09,0.0,34779.40852726975
REF_0007,discovery,910001,low_drive,3,localized_ledger_cells,body_mpp,-0.5773502691896258,0.5773502691896258,0.5773502691896258,1008,7.917756711926704e-09,0.0,313173.91169454815
REF_0008,discovery,910001,low_drive,3,dispersed_slots,axis_x,1.0,0.0,0.0,1008,3.3619202268063094e-08,0.0,1714.969189382626
REF_0008,discovery,910001,low_drive,3,dispersed_slots,axis_y,0.0,1.0,0.0,1008,3.3619202268063094e-08,0.0,26184.26757480706
REF_0008,discovery,910001,low_drive,3,dispersed_slots,axis_z,0.0,0.0,1.0,1008,3.3619202268063094e-08,0.0,7439.1000431128605
REF_0008,discovery,910001,low_drive,3,dispersed_slots,face_xy_p,0.7071067811865475,0.7071067811865475,0.0,1008,3.3619202268063094e-08,0.0,9223.868416323397
REF_0008,discovery,910001,low_drive,3,dispersed_slots,face_xy_m,0.7071067811865475,-0.7071067811865475,0.0,1008,3.3619202268063094e-08,0.0,20618.244863427204
REF_0008,discovery,910001,low_drive,3,dispersed_slots,face_xz_p,0.7071067811865475,0.0,0.7071067811865475,1008,3.3619202268063094e-08,0.0,9771.58646936383
REF_0008,discovery,910001,low_drive,3,dispersed_slots,face_xz_m,0.7071067811865475,0.0,-0.7071067811865475,1008,3.3619202268063094e-08,0.0,12030.448174029196
REF_0008,discovery,910001,low_drive,3,dispersed_slots,face_yz_p,0.0,0.7071067811865475,0.7071067811865475,1008,3.3619202268063094e-08,0.0,4517.633362702664
REF_0008,discovery,910001,low_drive,3,dispersed_slots,face_yz_m,0.0,0.7071067811865475,-0.7071067811865475,1008,3.3619202268063094e-08,0.0,29519.05047341661
REF_0008,discovery,910001,low_drive,3,dispersed_slots,body_ppp,0.5773502691896258,0.5773502691896258,0.5773502691896258,1008,3.3619202268063094e-08,0.0,7012.993549315877
REF_0008,discovery,910001,low_drive,3,dispersed_slots,body_ppm,0.5773502691896258,0.5773502691896258,-0.5773502691896258,1008,3.3619202268063094e-08,0.0,18150.24507668509
REF_0008,discovery,910001,low_drive,3,dispersed_slots,body_pmp,0.5773502691896258,-0.5773502691896258,0.5773502691896258,1008,3.3619202268063094e-08,0.0,23574.501101489142
REF_0008,discovery,910001,low_drive,3,dispersed_slots,body_mpp,-0.5773502691896258,0.5773502691896258,0.5773502691896258,1008,3.3619202268063094e-08,0.0,11717.072144164653
REF_0009,discovery,910002,low_drive,0,localized_ledger_cells,axis_x,1.0,0.0,0.0,252,1.30567295012806e-08,0.0,72279.61314281536
REF_0009,discovery,910002,low_drive,0,localized_ledger_cells,axis_y,0.0,1.0,0.0,252,1.30567295012806e-08,0.0,31080.862290568297
REF_0009,discovery,910002,low_drive,0,localized_ledger_cells,axis_z,0.0,0.0,1.0,252,1.30567295012806e-08,0.0,103808.33698223296
REF_0009,discovery,910002,low_drive,0,localized_ledger_cells,face_xy_p,0.7071067811865475,0.7071067811865475,0.0,252,1.30567295012806e-08,0.0,25743.92920261494
REF_0009,discovery,910002,low_drive,0,localized_ledger_cells,face_xy_m,0.7071067811865475,-0.7071067811865475,0.0,252,1.30567295012806e-08,0.0,109504.90341065894
REF_0009,discovery,910002,low_drive,0,localized_ledger_cells,face_xz_p,0.7071067811865475,0.0,0.7071067811865475,252,1.30567295012806e-08,0.0,1288.3061732837464
REF_0009,discovery,910002,low_drive,0,localized_ledger_cells,face_xz_m,0.7071067811865475,0.0,-0.7071067811865475,252,1.30567295012806e-08,0.0,185336.12226928072
REF_0009,discovery,910002,low_drive,0,localized_ledger_cells,face_yz_p,0.0,0.7071067811865475,0.7071067811865475,252,1.30567295012806e-08,0.0,63934.682590625125
REF_0009,discovery,910002,low_drive,0,localized_ledger_cells,face_yz_m,0.0,0.7071067811865475,-0.7071067811865475,252,1.30567295012806e-08,0.0,102090.3704257384
REF_0009,discovery,910002,low_drive,0,localized_ledger_cells,body_ppp,0.5773502691896258,0.5773502691896258,0.5773502691896258,252,1.30567295012806e-08,0.0,22019.888866286492
REF_0009,discovery,910002,low_drive,0,localized_ledger_cells,body_ppm,0.5773502691896258,0.5773502691896258,-0.5773502691896258,252,1.30567295012806e-08,0.0,111559.19275877242
REF_0009,discovery,910002,low_drive,0,localized_ledger_cells,body_pmp,0.5773502691896258,-0.5773502691896258,0.5773502691896258,252,1.30567295012806e-08,0.0,51761.818389080974
REF_0009,discovery,910002,low_drive,0,localized_ledger_cells,body_mpp,-0.5773502691896258,0.5773502691896258,0.5773502691896258,252,1.30567295012806e-08,0.0,156271.46253198775
REF_0010,discovery,910002,low_drive,0,dispersed_slots,axis_x,1.0,0.0,0.0,252,1.3313160830534882e-08,0.0,76411.25341346812
REF_0010,discovery,910002,low_drive,0,dispersed_slots,axis_y,0.0,1.0,0.0,252,1.3313160830534882e-08,0.0,25229.89994965112
REF_0010,discovery,910002,low_drive,0,dispersed_slots,axis_z,0.0,0.0,1.0,252,1.3313160830534882e-08,0.0,149004.05341400247
REF_0010,discovery,910002,low_drive,0,dispersed_slots,face_xy_p,0.7071067811865475,0.7071067811865475,0.0,252,1.3313160830534882e-08,0.0,42723.653499427455
REF_0010,discovery,910002,low_drive,0,dispersed_slots,face_xy_m,0.7071067811865475,-0.7071067811865475,0.0,252,1.3313160830534882e-08,0.0,34140.63245504611
REF_0010,discovery,910002,low_drive,0,dispersed_slots,face_xz_p,0.7071067811865475,0.0,0.7071067811865475,252,1.3313160830534882e-08,0.0,51414.181372246254
REF_0010,discovery,910002,low_drive,0,dispersed_slots,face_xz_m,0.7071067811865475,0.0,-0.7071067811865475,252,1.3313160830534882e-08,0.0,161796.35190114228
REF_0010,discovery,910002,low_drive,0,dispersed_slots,face_yz_p,0.0,0.7071067811865475,0.7071067811865475,252,1.3313160830534882e-08,0.0,44463.41115920854
REF_0010,discovery,910002,low_drive,0,dispersed_slots,face_yz_m,0.0,0.7071067811865475,-0.7071067811865475,252,1.3313160830534882e-08,0.0,143156.44538226307
REF_0010,discovery,910002,low_drive,0,dispersed_slots,body_ppp,0.5773502691896258,0.5773502691896258,0.5773502691896258,252,1.3313160830534882e-08,0.0,7908.203637086424
REF_0010,discovery,910002,low_drive,0,dispersed_slots,body_ppm,0.5773502691896258,0.5773502691896258,-0.5773502691896258,252,1.3313160830534882e-08,0.0,152516.28232964876
REF_0010,discovery,910002,low_drive,0,dispersed_slots,body_pmp,0.5773502691896258,-0.5773502691896258,0.5773502691896258,252,1.3313160830534882e-08,0.0,95595.52431295028
REF_0010,discovery,910002,low_drive,0,dispersed_slots,body_mpp,-0.5773502691896258,0.5773502691896258,0.5773502691896258,252,1.3313160830534882e-08,0.0,57199.60961433504
REF_0011,discovery,910002,low_drive,1,localized_ledger_cells,axis_x,1.0,0.0,0.0,378,5.254034789845041e-09,0.0,30479.988326309605
REF_0011,discovery,910002,low_drive,1,localized_ledger_cells,axis_y,0.0,1.0,0.0,378,5.254034789845041e-09,0.0,8417.077459304313
REF_0011,discovery,910002,low_drive,1,localized_ledger_cells,axis_z,0.0,0.0,1.0,378,5.254034789845041e-09,0.0,89181.31295597588
REF_0011,discovery,910002,low_drive,1,localized_ledger_cells,face_xy_p,0.7071067811865475,0.7071067811865475,0.0,378,5.254034789845041e-09,0.0,43531.15900593687
REF_0011,discovery,910002,low_drive,1,localized_ledger_cells,face_xy_m,0.7071067811865475,-0.7071067811865475,0.0,378,5.254034789845041e-09,0.0,23074.405243258316
REF_0011,discovery,910002,low_drive,1,localized_ledger_cells,face_xz_p,0.7071067811865475,0.0,0.7071067811865475,378,5.254034789845041e-09,0.0,23219.46634553114
REF_0011,discovery,910002,low_drive,1,localized_ledger_cells,face_xz_m,0.7071067811865475,0.0,-0.7071067811865475,378,5.254034789845041e-09,0.0,96429.83416280871
REF_0011,discovery,910002,low_drive,1,localized_ledger_cells,face_yz_p,0.0,0.7071067811865475,0.7071067811865475,378,5.254034789845041e-09,0.0,87367.02995074898
REF_0011,discovery,910002,low_drive,1,localized_ledger_cells,face_yz_m,0.0,0.7071067811865475,-0.7071067811865475,378,5.254034789845041e-09,0.0,21250.815124080073
REF_0011,discovery,910002,low_drive,1,localized_ledger_cells,body_ppp,0.5773502691896258,0.5773502691896258,0.5773502691896258,378,5.254034789845041e-09,0.0,64018.161987132866
REF_0011,discovery,910002,low_drive,1,localized_ledger_cells,body_ppm,0.5773502691896258,0.5773502691896258,-0.5773502691896258,378,5.254034789845041e-09,0.0,47666.40433477349
REF_0011,discovery,910002,low_drive,1,localized_ledger_cells,body_pmp,0.5773502691896258,-0.5773502691896258,0.5773502691896258,378,5.254034789845041e-09,0.0,11620.542689559388
REF_0011,discovery,910002,low_drive,1,localized_ledger_cells,body_mpp,-0.5773502691896258,0.5773502691896258,0.5773502691896258,378,5.254034789845041e-09,0.0,81880.24250992916
REF_0012,discovery,910002,low_drive,1,dispersed_slots,axis_x,1.0,0.0,0.0,378,2.2028204495937333e-08,0.0,5988.496021999923
REF_0012,discovery,910002,low_drive,1,dispersed_slots,axis_y,0.0,1.0,0.0,378,2.2028204495937333e-08,0.0,29136.516022564858
REF_0012,discovery,910002,low_drive,1,dispersed_slots,axis_z,0.0,0.0,1.0,378,2.2028204495937333e-08,0.0,68153.73874727414
REF_0012,discovery,910002,low_drive,1,dispersed_slots,face_xy_p,0.7071067811865475,0.7071067811865475,0.0,378,2.2028204495937333e-08,0.0,20750.203371116477
REF_0012,discovery,910002,low_drive,1,dispersed_slots,face_xy_m,0.7071067811865475,-0.7071067811865475,0.0,378,2.2028204495937333e-08,0.0,25623.972141847786
REF_0012,discovery,910002,low_drive,1,dispersed_slots,face_xz_p,0.7071067811865475,0.0,0.7071067811865475,378,2.2028204495937333e-08,0.0,27741.308411321155
REF_0012,discovery,910002,low_drive,1,dispersed_slots,face_xz_m,0.7071067811865475,0.0,-0.7071067811865475,378,2.2028204495937333e-08,0.0,55262.2578929146
REF_0012,discovery,910002,low_drive,1,dispersed_slots,face_yz_p,0.0,0.7071067811865475,0.7071067811865475,378,2.2028204495937333e-08,0.0,81572.67340440053
REF_0012,discovery,910002,low_drive,1,dispersed_slots,face_yz_m,0.0,0.7071067811865475,-0.7071067811865475,378,2.2028204495937333e-08,0.0,13004.902900140256
REF_0012,discovery,910002,low_drive,1,dispersed_slots,body_ppp,0.5773502691896258,0.5773502691896258,0.5773502691896258,378,2.2028204495937333e-08,0.0,39458.32095219982
REF_0012,discovery,910002,low_drive,1,dispersed_slots,body_ppm,0.5773502691896258,0.5773502691896258,-0.5773502691896258,378,2.2028204495937333e-08,0.0,34960.423027839235
REF_0012,discovery,910002,low_drive,1,dispersed_slots,body_pmp,0.5773502691896258,-0.5773502691896258,0.5773502691896258,378,2.2028204495937333e-08,0.0,9640.902704363152
REF_0012,discovery,910002,low_drive,1,dispersed_slots,body_mpp,-0.5773502691896258,0.5773502691896258,0.5773502691896258,378,2.2028204495937333e-08,0.0,69110.08018299463
REF_0013,discovery,910002,low_drive,2,localized_ledger_cells,axis_x,1.0,0.0,0.0,594,9.116939024205264e-09,0.0,64838.991918944084
REF_0013,discovery,910002,low_drive,2,localized_ledger_cells,axis_y,0.0,1.0,0.0,594,9.116939024205264e-09,0.0,12666.909332681118
REF_0013,discovery,910002,low_drive,2,localized_ledger_cells,axis_z,0.0,0.0,1.0,594,9.116939024205264e-09,0.0,126425.40332161135
REF_0013,discovery,910002,low_drive,2,localized_ledger_cells,face_xy_p,0.7071067811865475,0.7071067811865475,0.0,594,9.116939024205264e-09,0.0,50409.0240903736
REF_0013,discovery,910002,low_drive,2,localized_ledger_cells,face_xy_m,0.7071067811865475,-0.7071067811865475,0.0,594,9.116939024205264e-09,0.0,41517.14286375968
REF_0013,discovery,910002,low_drive,2,localized_ledger_cells,face_xz_p,0.7071067811865475,0.0,0.7071067811865475,594,9.116939024205264e-09,0.0,33087.21300769507
REF_0013,discovery,910002,low_drive,2,localized_ledger_cells,face_xz_m,0.7071067811865475,0.0,-0.7071067811865475,594,9.116939024205264e-09,0.0,152312.52790962692
REF_0013,discovery,910002,low_drive,2,localized_ledger_cells,face_yz_p,0.0,0.7071067811865475,0.7071067811865475,594,9.116939024205264e-09,0.0,123184.58883972286
REF_0013,discovery,910002,low_drive,2,localized_ledger_cells,face_yz_m,0.0,0.7071067811865475,-0.7071067811865475,594,9.116939024205264e-09,0.0,36129.11078446632
REF_0013,discovery,910002,low_drive,2,localized_ledger_cells,body_ppp,0.5773502691896258,0.5773502691896258,0.5773502691896258,594,9.116939024205264e-09,0.0,87476.34082968312
REF_0013,discovery,910002,low_drive,2,localized_ledger_cells,body_ppm,0.5773502691896258,0.5773502691896258,-0.5773502691896258,594,9.116939024205264e-09,0.0,65219.58647503787
REF_0013,discovery,910002,low_drive,2,localized_ledger_cells,body_pmp,0.5773502691896258,-0.5773502691896258,0.5773502691896258,594,9.116939024205264e-09,0.0,11278.999016861206
REF_0013,discovery,910002,low_drive,2,localized_ledger_cells,body_mpp,-0.5773502691896258,0.5773502691896258,0.5773502691896258,594,9.116939024205264e-09,0.0,133513.033864219
REF_0014,discovery,910002,low_drive,2,dispersed_slots,axis_x,1.0,0.0,0.0,594,2.284752617211023e-08,0.0,18243.881210307023
REF_0014,discovery,910002,low_drive,2,dispersed_slots,axis_y,0.0,1.0,0.0,594,2.284752617211023e-08,0.0,30246.452596176485
REF_0014,discovery,910002,low_drive,2,dispersed_slots,axis_z,0.0,0.0,1.0,594,2.284752617211023e-08,0.0,147967.90177729283
REF_0014,discovery,910002,low_drive,2,dispersed_slots,face_xy_p,0.7071067811865475,0.7071067811865475,0.0,594,2.284752617211023e-08,0.0,28644.165723135786
REF_0014,discovery,910002,low_drive,2,dispersed_slots,face_xy_m,0.7071067811865475,-0.7071067811865475,0.0,594,2.284752617211023e-08,0.0,55019.78091802722
REF_0014,discovery,910002,low_drive,2,dispersed_slots,face_xz_p,0.7071067811865475,0.0,0.7071067811865475,594,2.284752617211023e-08,0.0,95212.69247458462
REF_0014,discovery,910002,low_drive,2,dispersed_slots,face_xz_m,0.7071067811865475,0.0,-0.7071067811865475,594,2.284752617211023e-08,0.0,76419.73229761282
REF_0014,discovery,910002,low_drive,2,dispersed_slots,face_yz_p,0.0,0.7071067811865475,0.7071067811865475,594,2.284752617211023e-08,0.0,149526.94077061556
REF_0014,discovery,910002,low_drive,2,dispersed_slots,face_yz_m,0.0,0.7071067811865475,-0.7071067811865475,594,2.284752617211023e-08,0.0,28106.769694514252
REF_0014,discovery,910002,low_drive,2,dispersed_slots,body_ppp,0.5773502691896258,0.5773502691896258,0.5773502691896258,594,2.284752617211023e-08,0.0,96261.9148270304
REF_0014,discovery,910002,low_drive,2,dispersed_slots,body_ppm,0.5773502691896258,0.5773502691896258,-0.5773502691896258,594,2.284752617211023e-08,0.0,40771.57356928178
REF_0014,discovery,910002,low_drive,2,dispersed_slots,body_pmp,0.5773502691896258,-0.5773502691896258,0.5773502691896258,594,2.284752617211023e-08,0.0,42144.81778630651
REF_0014,discovery,910002,low_drive,2,dispersed_slots,body_mpp,-0.5773502691896258,0.5773502691896258,0.5773502691896258,594,2.284752617211023e-08,0.0,118333.66189436115
REF_0015,discovery,910002,low_drive,3,localized_ledger_cells,axis_x,1.0,0.0,0.0,1008,1.7527779396120204e-08,0.0,127430.23168804872
REF_0015,discovery,910002,low_drive,3,localized_ledger_cells,axis_y,0.0,1.0,0.0,1008,1.7527779396120204e-08,0.0,142739.83680739786
REF_0015,discovery,910002,low_drive,3,localized_ledger_cells,axis_z,0.0,0.0,1.0,1008,1.7527779396120204e-08,0.0,590170.3036606088
REF_0015,discovery,910002,low_drive,3,localized_ledger_cells,face_xy_p,0.7071067811865475,0.7071067811865475,0.0,1008,1.7527779396120204e-08,0.0,25892.009256494042
REF_0015,discovery,910002,low_drive,3,localized_ledger_cells,face_xy_m,0.7071067811865475,-0.7071067811865475,0.0,1008,1.7527779396120204e-08,0.0,37706.094270322035
REF_0015,discovery,910002,low_drive,3,localized_ledger_cells,face_xz_p,0.7071067811865475,0.0,0.7071067811865475,1008,1.7527779396120204e-08,0.0,275684.4567741283
REF_0015,discovery,910002,low_drive,3,localized_ledger_cells,face_xz_m,0.7071067811865475,0.0,-0.7071067811865475,1008,1.7527779396120204e-08,0.0,387871.7177785067
REF_0015,discovery,910002,low_drive,3,localized_ledger_cells,face_yz_p,0.0,0.7071067811865475,0.7071067811865475,1008,1.7527779396120204e-08,0.0,398500.51657097146
REF_0015,discovery,910002,low_drive,3,localized_ledger_cells,face_yz_m,0.0,0.7071067811865475,-0.7071067811865475,1008,1.7527779396120204e-08,0.0,272710.4605413127
REF_0015,discovery,910002,low_drive,3,localized_ledger_cells,body_ppp,0.5773502691896258,0.5773502691896258,0.5773502691896258,1008,1.7527779396120204e-08,0.0,195247.1433914
REF_0015,discovery,910002,low_drive,3,localized_ledger_cells,body_ppm,0.5773502691896258,0.5773502691896258,-0.5773502691896258,1008,1.7527779396120204e-08,0.0,229811.0717641238
REF_0015,discovery,910002,low_drive,3,localized_ledger_cells,body_pmp,0.5773502691896258,-0.5773502691896258,0.5773502691896258,1008,1.7527779396120204e-08,0.0,123466.33123757789
REF_0015,discovery,910002,low_drive,3,localized_ledger_cells,body_mpp,-0.5773502691896258,0.5773502691896258,0.5773502691896258,1008,1.7527779396120204e-08,0.0,312093.29281908355
REF_0016,discovery,910002,low_drive,3,dispersed_slots,axis_x,1.0,0.0,0.0,1008,1.1384988391865835e-08,0.0,42874.90877921079
REF_0016,discovery,910002,low_drive,3,dispersed_slots,axis_y,0.0,1.0,0.0,1008,1.1384988391865835e-08,0.0,34384.652968214636
REF_0016,discovery,910002,low_drive,3,dispersed_slots,axis_z,0.0,0.0,1.0,1008,1.1384988391865835e-08,0.0,68374.102022695
REF_0016,discovery,910002,low_drive,3,dispersed_slots,face_xy_p,0.7071067811865475,0.7071067811865475,0.0,1008,1.1384988391865835e-08,0.0,4581.214391783304
REF_0016,discovery,910002,low_drive,3,dispersed_slots,face_xy_m,0.7071067811865475,-0.7071067811865475,0.0,1008,1.1384988391865835e-08,0.0,55387.11143953062
REF_0016,discovery,910002,low_drive,3,dispersed_slots,face_xz_p,0.7071067811865475,0.0,0.7071067811865475,1008,1.1384988391865835e-08,0.0,54816.735095353826
REF_0016,discovery,910002,low_drive,3,dispersed_slots,face_xz_m,0.7071067811865475,0.0,-0.7071067811865475,1008,1.1384988391865835e-08,0.0,60755.030458796304
REF_0016,discovery,910002,low_drive,3,dispersed_slots,face_yz_p,0.0,0.7071067811865475,0.7071067811865475,1008,1.1384988391865835e-08,0.0,103834.59419977193
REF_0016,discovery,910002,low_drive,3,dispersed_slots,face_yz_m,0.0,0.7071067811865475,-0.7071067811865475,1008,1.1384988391865835e-08,0.0,7492.043448876518
REF_0016,discovery,910002,low_drive,3,dispersed_slots,body_ppp,0.5773502691896258,0.5773502691896258,0.5773502691896258,1008,1.1384988391865835e-08,0.0,58371.99078349813
REF_0016,discovery,910002,low_drive,3,dispersed_slots,body_ppm,0.5773502691896258,0.5773502691896258,-0.5773502691896258,1008,1.1384988391865835e-08,0.0,14180.898150418237
REF_0016,discovery,910002,low_drive,3,dispersed_slots,body_pmp,0.5773502691896258,-0.5773502691896258,0.5773502691896258,1008,1.1384988391865835e-08,0.0,11935.843548164536
REF_0016,discovery,910002,low_drive,3,dispersed_slots,body_mpp,-0.5773502691896258,0.5773502691896258,0.5773502691896258,1008,1.1384988391865835e-08,0.0,105777.84276152117
REF_0017,validation,910003,low_drive,0,localized_ledger_cells,axis_x,1.0,0.0,0.0,252,1.1210145118746464e-08,0.0,2835.132307716979
REF_0017,validation,910003,low_drive,0,localized_ledger_cells,axis_y,0.0,1.0,0.0,252,1.1210145118746464e-08,0.0,50902.657767102995
REF_0017,validation,910003,low_drive,0,localized_ledger_cells,axis_z,0.0,0.0,1.0,252,1.1210145118746464e-08,0.0,273613.21284638846
REF_0017,validation,910003,low_drive,0,localized_ledger_cells,face_xy_p,0.7071067811865475,0.7071067811865475,0.0,252,1.1210145118746464e-08,0.0,92381.20631183755
REF_0017,validation,910003,low_drive,0,localized_ledger_cells,face_xy_m,0.7071067811865475,-0.7071067811865475,0.0,252,1.1210145118746464e-08,0.0,87349.73826827721
REF_0017,validation,910003,low_drive,0,localized_ledger_cells,face_xz_p,0.7071067811865475,0.0,0.7071067811865475,252,1.1210145118746464e-08,0.0,138793.09704936383
REF_0017,validation,910003,low_drive,0,localized_ledger_cells,face_xz_m,0.7071067811865475,0.0,-0.7071067811865475,252,1.1210145118746464e-08,0.0,160403.21400885016
REF_0017,validation,910003,low_drive,0,localized_ledger_cells,face_yz_p,0.0,0.7071067811865475,0.7071067811865475,252,1.1210145118746464e-08,0.0,48204.079765670525
REF_0017,validation,910003,low_drive,0,localized_ledger_cells,face_yz_m,0.0,0.7071067811865475,-0.7071067811865475,252,1.1210145118746464e-08,0.0,275025.99402217206
REF_0017,validation,910003,low_drive,0,localized_ledger_cells,body_ppp,0.5773502691896258,0.5773502691896258,0.5773502691896258,252,1.1210145118746464e-08,0.0,79988.6047684912
REF_0017,validation,910003,low_drive,0,localized_ledger_cells,body_ppm,0.5773502691896258,0.5773502691896258,-0.5773502691896258,252,1.1210145118746464e-08,0.0,206017.30456894916
REF_0017,validation,910003,low_drive,0,localized_ledger_cells,body_pmp,0.5773502691896258,-0.5773502691896258,0.5773502691896258,252,1.1210145118746464e-08,0.0,179346.12248448387
REF_0017,validation,910003,low_drive,0,localized_ledger_cells,body_mpp,-0.5773502691896258,0.5773502691896258,0.5773502691896258,252,1.1210145118746464e-08,0.0,102187.37081413584
REF_0018,validation,910003,low_drive,0,dispersed_slots,axis_x,1.0,0.0,0.0,252,1.1834061044965154e-08,0.0,5950.559134254643
REF_0018,validation,910003,low_drive,0,dispersed_slots,axis_y,0.0,1.0,0.0,252,1.1834061044965154e-08,0.0,36375.712454055465
REF_0018,validation,910003,low_drive,0,dispersed_slots,axis_z,0.0,0.0,1.0,252,1.1834061044965154e-08,0.0,24205.58312775546
REF_0018,validation,910003,low_drive,0,dispersed_slots,face_xy_p,0.7071067811865475,0.7071067811865475,0.0,252,1.1834061044965154e-08,0.0,11405.934216820138
REF_0018,validation,910003,low_drive,0,dispersed_slots,face_xy_m,0.7071067811865475,-0.7071067811865475,0.0,252,1.1834061044965154e-08,0.0,33024.155826416194
REF_0018,validation,910003,low_drive,0,dispersed_slots,face_xz_p,0.7071067811865475,0.0,0.7071067811865475,252,1.1834061044965154e-08,0.0,29699.100870022776
REF_0018,validation,910003,low_drive,0,dispersed_slots,face_xz_m,0.7071067811865475,0.0,-0.7071067811865475,252,1.1834061044965154e-08,0.0,16145.154341776572
REF_0018,validation,910003,low_drive,0,dispersed_slots,face_yz_p,0.0,0.7071067811865475,0.7071067811865475,252,1.1834061044965154e-08,0.0,4210.273824162437
REF_0018,validation,910003,low_drive,0,dispersed_slots,face_yz_m,0.0,0.7071067811865475,-0.7071067811865475,252,1.1834061044965154e-08,0.0,56846.55804753845
REF_0018,validation,910003,low_drive,0,dispersed_slots,body_ppp,0.5773502691896258,0.5773502691896258,0.5773502691896258,252,1.1834061044965154e-08,0.0,16918.344689308116
REF_0018,validation,910003,low_drive,0,dispersed_slots,body_ppm,0.5773502691896258,0.5773502691896258,-0.5773502691896258,252,1.1834061044965154e-08,0.0,25947.00115918344
REF_0018,validation,910003,low_drive,0,dispersed_slots,body_pmp,0.5773502691896258,-0.5773502691896258,0.5773502691896258,252,1.1834061044965154e-08,0.0,53819.937896957745
REF_0018,validation,910003,low_drive,0,dispersed_slots,body_mpp,-0.5773502691896258,0.5773502691896258,0.5773502691896258,252,1.1834061044965154e-08,0.0,8261.604937842925
REF_0019,validation,910003,low_drive,1,localized_ledger_cells,axis_x,1.0,0.0,0.0,378,1.7635603017885394e-08,0.0,109092.9172695175
REF_0019,validation,910003,low_drive,1,localized_ledger_cells,axis_y,0.0,1.0,0.0,378,1.7635603017885394e-08,0.0,31278.99535356044
REF_0019,validation,910003,low_drive,1,localized_ledger_cells,axis_z,0.0,0.0,1.0,378,1.7635603017885394e-08,0.0,316762.50646646327
REF_0019,validation,910003,low_drive,1,localized_ledger_cells,face_xy_p,0.7071067811865475,0.7071067811865475,0.0,378,1.7635603017885394e-08,0.0,76579.65763071502
REF_0019,validation,910003,low_drive,1,localized_ledger_cells,face_xy_m,0.7071067811865475,-0.7071067811865475,0.0,378,1.7635603017885394e-08,0.0,119385.03981817604
REF_0019,validation,910003,low_drive,1,localized_ledger_cells,face_xz_p,0.7071067811865475,0.0,0.7071067811865475,378,1.7635603017885394e-08,0.0,56669.113033620706
REF_0019,validation,910003,low_drive,1,localized_ledger_cells,face_xz_m,0.7071067811865475,0.0,-0.7071067811865475,378,1.7635603017885394e-08,0.0,359128.6912772464
REF_0019,validation,910003,low_drive,1,localized_ledger_cells,face_yz_p,0.0,0.7071067811865475,0.7071067811865475,378,1.7635603017885394e-08,0.0,222925.749416546
REF_0019,validation,910003,low_drive,1,localized_ledger_cells,face_yz_m,0.0,0.7071067811865475,-0.7071067811865475,378,1.7635603017885394e-08,0.0,153965.09393641984
REF_0019,validation,910003,low_drive,1,localized_ledger_cells,body_ppp,0.5773502691896258,0.5773502691896258,0.5773502691896258,378,1.7635603017885394e-08,0.0,130182.13212383565
REF_0019,validation,910003,low_drive,1,localized_ledger_cells,body_ppm,0.5773502691896258,0.5773502691896258,-0.5773502691896258,378,1.7635603017885394e-08,0.0,188609.3138230209
REF_0019,validation,910003,low_drive,1,localized_ledger_cells,body_pmp,0.5773502691896258,-0.5773502691896258,0.5773502691896258,378,1.7635603017885394e-08,0.0,57239.869292877826
REF_0019,validation,910003,low_drive,1,localized_ledger_cells,body_mpp,-0.5773502691896258,0.5773502691896258,0.5773502691896258,378,1.7635603017885394e-08,0.0,299600.8052651135
REF_0020,validation,910003,low_drive,1,dispersed_slots,axis_x,1.0,0.0,0.0,378,5.3787452709897693e-08,0.0,20089.10263590573
REF_0020,validation,910003,low_drive,1,dispersed_slots,axis_y,0.0,1.0,0.0,378,5.3787452709897693e-08,0.0,50501.347900295295
REF_0020,validation,910003,low_drive,1,dispersed_slots,axis_z,0.0,0.0,1.0,378,5.3787452709897693e-08,0.0,25755.515707375067
REF_0020,validation,910003,low_drive,1,dispersed_slots,face_xy_p,0.7071067811865475,0.7071067811865475,0.0,378,5.3787452709897693e-08,0.0,63690.866756981486
REF_0020,validation,910003,low_drive,1,dispersed_slots,face_xy_m,0.7071067811865475,-0.7071067811865475,0.0,378,5.3787452709897693e-08,0.0,7112.549897087568
REF_0020,validation,910003,low_drive,1,dispersed_slots,face_xz_p,0.7071067811865475,0.0,0.7071067811865475,378,5.3787452709897693e-08,0.0,1854.966271281906
REF_0020,validation,910003,low_drive,1,dispersed_slots,face_xz_m,0.7071067811865475,0.0,-0.7071067811865475,378,5.3787452709897693e-08,0.0,66074.12808821403
REF_0020,validation,910003,low_drive,1,dispersed_slots,face_yz_p,0.0,0.7071067811865475,0.7071067811865475,378,5.3787452709897693e-08,0.0,54567.33940293477
REF_0020,validation,910003,low_drive,1,dispersed_slots,face_yz_m,0.0,0.7071067811865475,-0.7071067811865475,378,5.3787452709897693e-08,0.0,28567.877588711097
REF_0020,validation,910003,low_drive,1,dispersed_slots,body_ppp,0.5773502691896258,0.5773502691896258,0.5773502691896258,378,5.3787452709897693e-08,0.0,29864.951915319172
REF_0020,validation,910003,low_drive,1,dispersed_slots,body_ppm,0.5773502691896258,0.5773502691896258,-0.5773502691896258,378,5.3787452709897693e-08,0.0,72478.63108175246
REF_0020,validation,910003,low_drive,1,dispersed_slots,body_pmp,0.5773502691896258,-0.5773502691896258,0.5773502691896258,378,5.3787452709897693e-08,0.0,2787.517644685837
REF_0020,validation,910003,low_drive,1,dispersed_slots,body_mpp,-0.5773502691896258,0.5773502691896258,0.5773502691896258,378,5.3787452709897693e-08,0.0,49264.22814350719
REF_0021,validation,910003,low_drive,2,localized_ledger_cells,axis_x,1.0,0.0,0.0,594,1.0160850500804196e-08,0.0,97291.24556738042
REF_0021,validation,910003,low_drive,2,localized_ledger_cells,axis_y,0.0,1.0,0.0,594,1.0160850500804196e-08,0.0,24277.21320767561
REF_0021,validation,910003,low_drive,2,localized_ledger_cells,axis_z,0.0,0.0,1.0,594,1.0160850500804196e-08,0.0,162589.8418566206
REF_0021,validation,910003,low_drive,2,localized_ledger_cells,face_xy_p,0.7071067811865475,0.7071067811865475,0.0,594,1.0160850500804196e-08,0.0,44468.31607252498
REF_0021,validation,910003,low_drive,2,localized_ledger_cells,face_xy_m,0.7071067811865475,-0.7071067811865475,0.0,594,1.0160850500804196e-08,0.0,105080.66164187128
REF_0021,validation,910003,low_drive,2,localized_ledger_cells,face_xz_p,0.7071067811865475,0.0,0.7071067811865475,594,1.0160850500804196e-08,0.0,15555.92292358528
REF_0021,validation,910003,low_drive,2,localized_ledger_cells,face_xz_m,0.7071067811865475,0.0,-0.7071067811865475,594,1.0160850500804196e-08,0.0,243135.17060703482
REF_0021,validation,910003,low_drive,2,localized_ledger_cells,face_yz_p,0.0,0.7071067811865475,0.7071067811865475,594,1.0160850500804196e-08,0.0,126274.25587699533
REF_0021,validation,910003,low_drive,2,localized_ledger_cells,face_yz_m,0.0,0.7071067811865475,-0.7071067811865475,594,1.0160850500804196e-08,0.0,95909.82147372336
REF_0021,validation,910003,low_drive,2,localized_ledger_cells,body_ppp,0.5773502691896258,0.5773502691896258,0.5773502691896258,594,1.0160850500804196e-08,0.0,65331.847480647746
REF_0021,validation,910003,low_drive,2,localized_ledger_cells,body_ppm,0.5773502691896258,0.5773502691896258,-0.5773502691896258,594,1.0160850500804196e-08,0.0,124771.55372405637
REF_0021,validation,910003,low_drive,2,localized_ledger_cells,body_pmp,0.5773502691896258,-0.5773502691896258,0.5773502691896258,594,1.0160850500804196e-08,0.0,34534.46937534729
REF_0021,validation,910003,low_drive,2,localized_ledger_cells,body_mpp,-0.5773502691896258,0.5773502691896258,0.5773502691896258,594,1.0160850500804196e-08,0.0,209446.5723354125
REF_0022,validation,910003,low_drive,2,dispersed_slots,axis_x,1.0,0.0,0.0,594,2.4048773730809177e-08,0.0,12733.16731800693
REF_0022,validation,910003,low_drive,2,dispersed_slots,axis_y,0.0,1.0,0.0,594,2.4048773730809177e-08,0.0,26944.56335462707
REF_0022,validation,910003,low_drive,2,dispersed_slots,axis_z,0.0,0.0,1.0,594,2.4048773730809177e-08,0.0,21631.388006157067
REF_0022,validation,910003,low_drive,2,dispersed_slots,face_xy_p,0.7071067811865475,0.7071067811865475,0.0,594,2.4048773730809177e-08,0.0,27064.351113063345
REF_0022,validation,910003,low_drive,2,dispersed_slots,face_xy_m,0.7071067811865475,-0.7071067811865475,0.0,594,2.4048773730809177e-08,0.0,1903.593283975556
REF_0022,validation,910003,low_drive,2,dispersed_slots,face_xz_p,0.7071067811865475,0.0,0.7071067811865475,594,2.4048773730809177e-08,0.0,5469.234231210015
REF_0022,validation,910003,low_drive,2,dispersed_slots,face_xz_m,0.7071067811865475,0.0,-0.7071067811865475,594,2.4048773730809177e-08,0.0,36986.23270058845
REF_0022,validation,910003,low_drive,2,dispersed_slots,face_yz_p,0.0,0.7071067811865475,0.7071067811865475,594,2.4048773730809177e-08,0.0,14928.122848126055
REF_0022,validation,910003,low_drive,2,dispersed_slots,face_yz_m,0.0,0.7071067811865475,-0.7071067811865475,594,2.4048773730809177e-08,0.0,34633.04210200372
REF_0022,validation,910003,low_drive,2,dispersed_slots,body_ppp,0.5773502691896258,0.5773502691896258,0.5773502691896258,594,2.4048773730809177e-08,0.0,2966.737686074639
REF_0022,validation,910003,low_drive,2,dispersed_slots,body_ppm,0.5773502691896258,0.5773502691896258,-0.5773502691896258,594,2.4048773730809177e-08,0.0,48362.49554443389
REF_0022,validation,910003,low_drive,2,dispersed_slots,body_pmp,0.5773502691896258,-0.5773502691896258,0.5773502691896258,594,2.4048773730809177e-08,0.0,8905.019016032384
REF_0022,validation,910003,low_drive,2,dispersed_slots,body_mpp,-0.5773502691896258,0.5773502691896258,0.5773502691896258,594,2.4048773730809177e-08,0.0,20059.09614418939
REF_0023,validation,910003,low_drive,3,localized_ledger_cells,axis_x,1.0,0.0,0.0,1008,1.1049253471575771e-08,0.0,59606.361030310676
REF_0023,validation,910003,low_drive,3,localized_ledger_cells,axis_y,0.0,1.0,0.0,1008,1.1049253471575771e-08,0.0,15236.29755132053
REF_0023,validation,910003,low_drive,3,localized_ledger_cells,axis_z,0.0,0.0,1.0,1008,1.1049253471575771e-08,0.0,10892.029274887944
REF_0023,validation,910003,low_drive,3,localized_ledger_cells,face_xy_p,0.7071067811865475,0.7071067811865475,0.0,1008,1.1049253471575771e-08,0.0,10034.802548522675
REF_0023,validation,910003,low_drive,3,localized_ledger_cells,face_xy_m,0.7071067811865475,-0.7071067811865475,0.0,1008,1.1049253471575771e-08,0.0,70169.31324570312
REF_0023,validation,910003,low_drive,3,localized_ledger_cells,face_xz_p,0.7071067811865475,0.0,0.7071067811865475,1008,1.1049253471575771e-08,0.0,13595.323174771875
REF_0023,validation,910003,low_drive,3,localized_ledger_cells,face_xz_m,0.7071067811865475,0.0,-0.7071067811865475,1008,1.1049253471575771e-08,0.0,64500.07654989669
REF_0023,validation,910003,low_drive,3,localized_ledger_cells,face_yz_p,0.0,0.7071067811865475,0.7071067811865475,1008,1.1049253471575771e-08,0.0,16479.733152537967
REF_0023,validation,910003,low_drive,3,localized_ledger_cells,face_yz_m,0.0,0.7071067811865475,-0.7071067811865475,1008,1.1049253471575771e-08,0.0,39430.63483259052
REF_0023,validation,910003,low_drive,3,localized_ledger_cells,body_ppp,0.5773502691896258,0.5773502691896258,0.5773502691896258,1008,1.1049253471575771e-08,0.0,8498.527053586906
REF_0023,validation,910003,low_drive,3,localized_ledger_cells,body_ppm,0.5773502691896258,0.5773502691896258,-0.5773502691896258,1008,1.1049253471575771e-08,0.0,40927.26355908497
REF_0023,validation,910003,low_drive,3,localized_ledger_cells,body_pmp,0.5773502691896258,-0.5773502691896258,0.5773502691896258,1008,1.1049253471575771e-08,0.0,44559.873864820394
REF_0023,validation,910003,low_drive,3,localized_ledger_cells,body_mpp,-0.5773502691896258,0.5773502691896258,0.5773502691896258,1008,1.1049253471575771e-08,0.0,58318.81514540837
REF_0024,validation,910003,low_drive,3,dispersed_slots,axis_x,1.0,0.0,0.0,1008,9.815238962915576e-09,0.0,203.78141950988598
REF_0024,validation,910003,low_drive,3,dispersed_slots,axis_y,0.0,1.0,0.0,1008,9.815238962915576e-09,0.0,716.3097437049472
REF_0024,validation,910003,low_drive,3,dispersed_slots,axis_z,0.0,0.0,1.0,1008,9.815238962915576e-09,0.0,126339.09689355531
REF_0024,validation,910003,low_drive,3,dispersed_slots,face_xy_p,0.7071067811865475,0.7071067811865475,0.0,1008,9.815238962915576e-09,0.0,31597.774821641666
REF_0024,validation,910003,low_drive,3,dispersed_slots,face_xy_m,0.7071067811865475,-0.7071067811865475,0.0,1008,9.815238962915576e-09,0.0,31884.722407786405
REF_0024,validation,910003,low_drive,3,dispersed_slots,face_xz_p,0.7071067811865475,0.0,0.7071067811865475,1008,9.815238962915576e-09,0.0,66037.88387961619
REF_0024,validation,910003,low_drive,3,dispersed_slots,face_xz_m,0.7071067811865475,0.0,-0.7071067811865475,1008,9.815238962915576e-09,0.0,60711.36371015593
REF_0024,validation,910003,low_drive,3,dispersed_slots,face_yz_p,0.0,0.7071067811865475,0.7071067811865475,1008,9.815238962915576e-09,0.0,71684.8217451084
REF_0024,validation,910003,low_drive,3,dispersed_slots,face_yz_m,0.0,0.7071067811865475,-0.7071067811865475,1008,9.815238962915576e-09,0.0,55320.69000676994
REF_0024,validation,910003,low_drive,3,dispersed_slots,body_ppp,0.5773502691896258,0.5773502691896258,0.5773502691896258,1008,9.815238962915576e-09,0.0,61199.1991235833
REF_0024,validation,910003,low_drive,3,dispersed_slots,body_ppm,0.5773502691896258,0.5773502691896258,-0.5773502691896258,1008,9.815238962915576e-09,0.0,51387.78530153973
REF_0024,validation,910003,low_drive,3,dispersed_slots,body_pmp,0.5773502691896258,-0.5773502691896258,0.5773502691896258,1008,9.815238962915576e-09,0.0,54170.6363421828
REF_0024,validation,910003,low_drive,3,dispersed_slots,body_mpp,-0.5773502691896258,0.5773502691896258,0.5773502691896258,1008,9.815238962915576e-09,0.0,58671.41260397744
REF_0025,final,910004,low_drive,0,localized_ledger_cells,axis_x,1.0,0.0,0.0,252,2.695731974879743e-08,0.0,259249.0877885609
REF_0025,final,910004,low_drive,0,localized_ledger_cells,axis_y,0.0,1.0,0.0,252,2.695731974879743e-08,0.0,142517.66279071278
REF_0025,final,910004,low_drive,0,localized_ledger_cells,axis_z,0.0,0.0,1.0,252,2.695731974879743e-08,0.0,713032.2759897977
REF_0025,final,910004,low_drive,0,localized_ledger_cells,face_xy_p,0.7071067811865475,0.7071067811865475,0.0,252,2.695731974879743e-08,0.0,96501.56599366048
REF_0025,final,910004,low_drive,0,localized_ledger_cells,face_xy_m,0.7071067811865475,-0.7071067811865475,0.0,252,2.695731974879743e-08,0.0,259365.09934834245
REF_0025,final,910004,low_drive,0,localized_ledger_cells,face_xz_p,0.7071067811865475,0.0,0.7071067811865475,252,2.695731974879743e-08,0.0,347167.7786848416
REF_0025,final,910004,low_drive,0,localized_ledger_cells,face_xz_m,0.7071067811865475,0.0,-0.7071067811865475,252,2.695731974879743e-08,0.0,595768.3606809758
REF_0025,final,910004,low_drive,0,localized_ledger_cells,face_yz_p,0.0,0.7071067811865475,0.7071067811865475,252,2.695731974879743e-08,0.0,138707.8924027669
REF_0025,final,910004,low_drive,0,localized_ledger_cells,face_yz_m,0.0,0.7071067811865475,-0.7071067811865475,252,2.695731974879743e-08,0.0,745862.5344638343
REF_0025,final,910004,low_drive,0,localized_ledger_cells,body_ppp,0.5773502691896258,0.5773502691896258,0.5773502691896258,252,2.695731974879743e-08,0.0,93952.06336657419
REF_0025,final,910004,low_drive,0,localized_ledger_cells,body_ppm,0.5773502691896258,0.5773502691896258,-0.5773502691896258,252,2.695731974879743e-08,0.0,556319.1299379237
REF_0025,final,910004,low_drive,0,localized_ledger_cells,body_pmp,0.5773502691896258,-0.5773502691896258,0.5773502691896258,252,2.695731974879743e-08,0.0,604615.5658512976
REF_0025,final,910004,low_drive,0,localized_ledger_cells,body_mpp,-0.5773502691896258,0.5773502691896258,0.5773502691896258,252,2.695731974879743e-08,0.0,190423.21265743708
REF_0026,final,910004,low_drive,0,dispersed_slots,axis_x,1.0,0.0,0.0,252,1.0707646360649985e-08,0.0,6083.240233882156
REF_0026,final,910004,low_drive,0,dispersed_slots,axis_y,0.0,1.0,0.0,252,1.0707646360649985e-08,0.0,40280.774089704064
REF_0026,final,910004,low_drive,0,dispersed_slots,axis_z,0.0,0.0,1.0,252,1.0707646360649985e-08,0.0,40868.29390465723
REF_0026,final,910004,low_drive,0,dispersed_slots,face_xy_p,0.7071067811865475,0.7071067811865475,0.0,252,1.0707646360649985e-08,0.0,19168.01373058781
REF_0026,final,910004,low_drive,0,dispersed_slots,face_xy_m,0.7071067811865475,-0.7071067811865475,0.0,252,1.0707646360649985e-08,0.0,23967.990592590293
REF_0026,final,910004,low_drive,0,dispersed_slots,face_xz_p,0.7071067811865475,0.0,0.7071067811865475,252,1.0707646360649985e-08,0.0,10909.319236068628
REF_0026,final,910004,low_drive,0,dispersed_slots,face_xz_m,0.7071067811865475,0.0,-0.7071067811865475,252,1.0707646360649985e-08,0.0,50267.062709136604
REF_0026,final,910004,low_drive,0,dispersed_slots,face_yz_p,0.0,0.7071067811865475,0.7071067811865475,252,1.0707646360649985e-08,0.0,64737.72516725249
REF_0026,final,910004,low_drive,0,dispersed_slots,face_yz_m,0.0,0.7071067811865475,-0.7071067811865475,252,1.0707646360649985e-08,0.0,13537.423705867652
REF_0026,final,910004,low_drive,0,dispersed_slots,body_ppp,0.5773502691896258,0.5773502691896258,0.5773502691896258,252,1.0707646360649985e-08,0.0,23619.03768423854
REF_0026,final,910004,low_drive,0,dispersed_slots,body_ppm,0.5773502691896258,0.5773502691896258,-0.5773502691896258,252,1.0707646360649985e-08,0.0,36012.69750036641
REF_0026,final,910004,low_drive,0,dispersed_slots,body_pmp,0.5773502691896258,-0.5773502691896258,0.5773502691896258,252,1.0707646360649985e-08,0.0,1669.345559291743
REF_0026,final,910004,low_drive,0,dispersed_slots,body_mpp,-0.5773502691896258,0.5773502691896258,0.5773502691896258,252,1.0707646360649985e-08,0.0,62229.03572488707
REF_0027,final,910004,low_drive,1,localized_ledger_cells,axis_x,1.0,0.0,0.0,378,1.0865152693557104e-08,0.0,167353.25682816096
REF_0027,final,910004,low_drive,1,localized_ledger_cells,axis_y,0.0,1.0,0.0,378,1.0865152693557104e-08,0.0,35401.6740459016
REF_0027,final,910004,low_drive,1,localized_ledger_cells,axis_z,0.0,0.0,1.0,378,1.0865152693557104e-08,0.0,144160.12364115156
REF_0027,final,910004,low_drive,1,localized_ledger_cells,face_xy_p,0.7071067811865475,0.7071067811865475,0.0,378,1.0865152693557104e-08,0.0,49975.83349575303
REF_0027,final,910004,low_drive,1,localized_ledger_cells,face_xy_m,0.7071067811865475,-0.7071067811865475,0.0,378,1.0865152693557104e-08,0.0,106322.0847757186
REF_0027,final,910004,low_drive,1,localized_ledger_cells,face_xz_p,0.7071067811865475,0.0,0.7071067811865475,378,1.0865152693557104e-08,0.0,110358.790222874
REF_0027,final,910004,low_drive,1,localized_ledger_cells,face_xz_m,0.7071067811865475,0.0,-0.7071067811865475,378,1.0865152693557104e-08,0.0,189221.15866355924
REF_0027,final,910004,low_drive,1,localized_ledger_cells,face_yz_p,0.0,0.7071067811865475,0.7071067811865475,378,1.0865152693557104e-08,0.0,9047.74322207013
REF_0027,final,910004,low_drive,1,localized_ledger_cells,face_yz_m,0.0,0.7071067811865475,-0.7071067811865475,378,1.0865152693557104e-08,0.0,224556.41427330737
REF_0027,final,910004,low_drive,1,localized_ledger_cells,body_ppp,0.5773502691896258,0.5773502691896258,0.5773502691896258,378,1.0865152693557104e-08,0.0,2883.4234139926934
REF_0027,final,910004,low_drive,1,localized_ledger_cells,body_ppm,0.5773502691896258,0.5773502691896258,-0.5773502691896258,378,1.0865152693557104e-08,0.0,201418.0193041131
REF_0027,final,910004,low_drive,1,localized_ledger_cells,body_pmp,0.5773502691896258,-0.5773502691896258,0.5773502691896258,378,1.0865152693557104e-08,0.0,208796.24171599624
REF_0027,final,910004,low_drive,1,localized_ledger_cells,body_mpp,-0.5773502691896258,0.5773502691896258,0.5773502691896258,378,1.0865152693557104e-08,0.0,45590.75769538721
REF_0028,final,910004,low_drive,1,dispersed_slots,axis_x,1.0,0.0,0.0,378,7.644270040933078e-09,0.0,31521.424333088908
REF_0028,final,910004,low_drive,1,dispersed_slots,axis_y,0.0,1.0,0.0,378,7.644270040933078e-09,0.0,12804.54916902914
REF_0028,final,910004,low_drive,1,dispersed_slots,axis_z,0.0,0.0,1.0,378,7.644270040933078e-09,0.0,50930.928581054846
REF_0028,final,910004,low_drive,1,dispersed_slots,face_xy_p,0.7071067811865475,0.7071067811865475,0.0,378,7.644270040933078e-09,0.0,10684.333792471183
REF_0028,final,910004,low_drive,1,dispersed_slots,face_xy_m,0.7071067811865475,-0.7071067811865475,0.0,378,7.644270040933078e-09,0.0,8270.69702972631
REF_0028,final,910004,low_drive,1,dispersed_slots,face_xz_p,0.7071067811865475,0.0,0.7071067811865475,378,7.644270040933078e-09,0.0,38537.47666226933
REF_0028,final,910004,low_drive,1,dispersed_slots,face_xz_m,0.7071067811865475,0.0,-0.7071067811865475,378,7.644270040933078e-09,0.0,37608.04909377011
REF_0028,final,910004,low_drive,1,dispersed_slots,face_yz_p,0.0,0.7071067811865475,0.7071067811865475,378,7.644270040933078e-09,0.0,56583.855918518355
REF_0028,final,910004,low_drive,1,dispersed_slots,face_yz_m,0.0,0.7071067811865475,-0.7071067811865475,378,7.644270040933078e-09,0.0,10203.232255504874
REF_0028,final,910004,low_drive,1,dispersed_slots,body_ppp,0.5773502691896258,0.5773502691896258,0.5773502691896258,378,7.644270040933078e-09,0.0,47393.09362949536
REF_0028,final,910004,low_drive,1,dispersed_slots,body_ppm,0.5773502691896258,0.5773502691896258,-0.5773502691896258,378,7.644270040933078e-09,0.0,4461.497692023797
REF_0028,final,910004,low_drive,1,dispersed_slots,body_pmp,0.5773502691896258,-0.5773502691896258,0.5773502691896258,378,7.644270040933078e-09,0.0,5176.280684604548
REF_0028,final,910004,low_drive,1,dispersed_slots,body_mpp,-0.5773502691896258,0.5773502691896258,0.5773502691896258,378,7.644270040933078e-09,0.0,44532.85573669746
REF_0029,final,910004,low_drive,2,localized_ledger_cells,axis_x,1.0,0.0,0.0,594,8.447176853342753e-09,0.0,126474.69106021863
REF_0029,final,910004,low_drive,2,localized_ledger_cells,axis_y,0.0,1.0,0.0,594,8.447176853342753e-09,0.0,21090.918333577487
REF_0029,final,910004,low_drive,2,localized_ledger_cells,axis_z,0.0,0.0,1.0,594,8.447176853342753e-09,0.0,110756.46139522019
REF_0029,final,910004,low_drive,2,localized_ledger_cells,face_xy_p,0.7071067811865475,0.7071067811865475,0.0,594,8.447176853342753e-09,0.0,45931.38482579199
REF_0029,final,910004,low_drive,2,localized_ledger_cells,face_xy_m,0.7071067811865475,-0.7071067811865475,0.0,594,8.447176853342753e-09,0.0,91873.87069250693
REF_0029,final,910004,low_drive,2,localized_ledger_cells,face_xz_p,0.7071067811865475,0.0,0.7071067811865475,594,8.447176853342753e-09,0.0,58107.89471968629
REF_0029,final,910004,low_drive,2,localized_ledger_cells,face_xz_m,0.7071067811865475,0.0,-0.7071067811865475,594,8.447176853342753e-09,0.0,173384.07075924875
REF_0029,final,910004,low_drive,2,localized_ledger_cells,face_yz_p,0.0,0.7071067811865475,0.7071067811865475,594,8.447176853342753e-09,0.0,11094.694655766638
REF_0029,final,910004,low_drive,2,localized_ledger_cells,face_yz_m,0.0,0.7071067811865475,-0.7071067811865475,594,8.447176853342753e-09,0.0,167705.3844598774
REF_0029,final,910004,low_drive,2,localized_ledger_cells,body_ppp,0.5773502691896258,0.5773502691896258,0.5773502691896258,594,8.447176853342753e-09,0.0,121.64277869531735
REF_0029,final,910004,low_drive,2,localized_ledger_cells,body_ppm,0.5773502691896258,0.5773502691896258,-0.5773502691896258,594,8.447176853342753e-09,0.0,165653.37004427967
REF_0029,final,910004,low_drive,2,localized_ledger_cells,body_pmp,0.5773502691896258,-0.5773502691896258,0.5773502691896258,594,8.447176853342753e-09,0.0,146620.7091205941
REF_0029,final,910004,low_drive,2,localized_ledger_cells,body_mpp,-0.5773502691896258,0.5773502691896258,0.5773502691896258,594,8.447176853342753e-09,0.0,59992.06891720412
REF_0030,final,910004,low_drive,2,dispersed_slots,axis_x,1.0,0.0,0.0,594,2.0313680230846657e-08,0.0,15827.375774637738
REF_0030,final,910004,low_drive,2,dispersed_slots,axis_y,0.0,1.0,0.0,594,2.0313680230846657e-08,0.0,29376.773998768767
REF_0030,final,910004,low_drive,2,dispersed_slots,axis_z,0.0,0.0,1.0,594,2.0313680230846657e-08,0.0,57762.51780486695
REF_0030,final,910004,low_drive,2,dispersed_slots,face_xy_p,0.7071067811865475,0.7071067811865475,0.0,594,2.0313680230846657e-08,0.0,3946.3444538689823
REF_0030,final,910004,low_drive,2,dispersed_slots,face_xy_m,0.7071067811865475,-0.7071067811865475,0.0,594,2.0313680230846657e-08,0.0,15919.993288230828
REF_0030,final,910004,low_drive,2,dispersed_slots,face_xz_p,0.7071067811865475,0.0,0.7071067811865475,594,2.0313680230846657e-08,0.0,12659.86321879506
REF_0030,final,910004,low_drive,2,dispersed_slots,face_xz_m,0.7071067811865475,0.0,-0.7071067811865475,594,2.0313680230846657e-08,0.0,62063.649626666825
REF_0030,final,910004,low_drive,2,dispersed_slots,face_yz_p,0.0,0.7071067811865475,0.7071067811865475,594,2.0313680230846657e-08,0.0,41557.15947415134
REF_0030,final,910004,low_drive,2,dispersed_slots,face_yz_m,0.0,0.7071067811865475,-0.7071067811865475,594,2.0313680230846657e-08,0.0,39941.05248336025
REF_0030,final,910004,low_drive,2,dispersed_slots,body_ppp,0.5773502691896258,0.5773502691896258,0.5773502691896258,594,2.0313680230846657e-08,0.0,8342.722583045585
REF_0030,final,910004,low_drive,2,dispersed_slots,body_ppm,0.5773502691896258,0.5773502691896258,-0.5773502691896258,594,2.0313680230846657e-08,0.0,41715.53515987933
REF_0030,final,910004,low_drive,2,dispersed_slots,body_pmp,0.5773502691896258,-0.5773502691896258,0.5773502691896258,594,2.0313680230846657e-08,0.0,5610.993390050673
REF_0030,final,910004,low_drive,2,dispersed_slots,body_mpp,-0.5773502691896258,0.5773502691896258,0.5773502691896258,594,2.0313680230846657e-08,0.0,55090.50776119034
REF_0031,final,910004,low_drive,3,localized_ledger_cells,axis_x,1.0,0.0,0.0,1008,2.0057843515165124e-08,0.0,217713.08339328496
REF_0031,final,910004,low_drive,3,localized_ledger_cells,axis_y,0.0,1.0,0.0,1008,2.0057843515165124e-08,0.0,31438.169456027084
REF_0031,final,910004,low_drive,3,localized_ledger_cells,axis_z,0.0,0.0,1.0,1008,2.0057843515165124e-08,0.0,142317.8802836047
REF_0031,final,910004,low_drive,3,localized_ledger_cells,face_xy_p,0.7071067811865475,0.7071067811865475,0.0,1008,2.0057843515165124e-08,0.0,230245.05874690032
REF_0031,final,910004,low_drive,3,localized_ledger_cells,face_xy_m,0.7071067811865475,-0.7071067811865475,0.0,1008,2.0057843515165124e-08,0.0,76582.91280080733
REF_0031,final,910004,low_drive,3,localized_ledger_cells,face_xz_p,0.7071067811865475,0.0,0.7071067811865475,1008,2.0057843515165124e-08,0.0,337615.40200225834
REF_0031,final,910004,low_drive,3,localized_ledger_cells,face_xz_m,0.7071067811865475,0.0,-0.7071067811865475,1008,2.0057843515165124e-08,0.0,34764.09104183204
REF_0031,final,910004,low_drive,3,localized_ledger_cells,face_yz_p,0.0,0.7071067811865475,0.7071067811865475,1008,2.0057843515165124e-08,0.0,40412.77843639609
REF_0031,final,910004,low_drive,3,localized_ledger_cells,face_yz_m,0.0,0.7071067811865475,-0.7071067811865475,1008,2.0057843515165124e-08,0.0,238829.2576389859
REF_0031,final,910004,low_drive,3,localized_ledger_cells,body_ppp,0.5773502691896258,0.5773502691896258,0.5773502691896258,1008,2.0057843515165124e-08,0.0,202534.06305900315
REF_0031,final,910004,low_drive,3,localized_ledger_cells,body_ppm,0.5773502691896258,0.5773502691896258,-0.5773502691896258,1008,2.0057843515165124e-08,0.0,204744.6391841215
REF_0031,final,910004,low_drive,3,localized_ledger_cells,body_pmp,0.5773502691896258,-0.5773502691896258,0.5773502691896258,1008,2.0057843515165124e-08,0.0,258251.86844107226
REF_0031,final,910004,low_drive,3,localized_ledger_cells,body_mpp,-0.5773502691896258,0.5773502691896258,0.5773502691896258,1008,2.0057843515165124e-08,0.0,12438.259627555684
REF_0032,final,910004,low_drive,3,dispersed_slots,axis_x,1.0,0.0,0.0,1008,1.3702547630791286e-08,0.0,91358.19639961945
REF_0032,final,910004,low_drive,3,dispersed_slots,axis_y,0.0,1.0,0.0,1008,1.3702547630791286e-08,0.0,9755.102029547234
REF_0032,final,910004,low_drive,3,dispersed_slots,axis_z,0.0,0.0,1.0,1008,1.3702547630791286e-08,0.0,68222.03951291488
REF_0032,final,910004,low_drive,3,dispersed_slots,face_xy_p,0.7071067811865475,0.7071067811865475,0.0,1008,1.3702547630791286e-08,0.0,37653.41735394721
REF_0032,final,910004,low_drive,3,dispersed_slots,face_xy_m,0.7071067811865475,-0.7071067811865475,0.0,1008,1.3702547630791286e-08,0.0,94545.81638560953
REF_0032,final,910004,low_drive,3,dispersed_slots,face_xz_p,0.7071067811865475,0.0,0.7071067811865475,1008,1.3702547630791286e-08,0.0,7790.940496591267
REF_0032,final,910004,low_drive,3,dispersed_slots,face_xz_m,0.7071067811865475,0.0,-0.7071067811865475,1008,1.3702547630791286e-08,0.0,155910.5753191428
REF_0032,final,910004,low_drive,3,dispersed_slots,face_yz_p,0.0,0.7071067811865475,0.7071067811865475,1008,1.3702547630791286e-08,0.0,28584.704755213665
REF_0032,final,910004,low_drive,3,dispersed_slots,face_yz_m,0.0,0.7071067811865475,-0.7071067811865475,1008,1.3702547630791286e-08,0.0,94315.26387559826
REF_0032,final,910004,low_drive,3,dispersed_slots,body_ppp,0.5773502691896258,0.5773502691896258,0.5773502691896258,1008,1.3702547630791286e-08,0.0,11342.806387642975
REF_0032,final,910004,low_drive,3,dispersed_slots,body_ppm,0.5773502691896258,0.5773502691896258,-0.5773502691896258,1008,1.3702547630791286e-08,0.0,111875.26036049248
REF_0032,final,910004,low_drive,3,dispersed_slots,body_pmp,0.5773502691896258,-0.5773502691896258,0.5773502691896258,1008,1.3702547630791286e-08,0.0,73525.98810296459
REF_0032,final,910004,low_drive,3,dispersed_slots,body_mpp,-0.5773502691896258,0.5773502691896258,0.5773502691896258,1008,1.3702547630791286e-08,0.0,100263.1000067328
REF_0129,discovery,910001,middle_drive,0,localized_ledger_cells,axis_x,1.0,0.0,0.0,252,6.5520955338641625e-09,0.0,467647.1223767925
REF_0129,discovery,910001,middle_drive,0,localized_ledger_cells,axis_y,0.0,1.0,0.0,252,6.5520955338641625e-09,0.0,749449.7639212735
REF_0129,discovery,910001,middle_drive,0,localized_ledger_cells,axis_z,0.0,0.0,1.0,252,6.5520955338641625e-09,0.0,3423281.3047211803
REF_0129,discovery,910001,middle_drive,0,localized_ledger_cells,face_xy_p,0.7071067811865475,0.7071067811865475,0.0,252,6.5520955338641625e-09,0.0,495013.485865716
REF_0129,discovery,910001,middle_drive,0,localized_ledger_cells,face_xy_m,0.7071067811865475,-0.7071067811865475,0.0,252,6.5520955338641625e-09,0.0,710645.1554685042
REF_0129,discovery,910001,middle_drive,0,localized_ledger_cells,face_xz_p,0.7071067811865475,0.0,0.7071067811865475,252,6.5520955338641625e-09,0.0,1114944.439184504
REF_0129,discovery,910001,middle_drive,0,localized_ledger_cells,face_xz_m,0.7071067811865475,0.0,-0.7071067811865475,252,6.5520955338641625e-09,0.0,2719939.145543483
REF_0129,discovery,910001,middle_drive,0,localized_ledger_cells,face_yz_p,0.0,0.7071067811865475,0.7071067811865475,252,6.5520955338641625e-09,0.0,1437787.606478327
REF_0129,discovery,910001,middle_drive,0,localized_ledger_cells,face_yz_m,0.0,0.7071067811865475,-0.7071067811865475,252,6.5520955338641625e-09,0.0,2537997.2990209237
REF_0129,discovery,910001,middle_drive,0,localized_ledger_cells,body_ppp,0.5773502691896258,0.5773502691896258,0.5773502691896258,252,6.5520955338641625e-09,0.0,675339.2557897223
REF_0129,discovery,910001,middle_drive,0,localized_ledger_cells,body_ppm,0.5773502691896258,0.5773502691896258,-0.5773502691896258,252,6.5520955338641625e-09,0.0,2204885.795965707
REF_0129,discovery,910001,middle_drive,0,localized_ledger_cells,body_pmp,0.5773502691896258,-0.5773502691896258,0.5773502691896258,252,6.5520955338641625e-09,0.0,1094954.6248974106
REF_0129,discovery,910001,middle_drive,0,localized_ledger_cells,body_mpp,-0.5773502691896258,0.5773502691896258,0.5773502691896258,252,6.5520955338641625e-09,0.0,1976943.0220599067
REF_0130,discovery,910001,middle_drive,0,dispersed_slots,axis_x,1.0,0.0,0.0,252,4.150126808437864e-09,0.0,65420.875571351266
REF_0130,discovery,910001,middle_drive,0,dispersed_slots,axis_y,0.0,1.0,0.0,252,4.150126808437864e-09,0.0,481581.65736440045
REF_0130,discovery,910001,middle_drive,0,dispersed_slots,axis_z,0.0,0.0,1.0,252,4.150126808437864e-09,0.0,485408.4937322921
REF_0130,discovery,910001,middle_drive,0,dispersed_slots,face_xy_p,0.7071067811865475,0.7071067811865475,0.0,252,4.150126808437864e-09,0.0,236656.32350427157
REF_0130,discovery,910001,middle_drive,0,dispersed_slots,face_xy_m,0.7071067811865475,-0.7071067811865475,0.0,252,4.150126808437864e-09,0.0,301542.8390760284
REF_0130,discovery,910001,middle_drive,0,dispersed_slots,face_xz_p,0.7071067811865475,0.0,0.7071067811865475,252,4.150126808437864e-09,0.0,145787.35110916058
REF_0130,discovery,910001,middle_drive,0,dispersed_slots,face_xz_m,0.7071067811865475,0.0,-0.7071067811865475,252,4.150126808437864e-09,0.0,582955.942571294
REF_0130,discovery,910001,middle_drive,0,dispersed_slots,face_yz_p,0.0,0.7071067811865475,0.7071067811865475,252,4.150126808437864e-09,0.0,796755.9066477533
REF_0130,discovery,910001,middle_drive,0,dispersed_slots,face_yz_m,0.0,0.7071067811865475,-0.7071067811865475,252,4.150126808437864e-09,0.0,140067.77792920434
REF_0130,discovery,910001,middle_drive,0,dispersed_slots,body_ppp,0.5773502691896258,0.5773502691896258,0.5773502691896258,252,4.150126808437864e-09,0.0,309978.38461368147
REF_0130,discovery,910001,middle_drive,0,dispersed_slots,body_ppm,0.5773502691896258,0.5773502691896258,-0.5773502691896258,252,4.150126808437864e-09,0.0,411210.1095782706
REF_0130,discovery,910001,middle_drive,0,dispersed_slots,body_pmp,0.5773502691896258,-0.5773502691896258,0.5773502691896258,252,4.150126808437864e-09,0.0,30452.606715525217
REF_0130,discovery,910001,middle_drive,0,dispersed_slots,body_mpp,-0.5773502691896258,0.5773502691896258,0.5773502691896258,252,4.150126808437864e-09,0.0,748412.7902069147
REF_0131,discovery,910001,middle_drive,1,localized_ledger_cells,axis_x,1.0,0.0,0.0,378,5.256545921681471e-09,0.0,1563779.658768537
REF_0131,discovery,910001,middle_drive,1,localized_ledger_cells,axis_y,0.0,1.0,0.0,378,5.256545921681471e-09,0.0,1835262.7927684253
REF_0131,discovery,910001,middle_drive,1,localized_ledger_cells,axis_z,0.0,0.0,1.0,378,5.256545921681471e-09,0.0,5453172.076859493
REF_0131,discovery,910001,middle_drive,1,localized_ledger_cells,face_xy_p,0.7071067811865475,0.7071067811865475,0.0,378,5.256545921681471e-09,0.0,31888.358469565028
REF_0131,discovery,910001,middle_drive,1,localized_ledger_cells,face_xy_m,0.7071067811865475,-0.7071067811865475,0.0,378,5.256545921681471e-09,0.0,642614.6217078096
REF_0131,discovery,910001,middle_drive,1,localized_ledger_cells,face_xz_p,0.7071067811865475,0.0,0.7071067811865475,378,5.256545921681471e-09,0.0,2079102.3834562267
REF_0131,discovery,910001,middle_drive,1,localized_ledger_cells,face_xz_m,0.7071067811865475,0.0,-0.7071067811865475,378,5.256545921681471e-09,0.0,4492699.3711096905
REF_0131,discovery,910001,middle_drive,1,localized_ledger_cells,face_yz_p,0.0,0.7071067811865475,0.7071067811865475,378,5.256545921681471e-09,0.0,4118393.481175123
REF_0131,discovery,910001,middle_drive,1,localized_ledger_cells,face_yz_m,0.0,0.7071067811865475,-0.7071067811865475,378,5.256545921681471e-09,0.0,2589149.840388715
REF_0131,discovery,910001,middle_drive,1,localized_ledger_cells,body_ppp,0.5773502691896258,0.5773502691896258,0.5773502691896258,378,5.256545921681471e-09,0.0,1594494.038231526
REF_0131,discovery,910001,middle_drive,1,localized_ledger_cells,body_ppm,0.5773502691896258,0.5773502691896258,-0.5773502691896258,378,5.256545921681471e-09,0.0,2368623.530155513
REF_0131,discovery,910001,middle_drive,1,localized_ledger_cells,body_pmp,0.5773502691896258,-0.5773502691896258,0.5773502691896258,378,5.256545921681471e-09,0.0,497934.5086714884
REF_0131,discovery,910001,middle_drive,1,localized_ledger_cells,body_mpp,-0.5773502691896258,0.5773502691896258,0.5773502691896258,378,5.256545921681471e-09,0.0,4008050.8492605044
REF_0132,discovery,910001,middle_drive,1,dispersed_slots,axis_x,1.0,0.0,0.0,378,5.5233013806903555e-09,0.0,131205.26746148363
REF_0132,discovery,910001,middle_drive,1,dispersed_slots,axis_y,0.0,1.0,0.0,378,5.5233013806903555e-09,0.0,18288.625055894045
REF_0132,discovery,910001,middle_drive,1,dispersed_slots,axis_z,0.0,0.0,1.0,378,5.5233013806903555e-09,0.0,281491.971319301
REF_0132,discovery,910001,middle_drive,1,dispersed_slots,face_xy_p,0.7071067811865475,0.7071067811865475,0.0,378,5.5233013806903555e-09,0.0,122242.02845416877
REF_0132,discovery,910001,middle_drive,1,dispersed_slots,face_xy_m,0.7071067811865475,-0.7071067811865475,0.0,378,5.5233013806903555e-09,0.0,99975.1093810615
REF_0132,discovery,910001,middle_drive,1,dispersed_slots,face_xz_p,0.7071067811865475,0.0,0.7071067811865475,378,5.5233013806903555e-09,0.0,39773.86850919759
REF_0132,discovery,910001,middle_drive,1,dispersed_slots,face_xz_m,0.7071067811865475,0.0,-0.7071067811865475,378,5.5233013806903555e-09,0.0,365061.99771410687
REF_0132,discovery,910001,middle_drive,1,dispersed_slots,face_yz_p,0.0,0.7071067811865475,0.7071067811865475,378,5.5233013806903555e-09,0.0,124991.78436626025
REF_0132,discovery,910001,middle_drive,1,dispersed_slots,face_yz_m,0.0,0.7071067811865475,-0.7071067811865475,378,5.5233013806903555e-09,0.0,223385.76065420447
REF_0132,discovery,910001,middle_drive,1,dispersed_slots,body_ppp,0.5773502691896258,0.5773502691896258,0.5773502691896258,378,5.5233013806903555e-09,0.0,47819.7872774116
REF_0132,discovery,910001,middle_drive,1,dispersed_slots,body_ppm,0.5773502691896258,0.5773502691896258,-0.5773502691896258,378,5.5233013806903555e-09,0.0,299826.67327091924
REF_0132,discovery,910001,middle_drive,1,dispersed_slots,body_pmp,0.5773502691896258,-0.5773502691896258,0.5773502691896258,378,5.5233013806903555e-09,0.0,139261.36910948798
REF_0132,discovery,910001,middle_drive,1,dispersed_slots,body_mpp,-0.5773502691896258,0.5773502691896258,0.5773502691896258,378,5.5233013806903555e-09,0.0,188592.27448499037
REF_0133,discovery,910001,middle_drive,2,localized_ledger_cells,axis_x,1.0,0.0,0.0,594,1.0340076612911325e-08,0.0,528609.8270837672
REF_0133,discovery,910001,middle_drive,2,localized_ledger_cells,axis_y,0.0,1.0,0.0,594,1.0340076612911325e-08,0.0,856263.4232005915
REF_0133,discovery,910001,middle_drive,2,localized_ledger_cells,axis_z,0.0,0.0,1.0,594,1.0340076612911325e-08,0.0,1987065.9846310373
REF_0133,discovery,910001,middle_drive,2,localized_ledger_cells,face_xy_p,0.7071067811865475,0.7071067811865475,0.0,594,1.0340076612911325e-08,0.0,317788.8907533361
REF_0133,discovery,910001,middle_drive,2,localized_ledger_cells,face_xy_m,0.7071067811865475,-0.7071067811865475,0.0,594,1.0340076612911325e-08,0.0,93551.90770058049
REF_0133,discovery,910001,middle_drive,2,localized_ledger_cells,face_xz_p,0.7071067811865475,0.0,0.7071067811865475,594,1.0340076612911325e-08,0.0,566707.3244256556
REF_0133,discovery,910001,middle_drive,2,localized_ledger_cells,face_xz_m,0.7071067811865475,0.0,-0.7071067811865475,594,1.0340076612911325e-08,0.0,1885333.83785319
REF_0133,discovery,910001,middle_drive,2,localized_ledger_cells,face_yz_p,0.0,0.7071067811865475,0.7071067811865475,594,1.0340076612911325e-08,0.0,1194802.6287279963
REF_0133,discovery,910001,middle_drive,2,localized_ledger_cells,face_yz_m,0.0,0.7071067811865475,-0.7071067811865475,594,1.0340076612911325e-08,0.0,1421065.331608789
REF_0133,discovery,910001,middle_drive,2,localized_ledger_cells,body_ppp,0.5773502691896258,0.5773502691896258,0.5773502691896258,594,1.0340076612911325e-08,0.0,179713.43195079523
REF_0133,discovery,910001,middle_drive,2,localized_ledger_cells,body_ppm,0.5773502691896258,0.5773502691896258,-0.5773502691896258,594,1.0340076612911325e-08,0.0,1605849.8065668475
REF_0133,discovery,910001,middle_drive,2,localized_ledger_cells,body_pmp,0.5773502691896258,-0.5773502691896258,0.5773502691896258,594,1.0340076612911325e-08,0.0,356506.5306908117
REF_0133,discovery,910001,middle_drive,2,localized_ledger_cells,body_mpp,-0.5773502691896258,0.5773502691896258,0.5773502691896258,594,1.0340076612911325e-08,0.0,1229734.9451131916
REF_0134,discovery,910001,middle_drive,2,dispersed_slots,axis_x,1.0,0.0,0.0,594,9.208486531191679e-09,0.0,19835.007311412184
REF_0134,discovery,910001,middle_drive,2,dispersed_slots,axis_y,0.0,1.0,0.0,594,9.208486531191679e-09,0.0,90530.49249945095
REF_0134,discovery,910001,middle_drive,2,dispersed_slots,axis_z,0.0,0.0,1.0,594,9.208486531191679e-09,0.0,42760.38524305474
REF_0134,discovery,910001,middle_drive,2,dispersed_slots,face_xy_p,0.7071067811865475,0.7071067811865475,0.0,594,9.208486531191679e-09,0.0,20268.59995065813
REF_0134,discovery,910001,middle_drive,2,dispersed_slots,face_xy_m,0.7071067811865475,-0.7071067811865475,0.0,594,9.208486531191679e-09,0.0,90508.18930655211
REF_0134,discovery,910001,middle_drive,2,dispersed_slots,face_xz_p,0.7071067811865475,0.0,0.7071067811865475,594,9.208486531191679e-09,0.0,62032.590884866186
REF_0134,discovery,910001,middle_drive,2,dispersed_slots,face_xz_m,0.7071067811865475,0.0,-0.7071067811865475,594,9.208486531191679e-09,0.0,40585.82212549116
REF_0134,discovery,910001,middle_drive,2,dispersed_slots,face_yz_p,0.0,0.7071067811865475,0.7071067811865475,594,9.208486531191679e-09,0.0,13994.777200297338
REF_0134,discovery,910001,middle_drive,2,dispersed_slots,face_yz_m,0.0,0.7071067811865475,-0.7071067811865475,594,9.208486531191679e-09,0.0,123971.37840415919
REF_0134,discovery,910001,middle_drive,2,dispersed_slots,body_ppp,0.5773502691896258,0.5773502691896258,0.5773502691896258,594,9.208486531191679e-09,0.0,33002.9209645002
REF_0134,discovery,910001,middle_drive,2,dispersed_slots,body_ppm,0.5773502691896258,0.5773502691896258,-0.5773502691896258,594,9.208486531191679e-09,0.0,57912.112808466176
REF_0134,discovery,910001,middle_drive,2,dispersed_slots,body_pmp,0.5773502691896258,-0.5773502691896258,0.5773502691896258,594,9.208486531191679e-09,0.0,124025.57480584129
REF_0134,discovery,910001,middle_drive,2,dispersed_slots,body_mpp,-0.5773502691896258,0.5773502691896258,0.5773502691896258,594,9.208486531191679e-09,0.0,29324.6495056947
REF_0135,discovery,910001,middle_drive,3,localized_ledger_cells,axis_x,1.0,0.0,0.0,1008,5.493892658002326e-09,0.0,378707.87492078176
REF_0135,discovery,910001,middle_drive,3,localized_ledger_cells,axis_y,0.0,1.0,0.0,1008,5.493892658002326e-09,0.0,683165.5577901687
REF_0135,discovery,910001,middle_drive,3,localized_ledger_cells,axis_z,0.0,0.0,1.0,1008,5.493892658002326e-09,0.0,1382403.8151867203
REF_0135,discovery,910001,middle_drive,3,localized_ledger_cells,face_xy_p,0.7071067811865475,0.7071067811865475,0.0,1008,5.493892658002326e-09,0.0,400741.55703926034
REF_0135,discovery,910001,middle_drive,3,localized_ledger_cells,face_xy_m,0.7071067811865475,-0.7071067811865475,0.0,1008,5.493892658002326e-09,0.0,105634.39202013257
REF_0135,discovery,910001,middle_drive,3,localized_ledger_cells,face_xz_p,0.7071067811865475,0.0,0.7071067811865475,1008,5.493892658002326e-09,0.0,296392.6073288019
REF_0135,discovery,910001,middle_drive,3,localized_ledger_cells,face_xz_m,0.7071067811865475,0.0,-0.7071067811865475,1008,5.493892658002326e-09,0.0,1494627.0138625987
REF_0135,discovery,910001,middle_drive,3,localized_ledger_cells,face_yz_p,0.0,0.7071067811865475,0.7071067811865475,1008,5.493892658002326e-09,0.0,993121.9018513598
REF_0135,discovery,910001,middle_drive,3,localized_ledger_cells,face_yz_m,0.0,0.7071067811865475,-0.7071067811865475,1008,5.493892658002326e-09,0.0,950126.5607746462
REF_0135,discovery,910001,middle_drive,3,localized_ledger_cells,body_ppp,0.5773502691896258,0.5773502691896258,0.5773502691896258,1008,5.493892658002326e-09,0.0,162571.91252213053
REF_0135,discovery,910001,middle_drive,3,localized_ledger_cells,body_ppm,0.5773502691896258,0.5773502691896258,-0.5773502691896258,1008,5.493892658002326e-09,0.0,1310144.7870099135
REF_0135,discovery,910001,middle_drive,3,localized_ledger_cells,body_pmp,0.5773502691896258,-0.5773502691896258,0.5773502691896258,1008,5.493892658002326e-09,0.0,192751.48866604938
REF_0135,discovery,910001,middle_drive,3,localized_ledger_cells,body_mpp,-0.5773502691896258,0.5773502691896258,0.5773502691896258,1008,5.493892658002326e-09,0.0,1017647.7308489867
REF_0136,discovery,910001,middle_drive,3,dispersed_slots,axis_x,1.0,0.0,0.0,1008,1.3219879057479225e-08,0.0,25078.895054647153
REF_0136,discovery,910001,middle_drive,3,dispersed_slots,axis_y,0.0,1.0,0.0,1008,1.3219879057479225e-08,0.0,182193.84716081605
REF_0136,discovery,910001,middle_drive,3,dispersed_slots,axis_z,0.0,0.0,1.0,1008,1.3219879057479225e-08,0.0,79783.41444847893
REF_0136,discovery,910001,middle_drive,3,dispersed_slots,face_xy_p,0.7071067811865475,0.7071067811865475,0.0,1008,1.3219879057479225e-08,0.0,55092.52610905205
REF_0136,discovery,910001,middle_drive,3,dispersed_slots,face_xy_m,0.7071067811865475,-0.7071067811865475,0.0,1008,1.3219879057479225e-08,0.0,183658.42168599056
REF_0136,discovery,910001,middle_drive,3,dispersed_slots,face_xz_p,0.7071067811865475,0.0,0.7071067811865475,1008,1.3219879057479225e-08,0.0,60875.171812254055
REF_0136,discovery,910001,middle_drive,3,dispersed_slots,face_xz_m,0.7071067811865475,0.0,-0.7071067811865475,1008,1.3219879057479225e-08,0.0,132980.68586030777
REF_0136,discovery,910001,middle_drive,3,dispersed_slots,face_yz_p,0.0,0.7071067811865475,0.7071067811865475,1008,1.3219879057479225e-08,0.0,21188.560399592687
REF_0136,discovery,910001,middle_drive,3,dispersed_slots,face_yz_m,0.0,0.7071067811865475,-0.7071067811865475,1008,1.3219879057479225e-08,0.0,251224.7733256678
REF_0136,discovery,910001,middle_drive,3,dispersed_slots,body_ppp,0.5773502691896258,0.5773502691896258,0.5773502691896258,1008,1.3219879057479225e-08,0.0,30109.430674354826
REF_0136,discovery,910001,middle_drive,3,dispersed_slots,body_ppm,0.5773502691896258,0.5773502691896258,-0.5773502691896258,1008,1.3219879057479225e-08,0.0,162302.19834080696
REF_0136,discovery,910001,middle_drive,3,dispersed_slots,body_pmp,0.5773502691896258,-0.5773502691896258,0.5773502691896258,1008,1.3219879057479225e-08,0.0,191162.05171195933
REF_0136,discovery,910001,middle_drive,3,dispersed_slots,body_mpp,-0.5773502691896258,0.5773502691896258,0.5773502691896258,1008,1.3219879057479225e-08,0.0,115530.373371451
REF_0137,discovery,910002,middle_drive,0,localized_ledger_cells,axis_x,1.0,0.0,0.0,252,2.705781100575099e-09,0.0,209832.25758140272
REF_0137,discovery,910002,middle_drive,0,localized_ledger_cells,axis_y,0.0,1.0,0.0,252,2.705781100575099e-09,0.0,71221.66637021479
REF_0137,discovery,910002,middle_drive,0,localized_ledger_cells,axis_z,0.0,0.0,1.0,252,2.705781100575099e-09,0.0,434461.48275171116
REF_0137,discovery,910002,middle_drive,0,localized_ledger_cells,face_xy_p,0.7071067811865475,0.7071067811865475,0.0,252,2.705781100575099e-09,0.0,118489.77467538998
REF_0137,discovery,910002,middle_drive,0,localized_ledger_cells,face_xy_m,0.7071067811865475,-0.7071067811865475,0.0,252,2.705781100575099e-09,0.0,339161.4551960344
REF_0137,discovery,910002,middle_drive,0,localized_ledger_cells,face_xz_p,0.7071067811865475,0.0,0.7071067811865475,252,2.705781100575099e-09,0.0,18009.30185314479
REF_0137,discovery,910002,middle_drive,0,localized_ledger_cells,face_xz_m,0.7071067811865475,0.0,-0.7071067811865475,252,2.705781100575099e-09,0.0,651736.9128010776
REF_0137,discovery,910002,middle_drive,0,localized_ledger_cells,face_yz_p,0.0,0.7071067811865475,0.7071067811865475,252,2.705781100575099e-09,0.0,213541.96415223228
REF_0137,discovery,910002,middle_drive,0,localized_ledger_cells,face_yz_m,0.0,0.7071067811865475,-0.7071067811865475,252,2.705781100575099e-09,0.0,386898.95489636884
REF_0137,discovery,910002,middle_drive,0,localized_ledger_cells,body_ppp,0.5773502691896258,0.5773502691896258,0.5773502691896258,252,2.705781100575099e-09,0.0,89402.05030134483
REF_0137,discovery,910002,middle_drive,0,localized_ledger_cells,body_ppm,0.5773502691896258,0.5773502691896258,-0.5773502691896258,252,2.705781100575099e-09,0.0,421446.3851217415
REF_0137,discovery,910002,middle_drive,0,localized_ledger_cells,body_pmp,0.5773502691896258,-0.5773502691896258,0.5773502691896258,252,2.705781100575099e-09,0.0,204692.90932055292
REF_0137,discovery,910002,middle_drive,0,localized_ledger_cells,body_mpp,-0.5773502691896258,0.5773502691896258,0.5773502691896258,252,2.705781100575099e-09,0.0,502308.13100976887
REF_0138,discovery,910002,middle_drive,0,dispersed_slots,axis_x,1.0,0.0,0.0,252,9.728299716243279e-09,0.0,321441.5117659338
REF_0138,discovery,910002,middle_drive,0,dispersed_slots,axis_y,0.0,1.0,0.0,252,9.728299716243279e-09,0.0,97404.44765556017
REF_0138,discovery,910002,middle_drive,0,dispersed_slots,axis_z,0.0,0.0,1.0,252,9.728299716243279e-09,0.0,577420.2499141075
REF_0138,discovery,910002,middle_drive,0,dispersed_slots,face_xy_p,0.7071067811865475,0.7071067811865475,0.0,252,9.728299716243279e-09,0.0,157426.87935293122
REF_0138,discovery,910002,middle_drive,0,dispersed_slots,face_xy_m,0.7071067811865475,-0.7071067811865475,0.0,252,9.728299716243279e-09,0.0,161215.87580097615
REF_0138,discovery,910002,middle_drive,0,dispersed_slots,face_xz_p,0.7071067811865475,0.0,0.7071067811865475,252,9.728299716243279e-09,0.0,221252.2689382875
REF_0138,discovery,910002,middle_drive,0,dispersed_slots,face_xz_m,0.7071067811865475,0.0,-0.7071067811865475,252,9.728299716243279e-09,0.0,629083.3842634155
REF_0138,discovery,910002,middle_drive,0,dispersed_slots,face_yz_p,0.0,0.7071067811865475,0.7071067811865475,252,9.728299716243279e-09,0.0,146102.45819480723
REF_0138,discovery,910002,middle_drive,0,dispersed_slots,face_yz_m,0.0,0.7071067811865475,-0.7071067811865475,252,9.728299716243279e-09,0.0,592214.6629516252
REF_0138,discovery,910002,middle_drive,0,dispersed_slots,body_ppp,0.5773502691896258,0.5773502691896258,0.5773502691896258,252,9.728299716243279e-09,0.0,24908.733510812555
REF_0138,discovery,910002,middle_drive,0,dispersed_slots,body_ppm,0.5773502691896258,0.5773502691896258,-0.5773502691896258,252,9.728299716243279e-09,0.0,599701.6791052462
REF_0138,discovery,910002,middle_drive,0,dispersed_slots,body_pmp,0.5773502691896258,-0.5773502691896258,0.5773502691896258,252,9.728299716243279e-09,0.0,421608.9530779667
REF_0138,discovery,910002,middle_drive,0,dispersed_slots,body_mpp,-0.5773502691896258,0.5773502691896258,0.5773502691896258,252,9.728299716243279e-09,0.0,206369.45638085704
REF_0139,discovery,910002,middle_drive,1,localized_ledger_cells,axis_x,1.0,0.0,0.0,378,3.679262402762815e-09,0.0,41594.64389537553
REF_0139,discovery,910002,middle_drive,1,localized_ledger_cells,axis_y,0.0,1.0,0.0,378,3.679262402762815e-09,0.0,29127.801135788046
REF_0139,discovery,910002,middle_drive,1,localized_ledger_cells,axis_z,0.0,0.0,1.0,378,3.679262402762815e-09,0.0,520444.90333279455
REF_0139,discovery,910002,middle_drive,1,localized_ledger_cells,face_xy_p,0.7071067811865475,0.7071067811865475,0.0,378,3.679262402762815e-09,0.0,174898.4922023559
REF_0139,discovery,910002,middle_drive,1,localized_ledger_cells,face_xy_m,0.7071067811865475,-0.7071067811865475,0.0,378,3.679262402762815e-09,0.0,123871.14786029121
REF_0139,discovery,910002,middle_drive,1,localized_ledger_cells,face_xz_p,0.7071067811865475,0.0,0.7071067811865475,378,3.679262402762815e-09,0.0,179642.92813992692
REF_0139,discovery,910002,middle_drive,1,localized_ledger_cells,face_xz_m,0.7071067811865475,0.0,-0.7071067811865475,378,3.679262402762815e-09,0.0,388916.7054974057
REF_0139,discovery,910002,middle_drive,1,localized_ledger_cells,face_yz_p,0.0,0.7071067811865475,0.7071067811865475,378,3.679262402762815e-09,0.0,406655.2255526362
REF_0139,discovery,910002,middle_drive,1,localized_ledger_cells,face_yz_m,0.0,0.7071067811865475,-0.7071067811865475,378,3.679262402762815e-09,0.0,155670.98670490785
REF_0139,discovery,910002,middle_drive,1,localized_ledger_cells,body_ppp,0.5773502691896258,0.5773502691896258,0.5773502691896258,378,3.679262402762815e-09,0.0,291994.2374997984
REF_0139,discovery,910002,middle_drive,1,localized_ledger_cells,body_ppm,0.5773502691896258,0.5773502691896258,-0.5773502691896258,378,3.679262402762815e-09,0.0,234716.49855251
REF_0139,discovery,910002,middle_drive,1,localized_ledger_cells,body_pmp,0.5773502691896258,-0.5773502691896258,0.5773502691896258,378,3.679262402762815e-09,0.0,136336.81841355585
REF_0139,discovery,910002,middle_drive,1,localized_ledger_cells,body_mpp,-0.5773502691896258,0.5773502691896258,0.5773502691896258,378,3.679262402762815e-09,0.0,345016.2782235097
REF_0140,discovery,910002,middle_drive,1,dispersed_slots,axis_x,1.0,0.0,0.0,378,1.1521392822099975e-08,0.0,10898.940498100957
REF_0140,discovery,910002,middle_drive,1,dispersed_slots,axis_y,0.0,1.0,0.0,378,1.1521392822099975e-08,0.0,94676.95915844082
REF_0140,discovery,910002,middle_drive,1,dispersed_slots,axis_z,0.0,0.0,1.0,378,1.1521392822099975e-08,0.0,220864.206399563
REF_0140,discovery,910002,middle_drive,1,dispersed_slots,face_xy_p,0.7071067811865475,0.7071067811865475,0.0,378,1.1521392822099975e-08,0.0,76401.8329027527
REF_0140,discovery,910002,middle_drive,1,dispersed_slots,face_xy_m,0.7071067811865475,-0.7071067811865475,0.0,378,1.1521392822099975e-08,0.0,107389.47334661079
REF_0140,discovery,910002,middle_drive,1,dispersed_slots,face_xz_p,0.7071067811865475,0.0,0.7071067811865475,378,1.1521392822099975e-08,0.0,120581.37811505623
REF_0140,discovery,910002,middle_drive,1,dispersed_slots,face_xz_m,0.7071067811865475,0.0,-0.7071067811865475,378,1.1521392822099975e-08,0.0,150466.07421013224
REF_0140,discovery,910002,middle_drive,1,dispersed_slots,face_yz_p,0.0,0.7071067811865475,0.7071067811865475,378,1.1521392822099975e-08,0.0,290720.8263633099
REF_0140,discovery,910002,middle_drive,1,dispersed_slots,face_yz_m,0.0,0.7071067811865475,-0.7071067811865475,378,1.1521392822099975e-08,0.0,22215.635291960047
REF_0140,discovery,910002,middle_drive,1,dispersed_slots,body_ppp,0.5773502691896258,0.5773502691896258,0.5773502691896258,378,1.1521392822099975e-08,0.0,166521.45789844918
REF_0140,discovery,910002,middle_drive,1,dispersed_slots,body_ppm,0.5773502691896258,0.5773502691896258,-0.5773502691896258,378,1.1521392822099975e-08,0.0,88397.44288287673
REF_0140,discovery,910002,middle_drive,1,dispersed_slots,body_pmp,0.5773502691896258,-0.5773502691896258,0.5773502691896258,378,1.1521392822099975e-08,0.0,55243.42301933892
REF_0140,discovery,910002,middle_drive,1,dispersed_slots,body_mpp,-0.5773502691896258,0.5773502691896258,0.5773502691896258,378,1.1521392822099975e-08,0.0,227220.0470453528
REF_0141,discovery,910002,middle_drive,2,localized_ledger_cells,axis_x,1.0,0.0,0.0,594,1.961964225108477e-08,0.0,166862.39749926107
REF_0141,discovery,910002,middle_drive,2,localized_ledger_cells,axis_y,0.0,1.0,0.0,594,1.961964225108477e-08,0.0,62517.0034394062
REF_0141,discovery,910002,middle_drive,2,localized_ledger_cells,axis_z,0.0,0.0,1.0,594,1.961964225108477e-08,0.0,677924.1542458701
REF_0141,discovery,910002,middle_drive,2,localized_ledger_cells,face_xy_p,0.7071067811865475,0.7071067811865475,0.0,594,1.961964225108477e-08,0.0,204216.71224759647
REF_0141,discovery,910002,middle_drive,2,localized_ledger_cells,face_xy_m,0.7071067811865475,-0.7071067811865475,0.0,594,1.961964225108477e-08,0.0,146000.03870954656
REF_0141,discovery,910002,middle_drive,2,localized_ledger_cells,face_xz_p,0.7071067811865475,0.0,0.7071067811865475,594,1.961964225108477e-08,0.0,217357.72003116526
REF_0141,discovery,910002,middle_drive,2,localized_ledger_cells,face_xz_m,0.7071067811865475,0.0,-0.7071067811865475,594,1.961964225108477e-08,0.0,604156.15165754
REF_0141,discovery,910002,middle_drive,2,localized_ledger_cells,face_yz_p,0.0,0.7071067811865475,0.7071067811865475,594,1.961964225108477e-08,0.0,561363.3970056907
REF_0141,discovery,910002,middle_drive,2,localized_ledger_cells,face_yz_m,0.0,0.7071067811865475,-0.7071067811865475,594,1.961964225108477e-08,0.0,207977.777653114
REF_0141,discovery,910002,middle_drive,2,localized_ledger_cells,body_ppp,0.5773502691896258,0.5773502691896258,0.5773502691896258,594,1.961964225108477e-08,0.0,401581.2008417607
REF_0141,discovery,910002,middle_drive,2,localized_ledger_cells,body_ppm,0.5773502691896258,0.5773502691896258,-0.5773502691896258,594,1.961964225108477e-08,0.0,285368.4406028491
REF_0141,discovery,910002,middle_drive,2,localized_ledger_cells,body_pmp,0.5773502691896258,-0.5773502691896258,0.5773502691896258,594,1.961964225108477e-08,0.0,115265.13886667247
REF_0141,discovery,910002,middle_drive,2,localized_ledger_cells,body_mpp,-0.5773502691896258,0.5773502691896258,0.5773502691896258,594,1.961964225108477e-08,0.0,519936.34832194925
REF_0142,discovery,910002,middle_drive,2,dispersed_slots,axis_x,1.0,0.0,0.0,594,8.035891591025456e-09,0.0,109491.24674187246
REF_0142,discovery,910002,middle_drive,2,dispersed_slots,axis_y,0.0,1.0,0.0,594,8.035891591025456e-09,0.0,95737.64354785482
REF_0142,discovery,910002,middle_drive,2,dispersed_slots,axis_z,0.0,0.0,1.0,594,8.035891591025456e-09,0.0,541870.1165469193
REF_0142,discovery,910002,middle_drive,2,dispersed_slots,face_xy_p,0.7071067811865475,0.7071067811865475,0.0,594,8.035891591025456e-09,0.0,117829.83986079498
REF_0142,discovery,910002,middle_drive,2,dispersed_slots,face_xy_m,0.7071067811865475,-0.7071067811865475,0.0,594,8.035891591025456e-09,0.0,285843.8053864308
REF_0142,discovery,910002,middle_drive,2,dispersed_slots,face_xz_p,0.7071067811865475,0.0,0.7071067811865475,594,8.035891591025456e-09,0.0,492576.6194986933
REF_0142,discovery,910002,middle_drive,2,dispersed_slots,face_xz_m,0.7071067811865475,0.0,-0.7071067811865475,594,8.035891591025456e-09,0.0,188530.98973493488
REF_0142,discovery,910002,middle_drive,2,dispersed_slots,face_yz_p,0.0,0.7071067811865475,0.7071067811865475,594,8.035891591025456e-09,0.0,586362.8730332304
REF_0142,discovery,910002,middle_drive,2,dispersed_slots,face_yz_m,0.0,0.7071067811865475,-0.7071067811865475,594,8.035891591025456e-09,0.0,87867.93460358975
REF_0142,discovery,910002,middle_drive,2,dispersed_slots,body_ppp,0.5773502691896258,0.5773502691896258,0.5773502691896258,594,8.035891591025456e-09,0.0,450476.35397213645
REF_0142,discovery,910002,middle_drive,2,dispersed_slots,body_ppm,0.5773502691896258,0.5773502691896258,-0.5773502691896258,594,8.035891591025456e-09,0.0,90611.90966058109
REF_0142,discovery,910002,middle_drive,2,dispersed_slots,body_pmp,0.5773502691896258,-0.5773502691896258,0.5773502691896258,594,8.035891591025456e-09,0.0,251650.30802873074
REF_0142,discovery,910002,middle_drive,2,dispersed_slots,body_mpp,-0.5773502691896258,0.5773502691896258,0.5773502691896258,594,8.035891591025456e-09,0.0,438783.7027379753
REF_0143,discovery,910002,middle_drive,3,localized_ledger_cells,axis_x,1.0,0.0,0.0,1008,3.7219846309875186e-09,0.0,602335.246638929
REF_0143,discovery,910002,middle_drive,3,localized_ledger_cells,axis_y,0.0,1.0,0.0,1008,3.7219846309875186e-09,0.0,662552.8576629815
REF_0143,discovery,910002,middle_drive,3,localized_ledger_cells,axis_z,0.0,0.0,1.0,1008,3.7219846309875186e-09,0.0,2943206.9756273935
REF_0143,discovery,910002,middle_drive,3,localized_ledger_cells,face_xy_p,0.7071067811865475,0.7071067811865475,0.0,1008,3.7219846309875186e-09,0.0,247764.99488534
REF_0143,discovery,910002,middle_drive,3,localized_ledger_cells,face_xy_m,0.7071067811865475,-0.7071067811865475,0.0,1008,3.7219846309875186e-09,0.0,164518.1440667963
REF_0143,discovery,910002,middle_drive,3,localized_ledger_cells,face_xz_p,0.7071067811865475,0.0,0.7071067811865475,1008,3.7219846309875186e-09,0.0,1209663.2851356808
REF_0143,discovery,910002,middle_drive,3,localized_ledger_cells,face_xz_m,0.7071067811865475,0.0,-0.7071067811865475,1008,3.7219846309875186e-09,0.0,2086103.2526714595
REF_0143,discovery,910002,middle_drive,3,localized_ledger_cells,face_yz_p,0.0,0.7071067811865475,0.7071067811865475,1008,3.7219846309875186e-09,0.0,1720905.8665890482
REF_0143,discovery,910002,middle_drive,3,localized_ledger_cells,face_yz_m,0.0,0.7071067811865475,-0.7071067811865475,1008,3.7219846309875186e-09,0.0,1604969.4767297262
REF_0143,discovery,910002,middle_drive,3,localized_ledger_cells,body_ppp,0.5773502691896258,0.5773502691896258,0.5773502691896258,1008,3.7219846309875186e-09,0.0,727454.8413710904
REF_0143,discovery,910002,middle_drive,3,localized_ledger_cells,body_ppm,0.5773502691896258,0.5773502691896258,-0.5773502691896258,1008,3.7219846309875186e-09,0.0,1500600.4168208062
REF_0143,discovery,910002,middle_drive,3,localized_ledger_cells,body_pmp,0.5773502691896258,-0.5773502691896258,0.5773502691896258,1008,3.7219846309875186e-09,0.0,786483.3051062421
REF_0143,discovery,910002,middle_drive,3,localized_ledger_cells,body_mpp,-0.5773502691896258,0.5773502691896258,0.5773502691896258,1008,3.7219846309875186e-09,0.0,1367574.7523582196
REF_0144,discovery,910002,middle_drive,3,dispersed_slots,axis_x,1.0,0.0,0.0,1008,1.2332463724457512e-08,0.0,243718.036769558
REF_0144,discovery,910002,middle_drive,3,dispersed_slots,axis_y,0.0,1.0,0.0,1008,1.2332463724457512e-08,0.0,95529.80709422051
REF_0144,discovery,910002,middle_drive,3,dispersed_slots,axis_z,0.0,0.0,1.0,1008,1.2332463724457512e-08,0.0,236609.52501200297
REF_0144,discovery,910002,middle_drive,3,dispersed_slots,face_xy_p,0.7071067811865475,0.7071067811865475,0.0,1008,1.2332463724457512e-08,0.0,32844.6475890883
REF_0144,discovery,910002,middle_drive,3,dispersed_slots,face_xy_m,0.7071067811865475,-0.7071067811865475,0.0,1008,1.2332463724457512e-08,0.0,213131.18328443693
REF_0144,discovery,910002,middle_drive,3,dispersed_slots,face_xz_p,0.7071067811865475,0.0,0.7071067811865475,1008,1.2332463724457512e-08,0.0,231192.58659061097
REF_0144,discovery,910002,middle_drive,3,dispersed_slots,face_xz_m,0.7071067811865475,0.0,-0.7071067811865475,1008,1.2332463724457512e-08,0.0,244005.68486398063
REF_0144,discovery,910002,middle_drive,3,dispersed_slots,face_yz_p,0.0,0.7071067811865475,0.7071067811865475,1008,1.2332463724457512e-08,0.0,382170.83108051436
REF_0144,discovery,910002,middle_drive,3,dispersed_slots,face_yz_m,0.0,0.7071067811865475,-0.7071067811865475,1008,1.2332463724457512e-08,0.0,18933.325536440167
REF_0144,discovery,910002,middle_drive,3,dispersed_slots,body_ppp,0.5773502691896258,0.5773502691896258,0.5773502691896258,1008,1.2332463724457512e-08,0.0,258493.2745212591
REF_0144,discovery,910002,middle_drive,3,dispersed_slots,body_ppm,0.5773502691896258,0.5773502691896258,-0.5773502691896258,1008,1.2332463724457512e-08,0.0,32201.409395121926
REF_0144,discovery,910002,middle_drive,3,dispersed_slots,body_pmp,0.5773502691896258,-0.5773502691896258,0.5773502691896258,1008,1.2332463724457512e-08,0.0,43316.951844288385
REF_0144,discovery,910002,middle_drive,3,dispersed_slots,body_mpp,-0.5773502691896258,0.5773502691896258,0.5773502691896258,1008,1.2332463724457512e-08,0.0,407632.43046793574
REF_0145,validation,910003,middle_drive,0,localized_ledger_cells,axis_x,1.0,0.0,0.0,252,2.2285654882091403e-08,0.0,1939.952950988967
REF_0145,validation,910003,middle_drive,0,localized_ledger_cells,axis_y,0.0,1.0,0.0,252,2.2285654882091403e-08,0.0,187195.7876241537
REF_0145,validation,910003,middle_drive,0,localized_ledger_cells,axis_z,0.0,0.0,1.0,252,2.2285654882091403e-08,0.0,1344062.5769896894
REF_0145,validation,910003,middle_drive,0,localized_ledger_cells,face_xy_p,0.7071067811865475,0.7071067811865475,0.0,252,2.2285654882091403e-08,0.0,417537.3261470926
REF_0145,validation,910003,middle_drive,0,localized_ledger_cells,face_xy_m,0.7071067811865475,-0.7071067811865475,0.0,252,2.2285654882091403e-08,0.0,438244.5577584871
REF_0145,validation,910003,middle_drive,0,localized_ledger_cells,face_xz_p,0.7071067811865475,0.0,0.7071067811865475,252,2.2285654882091403e-08,0.0,709198.2741475296
REF_0145,validation,910003,middle_drive,0,localized_ledger_cells,face_xz_m,0.7071067811865475,0.0,-0.7071067811865475,252,2.2285654882091403e-08,0.0,729055.8633141523
REF_0145,validation,910003,middle_drive,0,localized_ledger_cells,face_yz_p,0.0,0.7071067811865475,0.7071067811865475,252,2.2285654882091403e-08,0.0,265691.2852271938
REF_0145,validation,910003,middle_drive,0,localized_ledger_cells,face_yz_m,0.0,0.7071067811865475,-0.7071067811865475,252,2.2285654882091403e-08,0.0,1265190.7695710114
REF_0145,validation,910003,middle_drive,0,localized_ledger_cells,body_ppp,0.5773502691896258,0.5773502691896258,0.5773502691896258,252,2.2285654882091403e-08,0.0,455872.8017673686
REF_0145,validation,910003,middle_drive,0,localized_ledger_cells,body_ppm,0.5773502691896258,0.5773502691896258,-0.5773502691896258,252,2.2285654882091403e-08,0.0,894176.8363534204
REF_0145,validation,910003,middle_drive,0,localized_ledger_cells,body_pmp,0.5773502691896258,-0.5773502691896258,0.5773502691896258,252,2.2285654882091403e-08,0.0,910307.9696896828
REF_0145,validation,910003,middle_drive,0,localized_ledger_cells,body_mpp,-0.5773502691896258,0.5773502691896258,0.5773502691896258,252,2.2285654882091403e-08,0.0,458148.0965300196
REF_0146,validation,910003,middle_drive,0,dispersed_slots,axis_x,1.0,0.0,0.0,252,9.235503967415501e-09,0.0,34060.30704385032
REF_0146,validation,910003,middle_drive,0,dispersed_slots,axis_y,0.0,1.0,0.0,252,9.235503967415501e-09,0.0,156874.01506218192
REF_0146,validation,910003,middle_drive,0,dispersed_slots,axis_z,0.0,0.0,1.0,252,9.235503967415501e-09,0.0,159453.2913514105
REF_0146,validation,910003,middle_drive,0,dispersed_slots,face_xy_p,0.7071067811865475,0.7071067811865475,0.0,252,9.235503967415501e-09,0.0,54460.397281462545
REF_0146,validation,910003,middle_drive,0,dispersed_slots,face_xy_m,0.7071067811865475,-0.7071067811865475,0.0,252,9.235503967415501e-09,0.0,165408.4672056405
REF_0146,validation,910003,middle_drive,0,dispersed_slots,face_xz_p,0.7071067811865475,0.0,0.7071067811865475,252,9.235503967415501e-09,0.0,144861.4759851612
REF_0146,validation,910003,middle_drive,0,dispersed_slots,face_xz_m,0.7071067811865475,0.0,-0.7071067811865475,252,9.235503967415501e-09,0.0,114391.10411743762
REF_0146,validation,910003,middle_drive,0,dispersed_slots,face_yz_p,0.0,0.7071067811865475,0.7071067811865475,252,9.235503967415501e-09,0.0,11036.774716932487
REF_0146,validation,910003,middle_drive,0,dispersed_slots,face_yz_m,0.0,0.7071067811865475,-0.7071067811865475,252,9.235503967415501e-09,0.0,309622.6593950204
REF_0146,validation,910003,middle_drive,0,dispersed_slots,body_ppp,0.5773502691896258,0.5773502691896258,0.5773502691896258,252,9.235503967415501e-09,0.0,71920.50149063159
REF_0146,validation,910003,middle_drive,0,dispersed_slots,body_ppm,0.5773502691896258,0.5773502691896258,-0.5773502691896258,252,9.235503967415501e-09,0.0,156363.49941996066
REF_0146,validation,910003,middle_drive,0,dispersed_slots,body_pmp,0.5773502691896258,-0.5773502691896258,0.5773502691896258,252,9.235503967415501e-09,0.0,275478.78445768275
REF_0146,validation,910003,middle_drive,0,dispersed_slots,body_mpp,-0.5773502691896258,0.5773502691896258,0.5773502691896258,252,9.235503967415501e-09,0.0,51425.72305211036
REF_0147,validation,910003,middle_drive,1,localized_ledger_cells,axis_x,1.0,0.0,0.0,378,1.617439889601717e-08,0.0,619059.8026505043
REF_0147,validation,910003,middle_drive,1,localized_ledger_cells,axis_y,0.0,1.0,0.0,378,1.617439889601717e-08,0.0,101843.05447987176
REF_0147,validation,910003,middle_drive,1,localized_ledger_cells,axis_z,0.0,0.0,1.0,378,1.617439889601717e-08,0.0,1233718.3355486486
REF_0147,validation,910003,middle_drive,1,localized_ledger_cells,face_xy_p,0.7071067811865475,0.7071067811865475,0.0,378,1.617439889601717e-08,0.0,403617.1105833028
REF_0147,validation,910003,middle_drive,1,localized_ledger_cells,face_xy_m,0.7071067811865475,-0.7071067811865475,0.0,378,1.617439889601717e-08,0.0,601836.0154044975
REF_0147,validation,910003,middle_drive,1,localized_ledger_cells,face_xz_p,0.7071067811865475,0.0,0.7071067811865475,378,1.617439889601717e-08,0.0,159240.6761313537
REF_0147,validation,910003,middle_drive,1,localized_ledger_cells,face_xz_m,0.7071067811865475,0.0,-0.7071067811865475,378,1.617439889601717e-08,0.0,1661381.7645782863
REF_0147,validation,910003,middle_drive,1,localized_ledger_cells,face_yz_p,0.0,0.7071067811865475,0.7071067811865475,378,1.617439889601717e-08,0.0,964258.3437909285
REF_0147,validation,910003,middle_drive,1,localized_ledger_cells,face_yz_m,0.0,0.7071067811865475,-0.7071067811865475,378,1.617439889601717e-08,0.0,597755.7228338392
REF_0147,validation,910003,middle_drive,1,localized_ledger_cells,body_ppp,0.5773502691896258,0.5773502691896258,0.5773502691896258,378,1.617439889601717e-08,0.0,574371.3821491499
REF_0147,validation,910003,middle_drive,1,localized_ledger_cells,body_ppm,0.5773502691896258,0.5773502691896258,-0.5773502691896258,378,1.617439889601717e-08,0.0,853433.1210335623
REF_0147,validation,910003,middle_drive,1,localized_ledger_cells,body_pmp,0.5773502691896258,-0.5773502691896258,0.5773502691896258,378,1.617439889601717e-08,0.0,221267.69750227683
REF_0147,validation,910003,middle_drive,1,localized_ledger_cells,body_mpp,-0.5773502691896258,0.5773502691896258,0.5773502691896258,378,1.617439889601717e-08,0.0,1382731.3877440742
REF_0148,validation,910003,middle_drive,1,dispersed_slots,axis_x,1.0,0.0,0.0,378,3.3071104154674965e-08,0.0,107872.88446011391
REF_0148,validation,910003,middle_drive,1,dispersed_slots,axis_y,0.0,1.0,0.0,378,3.3071104154674965e-08,0.0,287744.981309185
REF_0148,validation,910003,middle_drive,1,dispersed_slots,axis_z,0.0,0.0,1.0,378,3.3071104154674965e-08,0.0,347920.7069670668
REF_0148,validation,910003,middle_drive,1,dispersed_slots,face_xy_p,0.7071067811865475,0.7071067811865475,0.0,378,3.3071104154674965e-08,0.0,399418.89063978055
REF_0148,validation,910003,middle_drive,1,dispersed_slots,face_xy_m,0.7071067811865475,-0.7071067811865475,0.0,378,3.3071104154674965e-08,0.0,91778.82606039714
REF_0148,validation,910003,middle_drive,1,dispersed_slots,face_xz_p,0.7071067811865475,0.0,0.7071067811865475,378,3.3071104154674965e-08,0.0,31533.987115965636
REF_0148,validation,910003,middle_drive,1,dispersed_slots,face_xz_m,0.7071067811865475,0.0,-0.7071067811865475,378,3.3071104154674965e-08,0.0,548536.9693275983
REF_0148,validation,910003,middle_drive,1,dispersed_slots,face_yz_p,0.0,0.7071067811865475,0.7071067811865475,378,3.3071104154674965e-08,0.0,539850.6635252023
REF_0148,validation,910003,middle_drive,1,dispersed_slots,face_yz_m,0.0,0.7071067811865475,-0.7071067811865475,378,3.3071104154674965e-08,0.0,130156.34134298793
REF_0148,validation,910003,middle_drive,1,dispersed_slots,body_ppp,0.5773502691896258,0.5773502691896258,0.5773502691896258,378,3.3071104154674965e-08,0.0,274367.6110729311
REF_0148,validation,910003,middle_drive,1,dispersed_slots,body_ppm,0.5773502691896258,0.5773502691896258,-0.5773502691896258,378,3.3071104154674965e-08,0.0,471030.81391512253
REF_0148,validation,910003,middle_drive,1,dispersed_slots,body_pmp,0.5773502691896258,-0.5773502691896258,0.5773502691896258,378,3.3071104154674965e-08,0.0,10015.827320362932
REF_0148,validation,910003,middle_drive,1,dispersed_slots,body_mpp,-0.5773502691896258,0.5773502691896258,0.5773502691896258,378,3.3071104154674965e-08,0.0,461924.7624860271
REF_0149,validation,910003,middle_drive,2,localized_ledger_cells,axis_x,1.0,0.0,0.0,594,2.918180787731362e-08,0.0,603542.401647653
REF_0149,validation,910003,middle_drive,2,localized_ledger_cells,axis_y,0.0,1.0,0.0,594,2.918180787731362e-08,0.0,84246.11740916829
REF_0149,validation,910003,middle_drive,2,localized_ledger_cells,axis_z,0.0,0.0,1.0,594,2.918180787731362e-08,0.0,505051.62975579046
REF_0149,validation,910003,middle_drive,2,localized_ledger_cells,face_xy_p,0.7071067811865475,0.7071067811865475,0.0,594,2.918180787731362e-08,0.0,238022.64867315238
REF_0149,validation,910003,middle_drive,2,localized_ledger_cells,face_xy_m,0.7071067811865475,-0.7071067811865475,0.0,594,2.918180787731362e-08,0.0,638881.1341996269
REF_0149,validation,910003,middle_drive,2,localized_ledger_cells,face_xz_p,0.7071067811865475,0.0,0.7071067811865475,594,2.918180787731362e-08,0.0,9613.546808301611
REF_0149,validation,910003,middle_drive,2,localized_ledger_cells,face_xz_m,0.7071067811865475,0.0,-0.7071067811865475,594,2.918180787731362e-08,0.0,1125250.9055342637
REF_0149,validation,910003,middle_drive,2,localized_ledger_cells,face_yz_p,0.0,0.7071067811865475,0.7071067811865475,594,2.918180787731362e-08,0.0,405649.7414596454
REF_0149,validation,910003,middle_drive,2,localized_ledger_cells,face_yz_m,0.0,0.7071067811865475,-0.7071067811865475,594,2.918180787731362e-08,0.0,469566.5687636299
REF_0149,validation,910003,middle_drive,2,localized_ledger_cells,body_ppp,0.5773502691896258,0.5773502691896258,0.5773502691896258,594,2.918180787731362e-08,0.0,199246.31015750332
REF_0149,validation,910003,middle_drive,2,localized_ledger_cells,body_ppm,0.5773502691896258,0.5773502691896258,-0.5773502691896258,594,2.918180787731362e-08,0.0,640623.0167339572
REF_0149,validation,910003,middle_drive,2,localized_ledger_cells,body_pmp,0.5773502691896258,-0.5773502691896258,0.5773502691896258,594,2.918180787731362e-08,0.0,279738.91848078946
REF_0149,validation,910003,middle_drive,2,localized_ledger_cells,body_mpp,-0.5773502691896258,0.5773502691896258,0.5773502691896258,594,2.918180787731362e-08,0.0,916449.0622120303
REF_0150,validation,910003,middle_drive,2,dispersed_slots,axis_x,1.0,0.0,0.0,594,8.868588686353829e-09,0.0,24040.92470867842
REF_0150,validation,910003,middle_drive,2,dispersed_slots,axis_y,0.0,1.0,0.0,594,8.868588686353829e-09,0.0,124805.85603940989
REF_0150,validation,910003,middle_drive,2,dispersed_slots,axis_z,0.0,0.0,1.0,594,8.868588686353829e-09,0.0,72571.37212800013
REF_0150,validation,910003,middle_drive,2,dispersed_slots,face_xy_p,0.7071067811865475,0.7071067811865475,0.0,594,8.868588686353829e-09,0.0,87749.19718583048
REF_0150,validation,910003,middle_drive,2,dispersed_slots,face_xy_m,0.7071067811865475,-0.7071067811865475,0.0,594,8.868588686353829e-09,0.0,31006.304732630528
REF_0150,validation,910003,middle_drive,2,dispersed_slots,face_xz_p,0.7071067811865475,0.0,0.7071067811865475,594,8.868588686353829e-09,0.0,1513.2529006244085
REF_0150,validation,910003,middle_drive,2,dispersed_slots,face_xz_m,0.7071067811865475,0.0,-0.7071067811865475,594,8.868588686353829e-09,0.0,140907.7307323691
REF_0150,validation,910003,middle_drive,2,dispersed_slots,face_yz_p,0.0,0.7071067811865475,0.7071067811865475,594,8.868588686353829e-09,0.0,105400.65314236723
REF_0150,validation,910003,middle_drive,2,dispersed_slots,face_yz_m,0.0,0.7071067811865475,-0.7071067811865475,594,8.868588686353829e-09,0.0,87402.79615595817
REF_0150,validation,910003,middle_drive,2,dispersed_slots,body_ppp,0.5773502691896258,0.5773502691896258,0.5773502691896258,594,8.868588686353829e-09,0.0,26531.49942285213
REF_0150,validation,910003,middle_drive,2,dispersed_slots,body_ppm,0.5773502691896258,0.5773502691896258,-0.5773502691896258,594,8.868588686353829e-09,0.0,151252.3898504717
REF_0150,validation,910003,middle_drive,2,dispersed_slots,body_pmp,0.5773502691896258,-0.5773502691896258,0.5773502691896258,594,8.868588686353829e-09,0.0,8063.657464557893
REF_0150,validation,910003,middle_drive,2,dispersed_slots,body_mpp,-0.5773502691896258,0.5773502691896258,0.5773502691896258,594,8.868588686353829e-09,0.0,119282.10518366104
REF_0151,validation,910003,middle_drive,3,localized_ledger_cells,axis_x,1.0,0.0,0.0,1008,2.06442628006437e-08,0.0,466732.63886355434
REF_0151,validation,910003,middle_drive,3,localized_ledger_cells,axis_y,0.0,1.0,0.0,1008,2.06442628006437e-08,0.0,101211.9942490687
REF_0151,validation,910003,middle_drive,3,localized_ledger_cells,axis_z,0.0,0.0,1.0,1008,2.06442628006437e-08,0.0,42842.0039297835
REF_0151,validation,910003,middle_drive,3,localized_ledger_cells,face_xy_p,0.7071067811865475,0.7071067811865475,0.0,1008,2.06442628006437e-08,0.0,77524.57603615553
REF_0151,validation,910003,middle_drive,3,localized_ledger_cells,face_xy_m,0.7071067811865475,-0.7071067811865475,0.0,1008,2.06442628006437e-08,0.0,510993.7232854819
REF_0151,validation,910003,middle_drive,3,localized_ledger_cells,face_xz_p,0.7071067811865475,0.0,0.7071067811865475,1008,2.06442628006437e-08,0.0,143635.477185657
REF_0151,validation,910003,middle_drive,3,localized_ledger_cells,face_xz_m,0.7071067811865475,0.0,-0.7071067811865475,1008,2.06442628006437e-08,0.0,416333.32879322907
REF_0151,validation,910003,middle_drive,3,localized_ledger_cells,face_yz_p,0.0,0.7071067811865475,0.7071067811865475,1008,2.06442628006437e-08,0.0,121566.66097314015
REF_0151,validation,910003,middle_drive,3,localized_ledger_cells,face_yz_m,0.0,0.7071067811865475,-0.7071067811865475,1008,2.06442628006437e-08,0.0,255641.822698535
REF_0151,validation,910003,middle_drive,3,localized_ledger_cells,body_ppp,0.5773502691896258,0.5773502691896258,0.5773502691896258,1008,2.06442628006437e-08,0.0,83409.0912605825
REF_0151,validation,910003,middle_drive,3,localized_ledger_cells,body_ppm,0.5773502691896258,0.5773502691896258,-0.5773502691896258,1008,2.06442628006437e-08,0.0,266294.51905128406
REF_0151,validation,910003,middle_drive,3,localized_ledger_cells,body_pmp,0.5773502691896258,-0.5773502691896258,0.5773502691896258,1008,2.06442628006437e-08,0.0,338949.97162723646
REF_0151,validation,910003,middle_drive,3,localized_ledger_cells,body_mpp,-0.5773502691896258,0.5773502691896258,0.5773502691896258,1008,2.06442628006437e-08,0.0,396059.54735066986
REF_0152,validation,910003,middle_drive,3,dispersed_slots,axis_x,1.0,0.0,0.0,1008,1.0596520262149767e-08,0.0,3091.3158927583822
REF_0152,validation,910003,middle_drive,3,dispersed_slots,axis_y,0.0,1.0,0.0,1008,1.0596520262149767e-08,0.0,2152.541487939094
REF_0152,validation,910003,middle_drive,3,dispersed_slots,axis_z,0.0,0.0,1.0,1008,1.0596520262149767e-08,0.0,617148.3115772991
REF_0152,validation,910003,middle_drive,3,dispersed_slots,face_xy_p,0.7071067811865475,0.7071067811865475,0.0,1008,1.0596520262149767e-08,0.0,153605.20948504214
REF_0152,validation,910003,middle_drive,3,dispersed_slots,face_xy_m,0.7071067811865475,-0.7071067811865475,0.0,1008,1.0596520262149767e-08,0.0,152659.78341986152
REF_0152,validation,910003,middle_drive,3,dispersed_slots,face_xz_p,0.7071067811865475,0.0,0.7071067811865475,1008,1.0596520262149767e-08,0.0,335598.8918130205
REF_0152,validation,910003,middle_drive,3,dispersed_slots,face_xz_m,0.7071067811865475,0.0,-0.7071067811865475,1008,1.0596520262149767e-08,0.0,283828.75133489165
REF_0152,validation,910003,middle_drive,3,dispersed_slots,face_yz_p,0.0,0.7071067811865475,0.7071067811865475,1008,1.0596520262149767e-08,0.0,297810.15898262744
REF_0152,validation,910003,middle_drive,3,dispersed_slots,face_yz_m,0.0,0.7071067811865475,-0.7071067811865475,1008,1.0596520262149767e-08,0.0,321148.09696288244
REF_0152,validation,910003,middle_drive,3,dispersed_slots,body_ppp,0.5773502691896258,0.5773502691896258,0.5773502691896258,1008,1.0596520262149767e-08,0.0,279246.59345873987
REF_0152,validation,910003,middle_drive,3,dispersed_slots,body_ppm,0.5773502691896258,0.5773502691896258,-0.5773502691896258,1008,1.0596520262149767e-08,0.0,269375.7325788089
REF_0152,validation,910003,middle_drive,3,dispersed_slots,body_pmp,0.5773502691896258,-0.5773502691896258,0.5773502691896258,1008,1.0596520262149767e-08,0.0,291204.7815560367
REF_0152,validation,910003,middle_drive,3,dispersed_slots,body_mpp,-0.5773502691896258,0.5773502691896258,0.5773502691896258,1008,1.0596520262149767e-08,0.0,256577.16575692876
REF_0153,final,910004,middle_drive,0,localized_ledger_cells,axis_x,1.0,0.0,0.0,252,5.237370046253566e-09,0.0,933691.2869643022
REF_0153,final,910004,middle_drive,0,localized_ledger_cells,axis_y,0.0,1.0,0.0,252,5.237370046253566e-09,0.0,537591.9066423227
REF_0153,final,910004,middle_drive,0,localized_ledger_cells,axis_z,0.0,0.0,1.0,252,5.237370046253566e-09,0.0,2796286.794124755
REF_0153,final,910004,middle_drive,0,localized_ledger_cells,face_xy_p,0.7071067811865475,0.7071067811865475,0.0,252,5.237370046253566e-09,0.0,400189.38462074904
REF_0153,final,910004,middle_drive,0,localized_ledger_cells,face_xy_m,0.7071067811865475,-0.7071067811865475,0.0,252,5.237370046253566e-09,0.0,1047430.9391832172
REF_0153,final,910004,middle_drive,0,localized_ledger_cells,face_xz_p,0.7071067811865475,0.0,0.7071067811865475,252,5.237370046253566e-09,0.0,1313331.2604284277
REF_0153,final,910004,middle_drive,0,localized_ledger_cells,face_xz_m,0.7071067811865475,0.0,-0.7071067811865475,252,5.237370046253566e-09,0.0,2329991.207265554
REF_0153,final,910004,middle_drive,0,localized_ledger_cells,face_yz_p,0.0,0.7071067811865475,0.7071067811865475,252,5.237370046253566e-09,0.0,542483.5073819384
REF_0153,final,910004,middle_drive,0,localized_ledger_cells,face_yz_m,0.0,0.7071067811865475,-0.7071067811865475,252,5.237370046253566e-09,0.0,2902789.270151004
REF_0153,final,910004,middle_drive,0,localized_ledger_cells,body_ppp,0.5773502691896258,0.5773502691896258,0.5773502691896258,252,5.237370046253566e-09,0.0,395140.7970991923
REF_0153,final,910004,middle_drive,0,localized_ledger_cells,body_ppm,0.5773502691896258,0.5773502691896258,-0.5773502691896258,252,5.237370046253566e-09,0.0,2162720.989835265
REF_0153,final,910004,middle_drive,0,localized_ledger_cells,body_pmp,0.5773502691896258,-0.5773502691896258,0.5773502691896258,252,5.237370046253566e-09,0.0,2336134.0338494694
REF_0153,final,910004,middle_drive,0,localized_ledger_cells,body_mpp,-0.5773502691896258,0.5773502691896258,0.5773502691896258,252,5.237370046253566e-09,0.0,797053.579362921
REF_0154,final,910004,middle_drive,0,dispersed_slots,axis_x,1.0,0.0,0.0,252,4.35570010874607e-09,0.0,14485.057013283775
REF_0154,final,910004,middle_drive,0,dispersed_slots,axis_y,0.0,1.0,0.0,252,4.35570010874607e-09,0.0,179137.32157954416
REF_0154,final,910004,middle_drive,0,dispersed_slots,axis_z,0.0,0.0,1.0,252,4.35570010874607e-09,0.0,127773.86446051433
REF_0154,final,910004,middle_drive,0,dispersed_slots,face_xy_p,0.7071067811865475,0.7071067811865475,0.0,252,4.35570010874607e-09,0.0,92801.21147897388
REF_0154,final,910004,middle_drive,0,dispersed_slots,face_xy_m,0.7071067811865475,-0.7071067811865475,0.0,252,4.35570010874607e-09,0.0,108215.07183086636
REF_0154,final,910004,middle_drive,0,dispersed_slots,face_xz_p,0.7071067811865475,0.0,0.7071067811865475,252,4.35570010874607e-09,0.0,41978.673052687096
REF_0154,final,910004,middle_drive,0,dispersed_slots,face_xz_m,0.7071067811865475,0.0,-0.7071067811865475,252,4.35570010874607e-09,0.0,175725.65233255722
REF_0154,final,910004,middle_drive,0,dispersed_slots,face_yz_p,0.0,0.7071067811865475,0.7071067811865475,252,4.35570010874607e-09,0.0,260835.99987182984
REF_0154,final,910004,middle_drive,0,dispersed_slots,face_yz_m,0.0,0.7071067811865475,-0.7071067811865475,252,4.35570010874607e-09,0.0,39194.45779657378
REF_0154,final,910004,middle_drive,0,dispersed_slots,body_ppp,0.5773502691896258,0.5773502691896258,0.5773502691896258,252,4.35570010874607e-09,0.0,109625.98977032347
REF_0154,final,910004,middle_drive,0,dispersed_slots,body_ppm,0.5773502691896258,0.5773502691896258,-0.5773502691896258,252,4.35570010874607e-09,0.0,131546.9366674126
REF_0154,final,910004,middle_drive,0,dispersed_slots,body_pmp,0.5773502691896258,-0.5773502691896258,0.5773502691896258,252,4.35570010874607e-09,0.0,15007.00324686816
REF_0154,final,910004,middle_drive,0,dispersed_slots,body_mpp,-0.5773502691896258,0.5773502691896258,0.5773502691896258,252,4.35570010874607e-09,0.0,239867.13239256653
REF_0155,final,910004,middle_drive,1,localized_ledger_cells,axis_x,1.0,0.0,0.0,378,6.46729762799257e-09,0.0,631383.4464260135
REF_0155,final,910004,middle_drive,1,localized_ledger_cells,axis_y,0.0,1.0,0.0,378,6.46729762799257e-09,0.0,147375.41922267794
REF_0155,final,910004,middle_drive,1,localized_ledger_cells,axis_z,0.0,0.0,1.0,378,6.46729762799257e-09,0.0,625434.977255767
REF_0155,final,910004,middle_drive,1,localized_ledger_cells,face_xy_p,0.7071067811865475,0.7071067811865475,0.0,378,6.46729762799257e-09,0.0,193880.36516543865
REF_0155,final,910004,middle_drive,1,localized_ledger_cells,face_xy_m,0.7071067811865475,-0.7071067811865475,0.0,378,6.46729762799257e-09,0.0,370970.13578793756
REF_0155,final,910004,middle_drive,1,localized_ledger_cells,face_xz_p,0.7071067811865475,0.0,0.7071067811865475,378,6.46729762799257e-09,0.0,448022.76344222226
REF_0155,final,910004,middle_drive,1,localized_ledger_cells,face_xz_m,0.7071067811865475,0.0,-0.7071067811865475,378,6.46729762799257e-09,0.0,750826.9065198635
REF_0155,final,910004,middle_drive,1,localized_ledger_cells,face_yz_p,0.0,0.7071067811865475,0.7071067811865475,378,6.46729762799257e-09,0.0,55814.165720521516
REF_0155,final,910004,middle_drive,1,localized_ledger_cells,face_yz_m,0.0,0.7071067811865475,-0.7071067811865475,378,6.46729762799257e-09,0.0,901031.4906403599
REF_0155,final,910004,middle_drive,1,localized_ledger_cells,body_ppp,0.5773502691896258,0.5773502691896258,0.5773502691896258,378,6.46729762799257e-09,0.0,13554.633730254518
REF_0155,final,910004,middle_drive,1,localized_ledger_cells,body_ppm,0.5773502691896258,0.5773502691896258,-0.5773502691896258,378,6.46729762799257e-09,0.0,804827.204137245
REF_0155,final,910004,middle_drive,1,localized_ledger_cells,body_pmp,0.5773502691896258,-0.5773502691896258,0.5773502691896258,378,6.46729762799257e-09,0.0,809278.64701186
REF_0155,final,910004,middle_drive,1,localized_ledger_cells,body_mpp,-0.5773502691896258,0.5773502691896258,0.5773502691896258,378,6.46729762799257e-09,0.0,166516.3202976307
REF_0156,final,910004,middle_drive,1,dispersed_slots,axis_x,1.0,0.0,0.0,378,8.275416628036855e-09,0.0,135208.16671749635
REF_0156,final,910004,middle_drive,1,dispersed_slots,axis_y,0.0,1.0,0.0,378,8.275416628036855e-09,0.0,74863.59642655449
REF_0156,final,910004,middle_drive,1,dispersed_slots,axis_z,0.0,0.0,1.0,378,8.275416628036855e-09,0.0,213841.09529141596
REF_0156,final,910004,middle_drive,1,dispersed_slots,face_xy_p,0.7071067811865475,0.7071067811865475,0.0,378,8.275416628036855e-09,0.0,105929.83915250999
REF_0156,final,910004,middle_drive,1,dispersed_slots,face_xy_m,0.7071067811865475,-0.7071067811865475,0.0,378,8.275416628036855e-09,0.0,12978.559669914855
REF_0156,final,910004,middle_drive,1,dispersed_slots,face_xz_p,0.7071067811865475,0.0,0.7071067811865475,378,8.275416628036855e-09,0.0,184880.97738192327
REF_0156,final,910004,middle_drive,1,dispersed_slots,face_xz_m,0.7071067811865475,0.0,-0.7071067811865475,378,8.275416628036855e-09,0.0,152079.104848456
REF_0156,final,910004,middle_drive,1,dispersed_slots,face_yz_p,0.0,0.7071067811865475,0.7071067811865475,378,8.275416628036855e-09,0.0,270953.6970555351
REF_0156,final,910004,middle_drive,1,dispersed_slots,face_yz_m,0.0,0.7071067811865475,-0.7071067811865475,378,8.275416628036855e-09,0.0,35834.10002932657
REF_0156,final,910004,middle_drive,1,dispersed_slots,body_ppp,0.5773502691896258,0.5773502691896258,0.5773502691896258,378,8.275416628036855e-09,0.0,269551.83159274637
REF_0156,final,910004,middle_drive,1,dispersed_slots,body_ppm,0.5773502691896258,0.5773502691896258,-0.5773502691896258,378,8.275416628036855e-09,0.0,16515.33658616013
REF_0156,final,910004,middle_drive,1,dispersed_slots,body_pmp,0.5773502691896258,-0.5773502691896258,0.5773502691896258,378,8.275416628036855e-09,0.0,36997.7231516359
REF_0156,final,910004,middle_drive,1,dispersed_slots,body_mpp,-0.5773502691896258,0.5773502691896258,0.5773502691896258,378,8.275416628036855e-09,0.0,166446.08548717553
REF_0157,final,910004,middle_drive,2,localized_ledger_cells,axis_x,1.0,0.0,0.0,594,1.7646322687239915e-08,0.0,318879.78115083324
REF_0157,final,910004,middle_drive,2,localized_ledger_cells,axis_y,0.0,1.0,0.0,594,1.7646322687239915e-08,0.0,54112.993633193095
REF_0157,final,910004,middle_drive,2,localized_ledger_cells,axis_z,0.0,0.0,1.0,594,1.7646322687239915e-08,0.0,350316.9204228598
REF_0157,final,910004,middle_drive,2,localized_ledger_cells,face_xy_p,0.7071067811865475,0.7071067811865475,0.0,594,1.7646322687239915e-08,0.0,153281.51499389275
REF_0157,final,910004,middle_drive,2,localized_ledger_cells,face_xy_m,0.7071067811865475,-0.7071067811865475,0.0,594,1.7646322687239915e-08,0.0,181712.1760179985
REF_0157,final,910004,middle_drive,2,localized_ledger_cells,face_xz_p,0.7071067811865475,0.0,0.7071067811865475,594,1.7646322687239915e-08,0.0,140277.33977251715
REF_0157,final,910004,middle_drive,2,localized_ledger_cells,face_xz_m,0.7071067811865475,0.0,-0.7071067811865475,594,1.7646322687239915e-08,0.0,502686.4726212883
REF_0157,final,910004,middle_drive,2,localized_ledger_cells,face_yz_p,0.0,0.7071067811865475,0.7071067811865475,594,1.7646322687239915e-08,0.0,66710.74935910455
REF_0157,final,910004,middle_drive,2,localized_ledger_cells,face_yz_m,0.0,0.7071067811865475,-0.7071067811865475,594,1.7646322687239915e-08,0.0,443869.66927706334
REF_0157,final,910004,middle_drive,2,localized_ledger_cells,body_ppp,0.5773502691896258,0.5773502691896258,0.5773502691896258,594,1.7646322687239915e-08,0.0,4774.661028785815
REF_0157,final,910004,middle_drive,2,localized_ledger_cells,body_ppm,0.5773502691896258,0.5773502691896258,-0.5773502691896258,594,1.7646322687239915e-08,0.0,483426.41160030314
REF_0157,final,910004,middle_drive,2,localized_ledger_cells,body_pmp,0.5773502691896258,-0.5773502691896258,0.5773502691896258,594,1.7646322687239915e-08,0.0,343560.99855914444
REF_0157,final,910004,middle_drive,2,localized_ledger_cells,body_mpp,-0.5773502691896258,0.5773502691896258,0.5773502691896258,594,1.7646322687239915e-08,0.0,169911.77275703024
REF_0158,final,910004,middle_drive,2,dispersed_slots,axis_x,1.0,0.0,0.0,594,1.8402110004187973e-08,0.0,68744.14109498271
REF_0158,final,910004,middle_drive,2,dispersed_slots,axis_y,0.0,1.0,0.0,594,1.8402110004187973e-08,0.0,160050.94684465663
REF_0158,final,910004,middle_drive,2,dispersed_slots,axis_z,0.0,0.0,1.0,594,1.8402110004187973e-08,0.0,332289.5133686897
REF_0158,final,910004,middle_drive,2,dispersed_slots,face_xy_p,0.7071067811865475,0.7071067811865475,0.0,594,1.8402110004187973e-08,0.0,80417.30990478946
REF_0158,final,910004,middle_drive,2,dispersed_slots,face_xy_m,0.7071067811865475,-0.7071067811865475,0.0,594,1.8402110004187973e-08,0.0,49783.90262289593
REF_0158,final,910004,middle_drive,2,dispersed_slots,face_xz_p,0.7071067811865475,0.0,0.7071067811865475,594,1.8402110004187973e-08,0.0,102267.59039693433
REF_0158,final,910004,middle_drive,2,dispersed_slots,face_xz_m,0.7071067811865475,0.0,-0.7071067811865475,594,1.8402110004187973e-08,0.0,312606.87946499576
REF_0158,final,910004,middle_drive,2,dispersed_slots,face_yz_p,0.0,0.7071067811865475,0.7071067811865475,594,1.8402110004187973e-08,0.0,131305.60622084473
REF_0158,final,910004,middle_drive,2,dispersed_slots,face_yz_m,0.0,0.7071067811865475,-0.7071067811865475,594,1.8402110004187973e-08,0.0,329222.2665159139
REF_0158,final,910004,middle_drive,2,dispersed_slots,body_ppp,0.5773502691896258,0.5773502691896258,0.5773502691896258,594,1.8402110004187973e-08,0.0,16077.693030585368
REF_0158,final,910004,middle_drive,2,dispersed_slots,body_ppm,0.5773502691896258,0.5773502691896258,-0.5773502691896258,594,1.8402110004187973e-08,0.0,319786.6010823514
REF_0158,final,910004,middle_drive,2,dispersed_slots,body_pmp,0.5773502691896258,-0.5773502691896258,0.5773502691896258,594,1.8402110004187973e-08,0.0,107621.0462273366
REF_0158,final,910004,middle_drive,2,dispersed_slots,body_mpp,-0.5773502691896258,0.5773502691896258,0.5773502691896258,594,1.8402110004187973e-08,0.0,201013.55252391327
REF_0159,final,910004,middle_drive,3,localized_ledger_cells,axis_x,1.0,0.0,0.0,1008,3.650195224560078e-09,0.0,621777.6047507003
REF_0159,final,910004,middle_drive,3,localized_ledger_cells,axis_y,0.0,1.0,0.0,1008,3.650195224560078e-09,0.0,211576.40453703696
REF_0159,final,910004,middle_drive,3,localized_ledger_cells,axis_z,0.0,0.0,1.0,1008,3.650195224560078e-09,0.0,516014.2693559246
REF_0159,final,910004,middle_drive,3,localized_ledger_cells,face_xy_p,0.7071067811865475,0.7071067811865475,0.0,1008,3.650195224560078e-09,0.0,824210.5368076427
REF_0159,final,910004,middle_drive,3,localized_ledger_cells,face_xy_m,0.7071067811865475,-0.7071067811865475,0.0,1008,3.650195224560078e-09,0.0,164590.13797434344
REF_0159,final,910004,middle_drive,3,localized_ledger_cells,face_xz_p,0.7071067811865475,0.0,0.7071067811865475,1008,3.650195224560078e-09,0.0,1001903.1578570723
REF_0159,final,910004,middle_drive,3,localized_ledger_cells,face_xz_m,0.7071067811865475,0.0,-0.7071067811865475,1008,3.650195224560078e-09,0.0,216036.80122198982
REF_0159,final,910004,middle_drive,3,localized_ledger_cells,face_yz_p,0.0,0.7071067811865475,0.7071067811865475,1008,3.650195224560078e-09,0.0,51348.40616589156
REF_0159,final,910004,middle_drive,3,localized_ledger_cells,face_yz_m,0.0,0.7071067811865475,-0.7071067811865475,1008,3.650195224560078e-09,0.0,961490.9528066413
REF_0159,final,910004,middle_drive,3,localized_ledger_cells,body_ppp,0.5773502691896258,0.5773502691896258,0.5773502691896258,1008,3.650195224560078e-09,0.0,557175.417853001
REF_0159,final,910004,middle_drive,3,localized_ledger_cells,body_ppm,0.5773502691896258,0.5773502691896258,-0.5773502691896258,1008,3.650195224560078e-09,0.0,867054.0276335179
REF_0159,final,910004,middle_drive,3,localized_ledger_cells,body_pmp,0.5773502691896258,-0.5773502691896258,0.5773502691896258,1008,3.650195224560078e-09,0.0,832998.8753200381
REF_0159,final,910004,middle_drive,3,localized_ledger_cells,body_mpp,-0.5773502691896258,0.5773502691896258,0.5773502691896258,1008,3.650195224560078e-09,0.0,4901.326759443793
REF_0160,final,910004,middle_drive,3,dispersed_slots,axis_x,1.0,0.0,0.0,1008,1.2074629837618409e-08,0.0,539808.4638481457
REF_0160,final,910004,middle_drive,3,dispersed_slots,axis_y,0.0,1.0,0.0,1008,1.2074629837618409e-08,0.0,27633.23095994834
REF_0160,final,910004,middle_drive,3,dispersed_slots,axis_z,0.0,0.0,1.0,1008,1.2074629837618409e-08,0.0,451881.2360312537
REF_0160,final,910004,middle_drive,3,dispersed_slots,face_xy_p,0.7071067811865475,0.7071067811865475,0.0,1008,1.2074629837618409e-08,0.0,314943.5634812806
REF_0160,final,910004,middle_drive,3,dispersed_slots,face_xy_m,0.7071067811865475,-0.7071067811865475,0.0,1008,1.2074629837618409e-08,0.0,376960.48446895095
REF_0160,final,910004,middle_drive,3,dispersed_slots,face_xz_p,0.7071067811865475,0.0,0.7071067811865475,1008,1.2074629837618409e-08,0.0,76538.12993022091
REF_0160,final,910004,middle_drive,3,dispersed_slots,face_xz_m,0.7071067811865475,0.0,-0.7071067811865475,1008,1.2074629837618409e-08,0.0,903598.6192107503
REF_0160,final,910004,middle_drive,3,dispersed_slots,face_yz_p,0.0,0.7071067811865475,0.7071067811865475,1008,1.2074629837618409e-08,0.0,169419.29091292195
REF_0160,final,910004,middle_drive,3,dispersed_slots,face_yz_m,0.0,0.7071067811865475,-0.7071067811865475,1008,1.2074629837618409e-08,0.0,554629.8417840104
REF_0160,final,910004,middle_drive,3,dispersed_slots,body_ppp,0.5773502691896258,0.5773502691896258,0.5773502691896258,1008,1.2074629837618409e-08,0.0,66195.13516446168
REF_0160,final,910004,middle_drive,3,dispersed_slots,body_ppm,0.5773502691896258,0.5773502691896258,-0.5773502691896258,1008,1.2074629837618409e-08,0.0,744654.439671417
REF_0160,final,910004,middle_drive,3,dispersed_slots,body_pmp,0.5773502691896258,-0.5773502691896258,0.5773502691896258,1008,1.2074629837618409e-08,0.0,412474.7972815916
REF_0160,final,910004,middle_drive,3,dispersed_slots,body_mpp,-0.5773502691896258,0.5773502691896258,0.5773502691896258,1008,1.2074629837618409e-08,0.0,453500.9295433841
REF_0257,discovery,910001,high_drive,0,localized_ledger_cells,axis_x,1.0,0.0,0.0,252,1.2060296018359378e-08,0.0,1127125.1059890033
REF_0257,discovery,910001,high_drive,0,localized_ledger_cells,axis_y,0.0,1.0,0.0,252,1.2060296018359378e-08,0.0,1845089.1453889606
REF_0257,discovery,910001,high_drive,0,localized_ledger_cells,axis_z,0.0,0.0,1.0,252,1.2060296018359378e-08,0.0,9483694.479978306
REF_0257,discovery,910001,high_drive,0,localized_ledger_cells,face_xy_p,0.7071067811865475,0.7071067811865475,0.0,252,1.2060296018359378e-08,0.0,1520094.683118576
REF_0257,discovery,910001,high_drive,0,localized_ledger_cells,face_xy_m,0.7071067811865475,-0.7071067811865475,0.0,252,1.2060296018359378e-08,0.0,2098189.789501218
REF_0257,discovery,910001,high_drive,0,localized_ledger_cells,face_xz_p,0.7071067811865475,0.0,0.7071067811865475,252,1.2060296018359378e-08,0.0,3149292.993063642
REF_0257,discovery,910001,high_drive,0,localized_ledger_cells,face_xz_m,0.7071067811865475,0.0,-0.7071067811865475,252,1.2060296018359378e-08,0.0,7360126.9109140225
REF_0257,discovery,910001,high_drive,0,localized_ledger_cells,face_yz_p,0.0,0.7071067811865475,0.7071067811865475,252,1.2060296018359378e-08,0.0,3806638.2417103825
REF_0257,discovery,910001,high_drive,0,localized_ledger_cells,face_yz_m,0.0,0.7071067811865475,-0.7071067811865475,252,1.2060296018359378e-08,0.0,7061763.681961846
REF_0257,discovery,910001,high_drive,0,localized_ledger_cells,body_ppp,0.5773502691896258,0.5773502691896258,0.5773502691896258,252,1.2060296018359378e-08,0.0,1986563.5321080454
REF_0257,discovery,910001,high_drive,0,localized_ledger_cells,body_ppm,0.5773502691896258,0.5773502691896258,-0.5773502691896258,252,1.2060296018359378e-08,0.0,6097906.169319671
REF_0257,discovery,910001,high_drive,0,localized_ledger_cells,body_pmp,0.5773502691896258,-0.5773502691896258,0.5773502691896258,252,1.2060296018359378e-08,0.0,3267846.348573432
REF_0257,discovery,910001,high_drive,0,localized_ledger_cells,body_mpp,-0.5773502691896258,0.5773502691896258,0.5773502691896258,252,1.2060296018359378e-08,0.0,5330485.669635797
REF_0258,discovery,910001,high_drive,0,dispersed_slots,axis_x,1.0,0.0,0.0,252,3.221381479812383e-09,0.0,173870.3279863796
REF_0258,discovery,910001,high_drive,0,dispersed_slots,axis_y,0.0,1.0,0.0,252,3.221381479812383e-09,0.0,1596907.7749942476
REF_0258,discovery,910001,high_drive,0,dispersed_slots,axis_z,0.0,0.0,1.0,252,3.221381479812383e-09,0.0,1353443.2820505747
REF_0258,discovery,910001,high_drive,0,dispersed_slots,face_xy_p,0.7071067811865475,0.7071067811865475,0.0,252,3.221381479812383e-09,0.0,772721.8395951972
REF_0258,discovery,910001,high_drive,0,dispersed_slots,face_xy_m,0.7071067811865475,-0.7071067811865475,0.0,252,3.221381479812383e-09,0.0,1023478.6958424101
REF_0258,discovery,910001,high_drive,0,dispersed_slots,face_xz_p,0.7071067811865475,0.0,0.7071067811865475,252,3.221381479812383e-09,0.0,446656.61581362295
REF_0258,discovery,910001,high_drive,0,dispersed_slots,face_xz_m,0.7071067811865475,0.0,-0.7071067811865475,252,3.221381479812383e-09,0.0,1716286.0795784055
REF_0258,discovery,910001,high_drive,0,dispersed_slots,face_yz_p,0.0,0.7071067811865475,0.7071067811865475,252,3.221381479812383e-09,0.0,2492352.8583399234
REF_0258,discovery,910001,high_drive,0,dispersed_slots,face_yz_m,0.0,0.7071067811865475,-0.7071067811865475,252,3.221381479812383e-09,0.0,382108.56055598374
REF_0258,discovery,910001,high_drive,0,dispersed_slots,body_ppp,0.5773502691896258,0.5773502691896258,0.5773502691896258,252,3.221381479812383e-09,0.0,1010032.0359073177
REF_0258,discovery,910001,high_drive,0,dispersed_slots,body_ppm,0.5773502691896258,0.5773502691896258,-0.5773502691896258,252,3.221381479812383e-09,0.0,1221406.6756316358
REF_0258,discovery,910001,high_drive,0,dispersed_slots,body_pmp,0.5773502691896258,-0.5773502691896258,0.5773502691896258,252,3.221381479812383e-09,0.0,128139.84847694312
REF_0258,discovery,910001,high_drive,0,dispersed_slots,body_mpp,-0.5773502691896258,0.5773502691896258,0.5773502691896258,252,3.221381479812383e-09,0.0,2326193.8463929417
REF_0259,discovery,910001,high_drive,1,localized_ledger_cells,axis_x,1.0,0.0,0.0,378,1.7368438749238584e-08,0.0,4545838.821976856
REF_0259,discovery,910001,high_drive,1,localized_ledger_cells,axis_y,0.0,1.0,0.0,378,1.7368438749238584e-08,0.0,4873820.981298811
REF_0259,discovery,910001,high_drive,1,localized_ledger_cells,axis_z,0.0,0.0,1.0,378,1.7368438749238584e-08,0.0,15048121.424451448
REF_0259,discovery,910001,high_drive,1,localized_ledger_cells,face_xy_p,0.7071067811865475,0.7071067811865475,0.0,378,1.7368438749238584e-08,0.0,27260.754567840133
REF_0259,discovery,910001,high_drive,1,localized_ledger_cells,face_xy_m,0.7071067811865475,-0.7071067811865475,0.0,378,1.7368438749238584e-08,0.0,1886885.8055169508
REF_0259,discovery,910001,high_drive,1,localized_ledger_cells,face_xz_p,0.7071067811865475,0.0,0.7071067811865475,378,1.7368438749238584e-08,0.0,6152565.596560491
REF_0259,discovery,910001,high_drive,1,localized_ledger_cells,face_xz_m,0.7071067811865475,0.0,-0.7071067811865475,378,1.7368438749238584e-08,0.0,12120911.651663449
REF_0259,discovery,910001,high_drive,1,localized_ledger_cells,face_yz_p,0.0,0.7071067811865475,0.7071067811865475,378,1.7368438749238584e-08,0.0,11845432.06759493
REF_0259,discovery,910001,high_drive,1,localized_ledger_cells,face_yz_m,0.0,0.7071067811865475,-0.7071067811865475,378,1.7368438749238584e-08,0.0,6592036.260289198
REF_0259,discovery,910001,high_drive,1,localized_ledger_cells,body_ppp,0.5773502691896258,0.5773502691896258,0.5773502691896258,378,1.7368438749238584e-08,0.0,5057618.0480652
REF_0259,discovery,910001,high_drive,1,localized_ledger_cells,body_ppm,0.5773502691896258,0.5773502691896258,-0.5773502691896258,378,1.7368438749238584e-08,0.0,5845304.828103497
REF_0259,discovery,910001,high_drive,1,localized_ledger_cells,body_pmp,0.5773502691896258,-0.5773502691896258,0.5773502691896258,378,1.7368438749238584e-08,0.0,1291197.6285885675
REF_0259,discovery,910001,high_drive,1,localized_ledger_cells,body_mpp,-0.5773502691896258,0.5773502691896258,0.5773502691896258,378,1.7368438749238584e-08,0.0,11264725.29286881
REF_0260,discovery,910001,high_drive,1,dispersed_slots,axis_x,1.0,0.0,0.0,378,3.771571055952003e-09,0.0,468601.0540015424
REF_0260,discovery,910001,high_drive,1,dispersed_slots,axis_y,0.0,1.0,0.0,378,3.771571055952003e-09,0.0,77549.16330366717
REF_0260,discovery,910001,high_drive,1,dispersed_slots,axis_z,0.0,0.0,1.0,378,3.771571055952003e-09,0.0,1053785.0273498257
REF_0260,discovery,910001,high_drive,1,dispersed_slots,face_xy_p,0.7071067811865475,0.7071067811865475,0.0,378,3.771571055952003e-09,0.0,467070.0484477666
REF_0260,discovery,910001,high_drive,1,dispersed_slots,face_xy_m,0.7071067811865475,-0.7071067811865475,0.0,378,3.771571055952003e-09,0.0,338836.6651972865
REF_0260,discovery,910001,high_drive,1,dispersed_slots,face_xz_p,0.7071067811865475,0.0,0.7071067811865475,378,3.771571055952003e-09,0.0,145726.9948052429
REF_0260,discovery,910001,high_drive,1,dispersed_slots,face_xz_m,0.7071067811865475,0.0,-0.7071067811865475,378,3.771571055952003e-09,0.0,1348649.6638641455
REF_0260,discovery,910001,high_drive,1,dispersed_slots,face_yz_p,0.0,0.7071067811865475,0.7071067811865475,378,3.771571055952003e-09,0.0,497708.65072935994
REF_0260,discovery,910001,high_drive,1,dispersed_slots,face_yz_m,0.0,0.7071067811865475,-0.7071067811865475,378,3.771571055952003e-09,0.0,801142.0625911809
REF_0260,discovery,910001,high_drive,1,dispersed_slots,body_ppp,0.5773502691896258,0.5773502691896258,0.5773502691896258,378,3.771571055952003e-09,0.0,190209.17981446476
REF_0260,discovery,910001,high_drive,1,dispersed_slots,body_ppm,0.5773502691896258,0.5773502691896258,-0.5773502691896258,378,3.771571055952003e-09,0.0,1110857.418655736
REF_0260,discovery,910001,high_drive,1,dispersed_slots,body_pmp,0.5773502691896258,-0.5773502691896258,0.5773502691896258,378,3.771571055952003e-09,0.0,483550.01571773837
REF_0260,discovery,910001,high_drive,1,dispersed_slots,body_mpp,-0.5773502691896258,0.5773502691896258,0.5773502691896258,378,3.771571055952003e-09,0.0,703531.3531964755
REF_0261,discovery,910001,high_drive,2,localized_ledger_cells,axis_x,1.0,0.0,0.0,594,2.006929015528037e-09,0.0,1128578.239339141
REF_0261,discovery,910001,high_drive,2,localized_ledger_cells,axis_y,0.0,1.0,0.0,594,2.006929015528037e-09,0.0,1804822.055395535
REF_0261,discovery,910001,high_drive,2,localized_ledger_cells,axis_z,0.0,0.0,1.0,594,2.006929015528037e-09,0.0,4195611.644910071
REF_0261,discovery,910001,high_drive,2,localized_ledger_cells,face_xy_p,0.7071067811865475,0.7071067811865475,0.0,594,2.006929015528037e-09,0.0,676331.7630689137
REF_0261,discovery,910001,high_drive,2,localized_ledger_cells,face_xy_m,0.7071067811865475,-0.7071067811865475,0.0,594,2.006929015528037e-09,0.0,192849.5264495758
REF_0261,discovery,910001,high_drive,2,localized_ledger_cells,face_xz_p,0.7071067811865475,0.0,0.7071067811865475,594,2.006929015528037e-09,0.0,1214761.1076480178
REF_0261,discovery,910001,high_drive,2,localized_ledger_cells,face_xz_m,0.7071067811865475,0.0,-0.7071067811865475,594,2.006929015528037e-09,0.0,3971333.5973821646
REF_0261,discovery,910001,high_drive,2,localized_ledger_cells,face_yz_p,0.0,0.7071067811865475,0.7071067811865475,594,2.006929015528037e-09,0.0,2483254.5958782253
REF_0261,discovery,910001,high_drive,2,localized_ledger_cells,face_yz_m,0.0,0.7071067811865475,-0.7071067811865475,594,2.006929015528037e-09,0.0,3040962.017178135
REF_0261,discovery,910001,high_drive,2,localized_ledger_cells,body_ppp,0.5773502691896258,0.5773502691896258,0.5773502691896258,594,2.006929015528037e-09,0.0,366066.47559791047
REF_0261,discovery,910001,high_drive,2,localized_ledger_cells,body_ppm,0.5773502691896258,0.5773502691896258,-0.5773502691896258,594,2.006929015528037e-09,0.0,3411030.8019141676
REF_0261,discovery,910001,high_drive,2,localized_ledger_cells,body_pmp,0.5773502691896258,-0.5773502691896258,0.5773502691896258,594,2.006929015528037e-09,0.0,786801.6416401507
REF_0261,discovery,910001,high_drive,2,localized_ledger_cells,body_mpp,-0.5773502691896258,0.5773502691896258,0.5773502691896258,594,2.006929015528037e-09,0.0,2560533.6477656923
REF_0262,discovery,910001,high_drive,2,dispersed_slots,axis_x,1.0,0.0,0.0,594,1.5246449872908296e-08,0.0,35398.06901929871
REF_0262,discovery,910001,high_drive,2,dispersed_slots,axis_y,0.0,1.0,0.0,594,1.5246449872908296e-08,0.0,405372.22785794985
REF_0262,discovery,910001,high_drive,2,dispersed_slots,axis_z,0.0,0.0,1.0,594,1.5246449872908296e-08,0.0,56801.16150480752
REF_0262,discovery,910001,high_drive,2,dispersed_slots,face_xy_p,0.7071067811865475,0.7071067811865475,0.0,594,1.5246449872908296e-08,0.0,114812.0462318497
REF_0262,discovery,910001,high_drive,2,dispersed_slots,face_xy_m,0.7071067811865475,-0.7071067811865475,0.0,594,1.5246449872908296e-08,0.0,319074.5893038184
REF_0262,discovery,910001,high_drive,2,dispersed_slots,face_xz_p,0.7071067811865475,0.0,0.7071067811865475,594,1.5246449872908296e-08,0.0,194486.0341407546
REF_0262,discovery,910001,high_drive,2,dispersed_slots,face_xz_m,0.7071067811865475,0.0,-0.7071067811865475,594,1.5246449872908296e-08,0.0,91578.24978884049
REF_0262,discovery,910001,high_drive,2,dispersed_slots,face_yz_p,0.0,0.7071067811865475,0.7071067811865475,594,1.5246449872908296e-08,0.0,123712.7236554321
REF_0262,discovery,910001,high_drive,2,dispersed_slots,face_yz_m,0.0,0.7071067811865475,-0.7071067811865475,594,1.5246449872908296e-08,0.0,347338.6396934684
REF_0262,discovery,910001,high_drive,2,dispersed_slots,body_ppp,0.5773502691896258,0.5773502691896258,0.5773502691896258,594,1.5246449872908296e-08,0.0,161469.04433955764
REF_0262,discovery,910001,high_drive,2,dispersed_slots,body_ppm,0.5773502691896258,0.5773502691896258,-0.5773502691896258,594,1.5246449872908296e-08,0.0,166510.51590540895
REF_0262,discovery,910001,high_drive,2,dispersed_slots,body_pmp,0.5773502691896258,-0.5773502691896258,0.5773502691896258,594,1.5246449872908296e-08,0.0,369975.96644032886
REF_0262,discovery,910001,high_drive,2,dispersed_slots,body_mpp,-0.5773502691896258,0.5773502691896258,0.5773502691896258,594,1.5246449872908296e-08,0.0,139570.29875749137
REF_0263,discovery,910001,high_drive,3,localized_ledger_cells,axis_x,1.0,0.0,0.0,1008,1.042049574540365e-09,0.0,1042010.5257419192
REF_0263,discovery,910001,high_drive,3,localized_ledger_cells,axis_y,0.0,1.0,0.0,1008,1.042049574540365e-09,0.0,1561459.4449918903
REF_0263,discovery,910001,high_drive,3,localized_ledger_cells,axis_z,0.0,0.0,1.0,1008,1.042049574540365e-09,0.0,3717747.0152616818
REF_0263,discovery,910001,high_drive,3,localized_ledger_cells,face_xy_p,0.7071067811865475,0.7071067811865475,0.0,1008,1.042049574540365e-09,0.0,880930.5029166613
REF_0263,discovery,910001,high_drive,3,localized_ledger_cells,face_xy_m,0.7071067811865475,-0.7071067811865475,0.0,1008,1.042049574540365e-09,0.0,209950.48485183922
REF_0263,discovery,910001,high_drive,3,localized_ledger_cells,face_xz_p,0.7071067811865475,0.0,0.7071067811865475,1008,1.042049574540365e-09,0.0,948026.9528484612
REF_0263,discovery,910001,high_drive,3,localized_ledger_cells,face_xz_m,0.7071067811865475,0.0,-0.7071067811865475,1008,1.042049574540365e-09,0.0,3749594.688001793
REF_0263,discovery,910001,high_drive,3,localized_ledger_cells,face_yz_p,0.0,0.7071067811865475,0.7071067811865475,1008,1.042049574540365e-09,0.0,2424065.3645540825
REF_0263,discovery,910001,high_drive,3,localized_ledger_cells,face_yz_m,0.0,0.7071067811865475,-0.7071067811865475,1008,1.042049574540365e-09,0.0,2533280.735921666
REF_0263,discovery,910001,high_drive,3,localized_ledger_cells,body_ppp,0.5773502691896258,0.5773502691896258,0.5773502691896258,1008,1.042049574540365e-09,0.0,423327.8133411873
REF_0263,discovery,910001,high_drive,3,localized_ledger_cells,body_ppm,0.5773502691896258,0.5773502691896258,-0.5773502691896258,1008,1.042049574540365e-09,0.0,3246103.4107306767
REF_0263,discovery,910001,high_drive,3,localized_ledger_cells,body_pmp,0.5773502691896258,-0.5773502691896258,0.5773502691896258,1008,1.042049574540365e-09,0.0,665575.4277824087
REF_0263,discovery,910001,high_drive,3,localized_ledger_cells,body_mpp,-0.5773502691896258,0.5773502691896258,0.5773502691896258,1008,1.042049574540365e-09,0.0,2407429.1135650687
REF_0264,discovery,910001,high_drive,3,dispersed_slots,axis_x,1.0,0.0,0.0,1008,7.427887522872017e-09,0.0,162597.89263462496
REF_0264,discovery,910001,high_drive,3,dispersed_slots,axis_y,0.0,1.0,0.0,1008,7.427887522872017e-09,0.0,716945.9236065439
REF_0264,discovery,910001,high_drive,3,dispersed_slots,axis_z,0.0,0.0,1.0,1008,7.427887522872017e-09,0.0,373230.5889170726
REF_0264,discovery,910001,high_drive,3,dispersed_slots,face_xy_p,0.7071067811865475,0.7071067811865475,0.0,1008,7.427887522872017e-09,0.0,185896.41294798884
REF_0264,discovery,910001,high_drive,3,dispersed_slots,face_xy_m,0.7071067811865475,-0.7071067811865475,0.0,1008,7.427887522872017e-09,0.0,847212.5627444357
REF_0264,discovery,910001,high_drive,3,dispersed_slots,face_xz_p,0.7071067811865475,0.0,0.7071067811865475,1008,7.427887522872017e-09,0.0,256442.93899824162
REF_0264,discovery,910001,high_drive,3,dispersed_slots,face_xz_m,0.7071067811865475,0.0,-0.7071067811865475,1008,7.427887522872017e-09,0.0,629595.9706047175
REF_0264,discovery,910001,high_drive,3,dispersed_slots,face_yz_p,0.0,0.7071067811865475,0.7071067811865475,1008,7.427887522872017e-09,0.0,71734.31346473319
REF_0264,discovery,910001,high_drive,3,dispersed_slots,face_yz_m,0.0,0.7071067811865475,-0.7071067811865475,1008,7.427887522872017e-09,0.0,1091478.611624565
REF_0264,discovery,910001,high_drive,3,dispersed_slots,body_ppp,0.5773502691896258,0.5773502691896258,0.5773502691896258,1008,7.427887522872017e-09,0.0,98696.50867461183
REF_0264,discovery,910001,high_drive,3,dispersed_slots,body_ppm,0.5773502691896258,0.5773502691896258,-0.5773502691896258,1008,7.427887522872017e-09,0.0,698929.0282182926
REF_0264,discovery,910001,high_drive,3,dispersed_slots,body_pmp,0.5773502691896258,-0.5773502691896258,0.5773502691896258,1008,7.427887522872017e-09,0.0,863895.1602369291
REF_0264,discovery,910001,high_drive,3,dispersed_slots,body_mpp,-0.5773502691896258,0.5773502691896258,0.5773502691896258,1008,7.427887522872017e-09,0.0,521566.9542528874
REF_0265,discovery,910002,high_drive,0,localized_ledger_cells,axis_x,1.0,0.0,0.0,252,4.332852010549582e-09,0.0,477896.8339742082
REF_0265,discovery,910002,high_drive,0,localized_ledger_cells,axis_y,0.0,1.0,0.0,252,4.332852010549582e-09,0.0,129516.233549236
REF_0265,discovery,910002,high_drive,0,localized_ledger_cells,axis_z,0.0,0.0,1.0,252,4.332852010549582e-09,0.0,1260379.1468299732
REF_0265,discovery,910002,high_drive,0,localized_ledger_cells,face_xy_p,0.7071067811865475,0.7071067811865475,0.0,252,4.332852010549582e-09,0.0,358234.2061449316
REF_0265,discovery,910002,high_drive,0,localized_ledger_cells,face_xy_m,0.7071067811865475,-0.7071067811865475,0.0,252,4.332852010549582e-09,0.0,814713.750612743
REF_0265,discovery,910002,high_drive,0,localized_ledger_cells,face_xz_p,0.7071067811865475,0.0,0.7071067811865475,252,4.332852010549582e-09,0.0,88873.79922274647
REF_0265,discovery,910002,high_drive,0,localized_ledger_cells,face_xz_m,0.7071067811865475,0.0,-0.7071067811865475,252,4.332852010549582e-09,0.0,1697996.627310921
REF_0265,discovery,910002,high_drive,0,localized_ledger_cells,face_yz_p,0.0,0.7071067811865475,0.7071067811865475,252,4.332852010549582e-09,0.0,570801.2944474696
REF_0265,discovery,910002,high_drive,0,localized_ledger_cells,face_yz_m,0.0,0.7071067811865475,-0.7071067811865475,252,4.332852010549582e-09,0.0,1041878.8318735958
REF_0265,discovery,910002,high_drive,0,localized_ledger_cells,body_ppp,0.5773502691896258,0.5773502691896258,0.5773502691896258,252,4.332852010549582e-09,0.0,273471.93401753413
REF_0265,discovery,910002,high_drive,0,localized_ledger_cells,body_ppm,0.5773502691896258,0.5773502691896258,-0.5773502691896258,252,4.332852010549582e-09,0.0,1140804.8917459159
REF_0265,discovery,910002,high_drive,0,localized_ledger_cells,body_pmp,0.5773502691896258,-0.5773502691896258,0.5773502691896258,252,4.332852010549582e-09,0.0,571570.5709596047
REF_0265,discovery,910002,high_drive,0,localized_ledger_cells,body_mpp,-0.5773502691896258,0.5773502691896258,0.5773502691896258,252,4.332852010549582e-09,0.0,1248465.8498864565
REF_0266,discovery,910002,high_drive,0,dispersed_slots,axis_x,1.0,0.0,0.0,252,8.594137439101646e-09,0.0,933101.1260635615
REF_0266,discovery,910002,high_drive,0,dispersed_slots,axis_y,0.0,1.0,0.0,252,8.594137439101646e-09,0.0,271163.73472741205
REF_0266,discovery,910002,high_drive,0,dispersed_slots,axis_z,0.0,0.0,1.0,252,8.594137439101646e-09,0.0,1524877.2493943344
REF_0266,discovery,910002,high_drive,0,dispersed_slots,face_xy_p,0.7071067811865475,0.7071067811865475,0.0,252,8.594137439101646e-09,0.0,391397.0311731424
REF_0266,discovery,910002,high_drive,0,dispersed_slots,face_xy_m,0.7071067811865475,-0.7071067811865475,0.0,252,8.594137439101646e-09,0.0,514786.56558918906
REF_0266,discovery,910002,high_drive,0,dispersed_slots,face_xz_p,0.7071067811865475,0.0,0.7071067811865475,252,8.594137439101646e-09,0.0,665283.0111130727
REF_0266,discovery,910002,high_drive,0,dispersed_slots,face_xz_m,0.7071067811865475,0.0,-0.7071067811865475,252,8.594137439101646e-09,0.0,1663147.2595271259
REF_0266,discovery,910002,high_drive,0,dispersed_slots,face_yz_p,0.0,0.7071067811865475,0.7071067811865475,252,8.594137439101646e-09,0.0,316103.5712317516
REF_0266,discovery,910002,high_drive,0,dispersed_slots,face_yz_m,0.0,0.7071067811865475,-0.7071067811865475,252,8.594137439101646e-09,0.0,1681358.0037402732
REF_0266,discovery,910002,high_drive,0,dispersed_slots,body_ppp,0.5773502691896258,0.5773502691896258,0.5773502691896258,252,8.594137439101646e-09,0.0,52174.3447603474
REF_0266,discovery,910002,high_drive,0,dispersed_slots,body_ppm,0.5773502691896258,0.5773502691896258,-0.5773502691896258,252,8.594137439101646e-09,0.0,1611876.7009577923
REF_0266,discovery,910002,high_drive,0,dispersed_slots,body_pmp,0.5773502691896258,-0.5773502691896258,0.5773502691896258,252,8.594137439101646e-09,0.0,1274749.0753018865
REF_0266,discovery,910002,high_drive,0,dispersed_slots,body_mpp,-0.5773502691896258,0.5773502691896258,0.5773502691896258,252,8.594137439101646e-09,0.0,498981.5565638868
REF_0267,discovery,910002,high_drive,1,localized_ledger_cells,axis_x,1.0,0.0,0.0,378,2.9379083504165484e-09,0.0,34930.39061175321
REF_0267,discovery,910002,high_drive,1,localized_ledger_cells,axis_y,0.0,1.0,0.0,378,2.9379083504165484e-09,0.0,73584.38997012956
REF_0267,discovery,910002,high_drive,1,localized_ledger_cells,axis_z,0.0,0.0,1.0,378,2.9379083504165484e-09,0.0,1838586.2877571792
REF_0267,discovery,910002,high_drive,1,localized_ledger_cells,face_xy_p,0.7071067811865475,0.7071067811865475,0.0,378,2.9379083504165484e-09,0.0,531011.3685392102
REF_0267,discovery,910002,high_drive,1,localized_ledger_cells,face_xy_m,0.7071067811865475,-0.7071067811865475,0.0,378,2.9379083504165484e-09,0.0,458514.52513519913
REF_0267,discovery,910002,high_drive,1,localized_ledger_cells,face_xz_p,0.7071067811865475,0.0,0.7071067811865475,378,2.9379083504165484e-09,0.0,792533.9362557125
REF_0267,discovery,910002,high_drive,1,localized_ledger_cells,face_xz_m,0.7071067811865475,0.0,-0.7071067811865475,378,2.9379083504165484e-09,0.0,1108204.4294016934
REF_0267,discovery,910002,high_drive,1,localized_ledger_cells,face_yz_p,0.0,0.7071067811865475,0.7071067811865475,378,2.9379083504165484e-09,0.0,1320899.9632616285
REF_0267,discovery,910002,high_drive,1,localized_ledger_cells,face_yz_m,0.0,0.7071067811865475,-0.7071067811865475,378,2.9379083504165484e-09,0.0,599165.402075114
REF_0267,discovery,910002,high_drive,1,localized_ledger_cells,body_ppp,0.5773502691896258,0.5773502691896258,0.5773502691896258,378,2.9379083504165484e-09,0.0,985012.9951311841
REF_0267,discovery,910002,high_drive,1,localized_ledger_cells,body_ppm,0.5773502691896258,0.5773502691896258,-0.5773502691896258,378,2.9379083504165484e-09,0.0,752442.9754920164
REF_0267,discovery,910002,high_drive,1,localized_ledger_cells,body_pmp,0.5773502691896258,-0.5773502691896258,0.5773502691896258,378,2.9379083504165484e-09,0.0,612874.5167161754
REF_0267,discovery,910002,high_drive,1,localized_ledger_cells,body_mpp,-0.5773502691896258,0.5773502691896258,0.5773502691896258,378,2.9379083504165484e-09,0.0,1060139.8153264292
REF_0268,discovery,910002,high_drive,1,dispersed_slots,axis_x,1.0,0.0,0.0,378,6.883698081554829e-09,0.0,21345.059049974137
REF_0268,discovery,910002,high_drive,1,dispersed_slots,axis_y,0.0,1.0,0.0,378,6.883698081554829e-09,0.0,233156.62753211486
REF_0268,discovery,910002,high_drive,1,dispersed_slots,axis_z,0.0,0.0,1.0,378,6.883698081554829e-09,0.0,533596.7176202819
REF_0268,discovery,910002,high_drive,1,dispersed_slots,face_xy_p,0.7071067811865475,0.7071067811865475,0.0,378,6.883698081554829e-09,0.0,190084.41783519444
REF_0268,discovery,910002,high_drive,1,dispersed_slots,face_xy_m,0.7071067811865475,-0.7071067811865475,0.0,378,6.883698081554829e-09,0.0,300029.63910034695
REF_0268,discovery,910002,high_drive,1,dispersed_slots,face_xz_p,0.7071067811865475,0.0,0.7071067811865475,378,6.883698081554829e-09,0.0,361947.9737206709
REF_0268,discovery,910002,high_drive,1,dispersed_slots,face_xz_m,0.7071067811865475,0.0,-0.7071067811865475,378,6.883698081554829e-09,0.0,301775.61960150674
REF_0268,discovery,910002,high_drive,1,dispersed_slots,face_yz_p,0.0,0.7071067811865475,0.7071067811865475,378,6.883698081554829e-09,0.0,733089.6464003364
REF_0268,discovery,910002,high_drive,1,dispersed_slots,face_yz_m,0.0,0.7071067811865475,-0.7071067811865475,378,6.883698081554829e-09,0.0,36539.73116283789
REF_0268,discovery,910002,high_drive,1,dispersed_slots,body_ppp,0.5773502691896258,0.5773502691896258,0.5773502691896258,378,6.883698081554829e-09,0.0,465692.9180401239
REF_0268,discovery,910002,high_drive,1,dispersed_slots,body_ppm,0.5773502691896258,0.5773502691896258,-0.5773502691896258,378,6.883698081554829e-09,0.0,165183.79505082726
REF_0268,discovery,910002,high_drive,1,dispersed_slots,body_pmp,0.5773502691896258,-0.5773502691896258,0.5773502691896258,378,6.883698081554829e-09,0.0,194451.72806571517
REF_0268,discovery,910002,high_drive,1,dispersed_slots,body_mpp,-0.5773502691896258,0.5773502691896258,0.5773502691896258,378,6.883698081554829e-09,0.0,534154.070594186
REF_0269,discovery,910002,high_drive,2,localized_ledger_cells,axis_x,1.0,0.0,0.0,594,1.160927735114008e-08,0.0,350218.3337542685
REF_0269,discovery,910002,high_drive,2,localized_ledger_cells,axis_y,0.0,1.0,0.0,594,1.160927735114008e-08,0.0,202012.5593105852
REF_0269,discovery,910002,high_drive,2,localized_ledger_cells,axis_z,0.0,0.0,1.0,594,1.160927735114008e-08,0.0,2167279.0875294995
REF_0269,discovery,910002,high_drive,2,localized_ledger_cells,face_xy_p,0.7071067811865475,0.7071067811865475,0.0,594,1.160927735114008e-08,0.0,577556.5438106952
REF_0269,discovery,910002,high_drive,2,localized_ledger_cells,face_xy_m,0.7071067811865475,-0.7071067811865475,0.0,594,1.160927735114008e-08,0.0,407705.4769987671
REF_0269,discovery,910002,high_drive,2,localized_ledger_cells,face_xz_p,0.7071067811865475,0.0,0.7071067811865475,594,1.160927735114008e-08,0.0,818680.7996356573
REF_0269,discovery,910002,high_drive,2,localized_ledger_cells,face_xz_m,0.7071067811865475,0.0,-0.7071067811865475,594,1.160927735114008e-08,0.0,1637170.7972985883
REF_0269,discovery,910002,high_drive,2,localized_ledger_cells,face_yz_p,0.0,0.7071067811865475,0.7071067811865475,594,1.160927735114008e-08,0.0,1694709.7744704438
REF_0269,discovery,910002,high_drive,2,localized_ledger_cells,face_yz_m,0.0,0.7071067811865475,-0.7071067811865475,594,1.160927735114008e-08,0.0,687038.935241516
REF_0269,discovery,910002,high_drive,2,localized_ledger_cells,body_ppp,0.5773502691896258,0.5773502691896258,0.5773502691896258,594,1.160927735114008e-08,0.0,1240299.099009234
REF_0269,discovery,910002,high_drive,2,localized_ledger_cells,body_ppm,0.5773502691896258,0.5773502691896258,-0.5773502691896258,594,1.160927735114008e-08,0.0,818793.524977887
REF_0269,discovery,910002,high_drive,2,localized_ledger_cells,body_pmp,0.5773502691896258,-0.5773502691896258,0.5773502691896258,594,1.160927735114008e-08,0.0,486196.7174690565
REF_0269,discovery,910002,high_drive,2,localized_ledger_cells,body_mpp,-0.5773502691896258,0.5773502691896258,0.5773502691896258,594,1.160927735114008e-08,0.0,1421917.1804624842
REF_0270,discovery,910002,high_drive,2,dispersed_slots,axis_x,1.0,0.0,0.0,594,7.0038464780686635e-09,0.0,463006.58958742884
REF_0270,discovery,910002,high_drive,2,dispersed_slots,axis_y,0.0,1.0,0.0,594,7.0038464780686635e-09,0.0,236942.63568846305
REF_0270,discovery,910002,high_drive,2,dispersed_slots,axis_z,0.0,0.0,1.0,594,7.0038464780686635e-09,0.0,1481085.4844415186
REF_0270,discovery,910002,high_drive,2,dispersed_slots,face_xy_p,0.7071067811865475,0.7071067811865475,0.0,594,7.0038464780686635e-09,0.0,366700.5093199306
REF_0270,discovery,910002,high_drive,2,dispersed_slots,face_xy_m,0.7071067811865475,-0.7071067811865475,0.0,594,7.0038464780686635e-09,0.0,976194.1492304362
REF_0270,discovery,910002,high_drive,2,dispersed_slots,face_xz_p,0.7071067811865475,0.0,0.7071067811865475,594,7.0038464780686635e-09,0.0,1697738.976396813
REF_0270,discovery,910002,high_drive,2,dispersed_slots,face_xz_m,0.7071067811865475,0.0,-0.7071067811865475,594,7.0038464780686635e-09,0.0,340425.08823983854
REF_0270,discovery,910002,high_drive,2,dispersed_slots,face_yz_p,0.0,0.7071067811865475,0.7071067811865475,594,7.0038464780686635e-09,0.0,1644348.364638533
REF_0270,discovery,910002,high_drive,2,dispersed_slots,face_yz_m,0.0,0.7071067811865475,-0.7071067811865475,594,7.0038464780686635e-09,0.0,280783.72304854664
REF_0270,discovery,910002,high_drive,2,dispersed_slots,body_ppp,0.5773502691896258,0.5773502691896258,0.5773502691896258,594,7.0038464780686635e-09,0.0,1423703.3502832302
REF_0270,discovery,910002,high_drive,2,dispersed_slots,body_ppm,0.5773502691896258,0.5773502691896258,-0.5773502691896258,594,7.0038464780686635e-09,0.0,179043.23465228424
REF_0270,discovery,910002,high_drive,2,dispersed_slots,body_pmp,0.5773502691896258,-0.5773502691896258,0.5773502691896258,594,7.0038464780686635e-09,0.0,964250.6800322204
REF_0270,discovery,910002,high_drive,2,dispersed_slots,body_mpp,-0.5773502691896258,0.5773502691896258,0.5773502691896258,594,7.0038464780686635e-09,0.0,1180268.0292681716
REF_0271,discovery,910002,high_drive,3,localized_ledger_cells,axis_x,1.0,0.0,0.0,1008,2.091859401993492e-09,0.0,2052304.383868527
REF_0271,discovery,910002,high_drive,3,localized_ledger_cells,axis_y,0.0,1.0,0.0,1008,2.091859401993492e-09,0.0,2052798.999616351
REF_0271,discovery,910002,high_drive,3,localized_ledger_cells,axis_z,0.0,0.0,1.0,1008,2.091859401993492e-09,0.0,9803179.201452134
REF_0271,discovery,910002,high_drive,3,localized_ledger_cells,face_xy_p,0.7071067811865475,0.7071067811865475,0.0,1008,2.091859401993492e-09,0.0,1205698.175656951
REF_0271,discovery,910002,high_drive,3,localized_ledger_cells,face_xy_m,0.7071067811865475,-0.7071067811865475,0.0,1008,2.091859401993492e-09,0.0,667553.8977594532
REF_0271,discovery,910002,high_drive,3,localized_ledger_cells,face_xz_p,0.7071067811865475,0.0,0.7071067811865475,1008,2.091859401993492e-09,0.0,3674223.6447419664
REF_0271,discovery,910002,high_drive,3,localized_ledger_cells,face_xz_m,0.7071067811865475,0.0,-0.7071067811865475,1008,2.091859401993492e-09,0.0,7424299.2126894975
REF_0271,discovery,910002,high_drive,3,localized_ledger_cells,face_yz_p,0.0,0.7071067811865475,0.7071067811865475,1008,2.091859401993492e-09,0.0,5361169.356985947
REF_0271,discovery,910002,high_drive,3,localized_ledger_cells,face_yz_m,0.0,0.7071067811865475,-0.7071067811865475,1008,2.091859401993492e-09,0.0,5737600.808316897
REF_0271,discovery,910002,high_drive,3,localized_ledger_cells,body_ppp,0.5773502691896258,0.5773502691896258,0.5773502691896258,1008,2.091859401993492e-09,0.0,2089789.1254987204
REF_0271,discovery,910002,high_drive,3,localized_ledger_cells,body_ppm,0.5773502691896258,0.5773502691896258,-0.5773502691896258,1008,2.091859401993492e-09,0.0,5756676.688535797
REF_0271,discovery,910002,high_drive,3,localized_ledger_cells,body_pmp,0.5773502691896258,-0.5773502691896258,0.5773502691896258,1008,2.091859401993492e-09,0.0,2935655.183089967
REF_0271,discovery,910002,high_drive,3,localized_ledger_cells,body_mpp,-0.5773502691896258,0.5773502691896258,0.5773502691896258,1008,2.091859401993492e-09,0.0,4432460.161704151
REF_0272,discovery,910002,high_drive,3,dispersed_slots,axis_x,1.0,0.0,0.0,1008,3.4870408520223494e-08,0.0,867700.9565553329
REF_0272,discovery,910002,high_drive,3,dispersed_slots,axis_y,0.0,1.0,0.0,1008,3.4870408520223494e-08,0.0,179683.03200408717
REF_0272,discovery,910002,high_drive,3,dispersed_slots,axis_z,0.0,0.0,1.0,1008,3.4870408520223494e-08,0.0,583271.8473232996
REF_0272,discovery,910002,high_drive,3,dispersed_slots,face_xy_p,0.7071067811865475,0.7071067811865475,0.0,1008,3.4870408520223494e-08,0.0,220136.46845289972
REF_0272,discovery,910002,high_drive,3,dispersed_slots,face_xy_m,0.7071067811865475,-0.7071067811865475,0.0,1008,3.4870408520223494e-08,0.0,557831.9207737398
REF_0272,discovery,910002,high_drive,3,dispersed_slots,face_xz_p,0.7071067811865475,0.0,0.7071067811865475,1008,3.4870408520223494e-08,0.0,689485.8470803774
REF_0272,discovery,910002,high_drive,3,dispersed_slots,face_xz_m,0.7071067811865475,0.0,-0.7071067811865475,1008,3.4870408520223494e-08,0.0,711065.5920517088
REF_0272,discovery,910002,high_drive,3,dispersed_slots,face_yz_p,0.0,0.7071067811865475,0.7071067811865475,1008,3.4870408520223494e-08,0.0,1031525.4504852521
REF_0272,discovery,910002,high_drive,3,dispersed_slots,face_yz_m,0.0,0.7071067811865475,-0.7071067811865475,1008,3.4870408520223494e-08,0.0,25017.026371175714
REF_0272,discovery,910002,high_drive,3,dispersed_slots,body_ppp,0.5773502691896258,0.5773502691896258,0.5773502691896258,1008,3.4870408520223494e-08,0.0,844662.4822491773
REF_0272,discovery,910002,high_drive,3,dispersed_slots,body_ppm,0.5773502691896258,0.5773502691896258,-0.5773502691896258,1008,3.4870408520223494e-08,0.0,80688.15550762729
REF_0272,discovery,910002,high_drive,3,dispersed_slots,body_pmp,0.5773502691896258,-0.5773502691896258,0.5773502691896258,1008,3.4870408520223494e-08,0.0,122074.13827019164
REF_0272,discovery,910002,high_drive,3,dispersed_slots,body_mpp,-0.5773502691896258,0.5773502691896258,0.5773502691896258,1008,3.4870408520223494e-08,0.0,1103450.2348830425
REF_0273,validation,910003,high_drive,0,localized_ledger_cells,axis_x,1.0,0.0,0.0,252,9.062241367870093e-09,0.0,45225.74616450471
REF_0273,validation,910003,high_drive,0,localized_ledger_cells,axis_y,0.0,1.0,0.0,252,9.062241367870093e-09,0.0,547792.4063770127
REF_0273,validation,910003,high_drive,0,localized_ledger_cells,axis_z,0.0,0.0,1.0,252,9.062241367870093e-09,0.0,4538519.795884041
REF_0273,validation,910003,high_drive,0,localized_ledger_cells,face_xy_p,0.7071067811865475,0.7071067811865475,0.0,252,9.062241367870093e-09,0.0,1290629.9272938874
REF_0273,validation,910003,high_drive,0,localized_ledger_cells,face_xy_m,0.7071067811865475,-0.7071067811865475,0.0,252,9.062241367870093e-09,0.0,1427987.924286936
REF_0273,validation,910003,high_drive,0,localized_ledger_cells,face_xz_p,0.7071067811865475,0.0,0.7071067811865475,252,9.062241367870093e-09,0.0,2409072.2142589027
REF_0273,validation,910003,high_drive,0,localized_ledger_cells,face_xz_m,0.7071067811865475,0.0,-0.7071067811865475,252,9.062241367870093e-09,0.0,2412654.481252383
REF_0273,validation,910003,high_drive,0,localized_ledger_cells,face_yz_p,0.0,0.7071067811865475,0.7071067811865475,252,9.062241367870093e-09,0.0,1010207.8819029899
REF_0273,validation,910003,high_drive,0,localized_ledger_cells,face_yz_m,0.0,0.7071067811865475,-0.7071067811865475,252,9.062241367870093e-09,0.0,4062802.143714722
REF_0273,validation,910003,high_drive,0,localized_ledger_cells,body_ppp,0.5773502691896258,0.5773502691896258,0.5773502691896258,252,9.062241367870093e-09,0.0,1599304.918687527
REF_0273,validation,910003,high_drive,0,localized_ledger_cells,body_ppm,0.5773502691896258,0.5773502691896258,-0.5773502691896258,252,9.062241367870093e-09,0.0,2805240.681980601
REF_0273,validation,910003,high_drive,0,localized_ledger_cells,body_pmp,0.5773502691896258,-0.5773502691896258,0.5773502691896258,252,9.062241367870093e-09,0.0,3041281.185053682
REF_0273,validation,910003,high_drive,0,localized_ledger_cells,body_mpp,-0.5773502691896258,0.5773502691896258,0.5773502691896258,252,9.062241367870093e-09,0.0,1485360.412942233
REF_0274,validation,910003,high_drive,0,dispersed_slots,axis_x,1.0,0.0,0.0,252,1.660420735174909e-08,0.0,121254.2806256446
REF_0274,validation,910003,high_drive,0,dispersed_slots,axis_y,0.0,1.0,0.0,252,1.660420735174909e-08,0.0,442942.7096159108
REF_0274,validation,910003,high_drive,0,dispersed_slots,axis_z,0.0,0.0,1.0,252,1.660420735174909e-08,0.0,584018.4075785889
REF_0274,validation,910003,high_drive,0,dispersed_slots,face_xy_p,0.7071067811865475,0.7071067811865475,0.0,252,1.660420735174909e-08,0.0,168425.031713299
REF_0274,validation,910003,high_drive,0,dispersed_slots,face_xy_m,0.7071067811865475,-0.7071067811865475,0.0,252,1.660420735174909e-08,0.0,534924.0286073962
REF_0274,validation,910003,high_drive,0,dispersed_slots,face_xz_p,0.7071067811865475,0.0,0.7071067811865475,252,1.660420735174909e-08,0.0,437026.0205848949
REF_0274,validation,910003,high_drive,0,dispersed_slots,face_xz_m,0.7071067811865475,0.0,-0.7071067811865475,252,1.660420735174909e-08,0.0,451503.7389995858
REF_0274,validation,910003,high_drive,0,dispersed_slots,face_yz_p,0.0,0.7071067811865475,0.7071067811865475,252,1.660420735174909e-08,0.0,25995.235593293015
REF_0274,validation,910003,high_drive,0,dispersed_slots,face_yz_m,0.0,0.7071067811865475,-0.7071067811865475,252,1.660420735174909e-08,0.0,1023378.7384866583
REF_0274,validation,910003,high_drive,0,dispersed_slots,body_ppp,0.5773502691896258,0.5773502691896258,0.5773502691896258,252,1.660420735174909e-08,0.0,197425.02172183094
REF_0274,validation,910003,high_drive,0,dispersed_slots,body_ppm,0.5773502691896258,0.5773502691896258,-0.5773502691896258,252,1.660420735174909e-08,0.0,558417.6885809249
REF_0274,validation,910003,high_drive,0,dispersed_slots,body_pmp,0.5773502691896258,-0.5773502691896258,0.5773502691896258,252,1.660420735174909e-08,0.0,876071.0321441239
REF_0274,validation,910003,high_drive,0,dispersed_slots,body_mpp,-0.5773502691896258,0.5773502691896258,0.5773502691896258,252,1.660420735174909e-08,0.0,205548.56428650345
REF_0275,validation,910003,high_drive,1,localized_ledger_cells,axis_x,1.0,0.0,0.0,378,1.935740435276919e-08,0.0,2259421.4785794234
REF_0275,validation,910003,high_drive,1,localized_ledger_cells,axis_y,0.0,1.0,0.0,378,1.935740435276919e-08,0.0,267245.20638043154
REF_0275,validation,910003,high_drive,1,localized_ledger_cells,axis_z,0.0,0.0,1.0,378,1.935740435276919e-08,0.0,3504332.2399964677
REF_0275,validation,910003,high_drive,1,localized_ledger_cells,face_xy_p,0.7071067811865475,0.7071067811865475,0.0,378,1.935740435276919e-08,0.0,1388172.3665983472
REF_0275,validation,910003,high_drive,1,localized_ledger_cells,face_xy_m,0.7071067811865475,-0.7071067811865475,0.0,378,1.935740435276919e-08,0.0,2028193.8130993533
REF_0275,validation,910003,high_drive,1,localized_ledger_cells,face_xz_p,0.7071067811865475,0.0,0.7071067811865475,378,1.935740435276919e-08,0.0,374410.67540471215
REF_0275,validation,910003,high_drive,1,localized_ledger_cells,face_xz_m,0.7071067811865475,0.0,-0.7071067811865475,378,1.935740435276919e-08,0.0,5307348.990045986
REF_0275,validation,910003,high_drive,1,localized_ledger_cells,face_yz_p,0.0,0.7071067811865475,0.7071067811865475,378,1.935740435276919e-08,0.0,2955781.552142141
REF_0275,validation,910003,high_drive,1,localized_ledger_cells,face_yz_m,0.0,0.7071067811865475,-0.7071067811865475,378,1.935740435276919e-08,0.0,1729889.9772096751
REF_0275,validation,910003,high_drive,1,localized_ledger_cells,body_ppp,0.5773502691896258,0.5773502691896258,0.5773502691896258,378,1.935740435276919e-08,0.0,1792895.6862556566
REF_0275,validation,910003,high_drive,1,localized_ledger_cells,body_ppm,0.5773502691896258,0.5773502691896258,-0.5773502691896258,378,1.935740435276919e-08,0.0,2708560.5206423067
REF_0275,validation,910003,high_drive,1,localized_ledger_cells,body_pmp,0.5773502691896258,-0.5773502691896258,0.5773502691896258,378,1.935740435276919e-08,0.0,659922.0718375676
REF_0275,validation,910003,high_drive,1,localized_ledger_cells,body_mpp,-0.5773502691896258,0.5773502691896258,0.5773502691896258,378,1.935740435276919e-08,0.0,4410442.0875063
REF_0276,validation,910003,high_drive,1,dispersed_slots,axis_x,1.0,0.0,0.0,378,6.4052981843550095e-09,0.0,368985.91136682994
REF_0276,validation,910003,high_drive,1,dispersed_slots,axis_y,0.0,1.0,0.0,378,6.4052981843550095e-09,0.0,1009696.8956299536
REF_0276,validation,910003,high_drive,1,dispersed_slots,axis_z,0.0,0.0,1.0,378,6.4052981843550095e-09,0.0,1736864.210539628
REF_0276,validation,910003,high_drive,1,dispersed_slots,face_xy_p,0.7071067811865475,0.7071067811865475,0.0,378,6.4052981843550095e-09,0.0,1503574.6894680955
REF_0276,validation,910003,high_drive,1,dispersed_slots,face_xy_m,0.7071067811865475,-0.7071067811865475,0.0,378,6.4052981843550095e-09,0.0,450961.8996899327
REF_0276,validation,910003,high_drive,1,dispersed_slots,face_xz_p,0.7071067811865475,0.0,0.7071067811865475,378,6.4052981843550095e-09,0.0,237384.61009777375
REF_0276,validation,910003,high_drive,1,dispersed_slots,face_xz_m,0.7071067811865475,0.0,-0.7071067811865475,378,6.4052981843550095e-09,0.0,2300169.3788463613
REF_0276,validation,910003,high_drive,1,dispersed_slots,face_yz_p,0.0,0.7071067811865475,0.7071067811865475,378,6.4052981843550095e-09,0.0,2368734.0248752395
REF_0276,validation,910003,high_drive,1,dispersed_slots,face_yz_m,0.0,0.7071067811865475,-0.7071067811865475,378,6.4052981843550095e-09,0.0,489175.45620077045
REF_0276,validation,910003,high_drive,1,dispersed_slots,body_ppp,0.5773502691896258,0.5773502691896258,0.5773502691896258,378,6.4052981843550095e-09,0.0,1214100.3422164652
REF_0276,validation,910003,high_drive,1,dispersed_slots,body_ppm,0.5773502691896258,0.5773502691896258,-0.5773502691896258,378,6.4052981843550095e-09,0.0,1828050.4756447184
REF_0276,validation,910003,high_drive,1,dispersed_slots,body_pmp,0.5773502691896258,-0.5773502691896258,0.5773502691896258,378,6.4052981843550095e-09,0.0,102946.65687305937
REF_0276,validation,910003,high_drive,1,dispersed_slots,body_mpp,-0.5773502691896258,0.5773502691896258,0.5773502691896258,378,6.4052981843550095e-09,0.0,2003548.3478523954
REF_0277,validation,910003,high_drive,2,localized_ledger_cells,axis_x,1.0,0.0,0.0,594,1.2047806275214626e-08,0.0,2360722.1962838173
REF_0277,validation,910003,high_drive,2,localized_ledger_cells,axis_y,0.0,1.0,0.0,594,1.2047806275214626e-08,0.0,286224.18534973887
REF_0277,validation,910003,high_drive,2,localized_ledger_cells,axis_z,0.0,0.0,1.0,594,1.2047806275214626e-08,0.0,1318344.5586950604
REF_0277,validation,910003,high_drive,2,localized_ledger_cells,face_xy_p,0.7071067811865475,0.7071067811865475,0.0,594,1.2047806275214626e-08,0.0,827313.9982929514
REF_0277,validation,910003,high_drive,2,localized_ledger_cells,face_xy_m,0.7071067811865475,-0.7071067811865475,0.0,594,1.2047806275214626e-08,0.0,2436976.9450761173
REF_0277,validation,910003,high_drive,2,localized_ledger_cells,face_xz_p,0.7071067811865475,0.0,0.7071067811865475,594,1.2047806275214626e-08,0.0,98859.35459024977
REF_0277,validation,910003,high_drive,2,localized_ledger_cells,face_xz_m,0.7071067811865475,0.0,-0.7071067811865475,594,1.2047806275214626e-08,0.0,3712862.5636606
REF_0277,validation,910003,high_drive,2,localized_ledger_cells,face_yz_p,0.0,0.7071067811865475,0.7071067811865475,594,1.2047806275214626e-08,0.0,1014057.8090873706
REF_0277,validation,910003,high_drive,2,localized_ledger_cells,face_yz_m,0.0,0.7071067811865475,-0.7071067811865475,594,1.2047806275214626e-08,0.0,1760415.10369622
REF_0277,validation,910003,high_drive,2,localized_ledger_cells,body_ppp,0.5773502691896258,0.5773502691896258,0.5773502691896258,594,1.2047806275214626e-08,0.0,485755.52491154545
REF_0277,validation,910003,high_drive,2,localized_ledger_cells,body_ppm,0.5773502691896258,0.5773502691896258,-0.5773502691896258,594,1.2047806275214626e-08,0.0,2295656.6339580305
REF_0277,validation,910003,high_drive,2,localized_ledger_cells,body_pmp,0.5773502691896258,-0.5773502691896258,0.5773502691896258,594,1.2047806275214626e-08,0.0,1337240.3562764174
REF_0277,validation,910003,high_drive,2,localized_ledger_cells,body_mpp,-0.5773502691896258,0.5773502691896258,0.5773502691896258,594,1.2047806275214626e-08,0.0,2874983.3108444083
REF_0278,validation,910003,high_drive,2,dispersed_slots,axis_x,1.0,0.0,0.0,594,1.1286341857223952e-08,0.0,36982.135527029815
REF_0278,validation,910003,high_drive,2,dispersed_slots,axis_y,0.0,1.0,0.0,594,1.1286341857223952e-08,0.0,388130.2385022487
REF_0278,validation,910003,high_drive,2,dispersed_slots,axis_z,0.0,0.0,1.0,594,1.1286341857223952e-08,0.0,172712.59468018424
REF_0278,validation,910003,high_drive,2,dispersed_slots,face_xy_p,0.7071067811865475,0.7071067811865475,0.0,594,1.1286341857223952e-08,0.0,205724.04485457335
REF_0278,validation,910003,high_drive,2,dispersed_slots,face_xy_m,0.7071067811865475,-0.7071067811865475,0.0,594,1.1286341857223952e-08,0.0,162997.08924660573
REF_0278,validation,910003,high_drive,2,dispersed_slots,face_xz_p,0.7071067811865475,0.0,0.7071067811865475,594,1.1286341857223952e-08,0.0,11516.351390099164
REF_0278,validation,910003,high_drive,2,dispersed_slots,face_xz_m,0.7071067811865475,0.0,-0.7071067811865475,594,1.1286341857223952e-08,0.0,356556.61375121295
REF_0278,validation,910003,high_drive,2,dispersed_slots,face_yz_p,0.0,0.7071067811865475,0.7071067811865475,594,1.1286341857223952e-08,0.0,364316.3000110988
REF_0278,validation,910003,high_drive,2,dispersed_slots,face_yz_m,0.0,0.7071067811865475,-0.7071067811865475,594,1.1286341857223952e-08,0.0,179330.7166177796
REF_0278,validation,910003,high_drive,2,dispersed_slots,body_ppp,0.5773502691896258,0.5773502691896258,0.5773502691896258,594,1.1286341857223952e-08,0.0,113646.85605926663
REF_0278,validation,910003,high_drive,2,dispersed_slots,body_ppm,0.5773502691896258,0.5773502691896258,-0.5773502691896258,594,1.1286341857223952e-08,0.0,341577.84932946344
REF_0278,validation,910003,high_drive,2,dispersed_slots,body_pmp,0.5773502691896258,-0.5773502691896258,0.5773502691896258,594,1.1286341857223952e-08,0.0,21407.729685628517
REF_0278,validation,910003,high_drive,2,dispersed_slots,body_mpp,-0.5773502691896258,0.5773502691896258,0.5773502691896258,594,1.1286341857223952e-08,0.0,395837.4596070973
REF_0279,validation,910003,high_drive,3,localized_ledger_cells,axis_x,1.0,0.0,0.0,1008,4.667990250048103e-09,0.0,1994854.8707702998
REF_0279,validation,910003,high_drive,3,localized_ledger_cells,axis_y,0.0,1.0,0.0,1008,4.667990250048103e-09,0.0,437256.9128615089
REF_0279,validation,910003,high_drive,3,localized_ledger_cells,axis_z,0.0,0.0,1.0,1008,4.667990250048103e-09,0.0,120573.33573049933
REF_0279,validation,910003,high_drive,3,localized_ledger_cells,face_xy_p,0.7071067811865475,0.7071067811865475,0.0,1008,4.667990250048103e-09,0.0,312665.48291658214
REF_0279,validation,910003,high_drive,3,localized_ledger_cells,face_xy_m,0.7071067811865475,-0.7071067811865475,0.0,1008,4.667990250048103e-09,0.0,2173128.8245049
REF_0279,validation,910003,high_drive,3,localized_ledger_cells,face_xz_p,0.7071067811865475,0.0,0.7071067811865475,1008,4.667990250048103e-09,0.0,717872.4919518132
REF_0279,validation,910003,high_drive,3,localized_ledger_cells,face_xz_m,0.7071067811865475,0.0,-0.7071067811865475,1008,4.667990250048103e-09,0.0,1614533.134960737
REF_0279,validation,910003,high_drive,3,localized_ledger_cells,face_yz_p,0.0,0.7071067811865475,0.7071067811865475,1008,4.667990250048103e-09,0.0,510738.018019428
REF_0279,validation,910003,high_drive,3,localized_ledger_cells,face_yz_m,0.0,0.7071067811865475,-0.7071067811865475,1008,4.667990250048103e-09,0.0,1042868.6299389421
REF_0279,validation,910003,high_drive,3,localized_ledger_cells,body_ppp,0.5773502691896258,0.5773502691896258,0.5773502691896258,1008,4.667990250048103e-09,0.0,388859.92342876235
REF_0279,validation,910003,high_drive,3,localized_ledger_cells,body_ppm,0.5773502691896258,0.5773502691896258,-0.5773502691896258,1008,4.667990250048103e-09,0.0,1048918.1570258671
REF_0279,validation,910003,high_drive,3,localized_ledger_cells,body_pmp,0.5773502691896258,-0.5773502691896258,0.5773502691896258,1008,4.667990250048103e-09,0.0,1495999.1476909835
REF_0279,validation,910003,high_drive,3,localized_ledger_cells,body_mpp,-0.5773502691896258,0.5773502691896258,0.5773502691896258,1008,4.667990250048103e-09,0.0,1595524.1252866052
REF_0280,validation,910003,high_drive,3,dispersed_slots,axis_x,1.0,0.0,0.0,1008,7.2074901988679135e-09,0.0,12339.302158975548
REF_0280,validation,910003,high_drive,3,dispersed_slots,axis_y,0.0,1.0,0.0,1008,7.2074901988679135e-09,0.0,18178.62495740433
REF_0280,validation,910003,high_drive,3,dispersed_slots,axis_z,0.0,0.0,1.0,1008,7.2074901988679135e-09,0.0,1932738.5784743614
REF_0280,validation,910003,high_drive,3,dispersed_slots,face_xy_p,0.7071067811865475,0.7071067811865475,0.0,1008,7.2074901988679135e-09,0.0,494543.70640715165
REF_0280,validation,910003,high_drive,3,dispersed_slots,face_xy_m,0.7071067811865475,-0.7071067811865475,0.0,1008,7.2074901988679135e-09,0.0,477510.64036140894
REF_0280,validation,910003,high_drive,3,dispersed_slots,face_xz_p,0.7071067811865475,0.0,0.7071067811865475,1008,7.2074901988679135e-09,0.0,1068984.7118015275
REF_0280,validation,910003,high_drive,3,dispersed_slots,face_xz_m,0.7071067811865475,0.0,-0.7071067811865475,1008,7.2074901988679135e-09,0.0,878974.2639142725
REF_0280,validation,910003,high_drive,3,dispersed_slots,face_yz_p,0.0,0.7071067811865475,0.7071067811865475,1008,7.2074901988679135e-09,0.0,818902.0755288405
REF_0280,validation,910003,high_drive,3,dispersed_slots,face_yz_m,0.0,0.7071067811865475,-0.7071067811865475,1008,7.2074901988679135e-09,0.0,1131976.5615861504
REF_0280,validation,910003,high_drive,3,dispersed_slots,body_ppp,0.5773502691896258,0.5773502691896258,0.5773502691896258,1008,7.2074901988679135e-09,0.0,831128.1244440934
REF_0280,validation,910003,high_drive,3,dispersed_slots,body_ppm,0.5773502691896258,0.5773502691896258,-0.5773502691896258,1008,7.2074901988679135e-09,0.0,905003.7746002779
REF_0280,validation,910003,high_drive,3,dispersed_slots,body_pmp,0.5773502691896258,-0.5773502691896258,0.5773502691896258,1008,7.2074901988679135e-09,0.0,970815.2973876345
REF_0280,validation,910003,high_drive,3,dispersed_slots,body_mpp,-0.5773502691896258,0.5773502691896258,0.5773502691896258,1008,7.2074901988679135e-09,0.0,750176.0985048689
REF_0281,final,910004,high_drive,0,localized_ledger_cells,axis_x,1.0,0.0,0.0,252,6.036509359244117e-09,0.0,2477837.681562556
REF_0281,final,910004,high_drive,0,localized_ledger_cells,axis_y,0.0,1.0,0.0,252,6.036509359244117e-09,0.0,1490217.4777987318
REF_0281,final,910004,high_drive,0,localized_ledger_cells,axis_z,0.0,0.0,1.0,252,6.036509359244117e-09,0.0,7984294.39302646
REF_0281,final,910004,high_drive,0,localized_ledger_cells,face_xy_p,0.7071067811865475,0.7071067811865475,0.0,252,6.036509359244117e-09,0.0,1189381.2071039078
REF_0281,final,910004,high_drive,0,localized_ledger_cells,face_xy_m,0.7071067811865475,-0.7071067811865475,0.0,252,6.036509359244117e-09,0.0,3034475.1890854966
REF_0281,final,910004,high_drive,0,localized_ledger_cells,face_xz_p,0.7071067811865475,0.0,0.7071067811865475,252,6.036509359244117e-09,0.0,3662351.322324176
REF_0281,final,910004,high_drive,0,localized_ledger_cells,face_xz_m,0.7071067811865475,0.0,-0.7071067811865475,252,6.036509359244117e-09,0.0,6610803.001241911
REF_0281,final,910004,high_drive,0,localized_ledger_cells,face_yz_p,0.0,0.7071067811865475,0.7071067811865475,252,6.036509359244117e-09,0.0,1552527.475083419
REF_0281,final,910004,high_drive,0,localized_ledger_cells,face_yz_m,0.0,0.7071067811865475,-0.7071067811865475,252,6.036509359244117e-09,0.0,8226816.746602772
REF_0281,final,910004,high_drive,0,localized_ledger_cells,body_ppp,0.5773502691896258,0.5773502691896258,0.5773502691896258,252,6.036509359244117e-09,0.0,1194847.3320670426
REF_0281,final,910004,high_drive,0,localized_ledger_cells,body_ppm,0.5773502691896258,0.5773502691896258,-0.5773502691896258,252,6.036509359244117e-09,0.0,6118524.304939742
REF_0281,final,910004,high_drive,0,localized_ledger_cells,body_pmp,0.5773502691896258,-0.5773502691896258,0.5773502691896258,252,6.036509359244117e-09,0.0,6581457.5411313735
REF_0281,final,910004,high_drive,0,localized_ledger_cells,body_mpp,-0.5773502691896258,0.5773502691896258,0.5773502691896258,252,6.036509359244117e-09,0.0,2371997.63541546
REF_0282,final,910004,high_drive,0,dispersed_slots,axis_x,1.0,0.0,0.0,252,4.769776601918363e-09,0.0,25018.80368082694
REF_0282,final,910004,high_drive,0,dispersed_slots,axis_y,0.0,1.0,0.0,252,4.769776601918363e-09,0.0,539767.4930448681
REF_0282,final,910004,high_drive,0,dispersed_slots,axis_z,0.0,0.0,1.0,252,4.769776601918363e-09,0.0,279173.5256100776
REF_0282,final,910004,high_drive,0,dispersed_slots,face_xy_p,0.7071067811865475,0.7071067811865475,0.0,252,4.769776601918363e-09,0.0,283953.87853524846
REF_0282,final,910004,high_drive,0,dispersed_slots,face_xy_m,0.7071067811865475,-0.7071067811865475,0.0,252,4.769776601918363e-09,0.0,323457.25978919864
REF_0282,final,910004,high_drive,0,dispersed_slots,face_xz_p,0.7071067811865475,0.0,0.7071067811865475,252,4.769776601918363e-09,0.0,121722.94121026405
REF_0282,final,910004,high_drive,0,dispersed_slots,face_xz_m,0.7071067811865475,0.0,-0.7071067811865475,252,4.769776601918363e-09,0.0,428112.6543015424
REF_0282,final,910004,high_drive,0,dispersed_slots,face_yz_p,0.0,0.7071067811865475,0.7071067811865475,252,4.769776601918363e-09,0.0,712761.6038111828
REF_0282,final,910004,high_drive,0,dispersed_slots,face_yz_m,0.0,0.7071067811865475,-0.7071067811865475,252,4.769776601918363e-09,0.0,94448.33638256471
REF_0282,final,910004,high_drive,0,dispersed_slots,body_ppp,0.5773502691896258,0.5773502691896258,0.5773502691896258,252,4.769776601918363e-09,0.0,332660.36013755365
REF_0282,final,910004,high_drive,0,dispersed_slots,body_ppm,0.5773502691896258,0.5773502691896258,-0.5773502691896258,252,4.769776601918363e-09,0.0,335327.80946615635
REF_0282,final,910004,high_drive,0,dispersed_slots,body_pmp,0.5773502691896258,-0.5773502691896258,0.5773502691896258,252,4.769776601918363e-09,0.0,69957.01647428123
REF_0282,final,910004,high_drive,0,dispersed_slots,body_mpp,-0.5773502691896258,0.5773502691896258,0.5773502691896258,252,4.769776601918363e-09,0.0,633145.2697994439
REF_0283,final,910004,high_drive,1,localized_ledger_cells,axis_x,1.0,0.0,0.0,378,2.9131516367432017e-08,0.0,1730781.5296027327
REF_0283,final,910004,high_drive,1,localized_ledger_cells,axis_y,0.0,1.0,0.0,378,2.9131516367432017e-08,0.0,442410.3867132738
REF_0283,final,910004,high_drive,1,localized_ledger_cells,axis_z,0.0,0.0,1.0,378,2.9131516367432017e-08,0.0,1950007.936021165
REF_0283,final,910004,high_drive,1,localized_ledger_cells,face_xy_p,0.7071067811865475,0.7071067811865475,0.0,378,2.9131516367432017e-08,0.0,545240.3026318946
REF_0283,final,910004,high_drive,1,localized_ledger_cells,face_xy_m,0.7071067811865475,-0.7071067811865475,0.0,378,2.9131516367432017e-08,0.0,970939.5220804317
REF_0283,final,910004,high_drive,1,localized_ledger_cells,face_xz_p,0.7071067811865475,0.0,0.7071067811865475,378,2.9131516367432017e-08,0.0,1284186.5051930929
REF_0283,final,910004,high_drive,1,localized_ledger_cells,face_xz_m,0.7071067811865475,0.0,-0.7071067811865475,378,2.9131516367432017e-08,0.0,2209804.138887508
REF_0283,final,910004,high_drive,1,localized_ledger_cells,face_yz_p,0.0,0.7071067811865475,0.7071067811865475,378,2.9131516367432017e-08,0.0,223840.86133503722
REF_0283,final,910004,high_drive,1,localized_ledger_cells,face_yz_m,0.0,0.7071067811865475,-0.7071067811865475,378,2.9131516367432017e-08,0.0,2625964.2112935614
REF_0283,final,910004,high_drive,1,localized_ledger_cells,body_ppp,0.5773502691896258,0.5773502691896258,0.5773502691896258,378,2.9131516367432017e-08,0.0,44051.393620565155
REF_0283,final,910004,high_drive,1,localized_ledger_cells,body_ppm,0.5773502691896258,0.5773502691896258,-0.5773502691896258,378,2.9131516367432017e-08,0.0,2343804.7822904913
REF_0283,final,910004,high_drive,1,localized_ledger_cells,body_pmp,0.5773502691896258,-0.5773502691896258,0.5773502691896258,378,2.9131516367432017e-08,0.0,2278161.3900900865
REF_0283,final,910004,high_drive,1,localized_ledger_cells,body_mpp,-0.5773502691896258,0.5773502691896258,0.5773502691896258,378,2.9131516367432017e-08,0.0,488094.09200147045
REF_0284,final,910004,high_drive,1,dispersed_slots,axis_x,1.0,0.0,0.0,378,5.834326452941491e-09,0.0,402763.19988555124
REF_0284,final,910004,high_drive,1,dispersed_slots,axis_y,0.0,1.0,0.0,378,5.834326452941491e-09,0.0,351440.5485325312
REF_0284,final,910004,high_drive,1,dispersed_slots,axis_z,0.0,0.0,1.0,378,5.834326452941491e-09,0.0,651187.8774124624
REF_0284,final,910004,high_drive,1,dispersed_slots,face_xy_p,0.7071067811865475,0.7071067811865475,0.0,378,5.834326452941491e-09,0.0,509743.1108076686
REF_0284,final,910004,high_drive,1,dispersed_slots,face_xy_m,0.7071067811865475,-0.7071067811865475,0.0,378,5.834326452941491e-09,0.0,29257.139909909813
REF_0284,final,910004,high_drive,1,dispersed_slots,face_xz_p,0.7071067811865475,0.0,0.7071067811865475,378,5.834326452941491e-09,0.0,631759.2998894667
REF_0284,final,910004,high_drive,1,dispersed_slots,face_xz_m,0.7071067811865475,0.0,-0.7071067811865475,378,5.834326452941491e-09,0.0,462712.6925730746
REF_0284,final,910004,high_drive,1,dispersed_slots,face_yz_p,0.0,0.7071067811865475,0.7071067811865475,378,5.834326452941491e-09,0.0,973851.0294597567
REF_0284,final,910004,high_drive,1,dispersed_slots,face_yz_m,0.0,0.7071067811865475,-0.7071067811865475,378,5.834326452941491e-09,0.0,94959.63732638198
REF_0284,final,910004,high_drive,1,dispersed_slots,body_ppp,0.5773502691896258,0.5773502691896258,0.5773502691896258,378,5.834326452941491e-09,0.0,1024695.271162455
REF_0284,final,910004,high_drive,1,dispersed_slots,body_ppm,0.5773502691896258,0.5773502691896258,-0.5773502691896258,378,5.834326452941491e-09,0.0,77559.42570364196
REF_0284,final,910004,high_drive,1,dispersed_slots,body_pmp,0.5773502691896258,-0.5773502691896258,0.5773502691896258,378,5.834326452941491e-09,0.0,167037.43010650604
REF_0284,final,910004,high_drive,1,dispersed_slots,body_mpp,-0.5773502691896258,0.5773502691896258,0.5773502691896258,378,5.834326452941491e-09,0.0,508118.62596160755
REF_0285,final,910004,high_drive,2,localized_ledger_cells,axis_x,1.0,0.0,0.0,594,3.2973663233358634e-09,0.0,600402.2282862512
REF_0285,final,910004,high_drive,2,localized_ledger_cells,axis_y,0.0,1.0,0.0,594,3.2973663233358634e-09,0.0,142018.7831133259
REF_0285,final,910004,high_drive,2,localized_ledger_cells,axis_z,0.0,0.0,1.0,594,3.2973663233358634e-09,0.0,901238.5132941456
REF_0285,final,910004,high_drive,2,localized_ledger_cells,face_xy_p,0.7071067811865475,0.7071067811865475,0.0,594,3.2973663233358634e-09,0.0,388602.0723425076
REF_0285,final,910004,high_drive,2,localized_ledger_cells,face_xy_m,0.7071067811865475,-0.7071067811865475,0.0,594,3.2973663233358634e-09,0.0,267712.8481308851
REF_0285,final,910004,high_drive,2,localized_ledger_cells,face_xz_p,0.7071067811865475,0.0,0.7071067811865475,594,3.2973663233358634e-09,0.0,259378.16120755931
REF_0285,final,910004,high_drive,2,localized_ledger_cells,face_xz_m,0.7071067811865475,0.0,-0.7071067811865475,594,3.2973663233358634e-09,0.0,1179090.6350357938
REF_0285,final,910004,high_drive,2,localized_ledger_cells,face_yz_p,0.0,0.7071067811865475,0.7071067811865475,594,3.2973663233358634e-09,0.0,284010.5407446049
REF_0285,final,910004,high_drive,2,localized_ledger_cells,face_yz_m,0.0,0.7071067811865475,-0.7071067811865475,594,3.2973663233358634e-09,0.0,925266.5329130656
REF_0285,final,910004,high_drive,2,localized_ledger_cells,body_ppp,0.5773502691896258,0.5773502691896258,0.5773502691896258,594,3.2973663233358634e-09,0.0,43803.6287547042
REF_0285,final,910004,high_drive,2,localized_ledger_cells,body_ppm,0.5773502691896258,0.5773502691896258,-0.5773502691896258,594,3.2973663233358634e-09,0.0,1113138.7055741348
REF_0285,final,910004,high_drive,2,localized_ledger_cells,body_pmp,0.5773502691896258,-0.5773502691896258,0.5773502691896258,594,3.2973663233358634e-09,0.0,607515.5501394084
REF_0285,final,910004,high_drive,2,localized_ledger_cells,body_mpp,-0.5773502691896258,0.5773502691896258,0.5773502691896258,594,3.2973663233358634e-09,0.0,441969.6960006915
REF_0286,final,910004,high_drive,2,dispersed_slots,axis_x,1.0,0.0,0.0,594,6.1987903469931645e-09,0.0,295174.69543768116
REF_0286,final,910004,high_drive,2,dispersed_slots,axis_y,0.0,1.0,0.0,594,6.1987903469931645e-09,0.0,567139.1822239743
REF_0286,final,910004,high_drive,2,dispersed_slots,axis_z,0.0,0.0,1.0,594,6.1987903469931645e-09,0.0,1233424.686856622
REF_0286,final,910004,high_drive,2,dispersed_slots,face_xy_p,0.7071067811865475,0.7071067811865475,0.0,594,6.1987903469931645e-09,0.0,469655.94917583716
REF_0286,final,910004,high_drive,2,dispersed_slots,face_xy_m,0.7071067811865475,-0.7071067811865475,0.0,594,6.1987903469931645e-09,0.0,140002.08254592813
REF_0286,final,910004,high_drive,2,dispersed_slots,face_xz_p,0.7071067811865475,0.0,0.7071067811865475,594,6.1987903469931645e-09,0.0,551984.0693754663
REF_0286,final,910004,high_drive,2,dispersed_slots,face_xz_m,0.7071067811865475,0.0,-0.7071067811865475,594,6.1987903469931645e-09,0.0,1042842.8566887719
REF_0286,final,910004,high_drive,2,dispersed_slots,face_yz_p,0.0,0.7071067811865475,0.7071067811865475,594,6.1987903469931645e-09,0.0,313745.14201723004
REF_0286,final,910004,high_drive,2,dispersed_slots,face_yz_m,0.0,0.7071067811865475,-0.7071067811865475,594,6.1987903469931645e-09,0.0,1417064.0274401587
REF_0286,final,910004,high_drive,2,dispersed_slots,body_ppp,0.5773502691896258,0.5773502691896258,0.5773502691896258,594,6.1987903469931645e-09,0.0,90261.1763494726
REF_0286,final,910004,high_drive,2,dispersed_slots,body_ppm,0.5773502691896258,0.5773502691896258,-0.5773502691896258,594,6.1987903469931645e-09,0.0,1339551.584367929
REF_0286,final,910004,high_drive,2,dispersed_slots,body_pmp,0.5773502691896258,-0.5773502691896258,0.5773502691896258,594,6.1987903469931645e-09,0.0,607273.3236748283
REF_0286,final,910004,high_drive,2,dispersed_slots,body_mpp,-0.5773502691896258,0.5773502691896258,0.5773502691896258,594,6.1987903469931645e-09,0.0,529513.777815996
REF_0287,final,910004,high_drive,3,localized_ledger_cells,axis_x,1.0,0.0,0.0,1008,1.1046349251046448e-08,0.0,1352019.8953656156
REF_0287,final,910004,high_drive,3,localized_ledger_cells,axis_y,0.0,1.0,0.0,1008,1.1046349251046448e-08,0.0,851057.4150695729
REF_0287,final,910004,high_drive,3,localized_ledger_cells,axis_z,0.0,0.0,1.0,1008,1.1046349251046448e-08,0.0,1318966.0426198137
REF_0287,final,910004,high_drive,3,localized_ledger_cells,face_xy_p,0.7071067811865475,0.7071067811865475,0.0,1008,1.1046349251046448e-08,0.0,2181009.965705892
REF_0287,final,910004,high_drive,3,localized_ledger_cells,face_xy_m,0.7071067811865475,-0.7071067811865475,0.0,1008,1.1046349251046448e-08,0.0,264943.12765394757
REF_0287,final,910004,high_drive,3,localized_ledger_cells,face_xz_p,0.7071067811865475,0.0,0.7071067811865475,1008,1.1046349251046448e-08,0.0,2142100.023929213
REF_0287,final,910004,high_drive,3,localized_ledger_cells,face_xz_m,0.7071067811865475,0.0,-0.7071067811865475,1008,1.1046349251046448e-08,0.0,850262.81199457
REF_0287,final,910004,high_drive,3,localized_ledger_cells,face_yz_p,0.0,0.7071067811865475,0.7071067811865475,1008,1.1046349251046448e-08,0.0,35668.399546414985
REF_0287,final,910004,high_drive,3,localized_ledger_cells,face_yz_m,0.0,0.7071067811865475,-0.7071067811865475,1008,1.1046349251046448e-08,0.0,2706213.19622958
REF_0287,final,910004,high_drive,3,localized_ledger_cells,body_ppp,0.5773502691896258,0.5773502691896258,0.5773502691896258,1008,1.1046349251046448e-08,0.0,1125456.514881608
REF_0287,final,910004,high_drive,3,localized_ledger_cells,body_ppm,0.5773502691896258,0.5773502691896258,-0.5773502691896258,1008,1.1046349251046448e-08,0.0,2579095.790266789
REF_0287,final,910004,high_drive,3,localized_ledger_cells,body_pmp,0.5773502691896258,-0.5773502691896258,0.5773502691896258,1008,1.1046349251046448e-08,0.0,1939056.1469937158
REF_0287,final,910004,high_drive,3,localized_ledger_cells,body_mpp,-0.5773502691896258,0.5773502691896258,0.5773502691896258,1008,1.1046349251046448e-08,0.0,62325.63544199029
REF_0288,final,910004,high_drive,3,dispersed_slots,axis_x,1.0,0.0,0.0,1008,3.042705307275017e-08,0.0,1977570.960869268
REF_0288,final,910004,high_drive,3,dispersed_slots,axis_y,0.0,1.0,0.0,1008,3.042705307275017e-08,0.0,179289.93360662743
REF_0288,final,910004,high_drive,3,dispersed_slots,axis_z,0.0,0.0,1.0,1008,3.042705307275017e-08,0.0,1832878.5540171652
REF_0288,final,910004,high_drive,3,dispersed_slots,face_xy_p,0.7071067811865475,0.7071067811865475,0.0,1008,3.042705307275017e-08,0.0,1443873.4529130445
REF_0288,final,910004,high_drive,3,dispersed_slots,face_xy_m,0.7071067811865475,-0.7071067811865475,0.0,1008,3.042705307275017e-08,0.0,1017408.8213776476
REF_0288,final,910004,high_drive,3,dispersed_slots,face_xz_p,0.7071067811865475,0.0,0.7071067811865475,1008,3.042705307275017e-08,0.0,294384.997147405
REF_0288,final,910004,high_drive,3,dispersed_slots,face_xz_m,0.7071067811865475,0.0,-0.7071067811865475,1008,3.042705307275017e-08,0.0,3452705.0102438796
REF_0288,final,910004,high_drive,3,dispersed_slots,face_yz_p,0.0,0.7071067811865475,0.7071067811865475,1008,3.042705307275017e-08,0.0,811284.7940353914
REF_0288,final,910004,high_drive,3,dispersed_slots,face_yz_m,0.0,0.7071067811865475,-0.7071067811865475,1008,3.042705307275017e-08,0.0,2036664.6997246037
REF_0288,final,910004,high_drive,3,dispersed_slots,body_ppp,0.5773502691896258,0.5773502691896258,0.5773502691896258,1008,3.042705307275017e-08,0.0,300137.97742360906
REF_0288,final,910004,high_drive,3,dispersed_slots,body_ppm,0.5773502691896258,0.5773502691896258,-0.5773502691896258,1008,3.042705307275017e-08,0.0,3027824.992678945
REF_0288,final,910004,high_drive,3,dispersed_slots,body_pmp,0.5773502691896258,-0.5773502691896258,0.5773502691896258,1008,3.042705307275017e-08,0.0,1350212.986858571
REF_0288,final,910004,high_drive,3,dispersed_slots,body_mpp,-0.5773502691896258,0.5773502691896258,0.5773502691896258,1008,3.042705307275017e-08,0.0,1598670.310768157
