gate_id,pair_id,cell_id,triad_candidate_id,triad_signature,source_matter_row_allowed,source_subbucket,entry_face_id,entry_state,entry_bits,exit_face_id,exit_state,exit_bits,entry_vertices,exit_vertices,entry_edges,exit_edges,complementary,vertex_disjoint,edge_disjoint,provenance_pass,physical_scale_status,material_status,species_score_status,acoustic_dependency,starbreaker_dependency
CELL_QP093A-0115_GATE_000_TO_111,CELL_QP093A-0115_PAIR_000_111,CELL_QP093A-0115,QP093A-0115,1+1+1,yes,TRIAD_ALLOWED,CELL_QP093A-0115_f_---,---,000,CELL_QP093A-0115_f_+++,+++,111,CELL_QP093A-0115_v_-x;CELL_QP093A-0115_v_-y;CELL_QP093A-0115_v_-z,CELL_QP093A-0115_v_+x;CELL_QP093A-0115_v_+y;CELL_QP093A-0115_v_+z,CELL_QP093A-0115_e_-x_-y;CELL_QP093A-0115_e_-x_-z;CELL_QP093A-0115_e_-y_-z,CELL_QP093A-0115_e_+x_+y;CELL_QP093A-0115_e_+x_+z;CELL_QP093A-0115_e_+y_+z,true,true,true,true,OPEN_NO_UNIT_MAPPING,OPEN_CONVENTIONAL_ENGINEERING_INPUT,UNEMITTED_CR286_GATE,false,false
CELL_QP093A-0115_GATE_001_TO_110,CELL_QP093A-0115_PAIR_001_110,CELL_QP093A-0115,QP093A-0115,1+1+1,yes,TRIAD_ALLOWED,CELL_QP093A-0115_f_--+,--+,001,CELL_QP093A-0115_f_++-,++-,110,CELL_QP093A-0115_v_+z;CELL_QP093A-0115_v_-x;CELL_QP093A-0115_v_-y,CELL_QP093A-0115_v_+x;CELL_QP093A-0115_v_+y;CELL_QP093A-0115_v_-z,CELL_QP093A-0115_e_-x_+z;CELL_QP093A-0115_e_-x_-y;CELL_QP093A-0115_e_-y_+z,CELL_QP093A-0115_e_+x_+y;CELL_QP093A-0115_e_+x_-z;CELL_QP093A-0115_e_+y_-z,true,true,true,true,OPEN_NO_UNIT_MAPPING,OPEN_CONVENTIONAL_ENGINEERING_INPUT,UNEMITTED_CR286_GATE,false,false
CELL_QP093A-0115_GATE_010_TO_101,CELL_QP093A-0115_PAIR_010_101,CELL_QP093A-0115,QP093A-0115,1+1+1,yes,TRIAD_ALLOWED,CELL_QP093A-0115_f_-+-,-+-,010,CELL_QP093A-0115_f_+-+,+-+,101,CELL_QP093A-0115_v_+y;CELL_QP093A-0115_v_-x;CELL_QP093A-0115_v_-z,CELL_QP093A-0115_v_+x;CELL_QP093A-0115_v_+z;CELL_QP093A-0115_v_-y,CELL_QP093A-0115_e_+y_-z;CELL_QP093A-0115_e_-x_+y;CELL_QP093A-0115_e_-x_-z,CELL_QP093A-0115_e_+x_+z;CELL_QP093A-0115_e_+x_-y;CELL_QP093A-0115_e_-y_+z,true,true,true,true,OPEN_NO_UNIT_MAPPING,OPEN_CONVENTIONAL_ENGINEERING_INPUT,UNEMITTED_CR286_GATE,false,false
CELL_QP093A-0115_GATE_011_TO_100,CELL_QP093A-0115_PAIR_011_100,CELL_QP093A-0115,QP093A-0115,1+1+1,yes,TRIAD_ALLOWED,CELL_QP093A-0115_f_-++,-++,011,CELL_QP093A-0115_f_+--,+--,100,CELL_QP093A-0115_v_+y;CELL_QP093A-0115_v_+z;CELL_QP093A-0115_v_-x,CELL_QP093A-0115_v_+x;CELL_QP093A-0115_v_-y;CELL_QP093A-0115_v_-z,CELL_QP093A-0115_e_+y_+z;CELL_QP093A-0115_e_-x_+y;CELL_QP093A-0115_e_-x_+z,CELL_QP093A-0115_e_+x_-y;CELL_QP093A-0115_e_+x_-z;CELL_QP093A-0115_e_-y_-z,true,true,true,true,OPEN_NO_UNIT_MAPPING,OPEN_CONVENTIONAL_ENGINEERING_INPUT,UNEMITTED_CR286_GATE,false,false
CELL_QP093A-0115_GATE_100_TO_011,CELL_QP093A-0115_PAIR_011_100,CELL_QP093A-0115,QP093A-0115,1+1+1,yes,TRIAD_ALLOWED,CELL_QP093A-0115_f_+--,+--,100,CELL_QP093A-0115_f_-++,-++,011,CELL_QP093A-0115_v_+x;CELL_QP093A-0115_v_-y;CELL_QP093A-0115_v_-z,CELL_QP093A-0115_v_+y;CELL_QP093A-0115_v_+z;CELL_QP093A-0115_v_-x,CELL_QP093A-0115_e_+x_-y;CELL_QP093A-0115_e_+x_-z;CELL_QP093A-0115_e_-y_-z,CELL_QP093A-0115_e_+y_+z;CELL_QP093A-0115_e_-x_+y;CELL_QP093A-0115_e_-x_+z,true,true,true,true,OPEN_NO_UNIT_MAPPING,OPEN_CONVENTIONAL_ENGINEERING_INPUT,UNEMITTED_CR286_GATE,false,false
CELL_QP093A-0115_GATE_101_TO_010,CELL_QP093A-0115_PAIR_010_101,CELL_QP093A-0115,QP093A-0115,1+1+1,yes,TRIAD_ALLOWED,CELL_QP093A-0115_f_+-+,+-+,101,CELL_QP093A-0115_f_-+-,-+-,010,CELL_QP093A-0115_v_+x;CELL_QP093A-0115_v_+z;CELL_QP093A-0115_v_-y,CELL_QP093A-0115_v_+y;CELL_QP093A-0115_v_-x;CELL_QP093A-0115_v_-z,CELL_QP093A-0115_e_+x_+z;CELL_QP093A-0115_e_+x_-y;CELL_QP093A-0115_e_-y_+z,CELL_QP093A-0115_e_+y_-z;CELL_QP093A-0115_e_-x_+y;CELL_QP093A-0115_e_-x_-z,true,true,true,true,OPEN_NO_UNIT_MAPPING,OPEN_CONVENTIONAL_ENGINEERING_INPUT,UNEMITTED_CR286_GATE,false,false
CELL_QP093A-0115_GATE_110_TO_001,CELL_QP093A-0115_PAIR_001_110,CELL_QP093A-0115,QP093A-0115,1+1+1,yes,TRIAD_ALLOWED,CELL_QP093A-0115_f_++-,++-,110,CELL_QP093A-0115_f_--+,--+,001,CELL_QP093A-0115_v_+x;CELL_QP093A-0115_v_+y;CELL_QP093A-0115_v_-z,CELL_QP093A-0115_v_+z;CELL_QP093A-0115_v_-x;CELL_QP093A-0115_v_-y,CELL_QP093A-0115_e_+x_+y;CELL_QP093A-0115_e_+x_-z;CELL_QP093A-0115_e_+y_-z,CELL_QP093A-0115_e_-x_+z;CELL_QP093A-0115_e_-x_-y;CELL_QP093A-0115_e_-y_+z,true,true,true,true,OPEN_NO_UNIT_MAPPING,OPEN_CONVENTIONAL_ENGINEERING_INPUT,UNEMITTED_CR286_GATE,false,false
CELL_QP093A-0115_GATE_111_TO_000,CELL_QP093A-0115_PAIR_000_111,CELL_QP093A-0115,QP093A-0115,1+1+1,yes,TRIAD_ALLOWED,CELL_QP093A-0115_f_+++,+++,111,CELL_QP093A-0115_f_---,---,000,CELL_QP093A-0115_v_+x;CELL_QP093A-0115_v_+y;CELL_QP093A-0115_v_+z,CELL_QP093A-0115_v_-x;CELL_QP093A-0115_v_-y;CELL_QP093A-0115_v_-z,CELL_QP093A-0115_e_+x_+y;CELL_QP093A-0115_e_+x_+z;CELL_QP093A-0115_e_+y_+z,CELL_QP093A-0115_e_-x_-y;CELL_QP093A-0115_e_-x_-z;CELL_QP093A-0115_e_-y_-z,true,true,true,true,OPEN_NO_UNIT_MAPPING,OPEN_CONVENTIONAL_ENGINEERING_INPUT,UNEMITTED_CR286_GATE,false,false
CELL_QP093A-0116_GATE_000_TO_111,CELL_QP093A-0116_PAIR_000_111,CELL_QP093A-0116,QP093A-0116,1+1+2,yes,TRIAD_ALLOWED,CELL_QP093A-0116_f_---,---,000,CELL_QP093A-0116_f_+++,+++,111,CELL_QP093A-0116_v_-x;CELL_QP093A-0116_v_-y;CELL_QP093A-0116_v_-z,CELL_QP093A-0116_v_+x;CELL_QP093A-0116_v_+y;CELL_QP093A-0116_v_+z,CELL_QP093A-0116_e_-x_-y;CELL_QP093A-0116_e_-x_-z;CELL_QP093A-0116_e_-y_-z,CELL_QP093A-0116_e_+x_+y;CELL_QP093A-0116_e_+x_+z;CELL_QP093A-0116_e_+y_+z,true,true,true,true,OPEN_NO_UNIT_MAPPING,OPEN_CONVENTIONAL_ENGINEERING_INPUT,UNEMITTED_CR286_GATE,false,false
CELL_QP093A-0116_GATE_001_TO_110,CELL_QP093A-0116_PAIR_001_110,CELL_QP093A-0116,QP093A-0116,1+1+2,yes,TRIAD_ALLOWED,CELL_QP093A-0116_f_--+,--+,001,CELL_QP093A-0116_f_++-,++-,110,CELL_QP093A-0116_v_+z;CELL_QP093A-0116_v_-x;CELL_QP093A-0116_v_-y,CELL_QP093A-0116_v_+x;CELL_QP093A-0116_v_+y;CELL_QP093A-0116_v_-z,CELL_QP093A-0116_e_-x_+z;CELL_QP093A-0116_e_-x_-y;CELL_QP093A-0116_e_-y_+z,CELL_QP093A-0116_e_+x_+y;CELL_QP093A-0116_e_+x_-z;CELL_QP093A-0116_e_+y_-z,true,true,true,true,OPEN_NO_UNIT_MAPPING,OPEN_CONVENTIONAL_ENGINEERING_INPUT,UNEMITTED_CR286_GATE,false,false
CELL_QP093A-0116_GATE_010_TO_101,CELL_QP093A-0116_PAIR_010_101,CELL_QP093A-0116,QP093A-0116,1+1+2,yes,TRIAD_ALLOWED,CELL_QP093A-0116_f_-+-,-+-,010,CELL_QP093A-0116_f_+-+,+-+,101,CELL_QP093A-0116_v_+y;CELL_QP093A-0116_v_-x;CELL_QP093A-0116_v_-z,CELL_QP093A-0116_v_+x;CELL_QP093A-0116_v_+z;CELL_QP093A-0116_v_-y,CELL_QP093A-0116_e_+y_-z;CELL_QP093A-0116_e_-x_+y;CELL_QP093A-0116_e_-x_-z,CELL_QP093A-0116_e_+x_+z;CELL_QP093A-0116_e_+x_-y;CELL_QP093A-0116_e_-y_+z,true,true,true,true,OPEN_NO_UNIT_MAPPING,OPEN_CONVENTIONAL_ENGINEERING_INPUT,UNEMITTED_CR286_GATE,false,false
CELL_QP093A-0116_GATE_011_TO_100,CELL_QP093A-0116_PAIR_011_100,CELL_QP093A-0116,QP093A-0116,1+1+2,yes,TRIAD_ALLOWED,CELL_QP093A-0116_f_-++,-++,011,CELL_QP093A-0116_f_+--,+--,100,CELL_QP093A-0116_v_+y;CELL_QP093A-0116_v_+z;CELL_QP093A-0116_v_-x,CELL_QP093A-0116_v_+x;CELL_QP093A-0116_v_-y;CELL_QP093A-0116_v_-z,CELL_QP093A-0116_e_+y_+z;CELL_QP093A-0116_e_-x_+y;CELL_QP093A-0116_e_-x_+z,CELL_QP093A-0116_e_+x_-y;CELL_QP093A-0116_e_+x_-z;CELL_QP093A-0116_e_-y_-z,true,true,true,true,OPEN_NO_UNIT_MAPPING,OPEN_CONVENTIONAL_ENGINEERING_INPUT,UNEMITTED_CR286_GATE,false,false
CELL_QP093A-0116_GATE_100_TO_011,CELL_QP093A-0116_PAIR_011_100,CELL_QP093A-0116,QP093A-0116,1+1+2,yes,TRIAD_ALLOWED,CELL_QP093A-0116_f_+--,+--,100,CELL_QP093A-0116_f_-++,-++,011,CELL_QP093A-0116_v_+x;CELL_QP093A-0116_v_-y;CELL_QP093A-0116_v_-z,CELL_QP093A-0116_v_+y;CELL_QP093A-0116_v_+z;CELL_QP093A-0116_v_-x,CELL_QP093A-0116_e_+x_-y;CELL_QP093A-0116_e_+x_-z;CELL_QP093A-0116_e_-y_-z,CELL_QP093A-0116_e_+y_+z;CELL_QP093A-0116_e_-x_+y;CELL_QP093A-0116_e_-x_+z,true,true,true,true,OPEN_NO_UNIT_MAPPING,OPEN_CONVENTIONAL_ENGINEERING_INPUT,UNEMITTED_CR286_GATE,false,false
CELL_QP093A-0116_GATE_101_TO_010,CELL_QP093A-0116_PAIR_010_101,CELL_QP093A-0116,QP093A-0116,1+1+2,yes,TRIAD_ALLOWED,CELL_QP093A-0116_f_+-+,+-+,101,CELL_QP093A-0116_f_-+-,-+-,010,CELL_QP093A-0116_v_+x;CELL_QP093A-0116_v_+z;CELL_QP093A-0116_v_-y,CELL_QP093A-0116_v_+y;CELL_QP093A-0116_v_-x;CELL_QP093A-0116_v_-z,CELL_QP093A-0116_e_+x_+z;CELL_QP093A-0116_e_+x_-y;CELL_QP093A-0116_e_-y_+z,CELL_QP093A-0116_e_+y_-z;CELL_QP093A-0116_e_-x_+y;CELL_QP093A-0116_e_-x_-z,true,true,true,true,OPEN_NO_UNIT_MAPPING,OPEN_CONVENTIONAL_ENGINEERING_INPUT,UNEMITTED_CR286_GATE,false,false
CELL_QP093A-0116_GATE_110_TO_001,CELL_QP093A-0116_PAIR_001_110,CELL_QP093A-0116,QP093A-0116,1+1+2,yes,TRIAD_ALLOWED,CELL_QP093A-0116_f_++-,++-,110,CELL_QP093A-0116_f_--+,--+,001,CELL_QP093A-0116_v_+x;CELL_QP093A-0116_v_+y;CELL_QP093A-0116_v_-z,CELL_QP093A-0116_v_+z;CELL_QP093A-0116_v_-x;CELL_QP093A-0116_v_-y,CELL_QP093A-0116_e_+x_+y;CELL_QP093A-0116_e_+x_-z;CELL_QP093A-0116_e_+y_-z,CELL_QP093A-0116_e_-x_+z;CELL_QP093A-0116_e_-x_-y;CELL_QP093A-0116_e_-y_+z,true,true,true,true,OPEN_NO_UNIT_MAPPING,OPEN_CONVENTIONAL_ENGINEERING_INPUT,UNEMITTED_CR286_GATE,false,false
CELL_QP093A-0116_GATE_111_TO_000,CELL_QP093A-0116_PAIR_000_111,CELL_QP093A-0116,QP093A-0116,1+1+2,yes,TRIAD_ALLOWED,CELL_QP093A-0116_f_+++,+++,111,CELL_QP093A-0116_f_---,---,000,CELL_QP093A-0116_v_+x;CELL_QP093A-0116_v_+y;CELL_QP093A-0116_v_+z,CELL_QP093A-0116_v_-x;CELL_QP093A-0116_v_-y;CELL_QP093A-0116_v_-z,CELL_QP093A-0116_e_+x_+y;CELL_QP093A-0116_e_+x_+z;CELL_QP093A-0116_e_+y_+z,CELL_QP093A-0116_e_-x_-y;CELL_QP093A-0116_e_-x_-z;CELL_QP093A-0116_e_-y_-z,true,true,true,true,OPEN_NO_UNIT_MAPPING,OPEN_CONVENTIONAL_ENGINEERING_INPUT,UNEMITTED_CR286_GATE,false,false
CELL_QP093A-0117_GATE_000_TO_111,CELL_QP093A-0117_PAIR_000_111,CELL_QP093A-0117,QP093A-0117,1+1+3,yes,TRIAD_ALLOWED,CELL_QP093A-0117_f_---,---,000,CELL_QP093A-0117_f_+++,+++,111,CELL_QP093A-0117_v_-x;CELL_QP093A-0117_v_-y;CELL_QP093A-0117_v_-z,CELL_QP093A-0117_v_+x;CELL_QP093A-0117_v_+y;CELL_QP093A-0117_v_+z,CELL_QP093A-0117_e_-x_-y;CELL_QP093A-0117_e_-x_-z;CELL_QP093A-0117_e_-y_-z,CELL_QP093A-0117_e_+x_+y;CELL_QP093A-0117_e_+x_+z;CELL_QP093A-0117_e_+y_+z,true,true,true,true,OPEN_NO_UNIT_MAPPING,OPEN_CONVENTIONAL_ENGINEERING_INPUT,UNEMITTED_CR286_GATE,false,false
CELL_QP093A-0117_GATE_001_TO_110,CELL_QP093A-0117_PAIR_001_110,CELL_QP093A-0117,QP093A-0117,1+1+3,yes,TRIAD_ALLOWED,CELL_QP093A-0117_f_--+,--+,001,CELL_QP093A-0117_f_++-,++-,110,CELL_QP093A-0117_v_+z;CELL_QP093A-0117_v_-x;CELL_QP093A-0117_v_-y,CELL_QP093A-0117_v_+x;CELL_QP093A-0117_v_+y;CELL_QP093A-0117_v_-z,CELL_QP093A-0117_e_-x_+z;CELL_QP093A-0117_e_-x_-y;CELL_QP093A-0117_e_-y_+z,CELL_QP093A-0117_e_+x_+y;CELL_QP093A-0117_e_+x_-z;CELL_QP093A-0117_e_+y_-z,true,true,true,true,OPEN_NO_UNIT_MAPPING,OPEN_CONVENTIONAL_ENGINEERING_INPUT,UNEMITTED_CR286_GATE,false,false
CELL_QP093A-0117_GATE_010_TO_101,CELL_QP093A-0117_PAIR_010_101,CELL_QP093A-0117,QP093A-0117,1+1+3,yes,TRIAD_ALLOWED,CELL_QP093A-0117_f_-+-,-+-,010,CELL_QP093A-0117_f_+-+,+-+,101,CELL_QP093A-0117_v_+y;CELL_QP093A-0117_v_-x;CELL_QP093A-0117_v_-z,CELL_QP093A-0117_v_+x;CELL_QP093A-0117_v_+z;CELL_QP093A-0117_v_-y,CELL_QP093A-0117_e_+y_-z;CELL_QP093A-0117_e_-x_+y;CELL_QP093A-0117_e_-x_-z,CELL_QP093A-0117_e_+x_+z;CELL_QP093A-0117_e_+x_-y;CELL_QP093A-0117_e_-y_+z,true,true,true,true,OPEN_NO_UNIT_MAPPING,OPEN_CONVENTIONAL_ENGINEERING_INPUT,UNEMITTED_CR286_GATE,false,false
CELL_QP093A-0117_GATE_011_TO_100,CELL_QP093A-0117_PAIR_011_100,CELL_QP093A-0117,QP093A-0117,1+1+3,yes,TRIAD_ALLOWED,CELL_QP093A-0117_f_-++,-++,011,CELL_QP093A-0117_f_+--,+--,100,CELL_QP093A-0117_v_+y;CELL_QP093A-0117_v_+z;CELL_QP093A-0117_v_-x,CELL_QP093A-0117_v_+x;CELL_QP093A-0117_v_-y;CELL_QP093A-0117_v_-z,CELL_QP093A-0117_e_+y_+z;CELL_QP093A-0117_e_-x_+y;CELL_QP093A-0117_e_-x_+z,CELL_QP093A-0117_e_+x_-y;CELL_QP093A-0117_e_+x_-z;CELL_QP093A-0117_e_-y_-z,true,true,true,true,OPEN_NO_UNIT_MAPPING,OPEN_CONVENTIONAL_ENGINEERING_INPUT,UNEMITTED_CR286_GATE,false,false
CELL_QP093A-0117_GATE_100_TO_011,CELL_QP093A-0117_PAIR_011_100,CELL_QP093A-0117,QP093A-0117,1+1+3,yes,TRIAD_ALLOWED,CELL_QP093A-0117_f_+--,+--,100,CELL_QP093A-0117_f_-++,-++,011,CELL_QP093A-0117_v_+x;CELL_QP093A-0117_v_-y;CELL_QP093A-0117_v_-z,CELL_QP093A-0117_v_+y;CELL_QP093A-0117_v_+z;CELL_QP093A-0117_v_-x,CELL_QP093A-0117_e_+x_-y;CELL_QP093A-0117_e_+x_-z;CELL_QP093A-0117_e_-y_-z,CELL_QP093A-0117_e_+y_+z;CELL_QP093A-0117_e_-x_+y;CELL_QP093A-0117_e_-x_+z,true,true,true,true,OPEN_NO_UNIT_MAPPING,OPEN_CONVENTIONAL_ENGINEERING_INPUT,UNEMITTED_CR286_GATE,false,false
CELL_QP093A-0117_GATE_101_TO_010,CELL_QP093A-0117_PAIR_010_101,CELL_QP093A-0117,QP093A-0117,1+1+3,yes,TRIAD_ALLOWED,CELL_QP093A-0117_f_+-+,+-+,101,CELL_QP093A-0117_f_-+-,-+-,010,CELL_QP093A-0117_v_+x;CELL_QP093A-0117_v_+z;CELL_QP093A-0117_v_-y,CELL_QP093A-0117_v_+y;CELL_QP093A-0117_v_-x;CELL_QP093A-0117_v_-z,CELL_QP093A-0117_e_+x_+z;CELL_QP093A-0117_e_+x_-y;CELL_QP093A-0117_e_-y_+z,CELL_QP093A-0117_e_+y_-z;CELL_QP093A-0117_e_-x_+y;CELL_QP093A-0117_e_-x_-z,true,true,true,true,OPEN_NO_UNIT_MAPPING,OPEN_CONVENTIONAL_ENGINEERING_INPUT,UNEMITTED_CR286_GATE,false,false
CELL_QP093A-0117_GATE_110_TO_001,CELL_QP093A-0117_PAIR_001_110,CELL_QP093A-0117,QP093A-0117,1+1+3,yes,TRIAD_ALLOWED,CELL_QP093A-0117_f_++-,++-,110,CELL_QP093A-0117_f_--+,--+,001,CELL_QP093A-0117_v_+x;CELL_QP093A-0117_v_+y;CELL_QP093A-0117_v_-z,CELL_QP093A-0117_v_+z;CELL_QP093A-0117_v_-x;CELL_QP093A-0117_v_-y,CELL_QP093A-0117_e_+x_+y;CELL_QP093A-0117_e_+x_-z;CELL_QP093A-0117_e_+y_-z,CELL_QP093A-0117_e_-x_+z;CELL_QP093A-0117_e_-x_-y;CELL_QP093A-0117_e_-y_+z,true,true,true,true,OPEN_NO_UNIT_MAPPING,OPEN_CONVENTIONAL_ENGINEERING_INPUT,UNEMITTED_CR286_GATE,false,false
CELL_QP093A-0117_GATE_111_TO_000,CELL_QP093A-0117_PAIR_000_111,CELL_QP093A-0117,QP093A-0117,1+1+3,yes,TRIAD_ALLOWED,CELL_QP093A-0117_f_+++,+++,111,CELL_QP093A-0117_f_---,---,000,CELL_QP093A-0117_v_+x;CELL_QP093A-0117_v_+y;CELL_QP093A-0117_v_+z,CELL_QP093A-0117_v_-x;CELL_QP093A-0117_v_-y;CELL_QP093A-0117_v_-z,CELL_QP093A-0117_e_+x_+y;CELL_QP093A-0117_e_+x_+z;CELL_QP093A-0117_e_+y_+z,CELL_QP093A-0117_e_-x_-y;CELL_QP093A-0117_e_-x_-z;CELL_QP093A-0117_e_-y_-z,true,true,true,true,OPEN_NO_UNIT_MAPPING,OPEN_CONVENTIONAL_ENGINEERING_INPUT,UNEMITTED_CR286_GATE,false,false
CELL_QP093A-0118_GATE_000_TO_111,CELL_QP093A-0118_PAIR_000_111,CELL_QP093A-0118,QP093A-0118,1+1+4,yes,TRIAD_ALLOWED,CELL_QP093A-0118_f_---,---,000,CELL_QP093A-0118_f_+++,+++,111,CELL_QP093A-0118_v_-x;CELL_QP093A-0118_v_-y;CELL_QP093A-0118_v_-z,CELL_QP093A-0118_v_+x;CELL_QP093A-0118_v_+y;CELL_QP093A-0118_v_+z,CELL_QP093A-0118_e_-x_-y;CELL_QP093A-0118_e_-x_-z;CELL_QP093A-0118_e_-y_-z,CELL_QP093A-0118_e_+x_+y;CELL_QP093A-0118_e_+x_+z;CELL_QP093A-0118_e_+y_+z,true,true,true,true,OPEN_NO_UNIT_MAPPING,OPEN_CONVENTIONAL_ENGINEERING_INPUT,UNEMITTED_CR286_GATE,false,false
CELL_QP093A-0118_GATE_001_TO_110,CELL_QP093A-0118_PAIR_001_110,CELL_QP093A-0118,QP093A-0118,1+1+4,yes,TRIAD_ALLOWED,CELL_QP093A-0118_f_--+,--+,001,CELL_QP093A-0118_f_++-,++-,110,CELL_QP093A-0118_v_+z;CELL_QP093A-0118_v_-x;CELL_QP093A-0118_v_-y,CELL_QP093A-0118_v_+x;CELL_QP093A-0118_v_+y;CELL_QP093A-0118_v_-z,CELL_QP093A-0118_e_-x_+z;CELL_QP093A-0118_e_-x_-y;CELL_QP093A-0118_e_-y_+z,CELL_QP093A-0118_e_+x_+y;CELL_QP093A-0118_e_+x_-z;CELL_QP093A-0118_e_+y_-z,true,true,true,true,OPEN_NO_UNIT_MAPPING,OPEN_CONVENTIONAL_ENGINEERING_INPUT,UNEMITTED_CR286_GATE,false,false
CELL_QP093A-0118_GATE_010_TO_101,CELL_QP093A-0118_PAIR_010_101,CELL_QP093A-0118,QP093A-0118,1+1+4,yes,TRIAD_ALLOWED,CELL_QP093A-0118_f_-+-,-+-,010,CELL_QP093A-0118_f_+-+,+-+,101,CELL_QP093A-0118_v_+y;CELL_QP093A-0118_v_-x;CELL_QP093A-0118_v_-z,CELL_QP093A-0118_v_+x;CELL_QP093A-0118_v_+z;CELL_QP093A-0118_v_-y,CELL_QP093A-0118_e_+y_-z;CELL_QP093A-0118_e_-x_+y;CELL_QP093A-0118_e_-x_-z,CELL_QP093A-0118_e_+x_+z;CELL_QP093A-0118_e_+x_-y;CELL_QP093A-0118_e_-y_+z,true,true,true,true,OPEN_NO_UNIT_MAPPING,OPEN_CONVENTIONAL_ENGINEERING_INPUT,UNEMITTED_CR286_GATE,false,false
CELL_QP093A-0118_GATE_011_TO_100,CELL_QP093A-0118_PAIR_011_100,CELL_QP093A-0118,QP093A-0118,1+1+4,yes,TRIAD_ALLOWED,CELL_QP093A-0118_f_-++,-++,011,CELL_QP093A-0118_f_+--,+--,100,CELL_QP093A-0118_v_+y;CELL_QP093A-0118_v_+z;CELL_QP093A-0118_v_-x,CELL_QP093A-0118_v_+x;CELL_QP093A-0118_v_-y;CELL_QP093A-0118_v_-z,CELL_QP093A-0118_e_+y_+z;CELL_QP093A-0118_e_-x_+y;CELL_QP093A-0118_e_-x_+z,CELL_QP093A-0118_e_+x_-y;CELL_QP093A-0118_e_+x_-z;CELL_QP093A-0118_e_-y_-z,true,true,true,true,OPEN_NO_UNIT_MAPPING,OPEN_CONVENTIONAL_ENGINEERING_INPUT,UNEMITTED_CR286_GATE,false,false
CELL_QP093A-0118_GATE_100_TO_011,CELL_QP093A-0118_PAIR_011_100,CELL_QP093A-0118,QP093A-0118,1+1+4,yes,TRIAD_ALLOWED,CELL_QP093A-0118_f_+--,+--,100,CELL_QP093A-0118_f_-++,-++,011,CELL_QP093A-0118_v_+x;CELL_QP093A-0118_v_-y;CELL_QP093A-0118_v_-z,CELL_QP093A-0118_v_+y;CELL_QP093A-0118_v_+z;CELL_QP093A-0118_v_-x,CELL_QP093A-0118_e_+x_-y;CELL_QP093A-0118_e_+x_-z;CELL_QP093A-0118_e_-y_-z,CELL_QP093A-0118_e_+y_+z;CELL_QP093A-0118_e_-x_+y;CELL_QP093A-0118_e_-x_+z,true,true,true,true,OPEN_NO_UNIT_MAPPING,OPEN_CONVENTIONAL_ENGINEERING_INPUT,UNEMITTED_CR286_GATE,false,false
CELL_QP093A-0118_GATE_101_TO_010,CELL_QP093A-0118_PAIR_010_101,CELL_QP093A-0118,QP093A-0118,1+1+4,yes,TRIAD_ALLOWED,CELL_QP093A-0118_f_+-+,+-+,101,CELL_QP093A-0118_f_-+-,-+-,010,CELL_QP093A-0118_v_+x;CELL_QP093A-0118_v_+z;CELL_QP093A-0118_v_-y,CELL_QP093A-0118_v_+y;CELL_QP093A-0118_v_-x;CELL_QP093A-0118_v_-z,CELL_QP093A-0118_e_+x_+z;CELL_QP093A-0118_e_+x_-y;CELL_QP093A-0118_e_-y_+z,CELL_QP093A-0118_e_+y_-z;CELL_QP093A-0118_e_-x_+y;CELL_QP093A-0118_e_-x_-z,true,true,true,true,OPEN_NO_UNIT_MAPPING,OPEN_CONVENTIONAL_ENGINEERING_INPUT,UNEMITTED_CR286_GATE,false,false
CELL_QP093A-0118_GATE_110_TO_001,CELL_QP093A-0118_PAIR_001_110,CELL_QP093A-0118,QP093A-0118,1+1+4,yes,TRIAD_ALLOWED,CELL_QP093A-0118_f_++-,++-,110,CELL_QP093A-0118_f_--+,--+,001,CELL_QP093A-0118_v_+x;CELL_QP093A-0118_v_+y;CELL_QP093A-0118_v_-z,CELL_QP093A-0118_v_+z;CELL_QP093A-0118_v_-x;CELL_QP093A-0118_v_-y,CELL_QP093A-0118_e_+x_+y;CELL_QP093A-0118_e_+x_-z;CELL_QP093A-0118_e_+y_-z,CELL_QP093A-0118_e_-x_+z;CELL_QP093A-0118_e_-x_-y;CELL_QP093A-0118_e_-y_+z,true,true,true,true,OPEN_NO_UNIT_MAPPING,OPEN_CONVENTIONAL_ENGINEERING_INPUT,UNEMITTED_CR286_GATE,false,false
CELL_QP093A-0118_GATE_111_TO_000,CELL_QP093A-0118_PAIR_000_111,CELL_QP093A-0118,QP093A-0118,1+1+4,yes,TRIAD_ALLOWED,CELL_QP093A-0118_f_+++,+++,111,CELL_QP093A-0118_f_---,---,000,CELL_QP093A-0118_v_+x;CELL_QP093A-0118_v_+y;CELL_QP093A-0118_v_+z,CELL_QP093A-0118_v_-x;CELL_QP093A-0118_v_-y;CELL_QP093A-0118_v_-z,CELL_QP093A-0118_e_+x_+y;CELL_QP093A-0118_e_+x_+z;CELL_QP093A-0118_e_+y_+z,CELL_QP093A-0118_e_-x_-y;CELL_QP093A-0118_e_-x_-z;CELL_QP093A-0118_e_-y_-z,true,true,true,true,OPEN_NO_UNIT_MAPPING,OPEN_CONVENTIONAL_ENGINEERING_INPUT,UNEMITTED_CR286_GATE,false,false
CELL_QP093A-0119_GATE_000_TO_111,CELL_QP093A-0119_PAIR_000_111,CELL_QP093A-0119,QP093A-0119,1+1+6,yes,TRIAD_ALLOWED,CELL_QP093A-0119_f_---,---,000,CELL_QP093A-0119_f_+++,+++,111,CELL_QP093A-0119_v_-x;CELL_QP093A-0119_v_-y;CELL_QP093A-0119_v_-z,CELL_QP093A-0119_v_+x;CELL_QP093A-0119_v_+y;CELL_QP093A-0119_v_+z,CELL_QP093A-0119_e_-x_-y;CELL_QP093A-0119_e_-x_-z;CELL_QP093A-0119_e_-y_-z,CELL_QP093A-0119_e_+x_+y;CELL_QP093A-0119_e_+x_+z;CELL_QP093A-0119_e_+y_+z,true,true,true,true,OPEN_NO_UNIT_MAPPING,OPEN_CONVENTIONAL_ENGINEERING_INPUT,UNEMITTED_CR286_GATE,false,false
CELL_QP093A-0119_GATE_001_TO_110,CELL_QP093A-0119_PAIR_001_110,CELL_QP093A-0119,QP093A-0119,1+1+6,yes,TRIAD_ALLOWED,CELL_QP093A-0119_f_--+,--+,001,CELL_QP093A-0119_f_++-,++-,110,CELL_QP093A-0119_v_+z;CELL_QP093A-0119_v_-x;CELL_QP093A-0119_v_-y,CELL_QP093A-0119_v_+x;CELL_QP093A-0119_v_+y;CELL_QP093A-0119_v_-z,CELL_QP093A-0119_e_-x_+z;CELL_QP093A-0119_e_-x_-y;CELL_QP093A-0119_e_-y_+z,CELL_QP093A-0119_e_+x_+y;CELL_QP093A-0119_e_+x_-z;CELL_QP093A-0119_e_+y_-z,true,true,true,true,OPEN_NO_UNIT_MAPPING,OPEN_CONVENTIONAL_ENGINEERING_INPUT,UNEMITTED_CR286_GATE,false,false
CELL_QP093A-0119_GATE_010_TO_101,CELL_QP093A-0119_PAIR_010_101,CELL_QP093A-0119,QP093A-0119,1+1+6,yes,TRIAD_ALLOWED,CELL_QP093A-0119_f_-+-,-+-,010,CELL_QP093A-0119_f_+-+,+-+,101,CELL_QP093A-0119_v_+y;CELL_QP093A-0119_v_-x;CELL_QP093A-0119_v_-z,CELL_QP093A-0119_v_+x;CELL_QP093A-0119_v_+z;CELL_QP093A-0119_v_-y,CELL_QP093A-0119_e_+y_-z;CELL_QP093A-0119_e_-x_+y;CELL_QP093A-0119_e_-x_-z,CELL_QP093A-0119_e_+x_+z;CELL_QP093A-0119_e_+x_-y;CELL_QP093A-0119_e_-y_+z,true,true,true,true,OPEN_NO_UNIT_MAPPING,OPEN_CONVENTIONAL_ENGINEERING_INPUT,UNEMITTED_CR286_GATE,false,false
CELL_QP093A-0119_GATE_011_TO_100,CELL_QP093A-0119_PAIR_011_100,CELL_QP093A-0119,QP093A-0119,1+1+6,yes,TRIAD_ALLOWED,CELL_QP093A-0119_f_-++,-++,011,CELL_QP093A-0119_f_+--,+--,100,CELL_QP093A-0119_v_+y;CELL_QP093A-0119_v_+z;CELL_QP093A-0119_v_-x,CELL_QP093A-0119_v_+x;CELL_QP093A-0119_v_-y;CELL_QP093A-0119_v_-z,CELL_QP093A-0119_e_+y_+z;CELL_QP093A-0119_e_-x_+y;CELL_QP093A-0119_e_-x_+z,CELL_QP093A-0119_e_+x_-y;CELL_QP093A-0119_e_+x_-z;CELL_QP093A-0119_e_-y_-z,true,true,true,true,OPEN_NO_UNIT_MAPPING,OPEN_CONVENTIONAL_ENGINEERING_INPUT,UNEMITTED_CR286_GATE,false,false
CELL_QP093A-0119_GATE_100_TO_011,CELL_QP093A-0119_PAIR_011_100,CELL_QP093A-0119,QP093A-0119,1+1+6,yes,TRIAD_ALLOWED,CELL_QP093A-0119_f_+--,+--,100,CELL_QP093A-0119_f_-++,-++,011,CELL_QP093A-0119_v_+x;CELL_QP093A-0119_v_-y;CELL_QP093A-0119_v_-z,CELL_QP093A-0119_v_+y;CELL_QP093A-0119_v_+z;CELL_QP093A-0119_v_-x,CELL_QP093A-0119_e_+x_-y;CELL_QP093A-0119_e_+x_-z;CELL_QP093A-0119_e_-y_-z,CELL_QP093A-0119_e_+y_+z;CELL_QP093A-0119_e_-x_+y;CELL_QP093A-0119_e_-x_+z,true,true,true,true,OPEN_NO_UNIT_MAPPING,OPEN_CONVENTIONAL_ENGINEERING_INPUT,UNEMITTED_CR286_GATE,false,false
CELL_QP093A-0119_GATE_101_TO_010,CELL_QP093A-0119_PAIR_010_101,CELL_QP093A-0119,QP093A-0119,1+1+6,yes,TRIAD_ALLOWED,CELL_QP093A-0119_f_+-+,+-+,101,CELL_QP093A-0119_f_-+-,-+-,010,CELL_QP093A-0119_v_+x;CELL_QP093A-0119_v_+z;CELL_QP093A-0119_v_-y,CELL_QP093A-0119_v_+y;CELL_QP093A-0119_v_-x;CELL_QP093A-0119_v_-z,CELL_QP093A-0119_e_+x_+z;CELL_QP093A-0119_e_+x_-y;CELL_QP093A-0119_e_-y_+z,CELL_QP093A-0119_e_+y_-z;CELL_QP093A-0119_e_-x_+y;CELL_QP093A-0119_e_-x_-z,true,true,true,true,OPEN_NO_UNIT_MAPPING,OPEN_CONVENTIONAL_ENGINEERING_INPUT,UNEMITTED_CR286_GATE,false,false
CELL_QP093A-0119_GATE_110_TO_001,CELL_QP093A-0119_PAIR_001_110,CELL_QP093A-0119,QP093A-0119,1+1+6,yes,TRIAD_ALLOWED,CELL_QP093A-0119_f_++-,++-,110,CELL_QP093A-0119_f_--+,--+,001,CELL_QP093A-0119_v_+x;CELL_QP093A-0119_v_+y;CELL_QP093A-0119_v_-z,CELL_QP093A-0119_v_+z;CELL_QP093A-0119_v_-x;CELL_QP093A-0119_v_-y,CELL_QP093A-0119_e_+x_+y;CELL_QP093A-0119_e_+x_-z;CELL_QP093A-0119_e_+y_-z,CELL_QP093A-0119_e_-x_+z;CELL_QP093A-0119_e_-x_-y;CELL_QP093A-0119_e_-y_+z,true,true,true,true,OPEN_NO_UNIT_MAPPING,OPEN_CONVENTIONAL_ENGINEERING_INPUT,UNEMITTED_CR286_GATE,false,false
CELL_QP093A-0119_GATE_111_TO_000,CELL_QP093A-0119_PAIR_000_111,CELL_QP093A-0119,QP093A-0119,1+1+6,yes,TRIAD_ALLOWED,CELL_QP093A-0119_f_+++,+++,111,CELL_QP093A-0119_f_---,---,000,CELL_QP093A-0119_v_+x;CELL_QP093A-0119_v_+y;CELL_QP093A-0119_v_+z,CELL_QP093A-0119_v_-x;CELL_QP093A-0119_v_-y;CELL_QP093A-0119_v_-z,CELL_QP093A-0119_e_+x_+y;CELL_QP093A-0119_e_+x_+z;CELL_QP093A-0119_e_+y_+z,CELL_QP093A-0119_e_-x_-y;CELL_QP093A-0119_e_-x_-z;CELL_QP093A-0119_e_-y_-z,true,true,true,true,OPEN_NO_UNIT_MAPPING,OPEN_CONVENTIONAL_ENGINEERING_INPUT,UNEMITTED_CR286_GATE,false,false
CELL_QP093A-0120_GATE_000_TO_111,CELL_QP093A-0120_PAIR_000_111,CELL_QP093A-0120,QP093A-0120,1+1+8,yes,TRIAD_ALLOWED,CELL_QP093A-0120_f_---,---,000,CELL_QP093A-0120_f_+++,+++,111,CELL_QP093A-0120_v_-x;CELL_QP093A-0120_v_-y;CELL_QP093A-0120_v_-z,CELL_QP093A-0120_v_+x;CELL_QP093A-0120_v_+y;CELL_QP093A-0120_v_+z,CELL_QP093A-0120_e_-x_-y;CELL_QP093A-0120_e_-x_-z;CELL_QP093A-0120_e_-y_-z,CELL_QP093A-0120_e_+x_+y;CELL_QP093A-0120_e_+x_+z;CELL_QP093A-0120_e_+y_+z,true,true,true,true,OPEN_NO_UNIT_MAPPING,OPEN_CONVENTIONAL_ENGINEERING_INPUT,UNEMITTED_CR286_GATE,false,false
CELL_QP093A-0120_GATE_001_TO_110,CELL_QP093A-0120_PAIR_001_110,CELL_QP093A-0120,QP093A-0120,1+1+8,yes,TRIAD_ALLOWED,CELL_QP093A-0120_f_--+,--+,001,CELL_QP093A-0120_f_++-,++-,110,CELL_QP093A-0120_v_+z;CELL_QP093A-0120_v_-x;CELL_QP093A-0120_v_-y,CELL_QP093A-0120_v_+x;CELL_QP093A-0120_v_+y;CELL_QP093A-0120_v_-z,CELL_QP093A-0120_e_-x_+z;CELL_QP093A-0120_e_-x_-y;CELL_QP093A-0120_e_-y_+z,CELL_QP093A-0120_e_+x_+y;CELL_QP093A-0120_e_+x_-z;CELL_QP093A-0120_e_+y_-z,true,true,true,true,OPEN_NO_UNIT_MAPPING,OPEN_CONVENTIONAL_ENGINEERING_INPUT,UNEMITTED_CR286_GATE,false,false
CELL_QP093A-0120_GATE_010_TO_101,CELL_QP093A-0120_PAIR_010_101,CELL_QP093A-0120,QP093A-0120,1+1+8,yes,TRIAD_ALLOWED,CELL_QP093A-0120_f_-+-,-+-,010,CELL_QP093A-0120_f_+-+,+-+,101,CELL_QP093A-0120_v_+y;CELL_QP093A-0120_v_-x;CELL_QP093A-0120_v_-z,CELL_QP093A-0120_v_+x;CELL_QP093A-0120_v_+z;CELL_QP093A-0120_v_-y,CELL_QP093A-0120_e_+y_-z;CELL_QP093A-0120_e_-x_+y;CELL_QP093A-0120_e_-x_-z,CELL_QP093A-0120_e_+x_+z;CELL_QP093A-0120_e_+x_-y;CELL_QP093A-0120_e_-y_+z,true,true,true,true,OPEN_NO_UNIT_MAPPING,OPEN_CONVENTIONAL_ENGINEERING_INPUT,UNEMITTED_CR286_GATE,false,false
CELL_QP093A-0120_GATE_011_TO_100,CELL_QP093A-0120_PAIR_011_100,CELL_QP093A-0120,QP093A-0120,1+1+8,yes,TRIAD_ALLOWED,CELL_QP093A-0120_f_-++,-++,011,CELL_QP093A-0120_f_+--,+--,100,CELL_QP093A-0120_v_+y;CELL_QP093A-0120_v_+z;CELL_QP093A-0120_v_-x,CELL_QP093A-0120_v_+x;CELL_QP093A-0120_v_-y;CELL_QP093A-0120_v_-z,CELL_QP093A-0120_e_+y_+z;CELL_QP093A-0120_e_-x_+y;CELL_QP093A-0120_e_-x_+z,CELL_QP093A-0120_e_+x_-y;CELL_QP093A-0120_e_+x_-z;CELL_QP093A-0120_e_-y_-z,true,true,true,true,OPEN_NO_UNIT_MAPPING,OPEN_CONVENTIONAL_ENGINEERING_INPUT,UNEMITTED_CR286_GATE,false,false
CELL_QP093A-0120_GATE_100_TO_011,CELL_QP093A-0120_PAIR_011_100,CELL_QP093A-0120,QP093A-0120,1+1+8,yes,TRIAD_ALLOWED,CELL_QP093A-0120_f_+--,+--,100,CELL_QP093A-0120_f_-++,-++,011,CELL_QP093A-0120_v_+x;CELL_QP093A-0120_v_-y;CELL_QP093A-0120_v_-z,CELL_QP093A-0120_v_+y;CELL_QP093A-0120_v_+z;CELL_QP093A-0120_v_-x,CELL_QP093A-0120_e_+x_-y;CELL_QP093A-0120_e_+x_-z;CELL_QP093A-0120_e_-y_-z,CELL_QP093A-0120_e_+y_+z;CELL_QP093A-0120_e_-x_+y;CELL_QP093A-0120_e_-x_+z,true,true,true,true,OPEN_NO_UNIT_MAPPING,OPEN_CONVENTIONAL_ENGINEERING_INPUT,UNEMITTED_CR286_GATE,false,false
CELL_QP093A-0120_GATE_101_TO_010,CELL_QP093A-0120_PAIR_010_101,CELL_QP093A-0120,QP093A-0120,1+1+8,yes,TRIAD_ALLOWED,CELL_QP093A-0120_f_+-+,+-+,101,CELL_QP093A-0120_f_-+-,-+-,010,CELL_QP093A-0120_v_+x;CELL_QP093A-0120_v_+z;CELL_QP093A-0120_v_-y,CELL_QP093A-0120_v_+y;CELL_QP093A-0120_v_-x;CELL_QP093A-0120_v_-z,CELL_QP093A-0120_e_+x_+z;CELL_QP093A-0120_e_+x_-y;CELL_QP093A-0120_e_-y_+z,CELL_QP093A-0120_e_+y_-z;CELL_QP093A-0120_e_-x_+y;CELL_QP093A-0120_e_-x_-z,true,true,true,true,OPEN_NO_UNIT_MAPPING,OPEN_CONVENTIONAL_ENGINEERING_INPUT,UNEMITTED_CR286_GATE,false,false
CELL_QP093A-0120_GATE_110_TO_001,CELL_QP093A-0120_PAIR_001_110,CELL_QP093A-0120,QP093A-0120,1+1+8,yes,TRIAD_ALLOWED,CELL_QP093A-0120_f_++-,++-,110,CELL_QP093A-0120_f_--+,--+,001,CELL_QP093A-0120_v_+x;CELL_QP093A-0120_v_+y;CELL_QP093A-0120_v_-z,CELL_QP093A-0120_v_+z;CELL_QP093A-0120_v_-x;CELL_QP093A-0120_v_-y,CELL_QP093A-0120_e_+x_+y;CELL_QP093A-0120_e_+x_-z;CELL_QP093A-0120_e_+y_-z,CELL_QP093A-0120_e_-x_+z;CELL_QP093A-0120_e_-x_-y;CELL_QP093A-0120_e_-y_+z,true,true,true,true,OPEN_NO_UNIT_MAPPING,OPEN_CONVENTIONAL_ENGINEERING_INPUT,UNEMITTED_CR286_GATE,false,false
CELL_QP093A-0120_GATE_111_TO_000,CELL_QP093A-0120_PAIR_000_111,CELL_QP093A-0120,QP093A-0120,1+1+8,yes,TRIAD_ALLOWED,CELL_QP093A-0120_f_+++,+++,111,CELL_QP093A-0120_f_---,---,000,CELL_QP093A-0120_v_+x;CELL_QP093A-0120_v_+y;CELL_QP093A-0120_v_+z,CELL_QP093A-0120_v_-x;CELL_QP093A-0120_v_-y;CELL_QP093A-0120_v_-z,CELL_QP093A-0120_e_+x_+y;CELL_QP093A-0120_e_+x_+z;CELL_QP093A-0120_e_+y_+z,CELL_QP093A-0120_e_-x_-y;CELL_QP093A-0120_e_-x_-z;CELL_QP093A-0120_e_-y_-z,true,true,true,true,OPEN_NO_UNIT_MAPPING,OPEN_CONVENTIONAL_ENGINEERING_INPUT,UNEMITTED_CR286_GATE,false,false
CELL_QP093A-0121_GATE_000_TO_111,CELL_QP093A-0121_PAIR_000_111,CELL_QP093A-0121,QP093A-0121,1+1+9,yes,TRIAD_ALLOWED,CELL_QP093A-0121_f_---,---,000,CELL_QP093A-0121_f_+++,+++,111,CELL_QP093A-0121_v_-x;CELL_QP093A-0121_v_-y;CELL_QP093A-0121_v_-z,CELL_QP093A-0121_v_+x;CELL_QP093A-0121_v_+y;CELL_QP093A-0121_v_+z,CELL_QP093A-0121_e_-x_-y;CELL_QP093A-0121_e_-x_-z;CELL_QP093A-0121_e_-y_-z,CELL_QP093A-0121_e_+x_+y;CELL_QP093A-0121_e_+x_+z;CELL_QP093A-0121_e_+y_+z,true,true,true,true,OPEN_NO_UNIT_MAPPING,OPEN_CONVENTIONAL_ENGINEERING_INPUT,UNEMITTED_CR286_GATE,false,false
CELL_QP093A-0121_GATE_001_TO_110,CELL_QP093A-0121_PAIR_001_110,CELL_QP093A-0121,QP093A-0121,1+1+9,yes,TRIAD_ALLOWED,CELL_QP093A-0121_f_--+,--+,001,CELL_QP093A-0121_f_++-,++-,110,CELL_QP093A-0121_v_+z;CELL_QP093A-0121_v_-x;CELL_QP093A-0121_v_-y,CELL_QP093A-0121_v_+x;CELL_QP093A-0121_v_+y;CELL_QP093A-0121_v_-z,CELL_QP093A-0121_e_-x_+z;CELL_QP093A-0121_e_-x_-y;CELL_QP093A-0121_e_-y_+z,CELL_QP093A-0121_e_+x_+y;CELL_QP093A-0121_e_+x_-z;CELL_QP093A-0121_e_+y_-z,true,true,true,true,OPEN_NO_UNIT_MAPPING,OPEN_CONVENTIONAL_ENGINEERING_INPUT,UNEMITTED_CR286_GATE,false,false
CELL_QP093A-0121_GATE_010_TO_101,CELL_QP093A-0121_PAIR_010_101,CELL_QP093A-0121,QP093A-0121,1+1+9,yes,TRIAD_ALLOWED,CELL_QP093A-0121_f_-+-,-+-,010,CELL_QP093A-0121_f_+-+,+-+,101,CELL_QP093A-0121_v_+y;CELL_QP093A-0121_v_-x;CELL_QP093A-0121_v_-z,CELL_QP093A-0121_v_+x;CELL_QP093A-0121_v_+z;CELL_QP093A-0121_v_-y,CELL_QP093A-0121_e_+y_-z;CELL_QP093A-0121_e_-x_+y;CELL_QP093A-0121_e_-x_-z,CELL_QP093A-0121_e_+x_+z;CELL_QP093A-0121_e_+x_-y;CELL_QP093A-0121_e_-y_+z,true,true,true,true,OPEN_NO_UNIT_MAPPING,OPEN_CONVENTIONAL_ENGINEERING_INPUT,UNEMITTED_CR286_GATE,false,false
CELL_QP093A-0121_GATE_011_TO_100,CELL_QP093A-0121_PAIR_011_100,CELL_QP093A-0121,QP093A-0121,1+1+9,yes,TRIAD_ALLOWED,CELL_QP093A-0121_f_-++,-++,011,CELL_QP093A-0121_f_+--,+--,100,CELL_QP093A-0121_v_+y;CELL_QP093A-0121_v_+z;CELL_QP093A-0121_v_-x,CELL_QP093A-0121_v_+x;CELL_QP093A-0121_v_-y;CELL_QP093A-0121_v_-z,CELL_QP093A-0121_e_+y_+z;CELL_QP093A-0121_e_-x_+y;CELL_QP093A-0121_e_-x_+z,CELL_QP093A-0121_e_+x_-y;CELL_QP093A-0121_e_+x_-z;CELL_QP093A-0121_e_-y_-z,true,true,true,true,OPEN_NO_UNIT_MAPPING,OPEN_CONVENTIONAL_ENGINEERING_INPUT,UNEMITTED_CR286_GATE,false,false
CELL_QP093A-0121_GATE_100_TO_011,CELL_QP093A-0121_PAIR_011_100,CELL_QP093A-0121,QP093A-0121,1+1+9,yes,TRIAD_ALLOWED,CELL_QP093A-0121_f_+--,+--,100,CELL_QP093A-0121_f_-++,-++,011,CELL_QP093A-0121_v_+x;CELL_QP093A-0121_v_-y;CELL_QP093A-0121_v_-z,CELL_QP093A-0121_v_+y;CELL_QP093A-0121_v_+z;CELL_QP093A-0121_v_-x,CELL_QP093A-0121_e_+x_-y;CELL_QP093A-0121_e_+x_-z;CELL_QP093A-0121_e_-y_-z,CELL_QP093A-0121_e_+y_+z;CELL_QP093A-0121_e_-x_+y;CELL_QP093A-0121_e_-x_+z,true,true,true,true,OPEN_NO_UNIT_MAPPING,OPEN_CONVENTIONAL_ENGINEERING_INPUT,UNEMITTED_CR286_GATE,false,false
CELL_QP093A-0121_GATE_101_TO_010,CELL_QP093A-0121_PAIR_010_101,CELL_QP093A-0121,QP093A-0121,1+1+9,yes,TRIAD_ALLOWED,CELL_QP093A-0121_f_+-+,+-+,101,CELL_QP093A-0121_f_-+-,-+-,010,CELL_QP093A-0121_v_+x;CELL_QP093A-0121_v_+z;CELL_QP093A-0121_v_-y,CELL_QP093A-0121_v_+y;CELL_QP093A-0121_v_-x;CELL_QP093A-0121_v_-z,CELL_QP093A-0121_e_+x_+z;CELL_QP093A-0121_e_+x_-y;CELL_QP093A-0121_e_-y_+z,CELL_QP093A-0121_e_+y_-z;CELL_QP093A-0121_e_-x_+y;CELL_QP093A-0121_e_-x_-z,true,true,true,true,OPEN_NO_UNIT_MAPPING,OPEN_CONVENTIONAL_ENGINEERING_INPUT,UNEMITTED_CR286_GATE,false,false
CELL_QP093A-0121_GATE_110_TO_001,CELL_QP093A-0121_PAIR_001_110,CELL_QP093A-0121,QP093A-0121,1+1+9,yes,TRIAD_ALLOWED,CELL_QP093A-0121_f_++-,++-,110,CELL_QP093A-0121_f_--+,--+,001,CELL_QP093A-0121_v_+x;CELL_QP093A-0121_v_+y;CELL_QP093A-0121_v_-z,CELL_QP093A-0121_v_+z;CELL_QP093A-0121_v_-x;CELL_QP093A-0121_v_-y,CELL_QP093A-0121_e_+x_+y;CELL_QP093A-0121_e_+x_-z;CELL_QP093A-0121_e_+y_-z,CELL_QP093A-0121_e_-x_+z;CELL_QP093A-0121_e_-x_-y;CELL_QP093A-0121_e_-y_+z,true,true,true,true,OPEN_NO_UNIT_MAPPING,OPEN_CONVENTIONAL_ENGINEERING_INPUT,UNEMITTED_CR286_GATE,false,false
CELL_QP093A-0121_GATE_111_TO_000,CELL_QP093A-0121_PAIR_000_111,CELL_QP093A-0121,QP093A-0121,1+1+9,yes,TRIAD_ALLOWED,CELL_QP093A-0121_f_+++,+++,111,CELL_QP093A-0121_f_---,---,000,CELL_QP093A-0121_v_+x;CELL_QP093A-0121_v_+y;CELL_QP093A-0121_v_+z,CELL_QP093A-0121_v_-x;CELL_QP093A-0121_v_-y;CELL_QP093A-0121_v_-z,CELL_QP093A-0121_e_+x_+y;CELL_QP093A-0121_e_+x_+z;CELL_QP093A-0121_e_+y_+z,CELL_QP093A-0121_e_-x_-y;CELL_QP093A-0121_e_-x_-z;CELL_QP093A-0121_e_-y_-z,true,true,true,true,OPEN_NO_UNIT_MAPPING,OPEN_CONVENTIONAL_ENGINEERING_INPUT,UNEMITTED_CR286_GATE,false,false
CELL_QP093A-0122_GATE_000_TO_111,CELL_QP093A-0122_PAIR_000_111,CELL_QP093A-0122,QP093A-0122,1+1+12,yes,TRIAD_ALLOWED,CELL_QP093A-0122_f_---,---,000,CELL_QP093A-0122_f_+++,+++,111,CELL_QP093A-0122_v_-x;CELL_QP093A-0122_v_-y;CELL_QP093A-0122_v_-z,CELL_QP093A-0122_v_+x;CELL_QP093A-0122_v_+y;CELL_QP093A-0122_v_+z,CELL_QP093A-0122_e_-x_-y;CELL_QP093A-0122_e_-x_-z;CELL_QP093A-0122_e_-y_-z,CELL_QP093A-0122_e_+x_+y;CELL_QP093A-0122_e_+x_+z;CELL_QP093A-0122_e_+y_+z,true,true,true,true,OPEN_NO_UNIT_MAPPING,OPEN_CONVENTIONAL_ENGINEERING_INPUT,UNEMITTED_CR286_GATE,false,false
CELL_QP093A-0122_GATE_001_TO_110,CELL_QP093A-0122_PAIR_001_110,CELL_QP093A-0122,QP093A-0122,1+1+12,yes,TRIAD_ALLOWED,CELL_QP093A-0122_f_--+,--+,001,CELL_QP093A-0122_f_++-,++-,110,CELL_QP093A-0122_v_+z;CELL_QP093A-0122_v_-x;CELL_QP093A-0122_v_-y,CELL_QP093A-0122_v_+x;CELL_QP093A-0122_v_+y;CELL_QP093A-0122_v_-z,CELL_QP093A-0122_e_-x_+z;CELL_QP093A-0122_e_-x_-y;CELL_QP093A-0122_e_-y_+z,CELL_QP093A-0122_e_+x_+y;CELL_QP093A-0122_e_+x_-z;CELL_QP093A-0122_e_+y_-z,true,true,true,true,OPEN_NO_UNIT_MAPPING,OPEN_CONVENTIONAL_ENGINEERING_INPUT,UNEMITTED_CR286_GATE,false,false
CELL_QP093A-0122_GATE_010_TO_101,CELL_QP093A-0122_PAIR_010_101,CELL_QP093A-0122,QP093A-0122,1+1+12,yes,TRIAD_ALLOWED,CELL_QP093A-0122_f_-+-,-+-,010,CELL_QP093A-0122_f_+-+,+-+,101,CELL_QP093A-0122_v_+y;CELL_QP093A-0122_v_-x;CELL_QP093A-0122_v_-z,CELL_QP093A-0122_v_+x;CELL_QP093A-0122_v_+z;CELL_QP093A-0122_v_-y,CELL_QP093A-0122_e_+y_-z;CELL_QP093A-0122_e_-x_+y;CELL_QP093A-0122_e_-x_-z,CELL_QP093A-0122_e_+x_+z;CELL_QP093A-0122_e_+x_-y;CELL_QP093A-0122_e_-y_+z,true,true,true,true,OPEN_NO_UNIT_MAPPING,OPEN_CONVENTIONAL_ENGINEERING_INPUT,UNEMITTED_CR286_GATE,false,false
CELL_QP093A-0122_GATE_011_TO_100,CELL_QP093A-0122_PAIR_011_100,CELL_QP093A-0122,QP093A-0122,1+1+12,yes,TRIAD_ALLOWED,CELL_QP093A-0122_f_-++,-++,011,CELL_QP093A-0122_f_+--,+--,100,CELL_QP093A-0122_v_+y;CELL_QP093A-0122_v_+z;CELL_QP093A-0122_v_-x,CELL_QP093A-0122_v_+x;CELL_QP093A-0122_v_-y;CELL_QP093A-0122_v_-z,CELL_QP093A-0122_e_+y_+z;CELL_QP093A-0122_e_-x_+y;CELL_QP093A-0122_e_-x_+z,CELL_QP093A-0122_e_+x_-y;CELL_QP093A-0122_e_+x_-z;CELL_QP093A-0122_e_-y_-z,true,true,true,true,OPEN_NO_UNIT_MAPPING,OPEN_CONVENTIONAL_ENGINEERING_INPUT,UNEMITTED_CR286_GATE,false,false
CELL_QP093A-0122_GATE_100_TO_011,CELL_QP093A-0122_PAIR_011_100,CELL_QP093A-0122,QP093A-0122,1+1+12,yes,TRIAD_ALLOWED,CELL_QP093A-0122_f_+--,+--,100,CELL_QP093A-0122_f_-++,-++,011,CELL_QP093A-0122_v_+x;CELL_QP093A-0122_v_-y;CELL_QP093A-0122_v_-z,CELL_QP093A-0122_v_+y;CELL_QP093A-0122_v_+z;CELL_QP093A-0122_v_-x,CELL_QP093A-0122_e_+x_-y;CELL_QP093A-0122_e_+x_-z;CELL_QP093A-0122_e_-y_-z,CELL_QP093A-0122_e_+y_+z;CELL_QP093A-0122_e_-x_+y;CELL_QP093A-0122_e_-x_+z,true,true,true,true,OPEN_NO_UNIT_MAPPING,OPEN_CONVENTIONAL_ENGINEERING_INPUT,UNEMITTED_CR286_GATE,false,false
CELL_QP093A-0122_GATE_101_TO_010,CELL_QP093A-0122_PAIR_010_101,CELL_QP093A-0122,QP093A-0122,1+1+12,yes,TRIAD_ALLOWED,CELL_QP093A-0122_f_+-+,+-+,101,CELL_QP093A-0122_f_-+-,-+-,010,CELL_QP093A-0122_v_+x;CELL_QP093A-0122_v_+z;CELL_QP093A-0122_v_-y,CELL_QP093A-0122_v_+y;CELL_QP093A-0122_v_-x;CELL_QP093A-0122_v_-z,CELL_QP093A-0122_e_+x_+z;CELL_QP093A-0122_e_+x_-y;CELL_QP093A-0122_e_-y_+z,CELL_QP093A-0122_e_+y_-z;CELL_QP093A-0122_e_-x_+y;CELL_QP093A-0122_e_-x_-z,true,true,true,true,OPEN_NO_UNIT_MAPPING,OPEN_CONVENTIONAL_ENGINEERING_INPUT,UNEMITTED_CR286_GATE,false,false
CELL_QP093A-0122_GATE_110_TO_001,CELL_QP093A-0122_PAIR_001_110,CELL_QP093A-0122,QP093A-0122,1+1+12,yes,TRIAD_ALLOWED,CELL_QP093A-0122_f_++-,++-,110,CELL_QP093A-0122_f_--+,--+,001,CELL_QP093A-0122_v_+x;CELL_QP093A-0122_v_+y;CELL_QP093A-0122_v_-z,CELL_QP093A-0122_v_+z;CELL_QP093A-0122_v_-x;CELL_QP093A-0122_v_-y,CELL_QP093A-0122_e_+x_+y;CELL_QP093A-0122_e_+x_-z;CELL_QP093A-0122_e_+y_-z,CELL_QP093A-0122_e_-x_+z;CELL_QP093A-0122_e_-x_-y;CELL_QP093A-0122_e_-y_+z,true,true,true,true,OPEN_NO_UNIT_MAPPING,OPEN_CONVENTIONAL_ENGINEERING_INPUT,UNEMITTED_CR286_GATE,false,false
CELL_QP093A-0122_GATE_111_TO_000,CELL_QP093A-0122_PAIR_000_111,CELL_QP093A-0122,QP093A-0122,1+1+12,yes,TRIAD_ALLOWED,CELL_QP093A-0122_f_+++,+++,111,CELL_QP093A-0122_f_---,---,000,CELL_QP093A-0122_v_+x;CELL_QP093A-0122_v_+y;CELL_QP093A-0122_v_+z,CELL_QP093A-0122_v_-x;CELL_QP093A-0122_v_-y;CELL_QP093A-0122_v_-z,CELL_QP093A-0122_e_+x_+y;CELL_QP093A-0122_e_+x_+z;CELL_QP093A-0122_e_+y_+z,CELL_QP093A-0122_e_-x_-y;CELL_QP093A-0122_e_-x_-z;CELL_QP093A-0122_e_-y_-z,true,true,true,true,OPEN_NO_UNIT_MAPPING,OPEN_CONVENTIONAL_ENGINEERING_INPUT,UNEMITTED_CR286_GATE,false,false
CELL_QP093A-0123_GATE_000_TO_111,CELL_QP093A-0123_PAIR_000_111,CELL_QP093A-0123,QP093A-0123,1+2+2,yes,TRIAD_ALLOWED,CELL_QP093A-0123_f_---,---,000,CELL_QP093A-0123_f_+++,+++,111,CELL_QP093A-0123_v_-x;CELL_QP093A-0123_v_-y;CELL_QP093A-0123_v_-z,CELL_QP093A-0123_v_+x;CELL_QP093A-0123_v_+y;CELL_QP093A-0123_v_+z,CELL_QP093A-0123_e_-x_-y;CELL_QP093A-0123_e_-x_-z;CELL_QP093A-0123_e_-y_-z,CELL_QP093A-0123_e_+x_+y;CELL_QP093A-0123_e_+x_+z;CELL_QP093A-0123_e_+y_+z,true,true,true,true,OPEN_NO_UNIT_MAPPING,OPEN_CONVENTIONAL_ENGINEERING_INPUT,UNEMITTED_CR286_GATE,false,false
CELL_QP093A-0123_GATE_001_TO_110,CELL_QP093A-0123_PAIR_001_110,CELL_QP093A-0123,QP093A-0123,1+2+2,yes,TRIAD_ALLOWED,CELL_QP093A-0123_f_--+,--+,001,CELL_QP093A-0123_f_++-,++-,110,CELL_QP093A-0123_v_+z;CELL_QP093A-0123_v_-x;CELL_QP093A-0123_v_-y,CELL_QP093A-0123_v_+x;CELL_QP093A-0123_v_+y;CELL_QP093A-0123_v_-z,CELL_QP093A-0123_e_-x_+z;CELL_QP093A-0123_e_-x_-y;CELL_QP093A-0123_e_-y_+z,CELL_QP093A-0123_e_+x_+y;CELL_QP093A-0123_e_+x_-z;CELL_QP093A-0123_e_+y_-z,true,true,true,true,OPEN_NO_UNIT_MAPPING,OPEN_CONVENTIONAL_ENGINEERING_INPUT,UNEMITTED_CR286_GATE,false,false
CELL_QP093A-0123_GATE_010_TO_101,CELL_QP093A-0123_PAIR_010_101,CELL_QP093A-0123,QP093A-0123,1+2+2,yes,TRIAD_ALLOWED,CELL_QP093A-0123_f_-+-,-+-,010,CELL_QP093A-0123_f_+-+,+-+,101,CELL_QP093A-0123_v_+y;CELL_QP093A-0123_v_-x;CELL_QP093A-0123_v_-z,CELL_QP093A-0123_v_+x;CELL_QP093A-0123_v_+z;CELL_QP093A-0123_v_-y,CELL_QP093A-0123_e_+y_-z;CELL_QP093A-0123_e_-x_+y;CELL_QP093A-0123_e_-x_-z,CELL_QP093A-0123_e_+x_+z;CELL_QP093A-0123_e_+x_-y;CELL_QP093A-0123_e_-y_+z,true,true,true,true,OPEN_NO_UNIT_MAPPING,OPEN_CONVENTIONAL_ENGINEERING_INPUT,UNEMITTED_CR286_GATE,false,false
CELL_QP093A-0123_GATE_011_TO_100,CELL_QP093A-0123_PAIR_011_100,CELL_QP093A-0123,QP093A-0123,1+2+2,yes,TRIAD_ALLOWED,CELL_QP093A-0123_f_-++,-++,011,CELL_QP093A-0123_f_+--,+--,100,CELL_QP093A-0123_v_+y;CELL_QP093A-0123_v_+z;CELL_QP093A-0123_v_-x,CELL_QP093A-0123_v_+x;CELL_QP093A-0123_v_-y;CELL_QP093A-0123_v_-z,CELL_QP093A-0123_e_+y_+z;CELL_QP093A-0123_e_-x_+y;CELL_QP093A-0123_e_-x_+z,CELL_QP093A-0123_e_+x_-y;CELL_QP093A-0123_e_+x_-z;CELL_QP093A-0123_e_-y_-z,true,true,true,true,OPEN_NO_UNIT_MAPPING,OPEN_CONVENTIONAL_ENGINEERING_INPUT,UNEMITTED_CR286_GATE,false,false
CELL_QP093A-0123_GATE_100_TO_011,CELL_QP093A-0123_PAIR_011_100,CELL_QP093A-0123,QP093A-0123,1+2+2,yes,TRIAD_ALLOWED,CELL_QP093A-0123_f_+--,+--,100,CELL_QP093A-0123_f_-++,-++,011,CELL_QP093A-0123_v_+x;CELL_QP093A-0123_v_-y;CELL_QP093A-0123_v_-z,CELL_QP093A-0123_v_+y;CELL_QP093A-0123_v_+z;CELL_QP093A-0123_v_-x,CELL_QP093A-0123_e_+x_-y;CELL_QP093A-0123_e_+x_-z;CELL_QP093A-0123_e_-y_-z,CELL_QP093A-0123_e_+y_+z;CELL_QP093A-0123_e_-x_+y;CELL_QP093A-0123_e_-x_+z,true,true,true,true,OPEN_NO_UNIT_MAPPING,OPEN_CONVENTIONAL_ENGINEERING_INPUT,UNEMITTED_CR286_GATE,false,false
CELL_QP093A-0123_GATE_101_TO_010,CELL_QP093A-0123_PAIR_010_101,CELL_QP093A-0123,QP093A-0123,1+2+2,yes,TRIAD_ALLOWED,CELL_QP093A-0123_f_+-+,+-+,101,CELL_QP093A-0123_f_-+-,-+-,010,CELL_QP093A-0123_v_+x;CELL_QP093A-0123_v_+z;CELL_QP093A-0123_v_-y,CELL_QP093A-0123_v_+y;CELL_QP093A-0123_v_-x;CELL_QP093A-0123_v_-z,CELL_QP093A-0123_e_+x_+z;CELL_QP093A-0123_e_+x_-y;CELL_QP093A-0123_e_-y_+z,CELL_QP093A-0123_e_+y_-z;CELL_QP093A-0123_e_-x_+y;CELL_QP093A-0123_e_-x_-z,true,true,true,true,OPEN_NO_UNIT_MAPPING,OPEN_CONVENTIONAL_ENGINEERING_INPUT,UNEMITTED_CR286_GATE,false,false
CELL_QP093A-0123_GATE_110_TO_001,CELL_QP093A-0123_PAIR_001_110,CELL_QP093A-0123,QP093A-0123,1+2+2,yes,TRIAD_ALLOWED,CELL_QP093A-0123_f_++-,++-,110,CELL_QP093A-0123_f_--+,--+,001,CELL_QP093A-0123_v_+x;CELL_QP093A-0123_v_+y;CELL_QP093A-0123_v_-z,CELL_QP093A-0123_v_+z;CELL_QP093A-0123_v_-x;CELL_QP093A-0123_v_-y,CELL_QP093A-0123_e_+x_+y;CELL_QP093A-0123_e_+x_-z;CELL_QP093A-0123_e_+y_-z,CELL_QP093A-0123_e_-x_+z;CELL_QP093A-0123_e_-x_-y;CELL_QP093A-0123_e_-y_+z,true,true,true,true,OPEN_NO_UNIT_MAPPING,OPEN_CONVENTIONAL_ENGINEERING_INPUT,UNEMITTED_CR286_GATE,false,false
CELL_QP093A-0123_GATE_111_TO_000,CELL_QP093A-0123_PAIR_000_111,CELL_QP093A-0123,QP093A-0123,1+2+2,yes,TRIAD_ALLOWED,CELL_QP093A-0123_f_+++,+++,111,CELL_QP093A-0123_f_---,---,000,CELL_QP093A-0123_v_+x;CELL_QP093A-0123_v_+y;CELL_QP093A-0123_v_+z,CELL_QP093A-0123_v_-x;CELL_QP093A-0123_v_-y;CELL_QP093A-0123_v_-z,CELL_QP093A-0123_e_+x_+y;CELL_QP093A-0123_e_+x_+z;CELL_QP093A-0123_e_+y_+z,CELL_QP093A-0123_e_-x_-y;CELL_QP093A-0123_e_-x_-z;CELL_QP093A-0123_e_-y_-z,true,true,true,true,OPEN_NO_UNIT_MAPPING,OPEN_CONVENTIONAL_ENGINEERING_INPUT,UNEMITTED_CR286_GATE,false,false
CELL_QP093A-0124_GATE_000_TO_111,CELL_QP093A-0124_PAIR_000_111,CELL_QP093A-0124,QP093A-0124,1+2+3,yes,TRIAD_ALLOWED,CELL_QP093A-0124_f_---,---,000,CELL_QP093A-0124_f_+++,+++,111,CELL_QP093A-0124_v_-x;CELL_QP093A-0124_v_-y;CELL_QP093A-0124_v_-z,CELL_QP093A-0124_v_+x;CELL_QP093A-0124_v_+y;CELL_QP093A-0124_v_+z,CELL_QP093A-0124_e_-x_-y;CELL_QP093A-0124_e_-x_-z;CELL_QP093A-0124_e_-y_-z,CELL_QP093A-0124_e_+x_+y;CELL_QP093A-0124_e_+x_+z;CELL_QP093A-0124_e_+y_+z,true,true,true,true,OPEN_NO_UNIT_MAPPING,OPEN_CONVENTIONAL_ENGINEERING_INPUT,UNEMITTED_CR286_GATE,false,false
CELL_QP093A-0124_GATE_001_TO_110,CELL_QP093A-0124_PAIR_001_110,CELL_QP093A-0124,QP093A-0124,1+2+3,yes,TRIAD_ALLOWED,CELL_QP093A-0124_f_--+,--+,001,CELL_QP093A-0124_f_++-,++-,110,CELL_QP093A-0124_v_+z;CELL_QP093A-0124_v_-x;CELL_QP093A-0124_v_-y,CELL_QP093A-0124_v_+x;CELL_QP093A-0124_v_+y;CELL_QP093A-0124_v_-z,CELL_QP093A-0124_e_-x_+z;CELL_QP093A-0124_e_-x_-y;CELL_QP093A-0124_e_-y_+z,CELL_QP093A-0124_e_+x_+y;CELL_QP093A-0124_e_+x_-z;CELL_QP093A-0124_e_+y_-z,true,true,true,true,OPEN_NO_UNIT_MAPPING,OPEN_CONVENTIONAL_ENGINEERING_INPUT,UNEMITTED_CR286_GATE,false,false
CELL_QP093A-0124_GATE_010_TO_101,CELL_QP093A-0124_PAIR_010_101,CELL_QP093A-0124,QP093A-0124,1+2+3,yes,TRIAD_ALLOWED,CELL_QP093A-0124_f_-+-,-+-,010,CELL_QP093A-0124_f_+-+,+-+,101,CELL_QP093A-0124_v_+y;CELL_QP093A-0124_v_-x;CELL_QP093A-0124_v_-z,CELL_QP093A-0124_v_+x;CELL_QP093A-0124_v_+z;CELL_QP093A-0124_v_-y,CELL_QP093A-0124_e_+y_-z;CELL_QP093A-0124_e_-x_+y;CELL_QP093A-0124_e_-x_-z,CELL_QP093A-0124_e_+x_+z;CELL_QP093A-0124_e_+x_-y;CELL_QP093A-0124_e_-y_+z,true,true,true,true,OPEN_NO_UNIT_MAPPING,OPEN_CONVENTIONAL_ENGINEERING_INPUT,UNEMITTED_CR286_GATE,false,false
CELL_QP093A-0124_GATE_011_TO_100,CELL_QP093A-0124_PAIR_011_100,CELL_QP093A-0124,QP093A-0124,1+2+3,yes,TRIAD_ALLOWED,CELL_QP093A-0124_f_-++,-++,011,CELL_QP093A-0124_f_+--,+--,100,CELL_QP093A-0124_v_+y;CELL_QP093A-0124_v_+z;CELL_QP093A-0124_v_-x,CELL_QP093A-0124_v_+x;CELL_QP093A-0124_v_-y;CELL_QP093A-0124_v_-z,CELL_QP093A-0124_e_+y_+z;CELL_QP093A-0124_e_-x_+y;CELL_QP093A-0124_e_-x_+z,CELL_QP093A-0124_e_+x_-y;CELL_QP093A-0124_e_+x_-z;CELL_QP093A-0124_e_-y_-z,true,true,true,true,OPEN_NO_UNIT_MAPPING,OPEN_CONVENTIONAL_ENGINEERING_INPUT,UNEMITTED_CR286_GATE,false,false
CELL_QP093A-0124_GATE_100_TO_011,CELL_QP093A-0124_PAIR_011_100,CELL_QP093A-0124,QP093A-0124,1+2+3,yes,TRIAD_ALLOWED,CELL_QP093A-0124_f_+--,+--,100,CELL_QP093A-0124_f_-++,-++,011,CELL_QP093A-0124_v_+x;CELL_QP093A-0124_v_-y;CELL_QP093A-0124_v_-z,CELL_QP093A-0124_v_+y;CELL_QP093A-0124_v_+z;CELL_QP093A-0124_v_-x,CELL_QP093A-0124_e_+x_-y;CELL_QP093A-0124_e_+x_-z;CELL_QP093A-0124_e_-y_-z,CELL_QP093A-0124_e_+y_+z;CELL_QP093A-0124_e_-x_+y;CELL_QP093A-0124_e_-x_+z,true,true,true,true,OPEN_NO_UNIT_MAPPING,OPEN_CONVENTIONAL_ENGINEERING_INPUT,UNEMITTED_CR286_GATE,false,false
CELL_QP093A-0124_GATE_101_TO_010,CELL_QP093A-0124_PAIR_010_101,CELL_QP093A-0124,QP093A-0124,1+2+3,yes,TRIAD_ALLOWED,CELL_QP093A-0124_f_+-+,+-+,101,CELL_QP093A-0124_f_-+-,-+-,010,CELL_QP093A-0124_v_+x;CELL_QP093A-0124_v_+z;CELL_QP093A-0124_v_-y,CELL_QP093A-0124_v_+y;CELL_QP093A-0124_v_-x;CELL_QP093A-0124_v_-z,CELL_QP093A-0124_e_+x_+z;CELL_QP093A-0124_e_+x_-y;CELL_QP093A-0124_e_-y_+z,CELL_QP093A-0124_e_+y_-z;CELL_QP093A-0124_e_-x_+y;CELL_QP093A-0124_e_-x_-z,true,true,true,true,OPEN_NO_UNIT_MAPPING,OPEN_CONVENTIONAL_ENGINEERING_INPUT,UNEMITTED_CR286_GATE,false,false
CELL_QP093A-0124_GATE_110_TO_001,CELL_QP093A-0124_PAIR_001_110,CELL_QP093A-0124,QP093A-0124,1+2+3,yes,TRIAD_ALLOWED,CELL_QP093A-0124_f_++-,++-,110,CELL_QP093A-0124_f_--+,--+,001,CELL_QP093A-0124_v_+x;CELL_QP093A-0124_v_+y;CELL_QP093A-0124_v_-z,CELL_QP093A-0124_v_+z;CELL_QP093A-0124_v_-x;CELL_QP093A-0124_v_-y,CELL_QP093A-0124_e_+x_+y;CELL_QP093A-0124_e_+x_-z;CELL_QP093A-0124_e_+y_-z,CELL_QP093A-0124_e_-x_+z;CELL_QP093A-0124_e_-x_-y;CELL_QP093A-0124_e_-y_+z,true,true,true,true,OPEN_NO_UNIT_MAPPING,OPEN_CONVENTIONAL_ENGINEERING_INPUT,UNEMITTED_CR286_GATE,false,false
CELL_QP093A-0124_GATE_111_TO_000,CELL_QP093A-0124_PAIR_000_111,CELL_QP093A-0124,QP093A-0124,1+2+3,yes,TRIAD_ALLOWED,CELL_QP093A-0124_f_+++,+++,111,CELL_QP093A-0124_f_---,---,000,CELL_QP093A-0124_v_+x;CELL_QP093A-0124_v_+y;CELL_QP093A-0124_v_+z,CELL_QP093A-0124_v_-x;CELL_QP093A-0124_v_-y;CELL_QP093A-0124_v_-z,CELL_QP093A-0124_e_+x_+y;CELL_QP093A-0124_e_+x_+z;CELL_QP093A-0124_e_+y_+z,CELL_QP093A-0124_e_-x_-y;CELL_QP093A-0124_e_-x_-z;CELL_QP093A-0124_e_-y_-z,true,true,true,true,OPEN_NO_UNIT_MAPPING,OPEN_CONVENTIONAL_ENGINEERING_INPUT,UNEMITTED_CR286_GATE,false,false
CELL_QP093A-0125_GATE_000_TO_111,CELL_QP093A-0125_PAIR_000_111,CELL_QP093A-0125,QP093A-0125,1+2+4,yes,TRIAD_ALLOWED,CELL_QP093A-0125_f_---,---,000,CELL_QP093A-0125_f_+++,+++,111,CELL_QP093A-0125_v_-x;CELL_QP093A-0125_v_-y;CELL_QP093A-0125_v_-z,CELL_QP093A-0125_v_+x;CELL_QP093A-0125_v_+y;CELL_QP093A-0125_v_+z,CELL_QP093A-0125_e_-x_-y;CELL_QP093A-0125_e_-x_-z;CELL_QP093A-0125_e_-y_-z,CELL_QP093A-0125_e_+x_+y;CELL_QP093A-0125_e_+x_+z;CELL_QP093A-0125_e_+y_+z,true,true,true,true,OPEN_NO_UNIT_MAPPING,OPEN_CONVENTIONAL_ENGINEERING_INPUT,UNEMITTED_CR286_GATE,false,false
CELL_QP093A-0125_GATE_001_TO_110,CELL_QP093A-0125_PAIR_001_110,CELL_QP093A-0125,QP093A-0125,1+2+4,yes,TRIAD_ALLOWED,CELL_QP093A-0125_f_--+,--+,001,CELL_QP093A-0125_f_++-,++-,110,CELL_QP093A-0125_v_+z;CELL_QP093A-0125_v_-x;CELL_QP093A-0125_v_-y,CELL_QP093A-0125_v_+x;CELL_QP093A-0125_v_+y;CELL_QP093A-0125_v_-z,CELL_QP093A-0125_e_-x_+z;CELL_QP093A-0125_e_-x_-y;CELL_QP093A-0125_e_-y_+z,CELL_QP093A-0125_e_+x_+y;CELL_QP093A-0125_e_+x_-z;CELL_QP093A-0125_e_+y_-z,true,true,true,true,OPEN_NO_UNIT_MAPPING,OPEN_CONVENTIONAL_ENGINEERING_INPUT,UNEMITTED_CR286_GATE,false,false
CELL_QP093A-0125_GATE_010_TO_101,CELL_QP093A-0125_PAIR_010_101,CELL_QP093A-0125,QP093A-0125,1+2+4,yes,TRIAD_ALLOWED,CELL_QP093A-0125_f_-+-,-+-,010,CELL_QP093A-0125_f_+-+,+-+,101,CELL_QP093A-0125_v_+y;CELL_QP093A-0125_v_-x;CELL_QP093A-0125_v_-z,CELL_QP093A-0125_v_+x;CELL_QP093A-0125_v_+z;CELL_QP093A-0125_v_-y,CELL_QP093A-0125_e_+y_-z;CELL_QP093A-0125_e_-x_+y;CELL_QP093A-0125_e_-x_-z,CELL_QP093A-0125_e_+x_+z;CELL_QP093A-0125_e_+x_-y;CELL_QP093A-0125_e_-y_+z,true,true,true,true,OPEN_NO_UNIT_MAPPING,OPEN_CONVENTIONAL_ENGINEERING_INPUT,UNEMITTED_CR286_GATE,false,false
CELL_QP093A-0125_GATE_011_TO_100,CELL_QP093A-0125_PAIR_011_100,CELL_QP093A-0125,QP093A-0125,1+2+4,yes,TRIAD_ALLOWED,CELL_QP093A-0125_f_-++,-++,011,CELL_QP093A-0125_f_+--,+--,100,CELL_QP093A-0125_v_+y;CELL_QP093A-0125_v_+z;CELL_QP093A-0125_v_-x,CELL_QP093A-0125_v_+x;CELL_QP093A-0125_v_-y;CELL_QP093A-0125_v_-z,CELL_QP093A-0125_e_+y_+z;CELL_QP093A-0125_e_-x_+y;CELL_QP093A-0125_e_-x_+z,CELL_QP093A-0125_e_+x_-y;CELL_QP093A-0125_e_+x_-z;CELL_QP093A-0125_e_-y_-z,true,true,true,true,OPEN_NO_UNIT_MAPPING,OPEN_CONVENTIONAL_ENGINEERING_INPUT,UNEMITTED_CR286_GATE,false,false
CELL_QP093A-0125_GATE_100_TO_011,CELL_QP093A-0125_PAIR_011_100,CELL_QP093A-0125,QP093A-0125,1+2+4,yes,TRIAD_ALLOWED,CELL_QP093A-0125_f_+--,+--,100,CELL_QP093A-0125_f_-++,-++,011,CELL_QP093A-0125_v_+x;CELL_QP093A-0125_v_-y;CELL_QP093A-0125_v_-z,CELL_QP093A-0125_v_+y;CELL_QP093A-0125_v_+z;CELL_QP093A-0125_v_-x,CELL_QP093A-0125_e_+x_-y;CELL_QP093A-0125_e_+x_-z;CELL_QP093A-0125_e_-y_-z,CELL_QP093A-0125_e_+y_+z;CELL_QP093A-0125_e_-x_+y;CELL_QP093A-0125_e_-x_+z,true,true,true,true,OPEN_NO_UNIT_MAPPING,OPEN_CONVENTIONAL_ENGINEERING_INPUT,UNEMITTED_CR286_GATE,false,false
CELL_QP093A-0125_GATE_101_TO_010,CELL_QP093A-0125_PAIR_010_101,CELL_QP093A-0125,QP093A-0125,1+2+4,yes,TRIAD_ALLOWED,CELL_QP093A-0125_f_+-+,+-+,101,CELL_QP093A-0125_f_-+-,-+-,010,CELL_QP093A-0125_v_+x;CELL_QP093A-0125_v_+z;CELL_QP093A-0125_v_-y,CELL_QP093A-0125_v_+y;CELL_QP093A-0125_v_-x;CELL_QP093A-0125_v_-z,CELL_QP093A-0125_e_+x_+z;CELL_QP093A-0125_e_+x_-y;CELL_QP093A-0125_e_-y_+z,CELL_QP093A-0125_e_+y_-z;CELL_QP093A-0125_e_-x_+y;CELL_QP093A-0125_e_-x_-z,true,true,true,true,OPEN_NO_UNIT_MAPPING,OPEN_CONVENTIONAL_ENGINEERING_INPUT,UNEMITTED_CR286_GATE,false,false
CELL_QP093A-0125_GATE_110_TO_001,CELL_QP093A-0125_PAIR_001_110,CELL_QP093A-0125,QP093A-0125,1+2+4,yes,TRIAD_ALLOWED,CELL_QP093A-0125_f_++-,++-,110,CELL_QP093A-0125_f_--+,--+,001,CELL_QP093A-0125_v_+x;CELL_QP093A-0125_v_+y;CELL_QP093A-0125_v_-z,CELL_QP093A-0125_v_+z;CELL_QP093A-0125_v_-x;CELL_QP093A-0125_v_-y,CELL_QP093A-0125_e_+x_+y;CELL_QP093A-0125_e_+x_-z;CELL_QP093A-0125_e_+y_-z,CELL_QP093A-0125_e_-x_+z;CELL_QP093A-0125_e_-x_-y;CELL_QP093A-0125_e_-y_+z,true,true,true,true,OPEN_NO_UNIT_MAPPING,OPEN_CONVENTIONAL_ENGINEERING_INPUT,UNEMITTED_CR286_GATE,false,false
CELL_QP093A-0125_GATE_111_TO_000,CELL_QP093A-0125_PAIR_000_111,CELL_QP093A-0125,QP093A-0125,1+2+4,yes,TRIAD_ALLOWED,CELL_QP093A-0125_f_+++,+++,111,CELL_QP093A-0125_f_---,---,000,CELL_QP093A-0125_v_+x;CELL_QP093A-0125_v_+y;CELL_QP093A-0125_v_+z,CELL_QP093A-0125_v_-x;CELL_QP093A-0125_v_-y;CELL_QP093A-0125_v_-z,CELL_QP093A-0125_e_+x_+y;CELL_QP093A-0125_e_+x_+z;CELL_QP093A-0125_e_+y_+z,CELL_QP093A-0125_e_-x_-y;CELL_QP093A-0125_e_-x_-z;CELL_QP093A-0125_e_-y_-z,true,true,true,true,OPEN_NO_UNIT_MAPPING,OPEN_CONVENTIONAL_ENGINEERING_INPUT,UNEMITTED_CR286_GATE,false,false
CELL_QP093A-0126_GATE_000_TO_111,CELL_QP093A-0126_PAIR_000_111,CELL_QP093A-0126,QP093A-0126,1+2+6,yes,TRIAD_ALLOWED,CELL_QP093A-0126_f_---,---,000,CELL_QP093A-0126_f_+++,+++,111,CELL_QP093A-0126_v_-x;CELL_QP093A-0126_v_-y;CELL_QP093A-0126_v_-z,CELL_QP093A-0126_v_+x;CELL_QP093A-0126_v_+y;CELL_QP093A-0126_v_+z,CELL_QP093A-0126_e_-x_-y;CELL_QP093A-0126_e_-x_-z;CELL_QP093A-0126_e_-y_-z,CELL_QP093A-0126_e_+x_+y;CELL_QP093A-0126_e_+x_+z;CELL_QP093A-0126_e_+y_+z,true,true,true,true,OPEN_NO_UNIT_MAPPING,OPEN_CONVENTIONAL_ENGINEERING_INPUT,UNEMITTED_CR286_GATE,false,false
CELL_QP093A-0126_GATE_001_TO_110,CELL_QP093A-0126_PAIR_001_110,CELL_QP093A-0126,QP093A-0126,1+2+6,yes,TRIAD_ALLOWED,CELL_QP093A-0126_f_--+,--+,001,CELL_QP093A-0126_f_++-,++-,110,CELL_QP093A-0126_v_+z;CELL_QP093A-0126_v_-x;CELL_QP093A-0126_v_-y,CELL_QP093A-0126_v_+x;CELL_QP093A-0126_v_+y;CELL_QP093A-0126_v_-z,CELL_QP093A-0126_e_-x_+z;CELL_QP093A-0126_e_-x_-y;CELL_QP093A-0126_e_-y_+z,CELL_QP093A-0126_e_+x_+y;CELL_QP093A-0126_e_+x_-z;CELL_QP093A-0126_e_+y_-z,true,true,true,true,OPEN_NO_UNIT_MAPPING,OPEN_CONVENTIONAL_ENGINEERING_INPUT,UNEMITTED_CR286_GATE,false,false
CELL_QP093A-0126_GATE_010_TO_101,CELL_QP093A-0126_PAIR_010_101,CELL_QP093A-0126,QP093A-0126,1+2+6,yes,TRIAD_ALLOWED,CELL_QP093A-0126_f_-+-,-+-,010,CELL_QP093A-0126_f_+-+,+-+,101,CELL_QP093A-0126_v_+y;CELL_QP093A-0126_v_-x;CELL_QP093A-0126_v_-z,CELL_QP093A-0126_v_+x;CELL_QP093A-0126_v_+z;CELL_QP093A-0126_v_-y,CELL_QP093A-0126_e_+y_-z;CELL_QP093A-0126_e_-x_+y;CELL_QP093A-0126_e_-x_-z,CELL_QP093A-0126_e_+x_+z;CELL_QP093A-0126_e_+x_-y;CELL_QP093A-0126_e_-y_+z,true,true,true,true,OPEN_NO_UNIT_MAPPING,OPEN_CONVENTIONAL_ENGINEERING_INPUT,UNEMITTED_CR286_GATE,false,false
CELL_QP093A-0126_GATE_011_TO_100,CELL_QP093A-0126_PAIR_011_100,CELL_QP093A-0126,QP093A-0126,1+2+6,yes,TRIAD_ALLOWED,CELL_QP093A-0126_f_-++,-++,011,CELL_QP093A-0126_f_+--,+--,100,CELL_QP093A-0126_v_+y;CELL_QP093A-0126_v_+z;CELL_QP093A-0126_v_-x,CELL_QP093A-0126_v_+x;CELL_QP093A-0126_v_-y;CELL_QP093A-0126_v_-z,CELL_QP093A-0126_e_+y_+z;CELL_QP093A-0126_e_-x_+y;CELL_QP093A-0126_e_-x_+z,CELL_QP093A-0126_e_+x_-y;CELL_QP093A-0126_e_+x_-z;CELL_QP093A-0126_e_-y_-z,true,true,true,true,OPEN_NO_UNIT_MAPPING,OPEN_CONVENTIONAL_ENGINEERING_INPUT,UNEMITTED_CR286_GATE,false,false
CELL_QP093A-0126_GATE_100_TO_011,CELL_QP093A-0126_PAIR_011_100,CELL_QP093A-0126,QP093A-0126,1+2+6,yes,TRIAD_ALLOWED,CELL_QP093A-0126_f_+--,+--,100,CELL_QP093A-0126_f_-++,-++,011,CELL_QP093A-0126_v_+x;CELL_QP093A-0126_v_-y;CELL_QP093A-0126_v_-z,CELL_QP093A-0126_v_+y;CELL_QP093A-0126_v_+z;CELL_QP093A-0126_v_-x,CELL_QP093A-0126_e_+x_-y;CELL_QP093A-0126_e_+x_-z;CELL_QP093A-0126_e_-y_-z,CELL_QP093A-0126_e_+y_+z;CELL_QP093A-0126_e_-x_+y;CELL_QP093A-0126_e_-x_+z,true,true,true,true,OPEN_NO_UNIT_MAPPING,OPEN_CONVENTIONAL_ENGINEERING_INPUT,UNEMITTED_CR286_GATE,false,false
CELL_QP093A-0126_GATE_101_TO_010,CELL_QP093A-0126_PAIR_010_101,CELL_QP093A-0126,QP093A-0126,1+2+6,yes,TRIAD_ALLOWED,CELL_QP093A-0126_f_+-+,+-+,101,CELL_QP093A-0126_f_-+-,-+-,010,CELL_QP093A-0126_v_+x;CELL_QP093A-0126_v_+z;CELL_QP093A-0126_v_-y,CELL_QP093A-0126_v_+y;CELL_QP093A-0126_v_-x;CELL_QP093A-0126_v_-z,CELL_QP093A-0126_e_+x_+z;CELL_QP093A-0126_e_+x_-y;CELL_QP093A-0126_e_-y_+z,CELL_QP093A-0126_e_+y_-z;CELL_QP093A-0126_e_-x_+y;CELL_QP093A-0126_e_-x_-z,true,true,true,true,OPEN_NO_UNIT_MAPPING,OPEN_CONVENTIONAL_ENGINEERING_INPUT,UNEMITTED_CR286_GATE,false,false
CELL_QP093A-0126_GATE_110_TO_001,CELL_QP093A-0126_PAIR_001_110,CELL_QP093A-0126,QP093A-0126,1+2+6,yes,TRIAD_ALLOWED,CELL_QP093A-0126_f_++-,++-,110,CELL_QP093A-0126_f_--+,--+,001,CELL_QP093A-0126_v_+x;CELL_QP093A-0126_v_+y;CELL_QP093A-0126_v_-z,CELL_QP093A-0126_v_+z;CELL_QP093A-0126_v_-x;CELL_QP093A-0126_v_-y,CELL_QP093A-0126_e_+x_+y;CELL_QP093A-0126_e_+x_-z;CELL_QP093A-0126_e_+y_-z,CELL_QP093A-0126_e_-x_+z;CELL_QP093A-0126_e_-x_-y;CELL_QP093A-0126_e_-y_+z,true,true,true,true,OPEN_NO_UNIT_MAPPING,OPEN_CONVENTIONAL_ENGINEERING_INPUT,UNEMITTED_CR286_GATE,false,false
CELL_QP093A-0126_GATE_111_TO_000,CELL_QP093A-0126_PAIR_000_111,CELL_QP093A-0126,QP093A-0126,1+2+6,yes,TRIAD_ALLOWED,CELL_QP093A-0126_f_+++,+++,111,CELL_QP093A-0126_f_---,---,000,CELL_QP093A-0126_v_+x;CELL_QP093A-0126_v_+y;CELL_QP093A-0126_v_+z,CELL_QP093A-0126_v_-x;CELL_QP093A-0126_v_-y;CELL_QP093A-0126_v_-z,CELL_QP093A-0126_e_+x_+y;CELL_QP093A-0126_e_+x_+z;CELL_QP093A-0126_e_+y_+z,CELL_QP093A-0126_e_-x_-y;CELL_QP093A-0126_e_-x_-z;CELL_QP093A-0126_e_-y_-z,true,true,true,true,OPEN_NO_UNIT_MAPPING,OPEN_CONVENTIONAL_ENGINEERING_INPUT,UNEMITTED_CR286_GATE,false,false
CELL_QP093A-0127_GATE_000_TO_111,CELL_QP093A-0127_PAIR_000_111,CELL_QP093A-0127,QP093A-0127,1+2+8,yes,TRIAD_ALLOWED,CELL_QP093A-0127_f_---,---,000,CELL_QP093A-0127_f_+++,+++,111,CELL_QP093A-0127_v_-x;CELL_QP093A-0127_v_-y;CELL_QP093A-0127_v_-z,CELL_QP093A-0127_v_+x;CELL_QP093A-0127_v_+y;CELL_QP093A-0127_v_+z,CELL_QP093A-0127_e_-x_-y;CELL_QP093A-0127_e_-x_-z;CELL_QP093A-0127_e_-y_-z,CELL_QP093A-0127_e_+x_+y;CELL_QP093A-0127_e_+x_+z;CELL_QP093A-0127_e_+y_+z,true,true,true,true,OPEN_NO_UNIT_MAPPING,OPEN_CONVENTIONAL_ENGINEERING_INPUT,UNEMITTED_CR286_GATE,false,false
CELL_QP093A-0127_GATE_001_TO_110,CELL_QP093A-0127_PAIR_001_110,CELL_QP093A-0127,QP093A-0127,1+2+8,yes,TRIAD_ALLOWED,CELL_QP093A-0127_f_--+,--+,001,CELL_QP093A-0127_f_++-,++-,110,CELL_QP093A-0127_v_+z;CELL_QP093A-0127_v_-x;CELL_QP093A-0127_v_-y,CELL_QP093A-0127_v_+x;CELL_QP093A-0127_v_+y;CELL_QP093A-0127_v_-z,CELL_QP093A-0127_e_-x_+z;CELL_QP093A-0127_e_-x_-y;CELL_QP093A-0127_e_-y_+z,CELL_QP093A-0127_e_+x_+y;CELL_QP093A-0127_e_+x_-z;CELL_QP093A-0127_e_+y_-z,true,true,true,true,OPEN_NO_UNIT_MAPPING,OPEN_CONVENTIONAL_ENGINEERING_INPUT,UNEMITTED_CR286_GATE,false,false
CELL_QP093A-0127_GATE_010_TO_101,CELL_QP093A-0127_PAIR_010_101,CELL_QP093A-0127,QP093A-0127,1+2+8,yes,TRIAD_ALLOWED,CELL_QP093A-0127_f_-+-,-+-,010,CELL_QP093A-0127_f_+-+,+-+,101,CELL_QP093A-0127_v_+y;CELL_QP093A-0127_v_-x;CELL_QP093A-0127_v_-z,CELL_QP093A-0127_v_+x;CELL_QP093A-0127_v_+z;CELL_QP093A-0127_v_-y,CELL_QP093A-0127_e_+y_-z;CELL_QP093A-0127_e_-x_+y;CELL_QP093A-0127_e_-x_-z,CELL_QP093A-0127_e_+x_+z;CELL_QP093A-0127_e_+x_-y;CELL_QP093A-0127_e_-y_+z,true,true,true,true,OPEN_NO_UNIT_MAPPING,OPEN_CONVENTIONAL_ENGINEERING_INPUT,UNEMITTED_CR286_GATE,false,false
CELL_QP093A-0127_GATE_011_TO_100,CELL_QP093A-0127_PAIR_011_100,CELL_QP093A-0127,QP093A-0127,1+2+8,yes,TRIAD_ALLOWED,CELL_QP093A-0127_f_-++,-++,011,CELL_QP093A-0127_f_+--,+--,100,CELL_QP093A-0127_v_+y;CELL_QP093A-0127_v_+z;CELL_QP093A-0127_v_-x,CELL_QP093A-0127_v_+x;CELL_QP093A-0127_v_-y;CELL_QP093A-0127_v_-z,CELL_QP093A-0127_e_+y_+z;CELL_QP093A-0127_e_-x_+y;CELL_QP093A-0127_e_-x_+z,CELL_QP093A-0127_e_+x_-y;CELL_QP093A-0127_e_+x_-z;CELL_QP093A-0127_e_-y_-z,true,true,true,true,OPEN_NO_UNIT_MAPPING,OPEN_CONVENTIONAL_ENGINEERING_INPUT,UNEMITTED_CR286_GATE,false,false
CELL_QP093A-0127_GATE_100_TO_011,CELL_QP093A-0127_PAIR_011_100,CELL_QP093A-0127,QP093A-0127,1+2+8,yes,TRIAD_ALLOWED,CELL_QP093A-0127_f_+--,+--,100,CELL_QP093A-0127_f_-++,-++,011,CELL_QP093A-0127_v_+x;CELL_QP093A-0127_v_-y;CELL_QP093A-0127_v_-z,CELL_QP093A-0127_v_+y;CELL_QP093A-0127_v_+z;CELL_QP093A-0127_v_-x,CELL_QP093A-0127_e_+x_-y;CELL_QP093A-0127_e_+x_-z;CELL_QP093A-0127_e_-y_-z,CELL_QP093A-0127_e_+y_+z;CELL_QP093A-0127_e_-x_+y;CELL_QP093A-0127_e_-x_+z,true,true,true,true,OPEN_NO_UNIT_MAPPING,OPEN_CONVENTIONAL_ENGINEERING_INPUT,UNEMITTED_CR286_GATE,false,false
CELL_QP093A-0127_GATE_101_TO_010,CELL_QP093A-0127_PAIR_010_101,CELL_QP093A-0127,QP093A-0127,1+2+8,yes,TRIAD_ALLOWED,CELL_QP093A-0127_f_+-+,+-+,101,CELL_QP093A-0127_f_-+-,-+-,010,CELL_QP093A-0127_v_+x;CELL_QP093A-0127_v_+z;CELL_QP093A-0127_v_-y,CELL_QP093A-0127_v_+y;CELL_QP093A-0127_v_-x;CELL_QP093A-0127_v_-z,CELL_QP093A-0127_e_+x_+z;CELL_QP093A-0127_e_+x_-y;CELL_QP093A-0127_e_-y_+z,CELL_QP093A-0127_e_+y_-z;CELL_QP093A-0127_e_-x_+y;CELL_QP093A-0127_e_-x_-z,true,true,true,true,OPEN_NO_UNIT_MAPPING,OPEN_CONVENTIONAL_ENGINEERING_INPUT,UNEMITTED_CR286_GATE,false,false
CELL_QP093A-0127_GATE_110_TO_001,CELL_QP093A-0127_PAIR_001_110,CELL_QP093A-0127,QP093A-0127,1+2+8,yes,TRIAD_ALLOWED,CELL_QP093A-0127_f_++-,++-,110,CELL_QP093A-0127_f_--+,--+,001,CELL_QP093A-0127_v_+x;CELL_QP093A-0127_v_+y;CELL_QP093A-0127_v_-z,CELL_QP093A-0127_v_+z;CELL_QP093A-0127_v_-x;CELL_QP093A-0127_v_-y,CELL_QP093A-0127_e_+x_+y;CELL_QP093A-0127_e_+x_-z;CELL_QP093A-0127_e_+y_-z,CELL_QP093A-0127_e_-x_+z;CELL_QP093A-0127_e_-x_-y;CELL_QP093A-0127_e_-y_+z,true,true,true,true,OPEN_NO_UNIT_MAPPING,OPEN_CONVENTIONAL_ENGINEERING_INPUT,UNEMITTED_CR286_GATE,false,false
CELL_QP093A-0127_GATE_111_TO_000,CELL_QP093A-0127_PAIR_000_111,CELL_QP093A-0127,QP093A-0127,1+2+8,yes,TRIAD_ALLOWED,CELL_QP093A-0127_f_+++,+++,111,CELL_QP093A-0127_f_---,---,000,CELL_QP093A-0127_v_+x;CELL_QP093A-0127_v_+y;CELL_QP093A-0127_v_+z,CELL_QP093A-0127_v_-x;CELL_QP093A-0127_v_-y;CELL_QP093A-0127_v_-z,CELL_QP093A-0127_e_+x_+y;CELL_QP093A-0127_e_+x_+z;CELL_QP093A-0127_e_+y_+z,CELL_QP093A-0127_e_-x_-y;CELL_QP093A-0127_e_-x_-z;CELL_QP093A-0127_e_-y_-z,true,true,true,true,OPEN_NO_UNIT_MAPPING,OPEN_CONVENTIONAL_ENGINEERING_INPUT,UNEMITTED_CR286_GATE,false,false
CELL_QP093A-0128_GATE_000_TO_111,CELL_QP093A-0128_PAIR_000_111,CELL_QP093A-0128,QP093A-0128,1+2+9,yes,TRIAD_ALLOWED,CELL_QP093A-0128_f_---,---,000,CELL_QP093A-0128_f_+++,+++,111,CELL_QP093A-0128_v_-x;CELL_QP093A-0128_v_-y;CELL_QP093A-0128_v_-z,CELL_QP093A-0128_v_+x;CELL_QP093A-0128_v_+y;CELL_QP093A-0128_v_+z,CELL_QP093A-0128_e_-x_-y;CELL_QP093A-0128_e_-x_-z;CELL_QP093A-0128_e_-y_-z,CELL_QP093A-0128_e_+x_+y;CELL_QP093A-0128_e_+x_+z;CELL_QP093A-0128_e_+y_+z,true,true,true,true,OPEN_NO_UNIT_MAPPING,OPEN_CONVENTIONAL_ENGINEERING_INPUT,UNEMITTED_CR286_GATE,false,false
CELL_QP093A-0128_GATE_001_TO_110,CELL_QP093A-0128_PAIR_001_110,CELL_QP093A-0128,QP093A-0128,1+2+9,yes,TRIAD_ALLOWED,CELL_QP093A-0128_f_--+,--+,001,CELL_QP093A-0128_f_++-,++-,110,CELL_QP093A-0128_v_+z;CELL_QP093A-0128_v_-x;CELL_QP093A-0128_v_-y,CELL_QP093A-0128_v_+x;CELL_QP093A-0128_v_+y;CELL_QP093A-0128_v_-z,CELL_QP093A-0128_e_-x_+z;CELL_QP093A-0128_e_-x_-y;CELL_QP093A-0128_e_-y_+z,CELL_QP093A-0128_e_+x_+y;CELL_QP093A-0128_e_+x_-z;CELL_QP093A-0128_e_+y_-z,true,true,true,true,OPEN_NO_UNIT_MAPPING,OPEN_CONVENTIONAL_ENGINEERING_INPUT,UNEMITTED_CR286_GATE,false,false
CELL_QP093A-0128_GATE_010_TO_101,CELL_QP093A-0128_PAIR_010_101,CELL_QP093A-0128,QP093A-0128,1+2+9,yes,TRIAD_ALLOWED,CELL_QP093A-0128_f_-+-,-+-,010,CELL_QP093A-0128_f_+-+,+-+,101,CELL_QP093A-0128_v_+y;CELL_QP093A-0128_v_-x;CELL_QP093A-0128_v_-z,CELL_QP093A-0128_v_+x;CELL_QP093A-0128_v_+z;CELL_QP093A-0128_v_-y,CELL_QP093A-0128_e_+y_-z;CELL_QP093A-0128_e_-x_+y;CELL_QP093A-0128_e_-x_-z,CELL_QP093A-0128_e_+x_+z;CELL_QP093A-0128_e_+x_-y;CELL_QP093A-0128_e_-y_+z,true,true,true,true,OPEN_NO_UNIT_MAPPING,OPEN_CONVENTIONAL_ENGINEERING_INPUT,UNEMITTED_CR286_GATE,false,false
CELL_QP093A-0128_GATE_011_TO_100,CELL_QP093A-0128_PAIR_011_100,CELL_QP093A-0128,QP093A-0128,1+2+9,yes,TRIAD_ALLOWED,CELL_QP093A-0128_f_-++,-++,011,CELL_QP093A-0128_f_+--,+--,100,CELL_QP093A-0128_v_+y;CELL_QP093A-0128_v_+z;CELL_QP093A-0128_v_-x,CELL_QP093A-0128_v_+x;CELL_QP093A-0128_v_-y;CELL_QP093A-0128_v_-z,CELL_QP093A-0128_e_+y_+z;CELL_QP093A-0128_e_-x_+y;CELL_QP093A-0128_e_-x_+z,CELL_QP093A-0128_e_+x_-y;CELL_QP093A-0128_e_+x_-z;CELL_QP093A-0128_e_-y_-z,true,true,true,true,OPEN_NO_UNIT_MAPPING,OPEN_CONVENTIONAL_ENGINEERING_INPUT,UNEMITTED_CR286_GATE,false,false
CELL_QP093A-0128_GATE_100_TO_011,CELL_QP093A-0128_PAIR_011_100,CELL_QP093A-0128,QP093A-0128,1+2+9,yes,TRIAD_ALLOWED,CELL_QP093A-0128_f_+--,+--,100,CELL_QP093A-0128_f_-++,-++,011,CELL_QP093A-0128_v_+x;CELL_QP093A-0128_v_-y;CELL_QP093A-0128_v_-z,CELL_QP093A-0128_v_+y;CELL_QP093A-0128_v_+z;CELL_QP093A-0128_v_-x,CELL_QP093A-0128_e_+x_-y;CELL_QP093A-0128_e_+x_-z;CELL_QP093A-0128_e_-y_-z,CELL_QP093A-0128_e_+y_+z;CELL_QP093A-0128_e_-x_+y;CELL_QP093A-0128_e_-x_+z,true,true,true,true,OPEN_NO_UNIT_MAPPING,OPEN_CONVENTIONAL_ENGINEERING_INPUT,UNEMITTED_CR286_GATE,false,false
CELL_QP093A-0128_GATE_101_TO_010,CELL_QP093A-0128_PAIR_010_101,CELL_QP093A-0128,QP093A-0128,1+2+9,yes,TRIAD_ALLOWED,CELL_QP093A-0128_f_+-+,+-+,101,CELL_QP093A-0128_f_-+-,-+-,010,CELL_QP093A-0128_v_+x;CELL_QP093A-0128_v_+z;CELL_QP093A-0128_v_-y,CELL_QP093A-0128_v_+y;CELL_QP093A-0128_v_-x;CELL_QP093A-0128_v_-z,CELL_QP093A-0128_e_+x_+z;CELL_QP093A-0128_e_+x_-y;CELL_QP093A-0128_e_-y_+z,CELL_QP093A-0128_e_+y_-z;CELL_QP093A-0128_e_-x_+y;CELL_QP093A-0128_e_-x_-z,true,true,true,true,OPEN_NO_UNIT_MAPPING,OPEN_CONVENTIONAL_ENGINEERING_INPUT,UNEMITTED_CR286_GATE,false,false
CELL_QP093A-0128_GATE_110_TO_001,CELL_QP093A-0128_PAIR_001_110,CELL_QP093A-0128,QP093A-0128,1+2+9,yes,TRIAD_ALLOWED,CELL_QP093A-0128_f_++-,++-,110,CELL_QP093A-0128_f_--+,--+,001,CELL_QP093A-0128_v_+x;CELL_QP093A-0128_v_+y;CELL_QP093A-0128_v_-z,CELL_QP093A-0128_v_+z;CELL_QP093A-0128_v_-x;CELL_QP093A-0128_v_-y,CELL_QP093A-0128_e_+x_+y;CELL_QP093A-0128_e_+x_-z;CELL_QP093A-0128_e_+y_-z,CELL_QP093A-0128_e_-x_+z;CELL_QP093A-0128_e_-x_-y;CELL_QP093A-0128_e_-y_+z,true,true,true,true,OPEN_NO_UNIT_MAPPING,OPEN_CONVENTIONAL_ENGINEERING_INPUT,UNEMITTED_CR286_GATE,false,false
CELL_QP093A-0128_GATE_111_TO_000,CELL_QP093A-0128_PAIR_000_111,CELL_QP093A-0128,QP093A-0128,1+2+9,yes,TRIAD_ALLOWED,CELL_QP093A-0128_f_+++,+++,111,CELL_QP093A-0128_f_---,---,000,CELL_QP093A-0128_v_+x;CELL_QP093A-0128_v_+y;CELL_QP093A-0128_v_+z,CELL_QP093A-0128_v_-x;CELL_QP093A-0128_v_-y;CELL_QP093A-0128_v_-z,CELL_QP093A-0128_e_+x_+y;CELL_QP093A-0128_e_+x_+z;CELL_QP093A-0128_e_+y_+z,CELL_QP093A-0128_e_-x_-y;CELL_QP093A-0128_e_-x_-z;CELL_QP093A-0128_e_-y_-z,true,true,true,true,OPEN_NO_UNIT_MAPPING,OPEN_CONVENTIONAL_ENGINEERING_INPUT,UNEMITTED_CR286_GATE,false,false
CELL_QP093A-0129_GATE_000_TO_111,CELL_QP093A-0129_PAIR_000_111,CELL_QP093A-0129,QP093A-0129,1+2+12,yes,TRIAD_ALLOWED,CELL_QP093A-0129_f_---,---,000,CELL_QP093A-0129_f_+++,+++,111,CELL_QP093A-0129_v_-x;CELL_QP093A-0129_v_-y;CELL_QP093A-0129_v_-z,CELL_QP093A-0129_v_+x;CELL_QP093A-0129_v_+y;CELL_QP093A-0129_v_+z,CELL_QP093A-0129_e_-x_-y;CELL_QP093A-0129_e_-x_-z;CELL_QP093A-0129_e_-y_-z,CELL_QP093A-0129_e_+x_+y;CELL_QP093A-0129_e_+x_+z;CELL_QP093A-0129_e_+y_+z,true,true,true,true,OPEN_NO_UNIT_MAPPING,OPEN_CONVENTIONAL_ENGINEERING_INPUT,UNEMITTED_CR286_GATE,false,false
CELL_QP093A-0129_GATE_001_TO_110,CELL_QP093A-0129_PAIR_001_110,CELL_QP093A-0129,QP093A-0129,1+2+12,yes,TRIAD_ALLOWED,CELL_QP093A-0129_f_--+,--+,001,CELL_QP093A-0129_f_++-,++-,110,CELL_QP093A-0129_v_+z;CELL_QP093A-0129_v_-x;CELL_QP093A-0129_v_-y,CELL_QP093A-0129_v_+x;CELL_QP093A-0129_v_+y;CELL_QP093A-0129_v_-z,CELL_QP093A-0129_e_-x_+z;CELL_QP093A-0129_e_-x_-y;CELL_QP093A-0129_e_-y_+z,CELL_QP093A-0129_e_+x_+y;CELL_QP093A-0129_e_+x_-z;CELL_QP093A-0129_e_+y_-z,true,true,true,true,OPEN_NO_UNIT_MAPPING,OPEN_CONVENTIONAL_ENGINEERING_INPUT,UNEMITTED_CR286_GATE,false,false
CELL_QP093A-0129_GATE_010_TO_101,CELL_QP093A-0129_PAIR_010_101,CELL_QP093A-0129,QP093A-0129,1+2+12,yes,TRIAD_ALLOWED,CELL_QP093A-0129_f_-+-,-+-,010,CELL_QP093A-0129_f_+-+,+-+,101,CELL_QP093A-0129_v_+y;CELL_QP093A-0129_v_-x;CELL_QP093A-0129_v_-z,CELL_QP093A-0129_v_+x;CELL_QP093A-0129_v_+z;CELL_QP093A-0129_v_-y,CELL_QP093A-0129_e_+y_-z;CELL_QP093A-0129_e_-x_+y;CELL_QP093A-0129_e_-x_-z,CELL_QP093A-0129_e_+x_+z;CELL_QP093A-0129_e_+x_-y;CELL_QP093A-0129_e_-y_+z,true,true,true,true,OPEN_NO_UNIT_MAPPING,OPEN_CONVENTIONAL_ENGINEERING_INPUT,UNEMITTED_CR286_GATE,false,false
CELL_QP093A-0129_GATE_011_TO_100,CELL_QP093A-0129_PAIR_011_100,CELL_QP093A-0129,QP093A-0129,1+2+12,yes,TRIAD_ALLOWED,CELL_QP093A-0129_f_-++,-++,011,CELL_QP093A-0129_f_+--,+--,100,CELL_QP093A-0129_v_+y;CELL_QP093A-0129_v_+z;CELL_QP093A-0129_v_-x,CELL_QP093A-0129_v_+x;CELL_QP093A-0129_v_-y;CELL_QP093A-0129_v_-z,CELL_QP093A-0129_e_+y_+z;CELL_QP093A-0129_e_-x_+y;CELL_QP093A-0129_e_-x_+z,CELL_QP093A-0129_e_+x_-y;CELL_QP093A-0129_e_+x_-z;CELL_QP093A-0129_e_-y_-z,true,true,true,true,OPEN_NO_UNIT_MAPPING,OPEN_CONVENTIONAL_ENGINEERING_INPUT,UNEMITTED_CR286_GATE,false,false
CELL_QP093A-0129_GATE_100_TO_011,CELL_QP093A-0129_PAIR_011_100,CELL_QP093A-0129,QP093A-0129,1+2+12,yes,TRIAD_ALLOWED,CELL_QP093A-0129_f_+--,+--,100,CELL_QP093A-0129_f_-++,-++,011,CELL_QP093A-0129_v_+x;CELL_QP093A-0129_v_-y;CELL_QP093A-0129_v_-z,CELL_QP093A-0129_v_+y;CELL_QP093A-0129_v_+z;CELL_QP093A-0129_v_-x,CELL_QP093A-0129_e_+x_-y;CELL_QP093A-0129_e_+x_-z;CELL_QP093A-0129_e_-y_-z,CELL_QP093A-0129_e_+y_+z;CELL_QP093A-0129_e_-x_+y;CELL_QP093A-0129_e_-x_+z,true,true,true,true,OPEN_NO_UNIT_MAPPING,OPEN_CONVENTIONAL_ENGINEERING_INPUT,UNEMITTED_CR286_GATE,false,false
CELL_QP093A-0129_GATE_101_TO_010,CELL_QP093A-0129_PAIR_010_101,CELL_QP093A-0129,QP093A-0129,1+2+12,yes,TRIAD_ALLOWED,CELL_QP093A-0129_f_+-+,+-+,101,CELL_QP093A-0129_f_-+-,-+-,010,CELL_QP093A-0129_v_+x;CELL_QP093A-0129_v_+z;CELL_QP093A-0129_v_-y,CELL_QP093A-0129_v_+y;CELL_QP093A-0129_v_-x;CELL_QP093A-0129_v_-z,CELL_QP093A-0129_e_+x_+z;CELL_QP093A-0129_e_+x_-y;CELL_QP093A-0129_e_-y_+z,CELL_QP093A-0129_e_+y_-z;CELL_QP093A-0129_e_-x_+y;CELL_QP093A-0129_e_-x_-z,true,true,true,true,OPEN_NO_UNIT_MAPPING,OPEN_CONVENTIONAL_ENGINEERING_INPUT,UNEMITTED_CR286_GATE,false,false
CELL_QP093A-0129_GATE_110_TO_001,CELL_QP093A-0129_PAIR_001_110,CELL_QP093A-0129,QP093A-0129,1+2+12,yes,TRIAD_ALLOWED,CELL_QP093A-0129_f_++-,++-,110,CELL_QP093A-0129_f_--+,--+,001,CELL_QP093A-0129_v_+x;CELL_QP093A-0129_v_+y;CELL_QP093A-0129_v_-z,CELL_QP093A-0129_v_+z;CELL_QP093A-0129_v_-x;CELL_QP093A-0129_v_-y,CELL_QP093A-0129_e_+x_+y;CELL_QP093A-0129_e_+x_-z;CELL_QP093A-0129_e_+y_-z,CELL_QP093A-0129_e_-x_+z;CELL_QP093A-0129_e_-x_-y;CELL_QP093A-0129_e_-y_+z,true,true,true,true,OPEN_NO_UNIT_MAPPING,OPEN_CONVENTIONAL_ENGINEERING_INPUT,UNEMITTED_CR286_GATE,false,false
CELL_QP093A-0129_GATE_111_TO_000,CELL_QP093A-0129_PAIR_000_111,CELL_QP093A-0129,QP093A-0129,1+2+12,yes,TRIAD_ALLOWED,CELL_QP093A-0129_f_+++,+++,111,CELL_QP093A-0129_f_---,---,000,CELL_QP093A-0129_v_+x;CELL_QP093A-0129_v_+y;CELL_QP093A-0129_v_+z,CELL_QP093A-0129_v_-x;CELL_QP093A-0129_v_-y;CELL_QP093A-0129_v_-z,CELL_QP093A-0129_e_+x_+y;CELL_QP093A-0129_e_+x_+z;CELL_QP093A-0129_e_+y_+z,CELL_QP093A-0129_e_-x_-y;CELL_QP093A-0129_e_-x_-z;CELL_QP093A-0129_e_-y_-z,true,true,true,true,OPEN_NO_UNIT_MAPPING,OPEN_CONVENTIONAL_ENGINEERING_INPUT,UNEMITTED_CR286_GATE,false,false
CELL_QP093A-0130_GATE_000_TO_111,CELL_QP093A-0130_PAIR_000_111,CELL_QP093A-0130,QP093A-0130,1+3+3,yes,TRIAD_ALLOWED,CELL_QP093A-0130_f_---,---,000,CELL_QP093A-0130_f_+++,+++,111,CELL_QP093A-0130_v_-x;CELL_QP093A-0130_v_-y;CELL_QP093A-0130_v_-z,CELL_QP093A-0130_v_+x;CELL_QP093A-0130_v_+y;CELL_QP093A-0130_v_+z,CELL_QP093A-0130_e_-x_-y;CELL_QP093A-0130_e_-x_-z;CELL_QP093A-0130_e_-y_-z,CELL_QP093A-0130_e_+x_+y;CELL_QP093A-0130_e_+x_+z;CELL_QP093A-0130_e_+y_+z,true,true,true,true,OPEN_NO_UNIT_MAPPING,OPEN_CONVENTIONAL_ENGINEERING_INPUT,UNEMITTED_CR286_GATE,false,false
CELL_QP093A-0130_GATE_001_TO_110,CELL_QP093A-0130_PAIR_001_110,CELL_QP093A-0130,QP093A-0130,1+3+3,yes,TRIAD_ALLOWED,CELL_QP093A-0130_f_--+,--+,001,CELL_QP093A-0130_f_++-,++-,110,CELL_QP093A-0130_v_+z;CELL_QP093A-0130_v_-x;CELL_QP093A-0130_v_-y,CELL_QP093A-0130_v_+x;CELL_QP093A-0130_v_+y;CELL_QP093A-0130_v_-z,CELL_QP093A-0130_e_-x_+z;CELL_QP093A-0130_e_-x_-y;CELL_QP093A-0130_e_-y_+z,CELL_QP093A-0130_e_+x_+y;CELL_QP093A-0130_e_+x_-z;CELL_QP093A-0130_e_+y_-z,true,true,true,true,OPEN_NO_UNIT_MAPPING,OPEN_CONVENTIONAL_ENGINEERING_INPUT,UNEMITTED_CR286_GATE,false,false
CELL_QP093A-0130_GATE_010_TO_101,CELL_QP093A-0130_PAIR_010_101,CELL_QP093A-0130,QP093A-0130,1+3+3,yes,TRIAD_ALLOWED,CELL_QP093A-0130_f_-+-,-+-,010,CELL_QP093A-0130_f_+-+,+-+,101,CELL_QP093A-0130_v_+y;CELL_QP093A-0130_v_-x;CELL_QP093A-0130_v_-z,CELL_QP093A-0130_v_+x;CELL_QP093A-0130_v_+z;CELL_QP093A-0130_v_-y,CELL_QP093A-0130_e_+y_-z;CELL_QP093A-0130_e_-x_+y;CELL_QP093A-0130_e_-x_-z,CELL_QP093A-0130_e_+x_+z;CELL_QP093A-0130_e_+x_-y;CELL_QP093A-0130_e_-y_+z,true,true,true,true,OPEN_NO_UNIT_MAPPING,OPEN_CONVENTIONAL_ENGINEERING_INPUT,UNEMITTED_CR286_GATE,false,false
CELL_QP093A-0130_GATE_011_TO_100,CELL_QP093A-0130_PAIR_011_100,CELL_QP093A-0130,QP093A-0130,1+3+3,yes,TRIAD_ALLOWED,CELL_QP093A-0130_f_-++,-++,011,CELL_QP093A-0130_f_+--,+--,100,CELL_QP093A-0130_v_+y;CELL_QP093A-0130_v_+z;CELL_QP093A-0130_v_-x,CELL_QP093A-0130_v_+x;CELL_QP093A-0130_v_-y;CELL_QP093A-0130_v_-z,CELL_QP093A-0130_e_+y_+z;CELL_QP093A-0130_e_-x_+y;CELL_QP093A-0130_e_-x_+z,CELL_QP093A-0130_e_+x_-y;CELL_QP093A-0130_e_+x_-z;CELL_QP093A-0130_e_-y_-z,true,true,true,true,OPEN_NO_UNIT_MAPPING,OPEN_CONVENTIONAL_ENGINEERING_INPUT,UNEMITTED_CR286_GATE,false,false
CELL_QP093A-0130_GATE_100_TO_011,CELL_QP093A-0130_PAIR_011_100,CELL_QP093A-0130,QP093A-0130,1+3+3,yes,TRIAD_ALLOWED,CELL_QP093A-0130_f_+--,+--,100,CELL_QP093A-0130_f_-++,-++,011,CELL_QP093A-0130_v_+x;CELL_QP093A-0130_v_-y;CELL_QP093A-0130_v_-z,CELL_QP093A-0130_v_+y;CELL_QP093A-0130_v_+z;CELL_QP093A-0130_v_-x,CELL_QP093A-0130_e_+x_-y;CELL_QP093A-0130_e_+x_-z;CELL_QP093A-0130_e_-y_-z,CELL_QP093A-0130_e_+y_+z;CELL_QP093A-0130_e_-x_+y;CELL_QP093A-0130_e_-x_+z,true,true,true,true,OPEN_NO_UNIT_MAPPING,OPEN_CONVENTIONAL_ENGINEERING_INPUT,UNEMITTED_CR286_GATE,false,false
CELL_QP093A-0130_GATE_101_TO_010,CELL_QP093A-0130_PAIR_010_101,CELL_QP093A-0130,QP093A-0130,1+3+3,yes,TRIAD_ALLOWED,CELL_QP093A-0130_f_+-+,+-+,101,CELL_QP093A-0130_f_-+-,-+-,010,CELL_QP093A-0130_v_+x;CELL_QP093A-0130_v_+z;CELL_QP093A-0130_v_-y,CELL_QP093A-0130_v_+y;CELL_QP093A-0130_v_-x;CELL_QP093A-0130_v_-z,CELL_QP093A-0130_e_+x_+z;CELL_QP093A-0130_e_+x_-y;CELL_QP093A-0130_e_-y_+z,CELL_QP093A-0130_e_+y_-z;CELL_QP093A-0130_e_-x_+y;CELL_QP093A-0130_e_-x_-z,true,true,true,true,OPEN_NO_UNIT_MAPPING,OPEN_CONVENTIONAL_ENGINEERING_INPUT,UNEMITTED_CR286_GATE,false,false
CELL_QP093A-0130_GATE_110_TO_001,CELL_QP093A-0130_PAIR_001_110,CELL_QP093A-0130,QP093A-0130,1+3+3,yes,TRIAD_ALLOWED,CELL_QP093A-0130_f_++-,++-,110,CELL_QP093A-0130_f_--+,--+,001,CELL_QP093A-0130_v_+x;CELL_QP093A-0130_v_+y;CELL_QP093A-0130_v_-z,CELL_QP093A-0130_v_+z;CELL_QP093A-0130_v_-x;CELL_QP093A-0130_v_-y,CELL_QP093A-0130_e_+x_+y;CELL_QP093A-0130_e_+x_-z;CELL_QP093A-0130_e_+y_-z,CELL_QP093A-0130_e_-x_+z;CELL_QP093A-0130_e_-x_-y;CELL_QP093A-0130_e_-y_+z,true,true,true,true,OPEN_NO_UNIT_MAPPING,OPEN_CONVENTIONAL_ENGINEERING_INPUT,UNEMITTED_CR286_GATE,false,false
CELL_QP093A-0130_GATE_111_TO_000,CELL_QP093A-0130_PAIR_000_111,CELL_QP093A-0130,QP093A-0130,1+3+3,yes,TRIAD_ALLOWED,CELL_QP093A-0130_f_+++,+++,111,CELL_QP093A-0130_f_---,---,000,CELL_QP093A-0130_v_+x;CELL_QP093A-0130_v_+y;CELL_QP093A-0130_v_+z,CELL_QP093A-0130_v_-x;CELL_QP093A-0130_v_-y;CELL_QP093A-0130_v_-z,CELL_QP093A-0130_e_+x_+y;CELL_QP093A-0130_e_+x_+z;CELL_QP093A-0130_e_+y_+z,CELL_QP093A-0130_e_-x_-y;CELL_QP093A-0130_e_-x_-z;CELL_QP093A-0130_e_-y_-z,true,true,true,true,OPEN_NO_UNIT_MAPPING,OPEN_CONVENTIONAL_ENGINEERING_INPUT,UNEMITTED_CR286_GATE,false,false
CELL_QP093A-0131_GATE_000_TO_111,CELL_QP093A-0131_PAIR_000_111,CELL_QP093A-0131,QP093A-0131,1+3+4,yes,TRIAD_ALLOWED,CELL_QP093A-0131_f_---,---,000,CELL_QP093A-0131_f_+++,+++,111,CELL_QP093A-0131_v_-x;CELL_QP093A-0131_v_-y;CELL_QP093A-0131_v_-z,CELL_QP093A-0131_v_+x;CELL_QP093A-0131_v_+y;CELL_QP093A-0131_v_+z,CELL_QP093A-0131_e_-x_-y;CELL_QP093A-0131_e_-x_-z;CELL_QP093A-0131_e_-y_-z,CELL_QP093A-0131_e_+x_+y;CELL_QP093A-0131_e_+x_+z;CELL_QP093A-0131_e_+y_+z,true,true,true,true,OPEN_NO_UNIT_MAPPING,OPEN_CONVENTIONAL_ENGINEERING_INPUT,UNEMITTED_CR286_GATE,false,false
CELL_QP093A-0131_GATE_001_TO_110,CELL_QP093A-0131_PAIR_001_110,CELL_QP093A-0131,QP093A-0131,1+3+4,yes,TRIAD_ALLOWED,CELL_QP093A-0131_f_--+,--+,001,CELL_QP093A-0131_f_++-,++-,110,CELL_QP093A-0131_v_+z;CELL_QP093A-0131_v_-x;CELL_QP093A-0131_v_-y,CELL_QP093A-0131_v_+x;CELL_QP093A-0131_v_+y;CELL_QP093A-0131_v_-z,CELL_QP093A-0131_e_-x_+z;CELL_QP093A-0131_e_-x_-y;CELL_QP093A-0131_e_-y_+z,CELL_QP093A-0131_e_+x_+y;CELL_QP093A-0131_e_+x_-z;CELL_QP093A-0131_e_+y_-z,true,true,true,true,OPEN_NO_UNIT_MAPPING,OPEN_CONVENTIONAL_ENGINEERING_INPUT,UNEMITTED_CR286_GATE,false,false
CELL_QP093A-0131_GATE_010_TO_101,CELL_QP093A-0131_PAIR_010_101,CELL_QP093A-0131,QP093A-0131,1+3+4,yes,TRIAD_ALLOWED,CELL_QP093A-0131_f_-+-,-+-,010,CELL_QP093A-0131_f_+-+,+-+,101,CELL_QP093A-0131_v_+y;CELL_QP093A-0131_v_-x;CELL_QP093A-0131_v_-z,CELL_QP093A-0131_v_+x;CELL_QP093A-0131_v_+z;CELL_QP093A-0131_v_-y,CELL_QP093A-0131_e_+y_-z;CELL_QP093A-0131_e_-x_+y;CELL_QP093A-0131_e_-x_-z,CELL_QP093A-0131_e_+x_+z;CELL_QP093A-0131_e_+x_-y;CELL_QP093A-0131_e_-y_+z,true,true,true,true,OPEN_NO_UNIT_MAPPING,OPEN_CONVENTIONAL_ENGINEERING_INPUT,UNEMITTED_CR286_GATE,false,false
CELL_QP093A-0131_GATE_011_TO_100,CELL_QP093A-0131_PAIR_011_100,CELL_QP093A-0131,QP093A-0131,1+3+4,yes,TRIAD_ALLOWED,CELL_QP093A-0131_f_-++,-++,011,CELL_QP093A-0131_f_+--,+--,100,CELL_QP093A-0131_v_+y;CELL_QP093A-0131_v_+z;CELL_QP093A-0131_v_-x,CELL_QP093A-0131_v_+x;CELL_QP093A-0131_v_-y;CELL_QP093A-0131_v_-z,CELL_QP093A-0131_e_+y_+z;CELL_QP093A-0131_e_-x_+y;CELL_QP093A-0131_e_-x_+z,CELL_QP093A-0131_e_+x_-y;CELL_QP093A-0131_e_+x_-z;CELL_QP093A-0131_e_-y_-z,true,true,true,true,OPEN_NO_UNIT_MAPPING,OPEN_CONVENTIONAL_ENGINEERING_INPUT,UNEMITTED_CR286_GATE,false,false
CELL_QP093A-0131_GATE_100_TO_011,CELL_QP093A-0131_PAIR_011_100,CELL_QP093A-0131,QP093A-0131,1+3+4,yes,TRIAD_ALLOWED,CELL_QP093A-0131_f_+--,+--,100,CELL_QP093A-0131_f_-++,-++,011,CELL_QP093A-0131_v_+x;CELL_QP093A-0131_v_-y;CELL_QP093A-0131_v_-z,CELL_QP093A-0131_v_+y;CELL_QP093A-0131_v_+z;CELL_QP093A-0131_v_-x,CELL_QP093A-0131_e_+x_-y;CELL_QP093A-0131_e_+x_-z;CELL_QP093A-0131_e_-y_-z,CELL_QP093A-0131_e_+y_+z;CELL_QP093A-0131_e_-x_+y;CELL_QP093A-0131_e_-x_+z,true,true,true,true,OPEN_NO_UNIT_MAPPING,OPEN_CONVENTIONAL_ENGINEERING_INPUT,UNEMITTED_CR286_GATE,false,false
CELL_QP093A-0131_GATE_101_TO_010,CELL_QP093A-0131_PAIR_010_101,CELL_QP093A-0131,QP093A-0131,1+3+4,yes,TRIAD_ALLOWED,CELL_QP093A-0131_f_+-+,+-+,101,CELL_QP093A-0131_f_-+-,-+-,010,CELL_QP093A-0131_v_+x;CELL_QP093A-0131_v_+z;CELL_QP093A-0131_v_-y,CELL_QP093A-0131_v_+y;CELL_QP093A-0131_v_-x;CELL_QP093A-0131_v_-z,CELL_QP093A-0131_e_+x_+z;CELL_QP093A-0131_e_+x_-y;CELL_QP093A-0131_e_-y_+z,CELL_QP093A-0131_e_+y_-z;CELL_QP093A-0131_e_-x_+y;CELL_QP093A-0131_e_-x_-z,true,true,true,true,OPEN_NO_UNIT_MAPPING,OPEN_CONVENTIONAL_ENGINEERING_INPUT,UNEMITTED_CR286_GATE,false,false
CELL_QP093A-0131_GATE_110_TO_001,CELL_QP093A-0131_PAIR_001_110,CELL_QP093A-0131,QP093A-0131,1+3+4,yes,TRIAD_ALLOWED,CELL_QP093A-0131_f_++-,++-,110,CELL_QP093A-0131_f_--+,--+,001,CELL_QP093A-0131_v_+x;CELL_QP093A-0131_v_+y;CELL_QP093A-0131_v_-z,CELL_QP093A-0131_v_+z;CELL_QP093A-0131_v_-x;CELL_QP093A-0131_v_-y,CELL_QP093A-0131_e_+x_+y;CELL_QP093A-0131_e_+x_-z;CELL_QP093A-0131_e_+y_-z,CELL_QP093A-0131_e_-x_+z;CELL_QP093A-0131_e_-x_-y;CELL_QP093A-0131_e_-y_+z,true,true,true,true,OPEN_NO_UNIT_MAPPING,OPEN_CONVENTIONAL_ENGINEERING_INPUT,UNEMITTED_CR286_GATE,false,false
CELL_QP093A-0131_GATE_111_TO_000,CELL_QP093A-0131_PAIR_000_111,CELL_QP093A-0131,QP093A-0131,1+3+4,yes,TRIAD_ALLOWED,CELL_QP093A-0131_f_+++,+++,111,CELL_QP093A-0131_f_---,---,000,CELL_QP093A-0131_v_+x;CELL_QP093A-0131_v_+y;CELL_QP093A-0131_v_+z,CELL_QP093A-0131_v_-x;CELL_QP093A-0131_v_-y;CELL_QP093A-0131_v_-z,CELL_QP093A-0131_e_+x_+y;CELL_QP093A-0131_e_+x_+z;CELL_QP093A-0131_e_+y_+z,CELL_QP093A-0131_e_-x_-y;CELL_QP093A-0131_e_-x_-z;CELL_QP093A-0131_e_-y_-z,true,true,true,true,OPEN_NO_UNIT_MAPPING,OPEN_CONVENTIONAL_ENGINEERING_INPUT,UNEMITTED_CR286_GATE,false,false
CELL_QP093A-0132_GATE_000_TO_111,CELL_QP093A-0132_PAIR_000_111,CELL_QP093A-0132,QP093A-0132,1+3+6,yes,TRIAD_ALLOWED,CELL_QP093A-0132_f_---,---,000,CELL_QP093A-0132_f_+++,+++,111,CELL_QP093A-0132_v_-x;CELL_QP093A-0132_v_-y;CELL_QP093A-0132_v_-z,CELL_QP093A-0132_v_+x;CELL_QP093A-0132_v_+y;CELL_QP093A-0132_v_+z,CELL_QP093A-0132_e_-x_-y;CELL_QP093A-0132_e_-x_-z;CELL_QP093A-0132_e_-y_-z,CELL_QP093A-0132_e_+x_+y;CELL_QP093A-0132_e_+x_+z;CELL_QP093A-0132_e_+y_+z,true,true,true,true,OPEN_NO_UNIT_MAPPING,OPEN_CONVENTIONAL_ENGINEERING_INPUT,UNEMITTED_CR286_GATE,false,false
CELL_QP093A-0132_GATE_001_TO_110,CELL_QP093A-0132_PAIR_001_110,CELL_QP093A-0132,QP093A-0132,1+3+6,yes,TRIAD_ALLOWED,CELL_QP093A-0132_f_--+,--+,001,CELL_QP093A-0132_f_++-,++-,110,CELL_QP093A-0132_v_+z;CELL_QP093A-0132_v_-x;CELL_QP093A-0132_v_-y,CELL_QP093A-0132_v_+x;CELL_QP093A-0132_v_+y;CELL_QP093A-0132_v_-z,CELL_QP093A-0132_e_-x_+z;CELL_QP093A-0132_e_-x_-y;CELL_QP093A-0132_e_-y_+z,CELL_QP093A-0132_e_+x_+y;CELL_QP093A-0132_e_+x_-z;CELL_QP093A-0132_e_+y_-z,true,true,true,true,OPEN_NO_UNIT_MAPPING,OPEN_CONVENTIONAL_ENGINEERING_INPUT,UNEMITTED_CR286_GATE,false,false
CELL_QP093A-0132_GATE_010_TO_101,CELL_QP093A-0132_PAIR_010_101,CELL_QP093A-0132,QP093A-0132,1+3+6,yes,TRIAD_ALLOWED,CELL_QP093A-0132_f_-+-,-+-,010,CELL_QP093A-0132_f_+-+,+-+,101,CELL_QP093A-0132_v_+y;CELL_QP093A-0132_v_-x;CELL_QP093A-0132_v_-z,CELL_QP093A-0132_v_+x;CELL_QP093A-0132_v_+z;CELL_QP093A-0132_v_-y,CELL_QP093A-0132_e_+y_-z;CELL_QP093A-0132_e_-x_+y;CELL_QP093A-0132_e_-x_-z,CELL_QP093A-0132_e_+x_+z;CELL_QP093A-0132_e_+x_-y;CELL_QP093A-0132_e_-y_+z,true,true,true,true,OPEN_NO_UNIT_MAPPING,OPEN_CONVENTIONAL_ENGINEERING_INPUT,UNEMITTED_CR286_GATE,false,false
CELL_QP093A-0132_GATE_011_TO_100,CELL_QP093A-0132_PAIR_011_100,CELL_QP093A-0132,QP093A-0132,1+3+6,yes,TRIAD_ALLOWED,CELL_QP093A-0132_f_-++,-++,011,CELL_QP093A-0132_f_+--,+--,100,CELL_QP093A-0132_v_+y;CELL_QP093A-0132_v_+z;CELL_QP093A-0132_v_-x,CELL_QP093A-0132_v_+x;CELL_QP093A-0132_v_-y;CELL_QP093A-0132_v_-z,CELL_QP093A-0132_e_+y_+z;CELL_QP093A-0132_e_-x_+y;CELL_QP093A-0132_e_-x_+z,CELL_QP093A-0132_e_+x_-y;CELL_QP093A-0132_e_+x_-z;CELL_QP093A-0132_e_-y_-z,true,true,true,true,OPEN_NO_UNIT_MAPPING,OPEN_CONVENTIONAL_ENGINEERING_INPUT,UNEMITTED_CR286_GATE,false,false
CELL_QP093A-0132_GATE_100_TO_011,CELL_QP093A-0132_PAIR_011_100,CELL_QP093A-0132,QP093A-0132,1+3+6,yes,TRIAD_ALLOWED,CELL_QP093A-0132_f_+--,+--,100,CELL_QP093A-0132_f_-++,-++,011,CELL_QP093A-0132_v_+x;CELL_QP093A-0132_v_-y;CELL_QP093A-0132_v_-z,CELL_QP093A-0132_v_+y;CELL_QP093A-0132_v_+z;CELL_QP093A-0132_v_-x,CELL_QP093A-0132_e_+x_-y;CELL_QP093A-0132_e_+x_-z;CELL_QP093A-0132_e_-y_-z,CELL_QP093A-0132_e_+y_+z;CELL_QP093A-0132_e_-x_+y;CELL_QP093A-0132_e_-x_+z,true,true,true,true,OPEN_NO_UNIT_MAPPING,OPEN_CONVENTIONAL_ENGINEERING_INPUT,UNEMITTED_CR286_GATE,false,false
CELL_QP093A-0132_GATE_101_TO_010,CELL_QP093A-0132_PAIR_010_101,CELL_QP093A-0132,QP093A-0132,1+3+6,yes,TRIAD_ALLOWED,CELL_QP093A-0132_f_+-+,+-+,101,CELL_QP093A-0132_f_-+-,-+-,010,CELL_QP093A-0132_v_+x;CELL_QP093A-0132_v_+z;CELL_QP093A-0132_v_-y,CELL_QP093A-0132_v_+y;CELL_QP093A-0132_v_-x;CELL_QP093A-0132_v_-z,CELL_QP093A-0132_e_+x_+z;CELL_QP093A-0132_e_+x_-y;CELL_QP093A-0132_e_-y_+z,CELL_QP093A-0132_e_+y_-z;CELL_QP093A-0132_e_-x_+y;CELL_QP093A-0132_e_-x_-z,true,true,true,true,OPEN_NO_UNIT_MAPPING,OPEN_CONVENTIONAL_ENGINEERING_INPUT,UNEMITTED_CR286_GATE,false,false
CELL_QP093A-0132_GATE_110_TO_001,CELL_QP093A-0132_PAIR_001_110,CELL_QP093A-0132,QP093A-0132,1+3+6,yes,TRIAD_ALLOWED,CELL_QP093A-0132_f_++-,++-,110,CELL_QP093A-0132_f_--+,--+,001,CELL_QP093A-0132_v_+x;CELL_QP093A-0132_v_+y;CELL_QP093A-0132_v_-z,CELL_QP093A-0132_v_+z;CELL_QP093A-0132_v_-x;CELL_QP093A-0132_v_-y,CELL_QP093A-0132_e_+x_+y;CELL_QP093A-0132_e_+x_-z;CELL_QP093A-0132_e_+y_-z,CELL_QP093A-0132_e_-x_+z;CELL_QP093A-0132_e_-x_-y;CELL_QP093A-0132_e_-y_+z,true,true,true,true,OPEN_NO_UNIT_MAPPING,OPEN_CONVENTIONAL_ENGINEERING_INPUT,UNEMITTED_CR286_GATE,false,false
CELL_QP093A-0132_GATE_111_TO_000,CELL_QP093A-0132_PAIR_000_111,CELL_QP093A-0132,QP093A-0132,1+3+6,yes,TRIAD_ALLOWED,CELL_QP093A-0132_f_+++,+++,111,CELL_QP093A-0132_f_---,---,000,CELL_QP093A-0132_v_+x;CELL_QP093A-0132_v_+y;CELL_QP093A-0132_v_+z,CELL_QP093A-0132_v_-x;CELL_QP093A-0132_v_-y;CELL_QP093A-0132_v_-z,CELL_QP093A-0132_e_+x_+y;CELL_QP093A-0132_e_+x_+z;CELL_QP093A-0132_e_+y_+z,CELL_QP093A-0132_e_-x_-y;CELL_QP093A-0132_e_-x_-z;CELL_QP093A-0132_e_-y_-z,true,true,true,true,OPEN_NO_UNIT_MAPPING,OPEN_CONVENTIONAL_ENGINEERING_INPUT,UNEMITTED_CR286_GATE,false,false
CELL_QP093A-0133_GATE_000_TO_111,CELL_QP093A-0133_PAIR_000_111,CELL_QP093A-0133,QP093A-0133,1+3+8,no,TRIAD_SURFACE_REJECTED,CELL_QP093A-0133_f_---,---,000,CELL_QP093A-0133_f_+++,+++,111,CELL_QP093A-0133_v_-x;CELL_QP093A-0133_v_-y;CELL_QP093A-0133_v_-z,CELL_QP093A-0133_v_+x;CELL_QP093A-0133_v_+y;CELL_QP093A-0133_v_+z,CELL_QP093A-0133_e_-x_-y;CELL_QP093A-0133_e_-x_-z;CELL_QP093A-0133_e_-y_-z,CELL_QP093A-0133_e_+x_+y;CELL_QP093A-0133_e_+x_+z;CELL_QP093A-0133_e_+y_+z,true,true,true,true,OPEN_NO_UNIT_MAPPING,OPEN_CONVENTIONAL_ENGINEERING_INPUT,UNEMITTED_CR286_GATE,false,false
CELL_QP093A-0133_GATE_001_TO_110,CELL_QP093A-0133_PAIR_001_110,CELL_QP093A-0133,QP093A-0133,1+3+8,no,TRIAD_SURFACE_REJECTED,CELL_QP093A-0133_f_--+,--+,001,CELL_QP093A-0133_f_++-,++-,110,CELL_QP093A-0133_v_+z;CELL_QP093A-0133_v_-x;CELL_QP093A-0133_v_-y,CELL_QP093A-0133_v_+x;CELL_QP093A-0133_v_+y;CELL_QP093A-0133_v_-z,CELL_QP093A-0133_e_-x_+z;CELL_QP093A-0133_e_-x_-y;CELL_QP093A-0133_e_-y_+z,CELL_QP093A-0133_e_+x_+y;CELL_QP093A-0133_e_+x_-z;CELL_QP093A-0133_e_+y_-z,true,true,true,true,OPEN_NO_UNIT_MAPPING,OPEN_CONVENTIONAL_ENGINEERING_INPUT,UNEMITTED_CR286_GATE,false,false
CELL_QP093A-0133_GATE_010_TO_101,CELL_QP093A-0133_PAIR_010_101,CELL_QP093A-0133,QP093A-0133,1+3+8,no,TRIAD_SURFACE_REJECTED,CELL_QP093A-0133_f_-+-,-+-,010,CELL_QP093A-0133_f_+-+,+-+,101,CELL_QP093A-0133_v_+y;CELL_QP093A-0133_v_-x;CELL_QP093A-0133_v_-z,CELL_QP093A-0133_v_+x;CELL_QP093A-0133_v_+z;CELL_QP093A-0133_v_-y,CELL_QP093A-0133_e_+y_-z;CELL_QP093A-0133_e_-x_+y;CELL_QP093A-0133_e_-x_-z,CELL_QP093A-0133_e_+x_+z;CELL_QP093A-0133_e_+x_-y;CELL_QP093A-0133_e_-y_+z,true,true,true,true,OPEN_NO_UNIT_MAPPING,OPEN_CONVENTIONAL_ENGINEERING_INPUT,UNEMITTED_CR286_GATE,false,false
CELL_QP093A-0133_GATE_011_TO_100,CELL_QP093A-0133_PAIR_011_100,CELL_QP093A-0133,QP093A-0133,1+3+8,no,TRIAD_SURFACE_REJECTED,CELL_QP093A-0133_f_-++,-++,011,CELL_QP093A-0133_f_+--,+--,100,CELL_QP093A-0133_v_+y;CELL_QP093A-0133_v_+z;CELL_QP093A-0133_v_-x,CELL_QP093A-0133_v_+x;CELL_QP093A-0133_v_-y;CELL_QP093A-0133_v_-z,CELL_QP093A-0133_e_+y_+z;CELL_QP093A-0133_e_-x_+y;CELL_QP093A-0133_e_-x_+z,CELL_QP093A-0133_e_+x_-y;CELL_QP093A-0133_e_+x_-z;CELL_QP093A-0133_e_-y_-z,true,true,true,true,OPEN_NO_UNIT_MAPPING,OPEN_CONVENTIONAL_ENGINEERING_INPUT,UNEMITTED_CR286_GATE,false,false
CELL_QP093A-0133_GATE_100_TO_011,CELL_QP093A-0133_PAIR_011_100,CELL_QP093A-0133,QP093A-0133,1+3+8,no,TRIAD_SURFACE_REJECTED,CELL_QP093A-0133_f_+--,+--,100,CELL_QP093A-0133_f_-++,-++,011,CELL_QP093A-0133_v_+x;CELL_QP093A-0133_v_-y;CELL_QP093A-0133_v_-z,CELL_QP093A-0133_v_+y;CELL_QP093A-0133_v_+z;CELL_QP093A-0133_v_-x,CELL_QP093A-0133_e_+x_-y;CELL_QP093A-0133_e_+x_-z;CELL_QP093A-0133_e_-y_-z,CELL_QP093A-0133_e_+y_+z;CELL_QP093A-0133_e_-x_+y;CELL_QP093A-0133_e_-x_+z,true,true,true,true,OPEN_NO_UNIT_MAPPING,OPEN_CONVENTIONAL_ENGINEERING_INPUT,UNEMITTED_CR286_GATE,false,false
CELL_QP093A-0133_GATE_101_TO_010,CELL_QP093A-0133_PAIR_010_101,CELL_QP093A-0133,QP093A-0133,1+3+8,no,TRIAD_SURFACE_REJECTED,CELL_QP093A-0133_f_+-+,+-+,101,CELL_QP093A-0133_f_-+-,-+-,010,CELL_QP093A-0133_v_+x;CELL_QP093A-0133_v_+z;CELL_QP093A-0133_v_-y,CELL_QP093A-0133_v_+y;CELL_QP093A-0133_v_-x;CELL_QP093A-0133_v_-z,CELL_QP093A-0133_e_+x_+z;CELL_QP093A-0133_e_+x_-y;CELL_QP093A-0133_e_-y_+z,CELL_QP093A-0133_e_+y_-z;CELL_QP093A-0133_e_-x_+y;CELL_QP093A-0133_e_-x_-z,true,true,true,true,OPEN_NO_UNIT_MAPPING,OPEN_CONVENTIONAL_ENGINEERING_INPUT,UNEMITTED_CR286_GATE,false,false
CELL_QP093A-0133_GATE_110_TO_001,CELL_QP093A-0133_PAIR_001_110,CELL_QP093A-0133,QP093A-0133,1+3+8,no,TRIAD_SURFACE_REJECTED,CELL_QP093A-0133_f_++-,++-,110,CELL_QP093A-0133_f_--+,--+,001,CELL_QP093A-0133_v_+x;CELL_QP093A-0133_v_+y;CELL_QP093A-0133_v_-z,CELL_QP093A-0133_v_+z;CELL_QP093A-0133_v_-x;CELL_QP093A-0133_v_-y,CELL_QP093A-0133_e_+x_+y;CELL_QP093A-0133_e_+x_-z;CELL_QP093A-0133_e_+y_-z,CELL_QP093A-0133_e_-x_+z;CELL_QP093A-0133_e_-x_-y;CELL_QP093A-0133_e_-y_+z,true,true,true,true,OPEN_NO_UNIT_MAPPING,OPEN_CONVENTIONAL_ENGINEERING_INPUT,UNEMITTED_CR286_GATE,false,false
CELL_QP093A-0133_GATE_111_TO_000,CELL_QP093A-0133_PAIR_000_111,CELL_QP093A-0133,QP093A-0133,1+3+8,no,TRIAD_SURFACE_REJECTED,CELL_QP093A-0133_f_+++,+++,111,CELL_QP093A-0133_f_---,---,000,CELL_QP093A-0133_v_+x;CELL_QP093A-0133_v_+y;CELL_QP093A-0133_v_+z,CELL_QP093A-0133_v_-x;CELL_QP093A-0133_v_-y;CELL_QP093A-0133_v_-z,CELL_QP093A-0133_e_+x_+y;CELL_QP093A-0133_e_+x_+z;CELL_QP093A-0133_e_+y_+z,CELL_QP093A-0133_e_-x_-y;CELL_QP093A-0133_e_-x_-z;CELL_QP093A-0133_e_-y_-z,true,true,true,true,OPEN_NO_UNIT_MAPPING,OPEN_CONVENTIONAL_ENGINEERING_INPUT,UNEMITTED_CR286_GATE,false,false
CELL_QP093A-0134_GATE_000_TO_111,CELL_QP093A-0134_PAIR_000_111,CELL_QP093A-0134,QP093A-0134,1+3+9,yes,TRIAD_ALLOWED,CELL_QP093A-0134_f_---,---,000,CELL_QP093A-0134_f_+++,+++,111,CELL_QP093A-0134_v_-x;CELL_QP093A-0134_v_-y;CELL_QP093A-0134_v_-z,CELL_QP093A-0134_v_+x;CELL_QP093A-0134_v_+y;CELL_QP093A-0134_v_+z,CELL_QP093A-0134_e_-x_-y;CELL_QP093A-0134_e_-x_-z;CELL_QP093A-0134_e_-y_-z,CELL_QP093A-0134_e_+x_+y;CELL_QP093A-0134_e_+x_+z;CELL_QP093A-0134_e_+y_+z,true,true,true,true,OPEN_NO_UNIT_MAPPING,OPEN_CONVENTIONAL_ENGINEERING_INPUT,UNEMITTED_CR286_GATE,false,false
CELL_QP093A-0134_GATE_001_TO_110,CELL_QP093A-0134_PAIR_001_110,CELL_QP093A-0134,QP093A-0134,1+3+9,yes,TRIAD_ALLOWED,CELL_QP093A-0134_f_--+,--+,001,CELL_QP093A-0134_f_++-,++-,110,CELL_QP093A-0134_v_+z;CELL_QP093A-0134_v_-x;CELL_QP093A-0134_v_-y,CELL_QP093A-0134_v_+x;CELL_QP093A-0134_v_+y;CELL_QP093A-0134_v_-z,CELL_QP093A-0134_e_-x_+z;CELL_QP093A-0134_e_-x_-y;CELL_QP093A-0134_e_-y_+z,CELL_QP093A-0134_e_+x_+y;CELL_QP093A-0134_e_+x_-z;CELL_QP093A-0134_e_+y_-z,true,true,true,true,OPEN_NO_UNIT_MAPPING,OPEN_CONVENTIONAL_ENGINEERING_INPUT,UNEMITTED_CR286_GATE,false,false
CELL_QP093A-0134_GATE_010_TO_101,CELL_QP093A-0134_PAIR_010_101,CELL_QP093A-0134,QP093A-0134,1+3+9,yes,TRIAD_ALLOWED,CELL_QP093A-0134_f_-+-,-+-,010,CELL_QP093A-0134_f_+-+,+-+,101,CELL_QP093A-0134_v_+y;CELL_QP093A-0134_v_-x;CELL_QP093A-0134_v_-z,CELL_QP093A-0134_v_+x;CELL_QP093A-0134_v_+z;CELL_QP093A-0134_v_-y,CELL_QP093A-0134_e_+y_-z;CELL_QP093A-0134_e_-x_+y;CELL_QP093A-0134_e_-x_-z,CELL_QP093A-0134_e_+x_+z;CELL_QP093A-0134_e_+x_-y;CELL_QP093A-0134_e_-y_+z,true,true,true,true,OPEN_NO_UNIT_MAPPING,OPEN_CONVENTIONAL_ENGINEERING_INPUT,UNEMITTED_CR286_GATE,false,false
CELL_QP093A-0134_GATE_011_TO_100,CELL_QP093A-0134_PAIR_011_100,CELL_QP093A-0134,QP093A-0134,1+3+9,yes,TRIAD_ALLOWED,CELL_QP093A-0134_f_-++,-++,011,CELL_QP093A-0134_f_+--,+--,100,CELL_QP093A-0134_v_+y;CELL_QP093A-0134_v_+z;CELL_QP093A-0134_v_-x,CELL_QP093A-0134_v_+x;CELL_QP093A-0134_v_-y;CELL_QP093A-0134_v_-z,CELL_QP093A-0134_e_+y_+z;CELL_QP093A-0134_e_-x_+y;CELL_QP093A-0134_e_-x_+z,CELL_QP093A-0134_e_+x_-y;CELL_QP093A-0134_e_+x_-z;CELL_QP093A-0134_e_-y_-z,true,true,true,true,OPEN_NO_UNIT_MAPPING,OPEN_CONVENTIONAL_ENGINEERING_INPUT,UNEMITTED_CR286_GATE,false,false
CELL_QP093A-0134_GATE_100_TO_011,CELL_QP093A-0134_PAIR_011_100,CELL_QP093A-0134,QP093A-0134,1+3+9,yes,TRIAD_ALLOWED,CELL_QP093A-0134_f_+--,+--,100,CELL_QP093A-0134_f_-++,-++,011,CELL_QP093A-0134_v_+x;CELL_QP093A-0134_v_-y;CELL_QP093A-0134_v_-z,CELL_QP093A-0134_v_+y;CELL_QP093A-0134_v_+z;CELL_QP093A-0134_v_-x,CELL_QP093A-0134_e_+x_-y;CELL_QP093A-0134_e_+x_-z;CELL_QP093A-0134_e_-y_-z,CELL_QP093A-0134_e_+y_+z;CELL_QP093A-0134_e_-x_+y;CELL_QP093A-0134_e_-x_+z,true,true,true,true,OPEN_NO_UNIT_MAPPING,OPEN_CONVENTIONAL_ENGINEERING_INPUT,UNEMITTED_CR286_GATE,false,false
CELL_QP093A-0134_GATE_101_TO_010,CELL_QP093A-0134_PAIR_010_101,CELL_QP093A-0134,QP093A-0134,1+3+9,yes,TRIAD_ALLOWED,CELL_QP093A-0134_f_+-+,+-+,101,CELL_QP093A-0134_f_-+-,-+-,010,CELL_QP093A-0134_v_+x;CELL_QP093A-0134_v_+z;CELL_QP093A-0134_v_-y,CELL_QP093A-0134_v_+y;CELL_QP093A-0134_v_-x;CELL_QP093A-0134_v_-z,CELL_QP093A-0134_e_+x_+z;CELL_QP093A-0134_e_+x_-y;CELL_QP093A-0134_e_-y_+z,CELL_QP093A-0134_e_+y_-z;CELL_QP093A-0134_e_-x_+y;CELL_QP093A-0134_e_-x_-z,true,true,true,true,OPEN_NO_UNIT_MAPPING,OPEN_CONVENTIONAL_ENGINEERING_INPUT,UNEMITTED_CR286_GATE,false,false
CELL_QP093A-0134_GATE_110_TO_001,CELL_QP093A-0134_PAIR_001_110,CELL_QP093A-0134,QP093A-0134,1+3+9,yes,TRIAD_ALLOWED,CELL_QP093A-0134_f_++-,++-,110,CELL_QP093A-0134_f_--+,--+,001,CELL_QP093A-0134_v_+x;CELL_QP093A-0134_v_+y;CELL_QP093A-0134_v_-z,CELL_QP093A-0134_v_+z;CELL_QP093A-0134_v_-x;CELL_QP093A-0134_v_-y,CELL_QP093A-0134_e_+x_+y;CELL_QP093A-0134_e_+x_-z;CELL_QP093A-0134_e_+y_-z,CELL_QP093A-0134_e_-x_+z;CELL_QP093A-0134_e_-x_-y;CELL_QP093A-0134_e_-y_+z,true,true,true,true,OPEN_NO_UNIT_MAPPING,OPEN_CONVENTIONAL_ENGINEERING_INPUT,UNEMITTED_CR286_GATE,false,false
CELL_QP093A-0134_GATE_111_TO_000,CELL_QP093A-0134_PAIR_000_111,CELL_QP093A-0134,QP093A-0134,1+3+9,yes,TRIAD_ALLOWED,CELL_QP093A-0134_f_+++,+++,111,CELL_QP093A-0134_f_---,---,000,CELL_QP093A-0134_v_+x;CELL_QP093A-0134_v_+y;CELL_QP093A-0134_v_+z,CELL_QP093A-0134_v_-x;CELL_QP093A-0134_v_-y;CELL_QP093A-0134_v_-z,CELL_QP093A-0134_e_+x_+y;CELL_QP093A-0134_e_+x_+z;CELL_QP093A-0134_e_+y_+z,CELL_QP093A-0134_e_-x_-y;CELL_QP093A-0134_e_-x_-z;CELL_QP093A-0134_e_-y_-z,true,true,true,true,OPEN_NO_UNIT_MAPPING,OPEN_CONVENTIONAL_ENGINEERING_INPUT,UNEMITTED_CR286_GATE,false,false
CELL_QP093A-0135_GATE_000_TO_111,CELL_QP093A-0135_PAIR_000_111,CELL_QP093A-0135,QP093A-0135,1+3+12,yes,TRIAD_ALLOWED,CELL_QP093A-0135_f_---,---,000,CELL_QP093A-0135_f_+++,+++,111,CELL_QP093A-0135_v_-x;CELL_QP093A-0135_v_-y;CELL_QP093A-0135_v_-z,CELL_QP093A-0135_v_+x;CELL_QP093A-0135_v_+y;CELL_QP093A-0135_v_+z,CELL_QP093A-0135_e_-x_-y;CELL_QP093A-0135_e_-x_-z;CELL_QP093A-0135_e_-y_-z,CELL_QP093A-0135_e_+x_+y;CELL_QP093A-0135_e_+x_+z;CELL_QP093A-0135_e_+y_+z,true,true,true,true,OPEN_NO_UNIT_MAPPING,OPEN_CONVENTIONAL_ENGINEERING_INPUT,UNEMITTED_CR286_GATE,false,false
CELL_QP093A-0135_GATE_001_TO_110,CELL_QP093A-0135_PAIR_001_110,CELL_QP093A-0135,QP093A-0135,1+3+12,yes,TRIAD_ALLOWED,CELL_QP093A-0135_f_--+,--+,001,CELL_QP093A-0135_f_++-,++-,110,CELL_QP093A-0135_v_+z;CELL_QP093A-0135_v_-x;CELL_QP093A-0135_v_-y,CELL_QP093A-0135_v_+x;CELL_QP093A-0135_v_+y;CELL_QP093A-0135_v_-z,CELL_QP093A-0135_e_-x_+z;CELL_QP093A-0135_e_-x_-y;CELL_QP093A-0135_e_-y_+z,CELL_QP093A-0135_e_+x_+y;CELL_QP093A-0135_e_+x_-z;CELL_QP093A-0135_e_+y_-z,true,true,true,true,OPEN_NO_UNIT_MAPPING,OPEN_CONVENTIONAL_ENGINEERING_INPUT,UNEMITTED_CR286_GATE,false,false
CELL_QP093A-0135_GATE_010_TO_101,CELL_QP093A-0135_PAIR_010_101,CELL_QP093A-0135,QP093A-0135,1+3+12,yes,TRIAD_ALLOWED,CELL_QP093A-0135_f_-+-,-+-,010,CELL_QP093A-0135_f_+-+,+-+,101,CELL_QP093A-0135_v_+y;CELL_QP093A-0135_v_-x;CELL_QP093A-0135_v_-z,CELL_QP093A-0135_v_+x;CELL_QP093A-0135_v_+z;CELL_QP093A-0135_v_-y,CELL_QP093A-0135_e_+y_-z;CELL_QP093A-0135_e_-x_+y;CELL_QP093A-0135_e_-x_-z,CELL_QP093A-0135_e_+x_+z;CELL_QP093A-0135_e_+x_-y;CELL_QP093A-0135_e_-y_+z,true,true,true,true,OPEN_NO_UNIT_MAPPING,OPEN_CONVENTIONAL_ENGINEERING_INPUT,UNEMITTED_CR286_GATE,false,false
CELL_QP093A-0135_GATE_011_TO_100,CELL_QP093A-0135_PAIR_011_100,CELL_QP093A-0135,QP093A-0135,1+3+12,yes,TRIAD_ALLOWED,CELL_QP093A-0135_f_-++,-++,011,CELL_QP093A-0135_f_+--,+--,100,CELL_QP093A-0135_v_+y;CELL_QP093A-0135_v_+z;CELL_QP093A-0135_v_-x,CELL_QP093A-0135_v_+x;CELL_QP093A-0135_v_-y;CELL_QP093A-0135_v_-z,CELL_QP093A-0135_e_+y_+z;CELL_QP093A-0135_e_-x_+y;CELL_QP093A-0135_e_-x_+z,CELL_QP093A-0135_e_+x_-y;CELL_QP093A-0135_e_+x_-z;CELL_QP093A-0135_e_-y_-z,true,true,true,true,OPEN_NO_UNIT_MAPPING,OPEN_CONVENTIONAL_ENGINEERING_INPUT,UNEMITTED_CR286_GATE,false,false
CELL_QP093A-0135_GATE_100_TO_011,CELL_QP093A-0135_PAIR_011_100,CELL_QP093A-0135,QP093A-0135,1+3+12,yes,TRIAD_ALLOWED,CELL_QP093A-0135_f_+--,+--,100,CELL_QP093A-0135_f_-++,-++,011,CELL_QP093A-0135_v_+x;CELL_QP093A-0135_v_-y;CELL_QP093A-0135_v_-z,CELL_QP093A-0135_v_+y;CELL_QP093A-0135_v_+z;CELL_QP093A-0135_v_-x,CELL_QP093A-0135_e_+x_-y;CELL_QP093A-0135_e_+x_-z;CELL_QP093A-0135_e_-y_-z,CELL_QP093A-0135_e_+y_+z;CELL_QP093A-0135_e_-x_+y;CELL_QP093A-0135_e_-x_+z,true,true,true,true,OPEN_NO_UNIT_MAPPING,OPEN_CONVENTIONAL_ENGINEERING_INPUT,UNEMITTED_CR286_GATE,false,false
CELL_QP093A-0135_GATE_101_TO_010,CELL_QP093A-0135_PAIR_010_101,CELL_QP093A-0135,QP093A-0135,1+3+12,yes,TRIAD_ALLOWED,CELL_QP093A-0135_f_+-+,+-+,101,CELL_QP093A-0135_f_-+-,-+-,010,CELL_QP093A-0135_v_+x;CELL_QP093A-0135_v_+z;CELL_QP093A-0135_v_-y,CELL_QP093A-0135_v_+y;CELL_QP093A-0135_v_-x;CELL_QP093A-0135_v_-z,CELL_QP093A-0135_e_+x_+z;CELL_QP093A-0135_e_+x_-y;CELL_QP093A-0135_e_-y_+z,CELL_QP093A-0135_e_+y_-z;CELL_QP093A-0135_e_-x_+y;CELL_QP093A-0135_e_-x_-z,true,true,true,true,OPEN_NO_UNIT_MAPPING,OPEN_CONVENTIONAL_ENGINEERING_INPUT,UNEMITTED_CR286_GATE,false,false
CELL_QP093A-0135_GATE_110_TO_001,CELL_QP093A-0135_PAIR_001_110,CELL_QP093A-0135,QP093A-0135,1+3+12,yes,TRIAD_ALLOWED,CELL_QP093A-0135_f_++-,++-,110,CELL_QP093A-0135_f_--+,--+,001,CELL_QP093A-0135_v_+x;CELL_QP093A-0135_v_+y;CELL_QP093A-0135_v_-z,CELL_QP093A-0135_v_+z;CELL_QP093A-0135_v_-x;CELL_QP093A-0135_v_-y,CELL_QP093A-0135_e_+x_+y;CELL_QP093A-0135_e_+x_-z;CELL_QP093A-0135_e_+y_-z,CELL_QP093A-0135_e_-x_+z;CELL_QP093A-0135_e_-x_-y;CELL_QP093A-0135_e_-y_+z,true,true,true,true,OPEN_NO_UNIT_MAPPING,OPEN_CONVENTIONAL_ENGINEERING_INPUT,UNEMITTED_CR286_GATE,false,false
CELL_QP093A-0135_GATE_111_TO_000,CELL_QP093A-0135_PAIR_000_111,CELL_QP093A-0135,QP093A-0135,1+3+12,yes,TRIAD_ALLOWED,CELL_QP093A-0135_f_+++,+++,111,CELL_QP093A-0135_f_---,---,000,CELL_QP093A-0135_v_+x;CELL_QP093A-0135_v_+y;CELL_QP093A-0135_v_+z,CELL_QP093A-0135_v_-x;CELL_QP093A-0135_v_-y;CELL_QP093A-0135_v_-z,CELL_QP093A-0135_e_+x_+y;CELL_QP093A-0135_e_+x_+z;CELL_QP093A-0135_e_+y_+z,CELL_QP093A-0135_e_-x_-y;CELL_QP093A-0135_e_-x_-z;CELL_QP093A-0135_e_-y_-z,true,true,true,true,OPEN_NO_UNIT_MAPPING,OPEN_CONVENTIONAL_ENGINEERING_INPUT,UNEMITTED_CR286_GATE,false,false
CELL_QP093A-0136_GATE_000_TO_111,CELL_QP093A-0136_PAIR_000_111,CELL_QP093A-0136,QP093A-0136,1+4+4,yes,TRIAD_ALLOWED,CELL_QP093A-0136_f_---,---,000,CELL_QP093A-0136_f_+++,+++,111,CELL_QP093A-0136_v_-x;CELL_QP093A-0136_v_-y;CELL_QP093A-0136_v_-z,CELL_QP093A-0136_v_+x;CELL_QP093A-0136_v_+y;CELL_QP093A-0136_v_+z,CELL_QP093A-0136_e_-x_-y;CELL_QP093A-0136_e_-x_-z;CELL_QP093A-0136_e_-y_-z,CELL_QP093A-0136_e_+x_+y;CELL_QP093A-0136_e_+x_+z;CELL_QP093A-0136_e_+y_+z,true,true,true,true,OPEN_NO_UNIT_MAPPING,OPEN_CONVENTIONAL_ENGINEERING_INPUT,UNEMITTED_CR286_GATE,false,false
CELL_QP093A-0136_GATE_001_TO_110,CELL_QP093A-0136_PAIR_001_110,CELL_QP093A-0136,QP093A-0136,1+4+4,yes,TRIAD_ALLOWED,CELL_QP093A-0136_f_--+,--+,001,CELL_QP093A-0136_f_++-,++-,110,CELL_QP093A-0136_v_+z;CELL_QP093A-0136_v_-x;CELL_QP093A-0136_v_-y,CELL_QP093A-0136_v_+x;CELL_QP093A-0136_v_+y;CELL_QP093A-0136_v_-z,CELL_QP093A-0136_e_-x_+z;CELL_QP093A-0136_e_-x_-y;CELL_QP093A-0136_e_-y_+z,CELL_QP093A-0136_e_+x_+y;CELL_QP093A-0136_e_+x_-z;CELL_QP093A-0136_e_+y_-z,true,true,true,true,OPEN_NO_UNIT_MAPPING,OPEN_CONVENTIONAL_ENGINEERING_INPUT,UNEMITTED_CR286_GATE,false,false
CELL_QP093A-0136_GATE_010_TO_101,CELL_QP093A-0136_PAIR_010_101,CELL_QP093A-0136,QP093A-0136,1+4+4,yes,TRIAD_ALLOWED,CELL_QP093A-0136_f_-+-,-+-,010,CELL_QP093A-0136_f_+-+,+-+,101,CELL_QP093A-0136_v_+y;CELL_QP093A-0136_v_-x;CELL_QP093A-0136_v_-z,CELL_QP093A-0136_v_+x;CELL_QP093A-0136_v_+z;CELL_QP093A-0136_v_-y,CELL_QP093A-0136_e_+y_-z;CELL_QP093A-0136_e_-x_+y;CELL_QP093A-0136_e_-x_-z,CELL_QP093A-0136_e_+x_+z;CELL_QP093A-0136_e_+x_-y;CELL_QP093A-0136_e_-y_+z,true,true,true,true,OPEN_NO_UNIT_MAPPING,OPEN_CONVENTIONAL_ENGINEERING_INPUT,UNEMITTED_CR286_GATE,false,false
CELL_QP093A-0136_GATE_011_TO_100,CELL_QP093A-0136_PAIR_011_100,CELL_QP093A-0136,QP093A-0136,1+4+4,yes,TRIAD_ALLOWED,CELL_QP093A-0136_f_-++,-++,011,CELL_QP093A-0136_f_+--,+--,100,CELL_QP093A-0136_v_+y;CELL_QP093A-0136_v_+z;CELL_QP093A-0136_v_-x,CELL_QP093A-0136_v_+x;CELL_QP093A-0136_v_-y;CELL_QP093A-0136_v_-z,CELL_QP093A-0136_e_+y_+z;CELL_QP093A-0136_e_-x_+y;CELL_QP093A-0136_e_-x_+z,CELL_QP093A-0136_e_+x_-y;CELL_QP093A-0136_e_+x_-z;CELL_QP093A-0136_e_-y_-z,true,true,true,true,OPEN_NO_UNIT_MAPPING,OPEN_CONVENTIONAL_ENGINEERING_INPUT,UNEMITTED_CR286_GATE,false,false
CELL_QP093A-0136_GATE_100_TO_011,CELL_QP093A-0136_PAIR_011_100,CELL_QP093A-0136,QP093A-0136,1+4+4,yes,TRIAD_ALLOWED,CELL_QP093A-0136_f_+--,+--,100,CELL_QP093A-0136_f_-++,-++,011,CELL_QP093A-0136_v_+x;CELL_QP093A-0136_v_-y;CELL_QP093A-0136_v_-z,CELL_QP093A-0136_v_+y;CELL_QP093A-0136_v_+z;CELL_QP093A-0136_v_-x,CELL_QP093A-0136_e_+x_-y;CELL_QP093A-0136_e_+x_-z;CELL_QP093A-0136_e_-y_-z,CELL_QP093A-0136_e_+y_+z;CELL_QP093A-0136_e_-x_+y;CELL_QP093A-0136_e_-x_+z,true,true,true,true,OPEN_NO_UNIT_MAPPING,OPEN_CONVENTIONAL_ENGINEERING_INPUT,UNEMITTED_CR286_GATE,false,false
CELL_QP093A-0136_GATE_101_TO_010,CELL_QP093A-0136_PAIR_010_101,CELL_QP093A-0136,QP093A-0136,1+4+4,yes,TRIAD_ALLOWED,CELL_QP093A-0136_f_+-+,+-+,101,CELL_QP093A-0136_f_-+-,-+-,010,CELL_QP093A-0136_v_+x;CELL_QP093A-0136_v_+z;CELL_QP093A-0136_v_-y,CELL_QP093A-0136_v_+y;CELL_QP093A-0136_v_-x;CELL_QP093A-0136_v_-z,CELL_QP093A-0136_e_+x_+z;CELL_QP093A-0136_e_+x_-y;CELL_QP093A-0136_e_-y_+z,CELL_QP093A-0136_e_+y_-z;CELL_QP093A-0136_e_-x_+y;CELL_QP093A-0136_e_-x_-z,true,true,true,true,OPEN_NO_UNIT_MAPPING,OPEN_CONVENTIONAL_ENGINEERING_INPUT,UNEMITTED_CR286_GATE,false,false
CELL_QP093A-0136_GATE_110_TO_001,CELL_QP093A-0136_PAIR_001_110,CELL_QP093A-0136,QP093A-0136,1+4+4,yes,TRIAD_ALLOWED,CELL_QP093A-0136_f_++-,++-,110,CELL_QP093A-0136_f_--+,--+,001,CELL_QP093A-0136_v_+x;CELL_QP093A-0136_v_+y;CELL_QP093A-0136_v_-z,CELL_QP093A-0136_v_+z;CELL_QP093A-0136_v_-x;CELL_QP093A-0136_v_-y,CELL_QP093A-0136_e_+x_+y;CELL_QP093A-0136_e_+x_-z;CELL_QP093A-0136_e_+y_-z,CELL_QP093A-0136_e_-x_+z;CELL_QP093A-0136_e_-x_-y;CELL_QP093A-0136_e_-y_+z,true,true,true,true,OPEN_NO_UNIT_MAPPING,OPEN_CONVENTIONAL_ENGINEERING_INPUT,UNEMITTED_CR286_GATE,false,false
CELL_QP093A-0136_GATE_111_TO_000,CELL_QP093A-0136_PAIR_000_111,CELL_QP093A-0136,QP093A-0136,1+4+4,yes,TRIAD_ALLOWED,CELL_QP093A-0136_f_+++,+++,111,CELL_QP093A-0136_f_---,---,000,CELL_QP093A-0136_v_+x;CELL_QP093A-0136_v_+y;CELL_QP093A-0136_v_+z,CELL_QP093A-0136_v_-x;CELL_QP093A-0136_v_-y;CELL_QP093A-0136_v_-z,CELL_QP093A-0136_e_+x_+y;CELL_QP093A-0136_e_+x_+z;CELL_QP093A-0136_e_+y_+z,CELL_QP093A-0136_e_-x_-y;CELL_QP093A-0136_e_-x_-z;CELL_QP093A-0136_e_-y_-z,true,true,true,true,OPEN_NO_UNIT_MAPPING,OPEN_CONVENTIONAL_ENGINEERING_INPUT,UNEMITTED_CR286_GATE,false,false
CELL_QP093A-0137_GATE_000_TO_111,CELL_QP093A-0137_PAIR_000_111,CELL_QP093A-0137,QP093A-0137,1+4+6,yes,TRIAD_ALLOWED,CELL_QP093A-0137_f_---,---,000,CELL_QP093A-0137_f_+++,+++,111,CELL_QP093A-0137_v_-x;CELL_QP093A-0137_v_-y;CELL_QP093A-0137_v_-z,CELL_QP093A-0137_v_+x;CELL_QP093A-0137_v_+y;CELL_QP093A-0137_v_+z,CELL_QP093A-0137_e_-x_-y;CELL_QP093A-0137_e_-x_-z;CELL_QP093A-0137_e_-y_-z,CELL_QP093A-0137_e_+x_+y;CELL_QP093A-0137_e_+x_+z;CELL_QP093A-0137_e_+y_+z,true,true,true,true,OPEN_NO_UNIT_MAPPING,OPEN_CONVENTIONAL_ENGINEERING_INPUT,UNEMITTED_CR286_GATE,false,false
CELL_QP093A-0137_GATE_001_TO_110,CELL_QP093A-0137_PAIR_001_110,CELL_QP093A-0137,QP093A-0137,1+4+6,yes,TRIAD_ALLOWED,CELL_QP093A-0137_f_--+,--+,001,CELL_QP093A-0137_f_++-,++-,110,CELL_QP093A-0137_v_+z;CELL_QP093A-0137_v_-x;CELL_QP093A-0137_v_-y,CELL_QP093A-0137_v_+x;CELL_QP093A-0137_v_+y;CELL_QP093A-0137_v_-z,CELL_QP093A-0137_e_-x_+z;CELL_QP093A-0137_e_-x_-y;CELL_QP093A-0137_e_-y_+z,CELL_QP093A-0137_e_+x_+y;CELL_QP093A-0137_e_+x_-z;CELL_QP093A-0137_e_+y_-z,true,true,true,true,OPEN_NO_UNIT_MAPPING,OPEN_CONVENTIONAL_ENGINEERING_INPUT,UNEMITTED_CR286_GATE,false,false
CELL_QP093A-0137_GATE_010_TO_101,CELL_QP093A-0137_PAIR_010_101,CELL_QP093A-0137,QP093A-0137,1+4+6,yes,TRIAD_ALLOWED,CELL_QP093A-0137_f_-+-,-+-,010,CELL_QP093A-0137_f_+-+,+-+,101,CELL_QP093A-0137_v_+y;CELL_QP093A-0137_v_-x;CELL_QP093A-0137_v_-z,CELL_QP093A-0137_v_+x;CELL_QP093A-0137_v_+z;CELL_QP093A-0137_v_-y,CELL_QP093A-0137_e_+y_-z;CELL_QP093A-0137_e_-x_+y;CELL_QP093A-0137_e_-x_-z,CELL_QP093A-0137_e_+x_+z;CELL_QP093A-0137_e_+x_-y;CELL_QP093A-0137_e_-y_+z,true,true,true,true,OPEN_NO_UNIT_MAPPING,OPEN_CONVENTIONAL_ENGINEERING_INPUT,UNEMITTED_CR286_GATE,false,false
CELL_QP093A-0137_GATE_011_TO_100,CELL_QP093A-0137_PAIR_011_100,CELL_QP093A-0137,QP093A-0137,1+4+6,yes,TRIAD_ALLOWED,CELL_QP093A-0137_f_-++,-++,011,CELL_QP093A-0137_f_+--,+--,100,CELL_QP093A-0137_v_+y;CELL_QP093A-0137_v_+z;CELL_QP093A-0137_v_-x,CELL_QP093A-0137_v_+x;CELL_QP093A-0137_v_-y;CELL_QP093A-0137_v_-z,CELL_QP093A-0137_e_+y_+z;CELL_QP093A-0137_e_-x_+y;CELL_QP093A-0137_e_-x_+z,CELL_QP093A-0137_e_+x_-y;CELL_QP093A-0137_e_+x_-z;CELL_QP093A-0137_e_-y_-z,true,true,true,true,OPEN_NO_UNIT_MAPPING,OPEN_CONVENTIONAL_ENGINEERING_INPUT,UNEMITTED_CR286_GATE,false,false
CELL_QP093A-0137_GATE_100_TO_011,CELL_QP093A-0137_PAIR_011_100,CELL_QP093A-0137,QP093A-0137,1+4+6,yes,TRIAD_ALLOWED,CELL_QP093A-0137_f_+--,+--,100,CELL_QP093A-0137_f_-++,-++,011,CELL_QP093A-0137_v_+x;CELL_QP093A-0137_v_-y;CELL_QP093A-0137_v_-z,CELL_QP093A-0137_v_+y;CELL_QP093A-0137_v_+z;CELL_QP093A-0137_v_-x,CELL_QP093A-0137_e_+x_-y;CELL_QP093A-0137_e_+x_-z;CELL_QP093A-0137_e_-y_-z,CELL_QP093A-0137_e_+y_+z;CELL_QP093A-0137_e_-x_+y;CELL_QP093A-0137_e_-x_+z,true,true,true,true,OPEN_NO_UNIT_MAPPING,OPEN_CONVENTIONAL_ENGINEERING_INPUT,UNEMITTED_CR286_GATE,false,false
CELL_QP093A-0137_GATE_101_TO_010,CELL_QP093A-0137_PAIR_010_101,CELL_QP093A-0137,QP093A-0137,1+4+6,yes,TRIAD_ALLOWED,CELL_QP093A-0137_f_+-+,+-+,101,CELL_QP093A-0137_f_-+-,-+-,010,CELL_QP093A-0137_v_+x;CELL_QP093A-0137_v_+z;CELL_QP093A-0137_v_-y,CELL_QP093A-0137_v_+y;CELL_QP093A-0137_v_-x;CELL_QP093A-0137_v_-z,CELL_QP093A-0137_e_+x_+z;CELL_QP093A-0137_e_+x_-y;CELL_QP093A-0137_e_-y_+z,CELL_QP093A-0137_e_+y_-z;CELL_QP093A-0137_e_-x_+y;CELL_QP093A-0137_e_-x_-z,true,true,true,true,OPEN_NO_UNIT_MAPPING,OPEN_CONVENTIONAL_ENGINEERING_INPUT,UNEMITTED_CR286_GATE,false,false
CELL_QP093A-0137_GATE_110_TO_001,CELL_QP093A-0137_PAIR_001_110,CELL_QP093A-0137,QP093A-0137,1+4+6,yes,TRIAD_ALLOWED,CELL_QP093A-0137_f_++-,++-,110,CELL_QP093A-0137_f_--+,--+,001,CELL_QP093A-0137_v_+x;CELL_QP093A-0137_v_+y;CELL_QP093A-0137_v_-z,CELL_QP093A-0137_v_+z;CELL_QP093A-0137_v_-x;CELL_QP093A-0137_v_-y,CELL_QP093A-0137_e_+x_+y;CELL_QP093A-0137_e_+x_-z;CELL_QP093A-0137_e_+y_-z,CELL_QP093A-0137_e_-x_+z;CELL_QP093A-0137_e_-x_-y;CELL_QP093A-0137_e_-y_+z,true,true,true,true,OPEN_NO_UNIT_MAPPING,OPEN_CONVENTIONAL_ENGINEERING_INPUT,UNEMITTED_CR286_GATE,false,false
CELL_QP093A-0137_GATE_111_TO_000,CELL_QP093A-0137_PAIR_000_111,CELL_QP093A-0137,QP093A-0137,1+4+6,yes,TRIAD_ALLOWED,CELL_QP093A-0137_f_+++,+++,111,CELL_QP093A-0137_f_---,---,000,CELL_QP093A-0137_v_+x;CELL_QP093A-0137_v_+y;CELL_QP093A-0137_v_+z,CELL_QP093A-0137_v_-x;CELL_QP093A-0137_v_-y;CELL_QP093A-0137_v_-z,CELL_QP093A-0137_e_+x_+y;CELL_QP093A-0137_e_+x_+z;CELL_QP093A-0137_e_+y_+z,CELL_QP093A-0137_e_-x_-y;CELL_QP093A-0137_e_-x_-z;CELL_QP093A-0137_e_-y_-z,true,true,true,true,OPEN_NO_UNIT_MAPPING,OPEN_CONVENTIONAL_ENGINEERING_INPUT,UNEMITTED_CR286_GATE,false,false
CELL_QP093A-0138_GATE_000_TO_111,CELL_QP093A-0138_PAIR_000_111,CELL_QP093A-0138,QP093A-0138,1+4+8,yes,TRIAD_ALLOWED,CELL_QP093A-0138_f_---,---,000,CELL_QP093A-0138_f_+++,+++,111,CELL_QP093A-0138_v_-x;CELL_QP093A-0138_v_-y;CELL_QP093A-0138_v_-z,CELL_QP093A-0138_v_+x;CELL_QP093A-0138_v_+y;CELL_QP093A-0138_v_+z,CELL_QP093A-0138_e_-x_-y;CELL_QP093A-0138_e_-x_-z;CELL_QP093A-0138_e_-y_-z,CELL_QP093A-0138_e_+x_+y;CELL_QP093A-0138_e_+x_+z;CELL_QP093A-0138_e_+y_+z,true,true,true,true,OPEN_NO_UNIT_MAPPING,OPEN_CONVENTIONAL_ENGINEERING_INPUT,UNEMITTED_CR286_GATE,false,false
CELL_QP093A-0138_GATE_001_TO_110,CELL_QP093A-0138_PAIR_001_110,CELL_QP093A-0138,QP093A-0138,1+4+8,yes,TRIAD_ALLOWED,CELL_QP093A-0138_f_--+,--+,001,CELL_QP093A-0138_f_++-,++-,110,CELL_QP093A-0138_v_+z;CELL_QP093A-0138_v_-x;CELL_QP093A-0138_v_-y,CELL_QP093A-0138_v_+x;CELL_QP093A-0138_v_+y;CELL_QP093A-0138_v_-z,CELL_QP093A-0138_e_-x_+z;CELL_QP093A-0138_e_-x_-y;CELL_QP093A-0138_e_-y_+z,CELL_QP093A-0138_e_+x_+y;CELL_QP093A-0138_e_+x_-z;CELL_QP093A-0138_e_+y_-z,true,true,true,true,OPEN_NO_UNIT_MAPPING,OPEN_CONVENTIONAL_ENGINEERING_INPUT,UNEMITTED_CR286_GATE,false,false
CELL_QP093A-0138_GATE_010_TO_101,CELL_QP093A-0138_PAIR_010_101,CELL_QP093A-0138,QP093A-0138,1+4+8,yes,TRIAD_ALLOWED,CELL_QP093A-0138_f_-+-,-+-,010,CELL_QP093A-0138_f_+-+,+-+,101,CELL_QP093A-0138_v_+y;CELL_QP093A-0138_v_-x;CELL_QP093A-0138_v_-z,CELL_QP093A-0138_v_+x;CELL_QP093A-0138_v_+z;CELL_QP093A-0138_v_-y,CELL_QP093A-0138_e_+y_-z;CELL_QP093A-0138_e_-x_+y;CELL_QP093A-0138_e_-x_-z,CELL_QP093A-0138_e_+x_+z;CELL_QP093A-0138_e_+x_-y;CELL_QP093A-0138_e_-y_+z,true,true,true,true,OPEN_NO_UNIT_MAPPING,OPEN_CONVENTIONAL_ENGINEERING_INPUT,UNEMITTED_CR286_GATE,false,false
CELL_QP093A-0138_GATE_011_TO_100,CELL_QP093A-0138_PAIR_011_100,CELL_QP093A-0138,QP093A-0138,1+4+8,yes,TRIAD_ALLOWED,CELL_QP093A-0138_f_-++,-++,011,CELL_QP093A-0138_f_+--,+--,100,CELL_QP093A-0138_v_+y;CELL_QP093A-0138_v_+z;CELL_QP093A-0138_v_-x,CELL_QP093A-0138_v_+x;CELL_QP093A-0138_v_-y;CELL_QP093A-0138_v_-z,CELL_QP093A-0138_e_+y_+z;CELL_QP093A-0138_e_-x_+y;CELL_QP093A-0138_e_-x_+z,CELL_QP093A-0138_e_+x_-y;CELL_QP093A-0138_e_+x_-z;CELL_QP093A-0138_e_-y_-z,true,true,true,true,OPEN_NO_UNIT_MAPPING,OPEN_CONVENTIONAL_ENGINEERING_INPUT,UNEMITTED_CR286_GATE,false,false
CELL_QP093A-0138_GATE_100_TO_011,CELL_QP093A-0138_PAIR_011_100,CELL_QP093A-0138,QP093A-0138,1+4+8,yes,TRIAD_ALLOWED,CELL_QP093A-0138_f_+--,+--,100,CELL_QP093A-0138_f_-++,-++,011,CELL_QP093A-0138_v_+x;CELL_QP093A-0138_v_-y;CELL_QP093A-0138_v_-z,CELL_QP093A-0138_v_+y;CELL_QP093A-0138_v_+z;CELL_QP093A-0138_v_-x,CELL_QP093A-0138_e_+x_-y;CELL_QP093A-0138_e_+x_-z;CELL_QP093A-0138_e_-y_-z,CELL_QP093A-0138_e_+y_+z;CELL_QP093A-0138_e_-x_+y;CELL_QP093A-0138_e_-x_+z,true,true,true,true,OPEN_NO_UNIT_MAPPING,OPEN_CONVENTIONAL_ENGINEERING_INPUT,UNEMITTED_CR286_GATE,false,false
CELL_QP093A-0138_GATE_101_TO_010,CELL_QP093A-0138_PAIR_010_101,CELL_QP093A-0138,QP093A-0138,1+4+8,yes,TRIAD_ALLOWED,CELL_QP093A-0138_f_+-+,+-+,101,CELL_QP093A-0138_f_-+-,-+-,010,CELL_QP093A-0138_v_+x;CELL_QP093A-0138_v_+z;CELL_QP093A-0138_v_-y,CELL_QP093A-0138_v_+y;CELL_QP093A-0138_v_-x;CELL_QP093A-0138_v_-z,CELL_QP093A-0138_e_+x_+z;CELL_QP093A-0138_e_+x_-y;CELL_QP093A-0138_e_-y_+z,CELL_QP093A-0138_e_+y_-z;CELL_QP093A-0138_e_-x_+y;CELL_QP093A-0138_e_-x_-z,true,true,true,true,OPEN_NO_UNIT_MAPPING,OPEN_CONVENTIONAL_ENGINEERING_INPUT,UNEMITTED_CR286_GATE,false,false
CELL_QP093A-0138_GATE_110_TO_001,CELL_QP093A-0138_PAIR_001_110,CELL_QP093A-0138,QP093A-0138,1+4+8,yes,TRIAD_ALLOWED,CELL_QP093A-0138_f_++-,++-,110,CELL_QP093A-0138_f_--+,--+,001,CELL_QP093A-0138_v_+x;CELL_QP093A-0138_v_+y;CELL_QP093A-0138_v_-z,CELL_QP093A-0138_v_+z;CELL_QP093A-0138_v_-x;CELL_QP093A-0138_v_-y,CELL_QP093A-0138_e_+x_+y;CELL_QP093A-0138_e_+x_-z;CELL_QP093A-0138_e_+y_-z,CELL_QP093A-0138_e_-x_+z;CELL_QP093A-0138_e_-x_-y;CELL_QP093A-0138_e_-y_+z,true,true,true,true,OPEN_NO_UNIT_MAPPING,OPEN_CONVENTIONAL_ENGINEERING_INPUT,UNEMITTED_CR286_GATE,false,false
CELL_QP093A-0138_GATE_111_TO_000,CELL_QP093A-0138_PAIR_000_111,CELL_QP093A-0138,QP093A-0138,1+4+8,yes,TRIAD_ALLOWED,CELL_QP093A-0138_f_+++,+++,111,CELL_QP093A-0138_f_---,---,000,CELL_QP093A-0138_v_+x;CELL_QP093A-0138_v_+y;CELL_QP093A-0138_v_+z,CELL_QP093A-0138_v_-x;CELL_QP093A-0138_v_-y;CELL_QP093A-0138_v_-z,CELL_QP093A-0138_e_+x_+y;CELL_QP093A-0138_e_+x_+z;CELL_QP093A-0138_e_+y_+z,CELL_QP093A-0138_e_-x_-y;CELL_QP093A-0138_e_-x_-z;CELL_QP093A-0138_e_-y_-z,true,true,true,true,OPEN_NO_UNIT_MAPPING,OPEN_CONVENTIONAL_ENGINEERING_INPUT,UNEMITTED_CR286_GATE,false,false
CELL_QP093A-0139_GATE_000_TO_111,CELL_QP093A-0139_PAIR_000_111,CELL_QP093A-0139,QP093A-0139,1+4+9,yes,TRIAD_ALLOWED,CELL_QP093A-0139_f_---,---,000,CELL_QP093A-0139_f_+++,+++,111,CELL_QP093A-0139_v_-x;CELL_QP093A-0139_v_-y;CELL_QP093A-0139_v_-z,CELL_QP093A-0139_v_+x;CELL_QP093A-0139_v_+y;CELL_QP093A-0139_v_+z,CELL_QP093A-0139_e_-x_-y;CELL_QP093A-0139_e_-x_-z;CELL_QP093A-0139_e_-y_-z,CELL_QP093A-0139_e_+x_+y;CELL_QP093A-0139_e_+x_+z;CELL_QP093A-0139_e_+y_+z,true,true,true,true,OPEN_NO_UNIT_MAPPING,OPEN_CONVENTIONAL_ENGINEERING_INPUT,UNEMITTED_CR286_GATE,false,false
CELL_QP093A-0139_GATE_001_TO_110,CELL_QP093A-0139_PAIR_001_110,CELL_QP093A-0139,QP093A-0139,1+4+9,yes,TRIAD_ALLOWED,CELL_QP093A-0139_f_--+,--+,001,CELL_QP093A-0139_f_++-,++-,110,CELL_QP093A-0139_v_+z;CELL_QP093A-0139_v_-x;CELL_QP093A-0139_v_-y,CELL_QP093A-0139_v_+x;CELL_QP093A-0139_v_+y;CELL_QP093A-0139_v_-z,CELL_QP093A-0139_e_-x_+z;CELL_QP093A-0139_e_-x_-y;CELL_QP093A-0139_e_-y_+z,CELL_QP093A-0139_e_+x_+y;CELL_QP093A-0139_e_+x_-z;CELL_QP093A-0139_e_+y_-z,true,true,true,true,OPEN_NO_UNIT_MAPPING,OPEN_CONVENTIONAL_ENGINEERING_INPUT,UNEMITTED_CR286_GATE,false,false
CELL_QP093A-0139_GATE_010_TO_101,CELL_QP093A-0139_PAIR_010_101,CELL_QP093A-0139,QP093A-0139,1+4+9,yes,TRIAD_ALLOWED,CELL_QP093A-0139_f_-+-,-+-,010,CELL_QP093A-0139_f_+-+,+-+,101,CELL_QP093A-0139_v_+y;CELL_QP093A-0139_v_-x;CELL_QP093A-0139_v_-z,CELL_QP093A-0139_v_+x;CELL_QP093A-0139_v_+z;CELL_QP093A-0139_v_-y,CELL_QP093A-0139_e_+y_-z;CELL_QP093A-0139_e_-x_+y;CELL_QP093A-0139_e_-x_-z,CELL_QP093A-0139_e_+x_+z;CELL_QP093A-0139_e_+x_-y;CELL_QP093A-0139_e_-y_+z,true,true,true,true,OPEN_NO_UNIT_MAPPING,OPEN_CONVENTIONAL_ENGINEERING_INPUT,UNEMITTED_CR286_GATE,false,false
CELL_QP093A-0139_GATE_011_TO_100,CELL_QP093A-0139_PAIR_011_100,CELL_QP093A-0139,QP093A-0139,1+4+9,yes,TRIAD_ALLOWED,CELL_QP093A-0139_f_-++,-++,011,CELL_QP093A-0139_f_+--,+--,100,CELL_QP093A-0139_v_+y;CELL_QP093A-0139_v_+z;CELL_QP093A-0139_v_-x,CELL_QP093A-0139_v_+x;CELL_QP093A-0139_v_-y;CELL_QP093A-0139_v_-z,CELL_QP093A-0139_e_+y_+z;CELL_QP093A-0139_e_-x_+y;CELL_QP093A-0139_e_-x_+z,CELL_QP093A-0139_e_+x_-y;CELL_QP093A-0139_e_+x_-z;CELL_QP093A-0139_e_-y_-z,true,true,true,true,OPEN_NO_UNIT_MAPPING,OPEN_CONVENTIONAL_ENGINEERING_INPUT,UNEMITTED_CR286_GATE,false,false
CELL_QP093A-0139_GATE_100_TO_011,CELL_QP093A-0139_PAIR_011_100,CELL_QP093A-0139,QP093A-0139,1+4+9,yes,TRIAD_ALLOWED,CELL_QP093A-0139_f_+--,+--,100,CELL_QP093A-0139_f_-++,-++,011,CELL_QP093A-0139_v_+x;CELL_QP093A-0139_v_-y;CELL_QP093A-0139_v_-z,CELL_QP093A-0139_v_+y;CELL_QP093A-0139_v_+z;CELL_QP093A-0139_v_-x,CELL_QP093A-0139_e_+x_-y;CELL_QP093A-0139_e_+x_-z;CELL_QP093A-0139_e_-y_-z,CELL_QP093A-0139_e_+y_+z;CELL_QP093A-0139_e_-x_+y;CELL_QP093A-0139_e_-x_+z,true,true,true,true,OPEN_NO_UNIT_MAPPING,OPEN_CONVENTIONAL_ENGINEERING_INPUT,UNEMITTED_CR286_GATE,false,false
CELL_QP093A-0139_GATE_101_TO_010,CELL_QP093A-0139_PAIR_010_101,CELL_QP093A-0139,QP093A-0139,1+4+9,yes,TRIAD_ALLOWED,CELL_QP093A-0139_f_+-+,+-+,101,CELL_QP093A-0139_f_-+-,-+-,010,CELL_QP093A-0139_v_+x;CELL_QP093A-0139_v_+z;CELL_QP093A-0139_v_-y,CELL_QP093A-0139_v_+y;CELL_QP093A-0139_v_-x;CELL_QP093A-0139_v_-z,CELL_QP093A-0139_e_+x_+z;CELL_QP093A-0139_e_+x_-y;CELL_QP093A-0139_e_-y_+z,CELL_QP093A-0139_e_+y_-z;CELL_QP093A-0139_e_-x_+y;CELL_QP093A-0139_e_-x_-z,true,true,true,true,OPEN_NO_UNIT_MAPPING,OPEN_CONVENTIONAL_ENGINEERING_INPUT,UNEMITTED_CR286_GATE,false,false
CELL_QP093A-0139_GATE_110_TO_001,CELL_QP093A-0139_PAIR_001_110,CELL_QP093A-0139,QP093A-0139,1+4+9,yes,TRIAD_ALLOWED,CELL_QP093A-0139_f_++-,++-,110,CELL_QP093A-0139_f_--+,--+,001,CELL_QP093A-0139_v_+x;CELL_QP093A-0139_v_+y;CELL_QP093A-0139_v_-z,CELL_QP093A-0139_v_+z;CELL_QP093A-0139_v_-x;CELL_QP093A-0139_v_-y,CELL_QP093A-0139_e_+x_+y;CELL_QP093A-0139_e_+x_-z;CELL_QP093A-0139_e_+y_-z,CELL_QP093A-0139_e_-x_+z;CELL_QP093A-0139_e_-x_-y;CELL_QP093A-0139_e_-y_+z,true,true,true,true,OPEN_NO_UNIT_MAPPING,OPEN_CONVENTIONAL_ENGINEERING_INPUT,UNEMITTED_CR286_GATE,false,false
CELL_QP093A-0139_GATE_111_TO_000,CELL_QP093A-0139_PAIR_000_111,CELL_QP093A-0139,QP093A-0139,1+4+9,yes,TRIAD_ALLOWED,CELL_QP093A-0139_f_+++,+++,111,CELL_QP093A-0139_f_---,---,000,CELL_QP093A-0139_v_+x;CELL_QP093A-0139_v_+y;CELL_QP093A-0139_v_+z,CELL_QP093A-0139_v_-x;CELL_QP093A-0139_v_-y;CELL_QP093A-0139_v_-z,CELL_QP093A-0139_e_+x_+y;CELL_QP093A-0139_e_+x_+z;CELL_QP093A-0139_e_+y_+z,CELL_QP093A-0139_e_-x_-y;CELL_QP093A-0139_e_-x_-z;CELL_QP093A-0139_e_-y_-z,true,true,true,true,OPEN_NO_UNIT_MAPPING,OPEN_CONVENTIONAL_ENGINEERING_INPUT,UNEMITTED_CR286_GATE,false,false
CELL_QP093A-0140_GATE_000_TO_111,CELL_QP093A-0140_PAIR_000_111,CELL_QP093A-0140,QP093A-0140,1+4+12,yes,TRIAD_ALLOWED,CELL_QP093A-0140_f_---,---,000,CELL_QP093A-0140_f_+++,+++,111,CELL_QP093A-0140_v_-x;CELL_QP093A-0140_v_-y;CELL_QP093A-0140_v_-z,CELL_QP093A-0140_v_+x;CELL_QP093A-0140_v_+y;CELL_QP093A-0140_v_+z,CELL_QP093A-0140_e_-x_-y;CELL_QP093A-0140_e_-x_-z;CELL_QP093A-0140_e_-y_-z,CELL_QP093A-0140_e_+x_+y;CELL_QP093A-0140_e_+x_+z;CELL_QP093A-0140_e_+y_+z,true,true,true,true,OPEN_NO_UNIT_MAPPING,OPEN_CONVENTIONAL_ENGINEERING_INPUT,UNEMITTED_CR286_GATE,false,false
CELL_QP093A-0140_GATE_001_TO_110,CELL_QP093A-0140_PAIR_001_110,CELL_QP093A-0140,QP093A-0140,1+4+12,yes,TRIAD_ALLOWED,CELL_QP093A-0140_f_--+,--+,001,CELL_QP093A-0140_f_++-,++-,110,CELL_QP093A-0140_v_+z;CELL_QP093A-0140_v_-x;CELL_QP093A-0140_v_-y,CELL_QP093A-0140_v_+x;CELL_QP093A-0140_v_+y;CELL_QP093A-0140_v_-z,CELL_QP093A-0140_e_-x_+z;CELL_QP093A-0140_e_-x_-y;CELL_QP093A-0140_e_-y_+z,CELL_QP093A-0140_e_+x_+y;CELL_QP093A-0140_e_+x_-z;CELL_QP093A-0140_e_+y_-z,true,true,true,true,OPEN_NO_UNIT_MAPPING,OPEN_CONVENTIONAL_ENGINEERING_INPUT,UNEMITTED_CR286_GATE,false,false
CELL_QP093A-0140_GATE_010_TO_101,CELL_QP093A-0140_PAIR_010_101,CELL_QP093A-0140,QP093A-0140,1+4+12,yes,TRIAD_ALLOWED,CELL_QP093A-0140_f_-+-,-+-,010,CELL_QP093A-0140_f_+-+,+-+,101,CELL_QP093A-0140_v_+y;CELL_QP093A-0140_v_-x;CELL_QP093A-0140_v_-z,CELL_QP093A-0140_v_+x;CELL_QP093A-0140_v_+z;CELL_QP093A-0140_v_-y,CELL_QP093A-0140_e_+y_-z;CELL_QP093A-0140_e_-x_+y;CELL_QP093A-0140_e_-x_-z,CELL_QP093A-0140_e_+x_+z;CELL_QP093A-0140_e_+x_-y;CELL_QP093A-0140_e_-y_+z,true,true,true,true,OPEN_NO_UNIT_MAPPING,OPEN_CONVENTIONAL_ENGINEERING_INPUT,UNEMITTED_CR286_GATE,false,false
CELL_QP093A-0140_GATE_011_TO_100,CELL_QP093A-0140_PAIR_011_100,CELL_QP093A-0140,QP093A-0140,1+4+12,yes,TRIAD_ALLOWED,CELL_QP093A-0140_f_-++,-++,011,CELL_QP093A-0140_f_+--,+--,100,CELL_QP093A-0140_v_+y;CELL_QP093A-0140_v_+z;CELL_QP093A-0140_v_-x,CELL_QP093A-0140_v_+x;CELL_QP093A-0140_v_-y;CELL_QP093A-0140_v_-z,CELL_QP093A-0140_e_+y_+z;CELL_QP093A-0140_e_-x_+y;CELL_QP093A-0140_e_-x_+z,CELL_QP093A-0140_e_+x_-y;CELL_QP093A-0140_e_+x_-z;CELL_QP093A-0140_e_-y_-z,true,true,true,true,OPEN_NO_UNIT_MAPPING,OPEN_CONVENTIONAL_ENGINEERING_INPUT,UNEMITTED_CR286_GATE,false,false
CELL_QP093A-0140_GATE_100_TO_011,CELL_QP093A-0140_PAIR_011_100,CELL_QP093A-0140,QP093A-0140,1+4+12,yes,TRIAD_ALLOWED,CELL_QP093A-0140_f_+--,+--,100,CELL_QP093A-0140_f_-++,-++,011,CELL_QP093A-0140_v_+x;CELL_QP093A-0140_v_-y;CELL_QP093A-0140_v_-z,CELL_QP093A-0140_v_+y;CELL_QP093A-0140_v_+z;CELL_QP093A-0140_v_-x,CELL_QP093A-0140_e_+x_-y;CELL_QP093A-0140_e_+x_-z;CELL_QP093A-0140_e_-y_-z,CELL_QP093A-0140_e_+y_+z;CELL_QP093A-0140_e_-x_+y;CELL_QP093A-0140_e_-x_+z,true,true,true,true,OPEN_NO_UNIT_MAPPING,OPEN_CONVENTIONAL_ENGINEERING_INPUT,UNEMITTED_CR286_GATE,false,false
CELL_QP093A-0140_GATE_101_TO_010,CELL_QP093A-0140_PAIR_010_101,CELL_QP093A-0140,QP093A-0140,1+4+12,yes,TRIAD_ALLOWED,CELL_QP093A-0140_f_+-+,+-+,101,CELL_QP093A-0140_f_-+-,-+-,010,CELL_QP093A-0140_v_+x;CELL_QP093A-0140_v_+z;CELL_QP093A-0140_v_-y,CELL_QP093A-0140_v_+y;CELL_QP093A-0140_v_-x;CELL_QP093A-0140_v_-z,CELL_QP093A-0140_e_+x_+z;CELL_QP093A-0140_e_+x_-y;CELL_QP093A-0140_e_-y_+z,CELL_QP093A-0140_e_+y_-z;CELL_QP093A-0140_e_-x_+y;CELL_QP093A-0140_e_-x_-z,true,true,true,true,OPEN_NO_UNIT_MAPPING,OPEN_CONVENTIONAL_ENGINEERING_INPUT,UNEMITTED_CR286_GATE,false,false
CELL_QP093A-0140_GATE_110_TO_001,CELL_QP093A-0140_PAIR_001_110,CELL_QP093A-0140,QP093A-0140,1+4+12,yes,TRIAD_ALLOWED,CELL_QP093A-0140_f_++-,++-,110,CELL_QP093A-0140_f_--+,--+,001,CELL_QP093A-0140_v_+x;CELL_QP093A-0140_v_+y;CELL_QP093A-0140_v_-z,CELL_QP093A-0140_v_+z;CELL_QP093A-0140_v_-x;CELL_QP093A-0140_v_-y,CELL_QP093A-0140_e_+x_+y;CELL_QP093A-0140_e_+x_-z;CELL_QP093A-0140_e_+y_-z,CELL_QP093A-0140_e_-x_+z;CELL_QP093A-0140_e_-x_-y;CELL_QP093A-0140_e_-y_+z,true,true,true,true,OPEN_NO_UNIT_MAPPING,OPEN_CONVENTIONAL_ENGINEERING_INPUT,UNEMITTED_CR286_GATE,false,false
CELL_QP093A-0140_GATE_111_TO_000,CELL_QP093A-0140_PAIR_000_111,CELL_QP093A-0140,QP093A-0140,1+4+12,yes,TRIAD_ALLOWED,CELL_QP093A-0140_f_+++,+++,111,CELL_QP093A-0140_f_---,---,000,CELL_QP093A-0140_v_+x;CELL_QP093A-0140_v_+y;CELL_QP093A-0140_v_+z,CELL_QP093A-0140_v_-x;CELL_QP093A-0140_v_-y;CELL_QP093A-0140_v_-z,CELL_QP093A-0140_e_+x_+y;CELL_QP093A-0140_e_+x_+z;CELL_QP093A-0140_e_+y_+z,CELL_QP093A-0140_e_-x_-y;CELL_QP093A-0140_e_-x_-z;CELL_QP093A-0140_e_-y_-z,true,true,true,true,OPEN_NO_UNIT_MAPPING,OPEN_CONVENTIONAL_ENGINEERING_INPUT,UNEMITTED_CR286_GATE,false,false
CELL_QP093A-0141_GATE_000_TO_111,CELL_QP093A-0141_PAIR_000_111,CELL_QP093A-0141,QP093A-0141,1+6+6,yes,TRIAD_ALLOWED,CELL_QP093A-0141_f_---,---,000,CELL_QP093A-0141_f_+++,+++,111,CELL_QP093A-0141_v_-x;CELL_QP093A-0141_v_-y;CELL_QP093A-0141_v_-z,CELL_QP093A-0141_v_+x;CELL_QP093A-0141_v_+y;CELL_QP093A-0141_v_+z,CELL_QP093A-0141_e_-x_-y;CELL_QP093A-0141_e_-x_-z;CELL_QP093A-0141_e_-y_-z,CELL_QP093A-0141_e_+x_+y;CELL_QP093A-0141_e_+x_+z;CELL_QP093A-0141_e_+y_+z,true,true,true,true,OPEN_NO_UNIT_MAPPING,OPEN_CONVENTIONAL_ENGINEERING_INPUT,UNEMITTED_CR286_GATE,false,false
CELL_QP093A-0141_GATE_001_TO_110,CELL_QP093A-0141_PAIR_001_110,CELL_QP093A-0141,QP093A-0141,1+6+6,yes,TRIAD_ALLOWED,CELL_QP093A-0141_f_--+,--+,001,CELL_QP093A-0141_f_++-,++-,110,CELL_QP093A-0141_v_+z;CELL_QP093A-0141_v_-x;CELL_QP093A-0141_v_-y,CELL_QP093A-0141_v_+x;CELL_QP093A-0141_v_+y;CELL_QP093A-0141_v_-z,CELL_QP093A-0141_e_-x_+z;CELL_QP093A-0141_e_-x_-y;CELL_QP093A-0141_e_-y_+z,CELL_QP093A-0141_e_+x_+y;CELL_QP093A-0141_e_+x_-z;CELL_QP093A-0141_e_+y_-z,true,true,true,true,OPEN_NO_UNIT_MAPPING,OPEN_CONVENTIONAL_ENGINEERING_INPUT,UNEMITTED_CR286_GATE,false,false
CELL_QP093A-0141_GATE_010_TO_101,CELL_QP093A-0141_PAIR_010_101,CELL_QP093A-0141,QP093A-0141,1+6+6,yes,TRIAD_ALLOWED,CELL_QP093A-0141_f_-+-,-+-,010,CELL_QP093A-0141_f_+-+,+-+,101,CELL_QP093A-0141_v_+y;CELL_QP093A-0141_v_-x;CELL_QP093A-0141_v_-z,CELL_QP093A-0141_v_+x;CELL_QP093A-0141_v_+z;CELL_QP093A-0141_v_-y,CELL_QP093A-0141_e_+y_-z;CELL_QP093A-0141_e_-x_+y;CELL_QP093A-0141_e_-x_-z,CELL_QP093A-0141_e_+x_+z;CELL_QP093A-0141_e_+x_-y;CELL_QP093A-0141_e_-y_+z,true,true,true,true,OPEN_NO_UNIT_MAPPING,OPEN_CONVENTIONAL_ENGINEERING_INPUT,UNEMITTED_CR286_GATE,false,false
CELL_QP093A-0141_GATE_011_TO_100,CELL_QP093A-0141_PAIR_011_100,CELL_QP093A-0141,QP093A-0141,1+6+6,yes,TRIAD_ALLOWED,CELL_QP093A-0141_f_-++,-++,011,CELL_QP093A-0141_f_+--,+--,100,CELL_QP093A-0141_v_+y;CELL_QP093A-0141_v_+z;CELL_QP093A-0141_v_-x,CELL_QP093A-0141_v_+x;CELL_QP093A-0141_v_-y;CELL_QP093A-0141_v_-z,CELL_QP093A-0141_e_+y_+z;CELL_QP093A-0141_e_-x_+y;CELL_QP093A-0141_e_-x_+z,CELL_QP093A-0141_e_+x_-y;CELL_QP093A-0141_e_+x_-z;CELL_QP093A-0141_e_-y_-z,true,true,true,true,OPEN_NO_UNIT_MAPPING,OPEN_CONVENTIONAL_ENGINEERING_INPUT,UNEMITTED_CR286_GATE,false,false
CELL_QP093A-0141_GATE_100_TO_011,CELL_QP093A-0141_PAIR_011_100,CELL_QP093A-0141,QP093A-0141,1+6+6,yes,TRIAD_ALLOWED,CELL_QP093A-0141_f_+--,+--,100,CELL_QP093A-0141_f_-++,-++,011,CELL_QP093A-0141_v_+x;CELL_QP093A-0141_v_-y;CELL_QP093A-0141_v_-z,CELL_QP093A-0141_v_+y;CELL_QP093A-0141_v_+z;CELL_QP093A-0141_v_-x,CELL_QP093A-0141_e_+x_-y;CELL_QP093A-0141_e_+x_-z;CELL_QP093A-0141_e_-y_-z,CELL_QP093A-0141_e_+y_+z;CELL_QP093A-0141_e_-x_+y;CELL_QP093A-0141_e_-x_+z,true,true,true,true,OPEN_NO_UNIT_MAPPING,OPEN_CONVENTIONAL_ENGINEERING_INPUT,UNEMITTED_CR286_GATE,false,false
CELL_QP093A-0141_GATE_101_TO_010,CELL_QP093A-0141_PAIR_010_101,CELL_QP093A-0141,QP093A-0141,1+6+6,yes,TRIAD_ALLOWED,CELL_QP093A-0141_f_+-+,+-+,101,CELL_QP093A-0141_f_-+-,-+-,010,CELL_QP093A-0141_v_+x;CELL_QP093A-0141_v_+z;CELL_QP093A-0141_v_-y,CELL_QP093A-0141_v_+y;CELL_QP093A-0141_v_-x;CELL_QP093A-0141_v_-z,CELL_QP093A-0141_e_+x_+z;CELL_QP093A-0141_e_+x_-y;CELL_QP093A-0141_e_-y_+z,CELL_QP093A-0141_e_+y_-z;CELL_QP093A-0141_e_-x_+y;CELL_QP093A-0141_e_-x_-z,true,true,true,true,OPEN_NO_UNIT_MAPPING,OPEN_CONVENTIONAL_ENGINEERING_INPUT,UNEMITTED_CR286_GATE,false,false
CELL_QP093A-0141_GATE_110_TO_001,CELL_QP093A-0141_PAIR_001_110,CELL_QP093A-0141,QP093A-0141,1+6+6,yes,TRIAD_ALLOWED,CELL_QP093A-0141_f_++-,++-,110,CELL_QP093A-0141_f_--+,--+,001,CELL_QP093A-0141_v_+x;CELL_QP093A-0141_v_+y;CELL_QP093A-0141_v_-z,CELL_QP093A-0141_v_+z;CELL_QP093A-0141_v_-x;CELL_QP093A-0141_v_-y,CELL_QP093A-0141_e_+x_+y;CELL_QP093A-0141_e_+x_-z;CELL_QP093A-0141_e_+y_-z,CELL_QP093A-0141_e_-x_+z;CELL_QP093A-0141_e_-x_-y;CELL_QP093A-0141_e_-y_+z,true,true,true,true,OPEN_NO_UNIT_MAPPING,OPEN_CONVENTIONAL_ENGINEERING_INPUT,UNEMITTED_CR286_GATE,false,false
CELL_QP093A-0141_GATE_111_TO_000,CELL_QP093A-0141_PAIR_000_111,CELL_QP093A-0141,QP093A-0141,1+6+6,yes,TRIAD_ALLOWED,CELL_QP093A-0141_f_+++,+++,111,CELL_QP093A-0141_f_---,---,000,CELL_QP093A-0141_v_+x;CELL_QP093A-0141_v_+y;CELL_QP093A-0141_v_+z,CELL_QP093A-0141_v_-x;CELL_QP093A-0141_v_-y;CELL_QP093A-0141_v_-z,CELL_QP093A-0141_e_+x_+y;CELL_QP093A-0141_e_+x_+z;CELL_QP093A-0141_e_+y_+z,CELL_QP093A-0141_e_-x_-y;CELL_QP093A-0141_e_-x_-z;CELL_QP093A-0141_e_-y_-z,true,true,true,true,OPEN_NO_UNIT_MAPPING,OPEN_CONVENTIONAL_ENGINEERING_INPUT,UNEMITTED_CR286_GATE,false,false
CELL_QP093A-0142_GATE_000_TO_111,CELL_QP093A-0142_PAIR_000_111,CELL_QP093A-0142,QP093A-0142,1+6+8,yes,TRIAD_ALLOWED,CELL_QP093A-0142_f_---,---,000,CELL_QP093A-0142_f_+++,+++,111,CELL_QP093A-0142_v_-x;CELL_QP093A-0142_v_-y;CELL_QP093A-0142_v_-z,CELL_QP093A-0142_v_+x;CELL_QP093A-0142_v_+y;CELL_QP093A-0142_v_+z,CELL_QP093A-0142_e_-x_-y;CELL_QP093A-0142_e_-x_-z;CELL_QP093A-0142_e_-y_-z,CELL_QP093A-0142_e_+x_+y;CELL_QP093A-0142_e_+x_+z;CELL_QP093A-0142_e_+y_+z,true,true,true,true,OPEN_NO_UNIT_MAPPING,OPEN_CONVENTIONAL_ENGINEERING_INPUT,UNEMITTED_CR286_GATE,false,false
CELL_QP093A-0142_GATE_001_TO_110,CELL_QP093A-0142_PAIR_001_110,CELL_QP093A-0142,QP093A-0142,1+6+8,yes,TRIAD_ALLOWED,CELL_QP093A-0142_f_--+,--+,001,CELL_QP093A-0142_f_++-,++-,110,CELL_QP093A-0142_v_+z;CELL_QP093A-0142_v_-x;CELL_QP093A-0142_v_-y,CELL_QP093A-0142_v_+x;CELL_QP093A-0142_v_+y;CELL_QP093A-0142_v_-z,CELL_QP093A-0142_e_-x_+z;CELL_QP093A-0142_e_-x_-y;CELL_QP093A-0142_e_-y_+z,CELL_QP093A-0142_e_+x_+y;CELL_QP093A-0142_e_+x_-z;CELL_QP093A-0142_e_+y_-z,true,true,true,true,OPEN_NO_UNIT_MAPPING,OPEN_CONVENTIONAL_ENGINEERING_INPUT,UNEMITTED_CR286_GATE,false,false
CELL_QP093A-0142_GATE_010_TO_101,CELL_QP093A-0142_PAIR_010_101,CELL_QP093A-0142,QP093A-0142,1+6+8,yes,TRIAD_ALLOWED,CELL_QP093A-0142_f_-+-,-+-,010,CELL_QP093A-0142_f_+-+,+-+,101,CELL_QP093A-0142_v_+y;CELL_QP093A-0142_v_-x;CELL_QP093A-0142_v_-z,CELL_QP093A-0142_v_+x;CELL_QP093A-0142_v_+z;CELL_QP093A-0142_v_-y,CELL_QP093A-0142_e_+y_-z;CELL_QP093A-0142_e_-x_+y;CELL_QP093A-0142_e_-x_-z,CELL_QP093A-0142_e_+x_+z;CELL_QP093A-0142_e_+x_-y;CELL_QP093A-0142_e_-y_+z,true,true,true,true,OPEN_NO_UNIT_MAPPING,OPEN_CONVENTIONAL_ENGINEERING_INPUT,UNEMITTED_CR286_GATE,false,false
CELL_QP093A-0142_GATE_011_TO_100,CELL_QP093A-0142_PAIR_011_100,CELL_QP093A-0142,QP093A-0142,1+6+8,yes,TRIAD_ALLOWED,CELL_QP093A-0142_f_-++,-++,011,CELL_QP093A-0142_f_+--,+--,100,CELL_QP093A-0142_v_+y;CELL_QP093A-0142_v_+z;CELL_QP093A-0142_v_-x,CELL_QP093A-0142_v_+x;CELL_QP093A-0142_v_-y;CELL_QP093A-0142_v_-z,CELL_QP093A-0142_e_+y_+z;CELL_QP093A-0142_e_-x_+y;CELL_QP093A-0142_e_-x_+z,CELL_QP093A-0142_e_+x_-y;CELL_QP093A-0142_e_+x_-z;CELL_QP093A-0142_e_-y_-z,true,true,true,true,OPEN_NO_UNIT_MAPPING,OPEN_CONVENTIONAL_ENGINEERING_INPUT,UNEMITTED_CR286_GATE,false,false
CELL_QP093A-0142_GATE_100_TO_011,CELL_QP093A-0142_PAIR_011_100,CELL_QP093A-0142,QP093A-0142,1+6+8,yes,TRIAD_ALLOWED,CELL_QP093A-0142_f_+--,+--,100,CELL_QP093A-0142_f_-++,-++,011,CELL_QP093A-0142_v_+x;CELL_QP093A-0142_v_-y;CELL_QP093A-0142_v_-z,CELL_QP093A-0142_v_+y;CELL_QP093A-0142_v_+z;CELL_QP093A-0142_v_-x,CELL_QP093A-0142_e_+x_-y;CELL_QP093A-0142_e_+x_-z;CELL_QP093A-0142_e_-y_-z,CELL_QP093A-0142_e_+y_+z;CELL_QP093A-0142_e_-x_+y;CELL_QP093A-0142_e_-x_+z,true,true,true,true,OPEN_NO_UNIT_MAPPING,OPEN_CONVENTIONAL_ENGINEERING_INPUT,UNEMITTED_CR286_GATE,false,false
CELL_QP093A-0142_GATE_101_TO_010,CELL_QP093A-0142_PAIR_010_101,CELL_QP093A-0142,QP093A-0142,1+6+8,yes,TRIAD_ALLOWED,CELL_QP093A-0142_f_+-+,+-+,101,CELL_QP093A-0142_f_-+-,-+-,010,CELL_QP093A-0142_v_+x;CELL_QP093A-0142_v_+z;CELL_QP093A-0142_v_-y,CELL_QP093A-0142_v_+y;CELL_QP093A-0142_v_-x;CELL_QP093A-0142_v_-z,CELL_QP093A-0142_e_+x_+z;CELL_QP093A-0142_e_+x_-y;CELL_QP093A-0142_e_-y_+z,CELL_QP093A-0142_e_+y_-z;CELL_QP093A-0142_e_-x_+y;CELL_QP093A-0142_e_-x_-z,true,true,true,true,OPEN_NO_UNIT_MAPPING,OPEN_CONVENTIONAL_ENGINEERING_INPUT,UNEMITTED_CR286_GATE,false,false
CELL_QP093A-0142_GATE_110_TO_001,CELL_QP093A-0142_PAIR_001_110,CELL_QP093A-0142,QP093A-0142,1+6+8,yes,TRIAD_ALLOWED,CELL_QP093A-0142_f_++-,++-,110,CELL_QP093A-0142_f_--+,--+,001,CELL_QP093A-0142_v_+x;CELL_QP093A-0142_v_+y;CELL_QP093A-0142_v_-z,CELL_QP093A-0142_v_+z;CELL_QP093A-0142_v_-x;CELL_QP093A-0142_v_-y,CELL_QP093A-0142_e_+x_+y;CELL_QP093A-0142_e_+x_-z;CELL_QP093A-0142_e_+y_-z,CELL_QP093A-0142_e_-x_+z;CELL_QP093A-0142_e_-x_-y;CELL_QP093A-0142_e_-y_+z,true,true,true,true,OPEN_NO_UNIT_MAPPING,OPEN_CONVENTIONAL_ENGINEERING_INPUT,UNEMITTED_CR286_GATE,false,false
CELL_QP093A-0142_GATE_111_TO_000,CELL_QP093A-0142_PAIR_000_111,CELL_QP093A-0142,QP093A-0142,1+6+8,yes,TRIAD_ALLOWED,CELL_QP093A-0142_f_+++,+++,111,CELL_QP093A-0142_f_---,---,000,CELL_QP093A-0142_v_+x;CELL_QP093A-0142_v_+y;CELL_QP093A-0142_v_+z,CELL_QP093A-0142_v_-x;CELL_QP093A-0142_v_-y;CELL_QP093A-0142_v_-z,CELL_QP093A-0142_e_+x_+y;CELL_QP093A-0142_e_+x_+z;CELL_QP093A-0142_e_+y_+z,CELL_QP093A-0142_e_-x_-y;CELL_QP093A-0142_e_-x_-z;CELL_QP093A-0142_e_-y_-z,true,true,true,true,OPEN_NO_UNIT_MAPPING,OPEN_CONVENTIONAL_ENGINEERING_INPUT,UNEMITTED_CR286_GATE,false,false
CELL_QP093A-0143_GATE_000_TO_111,CELL_QP093A-0143_PAIR_000_111,CELL_QP093A-0143,QP093A-0143,1+6+9,yes,TRIAD_ALLOWED,CELL_QP093A-0143_f_---,---,000,CELL_QP093A-0143_f_+++,+++,111,CELL_QP093A-0143_v_-x;CELL_QP093A-0143_v_-y;CELL_QP093A-0143_v_-z,CELL_QP093A-0143_v_+x;CELL_QP093A-0143_v_+y;CELL_QP093A-0143_v_+z,CELL_QP093A-0143_e_-x_-y;CELL_QP093A-0143_e_-x_-z;CELL_QP093A-0143_e_-y_-z,CELL_QP093A-0143_e_+x_+y;CELL_QP093A-0143_e_+x_+z;CELL_QP093A-0143_e_+y_+z,true,true,true,true,OPEN_NO_UNIT_MAPPING,OPEN_CONVENTIONAL_ENGINEERING_INPUT,UNEMITTED_CR286_GATE,false,false
CELL_QP093A-0143_GATE_001_TO_110,CELL_QP093A-0143_PAIR_001_110,CELL_QP093A-0143,QP093A-0143,1+6+9,yes,TRIAD_ALLOWED,CELL_QP093A-0143_f_--+,--+,001,CELL_QP093A-0143_f_++-,++-,110,CELL_QP093A-0143_v_+z;CELL_QP093A-0143_v_-x;CELL_QP093A-0143_v_-y,CELL_QP093A-0143_v_+x;CELL_QP093A-0143_v_+y;CELL_QP093A-0143_v_-z,CELL_QP093A-0143_e_-x_+z;CELL_QP093A-0143_e_-x_-y;CELL_QP093A-0143_e_-y_+z,CELL_QP093A-0143_e_+x_+y;CELL_QP093A-0143_e_+x_-z;CELL_QP093A-0143_e_+y_-z,true,true,true,true,OPEN_NO_UNIT_MAPPING,OPEN_CONVENTIONAL_ENGINEERING_INPUT,UNEMITTED_CR286_GATE,false,false
CELL_QP093A-0143_GATE_010_TO_101,CELL_QP093A-0143_PAIR_010_101,CELL_QP093A-0143,QP093A-0143,1+6+9,yes,TRIAD_ALLOWED,CELL_QP093A-0143_f_-+-,-+-,010,CELL_QP093A-0143_f_+-+,+-+,101,CELL_QP093A-0143_v_+y;CELL_QP093A-0143_v_-x;CELL_QP093A-0143_v_-z,CELL_QP093A-0143_v_+x;CELL_QP093A-0143_v_+z;CELL_QP093A-0143_v_-y,CELL_QP093A-0143_e_+y_-z;CELL_QP093A-0143_e_-x_+y;CELL_QP093A-0143_e_-x_-z,CELL_QP093A-0143_e_+x_+z;CELL_QP093A-0143_e_+x_-y;CELL_QP093A-0143_e_-y_+z,true,true,true,true,OPEN_NO_UNIT_MAPPING,OPEN_CONVENTIONAL_ENGINEERING_INPUT,UNEMITTED_CR286_GATE,false,false
CELL_QP093A-0143_GATE_011_TO_100,CELL_QP093A-0143_PAIR_011_100,CELL_QP093A-0143,QP093A-0143,1+6+9,yes,TRIAD_ALLOWED,CELL_QP093A-0143_f_-++,-++,011,CELL_QP093A-0143_f_+--,+--,100,CELL_QP093A-0143_v_+y;CELL_QP093A-0143_v_+z;CELL_QP093A-0143_v_-x,CELL_QP093A-0143_v_+x;CELL_QP093A-0143_v_-y;CELL_QP093A-0143_v_-z,CELL_QP093A-0143_e_+y_+z;CELL_QP093A-0143_e_-x_+y;CELL_QP093A-0143_e_-x_+z,CELL_QP093A-0143_e_+x_-y;CELL_QP093A-0143_e_+x_-z;CELL_QP093A-0143_e_-y_-z,true,true,true,true,OPEN_NO_UNIT_MAPPING,OPEN_CONVENTIONAL_ENGINEERING_INPUT,UNEMITTED_CR286_GATE,false,false
CELL_QP093A-0143_GATE_100_TO_011,CELL_QP093A-0143_PAIR_011_100,CELL_QP093A-0143,QP093A-0143,1+6+9,yes,TRIAD_ALLOWED,CELL_QP093A-0143_f_+--,+--,100,CELL_QP093A-0143_f_-++,-++,011,CELL_QP093A-0143_v_+x;CELL_QP093A-0143_v_-y;CELL_QP093A-0143_v_-z,CELL_QP093A-0143_v_+y;CELL_QP093A-0143_v_+z;CELL_QP093A-0143_v_-x,CELL_QP093A-0143_e_+x_-y;CELL_QP093A-0143_e_+x_-z;CELL_QP093A-0143_e_-y_-z,CELL_QP093A-0143_e_+y_+z;CELL_QP093A-0143_e_-x_+y;CELL_QP093A-0143_e_-x_+z,true,true,true,true,OPEN_NO_UNIT_MAPPING,OPEN_CONVENTIONAL_ENGINEERING_INPUT,UNEMITTED_CR286_GATE,false,false
CELL_QP093A-0143_GATE_101_TO_010,CELL_QP093A-0143_PAIR_010_101,CELL_QP093A-0143,QP093A-0143,1+6+9,yes,TRIAD_ALLOWED,CELL_QP093A-0143_f_+-+,+-+,101,CELL_QP093A-0143_f_-+-,-+-,010,CELL_QP093A-0143_v_+x;CELL_QP093A-0143_v_+z;CELL_QP093A-0143_v_-y,CELL_QP093A-0143_v_+y;CELL_QP093A-0143_v_-x;CELL_QP093A-0143_v_-z,CELL_QP093A-0143_e_+x_+z;CELL_QP093A-0143_e_+x_-y;CELL_QP093A-0143_e_-y_+z,CELL_QP093A-0143_e_+y_-z;CELL_QP093A-0143_e_-x_+y;CELL_QP093A-0143_e_-x_-z,true,true,true,true,OPEN_NO_UNIT_MAPPING,OPEN_CONVENTIONAL_ENGINEERING_INPUT,UNEMITTED_CR286_GATE,false,false
CELL_QP093A-0143_GATE_110_TO_001,CELL_QP093A-0143_PAIR_001_110,CELL_QP093A-0143,QP093A-0143,1+6+9,yes,TRIAD_ALLOWED,CELL_QP093A-0143_f_++-,++-,110,CELL_QP093A-0143_f_--+,--+,001,CELL_QP093A-0143_v_+x;CELL_QP093A-0143_v_+y;CELL_QP093A-0143_v_-z,CELL_QP093A-0143_v_+z;CELL_QP093A-0143_v_-x;CELL_QP093A-0143_v_-y,CELL_QP093A-0143_e_+x_+y;CELL_QP093A-0143_e_+x_-z;CELL_QP093A-0143_e_+y_-z,CELL_QP093A-0143_e_-x_+z;CELL_QP093A-0143_e_-x_-y;CELL_QP093A-0143_e_-y_+z,true,true,true,true,OPEN_NO_UNIT_MAPPING,OPEN_CONVENTIONAL_ENGINEERING_INPUT,UNEMITTED_CR286_GATE,false,false
CELL_QP093A-0143_GATE_111_TO_000,CELL_QP093A-0143_PAIR_000_111,CELL_QP093A-0143,QP093A-0143,1+6+9,yes,TRIAD_ALLOWED,CELL_QP093A-0143_f_+++,+++,111,CELL_QP093A-0143_f_---,---,000,CELL_QP093A-0143_v_+x;CELL_QP093A-0143_v_+y;CELL_QP093A-0143_v_+z,CELL_QP093A-0143_v_-x;CELL_QP093A-0143_v_-y;CELL_QP093A-0143_v_-z,CELL_QP093A-0143_e_+x_+y;CELL_QP093A-0143_e_+x_+z;CELL_QP093A-0143_e_+y_+z,CELL_QP093A-0143_e_-x_-y;CELL_QP093A-0143_e_-x_-z;CELL_QP093A-0143_e_-y_-z,true,true,true,true,OPEN_NO_UNIT_MAPPING,OPEN_CONVENTIONAL_ENGINEERING_INPUT,UNEMITTED_CR286_GATE,false,false
CELL_QP093A-0144_GATE_000_TO_111,CELL_QP093A-0144_PAIR_000_111,CELL_QP093A-0144,QP093A-0144,1+6+12,yes,TRIAD_ALLOWED,CELL_QP093A-0144_f_---,---,000,CELL_QP093A-0144_f_+++,+++,111,CELL_QP093A-0144_v_-x;CELL_QP093A-0144_v_-y;CELL_QP093A-0144_v_-z,CELL_QP093A-0144_v_+x;CELL_QP093A-0144_v_+y;CELL_QP093A-0144_v_+z,CELL_QP093A-0144_e_-x_-y;CELL_QP093A-0144_e_-x_-z;CELL_QP093A-0144_e_-y_-z,CELL_QP093A-0144_e_+x_+y;CELL_QP093A-0144_e_+x_+z;CELL_QP093A-0144_e_+y_+z,true,true,true,true,OPEN_NO_UNIT_MAPPING,OPEN_CONVENTIONAL_ENGINEERING_INPUT,UNEMITTED_CR286_GATE,false,false
CELL_QP093A-0144_GATE_001_TO_110,CELL_QP093A-0144_PAIR_001_110,CELL_QP093A-0144,QP093A-0144,1+6+12,yes,TRIAD_ALLOWED,CELL_QP093A-0144_f_--+,--+,001,CELL_QP093A-0144_f_++-,++-,110,CELL_QP093A-0144_v_+z;CELL_QP093A-0144_v_-x;CELL_QP093A-0144_v_-y,CELL_QP093A-0144_v_+x;CELL_QP093A-0144_v_+y;CELL_QP093A-0144_v_-z,CELL_QP093A-0144_e_-x_+z;CELL_QP093A-0144_e_-x_-y;CELL_QP093A-0144_e_-y_+z,CELL_QP093A-0144_e_+x_+y;CELL_QP093A-0144_e_+x_-z;CELL_QP093A-0144_e_+y_-z,true,true,true,true,OPEN_NO_UNIT_MAPPING,OPEN_CONVENTIONAL_ENGINEERING_INPUT,UNEMITTED_CR286_GATE,false,false
CELL_QP093A-0144_GATE_010_TO_101,CELL_QP093A-0144_PAIR_010_101,CELL_QP093A-0144,QP093A-0144,1+6+12,yes,TRIAD_ALLOWED,CELL_QP093A-0144_f_-+-,-+-,010,CELL_QP093A-0144_f_+-+,+-+,101,CELL_QP093A-0144_v_+y;CELL_QP093A-0144_v_-x;CELL_QP093A-0144_v_-z,CELL_QP093A-0144_v_+x;CELL_QP093A-0144_v_+z;CELL_QP093A-0144_v_-y,CELL_QP093A-0144_e_+y_-z;CELL_QP093A-0144_e_-x_+y;CELL_QP093A-0144_e_-x_-z,CELL_QP093A-0144_e_+x_+z;CELL_QP093A-0144_e_+x_-y;CELL_QP093A-0144_e_-y_+z,true,true,true,true,OPEN_NO_UNIT_MAPPING,OPEN_CONVENTIONAL_ENGINEERING_INPUT,UNEMITTED_CR286_GATE,false,false
CELL_QP093A-0144_GATE_011_TO_100,CELL_QP093A-0144_PAIR_011_100,CELL_QP093A-0144,QP093A-0144,1+6+12,yes,TRIAD_ALLOWED,CELL_QP093A-0144_f_-++,-++,011,CELL_QP093A-0144_f_+--,+--,100,CELL_QP093A-0144_v_+y;CELL_QP093A-0144_v_+z;CELL_QP093A-0144_v_-x,CELL_QP093A-0144_v_+x;CELL_QP093A-0144_v_-y;CELL_QP093A-0144_v_-z,CELL_QP093A-0144_e_+y_+z;CELL_QP093A-0144_e_-x_+y;CELL_QP093A-0144_e_-x_+z,CELL_QP093A-0144_e_+x_-y;CELL_QP093A-0144_e_+x_-z;CELL_QP093A-0144_e_-y_-z,true,true,true,true,OPEN_NO_UNIT_MAPPING,OPEN_CONVENTIONAL_ENGINEERING_INPUT,UNEMITTED_CR286_GATE,false,false
CELL_QP093A-0144_GATE_100_TO_011,CELL_QP093A-0144_PAIR_011_100,CELL_QP093A-0144,QP093A-0144,1+6+12,yes,TRIAD_ALLOWED,CELL_QP093A-0144_f_+--,+--,100,CELL_QP093A-0144_f_-++,-++,011,CELL_QP093A-0144_v_+x;CELL_QP093A-0144_v_-y;CELL_QP093A-0144_v_-z,CELL_QP093A-0144_v_+y;CELL_QP093A-0144_v_+z;CELL_QP093A-0144_v_-x,CELL_QP093A-0144_e_+x_-y;CELL_QP093A-0144_e_+x_-z;CELL_QP093A-0144_e_-y_-z,CELL_QP093A-0144_e_+y_+z;CELL_QP093A-0144_e_-x_+y;CELL_QP093A-0144_e_-x_+z,true,true,true,true,OPEN_NO_UNIT_MAPPING,OPEN_CONVENTIONAL_ENGINEERING_INPUT,UNEMITTED_CR286_GATE,false,false
CELL_QP093A-0144_GATE_101_TO_010,CELL_QP093A-0144_PAIR_010_101,CELL_QP093A-0144,QP093A-0144,1+6+12,yes,TRIAD_ALLOWED,CELL_QP093A-0144_f_+-+,+-+,101,CELL_QP093A-0144_f_-+-,-+-,010,CELL_QP093A-0144_v_+x;CELL_QP093A-0144_v_+z;CELL_QP093A-0144_v_-y,CELL_QP093A-0144_v_+y;CELL_QP093A-0144_v_-x;CELL_QP093A-0144_v_-z,CELL_QP093A-0144_e_+x_+z;CELL_QP093A-0144_e_+x_-y;CELL_QP093A-0144_e_-y_+z,CELL_QP093A-0144_e_+y_-z;CELL_QP093A-0144_e_-x_+y;CELL_QP093A-0144_e_-x_-z,true,true,true,true,OPEN_NO_UNIT_MAPPING,OPEN_CONVENTIONAL_ENGINEERING_INPUT,UNEMITTED_CR286_GATE,false,false
CELL_QP093A-0144_GATE_110_TO_001,CELL_QP093A-0144_PAIR_001_110,CELL_QP093A-0144,QP093A-0144,1+6+12,yes,TRIAD_ALLOWED,CELL_QP093A-0144_f_++-,++-,110,CELL_QP093A-0144_f_--+,--+,001,CELL_QP093A-0144_v_+x;CELL_QP093A-0144_v_+y;CELL_QP093A-0144_v_-z,CELL_QP093A-0144_v_+z;CELL_QP093A-0144_v_-x;CELL_QP093A-0144_v_-y,CELL_QP093A-0144_e_+x_+y;CELL_QP093A-0144_e_+x_-z;CELL_QP093A-0144_e_+y_-z,CELL_QP093A-0144_e_-x_+z;CELL_QP093A-0144_e_-x_-y;CELL_QP093A-0144_e_-y_+z,true,true,true,true,OPEN_NO_UNIT_MAPPING,OPEN_CONVENTIONAL_ENGINEERING_INPUT,UNEMITTED_CR286_GATE,false,false
CELL_QP093A-0144_GATE_111_TO_000,CELL_QP093A-0144_PAIR_000_111,CELL_QP093A-0144,QP093A-0144,1+6+12,yes,TRIAD_ALLOWED,CELL_QP093A-0144_f_+++,+++,111,CELL_QP093A-0144_f_---,---,000,CELL_QP093A-0144_v_+x;CELL_QP093A-0144_v_+y;CELL_QP093A-0144_v_+z,CELL_QP093A-0144_v_-x;CELL_QP093A-0144_v_-y;CELL_QP093A-0144_v_-z,CELL_QP093A-0144_e_+x_+y;CELL_QP093A-0144_e_+x_+z;CELL_QP093A-0144_e_+y_+z,CELL_QP093A-0144_e_-x_-y;CELL_QP093A-0144_e_-x_-z;CELL_QP093A-0144_e_-y_-z,true,true,true,true,OPEN_NO_UNIT_MAPPING,OPEN_CONVENTIONAL_ENGINEERING_INPUT,UNEMITTED_CR286_GATE,false,false
CELL_QP093A-0145_GATE_000_TO_111,CELL_QP093A-0145_PAIR_000_111,CELL_QP093A-0145,QP093A-0145,1+8+8,yes,TRIAD_ALLOWED,CELL_QP093A-0145_f_---,---,000,CELL_QP093A-0145_f_+++,+++,111,CELL_QP093A-0145_v_-x;CELL_QP093A-0145_v_-y;CELL_QP093A-0145_v_-z,CELL_QP093A-0145_v_+x;CELL_QP093A-0145_v_+y;CELL_QP093A-0145_v_+z,CELL_QP093A-0145_e_-x_-y;CELL_QP093A-0145_e_-x_-z;CELL_QP093A-0145_e_-y_-z,CELL_QP093A-0145_e_+x_+y;CELL_QP093A-0145_e_+x_+z;CELL_QP093A-0145_e_+y_+z,true,true,true,true,OPEN_NO_UNIT_MAPPING,OPEN_CONVENTIONAL_ENGINEERING_INPUT,UNEMITTED_CR286_GATE,false,false
CELL_QP093A-0145_GATE_001_TO_110,CELL_QP093A-0145_PAIR_001_110,CELL_QP093A-0145,QP093A-0145,1+8+8,yes,TRIAD_ALLOWED,CELL_QP093A-0145_f_--+,--+,001,CELL_QP093A-0145_f_++-,++-,110,CELL_QP093A-0145_v_+z;CELL_QP093A-0145_v_-x;CELL_QP093A-0145_v_-y,CELL_QP093A-0145_v_+x;CELL_QP093A-0145_v_+y;CELL_QP093A-0145_v_-z,CELL_QP093A-0145_e_-x_+z;CELL_QP093A-0145_e_-x_-y;CELL_QP093A-0145_e_-y_+z,CELL_QP093A-0145_e_+x_+y;CELL_QP093A-0145_e_+x_-z;CELL_QP093A-0145_e_+y_-z,true,true,true,true,OPEN_NO_UNIT_MAPPING,OPEN_CONVENTIONAL_ENGINEERING_INPUT,UNEMITTED_CR286_GATE,false,false
CELL_QP093A-0145_GATE_010_TO_101,CELL_QP093A-0145_PAIR_010_101,CELL_QP093A-0145,QP093A-0145,1+8+8,yes,TRIAD_ALLOWED,CELL_QP093A-0145_f_-+-,-+-,010,CELL_QP093A-0145_f_+-+,+-+,101,CELL_QP093A-0145_v_+y;CELL_QP093A-0145_v_-x;CELL_QP093A-0145_v_-z,CELL_QP093A-0145_v_+x;CELL_QP093A-0145_v_+z;CELL_QP093A-0145_v_-y,CELL_QP093A-0145_e_+y_-z;CELL_QP093A-0145_e_-x_+y;CELL_QP093A-0145_e_-x_-z,CELL_QP093A-0145_e_+x_+z;CELL_QP093A-0145_e_+x_-y;CELL_QP093A-0145_e_-y_+z,true,true,true,true,OPEN_NO_UNIT_MAPPING,OPEN_CONVENTIONAL_ENGINEERING_INPUT,UNEMITTED_CR286_GATE,false,false
CELL_QP093A-0145_GATE_011_TO_100,CELL_QP093A-0145_PAIR_011_100,CELL_QP093A-0145,QP093A-0145,1+8+8,yes,TRIAD_ALLOWED,CELL_QP093A-0145_f_-++,-++,011,CELL_QP093A-0145_f_+--,+--,100,CELL_QP093A-0145_v_+y;CELL_QP093A-0145_v_+z;CELL_QP093A-0145_v_-x,CELL_QP093A-0145_v_+x;CELL_QP093A-0145_v_-y;CELL_QP093A-0145_v_-z,CELL_QP093A-0145_e_+y_+z;CELL_QP093A-0145_e_-x_+y;CELL_QP093A-0145_e_-x_+z,CELL_QP093A-0145_e_+x_-y;CELL_QP093A-0145_e_+x_-z;CELL_QP093A-0145_e_-y_-z,true,true,true,true,OPEN_NO_UNIT_MAPPING,OPEN_CONVENTIONAL_ENGINEERING_INPUT,UNEMITTED_CR286_GATE,false,false
CELL_QP093A-0145_GATE_100_TO_011,CELL_QP093A-0145_PAIR_011_100,CELL_QP093A-0145,QP093A-0145,1+8+8,yes,TRIAD_ALLOWED,CELL_QP093A-0145_f_+--,+--,100,CELL_QP093A-0145_f_-++,-++,011,CELL_QP093A-0145_v_+x;CELL_QP093A-0145_v_-y;CELL_QP093A-0145_v_-z,CELL_QP093A-0145_v_+y;CELL_QP093A-0145_v_+z;CELL_QP093A-0145_v_-x,CELL_QP093A-0145_e_+x_-y;CELL_QP093A-0145_e_+x_-z;CELL_QP093A-0145_e_-y_-z,CELL_QP093A-0145_e_+y_+z;CELL_QP093A-0145_e_-x_+y;CELL_QP093A-0145_e_-x_+z,true,true,true,true,OPEN_NO_UNIT_MAPPING,OPEN_CONVENTIONAL_ENGINEERING_INPUT,UNEMITTED_CR286_GATE,false,false
CELL_QP093A-0145_GATE_101_TO_010,CELL_QP093A-0145_PAIR_010_101,CELL_QP093A-0145,QP093A-0145,1+8+8,yes,TRIAD_ALLOWED,CELL_QP093A-0145_f_+-+,+-+,101,CELL_QP093A-0145_f_-+-,-+-,010,CELL_QP093A-0145_v_+x;CELL_QP093A-0145_v_+z;CELL_QP093A-0145_v_-y,CELL_QP093A-0145_v_+y;CELL_QP093A-0145_v_-x;CELL_QP093A-0145_v_-z,CELL_QP093A-0145_e_+x_+z;CELL_QP093A-0145_e_+x_-y;CELL_QP093A-0145_e_-y_+z,CELL_QP093A-0145_e_+y_-z;CELL_QP093A-0145_e_-x_+y;CELL_QP093A-0145_e_-x_-z,true,true,true,true,OPEN_NO_UNIT_MAPPING,OPEN_CONVENTIONAL_ENGINEERING_INPUT,UNEMITTED_CR286_GATE,false,false
CELL_QP093A-0145_GATE_110_TO_001,CELL_QP093A-0145_PAIR_001_110,CELL_QP093A-0145,QP093A-0145,1+8+8,yes,TRIAD_ALLOWED,CELL_QP093A-0145_f_++-,++-,110,CELL_QP093A-0145_f_--+,--+,001,CELL_QP093A-0145_v_+x;CELL_QP093A-0145_v_+y;CELL_QP093A-0145_v_-z,CELL_QP093A-0145_v_+z;CELL_QP093A-0145_v_-x;CELL_QP093A-0145_v_-y,CELL_QP093A-0145_e_+x_+y;CELL_QP093A-0145_e_+x_-z;CELL_QP093A-0145_e_+y_-z,CELL_QP093A-0145_e_-x_+z;CELL_QP093A-0145_e_-x_-y;CELL_QP093A-0145_e_-y_+z,true,true,true,true,OPEN_NO_UNIT_MAPPING,OPEN_CONVENTIONAL_ENGINEERING_INPUT,UNEMITTED_CR286_GATE,false,false
CELL_QP093A-0145_GATE_111_TO_000,CELL_QP093A-0145_PAIR_000_111,CELL_QP093A-0145,QP093A-0145,1+8+8,yes,TRIAD_ALLOWED,CELL_QP093A-0145_f_+++,+++,111,CELL_QP093A-0145_f_---,---,000,CELL_QP093A-0145_v_+x;CELL_QP093A-0145_v_+y;CELL_QP093A-0145_v_+z,CELL_QP093A-0145_v_-x;CELL_QP093A-0145_v_-y;CELL_QP093A-0145_v_-z,CELL_QP093A-0145_e_+x_+y;CELL_QP093A-0145_e_+x_+z;CELL_QP093A-0145_e_+y_+z,CELL_QP093A-0145_e_-x_-y;CELL_QP093A-0145_e_-x_-z;CELL_QP093A-0145_e_-y_-z,true,true,true,true,OPEN_NO_UNIT_MAPPING,OPEN_CONVENTIONAL_ENGINEERING_INPUT,UNEMITTED_CR286_GATE,false,false
CELL_QP093A-0146_GATE_000_TO_111,CELL_QP093A-0146_PAIR_000_111,CELL_QP093A-0146,QP093A-0146,1+8+9,yes,TRIAD_ALLOWED,CELL_QP093A-0146_f_---,---,000,CELL_QP093A-0146_f_+++,+++,111,CELL_QP093A-0146_v_-x;CELL_QP093A-0146_v_-y;CELL_QP093A-0146_v_-z,CELL_QP093A-0146_v_+x;CELL_QP093A-0146_v_+y;CELL_QP093A-0146_v_+z,CELL_QP093A-0146_e_-x_-y;CELL_QP093A-0146_e_-x_-z;CELL_QP093A-0146_e_-y_-z,CELL_QP093A-0146_e_+x_+y;CELL_QP093A-0146_e_+x_+z;CELL_QP093A-0146_e_+y_+z,true,true,true,true,OPEN_NO_UNIT_MAPPING,OPEN_CONVENTIONAL_ENGINEERING_INPUT,UNEMITTED_CR286_GATE,false,false
CELL_QP093A-0146_GATE_001_TO_110,CELL_QP093A-0146_PAIR_001_110,CELL_QP093A-0146,QP093A-0146,1+8+9,yes,TRIAD_ALLOWED,CELL_QP093A-0146_f_--+,--+,001,CELL_QP093A-0146_f_++-,++-,110,CELL_QP093A-0146_v_+z;CELL_QP093A-0146_v_-x;CELL_QP093A-0146_v_-y,CELL_QP093A-0146_v_+x;CELL_QP093A-0146_v_+y;CELL_QP093A-0146_v_-z,CELL_QP093A-0146_e_-x_+z;CELL_QP093A-0146_e_-x_-y;CELL_QP093A-0146_e_-y_+z,CELL_QP093A-0146_e_+x_+y;CELL_QP093A-0146_e_+x_-z;CELL_QP093A-0146_e_+y_-z,true,true,true,true,OPEN_NO_UNIT_MAPPING,OPEN_CONVENTIONAL_ENGINEERING_INPUT,UNEMITTED_CR286_GATE,false,false
CELL_QP093A-0146_GATE_010_TO_101,CELL_QP093A-0146_PAIR_010_101,CELL_QP093A-0146,QP093A-0146,1+8+9,yes,TRIAD_ALLOWED,CELL_QP093A-0146_f_-+-,-+-,010,CELL_QP093A-0146_f_+-+,+-+,101,CELL_QP093A-0146_v_+y;CELL_QP093A-0146_v_-x;CELL_QP093A-0146_v_-z,CELL_QP093A-0146_v_+x;CELL_QP093A-0146_v_+z;CELL_QP093A-0146_v_-y,CELL_QP093A-0146_e_+y_-z;CELL_QP093A-0146_e_-x_+y;CELL_QP093A-0146_e_-x_-z,CELL_QP093A-0146_e_+x_+z;CELL_QP093A-0146_e_+x_-y;CELL_QP093A-0146_e_-y_+z,true,true,true,true,OPEN_NO_UNIT_MAPPING,OPEN_CONVENTIONAL_ENGINEERING_INPUT,UNEMITTED_CR286_GATE,false,false
CELL_QP093A-0146_GATE_011_TO_100,CELL_QP093A-0146_PAIR_011_100,CELL_QP093A-0146,QP093A-0146,1+8+9,yes,TRIAD_ALLOWED,CELL_QP093A-0146_f_-++,-++,011,CELL_QP093A-0146_f_+--,+--,100,CELL_QP093A-0146_v_+y;CELL_QP093A-0146_v_+z;CELL_QP093A-0146_v_-x,CELL_QP093A-0146_v_+x;CELL_QP093A-0146_v_-y;CELL_QP093A-0146_v_-z,CELL_QP093A-0146_e_+y_+z;CELL_QP093A-0146_e_-x_+y;CELL_QP093A-0146_e_-x_+z,CELL_QP093A-0146_e_+x_-y;CELL_QP093A-0146_e_+x_-z;CELL_QP093A-0146_e_-y_-z,true,true,true,true,OPEN_NO_UNIT_MAPPING,OPEN_CONVENTIONAL_ENGINEERING_INPUT,UNEMITTED_CR286_GATE,false,false
CELL_QP093A-0146_GATE_100_TO_011,CELL_QP093A-0146_PAIR_011_100,CELL_QP093A-0146,QP093A-0146,1+8+9,yes,TRIAD_ALLOWED,CELL_QP093A-0146_f_+--,+--,100,CELL_QP093A-0146_f_-++,-++,011,CELL_QP093A-0146_v_+x;CELL_QP093A-0146_v_-y;CELL_QP093A-0146_v_-z,CELL_QP093A-0146_v_+y;CELL_QP093A-0146_v_+z;CELL_QP093A-0146_v_-x,CELL_QP093A-0146_e_+x_-y;CELL_QP093A-0146_e_+x_-z;CELL_QP093A-0146_e_-y_-z,CELL_QP093A-0146_e_+y_+z;CELL_QP093A-0146_e_-x_+y;CELL_QP093A-0146_e_-x_+z,true,true,true,true,OPEN_NO_UNIT_MAPPING,OPEN_CONVENTIONAL_ENGINEERING_INPUT,UNEMITTED_CR286_GATE,false,false
CELL_QP093A-0146_GATE_101_TO_010,CELL_QP093A-0146_PAIR_010_101,CELL_QP093A-0146,QP093A-0146,1+8+9,yes,TRIAD_ALLOWED,CELL_QP093A-0146_f_+-+,+-+,101,CELL_QP093A-0146_f_-+-,-+-,010,CELL_QP093A-0146_v_+x;CELL_QP093A-0146_v_+z;CELL_QP093A-0146_v_-y,CELL_QP093A-0146_v_+y;CELL_QP093A-0146_v_-x;CELL_QP093A-0146_v_-z,CELL_QP093A-0146_e_+x_+z;CELL_QP093A-0146_e_+x_-y;CELL_QP093A-0146_e_-y_+z,CELL_QP093A-0146_e_+y_-z;CELL_QP093A-0146_e_-x_+y;CELL_QP093A-0146_e_-x_-z,true,true,true,true,OPEN_NO_UNIT_MAPPING,OPEN_CONVENTIONAL_ENGINEERING_INPUT,UNEMITTED_CR286_GATE,false,false
CELL_QP093A-0146_GATE_110_TO_001,CELL_QP093A-0146_PAIR_001_110,CELL_QP093A-0146,QP093A-0146,1+8+9,yes,TRIAD_ALLOWED,CELL_QP093A-0146_f_++-,++-,110,CELL_QP093A-0146_f_--+,--+,001,CELL_QP093A-0146_v_+x;CELL_QP093A-0146_v_+y;CELL_QP093A-0146_v_-z,CELL_QP093A-0146_v_+z;CELL_QP093A-0146_v_-x;CELL_QP093A-0146_v_-y,CELL_QP093A-0146_e_+x_+y;CELL_QP093A-0146_e_+x_-z;CELL_QP093A-0146_e_+y_-z,CELL_QP093A-0146_e_-x_+z;CELL_QP093A-0146_e_-x_-y;CELL_QP093A-0146_e_-y_+z,true,true,true,true,OPEN_NO_UNIT_MAPPING,OPEN_CONVENTIONAL_ENGINEERING_INPUT,UNEMITTED_CR286_GATE,false,false
CELL_QP093A-0146_GATE_111_TO_000,CELL_QP093A-0146_PAIR_000_111,CELL_QP093A-0146,QP093A-0146,1+8+9,yes,TRIAD_ALLOWED,CELL_QP093A-0146_f_+++,+++,111,CELL_QP093A-0146_f_---,---,000,CELL_QP093A-0146_v_+x;CELL_QP093A-0146_v_+y;CELL_QP093A-0146_v_+z,CELL_QP093A-0146_v_-x;CELL_QP093A-0146_v_-y;CELL_QP093A-0146_v_-z,CELL_QP093A-0146_e_+x_+y;CELL_QP093A-0146_e_+x_+z;CELL_QP093A-0146_e_+y_+z,CELL_QP093A-0146_e_-x_-y;CELL_QP093A-0146_e_-x_-z;CELL_QP093A-0146_e_-y_-z,true,true,true,true,OPEN_NO_UNIT_MAPPING,OPEN_CONVENTIONAL_ENGINEERING_INPUT,UNEMITTED_CR286_GATE,false,false
CELL_QP093A-0147_GATE_000_TO_111,CELL_QP093A-0147_PAIR_000_111,CELL_QP093A-0147,QP093A-0147,1+8+12,yes,TRIAD_ALLOWED,CELL_QP093A-0147_f_---,---,000,CELL_QP093A-0147_f_+++,+++,111,CELL_QP093A-0147_v_-x;CELL_QP093A-0147_v_-y;CELL_QP093A-0147_v_-z,CELL_QP093A-0147_v_+x;CELL_QP093A-0147_v_+y;CELL_QP093A-0147_v_+z,CELL_QP093A-0147_e_-x_-y;CELL_QP093A-0147_e_-x_-z;CELL_QP093A-0147_e_-y_-z,CELL_QP093A-0147_e_+x_+y;CELL_QP093A-0147_e_+x_+z;CELL_QP093A-0147_e_+y_+z,true,true,true,true,OPEN_NO_UNIT_MAPPING,OPEN_CONVENTIONAL_ENGINEERING_INPUT,UNEMITTED_CR286_GATE,false,false
CELL_QP093A-0147_GATE_001_TO_110,CELL_QP093A-0147_PAIR_001_110,CELL_QP093A-0147,QP093A-0147,1+8+12,yes,TRIAD_ALLOWED,CELL_QP093A-0147_f_--+,--+,001,CELL_QP093A-0147_f_++-,++-,110,CELL_QP093A-0147_v_+z;CELL_QP093A-0147_v_-x;CELL_QP093A-0147_v_-y,CELL_QP093A-0147_v_+x;CELL_QP093A-0147_v_+y;CELL_QP093A-0147_v_-z,CELL_QP093A-0147_e_-x_+z;CELL_QP093A-0147_e_-x_-y;CELL_QP093A-0147_e_-y_+z,CELL_QP093A-0147_e_+x_+y;CELL_QP093A-0147_e_+x_-z;CELL_QP093A-0147_e_+y_-z,true,true,true,true,OPEN_NO_UNIT_MAPPING,OPEN_CONVENTIONAL_ENGINEERING_INPUT,UNEMITTED_CR286_GATE,false,false
CELL_QP093A-0147_GATE_010_TO_101,CELL_QP093A-0147_PAIR_010_101,CELL_QP093A-0147,QP093A-0147,1+8+12,yes,TRIAD_ALLOWED,CELL_QP093A-0147_f_-+-,-+-,010,CELL_QP093A-0147_f_+-+,+-+,101,CELL_QP093A-0147_v_+y;CELL_QP093A-0147_v_-x;CELL_QP093A-0147_v_-z,CELL_QP093A-0147_v_+x;CELL_QP093A-0147_v_+z;CELL_QP093A-0147_v_-y,CELL_QP093A-0147_e_+y_-z;CELL_QP093A-0147_e_-x_+y;CELL_QP093A-0147_e_-x_-z,CELL_QP093A-0147_e_+x_+z;CELL_QP093A-0147_e_+x_-y;CELL_QP093A-0147_e_-y_+z,true,true,true,true,OPEN_NO_UNIT_MAPPING,OPEN_CONVENTIONAL_ENGINEERING_INPUT,UNEMITTED_CR286_GATE,false,false
CELL_QP093A-0147_GATE_011_TO_100,CELL_QP093A-0147_PAIR_011_100,CELL_QP093A-0147,QP093A-0147,1+8+12,yes,TRIAD_ALLOWED,CELL_QP093A-0147_f_-++,-++,011,CELL_QP093A-0147_f_+--,+--,100,CELL_QP093A-0147_v_+y;CELL_QP093A-0147_v_+z;CELL_QP093A-0147_v_-x,CELL_QP093A-0147_v_+x;CELL_QP093A-0147_v_-y;CELL_QP093A-0147_v_-z,CELL_QP093A-0147_e_+y_+z;CELL_QP093A-0147_e_-x_+y;CELL_QP093A-0147_e_-x_+z,CELL_QP093A-0147_e_+x_-y;CELL_QP093A-0147_e_+x_-z;CELL_QP093A-0147_e_-y_-z,true,true,true,true,OPEN_NO_UNIT_MAPPING,OPEN_CONVENTIONAL_ENGINEERING_INPUT,UNEMITTED_CR286_GATE,false,false
CELL_QP093A-0147_GATE_100_TO_011,CELL_QP093A-0147_PAIR_011_100,CELL_QP093A-0147,QP093A-0147,1+8+12,yes,TRIAD_ALLOWED,CELL_QP093A-0147_f_+--,+--,100,CELL_QP093A-0147_f_-++,-++,011,CELL_QP093A-0147_v_+x;CELL_QP093A-0147_v_-y;CELL_QP093A-0147_v_-z,CELL_QP093A-0147_v_+y;CELL_QP093A-0147_v_+z;CELL_QP093A-0147_v_-x,CELL_QP093A-0147_e_+x_-y;CELL_QP093A-0147_e_+x_-z;CELL_QP093A-0147_e_-y_-z,CELL_QP093A-0147_e_+y_+z;CELL_QP093A-0147_e_-x_+y;CELL_QP093A-0147_e_-x_+z,true,true,true,true,OPEN_NO_UNIT_MAPPING,OPEN_CONVENTIONAL_ENGINEERING_INPUT,UNEMITTED_CR286_GATE,false,false
CELL_QP093A-0147_GATE_101_TO_010,CELL_QP093A-0147_PAIR_010_101,CELL_QP093A-0147,QP093A-0147,1+8+12,yes,TRIAD_ALLOWED,CELL_QP093A-0147_f_+-+,+-+,101,CELL_QP093A-0147_f_-+-,-+-,010,CELL_QP093A-0147_v_+x;CELL_QP093A-0147_v_+z;CELL_QP093A-0147_v_-y,CELL_QP093A-0147_v_+y;CELL_QP093A-0147_v_-x;CELL_QP093A-0147_v_-z,CELL_QP093A-0147_e_+x_+z;CELL_QP093A-0147_e_+x_-y;CELL_QP093A-0147_e_-y_+z,CELL_QP093A-0147_e_+y_-z;CELL_QP093A-0147_e_-x_+y;CELL_QP093A-0147_e_-x_-z,true,true,true,true,OPEN_NO_UNIT_MAPPING,OPEN_CONVENTIONAL_ENGINEERING_INPUT,UNEMITTED_CR286_GATE,false,false
CELL_QP093A-0147_GATE_110_TO_001,CELL_QP093A-0147_PAIR_001_110,CELL_QP093A-0147,QP093A-0147,1+8+12,yes,TRIAD_ALLOWED,CELL_QP093A-0147_f_++-,++-,110,CELL_QP093A-0147_f_--+,--+,001,CELL_QP093A-0147_v_+x;CELL_QP093A-0147_v_+y;CELL_QP093A-0147_v_-z,CELL_QP093A-0147_v_+z;CELL_QP093A-0147_v_-x;CELL_QP093A-0147_v_-y,CELL_QP093A-0147_e_+x_+y;CELL_QP093A-0147_e_+x_-z;CELL_QP093A-0147_e_+y_-z,CELL_QP093A-0147_e_-x_+z;CELL_QP093A-0147_e_-x_-y;CELL_QP093A-0147_e_-y_+z,true,true,true,true,OPEN_NO_UNIT_MAPPING,OPEN_CONVENTIONAL_ENGINEERING_INPUT,UNEMITTED_CR286_GATE,false,false
CELL_QP093A-0147_GATE_111_TO_000,CELL_QP093A-0147_PAIR_000_111,CELL_QP093A-0147,QP093A-0147,1+8+12,yes,TRIAD_ALLOWED,CELL_QP093A-0147_f_+++,+++,111,CELL_QP093A-0147_f_---,---,000,CELL_QP093A-0147_v_+x;CELL_QP093A-0147_v_+y;CELL_QP093A-0147_v_+z,CELL_QP093A-0147_v_-x;CELL_QP093A-0147_v_-y;CELL_QP093A-0147_v_-z,CELL_QP093A-0147_e_+x_+y;CELL_QP093A-0147_e_+x_+z;CELL_QP093A-0147_e_+y_+z,CELL_QP093A-0147_e_-x_-y;CELL_QP093A-0147_e_-x_-z;CELL_QP093A-0147_e_-y_-z,true,true,true,true,OPEN_NO_UNIT_MAPPING,OPEN_CONVENTIONAL_ENGINEERING_INPUT,UNEMITTED_CR286_GATE,false,false
CELL_QP093A-0148_GATE_000_TO_111,CELL_QP093A-0148_PAIR_000_111,CELL_QP093A-0148,QP093A-0148,1+9+9,yes,TRIAD_ALLOWED,CELL_QP093A-0148_f_---,---,000,CELL_QP093A-0148_f_+++,+++,111,CELL_QP093A-0148_v_-x;CELL_QP093A-0148_v_-y;CELL_QP093A-0148_v_-z,CELL_QP093A-0148_v_+x;CELL_QP093A-0148_v_+y;CELL_QP093A-0148_v_+z,CELL_QP093A-0148_e_-x_-y;CELL_QP093A-0148_e_-x_-z;CELL_QP093A-0148_e_-y_-z,CELL_QP093A-0148_e_+x_+y;CELL_QP093A-0148_e_+x_+z;CELL_QP093A-0148_e_+y_+z,true,true,true,true,OPEN_NO_UNIT_MAPPING,OPEN_CONVENTIONAL_ENGINEERING_INPUT,UNEMITTED_CR286_GATE,false,false
CELL_QP093A-0148_GATE_001_TO_110,CELL_QP093A-0148_PAIR_001_110,CELL_QP093A-0148,QP093A-0148,1+9+9,yes,TRIAD_ALLOWED,CELL_QP093A-0148_f_--+,--+,001,CELL_QP093A-0148_f_++-,++-,110,CELL_QP093A-0148_v_+z;CELL_QP093A-0148_v_-x;CELL_QP093A-0148_v_-y,CELL_QP093A-0148_v_+x;CELL_QP093A-0148_v_+y;CELL_QP093A-0148_v_-z,CELL_QP093A-0148_e_-x_+z;CELL_QP093A-0148_e_-x_-y;CELL_QP093A-0148_e_-y_+z,CELL_QP093A-0148_e_+x_+y;CELL_QP093A-0148_e_+x_-z;CELL_QP093A-0148_e_+y_-z,true,true,true,true,OPEN_NO_UNIT_MAPPING,OPEN_CONVENTIONAL_ENGINEERING_INPUT,UNEMITTED_CR286_GATE,false,false
CELL_QP093A-0148_GATE_010_TO_101,CELL_QP093A-0148_PAIR_010_101,CELL_QP093A-0148,QP093A-0148,1+9+9,yes,TRIAD_ALLOWED,CELL_QP093A-0148_f_-+-,-+-,010,CELL_QP093A-0148_f_+-+,+-+,101,CELL_QP093A-0148_v_+y;CELL_QP093A-0148_v_-x;CELL_QP093A-0148_v_-z,CELL_QP093A-0148_v_+x;CELL_QP093A-0148_v_+z;CELL_QP093A-0148_v_-y,CELL_QP093A-0148_e_+y_-z;CELL_QP093A-0148_e_-x_+y;CELL_QP093A-0148_e_-x_-z,CELL_QP093A-0148_e_+x_+z;CELL_QP093A-0148_e_+x_-y;CELL_QP093A-0148_e_-y_+z,true,true,true,true,OPEN_NO_UNIT_MAPPING,OPEN_CONVENTIONAL_ENGINEERING_INPUT,UNEMITTED_CR286_GATE,false,false
CELL_QP093A-0148_GATE_011_TO_100,CELL_QP093A-0148_PAIR_011_100,CELL_QP093A-0148,QP093A-0148,1+9+9,yes,TRIAD_ALLOWED,CELL_QP093A-0148_f_-++,-++,011,CELL_QP093A-0148_f_+--,+--,100,CELL_QP093A-0148_v_+y;CELL_QP093A-0148_v_+z;CELL_QP093A-0148_v_-x,CELL_QP093A-0148_v_+x;CELL_QP093A-0148_v_-y;CELL_QP093A-0148_v_-z,CELL_QP093A-0148_e_+y_+z;CELL_QP093A-0148_e_-x_+y;CELL_QP093A-0148_e_-x_+z,CELL_QP093A-0148_e_+x_-y;CELL_QP093A-0148_e_+x_-z;CELL_QP093A-0148_e_-y_-z,true,true,true,true,OPEN_NO_UNIT_MAPPING,OPEN_CONVENTIONAL_ENGINEERING_INPUT,UNEMITTED_CR286_GATE,false,false
CELL_QP093A-0148_GATE_100_TO_011,CELL_QP093A-0148_PAIR_011_100,CELL_QP093A-0148,QP093A-0148,1+9+9,yes,TRIAD_ALLOWED,CELL_QP093A-0148_f_+--,+--,100,CELL_QP093A-0148_f_-++,-++,011,CELL_QP093A-0148_v_+x;CELL_QP093A-0148_v_-y;CELL_QP093A-0148_v_-z,CELL_QP093A-0148_v_+y;CELL_QP093A-0148_v_+z;CELL_QP093A-0148_v_-x,CELL_QP093A-0148_e_+x_-y;CELL_QP093A-0148_e_+x_-z;CELL_QP093A-0148_e_-y_-z,CELL_QP093A-0148_e_+y_+z;CELL_QP093A-0148_e_-x_+y;CELL_QP093A-0148_e_-x_+z,true,true,true,true,OPEN_NO_UNIT_MAPPING,OPEN_CONVENTIONAL_ENGINEERING_INPUT,UNEMITTED_CR286_GATE,false,false
CELL_QP093A-0148_GATE_101_TO_010,CELL_QP093A-0148_PAIR_010_101,CELL_QP093A-0148,QP093A-0148,1+9+9,yes,TRIAD_ALLOWED,CELL_QP093A-0148_f_+-+,+-+,101,CELL_QP093A-0148_f_-+-,-+-,010,CELL_QP093A-0148_v_+x;CELL_QP093A-0148_v_+z;CELL_QP093A-0148_v_-y,CELL_QP093A-0148_v_+y;CELL_QP093A-0148_v_-x;CELL_QP093A-0148_v_-z,CELL_QP093A-0148_e_+x_+z;CELL_QP093A-0148_e_+x_-y;CELL_QP093A-0148_e_-y_+z,CELL_QP093A-0148_e_+y_-z;CELL_QP093A-0148_e_-x_+y;CELL_QP093A-0148_e_-x_-z,true,true,true,true,OPEN_NO_UNIT_MAPPING,OPEN_CONVENTIONAL_ENGINEERING_INPUT,UNEMITTED_CR286_GATE,false,false
CELL_QP093A-0148_GATE_110_TO_001,CELL_QP093A-0148_PAIR_001_110,CELL_QP093A-0148,QP093A-0148,1+9+9,yes,TRIAD_ALLOWED,CELL_QP093A-0148_f_++-,++-,110,CELL_QP093A-0148_f_--+,--+,001,CELL_QP093A-0148_v_+x;CELL_QP093A-0148_v_+y;CELL_QP093A-0148_v_-z,CELL_QP093A-0148_v_+z;CELL_QP093A-0148_v_-x;CELL_QP093A-0148_v_-y,CELL_QP093A-0148_e_+x_+y;CELL_QP093A-0148_e_+x_-z;CELL_QP093A-0148_e_+y_-z,CELL_QP093A-0148_e_-x_+z;CELL_QP093A-0148_e_-x_-y;CELL_QP093A-0148_e_-y_+z,true,true,true,true,OPEN_NO_UNIT_MAPPING,OPEN_CONVENTIONAL_ENGINEERING_INPUT,UNEMITTED_CR286_GATE,false,false
CELL_QP093A-0148_GATE_111_TO_000,CELL_QP093A-0148_PAIR_000_111,CELL_QP093A-0148,QP093A-0148,1+9+9,yes,TRIAD_ALLOWED,CELL_QP093A-0148_f_+++,+++,111,CELL_QP093A-0148_f_---,---,000,CELL_QP093A-0148_v_+x;CELL_QP093A-0148_v_+y;CELL_QP093A-0148_v_+z,CELL_QP093A-0148_v_-x;CELL_QP093A-0148_v_-y;CELL_QP093A-0148_v_-z,CELL_QP093A-0148_e_+x_+y;CELL_QP093A-0148_e_+x_+z;CELL_QP093A-0148_e_+y_+z,CELL_QP093A-0148_e_-x_-y;CELL_QP093A-0148_e_-x_-z;CELL_QP093A-0148_e_-y_-z,true,true,true,true,OPEN_NO_UNIT_MAPPING,OPEN_CONVENTIONAL_ENGINEERING_INPUT,UNEMITTED_CR286_GATE,false,false
CELL_QP093A-0149_GATE_000_TO_111,CELL_QP093A-0149_PAIR_000_111,CELL_QP093A-0149,QP093A-0149,1+9+12,yes,TRIAD_ALLOWED,CELL_QP093A-0149_f_---,---,000,CELL_QP093A-0149_f_+++,+++,111,CELL_QP093A-0149_v_-x;CELL_QP093A-0149_v_-y;CELL_QP093A-0149_v_-z,CELL_QP093A-0149_v_+x;CELL_QP093A-0149_v_+y;CELL_QP093A-0149_v_+z,CELL_QP093A-0149_e_-x_-y;CELL_QP093A-0149_e_-x_-z;CELL_QP093A-0149_e_-y_-z,CELL_QP093A-0149_e_+x_+y;CELL_QP093A-0149_e_+x_+z;CELL_QP093A-0149_e_+y_+z,true,true,true,true,OPEN_NO_UNIT_MAPPING,OPEN_CONVENTIONAL_ENGINEERING_INPUT,UNEMITTED_CR286_GATE,false,false
CELL_QP093A-0149_GATE_001_TO_110,CELL_QP093A-0149_PAIR_001_110,CELL_QP093A-0149,QP093A-0149,1+9+12,yes,TRIAD_ALLOWED,CELL_QP093A-0149_f_--+,--+,001,CELL_QP093A-0149_f_++-,++-,110,CELL_QP093A-0149_v_+z;CELL_QP093A-0149_v_-x;CELL_QP093A-0149_v_-y,CELL_QP093A-0149_v_+x;CELL_QP093A-0149_v_+y;CELL_QP093A-0149_v_-z,CELL_QP093A-0149_e_-x_+z;CELL_QP093A-0149_e_-x_-y;CELL_QP093A-0149_e_-y_+z,CELL_QP093A-0149_e_+x_+y;CELL_QP093A-0149_e_+x_-z;CELL_QP093A-0149_e_+y_-z,true,true,true,true,OPEN_NO_UNIT_MAPPING,OPEN_CONVENTIONAL_ENGINEERING_INPUT,UNEMITTED_CR286_GATE,false,false
CELL_QP093A-0149_GATE_010_TO_101,CELL_QP093A-0149_PAIR_010_101,CELL_QP093A-0149,QP093A-0149,1+9+12,yes,TRIAD_ALLOWED,CELL_QP093A-0149_f_-+-,-+-,010,CELL_QP093A-0149_f_+-+,+-+,101,CELL_QP093A-0149_v_+y;CELL_QP093A-0149_v_-x;CELL_QP093A-0149_v_-z,CELL_QP093A-0149_v_+x;CELL_QP093A-0149_v_+z;CELL_QP093A-0149_v_-y,CELL_QP093A-0149_e_+y_-z;CELL_QP093A-0149_e_-x_+y;CELL_QP093A-0149_e_-x_-z,CELL_QP093A-0149_e_+x_+z;CELL_QP093A-0149_e_+x_-y;CELL_QP093A-0149_e_-y_+z,true,true,true,true,OPEN_NO_UNIT_MAPPING,OPEN_CONVENTIONAL_ENGINEERING_INPUT,UNEMITTED_CR286_GATE,false,false
CELL_QP093A-0149_GATE_011_TO_100,CELL_QP093A-0149_PAIR_011_100,CELL_QP093A-0149,QP093A-0149,1+9+12,yes,TRIAD_ALLOWED,CELL_QP093A-0149_f_-++,-++,011,CELL_QP093A-0149_f_+--,+--,100,CELL_QP093A-0149_v_+y;CELL_QP093A-0149_v_+z;CELL_QP093A-0149_v_-x,CELL_QP093A-0149_v_+x;CELL_QP093A-0149_v_-y;CELL_QP093A-0149_v_-z,CELL_QP093A-0149_e_+y_+z;CELL_QP093A-0149_e_-x_+y;CELL_QP093A-0149_e_-x_+z,CELL_QP093A-0149_e_+x_-y;CELL_QP093A-0149_e_+x_-z;CELL_QP093A-0149_e_-y_-z,true,true,true,true,OPEN_NO_UNIT_MAPPING,OPEN_CONVENTIONAL_ENGINEERING_INPUT,UNEMITTED_CR286_GATE,false,false
CELL_QP093A-0149_GATE_100_TO_011,CELL_QP093A-0149_PAIR_011_100,CELL_QP093A-0149,QP093A-0149,1+9+12,yes,TRIAD_ALLOWED,CELL_QP093A-0149_f_+--,+--,100,CELL_QP093A-0149_f_-++,-++,011,CELL_QP093A-0149_v_+x;CELL_QP093A-0149_v_-y;CELL_QP093A-0149_v_-z,CELL_QP093A-0149_v_+y;CELL_QP093A-0149_v_+z;CELL_QP093A-0149_v_-x,CELL_QP093A-0149_e_+x_-y;CELL_QP093A-0149_e_+x_-z;CELL_QP093A-0149_e_-y_-z,CELL_QP093A-0149_e_+y_+z;CELL_QP093A-0149_e_-x_+y;CELL_QP093A-0149_e_-x_+z,true,true,true,true,OPEN_NO_UNIT_MAPPING,OPEN_CONVENTIONAL_ENGINEERING_INPUT,UNEMITTED_CR286_GATE,false,false
CELL_QP093A-0149_GATE_101_TO_010,CELL_QP093A-0149_PAIR_010_101,CELL_QP093A-0149,QP093A-0149,1+9+12,yes,TRIAD_ALLOWED,CELL_QP093A-0149_f_+-+,+-+,101,CELL_QP093A-0149_f_-+-,-+-,010,CELL_QP093A-0149_v_+x;CELL_QP093A-0149_v_+z;CELL_QP093A-0149_v_-y,CELL_QP093A-0149_v_+y;CELL_QP093A-0149_v_-x;CELL_QP093A-0149_v_-z,CELL_QP093A-0149_e_+x_+z;CELL_QP093A-0149_e_+x_-y;CELL_QP093A-0149_e_-y_+z,CELL_QP093A-0149_e_+y_-z;CELL_QP093A-0149_e_-x_+y;CELL_QP093A-0149_e_-x_-z,true,true,true,true,OPEN_NO_UNIT_MAPPING,OPEN_CONVENTIONAL_ENGINEERING_INPUT,UNEMITTED_CR286_GATE,false,false
CELL_QP093A-0149_GATE_110_TO_001,CELL_QP093A-0149_PAIR_001_110,CELL_QP093A-0149,QP093A-0149,1+9+12,yes,TRIAD_ALLOWED,CELL_QP093A-0149_f_++-,++-,110,CELL_QP093A-0149_f_--+,--+,001,CELL_QP093A-0149_v_+x;CELL_QP093A-0149_v_+y;CELL_QP093A-0149_v_-z,CELL_QP093A-0149_v_+z;CELL_QP093A-0149_v_-x;CELL_QP093A-0149_v_-y,CELL_QP093A-0149_e_+x_+y;CELL_QP093A-0149_e_+x_-z;CELL_QP093A-0149_e_+y_-z,CELL_QP093A-0149_e_-x_+z;CELL_QP093A-0149_e_-x_-y;CELL_QP093A-0149_e_-y_+z,true,true,true,true,OPEN_NO_UNIT_MAPPING,OPEN_CONVENTIONAL_ENGINEERING_INPUT,UNEMITTED_CR286_GATE,false,false
CELL_QP093A-0149_GATE_111_TO_000,CELL_QP093A-0149_PAIR_000_111,CELL_QP093A-0149,QP093A-0149,1+9+12,yes,TRIAD_ALLOWED,CELL_QP093A-0149_f_+++,+++,111,CELL_QP093A-0149_f_---,---,000,CELL_QP093A-0149_v_+x;CELL_QP093A-0149_v_+y;CELL_QP093A-0149_v_+z,CELL_QP093A-0149_v_-x;CELL_QP093A-0149_v_-y;CELL_QP093A-0149_v_-z,CELL_QP093A-0149_e_+x_+y;CELL_QP093A-0149_e_+x_+z;CELL_QP093A-0149_e_+y_+z,CELL_QP093A-0149_e_-x_-y;CELL_QP093A-0149_e_-x_-z;CELL_QP093A-0149_e_-y_-z,true,true,true,true,OPEN_NO_UNIT_MAPPING,OPEN_CONVENTIONAL_ENGINEERING_INPUT,UNEMITTED_CR286_GATE,false,false
CELL_QP093A-0150_GATE_000_TO_111,CELL_QP093A-0150_PAIR_000_111,CELL_QP093A-0150,QP093A-0150,1+12+12,yes,TRIAD_ALLOWED,CELL_QP093A-0150_f_---,---,000,CELL_QP093A-0150_f_+++,+++,111,CELL_QP093A-0150_v_-x;CELL_QP093A-0150_v_-y;CELL_QP093A-0150_v_-z,CELL_QP093A-0150_v_+x;CELL_QP093A-0150_v_+y;CELL_QP093A-0150_v_+z,CELL_QP093A-0150_e_-x_-y;CELL_QP093A-0150_e_-x_-z;CELL_QP093A-0150_e_-y_-z,CELL_QP093A-0150_e_+x_+y;CELL_QP093A-0150_e_+x_+z;CELL_QP093A-0150_e_+y_+z,true,true,true,true,OPEN_NO_UNIT_MAPPING,OPEN_CONVENTIONAL_ENGINEERING_INPUT,UNEMITTED_CR286_GATE,false,false
CELL_QP093A-0150_GATE_001_TO_110,CELL_QP093A-0150_PAIR_001_110,CELL_QP093A-0150,QP093A-0150,1+12+12,yes,TRIAD_ALLOWED,CELL_QP093A-0150_f_--+,--+,001,CELL_QP093A-0150_f_++-,++-,110,CELL_QP093A-0150_v_+z;CELL_QP093A-0150_v_-x;CELL_QP093A-0150_v_-y,CELL_QP093A-0150_v_+x;CELL_QP093A-0150_v_+y;CELL_QP093A-0150_v_-z,CELL_QP093A-0150_e_-x_+z;CELL_QP093A-0150_e_-x_-y;CELL_QP093A-0150_e_-y_+z,CELL_QP093A-0150_e_+x_+y;CELL_QP093A-0150_e_+x_-z;CELL_QP093A-0150_e_+y_-z,true,true,true,true,OPEN_NO_UNIT_MAPPING,OPEN_CONVENTIONAL_ENGINEERING_INPUT,UNEMITTED_CR286_GATE,false,false
CELL_QP093A-0150_GATE_010_TO_101,CELL_QP093A-0150_PAIR_010_101,CELL_QP093A-0150,QP093A-0150,1+12+12,yes,TRIAD_ALLOWED,CELL_QP093A-0150_f_-+-,-+-,010,CELL_QP093A-0150_f_+-+,+-+,101,CELL_QP093A-0150_v_+y;CELL_QP093A-0150_v_-x;CELL_QP093A-0150_v_-z,CELL_QP093A-0150_v_+x;CELL_QP093A-0150_v_+z;CELL_QP093A-0150_v_-y,CELL_QP093A-0150_e_+y_-z;CELL_QP093A-0150_e_-x_+y;CELL_QP093A-0150_e_-x_-z,CELL_QP093A-0150_e_+x_+z;CELL_QP093A-0150_e_+x_-y;CELL_QP093A-0150_e_-y_+z,true,true,true,true,OPEN_NO_UNIT_MAPPING,OPEN_CONVENTIONAL_ENGINEERING_INPUT,UNEMITTED_CR286_GATE,false,false
CELL_QP093A-0150_GATE_011_TO_100,CELL_QP093A-0150_PAIR_011_100,CELL_QP093A-0150,QP093A-0150,1+12+12,yes,TRIAD_ALLOWED,CELL_QP093A-0150_f_-++,-++,011,CELL_QP093A-0150_f_+--,+--,100,CELL_QP093A-0150_v_+y;CELL_QP093A-0150_v_+z;CELL_QP093A-0150_v_-x,CELL_QP093A-0150_v_+x;CELL_QP093A-0150_v_-y;CELL_QP093A-0150_v_-z,CELL_QP093A-0150_e_+y_+z;CELL_QP093A-0150_e_-x_+y;CELL_QP093A-0150_e_-x_+z,CELL_QP093A-0150_e_+x_-y;CELL_QP093A-0150_e_+x_-z;CELL_QP093A-0150_e_-y_-z,true,true,true,true,OPEN_NO_UNIT_MAPPING,OPEN_CONVENTIONAL_ENGINEERING_INPUT,UNEMITTED_CR286_GATE,false,false
CELL_QP093A-0150_GATE_100_TO_011,CELL_QP093A-0150_PAIR_011_100,CELL_QP093A-0150,QP093A-0150,1+12+12,yes,TRIAD_ALLOWED,CELL_QP093A-0150_f_+--,+--,100,CELL_QP093A-0150_f_-++,-++,011,CELL_QP093A-0150_v_+x;CELL_QP093A-0150_v_-y;CELL_QP093A-0150_v_-z,CELL_QP093A-0150_v_+y;CELL_QP093A-0150_v_+z;CELL_QP093A-0150_v_-x,CELL_QP093A-0150_e_+x_-y;CELL_QP093A-0150_e_+x_-z;CELL_QP093A-0150_e_-y_-z,CELL_QP093A-0150_e_+y_+z;CELL_QP093A-0150_e_-x_+y;CELL_QP093A-0150_e_-x_+z,true,true,true,true,OPEN_NO_UNIT_MAPPING,OPEN_CONVENTIONAL_ENGINEERING_INPUT,UNEMITTED_CR286_GATE,false,false
CELL_QP093A-0150_GATE_101_TO_010,CELL_QP093A-0150_PAIR_010_101,CELL_QP093A-0150,QP093A-0150,1+12+12,yes,TRIAD_ALLOWED,CELL_QP093A-0150_f_+-+,+-+,101,CELL_QP093A-0150_f_-+-,-+-,010,CELL_QP093A-0150_v_+x;CELL_QP093A-0150_v_+z;CELL_QP093A-0150_v_-y,CELL_QP093A-0150_v_+y;CELL_QP093A-0150_v_-x;CELL_QP093A-0150_v_-z,CELL_QP093A-0150_e_+x_+z;CELL_QP093A-0150_e_+x_-y;CELL_QP093A-0150_e_-y_+z,CELL_QP093A-0150_e_+y_-z;CELL_QP093A-0150_e_-x_+y;CELL_QP093A-0150_e_-x_-z,true,true,true,true,OPEN_NO_UNIT_MAPPING,OPEN_CONVENTIONAL_ENGINEERING_INPUT,UNEMITTED_CR286_GATE,false,false
CELL_QP093A-0150_GATE_110_TO_001,CELL_QP093A-0150_PAIR_001_110,CELL_QP093A-0150,QP093A-0150,1+12+12,yes,TRIAD_ALLOWED,CELL_QP093A-0150_f_++-,++-,110,CELL_QP093A-0150_f_--+,--+,001,CELL_QP093A-0150_v_+x;CELL_QP093A-0150_v_+y;CELL_QP093A-0150_v_-z,CELL_QP093A-0150_v_+z;CELL_QP093A-0150_v_-x;CELL_QP093A-0150_v_-y,CELL_QP093A-0150_e_+x_+y;CELL_QP093A-0150_e_+x_-z;CELL_QP093A-0150_e_+y_-z,CELL_QP093A-0150_e_-x_+z;CELL_QP093A-0150_e_-x_-y;CELL_QP093A-0150_e_-y_+z,true,true,true,true,OPEN_NO_UNIT_MAPPING,OPEN_CONVENTIONAL_ENGINEERING_INPUT,UNEMITTED_CR286_GATE,false,false
CELL_QP093A-0150_GATE_111_TO_000,CELL_QP093A-0150_PAIR_000_111,CELL_QP093A-0150,QP093A-0150,1+12+12,yes,TRIAD_ALLOWED,CELL_QP093A-0150_f_+++,+++,111,CELL_QP093A-0150_f_---,---,000,CELL_QP093A-0150_v_+x;CELL_QP093A-0150_v_+y;CELL_QP093A-0150_v_+z,CELL_QP093A-0150_v_-x;CELL_QP093A-0150_v_-y;CELL_QP093A-0150_v_-z,CELL_QP093A-0150_e_+x_+y;CELL_QP093A-0150_e_+x_+z;CELL_QP093A-0150_e_+y_+z,CELL_QP093A-0150_e_-x_-y;CELL_QP093A-0150_e_-x_-z;CELL_QP093A-0150_e_-y_-z,true,true,true,true,OPEN_NO_UNIT_MAPPING,OPEN_CONVENTIONAL_ENGINEERING_INPUT,UNEMITTED_CR286_GATE,false,false
CELL_QP093A-0151_GATE_000_TO_111,CELL_QP093A-0151_PAIR_000_111,CELL_QP093A-0151,QP093A-0151,2+2+2,yes,TRIAD_ALLOWED,CELL_QP093A-0151_f_---,---,000,CELL_QP093A-0151_f_+++,+++,111,CELL_QP093A-0151_v_-x;CELL_QP093A-0151_v_-y;CELL_QP093A-0151_v_-z,CELL_QP093A-0151_v_+x;CELL_QP093A-0151_v_+y;CELL_QP093A-0151_v_+z,CELL_QP093A-0151_e_-x_-y;CELL_QP093A-0151_e_-x_-z;CELL_QP093A-0151_e_-y_-z,CELL_QP093A-0151_e_+x_+y;CELL_QP093A-0151_e_+x_+z;CELL_QP093A-0151_e_+y_+z,true,true,true,true,OPEN_NO_UNIT_MAPPING,OPEN_CONVENTIONAL_ENGINEERING_INPUT,UNEMITTED_CR286_GATE,false,false
CELL_QP093A-0151_GATE_001_TO_110,CELL_QP093A-0151_PAIR_001_110,CELL_QP093A-0151,QP093A-0151,2+2+2,yes,TRIAD_ALLOWED,CELL_QP093A-0151_f_--+,--+,001,CELL_QP093A-0151_f_++-,++-,110,CELL_QP093A-0151_v_+z;CELL_QP093A-0151_v_-x;CELL_QP093A-0151_v_-y,CELL_QP093A-0151_v_+x;CELL_QP093A-0151_v_+y;CELL_QP093A-0151_v_-z,CELL_QP093A-0151_e_-x_+z;CELL_QP093A-0151_e_-x_-y;CELL_QP093A-0151_e_-y_+z,CELL_QP093A-0151_e_+x_+y;CELL_QP093A-0151_e_+x_-z;CELL_QP093A-0151_e_+y_-z,true,true,true,true,OPEN_NO_UNIT_MAPPING,OPEN_CONVENTIONAL_ENGINEERING_INPUT,UNEMITTED_CR286_GATE,false,false
CELL_QP093A-0151_GATE_010_TO_101,CELL_QP093A-0151_PAIR_010_101,CELL_QP093A-0151,QP093A-0151,2+2+2,yes,TRIAD_ALLOWED,CELL_QP093A-0151_f_-+-,-+-,010,CELL_QP093A-0151_f_+-+,+-+,101,CELL_QP093A-0151_v_+y;CELL_QP093A-0151_v_-x;CELL_QP093A-0151_v_-z,CELL_QP093A-0151_v_+x;CELL_QP093A-0151_v_+z;CELL_QP093A-0151_v_-y,CELL_QP093A-0151_e_+y_-z;CELL_QP093A-0151_e_-x_+y;CELL_QP093A-0151_e_-x_-z,CELL_QP093A-0151_e_+x_+z;CELL_QP093A-0151_e_+x_-y;CELL_QP093A-0151_e_-y_+z,true,true,true,true,OPEN_NO_UNIT_MAPPING,OPEN_CONVENTIONAL_ENGINEERING_INPUT,UNEMITTED_CR286_GATE,false,false
CELL_QP093A-0151_GATE_011_TO_100,CELL_QP093A-0151_PAIR_011_100,CELL_QP093A-0151,QP093A-0151,2+2+2,yes,TRIAD_ALLOWED,CELL_QP093A-0151_f_-++,-++,011,CELL_QP093A-0151_f_+--,+--,100,CELL_QP093A-0151_v_+y;CELL_QP093A-0151_v_+z;CELL_QP093A-0151_v_-x,CELL_QP093A-0151_v_+x;CELL_QP093A-0151_v_-y;CELL_QP093A-0151_v_-z,CELL_QP093A-0151_e_+y_+z;CELL_QP093A-0151_e_-x_+y;CELL_QP093A-0151_e_-x_+z,CELL_QP093A-0151_e_+x_-y;CELL_QP093A-0151_e_+x_-z;CELL_QP093A-0151_e_-y_-z,true,true,true,true,OPEN_NO_UNIT_MAPPING,OPEN_CONVENTIONAL_ENGINEERING_INPUT,UNEMITTED_CR286_GATE,false,false
CELL_QP093A-0151_GATE_100_TO_011,CELL_QP093A-0151_PAIR_011_100,CELL_QP093A-0151,QP093A-0151,2+2+2,yes,TRIAD_ALLOWED,CELL_QP093A-0151_f_+--,+--,100,CELL_QP093A-0151_f_-++,-++,011,CELL_QP093A-0151_v_+x;CELL_QP093A-0151_v_-y;CELL_QP093A-0151_v_-z,CELL_QP093A-0151_v_+y;CELL_QP093A-0151_v_+z;CELL_QP093A-0151_v_-x,CELL_QP093A-0151_e_+x_-y;CELL_QP093A-0151_e_+x_-z;CELL_QP093A-0151_e_-y_-z,CELL_QP093A-0151_e_+y_+z;CELL_QP093A-0151_e_-x_+y;CELL_QP093A-0151_e_-x_+z,true,true,true,true,OPEN_NO_UNIT_MAPPING,OPEN_CONVENTIONAL_ENGINEERING_INPUT,UNEMITTED_CR286_GATE,false,false
CELL_QP093A-0151_GATE_101_TO_010,CELL_QP093A-0151_PAIR_010_101,CELL_QP093A-0151,QP093A-0151,2+2+2,yes,TRIAD_ALLOWED,CELL_QP093A-0151_f_+-+,+-+,101,CELL_QP093A-0151_f_-+-,-+-,010,CELL_QP093A-0151_v_+x;CELL_QP093A-0151_v_+z;CELL_QP093A-0151_v_-y,CELL_QP093A-0151_v_+y;CELL_QP093A-0151_v_-x;CELL_QP093A-0151_v_-z,CELL_QP093A-0151_e_+x_+z;CELL_QP093A-0151_e_+x_-y;CELL_QP093A-0151_e_-y_+z,CELL_QP093A-0151_e_+y_-z;CELL_QP093A-0151_e_-x_+y;CELL_QP093A-0151_e_-x_-z,true,true,true,true,OPEN_NO_UNIT_MAPPING,OPEN_CONVENTIONAL_ENGINEERING_INPUT,UNEMITTED_CR286_GATE,false,false
CELL_QP093A-0151_GATE_110_TO_001,CELL_QP093A-0151_PAIR_001_110,CELL_QP093A-0151,QP093A-0151,2+2+2,yes,TRIAD_ALLOWED,CELL_QP093A-0151_f_++-,++-,110,CELL_QP093A-0151_f_--+,--+,001,CELL_QP093A-0151_v_+x;CELL_QP093A-0151_v_+y;CELL_QP093A-0151_v_-z,CELL_QP093A-0151_v_+z;CELL_QP093A-0151_v_-x;CELL_QP093A-0151_v_-y,CELL_QP093A-0151_e_+x_+y;CELL_QP093A-0151_e_+x_-z;CELL_QP093A-0151_e_+y_-z,CELL_QP093A-0151_e_-x_+z;CELL_QP093A-0151_e_-x_-y;CELL_QP093A-0151_e_-y_+z,true,true,true,true,OPEN_NO_UNIT_MAPPING,OPEN_CONVENTIONAL_ENGINEERING_INPUT,UNEMITTED_CR286_GATE,false,false
CELL_QP093A-0151_GATE_111_TO_000,CELL_QP093A-0151_PAIR_000_111,CELL_QP093A-0151,QP093A-0151,2+2+2,yes,TRIAD_ALLOWED,CELL_QP093A-0151_f_+++,+++,111,CELL_QP093A-0151_f_---,---,000,CELL_QP093A-0151_v_+x;CELL_QP093A-0151_v_+y;CELL_QP093A-0151_v_+z,CELL_QP093A-0151_v_-x;CELL_QP093A-0151_v_-y;CELL_QP093A-0151_v_-z,CELL_QP093A-0151_e_+x_+y;CELL_QP093A-0151_e_+x_+z;CELL_QP093A-0151_e_+y_+z,CELL_QP093A-0151_e_-x_-y;CELL_QP093A-0151_e_-x_-z;CELL_QP093A-0151_e_-y_-z,true,true,true,true,OPEN_NO_UNIT_MAPPING,OPEN_CONVENTIONAL_ENGINEERING_INPUT,UNEMITTED_CR286_GATE,false,false
CELL_QP093A-0152_GATE_000_TO_111,CELL_QP093A-0152_PAIR_000_111,CELL_QP093A-0152,QP093A-0152,2+2+3,yes,TRIAD_ALLOWED,CELL_QP093A-0152_f_---,---,000,CELL_QP093A-0152_f_+++,+++,111,CELL_QP093A-0152_v_-x;CELL_QP093A-0152_v_-y;CELL_QP093A-0152_v_-z,CELL_QP093A-0152_v_+x;CELL_QP093A-0152_v_+y;CELL_QP093A-0152_v_+z,CELL_QP093A-0152_e_-x_-y;CELL_QP093A-0152_e_-x_-z;CELL_QP093A-0152_e_-y_-z,CELL_QP093A-0152_e_+x_+y;CELL_QP093A-0152_e_+x_+z;CELL_QP093A-0152_e_+y_+z,true,true,true,true,OPEN_NO_UNIT_MAPPING,OPEN_CONVENTIONAL_ENGINEERING_INPUT,UNEMITTED_CR286_GATE,false,false
CELL_QP093A-0152_GATE_001_TO_110,CELL_QP093A-0152_PAIR_001_110,CELL_QP093A-0152,QP093A-0152,2+2+3,yes,TRIAD_ALLOWED,CELL_QP093A-0152_f_--+,--+,001,CELL_QP093A-0152_f_++-,++-,110,CELL_QP093A-0152_v_+z;CELL_QP093A-0152_v_-x;CELL_QP093A-0152_v_-y,CELL_QP093A-0152_v_+x;CELL_QP093A-0152_v_+y;CELL_QP093A-0152_v_-z,CELL_QP093A-0152_e_-x_+z;CELL_QP093A-0152_e_-x_-y;CELL_QP093A-0152_e_-y_+z,CELL_QP093A-0152_e_+x_+y;CELL_QP093A-0152_e_+x_-z;CELL_QP093A-0152_e_+y_-z,true,true,true,true,OPEN_NO_UNIT_MAPPING,OPEN_CONVENTIONAL_ENGINEERING_INPUT,UNEMITTED_CR286_GATE,false,false
CELL_QP093A-0152_GATE_010_TO_101,CELL_QP093A-0152_PAIR_010_101,CELL_QP093A-0152,QP093A-0152,2+2+3,yes,TRIAD_ALLOWED,CELL_QP093A-0152_f_-+-,-+-,010,CELL_QP093A-0152_f_+-+,+-+,101,CELL_QP093A-0152_v_+y;CELL_QP093A-0152_v_-x;CELL_QP093A-0152_v_-z,CELL_QP093A-0152_v_+x;CELL_QP093A-0152_v_+z;CELL_QP093A-0152_v_-y,CELL_QP093A-0152_e_+y_-z;CELL_QP093A-0152_e_-x_+y;CELL_QP093A-0152_e_-x_-z,CELL_QP093A-0152_e_+x_+z;CELL_QP093A-0152_e_+x_-y;CELL_QP093A-0152_e_-y_+z,true,true,true,true,OPEN_NO_UNIT_MAPPING,OPEN_CONVENTIONAL_ENGINEERING_INPUT,UNEMITTED_CR286_GATE,false,false
CELL_QP093A-0152_GATE_011_TO_100,CELL_QP093A-0152_PAIR_011_100,CELL_QP093A-0152,QP093A-0152,2+2+3,yes,TRIAD_ALLOWED,CELL_QP093A-0152_f_-++,-++,011,CELL_QP093A-0152_f_+--,+--,100,CELL_QP093A-0152_v_+y;CELL_QP093A-0152_v_+z;CELL_QP093A-0152_v_-x,CELL_QP093A-0152_v_+x;CELL_QP093A-0152_v_-y;CELL_QP093A-0152_v_-z,CELL_QP093A-0152_e_+y_+z;CELL_QP093A-0152_e_-x_+y;CELL_QP093A-0152_e_-x_+z,CELL_QP093A-0152_e_+x_-y;CELL_QP093A-0152_e_+x_-z;CELL_QP093A-0152_e_-y_-z,true,true,true,true,OPEN_NO_UNIT_MAPPING,OPEN_CONVENTIONAL_ENGINEERING_INPUT,UNEMITTED_CR286_GATE,false,false
CELL_QP093A-0152_GATE_100_TO_011,CELL_QP093A-0152_PAIR_011_100,CELL_QP093A-0152,QP093A-0152,2+2+3,yes,TRIAD_ALLOWED,CELL_QP093A-0152_f_+--,+--,100,CELL_QP093A-0152_f_-++,-++,011,CELL_QP093A-0152_v_+x;CELL_QP093A-0152_v_-y;CELL_QP093A-0152_v_-z,CELL_QP093A-0152_v_+y;CELL_QP093A-0152_v_+z;CELL_QP093A-0152_v_-x,CELL_QP093A-0152_e_+x_-y;CELL_QP093A-0152_e_+x_-z;CELL_QP093A-0152_e_-y_-z,CELL_QP093A-0152_e_+y_+z;CELL_QP093A-0152_e_-x_+y;CELL_QP093A-0152_e_-x_+z,true,true,true,true,OPEN_NO_UNIT_MAPPING,OPEN_CONVENTIONAL_ENGINEERING_INPUT,UNEMITTED_CR286_GATE,false,false
CELL_QP093A-0152_GATE_101_TO_010,CELL_QP093A-0152_PAIR_010_101,CELL_QP093A-0152,QP093A-0152,2+2+3,yes,TRIAD_ALLOWED,CELL_QP093A-0152_f_+-+,+-+,101,CELL_QP093A-0152_f_-+-,-+-,010,CELL_QP093A-0152_v_+x;CELL_QP093A-0152_v_+z;CELL_QP093A-0152_v_-y,CELL_QP093A-0152_v_+y;CELL_QP093A-0152_v_-x;CELL_QP093A-0152_v_-z,CELL_QP093A-0152_e_+x_+z;CELL_QP093A-0152_e_+x_-y;CELL_QP093A-0152_e_-y_+z,CELL_QP093A-0152_e_+y_-z;CELL_QP093A-0152_e_-x_+y;CELL_QP093A-0152_e_-x_-z,true,true,true,true,OPEN_NO_UNIT_MAPPING,OPEN_CONVENTIONAL_ENGINEERING_INPUT,UNEMITTED_CR286_GATE,false,false
CELL_QP093A-0152_GATE_110_TO_001,CELL_QP093A-0152_PAIR_001_110,CELL_QP093A-0152,QP093A-0152,2+2+3,yes,TRIAD_ALLOWED,CELL_QP093A-0152_f_++-,++-,110,CELL_QP093A-0152_f_--+,--+,001,CELL_QP093A-0152_v_+x;CELL_QP093A-0152_v_+y;CELL_QP093A-0152_v_-z,CELL_QP093A-0152_v_+z;CELL_QP093A-0152_v_-x;CELL_QP093A-0152_v_-y,CELL_QP093A-0152_e_+x_+y;CELL_QP093A-0152_e_+x_-z;CELL_QP093A-0152_e_+y_-z,CELL_QP093A-0152_e_-x_+z;CELL_QP093A-0152_e_-x_-y;CELL_QP093A-0152_e_-y_+z,true,true,true,true,OPEN_NO_UNIT_MAPPING,OPEN_CONVENTIONAL_ENGINEERING_INPUT,UNEMITTED_CR286_GATE,false,false
CELL_QP093A-0152_GATE_111_TO_000,CELL_QP093A-0152_PAIR_000_111,CELL_QP093A-0152,QP093A-0152,2+2+3,yes,TRIAD_ALLOWED,CELL_QP093A-0152_f_+++,+++,111,CELL_QP093A-0152_f_---,---,000,CELL_QP093A-0152_v_+x;CELL_QP093A-0152_v_+y;CELL_QP093A-0152_v_+z,CELL_QP093A-0152_v_-x;CELL_QP093A-0152_v_-y;CELL_QP093A-0152_v_-z,CELL_QP093A-0152_e_+x_+y;CELL_QP093A-0152_e_+x_+z;CELL_QP093A-0152_e_+y_+z,CELL_QP093A-0152_e_-x_-y;CELL_QP093A-0152_e_-x_-z;CELL_QP093A-0152_e_-y_-z,true,true,true,true,OPEN_NO_UNIT_MAPPING,OPEN_CONVENTIONAL_ENGINEERING_INPUT,UNEMITTED_CR286_GATE,false,false
CELL_QP093A-0153_GATE_000_TO_111,CELL_QP093A-0153_PAIR_000_111,CELL_QP093A-0153,QP093A-0153,2+2+4,yes,TRIAD_ALLOWED,CELL_QP093A-0153_f_---,---,000,CELL_QP093A-0153_f_+++,+++,111,CELL_QP093A-0153_v_-x;CELL_QP093A-0153_v_-y;CELL_QP093A-0153_v_-z,CELL_QP093A-0153_v_+x;CELL_QP093A-0153_v_+y;CELL_QP093A-0153_v_+z,CELL_QP093A-0153_e_-x_-y;CELL_QP093A-0153_e_-x_-z;CELL_QP093A-0153_e_-y_-z,CELL_QP093A-0153_e_+x_+y;CELL_QP093A-0153_e_+x_+z;CELL_QP093A-0153_e_+y_+z,true,true,true,true,OPEN_NO_UNIT_MAPPING,OPEN_CONVENTIONAL_ENGINEERING_INPUT,UNEMITTED_CR286_GATE,false,false
CELL_QP093A-0153_GATE_001_TO_110,CELL_QP093A-0153_PAIR_001_110,CELL_QP093A-0153,QP093A-0153,2+2+4,yes,TRIAD_ALLOWED,CELL_QP093A-0153_f_--+,--+,001,CELL_QP093A-0153_f_++-,++-,110,CELL_QP093A-0153_v_+z;CELL_QP093A-0153_v_-x;CELL_QP093A-0153_v_-y,CELL_QP093A-0153_v_+x;CELL_QP093A-0153_v_+y;CELL_QP093A-0153_v_-z,CELL_QP093A-0153_e_-x_+z;CELL_QP093A-0153_e_-x_-y;CELL_QP093A-0153_e_-y_+z,CELL_QP093A-0153_e_+x_+y;CELL_QP093A-0153_e_+x_-z;CELL_QP093A-0153_e_+y_-z,true,true,true,true,OPEN_NO_UNIT_MAPPING,OPEN_CONVENTIONAL_ENGINEERING_INPUT,UNEMITTED_CR286_GATE,false,false
CELL_QP093A-0153_GATE_010_TO_101,CELL_QP093A-0153_PAIR_010_101,CELL_QP093A-0153,QP093A-0153,2+2+4,yes,TRIAD_ALLOWED,CELL_QP093A-0153_f_-+-,-+-,010,CELL_QP093A-0153_f_+-+,+-+,101,CELL_QP093A-0153_v_+y;CELL_QP093A-0153_v_-x;CELL_QP093A-0153_v_-z,CELL_QP093A-0153_v_+x;CELL_QP093A-0153_v_+z;CELL_QP093A-0153_v_-y,CELL_QP093A-0153_e_+y_-z;CELL_QP093A-0153_e_-x_+y;CELL_QP093A-0153_e_-x_-z,CELL_QP093A-0153_e_+x_+z;CELL_QP093A-0153_e_+x_-y;CELL_QP093A-0153_e_-y_+z,true,true,true,true,OPEN_NO_UNIT_MAPPING,OPEN_CONVENTIONAL_ENGINEERING_INPUT,UNEMITTED_CR286_GATE,false,false
CELL_QP093A-0153_GATE_011_TO_100,CELL_QP093A-0153_PAIR_011_100,CELL_QP093A-0153,QP093A-0153,2+2+4,yes,TRIAD_ALLOWED,CELL_QP093A-0153_f_-++,-++,011,CELL_QP093A-0153_f_+--,+--,100,CELL_QP093A-0153_v_+y;CELL_QP093A-0153_v_+z;CELL_QP093A-0153_v_-x,CELL_QP093A-0153_v_+x;CELL_QP093A-0153_v_-y;CELL_QP093A-0153_v_-z,CELL_QP093A-0153_e_+y_+z;CELL_QP093A-0153_e_-x_+y;CELL_QP093A-0153_e_-x_+z,CELL_QP093A-0153_e_+x_-y;CELL_QP093A-0153_e_+x_-z;CELL_QP093A-0153_e_-y_-z,true,true,true,true,OPEN_NO_UNIT_MAPPING,OPEN_CONVENTIONAL_ENGINEERING_INPUT,UNEMITTED_CR286_GATE,false,false
CELL_QP093A-0153_GATE_100_TO_011,CELL_QP093A-0153_PAIR_011_100,CELL_QP093A-0153,QP093A-0153,2+2+4,yes,TRIAD_ALLOWED,CELL_QP093A-0153_f_+--,+--,100,CELL_QP093A-0153_f_-++,-++,011,CELL_QP093A-0153_v_+x;CELL_QP093A-0153_v_-y;CELL_QP093A-0153_v_-z,CELL_QP093A-0153_v_+y;CELL_QP093A-0153_v_+z;CELL_QP093A-0153_v_-x,CELL_QP093A-0153_e_+x_-y;CELL_QP093A-0153_e_+x_-z;CELL_QP093A-0153_e_-y_-z,CELL_QP093A-0153_e_+y_+z;CELL_QP093A-0153_e_-x_+y;CELL_QP093A-0153_e_-x_+z,true,true,true,true,OPEN_NO_UNIT_MAPPING,OPEN_CONVENTIONAL_ENGINEERING_INPUT,UNEMITTED_CR286_GATE,false,false
CELL_QP093A-0153_GATE_101_TO_010,CELL_QP093A-0153_PAIR_010_101,CELL_QP093A-0153,QP093A-0153,2+2+4,yes,TRIAD_ALLOWED,CELL_QP093A-0153_f_+-+,+-+,101,CELL_QP093A-0153_f_-+-,-+-,010,CELL_QP093A-0153_v_+x;CELL_QP093A-0153_v_+z;CELL_QP093A-0153_v_-y,CELL_QP093A-0153_v_+y;CELL_QP093A-0153_v_-x;CELL_QP093A-0153_v_-z,CELL_QP093A-0153_e_+x_+z;CELL_QP093A-0153_e_+x_-y;CELL_QP093A-0153_e_-y_+z,CELL_QP093A-0153_e_+y_-z;CELL_QP093A-0153_e_-x_+y;CELL_QP093A-0153_e_-x_-z,true,true,true,true,OPEN_NO_UNIT_MAPPING,OPEN_CONVENTIONAL_ENGINEERING_INPUT,UNEMITTED_CR286_GATE,false,false
CELL_QP093A-0153_GATE_110_TO_001,CELL_QP093A-0153_PAIR_001_110,CELL_QP093A-0153,QP093A-0153,2+2+4,yes,TRIAD_ALLOWED,CELL_QP093A-0153_f_++-,++-,110,CELL_QP093A-0153_f_--+,--+,001,CELL_QP093A-0153_v_+x;CELL_QP093A-0153_v_+y;CELL_QP093A-0153_v_-z,CELL_QP093A-0153_v_+z;CELL_QP093A-0153_v_-x;CELL_QP093A-0153_v_-y,CELL_QP093A-0153_e_+x_+y;CELL_QP093A-0153_e_+x_-z;CELL_QP093A-0153_e_+y_-z,CELL_QP093A-0153_e_-x_+z;CELL_QP093A-0153_e_-x_-y;CELL_QP093A-0153_e_-y_+z,true,true,true,true,OPEN_NO_UNIT_MAPPING,OPEN_CONVENTIONAL_ENGINEERING_INPUT,UNEMITTED_CR286_GATE,false,false
CELL_QP093A-0153_GATE_111_TO_000,CELL_QP093A-0153_PAIR_000_111,CELL_QP093A-0153,QP093A-0153,2+2+4,yes,TRIAD_ALLOWED,CELL_QP093A-0153_f_+++,+++,111,CELL_QP093A-0153_f_---,---,000,CELL_QP093A-0153_v_+x;CELL_QP093A-0153_v_+y;CELL_QP093A-0153_v_+z,CELL_QP093A-0153_v_-x;CELL_QP093A-0153_v_-y;CELL_QP093A-0153_v_-z,CELL_QP093A-0153_e_+x_+y;CELL_QP093A-0153_e_+x_+z;CELL_QP093A-0153_e_+y_+z,CELL_QP093A-0153_e_-x_-y;CELL_QP093A-0153_e_-x_-z;CELL_QP093A-0153_e_-y_-z,true,true,true,true,OPEN_NO_UNIT_MAPPING,OPEN_CONVENTIONAL_ENGINEERING_INPUT,UNEMITTED_CR286_GATE,false,false
CELL_QP093A-0154_GATE_000_TO_111,CELL_QP093A-0154_PAIR_000_111,CELL_QP093A-0154,QP093A-0154,2+2+6,yes,TRIAD_ALLOWED,CELL_QP093A-0154_f_---,---,000,CELL_QP093A-0154_f_+++,+++,111,CELL_QP093A-0154_v_-x;CELL_QP093A-0154_v_-y;CELL_QP093A-0154_v_-z,CELL_QP093A-0154_v_+x;CELL_QP093A-0154_v_+y;CELL_QP093A-0154_v_+z,CELL_QP093A-0154_e_-x_-y;CELL_QP093A-0154_e_-x_-z;CELL_QP093A-0154_e_-y_-z,CELL_QP093A-0154_e_+x_+y;CELL_QP093A-0154_e_+x_+z;CELL_QP093A-0154_e_+y_+z,true,true,true,true,OPEN_NO_UNIT_MAPPING,OPEN_CONVENTIONAL_ENGINEERING_INPUT,UNEMITTED_CR286_GATE,false,false
CELL_QP093A-0154_GATE_001_TO_110,CELL_QP093A-0154_PAIR_001_110,CELL_QP093A-0154,QP093A-0154,2+2+6,yes,TRIAD_ALLOWED,CELL_QP093A-0154_f_--+,--+,001,CELL_QP093A-0154_f_++-,++-,110,CELL_QP093A-0154_v_+z;CELL_QP093A-0154_v_-x;CELL_QP093A-0154_v_-y,CELL_QP093A-0154_v_+x;CELL_QP093A-0154_v_+y;CELL_QP093A-0154_v_-z,CELL_QP093A-0154_e_-x_+z;CELL_QP093A-0154_e_-x_-y;CELL_QP093A-0154_e_-y_+z,CELL_QP093A-0154_e_+x_+y;CELL_QP093A-0154_e_+x_-z;CELL_QP093A-0154_e_+y_-z,true,true,true,true,OPEN_NO_UNIT_MAPPING,OPEN_CONVENTIONAL_ENGINEERING_INPUT,UNEMITTED_CR286_GATE,false,false
CELL_QP093A-0154_GATE_010_TO_101,CELL_QP093A-0154_PAIR_010_101,CELL_QP093A-0154,QP093A-0154,2+2+6,yes,TRIAD_ALLOWED,CELL_QP093A-0154_f_-+-,-+-,010,CELL_QP093A-0154_f_+-+,+-+,101,CELL_QP093A-0154_v_+y;CELL_QP093A-0154_v_-x;CELL_QP093A-0154_v_-z,CELL_QP093A-0154_v_+x;CELL_QP093A-0154_v_+z;CELL_QP093A-0154_v_-y,CELL_QP093A-0154_e_+y_-z;CELL_QP093A-0154_e_-x_+y;CELL_QP093A-0154_e_-x_-z,CELL_QP093A-0154_e_+x_+z;CELL_QP093A-0154_e_+x_-y;CELL_QP093A-0154_e_-y_+z,true,true,true,true,OPEN_NO_UNIT_MAPPING,OPEN_CONVENTIONAL_ENGINEERING_INPUT,UNEMITTED_CR286_GATE,false,false
CELL_QP093A-0154_GATE_011_TO_100,CELL_QP093A-0154_PAIR_011_100,CELL_QP093A-0154,QP093A-0154,2+2+6,yes,TRIAD_ALLOWED,CELL_QP093A-0154_f_-++,-++,011,CELL_QP093A-0154_f_+--,+--,100,CELL_QP093A-0154_v_+y;CELL_QP093A-0154_v_+z;CELL_QP093A-0154_v_-x,CELL_QP093A-0154_v_+x;CELL_QP093A-0154_v_-y;CELL_QP093A-0154_v_-z,CELL_QP093A-0154_e_+y_+z;CELL_QP093A-0154_e_-x_+y;CELL_QP093A-0154_e_-x_+z,CELL_QP093A-0154_e_+x_-y;CELL_QP093A-0154_e_+x_-z;CELL_QP093A-0154_e_-y_-z,true,true,true,true,OPEN_NO_UNIT_MAPPING,OPEN_CONVENTIONAL_ENGINEERING_INPUT,UNEMITTED_CR286_GATE,false,false
CELL_QP093A-0154_GATE_100_TO_011,CELL_QP093A-0154_PAIR_011_100,CELL_QP093A-0154,QP093A-0154,2+2+6,yes,TRIAD_ALLOWED,CELL_QP093A-0154_f_+--,+--,100,CELL_QP093A-0154_f_-++,-++,011,CELL_QP093A-0154_v_+x;CELL_QP093A-0154_v_-y;CELL_QP093A-0154_v_-z,CELL_QP093A-0154_v_+y;CELL_QP093A-0154_v_+z;CELL_QP093A-0154_v_-x,CELL_QP093A-0154_e_+x_-y;CELL_QP093A-0154_e_+x_-z;CELL_QP093A-0154_e_-y_-z,CELL_QP093A-0154_e_+y_+z;CELL_QP093A-0154_e_-x_+y;CELL_QP093A-0154_e_-x_+z,true,true,true,true,OPEN_NO_UNIT_MAPPING,OPEN_CONVENTIONAL_ENGINEERING_INPUT,UNEMITTED_CR286_GATE,false,false
CELL_QP093A-0154_GATE_101_TO_010,CELL_QP093A-0154_PAIR_010_101,CELL_QP093A-0154,QP093A-0154,2+2+6,yes,TRIAD_ALLOWED,CELL_QP093A-0154_f_+-+,+-+,101,CELL_QP093A-0154_f_-+-,-+-,010,CELL_QP093A-0154_v_+x;CELL_QP093A-0154_v_+z;CELL_QP093A-0154_v_-y,CELL_QP093A-0154_v_+y;CELL_QP093A-0154_v_-x;CELL_QP093A-0154_v_-z,CELL_QP093A-0154_e_+x_+z;CELL_QP093A-0154_e_+x_-y;CELL_QP093A-0154_e_-y_+z,CELL_QP093A-0154_e_+y_-z;CELL_QP093A-0154_e_-x_+y;CELL_QP093A-0154_e_-x_-z,true,true,true,true,OPEN_NO_UNIT_MAPPING,OPEN_CONVENTIONAL_ENGINEERING_INPUT,UNEMITTED_CR286_GATE,false,false
CELL_QP093A-0154_GATE_110_TO_001,CELL_QP093A-0154_PAIR_001_110,CELL_QP093A-0154,QP093A-0154,2+2+6,yes,TRIAD_ALLOWED,CELL_QP093A-0154_f_++-,++-,110,CELL_QP093A-0154_f_--+,--+,001,CELL_QP093A-0154_v_+x;CELL_QP093A-0154_v_+y;CELL_QP093A-0154_v_-z,CELL_QP093A-0154_v_+z;CELL_QP093A-0154_v_-x;CELL_QP093A-0154_v_-y,CELL_QP093A-0154_e_+x_+y;CELL_QP093A-0154_e_+x_-z;CELL_QP093A-0154_e_+y_-z,CELL_QP093A-0154_e_-x_+z;CELL_QP093A-0154_e_-x_-y;CELL_QP093A-0154_e_-y_+z,true,true,true,true,OPEN_NO_UNIT_MAPPING,OPEN_CONVENTIONAL_ENGINEERING_INPUT,UNEMITTED_CR286_GATE,false,false
CELL_QP093A-0154_GATE_111_TO_000,CELL_QP093A-0154_PAIR_000_111,CELL_QP093A-0154,QP093A-0154,2+2+6,yes,TRIAD_ALLOWED,CELL_QP093A-0154_f_+++,+++,111,CELL_QP093A-0154_f_---,---,000,CELL_QP093A-0154_v_+x;CELL_QP093A-0154_v_+y;CELL_QP093A-0154_v_+z,CELL_QP093A-0154_v_-x;CELL_QP093A-0154_v_-y;CELL_QP093A-0154_v_-z,CELL_QP093A-0154_e_+x_+y;CELL_QP093A-0154_e_+x_+z;CELL_QP093A-0154_e_+y_+z,CELL_QP093A-0154_e_-x_-y;CELL_QP093A-0154_e_-x_-z;CELL_QP093A-0154_e_-y_-z,true,true,true,true,OPEN_NO_UNIT_MAPPING,OPEN_CONVENTIONAL_ENGINEERING_INPUT,UNEMITTED_CR286_GATE,false,false
CELL_QP093A-0155_GATE_000_TO_111,CELL_QP093A-0155_PAIR_000_111,CELL_QP093A-0155,QP093A-0155,2+2+8,yes,TRIAD_ALLOWED,CELL_QP093A-0155_f_---,---,000,CELL_QP093A-0155_f_+++,+++,111,CELL_QP093A-0155_v_-x;CELL_QP093A-0155_v_-y;CELL_QP093A-0155_v_-z,CELL_QP093A-0155_v_+x;CELL_QP093A-0155_v_+y;CELL_QP093A-0155_v_+z,CELL_QP093A-0155_e_-x_-y;CELL_QP093A-0155_e_-x_-z;CELL_QP093A-0155_e_-y_-z,CELL_QP093A-0155_e_+x_+y;CELL_QP093A-0155_e_+x_+z;CELL_QP093A-0155_e_+y_+z,true,true,true,true,OPEN_NO_UNIT_MAPPING,OPEN_CONVENTIONAL_ENGINEERING_INPUT,UNEMITTED_CR286_GATE,false,false
CELL_QP093A-0155_GATE_001_TO_110,CELL_QP093A-0155_PAIR_001_110,CELL_QP093A-0155,QP093A-0155,2+2+8,yes,TRIAD_ALLOWED,CELL_QP093A-0155_f_--+,--+,001,CELL_QP093A-0155_f_++-,++-,110,CELL_QP093A-0155_v_+z;CELL_QP093A-0155_v_-x;CELL_QP093A-0155_v_-y,CELL_QP093A-0155_v_+x;CELL_QP093A-0155_v_+y;CELL_QP093A-0155_v_-z,CELL_QP093A-0155_e_-x_+z;CELL_QP093A-0155_e_-x_-y;CELL_QP093A-0155_e_-y_+z,CELL_QP093A-0155_e_+x_+y;CELL_QP093A-0155_e_+x_-z;CELL_QP093A-0155_e_+y_-z,true,true,true,true,OPEN_NO_UNIT_MAPPING,OPEN_CONVENTIONAL_ENGINEERING_INPUT,UNEMITTED_CR286_GATE,false,false
CELL_QP093A-0155_GATE_010_TO_101,CELL_QP093A-0155_PAIR_010_101,CELL_QP093A-0155,QP093A-0155,2+2+8,yes,TRIAD_ALLOWED,CELL_QP093A-0155_f_-+-,-+-,010,CELL_QP093A-0155_f_+-+,+-+,101,CELL_QP093A-0155_v_+y;CELL_QP093A-0155_v_-x;CELL_QP093A-0155_v_-z,CELL_QP093A-0155_v_+x;CELL_QP093A-0155_v_+z;CELL_QP093A-0155_v_-y,CELL_QP093A-0155_e_+y_-z;CELL_QP093A-0155_e_-x_+y;CELL_QP093A-0155_e_-x_-z,CELL_QP093A-0155_e_+x_+z;CELL_QP093A-0155_e_+x_-y;CELL_QP093A-0155_e_-y_+z,true,true,true,true,OPEN_NO_UNIT_MAPPING,OPEN_CONVENTIONAL_ENGINEERING_INPUT,UNEMITTED_CR286_GATE,false,false
CELL_QP093A-0155_GATE_011_TO_100,CELL_QP093A-0155_PAIR_011_100,CELL_QP093A-0155,QP093A-0155,2+2+8,yes,TRIAD_ALLOWED,CELL_QP093A-0155_f_-++,-++,011,CELL_QP093A-0155_f_+--,+--,100,CELL_QP093A-0155_v_+y;CELL_QP093A-0155_v_+z;CELL_QP093A-0155_v_-x,CELL_QP093A-0155_v_+x;CELL_QP093A-0155_v_-y;CELL_QP093A-0155_v_-z,CELL_QP093A-0155_e_+y_+z;CELL_QP093A-0155_e_-x_+y;CELL_QP093A-0155_e_-x_+z,CELL_QP093A-0155_e_+x_-y;CELL_QP093A-0155_e_+x_-z;CELL_QP093A-0155_e_-y_-z,true,true,true,true,OPEN_NO_UNIT_MAPPING,OPEN_CONVENTIONAL_ENGINEERING_INPUT,UNEMITTED_CR286_GATE,false,false
CELL_QP093A-0155_GATE_100_TO_011,CELL_QP093A-0155_PAIR_011_100,CELL_QP093A-0155,QP093A-0155,2+2+8,yes,TRIAD_ALLOWED,CELL_QP093A-0155_f_+--,+--,100,CELL_QP093A-0155_f_-++,-++,011,CELL_QP093A-0155_v_+x;CELL_QP093A-0155_v_-y;CELL_QP093A-0155_v_-z,CELL_QP093A-0155_v_+y;CELL_QP093A-0155_v_+z;CELL_QP093A-0155_v_-x,CELL_QP093A-0155_e_+x_-y;CELL_QP093A-0155_e_+x_-z;CELL_QP093A-0155_e_-y_-z,CELL_QP093A-0155_e_+y_+z;CELL_QP093A-0155_e_-x_+y;CELL_QP093A-0155_e_-x_+z,true,true,true,true,OPEN_NO_UNIT_MAPPING,OPEN_CONVENTIONAL_ENGINEERING_INPUT,UNEMITTED_CR286_GATE,false,false
CELL_QP093A-0155_GATE_101_TO_010,CELL_QP093A-0155_PAIR_010_101,CELL_QP093A-0155,QP093A-0155,2+2+8,yes,TRIAD_ALLOWED,CELL_QP093A-0155_f_+-+,+-+,101,CELL_QP093A-0155_f_-+-,-+-,010,CELL_QP093A-0155_v_+x;CELL_QP093A-0155_v_+z;CELL_QP093A-0155_v_-y,CELL_QP093A-0155_v_+y;CELL_QP093A-0155_v_-x;CELL_QP093A-0155_v_-z,CELL_QP093A-0155_e_+x_+z;CELL_QP093A-0155_e_+x_-y;CELL_QP093A-0155_e_-y_+z,CELL_QP093A-0155_e_+y_-z;CELL_QP093A-0155_e_-x_+y;CELL_QP093A-0155_e_-x_-z,true,true,true,true,OPEN_NO_UNIT_MAPPING,OPEN_CONVENTIONAL_ENGINEERING_INPUT,UNEMITTED_CR286_GATE,false,false
CELL_QP093A-0155_GATE_110_TO_001,CELL_QP093A-0155_PAIR_001_110,CELL_QP093A-0155,QP093A-0155,2+2+8,yes,TRIAD_ALLOWED,CELL_QP093A-0155_f_++-,++-,110,CELL_QP093A-0155_f_--+,--+,001,CELL_QP093A-0155_v_+x;CELL_QP093A-0155_v_+y;CELL_QP093A-0155_v_-z,CELL_QP093A-0155_v_+z;CELL_QP093A-0155_v_-x;CELL_QP093A-0155_v_-y,CELL_QP093A-0155_e_+x_+y;CELL_QP093A-0155_e_+x_-z;CELL_QP093A-0155_e_+y_-z,CELL_QP093A-0155_e_-x_+z;CELL_QP093A-0155_e_-x_-y;CELL_QP093A-0155_e_-y_+z,true,true,true,true,OPEN_NO_UNIT_MAPPING,OPEN_CONVENTIONAL_ENGINEERING_INPUT,UNEMITTED_CR286_GATE,false,false
CELL_QP093A-0155_GATE_111_TO_000,CELL_QP093A-0155_PAIR_000_111,CELL_QP093A-0155,QP093A-0155,2+2+8,yes,TRIAD_ALLOWED,CELL_QP093A-0155_f_+++,+++,111,CELL_QP093A-0155_f_---,---,000,CELL_QP093A-0155_v_+x;CELL_QP093A-0155_v_+y;CELL_QP093A-0155_v_+z,CELL_QP093A-0155_v_-x;CELL_QP093A-0155_v_-y;CELL_QP093A-0155_v_-z,CELL_QP093A-0155_e_+x_+y;CELL_QP093A-0155_e_+x_+z;CELL_QP093A-0155_e_+y_+z,CELL_QP093A-0155_e_-x_-y;CELL_QP093A-0155_e_-x_-z;CELL_QP093A-0155_e_-y_-z,true,true,true,true,OPEN_NO_UNIT_MAPPING,OPEN_CONVENTIONAL_ENGINEERING_INPUT,UNEMITTED_CR286_GATE,false,false
CELL_QP093A-0156_GATE_000_TO_111,CELL_QP093A-0156_PAIR_000_111,CELL_QP093A-0156,QP093A-0156,2+2+9,yes,TRIAD_ALLOWED,CELL_QP093A-0156_f_---,---,000,CELL_QP093A-0156_f_+++,+++,111,CELL_QP093A-0156_v_-x;CELL_QP093A-0156_v_-y;CELL_QP093A-0156_v_-z,CELL_QP093A-0156_v_+x;CELL_QP093A-0156_v_+y;CELL_QP093A-0156_v_+z,CELL_QP093A-0156_e_-x_-y;CELL_QP093A-0156_e_-x_-z;CELL_QP093A-0156_e_-y_-z,CELL_QP093A-0156_e_+x_+y;CELL_QP093A-0156_e_+x_+z;CELL_QP093A-0156_e_+y_+z,true,true,true,true,OPEN_NO_UNIT_MAPPING,OPEN_CONVENTIONAL_ENGINEERING_INPUT,UNEMITTED_CR286_GATE,false,false
CELL_QP093A-0156_GATE_001_TO_110,CELL_QP093A-0156_PAIR_001_110,CELL_QP093A-0156,QP093A-0156,2+2+9,yes,TRIAD_ALLOWED,CELL_QP093A-0156_f_--+,--+,001,CELL_QP093A-0156_f_++-,++-,110,CELL_QP093A-0156_v_+z;CELL_QP093A-0156_v_-x;CELL_QP093A-0156_v_-y,CELL_QP093A-0156_v_+x;CELL_QP093A-0156_v_+y;CELL_QP093A-0156_v_-z,CELL_QP093A-0156_e_-x_+z;CELL_QP093A-0156_e_-x_-y;CELL_QP093A-0156_e_-y_+z,CELL_QP093A-0156_e_+x_+y;CELL_QP093A-0156_e_+x_-z;CELL_QP093A-0156_e_+y_-z,true,true,true,true,OPEN_NO_UNIT_MAPPING,OPEN_CONVENTIONAL_ENGINEERING_INPUT,UNEMITTED_CR286_GATE,false,false
CELL_QP093A-0156_GATE_010_TO_101,CELL_QP093A-0156_PAIR_010_101,CELL_QP093A-0156,QP093A-0156,2+2+9,yes,TRIAD_ALLOWED,CELL_QP093A-0156_f_-+-,-+-,010,CELL_QP093A-0156_f_+-+,+-+,101,CELL_QP093A-0156_v_+y;CELL_QP093A-0156_v_-x;CELL_QP093A-0156_v_-z,CELL_QP093A-0156_v_+x;CELL_QP093A-0156_v_+z;CELL_QP093A-0156_v_-y,CELL_QP093A-0156_e_+y_-z;CELL_QP093A-0156_e_-x_+y;CELL_QP093A-0156_e_-x_-z,CELL_QP093A-0156_e_+x_+z;CELL_QP093A-0156_e_+x_-y;CELL_QP093A-0156_e_-y_+z,true,true,true,true,OPEN_NO_UNIT_MAPPING,OPEN_CONVENTIONAL_ENGINEERING_INPUT,UNEMITTED_CR286_GATE,false,false
CELL_QP093A-0156_GATE_011_TO_100,CELL_QP093A-0156_PAIR_011_100,CELL_QP093A-0156,QP093A-0156,2+2+9,yes,TRIAD_ALLOWED,CELL_QP093A-0156_f_-++,-++,011,CELL_QP093A-0156_f_+--,+--,100,CELL_QP093A-0156_v_+y;CELL_QP093A-0156_v_+z;CELL_QP093A-0156_v_-x,CELL_QP093A-0156_v_+x;CELL_QP093A-0156_v_-y;CELL_QP093A-0156_v_-z,CELL_QP093A-0156_e_+y_+z;CELL_QP093A-0156_e_-x_+y;CELL_QP093A-0156_e_-x_+z,CELL_QP093A-0156_e_+x_-y;CELL_QP093A-0156_e_+x_-z;CELL_QP093A-0156_e_-y_-z,true,true,true,true,OPEN_NO_UNIT_MAPPING,OPEN_CONVENTIONAL_ENGINEERING_INPUT,UNEMITTED_CR286_GATE,false,false
CELL_QP093A-0156_GATE_100_TO_011,CELL_QP093A-0156_PAIR_011_100,CELL_QP093A-0156,QP093A-0156,2+2+9,yes,TRIAD_ALLOWED,CELL_QP093A-0156_f_+--,+--,100,CELL_QP093A-0156_f_-++,-++,011,CELL_QP093A-0156_v_+x;CELL_QP093A-0156_v_-y;CELL_QP093A-0156_v_-z,CELL_QP093A-0156_v_+y;CELL_QP093A-0156_v_+z;CELL_QP093A-0156_v_-x,CELL_QP093A-0156_e_+x_-y;CELL_QP093A-0156_e_+x_-z;CELL_QP093A-0156_e_-y_-z,CELL_QP093A-0156_e_+y_+z;CELL_QP093A-0156_e_-x_+y;CELL_QP093A-0156_e_-x_+z,true,true,true,true,OPEN_NO_UNIT_MAPPING,OPEN_CONVENTIONAL_ENGINEERING_INPUT,UNEMITTED_CR286_GATE,false,false
CELL_QP093A-0156_GATE_101_TO_010,CELL_QP093A-0156_PAIR_010_101,CELL_QP093A-0156,QP093A-0156,2+2+9,yes,TRIAD_ALLOWED,CELL_QP093A-0156_f_+-+,+-+,101,CELL_QP093A-0156_f_-+-,-+-,010,CELL_QP093A-0156_v_+x;CELL_QP093A-0156_v_+z;CELL_QP093A-0156_v_-y,CELL_QP093A-0156_v_+y;CELL_QP093A-0156_v_-x;CELL_QP093A-0156_v_-z,CELL_QP093A-0156_e_+x_+z;CELL_QP093A-0156_e_+x_-y;CELL_QP093A-0156_e_-y_+z,CELL_QP093A-0156_e_+y_-z;CELL_QP093A-0156_e_-x_+y;CELL_QP093A-0156_e_-x_-z,true,true,true,true,OPEN_NO_UNIT_MAPPING,OPEN_CONVENTIONAL_ENGINEERING_INPUT,UNEMITTED_CR286_GATE,false,false
CELL_QP093A-0156_GATE_110_TO_001,CELL_QP093A-0156_PAIR_001_110,CELL_QP093A-0156,QP093A-0156,2+2+9,yes,TRIAD_ALLOWED,CELL_QP093A-0156_f_++-,++-,110,CELL_QP093A-0156_f_--+,--+,001,CELL_QP093A-0156_v_+x;CELL_QP093A-0156_v_+y;CELL_QP093A-0156_v_-z,CELL_QP093A-0156_v_+z;CELL_QP093A-0156_v_-x;CELL_QP093A-0156_v_-y,CELL_QP093A-0156_e_+x_+y;CELL_QP093A-0156_e_+x_-z;CELL_QP093A-0156_e_+y_-z,CELL_QP093A-0156_e_-x_+z;CELL_QP093A-0156_e_-x_-y;CELL_QP093A-0156_e_-y_+z,true,true,true,true,OPEN_NO_UNIT_MAPPING,OPEN_CONVENTIONAL_ENGINEERING_INPUT,UNEMITTED_CR286_GATE,false,false
CELL_QP093A-0156_GATE_111_TO_000,CELL_QP093A-0156_PAIR_000_111,CELL_QP093A-0156,QP093A-0156,2+2+9,yes,TRIAD_ALLOWED,CELL_QP093A-0156_f_+++,+++,111,CELL_QP093A-0156_f_---,---,000,CELL_QP093A-0156_v_+x;CELL_QP093A-0156_v_+y;CELL_QP093A-0156_v_+z,CELL_QP093A-0156_v_-x;CELL_QP093A-0156_v_-y;CELL_QP093A-0156_v_-z,CELL_QP093A-0156_e_+x_+y;CELL_QP093A-0156_e_+x_+z;CELL_QP093A-0156_e_+y_+z,CELL_QP093A-0156_e_-x_-y;CELL_QP093A-0156_e_-x_-z;CELL_QP093A-0156_e_-y_-z,true,true,true,true,OPEN_NO_UNIT_MAPPING,OPEN_CONVENTIONAL_ENGINEERING_INPUT,UNEMITTED_CR286_GATE,false,false
CELL_QP093A-0157_GATE_000_TO_111,CELL_QP093A-0157_PAIR_000_111,CELL_QP093A-0157,QP093A-0157,2+2+12,yes,TRIAD_ALLOWED,CELL_QP093A-0157_f_---,---,000,CELL_QP093A-0157_f_+++,+++,111,CELL_QP093A-0157_v_-x;CELL_QP093A-0157_v_-y;CELL_QP093A-0157_v_-z,CELL_QP093A-0157_v_+x;CELL_QP093A-0157_v_+y;CELL_QP093A-0157_v_+z,CELL_QP093A-0157_e_-x_-y;CELL_QP093A-0157_e_-x_-z;CELL_QP093A-0157_e_-y_-z,CELL_QP093A-0157_e_+x_+y;CELL_QP093A-0157_e_+x_+z;CELL_QP093A-0157_e_+y_+z,true,true,true,true,OPEN_NO_UNIT_MAPPING,OPEN_CONVENTIONAL_ENGINEERING_INPUT,UNEMITTED_CR286_GATE,false,false
CELL_QP093A-0157_GATE_001_TO_110,CELL_QP093A-0157_PAIR_001_110,CELL_QP093A-0157,QP093A-0157,2+2+12,yes,TRIAD_ALLOWED,CELL_QP093A-0157_f_--+,--+,001,CELL_QP093A-0157_f_++-,++-,110,CELL_QP093A-0157_v_+z;CELL_QP093A-0157_v_-x;CELL_QP093A-0157_v_-y,CELL_QP093A-0157_v_+x;CELL_QP093A-0157_v_+y;CELL_QP093A-0157_v_-z,CELL_QP093A-0157_e_-x_+z;CELL_QP093A-0157_e_-x_-y;CELL_QP093A-0157_e_-y_+z,CELL_QP093A-0157_e_+x_+y;CELL_QP093A-0157_e_+x_-z;CELL_QP093A-0157_e_+y_-z,true,true,true,true,OPEN_NO_UNIT_MAPPING,OPEN_CONVENTIONAL_ENGINEERING_INPUT,UNEMITTED_CR286_GATE,false,false
CELL_QP093A-0157_GATE_010_TO_101,CELL_QP093A-0157_PAIR_010_101,CELL_QP093A-0157,QP093A-0157,2+2+12,yes,TRIAD_ALLOWED,CELL_QP093A-0157_f_-+-,-+-,010,CELL_QP093A-0157_f_+-+,+-+,101,CELL_QP093A-0157_v_+y;CELL_QP093A-0157_v_-x;CELL_QP093A-0157_v_-z,CELL_QP093A-0157_v_+x;CELL_QP093A-0157_v_+z;CELL_QP093A-0157_v_-y,CELL_QP093A-0157_e_+y_-z;CELL_QP093A-0157_e_-x_+y;CELL_QP093A-0157_e_-x_-z,CELL_QP093A-0157_e_+x_+z;CELL_QP093A-0157_e_+x_-y;CELL_QP093A-0157_e_-y_+z,true,true,true,true,OPEN_NO_UNIT_MAPPING,OPEN_CONVENTIONAL_ENGINEERING_INPUT,UNEMITTED_CR286_GATE,false,false
CELL_QP093A-0157_GATE_011_TO_100,CELL_QP093A-0157_PAIR_011_100,CELL_QP093A-0157,QP093A-0157,2+2+12,yes,TRIAD_ALLOWED,CELL_QP093A-0157_f_-++,-++,011,CELL_QP093A-0157_f_+--,+--,100,CELL_QP093A-0157_v_+y;CELL_QP093A-0157_v_+z;CELL_QP093A-0157_v_-x,CELL_QP093A-0157_v_+x;CELL_QP093A-0157_v_-y;CELL_QP093A-0157_v_-z,CELL_QP093A-0157_e_+y_+z;CELL_QP093A-0157_e_-x_+y;CELL_QP093A-0157_e_-x_+z,CELL_QP093A-0157_e_+x_-y;CELL_QP093A-0157_e_+x_-z;CELL_QP093A-0157_e_-y_-z,true,true,true,true,OPEN_NO_UNIT_MAPPING,OPEN_CONVENTIONAL_ENGINEERING_INPUT,UNEMITTED_CR286_GATE,false,false
CELL_QP093A-0157_GATE_100_TO_011,CELL_QP093A-0157_PAIR_011_100,CELL_QP093A-0157,QP093A-0157,2+2+12,yes,TRIAD_ALLOWED,CELL_QP093A-0157_f_+--,+--,100,CELL_QP093A-0157_f_-++,-++,011,CELL_QP093A-0157_v_+x;CELL_QP093A-0157_v_-y;CELL_QP093A-0157_v_-z,CELL_QP093A-0157_v_+y;CELL_QP093A-0157_v_+z;CELL_QP093A-0157_v_-x,CELL_QP093A-0157_e_+x_-y;CELL_QP093A-0157_e_+x_-z;CELL_QP093A-0157_e_-y_-z,CELL_QP093A-0157_e_+y_+z;CELL_QP093A-0157_e_-x_+y;CELL_QP093A-0157_e_-x_+z,true,true,true,true,OPEN_NO_UNIT_MAPPING,OPEN_CONVENTIONAL_ENGINEERING_INPUT,UNEMITTED_CR286_GATE,false,false
CELL_QP093A-0157_GATE_101_TO_010,CELL_QP093A-0157_PAIR_010_101,CELL_QP093A-0157,QP093A-0157,2+2+12,yes,TRIAD_ALLOWED,CELL_QP093A-0157_f_+-+,+-+,101,CELL_QP093A-0157_f_-+-,-+-,010,CELL_QP093A-0157_v_+x;CELL_QP093A-0157_v_+z;CELL_QP093A-0157_v_-y,CELL_QP093A-0157_v_+y;CELL_QP093A-0157_v_-x;CELL_QP093A-0157_v_-z,CELL_QP093A-0157_e_+x_+z;CELL_QP093A-0157_e_+x_-y;CELL_QP093A-0157_e_-y_+z,CELL_QP093A-0157_e_+y_-z;CELL_QP093A-0157_e_-x_+y;CELL_QP093A-0157_e_-x_-z,true,true,true,true,OPEN_NO_UNIT_MAPPING,OPEN_CONVENTIONAL_ENGINEERING_INPUT,UNEMITTED_CR286_GATE,false,false
CELL_QP093A-0157_GATE_110_TO_001,CELL_QP093A-0157_PAIR_001_110,CELL_QP093A-0157,QP093A-0157,2+2+12,yes,TRIAD_ALLOWED,CELL_QP093A-0157_f_++-,++-,110,CELL_QP093A-0157_f_--+,--+,001,CELL_QP093A-0157_v_+x;CELL_QP093A-0157_v_+y;CELL_QP093A-0157_v_-z,CELL_QP093A-0157_v_+z;CELL_QP093A-0157_v_-x;CELL_QP093A-0157_v_-y,CELL_QP093A-0157_e_+x_+y;CELL_QP093A-0157_e_+x_-z;CELL_QP093A-0157_e_+y_-z,CELL_QP093A-0157_e_-x_+z;CELL_QP093A-0157_e_-x_-y;CELL_QP093A-0157_e_-y_+z,true,true,true,true,OPEN_NO_UNIT_MAPPING,OPEN_CONVENTIONAL_ENGINEERING_INPUT,UNEMITTED_CR286_GATE,false,false
CELL_QP093A-0157_GATE_111_TO_000,CELL_QP093A-0157_PAIR_000_111,CELL_QP093A-0157,QP093A-0157,2+2+12,yes,TRIAD_ALLOWED,CELL_QP093A-0157_f_+++,+++,111,CELL_QP093A-0157_f_---,---,000,CELL_QP093A-0157_v_+x;CELL_QP093A-0157_v_+y;CELL_QP093A-0157_v_+z,CELL_QP093A-0157_v_-x;CELL_QP093A-0157_v_-y;CELL_QP093A-0157_v_-z,CELL_QP093A-0157_e_+x_+y;CELL_QP093A-0157_e_+x_+z;CELL_QP093A-0157_e_+y_+z,CELL_QP093A-0157_e_-x_-y;CELL_QP093A-0157_e_-x_-z;CELL_QP093A-0157_e_-y_-z,true,true,true,true,OPEN_NO_UNIT_MAPPING,OPEN_CONVENTIONAL_ENGINEERING_INPUT,UNEMITTED_CR286_GATE,false,false
CELL_QP093A-0158_GATE_000_TO_111,CELL_QP093A-0158_PAIR_000_111,CELL_QP093A-0158,QP093A-0158,2+3+3,yes,TRIAD_ALLOWED,CELL_QP093A-0158_f_---,---,000,CELL_QP093A-0158_f_+++,+++,111,CELL_QP093A-0158_v_-x;CELL_QP093A-0158_v_-y;CELL_QP093A-0158_v_-z,CELL_QP093A-0158_v_+x;CELL_QP093A-0158_v_+y;CELL_QP093A-0158_v_+z,CELL_QP093A-0158_e_-x_-y;CELL_QP093A-0158_e_-x_-z;CELL_QP093A-0158_e_-y_-z,CELL_QP093A-0158_e_+x_+y;CELL_QP093A-0158_e_+x_+z;CELL_QP093A-0158_e_+y_+z,true,true,true,true,OPEN_NO_UNIT_MAPPING,OPEN_CONVENTIONAL_ENGINEERING_INPUT,UNEMITTED_CR286_GATE,false,false
CELL_QP093A-0158_GATE_001_TO_110,CELL_QP093A-0158_PAIR_001_110,CELL_QP093A-0158,QP093A-0158,2+3+3,yes,TRIAD_ALLOWED,CELL_QP093A-0158_f_--+,--+,001,CELL_QP093A-0158_f_++-,++-,110,CELL_QP093A-0158_v_+z;CELL_QP093A-0158_v_-x;CELL_QP093A-0158_v_-y,CELL_QP093A-0158_v_+x;CELL_QP093A-0158_v_+y;CELL_QP093A-0158_v_-z,CELL_QP093A-0158_e_-x_+z;CELL_QP093A-0158_e_-x_-y;CELL_QP093A-0158_e_-y_+z,CELL_QP093A-0158_e_+x_+y;CELL_QP093A-0158_e_+x_-z;CELL_QP093A-0158_e_+y_-z,true,true,true,true,OPEN_NO_UNIT_MAPPING,OPEN_CONVENTIONAL_ENGINEERING_INPUT,UNEMITTED_CR286_GATE,false,false
CELL_QP093A-0158_GATE_010_TO_101,CELL_QP093A-0158_PAIR_010_101,CELL_QP093A-0158,QP093A-0158,2+3+3,yes,TRIAD_ALLOWED,CELL_QP093A-0158_f_-+-,-+-,010,CELL_QP093A-0158_f_+-+,+-+,101,CELL_QP093A-0158_v_+y;CELL_QP093A-0158_v_-x;CELL_QP093A-0158_v_-z,CELL_QP093A-0158_v_+x;CELL_QP093A-0158_v_+z;CELL_QP093A-0158_v_-y,CELL_QP093A-0158_e_+y_-z;CELL_QP093A-0158_e_-x_+y;CELL_QP093A-0158_e_-x_-z,CELL_QP093A-0158_e_+x_+z;CELL_QP093A-0158_e_+x_-y;CELL_QP093A-0158_e_-y_+z,true,true,true,true,OPEN_NO_UNIT_MAPPING,OPEN_CONVENTIONAL_ENGINEERING_INPUT,UNEMITTED_CR286_GATE,false,false
CELL_QP093A-0158_GATE_011_TO_100,CELL_QP093A-0158_PAIR_011_100,CELL_QP093A-0158,QP093A-0158,2+3+3,yes,TRIAD_ALLOWED,CELL_QP093A-0158_f_-++,-++,011,CELL_QP093A-0158_f_+--,+--,100,CELL_QP093A-0158_v_+y;CELL_QP093A-0158_v_+z;CELL_QP093A-0158_v_-x,CELL_QP093A-0158_v_+x;CELL_QP093A-0158_v_-y;CELL_QP093A-0158_v_-z,CELL_QP093A-0158_e_+y_+z;CELL_QP093A-0158_e_-x_+y;CELL_QP093A-0158_e_-x_+z,CELL_QP093A-0158_e_+x_-y;CELL_QP093A-0158_e_+x_-z;CELL_QP093A-0158_e_-y_-z,true,true,true,true,OPEN_NO_UNIT_MAPPING,OPEN_CONVENTIONAL_ENGINEERING_INPUT,UNEMITTED_CR286_GATE,false,false
CELL_QP093A-0158_GATE_100_TO_011,CELL_QP093A-0158_PAIR_011_100,CELL_QP093A-0158,QP093A-0158,2+3+3,yes,TRIAD_ALLOWED,CELL_QP093A-0158_f_+--,+--,100,CELL_QP093A-0158_f_-++,-++,011,CELL_QP093A-0158_v_+x;CELL_QP093A-0158_v_-y;CELL_QP093A-0158_v_-z,CELL_QP093A-0158_v_+y;CELL_QP093A-0158_v_+z;CELL_QP093A-0158_v_-x,CELL_QP093A-0158_e_+x_-y;CELL_QP093A-0158_e_+x_-z;CELL_QP093A-0158_e_-y_-z,CELL_QP093A-0158_e_+y_+z;CELL_QP093A-0158_e_-x_+y;CELL_QP093A-0158_e_-x_+z,true,true,true,true,OPEN_NO_UNIT_MAPPING,OPEN_CONVENTIONAL_ENGINEERING_INPUT,UNEMITTED_CR286_GATE,false,false
CELL_QP093A-0158_GATE_101_TO_010,CELL_QP093A-0158_PAIR_010_101,CELL_QP093A-0158,QP093A-0158,2+3+3,yes,TRIAD_ALLOWED,CELL_QP093A-0158_f_+-+,+-+,101,CELL_QP093A-0158_f_-+-,-+-,010,CELL_QP093A-0158_v_+x;CELL_QP093A-0158_v_+z;CELL_QP093A-0158_v_-y,CELL_QP093A-0158_v_+y;CELL_QP093A-0158_v_-x;CELL_QP093A-0158_v_-z,CELL_QP093A-0158_e_+x_+z;CELL_QP093A-0158_e_+x_-y;CELL_QP093A-0158_e_-y_+z,CELL_QP093A-0158_e_+y_-z;CELL_QP093A-0158_e_-x_+y;CELL_QP093A-0158_e_-x_-z,true,true,true,true,OPEN_NO_UNIT_MAPPING,OPEN_CONVENTIONAL_ENGINEERING_INPUT,UNEMITTED_CR286_GATE,false,false
CELL_QP093A-0158_GATE_110_TO_001,CELL_QP093A-0158_PAIR_001_110,CELL_QP093A-0158,QP093A-0158,2+3+3,yes,TRIAD_ALLOWED,CELL_QP093A-0158_f_++-,++-,110,CELL_QP093A-0158_f_--+,--+,001,CELL_QP093A-0158_v_+x;CELL_QP093A-0158_v_+y;CELL_QP093A-0158_v_-z,CELL_QP093A-0158_v_+z;CELL_QP093A-0158_v_-x;CELL_QP093A-0158_v_-y,CELL_QP093A-0158_e_+x_+y;CELL_QP093A-0158_e_+x_-z;CELL_QP093A-0158_e_+y_-z,CELL_QP093A-0158_e_-x_+z;CELL_QP093A-0158_e_-x_-y;CELL_QP093A-0158_e_-y_+z,true,true,true,true,OPEN_NO_UNIT_MAPPING,OPEN_CONVENTIONAL_ENGINEERING_INPUT,UNEMITTED_CR286_GATE,false,false
CELL_QP093A-0158_GATE_111_TO_000,CELL_QP093A-0158_PAIR_000_111,CELL_QP093A-0158,QP093A-0158,2+3+3,yes,TRIAD_ALLOWED,CELL_QP093A-0158_f_+++,+++,111,CELL_QP093A-0158_f_---,---,000,CELL_QP093A-0158_v_+x;CELL_QP093A-0158_v_+y;CELL_QP093A-0158_v_+z,CELL_QP093A-0158_v_-x;CELL_QP093A-0158_v_-y;CELL_QP093A-0158_v_-z,CELL_QP093A-0158_e_+x_+y;CELL_QP093A-0158_e_+x_+z;CELL_QP093A-0158_e_+y_+z,CELL_QP093A-0158_e_-x_-y;CELL_QP093A-0158_e_-x_-z;CELL_QP093A-0158_e_-y_-z,true,true,true,true,OPEN_NO_UNIT_MAPPING,OPEN_CONVENTIONAL_ENGINEERING_INPUT,UNEMITTED_CR286_GATE,false,false
CELL_QP093A-0159_GATE_000_TO_111,CELL_QP093A-0159_PAIR_000_111,CELL_QP093A-0159,QP093A-0159,2+3+4,no,TRIAD_SURFACE_REJECTED,CELL_QP093A-0159_f_---,---,000,CELL_QP093A-0159_f_+++,+++,111,CELL_QP093A-0159_v_-x;CELL_QP093A-0159_v_-y;CELL_QP093A-0159_v_-z,CELL_QP093A-0159_v_+x;CELL_QP093A-0159_v_+y;CELL_QP093A-0159_v_+z,CELL_QP093A-0159_e_-x_-y;CELL_QP093A-0159_e_-x_-z;CELL_QP093A-0159_e_-y_-z,CELL_QP093A-0159_e_+x_+y;CELL_QP093A-0159_e_+x_+z;CELL_QP093A-0159_e_+y_+z,true,true,true,true,OPEN_NO_UNIT_MAPPING,OPEN_CONVENTIONAL_ENGINEERING_INPUT,UNEMITTED_CR286_GATE,false,false
CELL_QP093A-0159_GATE_001_TO_110,CELL_QP093A-0159_PAIR_001_110,CELL_QP093A-0159,QP093A-0159,2+3+4,no,TRIAD_SURFACE_REJECTED,CELL_QP093A-0159_f_--+,--+,001,CELL_QP093A-0159_f_++-,++-,110,CELL_QP093A-0159_v_+z;CELL_QP093A-0159_v_-x;CELL_QP093A-0159_v_-y,CELL_QP093A-0159_v_+x;CELL_QP093A-0159_v_+y;CELL_QP093A-0159_v_-z,CELL_QP093A-0159_e_-x_+z;CELL_QP093A-0159_e_-x_-y;CELL_QP093A-0159_e_-y_+z,CELL_QP093A-0159_e_+x_+y;CELL_QP093A-0159_e_+x_-z;CELL_QP093A-0159_e_+y_-z,true,true,true,true,OPEN_NO_UNIT_MAPPING,OPEN_CONVENTIONAL_ENGINEERING_INPUT,UNEMITTED_CR286_GATE,false,false
CELL_QP093A-0159_GATE_010_TO_101,CELL_QP093A-0159_PAIR_010_101,CELL_QP093A-0159,QP093A-0159,2+3+4,no,TRIAD_SURFACE_REJECTED,CELL_QP093A-0159_f_-+-,-+-,010,CELL_QP093A-0159_f_+-+,+-+,101,CELL_QP093A-0159_v_+y;CELL_QP093A-0159_v_-x;CELL_QP093A-0159_v_-z,CELL_QP093A-0159_v_+x;CELL_QP093A-0159_v_+z;CELL_QP093A-0159_v_-y,CELL_QP093A-0159_e_+y_-z;CELL_QP093A-0159_e_-x_+y;CELL_QP093A-0159_e_-x_-z,CELL_QP093A-0159_e_+x_+z;CELL_QP093A-0159_e_+x_-y;CELL_QP093A-0159_e_-y_+z,true,true,true,true,OPEN_NO_UNIT_MAPPING,OPEN_CONVENTIONAL_ENGINEERING_INPUT,UNEMITTED_CR286_GATE,false,false
CELL_QP093A-0159_GATE_011_TO_100,CELL_QP093A-0159_PAIR_011_100,CELL_QP093A-0159,QP093A-0159,2+3+4,no,TRIAD_SURFACE_REJECTED,CELL_QP093A-0159_f_-++,-++,011,CELL_QP093A-0159_f_+--,+--,100,CELL_QP093A-0159_v_+y;CELL_QP093A-0159_v_+z;CELL_QP093A-0159_v_-x,CELL_QP093A-0159_v_+x;CELL_QP093A-0159_v_-y;CELL_QP093A-0159_v_-z,CELL_QP093A-0159_e_+y_+z;CELL_QP093A-0159_e_-x_+y;CELL_QP093A-0159_e_-x_+z,CELL_QP093A-0159_e_+x_-y;CELL_QP093A-0159_e_+x_-z;CELL_QP093A-0159_e_-y_-z,true,true,true,true,OPEN_NO_UNIT_MAPPING,OPEN_CONVENTIONAL_ENGINEERING_INPUT,UNEMITTED_CR286_GATE,false,false
CELL_QP093A-0159_GATE_100_TO_011,CELL_QP093A-0159_PAIR_011_100,CELL_QP093A-0159,QP093A-0159,2+3+4,no,TRIAD_SURFACE_REJECTED,CELL_QP093A-0159_f_+--,+--,100,CELL_QP093A-0159_f_-++,-++,011,CELL_QP093A-0159_v_+x;CELL_QP093A-0159_v_-y;CELL_QP093A-0159_v_-z,CELL_QP093A-0159_v_+y;CELL_QP093A-0159_v_+z;CELL_QP093A-0159_v_-x,CELL_QP093A-0159_e_+x_-y;CELL_QP093A-0159_e_+x_-z;CELL_QP093A-0159_e_-y_-z,CELL_QP093A-0159_e_+y_+z;CELL_QP093A-0159_e_-x_+y;CELL_QP093A-0159_e_-x_+z,true,true,true,true,OPEN_NO_UNIT_MAPPING,OPEN_CONVENTIONAL_ENGINEERING_INPUT,UNEMITTED_CR286_GATE,false,false
CELL_QP093A-0159_GATE_101_TO_010,CELL_QP093A-0159_PAIR_010_101,CELL_QP093A-0159,QP093A-0159,2+3+4,no,TRIAD_SURFACE_REJECTED,CELL_QP093A-0159_f_+-+,+-+,101,CELL_QP093A-0159_f_-+-,-+-,010,CELL_QP093A-0159_v_+x;CELL_QP093A-0159_v_+z;CELL_QP093A-0159_v_-y,CELL_QP093A-0159_v_+y;CELL_QP093A-0159_v_-x;CELL_QP093A-0159_v_-z,CELL_QP093A-0159_e_+x_+z;CELL_QP093A-0159_e_+x_-y;CELL_QP093A-0159_e_-y_+z,CELL_QP093A-0159_e_+y_-z;CELL_QP093A-0159_e_-x_+y;CELL_QP093A-0159_e_-x_-z,true,true,true,true,OPEN_NO_UNIT_MAPPING,OPEN_CONVENTIONAL_ENGINEERING_INPUT,UNEMITTED_CR286_GATE,false,false
CELL_QP093A-0159_GATE_110_TO_001,CELL_QP093A-0159_PAIR_001_110,CELL_QP093A-0159,QP093A-0159,2+3+4,no,TRIAD_SURFACE_REJECTED,CELL_QP093A-0159_f_++-,++-,110,CELL_QP093A-0159_f_--+,--+,001,CELL_QP093A-0159_v_+x;CELL_QP093A-0159_v_+y;CELL_QP093A-0159_v_-z,CELL_QP093A-0159_v_+z;CELL_QP093A-0159_v_-x;CELL_QP093A-0159_v_-y,CELL_QP093A-0159_e_+x_+y;CELL_QP093A-0159_e_+x_-z;CELL_QP093A-0159_e_+y_-z,CELL_QP093A-0159_e_-x_+z;CELL_QP093A-0159_e_-x_-y;CELL_QP093A-0159_e_-y_+z,true,true,true,true,OPEN_NO_UNIT_MAPPING,OPEN_CONVENTIONAL_ENGINEERING_INPUT,UNEMITTED_CR286_GATE,false,false
CELL_QP093A-0159_GATE_111_TO_000,CELL_QP093A-0159_PAIR_000_111,CELL_QP093A-0159,QP093A-0159,2+3+4,no,TRIAD_SURFACE_REJECTED,CELL_QP093A-0159_f_+++,+++,111,CELL_QP093A-0159_f_---,---,000,CELL_QP093A-0159_v_+x;CELL_QP093A-0159_v_+y;CELL_QP093A-0159_v_+z,CELL_QP093A-0159_v_-x;CELL_QP093A-0159_v_-y;CELL_QP093A-0159_v_-z,CELL_QP093A-0159_e_+x_+y;CELL_QP093A-0159_e_+x_+z;CELL_QP093A-0159_e_+y_+z,CELL_QP093A-0159_e_-x_-y;CELL_QP093A-0159_e_-x_-z;CELL_QP093A-0159_e_-y_-z,true,true,true,true,OPEN_NO_UNIT_MAPPING,OPEN_CONVENTIONAL_ENGINEERING_INPUT,UNEMITTED_CR286_GATE,false,false
CELL_QP093A-0160_GATE_000_TO_111,CELL_QP093A-0160_PAIR_000_111,CELL_QP093A-0160,QP093A-0160,2+3+6,yes,TRIAD_ALLOWED,CELL_QP093A-0160_f_---,---,000,CELL_QP093A-0160_f_+++,+++,111,CELL_QP093A-0160_v_-x;CELL_QP093A-0160_v_-y;CELL_QP093A-0160_v_-z,CELL_QP093A-0160_v_+x;CELL_QP093A-0160_v_+y;CELL_QP093A-0160_v_+z,CELL_QP093A-0160_e_-x_-y;CELL_QP093A-0160_e_-x_-z;CELL_QP093A-0160_e_-y_-z,CELL_QP093A-0160_e_+x_+y;CELL_QP093A-0160_e_+x_+z;CELL_QP093A-0160_e_+y_+z,true,true,true,true,OPEN_NO_UNIT_MAPPING,OPEN_CONVENTIONAL_ENGINEERING_INPUT,UNEMITTED_CR286_GATE,false,false
CELL_QP093A-0160_GATE_001_TO_110,CELL_QP093A-0160_PAIR_001_110,CELL_QP093A-0160,QP093A-0160,2+3+6,yes,TRIAD_ALLOWED,CELL_QP093A-0160_f_--+,--+,001,CELL_QP093A-0160_f_++-,++-,110,CELL_QP093A-0160_v_+z;CELL_QP093A-0160_v_-x;CELL_QP093A-0160_v_-y,CELL_QP093A-0160_v_+x;CELL_QP093A-0160_v_+y;CELL_QP093A-0160_v_-z,CELL_QP093A-0160_e_-x_+z;CELL_QP093A-0160_e_-x_-y;CELL_QP093A-0160_e_-y_+z,CELL_QP093A-0160_e_+x_+y;CELL_QP093A-0160_e_+x_-z;CELL_QP093A-0160_e_+y_-z,true,true,true,true,OPEN_NO_UNIT_MAPPING,OPEN_CONVENTIONAL_ENGINEERING_INPUT,UNEMITTED_CR286_GATE,false,false
CELL_QP093A-0160_GATE_010_TO_101,CELL_QP093A-0160_PAIR_010_101,CELL_QP093A-0160,QP093A-0160,2+3+6,yes,TRIAD_ALLOWED,CELL_QP093A-0160_f_-+-,-+-,010,CELL_QP093A-0160_f_+-+,+-+,101,CELL_QP093A-0160_v_+y;CELL_QP093A-0160_v_-x;CELL_QP093A-0160_v_-z,CELL_QP093A-0160_v_+x;CELL_QP093A-0160_v_+z;CELL_QP093A-0160_v_-y,CELL_QP093A-0160_e_+y_-z;CELL_QP093A-0160_e_-x_+y;CELL_QP093A-0160_e_-x_-z,CELL_QP093A-0160_e_+x_+z;CELL_QP093A-0160_e_+x_-y;CELL_QP093A-0160_e_-y_+z,true,true,true,true,OPEN_NO_UNIT_MAPPING,OPEN_CONVENTIONAL_ENGINEERING_INPUT,UNEMITTED_CR286_GATE,false,false
CELL_QP093A-0160_GATE_011_TO_100,CELL_QP093A-0160_PAIR_011_100,CELL_QP093A-0160,QP093A-0160,2+3+6,yes,TRIAD_ALLOWED,CELL_QP093A-0160_f_-++,-++,011,CELL_QP093A-0160_f_+--,+--,100,CELL_QP093A-0160_v_+y;CELL_QP093A-0160_v_+z;CELL_QP093A-0160_v_-x,CELL_QP093A-0160_v_+x;CELL_QP093A-0160_v_-y;CELL_QP093A-0160_v_-z,CELL_QP093A-0160_e_+y_+z;CELL_QP093A-0160_e_-x_+y;CELL_QP093A-0160_e_-x_+z,CELL_QP093A-0160_e_+x_-y;CELL_QP093A-0160_e_+x_-z;CELL_QP093A-0160_e_-y_-z,true,true,true,true,OPEN_NO_UNIT_MAPPING,OPEN_CONVENTIONAL_ENGINEERING_INPUT,UNEMITTED_CR286_GATE,false,false
CELL_QP093A-0160_GATE_100_TO_011,CELL_QP093A-0160_PAIR_011_100,CELL_QP093A-0160,QP093A-0160,2+3+6,yes,TRIAD_ALLOWED,CELL_QP093A-0160_f_+--,+--,100,CELL_QP093A-0160_f_-++,-++,011,CELL_QP093A-0160_v_+x;CELL_QP093A-0160_v_-y;CELL_QP093A-0160_v_-z,CELL_QP093A-0160_v_+y;CELL_QP093A-0160_v_+z;CELL_QP093A-0160_v_-x,CELL_QP093A-0160_e_+x_-y;CELL_QP093A-0160_e_+x_-z;CELL_QP093A-0160_e_-y_-z,CELL_QP093A-0160_e_+y_+z;CELL_QP093A-0160_e_-x_+y;CELL_QP093A-0160_e_-x_+z,true,true,true,true,OPEN_NO_UNIT_MAPPING,OPEN_CONVENTIONAL_ENGINEERING_INPUT,UNEMITTED_CR286_GATE,false,false
CELL_QP093A-0160_GATE_101_TO_010,CELL_QP093A-0160_PAIR_010_101,CELL_QP093A-0160,QP093A-0160,2+3+6,yes,TRIAD_ALLOWED,CELL_QP093A-0160_f_+-+,+-+,101,CELL_QP093A-0160_f_-+-,-+-,010,CELL_QP093A-0160_v_+x;CELL_QP093A-0160_v_+z;CELL_QP093A-0160_v_-y,CELL_QP093A-0160_v_+y;CELL_QP093A-0160_v_-x;CELL_QP093A-0160_v_-z,CELL_QP093A-0160_e_+x_+z;CELL_QP093A-0160_e_+x_-y;CELL_QP093A-0160_e_-y_+z,CELL_QP093A-0160_e_+y_-z;CELL_QP093A-0160_e_-x_+y;CELL_QP093A-0160_e_-x_-z,true,true,true,true,OPEN_NO_UNIT_MAPPING,OPEN_CONVENTIONAL_ENGINEERING_INPUT,UNEMITTED_CR286_GATE,false,false
CELL_QP093A-0160_GATE_110_TO_001,CELL_QP093A-0160_PAIR_001_110,CELL_QP093A-0160,QP093A-0160,2+3+6,yes,TRIAD_ALLOWED,CELL_QP093A-0160_f_++-,++-,110,CELL_QP093A-0160_f_--+,--+,001,CELL_QP093A-0160_v_+x;CELL_QP093A-0160_v_+y;CELL_QP093A-0160_v_-z,CELL_QP093A-0160_v_+z;CELL_QP093A-0160_v_-x;CELL_QP093A-0160_v_-y,CELL_QP093A-0160_e_+x_+y;CELL_QP093A-0160_e_+x_-z;CELL_QP093A-0160_e_+y_-z,CELL_QP093A-0160_e_-x_+z;CELL_QP093A-0160_e_-x_-y;CELL_QP093A-0160_e_-y_+z,true,true,true,true,OPEN_NO_UNIT_MAPPING,OPEN_CONVENTIONAL_ENGINEERING_INPUT,UNEMITTED_CR286_GATE,false,false
CELL_QP093A-0160_GATE_111_TO_000,CELL_QP093A-0160_PAIR_000_111,CELL_QP093A-0160,QP093A-0160,2+3+6,yes,TRIAD_ALLOWED,CELL_QP093A-0160_f_+++,+++,111,CELL_QP093A-0160_f_---,---,000,CELL_QP093A-0160_v_+x;CELL_QP093A-0160_v_+y;CELL_QP093A-0160_v_+z,CELL_QP093A-0160_v_-x;CELL_QP093A-0160_v_-y;CELL_QP093A-0160_v_-z,CELL_QP093A-0160_e_+x_+y;CELL_QP093A-0160_e_+x_+z;CELL_QP093A-0160_e_+y_+z,CELL_QP093A-0160_e_-x_-y;CELL_QP093A-0160_e_-x_-z;CELL_QP093A-0160_e_-y_-z,true,true,true,true,OPEN_NO_UNIT_MAPPING,OPEN_CONVENTIONAL_ENGINEERING_INPUT,UNEMITTED_CR286_GATE,false,false
CELL_QP093A-0161_GATE_000_TO_111,CELL_QP093A-0161_PAIR_000_111,CELL_QP093A-0161,QP093A-0161,2+3+8,yes,TRIAD_ALLOWED,CELL_QP093A-0161_f_---,---,000,CELL_QP093A-0161_f_+++,+++,111,CELL_QP093A-0161_v_-x;CELL_QP093A-0161_v_-y;CELL_QP093A-0161_v_-z,CELL_QP093A-0161_v_+x;CELL_QP093A-0161_v_+y;CELL_QP093A-0161_v_+z,CELL_QP093A-0161_e_-x_-y;CELL_QP093A-0161_e_-x_-z;CELL_QP093A-0161_e_-y_-z,CELL_QP093A-0161_e_+x_+y;CELL_QP093A-0161_e_+x_+z;CELL_QP093A-0161_e_+y_+z,true,true,true,true,OPEN_NO_UNIT_MAPPING,OPEN_CONVENTIONAL_ENGINEERING_INPUT,UNEMITTED_CR286_GATE,false,false
CELL_QP093A-0161_GATE_001_TO_110,CELL_QP093A-0161_PAIR_001_110,CELL_QP093A-0161,QP093A-0161,2+3+8,yes,TRIAD_ALLOWED,CELL_QP093A-0161_f_--+,--+,001,CELL_QP093A-0161_f_++-,++-,110,CELL_QP093A-0161_v_+z;CELL_QP093A-0161_v_-x;CELL_QP093A-0161_v_-y,CELL_QP093A-0161_v_+x;CELL_QP093A-0161_v_+y;CELL_QP093A-0161_v_-z,CELL_QP093A-0161_e_-x_+z;CELL_QP093A-0161_e_-x_-y;CELL_QP093A-0161_e_-y_+z,CELL_QP093A-0161_e_+x_+y;CELL_QP093A-0161_e_+x_-z;CELL_QP093A-0161_e_+y_-z,true,true,true,true,OPEN_NO_UNIT_MAPPING,OPEN_CONVENTIONAL_ENGINEERING_INPUT,UNEMITTED_CR286_GATE,false,false
CELL_QP093A-0161_GATE_010_TO_101,CELL_QP093A-0161_PAIR_010_101,CELL_QP093A-0161,QP093A-0161,2+3+8,yes,TRIAD_ALLOWED,CELL_QP093A-0161_f_-+-,-+-,010,CELL_QP093A-0161_f_+-+,+-+,101,CELL_QP093A-0161_v_+y;CELL_QP093A-0161_v_-x;CELL_QP093A-0161_v_-z,CELL_QP093A-0161_v_+x;CELL_QP093A-0161_v_+z;CELL_QP093A-0161_v_-y,CELL_QP093A-0161_e_+y_-z;CELL_QP093A-0161_e_-x_+y;CELL_QP093A-0161_e_-x_-z,CELL_QP093A-0161_e_+x_+z;CELL_QP093A-0161_e_+x_-y;CELL_QP093A-0161_e_-y_+z,true,true,true,true,OPEN_NO_UNIT_MAPPING,OPEN_CONVENTIONAL_ENGINEERING_INPUT,UNEMITTED_CR286_GATE,false,false
CELL_QP093A-0161_GATE_011_TO_100,CELL_QP093A-0161_PAIR_011_100,CELL_QP093A-0161,QP093A-0161,2+3+8,yes,TRIAD_ALLOWED,CELL_QP093A-0161_f_-++,-++,011,CELL_QP093A-0161_f_+--,+--,100,CELL_QP093A-0161_v_+y;CELL_QP093A-0161_v_+z;CELL_QP093A-0161_v_-x,CELL_QP093A-0161_v_+x;CELL_QP093A-0161_v_-y;CELL_QP093A-0161_v_-z,CELL_QP093A-0161_e_+y_+z;CELL_QP093A-0161_e_-x_+y;CELL_QP093A-0161_e_-x_+z,CELL_QP093A-0161_e_+x_-y;CELL_QP093A-0161_e_+x_-z;CELL_QP093A-0161_e_-y_-z,true,true,true,true,OPEN_NO_UNIT_MAPPING,OPEN_CONVENTIONAL_ENGINEERING_INPUT,UNEMITTED_CR286_GATE,false,false
CELL_QP093A-0161_GATE_100_TO_011,CELL_QP093A-0161_PAIR_011_100,CELL_QP093A-0161,QP093A-0161,2+3+8,yes,TRIAD_ALLOWED,CELL_QP093A-0161_f_+--,+--,100,CELL_QP093A-0161_f_-++,-++,011,CELL_QP093A-0161_v_+x;CELL_QP093A-0161_v_-y;CELL_QP093A-0161_v_-z,CELL_QP093A-0161_v_+y;CELL_QP093A-0161_v_+z;CELL_QP093A-0161_v_-x,CELL_QP093A-0161_e_+x_-y;CELL_QP093A-0161_e_+x_-z;CELL_QP093A-0161_e_-y_-z,CELL_QP093A-0161_e_+y_+z;CELL_QP093A-0161_e_-x_+y;CELL_QP093A-0161_e_-x_+z,true,true,true,true,OPEN_NO_UNIT_MAPPING,OPEN_CONVENTIONAL_ENGINEERING_INPUT,UNEMITTED_CR286_GATE,false,false
CELL_QP093A-0161_GATE_101_TO_010,CELL_QP093A-0161_PAIR_010_101,CELL_QP093A-0161,QP093A-0161,2+3+8,yes,TRIAD_ALLOWED,CELL_QP093A-0161_f_+-+,+-+,101,CELL_QP093A-0161_f_-+-,-+-,010,CELL_QP093A-0161_v_+x;CELL_QP093A-0161_v_+z;CELL_QP093A-0161_v_-y,CELL_QP093A-0161_v_+y;CELL_QP093A-0161_v_-x;CELL_QP093A-0161_v_-z,CELL_QP093A-0161_e_+x_+z;CELL_QP093A-0161_e_+x_-y;CELL_QP093A-0161_e_-y_+z,CELL_QP093A-0161_e_+y_-z;CELL_QP093A-0161_e_-x_+y;CELL_QP093A-0161_e_-x_-z,true,true,true,true,OPEN_NO_UNIT_MAPPING,OPEN_CONVENTIONAL_ENGINEERING_INPUT,UNEMITTED_CR286_GATE,false,false
CELL_QP093A-0161_GATE_110_TO_001,CELL_QP093A-0161_PAIR_001_110,CELL_QP093A-0161,QP093A-0161,2+3+8,yes,TRIAD_ALLOWED,CELL_QP093A-0161_f_++-,++-,110,CELL_QP093A-0161_f_--+,--+,001,CELL_QP093A-0161_v_+x;CELL_QP093A-0161_v_+y;CELL_QP093A-0161_v_-z,CELL_QP093A-0161_v_+z;CELL_QP093A-0161_v_-x;CELL_QP093A-0161_v_-y,CELL_QP093A-0161_e_+x_+y;CELL_QP093A-0161_e_+x_-z;CELL_QP093A-0161_e_+y_-z,CELL_QP093A-0161_e_-x_+z;CELL_QP093A-0161_e_-x_-y;CELL_QP093A-0161_e_-y_+z,true,true,true,true,OPEN_NO_UNIT_MAPPING,OPEN_CONVENTIONAL_ENGINEERING_INPUT,UNEMITTED_CR286_GATE,false,false
CELL_QP093A-0161_GATE_111_TO_000,CELL_QP093A-0161_PAIR_000_111,CELL_QP093A-0161,QP093A-0161,2+3+8,yes,TRIAD_ALLOWED,CELL_QP093A-0161_f_+++,+++,111,CELL_QP093A-0161_f_---,---,000,CELL_QP093A-0161_v_+x;CELL_QP093A-0161_v_+y;CELL_QP093A-0161_v_+z,CELL_QP093A-0161_v_-x;CELL_QP093A-0161_v_-y;CELL_QP093A-0161_v_-z,CELL_QP093A-0161_e_+x_+y;CELL_QP093A-0161_e_+x_+z;CELL_QP093A-0161_e_+y_+z,CELL_QP093A-0161_e_-x_-y;CELL_QP093A-0161_e_-x_-z;CELL_QP093A-0161_e_-y_-z,true,true,true,true,OPEN_NO_UNIT_MAPPING,OPEN_CONVENTIONAL_ENGINEERING_INPUT,UNEMITTED_CR286_GATE,false,false
CELL_QP093A-0162_GATE_000_TO_111,CELL_QP093A-0162_PAIR_000_111,CELL_QP093A-0162,QP093A-0162,2+3+9,yes,TRIAD_ALLOWED,CELL_QP093A-0162_f_---,---,000,CELL_QP093A-0162_f_+++,+++,111,CELL_QP093A-0162_v_-x;CELL_QP093A-0162_v_-y;CELL_QP093A-0162_v_-z,CELL_QP093A-0162_v_+x;CELL_QP093A-0162_v_+y;CELL_QP093A-0162_v_+z,CELL_QP093A-0162_e_-x_-y;CELL_QP093A-0162_e_-x_-z;CELL_QP093A-0162_e_-y_-z,CELL_QP093A-0162_e_+x_+y;CELL_QP093A-0162_e_+x_+z;CELL_QP093A-0162_e_+y_+z,true,true,true,true,OPEN_NO_UNIT_MAPPING,OPEN_CONVENTIONAL_ENGINEERING_INPUT,UNEMITTED_CR286_GATE,false,false
CELL_QP093A-0162_GATE_001_TO_110,CELL_QP093A-0162_PAIR_001_110,CELL_QP093A-0162,QP093A-0162,2+3+9,yes,TRIAD_ALLOWED,CELL_QP093A-0162_f_--+,--+,001,CELL_QP093A-0162_f_++-,++-,110,CELL_QP093A-0162_v_+z;CELL_QP093A-0162_v_-x;CELL_QP093A-0162_v_-y,CELL_QP093A-0162_v_+x;CELL_QP093A-0162_v_+y;CELL_QP093A-0162_v_-z,CELL_QP093A-0162_e_-x_+z;CELL_QP093A-0162_e_-x_-y;CELL_QP093A-0162_e_-y_+z,CELL_QP093A-0162_e_+x_+y;CELL_QP093A-0162_e_+x_-z;CELL_QP093A-0162_e_+y_-z,true,true,true,true,OPEN_NO_UNIT_MAPPING,OPEN_CONVENTIONAL_ENGINEERING_INPUT,UNEMITTED_CR286_GATE,false,false
CELL_QP093A-0162_GATE_010_TO_101,CELL_QP093A-0162_PAIR_010_101,CELL_QP093A-0162,QP093A-0162,2+3+9,yes,TRIAD_ALLOWED,CELL_QP093A-0162_f_-+-,-+-,010,CELL_QP093A-0162_f_+-+,+-+,101,CELL_QP093A-0162_v_+y;CELL_QP093A-0162_v_-x;CELL_QP093A-0162_v_-z,CELL_QP093A-0162_v_+x;CELL_QP093A-0162_v_+z;CELL_QP093A-0162_v_-y,CELL_QP093A-0162_e_+y_-z;CELL_QP093A-0162_e_-x_+y;CELL_QP093A-0162_e_-x_-z,CELL_QP093A-0162_e_+x_+z;CELL_QP093A-0162_e_+x_-y;CELL_QP093A-0162_e_-y_+z,true,true,true,true,OPEN_NO_UNIT_MAPPING,OPEN_CONVENTIONAL_ENGINEERING_INPUT,UNEMITTED_CR286_GATE,false,false
CELL_QP093A-0162_GATE_011_TO_100,CELL_QP093A-0162_PAIR_011_100,CELL_QP093A-0162,QP093A-0162,2+3+9,yes,TRIAD_ALLOWED,CELL_QP093A-0162_f_-++,-++,011,CELL_QP093A-0162_f_+--,+--,100,CELL_QP093A-0162_v_+y;CELL_QP093A-0162_v_+z;CELL_QP093A-0162_v_-x,CELL_QP093A-0162_v_+x;CELL_QP093A-0162_v_-y;CELL_QP093A-0162_v_-z,CELL_QP093A-0162_e_+y_+z;CELL_QP093A-0162_e_-x_+y;CELL_QP093A-0162_e_-x_+z,CELL_QP093A-0162_e_+x_-y;CELL_QP093A-0162_e_+x_-z;CELL_QP093A-0162_e_-y_-z,true,true,true,true,OPEN_NO_UNIT_MAPPING,OPEN_CONVENTIONAL_ENGINEERING_INPUT,UNEMITTED_CR286_GATE,false,false
CELL_QP093A-0162_GATE_100_TO_011,CELL_QP093A-0162_PAIR_011_100,CELL_QP093A-0162,QP093A-0162,2+3+9,yes,TRIAD_ALLOWED,CELL_QP093A-0162_f_+--,+--,100,CELL_QP093A-0162_f_-++,-++,011,CELL_QP093A-0162_v_+x;CELL_QP093A-0162_v_-y;CELL_QP093A-0162_v_-z,CELL_QP093A-0162_v_+y;CELL_QP093A-0162_v_+z;CELL_QP093A-0162_v_-x,CELL_QP093A-0162_e_+x_-y;CELL_QP093A-0162_e_+x_-z;CELL_QP093A-0162_e_-y_-z,CELL_QP093A-0162_e_+y_+z;CELL_QP093A-0162_e_-x_+y;CELL_QP093A-0162_e_-x_+z,true,true,true,true,OPEN_NO_UNIT_MAPPING,OPEN_CONVENTIONAL_ENGINEERING_INPUT,UNEMITTED_CR286_GATE,false,false
CELL_QP093A-0162_GATE_101_TO_010,CELL_QP093A-0162_PAIR_010_101,CELL_QP093A-0162,QP093A-0162,2+3+9,yes,TRIAD_ALLOWED,CELL_QP093A-0162_f_+-+,+-+,101,CELL_QP093A-0162_f_-+-,-+-,010,CELL_QP093A-0162_v_+x;CELL_QP093A-0162_v_+z;CELL_QP093A-0162_v_-y,CELL_QP093A-0162_v_+y;CELL_QP093A-0162_v_-x;CELL_QP093A-0162_v_-z,CELL_QP093A-0162_e_+x_+z;CELL_QP093A-0162_e_+x_-y;CELL_QP093A-0162_e_-y_+z,CELL_QP093A-0162_e_+y_-z;CELL_QP093A-0162_e_-x_+y;CELL_QP093A-0162_e_-x_-z,true,true,true,true,OPEN_NO_UNIT_MAPPING,OPEN_CONVENTIONAL_ENGINEERING_INPUT,UNEMITTED_CR286_GATE,false,false
CELL_QP093A-0162_GATE_110_TO_001,CELL_QP093A-0162_PAIR_001_110,CELL_QP093A-0162,QP093A-0162,2+3+9,yes,TRIAD_ALLOWED,CELL_QP093A-0162_f_++-,++-,110,CELL_QP093A-0162_f_--+,--+,001,CELL_QP093A-0162_v_+x;CELL_QP093A-0162_v_+y;CELL_QP093A-0162_v_-z,CELL_QP093A-0162_v_+z;CELL_QP093A-0162_v_-x;CELL_QP093A-0162_v_-y,CELL_QP093A-0162_e_+x_+y;CELL_QP093A-0162_e_+x_-z;CELL_QP093A-0162_e_+y_-z,CELL_QP093A-0162_e_-x_+z;CELL_QP093A-0162_e_-x_-y;CELL_QP093A-0162_e_-y_+z,true,true,true,true,OPEN_NO_UNIT_MAPPING,OPEN_CONVENTIONAL_ENGINEERING_INPUT,UNEMITTED_CR286_GATE,false,false
CELL_QP093A-0162_GATE_111_TO_000,CELL_QP093A-0162_PAIR_000_111,CELL_QP093A-0162,QP093A-0162,2+3+9,yes,TRIAD_ALLOWED,CELL_QP093A-0162_f_+++,+++,111,CELL_QP093A-0162_f_---,---,000,CELL_QP093A-0162_v_+x;CELL_QP093A-0162_v_+y;CELL_QP093A-0162_v_+z,CELL_QP093A-0162_v_-x;CELL_QP093A-0162_v_-y;CELL_QP093A-0162_v_-z,CELL_QP093A-0162_e_+x_+y;CELL_QP093A-0162_e_+x_+z;CELL_QP093A-0162_e_+y_+z,CELL_QP093A-0162_e_-x_-y;CELL_QP093A-0162_e_-x_-z;CELL_QP093A-0162_e_-y_-z,true,true,true,true,OPEN_NO_UNIT_MAPPING,OPEN_CONVENTIONAL_ENGINEERING_INPUT,UNEMITTED_CR286_GATE,false,false
CELL_QP093A-0163_GATE_000_TO_111,CELL_QP093A-0163_PAIR_000_111,CELL_QP093A-0163,QP093A-0163,2+3+12,yes,TRIAD_ALLOWED,CELL_QP093A-0163_f_---,---,000,CELL_QP093A-0163_f_+++,+++,111,CELL_QP093A-0163_v_-x;CELL_QP093A-0163_v_-y;CELL_QP093A-0163_v_-z,CELL_QP093A-0163_v_+x;CELL_QP093A-0163_v_+y;CELL_QP093A-0163_v_+z,CELL_QP093A-0163_e_-x_-y;CELL_QP093A-0163_e_-x_-z;CELL_QP093A-0163_e_-y_-z,CELL_QP093A-0163_e_+x_+y;CELL_QP093A-0163_e_+x_+z;CELL_QP093A-0163_e_+y_+z,true,true,true,true,OPEN_NO_UNIT_MAPPING,OPEN_CONVENTIONAL_ENGINEERING_INPUT,UNEMITTED_CR286_GATE,false,false
CELL_QP093A-0163_GATE_001_TO_110,CELL_QP093A-0163_PAIR_001_110,CELL_QP093A-0163,QP093A-0163,2+3+12,yes,TRIAD_ALLOWED,CELL_QP093A-0163_f_--+,--+,001,CELL_QP093A-0163_f_++-,++-,110,CELL_QP093A-0163_v_+z;CELL_QP093A-0163_v_-x;CELL_QP093A-0163_v_-y,CELL_QP093A-0163_v_+x;CELL_QP093A-0163_v_+y;CELL_QP093A-0163_v_-z,CELL_QP093A-0163_e_-x_+z;CELL_QP093A-0163_e_-x_-y;CELL_QP093A-0163_e_-y_+z,CELL_QP093A-0163_e_+x_+y;CELL_QP093A-0163_e_+x_-z;CELL_QP093A-0163_e_+y_-z,true,true,true,true,OPEN_NO_UNIT_MAPPING,OPEN_CONVENTIONAL_ENGINEERING_INPUT,UNEMITTED_CR286_GATE,false,false
CELL_QP093A-0163_GATE_010_TO_101,CELL_QP093A-0163_PAIR_010_101,CELL_QP093A-0163,QP093A-0163,2+3+12,yes,TRIAD_ALLOWED,CELL_QP093A-0163_f_-+-,-+-,010,CELL_QP093A-0163_f_+-+,+-+,101,CELL_QP093A-0163_v_+y;CELL_QP093A-0163_v_-x;CELL_QP093A-0163_v_-z,CELL_QP093A-0163_v_+x;CELL_QP093A-0163_v_+z;CELL_QP093A-0163_v_-y,CELL_QP093A-0163_e_+y_-z;CELL_QP093A-0163_e_-x_+y;CELL_QP093A-0163_e_-x_-z,CELL_QP093A-0163_e_+x_+z;CELL_QP093A-0163_e_+x_-y;CELL_QP093A-0163_e_-y_+z,true,true,true,true,OPEN_NO_UNIT_MAPPING,OPEN_CONVENTIONAL_ENGINEERING_INPUT,UNEMITTED_CR286_GATE,false,false
CELL_QP093A-0163_GATE_011_TO_100,CELL_QP093A-0163_PAIR_011_100,CELL_QP093A-0163,QP093A-0163,2+3+12,yes,TRIAD_ALLOWED,CELL_QP093A-0163_f_-++,-++,011,CELL_QP093A-0163_f_+--,+--,100,CELL_QP093A-0163_v_+y;CELL_QP093A-0163_v_+z;CELL_QP093A-0163_v_-x,CELL_QP093A-0163_v_+x;CELL_QP093A-0163_v_-y;CELL_QP093A-0163_v_-z,CELL_QP093A-0163_e_+y_+z;CELL_QP093A-0163_e_-x_+y;CELL_QP093A-0163_e_-x_+z,CELL_QP093A-0163_e_+x_-y;CELL_QP093A-0163_e_+x_-z;CELL_QP093A-0163_e_-y_-z,true,true,true,true,OPEN_NO_UNIT_MAPPING,OPEN_CONVENTIONAL_ENGINEERING_INPUT,UNEMITTED_CR286_GATE,false,false
CELL_QP093A-0163_GATE_100_TO_011,CELL_QP093A-0163_PAIR_011_100,CELL_QP093A-0163,QP093A-0163,2+3+12,yes,TRIAD_ALLOWED,CELL_QP093A-0163_f_+--,+--,100,CELL_QP093A-0163_f_-++,-++,011,CELL_QP093A-0163_v_+x;CELL_QP093A-0163_v_-y;CELL_QP093A-0163_v_-z,CELL_QP093A-0163_v_+y;CELL_QP093A-0163_v_+z;CELL_QP093A-0163_v_-x,CELL_QP093A-0163_e_+x_-y;CELL_QP093A-0163_e_+x_-z;CELL_QP093A-0163_e_-y_-z,CELL_QP093A-0163_e_+y_+z;CELL_QP093A-0163_e_-x_+y;CELL_QP093A-0163_e_-x_+z,true,true,true,true,OPEN_NO_UNIT_MAPPING,OPEN_CONVENTIONAL_ENGINEERING_INPUT,UNEMITTED_CR286_GATE,false,false
CELL_QP093A-0163_GATE_101_TO_010,CELL_QP093A-0163_PAIR_010_101,CELL_QP093A-0163,QP093A-0163,2+3+12,yes,TRIAD_ALLOWED,CELL_QP093A-0163_f_+-+,+-+,101,CELL_QP093A-0163_f_-+-,-+-,010,CELL_QP093A-0163_v_+x;CELL_QP093A-0163_v_+z;CELL_QP093A-0163_v_-y,CELL_QP093A-0163_v_+y;CELL_QP093A-0163_v_-x;CELL_QP093A-0163_v_-z,CELL_QP093A-0163_e_+x_+z;CELL_QP093A-0163_e_+x_-y;CELL_QP093A-0163_e_-y_+z,CELL_QP093A-0163_e_+y_-z;CELL_QP093A-0163_e_-x_+y;CELL_QP093A-0163_e_-x_-z,true,true,true,true,OPEN_NO_UNIT_MAPPING,OPEN_CONVENTIONAL_ENGINEERING_INPUT,UNEMITTED_CR286_GATE,false,false
CELL_QP093A-0163_GATE_110_TO_001,CELL_QP093A-0163_PAIR_001_110,CELL_QP093A-0163,QP093A-0163,2+3+12,yes,TRIAD_ALLOWED,CELL_QP093A-0163_f_++-,++-,110,CELL_QP093A-0163_f_--+,--+,001,CELL_QP093A-0163_v_+x;CELL_QP093A-0163_v_+y;CELL_QP093A-0163_v_-z,CELL_QP093A-0163_v_+z;CELL_QP093A-0163_v_-x;CELL_QP093A-0163_v_-y,CELL_QP093A-0163_e_+x_+y;CELL_QP093A-0163_e_+x_-z;CELL_QP093A-0163_e_+y_-z,CELL_QP093A-0163_e_-x_+z;CELL_QP093A-0163_e_-x_-y;CELL_QP093A-0163_e_-y_+z,true,true,true,true,OPEN_NO_UNIT_MAPPING,OPEN_CONVENTIONAL_ENGINEERING_INPUT,UNEMITTED_CR286_GATE,false,false
CELL_QP093A-0163_GATE_111_TO_000,CELL_QP093A-0163_PAIR_000_111,CELL_QP093A-0163,QP093A-0163,2+3+12,yes,TRIAD_ALLOWED,CELL_QP093A-0163_f_+++,+++,111,CELL_QP093A-0163_f_---,---,000,CELL_QP093A-0163_v_+x;CELL_QP093A-0163_v_+y;CELL_QP093A-0163_v_+z,CELL_QP093A-0163_v_-x;CELL_QP093A-0163_v_-y;CELL_QP093A-0163_v_-z,CELL_QP093A-0163_e_+x_+y;CELL_QP093A-0163_e_+x_+z;CELL_QP093A-0163_e_+y_+z,CELL_QP093A-0163_e_-x_-y;CELL_QP093A-0163_e_-x_-z;CELL_QP093A-0163_e_-y_-z,true,true,true,true,OPEN_NO_UNIT_MAPPING,OPEN_CONVENTIONAL_ENGINEERING_INPUT,UNEMITTED_CR286_GATE,false,false
CELL_QP093A-0164_GATE_000_TO_111,CELL_QP093A-0164_PAIR_000_111,CELL_QP093A-0164,QP093A-0164,2+4+4,yes,TRIAD_ALLOWED,CELL_QP093A-0164_f_---,---,000,CELL_QP093A-0164_f_+++,+++,111,CELL_QP093A-0164_v_-x;CELL_QP093A-0164_v_-y;CELL_QP093A-0164_v_-z,CELL_QP093A-0164_v_+x;CELL_QP093A-0164_v_+y;CELL_QP093A-0164_v_+z,CELL_QP093A-0164_e_-x_-y;CELL_QP093A-0164_e_-x_-z;CELL_QP093A-0164_e_-y_-z,CELL_QP093A-0164_e_+x_+y;CELL_QP093A-0164_e_+x_+z;CELL_QP093A-0164_e_+y_+z,true,true,true,true,OPEN_NO_UNIT_MAPPING,OPEN_CONVENTIONAL_ENGINEERING_INPUT,UNEMITTED_CR286_GATE,false,false
CELL_QP093A-0164_GATE_001_TO_110,CELL_QP093A-0164_PAIR_001_110,CELL_QP093A-0164,QP093A-0164,2+4+4,yes,TRIAD_ALLOWED,CELL_QP093A-0164_f_--+,--+,001,CELL_QP093A-0164_f_++-,++-,110,CELL_QP093A-0164_v_+z;CELL_QP093A-0164_v_-x;CELL_QP093A-0164_v_-y,CELL_QP093A-0164_v_+x;CELL_QP093A-0164_v_+y;CELL_QP093A-0164_v_-z,CELL_QP093A-0164_e_-x_+z;CELL_QP093A-0164_e_-x_-y;CELL_QP093A-0164_e_-y_+z,CELL_QP093A-0164_e_+x_+y;CELL_QP093A-0164_e_+x_-z;CELL_QP093A-0164_e_+y_-z,true,true,true,true,OPEN_NO_UNIT_MAPPING,OPEN_CONVENTIONAL_ENGINEERING_INPUT,UNEMITTED_CR286_GATE,false,false
CELL_QP093A-0164_GATE_010_TO_101,CELL_QP093A-0164_PAIR_010_101,CELL_QP093A-0164,QP093A-0164,2+4+4,yes,TRIAD_ALLOWED,CELL_QP093A-0164_f_-+-,-+-,010,CELL_QP093A-0164_f_+-+,+-+,101,CELL_QP093A-0164_v_+y;CELL_QP093A-0164_v_-x;CELL_QP093A-0164_v_-z,CELL_QP093A-0164_v_+x;CELL_QP093A-0164_v_+z;CELL_QP093A-0164_v_-y,CELL_QP093A-0164_e_+y_-z;CELL_QP093A-0164_e_-x_+y;CELL_QP093A-0164_e_-x_-z,CELL_QP093A-0164_e_+x_+z;CELL_QP093A-0164_e_+x_-y;CELL_QP093A-0164_e_-y_+z,true,true,true,true,OPEN_NO_UNIT_MAPPING,OPEN_CONVENTIONAL_ENGINEERING_INPUT,UNEMITTED_CR286_GATE,false,false
CELL_QP093A-0164_GATE_011_TO_100,CELL_QP093A-0164_PAIR_011_100,CELL_QP093A-0164,QP093A-0164,2+4+4,yes,TRIAD_ALLOWED,CELL_QP093A-0164_f_-++,-++,011,CELL_QP093A-0164_f_+--,+--,100,CELL_QP093A-0164_v_+y;CELL_QP093A-0164_v_+z;CELL_QP093A-0164_v_-x,CELL_QP093A-0164_v_+x;CELL_QP093A-0164_v_-y;CELL_QP093A-0164_v_-z,CELL_QP093A-0164_e_+y_+z;CELL_QP093A-0164_e_-x_+y;CELL_QP093A-0164_e_-x_+z,CELL_QP093A-0164_e_+x_-y;CELL_QP093A-0164_e_+x_-z;CELL_QP093A-0164_e_-y_-z,true,true,true,true,OPEN_NO_UNIT_MAPPING,OPEN_CONVENTIONAL_ENGINEERING_INPUT,UNEMITTED_CR286_GATE,false,false
CELL_QP093A-0164_GATE_100_TO_011,CELL_QP093A-0164_PAIR_011_100,CELL_QP093A-0164,QP093A-0164,2+4+4,yes,TRIAD_ALLOWED,CELL_QP093A-0164_f_+--,+--,100,CELL_QP093A-0164_f_-++,-++,011,CELL_QP093A-0164_v_+x;CELL_QP093A-0164_v_-y;CELL_QP093A-0164_v_-z,CELL_QP093A-0164_v_+y;CELL_QP093A-0164_v_+z;CELL_QP093A-0164_v_-x,CELL_QP093A-0164_e_+x_-y;CELL_QP093A-0164_e_+x_-z;CELL_QP093A-0164_e_-y_-z,CELL_QP093A-0164_e_+y_+z;CELL_QP093A-0164_e_-x_+y;CELL_QP093A-0164_e_-x_+z,true,true,true,true,OPEN_NO_UNIT_MAPPING,OPEN_CONVENTIONAL_ENGINEERING_INPUT,UNEMITTED_CR286_GATE,false,false
CELL_QP093A-0164_GATE_101_TO_010,CELL_QP093A-0164_PAIR_010_101,CELL_QP093A-0164,QP093A-0164,2+4+4,yes,TRIAD_ALLOWED,CELL_QP093A-0164_f_+-+,+-+,101,CELL_QP093A-0164_f_-+-,-+-,010,CELL_QP093A-0164_v_+x;CELL_QP093A-0164_v_+z;CELL_QP093A-0164_v_-y,CELL_QP093A-0164_v_+y;CELL_QP093A-0164_v_-x;CELL_QP093A-0164_v_-z,CELL_QP093A-0164_e_+x_+z;CELL_QP093A-0164_e_+x_-y;CELL_QP093A-0164_e_-y_+z,CELL_QP093A-0164_e_+y_-z;CELL_QP093A-0164_e_-x_+y;CELL_QP093A-0164_e_-x_-z,true,true,true,true,OPEN_NO_UNIT_MAPPING,OPEN_CONVENTIONAL_ENGINEERING_INPUT,UNEMITTED_CR286_GATE,false,false
CELL_QP093A-0164_GATE_110_TO_001,CELL_QP093A-0164_PAIR_001_110,CELL_QP093A-0164,QP093A-0164,2+4+4,yes,TRIAD_ALLOWED,CELL_QP093A-0164_f_++-,++-,110,CELL_QP093A-0164_f_--+,--+,001,CELL_QP093A-0164_v_+x;CELL_QP093A-0164_v_+y;CELL_QP093A-0164_v_-z,CELL_QP093A-0164_v_+z;CELL_QP093A-0164_v_-x;CELL_QP093A-0164_v_-y,CELL_QP093A-0164_e_+x_+y;CELL_QP093A-0164_e_+x_-z;CELL_QP093A-0164_e_+y_-z,CELL_QP093A-0164_e_-x_+z;CELL_QP093A-0164_e_-x_-y;CELL_QP093A-0164_e_-y_+z,true,true,true,true,OPEN_NO_UNIT_MAPPING,OPEN_CONVENTIONAL_ENGINEERING_INPUT,UNEMITTED_CR286_GATE,false,false
CELL_QP093A-0164_GATE_111_TO_000,CELL_QP093A-0164_PAIR_000_111,CELL_QP093A-0164,QP093A-0164,2+4+4,yes,TRIAD_ALLOWED,CELL_QP093A-0164_f_+++,+++,111,CELL_QP093A-0164_f_---,---,000,CELL_QP093A-0164_v_+x;CELL_QP093A-0164_v_+y;CELL_QP093A-0164_v_+z,CELL_QP093A-0164_v_-x;CELL_QP093A-0164_v_-y;CELL_QP093A-0164_v_-z,CELL_QP093A-0164_e_+x_+y;CELL_QP093A-0164_e_+x_+z;CELL_QP093A-0164_e_+y_+z,CELL_QP093A-0164_e_-x_-y;CELL_QP093A-0164_e_-x_-z;CELL_QP093A-0164_e_-y_-z,true,true,true,true,OPEN_NO_UNIT_MAPPING,OPEN_CONVENTIONAL_ENGINEERING_INPUT,UNEMITTED_CR286_GATE,false,false
CELL_QP093A-0165_GATE_000_TO_111,CELL_QP093A-0165_PAIR_000_111,CELL_QP093A-0165,QP093A-0165,2+4+6,yes,TRIAD_ALLOWED,CELL_QP093A-0165_f_---,---,000,CELL_QP093A-0165_f_+++,+++,111,CELL_QP093A-0165_v_-x;CELL_QP093A-0165_v_-y;CELL_QP093A-0165_v_-z,CELL_QP093A-0165_v_+x;CELL_QP093A-0165_v_+y;CELL_QP093A-0165_v_+z,CELL_QP093A-0165_e_-x_-y;CELL_QP093A-0165_e_-x_-z;CELL_QP093A-0165_e_-y_-z,CELL_QP093A-0165_e_+x_+y;CELL_QP093A-0165_e_+x_+z;CELL_QP093A-0165_e_+y_+z,true,true,true,true,OPEN_NO_UNIT_MAPPING,OPEN_CONVENTIONAL_ENGINEERING_INPUT,UNEMITTED_CR286_GATE,false,false
CELL_QP093A-0165_GATE_001_TO_110,CELL_QP093A-0165_PAIR_001_110,CELL_QP093A-0165,QP093A-0165,2+4+6,yes,TRIAD_ALLOWED,CELL_QP093A-0165_f_--+,--+,001,CELL_QP093A-0165_f_++-,++-,110,CELL_QP093A-0165_v_+z;CELL_QP093A-0165_v_-x;CELL_QP093A-0165_v_-y,CELL_QP093A-0165_v_+x;CELL_QP093A-0165_v_+y;CELL_QP093A-0165_v_-z,CELL_QP093A-0165_e_-x_+z;CELL_QP093A-0165_e_-x_-y;CELL_QP093A-0165_e_-y_+z,CELL_QP093A-0165_e_+x_+y;CELL_QP093A-0165_e_+x_-z;CELL_QP093A-0165_e_+y_-z,true,true,true,true,OPEN_NO_UNIT_MAPPING,OPEN_CONVENTIONAL_ENGINEERING_INPUT,UNEMITTED_CR286_GATE,false,false
CELL_QP093A-0165_GATE_010_TO_101,CELL_QP093A-0165_PAIR_010_101,CELL_QP093A-0165,QP093A-0165,2+4+6,yes,TRIAD_ALLOWED,CELL_QP093A-0165_f_-+-,-+-,010,CELL_QP093A-0165_f_+-+,+-+,101,CELL_QP093A-0165_v_+y;CELL_QP093A-0165_v_-x;CELL_QP093A-0165_v_-z,CELL_QP093A-0165_v_+x;CELL_QP093A-0165_v_+z;CELL_QP093A-0165_v_-y,CELL_QP093A-0165_e_+y_-z;CELL_QP093A-0165_e_-x_+y;CELL_QP093A-0165_e_-x_-z,CELL_QP093A-0165_e_+x_+z;CELL_QP093A-0165_e_+x_-y;CELL_QP093A-0165_e_-y_+z,true,true,true,true,OPEN_NO_UNIT_MAPPING,OPEN_CONVENTIONAL_ENGINEERING_INPUT,UNEMITTED_CR286_GATE,false,false
CELL_QP093A-0165_GATE_011_TO_100,CELL_QP093A-0165_PAIR_011_100,CELL_QP093A-0165,QP093A-0165,2+4+6,yes,TRIAD_ALLOWED,CELL_QP093A-0165_f_-++,-++,011,CELL_QP093A-0165_f_+--,+--,100,CELL_QP093A-0165_v_+y;CELL_QP093A-0165_v_+z;CELL_QP093A-0165_v_-x,CELL_QP093A-0165_v_+x;CELL_QP093A-0165_v_-y;CELL_QP093A-0165_v_-z,CELL_QP093A-0165_e_+y_+z;CELL_QP093A-0165_e_-x_+y;CELL_QP093A-0165_e_-x_+z,CELL_QP093A-0165_e_+x_-y;CELL_QP093A-0165_e_+x_-z;CELL_QP093A-0165_e_-y_-z,true,true,true,true,OPEN_NO_UNIT_MAPPING,OPEN_CONVENTIONAL_ENGINEERING_INPUT,UNEMITTED_CR286_GATE,false,false
CELL_QP093A-0165_GATE_100_TO_011,CELL_QP093A-0165_PAIR_011_100,CELL_QP093A-0165,QP093A-0165,2+4+6,yes,TRIAD_ALLOWED,CELL_QP093A-0165_f_+--,+--,100,CELL_QP093A-0165_f_-++,-++,011,CELL_QP093A-0165_v_+x;CELL_QP093A-0165_v_-y;CELL_QP093A-0165_v_-z,CELL_QP093A-0165_v_+y;CELL_QP093A-0165_v_+z;CELL_QP093A-0165_v_-x,CELL_QP093A-0165_e_+x_-y;CELL_QP093A-0165_e_+x_-z;CELL_QP093A-0165_e_-y_-z,CELL_QP093A-0165_e_+y_+z;CELL_QP093A-0165_e_-x_+y;CELL_QP093A-0165_e_-x_+z,true,true,true,true,OPEN_NO_UNIT_MAPPING,OPEN_CONVENTIONAL_ENGINEERING_INPUT,UNEMITTED_CR286_GATE,false,false
CELL_QP093A-0165_GATE_101_TO_010,CELL_QP093A-0165_PAIR_010_101,CELL_QP093A-0165,QP093A-0165,2+4+6,yes,TRIAD_ALLOWED,CELL_QP093A-0165_f_+-+,+-+,101,CELL_QP093A-0165_f_-+-,-+-,010,CELL_QP093A-0165_v_+x;CELL_QP093A-0165_v_+z;CELL_QP093A-0165_v_-y,CELL_QP093A-0165_v_+y;CELL_QP093A-0165_v_-x;CELL_QP093A-0165_v_-z,CELL_QP093A-0165_e_+x_+z;CELL_QP093A-0165_e_+x_-y;CELL_QP093A-0165_e_-y_+z,CELL_QP093A-0165_e_+y_-z;CELL_QP093A-0165_e_-x_+y;CELL_QP093A-0165_e_-x_-z,true,true,true,true,OPEN_NO_UNIT_MAPPING,OPEN_CONVENTIONAL_ENGINEERING_INPUT,UNEMITTED_CR286_GATE,false,false
CELL_QP093A-0165_GATE_110_TO_001,CELL_QP093A-0165_PAIR_001_110,CELL_QP093A-0165,QP093A-0165,2+4+6,yes,TRIAD_ALLOWED,CELL_QP093A-0165_f_++-,++-,110,CELL_QP093A-0165_f_--+,--+,001,CELL_QP093A-0165_v_+x;CELL_QP093A-0165_v_+y;CELL_QP093A-0165_v_-z,CELL_QP093A-0165_v_+z;CELL_QP093A-0165_v_-x;CELL_QP093A-0165_v_-y,CELL_QP093A-0165_e_+x_+y;CELL_QP093A-0165_e_+x_-z;CELL_QP093A-0165_e_+y_-z,CELL_QP093A-0165_e_-x_+z;CELL_QP093A-0165_e_-x_-y;CELL_QP093A-0165_e_-y_+z,true,true,true,true,OPEN_NO_UNIT_MAPPING,OPEN_CONVENTIONAL_ENGINEERING_INPUT,UNEMITTED_CR286_GATE,false,false
CELL_QP093A-0165_GATE_111_TO_000,CELL_QP093A-0165_PAIR_000_111,CELL_QP093A-0165,QP093A-0165,2+4+6,yes,TRIAD_ALLOWED,CELL_QP093A-0165_f_+++,+++,111,CELL_QP093A-0165_f_---,---,000,CELL_QP093A-0165_v_+x;CELL_QP093A-0165_v_+y;CELL_QP093A-0165_v_+z,CELL_QP093A-0165_v_-x;CELL_QP093A-0165_v_-y;CELL_QP093A-0165_v_-z,CELL_QP093A-0165_e_+x_+y;CELL_QP093A-0165_e_+x_+z;CELL_QP093A-0165_e_+y_+z,CELL_QP093A-0165_e_-x_-y;CELL_QP093A-0165_e_-x_-z;CELL_QP093A-0165_e_-y_-z,true,true,true,true,OPEN_NO_UNIT_MAPPING,OPEN_CONVENTIONAL_ENGINEERING_INPUT,UNEMITTED_CR286_GATE,false,false
CELL_QP093A-0166_GATE_000_TO_111,CELL_QP093A-0166_PAIR_000_111,CELL_QP093A-0166,QP093A-0166,2+4+8,yes,TRIAD_ALLOWED,CELL_QP093A-0166_f_---,---,000,CELL_QP093A-0166_f_+++,+++,111,CELL_QP093A-0166_v_-x;CELL_QP093A-0166_v_-y;CELL_QP093A-0166_v_-z,CELL_QP093A-0166_v_+x;CELL_QP093A-0166_v_+y;CELL_QP093A-0166_v_+z,CELL_QP093A-0166_e_-x_-y;CELL_QP093A-0166_e_-x_-z;CELL_QP093A-0166_e_-y_-z,CELL_QP093A-0166_e_+x_+y;CELL_QP093A-0166_e_+x_+z;CELL_QP093A-0166_e_+y_+z,true,true,true,true,OPEN_NO_UNIT_MAPPING,OPEN_CONVENTIONAL_ENGINEERING_INPUT,UNEMITTED_CR286_GATE,false,false
CELL_QP093A-0166_GATE_001_TO_110,CELL_QP093A-0166_PAIR_001_110,CELL_QP093A-0166,QP093A-0166,2+4+8,yes,TRIAD_ALLOWED,CELL_QP093A-0166_f_--+,--+,001,CELL_QP093A-0166_f_++-,++-,110,CELL_QP093A-0166_v_+z;CELL_QP093A-0166_v_-x;CELL_QP093A-0166_v_-y,CELL_QP093A-0166_v_+x;CELL_QP093A-0166_v_+y;CELL_QP093A-0166_v_-z,CELL_QP093A-0166_e_-x_+z;CELL_QP093A-0166_e_-x_-y;CELL_QP093A-0166_e_-y_+z,CELL_QP093A-0166_e_+x_+y;CELL_QP093A-0166_e_+x_-z;CELL_QP093A-0166_e_+y_-z,true,true,true,true,OPEN_NO_UNIT_MAPPING,OPEN_CONVENTIONAL_ENGINEERING_INPUT,UNEMITTED_CR286_GATE,false,false
CELL_QP093A-0166_GATE_010_TO_101,CELL_QP093A-0166_PAIR_010_101,CELL_QP093A-0166,QP093A-0166,2+4+8,yes,TRIAD_ALLOWED,CELL_QP093A-0166_f_-+-,-+-,010,CELL_QP093A-0166_f_+-+,+-+,101,CELL_QP093A-0166_v_+y;CELL_QP093A-0166_v_-x;CELL_QP093A-0166_v_-z,CELL_QP093A-0166_v_+x;CELL_QP093A-0166_v_+z;CELL_QP093A-0166_v_-y,CELL_QP093A-0166_e_+y_-z;CELL_QP093A-0166_e_-x_+y;CELL_QP093A-0166_e_-x_-z,CELL_QP093A-0166_e_+x_+z;CELL_QP093A-0166_e_+x_-y;CELL_QP093A-0166_e_-y_+z,true,true,true,true,OPEN_NO_UNIT_MAPPING,OPEN_CONVENTIONAL_ENGINEERING_INPUT,UNEMITTED_CR286_GATE,false,false
CELL_QP093A-0166_GATE_011_TO_100,CELL_QP093A-0166_PAIR_011_100,CELL_QP093A-0166,QP093A-0166,2+4+8,yes,TRIAD_ALLOWED,CELL_QP093A-0166_f_-++,-++,011,CELL_QP093A-0166_f_+--,+--,100,CELL_QP093A-0166_v_+y;CELL_QP093A-0166_v_+z;CELL_QP093A-0166_v_-x,CELL_QP093A-0166_v_+x;CELL_QP093A-0166_v_-y;CELL_QP093A-0166_v_-z,CELL_QP093A-0166_e_+y_+z;CELL_QP093A-0166_e_-x_+y;CELL_QP093A-0166_e_-x_+z,CELL_QP093A-0166_e_+x_-y;CELL_QP093A-0166_e_+x_-z;CELL_QP093A-0166_e_-y_-z,true,true,true,true,OPEN_NO_UNIT_MAPPING,OPEN_CONVENTIONAL_ENGINEERING_INPUT,UNEMITTED_CR286_GATE,false,false
CELL_QP093A-0166_GATE_100_TO_011,CELL_QP093A-0166_PAIR_011_100,CELL_QP093A-0166,QP093A-0166,2+4+8,yes,TRIAD_ALLOWED,CELL_QP093A-0166_f_+--,+--,100,CELL_QP093A-0166_f_-++,-++,011,CELL_QP093A-0166_v_+x;CELL_QP093A-0166_v_-y;CELL_QP093A-0166_v_-z,CELL_QP093A-0166_v_+y;CELL_QP093A-0166_v_+z;CELL_QP093A-0166_v_-x,CELL_QP093A-0166_e_+x_-y;CELL_QP093A-0166_e_+x_-z;CELL_QP093A-0166_e_-y_-z,CELL_QP093A-0166_e_+y_+z;CELL_QP093A-0166_e_-x_+y;CELL_QP093A-0166_e_-x_+z,true,true,true,true,OPEN_NO_UNIT_MAPPING,OPEN_CONVENTIONAL_ENGINEERING_INPUT,UNEMITTED_CR286_GATE,false,false
CELL_QP093A-0166_GATE_101_TO_010,CELL_QP093A-0166_PAIR_010_101,CELL_QP093A-0166,QP093A-0166,2+4+8,yes,TRIAD_ALLOWED,CELL_QP093A-0166_f_+-+,+-+,101,CELL_QP093A-0166_f_-+-,-+-,010,CELL_QP093A-0166_v_+x;CELL_QP093A-0166_v_+z;CELL_QP093A-0166_v_-y,CELL_QP093A-0166_v_+y;CELL_QP093A-0166_v_-x;CELL_QP093A-0166_v_-z,CELL_QP093A-0166_e_+x_+z;CELL_QP093A-0166_e_+x_-y;CELL_QP093A-0166_e_-y_+z,CELL_QP093A-0166_e_+y_-z;CELL_QP093A-0166_e_-x_+y;CELL_QP093A-0166_e_-x_-z,true,true,true,true,OPEN_NO_UNIT_MAPPING,OPEN_CONVENTIONAL_ENGINEERING_INPUT,UNEMITTED_CR286_GATE,false,false
CELL_QP093A-0166_GATE_110_TO_001,CELL_QP093A-0166_PAIR_001_110,CELL_QP093A-0166,QP093A-0166,2+4+8,yes,TRIAD_ALLOWED,CELL_QP093A-0166_f_++-,++-,110,CELL_QP093A-0166_f_--+,--+,001,CELL_QP093A-0166_v_+x;CELL_QP093A-0166_v_+y;CELL_QP093A-0166_v_-z,CELL_QP093A-0166_v_+z;CELL_QP093A-0166_v_-x;CELL_QP093A-0166_v_-y,CELL_QP093A-0166_e_+x_+y;CELL_QP093A-0166_e_+x_-z;CELL_QP093A-0166_e_+y_-z,CELL_QP093A-0166_e_-x_+z;CELL_QP093A-0166_e_-x_-y;CELL_QP093A-0166_e_-y_+z,true,true,true,true,OPEN_NO_UNIT_MAPPING,OPEN_CONVENTIONAL_ENGINEERING_INPUT,UNEMITTED_CR286_GATE,false,false
CELL_QP093A-0166_GATE_111_TO_000,CELL_QP093A-0166_PAIR_000_111,CELL_QP093A-0166,QP093A-0166,2+4+8,yes,TRIAD_ALLOWED,CELL_QP093A-0166_f_+++,+++,111,CELL_QP093A-0166_f_---,---,000,CELL_QP093A-0166_v_+x;CELL_QP093A-0166_v_+y;CELL_QP093A-0166_v_+z,CELL_QP093A-0166_v_-x;CELL_QP093A-0166_v_-y;CELL_QP093A-0166_v_-z,CELL_QP093A-0166_e_+x_+y;CELL_QP093A-0166_e_+x_+z;CELL_QP093A-0166_e_+y_+z,CELL_QP093A-0166_e_-x_-y;CELL_QP093A-0166_e_-x_-z;CELL_QP093A-0166_e_-y_-z,true,true,true,true,OPEN_NO_UNIT_MAPPING,OPEN_CONVENTIONAL_ENGINEERING_INPUT,UNEMITTED_CR286_GATE,false,false
CELL_QP093A-0167_GATE_000_TO_111,CELL_QP093A-0167_PAIR_000_111,CELL_QP093A-0167,QP093A-0167,2+4+9,yes,TRIAD_ALLOWED,CELL_QP093A-0167_f_---,---,000,CELL_QP093A-0167_f_+++,+++,111,CELL_QP093A-0167_v_-x;CELL_QP093A-0167_v_-y;CELL_QP093A-0167_v_-z,CELL_QP093A-0167_v_+x;CELL_QP093A-0167_v_+y;CELL_QP093A-0167_v_+z,CELL_QP093A-0167_e_-x_-y;CELL_QP093A-0167_e_-x_-z;CELL_QP093A-0167_e_-y_-z,CELL_QP093A-0167_e_+x_+y;CELL_QP093A-0167_e_+x_+z;CELL_QP093A-0167_e_+y_+z,true,true,true,true,OPEN_NO_UNIT_MAPPING,OPEN_CONVENTIONAL_ENGINEERING_INPUT,UNEMITTED_CR286_GATE,false,false
CELL_QP093A-0167_GATE_001_TO_110,CELL_QP093A-0167_PAIR_001_110,CELL_QP093A-0167,QP093A-0167,2+4+9,yes,TRIAD_ALLOWED,CELL_QP093A-0167_f_--+,--+,001,CELL_QP093A-0167_f_++-,++-,110,CELL_QP093A-0167_v_+z;CELL_QP093A-0167_v_-x;CELL_QP093A-0167_v_-y,CELL_QP093A-0167_v_+x;CELL_QP093A-0167_v_+y;CELL_QP093A-0167_v_-z,CELL_QP093A-0167_e_-x_+z;CELL_QP093A-0167_e_-x_-y;CELL_QP093A-0167_e_-y_+z,CELL_QP093A-0167_e_+x_+y;CELL_QP093A-0167_e_+x_-z;CELL_QP093A-0167_e_+y_-z,true,true,true,true,OPEN_NO_UNIT_MAPPING,OPEN_CONVENTIONAL_ENGINEERING_INPUT,UNEMITTED_CR286_GATE,false,false
CELL_QP093A-0167_GATE_010_TO_101,CELL_QP093A-0167_PAIR_010_101,CELL_QP093A-0167,QP093A-0167,2+4+9,yes,TRIAD_ALLOWED,CELL_QP093A-0167_f_-+-,-+-,010,CELL_QP093A-0167_f_+-+,+-+,101,CELL_QP093A-0167_v_+y;CELL_QP093A-0167_v_-x;CELL_QP093A-0167_v_-z,CELL_QP093A-0167_v_+x;CELL_QP093A-0167_v_+z;CELL_QP093A-0167_v_-y,CELL_QP093A-0167_e_+y_-z;CELL_QP093A-0167_e_-x_+y;CELL_QP093A-0167_e_-x_-z,CELL_QP093A-0167_e_+x_+z;CELL_QP093A-0167_e_+x_-y;CELL_QP093A-0167_e_-y_+z,true,true,true,true,OPEN_NO_UNIT_MAPPING,OPEN_CONVENTIONAL_ENGINEERING_INPUT,UNEMITTED_CR286_GATE,false,false
CELL_QP093A-0167_GATE_011_TO_100,CELL_QP093A-0167_PAIR_011_100,CELL_QP093A-0167,QP093A-0167,2+4+9,yes,TRIAD_ALLOWED,CELL_QP093A-0167_f_-++,-++,011,CELL_QP093A-0167_f_+--,+--,100,CELL_QP093A-0167_v_+y;CELL_QP093A-0167_v_+z;CELL_QP093A-0167_v_-x,CELL_QP093A-0167_v_+x;CELL_QP093A-0167_v_-y;CELL_QP093A-0167_v_-z,CELL_QP093A-0167_e_+y_+z;CELL_QP093A-0167_e_-x_+y;CELL_QP093A-0167_e_-x_+z,CELL_QP093A-0167_e_+x_-y;CELL_QP093A-0167_e_+x_-z;CELL_QP093A-0167_e_-y_-z,true,true,true,true,OPEN_NO_UNIT_MAPPING,OPEN_CONVENTIONAL_ENGINEERING_INPUT,UNEMITTED_CR286_GATE,false,false
CELL_QP093A-0167_GATE_100_TO_011,CELL_QP093A-0167_PAIR_011_100,CELL_QP093A-0167,QP093A-0167,2+4+9,yes,TRIAD_ALLOWED,CELL_QP093A-0167_f_+--,+--,100,CELL_QP093A-0167_f_-++,-++,011,CELL_QP093A-0167_v_+x;CELL_QP093A-0167_v_-y;CELL_QP093A-0167_v_-z,CELL_QP093A-0167_v_+y;CELL_QP093A-0167_v_+z;CELL_QP093A-0167_v_-x,CELL_QP093A-0167_e_+x_-y;CELL_QP093A-0167_e_+x_-z;CELL_QP093A-0167_e_-y_-z,CELL_QP093A-0167_e_+y_+z;CELL_QP093A-0167_e_-x_+y;CELL_QP093A-0167_e_-x_+z,true,true,true,true,OPEN_NO_UNIT_MAPPING,OPEN_CONVENTIONAL_ENGINEERING_INPUT,UNEMITTED_CR286_GATE,false,false
CELL_QP093A-0167_GATE_101_TO_010,CELL_QP093A-0167_PAIR_010_101,CELL_QP093A-0167,QP093A-0167,2+4+9,yes,TRIAD_ALLOWED,CELL_QP093A-0167_f_+-+,+-+,101,CELL_QP093A-0167_f_-+-,-+-,010,CELL_QP093A-0167_v_+x;CELL_QP093A-0167_v_+z;CELL_QP093A-0167_v_-y,CELL_QP093A-0167_v_+y;CELL_QP093A-0167_v_-x;CELL_QP093A-0167_v_-z,CELL_QP093A-0167_e_+x_+z;CELL_QP093A-0167_e_+x_-y;CELL_QP093A-0167_e_-y_+z,CELL_QP093A-0167_e_+y_-z;CELL_QP093A-0167_e_-x_+y;CELL_QP093A-0167_e_-x_-z,true,true,true,true,OPEN_NO_UNIT_MAPPING,OPEN_CONVENTIONAL_ENGINEERING_INPUT,UNEMITTED_CR286_GATE,false,false
CELL_QP093A-0167_GATE_110_TO_001,CELL_QP093A-0167_PAIR_001_110,CELL_QP093A-0167,QP093A-0167,2+4+9,yes,TRIAD_ALLOWED,CELL_QP093A-0167_f_++-,++-,110,CELL_QP093A-0167_f_--+,--+,001,CELL_QP093A-0167_v_+x;CELL_QP093A-0167_v_+y;CELL_QP093A-0167_v_-z,CELL_QP093A-0167_v_+z;CELL_QP093A-0167_v_-x;CELL_QP093A-0167_v_-y,CELL_QP093A-0167_e_+x_+y;CELL_QP093A-0167_e_+x_-z;CELL_QP093A-0167_e_+y_-z,CELL_QP093A-0167_e_-x_+z;CELL_QP093A-0167_e_-x_-y;CELL_QP093A-0167_e_-y_+z,true,true,true,true,OPEN_NO_UNIT_MAPPING,OPEN_CONVENTIONAL_ENGINEERING_INPUT,UNEMITTED_CR286_GATE,false,false
CELL_QP093A-0167_GATE_111_TO_000,CELL_QP093A-0167_PAIR_000_111,CELL_QP093A-0167,QP093A-0167,2+4+9,yes,TRIAD_ALLOWED,CELL_QP093A-0167_f_+++,+++,111,CELL_QP093A-0167_f_---,---,000,CELL_QP093A-0167_v_+x;CELL_QP093A-0167_v_+y;CELL_QP093A-0167_v_+z,CELL_QP093A-0167_v_-x;CELL_QP093A-0167_v_-y;CELL_QP093A-0167_v_-z,CELL_QP093A-0167_e_+x_+y;CELL_QP093A-0167_e_+x_+z;CELL_QP093A-0167_e_+y_+z,CELL_QP093A-0167_e_-x_-y;CELL_QP093A-0167_e_-x_-z;CELL_QP093A-0167_e_-y_-z,true,true,true,true,OPEN_NO_UNIT_MAPPING,OPEN_CONVENTIONAL_ENGINEERING_INPUT,UNEMITTED_CR286_GATE,false,false
CELL_QP093A-0168_GATE_000_TO_111,CELL_QP093A-0168_PAIR_000_111,CELL_QP093A-0168,QP093A-0168,2+4+12,yes,TRIAD_ALLOWED,CELL_QP093A-0168_f_---,---,000,CELL_QP093A-0168_f_+++,+++,111,CELL_QP093A-0168_v_-x;CELL_QP093A-0168_v_-y;CELL_QP093A-0168_v_-z,CELL_QP093A-0168_v_+x;CELL_QP093A-0168_v_+y;CELL_QP093A-0168_v_+z,CELL_QP093A-0168_e_-x_-y;CELL_QP093A-0168_e_-x_-z;CELL_QP093A-0168_e_-y_-z,CELL_QP093A-0168_e_+x_+y;CELL_QP093A-0168_e_+x_+z;CELL_QP093A-0168_e_+y_+z,true,true,true,true,OPEN_NO_UNIT_MAPPING,OPEN_CONVENTIONAL_ENGINEERING_INPUT,UNEMITTED_CR286_GATE,false,false
CELL_QP093A-0168_GATE_001_TO_110,CELL_QP093A-0168_PAIR_001_110,CELL_QP093A-0168,QP093A-0168,2+4+12,yes,TRIAD_ALLOWED,CELL_QP093A-0168_f_--+,--+,001,CELL_QP093A-0168_f_++-,++-,110,CELL_QP093A-0168_v_+z;CELL_QP093A-0168_v_-x;CELL_QP093A-0168_v_-y,CELL_QP093A-0168_v_+x;CELL_QP093A-0168_v_+y;CELL_QP093A-0168_v_-z,CELL_QP093A-0168_e_-x_+z;CELL_QP093A-0168_e_-x_-y;CELL_QP093A-0168_e_-y_+z,CELL_QP093A-0168_e_+x_+y;CELL_QP093A-0168_e_+x_-z;CELL_QP093A-0168_e_+y_-z,true,true,true,true,OPEN_NO_UNIT_MAPPING,OPEN_CONVENTIONAL_ENGINEERING_INPUT,UNEMITTED_CR286_GATE,false,false
CELL_QP093A-0168_GATE_010_TO_101,CELL_QP093A-0168_PAIR_010_101,CELL_QP093A-0168,QP093A-0168,2+4+12,yes,TRIAD_ALLOWED,CELL_QP093A-0168_f_-+-,-+-,010,CELL_QP093A-0168_f_+-+,+-+,101,CELL_QP093A-0168_v_+y;CELL_QP093A-0168_v_-x;CELL_QP093A-0168_v_-z,CELL_QP093A-0168_v_+x;CELL_QP093A-0168_v_+z;CELL_QP093A-0168_v_-y,CELL_QP093A-0168_e_+y_-z;CELL_QP093A-0168_e_-x_+y;CELL_QP093A-0168_e_-x_-z,CELL_QP093A-0168_e_+x_+z;CELL_QP093A-0168_e_+x_-y;CELL_QP093A-0168_e_-y_+z,true,true,true,true,OPEN_NO_UNIT_MAPPING,OPEN_CONVENTIONAL_ENGINEERING_INPUT,UNEMITTED_CR286_GATE,false,false
CELL_QP093A-0168_GATE_011_TO_100,CELL_QP093A-0168_PAIR_011_100,CELL_QP093A-0168,QP093A-0168,2+4+12,yes,TRIAD_ALLOWED,CELL_QP093A-0168_f_-++,-++,011,CELL_QP093A-0168_f_+--,+--,100,CELL_QP093A-0168_v_+y;CELL_QP093A-0168_v_+z;CELL_QP093A-0168_v_-x,CELL_QP093A-0168_v_+x;CELL_QP093A-0168_v_-y;CELL_QP093A-0168_v_-z,CELL_QP093A-0168_e_+y_+z;CELL_QP093A-0168_e_-x_+y;CELL_QP093A-0168_e_-x_+z,CELL_QP093A-0168_e_+x_-y;CELL_QP093A-0168_e_+x_-z;CELL_QP093A-0168_e_-y_-z,true,true,true,true,OPEN_NO_UNIT_MAPPING,OPEN_CONVENTIONAL_ENGINEERING_INPUT,UNEMITTED_CR286_GATE,false,false
CELL_QP093A-0168_GATE_100_TO_011,CELL_QP093A-0168_PAIR_011_100,CELL_QP093A-0168,QP093A-0168,2+4+12,yes,TRIAD_ALLOWED,CELL_QP093A-0168_f_+--,+--,100,CELL_QP093A-0168_f_-++,-++,011,CELL_QP093A-0168_v_+x;CELL_QP093A-0168_v_-y;CELL_QP093A-0168_v_-z,CELL_QP093A-0168_v_+y;CELL_QP093A-0168_v_+z;CELL_QP093A-0168_v_-x,CELL_QP093A-0168_e_+x_-y;CELL_QP093A-0168_e_+x_-z;CELL_QP093A-0168_e_-y_-z,CELL_QP093A-0168_e_+y_+z;CELL_QP093A-0168_e_-x_+y;CELL_QP093A-0168_e_-x_+z,true,true,true,true,OPEN_NO_UNIT_MAPPING,OPEN_CONVENTIONAL_ENGINEERING_INPUT,UNEMITTED_CR286_GATE,false,false
CELL_QP093A-0168_GATE_101_TO_010,CELL_QP093A-0168_PAIR_010_101,CELL_QP093A-0168,QP093A-0168,2+4+12,yes,TRIAD_ALLOWED,CELL_QP093A-0168_f_+-+,+-+,101,CELL_QP093A-0168_f_-+-,-+-,010,CELL_QP093A-0168_v_+x;CELL_QP093A-0168_v_+z;CELL_QP093A-0168_v_-y,CELL_QP093A-0168_v_+y;CELL_QP093A-0168_v_-x;CELL_QP093A-0168_v_-z,CELL_QP093A-0168_e_+x_+z;CELL_QP093A-0168_e_+x_-y;CELL_QP093A-0168_e_-y_+z,CELL_QP093A-0168_e_+y_-z;CELL_QP093A-0168_e_-x_+y;CELL_QP093A-0168_e_-x_-z,true,true,true,true,OPEN_NO_UNIT_MAPPING,OPEN_CONVENTIONAL_ENGINEERING_INPUT,UNEMITTED_CR286_GATE,false,false
CELL_QP093A-0168_GATE_110_TO_001,CELL_QP093A-0168_PAIR_001_110,CELL_QP093A-0168,QP093A-0168,2+4+12,yes,TRIAD_ALLOWED,CELL_QP093A-0168_f_++-,++-,110,CELL_QP093A-0168_f_--+,--+,001,CELL_QP093A-0168_v_+x;CELL_QP093A-0168_v_+y;CELL_QP093A-0168_v_-z,CELL_QP093A-0168_v_+z;CELL_QP093A-0168_v_-x;CELL_QP093A-0168_v_-y,CELL_QP093A-0168_e_+x_+y;CELL_QP093A-0168_e_+x_-z;CELL_QP093A-0168_e_+y_-z,CELL_QP093A-0168_e_-x_+z;CELL_QP093A-0168_e_-x_-y;CELL_QP093A-0168_e_-y_+z,true,true,true,true,OPEN_NO_UNIT_MAPPING,OPEN_CONVENTIONAL_ENGINEERING_INPUT,UNEMITTED_CR286_GATE,false,false
CELL_QP093A-0168_GATE_111_TO_000,CELL_QP093A-0168_PAIR_000_111,CELL_QP093A-0168,QP093A-0168,2+4+12,yes,TRIAD_ALLOWED,CELL_QP093A-0168_f_+++,+++,111,CELL_QP093A-0168_f_---,---,000,CELL_QP093A-0168_v_+x;CELL_QP093A-0168_v_+y;CELL_QP093A-0168_v_+z,CELL_QP093A-0168_v_-x;CELL_QP093A-0168_v_-y;CELL_QP093A-0168_v_-z,CELL_QP093A-0168_e_+x_+y;CELL_QP093A-0168_e_+x_+z;CELL_QP093A-0168_e_+y_+z,CELL_QP093A-0168_e_-x_-y;CELL_QP093A-0168_e_-x_-z;CELL_QP093A-0168_e_-y_-z,true,true,true,true,OPEN_NO_UNIT_MAPPING,OPEN_CONVENTIONAL_ENGINEERING_INPUT,UNEMITTED_CR286_GATE,false,false
CELL_QP093A-0169_GATE_000_TO_111,CELL_QP093A-0169_PAIR_000_111,CELL_QP093A-0169,QP093A-0169,2+6+6,yes,TRIAD_ALLOWED,CELL_QP093A-0169_f_---,---,000,CELL_QP093A-0169_f_+++,+++,111,CELL_QP093A-0169_v_-x;CELL_QP093A-0169_v_-y;CELL_QP093A-0169_v_-z,CELL_QP093A-0169_v_+x;CELL_QP093A-0169_v_+y;CELL_QP093A-0169_v_+z,CELL_QP093A-0169_e_-x_-y;CELL_QP093A-0169_e_-x_-z;CELL_QP093A-0169_e_-y_-z,CELL_QP093A-0169_e_+x_+y;CELL_QP093A-0169_e_+x_+z;CELL_QP093A-0169_e_+y_+z,true,true,true,true,OPEN_NO_UNIT_MAPPING,OPEN_CONVENTIONAL_ENGINEERING_INPUT,UNEMITTED_CR286_GATE,false,false
CELL_QP093A-0169_GATE_001_TO_110,CELL_QP093A-0169_PAIR_001_110,CELL_QP093A-0169,QP093A-0169,2+6+6,yes,TRIAD_ALLOWED,CELL_QP093A-0169_f_--+,--+,001,CELL_QP093A-0169_f_++-,++-,110,CELL_QP093A-0169_v_+z;CELL_QP093A-0169_v_-x;CELL_QP093A-0169_v_-y,CELL_QP093A-0169_v_+x;CELL_QP093A-0169_v_+y;CELL_QP093A-0169_v_-z,CELL_QP093A-0169_e_-x_+z;CELL_QP093A-0169_e_-x_-y;CELL_QP093A-0169_e_-y_+z,CELL_QP093A-0169_e_+x_+y;CELL_QP093A-0169_e_+x_-z;CELL_QP093A-0169_e_+y_-z,true,true,true,true,OPEN_NO_UNIT_MAPPING,OPEN_CONVENTIONAL_ENGINEERING_INPUT,UNEMITTED_CR286_GATE,false,false
CELL_QP093A-0169_GATE_010_TO_101,CELL_QP093A-0169_PAIR_010_101,CELL_QP093A-0169,QP093A-0169,2+6+6,yes,TRIAD_ALLOWED,CELL_QP093A-0169_f_-+-,-+-,010,CELL_QP093A-0169_f_+-+,+-+,101,CELL_QP093A-0169_v_+y;CELL_QP093A-0169_v_-x;CELL_QP093A-0169_v_-z,CELL_QP093A-0169_v_+x;CELL_QP093A-0169_v_+z;CELL_QP093A-0169_v_-y,CELL_QP093A-0169_e_+y_-z;CELL_QP093A-0169_e_-x_+y;CELL_QP093A-0169_e_-x_-z,CELL_QP093A-0169_e_+x_+z;CELL_QP093A-0169_e_+x_-y;CELL_QP093A-0169_e_-y_+z,true,true,true,true,OPEN_NO_UNIT_MAPPING,OPEN_CONVENTIONAL_ENGINEERING_INPUT,UNEMITTED_CR286_GATE,false,false
CELL_QP093A-0169_GATE_011_TO_100,CELL_QP093A-0169_PAIR_011_100,CELL_QP093A-0169,QP093A-0169,2+6+6,yes,TRIAD_ALLOWED,CELL_QP093A-0169_f_-++,-++,011,CELL_QP093A-0169_f_+--,+--,100,CELL_QP093A-0169_v_+y;CELL_QP093A-0169_v_+z;CELL_QP093A-0169_v_-x,CELL_QP093A-0169_v_+x;CELL_QP093A-0169_v_-y;CELL_QP093A-0169_v_-z,CELL_QP093A-0169_e_+y_+z;CELL_QP093A-0169_e_-x_+y;CELL_QP093A-0169_e_-x_+z,CELL_QP093A-0169_e_+x_-y;CELL_QP093A-0169_e_+x_-z;CELL_QP093A-0169_e_-y_-z,true,true,true,true,OPEN_NO_UNIT_MAPPING,OPEN_CONVENTIONAL_ENGINEERING_INPUT,UNEMITTED_CR286_GATE,false,false
CELL_QP093A-0169_GATE_100_TO_011,CELL_QP093A-0169_PAIR_011_100,CELL_QP093A-0169,QP093A-0169,2+6+6,yes,TRIAD_ALLOWED,CELL_QP093A-0169_f_+--,+--,100,CELL_QP093A-0169_f_-++,-++,011,CELL_QP093A-0169_v_+x;CELL_QP093A-0169_v_-y;CELL_QP093A-0169_v_-z,CELL_QP093A-0169_v_+y;CELL_QP093A-0169_v_+z;CELL_QP093A-0169_v_-x,CELL_QP093A-0169_e_+x_-y;CELL_QP093A-0169_e_+x_-z;CELL_QP093A-0169_e_-y_-z,CELL_QP093A-0169_e_+y_+z;CELL_QP093A-0169_e_-x_+y;CELL_QP093A-0169_e_-x_+z,true,true,true,true,OPEN_NO_UNIT_MAPPING,OPEN_CONVENTIONAL_ENGINEERING_INPUT,UNEMITTED_CR286_GATE,false,false
CELL_QP093A-0169_GATE_101_TO_010,CELL_QP093A-0169_PAIR_010_101,CELL_QP093A-0169,QP093A-0169,2+6+6,yes,TRIAD_ALLOWED,CELL_QP093A-0169_f_+-+,+-+,101,CELL_QP093A-0169_f_-+-,-+-,010,CELL_QP093A-0169_v_+x;CELL_QP093A-0169_v_+z;CELL_QP093A-0169_v_-y,CELL_QP093A-0169_v_+y;CELL_QP093A-0169_v_-x;CELL_QP093A-0169_v_-z,CELL_QP093A-0169_e_+x_+z;CELL_QP093A-0169_e_+x_-y;CELL_QP093A-0169_e_-y_+z,CELL_QP093A-0169_e_+y_-z;CELL_QP093A-0169_e_-x_+y;CELL_QP093A-0169_e_-x_-z,true,true,true,true,OPEN_NO_UNIT_MAPPING,OPEN_CONVENTIONAL_ENGINEERING_INPUT,UNEMITTED_CR286_GATE,false,false
CELL_QP093A-0169_GATE_110_TO_001,CELL_QP093A-0169_PAIR_001_110,CELL_QP093A-0169,QP093A-0169,2+6+6,yes,TRIAD_ALLOWED,CELL_QP093A-0169_f_++-,++-,110,CELL_QP093A-0169_f_--+,--+,001,CELL_QP093A-0169_v_+x;CELL_QP093A-0169_v_+y;CELL_QP093A-0169_v_-z,CELL_QP093A-0169_v_+z;CELL_QP093A-0169_v_-x;CELL_QP093A-0169_v_-y,CELL_QP093A-0169_e_+x_+y;CELL_QP093A-0169_e_+x_-z;CELL_QP093A-0169_e_+y_-z,CELL_QP093A-0169_e_-x_+z;CELL_QP093A-0169_e_-x_-y;CELL_QP093A-0169_e_-y_+z,true,true,true,true,OPEN_NO_UNIT_MAPPING,OPEN_CONVENTIONAL_ENGINEERING_INPUT,UNEMITTED_CR286_GATE,false,false
CELL_QP093A-0169_GATE_111_TO_000,CELL_QP093A-0169_PAIR_000_111,CELL_QP093A-0169,QP093A-0169,2+6+6,yes,TRIAD_ALLOWED,CELL_QP093A-0169_f_+++,+++,111,CELL_QP093A-0169_f_---,---,000,CELL_QP093A-0169_v_+x;CELL_QP093A-0169_v_+y;CELL_QP093A-0169_v_+z,CELL_QP093A-0169_v_-x;CELL_QP093A-0169_v_-y;CELL_QP093A-0169_v_-z,CELL_QP093A-0169_e_+x_+y;CELL_QP093A-0169_e_+x_+z;CELL_QP093A-0169_e_+y_+z,CELL_QP093A-0169_e_-x_-y;CELL_QP093A-0169_e_-x_-z;CELL_QP093A-0169_e_-y_-z,true,true,true,true,OPEN_NO_UNIT_MAPPING,OPEN_CONVENTIONAL_ENGINEERING_INPUT,UNEMITTED_CR286_GATE,false,false
CELL_QP093A-0170_GATE_000_TO_111,CELL_QP093A-0170_PAIR_000_111,CELL_QP093A-0170,QP093A-0170,2+6+8,yes,TRIAD_ALLOWED,CELL_QP093A-0170_f_---,---,000,CELL_QP093A-0170_f_+++,+++,111,CELL_QP093A-0170_v_-x;CELL_QP093A-0170_v_-y;CELL_QP093A-0170_v_-z,CELL_QP093A-0170_v_+x;CELL_QP093A-0170_v_+y;CELL_QP093A-0170_v_+z,CELL_QP093A-0170_e_-x_-y;CELL_QP093A-0170_e_-x_-z;CELL_QP093A-0170_e_-y_-z,CELL_QP093A-0170_e_+x_+y;CELL_QP093A-0170_e_+x_+z;CELL_QP093A-0170_e_+y_+z,true,true,true,true,OPEN_NO_UNIT_MAPPING,OPEN_CONVENTIONAL_ENGINEERING_INPUT,UNEMITTED_CR286_GATE,false,false
CELL_QP093A-0170_GATE_001_TO_110,CELL_QP093A-0170_PAIR_001_110,CELL_QP093A-0170,QP093A-0170,2+6+8,yes,TRIAD_ALLOWED,CELL_QP093A-0170_f_--+,--+,001,CELL_QP093A-0170_f_++-,++-,110,CELL_QP093A-0170_v_+z;CELL_QP093A-0170_v_-x;CELL_QP093A-0170_v_-y,CELL_QP093A-0170_v_+x;CELL_QP093A-0170_v_+y;CELL_QP093A-0170_v_-z,CELL_QP093A-0170_e_-x_+z;CELL_QP093A-0170_e_-x_-y;CELL_QP093A-0170_e_-y_+z,CELL_QP093A-0170_e_+x_+y;CELL_QP093A-0170_e_+x_-z;CELL_QP093A-0170_e_+y_-z,true,true,true,true,OPEN_NO_UNIT_MAPPING,OPEN_CONVENTIONAL_ENGINEERING_INPUT,UNEMITTED_CR286_GATE,false,false
CELL_QP093A-0170_GATE_010_TO_101,CELL_QP093A-0170_PAIR_010_101,CELL_QP093A-0170,QP093A-0170,2+6+8,yes,TRIAD_ALLOWED,CELL_QP093A-0170_f_-+-,-+-,010,CELL_QP093A-0170_f_+-+,+-+,101,CELL_QP093A-0170_v_+y;CELL_QP093A-0170_v_-x;CELL_QP093A-0170_v_-z,CELL_QP093A-0170_v_+x;CELL_QP093A-0170_v_+z;CELL_QP093A-0170_v_-y,CELL_QP093A-0170_e_+y_-z;CELL_QP093A-0170_e_-x_+y;CELL_QP093A-0170_e_-x_-z,CELL_QP093A-0170_e_+x_+z;CELL_QP093A-0170_e_+x_-y;CELL_QP093A-0170_e_-y_+z,true,true,true,true,OPEN_NO_UNIT_MAPPING,OPEN_CONVENTIONAL_ENGINEERING_INPUT,UNEMITTED_CR286_GATE,false,false
CELL_QP093A-0170_GATE_011_TO_100,CELL_QP093A-0170_PAIR_011_100,CELL_QP093A-0170,QP093A-0170,2+6+8,yes,TRIAD_ALLOWED,CELL_QP093A-0170_f_-++,-++,011,CELL_QP093A-0170_f_+--,+--,100,CELL_QP093A-0170_v_+y;CELL_QP093A-0170_v_+z;CELL_QP093A-0170_v_-x,CELL_QP093A-0170_v_+x;CELL_QP093A-0170_v_-y;CELL_QP093A-0170_v_-z,CELL_QP093A-0170_e_+y_+z;CELL_QP093A-0170_e_-x_+y;CELL_QP093A-0170_e_-x_+z,CELL_QP093A-0170_e_+x_-y;CELL_QP093A-0170_e_+x_-z;CELL_QP093A-0170_e_-y_-z,true,true,true,true,OPEN_NO_UNIT_MAPPING,OPEN_CONVENTIONAL_ENGINEERING_INPUT,UNEMITTED_CR286_GATE,false,false
CELL_QP093A-0170_GATE_100_TO_011,CELL_QP093A-0170_PAIR_011_100,CELL_QP093A-0170,QP093A-0170,2+6+8,yes,TRIAD_ALLOWED,CELL_QP093A-0170_f_+--,+--,100,CELL_QP093A-0170_f_-++,-++,011,CELL_QP093A-0170_v_+x;CELL_QP093A-0170_v_-y;CELL_QP093A-0170_v_-z,CELL_QP093A-0170_v_+y;CELL_QP093A-0170_v_+z;CELL_QP093A-0170_v_-x,CELL_QP093A-0170_e_+x_-y;CELL_QP093A-0170_e_+x_-z;CELL_QP093A-0170_e_-y_-z,CELL_QP093A-0170_e_+y_+z;CELL_QP093A-0170_e_-x_+y;CELL_QP093A-0170_e_-x_+z,true,true,true,true,OPEN_NO_UNIT_MAPPING,OPEN_CONVENTIONAL_ENGINEERING_INPUT,UNEMITTED_CR286_GATE,false,false
CELL_QP093A-0170_GATE_101_TO_010,CELL_QP093A-0170_PAIR_010_101,CELL_QP093A-0170,QP093A-0170,2+6+8,yes,TRIAD_ALLOWED,CELL_QP093A-0170_f_+-+,+-+,101,CELL_QP093A-0170_f_-+-,-+-,010,CELL_QP093A-0170_v_+x;CELL_QP093A-0170_v_+z;CELL_QP093A-0170_v_-y,CELL_QP093A-0170_v_+y;CELL_QP093A-0170_v_-x;CELL_QP093A-0170_v_-z,CELL_QP093A-0170_e_+x_+z;CELL_QP093A-0170_e_+x_-y;CELL_QP093A-0170_e_-y_+z,CELL_QP093A-0170_e_+y_-z;CELL_QP093A-0170_e_-x_+y;CELL_QP093A-0170_e_-x_-z,true,true,true,true,OPEN_NO_UNIT_MAPPING,OPEN_CONVENTIONAL_ENGINEERING_INPUT,UNEMITTED_CR286_GATE,false,false
CELL_QP093A-0170_GATE_110_TO_001,CELL_QP093A-0170_PAIR_001_110,CELL_QP093A-0170,QP093A-0170,2+6+8,yes,TRIAD_ALLOWED,CELL_QP093A-0170_f_++-,++-,110,CELL_QP093A-0170_f_--+,--+,001,CELL_QP093A-0170_v_+x;CELL_QP093A-0170_v_+y;CELL_QP093A-0170_v_-z,CELL_QP093A-0170_v_+z;CELL_QP093A-0170_v_-x;CELL_QP093A-0170_v_-y,CELL_QP093A-0170_e_+x_+y;CELL_QP093A-0170_e_+x_-z;CELL_QP093A-0170_e_+y_-z,CELL_QP093A-0170_e_-x_+z;CELL_QP093A-0170_e_-x_-y;CELL_QP093A-0170_e_-y_+z,true,true,true,true,OPEN_NO_UNIT_MAPPING,OPEN_CONVENTIONAL_ENGINEERING_INPUT,UNEMITTED_CR286_GATE,false,false
CELL_QP093A-0170_GATE_111_TO_000,CELL_QP093A-0170_PAIR_000_111,CELL_QP093A-0170,QP093A-0170,2+6+8,yes,TRIAD_ALLOWED,CELL_QP093A-0170_f_+++,+++,111,CELL_QP093A-0170_f_---,---,000,CELL_QP093A-0170_v_+x;CELL_QP093A-0170_v_+y;CELL_QP093A-0170_v_+z,CELL_QP093A-0170_v_-x;CELL_QP093A-0170_v_-y;CELL_QP093A-0170_v_-z,CELL_QP093A-0170_e_+x_+y;CELL_QP093A-0170_e_+x_+z;CELL_QP093A-0170_e_+y_+z,CELL_QP093A-0170_e_-x_-y;CELL_QP093A-0170_e_-x_-z;CELL_QP093A-0170_e_-y_-z,true,true,true,true,OPEN_NO_UNIT_MAPPING,OPEN_CONVENTIONAL_ENGINEERING_INPUT,UNEMITTED_CR286_GATE,false,false
CELL_QP093A-0171_GATE_000_TO_111,CELL_QP093A-0171_PAIR_000_111,CELL_QP093A-0171,QP093A-0171,2+6+9,yes,TRIAD_ALLOWED,CELL_QP093A-0171_f_---,---,000,CELL_QP093A-0171_f_+++,+++,111,CELL_QP093A-0171_v_-x;CELL_QP093A-0171_v_-y;CELL_QP093A-0171_v_-z,CELL_QP093A-0171_v_+x;CELL_QP093A-0171_v_+y;CELL_QP093A-0171_v_+z,CELL_QP093A-0171_e_-x_-y;CELL_QP093A-0171_e_-x_-z;CELL_QP093A-0171_e_-y_-z,CELL_QP093A-0171_e_+x_+y;CELL_QP093A-0171_e_+x_+z;CELL_QP093A-0171_e_+y_+z,true,true,true,true,OPEN_NO_UNIT_MAPPING,OPEN_CONVENTIONAL_ENGINEERING_INPUT,UNEMITTED_CR286_GATE,false,false
CELL_QP093A-0171_GATE_001_TO_110,CELL_QP093A-0171_PAIR_001_110,CELL_QP093A-0171,QP093A-0171,2+6+9,yes,TRIAD_ALLOWED,CELL_QP093A-0171_f_--+,--+,001,CELL_QP093A-0171_f_++-,++-,110,CELL_QP093A-0171_v_+z;CELL_QP093A-0171_v_-x;CELL_QP093A-0171_v_-y,CELL_QP093A-0171_v_+x;CELL_QP093A-0171_v_+y;CELL_QP093A-0171_v_-z,CELL_QP093A-0171_e_-x_+z;CELL_QP093A-0171_e_-x_-y;CELL_QP093A-0171_e_-y_+z,CELL_QP093A-0171_e_+x_+y;CELL_QP093A-0171_e_+x_-z;CELL_QP093A-0171_e_+y_-z,true,true,true,true,OPEN_NO_UNIT_MAPPING,OPEN_CONVENTIONAL_ENGINEERING_INPUT,UNEMITTED_CR286_GATE,false,false
CELL_QP093A-0171_GATE_010_TO_101,CELL_QP093A-0171_PAIR_010_101,CELL_QP093A-0171,QP093A-0171,2+6+9,yes,TRIAD_ALLOWED,CELL_QP093A-0171_f_-+-,-+-,010,CELL_QP093A-0171_f_+-+,+-+,101,CELL_QP093A-0171_v_+y;CELL_QP093A-0171_v_-x;CELL_QP093A-0171_v_-z,CELL_QP093A-0171_v_+x;CELL_QP093A-0171_v_+z;CELL_QP093A-0171_v_-y,CELL_QP093A-0171_e_+y_-z;CELL_QP093A-0171_e_-x_+y;CELL_QP093A-0171_e_-x_-z,CELL_QP093A-0171_e_+x_+z;CELL_QP093A-0171_e_+x_-y;CELL_QP093A-0171_e_-y_+z,true,true,true,true,OPEN_NO_UNIT_MAPPING,OPEN_CONVENTIONAL_ENGINEERING_INPUT,UNEMITTED_CR286_GATE,false,false
CELL_QP093A-0171_GATE_011_TO_100,CELL_QP093A-0171_PAIR_011_100,CELL_QP093A-0171,QP093A-0171,2+6+9,yes,TRIAD_ALLOWED,CELL_QP093A-0171_f_-++,-++,011,CELL_QP093A-0171_f_+--,+--,100,CELL_QP093A-0171_v_+y;CELL_QP093A-0171_v_+z;CELL_QP093A-0171_v_-x,CELL_QP093A-0171_v_+x;CELL_QP093A-0171_v_-y;CELL_QP093A-0171_v_-z,CELL_QP093A-0171_e_+y_+z;CELL_QP093A-0171_e_-x_+y;CELL_QP093A-0171_e_-x_+z,CELL_QP093A-0171_e_+x_-y;CELL_QP093A-0171_e_+x_-z;CELL_QP093A-0171_e_-y_-z,true,true,true,true,OPEN_NO_UNIT_MAPPING,OPEN_CONVENTIONAL_ENGINEERING_INPUT,UNEMITTED_CR286_GATE,false,false
CELL_QP093A-0171_GATE_100_TO_011,CELL_QP093A-0171_PAIR_011_100,CELL_QP093A-0171,QP093A-0171,2+6+9,yes,TRIAD_ALLOWED,CELL_QP093A-0171_f_+--,+--,100,CELL_QP093A-0171_f_-++,-++,011,CELL_QP093A-0171_v_+x;CELL_QP093A-0171_v_-y;CELL_QP093A-0171_v_-z,CELL_QP093A-0171_v_+y;CELL_QP093A-0171_v_+z;CELL_QP093A-0171_v_-x,CELL_QP093A-0171_e_+x_-y;CELL_QP093A-0171_e_+x_-z;CELL_QP093A-0171_e_-y_-z,CELL_QP093A-0171_e_+y_+z;CELL_QP093A-0171_e_-x_+y;CELL_QP093A-0171_e_-x_+z,true,true,true,true,OPEN_NO_UNIT_MAPPING,OPEN_CONVENTIONAL_ENGINEERING_INPUT,UNEMITTED_CR286_GATE,false,false
CELL_QP093A-0171_GATE_101_TO_010,CELL_QP093A-0171_PAIR_010_101,CELL_QP093A-0171,QP093A-0171,2+6+9,yes,TRIAD_ALLOWED,CELL_QP093A-0171_f_+-+,+-+,101,CELL_QP093A-0171_f_-+-,-+-,010,CELL_QP093A-0171_v_+x;CELL_QP093A-0171_v_+z;CELL_QP093A-0171_v_-y,CELL_QP093A-0171_v_+y;CELL_QP093A-0171_v_-x;CELL_QP093A-0171_v_-z,CELL_QP093A-0171_e_+x_+z;CELL_QP093A-0171_e_+x_-y;CELL_QP093A-0171_e_-y_+z,CELL_QP093A-0171_e_+y_-z;CELL_QP093A-0171_e_-x_+y;CELL_QP093A-0171_e_-x_-z,true,true,true,true,OPEN_NO_UNIT_MAPPING,OPEN_CONVENTIONAL_ENGINEERING_INPUT,UNEMITTED_CR286_GATE,false,false
CELL_QP093A-0171_GATE_110_TO_001,CELL_QP093A-0171_PAIR_001_110,CELL_QP093A-0171,QP093A-0171,2+6+9,yes,TRIAD_ALLOWED,CELL_QP093A-0171_f_++-,++-,110,CELL_QP093A-0171_f_--+,--+,001,CELL_QP093A-0171_v_+x;CELL_QP093A-0171_v_+y;CELL_QP093A-0171_v_-z,CELL_QP093A-0171_v_+z;CELL_QP093A-0171_v_-x;CELL_QP093A-0171_v_-y,CELL_QP093A-0171_e_+x_+y;CELL_QP093A-0171_e_+x_-z;CELL_QP093A-0171_e_+y_-z,CELL_QP093A-0171_e_-x_+z;CELL_QP093A-0171_e_-x_-y;CELL_QP093A-0171_e_-y_+z,true,true,true,true,OPEN_NO_UNIT_MAPPING,OPEN_CONVENTIONAL_ENGINEERING_INPUT,UNEMITTED_CR286_GATE,false,false
CELL_QP093A-0171_GATE_111_TO_000,CELL_QP093A-0171_PAIR_000_111,CELL_QP093A-0171,QP093A-0171,2+6+9,yes,TRIAD_ALLOWED,CELL_QP093A-0171_f_+++,+++,111,CELL_QP093A-0171_f_---,---,000,CELL_QP093A-0171_v_+x;CELL_QP093A-0171_v_+y;CELL_QP093A-0171_v_+z,CELL_QP093A-0171_v_-x;CELL_QP093A-0171_v_-y;CELL_QP093A-0171_v_-z,CELL_QP093A-0171_e_+x_+y;CELL_QP093A-0171_e_+x_+z;CELL_QP093A-0171_e_+y_+z,CELL_QP093A-0171_e_-x_-y;CELL_QP093A-0171_e_-x_-z;CELL_QP093A-0171_e_-y_-z,true,true,true,true,OPEN_NO_UNIT_MAPPING,OPEN_CONVENTIONAL_ENGINEERING_INPUT,UNEMITTED_CR286_GATE,false,false
CELL_QP093A-0172_GATE_000_TO_111,CELL_QP093A-0172_PAIR_000_111,CELL_QP093A-0172,QP093A-0172,2+6+12,yes,TRIAD_ALLOWED,CELL_QP093A-0172_f_---,---,000,CELL_QP093A-0172_f_+++,+++,111,CELL_QP093A-0172_v_-x;CELL_QP093A-0172_v_-y;CELL_QP093A-0172_v_-z,CELL_QP093A-0172_v_+x;CELL_QP093A-0172_v_+y;CELL_QP093A-0172_v_+z,CELL_QP093A-0172_e_-x_-y;CELL_QP093A-0172_e_-x_-z;CELL_QP093A-0172_e_-y_-z,CELL_QP093A-0172_e_+x_+y;CELL_QP093A-0172_e_+x_+z;CELL_QP093A-0172_e_+y_+z,true,true,true,true,OPEN_NO_UNIT_MAPPING,OPEN_CONVENTIONAL_ENGINEERING_INPUT,UNEMITTED_CR286_GATE,false,false
CELL_QP093A-0172_GATE_001_TO_110,CELL_QP093A-0172_PAIR_001_110,CELL_QP093A-0172,QP093A-0172,2+6+12,yes,TRIAD_ALLOWED,CELL_QP093A-0172_f_--+,--+,001,CELL_QP093A-0172_f_++-,++-,110,CELL_QP093A-0172_v_+z;CELL_QP093A-0172_v_-x;CELL_QP093A-0172_v_-y,CELL_QP093A-0172_v_+x;CELL_QP093A-0172_v_+y;CELL_QP093A-0172_v_-z,CELL_QP093A-0172_e_-x_+z;CELL_QP093A-0172_e_-x_-y;CELL_QP093A-0172_e_-y_+z,CELL_QP093A-0172_e_+x_+y;CELL_QP093A-0172_e_+x_-z;CELL_QP093A-0172_e_+y_-z,true,true,true,true,OPEN_NO_UNIT_MAPPING,OPEN_CONVENTIONAL_ENGINEERING_INPUT,UNEMITTED_CR286_GATE,false,false
CELL_QP093A-0172_GATE_010_TO_101,CELL_QP093A-0172_PAIR_010_101,CELL_QP093A-0172,QP093A-0172,2+6+12,yes,TRIAD_ALLOWED,CELL_QP093A-0172_f_-+-,-+-,010,CELL_QP093A-0172_f_+-+,+-+,101,CELL_QP093A-0172_v_+y;CELL_QP093A-0172_v_-x;CELL_QP093A-0172_v_-z,CELL_QP093A-0172_v_+x;CELL_QP093A-0172_v_+z;CELL_QP093A-0172_v_-y,CELL_QP093A-0172_e_+y_-z;CELL_QP093A-0172_e_-x_+y;CELL_QP093A-0172_e_-x_-z,CELL_QP093A-0172_e_+x_+z;CELL_QP093A-0172_e_+x_-y;CELL_QP093A-0172_e_-y_+z,true,true,true,true,OPEN_NO_UNIT_MAPPING,OPEN_CONVENTIONAL_ENGINEERING_INPUT,UNEMITTED_CR286_GATE,false,false
CELL_QP093A-0172_GATE_011_TO_100,CELL_QP093A-0172_PAIR_011_100,CELL_QP093A-0172,QP093A-0172,2+6+12,yes,TRIAD_ALLOWED,CELL_QP093A-0172_f_-++,-++,011,CELL_QP093A-0172_f_+--,+--,100,CELL_QP093A-0172_v_+y;CELL_QP093A-0172_v_+z;CELL_QP093A-0172_v_-x,CELL_QP093A-0172_v_+x;CELL_QP093A-0172_v_-y;CELL_QP093A-0172_v_-z,CELL_QP093A-0172_e_+y_+z;CELL_QP093A-0172_e_-x_+y;CELL_QP093A-0172_e_-x_+z,CELL_QP093A-0172_e_+x_-y;CELL_QP093A-0172_e_+x_-z;CELL_QP093A-0172_e_-y_-z,true,true,true,true,OPEN_NO_UNIT_MAPPING,OPEN_CONVENTIONAL_ENGINEERING_INPUT,UNEMITTED_CR286_GATE,false,false
CELL_QP093A-0172_GATE_100_TO_011,CELL_QP093A-0172_PAIR_011_100,CELL_QP093A-0172,QP093A-0172,2+6+12,yes,TRIAD_ALLOWED,CELL_QP093A-0172_f_+--,+--,100,CELL_QP093A-0172_f_-++,-++,011,CELL_QP093A-0172_v_+x;CELL_QP093A-0172_v_-y;CELL_QP093A-0172_v_-z,CELL_QP093A-0172_v_+y;CELL_QP093A-0172_v_+z;CELL_QP093A-0172_v_-x,CELL_QP093A-0172_e_+x_-y;CELL_QP093A-0172_e_+x_-z;CELL_QP093A-0172_e_-y_-z,CELL_QP093A-0172_e_+y_+z;CELL_QP093A-0172_e_-x_+y;CELL_QP093A-0172_e_-x_+z,true,true,true,true,OPEN_NO_UNIT_MAPPING,OPEN_CONVENTIONAL_ENGINEERING_INPUT,UNEMITTED_CR286_GATE,false,false
CELL_QP093A-0172_GATE_101_TO_010,CELL_QP093A-0172_PAIR_010_101,CELL_QP093A-0172,QP093A-0172,2+6+12,yes,TRIAD_ALLOWED,CELL_QP093A-0172_f_+-+,+-+,101,CELL_QP093A-0172_f_-+-,-+-,010,CELL_QP093A-0172_v_+x;CELL_QP093A-0172_v_+z;CELL_QP093A-0172_v_-y,CELL_QP093A-0172_v_+y;CELL_QP093A-0172_v_-x;CELL_QP093A-0172_v_-z,CELL_QP093A-0172_e_+x_+z;CELL_QP093A-0172_e_+x_-y;CELL_QP093A-0172_e_-y_+z,CELL_QP093A-0172_e_+y_-z;CELL_QP093A-0172_e_-x_+y;CELL_QP093A-0172_e_-x_-z,true,true,true,true,OPEN_NO_UNIT_MAPPING,OPEN_CONVENTIONAL_ENGINEERING_INPUT,UNEMITTED_CR286_GATE,false,false
CELL_QP093A-0172_GATE_110_TO_001,CELL_QP093A-0172_PAIR_001_110,CELL_QP093A-0172,QP093A-0172,2+6+12,yes,TRIAD_ALLOWED,CELL_QP093A-0172_f_++-,++-,110,CELL_QP093A-0172_f_--+,--+,001,CELL_QP093A-0172_v_+x;CELL_QP093A-0172_v_+y;CELL_QP093A-0172_v_-z,CELL_QP093A-0172_v_+z;CELL_QP093A-0172_v_-x;CELL_QP093A-0172_v_-y,CELL_QP093A-0172_e_+x_+y;CELL_QP093A-0172_e_+x_-z;CELL_QP093A-0172_e_+y_-z,CELL_QP093A-0172_e_-x_+z;CELL_QP093A-0172_e_-x_-y;CELL_QP093A-0172_e_-y_+z,true,true,true,true,OPEN_NO_UNIT_MAPPING,OPEN_CONVENTIONAL_ENGINEERING_INPUT,UNEMITTED_CR286_GATE,false,false
CELL_QP093A-0172_GATE_111_TO_000,CELL_QP093A-0172_PAIR_000_111,CELL_QP093A-0172,QP093A-0172,2+6+12,yes,TRIAD_ALLOWED,CELL_QP093A-0172_f_+++,+++,111,CELL_QP093A-0172_f_---,---,000,CELL_QP093A-0172_v_+x;CELL_QP093A-0172_v_+y;CELL_QP093A-0172_v_+z,CELL_QP093A-0172_v_-x;CELL_QP093A-0172_v_-y;CELL_QP093A-0172_v_-z,CELL_QP093A-0172_e_+x_+y;CELL_QP093A-0172_e_+x_+z;CELL_QP093A-0172_e_+y_+z,CELL_QP093A-0172_e_-x_-y;CELL_QP093A-0172_e_-x_-z;CELL_QP093A-0172_e_-y_-z,true,true,true,true,OPEN_NO_UNIT_MAPPING,OPEN_CONVENTIONAL_ENGINEERING_INPUT,UNEMITTED_CR286_GATE,false,false
CELL_QP093A-0173_GATE_000_TO_111,CELL_QP093A-0173_PAIR_000_111,CELL_QP093A-0173,QP093A-0173,2+8+8,yes,TRIAD_ALLOWED,CELL_QP093A-0173_f_---,---,000,CELL_QP093A-0173_f_+++,+++,111,CELL_QP093A-0173_v_-x;CELL_QP093A-0173_v_-y;CELL_QP093A-0173_v_-z,CELL_QP093A-0173_v_+x;CELL_QP093A-0173_v_+y;CELL_QP093A-0173_v_+z,CELL_QP093A-0173_e_-x_-y;CELL_QP093A-0173_e_-x_-z;CELL_QP093A-0173_e_-y_-z,CELL_QP093A-0173_e_+x_+y;CELL_QP093A-0173_e_+x_+z;CELL_QP093A-0173_e_+y_+z,true,true,true,true,OPEN_NO_UNIT_MAPPING,OPEN_CONVENTIONAL_ENGINEERING_INPUT,UNEMITTED_CR286_GATE,false,false
CELL_QP093A-0173_GATE_001_TO_110,CELL_QP093A-0173_PAIR_001_110,CELL_QP093A-0173,QP093A-0173,2+8+8,yes,TRIAD_ALLOWED,CELL_QP093A-0173_f_--+,--+,001,CELL_QP093A-0173_f_++-,++-,110,CELL_QP093A-0173_v_+z;CELL_QP093A-0173_v_-x;CELL_QP093A-0173_v_-y,CELL_QP093A-0173_v_+x;CELL_QP093A-0173_v_+y;CELL_QP093A-0173_v_-z,CELL_QP093A-0173_e_-x_+z;CELL_QP093A-0173_e_-x_-y;CELL_QP093A-0173_e_-y_+z,CELL_QP093A-0173_e_+x_+y;CELL_QP093A-0173_e_+x_-z;CELL_QP093A-0173_e_+y_-z,true,true,true,true,OPEN_NO_UNIT_MAPPING,OPEN_CONVENTIONAL_ENGINEERING_INPUT,UNEMITTED_CR286_GATE,false,false
CELL_QP093A-0173_GATE_010_TO_101,CELL_QP093A-0173_PAIR_010_101,CELL_QP093A-0173,QP093A-0173,2+8+8,yes,TRIAD_ALLOWED,CELL_QP093A-0173_f_-+-,-+-,010,CELL_QP093A-0173_f_+-+,+-+,101,CELL_QP093A-0173_v_+y;CELL_QP093A-0173_v_-x;CELL_QP093A-0173_v_-z,CELL_QP093A-0173_v_+x;CELL_QP093A-0173_v_+z;CELL_QP093A-0173_v_-y,CELL_QP093A-0173_e_+y_-z;CELL_QP093A-0173_e_-x_+y;CELL_QP093A-0173_e_-x_-z,CELL_QP093A-0173_e_+x_+z;CELL_QP093A-0173_e_+x_-y;CELL_QP093A-0173_e_-y_+z,true,true,true,true,OPEN_NO_UNIT_MAPPING,OPEN_CONVENTIONAL_ENGINEERING_INPUT,UNEMITTED_CR286_GATE,false,false
CELL_QP093A-0173_GATE_011_TO_100,CELL_QP093A-0173_PAIR_011_100,CELL_QP093A-0173,QP093A-0173,2+8+8,yes,TRIAD_ALLOWED,CELL_QP093A-0173_f_-++,-++,011,CELL_QP093A-0173_f_+--,+--,100,CELL_QP093A-0173_v_+y;CELL_QP093A-0173_v_+z;CELL_QP093A-0173_v_-x,CELL_QP093A-0173_v_+x;CELL_QP093A-0173_v_-y;CELL_QP093A-0173_v_-z,CELL_QP093A-0173_e_+y_+z;CELL_QP093A-0173_e_-x_+y;CELL_QP093A-0173_e_-x_+z,CELL_QP093A-0173_e_+x_-y;CELL_QP093A-0173_e_+x_-z;CELL_QP093A-0173_e_-y_-z,true,true,true,true,OPEN_NO_UNIT_MAPPING,OPEN_CONVENTIONAL_ENGINEERING_INPUT,UNEMITTED_CR286_GATE,false,false
CELL_QP093A-0173_GATE_100_TO_011,CELL_QP093A-0173_PAIR_011_100,CELL_QP093A-0173,QP093A-0173,2+8+8,yes,TRIAD_ALLOWED,CELL_QP093A-0173_f_+--,+--,100,CELL_QP093A-0173_f_-++,-++,011,CELL_QP093A-0173_v_+x;CELL_QP093A-0173_v_-y;CELL_QP093A-0173_v_-z,CELL_QP093A-0173_v_+y;CELL_QP093A-0173_v_+z;CELL_QP093A-0173_v_-x,CELL_QP093A-0173_e_+x_-y;CELL_QP093A-0173_e_+x_-z;CELL_QP093A-0173_e_-y_-z,CELL_QP093A-0173_e_+y_+z;CELL_QP093A-0173_e_-x_+y;CELL_QP093A-0173_e_-x_+z,true,true,true,true,OPEN_NO_UNIT_MAPPING,OPEN_CONVENTIONAL_ENGINEERING_INPUT,UNEMITTED_CR286_GATE,false,false
CELL_QP093A-0173_GATE_101_TO_010,CELL_QP093A-0173_PAIR_010_101,CELL_QP093A-0173,QP093A-0173,2+8+8,yes,TRIAD_ALLOWED,CELL_QP093A-0173_f_+-+,+-+,101,CELL_QP093A-0173_f_-+-,-+-,010,CELL_QP093A-0173_v_+x;CELL_QP093A-0173_v_+z;CELL_QP093A-0173_v_-y,CELL_QP093A-0173_v_+y;CELL_QP093A-0173_v_-x;CELL_QP093A-0173_v_-z,CELL_QP093A-0173_e_+x_+z;CELL_QP093A-0173_e_+x_-y;CELL_QP093A-0173_e_-y_+z,CELL_QP093A-0173_e_+y_-z;CELL_QP093A-0173_e_-x_+y;CELL_QP093A-0173_e_-x_-z,true,true,true,true,OPEN_NO_UNIT_MAPPING,OPEN_CONVENTIONAL_ENGINEERING_INPUT,UNEMITTED_CR286_GATE,false,false
CELL_QP093A-0173_GATE_110_TO_001,CELL_QP093A-0173_PAIR_001_110,CELL_QP093A-0173,QP093A-0173,2+8+8,yes,TRIAD_ALLOWED,CELL_QP093A-0173_f_++-,++-,110,CELL_QP093A-0173_f_--+,--+,001,CELL_QP093A-0173_v_+x;CELL_QP093A-0173_v_+y;CELL_QP093A-0173_v_-z,CELL_QP093A-0173_v_+z;CELL_QP093A-0173_v_-x;CELL_QP093A-0173_v_-y,CELL_QP093A-0173_e_+x_+y;CELL_QP093A-0173_e_+x_-z;CELL_QP093A-0173_e_+y_-z,CELL_QP093A-0173_e_-x_+z;CELL_QP093A-0173_e_-x_-y;CELL_QP093A-0173_e_-y_+z,true,true,true,true,OPEN_NO_UNIT_MAPPING,OPEN_CONVENTIONAL_ENGINEERING_INPUT,UNEMITTED_CR286_GATE,false,false
CELL_QP093A-0173_GATE_111_TO_000,CELL_QP093A-0173_PAIR_000_111,CELL_QP093A-0173,QP093A-0173,2+8+8,yes,TRIAD_ALLOWED,CELL_QP093A-0173_f_+++,+++,111,CELL_QP093A-0173_f_---,---,000,CELL_QP093A-0173_v_+x;CELL_QP093A-0173_v_+y;CELL_QP093A-0173_v_+z,CELL_QP093A-0173_v_-x;CELL_QP093A-0173_v_-y;CELL_QP093A-0173_v_-z,CELL_QP093A-0173_e_+x_+y;CELL_QP093A-0173_e_+x_+z;CELL_QP093A-0173_e_+y_+z,CELL_QP093A-0173_e_-x_-y;CELL_QP093A-0173_e_-x_-z;CELL_QP093A-0173_e_-y_-z,true,true,true,true,OPEN_NO_UNIT_MAPPING,OPEN_CONVENTIONAL_ENGINEERING_INPUT,UNEMITTED_CR286_GATE,false,false
CELL_QP093A-0174_GATE_000_TO_111,CELL_QP093A-0174_PAIR_000_111,CELL_QP093A-0174,QP093A-0174,2+8+9,yes,TRIAD_ALLOWED,CELL_QP093A-0174_f_---,---,000,CELL_QP093A-0174_f_+++,+++,111,CELL_QP093A-0174_v_-x;CELL_QP093A-0174_v_-y;CELL_QP093A-0174_v_-z,CELL_QP093A-0174_v_+x;CELL_QP093A-0174_v_+y;CELL_QP093A-0174_v_+z,CELL_QP093A-0174_e_-x_-y;CELL_QP093A-0174_e_-x_-z;CELL_QP093A-0174_e_-y_-z,CELL_QP093A-0174_e_+x_+y;CELL_QP093A-0174_e_+x_+z;CELL_QP093A-0174_e_+y_+z,true,true,true,true,OPEN_NO_UNIT_MAPPING,OPEN_CONVENTIONAL_ENGINEERING_INPUT,UNEMITTED_CR286_GATE,false,false
CELL_QP093A-0174_GATE_001_TO_110,CELL_QP093A-0174_PAIR_001_110,CELL_QP093A-0174,QP093A-0174,2+8+9,yes,TRIAD_ALLOWED,CELL_QP093A-0174_f_--+,--+,001,CELL_QP093A-0174_f_++-,++-,110,CELL_QP093A-0174_v_+z;CELL_QP093A-0174_v_-x;CELL_QP093A-0174_v_-y,CELL_QP093A-0174_v_+x;CELL_QP093A-0174_v_+y;CELL_QP093A-0174_v_-z,CELL_QP093A-0174_e_-x_+z;CELL_QP093A-0174_e_-x_-y;CELL_QP093A-0174_e_-y_+z,CELL_QP093A-0174_e_+x_+y;CELL_QP093A-0174_e_+x_-z;CELL_QP093A-0174_e_+y_-z,true,true,true,true,OPEN_NO_UNIT_MAPPING,OPEN_CONVENTIONAL_ENGINEERING_INPUT,UNEMITTED_CR286_GATE,false,false
CELL_QP093A-0174_GATE_010_TO_101,CELL_QP093A-0174_PAIR_010_101,CELL_QP093A-0174,QP093A-0174,2+8+9,yes,TRIAD_ALLOWED,CELL_QP093A-0174_f_-+-,-+-,010,CELL_QP093A-0174_f_+-+,+-+,101,CELL_QP093A-0174_v_+y;CELL_QP093A-0174_v_-x;CELL_QP093A-0174_v_-z,CELL_QP093A-0174_v_+x;CELL_QP093A-0174_v_+z;CELL_QP093A-0174_v_-y,CELL_QP093A-0174_e_+y_-z;CELL_QP093A-0174_e_-x_+y;CELL_QP093A-0174_e_-x_-z,CELL_QP093A-0174_e_+x_+z;CELL_QP093A-0174_e_+x_-y;CELL_QP093A-0174_e_-y_+z,true,true,true,true,OPEN_NO_UNIT_MAPPING,OPEN_CONVENTIONAL_ENGINEERING_INPUT,UNEMITTED_CR286_GATE,false,false
CELL_QP093A-0174_GATE_011_TO_100,CELL_QP093A-0174_PAIR_011_100,CELL_QP093A-0174,QP093A-0174,2+8+9,yes,TRIAD_ALLOWED,CELL_QP093A-0174_f_-++,-++,011,CELL_QP093A-0174_f_+--,+--,100,CELL_QP093A-0174_v_+y;CELL_QP093A-0174_v_+z;CELL_QP093A-0174_v_-x,CELL_QP093A-0174_v_+x;CELL_QP093A-0174_v_-y;CELL_QP093A-0174_v_-z,CELL_QP093A-0174_e_+y_+z;CELL_QP093A-0174_e_-x_+y;CELL_QP093A-0174_e_-x_+z,CELL_QP093A-0174_e_+x_-y;CELL_QP093A-0174_e_+x_-z;CELL_QP093A-0174_e_-y_-z,true,true,true,true,OPEN_NO_UNIT_MAPPING,OPEN_CONVENTIONAL_ENGINEERING_INPUT,UNEMITTED_CR286_GATE,false,false
CELL_QP093A-0174_GATE_100_TO_011,CELL_QP093A-0174_PAIR_011_100,CELL_QP093A-0174,QP093A-0174,2+8+9,yes,TRIAD_ALLOWED,CELL_QP093A-0174_f_+--,+--,100,CELL_QP093A-0174_f_-++,-++,011,CELL_QP093A-0174_v_+x;CELL_QP093A-0174_v_-y;CELL_QP093A-0174_v_-z,CELL_QP093A-0174_v_+y;CELL_QP093A-0174_v_+z;CELL_QP093A-0174_v_-x,CELL_QP093A-0174_e_+x_-y;CELL_QP093A-0174_e_+x_-z;CELL_QP093A-0174_e_-y_-z,CELL_QP093A-0174_e_+y_+z;CELL_QP093A-0174_e_-x_+y;CELL_QP093A-0174_e_-x_+z,true,true,true,true,OPEN_NO_UNIT_MAPPING,OPEN_CONVENTIONAL_ENGINEERING_INPUT,UNEMITTED_CR286_GATE,false,false
CELL_QP093A-0174_GATE_101_TO_010,CELL_QP093A-0174_PAIR_010_101,CELL_QP093A-0174,QP093A-0174,2+8+9,yes,TRIAD_ALLOWED,CELL_QP093A-0174_f_+-+,+-+,101,CELL_QP093A-0174_f_-+-,-+-,010,CELL_QP093A-0174_v_+x;CELL_QP093A-0174_v_+z;CELL_QP093A-0174_v_-y,CELL_QP093A-0174_v_+y;CELL_QP093A-0174_v_-x;CELL_QP093A-0174_v_-z,CELL_QP093A-0174_e_+x_+z;CELL_QP093A-0174_e_+x_-y;CELL_QP093A-0174_e_-y_+z,CELL_QP093A-0174_e_+y_-z;CELL_QP093A-0174_e_-x_+y;CELL_QP093A-0174_e_-x_-z,true,true,true,true,OPEN_NO_UNIT_MAPPING,OPEN_CONVENTIONAL_ENGINEERING_INPUT,UNEMITTED_CR286_GATE,false,false
CELL_QP093A-0174_GATE_110_TO_001,CELL_QP093A-0174_PAIR_001_110,CELL_QP093A-0174,QP093A-0174,2+8+9,yes,TRIAD_ALLOWED,CELL_QP093A-0174_f_++-,++-,110,CELL_QP093A-0174_f_--+,--+,001,CELL_QP093A-0174_v_+x;CELL_QP093A-0174_v_+y;CELL_QP093A-0174_v_-z,CELL_QP093A-0174_v_+z;CELL_QP093A-0174_v_-x;CELL_QP093A-0174_v_-y,CELL_QP093A-0174_e_+x_+y;CELL_QP093A-0174_e_+x_-z;CELL_QP093A-0174_e_+y_-z,CELL_QP093A-0174_e_-x_+z;CELL_QP093A-0174_e_-x_-y;CELL_QP093A-0174_e_-y_+z,true,true,true,true,OPEN_NO_UNIT_MAPPING,OPEN_CONVENTIONAL_ENGINEERING_INPUT,UNEMITTED_CR286_GATE,false,false
CELL_QP093A-0174_GATE_111_TO_000,CELL_QP093A-0174_PAIR_000_111,CELL_QP093A-0174,QP093A-0174,2+8+9,yes,TRIAD_ALLOWED,CELL_QP093A-0174_f_+++,+++,111,CELL_QP093A-0174_f_---,---,000,CELL_QP093A-0174_v_+x;CELL_QP093A-0174_v_+y;CELL_QP093A-0174_v_+z,CELL_QP093A-0174_v_-x;CELL_QP093A-0174_v_-y;CELL_QP093A-0174_v_-z,CELL_QP093A-0174_e_+x_+y;CELL_QP093A-0174_e_+x_+z;CELL_QP093A-0174_e_+y_+z,CELL_QP093A-0174_e_-x_-y;CELL_QP093A-0174_e_-x_-z;CELL_QP093A-0174_e_-y_-z,true,true,true,true,OPEN_NO_UNIT_MAPPING,OPEN_CONVENTIONAL_ENGINEERING_INPUT,UNEMITTED_CR286_GATE,false,false
CELL_QP093A-0175_GATE_000_TO_111,CELL_QP093A-0175_PAIR_000_111,CELL_QP093A-0175,QP093A-0175,2+8+12,yes,TRIAD_ALLOWED,CELL_QP093A-0175_f_---,---,000,CELL_QP093A-0175_f_+++,+++,111,CELL_QP093A-0175_v_-x;CELL_QP093A-0175_v_-y;CELL_QP093A-0175_v_-z,CELL_QP093A-0175_v_+x;CELL_QP093A-0175_v_+y;CELL_QP093A-0175_v_+z,CELL_QP093A-0175_e_-x_-y;CELL_QP093A-0175_e_-x_-z;CELL_QP093A-0175_e_-y_-z,CELL_QP093A-0175_e_+x_+y;CELL_QP093A-0175_e_+x_+z;CELL_QP093A-0175_e_+y_+z,true,true,true,true,OPEN_NO_UNIT_MAPPING,OPEN_CONVENTIONAL_ENGINEERING_INPUT,UNEMITTED_CR286_GATE,false,false
CELL_QP093A-0175_GATE_001_TO_110,CELL_QP093A-0175_PAIR_001_110,CELL_QP093A-0175,QP093A-0175,2+8+12,yes,TRIAD_ALLOWED,CELL_QP093A-0175_f_--+,--+,001,CELL_QP093A-0175_f_++-,++-,110,CELL_QP093A-0175_v_+z;CELL_QP093A-0175_v_-x;CELL_QP093A-0175_v_-y,CELL_QP093A-0175_v_+x;CELL_QP093A-0175_v_+y;CELL_QP093A-0175_v_-z,CELL_QP093A-0175_e_-x_+z;CELL_QP093A-0175_e_-x_-y;CELL_QP093A-0175_e_-y_+z,CELL_QP093A-0175_e_+x_+y;CELL_QP093A-0175_e_+x_-z;CELL_QP093A-0175_e_+y_-z,true,true,true,true,OPEN_NO_UNIT_MAPPING,OPEN_CONVENTIONAL_ENGINEERING_INPUT,UNEMITTED_CR286_GATE,false,false
CELL_QP093A-0175_GATE_010_TO_101,CELL_QP093A-0175_PAIR_010_101,CELL_QP093A-0175,QP093A-0175,2+8+12,yes,TRIAD_ALLOWED,CELL_QP093A-0175_f_-+-,-+-,010,CELL_QP093A-0175_f_+-+,+-+,101,CELL_QP093A-0175_v_+y;CELL_QP093A-0175_v_-x;CELL_QP093A-0175_v_-z,CELL_QP093A-0175_v_+x;CELL_QP093A-0175_v_+z;CELL_QP093A-0175_v_-y,CELL_QP093A-0175_e_+y_-z;CELL_QP093A-0175_e_-x_+y;CELL_QP093A-0175_e_-x_-z,CELL_QP093A-0175_e_+x_+z;CELL_QP093A-0175_e_+x_-y;CELL_QP093A-0175_e_-y_+z,true,true,true,true,OPEN_NO_UNIT_MAPPING,OPEN_CONVENTIONAL_ENGINEERING_INPUT,UNEMITTED_CR286_GATE,false,false
CELL_QP093A-0175_GATE_011_TO_100,CELL_QP093A-0175_PAIR_011_100,CELL_QP093A-0175,QP093A-0175,2+8+12,yes,TRIAD_ALLOWED,CELL_QP093A-0175_f_-++,-++,011,CELL_QP093A-0175_f_+--,+--,100,CELL_QP093A-0175_v_+y;CELL_QP093A-0175_v_+z;CELL_QP093A-0175_v_-x,CELL_QP093A-0175_v_+x;CELL_QP093A-0175_v_-y;CELL_QP093A-0175_v_-z,CELL_QP093A-0175_e_+y_+z;CELL_QP093A-0175_e_-x_+y;CELL_QP093A-0175_e_-x_+z,CELL_QP093A-0175_e_+x_-y;CELL_QP093A-0175_e_+x_-z;CELL_QP093A-0175_e_-y_-z,true,true,true,true,OPEN_NO_UNIT_MAPPING,OPEN_CONVENTIONAL_ENGINEERING_INPUT,UNEMITTED_CR286_GATE,false,false
CELL_QP093A-0175_GATE_100_TO_011,CELL_QP093A-0175_PAIR_011_100,CELL_QP093A-0175,QP093A-0175,2+8+12,yes,TRIAD_ALLOWED,CELL_QP093A-0175_f_+--,+--,100,CELL_QP093A-0175_f_-++,-++,011,CELL_QP093A-0175_v_+x;CELL_QP093A-0175_v_-y;CELL_QP093A-0175_v_-z,CELL_QP093A-0175_v_+y;CELL_QP093A-0175_v_+z;CELL_QP093A-0175_v_-x,CELL_QP093A-0175_e_+x_-y;CELL_QP093A-0175_e_+x_-z;CELL_QP093A-0175_e_-y_-z,CELL_QP093A-0175_e_+y_+z;CELL_QP093A-0175_e_-x_+y;CELL_QP093A-0175_e_-x_+z,true,true,true,true,OPEN_NO_UNIT_MAPPING,OPEN_CONVENTIONAL_ENGINEERING_INPUT,UNEMITTED_CR286_GATE,false,false
CELL_QP093A-0175_GATE_101_TO_010,CELL_QP093A-0175_PAIR_010_101,CELL_QP093A-0175,QP093A-0175,2+8+12,yes,TRIAD_ALLOWED,CELL_QP093A-0175_f_+-+,+-+,101,CELL_QP093A-0175_f_-+-,-+-,010,CELL_QP093A-0175_v_+x;CELL_QP093A-0175_v_+z;CELL_QP093A-0175_v_-y,CELL_QP093A-0175_v_+y;CELL_QP093A-0175_v_-x;CELL_QP093A-0175_v_-z,CELL_QP093A-0175_e_+x_+z;CELL_QP093A-0175_e_+x_-y;CELL_QP093A-0175_e_-y_+z,CELL_QP093A-0175_e_+y_-z;CELL_QP093A-0175_e_-x_+y;CELL_QP093A-0175_e_-x_-z,true,true,true,true,OPEN_NO_UNIT_MAPPING,OPEN_CONVENTIONAL_ENGINEERING_INPUT,UNEMITTED_CR286_GATE,false,false
CELL_QP093A-0175_GATE_110_TO_001,CELL_QP093A-0175_PAIR_001_110,CELL_QP093A-0175,QP093A-0175,2+8+12,yes,TRIAD_ALLOWED,CELL_QP093A-0175_f_++-,++-,110,CELL_QP093A-0175_f_--+,--+,001,CELL_QP093A-0175_v_+x;CELL_QP093A-0175_v_+y;CELL_QP093A-0175_v_-z,CELL_QP093A-0175_v_+z;CELL_QP093A-0175_v_-x;CELL_QP093A-0175_v_-y,CELL_QP093A-0175_e_+x_+y;CELL_QP093A-0175_e_+x_-z;CELL_QP093A-0175_e_+y_-z,CELL_QP093A-0175_e_-x_+z;CELL_QP093A-0175_e_-x_-y;CELL_QP093A-0175_e_-y_+z,true,true,true,true,OPEN_NO_UNIT_MAPPING,OPEN_CONVENTIONAL_ENGINEERING_INPUT,UNEMITTED_CR286_GATE,false,false
CELL_QP093A-0175_GATE_111_TO_000,CELL_QP093A-0175_PAIR_000_111,CELL_QP093A-0175,QP093A-0175,2+8+12,yes,TRIAD_ALLOWED,CELL_QP093A-0175_f_+++,+++,111,CELL_QP093A-0175_f_---,---,000,CELL_QP093A-0175_v_+x;CELL_QP093A-0175_v_+y;CELL_QP093A-0175_v_+z,CELL_QP093A-0175_v_-x;CELL_QP093A-0175_v_-y;CELL_QP093A-0175_v_-z,CELL_QP093A-0175_e_+x_+y;CELL_QP093A-0175_e_+x_+z;CELL_QP093A-0175_e_+y_+z,CELL_QP093A-0175_e_-x_-y;CELL_QP093A-0175_e_-x_-z;CELL_QP093A-0175_e_-y_-z,true,true,true,true,OPEN_NO_UNIT_MAPPING,OPEN_CONVENTIONAL_ENGINEERING_INPUT,UNEMITTED_CR286_GATE,false,false
CELL_QP093A-0176_GATE_000_TO_111,CELL_QP093A-0176_PAIR_000_111,CELL_QP093A-0176,QP093A-0176,2+9+9,yes,TRIAD_ALLOWED,CELL_QP093A-0176_f_---,---,000,CELL_QP093A-0176_f_+++,+++,111,CELL_QP093A-0176_v_-x;CELL_QP093A-0176_v_-y;CELL_QP093A-0176_v_-z,CELL_QP093A-0176_v_+x;CELL_QP093A-0176_v_+y;CELL_QP093A-0176_v_+z,CELL_QP093A-0176_e_-x_-y;CELL_QP093A-0176_e_-x_-z;CELL_QP093A-0176_e_-y_-z,CELL_QP093A-0176_e_+x_+y;CELL_QP093A-0176_e_+x_+z;CELL_QP093A-0176_e_+y_+z,true,true,true,true,OPEN_NO_UNIT_MAPPING,OPEN_CONVENTIONAL_ENGINEERING_INPUT,UNEMITTED_CR286_GATE,false,false
CELL_QP093A-0176_GATE_001_TO_110,CELL_QP093A-0176_PAIR_001_110,CELL_QP093A-0176,QP093A-0176,2+9+9,yes,TRIAD_ALLOWED,CELL_QP093A-0176_f_--+,--+,001,CELL_QP093A-0176_f_++-,++-,110,CELL_QP093A-0176_v_+z;CELL_QP093A-0176_v_-x;CELL_QP093A-0176_v_-y,CELL_QP093A-0176_v_+x;CELL_QP093A-0176_v_+y;CELL_QP093A-0176_v_-z,CELL_QP093A-0176_e_-x_+z;CELL_QP093A-0176_e_-x_-y;CELL_QP093A-0176_e_-y_+z,CELL_QP093A-0176_e_+x_+y;CELL_QP093A-0176_e_+x_-z;CELL_QP093A-0176_e_+y_-z,true,true,true,true,OPEN_NO_UNIT_MAPPING,OPEN_CONVENTIONAL_ENGINEERING_INPUT,UNEMITTED_CR286_GATE,false,false
CELL_QP093A-0176_GATE_010_TO_101,CELL_QP093A-0176_PAIR_010_101,CELL_QP093A-0176,QP093A-0176,2+9+9,yes,TRIAD_ALLOWED,CELL_QP093A-0176_f_-+-,-+-,010,CELL_QP093A-0176_f_+-+,+-+,101,CELL_QP093A-0176_v_+y;CELL_QP093A-0176_v_-x;CELL_QP093A-0176_v_-z,CELL_QP093A-0176_v_+x;CELL_QP093A-0176_v_+z;CELL_QP093A-0176_v_-y,CELL_QP093A-0176_e_+y_-z;CELL_QP093A-0176_e_-x_+y;CELL_QP093A-0176_e_-x_-z,CELL_QP093A-0176_e_+x_+z;CELL_QP093A-0176_e_+x_-y;CELL_QP093A-0176_e_-y_+z,true,true,true,true,OPEN_NO_UNIT_MAPPING,OPEN_CONVENTIONAL_ENGINEERING_INPUT,UNEMITTED_CR286_GATE,false,false
CELL_QP093A-0176_GATE_011_TO_100,CELL_QP093A-0176_PAIR_011_100,CELL_QP093A-0176,QP093A-0176,2+9+9,yes,TRIAD_ALLOWED,CELL_QP093A-0176_f_-++,-++,011,CELL_QP093A-0176_f_+--,+--,100,CELL_QP093A-0176_v_+y;CELL_QP093A-0176_v_+z;CELL_QP093A-0176_v_-x,CELL_QP093A-0176_v_+x;CELL_QP093A-0176_v_-y;CELL_QP093A-0176_v_-z,CELL_QP093A-0176_e_+y_+z;CELL_QP093A-0176_e_-x_+y;CELL_QP093A-0176_e_-x_+z,CELL_QP093A-0176_e_+x_-y;CELL_QP093A-0176_e_+x_-z;CELL_QP093A-0176_e_-y_-z,true,true,true,true,OPEN_NO_UNIT_MAPPING,OPEN_CONVENTIONAL_ENGINEERING_INPUT,UNEMITTED_CR286_GATE,false,false
CELL_QP093A-0176_GATE_100_TO_011,CELL_QP093A-0176_PAIR_011_100,CELL_QP093A-0176,QP093A-0176,2+9+9,yes,TRIAD_ALLOWED,CELL_QP093A-0176_f_+--,+--,100,CELL_QP093A-0176_f_-++,-++,011,CELL_QP093A-0176_v_+x;CELL_QP093A-0176_v_-y;CELL_QP093A-0176_v_-z,CELL_QP093A-0176_v_+y;CELL_QP093A-0176_v_+z;CELL_QP093A-0176_v_-x,CELL_QP093A-0176_e_+x_-y;CELL_QP093A-0176_e_+x_-z;CELL_QP093A-0176_e_-y_-z,CELL_QP093A-0176_e_+y_+z;CELL_QP093A-0176_e_-x_+y;CELL_QP093A-0176_e_-x_+z,true,true,true,true,OPEN_NO_UNIT_MAPPING,OPEN_CONVENTIONAL_ENGINEERING_INPUT,UNEMITTED_CR286_GATE,false,false
CELL_QP093A-0176_GATE_101_TO_010,CELL_QP093A-0176_PAIR_010_101,CELL_QP093A-0176,QP093A-0176,2+9+9,yes,TRIAD_ALLOWED,CELL_QP093A-0176_f_+-+,+-+,101,CELL_QP093A-0176_f_-+-,-+-,010,CELL_QP093A-0176_v_+x;CELL_QP093A-0176_v_+z;CELL_QP093A-0176_v_-y,CELL_QP093A-0176_v_+y;CELL_QP093A-0176_v_-x;CELL_QP093A-0176_v_-z,CELL_QP093A-0176_e_+x_+z;CELL_QP093A-0176_e_+x_-y;CELL_QP093A-0176_e_-y_+z,CELL_QP093A-0176_e_+y_-z;CELL_QP093A-0176_e_-x_+y;CELL_QP093A-0176_e_-x_-z,true,true,true,true,OPEN_NO_UNIT_MAPPING,OPEN_CONVENTIONAL_ENGINEERING_INPUT,UNEMITTED_CR286_GATE,false,false
CELL_QP093A-0176_GATE_110_TO_001,CELL_QP093A-0176_PAIR_001_110,CELL_QP093A-0176,QP093A-0176,2+9+9,yes,TRIAD_ALLOWED,CELL_QP093A-0176_f_++-,++-,110,CELL_QP093A-0176_f_--+,--+,001,CELL_QP093A-0176_v_+x;CELL_QP093A-0176_v_+y;CELL_QP093A-0176_v_-z,CELL_QP093A-0176_v_+z;CELL_QP093A-0176_v_-x;CELL_QP093A-0176_v_-y,CELL_QP093A-0176_e_+x_+y;CELL_QP093A-0176_e_+x_-z;CELL_QP093A-0176_e_+y_-z,CELL_QP093A-0176_e_-x_+z;CELL_QP093A-0176_e_-x_-y;CELL_QP093A-0176_e_-y_+z,true,true,true,true,OPEN_NO_UNIT_MAPPING,OPEN_CONVENTIONAL_ENGINEERING_INPUT,UNEMITTED_CR286_GATE,false,false
CELL_QP093A-0176_GATE_111_TO_000,CELL_QP093A-0176_PAIR_000_111,CELL_QP093A-0176,QP093A-0176,2+9+9,yes,TRIAD_ALLOWED,CELL_QP093A-0176_f_+++,+++,111,CELL_QP093A-0176_f_---,---,000,CELL_QP093A-0176_v_+x;CELL_QP093A-0176_v_+y;CELL_QP093A-0176_v_+z,CELL_QP093A-0176_v_-x;CELL_QP093A-0176_v_-y;CELL_QP093A-0176_v_-z,CELL_QP093A-0176_e_+x_+y;CELL_QP093A-0176_e_+x_+z;CELL_QP093A-0176_e_+y_+z,CELL_QP093A-0176_e_-x_-y;CELL_QP093A-0176_e_-x_-z;CELL_QP093A-0176_e_-y_-z,true,true,true,true,OPEN_NO_UNIT_MAPPING,OPEN_CONVENTIONAL_ENGINEERING_INPUT,UNEMITTED_CR286_GATE,false,false
CELL_QP093A-0177_GATE_000_TO_111,CELL_QP093A-0177_PAIR_000_111,CELL_QP093A-0177,QP093A-0177,2+9+12,yes,TRIAD_ALLOWED,CELL_QP093A-0177_f_---,---,000,CELL_QP093A-0177_f_+++,+++,111,CELL_QP093A-0177_v_-x;CELL_QP093A-0177_v_-y;CELL_QP093A-0177_v_-z,CELL_QP093A-0177_v_+x;CELL_QP093A-0177_v_+y;CELL_QP093A-0177_v_+z,CELL_QP093A-0177_e_-x_-y;CELL_QP093A-0177_e_-x_-z;CELL_QP093A-0177_e_-y_-z,CELL_QP093A-0177_e_+x_+y;CELL_QP093A-0177_e_+x_+z;CELL_QP093A-0177_e_+y_+z,true,true,true,true,OPEN_NO_UNIT_MAPPING,OPEN_CONVENTIONAL_ENGINEERING_INPUT,UNEMITTED_CR286_GATE,false,false
CELL_QP093A-0177_GATE_001_TO_110,CELL_QP093A-0177_PAIR_001_110,CELL_QP093A-0177,QP093A-0177,2+9+12,yes,TRIAD_ALLOWED,CELL_QP093A-0177_f_--+,--+,001,CELL_QP093A-0177_f_++-,++-,110,CELL_QP093A-0177_v_+z;CELL_QP093A-0177_v_-x;CELL_QP093A-0177_v_-y,CELL_QP093A-0177_v_+x;CELL_QP093A-0177_v_+y;CELL_QP093A-0177_v_-z,CELL_QP093A-0177_e_-x_+z;CELL_QP093A-0177_e_-x_-y;CELL_QP093A-0177_e_-y_+z,CELL_QP093A-0177_e_+x_+y;CELL_QP093A-0177_e_+x_-z;CELL_QP093A-0177_e_+y_-z,true,true,true,true,OPEN_NO_UNIT_MAPPING,OPEN_CONVENTIONAL_ENGINEERING_INPUT,UNEMITTED_CR286_GATE,false,false
CELL_QP093A-0177_GATE_010_TO_101,CELL_QP093A-0177_PAIR_010_101,CELL_QP093A-0177,QP093A-0177,2+9+12,yes,TRIAD_ALLOWED,CELL_QP093A-0177_f_-+-,-+-,010,CELL_QP093A-0177_f_+-+,+-+,101,CELL_QP093A-0177_v_+y;CELL_QP093A-0177_v_-x;CELL_QP093A-0177_v_-z,CELL_QP093A-0177_v_+x;CELL_QP093A-0177_v_+z;CELL_QP093A-0177_v_-y,CELL_QP093A-0177_e_+y_-z;CELL_QP093A-0177_e_-x_+y;CELL_QP093A-0177_e_-x_-z,CELL_QP093A-0177_e_+x_+z;CELL_QP093A-0177_e_+x_-y;CELL_QP093A-0177_e_-y_+z,true,true,true,true,OPEN_NO_UNIT_MAPPING,OPEN_CONVENTIONAL_ENGINEERING_INPUT,UNEMITTED_CR286_GATE,false,false
CELL_QP093A-0177_GATE_011_TO_100,CELL_QP093A-0177_PAIR_011_100,CELL_QP093A-0177,QP093A-0177,2+9+12,yes,TRIAD_ALLOWED,CELL_QP093A-0177_f_-++,-++,011,CELL_QP093A-0177_f_+--,+--,100,CELL_QP093A-0177_v_+y;CELL_QP093A-0177_v_+z;CELL_QP093A-0177_v_-x,CELL_QP093A-0177_v_+x;CELL_QP093A-0177_v_-y;CELL_QP093A-0177_v_-z,CELL_QP093A-0177_e_+y_+z;CELL_QP093A-0177_e_-x_+y;CELL_QP093A-0177_e_-x_+z,CELL_QP093A-0177_e_+x_-y;CELL_QP093A-0177_e_+x_-z;CELL_QP093A-0177_e_-y_-z,true,true,true,true,OPEN_NO_UNIT_MAPPING,OPEN_CONVENTIONAL_ENGINEERING_INPUT,UNEMITTED_CR286_GATE,false,false
CELL_QP093A-0177_GATE_100_TO_011,CELL_QP093A-0177_PAIR_011_100,CELL_QP093A-0177,QP093A-0177,2+9+12,yes,TRIAD_ALLOWED,CELL_QP093A-0177_f_+--,+--,100,CELL_QP093A-0177_f_-++,-++,011,CELL_QP093A-0177_v_+x;CELL_QP093A-0177_v_-y;CELL_QP093A-0177_v_-z,CELL_QP093A-0177_v_+y;CELL_QP093A-0177_v_+z;CELL_QP093A-0177_v_-x,CELL_QP093A-0177_e_+x_-y;CELL_QP093A-0177_e_+x_-z;CELL_QP093A-0177_e_-y_-z,CELL_QP093A-0177_e_+y_+z;CELL_QP093A-0177_e_-x_+y;CELL_QP093A-0177_e_-x_+z,true,true,true,true,OPEN_NO_UNIT_MAPPING,OPEN_CONVENTIONAL_ENGINEERING_INPUT,UNEMITTED_CR286_GATE,false,false
CELL_QP093A-0177_GATE_101_TO_010,CELL_QP093A-0177_PAIR_010_101,CELL_QP093A-0177,QP093A-0177,2+9+12,yes,TRIAD_ALLOWED,CELL_QP093A-0177_f_+-+,+-+,101,CELL_QP093A-0177_f_-+-,-+-,010,CELL_QP093A-0177_v_+x;CELL_QP093A-0177_v_+z;CELL_QP093A-0177_v_-y,CELL_QP093A-0177_v_+y;CELL_QP093A-0177_v_-x;CELL_QP093A-0177_v_-z,CELL_QP093A-0177_e_+x_+z;CELL_QP093A-0177_e_+x_-y;CELL_QP093A-0177_e_-y_+z,CELL_QP093A-0177_e_+y_-z;CELL_QP093A-0177_e_-x_+y;CELL_QP093A-0177_e_-x_-z,true,true,true,true,OPEN_NO_UNIT_MAPPING,OPEN_CONVENTIONAL_ENGINEERING_INPUT,UNEMITTED_CR286_GATE,false,false
CELL_QP093A-0177_GATE_110_TO_001,CELL_QP093A-0177_PAIR_001_110,CELL_QP093A-0177,QP093A-0177,2+9+12,yes,TRIAD_ALLOWED,CELL_QP093A-0177_f_++-,++-,110,CELL_QP093A-0177_f_--+,--+,001,CELL_QP093A-0177_v_+x;CELL_QP093A-0177_v_+y;CELL_QP093A-0177_v_-z,CELL_QP093A-0177_v_+z;CELL_QP093A-0177_v_-x;CELL_QP093A-0177_v_-y,CELL_QP093A-0177_e_+x_+y;CELL_QP093A-0177_e_+x_-z;CELL_QP093A-0177_e_+y_-z,CELL_QP093A-0177_e_-x_+z;CELL_QP093A-0177_e_-x_-y;CELL_QP093A-0177_e_-y_+z,true,true,true,true,OPEN_NO_UNIT_MAPPING,OPEN_CONVENTIONAL_ENGINEERING_INPUT,UNEMITTED_CR286_GATE,false,false
CELL_QP093A-0177_GATE_111_TO_000,CELL_QP093A-0177_PAIR_000_111,CELL_QP093A-0177,QP093A-0177,2+9+12,yes,TRIAD_ALLOWED,CELL_QP093A-0177_f_+++,+++,111,CELL_QP093A-0177_f_---,---,000,CELL_QP093A-0177_v_+x;CELL_QP093A-0177_v_+y;CELL_QP093A-0177_v_+z,CELL_QP093A-0177_v_-x;CELL_QP093A-0177_v_-y;CELL_QP093A-0177_v_-z,CELL_QP093A-0177_e_+x_+y;CELL_QP093A-0177_e_+x_+z;CELL_QP093A-0177_e_+y_+z,CELL_QP093A-0177_e_-x_-y;CELL_QP093A-0177_e_-x_-z;CELL_QP093A-0177_e_-y_-z,true,true,true,true,OPEN_NO_UNIT_MAPPING,OPEN_CONVENTIONAL_ENGINEERING_INPUT,UNEMITTED_CR286_GATE,false,false
CELL_QP093A-0178_GATE_000_TO_111,CELL_QP093A-0178_PAIR_000_111,CELL_QP093A-0178,QP093A-0178,2+12+12,yes,TRIAD_ALLOWED,CELL_QP093A-0178_f_---,---,000,CELL_QP093A-0178_f_+++,+++,111,CELL_QP093A-0178_v_-x;CELL_QP093A-0178_v_-y;CELL_QP093A-0178_v_-z,CELL_QP093A-0178_v_+x;CELL_QP093A-0178_v_+y;CELL_QP093A-0178_v_+z,CELL_QP093A-0178_e_-x_-y;CELL_QP093A-0178_e_-x_-z;CELL_QP093A-0178_e_-y_-z,CELL_QP093A-0178_e_+x_+y;CELL_QP093A-0178_e_+x_+z;CELL_QP093A-0178_e_+y_+z,true,true,true,true,OPEN_NO_UNIT_MAPPING,OPEN_CONVENTIONAL_ENGINEERING_INPUT,UNEMITTED_CR286_GATE,false,false
CELL_QP093A-0178_GATE_001_TO_110,CELL_QP093A-0178_PAIR_001_110,CELL_QP093A-0178,QP093A-0178,2+12+12,yes,TRIAD_ALLOWED,CELL_QP093A-0178_f_--+,--+,001,CELL_QP093A-0178_f_++-,++-,110,CELL_QP093A-0178_v_+z;CELL_QP093A-0178_v_-x;CELL_QP093A-0178_v_-y,CELL_QP093A-0178_v_+x;CELL_QP093A-0178_v_+y;CELL_QP093A-0178_v_-z,CELL_QP093A-0178_e_-x_+z;CELL_QP093A-0178_e_-x_-y;CELL_QP093A-0178_e_-y_+z,CELL_QP093A-0178_e_+x_+y;CELL_QP093A-0178_e_+x_-z;CELL_QP093A-0178_e_+y_-z,true,true,true,true,OPEN_NO_UNIT_MAPPING,OPEN_CONVENTIONAL_ENGINEERING_INPUT,UNEMITTED_CR286_GATE,false,false
CELL_QP093A-0178_GATE_010_TO_101,CELL_QP093A-0178_PAIR_010_101,CELL_QP093A-0178,QP093A-0178,2+12+12,yes,TRIAD_ALLOWED,CELL_QP093A-0178_f_-+-,-+-,010,CELL_QP093A-0178_f_+-+,+-+,101,CELL_QP093A-0178_v_+y;CELL_QP093A-0178_v_-x;CELL_QP093A-0178_v_-z,CELL_QP093A-0178_v_+x;CELL_QP093A-0178_v_+z;CELL_QP093A-0178_v_-y,CELL_QP093A-0178_e_+y_-z;CELL_QP093A-0178_e_-x_+y;CELL_QP093A-0178_e_-x_-z,CELL_QP093A-0178_e_+x_+z;CELL_QP093A-0178_e_+x_-y;CELL_QP093A-0178_e_-y_+z,true,true,true,true,OPEN_NO_UNIT_MAPPING,OPEN_CONVENTIONAL_ENGINEERING_INPUT,UNEMITTED_CR286_GATE,false,false
CELL_QP093A-0178_GATE_011_TO_100,CELL_QP093A-0178_PAIR_011_100,CELL_QP093A-0178,QP093A-0178,2+12+12,yes,TRIAD_ALLOWED,CELL_QP093A-0178_f_-++,-++,011,CELL_QP093A-0178_f_+--,+--,100,CELL_QP093A-0178_v_+y;CELL_QP093A-0178_v_+z;CELL_QP093A-0178_v_-x,CELL_QP093A-0178_v_+x;CELL_QP093A-0178_v_-y;CELL_QP093A-0178_v_-z,CELL_QP093A-0178_e_+y_+z;CELL_QP093A-0178_e_-x_+y;CELL_QP093A-0178_e_-x_+z,CELL_QP093A-0178_e_+x_-y;CELL_QP093A-0178_e_+x_-z;CELL_QP093A-0178_e_-y_-z,true,true,true,true,OPEN_NO_UNIT_MAPPING,OPEN_CONVENTIONAL_ENGINEERING_INPUT,UNEMITTED_CR286_GATE,false,false
CELL_QP093A-0178_GATE_100_TO_011,CELL_QP093A-0178_PAIR_011_100,CELL_QP093A-0178,QP093A-0178,2+12+12,yes,TRIAD_ALLOWED,CELL_QP093A-0178_f_+--,+--,100,CELL_QP093A-0178_f_-++,-++,011,CELL_QP093A-0178_v_+x;CELL_QP093A-0178_v_-y;CELL_QP093A-0178_v_-z,CELL_QP093A-0178_v_+y;CELL_QP093A-0178_v_+z;CELL_QP093A-0178_v_-x,CELL_QP093A-0178_e_+x_-y;CELL_QP093A-0178_e_+x_-z;CELL_QP093A-0178_e_-y_-z,CELL_QP093A-0178_e_+y_+z;CELL_QP093A-0178_e_-x_+y;CELL_QP093A-0178_e_-x_+z,true,true,true,true,OPEN_NO_UNIT_MAPPING,OPEN_CONVENTIONAL_ENGINEERING_INPUT,UNEMITTED_CR286_GATE,false,false
CELL_QP093A-0178_GATE_101_TO_010,CELL_QP093A-0178_PAIR_010_101,CELL_QP093A-0178,QP093A-0178,2+12+12,yes,TRIAD_ALLOWED,CELL_QP093A-0178_f_+-+,+-+,101,CELL_QP093A-0178_f_-+-,-+-,010,CELL_QP093A-0178_v_+x;CELL_QP093A-0178_v_+z;CELL_QP093A-0178_v_-y,CELL_QP093A-0178_v_+y;CELL_QP093A-0178_v_-x;CELL_QP093A-0178_v_-z,CELL_QP093A-0178_e_+x_+z;CELL_QP093A-0178_e_+x_-y;CELL_QP093A-0178_e_-y_+z,CELL_QP093A-0178_e_+y_-z;CELL_QP093A-0178_e_-x_+y;CELL_QP093A-0178_e_-x_-z,true,true,true,true,OPEN_NO_UNIT_MAPPING,OPEN_CONVENTIONAL_ENGINEERING_INPUT,UNEMITTED_CR286_GATE,false,false
CELL_QP093A-0178_GATE_110_TO_001,CELL_QP093A-0178_PAIR_001_110,CELL_QP093A-0178,QP093A-0178,2+12+12,yes,TRIAD_ALLOWED,CELL_QP093A-0178_f_++-,++-,110,CELL_QP093A-0178_f_--+,--+,001,CELL_QP093A-0178_v_+x;CELL_QP093A-0178_v_+y;CELL_QP093A-0178_v_-z,CELL_QP093A-0178_v_+z;CELL_QP093A-0178_v_-x;CELL_QP093A-0178_v_-y,CELL_QP093A-0178_e_+x_+y;CELL_QP093A-0178_e_+x_-z;CELL_QP093A-0178_e_+y_-z,CELL_QP093A-0178_e_-x_+z;CELL_QP093A-0178_e_-x_-y;CELL_QP093A-0178_e_-y_+z,true,true,true,true,OPEN_NO_UNIT_MAPPING,OPEN_CONVENTIONAL_ENGINEERING_INPUT,UNEMITTED_CR286_GATE,false,false
CELL_QP093A-0178_GATE_111_TO_000,CELL_QP093A-0178_PAIR_000_111,CELL_QP093A-0178,QP093A-0178,2+12+12,yes,TRIAD_ALLOWED,CELL_QP093A-0178_f_+++,+++,111,CELL_QP093A-0178_f_---,---,000,CELL_QP093A-0178_v_+x;CELL_QP093A-0178_v_+y;CELL_QP093A-0178_v_+z,CELL_QP093A-0178_v_-x;CELL_QP093A-0178_v_-y;CELL_QP093A-0178_v_-z,CELL_QP093A-0178_e_+x_+y;CELL_QP093A-0178_e_+x_+z;CELL_QP093A-0178_e_+y_+z,CELL_QP093A-0178_e_-x_-y;CELL_QP093A-0178_e_-x_-z;CELL_QP093A-0178_e_-y_-z,true,true,true,true,OPEN_NO_UNIT_MAPPING,OPEN_CONVENTIONAL_ENGINEERING_INPUT,UNEMITTED_CR286_GATE,false,false
CELL_QP093A-0179_GATE_000_TO_111,CELL_QP093A-0179_PAIR_000_111,CELL_QP093A-0179,QP093A-0179,3+3+3,no,TRIAD_SURFACE_REJECTED,CELL_QP093A-0179_f_---,---,000,CELL_QP093A-0179_f_+++,+++,111,CELL_QP093A-0179_v_-x;CELL_QP093A-0179_v_-y;CELL_QP093A-0179_v_-z,CELL_QP093A-0179_v_+x;CELL_QP093A-0179_v_+y;CELL_QP093A-0179_v_+z,CELL_QP093A-0179_e_-x_-y;CELL_QP093A-0179_e_-x_-z;CELL_QP093A-0179_e_-y_-z,CELL_QP093A-0179_e_+x_+y;CELL_QP093A-0179_e_+x_+z;CELL_QP093A-0179_e_+y_+z,true,true,true,true,OPEN_NO_UNIT_MAPPING,OPEN_CONVENTIONAL_ENGINEERING_INPUT,UNEMITTED_CR286_GATE,false,false
CELL_QP093A-0179_GATE_001_TO_110,CELL_QP093A-0179_PAIR_001_110,CELL_QP093A-0179,QP093A-0179,3+3+3,no,TRIAD_SURFACE_REJECTED,CELL_QP093A-0179_f_--+,--+,001,CELL_QP093A-0179_f_++-,++-,110,CELL_QP093A-0179_v_+z;CELL_QP093A-0179_v_-x;CELL_QP093A-0179_v_-y,CELL_QP093A-0179_v_+x;CELL_QP093A-0179_v_+y;CELL_QP093A-0179_v_-z,CELL_QP093A-0179_e_-x_+z;CELL_QP093A-0179_e_-x_-y;CELL_QP093A-0179_e_-y_+z,CELL_QP093A-0179_e_+x_+y;CELL_QP093A-0179_e_+x_-z;CELL_QP093A-0179_e_+y_-z,true,true,true,true,OPEN_NO_UNIT_MAPPING,OPEN_CONVENTIONAL_ENGINEERING_INPUT,UNEMITTED_CR286_GATE,false,false
CELL_QP093A-0179_GATE_010_TO_101,CELL_QP093A-0179_PAIR_010_101,CELL_QP093A-0179,QP093A-0179,3+3+3,no,TRIAD_SURFACE_REJECTED,CELL_QP093A-0179_f_-+-,-+-,010,CELL_QP093A-0179_f_+-+,+-+,101,CELL_QP093A-0179_v_+y;CELL_QP093A-0179_v_-x;CELL_QP093A-0179_v_-z,CELL_QP093A-0179_v_+x;CELL_QP093A-0179_v_+z;CELL_QP093A-0179_v_-y,CELL_QP093A-0179_e_+y_-z;CELL_QP093A-0179_e_-x_+y;CELL_QP093A-0179_e_-x_-z,CELL_QP093A-0179_e_+x_+z;CELL_QP093A-0179_e_+x_-y;CELL_QP093A-0179_e_-y_+z,true,true,true,true,OPEN_NO_UNIT_MAPPING,OPEN_CONVENTIONAL_ENGINEERING_INPUT,UNEMITTED_CR286_GATE,false,false
CELL_QP093A-0179_GATE_011_TO_100,CELL_QP093A-0179_PAIR_011_100,CELL_QP093A-0179,QP093A-0179,3+3+3,no,TRIAD_SURFACE_REJECTED,CELL_QP093A-0179_f_-++,-++,011,CELL_QP093A-0179_f_+--,+--,100,CELL_QP093A-0179_v_+y;CELL_QP093A-0179_v_+z;CELL_QP093A-0179_v_-x,CELL_QP093A-0179_v_+x;CELL_QP093A-0179_v_-y;CELL_QP093A-0179_v_-z,CELL_QP093A-0179_e_+y_+z;CELL_QP093A-0179_e_-x_+y;CELL_QP093A-0179_e_-x_+z,CELL_QP093A-0179_e_+x_-y;CELL_QP093A-0179_e_+x_-z;CELL_QP093A-0179_e_-y_-z,true,true,true,true,OPEN_NO_UNIT_MAPPING,OPEN_CONVENTIONAL_ENGINEERING_INPUT,UNEMITTED_CR286_GATE,false,false
CELL_QP093A-0179_GATE_100_TO_011,CELL_QP093A-0179_PAIR_011_100,CELL_QP093A-0179,QP093A-0179,3+3+3,no,TRIAD_SURFACE_REJECTED,CELL_QP093A-0179_f_+--,+--,100,CELL_QP093A-0179_f_-++,-++,011,CELL_QP093A-0179_v_+x;CELL_QP093A-0179_v_-y;CELL_QP093A-0179_v_-z,CELL_QP093A-0179_v_+y;CELL_QP093A-0179_v_+z;CELL_QP093A-0179_v_-x,CELL_QP093A-0179_e_+x_-y;CELL_QP093A-0179_e_+x_-z;CELL_QP093A-0179_e_-y_-z,CELL_QP093A-0179_e_+y_+z;CELL_QP093A-0179_e_-x_+y;CELL_QP093A-0179_e_-x_+z,true,true,true,true,OPEN_NO_UNIT_MAPPING,OPEN_CONVENTIONAL_ENGINEERING_INPUT,UNEMITTED_CR286_GATE,false,false
CELL_QP093A-0179_GATE_101_TO_010,CELL_QP093A-0179_PAIR_010_101,CELL_QP093A-0179,QP093A-0179,3+3+3,no,TRIAD_SURFACE_REJECTED,CELL_QP093A-0179_f_+-+,+-+,101,CELL_QP093A-0179_f_-+-,-+-,010,CELL_QP093A-0179_v_+x;CELL_QP093A-0179_v_+z;CELL_QP093A-0179_v_-y,CELL_QP093A-0179_v_+y;CELL_QP093A-0179_v_-x;CELL_QP093A-0179_v_-z,CELL_QP093A-0179_e_+x_+z;CELL_QP093A-0179_e_+x_-y;CELL_QP093A-0179_e_-y_+z,CELL_QP093A-0179_e_+y_-z;CELL_QP093A-0179_e_-x_+y;CELL_QP093A-0179_e_-x_-z,true,true,true,true,OPEN_NO_UNIT_MAPPING,OPEN_CONVENTIONAL_ENGINEERING_INPUT,UNEMITTED_CR286_GATE,false,false
CELL_QP093A-0179_GATE_110_TO_001,CELL_QP093A-0179_PAIR_001_110,CELL_QP093A-0179,QP093A-0179,3+3+3,no,TRIAD_SURFACE_REJECTED,CELL_QP093A-0179_f_++-,++-,110,CELL_QP093A-0179_f_--+,--+,001,CELL_QP093A-0179_v_+x;CELL_QP093A-0179_v_+y;CELL_QP093A-0179_v_-z,CELL_QP093A-0179_v_+z;CELL_QP093A-0179_v_-x;CELL_QP093A-0179_v_-y,CELL_QP093A-0179_e_+x_+y;CELL_QP093A-0179_e_+x_-z;CELL_QP093A-0179_e_+y_-z,CELL_QP093A-0179_e_-x_+z;CELL_QP093A-0179_e_-x_-y;CELL_QP093A-0179_e_-y_+z,true,true,true,true,OPEN_NO_UNIT_MAPPING,OPEN_CONVENTIONAL_ENGINEERING_INPUT,UNEMITTED_CR286_GATE,false,false
CELL_QP093A-0179_GATE_111_TO_000,CELL_QP093A-0179_PAIR_000_111,CELL_QP093A-0179,QP093A-0179,3+3+3,no,TRIAD_SURFACE_REJECTED,CELL_QP093A-0179_f_+++,+++,111,CELL_QP093A-0179_f_---,---,000,CELL_QP093A-0179_v_+x;CELL_QP093A-0179_v_+y;CELL_QP093A-0179_v_+z,CELL_QP093A-0179_v_-x;CELL_QP093A-0179_v_-y;CELL_QP093A-0179_v_-z,CELL_QP093A-0179_e_+x_+y;CELL_QP093A-0179_e_+x_+z;CELL_QP093A-0179_e_+y_+z,CELL_QP093A-0179_e_-x_-y;CELL_QP093A-0179_e_-x_-z;CELL_QP093A-0179_e_-y_-z,true,true,true,true,OPEN_NO_UNIT_MAPPING,OPEN_CONVENTIONAL_ENGINEERING_INPUT,UNEMITTED_CR286_GATE,false,false
CELL_QP093A-0180_GATE_000_TO_111,CELL_QP093A-0180_PAIR_000_111,CELL_QP093A-0180,QP093A-0180,3+3+4,yes,TRIAD_ALLOWED,CELL_QP093A-0180_f_---,---,000,CELL_QP093A-0180_f_+++,+++,111,CELL_QP093A-0180_v_-x;CELL_QP093A-0180_v_-y;CELL_QP093A-0180_v_-z,CELL_QP093A-0180_v_+x;CELL_QP093A-0180_v_+y;CELL_QP093A-0180_v_+z,CELL_QP093A-0180_e_-x_-y;CELL_QP093A-0180_e_-x_-z;CELL_QP093A-0180_e_-y_-z,CELL_QP093A-0180_e_+x_+y;CELL_QP093A-0180_e_+x_+z;CELL_QP093A-0180_e_+y_+z,true,true,true,true,OPEN_NO_UNIT_MAPPING,OPEN_CONVENTIONAL_ENGINEERING_INPUT,UNEMITTED_CR286_GATE,false,false
CELL_QP093A-0180_GATE_001_TO_110,CELL_QP093A-0180_PAIR_001_110,CELL_QP093A-0180,QP093A-0180,3+3+4,yes,TRIAD_ALLOWED,CELL_QP093A-0180_f_--+,--+,001,CELL_QP093A-0180_f_++-,++-,110,CELL_QP093A-0180_v_+z;CELL_QP093A-0180_v_-x;CELL_QP093A-0180_v_-y,CELL_QP093A-0180_v_+x;CELL_QP093A-0180_v_+y;CELL_QP093A-0180_v_-z,CELL_QP093A-0180_e_-x_+z;CELL_QP093A-0180_e_-x_-y;CELL_QP093A-0180_e_-y_+z,CELL_QP093A-0180_e_+x_+y;CELL_QP093A-0180_e_+x_-z;CELL_QP093A-0180_e_+y_-z,true,true,true,true,OPEN_NO_UNIT_MAPPING,OPEN_CONVENTIONAL_ENGINEERING_INPUT,UNEMITTED_CR286_GATE,false,false
CELL_QP093A-0180_GATE_010_TO_101,CELL_QP093A-0180_PAIR_010_101,CELL_QP093A-0180,QP093A-0180,3+3+4,yes,TRIAD_ALLOWED,CELL_QP093A-0180_f_-+-,-+-,010,CELL_QP093A-0180_f_+-+,+-+,101,CELL_QP093A-0180_v_+y;CELL_QP093A-0180_v_-x;CELL_QP093A-0180_v_-z,CELL_QP093A-0180_v_+x;CELL_QP093A-0180_v_+z;CELL_QP093A-0180_v_-y,CELL_QP093A-0180_e_+y_-z;CELL_QP093A-0180_e_-x_+y;CELL_QP093A-0180_e_-x_-z,CELL_QP093A-0180_e_+x_+z;CELL_QP093A-0180_e_+x_-y;CELL_QP093A-0180_e_-y_+z,true,true,true,true,OPEN_NO_UNIT_MAPPING,OPEN_CONVENTIONAL_ENGINEERING_INPUT,UNEMITTED_CR286_GATE,false,false
CELL_QP093A-0180_GATE_011_TO_100,CELL_QP093A-0180_PAIR_011_100,CELL_QP093A-0180,QP093A-0180,3+3+4,yes,TRIAD_ALLOWED,CELL_QP093A-0180_f_-++,-++,011,CELL_QP093A-0180_f_+--,+--,100,CELL_QP093A-0180_v_+y;CELL_QP093A-0180_v_+z;CELL_QP093A-0180_v_-x,CELL_QP093A-0180_v_+x;CELL_QP093A-0180_v_-y;CELL_QP093A-0180_v_-z,CELL_QP093A-0180_e_+y_+z;CELL_QP093A-0180_e_-x_+y;CELL_QP093A-0180_e_-x_+z,CELL_QP093A-0180_e_+x_-y;CELL_QP093A-0180_e_+x_-z;CELL_QP093A-0180_e_-y_-z,true,true,true,true,OPEN_NO_UNIT_MAPPING,OPEN_CONVENTIONAL_ENGINEERING_INPUT,UNEMITTED_CR286_GATE,false,false
CELL_QP093A-0180_GATE_100_TO_011,CELL_QP093A-0180_PAIR_011_100,CELL_QP093A-0180,QP093A-0180,3+3+4,yes,TRIAD_ALLOWED,CELL_QP093A-0180_f_+--,+--,100,CELL_QP093A-0180_f_-++,-++,011,CELL_QP093A-0180_v_+x;CELL_QP093A-0180_v_-y;CELL_QP093A-0180_v_-z,CELL_QP093A-0180_v_+y;CELL_QP093A-0180_v_+z;CELL_QP093A-0180_v_-x,CELL_QP093A-0180_e_+x_-y;CELL_QP093A-0180_e_+x_-z;CELL_QP093A-0180_e_-y_-z,CELL_QP093A-0180_e_+y_+z;CELL_QP093A-0180_e_-x_+y;CELL_QP093A-0180_e_-x_+z,true,true,true,true,OPEN_NO_UNIT_MAPPING,OPEN_CONVENTIONAL_ENGINEERING_INPUT,UNEMITTED_CR286_GATE,false,false
CELL_QP093A-0180_GATE_101_TO_010,CELL_QP093A-0180_PAIR_010_101,CELL_QP093A-0180,QP093A-0180,3+3+4,yes,TRIAD_ALLOWED,CELL_QP093A-0180_f_+-+,+-+,101,CELL_QP093A-0180_f_-+-,-+-,010,CELL_QP093A-0180_v_+x;CELL_QP093A-0180_v_+z;CELL_QP093A-0180_v_-y,CELL_QP093A-0180_v_+y;CELL_QP093A-0180_v_-x;CELL_QP093A-0180_v_-z,CELL_QP093A-0180_e_+x_+z;CELL_QP093A-0180_e_+x_-y;CELL_QP093A-0180_e_-y_+z,CELL_QP093A-0180_e_+y_-z;CELL_QP093A-0180_e_-x_+y;CELL_QP093A-0180_e_-x_-z,true,true,true,true,OPEN_NO_UNIT_MAPPING,OPEN_CONVENTIONAL_ENGINEERING_INPUT,UNEMITTED_CR286_GATE,false,false
CELL_QP093A-0180_GATE_110_TO_001,CELL_QP093A-0180_PAIR_001_110,CELL_QP093A-0180,QP093A-0180,3+3+4,yes,TRIAD_ALLOWED,CELL_QP093A-0180_f_++-,++-,110,CELL_QP093A-0180_f_--+,--+,001,CELL_QP093A-0180_v_+x;CELL_QP093A-0180_v_+y;CELL_QP093A-0180_v_-z,CELL_QP093A-0180_v_+z;CELL_QP093A-0180_v_-x;CELL_QP093A-0180_v_-y,CELL_QP093A-0180_e_+x_+y;CELL_QP093A-0180_e_+x_-z;CELL_QP093A-0180_e_+y_-z,CELL_QP093A-0180_e_-x_+z;CELL_QP093A-0180_e_-x_-y;CELL_QP093A-0180_e_-y_+z,true,true,true,true,OPEN_NO_UNIT_MAPPING,OPEN_CONVENTIONAL_ENGINEERING_INPUT,UNEMITTED_CR286_GATE,false,false
CELL_QP093A-0180_GATE_111_TO_000,CELL_QP093A-0180_PAIR_000_111,CELL_QP093A-0180,QP093A-0180,3+3+4,yes,TRIAD_ALLOWED,CELL_QP093A-0180_f_+++,+++,111,CELL_QP093A-0180_f_---,---,000,CELL_QP093A-0180_v_+x;CELL_QP093A-0180_v_+y;CELL_QP093A-0180_v_+z,CELL_QP093A-0180_v_-x;CELL_QP093A-0180_v_-y;CELL_QP093A-0180_v_-z,CELL_QP093A-0180_e_+x_+y;CELL_QP093A-0180_e_+x_+z;CELL_QP093A-0180_e_+y_+z,CELL_QP093A-0180_e_-x_-y;CELL_QP093A-0180_e_-x_-z;CELL_QP093A-0180_e_-y_-z,true,true,true,true,OPEN_NO_UNIT_MAPPING,OPEN_CONVENTIONAL_ENGINEERING_INPUT,UNEMITTED_CR286_GATE,false,false
CELL_QP093A-0181_GATE_000_TO_111,CELL_QP093A-0181_PAIR_000_111,CELL_QP093A-0181,QP093A-0181,3+3+6,no,TRIAD_SURFACE_REJECTED,CELL_QP093A-0181_f_---,---,000,CELL_QP093A-0181_f_+++,+++,111,CELL_QP093A-0181_v_-x;CELL_QP093A-0181_v_-y;CELL_QP093A-0181_v_-z,CELL_QP093A-0181_v_+x;CELL_QP093A-0181_v_+y;CELL_QP093A-0181_v_+z,CELL_QP093A-0181_e_-x_-y;CELL_QP093A-0181_e_-x_-z;CELL_QP093A-0181_e_-y_-z,CELL_QP093A-0181_e_+x_+y;CELL_QP093A-0181_e_+x_+z;CELL_QP093A-0181_e_+y_+z,true,true,true,true,OPEN_NO_UNIT_MAPPING,OPEN_CONVENTIONAL_ENGINEERING_INPUT,UNEMITTED_CR286_GATE,false,false
CELL_QP093A-0181_GATE_001_TO_110,CELL_QP093A-0181_PAIR_001_110,CELL_QP093A-0181,QP093A-0181,3+3+6,no,TRIAD_SURFACE_REJECTED,CELL_QP093A-0181_f_--+,--+,001,CELL_QP093A-0181_f_++-,++-,110,CELL_QP093A-0181_v_+z;CELL_QP093A-0181_v_-x;CELL_QP093A-0181_v_-y,CELL_QP093A-0181_v_+x;CELL_QP093A-0181_v_+y;CELL_QP093A-0181_v_-z,CELL_QP093A-0181_e_-x_+z;CELL_QP093A-0181_e_-x_-y;CELL_QP093A-0181_e_-y_+z,CELL_QP093A-0181_e_+x_+y;CELL_QP093A-0181_e_+x_-z;CELL_QP093A-0181_e_+y_-z,true,true,true,true,OPEN_NO_UNIT_MAPPING,OPEN_CONVENTIONAL_ENGINEERING_INPUT,UNEMITTED_CR286_GATE,false,false
CELL_QP093A-0181_GATE_010_TO_101,CELL_QP093A-0181_PAIR_010_101,CELL_QP093A-0181,QP093A-0181,3+3+6,no,TRIAD_SURFACE_REJECTED,CELL_QP093A-0181_f_-+-,-+-,010,CELL_QP093A-0181_f_+-+,+-+,101,CELL_QP093A-0181_v_+y;CELL_QP093A-0181_v_-x;CELL_QP093A-0181_v_-z,CELL_QP093A-0181_v_+x;CELL_QP093A-0181_v_+z;CELL_QP093A-0181_v_-y,CELL_QP093A-0181_e_+y_-z;CELL_QP093A-0181_e_-x_+y;CELL_QP093A-0181_e_-x_-z,CELL_QP093A-0181_e_+x_+z;CELL_QP093A-0181_e_+x_-y;CELL_QP093A-0181_e_-y_+z,true,true,true,true,OPEN_NO_UNIT_MAPPING,OPEN_CONVENTIONAL_ENGINEERING_INPUT,UNEMITTED_CR286_GATE,false,false
CELL_QP093A-0181_GATE_011_TO_100,CELL_QP093A-0181_PAIR_011_100,CELL_QP093A-0181,QP093A-0181,3+3+6,no,TRIAD_SURFACE_REJECTED,CELL_QP093A-0181_f_-++,-++,011,CELL_QP093A-0181_f_+--,+--,100,CELL_QP093A-0181_v_+y;CELL_QP093A-0181_v_+z;CELL_QP093A-0181_v_-x,CELL_QP093A-0181_v_+x;CELL_QP093A-0181_v_-y;CELL_QP093A-0181_v_-z,CELL_QP093A-0181_e_+y_+z;CELL_QP093A-0181_e_-x_+y;CELL_QP093A-0181_e_-x_+z,CELL_QP093A-0181_e_+x_-y;CELL_QP093A-0181_e_+x_-z;CELL_QP093A-0181_e_-y_-z,true,true,true,true,OPEN_NO_UNIT_MAPPING,OPEN_CONVENTIONAL_ENGINEERING_INPUT,UNEMITTED_CR286_GATE,false,false
CELL_QP093A-0181_GATE_100_TO_011,CELL_QP093A-0181_PAIR_011_100,CELL_QP093A-0181,QP093A-0181,3+3+6,no,TRIAD_SURFACE_REJECTED,CELL_QP093A-0181_f_+--,+--,100,CELL_QP093A-0181_f_-++,-++,011,CELL_QP093A-0181_v_+x;CELL_QP093A-0181_v_-y;CELL_QP093A-0181_v_-z,CELL_QP093A-0181_v_+y;CELL_QP093A-0181_v_+z;CELL_QP093A-0181_v_-x,CELL_QP093A-0181_e_+x_-y;CELL_QP093A-0181_e_+x_-z;CELL_QP093A-0181_e_-y_-z,CELL_QP093A-0181_e_+y_+z;CELL_QP093A-0181_e_-x_+y;CELL_QP093A-0181_e_-x_+z,true,true,true,true,OPEN_NO_UNIT_MAPPING,OPEN_CONVENTIONAL_ENGINEERING_INPUT,UNEMITTED_CR286_GATE,false,false
CELL_QP093A-0181_GATE_101_TO_010,CELL_QP093A-0181_PAIR_010_101,CELL_QP093A-0181,QP093A-0181,3+3+6,no,TRIAD_SURFACE_REJECTED,CELL_QP093A-0181_f_+-+,+-+,101,CELL_QP093A-0181_f_-+-,-+-,010,CELL_QP093A-0181_v_+x;CELL_QP093A-0181_v_+z;CELL_QP093A-0181_v_-y,CELL_QP093A-0181_v_+y;CELL_QP093A-0181_v_-x;CELL_QP093A-0181_v_-z,CELL_QP093A-0181_e_+x_+z;CELL_QP093A-0181_e_+x_-y;CELL_QP093A-0181_e_-y_+z,CELL_QP093A-0181_e_+y_-z;CELL_QP093A-0181_e_-x_+y;CELL_QP093A-0181_e_-x_-z,true,true,true,true,OPEN_NO_UNIT_MAPPING,OPEN_CONVENTIONAL_ENGINEERING_INPUT,UNEMITTED_CR286_GATE,false,false
CELL_QP093A-0181_GATE_110_TO_001,CELL_QP093A-0181_PAIR_001_110,CELL_QP093A-0181,QP093A-0181,3+3+6,no,TRIAD_SURFACE_REJECTED,CELL_QP093A-0181_f_++-,++-,110,CELL_QP093A-0181_f_--+,--+,001,CELL_QP093A-0181_v_+x;CELL_QP093A-0181_v_+y;CELL_QP093A-0181_v_-z,CELL_QP093A-0181_v_+z;CELL_QP093A-0181_v_-x;CELL_QP093A-0181_v_-y,CELL_QP093A-0181_e_+x_+y;CELL_QP093A-0181_e_+x_-z;CELL_QP093A-0181_e_+y_-z,CELL_QP093A-0181_e_-x_+z;CELL_QP093A-0181_e_-x_-y;CELL_QP093A-0181_e_-y_+z,true,true,true,true,OPEN_NO_UNIT_MAPPING,OPEN_CONVENTIONAL_ENGINEERING_INPUT,UNEMITTED_CR286_GATE,false,false
CELL_QP093A-0181_GATE_111_TO_000,CELL_QP093A-0181_PAIR_000_111,CELL_QP093A-0181,QP093A-0181,3+3+6,no,TRIAD_SURFACE_REJECTED,CELL_QP093A-0181_f_+++,+++,111,CELL_QP093A-0181_f_---,---,000,CELL_QP093A-0181_v_+x;CELL_QP093A-0181_v_+y;CELL_QP093A-0181_v_+z,CELL_QP093A-0181_v_-x;CELL_QP093A-0181_v_-y;CELL_QP093A-0181_v_-z,CELL_QP093A-0181_e_+x_+y;CELL_QP093A-0181_e_+x_+z;CELL_QP093A-0181_e_+y_+z,CELL_QP093A-0181_e_-x_-y;CELL_QP093A-0181_e_-x_-z;CELL_QP093A-0181_e_-y_-z,true,true,true,true,OPEN_NO_UNIT_MAPPING,OPEN_CONVENTIONAL_ENGINEERING_INPUT,UNEMITTED_CR286_GATE,false,false
CELL_QP093A-0182_GATE_000_TO_111,CELL_QP093A-0182_PAIR_000_111,CELL_QP093A-0182,QP093A-0182,3+3+8,yes,TRIAD_ALLOWED,CELL_QP093A-0182_f_---,---,000,CELL_QP093A-0182_f_+++,+++,111,CELL_QP093A-0182_v_-x;CELL_QP093A-0182_v_-y;CELL_QP093A-0182_v_-z,CELL_QP093A-0182_v_+x;CELL_QP093A-0182_v_+y;CELL_QP093A-0182_v_+z,CELL_QP093A-0182_e_-x_-y;CELL_QP093A-0182_e_-x_-z;CELL_QP093A-0182_e_-y_-z,CELL_QP093A-0182_e_+x_+y;CELL_QP093A-0182_e_+x_+z;CELL_QP093A-0182_e_+y_+z,true,true,true,true,OPEN_NO_UNIT_MAPPING,OPEN_CONVENTIONAL_ENGINEERING_INPUT,UNEMITTED_CR286_GATE,false,false
CELL_QP093A-0182_GATE_001_TO_110,CELL_QP093A-0182_PAIR_001_110,CELL_QP093A-0182,QP093A-0182,3+3+8,yes,TRIAD_ALLOWED,CELL_QP093A-0182_f_--+,--+,001,CELL_QP093A-0182_f_++-,++-,110,CELL_QP093A-0182_v_+z;CELL_QP093A-0182_v_-x;CELL_QP093A-0182_v_-y,CELL_QP093A-0182_v_+x;CELL_QP093A-0182_v_+y;CELL_QP093A-0182_v_-z,CELL_QP093A-0182_e_-x_+z;CELL_QP093A-0182_e_-x_-y;CELL_QP093A-0182_e_-y_+z,CELL_QP093A-0182_e_+x_+y;CELL_QP093A-0182_e_+x_-z;CELL_QP093A-0182_e_+y_-z,true,true,true,true,OPEN_NO_UNIT_MAPPING,OPEN_CONVENTIONAL_ENGINEERING_INPUT,UNEMITTED_CR286_GATE,false,false
CELL_QP093A-0182_GATE_010_TO_101,CELL_QP093A-0182_PAIR_010_101,CELL_QP093A-0182,QP093A-0182,3+3+8,yes,TRIAD_ALLOWED,CELL_QP093A-0182_f_-+-,-+-,010,CELL_QP093A-0182_f_+-+,+-+,101,CELL_QP093A-0182_v_+y;CELL_QP093A-0182_v_-x;CELL_QP093A-0182_v_-z,CELL_QP093A-0182_v_+x;CELL_QP093A-0182_v_+z;CELL_QP093A-0182_v_-y,CELL_QP093A-0182_e_+y_-z;CELL_QP093A-0182_e_-x_+y;CELL_QP093A-0182_e_-x_-z,CELL_QP093A-0182_e_+x_+z;CELL_QP093A-0182_e_+x_-y;CELL_QP093A-0182_e_-y_+z,true,true,true,true,OPEN_NO_UNIT_MAPPING,OPEN_CONVENTIONAL_ENGINEERING_INPUT,UNEMITTED_CR286_GATE,false,false
CELL_QP093A-0182_GATE_011_TO_100,CELL_QP093A-0182_PAIR_011_100,CELL_QP093A-0182,QP093A-0182,3+3+8,yes,TRIAD_ALLOWED,CELL_QP093A-0182_f_-++,-++,011,CELL_QP093A-0182_f_+--,+--,100,CELL_QP093A-0182_v_+y;CELL_QP093A-0182_v_+z;CELL_QP093A-0182_v_-x,CELL_QP093A-0182_v_+x;CELL_QP093A-0182_v_-y;CELL_QP093A-0182_v_-z,CELL_QP093A-0182_e_+y_+z;CELL_QP093A-0182_e_-x_+y;CELL_QP093A-0182_e_-x_+z,CELL_QP093A-0182_e_+x_-y;CELL_QP093A-0182_e_+x_-z;CELL_QP093A-0182_e_-y_-z,true,true,true,true,OPEN_NO_UNIT_MAPPING,OPEN_CONVENTIONAL_ENGINEERING_INPUT,UNEMITTED_CR286_GATE,false,false
CELL_QP093A-0182_GATE_100_TO_011,CELL_QP093A-0182_PAIR_011_100,CELL_QP093A-0182,QP093A-0182,3+3+8,yes,TRIAD_ALLOWED,CELL_QP093A-0182_f_+--,+--,100,CELL_QP093A-0182_f_-++,-++,011,CELL_QP093A-0182_v_+x;CELL_QP093A-0182_v_-y;CELL_QP093A-0182_v_-z,CELL_QP093A-0182_v_+y;CELL_QP093A-0182_v_+z;CELL_QP093A-0182_v_-x,CELL_QP093A-0182_e_+x_-y;CELL_QP093A-0182_e_+x_-z;CELL_QP093A-0182_e_-y_-z,CELL_QP093A-0182_e_+y_+z;CELL_QP093A-0182_e_-x_+y;CELL_QP093A-0182_e_-x_+z,true,true,true,true,OPEN_NO_UNIT_MAPPING,OPEN_CONVENTIONAL_ENGINEERING_INPUT,UNEMITTED_CR286_GATE,false,false
CELL_QP093A-0182_GATE_101_TO_010,CELL_QP093A-0182_PAIR_010_101,CELL_QP093A-0182,QP093A-0182,3+3+8,yes,TRIAD_ALLOWED,CELL_QP093A-0182_f_+-+,+-+,101,CELL_QP093A-0182_f_-+-,-+-,010,CELL_QP093A-0182_v_+x;CELL_QP093A-0182_v_+z;CELL_QP093A-0182_v_-y,CELL_QP093A-0182_v_+y;CELL_QP093A-0182_v_-x;CELL_QP093A-0182_v_-z,CELL_QP093A-0182_e_+x_+z;CELL_QP093A-0182_e_+x_-y;CELL_QP093A-0182_e_-y_+z,CELL_QP093A-0182_e_+y_-z;CELL_QP093A-0182_e_-x_+y;CELL_QP093A-0182_e_-x_-z,true,true,true,true,OPEN_NO_UNIT_MAPPING,OPEN_CONVENTIONAL_ENGINEERING_INPUT,UNEMITTED_CR286_GATE,false,false
CELL_QP093A-0182_GATE_110_TO_001,CELL_QP093A-0182_PAIR_001_110,CELL_QP093A-0182,QP093A-0182,3+3+8,yes,TRIAD_ALLOWED,CELL_QP093A-0182_f_++-,++-,110,CELL_QP093A-0182_f_--+,--+,001,CELL_QP093A-0182_v_+x;CELL_QP093A-0182_v_+y;CELL_QP093A-0182_v_-z,CELL_QP093A-0182_v_+z;CELL_QP093A-0182_v_-x;CELL_QP093A-0182_v_-y,CELL_QP093A-0182_e_+x_+y;CELL_QP093A-0182_e_+x_-z;CELL_QP093A-0182_e_+y_-z,CELL_QP093A-0182_e_-x_+z;CELL_QP093A-0182_e_-x_-y;CELL_QP093A-0182_e_-y_+z,true,true,true,true,OPEN_NO_UNIT_MAPPING,OPEN_CONVENTIONAL_ENGINEERING_INPUT,UNEMITTED_CR286_GATE,false,false
CELL_QP093A-0182_GATE_111_TO_000,CELL_QP093A-0182_PAIR_000_111,CELL_QP093A-0182,QP093A-0182,3+3+8,yes,TRIAD_ALLOWED,CELL_QP093A-0182_f_+++,+++,111,CELL_QP093A-0182_f_---,---,000,CELL_QP093A-0182_v_+x;CELL_QP093A-0182_v_+y;CELL_QP093A-0182_v_+z,CELL_QP093A-0182_v_-x;CELL_QP093A-0182_v_-y;CELL_QP093A-0182_v_-z,CELL_QP093A-0182_e_+x_+y;CELL_QP093A-0182_e_+x_+z;CELL_QP093A-0182_e_+y_+z,CELL_QP093A-0182_e_-x_-y;CELL_QP093A-0182_e_-x_-z;CELL_QP093A-0182_e_-y_-z,true,true,true,true,OPEN_NO_UNIT_MAPPING,OPEN_CONVENTIONAL_ENGINEERING_INPUT,UNEMITTED_CR286_GATE,false,false
CELL_QP093A-0183_GATE_000_TO_111,CELL_QP093A-0183_PAIR_000_111,CELL_QP093A-0183,QP093A-0183,3+3+9,no,TRIAD_SURFACE_REJECTED,CELL_QP093A-0183_f_---,---,000,CELL_QP093A-0183_f_+++,+++,111,CELL_QP093A-0183_v_-x;CELL_QP093A-0183_v_-y;CELL_QP093A-0183_v_-z,CELL_QP093A-0183_v_+x;CELL_QP093A-0183_v_+y;CELL_QP093A-0183_v_+z,CELL_QP093A-0183_e_-x_-y;CELL_QP093A-0183_e_-x_-z;CELL_QP093A-0183_e_-y_-z,CELL_QP093A-0183_e_+x_+y;CELL_QP093A-0183_e_+x_+z;CELL_QP093A-0183_e_+y_+z,true,true,true,true,OPEN_NO_UNIT_MAPPING,OPEN_CONVENTIONAL_ENGINEERING_INPUT,UNEMITTED_CR286_GATE,false,false
CELL_QP093A-0183_GATE_001_TO_110,CELL_QP093A-0183_PAIR_001_110,CELL_QP093A-0183,QP093A-0183,3+3+9,no,TRIAD_SURFACE_REJECTED,CELL_QP093A-0183_f_--+,--+,001,CELL_QP093A-0183_f_++-,++-,110,CELL_QP093A-0183_v_+z;CELL_QP093A-0183_v_-x;CELL_QP093A-0183_v_-y,CELL_QP093A-0183_v_+x;CELL_QP093A-0183_v_+y;CELL_QP093A-0183_v_-z,CELL_QP093A-0183_e_-x_+z;CELL_QP093A-0183_e_-x_-y;CELL_QP093A-0183_e_-y_+z,CELL_QP093A-0183_e_+x_+y;CELL_QP093A-0183_e_+x_-z;CELL_QP093A-0183_e_+y_-z,true,true,true,true,OPEN_NO_UNIT_MAPPING,OPEN_CONVENTIONAL_ENGINEERING_INPUT,UNEMITTED_CR286_GATE,false,false
CELL_QP093A-0183_GATE_010_TO_101,CELL_QP093A-0183_PAIR_010_101,CELL_QP093A-0183,QP093A-0183,3+3+9,no,TRIAD_SURFACE_REJECTED,CELL_QP093A-0183_f_-+-,-+-,010,CELL_QP093A-0183_f_+-+,+-+,101,CELL_QP093A-0183_v_+y;CELL_QP093A-0183_v_-x;CELL_QP093A-0183_v_-z,CELL_QP093A-0183_v_+x;CELL_QP093A-0183_v_+z;CELL_QP093A-0183_v_-y,CELL_QP093A-0183_e_+y_-z;CELL_QP093A-0183_e_-x_+y;CELL_QP093A-0183_e_-x_-z,CELL_QP093A-0183_e_+x_+z;CELL_QP093A-0183_e_+x_-y;CELL_QP093A-0183_e_-y_+z,true,true,true,true,OPEN_NO_UNIT_MAPPING,OPEN_CONVENTIONAL_ENGINEERING_INPUT,UNEMITTED_CR286_GATE,false,false
CELL_QP093A-0183_GATE_011_TO_100,CELL_QP093A-0183_PAIR_011_100,CELL_QP093A-0183,QP093A-0183,3+3+9,no,TRIAD_SURFACE_REJECTED,CELL_QP093A-0183_f_-++,-++,011,CELL_QP093A-0183_f_+--,+--,100,CELL_QP093A-0183_v_+y;CELL_QP093A-0183_v_+z;CELL_QP093A-0183_v_-x,CELL_QP093A-0183_v_+x;CELL_QP093A-0183_v_-y;CELL_QP093A-0183_v_-z,CELL_QP093A-0183_e_+y_+z;CELL_QP093A-0183_e_-x_+y;CELL_QP093A-0183_e_-x_+z,CELL_QP093A-0183_e_+x_-y;CELL_QP093A-0183_e_+x_-z;CELL_QP093A-0183_e_-y_-z,true,true,true,true,OPEN_NO_UNIT_MAPPING,OPEN_CONVENTIONAL_ENGINEERING_INPUT,UNEMITTED_CR286_GATE,false,false
CELL_QP093A-0183_GATE_100_TO_011,CELL_QP093A-0183_PAIR_011_100,CELL_QP093A-0183,QP093A-0183,3+3+9,no,TRIAD_SURFACE_REJECTED,CELL_QP093A-0183_f_+--,+--,100,CELL_QP093A-0183_f_-++,-++,011,CELL_QP093A-0183_v_+x;CELL_QP093A-0183_v_-y;CELL_QP093A-0183_v_-z,CELL_QP093A-0183_v_+y;CELL_QP093A-0183_v_+z;CELL_QP093A-0183_v_-x,CELL_QP093A-0183_e_+x_-y;CELL_QP093A-0183_e_+x_-z;CELL_QP093A-0183_e_-y_-z,CELL_QP093A-0183_e_+y_+z;CELL_QP093A-0183_e_-x_+y;CELL_QP093A-0183_e_-x_+z,true,true,true,true,OPEN_NO_UNIT_MAPPING,OPEN_CONVENTIONAL_ENGINEERING_INPUT,UNEMITTED_CR286_GATE,false,false
CELL_QP093A-0183_GATE_101_TO_010,CELL_QP093A-0183_PAIR_010_101,CELL_QP093A-0183,QP093A-0183,3+3+9,no,TRIAD_SURFACE_REJECTED,CELL_QP093A-0183_f_+-+,+-+,101,CELL_QP093A-0183_f_-+-,-+-,010,CELL_QP093A-0183_v_+x;CELL_QP093A-0183_v_+z;CELL_QP093A-0183_v_-y,CELL_QP093A-0183_v_+y;CELL_QP093A-0183_v_-x;CELL_QP093A-0183_v_-z,CELL_QP093A-0183_e_+x_+z;CELL_QP093A-0183_e_+x_-y;CELL_QP093A-0183_e_-y_+z,CELL_QP093A-0183_e_+y_-z;CELL_QP093A-0183_e_-x_+y;CELL_QP093A-0183_e_-x_-z,true,true,true,true,OPEN_NO_UNIT_MAPPING,OPEN_CONVENTIONAL_ENGINEERING_INPUT,UNEMITTED_CR286_GATE,false,false
CELL_QP093A-0183_GATE_110_TO_001,CELL_QP093A-0183_PAIR_001_110,CELL_QP093A-0183,QP093A-0183,3+3+9,no,TRIAD_SURFACE_REJECTED,CELL_QP093A-0183_f_++-,++-,110,CELL_QP093A-0183_f_--+,--+,001,CELL_QP093A-0183_v_+x;CELL_QP093A-0183_v_+y;CELL_QP093A-0183_v_-z,CELL_QP093A-0183_v_+z;CELL_QP093A-0183_v_-x;CELL_QP093A-0183_v_-y,CELL_QP093A-0183_e_+x_+y;CELL_QP093A-0183_e_+x_-z;CELL_QP093A-0183_e_+y_-z,CELL_QP093A-0183_e_-x_+z;CELL_QP093A-0183_e_-x_-y;CELL_QP093A-0183_e_-y_+z,true,true,true,true,OPEN_NO_UNIT_MAPPING,OPEN_CONVENTIONAL_ENGINEERING_INPUT,UNEMITTED_CR286_GATE,false,false
CELL_QP093A-0183_GATE_111_TO_000,CELL_QP093A-0183_PAIR_000_111,CELL_QP093A-0183,QP093A-0183,3+3+9,no,TRIAD_SURFACE_REJECTED,CELL_QP093A-0183_f_+++,+++,111,CELL_QP093A-0183_f_---,---,000,CELL_QP093A-0183_v_+x;CELL_QP093A-0183_v_+y;CELL_QP093A-0183_v_+z,CELL_QP093A-0183_v_-x;CELL_QP093A-0183_v_-y;CELL_QP093A-0183_v_-z,CELL_QP093A-0183_e_+x_+y;CELL_QP093A-0183_e_+x_+z;CELL_QP093A-0183_e_+y_+z,CELL_QP093A-0183_e_-x_-y;CELL_QP093A-0183_e_-x_-z;CELL_QP093A-0183_e_-y_-z,true,true,true,true,OPEN_NO_UNIT_MAPPING,OPEN_CONVENTIONAL_ENGINEERING_INPUT,UNEMITTED_CR286_GATE,false,false
CELL_QP093A-0184_GATE_000_TO_111,CELL_QP093A-0184_PAIR_000_111,CELL_QP093A-0184,QP093A-0184,3+3+12,no,TRIAD_SURFACE_REJECTED,CELL_QP093A-0184_f_---,---,000,CELL_QP093A-0184_f_+++,+++,111,CELL_QP093A-0184_v_-x;CELL_QP093A-0184_v_-y;CELL_QP093A-0184_v_-z,CELL_QP093A-0184_v_+x;CELL_QP093A-0184_v_+y;CELL_QP093A-0184_v_+z,CELL_QP093A-0184_e_-x_-y;CELL_QP093A-0184_e_-x_-z;CELL_QP093A-0184_e_-y_-z,CELL_QP093A-0184_e_+x_+y;CELL_QP093A-0184_e_+x_+z;CELL_QP093A-0184_e_+y_+z,true,true,true,true,OPEN_NO_UNIT_MAPPING,OPEN_CONVENTIONAL_ENGINEERING_INPUT,UNEMITTED_CR286_GATE,false,false
CELL_QP093A-0184_GATE_001_TO_110,CELL_QP093A-0184_PAIR_001_110,CELL_QP093A-0184,QP093A-0184,3+3+12,no,TRIAD_SURFACE_REJECTED,CELL_QP093A-0184_f_--+,--+,001,CELL_QP093A-0184_f_++-,++-,110,CELL_QP093A-0184_v_+z;CELL_QP093A-0184_v_-x;CELL_QP093A-0184_v_-y,CELL_QP093A-0184_v_+x;CELL_QP093A-0184_v_+y;CELL_QP093A-0184_v_-z,CELL_QP093A-0184_e_-x_+z;CELL_QP093A-0184_e_-x_-y;CELL_QP093A-0184_e_-y_+z,CELL_QP093A-0184_e_+x_+y;CELL_QP093A-0184_e_+x_-z;CELL_QP093A-0184_e_+y_-z,true,true,true,true,OPEN_NO_UNIT_MAPPING,OPEN_CONVENTIONAL_ENGINEERING_INPUT,UNEMITTED_CR286_GATE,false,false
CELL_QP093A-0184_GATE_010_TO_101,CELL_QP093A-0184_PAIR_010_101,CELL_QP093A-0184,QP093A-0184,3+3+12,no,TRIAD_SURFACE_REJECTED,CELL_QP093A-0184_f_-+-,-+-,010,CELL_QP093A-0184_f_+-+,+-+,101,CELL_QP093A-0184_v_+y;CELL_QP093A-0184_v_-x;CELL_QP093A-0184_v_-z,CELL_QP093A-0184_v_+x;CELL_QP093A-0184_v_+z;CELL_QP093A-0184_v_-y,CELL_QP093A-0184_e_+y_-z;CELL_QP093A-0184_e_-x_+y;CELL_QP093A-0184_e_-x_-z,CELL_QP093A-0184_e_+x_+z;CELL_QP093A-0184_e_+x_-y;CELL_QP093A-0184_e_-y_+z,true,true,true,true,OPEN_NO_UNIT_MAPPING,OPEN_CONVENTIONAL_ENGINEERING_INPUT,UNEMITTED_CR286_GATE,false,false
CELL_QP093A-0184_GATE_011_TO_100,CELL_QP093A-0184_PAIR_011_100,CELL_QP093A-0184,QP093A-0184,3+3+12,no,TRIAD_SURFACE_REJECTED,CELL_QP093A-0184_f_-++,-++,011,CELL_QP093A-0184_f_+--,+--,100,CELL_QP093A-0184_v_+y;CELL_QP093A-0184_v_+z;CELL_QP093A-0184_v_-x,CELL_QP093A-0184_v_+x;CELL_QP093A-0184_v_-y;CELL_QP093A-0184_v_-z,CELL_QP093A-0184_e_+y_+z;CELL_QP093A-0184_e_-x_+y;CELL_QP093A-0184_e_-x_+z,CELL_QP093A-0184_e_+x_-y;CELL_QP093A-0184_e_+x_-z;CELL_QP093A-0184_e_-y_-z,true,true,true,true,OPEN_NO_UNIT_MAPPING,OPEN_CONVENTIONAL_ENGINEERING_INPUT,UNEMITTED_CR286_GATE,false,false
CELL_QP093A-0184_GATE_100_TO_011,CELL_QP093A-0184_PAIR_011_100,CELL_QP093A-0184,QP093A-0184,3+3+12,no,TRIAD_SURFACE_REJECTED,CELL_QP093A-0184_f_+--,+--,100,CELL_QP093A-0184_f_-++,-++,011,CELL_QP093A-0184_v_+x;CELL_QP093A-0184_v_-y;CELL_QP093A-0184_v_-z,CELL_QP093A-0184_v_+y;CELL_QP093A-0184_v_+z;CELL_QP093A-0184_v_-x,CELL_QP093A-0184_e_+x_-y;CELL_QP093A-0184_e_+x_-z;CELL_QP093A-0184_e_-y_-z,CELL_QP093A-0184_e_+y_+z;CELL_QP093A-0184_e_-x_+y;CELL_QP093A-0184_e_-x_+z,true,true,true,true,OPEN_NO_UNIT_MAPPING,OPEN_CONVENTIONAL_ENGINEERING_INPUT,UNEMITTED_CR286_GATE,false,false
CELL_QP093A-0184_GATE_101_TO_010,CELL_QP093A-0184_PAIR_010_101,CELL_QP093A-0184,QP093A-0184,3+3+12,no,TRIAD_SURFACE_REJECTED,CELL_QP093A-0184_f_+-+,+-+,101,CELL_QP093A-0184_f_-+-,-+-,010,CELL_QP093A-0184_v_+x;CELL_QP093A-0184_v_+z;CELL_QP093A-0184_v_-y,CELL_QP093A-0184_v_+y;CELL_QP093A-0184_v_-x;CELL_QP093A-0184_v_-z,CELL_QP093A-0184_e_+x_+z;CELL_QP093A-0184_e_+x_-y;CELL_QP093A-0184_e_-y_+z,CELL_QP093A-0184_e_+y_-z;CELL_QP093A-0184_e_-x_+y;CELL_QP093A-0184_e_-x_-z,true,true,true,true,OPEN_NO_UNIT_MAPPING,OPEN_CONVENTIONAL_ENGINEERING_INPUT,UNEMITTED_CR286_GATE,false,false
CELL_QP093A-0184_GATE_110_TO_001,CELL_QP093A-0184_PAIR_001_110,CELL_QP093A-0184,QP093A-0184,3+3+12,no,TRIAD_SURFACE_REJECTED,CELL_QP093A-0184_f_++-,++-,110,CELL_QP093A-0184_f_--+,--+,001,CELL_QP093A-0184_v_+x;CELL_QP093A-0184_v_+y;CELL_QP093A-0184_v_-z,CELL_QP093A-0184_v_+z;CELL_QP093A-0184_v_-x;CELL_QP093A-0184_v_-y,CELL_QP093A-0184_e_+x_+y;CELL_QP093A-0184_e_+x_-z;CELL_QP093A-0184_e_+y_-z,CELL_QP093A-0184_e_-x_+z;CELL_QP093A-0184_e_-x_-y;CELL_QP093A-0184_e_-y_+z,true,true,true,true,OPEN_NO_UNIT_MAPPING,OPEN_CONVENTIONAL_ENGINEERING_INPUT,UNEMITTED_CR286_GATE,false,false
CELL_QP093A-0184_GATE_111_TO_000,CELL_QP093A-0184_PAIR_000_111,CELL_QP093A-0184,QP093A-0184,3+3+12,no,TRIAD_SURFACE_REJECTED,CELL_QP093A-0184_f_+++,+++,111,CELL_QP093A-0184_f_---,---,000,CELL_QP093A-0184_v_+x;CELL_QP093A-0184_v_+y;CELL_QP093A-0184_v_+z,CELL_QP093A-0184_v_-x;CELL_QP093A-0184_v_-y;CELL_QP093A-0184_v_-z,CELL_QP093A-0184_e_+x_+y;CELL_QP093A-0184_e_+x_+z;CELL_QP093A-0184_e_+y_+z,CELL_QP093A-0184_e_-x_-y;CELL_QP093A-0184_e_-x_-z;CELL_QP093A-0184_e_-y_-z,true,true,true,true,OPEN_NO_UNIT_MAPPING,OPEN_CONVENTIONAL_ENGINEERING_INPUT,UNEMITTED_CR286_GATE,false,false
CELL_QP093A-0185_GATE_000_TO_111,CELL_QP093A-0185_PAIR_000_111,CELL_QP093A-0185,QP093A-0185,3+4+4,yes,TRIAD_ALLOWED,CELL_QP093A-0185_f_---,---,000,CELL_QP093A-0185_f_+++,+++,111,CELL_QP093A-0185_v_-x;CELL_QP093A-0185_v_-y;CELL_QP093A-0185_v_-z,CELL_QP093A-0185_v_+x;CELL_QP093A-0185_v_+y;CELL_QP093A-0185_v_+z,CELL_QP093A-0185_e_-x_-y;CELL_QP093A-0185_e_-x_-z;CELL_QP093A-0185_e_-y_-z,CELL_QP093A-0185_e_+x_+y;CELL_QP093A-0185_e_+x_+z;CELL_QP093A-0185_e_+y_+z,true,true,true,true,OPEN_NO_UNIT_MAPPING,OPEN_CONVENTIONAL_ENGINEERING_INPUT,UNEMITTED_CR286_GATE,false,false
CELL_QP093A-0185_GATE_001_TO_110,CELL_QP093A-0185_PAIR_001_110,CELL_QP093A-0185,QP093A-0185,3+4+4,yes,TRIAD_ALLOWED,CELL_QP093A-0185_f_--+,--+,001,CELL_QP093A-0185_f_++-,++-,110,CELL_QP093A-0185_v_+z;CELL_QP093A-0185_v_-x;CELL_QP093A-0185_v_-y,CELL_QP093A-0185_v_+x;CELL_QP093A-0185_v_+y;CELL_QP093A-0185_v_-z,CELL_QP093A-0185_e_-x_+z;CELL_QP093A-0185_e_-x_-y;CELL_QP093A-0185_e_-y_+z,CELL_QP093A-0185_e_+x_+y;CELL_QP093A-0185_e_+x_-z;CELL_QP093A-0185_e_+y_-z,true,true,true,true,OPEN_NO_UNIT_MAPPING,OPEN_CONVENTIONAL_ENGINEERING_INPUT,UNEMITTED_CR286_GATE,false,false
CELL_QP093A-0185_GATE_010_TO_101,CELL_QP093A-0185_PAIR_010_101,CELL_QP093A-0185,QP093A-0185,3+4+4,yes,TRIAD_ALLOWED,CELL_QP093A-0185_f_-+-,-+-,010,CELL_QP093A-0185_f_+-+,+-+,101,CELL_QP093A-0185_v_+y;CELL_QP093A-0185_v_-x;CELL_QP093A-0185_v_-z,CELL_QP093A-0185_v_+x;CELL_QP093A-0185_v_+z;CELL_QP093A-0185_v_-y,CELL_QP093A-0185_e_+y_-z;CELL_QP093A-0185_e_-x_+y;CELL_QP093A-0185_e_-x_-z,CELL_QP093A-0185_e_+x_+z;CELL_QP093A-0185_e_+x_-y;CELL_QP093A-0185_e_-y_+z,true,true,true,true,OPEN_NO_UNIT_MAPPING,OPEN_CONVENTIONAL_ENGINEERING_INPUT,UNEMITTED_CR286_GATE,false,false
CELL_QP093A-0185_GATE_011_TO_100,CELL_QP093A-0185_PAIR_011_100,CELL_QP093A-0185,QP093A-0185,3+4+4,yes,TRIAD_ALLOWED,CELL_QP093A-0185_f_-++,-++,011,CELL_QP093A-0185_f_+--,+--,100,CELL_QP093A-0185_v_+y;CELL_QP093A-0185_v_+z;CELL_QP093A-0185_v_-x,CELL_QP093A-0185_v_+x;CELL_QP093A-0185_v_-y;CELL_QP093A-0185_v_-z,CELL_QP093A-0185_e_+y_+z;CELL_QP093A-0185_e_-x_+y;CELL_QP093A-0185_e_-x_+z,CELL_QP093A-0185_e_+x_-y;CELL_QP093A-0185_e_+x_-z;CELL_QP093A-0185_e_-y_-z,true,true,true,true,OPEN_NO_UNIT_MAPPING,OPEN_CONVENTIONAL_ENGINEERING_INPUT,UNEMITTED_CR286_GATE,false,false
CELL_QP093A-0185_GATE_100_TO_011,CELL_QP093A-0185_PAIR_011_100,CELL_QP093A-0185,QP093A-0185,3+4+4,yes,TRIAD_ALLOWED,CELL_QP093A-0185_f_+--,+--,100,CELL_QP093A-0185_f_-++,-++,011,CELL_QP093A-0185_v_+x;CELL_QP093A-0185_v_-y;CELL_QP093A-0185_v_-z,CELL_QP093A-0185_v_+y;CELL_QP093A-0185_v_+z;CELL_QP093A-0185_v_-x,CELL_QP093A-0185_e_+x_-y;CELL_QP093A-0185_e_+x_-z;CELL_QP093A-0185_e_-y_-z,CELL_QP093A-0185_e_+y_+z;CELL_QP093A-0185_e_-x_+y;CELL_QP093A-0185_e_-x_+z,true,true,true,true,OPEN_NO_UNIT_MAPPING,OPEN_CONVENTIONAL_ENGINEERING_INPUT,UNEMITTED_CR286_GATE,false,false
CELL_QP093A-0185_GATE_101_TO_010,CELL_QP093A-0185_PAIR_010_101,CELL_QP093A-0185,QP093A-0185,3+4+4,yes,TRIAD_ALLOWED,CELL_QP093A-0185_f_+-+,+-+,101,CELL_QP093A-0185_f_-+-,-+-,010,CELL_QP093A-0185_v_+x;CELL_QP093A-0185_v_+z;CELL_QP093A-0185_v_-y,CELL_QP093A-0185_v_+y;CELL_QP093A-0185_v_-x;CELL_QP093A-0185_v_-z,CELL_QP093A-0185_e_+x_+z;CELL_QP093A-0185_e_+x_-y;CELL_QP093A-0185_e_-y_+z,CELL_QP093A-0185_e_+y_-z;CELL_QP093A-0185_e_-x_+y;CELL_QP093A-0185_e_-x_-z,true,true,true,true,OPEN_NO_UNIT_MAPPING,OPEN_CONVENTIONAL_ENGINEERING_INPUT,UNEMITTED_CR286_GATE,false,false
CELL_QP093A-0185_GATE_110_TO_001,CELL_QP093A-0185_PAIR_001_110,CELL_QP093A-0185,QP093A-0185,3+4+4,yes,TRIAD_ALLOWED,CELL_QP093A-0185_f_++-,++-,110,CELL_QP093A-0185_f_--+,--+,001,CELL_QP093A-0185_v_+x;CELL_QP093A-0185_v_+y;CELL_QP093A-0185_v_-z,CELL_QP093A-0185_v_+z;CELL_QP093A-0185_v_-x;CELL_QP093A-0185_v_-y,CELL_QP093A-0185_e_+x_+y;CELL_QP093A-0185_e_+x_-z;CELL_QP093A-0185_e_+y_-z,CELL_QP093A-0185_e_-x_+z;CELL_QP093A-0185_e_-x_-y;CELL_QP093A-0185_e_-y_+z,true,true,true,true,OPEN_NO_UNIT_MAPPING,OPEN_CONVENTIONAL_ENGINEERING_INPUT,UNEMITTED_CR286_GATE,false,false
CELL_QP093A-0185_GATE_111_TO_000,CELL_QP093A-0185_PAIR_000_111,CELL_QP093A-0185,QP093A-0185,3+4+4,yes,TRIAD_ALLOWED,CELL_QP093A-0185_f_+++,+++,111,CELL_QP093A-0185_f_---,---,000,CELL_QP093A-0185_v_+x;CELL_QP093A-0185_v_+y;CELL_QP093A-0185_v_+z,CELL_QP093A-0185_v_-x;CELL_QP093A-0185_v_-y;CELL_QP093A-0185_v_-z,CELL_QP093A-0185_e_+x_+y;CELL_QP093A-0185_e_+x_+z;CELL_QP093A-0185_e_+y_+z,CELL_QP093A-0185_e_-x_-y;CELL_QP093A-0185_e_-x_-z;CELL_QP093A-0185_e_-y_-z,true,true,true,true,OPEN_NO_UNIT_MAPPING,OPEN_CONVENTIONAL_ENGINEERING_INPUT,UNEMITTED_CR286_GATE,false,false
CELL_QP093A-0186_GATE_000_TO_111,CELL_QP093A-0186_PAIR_000_111,CELL_QP093A-0186,QP093A-0186,3+4+6,yes,TRIAD_ALLOWED,CELL_QP093A-0186_f_---,---,000,CELL_QP093A-0186_f_+++,+++,111,CELL_QP093A-0186_v_-x;CELL_QP093A-0186_v_-y;CELL_QP093A-0186_v_-z,CELL_QP093A-0186_v_+x;CELL_QP093A-0186_v_+y;CELL_QP093A-0186_v_+z,CELL_QP093A-0186_e_-x_-y;CELL_QP093A-0186_e_-x_-z;CELL_QP093A-0186_e_-y_-z,CELL_QP093A-0186_e_+x_+y;CELL_QP093A-0186_e_+x_+z;CELL_QP093A-0186_e_+y_+z,true,true,true,true,OPEN_NO_UNIT_MAPPING,OPEN_CONVENTIONAL_ENGINEERING_INPUT,UNEMITTED_CR286_GATE,false,false
CELL_QP093A-0186_GATE_001_TO_110,CELL_QP093A-0186_PAIR_001_110,CELL_QP093A-0186,QP093A-0186,3+4+6,yes,TRIAD_ALLOWED,CELL_QP093A-0186_f_--+,--+,001,CELL_QP093A-0186_f_++-,++-,110,CELL_QP093A-0186_v_+z;CELL_QP093A-0186_v_-x;CELL_QP093A-0186_v_-y,CELL_QP093A-0186_v_+x;CELL_QP093A-0186_v_+y;CELL_QP093A-0186_v_-z,CELL_QP093A-0186_e_-x_+z;CELL_QP093A-0186_e_-x_-y;CELL_QP093A-0186_e_-y_+z,CELL_QP093A-0186_e_+x_+y;CELL_QP093A-0186_e_+x_-z;CELL_QP093A-0186_e_+y_-z,true,true,true,true,OPEN_NO_UNIT_MAPPING,OPEN_CONVENTIONAL_ENGINEERING_INPUT,UNEMITTED_CR286_GATE,false,false
CELL_QP093A-0186_GATE_010_TO_101,CELL_QP093A-0186_PAIR_010_101,CELL_QP093A-0186,QP093A-0186,3+4+6,yes,TRIAD_ALLOWED,CELL_QP093A-0186_f_-+-,-+-,010,CELL_QP093A-0186_f_+-+,+-+,101,CELL_QP093A-0186_v_+y;CELL_QP093A-0186_v_-x;CELL_QP093A-0186_v_-z,CELL_QP093A-0186_v_+x;CELL_QP093A-0186_v_+z;CELL_QP093A-0186_v_-y,CELL_QP093A-0186_e_+y_-z;CELL_QP093A-0186_e_-x_+y;CELL_QP093A-0186_e_-x_-z,CELL_QP093A-0186_e_+x_+z;CELL_QP093A-0186_e_+x_-y;CELL_QP093A-0186_e_-y_+z,true,true,true,true,OPEN_NO_UNIT_MAPPING,OPEN_CONVENTIONAL_ENGINEERING_INPUT,UNEMITTED_CR286_GATE,false,false
CELL_QP093A-0186_GATE_011_TO_100,CELL_QP093A-0186_PAIR_011_100,CELL_QP093A-0186,QP093A-0186,3+4+6,yes,TRIAD_ALLOWED,CELL_QP093A-0186_f_-++,-++,011,CELL_QP093A-0186_f_+--,+--,100,CELL_QP093A-0186_v_+y;CELL_QP093A-0186_v_+z;CELL_QP093A-0186_v_-x,CELL_QP093A-0186_v_+x;CELL_QP093A-0186_v_-y;CELL_QP093A-0186_v_-z,CELL_QP093A-0186_e_+y_+z;CELL_QP093A-0186_e_-x_+y;CELL_QP093A-0186_e_-x_+z,CELL_QP093A-0186_e_+x_-y;CELL_QP093A-0186_e_+x_-z;CELL_QP093A-0186_e_-y_-z,true,true,true,true,OPEN_NO_UNIT_MAPPING,OPEN_CONVENTIONAL_ENGINEERING_INPUT,UNEMITTED_CR286_GATE,false,false
CELL_QP093A-0186_GATE_100_TO_011,CELL_QP093A-0186_PAIR_011_100,CELL_QP093A-0186,QP093A-0186,3+4+6,yes,TRIAD_ALLOWED,CELL_QP093A-0186_f_+--,+--,100,CELL_QP093A-0186_f_-++,-++,011,CELL_QP093A-0186_v_+x;CELL_QP093A-0186_v_-y;CELL_QP093A-0186_v_-z,CELL_QP093A-0186_v_+y;CELL_QP093A-0186_v_+z;CELL_QP093A-0186_v_-x,CELL_QP093A-0186_e_+x_-y;CELL_QP093A-0186_e_+x_-z;CELL_QP093A-0186_e_-y_-z,CELL_QP093A-0186_e_+y_+z;CELL_QP093A-0186_e_-x_+y;CELL_QP093A-0186_e_-x_+z,true,true,true,true,OPEN_NO_UNIT_MAPPING,OPEN_CONVENTIONAL_ENGINEERING_INPUT,UNEMITTED_CR286_GATE,false,false
CELL_QP093A-0186_GATE_101_TO_010,CELL_QP093A-0186_PAIR_010_101,CELL_QP093A-0186,QP093A-0186,3+4+6,yes,TRIAD_ALLOWED,CELL_QP093A-0186_f_+-+,+-+,101,CELL_QP093A-0186_f_-+-,-+-,010,CELL_QP093A-0186_v_+x;CELL_QP093A-0186_v_+z;CELL_QP093A-0186_v_-y,CELL_QP093A-0186_v_+y;CELL_QP093A-0186_v_-x;CELL_QP093A-0186_v_-z,CELL_QP093A-0186_e_+x_+z;CELL_QP093A-0186_e_+x_-y;CELL_QP093A-0186_e_-y_+z,CELL_QP093A-0186_e_+y_-z;CELL_QP093A-0186_e_-x_+y;CELL_QP093A-0186_e_-x_-z,true,true,true,true,OPEN_NO_UNIT_MAPPING,OPEN_CONVENTIONAL_ENGINEERING_INPUT,UNEMITTED_CR286_GATE,false,false
CELL_QP093A-0186_GATE_110_TO_001,CELL_QP093A-0186_PAIR_001_110,CELL_QP093A-0186,QP093A-0186,3+4+6,yes,TRIAD_ALLOWED,CELL_QP093A-0186_f_++-,++-,110,CELL_QP093A-0186_f_--+,--+,001,CELL_QP093A-0186_v_+x;CELL_QP093A-0186_v_+y;CELL_QP093A-0186_v_-z,CELL_QP093A-0186_v_+z;CELL_QP093A-0186_v_-x;CELL_QP093A-0186_v_-y,CELL_QP093A-0186_e_+x_+y;CELL_QP093A-0186_e_+x_-z;CELL_QP093A-0186_e_+y_-z,CELL_QP093A-0186_e_-x_+z;CELL_QP093A-0186_e_-x_-y;CELL_QP093A-0186_e_-y_+z,true,true,true,true,OPEN_NO_UNIT_MAPPING,OPEN_CONVENTIONAL_ENGINEERING_INPUT,UNEMITTED_CR286_GATE,false,false
CELL_QP093A-0186_GATE_111_TO_000,CELL_QP093A-0186_PAIR_000_111,CELL_QP093A-0186,QP093A-0186,3+4+6,yes,TRIAD_ALLOWED,CELL_QP093A-0186_f_+++,+++,111,CELL_QP093A-0186_f_---,---,000,CELL_QP093A-0186_v_+x;CELL_QP093A-0186_v_+y;CELL_QP093A-0186_v_+z,CELL_QP093A-0186_v_-x;CELL_QP093A-0186_v_-y;CELL_QP093A-0186_v_-z,CELL_QP093A-0186_e_+x_+y;CELL_QP093A-0186_e_+x_+z;CELL_QP093A-0186_e_+y_+z,CELL_QP093A-0186_e_-x_-y;CELL_QP093A-0186_e_-x_-z;CELL_QP093A-0186_e_-y_-z,true,true,true,true,OPEN_NO_UNIT_MAPPING,OPEN_CONVENTIONAL_ENGINEERING_INPUT,UNEMITTED_CR286_GATE,false,false
CELL_QP093A-0187_GATE_000_TO_111,CELL_QP093A-0187_PAIR_000_111,CELL_QP093A-0187,QP093A-0187,3+4+8,yes,TRIAD_ALLOWED,CELL_QP093A-0187_f_---,---,000,CELL_QP093A-0187_f_+++,+++,111,CELL_QP093A-0187_v_-x;CELL_QP093A-0187_v_-y;CELL_QP093A-0187_v_-z,CELL_QP093A-0187_v_+x;CELL_QP093A-0187_v_+y;CELL_QP093A-0187_v_+z,CELL_QP093A-0187_e_-x_-y;CELL_QP093A-0187_e_-x_-z;CELL_QP093A-0187_e_-y_-z,CELL_QP093A-0187_e_+x_+y;CELL_QP093A-0187_e_+x_+z;CELL_QP093A-0187_e_+y_+z,true,true,true,true,OPEN_NO_UNIT_MAPPING,OPEN_CONVENTIONAL_ENGINEERING_INPUT,UNEMITTED_CR286_GATE,false,false
CELL_QP093A-0187_GATE_001_TO_110,CELL_QP093A-0187_PAIR_001_110,CELL_QP093A-0187,QP093A-0187,3+4+8,yes,TRIAD_ALLOWED,CELL_QP093A-0187_f_--+,--+,001,CELL_QP093A-0187_f_++-,++-,110,CELL_QP093A-0187_v_+z;CELL_QP093A-0187_v_-x;CELL_QP093A-0187_v_-y,CELL_QP093A-0187_v_+x;CELL_QP093A-0187_v_+y;CELL_QP093A-0187_v_-z,CELL_QP093A-0187_e_-x_+z;CELL_QP093A-0187_e_-x_-y;CELL_QP093A-0187_e_-y_+z,CELL_QP093A-0187_e_+x_+y;CELL_QP093A-0187_e_+x_-z;CELL_QP093A-0187_e_+y_-z,true,true,true,true,OPEN_NO_UNIT_MAPPING,OPEN_CONVENTIONAL_ENGINEERING_INPUT,UNEMITTED_CR286_GATE,false,false
CELL_QP093A-0187_GATE_010_TO_101,CELL_QP093A-0187_PAIR_010_101,CELL_QP093A-0187,QP093A-0187,3+4+8,yes,TRIAD_ALLOWED,CELL_QP093A-0187_f_-+-,-+-,010,CELL_QP093A-0187_f_+-+,+-+,101,CELL_QP093A-0187_v_+y;CELL_QP093A-0187_v_-x;CELL_QP093A-0187_v_-z,CELL_QP093A-0187_v_+x;CELL_QP093A-0187_v_+z;CELL_QP093A-0187_v_-y,CELL_QP093A-0187_e_+y_-z;CELL_QP093A-0187_e_-x_+y;CELL_QP093A-0187_e_-x_-z,CELL_QP093A-0187_e_+x_+z;CELL_QP093A-0187_e_+x_-y;CELL_QP093A-0187_e_-y_+z,true,true,true,true,OPEN_NO_UNIT_MAPPING,OPEN_CONVENTIONAL_ENGINEERING_INPUT,UNEMITTED_CR286_GATE,false,false
CELL_QP093A-0187_GATE_011_TO_100,CELL_QP093A-0187_PAIR_011_100,CELL_QP093A-0187,QP093A-0187,3+4+8,yes,TRIAD_ALLOWED,CELL_QP093A-0187_f_-++,-++,011,CELL_QP093A-0187_f_+--,+--,100,CELL_QP093A-0187_v_+y;CELL_QP093A-0187_v_+z;CELL_QP093A-0187_v_-x,CELL_QP093A-0187_v_+x;CELL_QP093A-0187_v_-y;CELL_QP093A-0187_v_-z,CELL_QP093A-0187_e_+y_+z;CELL_QP093A-0187_e_-x_+y;CELL_QP093A-0187_e_-x_+z,CELL_QP093A-0187_e_+x_-y;CELL_QP093A-0187_e_+x_-z;CELL_QP093A-0187_e_-y_-z,true,true,true,true,OPEN_NO_UNIT_MAPPING,OPEN_CONVENTIONAL_ENGINEERING_INPUT,UNEMITTED_CR286_GATE,false,false
CELL_QP093A-0187_GATE_100_TO_011,CELL_QP093A-0187_PAIR_011_100,CELL_QP093A-0187,QP093A-0187,3+4+8,yes,TRIAD_ALLOWED,CELL_QP093A-0187_f_+--,+--,100,CELL_QP093A-0187_f_-++,-++,011,CELL_QP093A-0187_v_+x;CELL_QP093A-0187_v_-y;CELL_QP093A-0187_v_-z,CELL_QP093A-0187_v_+y;CELL_QP093A-0187_v_+z;CELL_QP093A-0187_v_-x,CELL_QP093A-0187_e_+x_-y;CELL_QP093A-0187_e_+x_-z;CELL_QP093A-0187_e_-y_-z,CELL_QP093A-0187_e_+y_+z;CELL_QP093A-0187_e_-x_+y;CELL_QP093A-0187_e_-x_+z,true,true,true,true,OPEN_NO_UNIT_MAPPING,OPEN_CONVENTIONAL_ENGINEERING_INPUT,UNEMITTED_CR286_GATE,false,false
CELL_QP093A-0187_GATE_101_TO_010,CELL_QP093A-0187_PAIR_010_101,CELL_QP093A-0187,QP093A-0187,3+4+8,yes,TRIAD_ALLOWED,CELL_QP093A-0187_f_+-+,+-+,101,CELL_QP093A-0187_f_-+-,-+-,010,CELL_QP093A-0187_v_+x;CELL_QP093A-0187_v_+z;CELL_QP093A-0187_v_-y,CELL_QP093A-0187_v_+y;CELL_QP093A-0187_v_-x;CELL_QP093A-0187_v_-z,CELL_QP093A-0187_e_+x_+z;CELL_QP093A-0187_e_+x_-y;CELL_QP093A-0187_e_-y_+z,CELL_QP093A-0187_e_+y_-z;CELL_QP093A-0187_e_-x_+y;CELL_QP093A-0187_e_-x_-z,true,true,true,true,OPEN_NO_UNIT_MAPPING,OPEN_CONVENTIONAL_ENGINEERING_INPUT,UNEMITTED_CR286_GATE,false,false
CELL_QP093A-0187_GATE_110_TO_001,CELL_QP093A-0187_PAIR_001_110,CELL_QP093A-0187,QP093A-0187,3+4+8,yes,TRIAD_ALLOWED,CELL_QP093A-0187_f_++-,++-,110,CELL_QP093A-0187_f_--+,--+,001,CELL_QP093A-0187_v_+x;CELL_QP093A-0187_v_+y;CELL_QP093A-0187_v_-z,CELL_QP093A-0187_v_+z;CELL_QP093A-0187_v_-x;CELL_QP093A-0187_v_-y,CELL_QP093A-0187_e_+x_+y;CELL_QP093A-0187_e_+x_-z;CELL_QP093A-0187_e_+y_-z,CELL_QP093A-0187_e_-x_+z;CELL_QP093A-0187_e_-x_-y;CELL_QP093A-0187_e_-y_+z,true,true,true,true,OPEN_NO_UNIT_MAPPING,OPEN_CONVENTIONAL_ENGINEERING_INPUT,UNEMITTED_CR286_GATE,false,false
CELL_QP093A-0187_GATE_111_TO_000,CELL_QP093A-0187_PAIR_000_111,CELL_QP093A-0187,QP093A-0187,3+4+8,yes,TRIAD_ALLOWED,CELL_QP093A-0187_f_+++,+++,111,CELL_QP093A-0187_f_---,---,000,CELL_QP093A-0187_v_+x;CELL_QP093A-0187_v_+y;CELL_QP093A-0187_v_+z,CELL_QP093A-0187_v_-x;CELL_QP093A-0187_v_-y;CELL_QP093A-0187_v_-z,CELL_QP093A-0187_e_+x_+y;CELL_QP093A-0187_e_+x_+z;CELL_QP093A-0187_e_+y_+z,CELL_QP093A-0187_e_-x_-y;CELL_QP093A-0187_e_-x_-z;CELL_QP093A-0187_e_-y_-z,true,true,true,true,OPEN_NO_UNIT_MAPPING,OPEN_CONVENTIONAL_ENGINEERING_INPUT,UNEMITTED_CR286_GATE,false,false
CELL_QP093A-0188_GATE_000_TO_111,CELL_QP093A-0188_PAIR_000_111,CELL_QP093A-0188,QP093A-0188,3+4+9,yes,TRIAD_ALLOWED,CELL_QP093A-0188_f_---,---,000,CELL_QP093A-0188_f_+++,+++,111,CELL_QP093A-0188_v_-x;CELL_QP093A-0188_v_-y;CELL_QP093A-0188_v_-z,CELL_QP093A-0188_v_+x;CELL_QP093A-0188_v_+y;CELL_QP093A-0188_v_+z,CELL_QP093A-0188_e_-x_-y;CELL_QP093A-0188_e_-x_-z;CELL_QP093A-0188_e_-y_-z,CELL_QP093A-0188_e_+x_+y;CELL_QP093A-0188_e_+x_+z;CELL_QP093A-0188_e_+y_+z,true,true,true,true,OPEN_NO_UNIT_MAPPING,OPEN_CONVENTIONAL_ENGINEERING_INPUT,UNEMITTED_CR286_GATE,false,false
CELL_QP093A-0188_GATE_001_TO_110,CELL_QP093A-0188_PAIR_001_110,CELL_QP093A-0188,QP093A-0188,3+4+9,yes,TRIAD_ALLOWED,CELL_QP093A-0188_f_--+,--+,001,CELL_QP093A-0188_f_++-,++-,110,CELL_QP093A-0188_v_+z;CELL_QP093A-0188_v_-x;CELL_QP093A-0188_v_-y,CELL_QP093A-0188_v_+x;CELL_QP093A-0188_v_+y;CELL_QP093A-0188_v_-z,CELL_QP093A-0188_e_-x_+z;CELL_QP093A-0188_e_-x_-y;CELL_QP093A-0188_e_-y_+z,CELL_QP093A-0188_e_+x_+y;CELL_QP093A-0188_e_+x_-z;CELL_QP093A-0188_e_+y_-z,true,true,true,true,OPEN_NO_UNIT_MAPPING,OPEN_CONVENTIONAL_ENGINEERING_INPUT,UNEMITTED_CR286_GATE,false,false
CELL_QP093A-0188_GATE_010_TO_101,CELL_QP093A-0188_PAIR_010_101,CELL_QP093A-0188,QP093A-0188,3+4+9,yes,TRIAD_ALLOWED,CELL_QP093A-0188_f_-+-,-+-,010,CELL_QP093A-0188_f_+-+,+-+,101,CELL_QP093A-0188_v_+y;CELL_QP093A-0188_v_-x;CELL_QP093A-0188_v_-z,CELL_QP093A-0188_v_+x;CELL_QP093A-0188_v_+z;CELL_QP093A-0188_v_-y,CELL_QP093A-0188_e_+y_-z;CELL_QP093A-0188_e_-x_+y;CELL_QP093A-0188_e_-x_-z,CELL_QP093A-0188_e_+x_+z;CELL_QP093A-0188_e_+x_-y;CELL_QP093A-0188_e_-y_+z,true,true,true,true,OPEN_NO_UNIT_MAPPING,OPEN_CONVENTIONAL_ENGINEERING_INPUT,UNEMITTED_CR286_GATE,false,false
CELL_QP093A-0188_GATE_011_TO_100,CELL_QP093A-0188_PAIR_011_100,CELL_QP093A-0188,QP093A-0188,3+4+9,yes,TRIAD_ALLOWED,CELL_QP093A-0188_f_-++,-++,011,CELL_QP093A-0188_f_+--,+--,100,CELL_QP093A-0188_v_+y;CELL_QP093A-0188_v_+z;CELL_QP093A-0188_v_-x,CELL_QP093A-0188_v_+x;CELL_QP093A-0188_v_-y;CELL_QP093A-0188_v_-z,CELL_QP093A-0188_e_+y_+z;CELL_QP093A-0188_e_-x_+y;CELL_QP093A-0188_e_-x_+z,CELL_QP093A-0188_e_+x_-y;CELL_QP093A-0188_e_+x_-z;CELL_QP093A-0188_e_-y_-z,true,true,true,true,OPEN_NO_UNIT_MAPPING,OPEN_CONVENTIONAL_ENGINEERING_INPUT,UNEMITTED_CR286_GATE,false,false
CELL_QP093A-0188_GATE_100_TO_011,CELL_QP093A-0188_PAIR_011_100,CELL_QP093A-0188,QP093A-0188,3+4+9,yes,TRIAD_ALLOWED,CELL_QP093A-0188_f_+--,+--,100,CELL_QP093A-0188_f_-++,-++,011,CELL_QP093A-0188_v_+x;CELL_QP093A-0188_v_-y;CELL_QP093A-0188_v_-z,CELL_QP093A-0188_v_+y;CELL_QP093A-0188_v_+z;CELL_QP093A-0188_v_-x,CELL_QP093A-0188_e_+x_-y;CELL_QP093A-0188_e_+x_-z;CELL_QP093A-0188_e_-y_-z,CELL_QP093A-0188_e_+y_+z;CELL_QP093A-0188_e_-x_+y;CELL_QP093A-0188_e_-x_+z,true,true,true,true,OPEN_NO_UNIT_MAPPING,OPEN_CONVENTIONAL_ENGINEERING_INPUT,UNEMITTED_CR286_GATE,false,false
CELL_QP093A-0188_GATE_101_TO_010,CELL_QP093A-0188_PAIR_010_101,CELL_QP093A-0188,QP093A-0188,3+4+9,yes,TRIAD_ALLOWED,CELL_QP093A-0188_f_+-+,+-+,101,CELL_QP093A-0188_f_-+-,-+-,010,CELL_QP093A-0188_v_+x;CELL_QP093A-0188_v_+z;CELL_QP093A-0188_v_-y,CELL_QP093A-0188_v_+y;CELL_QP093A-0188_v_-x;CELL_QP093A-0188_v_-z,CELL_QP093A-0188_e_+x_+z;CELL_QP093A-0188_e_+x_-y;CELL_QP093A-0188_e_-y_+z,CELL_QP093A-0188_e_+y_-z;CELL_QP093A-0188_e_-x_+y;CELL_QP093A-0188_e_-x_-z,true,true,true,true,OPEN_NO_UNIT_MAPPING,OPEN_CONVENTIONAL_ENGINEERING_INPUT,UNEMITTED_CR286_GATE,false,false
CELL_QP093A-0188_GATE_110_TO_001,CELL_QP093A-0188_PAIR_001_110,CELL_QP093A-0188,QP093A-0188,3+4+9,yes,TRIAD_ALLOWED,CELL_QP093A-0188_f_++-,++-,110,CELL_QP093A-0188_f_--+,--+,001,CELL_QP093A-0188_v_+x;CELL_QP093A-0188_v_+y;CELL_QP093A-0188_v_-z,CELL_QP093A-0188_v_+z;CELL_QP093A-0188_v_-x;CELL_QP093A-0188_v_-y,CELL_QP093A-0188_e_+x_+y;CELL_QP093A-0188_e_+x_-z;CELL_QP093A-0188_e_+y_-z,CELL_QP093A-0188_e_-x_+z;CELL_QP093A-0188_e_-x_-y;CELL_QP093A-0188_e_-y_+z,true,true,true,true,OPEN_NO_UNIT_MAPPING,OPEN_CONVENTIONAL_ENGINEERING_INPUT,UNEMITTED_CR286_GATE,false,false
CELL_QP093A-0188_GATE_111_TO_000,CELL_QP093A-0188_PAIR_000_111,CELL_QP093A-0188,QP093A-0188,3+4+9,yes,TRIAD_ALLOWED,CELL_QP093A-0188_f_+++,+++,111,CELL_QP093A-0188_f_---,---,000,CELL_QP093A-0188_v_+x;CELL_QP093A-0188_v_+y;CELL_QP093A-0188_v_+z,CELL_QP093A-0188_v_-x;CELL_QP093A-0188_v_-y;CELL_QP093A-0188_v_-z,CELL_QP093A-0188_e_+x_+y;CELL_QP093A-0188_e_+x_+z;CELL_QP093A-0188_e_+y_+z,CELL_QP093A-0188_e_-x_-y;CELL_QP093A-0188_e_-x_-z;CELL_QP093A-0188_e_-y_-z,true,true,true,true,OPEN_NO_UNIT_MAPPING,OPEN_CONVENTIONAL_ENGINEERING_INPUT,UNEMITTED_CR286_GATE,false,false
CELL_QP093A-0189_GATE_000_TO_111,CELL_QP093A-0189_PAIR_000_111,CELL_QP093A-0189,QP093A-0189,3+4+12,yes,TRIAD_ALLOWED,CELL_QP093A-0189_f_---,---,000,CELL_QP093A-0189_f_+++,+++,111,CELL_QP093A-0189_v_-x;CELL_QP093A-0189_v_-y;CELL_QP093A-0189_v_-z,CELL_QP093A-0189_v_+x;CELL_QP093A-0189_v_+y;CELL_QP093A-0189_v_+z,CELL_QP093A-0189_e_-x_-y;CELL_QP093A-0189_e_-x_-z;CELL_QP093A-0189_e_-y_-z,CELL_QP093A-0189_e_+x_+y;CELL_QP093A-0189_e_+x_+z;CELL_QP093A-0189_e_+y_+z,true,true,true,true,OPEN_NO_UNIT_MAPPING,OPEN_CONVENTIONAL_ENGINEERING_INPUT,UNEMITTED_CR286_GATE,false,false
CELL_QP093A-0189_GATE_001_TO_110,CELL_QP093A-0189_PAIR_001_110,CELL_QP093A-0189,QP093A-0189,3+4+12,yes,TRIAD_ALLOWED,CELL_QP093A-0189_f_--+,--+,001,CELL_QP093A-0189_f_++-,++-,110,CELL_QP093A-0189_v_+z;CELL_QP093A-0189_v_-x;CELL_QP093A-0189_v_-y,CELL_QP093A-0189_v_+x;CELL_QP093A-0189_v_+y;CELL_QP093A-0189_v_-z,CELL_QP093A-0189_e_-x_+z;CELL_QP093A-0189_e_-x_-y;CELL_QP093A-0189_e_-y_+z,CELL_QP093A-0189_e_+x_+y;CELL_QP093A-0189_e_+x_-z;CELL_QP093A-0189_e_+y_-z,true,true,true,true,OPEN_NO_UNIT_MAPPING,OPEN_CONVENTIONAL_ENGINEERING_INPUT,UNEMITTED_CR286_GATE,false,false
CELL_QP093A-0189_GATE_010_TO_101,CELL_QP093A-0189_PAIR_010_101,CELL_QP093A-0189,QP093A-0189,3+4+12,yes,TRIAD_ALLOWED,CELL_QP093A-0189_f_-+-,-+-,010,CELL_QP093A-0189_f_+-+,+-+,101,CELL_QP093A-0189_v_+y;CELL_QP093A-0189_v_-x;CELL_QP093A-0189_v_-z,CELL_QP093A-0189_v_+x;CELL_QP093A-0189_v_+z;CELL_QP093A-0189_v_-y,CELL_QP093A-0189_e_+y_-z;CELL_QP093A-0189_e_-x_+y;CELL_QP093A-0189_e_-x_-z,CELL_QP093A-0189_e_+x_+z;CELL_QP093A-0189_e_+x_-y;CELL_QP093A-0189_e_-y_+z,true,true,true,true,OPEN_NO_UNIT_MAPPING,OPEN_CONVENTIONAL_ENGINEERING_INPUT,UNEMITTED_CR286_GATE,false,false
CELL_QP093A-0189_GATE_011_TO_100,CELL_QP093A-0189_PAIR_011_100,CELL_QP093A-0189,QP093A-0189,3+4+12,yes,TRIAD_ALLOWED,CELL_QP093A-0189_f_-++,-++,011,CELL_QP093A-0189_f_+--,+--,100,CELL_QP093A-0189_v_+y;CELL_QP093A-0189_v_+z;CELL_QP093A-0189_v_-x,CELL_QP093A-0189_v_+x;CELL_QP093A-0189_v_-y;CELL_QP093A-0189_v_-z,CELL_QP093A-0189_e_+y_+z;CELL_QP093A-0189_e_-x_+y;CELL_QP093A-0189_e_-x_+z,CELL_QP093A-0189_e_+x_-y;CELL_QP093A-0189_e_+x_-z;CELL_QP093A-0189_e_-y_-z,true,true,true,true,OPEN_NO_UNIT_MAPPING,OPEN_CONVENTIONAL_ENGINEERING_INPUT,UNEMITTED_CR286_GATE,false,false
CELL_QP093A-0189_GATE_100_TO_011,CELL_QP093A-0189_PAIR_011_100,CELL_QP093A-0189,QP093A-0189,3+4+12,yes,TRIAD_ALLOWED,CELL_QP093A-0189_f_+--,+--,100,CELL_QP093A-0189_f_-++,-++,011,CELL_QP093A-0189_v_+x;CELL_QP093A-0189_v_-y;CELL_QP093A-0189_v_-z,CELL_QP093A-0189_v_+y;CELL_QP093A-0189_v_+z;CELL_QP093A-0189_v_-x,CELL_QP093A-0189_e_+x_-y;CELL_QP093A-0189_e_+x_-z;CELL_QP093A-0189_e_-y_-z,CELL_QP093A-0189_e_+y_+z;CELL_QP093A-0189_e_-x_+y;CELL_QP093A-0189_e_-x_+z,true,true,true,true,OPEN_NO_UNIT_MAPPING,OPEN_CONVENTIONAL_ENGINEERING_INPUT,UNEMITTED_CR286_GATE,false,false
CELL_QP093A-0189_GATE_101_TO_010,CELL_QP093A-0189_PAIR_010_101,CELL_QP093A-0189,QP093A-0189,3+4+12,yes,TRIAD_ALLOWED,CELL_QP093A-0189_f_+-+,+-+,101,CELL_QP093A-0189_f_-+-,-+-,010,CELL_QP093A-0189_v_+x;CELL_QP093A-0189_v_+z;CELL_QP093A-0189_v_-y,CELL_QP093A-0189_v_+y;CELL_QP093A-0189_v_-x;CELL_QP093A-0189_v_-z,CELL_QP093A-0189_e_+x_+z;CELL_QP093A-0189_e_+x_-y;CELL_QP093A-0189_e_-y_+z,CELL_QP093A-0189_e_+y_-z;CELL_QP093A-0189_e_-x_+y;CELL_QP093A-0189_e_-x_-z,true,true,true,true,OPEN_NO_UNIT_MAPPING,OPEN_CONVENTIONAL_ENGINEERING_INPUT,UNEMITTED_CR286_GATE,false,false
CELL_QP093A-0189_GATE_110_TO_001,CELL_QP093A-0189_PAIR_001_110,CELL_QP093A-0189,QP093A-0189,3+4+12,yes,TRIAD_ALLOWED,CELL_QP093A-0189_f_++-,++-,110,CELL_QP093A-0189_f_--+,--+,001,CELL_QP093A-0189_v_+x;CELL_QP093A-0189_v_+y;CELL_QP093A-0189_v_-z,CELL_QP093A-0189_v_+z;CELL_QP093A-0189_v_-x;CELL_QP093A-0189_v_-y,CELL_QP093A-0189_e_+x_+y;CELL_QP093A-0189_e_+x_-z;CELL_QP093A-0189_e_+y_-z,CELL_QP093A-0189_e_-x_+z;CELL_QP093A-0189_e_-x_-y;CELL_QP093A-0189_e_-y_+z,true,true,true,true,OPEN_NO_UNIT_MAPPING,OPEN_CONVENTIONAL_ENGINEERING_INPUT,UNEMITTED_CR286_GATE,false,false
CELL_QP093A-0189_GATE_111_TO_000,CELL_QP093A-0189_PAIR_000_111,CELL_QP093A-0189,QP093A-0189,3+4+12,yes,TRIAD_ALLOWED,CELL_QP093A-0189_f_+++,+++,111,CELL_QP093A-0189_f_---,---,000,CELL_QP093A-0189_v_+x;CELL_QP093A-0189_v_+y;CELL_QP093A-0189_v_+z,CELL_QP093A-0189_v_-x;CELL_QP093A-0189_v_-y;CELL_QP093A-0189_v_-z,CELL_QP093A-0189_e_+x_+y;CELL_QP093A-0189_e_+x_+z;CELL_QP093A-0189_e_+y_+z,CELL_QP093A-0189_e_-x_-y;CELL_QP093A-0189_e_-x_-z;CELL_QP093A-0189_e_-y_-z,true,true,true,true,OPEN_NO_UNIT_MAPPING,OPEN_CONVENTIONAL_ENGINEERING_INPUT,UNEMITTED_CR286_GATE,false,false
CELL_QP093A-0190_GATE_000_TO_111,CELL_QP093A-0190_PAIR_000_111,CELL_QP093A-0190,QP093A-0190,3+6+6,yes,TRIAD_ALLOWED,CELL_QP093A-0190_f_---,---,000,CELL_QP093A-0190_f_+++,+++,111,CELL_QP093A-0190_v_-x;CELL_QP093A-0190_v_-y;CELL_QP093A-0190_v_-z,CELL_QP093A-0190_v_+x;CELL_QP093A-0190_v_+y;CELL_QP093A-0190_v_+z,CELL_QP093A-0190_e_-x_-y;CELL_QP093A-0190_e_-x_-z;CELL_QP093A-0190_e_-y_-z,CELL_QP093A-0190_e_+x_+y;CELL_QP093A-0190_e_+x_+z;CELL_QP093A-0190_e_+y_+z,true,true,true,true,OPEN_NO_UNIT_MAPPING,OPEN_CONVENTIONAL_ENGINEERING_INPUT,UNEMITTED_CR286_GATE,false,false
CELL_QP093A-0190_GATE_001_TO_110,CELL_QP093A-0190_PAIR_001_110,CELL_QP093A-0190,QP093A-0190,3+6+6,yes,TRIAD_ALLOWED,CELL_QP093A-0190_f_--+,--+,001,CELL_QP093A-0190_f_++-,++-,110,CELL_QP093A-0190_v_+z;CELL_QP093A-0190_v_-x;CELL_QP093A-0190_v_-y,CELL_QP093A-0190_v_+x;CELL_QP093A-0190_v_+y;CELL_QP093A-0190_v_-z,CELL_QP093A-0190_e_-x_+z;CELL_QP093A-0190_e_-x_-y;CELL_QP093A-0190_e_-y_+z,CELL_QP093A-0190_e_+x_+y;CELL_QP093A-0190_e_+x_-z;CELL_QP093A-0190_e_+y_-z,true,true,true,true,OPEN_NO_UNIT_MAPPING,OPEN_CONVENTIONAL_ENGINEERING_INPUT,UNEMITTED_CR286_GATE,false,false
CELL_QP093A-0190_GATE_010_TO_101,CELL_QP093A-0190_PAIR_010_101,CELL_QP093A-0190,QP093A-0190,3+6+6,yes,TRIAD_ALLOWED,CELL_QP093A-0190_f_-+-,-+-,010,CELL_QP093A-0190_f_+-+,+-+,101,CELL_QP093A-0190_v_+y;CELL_QP093A-0190_v_-x;CELL_QP093A-0190_v_-z,CELL_QP093A-0190_v_+x;CELL_QP093A-0190_v_+z;CELL_QP093A-0190_v_-y,CELL_QP093A-0190_e_+y_-z;CELL_QP093A-0190_e_-x_+y;CELL_QP093A-0190_e_-x_-z,CELL_QP093A-0190_e_+x_+z;CELL_QP093A-0190_e_+x_-y;CELL_QP093A-0190_e_-y_+z,true,true,true,true,OPEN_NO_UNIT_MAPPING,OPEN_CONVENTIONAL_ENGINEERING_INPUT,UNEMITTED_CR286_GATE,false,false
CELL_QP093A-0190_GATE_011_TO_100,CELL_QP093A-0190_PAIR_011_100,CELL_QP093A-0190,QP093A-0190,3+6+6,yes,TRIAD_ALLOWED,CELL_QP093A-0190_f_-++,-++,011,CELL_QP093A-0190_f_+--,+--,100,CELL_QP093A-0190_v_+y;CELL_QP093A-0190_v_+z;CELL_QP093A-0190_v_-x,CELL_QP093A-0190_v_+x;CELL_QP093A-0190_v_-y;CELL_QP093A-0190_v_-z,CELL_QP093A-0190_e_+y_+z;CELL_QP093A-0190_e_-x_+y;CELL_QP093A-0190_e_-x_+z,CELL_QP093A-0190_e_+x_-y;CELL_QP093A-0190_e_+x_-z;CELL_QP093A-0190_e_-y_-z,true,true,true,true,OPEN_NO_UNIT_MAPPING,OPEN_CONVENTIONAL_ENGINEERING_INPUT,UNEMITTED_CR286_GATE,false,false
CELL_QP093A-0190_GATE_100_TO_011,CELL_QP093A-0190_PAIR_011_100,CELL_QP093A-0190,QP093A-0190,3+6+6,yes,TRIAD_ALLOWED,CELL_QP093A-0190_f_+--,+--,100,CELL_QP093A-0190_f_-++,-++,011,CELL_QP093A-0190_v_+x;CELL_QP093A-0190_v_-y;CELL_QP093A-0190_v_-z,CELL_QP093A-0190_v_+y;CELL_QP093A-0190_v_+z;CELL_QP093A-0190_v_-x,CELL_QP093A-0190_e_+x_-y;CELL_QP093A-0190_e_+x_-z;CELL_QP093A-0190_e_-y_-z,CELL_QP093A-0190_e_+y_+z;CELL_QP093A-0190_e_-x_+y;CELL_QP093A-0190_e_-x_+z,true,true,true,true,OPEN_NO_UNIT_MAPPING,OPEN_CONVENTIONAL_ENGINEERING_INPUT,UNEMITTED_CR286_GATE,false,false
CELL_QP093A-0190_GATE_101_TO_010,CELL_QP093A-0190_PAIR_010_101,CELL_QP093A-0190,QP093A-0190,3+6+6,yes,TRIAD_ALLOWED,CELL_QP093A-0190_f_+-+,+-+,101,CELL_QP093A-0190_f_-+-,-+-,010,CELL_QP093A-0190_v_+x;CELL_QP093A-0190_v_+z;CELL_QP093A-0190_v_-y,CELL_QP093A-0190_v_+y;CELL_QP093A-0190_v_-x;CELL_QP093A-0190_v_-z,CELL_QP093A-0190_e_+x_+z;CELL_QP093A-0190_e_+x_-y;CELL_QP093A-0190_e_-y_+z,CELL_QP093A-0190_e_+y_-z;CELL_QP093A-0190_e_-x_+y;CELL_QP093A-0190_e_-x_-z,true,true,true,true,OPEN_NO_UNIT_MAPPING,OPEN_CONVENTIONAL_ENGINEERING_INPUT,UNEMITTED_CR286_GATE,false,false
CELL_QP093A-0190_GATE_110_TO_001,CELL_QP093A-0190_PAIR_001_110,CELL_QP093A-0190,QP093A-0190,3+6+6,yes,TRIAD_ALLOWED,CELL_QP093A-0190_f_++-,++-,110,CELL_QP093A-0190_f_--+,--+,001,CELL_QP093A-0190_v_+x;CELL_QP093A-0190_v_+y;CELL_QP093A-0190_v_-z,CELL_QP093A-0190_v_+z;CELL_QP093A-0190_v_-x;CELL_QP093A-0190_v_-y,CELL_QP093A-0190_e_+x_+y;CELL_QP093A-0190_e_+x_-z;CELL_QP093A-0190_e_+y_-z,CELL_QP093A-0190_e_-x_+z;CELL_QP093A-0190_e_-x_-y;CELL_QP093A-0190_e_-y_+z,true,true,true,true,OPEN_NO_UNIT_MAPPING,OPEN_CONVENTIONAL_ENGINEERING_INPUT,UNEMITTED_CR286_GATE,false,false
CELL_QP093A-0190_GATE_111_TO_000,CELL_QP093A-0190_PAIR_000_111,CELL_QP093A-0190,QP093A-0190,3+6+6,yes,TRIAD_ALLOWED,CELL_QP093A-0190_f_+++,+++,111,CELL_QP093A-0190_f_---,---,000,CELL_QP093A-0190_v_+x;CELL_QP093A-0190_v_+y;CELL_QP093A-0190_v_+z,CELL_QP093A-0190_v_-x;CELL_QP093A-0190_v_-y;CELL_QP093A-0190_v_-z,CELL_QP093A-0190_e_+x_+y;CELL_QP093A-0190_e_+x_+z;CELL_QP093A-0190_e_+y_+z,CELL_QP093A-0190_e_-x_-y;CELL_QP093A-0190_e_-x_-z;CELL_QP093A-0190_e_-y_-z,true,true,true,true,OPEN_NO_UNIT_MAPPING,OPEN_CONVENTIONAL_ENGINEERING_INPUT,UNEMITTED_CR286_GATE,false,false
CELL_QP093A-0191_GATE_000_TO_111,CELL_QP093A-0191_PAIR_000_111,CELL_QP093A-0191,QP093A-0191,3+6+8,yes,TRIAD_ALLOWED,CELL_QP093A-0191_f_---,---,000,CELL_QP093A-0191_f_+++,+++,111,CELL_QP093A-0191_v_-x;CELL_QP093A-0191_v_-y;CELL_QP093A-0191_v_-z,CELL_QP093A-0191_v_+x;CELL_QP093A-0191_v_+y;CELL_QP093A-0191_v_+z,CELL_QP093A-0191_e_-x_-y;CELL_QP093A-0191_e_-x_-z;CELL_QP093A-0191_e_-y_-z,CELL_QP093A-0191_e_+x_+y;CELL_QP093A-0191_e_+x_+z;CELL_QP093A-0191_e_+y_+z,true,true,true,true,OPEN_NO_UNIT_MAPPING,OPEN_CONVENTIONAL_ENGINEERING_INPUT,UNEMITTED_CR286_GATE,false,false
CELL_QP093A-0191_GATE_001_TO_110,CELL_QP093A-0191_PAIR_001_110,CELL_QP093A-0191,QP093A-0191,3+6+8,yes,TRIAD_ALLOWED,CELL_QP093A-0191_f_--+,--+,001,CELL_QP093A-0191_f_++-,++-,110,CELL_QP093A-0191_v_+z;CELL_QP093A-0191_v_-x;CELL_QP093A-0191_v_-y,CELL_QP093A-0191_v_+x;CELL_QP093A-0191_v_+y;CELL_QP093A-0191_v_-z,CELL_QP093A-0191_e_-x_+z;CELL_QP093A-0191_e_-x_-y;CELL_QP093A-0191_e_-y_+z,CELL_QP093A-0191_e_+x_+y;CELL_QP093A-0191_e_+x_-z;CELL_QP093A-0191_e_+y_-z,true,true,true,true,OPEN_NO_UNIT_MAPPING,OPEN_CONVENTIONAL_ENGINEERING_INPUT,UNEMITTED_CR286_GATE,false,false
CELL_QP093A-0191_GATE_010_TO_101,CELL_QP093A-0191_PAIR_010_101,CELL_QP093A-0191,QP093A-0191,3+6+8,yes,TRIAD_ALLOWED,CELL_QP093A-0191_f_-+-,-+-,010,CELL_QP093A-0191_f_+-+,+-+,101,CELL_QP093A-0191_v_+y;CELL_QP093A-0191_v_-x;CELL_QP093A-0191_v_-z,CELL_QP093A-0191_v_+x;CELL_QP093A-0191_v_+z;CELL_QP093A-0191_v_-y,CELL_QP093A-0191_e_+y_-z;CELL_QP093A-0191_e_-x_+y;CELL_QP093A-0191_e_-x_-z,CELL_QP093A-0191_e_+x_+z;CELL_QP093A-0191_e_+x_-y;CELL_QP093A-0191_e_-y_+z,true,true,true,true,OPEN_NO_UNIT_MAPPING,OPEN_CONVENTIONAL_ENGINEERING_INPUT,UNEMITTED_CR286_GATE,false,false
CELL_QP093A-0191_GATE_011_TO_100,CELL_QP093A-0191_PAIR_011_100,CELL_QP093A-0191,QP093A-0191,3+6+8,yes,TRIAD_ALLOWED,CELL_QP093A-0191_f_-++,-++,011,CELL_QP093A-0191_f_+--,+--,100,CELL_QP093A-0191_v_+y;CELL_QP093A-0191_v_+z;CELL_QP093A-0191_v_-x,CELL_QP093A-0191_v_+x;CELL_QP093A-0191_v_-y;CELL_QP093A-0191_v_-z,CELL_QP093A-0191_e_+y_+z;CELL_QP093A-0191_e_-x_+y;CELL_QP093A-0191_e_-x_+z,CELL_QP093A-0191_e_+x_-y;CELL_QP093A-0191_e_+x_-z;CELL_QP093A-0191_e_-y_-z,true,true,true,true,OPEN_NO_UNIT_MAPPING,OPEN_CONVENTIONAL_ENGINEERING_INPUT,UNEMITTED_CR286_GATE,false,false
CELL_QP093A-0191_GATE_100_TO_011,CELL_QP093A-0191_PAIR_011_100,CELL_QP093A-0191,QP093A-0191,3+6+8,yes,TRIAD_ALLOWED,CELL_QP093A-0191_f_+--,+--,100,CELL_QP093A-0191_f_-++,-++,011,CELL_QP093A-0191_v_+x;CELL_QP093A-0191_v_-y;CELL_QP093A-0191_v_-z,CELL_QP093A-0191_v_+y;CELL_QP093A-0191_v_+z;CELL_QP093A-0191_v_-x,CELL_QP093A-0191_e_+x_-y;CELL_QP093A-0191_e_+x_-z;CELL_QP093A-0191_e_-y_-z,CELL_QP093A-0191_e_+y_+z;CELL_QP093A-0191_e_-x_+y;CELL_QP093A-0191_e_-x_+z,true,true,true,true,OPEN_NO_UNIT_MAPPING,OPEN_CONVENTIONAL_ENGINEERING_INPUT,UNEMITTED_CR286_GATE,false,false
CELL_QP093A-0191_GATE_101_TO_010,CELL_QP093A-0191_PAIR_010_101,CELL_QP093A-0191,QP093A-0191,3+6+8,yes,TRIAD_ALLOWED,CELL_QP093A-0191_f_+-+,+-+,101,CELL_QP093A-0191_f_-+-,-+-,010,CELL_QP093A-0191_v_+x;CELL_QP093A-0191_v_+z;CELL_QP093A-0191_v_-y,CELL_QP093A-0191_v_+y;CELL_QP093A-0191_v_-x;CELL_QP093A-0191_v_-z,CELL_QP093A-0191_e_+x_+z;CELL_QP093A-0191_e_+x_-y;CELL_QP093A-0191_e_-y_+z,CELL_QP093A-0191_e_+y_-z;CELL_QP093A-0191_e_-x_+y;CELL_QP093A-0191_e_-x_-z,true,true,true,true,OPEN_NO_UNIT_MAPPING,OPEN_CONVENTIONAL_ENGINEERING_INPUT,UNEMITTED_CR286_GATE,false,false
CELL_QP093A-0191_GATE_110_TO_001,CELL_QP093A-0191_PAIR_001_110,CELL_QP093A-0191,QP093A-0191,3+6+8,yes,TRIAD_ALLOWED,CELL_QP093A-0191_f_++-,++-,110,CELL_QP093A-0191_f_--+,--+,001,CELL_QP093A-0191_v_+x;CELL_QP093A-0191_v_+y;CELL_QP093A-0191_v_-z,CELL_QP093A-0191_v_+z;CELL_QP093A-0191_v_-x;CELL_QP093A-0191_v_-y,CELL_QP093A-0191_e_+x_+y;CELL_QP093A-0191_e_+x_-z;CELL_QP093A-0191_e_+y_-z,CELL_QP093A-0191_e_-x_+z;CELL_QP093A-0191_e_-x_-y;CELL_QP093A-0191_e_-y_+z,true,true,true,true,OPEN_NO_UNIT_MAPPING,OPEN_CONVENTIONAL_ENGINEERING_INPUT,UNEMITTED_CR286_GATE,false,false
CELL_QP093A-0191_GATE_111_TO_000,CELL_QP093A-0191_PAIR_000_111,CELL_QP093A-0191,QP093A-0191,3+6+8,yes,TRIAD_ALLOWED,CELL_QP093A-0191_f_+++,+++,111,CELL_QP093A-0191_f_---,---,000,CELL_QP093A-0191_v_+x;CELL_QP093A-0191_v_+y;CELL_QP093A-0191_v_+z,CELL_QP093A-0191_v_-x;CELL_QP093A-0191_v_-y;CELL_QP093A-0191_v_-z,CELL_QP093A-0191_e_+x_+y;CELL_QP093A-0191_e_+x_+z;CELL_QP093A-0191_e_+y_+z,CELL_QP093A-0191_e_-x_-y;CELL_QP093A-0191_e_-x_-z;CELL_QP093A-0191_e_-y_-z,true,true,true,true,OPEN_NO_UNIT_MAPPING,OPEN_CONVENTIONAL_ENGINEERING_INPUT,UNEMITTED_CR286_GATE,false,false
CELL_QP093A-0192_GATE_000_TO_111,CELL_QP093A-0192_PAIR_000_111,CELL_QP093A-0192,QP093A-0192,3+6+9,yes,TRIAD_ALLOWED,CELL_QP093A-0192_f_---,---,000,CELL_QP093A-0192_f_+++,+++,111,CELL_QP093A-0192_v_-x;CELL_QP093A-0192_v_-y;CELL_QP093A-0192_v_-z,CELL_QP093A-0192_v_+x;CELL_QP093A-0192_v_+y;CELL_QP093A-0192_v_+z,CELL_QP093A-0192_e_-x_-y;CELL_QP093A-0192_e_-x_-z;CELL_QP093A-0192_e_-y_-z,CELL_QP093A-0192_e_+x_+y;CELL_QP093A-0192_e_+x_+z;CELL_QP093A-0192_e_+y_+z,true,true,true,true,OPEN_NO_UNIT_MAPPING,OPEN_CONVENTIONAL_ENGINEERING_INPUT,UNEMITTED_CR286_GATE,false,false
CELL_QP093A-0192_GATE_001_TO_110,CELL_QP093A-0192_PAIR_001_110,CELL_QP093A-0192,QP093A-0192,3+6+9,yes,TRIAD_ALLOWED,CELL_QP093A-0192_f_--+,--+,001,CELL_QP093A-0192_f_++-,++-,110,CELL_QP093A-0192_v_+z;CELL_QP093A-0192_v_-x;CELL_QP093A-0192_v_-y,CELL_QP093A-0192_v_+x;CELL_QP093A-0192_v_+y;CELL_QP093A-0192_v_-z,CELL_QP093A-0192_e_-x_+z;CELL_QP093A-0192_e_-x_-y;CELL_QP093A-0192_e_-y_+z,CELL_QP093A-0192_e_+x_+y;CELL_QP093A-0192_e_+x_-z;CELL_QP093A-0192_e_+y_-z,true,true,true,true,OPEN_NO_UNIT_MAPPING,OPEN_CONVENTIONAL_ENGINEERING_INPUT,UNEMITTED_CR286_GATE,false,false
CELL_QP093A-0192_GATE_010_TO_101,CELL_QP093A-0192_PAIR_010_101,CELL_QP093A-0192,QP093A-0192,3+6+9,yes,TRIAD_ALLOWED,CELL_QP093A-0192_f_-+-,-+-,010,CELL_QP093A-0192_f_+-+,+-+,101,CELL_QP093A-0192_v_+y;CELL_QP093A-0192_v_-x;CELL_QP093A-0192_v_-z,CELL_QP093A-0192_v_+x;CELL_QP093A-0192_v_+z;CELL_QP093A-0192_v_-y,CELL_QP093A-0192_e_+y_-z;CELL_QP093A-0192_e_-x_+y;CELL_QP093A-0192_e_-x_-z,CELL_QP093A-0192_e_+x_+z;CELL_QP093A-0192_e_+x_-y;CELL_QP093A-0192_e_-y_+z,true,true,true,true,OPEN_NO_UNIT_MAPPING,OPEN_CONVENTIONAL_ENGINEERING_INPUT,UNEMITTED_CR286_GATE,false,false
CELL_QP093A-0192_GATE_011_TO_100,CELL_QP093A-0192_PAIR_011_100,CELL_QP093A-0192,QP093A-0192,3+6+9,yes,TRIAD_ALLOWED,CELL_QP093A-0192_f_-++,-++,011,CELL_QP093A-0192_f_+--,+--,100,CELL_QP093A-0192_v_+y;CELL_QP093A-0192_v_+z;CELL_QP093A-0192_v_-x,CELL_QP093A-0192_v_+x;CELL_QP093A-0192_v_-y;CELL_QP093A-0192_v_-z,CELL_QP093A-0192_e_+y_+z;CELL_QP093A-0192_e_-x_+y;CELL_QP093A-0192_e_-x_+z,CELL_QP093A-0192_e_+x_-y;CELL_QP093A-0192_e_+x_-z;CELL_QP093A-0192_e_-y_-z,true,true,true,true,OPEN_NO_UNIT_MAPPING,OPEN_CONVENTIONAL_ENGINEERING_INPUT,UNEMITTED_CR286_GATE,false,false
CELL_QP093A-0192_GATE_100_TO_011,CELL_QP093A-0192_PAIR_011_100,CELL_QP093A-0192,QP093A-0192,3+6+9,yes,TRIAD_ALLOWED,CELL_QP093A-0192_f_+--,+--,100,CELL_QP093A-0192_f_-++,-++,011,CELL_QP093A-0192_v_+x;CELL_QP093A-0192_v_-y;CELL_QP093A-0192_v_-z,CELL_QP093A-0192_v_+y;CELL_QP093A-0192_v_+z;CELL_QP093A-0192_v_-x,CELL_QP093A-0192_e_+x_-y;CELL_QP093A-0192_e_+x_-z;CELL_QP093A-0192_e_-y_-z,CELL_QP093A-0192_e_+y_+z;CELL_QP093A-0192_e_-x_+y;CELL_QP093A-0192_e_-x_+z,true,true,true,true,OPEN_NO_UNIT_MAPPING,OPEN_CONVENTIONAL_ENGINEERING_INPUT,UNEMITTED_CR286_GATE,false,false
CELL_QP093A-0192_GATE_101_TO_010,CELL_QP093A-0192_PAIR_010_101,CELL_QP093A-0192,QP093A-0192,3+6+9,yes,TRIAD_ALLOWED,CELL_QP093A-0192_f_+-+,+-+,101,CELL_QP093A-0192_f_-+-,-+-,010,CELL_QP093A-0192_v_+x;CELL_QP093A-0192_v_+z;CELL_QP093A-0192_v_-y,CELL_QP093A-0192_v_+y;CELL_QP093A-0192_v_-x;CELL_QP093A-0192_v_-z,CELL_QP093A-0192_e_+x_+z;CELL_QP093A-0192_e_+x_-y;CELL_QP093A-0192_e_-y_+z,CELL_QP093A-0192_e_+y_-z;CELL_QP093A-0192_e_-x_+y;CELL_QP093A-0192_e_-x_-z,true,true,true,true,OPEN_NO_UNIT_MAPPING,OPEN_CONVENTIONAL_ENGINEERING_INPUT,UNEMITTED_CR286_GATE,false,false
CELL_QP093A-0192_GATE_110_TO_001,CELL_QP093A-0192_PAIR_001_110,CELL_QP093A-0192,QP093A-0192,3+6+9,yes,TRIAD_ALLOWED,CELL_QP093A-0192_f_++-,++-,110,CELL_QP093A-0192_f_--+,--+,001,CELL_QP093A-0192_v_+x;CELL_QP093A-0192_v_+y;CELL_QP093A-0192_v_-z,CELL_QP093A-0192_v_+z;CELL_QP093A-0192_v_-x;CELL_QP093A-0192_v_-y,CELL_QP093A-0192_e_+x_+y;CELL_QP093A-0192_e_+x_-z;CELL_QP093A-0192_e_+y_-z,CELL_QP093A-0192_e_-x_+z;CELL_QP093A-0192_e_-x_-y;CELL_QP093A-0192_e_-y_+z,true,true,true,true,OPEN_NO_UNIT_MAPPING,OPEN_CONVENTIONAL_ENGINEERING_INPUT,UNEMITTED_CR286_GATE,false,false
CELL_QP093A-0192_GATE_111_TO_000,CELL_QP093A-0192_PAIR_000_111,CELL_QP093A-0192,QP093A-0192,3+6+9,yes,TRIAD_ALLOWED,CELL_QP093A-0192_f_+++,+++,111,CELL_QP093A-0192_f_---,---,000,CELL_QP093A-0192_v_+x;CELL_QP093A-0192_v_+y;CELL_QP093A-0192_v_+z,CELL_QP093A-0192_v_-x;CELL_QP093A-0192_v_-y;CELL_QP093A-0192_v_-z,CELL_QP093A-0192_e_+x_+y;CELL_QP093A-0192_e_+x_+z;CELL_QP093A-0192_e_+y_+z,CELL_QP093A-0192_e_-x_-y;CELL_QP093A-0192_e_-x_-z;CELL_QP093A-0192_e_-y_-z,true,true,true,true,OPEN_NO_UNIT_MAPPING,OPEN_CONVENTIONAL_ENGINEERING_INPUT,UNEMITTED_CR286_GATE,false,false
CELL_QP093A-0193_GATE_000_TO_111,CELL_QP093A-0193_PAIR_000_111,CELL_QP093A-0193,QP093A-0193,3+6+12,yes,TRIAD_ALLOWED,CELL_QP093A-0193_f_---,---,000,CELL_QP093A-0193_f_+++,+++,111,CELL_QP093A-0193_v_-x;CELL_QP093A-0193_v_-y;CELL_QP093A-0193_v_-z,CELL_QP093A-0193_v_+x;CELL_QP093A-0193_v_+y;CELL_QP093A-0193_v_+z,CELL_QP093A-0193_e_-x_-y;CELL_QP093A-0193_e_-x_-z;CELL_QP093A-0193_e_-y_-z,CELL_QP093A-0193_e_+x_+y;CELL_QP093A-0193_e_+x_+z;CELL_QP093A-0193_e_+y_+z,true,true,true,true,OPEN_NO_UNIT_MAPPING,OPEN_CONVENTIONAL_ENGINEERING_INPUT,UNEMITTED_CR286_GATE,false,false
CELL_QP093A-0193_GATE_001_TO_110,CELL_QP093A-0193_PAIR_001_110,CELL_QP093A-0193,QP093A-0193,3+6+12,yes,TRIAD_ALLOWED,CELL_QP093A-0193_f_--+,--+,001,CELL_QP093A-0193_f_++-,++-,110,CELL_QP093A-0193_v_+z;CELL_QP093A-0193_v_-x;CELL_QP093A-0193_v_-y,CELL_QP093A-0193_v_+x;CELL_QP093A-0193_v_+y;CELL_QP093A-0193_v_-z,CELL_QP093A-0193_e_-x_+z;CELL_QP093A-0193_e_-x_-y;CELL_QP093A-0193_e_-y_+z,CELL_QP093A-0193_e_+x_+y;CELL_QP093A-0193_e_+x_-z;CELL_QP093A-0193_e_+y_-z,true,true,true,true,OPEN_NO_UNIT_MAPPING,OPEN_CONVENTIONAL_ENGINEERING_INPUT,UNEMITTED_CR286_GATE,false,false
CELL_QP093A-0193_GATE_010_TO_101,CELL_QP093A-0193_PAIR_010_101,CELL_QP093A-0193,QP093A-0193,3+6+12,yes,TRIAD_ALLOWED,CELL_QP093A-0193_f_-+-,-+-,010,CELL_QP093A-0193_f_+-+,+-+,101,CELL_QP093A-0193_v_+y;CELL_QP093A-0193_v_-x;CELL_QP093A-0193_v_-z,CELL_QP093A-0193_v_+x;CELL_QP093A-0193_v_+z;CELL_QP093A-0193_v_-y,CELL_QP093A-0193_e_+y_-z;CELL_QP093A-0193_e_-x_+y;CELL_QP093A-0193_e_-x_-z,CELL_QP093A-0193_e_+x_+z;CELL_QP093A-0193_e_+x_-y;CELL_QP093A-0193_e_-y_+z,true,true,true,true,OPEN_NO_UNIT_MAPPING,OPEN_CONVENTIONAL_ENGINEERING_INPUT,UNEMITTED_CR286_GATE,false,false
CELL_QP093A-0193_GATE_011_TO_100,CELL_QP093A-0193_PAIR_011_100,CELL_QP093A-0193,QP093A-0193,3+6+12,yes,TRIAD_ALLOWED,CELL_QP093A-0193_f_-++,-++,011,CELL_QP093A-0193_f_+--,+--,100,CELL_QP093A-0193_v_+y;CELL_QP093A-0193_v_+z;CELL_QP093A-0193_v_-x,CELL_QP093A-0193_v_+x;CELL_QP093A-0193_v_-y;CELL_QP093A-0193_v_-z,CELL_QP093A-0193_e_+y_+z;CELL_QP093A-0193_e_-x_+y;CELL_QP093A-0193_e_-x_+z,CELL_QP093A-0193_e_+x_-y;CELL_QP093A-0193_e_+x_-z;CELL_QP093A-0193_e_-y_-z,true,true,true,true,OPEN_NO_UNIT_MAPPING,OPEN_CONVENTIONAL_ENGINEERING_INPUT,UNEMITTED_CR286_GATE,false,false
CELL_QP093A-0193_GATE_100_TO_011,CELL_QP093A-0193_PAIR_011_100,CELL_QP093A-0193,QP093A-0193,3+6+12,yes,TRIAD_ALLOWED,CELL_QP093A-0193_f_+--,+--,100,CELL_QP093A-0193_f_-++,-++,011,CELL_QP093A-0193_v_+x;CELL_QP093A-0193_v_-y;CELL_QP093A-0193_v_-z,CELL_QP093A-0193_v_+y;CELL_QP093A-0193_v_+z;CELL_QP093A-0193_v_-x,CELL_QP093A-0193_e_+x_-y;CELL_QP093A-0193_e_+x_-z;CELL_QP093A-0193_e_-y_-z,CELL_QP093A-0193_e_+y_+z;CELL_QP093A-0193_e_-x_+y;CELL_QP093A-0193_e_-x_+z,true,true,true,true,OPEN_NO_UNIT_MAPPING,OPEN_CONVENTIONAL_ENGINEERING_INPUT,UNEMITTED_CR286_GATE,false,false
CELL_QP093A-0193_GATE_101_TO_010,CELL_QP093A-0193_PAIR_010_101,CELL_QP093A-0193,QP093A-0193,3+6+12,yes,TRIAD_ALLOWED,CELL_QP093A-0193_f_+-+,+-+,101,CELL_QP093A-0193_f_-+-,-+-,010,CELL_QP093A-0193_v_+x;CELL_QP093A-0193_v_+z;CELL_QP093A-0193_v_-y,CELL_QP093A-0193_v_+y;CELL_QP093A-0193_v_-x;CELL_QP093A-0193_v_-z,CELL_QP093A-0193_e_+x_+z;CELL_QP093A-0193_e_+x_-y;CELL_QP093A-0193_e_-y_+z,CELL_QP093A-0193_e_+y_-z;CELL_QP093A-0193_e_-x_+y;CELL_QP093A-0193_e_-x_-z,true,true,true,true,OPEN_NO_UNIT_MAPPING,OPEN_CONVENTIONAL_ENGINEERING_INPUT,UNEMITTED_CR286_GATE,false,false
CELL_QP093A-0193_GATE_110_TO_001,CELL_QP093A-0193_PAIR_001_110,CELL_QP093A-0193,QP093A-0193,3+6+12,yes,TRIAD_ALLOWED,CELL_QP093A-0193_f_++-,++-,110,CELL_QP093A-0193_f_--+,--+,001,CELL_QP093A-0193_v_+x;CELL_QP093A-0193_v_+y;CELL_QP093A-0193_v_-z,CELL_QP093A-0193_v_+z;CELL_QP093A-0193_v_-x;CELL_QP093A-0193_v_-y,CELL_QP093A-0193_e_+x_+y;CELL_QP093A-0193_e_+x_-z;CELL_QP093A-0193_e_+y_-z,CELL_QP093A-0193_e_-x_+z;CELL_QP093A-0193_e_-x_-y;CELL_QP093A-0193_e_-y_+z,true,true,true,true,OPEN_NO_UNIT_MAPPING,OPEN_CONVENTIONAL_ENGINEERING_INPUT,UNEMITTED_CR286_GATE,false,false
CELL_QP093A-0193_GATE_111_TO_000,CELL_QP093A-0193_PAIR_000_111,CELL_QP093A-0193,QP093A-0193,3+6+12,yes,TRIAD_ALLOWED,CELL_QP093A-0193_f_+++,+++,111,CELL_QP093A-0193_f_---,---,000,CELL_QP093A-0193_v_+x;CELL_QP093A-0193_v_+y;CELL_QP093A-0193_v_+z,CELL_QP093A-0193_v_-x;CELL_QP093A-0193_v_-y;CELL_QP093A-0193_v_-z,CELL_QP093A-0193_e_+x_+y;CELL_QP093A-0193_e_+x_+z;CELL_QP093A-0193_e_+y_+z,CELL_QP093A-0193_e_-x_-y;CELL_QP093A-0193_e_-x_-z;CELL_QP093A-0193_e_-y_-z,true,true,true,true,OPEN_NO_UNIT_MAPPING,OPEN_CONVENTIONAL_ENGINEERING_INPUT,UNEMITTED_CR286_GATE,false,false
CELL_QP093A-0194_GATE_000_TO_111,CELL_QP093A-0194_PAIR_000_111,CELL_QP093A-0194,QP093A-0194,3+8+8,yes,TRIAD_ALLOWED,CELL_QP093A-0194_f_---,---,000,CELL_QP093A-0194_f_+++,+++,111,CELL_QP093A-0194_v_-x;CELL_QP093A-0194_v_-y;CELL_QP093A-0194_v_-z,CELL_QP093A-0194_v_+x;CELL_QP093A-0194_v_+y;CELL_QP093A-0194_v_+z,CELL_QP093A-0194_e_-x_-y;CELL_QP093A-0194_e_-x_-z;CELL_QP093A-0194_e_-y_-z,CELL_QP093A-0194_e_+x_+y;CELL_QP093A-0194_e_+x_+z;CELL_QP093A-0194_e_+y_+z,true,true,true,true,OPEN_NO_UNIT_MAPPING,OPEN_CONVENTIONAL_ENGINEERING_INPUT,UNEMITTED_CR286_GATE,false,false
CELL_QP093A-0194_GATE_001_TO_110,CELL_QP093A-0194_PAIR_001_110,CELL_QP093A-0194,QP093A-0194,3+8+8,yes,TRIAD_ALLOWED,CELL_QP093A-0194_f_--+,--+,001,CELL_QP093A-0194_f_++-,++-,110,CELL_QP093A-0194_v_+z;CELL_QP093A-0194_v_-x;CELL_QP093A-0194_v_-y,CELL_QP093A-0194_v_+x;CELL_QP093A-0194_v_+y;CELL_QP093A-0194_v_-z,CELL_QP093A-0194_e_-x_+z;CELL_QP093A-0194_e_-x_-y;CELL_QP093A-0194_e_-y_+z,CELL_QP093A-0194_e_+x_+y;CELL_QP093A-0194_e_+x_-z;CELL_QP093A-0194_e_+y_-z,true,true,true,true,OPEN_NO_UNIT_MAPPING,OPEN_CONVENTIONAL_ENGINEERING_INPUT,UNEMITTED_CR286_GATE,false,false
CELL_QP093A-0194_GATE_010_TO_101,CELL_QP093A-0194_PAIR_010_101,CELL_QP093A-0194,QP093A-0194,3+8+8,yes,TRIAD_ALLOWED,CELL_QP093A-0194_f_-+-,-+-,010,CELL_QP093A-0194_f_+-+,+-+,101,CELL_QP093A-0194_v_+y;CELL_QP093A-0194_v_-x;CELL_QP093A-0194_v_-z,CELL_QP093A-0194_v_+x;CELL_QP093A-0194_v_+z;CELL_QP093A-0194_v_-y,CELL_QP093A-0194_e_+y_-z;CELL_QP093A-0194_e_-x_+y;CELL_QP093A-0194_e_-x_-z,CELL_QP093A-0194_e_+x_+z;CELL_QP093A-0194_e_+x_-y;CELL_QP093A-0194_e_-y_+z,true,true,true,true,OPEN_NO_UNIT_MAPPING,OPEN_CONVENTIONAL_ENGINEERING_INPUT,UNEMITTED_CR286_GATE,false,false
CELL_QP093A-0194_GATE_011_TO_100,CELL_QP093A-0194_PAIR_011_100,CELL_QP093A-0194,QP093A-0194,3+8+8,yes,TRIAD_ALLOWED,CELL_QP093A-0194_f_-++,-++,011,CELL_QP093A-0194_f_+--,+--,100,CELL_QP093A-0194_v_+y;CELL_QP093A-0194_v_+z;CELL_QP093A-0194_v_-x,CELL_QP093A-0194_v_+x;CELL_QP093A-0194_v_-y;CELL_QP093A-0194_v_-z,CELL_QP093A-0194_e_+y_+z;CELL_QP093A-0194_e_-x_+y;CELL_QP093A-0194_e_-x_+z,CELL_QP093A-0194_e_+x_-y;CELL_QP093A-0194_e_+x_-z;CELL_QP093A-0194_e_-y_-z,true,true,true,true,OPEN_NO_UNIT_MAPPING,OPEN_CONVENTIONAL_ENGINEERING_INPUT,UNEMITTED_CR286_GATE,false,false
CELL_QP093A-0194_GATE_100_TO_011,CELL_QP093A-0194_PAIR_011_100,CELL_QP093A-0194,QP093A-0194,3+8+8,yes,TRIAD_ALLOWED,CELL_QP093A-0194_f_+--,+--,100,CELL_QP093A-0194_f_-++,-++,011,CELL_QP093A-0194_v_+x;CELL_QP093A-0194_v_-y;CELL_QP093A-0194_v_-z,CELL_QP093A-0194_v_+y;CELL_QP093A-0194_v_+z;CELL_QP093A-0194_v_-x,CELL_QP093A-0194_e_+x_-y;CELL_QP093A-0194_e_+x_-z;CELL_QP093A-0194_e_-y_-z,CELL_QP093A-0194_e_+y_+z;CELL_QP093A-0194_e_-x_+y;CELL_QP093A-0194_e_-x_+z,true,true,true,true,OPEN_NO_UNIT_MAPPING,OPEN_CONVENTIONAL_ENGINEERING_INPUT,UNEMITTED_CR286_GATE,false,false
CELL_QP093A-0194_GATE_101_TO_010,CELL_QP093A-0194_PAIR_010_101,CELL_QP093A-0194,QP093A-0194,3+8+8,yes,TRIAD_ALLOWED,CELL_QP093A-0194_f_+-+,+-+,101,CELL_QP093A-0194_f_-+-,-+-,010,CELL_QP093A-0194_v_+x;CELL_QP093A-0194_v_+z;CELL_QP093A-0194_v_-y,CELL_QP093A-0194_v_+y;CELL_QP093A-0194_v_-x;CELL_QP093A-0194_v_-z,CELL_QP093A-0194_e_+x_+z;CELL_QP093A-0194_e_+x_-y;CELL_QP093A-0194_e_-y_+z,CELL_QP093A-0194_e_+y_-z;CELL_QP093A-0194_e_-x_+y;CELL_QP093A-0194_e_-x_-z,true,true,true,true,OPEN_NO_UNIT_MAPPING,OPEN_CONVENTIONAL_ENGINEERING_INPUT,UNEMITTED_CR286_GATE,false,false
CELL_QP093A-0194_GATE_110_TO_001,CELL_QP093A-0194_PAIR_001_110,CELL_QP093A-0194,QP093A-0194,3+8+8,yes,TRIAD_ALLOWED,CELL_QP093A-0194_f_++-,++-,110,CELL_QP093A-0194_f_--+,--+,001,CELL_QP093A-0194_v_+x;CELL_QP093A-0194_v_+y;CELL_QP093A-0194_v_-z,CELL_QP093A-0194_v_+z;CELL_QP093A-0194_v_-x;CELL_QP093A-0194_v_-y,CELL_QP093A-0194_e_+x_+y;CELL_QP093A-0194_e_+x_-z;CELL_QP093A-0194_e_+y_-z,CELL_QP093A-0194_e_-x_+z;CELL_QP093A-0194_e_-x_-y;CELL_QP093A-0194_e_-y_+z,true,true,true,true,OPEN_NO_UNIT_MAPPING,OPEN_CONVENTIONAL_ENGINEERING_INPUT,UNEMITTED_CR286_GATE,false,false
CELL_QP093A-0194_GATE_111_TO_000,CELL_QP093A-0194_PAIR_000_111,CELL_QP093A-0194,QP093A-0194,3+8+8,yes,TRIAD_ALLOWED,CELL_QP093A-0194_f_+++,+++,111,CELL_QP093A-0194_f_---,---,000,CELL_QP093A-0194_v_+x;CELL_QP093A-0194_v_+y;CELL_QP093A-0194_v_+z,CELL_QP093A-0194_v_-x;CELL_QP093A-0194_v_-y;CELL_QP093A-0194_v_-z,CELL_QP093A-0194_e_+x_+y;CELL_QP093A-0194_e_+x_+z;CELL_QP093A-0194_e_+y_+z,CELL_QP093A-0194_e_-x_-y;CELL_QP093A-0194_e_-x_-z;CELL_QP093A-0194_e_-y_-z,true,true,true,true,OPEN_NO_UNIT_MAPPING,OPEN_CONVENTIONAL_ENGINEERING_INPUT,UNEMITTED_CR286_GATE,false,false
CELL_QP093A-0195_GATE_000_TO_111,CELL_QP093A-0195_PAIR_000_111,CELL_QP093A-0195,QP093A-0195,3+8+9,yes,TRIAD_ALLOWED,CELL_QP093A-0195_f_---,---,000,CELL_QP093A-0195_f_+++,+++,111,CELL_QP093A-0195_v_-x;CELL_QP093A-0195_v_-y;CELL_QP093A-0195_v_-z,CELL_QP093A-0195_v_+x;CELL_QP093A-0195_v_+y;CELL_QP093A-0195_v_+z,CELL_QP093A-0195_e_-x_-y;CELL_QP093A-0195_e_-x_-z;CELL_QP093A-0195_e_-y_-z,CELL_QP093A-0195_e_+x_+y;CELL_QP093A-0195_e_+x_+z;CELL_QP093A-0195_e_+y_+z,true,true,true,true,OPEN_NO_UNIT_MAPPING,OPEN_CONVENTIONAL_ENGINEERING_INPUT,UNEMITTED_CR286_GATE,false,false
CELL_QP093A-0195_GATE_001_TO_110,CELL_QP093A-0195_PAIR_001_110,CELL_QP093A-0195,QP093A-0195,3+8+9,yes,TRIAD_ALLOWED,CELL_QP093A-0195_f_--+,--+,001,CELL_QP093A-0195_f_++-,++-,110,CELL_QP093A-0195_v_+z;CELL_QP093A-0195_v_-x;CELL_QP093A-0195_v_-y,CELL_QP093A-0195_v_+x;CELL_QP093A-0195_v_+y;CELL_QP093A-0195_v_-z,CELL_QP093A-0195_e_-x_+z;CELL_QP093A-0195_e_-x_-y;CELL_QP093A-0195_e_-y_+z,CELL_QP093A-0195_e_+x_+y;CELL_QP093A-0195_e_+x_-z;CELL_QP093A-0195_e_+y_-z,true,true,true,true,OPEN_NO_UNIT_MAPPING,OPEN_CONVENTIONAL_ENGINEERING_INPUT,UNEMITTED_CR286_GATE,false,false
CELL_QP093A-0195_GATE_010_TO_101,CELL_QP093A-0195_PAIR_010_101,CELL_QP093A-0195,QP093A-0195,3+8+9,yes,TRIAD_ALLOWED,CELL_QP093A-0195_f_-+-,-+-,010,CELL_QP093A-0195_f_+-+,+-+,101,CELL_QP093A-0195_v_+y;CELL_QP093A-0195_v_-x;CELL_QP093A-0195_v_-z,CELL_QP093A-0195_v_+x;CELL_QP093A-0195_v_+z;CELL_QP093A-0195_v_-y,CELL_QP093A-0195_e_+y_-z;CELL_QP093A-0195_e_-x_+y;CELL_QP093A-0195_e_-x_-z,CELL_QP093A-0195_e_+x_+z;CELL_QP093A-0195_e_+x_-y;CELL_QP093A-0195_e_-y_+z,true,true,true,true,OPEN_NO_UNIT_MAPPING,OPEN_CONVENTIONAL_ENGINEERING_INPUT,UNEMITTED_CR286_GATE,false,false
CELL_QP093A-0195_GATE_011_TO_100,CELL_QP093A-0195_PAIR_011_100,CELL_QP093A-0195,QP093A-0195,3+8+9,yes,TRIAD_ALLOWED,CELL_QP093A-0195_f_-++,-++,011,CELL_QP093A-0195_f_+--,+--,100,CELL_QP093A-0195_v_+y;CELL_QP093A-0195_v_+z;CELL_QP093A-0195_v_-x,CELL_QP093A-0195_v_+x;CELL_QP093A-0195_v_-y;CELL_QP093A-0195_v_-z,CELL_QP093A-0195_e_+y_+z;CELL_QP093A-0195_e_-x_+y;CELL_QP093A-0195_e_-x_+z,CELL_QP093A-0195_e_+x_-y;CELL_QP093A-0195_e_+x_-z;CELL_QP093A-0195_e_-y_-z,true,true,true,true,OPEN_NO_UNIT_MAPPING,OPEN_CONVENTIONAL_ENGINEERING_INPUT,UNEMITTED_CR286_GATE,false,false
CELL_QP093A-0195_GATE_100_TO_011,CELL_QP093A-0195_PAIR_011_100,CELL_QP093A-0195,QP093A-0195,3+8+9,yes,TRIAD_ALLOWED,CELL_QP093A-0195_f_+--,+--,100,CELL_QP093A-0195_f_-++,-++,011,CELL_QP093A-0195_v_+x;CELL_QP093A-0195_v_-y;CELL_QP093A-0195_v_-z,CELL_QP093A-0195_v_+y;CELL_QP093A-0195_v_+z;CELL_QP093A-0195_v_-x,CELL_QP093A-0195_e_+x_-y;CELL_QP093A-0195_e_+x_-z;CELL_QP093A-0195_e_-y_-z,CELL_QP093A-0195_e_+y_+z;CELL_QP093A-0195_e_-x_+y;CELL_QP093A-0195_e_-x_+z,true,true,true,true,OPEN_NO_UNIT_MAPPING,OPEN_CONVENTIONAL_ENGINEERING_INPUT,UNEMITTED_CR286_GATE,false,false
CELL_QP093A-0195_GATE_101_TO_010,CELL_QP093A-0195_PAIR_010_101,CELL_QP093A-0195,QP093A-0195,3+8+9,yes,TRIAD_ALLOWED,CELL_QP093A-0195_f_+-+,+-+,101,CELL_QP093A-0195_f_-+-,-+-,010,CELL_QP093A-0195_v_+x;CELL_QP093A-0195_v_+z;CELL_QP093A-0195_v_-y,CELL_QP093A-0195_v_+y;CELL_QP093A-0195_v_-x;CELL_QP093A-0195_v_-z,CELL_QP093A-0195_e_+x_+z;CELL_QP093A-0195_e_+x_-y;CELL_QP093A-0195_e_-y_+z,CELL_QP093A-0195_e_+y_-z;CELL_QP093A-0195_e_-x_+y;CELL_QP093A-0195_e_-x_-z,true,true,true,true,OPEN_NO_UNIT_MAPPING,OPEN_CONVENTIONAL_ENGINEERING_INPUT,UNEMITTED_CR286_GATE,false,false
CELL_QP093A-0195_GATE_110_TO_001,CELL_QP093A-0195_PAIR_001_110,CELL_QP093A-0195,QP093A-0195,3+8+9,yes,TRIAD_ALLOWED,CELL_QP093A-0195_f_++-,++-,110,CELL_QP093A-0195_f_--+,--+,001,CELL_QP093A-0195_v_+x;CELL_QP093A-0195_v_+y;CELL_QP093A-0195_v_-z,CELL_QP093A-0195_v_+z;CELL_QP093A-0195_v_-x;CELL_QP093A-0195_v_-y,CELL_QP093A-0195_e_+x_+y;CELL_QP093A-0195_e_+x_-z;CELL_QP093A-0195_e_+y_-z,CELL_QP093A-0195_e_-x_+z;CELL_QP093A-0195_e_-x_-y;CELL_QP093A-0195_e_-y_+z,true,true,true,true,OPEN_NO_UNIT_MAPPING,OPEN_CONVENTIONAL_ENGINEERING_INPUT,UNEMITTED_CR286_GATE,false,false
CELL_QP093A-0195_GATE_111_TO_000,CELL_QP093A-0195_PAIR_000_111,CELL_QP093A-0195,QP093A-0195,3+8+9,yes,TRIAD_ALLOWED,CELL_QP093A-0195_f_+++,+++,111,CELL_QP093A-0195_f_---,---,000,CELL_QP093A-0195_v_+x;CELL_QP093A-0195_v_+y;CELL_QP093A-0195_v_+z,CELL_QP093A-0195_v_-x;CELL_QP093A-0195_v_-y;CELL_QP093A-0195_v_-z,CELL_QP093A-0195_e_+x_+y;CELL_QP093A-0195_e_+x_+z;CELL_QP093A-0195_e_+y_+z,CELL_QP093A-0195_e_-x_-y;CELL_QP093A-0195_e_-x_-z;CELL_QP093A-0195_e_-y_-z,true,true,true,true,OPEN_NO_UNIT_MAPPING,OPEN_CONVENTIONAL_ENGINEERING_INPUT,UNEMITTED_CR286_GATE,false,false
CELL_QP093A-0196_GATE_000_TO_111,CELL_QP093A-0196_PAIR_000_111,CELL_QP093A-0196,QP093A-0196,3+8+12,yes,TRIAD_ALLOWED,CELL_QP093A-0196_f_---,---,000,CELL_QP093A-0196_f_+++,+++,111,CELL_QP093A-0196_v_-x;CELL_QP093A-0196_v_-y;CELL_QP093A-0196_v_-z,CELL_QP093A-0196_v_+x;CELL_QP093A-0196_v_+y;CELL_QP093A-0196_v_+z,CELL_QP093A-0196_e_-x_-y;CELL_QP093A-0196_e_-x_-z;CELL_QP093A-0196_e_-y_-z,CELL_QP093A-0196_e_+x_+y;CELL_QP093A-0196_e_+x_+z;CELL_QP093A-0196_e_+y_+z,true,true,true,true,OPEN_NO_UNIT_MAPPING,OPEN_CONVENTIONAL_ENGINEERING_INPUT,UNEMITTED_CR286_GATE,false,false
CELL_QP093A-0196_GATE_001_TO_110,CELL_QP093A-0196_PAIR_001_110,CELL_QP093A-0196,QP093A-0196,3+8+12,yes,TRIAD_ALLOWED,CELL_QP093A-0196_f_--+,--+,001,CELL_QP093A-0196_f_++-,++-,110,CELL_QP093A-0196_v_+z;CELL_QP093A-0196_v_-x;CELL_QP093A-0196_v_-y,CELL_QP093A-0196_v_+x;CELL_QP093A-0196_v_+y;CELL_QP093A-0196_v_-z,CELL_QP093A-0196_e_-x_+z;CELL_QP093A-0196_e_-x_-y;CELL_QP093A-0196_e_-y_+z,CELL_QP093A-0196_e_+x_+y;CELL_QP093A-0196_e_+x_-z;CELL_QP093A-0196_e_+y_-z,true,true,true,true,OPEN_NO_UNIT_MAPPING,OPEN_CONVENTIONAL_ENGINEERING_INPUT,UNEMITTED_CR286_GATE,false,false
CELL_QP093A-0196_GATE_010_TO_101,CELL_QP093A-0196_PAIR_010_101,CELL_QP093A-0196,QP093A-0196,3+8+12,yes,TRIAD_ALLOWED,CELL_QP093A-0196_f_-+-,-+-,010,CELL_QP093A-0196_f_+-+,+-+,101,CELL_QP093A-0196_v_+y;CELL_QP093A-0196_v_-x;CELL_QP093A-0196_v_-z,CELL_QP093A-0196_v_+x;CELL_QP093A-0196_v_+z;CELL_QP093A-0196_v_-y,CELL_QP093A-0196_e_+y_-z;CELL_QP093A-0196_e_-x_+y;CELL_QP093A-0196_e_-x_-z,CELL_QP093A-0196_e_+x_+z;CELL_QP093A-0196_e_+x_-y;CELL_QP093A-0196_e_-y_+z,true,true,true,true,OPEN_NO_UNIT_MAPPING,OPEN_CONVENTIONAL_ENGINEERING_INPUT,UNEMITTED_CR286_GATE,false,false
CELL_QP093A-0196_GATE_011_TO_100,CELL_QP093A-0196_PAIR_011_100,CELL_QP093A-0196,QP093A-0196,3+8+12,yes,TRIAD_ALLOWED,CELL_QP093A-0196_f_-++,-++,011,CELL_QP093A-0196_f_+--,+--,100,CELL_QP093A-0196_v_+y;CELL_QP093A-0196_v_+z;CELL_QP093A-0196_v_-x,CELL_QP093A-0196_v_+x;CELL_QP093A-0196_v_-y;CELL_QP093A-0196_v_-z,CELL_QP093A-0196_e_+y_+z;CELL_QP093A-0196_e_-x_+y;CELL_QP093A-0196_e_-x_+z,CELL_QP093A-0196_e_+x_-y;CELL_QP093A-0196_e_+x_-z;CELL_QP093A-0196_e_-y_-z,true,true,true,true,OPEN_NO_UNIT_MAPPING,OPEN_CONVENTIONAL_ENGINEERING_INPUT,UNEMITTED_CR286_GATE,false,false
CELL_QP093A-0196_GATE_100_TO_011,CELL_QP093A-0196_PAIR_011_100,CELL_QP093A-0196,QP093A-0196,3+8+12,yes,TRIAD_ALLOWED,CELL_QP093A-0196_f_+--,+--,100,CELL_QP093A-0196_f_-++,-++,011,CELL_QP093A-0196_v_+x;CELL_QP093A-0196_v_-y;CELL_QP093A-0196_v_-z,CELL_QP093A-0196_v_+y;CELL_QP093A-0196_v_+z;CELL_QP093A-0196_v_-x,CELL_QP093A-0196_e_+x_-y;CELL_QP093A-0196_e_+x_-z;CELL_QP093A-0196_e_-y_-z,CELL_QP093A-0196_e_+y_+z;CELL_QP093A-0196_e_-x_+y;CELL_QP093A-0196_e_-x_+z,true,true,true,true,OPEN_NO_UNIT_MAPPING,OPEN_CONVENTIONAL_ENGINEERING_INPUT,UNEMITTED_CR286_GATE,false,false
CELL_QP093A-0196_GATE_101_TO_010,CELL_QP093A-0196_PAIR_010_101,CELL_QP093A-0196,QP093A-0196,3+8+12,yes,TRIAD_ALLOWED,CELL_QP093A-0196_f_+-+,+-+,101,CELL_QP093A-0196_f_-+-,-+-,010,CELL_QP093A-0196_v_+x;CELL_QP093A-0196_v_+z;CELL_QP093A-0196_v_-y,CELL_QP093A-0196_v_+y;CELL_QP093A-0196_v_-x;CELL_QP093A-0196_v_-z,CELL_QP093A-0196_e_+x_+z;CELL_QP093A-0196_e_+x_-y;CELL_QP093A-0196_e_-y_+z,CELL_QP093A-0196_e_+y_-z;CELL_QP093A-0196_e_-x_+y;CELL_QP093A-0196_e_-x_-z,true,true,true,true,OPEN_NO_UNIT_MAPPING,OPEN_CONVENTIONAL_ENGINEERING_INPUT,UNEMITTED_CR286_GATE,false,false
CELL_QP093A-0196_GATE_110_TO_001,CELL_QP093A-0196_PAIR_001_110,CELL_QP093A-0196,QP093A-0196,3+8+12,yes,TRIAD_ALLOWED,CELL_QP093A-0196_f_++-,++-,110,CELL_QP093A-0196_f_--+,--+,001,CELL_QP093A-0196_v_+x;CELL_QP093A-0196_v_+y;CELL_QP093A-0196_v_-z,CELL_QP093A-0196_v_+z;CELL_QP093A-0196_v_-x;CELL_QP093A-0196_v_-y,CELL_QP093A-0196_e_+x_+y;CELL_QP093A-0196_e_+x_-z;CELL_QP093A-0196_e_+y_-z,CELL_QP093A-0196_e_-x_+z;CELL_QP093A-0196_e_-x_-y;CELL_QP093A-0196_e_-y_+z,true,true,true,true,OPEN_NO_UNIT_MAPPING,OPEN_CONVENTIONAL_ENGINEERING_INPUT,UNEMITTED_CR286_GATE,false,false
CELL_QP093A-0196_GATE_111_TO_000,CELL_QP093A-0196_PAIR_000_111,CELL_QP093A-0196,QP093A-0196,3+8+12,yes,TRIAD_ALLOWED,CELL_QP093A-0196_f_+++,+++,111,CELL_QP093A-0196_f_---,---,000,CELL_QP093A-0196_v_+x;CELL_QP093A-0196_v_+y;CELL_QP093A-0196_v_+z,CELL_QP093A-0196_v_-x;CELL_QP093A-0196_v_-y;CELL_QP093A-0196_v_-z,CELL_QP093A-0196_e_+x_+y;CELL_QP093A-0196_e_+x_+z;CELL_QP093A-0196_e_+y_+z,CELL_QP093A-0196_e_-x_-y;CELL_QP093A-0196_e_-x_-z;CELL_QP093A-0196_e_-y_-z,true,true,true,true,OPEN_NO_UNIT_MAPPING,OPEN_CONVENTIONAL_ENGINEERING_INPUT,UNEMITTED_CR286_GATE,false,false
CELL_QP093A-0197_GATE_000_TO_111,CELL_QP093A-0197_PAIR_000_111,CELL_QP093A-0197,QP093A-0197,3+9+9,yes,TRIAD_ALLOWED,CELL_QP093A-0197_f_---,---,000,CELL_QP093A-0197_f_+++,+++,111,CELL_QP093A-0197_v_-x;CELL_QP093A-0197_v_-y;CELL_QP093A-0197_v_-z,CELL_QP093A-0197_v_+x;CELL_QP093A-0197_v_+y;CELL_QP093A-0197_v_+z,CELL_QP093A-0197_e_-x_-y;CELL_QP093A-0197_e_-x_-z;CELL_QP093A-0197_e_-y_-z,CELL_QP093A-0197_e_+x_+y;CELL_QP093A-0197_e_+x_+z;CELL_QP093A-0197_e_+y_+z,true,true,true,true,OPEN_NO_UNIT_MAPPING,OPEN_CONVENTIONAL_ENGINEERING_INPUT,UNEMITTED_CR286_GATE,false,false
CELL_QP093A-0197_GATE_001_TO_110,CELL_QP093A-0197_PAIR_001_110,CELL_QP093A-0197,QP093A-0197,3+9+9,yes,TRIAD_ALLOWED,CELL_QP093A-0197_f_--+,--+,001,CELL_QP093A-0197_f_++-,++-,110,CELL_QP093A-0197_v_+z;CELL_QP093A-0197_v_-x;CELL_QP093A-0197_v_-y,CELL_QP093A-0197_v_+x;CELL_QP093A-0197_v_+y;CELL_QP093A-0197_v_-z,CELL_QP093A-0197_e_-x_+z;CELL_QP093A-0197_e_-x_-y;CELL_QP093A-0197_e_-y_+z,CELL_QP093A-0197_e_+x_+y;CELL_QP093A-0197_e_+x_-z;CELL_QP093A-0197_e_+y_-z,true,true,true,true,OPEN_NO_UNIT_MAPPING,OPEN_CONVENTIONAL_ENGINEERING_INPUT,UNEMITTED_CR286_GATE,false,false
CELL_QP093A-0197_GATE_010_TO_101,CELL_QP093A-0197_PAIR_010_101,CELL_QP093A-0197,QP093A-0197,3+9+9,yes,TRIAD_ALLOWED,CELL_QP093A-0197_f_-+-,-+-,010,CELL_QP093A-0197_f_+-+,+-+,101,CELL_QP093A-0197_v_+y;CELL_QP093A-0197_v_-x;CELL_QP093A-0197_v_-z,CELL_QP093A-0197_v_+x;CELL_QP093A-0197_v_+z;CELL_QP093A-0197_v_-y,CELL_QP093A-0197_e_+y_-z;CELL_QP093A-0197_e_-x_+y;CELL_QP093A-0197_e_-x_-z,CELL_QP093A-0197_e_+x_+z;CELL_QP093A-0197_e_+x_-y;CELL_QP093A-0197_e_-y_+z,true,true,true,true,OPEN_NO_UNIT_MAPPING,OPEN_CONVENTIONAL_ENGINEERING_INPUT,UNEMITTED_CR286_GATE,false,false
CELL_QP093A-0197_GATE_011_TO_100,CELL_QP093A-0197_PAIR_011_100,CELL_QP093A-0197,QP093A-0197,3+9+9,yes,TRIAD_ALLOWED,CELL_QP093A-0197_f_-++,-++,011,CELL_QP093A-0197_f_+--,+--,100,CELL_QP093A-0197_v_+y;CELL_QP093A-0197_v_+z;CELL_QP093A-0197_v_-x,CELL_QP093A-0197_v_+x;CELL_QP093A-0197_v_-y;CELL_QP093A-0197_v_-z,CELL_QP093A-0197_e_+y_+z;CELL_QP093A-0197_e_-x_+y;CELL_QP093A-0197_e_-x_+z,CELL_QP093A-0197_e_+x_-y;CELL_QP093A-0197_e_+x_-z;CELL_QP093A-0197_e_-y_-z,true,true,true,true,OPEN_NO_UNIT_MAPPING,OPEN_CONVENTIONAL_ENGINEERING_INPUT,UNEMITTED_CR286_GATE,false,false
CELL_QP093A-0197_GATE_100_TO_011,CELL_QP093A-0197_PAIR_011_100,CELL_QP093A-0197,QP093A-0197,3+9+9,yes,TRIAD_ALLOWED,CELL_QP093A-0197_f_+--,+--,100,CELL_QP093A-0197_f_-++,-++,011,CELL_QP093A-0197_v_+x;CELL_QP093A-0197_v_-y;CELL_QP093A-0197_v_-z,CELL_QP093A-0197_v_+y;CELL_QP093A-0197_v_+z;CELL_QP093A-0197_v_-x,CELL_QP093A-0197_e_+x_-y;CELL_QP093A-0197_e_+x_-z;CELL_QP093A-0197_e_-y_-z,CELL_QP093A-0197_e_+y_+z;CELL_QP093A-0197_e_-x_+y;CELL_QP093A-0197_e_-x_+z,true,true,true,true,OPEN_NO_UNIT_MAPPING,OPEN_CONVENTIONAL_ENGINEERING_INPUT,UNEMITTED_CR286_GATE,false,false
CELL_QP093A-0197_GATE_101_TO_010,CELL_QP093A-0197_PAIR_010_101,CELL_QP093A-0197,QP093A-0197,3+9+9,yes,TRIAD_ALLOWED,CELL_QP093A-0197_f_+-+,+-+,101,CELL_QP093A-0197_f_-+-,-+-,010,CELL_QP093A-0197_v_+x;CELL_QP093A-0197_v_+z;CELL_QP093A-0197_v_-y,CELL_QP093A-0197_v_+y;CELL_QP093A-0197_v_-x;CELL_QP093A-0197_v_-z,CELL_QP093A-0197_e_+x_+z;CELL_QP093A-0197_e_+x_-y;CELL_QP093A-0197_e_-y_+z,CELL_QP093A-0197_e_+y_-z;CELL_QP093A-0197_e_-x_+y;CELL_QP093A-0197_e_-x_-z,true,true,true,true,OPEN_NO_UNIT_MAPPING,OPEN_CONVENTIONAL_ENGINEERING_INPUT,UNEMITTED_CR286_GATE,false,false
CELL_QP093A-0197_GATE_110_TO_001,CELL_QP093A-0197_PAIR_001_110,CELL_QP093A-0197,QP093A-0197,3+9+9,yes,TRIAD_ALLOWED,CELL_QP093A-0197_f_++-,++-,110,CELL_QP093A-0197_f_--+,--+,001,CELL_QP093A-0197_v_+x;CELL_QP093A-0197_v_+y;CELL_QP093A-0197_v_-z,CELL_QP093A-0197_v_+z;CELL_QP093A-0197_v_-x;CELL_QP093A-0197_v_-y,CELL_QP093A-0197_e_+x_+y;CELL_QP093A-0197_e_+x_-z;CELL_QP093A-0197_e_+y_-z,CELL_QP093A-0197_e_-x_+z;CELL_QP093A-0197_e_-x_-y;CELL_QP093A-0197_e_-y_+z,true,true,true,true,OPEN_NO_UNIT_MAPPING,OPEN_CONVENTIONAL_ENGINEERING_INPUT,UNEMITTED_CR286_GATE,false,false
CELL_QP093A-0197_GATE_111_TO_000,CELL_QP093A-0197_PAIR_000_111,CELL_QP093A-0197,QP093A-0197,3+9+9,yes,TRIAD_ALLOWED,CELL_QP093A-0197_f_+++,+++,111,CELL_QP093A-0197_f_---,---,000,CELL_QP093A-0197_v_+x;CELL_QP093A-0197_v_+y;CELL_QP093A-0197_v_+z,CELL_QP093A-0197_v_-x;CELL_QP093A-0197_v_-y;CELL_QP093A-0197_v_-z,CELL_QP093A-0197_e_+x_+y;CELL_QP093A-0197_e_+x_+z;CELL_QP093A-0197_e_+y_+z,CELL_QP093A-0197_e_-x_-y;CELL_QP093A-0197_e_-x_-z;CELL_QP093A-0197_e_-y_-z,true,true,true,true,OPEN_NO_UNIT_MAPPING,OPEN_CONVENTIONAL_ENGINEERING_INPUT,UNEMITTED_CR286_GATE,false,false
CELL_QP093A-0198_GATE_000_TO_111,CELL_QP093A-0198_PAIR_000_111,CELL_QP093A-0198,QP093A-0198,3+9+12,yes,TRIAD_ALLOWED,CELL_QP093A-0198_f_---,---,000,CELL_QP093A-0198_f_+++,+++,111,CELL_QP093A-0198_v_-x;CELL_QP093A-0198_v_-y;CELL_QP093A-0198_v_-z,CELL_QP093A-0198_v_+x;CELL_QP093A-0198_v_+y;CELL_QP093A-0198_v_+z,CELL_QP093A-0198_e_-x_-y;CELL_QP093A-0198_e_-x_-z;CELL_QP093A-0198_e_-y_-z,CELL_QP093A-0198_e_+x_+y;CELL_QP093A-0198_e_+x_+z;CELL_QP093A-0198_e_+y_+z,true,true,true,true,OPEN_NO_UNIT_MAPPING,OPEN_CONVENTIONAL_ENGINEERING_INPUT,UNEMITTED_CR286_GATE,false,false
CELL_QP093A-0198_GATE_001_TO_110,CELL_QP093A-0198_PAIR_001_110,CELL_QP093A-0198,QP093A-0198,3+9+12,yes,TRIAD_ALLOWED,CELL_QP093A-0198_f_--+,--+,001,CELL_QP093A-0198_f_++-,++-,110,CELL_QP093A-0198_v_+z;CELL_QP093A-0198_v_-x;CELL_QP093A-0198_v_-y,CELL_QP093A-0198_v_+x;CELL_QP093A-0198_v_+y;CELL_QP093A-0198_v_-z,CELL_QP093A-0198_e_-x_+z;CELL_QP093A-0198_e_-x_-y;CELL_QP093A-0198_e_-y_+z,CELL_QP093A-0198_e_+x_+y;CELL_QP093A-0198_e_+x_-z;CELL_QP093A-0198_e_+y_-z,true,true,true,true,OPEN_NO_UNIT_MAPPING,OPEN_CONVENTIONAL_ENGINEERING_INPUT,UNEMITTED_CR286_GATE,false,false
CELL_QP093A-0198_GATE_010_TO_101,CELL_QP093A-0198_PAIR_010_101,CELL_QP093A-0198,QP093A-0198,3+9+12,yes,TRIAD_ALLOWED,CELL_QP093A-0198_f_-+-,-+-,010,CELL_QP093A-0198_f_+-+,+-+,101,CELL_QP093A-0198_v_+y;CELL_QP093A-0198_v_-x;CELL_QP093A-0198_v_-z,CELL_QP093A-0198_v_+x;CELL_QP093A-0198_v_+z;CELL_QP093A-0198_v_-y,CELL_QP093A-0198_e_+y_-z;CELL_QP093A-0198_e_-x_+y;CELL_QP093A-0198_e_-x_-z,CELL_QP093A-0198_e_+x_+z;CELL_QP093A-0198_e_+x_-y;CELL_QP093A-0198_e_-y_+z,true,true,true,true,OPEN_NO_UNIT_MAPPING,OPEN_CONVENTIONAL_ENGINEERING_INPUT,UNEMITTED_CR286_GATE,false,false
CELL_QP093A-0198_GATE_011_TO_100,CELL_QP093A-0198_PAIR_011_100,CELL_QP093A-0198,QP093A-0198,3+9+12,yes,TRIAD_ALLOWED,CELL_QP093A-0198_f_-++,-++,011,CELL_QP093A-0198_f_+--,+--,100,CELL_QP093A-0198_v_+y;CELL_QP093A-0198_v_+z;CELL_QP093A-0198_v_-x,CELL_QP093A-0198_v_+x;CELL_QP093A-0198_v_-y;CELL_QP093A-0198_v_-z,CELL_QP093A-0198_e_+y_+z;CELL_QP093A-0198_e_-x_+y;CELL_QP093A-0198_e_-x_+z,CELL_QP093A-0198_e_+x_-y;CELL_QP093A-0198_e_+x_-z;CELL_QP093A-0198_e_-y_-z,true,true,true,true,OPEN_NO_UNIT_MAPPING,OPEN_CONVENTIONAL_ENGINEERING_INPUT,UNEMITTED_CR286_GATE,false,false
CELL_QP093A-0198_GATE_100_TO_011,CELL_QP093A-0198_PAIR_011_100,CELL_QP093A-0198,QP093A-0198,3+9+12,yes,TRIAD_ALLOWED,CELL_QP093A-0198_f_+--,+--,100,CELL_QP093A-0198_f_-++,-++,011,CELL_QP093A-0198_v_+x;CELL_QP093A-0198_v_-y;CELL_QP093A-0198_v_-z,CELL_QP093A-0198_v_+y;CELL_QP093A-0198_v_+z;CELL_QP093A-0198_v_-x,CELL_QP093A-0198_e_+x_-y;CELL_QP093A-0198_e_+x_-z;CELL_QP093A-0198_e_-y_-z,CELL_QP093A-0198_e_+y_+z;CELL_QP093A-0198_e_-x_+y;CELL_QP093A-0198_e_-x_+z,true,true,true,true,OPEN_NO_UNIT_MAPPING,OPEN_CONVENTIONAL_ENGINEERING_INPUT,UNEMITTED_CR286_GATE,false,false
CELL_QP093A-0198_GATE_101_TO_010,CELL_QP093A-0198_PAIR_010_101,CELL_QP093A-0198,QP093A-0198,3+9+12,yes,TRIAD_ALLOWED,CELL_QP093A-0198_f_+-+,+-+,101,CELL_QP093A-0198_f_-+-,-+-,010,CELL_QP093A-0198_v_+x;CELL_QP093A-0198_v_+z;CELL_QP093A-0198_v_-y,CELL_QP093A-0198_v_+y;CELL_QP093A-0198_v_-x;CELL_QP093A-0198_v_-z,CELL_QP093A-0198_e_+x_+z;CELL_QP093A-0198_e_+x_-y;CELL_QP093A-0198_e_-y_+z,CELL_QP093A-0198_e_+y_-z;CELL_QP093A-0198_e_-x_+y;CELL_QP093A-0198_e_-x_-z,true,true,true,true,OPEN_NO_UNIT_MAPPING,OPEN_CONVENTIONAL_ENGINEERING_INPUT,UNEMITTED_CR286_GATE,false,false
CELL_QP093A-0198_GATE_110_TO_001,CELL_QP093A-0198_PAIR_001_110,CELL_QP093A-0198,QP093A-0198,3+9+12,yes,TRIAD_ALLOWED,CELL_QP093A-0198_f_++-,++-,110,CELL_QP093A-0198_f_--+,--+,001,CELL_QP093A-0198_v_+x;CELL_QP093A-0198_v_+y;CELL_QP093A-0198_v_-z,CELL_QP093A-0198_v_+z;CELL_QP093A-0198_v_-x;CELL_QP093A-0198_v_-y,CELL_QP093A-0198_e_+x_+y;CELL_QP093A-0198_e_+x_-z;CELL_QP093A-0198_e_+y_-z,CELL_QP093A-0198_e_-x_+z;CELL_QP093A-0198_e_-x_-y;CELL_QP093A-0198_e_-y_+z,true,true,true,true,OPEN_NO_UNIT_MAPPING,OPEN_CONVENTIONAL_ENGINEERING_INPUT,UNEMITTED_CR286_GATE,false,false
CELL_QP093A-0198_GATE_111_TO_000,CELL_QP093A-0198_PAIR_000_111,CELL_QP093A-0198,QP093A-0198,3+9+12,yes,TRIAD_ALLOWED,CELL_QP093A-0198_f_+++,+++,111,CELL_QP093A-0198_f_---,---,000,CELL_QP093A-0198_v_+x;CELL_QP093A-0198_v_+y;CELL_QP093A-0198_v_+z,CELL_QP093A-0198_v_-x;CELL_QP093A-0198_v_-y;CELL_QP093A-0198_v_-z,CELL_QP093A-0198_e_+x_+y;CELL_QP093A-0198_e_+x_+z;CELL_QP093A-0198_e_+y_+z,CELL_QP093A-0198_e_-x_-y;CELL_QP093A-0198_e_-x_-z;CELL_QP093A-0198_e_-y_-z,true,true,true,true,OPEN_NO_UNIT_MAPPING,OPEN_CONVENTIONAL_ENGINEERING_INPUT,UNEMITTED_CR286_GATE,false,false
CELL_QP093A-0199_GATE_000_TO_111,CELL_QP093A-0199_PAIR_000_111,CELL_QP093A-0199,QP093A-0199,3+12+12,yes,TRIAD_ALLOWED,CELL_QP093A-0199_f_---,---,000,CELL_QP093A-0199_f_+++,+++,111,CELL_QP093A-0199_v_-x;CELL_QP093A-0199_v_-y;CELL_QP093A-0199_v_-z,CELL_QP093A-0199_v_+x;CELL_QP093A-0199_v_+y;CELL_QP093A-0199_v_+z,CELL_QP093A-0199_e_-x_-y;CELL_QP093A-0199_e_-x_-z;CELL_QP093A-0199_e_-y_-z,CELL_QP093A-0199_e_+x_+y;CELL_QP093A-0199_e_+x_+z;CELL_QP093A-0199_e_+y_+z,true,true,true,true,OPEN_NO_UNIT_MAPPING,OPEN_CONVENTIONAL_ENGINEERING_INPUT,UNEMITTED_CR286_GATE,false,false
CELL_QP093A-0199_GATE_001_TO_110,CELL_QP093A-0199_PAIR_001_110,CELL_QP093A-0199,QP093A-0199,3+12+12,yes,TRIAD_ALLOWED,CELL_QP093A-0199_f_--+,--+,001,CELL_QP093A-0199_f_++-,++-,110,CELL_QP093A-0199_v_+z;CELL_QP093A-0199_v_-x;CELL_QP093A-0199_v_-y,CELL_QP093A-0199_v_+x;CELL_QP093A-0199_v_+y;CELL_QP093A-0199_v_-z,CELL_QP093A-0199_e_-x_+z;CELL_QP093A-0199_e_-x_-y;CELL_QP093A-0199_e_-y_+z,CELL_QP093A-0199_e_+x_+y;CELL_QP093A-0199_e_+x_-z;CELL_QP093A-0199_e_+y_-z,true,true,true,true,OPEN_NO_UNIT_MAPPING,OPEN_CONVENTIONAL_ENGINEERING_INPUT,UNEMITTED_CR286_GATE,false,false
CELL_QP093A-0199_GATE_010_TO_101,CELL_QP093A-0199_PAIR_010_101,CELL_QP093A-0199,QP093A-0199,3+12+12,yes,TRIAD_ALLOWED,CELL_QP093A-0199_f_-+-,-+-,010,CELL_QP093A-0199_f_+-+,+-+,101,CELL_QP093A-0199_v_+y;CELL_QP093A-0199_v_-x;CELL_QP093A-0199_v_-z,CELL_QP093A-0199_v_+x;CELL_QP093A-0199_v_+z;CELL_QP093A-0199_v_-y,CELL_QP093A-0199_e_+y_-z;CELL_QP093A-0199_e_-x_+y;CELL_QP093A-0199_e_-x_-z,CELL_QP093A-0199_e_+x_+z;CELL_QP093A-0199_e_+x_-y;CELL_QP093A-0199_e_-y_+z,true,true,true,true,OPEN_NO_UNIT_MAPPING,OPEN_CONVENTIONAL_ENGINEERING_INPUT,UNEMITTED_CR286_GATE,false,false
CELL_QP093A-0199_GATE_011_TO_100,CELL_QP093A-0199_PAIR_011_100,CELL_QP093A-0199,QP093A-0199,3+12+12,yes,TRIAD_ALLOWED,CELL_QP093A-0199_f_-++,-++,011,CELL_QP093A-0199_f_+--,+--,100,CELL_QP093A-0199_v_+y;CELL_QP093A-0199_v_+z;CELL_QP093A-0199_v_-x,CELL_QP093A-0199_v_+x;CELL_QP093A-0199_v_-y;CELL_QP093A-0199_v_-z,CELL_QP093A-0199_e_+y_+z;CELL_QP093A-0199_e_-x_+y;CELL_QP093A-0199_e_-x_+z,CELL_QP093A-0199_e_+x_-y;CELL_QP093A-0199_e_+x_-z;CELL_QP093A-0199_e_-y_-z,true,true,true,true,OPEN_NO_UNIT_MAPPING,OPEN_CONVENTIONAL_ENGINEERING_INPUT,UNEMITTED_CR286_GATE,false,false
CELL_QP093A-0199_GATE_100_TO_011,CELL_QP093A-0199_PAIR_011_100,CELL_QP093A-0199,QP093A-0199,3+12+12,yes,TRIAD_ALLOWED,CELL_QP093A-0199_f_+--,+--,100,CELL_QP093A-0199_f_-++,-++,011,CELL_QP093A-0199_v_+x;CELL_QP093A-0199_v_-y;CELL_QP093A-0199_v_-z,CELL_QP093A-0199_v_+y;CELL_QP093A-0199_v_+z;CELL_QP093A-0199_v_-x,CELL_QP093A-0199_e_+x_-y;CELL_QP093A-0199_e_+x_-z;CELL_QP093A-0199_e_-y_-z,CELL_QP093A-0199_e_+y_+z;CELL_QP093A-0199_e_-x_+y;CELL_QP093A-0199_e_-x_+z,true,true,true,true,OPEN_NO_UNIT_MAPPING,OPEN_CONVENTIONAL_ENGINEERING_INPUT,UNEMITTED_CR286_GATE,false,false
CELL_QP093A-0199_GATE_101_TO_010,CELL_QP093A-0199_PAIR_010_101,CELL_QP093A-0199,QP093A-0199,3+12+12,yes,TRIAD_ALLOWED,CELL_QP093A-0199_f_+-+,+-+,101,CELL_QP093A-0199_f_-+-,-+-,010,CELL_QP093A-0199_v_+x;CELL_QP093A-0199_v_+z;CELL_QP093A-0199_v_-y,CELL_QP093A-0199_v_+y;CELL_QP093A-0199_v_-x;CELL_QP093A-0199_v_-z,CELL_QP093A-0199_e_+x_+z;CELL_QP093A-0199_e_+x_-y;CELL_QP093A-0199_e_-y_+z,CELL_QP093A-0199_e_+y_-z;CELL_QP093A-0199_e_-x_+y;CELL_QP093A-0199_e_-x_-z,true,true,true,true,OPEN_NO_UNIT_MAPPING,OPEN_CONVENTIONAL_ENGINEERING_INPUT,UNEMITTED_CR286_GATE,false,false
CELL_QP093A-0199_GATE_110_TO_001,CELL_QP093A-0199_PAIR_001_110,CELL_QP093A-0199,QP093A-0199,3+12+12,yes,TRIAD_ALLOWED,CELL_QP093A-0199_f_++-,++-,110,CELL_QP093A-0199_f_--+,--+,001,CELL_QP093A-0199_v_+x;CELL_QP093A-0199_v_+y;CELL_QP093A-0199_v_-z,CELL_QP093A-0199_v_+z;CELL_QP093A-0199_v_-x;CELL_QP093A-0199_v_-y,CELL_QP093A-0199_e_+x_+y;CELL_QP093A-0199_e_+x_-z;CELL_QP093A-0199_e_+y_-z,CELL_QP093A-0199_e_-x_+z;CELL_QP093A-0199_e_-x_-y;CELL_QP093A-0199_e_-y_+z,true,true,true,true,OPEN_NO_UNIT_MAPPING,OPEN_CONVENTIONAL_ENGINEERING_INPUT,UNEMITTED_CR286_GATE,false,false
CELL_QP093A-0199_GATE_111_TO_000,CELL_QP093A-0199_PAIR_000_111,CELL_QP093A-0199,QP093A-0199,3+12+12,yes,TRIAD_ALLOWED,CELL_QP093A-0199_f_+++,+++,111,CELL_QP093A-0199_f_---,---,000,CELL_QP093A-0199_v_+x;CELL_QP093A-0199_v_+y;CELL_QP093A-0199_v_+z,CELL_QP093A-0199_v_-x;CELL_QP093A-0199_v_-y;CELL_QP093A-0199_v_-z,CELL_QP093A-0199_e_+x_+y;CELL_QP093A-0199_e_+x_+z;CELL_QP093A-0199_e_+y_+z,CELL_QP093A-0199_e_-x_-y;CELL_QP093A-0199_e_-x_-z;CELL_QP093A-0199_e_-y_-z,true,true,true,true,OPEN_NO_UNIT_MAPPING,OPEN_CONVENTIONAL_ENGINEERING_INPUT,UNEMITTED_CR286_GATE,false,false
CELL_QP093A-0200_GATE_000_TO_111,CELL_QP093A-0200_PAIR_000_111,CELL_QP093A-0200,QP093A-0200,4+4+4,yes,TRIAD_ALLOWED,CELL_QP093A-0200_f_---,---,000,CELL_QP093A-0200_f_+++,+++,111,CELL_QP093A-0200_v_-x;CELL_QP093A-0200_v_-y;CELL_QP093A-0200_v_-z,CELL_QP093A-0200_v_+x;CELL_QP093A-0200_v_+y;CELL_QP093A-0200_v_+z,CELL_QP093A-0200_e_-x_-y;CELL_QP093A-0200_e_-x_-z;CELL_QP093A-0200_e_-y_-z,CELL_QP093A-0200_e_+x_+y;CELL_QP093A-0200_e_+x_+z;CELL_QP093A-0200_e_+y_+z,true,true,true,true,OPEN_NO_UNIT_MAPPING,OPEN_CONVENTIONAL_ENGINEERING_INPUT,UNEMITTED_CR286_GATE,false,false
CELL_QP093A-0200_GATE_001_TO_110,CELL_QP093A-0200_PAIR_001_110,CELL_QP093A-0200,QP093A-0200,4+4+4,yes,TRIAD_ALLOWED,CELL_QP093A-0200_f_--+,--+,001,CELL_QP093A-0200_f_++-,++-,110,CELL_QP093A-0200_v_+z;CELL_QP093A-0200_v_-x;CELL_QP093A-0200_v_-y,CELL_QP093A-0200_v_+x;CELL_QP093A-0200_v_+y;CELL_QP093A-0200_v_-z,CELL_QP093A-0200_e_-x_+z;CELL_QP093A-0200_e_-x_-y;CELL_QP093A-0200_e_-y_+z,CELL_QP093A-0200_e_+x_+y;CELL_QP093A-0200_e_+x_-z;CELL_QP093A-0200_e_+y_-z,true,true,true,true,OPEN_NO_UNIT_MAPPING,OPEN_CONVENTIONAL_ENGINEERING_INPUT,UNEMITTED_CR286_GATE,false,false
CELL_QP093A-0200_GATE_010_TO_101,CELL_QP093A-0200_PAIR_010_101,CELL_QP093A-0200,QP093A-0200,4+4+4,yes,TRIAD_ALLOWED,CELL_QP093A-0200_f_-+-,-+-,010,CELL_QP093A-0200_f_+-+,+-+,101,CELL_QP093A-0200_v_+y;CELL_QP093A-0200_v_-x;CELL_QP093A-0200_v_-z,CELL_QP093A-0200_v_+x;CELL_QP093A-0200_v_+z;CELL_QP093A-0200_v_-y,CELL_QP093A-0200_e_+y_-z;CELL_QP093A-0200_e_-x_+y;CELL_QP093A-0200_e_-x_-z,CELL_QP093A-0200_e_+x_+z;CELL_QP093A-0200_e_+x_-y;CELL_QP093A-0200_e_-y_+z,true,true,true,true,OPEN_NO_UNIT_MAPPING,OPEN_CONVENTIONAL_ENGINEERING_INPUT,UNEMITTED_CR286_GATE,false,false
CELL_QP093A-0200_GATE_011_TO_100,CELL_QP093A-0200_PAIR_011_100,CELL_QP093A-0200,QP093A-0200,4+4+4,yes,TRIAD_ALLOWED,CELL_QP093A-0200_f_-++,-++,011,CELL_QP093A-0200_f_+--,+--,100,CELL_QP093A-0200_v_+y;CELL_QP093A-0200_v_+z;CELL_QP093A-0200_v_-x,CELL_QP093A-0200_v_+x;CELL_QP093A-0200_v_-y;CELL_QP093A-0200_v_-z,CELL_QP093A-0200_e_+y_+z;CELL_QP093A-0200_e_-x_+y;CELL_QP093A-0200_e_-x_+z,CELL_QP093A-0200_e_+x_-y;CELL_QP093A-0200_e_+x_-z;CELL_QP093A-0200_e_-y_-z,true,true,true,true,OPEN_NO_UNIT_MAPPING,OPEN_CONVENTIONAL_ENGINEERING_INPUT,UNEMITTED_CR286_GATE,false,false
CELL_QP093A-0200_GATE_100_TO_011,CELL_QP093A-0200_PAIR_011_100,CELL_QP093A-0200,QP093A-0200,4+4+4,yes,TRIAD_ALLOWED,CELL_QP093A-0200_f_+--,+--,100,CELL_QP093A-0200_f_-++,-++,011,CELL_QP093A-0200_v_+x;CELL_QP093A-0200_v_-y;CELL_QP093A-0200_v_-z,CELL_QP093A-0200_v_+y;CELL_QP093A-0200_v_+z;CELL_QP093A-0200_v_-x,CELL_QP093A-0200_e_+x_-y;CELL_QP093A-0200_e_+x_-z;CELL_QP093A-0200_e_-y_-z,CELL_QP093A-0200_e_+y_+z;CELL_QP093A-0200_e_-x_+y;CELL_QP093A-0200_e_-x_+z,true,true,true,true,OPEN_NO_UNIT_MAPPING,OPEN_CONVENTIONAL_ENGINEERING_INPUT,UNEMITTED_CR286_GATE,false,false
CELL_QP093A-0200_GATE_101_TO_010,CELL_QP093A-0200_PAIR_010_101,CELL_QP093A-0200,QP093A-0200,4+4+4,yes,TRIAD_ALLOWED,CELL_QP093A-0200_f_+-+,+-+,101,CELL_QP093A-0200_f_-+-,-+-,010,CELL_QP093A-0200_v_+x;CELL_QP093A-0200_v_+z;CELL_QP093A-0200_v_-y,CELL_QP093A-0200_v_+y;CELL_QP093A-0200_v_-x;CELL_QP093A-0200_v_-z,CELL_QP093A-0200_e_+x_+z;CELL_QP093A-0200_e_+x_-y;CELL_QP093A-0200_e_-y_+z,CELL_QP093A-0200_e_+y_-z;CELL_QP093A-0200_e_-x_+y;CELL_QP093A-0200_e_-x_-z,true,true,true,true,OPEN_NO_UNIT_MAPPING,OPEN_CONVENTIONAL_ENGINEERING_INPUT,UNEMITTED_CR286_GATE,false,false
CELL_QP093A-0200_GATE_110_TO_001,CELL_QP093A-0200_PAIR_001_110,CELL_QP093A-0200,QP093A-0200,4+4+4,yes,TRIAD_ALLOWED,CELL_QP093A-0200_f_++-,++-,110,CELL_QP093A-0200_f_--+,--+,001,CELL_QP093A-0200_v_+x;CELL_QP093A-0200_v_+y;CELL_QP093A-0200_v_-z,CELL_QP093A-0200_v_+z;CELL_QP093A-0200_v_-x;CELL_QP093A-0200_v_-y,CELL_QP093A-0200_e_+x_+y;CELL_QP093A-0200_e_+x_-z;CELL_QP093A-0200_e_+y_-z,CELL_QP093A-0200_e_-x_+z;CELL_QP093A-0200_e_-x_-y;CELL_QP093A-0200_e_-y_+z,true,true,true,true,OPEN_NO_UNIT_MAPPING,OPEN_CONVENTIONAL_ENGINEERING_INPUT,UNEMITTED_CR286_GATE,false,false
CELL_QP093A-0200_GATE_111_TO_000,CELL_QP093A-0200_PAIR_000_111,CELL_QP093A-0200,QP093A-0200,4+4+4,yes,TRIAD_ALLOWED,CELL_QP093A-0200_f_+++,+++,111,CELL_QP093A-0200_f_---,---,000,CELL_QP093A-0200_v_+x;CELL_QP093A-0200_v_+y;CELL_QP093A-0200_v_+z,CELL_QP093A-0200_v_-x;CELL_QP093A-0200_v_-y;CELL_QP093A-0200_v_-z,CELL_QP093A-0200_e_+x_+y;CELL_QP093A-0200_e_+x_+z;CELL_QP093A-0200_e_+y_+z,CELL_QP093A-0200_e_-x_-y;CELL_QP093A-0200_e_-x_-z;CELL_QP093A-0200_e_-y_-z,true,true,true,true,OPEN_NO_UNIT_MAPPING,OPEN_CONVENTIONAL_ENGINEERING_INPUT,UNEMITTED_CR286_GATE,false,false
CELL_QP093A-0201_GATE_000_TO_111,CELL_QP093A-0201_PAIR_000_111,CELL_QP093A-0201,QP093A-0201,4+4+6,yes,TRIAD_ALLOWED,CELL_QP093A-0201_f_---,---,000,CELL_QP093A-0201_f_+++,+++,111,CELL_QP093A-0201_v_-x;CELL_QP093A-0201_v_-y;CELL_QP093A-0201_v_-z,CELL_QP093A-0201_v_+x;CELL_QP093A-0201_v_+y;CELL_QP093A-0201_v_+z,CELL_QP093A-0201_e_-x_-y;CELL_QP093A-0201_e_-x_-z;CELL_QP093A-0201_e_-y_-z,CELL_QP093A-0201_e_+x_+y;CELL_QP093A-0201_e_+x_+z;CELL_QP093A-0201_e_+y_+z,true,true,true,true,OPEN_NO_UNIT_MAPPING,OPEN_CONVENTIONAL_ENGINEERING_INPUT,UNEMITTED_CR286_GATE,false,false
CELL_QP093A-0201_GATE_001_TO_110,CELL_QP093A-0201_PAIR_001_110,CELL_QP093A-0201,QP093A-0201,4+4+6,yes,TRIAD_ALLOWED,CELL_QP093A-0201_f_--+,--+,001,CELL_QP093A-0201_f_++-,++-,110,CELL_QP093A-0201_v_+z;CELL_QP093A-0201_v_-x;CELL_QP093A-0201_v_-y,CELL_QP093A-0201_v_+x;CELL_QP093A-0201_v_+y;CELL_QP093A-0201_v_-z,CELL_QP093A-0201_e_-x_+z;CELL_QP093A-0201_e_-x_-y;CELL_QP093A-0201_e_-y_+z,CELL_QP093A-0201_e_+x_+y;CELL_QP093A-0201_e_+x_-z;CELL_QP093A-0201_e_+y_-z,true,true,true,true,OPEN_NO_UNIT_MAPPING,OPEN_CONVENTIONAL_ENGINEERING_INPUT,UNEMITTED_CR286_GATE,false,false
CELL_QP093A-0201_GATE_010_TO_101,CELL_QP093A-0201_PAIR_010_101,CELL_QP093A-0201,QP093A-0201,4+4+6,yes,TRIAD_ALLOWED,CELL_QP093A-0201_f_-+-,-+-,010,CELL_QP093A-0201_f_+-+,+-+,101,CELL_QP093A-0201_v_+y;CELL_QP093A-0201_v_-x;CELL_QP093A-0201_v_-z,CELL_QP093A-0201_v_+x;CELL_QP093A-0201_v_+z;CELL_QP093A-0201_v_-y,CELL_QP093A-0201_e_+y_-z;CELL_QP093A-0201_e_-x_+y;CELL_QP093A-0201_e_-x_-z,CELL_QP093A-0201_e_+x_+z;CELL_QP093A-0201_e_+x_-y;CELL_QP093A-0201_e_-y_+z,true,true,true,true,OPEN_NO_UNIT_MAPPING,OPEN_CONVENTIONAL_ENGINEERING_INPUT,UNEMITTED_CR286_GATE,false,false
CELL_QP093A-0201_GATE_011_TO_100,CELL_QP093A-0201_PAIR_011_100,CELL_QP093A-0201,QP093A-0201,4+4+6,yes,TRIAD_ALLOWED,CELL_QP093A-0201_f_-++,-++,011,CELL_QP093A-0201_f_+--,+--,100,CELL_QP093A-0201_v_+y;CELL_QP093A-0201_v_+z;CELL_QP093A-0201_v_-x,CELL_QP093A-0201_v_+x;CELL_QP093A-0201_v_-y;CELL_QP093A-0201_v_-z,CELL_QP093A-0201_e_+y_+z;CELL_QP093A-0201_e_-x_+y;CELL_QP093A-0201_e_-x_+z,CELL_QP093A-0201_e_+x_-y;CELL_QP093A-0201_e_+x_-z;CELL_QP093A-0201_e_-y_-z,true,true,true,true,OPEN_NO_UNIT_MAPPING,OPEN_CONVENTIONAL_ENGINEERING_INPUT,UNEMITTED_CR286_GATE,false,false
CELL_QP093A-0201_GATE_100_TO_011,CELL_QP093A-0201_PAIR_011_100,CELL_QP093A-0201,QP093A-0201,4+4+6,yes,TRIAD_ALLOWED,CELL_QP093A-0201_f_+--,+--,100,CELL_QP093A-0201_f_-++,-++,011,CELL_QP093A-0201_v_+x;CELL_QP093A-0201_v_-y;CELL_QP093A-0201_v_-z,CELL_QP093A-0201_v_+y;CELL_QP093A-0201_v_+z;CELL_QP093A-0201_v_-x,CELL_QP093A-0201_e_+x_-y;CELL_QP093A-0201_e_+x_-z;CELL_QP093A-0201_e_-y_-z,CELL_QP093A-0201_e_+y_+z;CELL_QP093A-0201_e_-x_+y;CELL_QP093A-0201_e_-x_+z,true,true,true,true,OPEN_NO_UNIT_MAPPING,OPEN_CONVENTIONAL_ENGINEERING_INPUT,UNEMITTED_CR286_GATE,false,false
CELL_QP093A-0201_GATE_101_TO_010,CELL_QP093A-0201_PAIR_010_101,CELL_QP093A-0201,QP093A-0201,4+4+6,yes,TRIAD_ALLOWED,CELL_QP093A-0201_f_+-+,+-+,101,CELL_QP093A-0201_f_-+-,-+-,010,CELL_QP093A-0201_v_+x;CELL_QP093A-0201_v_+z;CELL_QP093A-0201_v_-y,CELL_QP093A-0201_v_+y;CELL_QP093A-0201_v_-x;CELL_QP093A-0201_v_-z,CELL_QP093A-0201_e_+x_+z;CELL_QP093A-0201_e_+x_-y;CELL_QP093A-0201_e_-y_+z,CELL_QP093A-0201_e_+y_-z;CELL_QP093A-0201_e_-x_+y;CELL_QP093A-0201_e_-x_-z,true,true,true,true,OPEN_NO_UNIT_MAPPING,OPEN_CONVENTIONAL_ENGINEERING_INPUT,UNEMITTED_CR286_GATE,false,false
CELL_QP093A-0201_GATE_110_TO_001,CELL_QP093A-0201_PAIR_001_110,CELL_QP093A-0201,QP093A-0201,4+4+6,yes,TRIAD_ALLOWED,CELL_QP093A-0201_f_++-,++-,110,CELL_QP093A-0201_f_--+,--+,001,CELL_QP093A-0201_v_+x;CELL_QP093A-0201_v_+y;CELL_QP093A-0201_v_-z,CELL_QP093A-0201_v_+z;CELL_QP093A-0201_v_-x;CELL_QP093A-0201_v_-y,CELL_QP093A-0201_e_+x_+y;CELL_QP093A-0201_e_+x_-z;CELL_QP093A-0201_e_+y_-z,CELL_QP093A-0201_e_-x_+z;CELL_QP093A-0201_e_-x_-y;CELL_QP093A-0201_e_-y_+z,true,true,true,true,OPEN_NO_UNIT_MAPPING,OPEN_CONVENTIONAL_ENGINEERING_INPUT,UNEMITTED_CR286_GATE,false,false
CELL_QP093A-0201_GATE_111_TO_000,CELL_QP093A-0201_PAIR_000_111,CELL_QP093A-0201,QP093A-0201,4+4+6,yes,TRIAD_ALLOWED,CELL_QP093A-0201_f_+++,+++,111,CELL_QP093A-0201_f_---,---,000,CELL_QP093A-0201_v_+x;CELL_QP093A-0201_v_+y;CELL_QP093A-0201_v_+z,CELL_QP093A-0201_v_-x;CELL_QP093A-0201_v_-y;CELL_QP093A-0201_v_-z,CELL_QP093A-0201_e_+x_+y;CELL_QP093A-0201_e_+x_+z;CELL_QP093A-0201_e_+y_+z,CELL_QP093A-0201_e_-x_-y;CELL_QP093A-0201_e_-x_-z;CELL_QP093A-0201_e_-y_-z,true,true,true,true,OPEN_NO_UNIT_MAPPING,OPEN_CONVENTIONAL_ENGINEERING_INPUT,UNEMITTED_CR286_GATE,false,false
CELL_QP093A-0202_GATE_000_TO_111,CELL_QP093A-0202_PAIR_000_111,CELL_QP093A-0202,QP093A-0202,4+4+8,yes,TRIAD_ALLOWED,CELL_QP093A-0202_f_---,---,000,CELL_QP093A-0202_f_+++,+++,111,CELL_QP093A-0202_v_-x;CELL_QP093A-0202_v_-y;CELL_QP093A-0202_v_-z,CELL_QP093A-0202_v_+x;CELL_QP093A-0202_v_+y;CELL_QP093A-0202_v_+z,CELL_QP093A-0202_e_-x_-y;CELL_QP093A-0202_e_-x_-z;CELL_QP093A-0202_e_-y_-z,CELL_QP093A-0202_e_+x_+y;CELL_QP093A-0202_e_+x_+z;CELL_QP093A-0202_e_+y_+z,true,true,true,true,OPEN_NO_UNIT_MAPPING,OPEN_CONVENTIONAL_ENGINEERING_INPUT,UNEMITTED_CR286_GATE,false,false
CELL_QP093A-0202_GATE_001_TO_110,CELL_QP093A-0202_PAIR_001_110,CELL_QP093A-0202,QP093A-0202,4+4+8,yes,TRIAD_ALLOWED,CELL_QP093A-0202_f_--+,--+,001,CELL_QP093A-0202_f_++-,++-,110,CELL_QP093A-0202_v_+z;CELL_QP093A-0202_v_-x;CELL_QP093A-0202_v_-y,CELL_QP093A-0202_v_+x;CELL_QP093A-0202_v_+y;CELL_QP093A-0202_v_-z,CELL_QP093A-0202_e_-x_+z;CELL_QP093A-0202_e_-x_-y;CELL_QP093A-0202_e_-y_+z,CELL_QP093A-0202_e_+x_+y;CELL_QP093A-0202_e_+x_-z;CELL_QP093A-0202_e_+y_-z,true,true,true,true,OPEN_NO_UNIT_MAPPING,OPEN_CONVENTIONAL_ENGINEERING_INPUT,UNEMITTED_CR286_GATE,false,false
CELL_QP093A-0202_GATE_010_TO_101,CELL_QP093A-0202_PAIR_010_101,CELL_QP093A-0202,QP093A-0202,4+4+8,yes,TRIAD_ALLOWED,CELL_QP093A-0202_f_-+-,-+-,010,CELL_QP093A-0202_f_+-+,+-+,101,CELL_QP093A-0202_v_+y;CELL_QP093A-0202_v_-x;CELL_QP093A-0202_v_-z,CELL_QP093A-0202_v_+x;CELL_QP093A-0202_v_+z;CELL_QP093A-0202_v_-y,CELL_QP093A-0202_e_+y_-z;CELL_QP093A-0202_e_-x_+y;CELL_QP093A-0202_e_-x_-z,CELL_QP093A-0202_e_+x_+z;CELL_QP093A-0202_e_+x_-y;CELL_QP093A-0202_e_-y_+z,true,true,true,true,OPEN_NO_UNIT_MAPPING,OPEN_CONVENTIONAL_ENGINEERING_INPUT,UNEMITTED_CR286_GATE,false,false
CELL_QP093A-0202_GATE_011_TO_100,CELL_QP093A-0202_PAIR_011_100,CELL_QP093A-0202,QP093A-0202,4+4+8,yes,TRIAD_ALLOWED,CELL_QP093A-0202_f_-++,-++,011,CELL_QP093A-0202_f_+--,+--,100,CELL_QP093A-0202_v_+y;CELL_QP093A-0202_v_+z;CELL_QP093A-0202_v_-x,CELL_QP093A-0202_v_+x;CELL_QP093A-0202_v_-y;CELL_QP093A-0202_v_-z,CELL_QP093A-0202_e_+y_+z;CELL_QP093A-0202_e_-x_+y;CELL_QP093A-0202_e_-x_+z,CELL_QP093A-0202_e_+x_-y;CELL_QP093A-0202_e_+x_-z;CELL_QP093A-0202_e_-y_-z,true,true,true,true,OPEN_NO_UNIT_MAPPING,OPEN_CONVENTIONAL_ENGINEERING_INPUT,UNEMITTED_CR286_GATE,false,false
CELL_QP093A-0202_GATE_100_TO_011,CELL_QP093A-0202_PAIR_011_100,CELL_QP093A-0202,QP093A-0202,4+4+8,yes,TRIAD_ALLOWED,CELL_QP093A-0202_f_+--,+--,100,CELL_QP093A-0202_f_-++,-++,011,CELL_QP093A-0202_v_+x;CELL_QP093A-0202_v_-y;CELL_QP093A-0202_v_-z,CELL_QP093A-0202_v_+y;CELL_QP093A-0202_v_+z;CELL_QP093A-0202_v_-x,CELL_QP093A-0202_e_+x_-y;CELL_QP093A-0202_e_+x_-z;CELL_QP093A-0202_e_-y_-z,CELL_QP093A-0202_e_+y_+z;CELL_QP093A-0202_e_-x_+y;CELL_QP093A-0202_e_-x_+z,true,true,true,true,OPEN_NO_UNIT_MAPPING,OPEN_CONVENTIONAL_ENGINEERING_INPUT,UNEMITTED_CR286_GATE,false,false
CELL_QP093A-0202_GATE_101_TO_010,CELL_QP093A-0202_PAIR_010_101,CELL_QP093A-0202,QP093A-0202,4+4+8,yes,TRIAD_ALLOWED,CELL_QP093A-0202_f_+-+,+-+,101,CELL_QP093A-0202_f_-+-,-+-,010,CELL_QP093A-0202_v_+x;CELL_QP093A-0202_v_+z;CELL_QP093A-0202_v_-y,CELL_QP093A-0202_v_+y;CELL_QP093A-0202_v_-x;CELL_QP093A-0202_v_-z,CELL_QP093A-0202_e_+x_+z;CELL_QP093A-0202_e_+x_-y;CELL_QP093A-0202_e_-y_+z,CELL_QP093A-0202_e_+y_-z;CELL_QP093A-0202_e_-x_+y;CELL_QP093A-0202_e_-x_-z,true,true,true,true,OPEN_NO_UNIT_MAPPING,OPEN_CONVENTIONAL_ENGINEERING_INPUT,UNEMITTED_CR286_GATE,false,false
CELL_QP093A-0202_GATE_110_TO_001,CELL_QP093A-0202_PAIR_001_110,CELL_QP093A-0202,QP093A-0202,4+4+8,yes,TRIAD_ALLOWED,CELL_QP093A-0202_f_++-,++-,110,CELL_QP093A-0202_f_--+,--+,001,CELL_QP093A-0202_v_+x;CELL_QP093A-0202_v_+y;CELL_QP093A-0202_v_-z,CELL_QP093A-0202_v_+z;CELL_QP093A-0202_v_-x;CELL_QP093A-0202_v_-y,CELL_QP093A-0202_e_+x_+y;CELL_QP093A-0202_e_+x_-z;CELL_QP093A-0202_e_+y_-z,CELL_QP093A-0202_e_-x_+z;CELL_QP093A-0202_e_-x_-y;CELL_QP093A-0202_e_-y_+z,true,true,true,true,OPEN_NO_UNIT_MAPPING,OPEN_CONVENTIONAL_ENGINEERING_INPUT,UNEMITTED_CR286_GATE,false,false
CELL_QP093A-0202_GATE_111_TO_000,CELL_QP093A-0202_PAIR_000_111,CELL_QP093A-0202,QP093A-0202,4+4+8,yes,TRIAD_ALLOWED,CELL_QP093A-0202_f_+++,+++,111,CELL_QP093A-0202_f_---,---,000,CELL_QP093A-0202_v_+x;CELL_QP093A-0202_v_+y;CELL_QP093A-0202_v_+z,CELL_QP093A-0202_v_-x;CELL_QP093A-0202_v_-y;CELL_QP093A-0202_v_-z,CELL_QP093A-0202_e_+x_+y;CELL_QP093A-0202_e_+x_+z;CELL_QP093A-0202_e_+y_+z,CELL_QP093A-0202_e_-x_-y;CELL_QP093A-0202_e_-x_-z;CELL_QP093A-0202_e_-y_-z,true,true,true,true,OPEN_NO_UNIT_MAPPING,OPEN_CONVENTIONAL_ENGINEERING_INPUT,UNEMITTED_CR286_GATE,false,false
CELL_QP093A-0203_GATE_000_TO_111,CELL_QP093A-0203_PAIR_000_111,CELL_QP093A-0203,QP093A-0203,4+4+9,yes,TRIAD_ALLOWED,CELL_QP093A-0203_f_---,---,000,CELL_QP093A-0203_f_+++,+++,111,CELL_QP093A-0203_v_-x;CELL_QP093A-0203_v_-y;CELL_QP093A-0203_v_-z,CELL_QP093A-0203_v_+x;CELL_QP093A-0203_v_+y;CELL_QP093A-0203_v_+z,CELL_QP093A-0203_e_-x_-y;CELL_QP093A-0203_e_-x_-z;CELL_QP093A-0203_e_-y_-z,CELL_QP093A-0203_e_+x_+y;CELL_QP093A-0203_e_+x_+z;CELL_QP093A-0203_e_+y_+z,true,true,true,true,OPEN_NO_UNIT_MAPPING,OPEN_CONVENTIONAL_ENGINEERING_INPUT,UNEMITTED_CR286_GATE,false,false
CELL_QP093A-0203_GATE_001_TO_110,CELL_QP093A-0203_PAIR_001_110,CELL_QP093A-0203,QP093A-0203,4+4+9,yes,TRIAD_ALLOWED,CELL_QP093A-0203_f_--+,--+,001,CELL_QP093A-0203_f_++-,++-,110,CELL_QP093A-0203_v_+z;CELL_QP093A-0203_v_-x;CELL_QP093A-0203_v_-y,CELL_QP093A-0203_v_+x;CELL_QP093A-0203_v_+y;CELL_QP093A-0203_v_-z,CELL_QP093A-0203_e_-x_+z;CELL_QP093A-0203_e_-x_-y;CELL_QP093A-0203_e_-y_+z,CELL_QP093A-0203_e_+x_+y;CELL_QP093A-0203_e_+x_-z;CELL_QP093A-0203_e_+y_-z,true,true,true,true,OPEN_NO_UNIT_MAPPING,OPEN_CONVENTIONAL_ENGINEERING_INPUT,UNEMITTED_CR286_GATE,false,false
CELL_QP093A-0203_GATE_010_TO_101,CELL_QP093A-0203_PAIR_010_101,CELL_QP093A-0203,QP093A-0203,4+4+9,yes,TRIAD_ALLOWED,CELL_QP093A-0203_f_-+-,-+-,010,CELL_QP093A-0203_f_+-+,+-+,101,CELL_QP093A-0203_v_+y;CELL_QP093A-0203_v_-x;CELL_QP093A-0203_v_-z,CELL_QP093A-0203_v_+x;CELL_QP093A-0203_v_+z;CELL_QP093A-0203_v_-y,CELL_QP093A-0203_e_+y_-z;CELL_QP093A-0203_e_-x_+y;CELL_QP093A-0203_e_-x_-z,CELL_QP093A-0203_e_+x_+z;CELL_QP093A-0203_e_+x_-y;CELL_QP093A-0203_e_-y_+z,true,true,true,true,OPEN_NO_UNIT_MAPPING,OPEN_CONVENTIONAL_ENGINEERING_INPUT,UNEMITTED_CR286_GATE,false,false
CELL_QP093A-0203_GATE_011_TO_100,CELL_QP093A-0203_PAIR_011_100,CELL_QP093A-0203,QP093A-0203,4+4+9,yes,TRIAD_ALLOWED,CELL_QP093A-0203_f_-++,-++,011,CELL_QP093A-0203_f_+--,+--,100,CELL_QP093A-0203_v_+y;CELL_QP093A-0203_v_+z;CELL_QP093A-0203_v_-x,CELL_QP093A-0203_v_+x;CELL_QP093A-0203_v_-y;CELL_QP093A-0203_v_-z,CELL_QP093A-0203_e_+y_+z;CELL_QP093A-0203_e_-x_+y;CELL_QP093A-0203_e_-x_+z,CELL_QP093A-0203_e_+x_-y;CELL_QP093A-0203_e_+x_-z;CELL_QP093A-0203_e_-y_-z,true,true,true,true,OPEN_NO_UNIT_MAPPING,OPEN_CONVENTIONAL_ENGINEERING_INPUT,UNEMITTED_CR286_GATE,false,false
CELL_QP093A-0203_GATE_100_TO_011,CELL_QP093A-0203_PAIR_011_100,CELL_QP093A-0203,QP093A-0203,4+4+9,yes,TRIAD_ALLOWED,CELL_QP093A-0203_f_+--,+--,100,CELL_QP093A-0203_f_-++,-++,011,CELL_QP093A-0203_v_+x;CELL_QP093A-0203_v_-y;CELL_QP093A-0203_v_-z,CELL_QP093A-0203_v_+y;CELL_QP093A-0203_v_+z;CELL_QP093A-0203_v_-x,CELL_QP093A-0203_e_+x_-y;CELL_QP093A-0203_e_+x_-z;CELL_QP093A-0203_e_-y_-z,CELL_QP093A-0203_e_+y_+z;CELL_QP093A-0203_e_-x_+y;CELL_QP093A-0203_e_-x_+z,true,true,true,true,OPEN_NO_UNIT_MAPPING,OPEN_CONVENTIONAL_ENGINEERING_INPUT,UNEMITTED_CR286_GATE,false,false
CELL_QP093A-0203_GATE_101_TO_010,CELL_QP093A-0203_PAIR_010_101,CELL_QP093A-0203,QP093A-0203,4+4+9,yes,TRIAD_ALLOWED,CELL_QP093A-0203_f_+-+,+-+,101,CELL_QP093A-0203_f_-+-,-+-,010,CELL_QP093A-0203_v_+x;CELL_QP093A-0203_v_+z;CELL_QP093A-0203_v_-y,CELL_QP093A-0203_v_+y;CELL_QP093A-0203_v_-x;CELL_QP093A-0203_v_-z,CELL_QP093A-0203_e_+x_+z;CELL_QP093A-0203_e_+x_-y;CELL_QP093A-0203_e_-y_+z,CELL_QP093A-0203_e_+y_-z;CELL_QP093A-0203_e_-x_+y;CELL_QP093A-0203_e_-x_-z,true,true,true,true,OPEN_NO_UNIT_MAPPING,OPEN_CONVENTIONAL_ENGINEERING_INPUT,UNEMITTED_CR286_GATE,false,false
CELL_QP093A-0203_GATE_110_TO_001,CELL_QP093A-0203_PAIR_001_110,CELL_QP093A-0203,QP093A-0203,4+4+9,yes,TRIAD_ALLOWED,CELL_QP093A-0203_f_++-,++-,110,CELL_QP093A-0203_f_--+,--+,001,CELL_QP093A-0203_v_+x;CELL_QP093A-0203_v_+y;CELL_QP093A-0203_v_-z,CELL_QP093A-0203_v_+z;CELL_QP093A-0203_v_-x;CELL_QP093A-0203_v_-y,CELL_QP093A-0203_e_+x_+y;CELL_QP093A-0203_e_+x_-z;CELL_QP093A-0203_e_+y_-z,CELL_QP093A-0203_e_-x_+z;CELL_QP093A-0203_e_-x_-y;CELL_QP093A-0203_e_-y_+z,true,true,true,true,OPEN_NO_UNIT_MAPPING,OPEN_CONVENTIONAL_ENGINEERING_INPUT,UNEMITTED_CR286_GATE,false,false
CELL_QP093A-0203_GATE_111_TO_000,CELL_QP093A-0203_PAIR_000_111,CELL_QP093A-0203,QP093A-0203,4+4+9,yes,TRIAD_ALLOWED,CELL_QP093A-0203_f_+++,+++,111,CELL_QP093A-0203_f_---,---,000,CELL_QP093A-0203_v_+x;CELL_QP093A-0203_v_+y;CELL_QP093A-0203_v_+z,CELL_QP093A-0203_v_-x;CELL_QP093A-0203_v_-y;CELL_QP093A-0203_v_-z,CELL_QP093A-0203_e_+x_+y;CELL_QP093A-0203_e_+x_+z;CELL_QP093A-0203_e_+y_+z,CELL_QP093A-0203_e_-x_-y;CELL_QP093A-0203_e_-x_-z;CELL_QP093A-0203_e_-y_-z,true,true,true,true,OPEN_NO_UNIT_MAPPING,OPEN_CONVENTIONAL_ENGINEERING_INPUT,UNEMITTED_CR286_GATE,false,false
CELL_QP093A-0204_GATE_000_TO_111,CELL_QP093A-0204_PAIR_000_111,CELL_QP093A-0204,QP093A-0204,4+4+12,yes,TRIAD_ALLOWED,CELL_QP093A-0204_f_---,---,000,CELL_QP093A-0204_f_+++,+++,111,CELL_QP093A-0204_v_-x;CELL_QP093A-0204_v_-y;CELL_QP093A-0204_v_-z,CELL_QP093A-0204_v_+x;CELL_QP093A-0204_v_+y;CELL_QP093A-0204_v_+z,CELL_QP093A-0204_e_-x_-y;CELL_QP093A-0204_e_-x_-z;CELL_QP093A-0204_e_-y_-z,CELL_QP093A-0204_e_+x_+y;CELL_QP093A-0204_e_+x_+z;CELL_QP093A-0204_e_+y_+z,true,true,true,true,OPEN_NO_UNIT_MAPPING,OPEN_CONVENTIONAL_ENGINEERING_INPUT,UNEMITTED_CR286_GATE,false,false
CELL_QP093A-0204_GATE_001_TO_110,CELL_QP093A-0204_PAIR_001_110,CELL_QP093A-0204,QP093A-0204,4+4+12,yes,TRIAD_ALLOWED,CELL_QP093A-0204_f_--+,--+,001,CELL_QP093A-0204_f_++-,++-,110,CELL_QP093A-0204_v_+z;CELL_QP093A-0204_v_-x;CELL_QP093A-0204_v_-y,CELL_QP093A-0204_v_+x;CELL_QP093A-0204_v_+y;CELL_QP093A-0204_v_-z,CELL_QP093A-0204_e_-x_+z;CELL_QP093A-0204_e_-x_-y;CELL_QP093A-0204_e_-y_+z,CELL_QP093A-0204_e_+x_+y;CELL_QP093A-0204_e_+x_-z;CELL_QP093A-0204_e_+y_-z,true,true,true,true,OPEN_NO_UNIT_MAPPING,OPEN_CONVENTIONAL_ENGINEERING_INPUT,UNEMITTED_CR286_GATE,false,false
CELL_QP093A-0204_GATE_010_TO_101,CELL_QP093A-0204_PAIR_010_101,CELL_QP093A-0204,QP093A-0204,4+4+12,yes,TRIAD_ALLOWED,CELL_QP093A-0204_f_-+-,-+-,010,CELL_QP093A-0204_f_+-+,+-+,101,CELL_QP093A-0204_v_+y;CELL_QP093A-0204_v_-x;CELL_QP093A-0204_v_-z,CELL_QP093A-0204_v_+x;CELL_QP093A-0204_v_+z;CELL_QP093A-0204_v_-y,CELL_QP093A-0204_e_+y_-z;CELL_QP093A-0204_e_-x_+y;CELL_QP093A-0204_e_-x_-z,CELL_QP093A-0204_e_+x_+z;CELL_QP093A-0204_e_+x_-y;CELL_QP093A-0204_e_-y_+z,true,true,true,true,OPEN_NO_UNIT_MAPPING,OPEN_CONVENTIONAL_ENGINEERING_INPUT,UNEMITTED_CR286_GATE,false,false
CELL_QP093A-0204_GATE_011_TO_100,CELL_QP093A-0204_PAIR_011_100,CELL_QP093A-0204,QP093A-0204,4+4+12,yes,TRIAD_ALLOWED,CELL_QP093A-0204_f_-++,-++,011,CELL_QP093A-0204_f_+--,+--,100,CELL_QP093A-0204_v_+y;CELL_QP093A-0204_v_+z;CELL_QP093A-0204_v_-x,CELL_QP093A-0204_v_+x;CELL_QP093A-0204_v_-y;CELL_QP093A-0204_v_-z,CELL_QP093A-0204_e_+y_+z;CELL_QP093A-0204_e_-x_+y;CELL_QP093A-0204_e_-x_+z,CELL_QP093A-0204_e_+x_-y;CELL_QP093A-0204_e_+x_-z;CELL_QP093A-0204_e_-y_-z,true,true,true,true,OPEN_NO_UNIT_MAPPING,OPEN_CONVENTIONAL_ENGINEERING_INPUT,UNEMITTED_CR286_GATE,false,false
CELL_QP093A-0204_GATE_100_TO_011,CELL_QP093A-0204_PAIR_011_100,CELL_QP093A-0204,QP093A-0204,4+4+12,yes,TRIAD_ALLOWED,CELL_QP093A-0204_f_+--,+--,100,CELL_QP093A-0204_f_-++,-++,011,CELL_QP093A-0204_v_+x;CELL_QP093A-0204_v_-y;CELL_QP093A-0204_v_-z,CELL_QP093A-0204_v_+y;CELL_QP093A-0204_v_+z;CELL_QP093A-0204_v_-x,CELL_QP093A-0204_e_+x_-y;CELL_QP093A-0204_e_+x_-z;CELL_QP093A-0204_e_-y_-z,CELL_QP093A-0204_e_+y_+z;CELL_QP093A-0204_e_-x_+y;CELL_QP093A-0204_e_-x_+z,true,true,true,true,OPEN_NO_UNIT_MAPPING,OPEN_CONVENTIONAL_ENGINEERING_INPUT,UNEMITTED_CR286_GATE,false,false
CELL_QP093A-0204_GATE_101_TO_010,CELL_QP093A-0204_PAIR_010_101,CELL_QP093A-0204,QP093A-0204,4+4+12,yes,TRIAD_ALLOWED,CELL_QP093A-0204_f_+-+,+-+,101,CELL_QP093A-0204_f_-+-,-+-,010,CELL_QP093A-0204_v_+x;CELL_QP093A-0204_v_+z;CELL_QP093A-0204_v_-y,CELL_QP093A-0204_v_+y;CELL_QP093A-0204_v_-x;CELL_QP093A-0204_v_-z,CELL_QP093A-0204_e_+x_+z;CELL_QP093A-0204_e_+x_-y;CELL_QP093A-0204_e_-y_+z,CELL_QP093A-0204_e_+y_-z;CELL_QP093A-0204_e_-x_+y;CELL_QP093A-0204_e_-x_-z,true,true,true,true,OPEN_NO_UNIT_MAPPING,OPEN_CONVENTIONAL_ENGINEERING_INPUT,UNEMITTED_CR286_GATE,false,false
CELL_QP093A-0204_GATE_110_TO_001,CELL_QP093A-0204_PAIR_001_110,CELL_QP093A-0204,QP093A-0204,4+4+12,yes,TRIAD_ALLOWED,CELL_QP093A-0204_f_++-,++-,110,CELL_QP093A-0204_f_--+,--+,001,CELL_QP093A-0204_v_+x;CELL_QP093A-0204_v_+y;CELL_QP093A-0204_v_-z,CELL_QP093A-0204_v_+z;CELL_QP093A-0204_v_-x;CELL_QP093A-0204_v_-y,CELL_QP093A-0204_e_+x_+y;CELL_QP093A-0204_e_+x_-z;CELL_QP093A-0204_e_+y_-z,CELL_QP093A-0204_e_-x_+z;CELL_QP093A-0204_e_-x_-y;CELL_QP093A-0204_e_-y_+z,true,true,true,true,OPEN_NO_UNIT_MAPPING,OPEN_CONVENTIONAL_ENGINEERING_INPUT,UNEMITTED_CR286_GATE,false,false
CELL_QP093A-0204_GATE_111_TO_000,CELL_QP093A-0204_PAIR_000_111,CELL_QP093A-0204,QP093A-0204,4+4+12,yes,TRIAD_ALLOWED,CELL_QP093A-0204_f_+++,+++,111,CELL_QP093A-0204_f_---,---,000,CELL_QP093A-0204_v_+x;CELL_QP093A-0204_v_+y;CELL_QP093A-0204_v_+z,CELL_QP093A-0204_v_-x;CELL_QP093A-0204_v_-y;CELL_QP093A-0204_v_-z,CELL_QP093A-0204_e_+x_+y;CELL_QP093A-0204_e_+x_+z;CELL_QP093A-0204_e_+y_+z,CELL_QP093A-0204_e_-x_-y;CELL_QP093A-0204_e_-x_-z;CELL_QP093A-0204_e_-y_-z,true,true,true,true,OPEN_NO_UNIT_MAPPING,OPEN_CONVENTIONAL_ENGINEERING_INPUT,UNEMITTED_CR286_GATE,false,false
CELL_QP093A-0205_GATE_000_TO_111,CELL_QP093A-0205_PAIR_000_111,CELL_QP093A-0205,QP093A-0205,4+6+6,yes,TRIAD_ALLOWED,CELL_QP093A-0205_f_---,---,000,CELL_QP093A-0205_f_+++,+++,111,CELL_QP093A-0205_v_-x;CELL_QP093A-0205_v_-y;CELL_QP093A-0205_v_-z,CELL_QP093A-0205_v_+x;CELL_QP093A-0205_v_+y;CELL_QP093A-0205_v_+z,CELL_QP093A-0205_e_-x_-y;CELL_QP093A-0205_e_-x_-z;CELL_QP093A-0205_e_-y_-z,CELL_QP093A-0205_e_+x_+y;CELL_QP093A-0205_e_+x_+z;CELL_QP093A-0205_e_+y_+z,true,true,true,true,OPEN_NO_UNIT_MAPPING,OPEN_CONVENTIONAL_ENGINEERING_INPUT,UNEMITTED_CR286_GATE,false,false
CELL_QP093A-0205_GATE_001_TO_110,CELL_QP093A-0205_PAIR_001_110,CELL_QP093A-0205,QP093A-0205,4+6+6,yes,TRIAD_ALLOWED,CELL_QP093A-0205_f_--+,--+,001,CELL_QP093A-0205_f_++-,++-,110,CELL_QP093A-0205_v_+z;CELL_QP093A-0205_v_-x;CELL_QP093A-0205_v_-y,CELL_QP093A-0205_v_+x;CELL_QP093A-0205_v_+y;CELL_QP093A-0205_v_-z,CELL_QP093A-0205_e_-x_+z;CELL_QP093A-0205_e_-x_-y;CELL_QP093A-0205_e_-y_+z,CELL_QP093A-0205_e_+x_+y;CELL_QP093A-0205_e_+x_-z;CELL_QP093A-0205_e_+y_-z,true,true,true,true,OPEN_NO_UNIT_MAPPING,OPEN_CONVENTIONAL_ENGINEERING_INPUT,UNEMITTED_CR286_GATE,false,false
CELL_QP093A-0205_GATE_010_TO_101,CELL_QP093A-0205_PAIR_010_101,CELL_QP093A-0205,QP093A-0205,4+6+6,yes,TRIAD_ALLOWED,CELL_QP093A-0205_f_-+-,-+-,010,CELL_QP093A-0205_f_+-+,+-+,101,CELL_QP093A-0205_v_+y;CELL_QP093A-0205_v_-x;CELL_QP093A-0205_v_-z,CELL_QP093A-0205_v_+x;CELL_QP093A-0205_v_+z;CELL_QP093A-0205_v_-y,CELL_QP093A-0205_e_+y_-z;CELL_QP093A-0205_e_-x_+y;CELL_QP093A-0205_e_-x_-z,CELL_QP093A-0205_e_+x_+z;CELL_QP093A-0205_e_+x_-y;CELL_QP093A-0205_e_-y_+z,true,true,true,true,OPEN_NO_UNIT_MAPPING,OPEN_CONVENTIONAL_ENGINEERING_INPUT,UNEMITTED_CR286_GATE,false,false
CELL_QP093A-0205_GATE_011_TO_100,CELL_QP093A-0205_PAIR_011_100,CELL_QP093A-0205,QP093A-0205,4+6+6,yes,TRIAD_ALLOWED,CELL_QP093A-0205_f_-++,-++,011,CELL_QP093A-0205_f_+--,+--,100,CELL_QP093A-0205_v_+y;CELL_QP093A-0205_v_+z;CELL_QP093A-0205_v_-x,CELL_QP093A-0205_v_+x;CELL_QP093A-0205_v_-y;CELL_QP093A-0205_v_-z,CELL_QP093A-0205_e_+y_+z;CELL_QP093A-0205_e_-x_+y;CELL_QP093A-0205_e_-x_+z,CELL_QP093A-0205_e_+x_-y;CELL_QP093A-0205_e_+x_-z;CELL_QP093A-0205_e_-y_-z,true,true,true,true,OPEN_NO_UNIT_MAPPING,OPEN_CONVENTIONAL_ENGINEERING_INPUT,UNEMITTED_CR286_GATE,false,false
CELL_QP093A-0205_GATE_100_TO_011,CELL_QP093A-0205_PAIR_011_100,CELL_QP093A-0205,QP093A-0205,4+6+6,yes,TRIAD_ALLOWED,CELL_QP093A-0205_f_+--,+--,100,CELL_QP093A-0205_f_-++,-++,011,CELL_QP093A-0205_v_+x;CELL_QP093A-0205_v_-y;CELL_QP093A-0205_v_-z,CELL_QP093A-0205_v_+y;CELL_QP093A-0205_v_+z;CELL_QP093A-0205_v_-x,CELL_QP093A-0205_e_+x_-y;CELL_QP093A-0205_e_+x_-z;CELL_QP093A-0205_e_-y_-z,CELL_QP093A-0205_e_+y_+z;CELL_QP093A-0205_e_-x_+y;CELL_QP093A-0205_e_-x_+z,true,true,true,true,OPEN_NO_UNIT_MAPPING,OPEN_CONVENTIONAL_ENGINEERING_INPUT,UNEMITTED_CR286_GATE,false,false
CELL_QP093A-0205_GATE_101_TO_010,CELL_QP093A-0205_PAIR_010_101,CELL_QP093A-0205,QP093A-0205,4+6+6,yes,TRIAD_ALLOWED,CELL_QP093A-0205_f_+-+,+-+,101,CELL_QP093A-0205_f_-+-,-+-,010,CELL_QP093A-0205_v_+x;CELL_QP093A-0205_v_+z;CELL_QP093A-0205_v_-y,CELL_QP093A-0205_v_+y;CELL_QP093A-0205_v_-x;CELL_QP093A-0205_v_-z,CELL_QP093A-0205_e_+x_+z;CELL_QP093A-0205_e_+x_-y;CELL_QP093A-0205_e_-y_+z,CELL_QP093A-0205_e_+y_-z;CELL_QP093A-0205_e_-x_+y;CELL_QP093A-0205_e_-x_-z,true,true,true,true,OPEN_NO_UNIT_MAPPING,OPEN_CONVENTIONAL_ENGINEERING_INPUT,UNEMITTED_CR286_GATE,false,false
CELL_QP093A-0205_GATE_110_TO_001,CELL_QP093A-0205_PAIR_001_110,CELL_QP093A-0205,QP093A-0205,4+6+6,yes,TRIAD_ALLOWED,CELL_QP093A-0205_f_++-,++-,110,CELL_QP093A-0205_f_--+,--+,001,CELL_QP093A-0205_v_+x;CELL_QP093A-0205_v_+y;CELL_QP093A-0205_v_-z,CELL_QP093A-0205_v_+z;CELL_QP093A-0205_v_-x;CELL_QP093A-0205_v_-y,CELL_QP093A-0205_e_+x_+y;CELL_QP093A-0205_e_+x_-z;CELL_QP093A-0205_e_+y_-z,CELL_QP093A-0205_e_-x_+z;CELL_QP093A-0205_e_-x_-y;CELL_QP093A-0205_e_-y_+z,true,true,true,true,OPEN_NO_UNIT_MAPPING,OPEN_CONVENTIONAL_ENGINEERING_INPUT,UNEMITTED_CR286_GATE,false,false
CELL_QP093A-0205_GATE_111_TO_000,CELL_QP093A-0205_PAIR_000_111,CELL_QP093A-0205,QP093A-0205,4+6+6,yes,TRIAD_ALLOWED,CELL_QP093A-0205_f_+++,+++,111,CELL_QP093A-0205_f_---,---,000,CELL_QP093A-0205_v_+x;CELL_QP093A-0205_v_+y;CELL_QP093A-0205_v_+z,CELL_QP093A-0205_v_-x;CELL_QP093A-0205_v_-y;CELL_QP093A-0205_v_-z,CELL_QP093A-0205_e_+x_+y;CELL_QP093A-0205_e_+x_+z;CELL_QP093A-0205_e_+y_+z,CELL_QP093A-0205_e_-x_-y;CELL_QP093A-0205_e_-x_-z;CELL_QP093A-0205_e_-y_-z,true,true,true,true,OPEN_NO_UNIT_MAPPING,OPEN_CONVENTIONAL_ENGINEERING_INPUT,UNEMITTED_CR286_GATE,false,false
CELL_QP093A-0206_GATE_000_TO_111,CELL_QP093A-0206_PAIR_000_111,CELL_QP093A-0206,QP093A-0206,4+6+8,no,TRIAD_SURFACE_REJECTED,CELL_QP093A-0206_f_---,---,000,CELL_QP093A-0206_f_+++,+++,111,CELL_QP093A-0206_v_-x;CELL_QP093A-0206_v_-y;CELL_QP093A-0206_v_-z,CELL_QP093A-0206_v_+x;CELL_QP093A-0206_v_+y;CELL_QP093A-0206_v_+z,CELL_QP093A-0206_e_-x_-y;CELL_QP093A-0206_e_-x_-z;CELL_QP093A-0206_e_-y_-z,CELL_QP093A-0206_e_+x_+y;CELL_QP093A-0206_e_+x_+z;CELL_QP093A-0206_e_+y_+z,true,true,true,true,OPEN_NO_UNIT_MAPPING,OPEN_CONVENTIONAL_ENGINEERING_INPUT,UNEMITTED_CR286_GATE,false,false
CELL_QP093A-0206_GATE_001_TO_110,CELL_QP093A-0206_PAIR_001_110,CELL_QP093A-0206,QP093A-0206,4+6+8,no,TRIAD_SURFACE_REJECTED,CELL_QP093A-0206_f_--+,--+,001,CELL_QP093A-0206_f_++-,++-,110,CELL_QP093A-0206_v_+z;CELL_QP093A-0206_v_-x;CELL_QP093A-0206_v_-y,CELL_QP093A-0206_v_+x;CELL_QP093A-0206_v_+y;CELL_QP093A-0206_v_-z,CELL_QP093A-0206_e_-x_+z;CELL_QP093A-0206_e_-x_-y;CELL_QP093A-0206_e_-y_+z,CELL_QP093A-0206_e_+x_+y;CELL_QP093A-0206_e_+x_-z;CELL_QP093A-0206_e_+y_-z,true,true,true,true,OPEN_NO_UNIT_MAPPING,OPEN_CONVENTIONAL_ENGINEERING_INPUT,UNEMITTED_CR286_GATE,false,false
CELL_QP093A-0206_GATE_010_TO_101,CELL_QP093A-0206_PAIR_010_101,CELL_QP093A-0206,QP093A-0206,4+6+8,no,TRIAD_SURFACE_REJECTED,CELL_QP093A-0206_f_-+-,-+-,010,CELL_QP093A-0206_f_+-+,+-+,101,CELL_QP093A-0206_v_+y;CELL_QP093A-0206_v_-x;CELL_QP093A-0206_v_-z,CELL_QP093A-0206_v_+x;CELL_QP093A-0206_v_+z;CELL_QP093A-0206_v_-y,CELL_QP093A-0206_e_+y_-z;CELL_QP093A-0206_e_-x_+y;CELL_QP093A-0206_e_-x_-z,CELL_QP093A-0206_e_+x_+z;CELL_QP093A-0206_e_+x_-y;CELL_QP093A-0206_e_-y_+z,true,true,true,true,OPEN_NO_UNIT_MAPPING,OPEN_CONVENTIONAL_ENGINEERING_INPUT,UNEMITTED_CR286_GATE,false,false
CELL_QP093A-0206_GATE_011_TO_100,CELL_QP093A-0206_PAIR_011_100,CELL_QP093A-0206,QP093A-0206,4+6+8,no,TRIAD_SURFACE_REJECTED,CELL_QP093A-0206_f_-++,-++,011,CELL_QP093A-0206_f_+--,+--,100,CELL_QP093A-0206_v_+y;CELL_QP093A-0206_v_+z;CELL_QP093A-0206_v_-x,CELL_QP093A-0206_v_+x;CELL_QP093A-0206_v_-y;CELL_QP093A-0206_v_-z,CELL_QP093A-0206_e_+y_+z;CELL_QP093A-0206_e_-x_+y;CELL_QP093A-0206_e_-x_+z,CELL_QP093A-0206_e_+x_-y;CELL_QP093A-0206_e_+x_-z;CELL_QP093A-0206_e_-y_-z,true,true,true,true,OPEN_NO_UNIT_MAPPING,OPEN_CONVENTIONAL_ENGINEERING_INPUT,UNEMITTED_CR286_GATE,false,false
CELL_QP093A-0206_GATE_100_TO_011,CELL_QP093A-0206_PAIR_011_100,CELL_QP093A-0206,QP093A-0206,4+6+8,no,TRIAD_SURFACE_REJECTED,CELL_QP093A-0206_f_+--,+--,100,CELL_QP093A-0206_f_-++,-++,011,CELL_QP093A-0206_v_+x;CELL_QP093A-0206_v_-y;CELL_QP093A-0206_v_-z,CELL_QP093A-0206_v_+y;CELL_QP093A-0206_v_+z;CELL_QP093A-0206_v_-x,CELL_QP093A-0206_e_+x_-y;CELL_QP093A-0206_e_+x_-z;CELL_QP093A-0206_e_-y_-z,CELL_QP093A-0206_e_+y_+z;CELL_QP093A-0206_e_-x_+y;CELL_QP093A-0206_e_-x_+z,true,true,true,true,OPEN_NO_UNIT_MAPPING,OPEN_CONVENTIONAL_ENGINEERING_INPUT,UNEMITTED_CR286_GATE,false,false
CELL_QP093A-0206_GATE_101_TO_010,CELL_QP093A-0206_PAIR_010_101,CELL_QP093A-0206,QP093A-0206,4+6+8,no,TRIAD_SURFACE_REJECTED,CELL_QP093A-0206_f_+-+,+-+,101,CELL_QP093A-0206_f_-+-,-+-,010,CELL_QP093A-0206_v_+x;CELL_QP093A-0206_v_+z;CELL_QP093A-0206_v_-y,CELL_QP093A-0206_v_+y;CELL_QP093A-0206_v_-x;CELL_QP093A-0206_v_-z,CELL_QP093A-0206_e_+x_+z;CELL_QP093A-0206_e_+x_-y;CELL_QP093A-0206_e_-y_+z,CELL_QP093A-0206_e_+y_-z;CELL_QP093A-0206_e_-x_+y;CELL_QP093A-0206_e_-x_-z,true,true,true,true,OPEN_NO_UNIT_MAPPING,OPEN_CONVENTIONAL_ENGINEERING_INPUT,UNEMITTED_CR286_GATE,false,false
CELL_QP093A-0206_GATE_110_TO_001,CELL_QP093A-0206_PAIR_001_110,CELL_QP093A-0206,QP093A-0206,4+6+8,no,TRIAD_SURFACE_REJECTED,CELL_QP093A-0206_f_++-,++-,110,CELL_QP093A-0206_f_--+,--+,001,CELL_QP093A-0206_v_+x;CELL_QP093A-0206_v_+y;CELL_QP093A-0206_v_-z,CELL_QP093A-0206_v_+z;CELL_QP093A-0206_v_-x;CELL_QP093A-0206_v_-y,CELL_QP093A-0206_e_+x_+y;CELL_QP093A-0206_e_+x_-z;CELL_QP093A-0206_e_+y_-z,CELL_QP093A-0206_e_-x_+z;CELL_QP093A-0206_e_-x_-y;CELL_QP093A-0206_e_-y_+z,true,true,true,true,OPEN_NO_UNIT_MAPPING,OPEN_CONVENTIONAL_ENGINEERING_INPUT,UNEMITTED_CR286_GATE,false,false
CELL_QP093A-0206_GATE_111_TO_000,CELL_QP093A-0206_PAIR_000_111,CELL_QP093A-0206,QP093A-0206,4+6+8,no,TRIAD_SURFACE_REJECTED,CELL_QP093A-0206_f_+++,+++,111,CELL_QP093A-0206_f_---,---,000,CELL_QP093A-0206_v_+x;CELL_QP093A-0206_v_+y;CELL_QP093A-0206_v_+z,CELL_QP093A-0206_v_-x;CELL_QP093A-0206_v_-y;CELL_QP093A-0206_v_-z,CELL_QP093A-0206_e_+x_+y;CELL_QP093A-0206_e_+x_+z;CELL_QP093A-0206_e_+y_+z,CELL_QP093A-0206_e_-x_-y;CELL_QP093A-0206_e_-x_-z;CELL_QP093A-0206_e_-y_-z,true,true,true,true,OPEN_NO_UNIT_MAPPING,OPEN_CONVENTIONAL_ENGINEERING_INPUT,UNEMITTED_CR286_GATE,false,false
CELL_QP093A-0207_GATE_000_TO_111,CELL_QP093A-0207_PAIR_000_111,CELL_QP093A-0207,QP093A-0207,4+6+9,yes,TRIAD_ALLOWED,CELL_QP093A-0207_f_---,---,000,CELL_QP093A-0207_f_+++,+++,111,CELL_QP093A-0207_v_-x;CELL_QP093A-0207_v_-y;CELL_QP093A-0207_v_-z,CELL_QP093A-0207_v_+x;CELL_QP093A-0207_v_+y;CELL_QP093A-0207_v_+z,CELL_QP093A-0207_e_-x_-y;CELL_QP093A-0207_e_-x_-z;CELL_QP093A-0207_e_-y_-z,CELL_QP093A-0207_e_+x_+y;CELL_QP093A-0207_e_+x_+z;CELL_QP093A-0207_e_+y_+z,true,true,true,true,OPEN_NO_UNIT_MAPPING,OPEN_CONVENTIONAL_ENGINEERING_INPUT,UNEMITTED_CR286_GATE,false,false
CELL_QP093A-0207_GATE_001_TO_110,CELL_QP093A-0207_PAIR_001_110,CELL_QP093A-0207,QP093A-0207,4+6+9,yes,TRIAD_ALLOWED,CELL_QP093A-0207_f_--+,--+,001,CELL_QP093A-0207_f_++-,++-,110,CELL_QP093A-0207_v_+z;CELL_QP093A-0207_v_-x;CELL_QP093A-0207_v_-y,CELL_QP093A-0207_v_+x;CELL_QP093A-0207_v_+y;CELL_QP093A-0207_v_-z,CELL_QP093A-0207_e_-x_+z;CELL_QP093A-0207_e_-x_-y;CELL_QP093A-0207_e_-y_+z,CELL_QP093A-0207_e_+x_+y;CELL_QP093A-0207_e_+x_-z;CELL_QP093A-0207_e_+y_-z,true,true,true,true,OPEN_NO_UNIT_MAPPING,OPEN_CONVENTIONAL_ENGINEERING_INPUT,UNEMITTED_CR286_GATE,false,false
CELL_QP093A-0207_GATE_010_TO_101,CELL_QP093A-0207_PAIR_010_101,CELL_QP093A-0207,QP093A-0207,4+6+9,yes,TRIAD_ALLOWED,CELL_QP093A-0207_f_-+-,-+-,010,CELL_QP093A-0207_f_+-+,+-+,101,CELL_QP093A-0207_v_+y;CELL_QP093A-0207_v_-x;CELL_QP093A-0207_v_-z,CELL_QP093A-0207_v_+x;CELL_QP093A-0207_v_+z;CELL_QP093A-0207_v_-y,CELL_QP093A-0207_e_+y_-z;CELL_QP093A-0207_e_-x_+y;CELL_QP093A-0207_e_-x_-z,CELL_QP093A-0207_e_+x_+z;CELL_QP093A-0207_e_+x_-y;CELL_QP093A-0207_e_-y_+z,true,true,true,true,OPEN_NO_UNIT_MAPPING,OPEN_CONVENTIONAL_ENGINEERING_INPUT,UNEMITTED_CR286_GATE,false,false
CELL_QP093A-0207_GATE_011_TO_100,CELL_QP093A-0207_PAIR_011_100,CELL_QP093A-0207,QP093A-0207,4+6+9,yes,TRIAD_ALLOWED,CELL_QP093A-0207_f_-++,-++,011,CELL_QP093A-0207_f_+--,+--,100,CELL_QP093A-0207_v_+y;CELL_QP093A-0207_v_+z;CELL_QP093A-0207_v_-x,CELL_QP093A-0207_v_+x;CELL_QP093A-0207_v_-y;CELL_QP093A-0207_v_-z,CELL_QP093A-0207_e_+y_+z;CELL_QP093A-0207_e_-x_+y;CELL_QP093A-0207_e_-x_+z,CELL_QP093A-0207_e_+x_-y;CELL_QP093A-0207_e_+x_-z;CELL_QP093A-0207_e_-y_-z,true,true,true,true,OPEN_NO_UNIT_MAPPING,OPEN_CONVENTIONAL_ENGINEERING_INPUT,UNEMITTED_CR286_GATE,false,false
CELL_QP093A-0207_GATE_100_TO_011,CELL_QP093A-0207_PAIR_011_100,CELL_QP093A-0207,QP093A-0207,4+6+9,yes,TRIAD_ALLOWED,CELL_QP093A-0207_f_+--,+--,100,CELL_QP093A-0207_f_-++,-++,011,CELL_QP093A-0207_v_+x;CELL_QP093A-0207_v_-y;CELL_QP093A-0207_v_-z,CELL_QP093A-0207_v_+y;CELL_QP093A-0207_v_+z;CELL_QP093A-0207_v_-x,CELL_QP093A-0207_e_+x_-y;CELL_QP093A-0207_e_+x_-z;CELL_QP093A-0207_e_-y_-z,CELL_QP093A-0207_e_+y_+z;CELL_QP093A-0207_e_-x_+y;CELL_QP093A-0207_e_-x_+z,true,true,true,true,OPEN_NO_UNIT_MAPPING,OPEN_CONVENTIONAL_ENGINEERING_INPUT,UNEMITTED_CR286_GATE,false,false
CELL_QP093A-0207_GATE_101_TO_010,CELL_QP093A-0207_PAIR_010_101,CELL_QP093A-0207,QP093A-0207,4+6+9,yes,TRIAD_ALLOWED,CELL_QP093A-0207_f_+-+,+-+,101,CELL_QP093A-0207_f_-+-,-+-,010,CELL_QP093A-0207_v_+x;CELL_QP093A-0207_v_+z;CELL_QP093A-0207_v_-y,CELL_QP093A-0207_v_+y;CELL_QP093A-0207_v_-x;CELL_QP093A-0207_v_-z,CELL_QP093A-0207_e_+x_+z;CELL_QP093A-0207_e_+x_-y;CELL_QP093A-0207_e_-y_+z,CELL_QP093A-0207_e_+y_-z;CELL_QP093A-0207_e_-x_+y;CELL_QP093A-0207_e_-x_-z,true,true,true,true,OPEN_NO_UNIT_MAPPING,OPEN_CONVENTIONAL_ENGINEERING_INPUT,UNEMITTED_CR286_GATE,false,false
CELL_QP093A-0207_GATE_110_TO_001,CELL_QP093A-0207_PAIR_001_110,CELL_QP093A-0207,QP093A-0207,4+6+9,yes,TRIAD_ALLOWED,CELL_QP093A-0207_f_++-,++-,110,CELL_QP093A-0207_f_--+,--+,001,CELL_QP093A-0207_v_+x;CELL_QP093A-0207_v_+y;CELL_QP093A-0207_v_-z,CELL_QP093A-0207_v_+z;CELL_QP093A-0207_v_-x;CELL_QP093A-0207_v_-y,CELL_QP093A-0207_e_+x_+y;CELL_QP093A-0207_e_+x_-z;CELL_QP093A-0207_e_+y_-z,CELL_QP093A-0207_e_-x_+z;CELL_QP093A-0207_e_-x_-y;CELL_QP093A-0207_e_-y_+z,true,true,true,true,OPEN_NO_UNIT_MAPPING,OPEN_CONVENTIONAL_ENGINEERING_INPUT,UNEMITTED_CR286_GATE,false,false
CELL_QP093A-0207_GATE_111_TO_000,CELL_QP093A-0207_PAIR_000_111,CELL_QP093A-0207,QP093A-0207,4+6+9,yes,TRIAD_ALLOWED,CELL_QP093A-0207_f_+++,+++,111,CELL_QP093A-0207_f_---,---,000,CELL_QP093A-0207_v_+x;CELL_QP093A-0207_v_+y;CELL_QP093A-0207_v_+z,CELL_QP093A-0207_v_-x;CELL_QP093A-0207_v_-y;CELL_QP093A-0207_v_-z,CELL_QP093A-0207_e_+x_+y;CELL_QP093A-0207_e_+x_+z;CELL_QP093A-0207_e_+y_+z,CELL_QP093A-0207_e_-x_-y;CELL_QP093A-0207_e_-x_-z;CELL_QP093A-0207_e_-y_-z,true,true,true,true,OPEN_NO_UNIT_MAPPING,OPEN_CONVENTIONAL_ENGINEERING_INPUT,UNEMITTED_CR286_GATE,false,false
CELL_QP093A-0208_GATE_000_TO_111,CELL_QP093A-0208_PAIR_000_111,CELL_QP093A-0208,QP093A-0208,4+6+12,yes,TRIAD_ALLOWED,CELL_QP093A-0208_f_---,---,000,CELL_QP093A-0208_f_+++,+++,111,CELL_QP093A-0208_v_-x;CELL_QP093A-0208_v_-y;CELL_QP093A-0208_v_-z,CELL_QP093A-0208_v_+x;CELL_QP093A-0208_v_+y;CELL_QP093A-0208_v_+z,CELL_QP093A-0208_e_-x_-y;CELL_QP093A-0208_e_-x_-z;CELL_QP093A-0208_e_-y_-z,CELL_QP093A-0208_e_+x_+y;CELL_QP093A-0208_e_+x_+z;CELL_QP093A-0208_e_+y_+z,true,true,true,true,OPEN_NO_UNIT_MAPPING,OPEN_CONVENTIONAL_ENGINEERING_INPUT,UNEMITTED_CR286_GATE,false,false
CELL_QP093A-0208_GATE_001_TO_110,CELL_QP093A-0208_PAIR_001_110,CELL_QP093A-0208,QP093A-0208,4+6+12,yes,TRIAD_ALLOWED,CELL_QP093A-0208_f_--+,--+,001,CELL_QP093A-0208_f_++-,++-,110,CELL_QP093A-0208_v_+z;CELL_QP093A-0208_v_-x;CELL_QP093A-0208_v_-y,CELL_QP093A-0208_v_+x;CELL_QP093A-0208_v_+y;CELL_QP093A-0208_v_-z,CELL_QP093A-0208_e_-x_+z;CELL_QP093A-0208_e_-x_-y;CELL_QP093A-0208_e_-y_+z,CELL_QP093A-0208_e_+x_+y;CELL_QP093A-0208_e_+x_-z;CELL_QP093A-0208_e_+y_-z,true,true,true,true,OPEN_NO_UNIT_MAPPING,OPEN_CONVENTIONAL_ENGINEERING_INPUT,UNEMITTED_CR286_GATE,false,false
CELL_QP093A-0208_GATE_010_TO_101,CELL_QP093A-0208_PAIR_010_101,CELL_QP093A-0208,QP093A-0208,4+6+12,yes,TRIAD_ALLOWED,CELL_QP093A-0208_f_-+-,-+-,010,CELL_QP093A-0208_f_+-+,+-+,101,CELL_QP093A-0208_v_+y;CELL_QP093A-0208_v_-x;CELL_QP093A-0208_v_-z,CELL_QP093A-0208_v_+x;CELL_QP093A-0208_v_+z;CELL_QP093A-0208_v_-y,CELL_QP093A-0208_e_+y_-z;CELL_QP093A-0208_e_-x_+y;CELL_QP093A-0208_e_-x_-z,CELL_QP093A-0208_e_+x_+z;CELL_QP093A-0208_e_+x_-y;CELL_QP093A-0208_e_-y_+z,true,true,true,true,OPEN_NO_UNIT_MAPPING,OPEN_CONVENTIONAL_ENGINEERING_INPUT,UNEMITTED_CR286_GATE,false,false
CELL_QP093A-0208_GATE_011_TO_100,CELL_QP093A-0208_PAIR_011_100,CELL_QP093A-0208,QP093A-0208,4+6+12,yes,TRIAD_ALLOWED,CELL_QP093A-0208_f_-++,-++,011,CELL_QP093A-0208_f_+--,+--,100,CELL_QP093A-0208_v_+y;CELL_QP093A-0208_v_+z;CELL_QP093A-0208_v_-x,CELL_QP093A-0208_v_+x;CELL_QP093A-0208_v_-y;CELL_QP093A-0208_v_-z,CELL_QP093A-0208_e_+y_+z;CELL_QP093A-0208_e_-x_+y;CELL_QP093A-0208_e_-x_+z,CELL_QP093A-0208_e_+x_-y;CELL_QP093A-0208_e_+x_-z;CELL_QP093A-0208_e_-y_-z,true,true,true,true,OPEN_NO_UNIT_MAPPING,OPEN_CONVENTIONAL_ENGINEERING_INPUT,UNEMITTED_CR286_GATE,false,false
CELL_QP093A-0208_GATE_100_TO_011,CELL_QP093A-0208_PAIR_011_100,CELL_QP093A-0208,QP093A-0208,4+6+12,yes,TRIAD_ALLOWED,CELL_QP093A-0208_f_+--,+--,100,CELL_QP093A-0208_f_-++,-++,011,CELL_QP093A-0208_v_+x;CELL_QP093A-0208_v_-y;CELL_QP093A-0208_v_-z,CELL_QP093A-0208_v_+y;CELL_QP093A-0208_v_+z;CELL_QP093A-0208_v_-x,CELL_QP093A-0208_e_+x_-y;CELL_QP093A-0208_e_+x_-z;CELL_QP093A-0208_e_-y_-z,CELL_QP093A-0208_e_+y_+z;CELL_QP093A-0208_e_-x_+y;CELL_QP093A-0208_e_-x_+z,true,true,true,true,OPEN_NO_UNIT_MAPPING,OPEN_CONVENTIONAL_ENGINEERING_INPUT,UNEMITTED_CR286_GATE,false,false
CELL_QP093A-0208_GATE_101_TO_010,CELL_QP093A-0208_PAIR_010_101,CELL_QP093A-0208,QP093A-0208,4+6+12,yes,TRIAD_ALLOWED,CELL_QP093A-0208_f_+-+,+-+,101,CELL_QP093A-0208_f_-+-,-+-,010,CELL_QP093A-0208_v_+x;CELL_QP093A-0208_v_+z;CELL_QP093A-0208_v_-y,CELL_QP093A-0208_v_+y;CELL_QP093A-0208_v_-x;CELL_QP093A-0208_v_-z,CELL_QP093A-0208_e_+x_+z;CELL_QP093A-0208_e_+x_-y;CELL_QP093A-0208_e_-y_+z,CELL_QP093A-0208_e_+y_-z;CELL_QP093A-0208_e_-x_+y;CELL_QP093A-0208_e_-x_-z,true,true,true,true,OPEN_NO_UNIT_MAPPING,OPEN_CONVENTIONAL_ENGINEERING_INPUT,UNEMITTED_CR286_GATE,false,false
CELL_QP093A-0208_GATE_110_TO_001,CELL_QP093A-0208_PAIR_001_110,CELL_QP093A-0208,QP093A-0208,4+6+12,yes,TRIAD_ALLOWED,CELL_QP093A-0208_f_++-,++-,110,CELL_QP093A-0208_f_--+,--+,001,CELL_QP093A-0208_v_+x;CELL_QP093A-0208_v_+y;CELL_QP093A-0208_v_-z,CELL_QP093A-0208_v_+z;CELL_QP093A-0208_v_-x;CELL_QP093A-0208_v_-y,CELL_QP093A-0208_e_+x_+y;CELL_QP093A-0208_e_+x_-z;CELL_QP093A-0208_e_+y_-z,CELL_QP093A-0208_e_-x_+z;CELL_QP093A-0208_e_-x_-y;CELL_QP093A-0208_e_-y_+z,true,true,true,true,OPEN_NO_UNIT_MAPPING,OPEN_CONVENTIONAL_ENGINEERING_INPUT,UNEMITTED_CR286_GATE,false,false
CELL_QP093A-0208_GATE_111_TO_000,CELL_QP093A-0208_PAIR_000_111,CELL_QP093A-0208,QP093A-0208,4+6+12,yes,TRIAD_ALLOWED,CELL_QP093A-0208_f_+++,+++,111,CELL_QP093A-0208_f_---,---,000,CELL_QP093A-0208_v_+x;CELL_QP093A-0208_v_+y;CELL_QP093A-0208_v_+z,CELL_QP093A-0208_v_-x;CELL_QP093A-0208_v_-y;CELL_QP093A-0208_v_-z,CELL_QP093A-0208_e_+x_+y;CELL_QP093A-0208_e_+x_+z;CELL_QP093A-0208_e_+y_+z,CELL_QP093A-0208_e_-x_-y;CELL_QP093A-0208_e_-x_-z;CELL_QP093A-0208_e_-y_-z,true,true,true,true,OPEN_NO_UNIT_MAPPING,OPEN_CONVENTIONAL_ENGINEERING_INPUT,UNEMITTED_CR286_GATE,false,false
CELL_QP093A-0209_GATE_000_TO_111,CELL_QP093A-0209_PAIR_000_111,CELL_QP093A-0209,QP093A-0209,4+8+8,yes,TRIAD_ALLOWED,CELL_QP093A-0209_f_---,---,000,CELL_QP093A-0209_f_+++,+++,111,CELL_QP093A-0209_v_-x;CELL_QP093A-0209_v_-y;CELL_QP093A-0209_v_-z,CELL_QP093A-0209_v_+x;CELL_QP093A-0209_v_+y;CELL_QP093A-0209_v_+z,CELL_QP093A-0209_e_-x_-y;CELL_QP093A-0209_e_-x_-z;CELL_QP093A-0209_e_-y_-z,CELL_QP093A-0209_e_+x_+y;CELL_QP093A-0209_e_+x_+z;CELL_QP093A-0209_e_+y_+z,true,true,true,true,OPEN_NO_UNIT_MAPPING,OPEN_CONVENTIONAL_ENGINEERING_INPUT,UNEMITTED_CR286_GATE,false,false
CELL_QP093A-0209_GATE_001_TO_110,CELL_QP093A-0209_PAIR_001_110,CELL_QP093A-0209,QP093A-0209,4+8+8,yes,TRIAD_ALLOWED,CELL_QP093A-0209_f_--+,--+,001,CELL_QP093A-0209_f_++-,++-,110,CELL_QP093A-0209_v_+z;CELL_QP093A-0209_v_-x;CELL_QP093A-0209_v_-y,CELL_QP093A-0209_v_+x;CELL_QP093A-0209_v_+y;CELL_QP093A-0209_v_-z,CELL_QP093A-0209_e_-x_+z;CELL_QP093A-0209_e_-x_-y;CELL_QP093A-0209_e_-y_+z,CELL_QP093A-0209_e_+x_+y;CELL_QP093A-0209_e_+x_-z;CELL_QP093A-0209_e_+y_-z,true,true,true,true,OPEN_NO_UNIT_MAPPING,OPEN_CONVENTIONAL_ENGINEERING_INPUT,UNEMITTED_CR286_GATE,false,false
CELL_QP093A-0209_GATE_010_TO_101,CELL_QP093A-0209_PAIR_010_101,CELL_QP093A-0209,QP093A-0209,4+8+8,yes,TRIAD_ALLOWED,CELL_QP093A-0209_f_-+-,-+-,010,CELL_QP093A-0209_f_+-+,+-+,101,CELL_QP093A-0209_v_+y;CELL_QP093A-0209_v_-x;CELL_QP093A-0209_v_-z,CELL_QP093A-0209_v_+x;CELL_QP093A-0209_v_+z;CELL_QP093A-0209_v_-y,CELL_QP093A-0209_e_+y_-z;CELL_QP093A-0209_e_-x_+y;CELL_QP093A-0209_e_-x_-z,CELL_QP093A-0209_e_+x_+z;CELL_QP093A-0209_e_+x_-y;CELL_QP093A-0209_e_-y_+z,true,true,true,true,OPEN_NO_UNIT_MAPPING,OPEN_CONVENTIONAL_ENGINEERING_INPUT,UNEMITTED_CR286_GATE,false,false
CELL_QP093A-0209_GATE_011_TO_100,CELL_QP093A-0209_PAIR_011_100,CELL_QP093A-0209,QP093A-0209,4+8+8,yes,TRIAD_ALLOWED,CELL_QP093A-0209_f_-++,-++,011,CELL_QP093A-0209_f_+--,+--,100,CELL_QP093A-0209_v_+y;CELL_QP093A-0209_v_+z;CELL_QP093A-0209_v_-x,CELL_QP093A-0209_v_+x;CELL_QP093A-0209_v_-y;CELL_QP093A-0209_v_-z,CELL_QP093A-0209_e_+y_+z;CELL_QP093A-0209_e_-x_+y;CELL_QP093A-0209_e_-x_+z,CELL_QP093A-0209_e_+x_-y;CELL_QP093A-0209_e_+x_-z;CELL_QP093A-0209_e_-y_-z,true,true,true,true,OPEN_NO_UNIT_MAPPING,OPEN_CONVENTIONAL_ENGINEERING_INPUT,UNEMITTED_CR286_GATE,false,false
CELL_QP093A-0209_GATE_100_TO_011,CELL_QP093A-0209_PAIR_011_100,CELL_QP093A-0209,QP093A-0209,4+8+8,yes,TRIAD_ALLOWED,CELL_QP093A-0209_f_+--,+--,100,CELL_QP093A-0209_f_-++,-++,011,CELL_QP093A-0209_v_+x;CELL_QP093A-0209_v_-y;CELL_QP093A-0209_v_-z,CELL_QP093A-0209_v_+y;CELL_QP093A-0209_v_+z;CELL_QP093A-0209_v_-x,CELL_QP093A-0209_e_+x_-y;CELL_QP093A-0209_e_+x_-z;CELL_QP093A-0209_e_-y_-z,CELL_QP093A-0209_e_+y_+z;CELL_QP093A-0209_e_-x_+y;CELL_QP093A-0209_e_-x_+z,true,true,true,true,OPEN_NO_UNIT_MAPPING,OPEN_CONVENTIONAL_ENGINEERING_INPUT,UNEMITTED_CR286_GATE,false,false
CELL_QP093A-0209_GATE_101_TO_010,CELL_QP093A-0209_PAIR_010_101,CELL_QP093A-0209,QP093A-0209,4+8+8,yes,TRIAD_ALLOWED,CELL_QP093A-0209_f_+-+,+-+,101,CELL_QP093A-0209_f_-+-,-+-,010,CELL_QP093A-0209_v_+x;CELL_QP093A-0209_v_+z;CELL_QP093A-0209_v_-y,CELL_QP093A-0209_v_+y;CELL_QP093A-0209_v_-x;CELL_QP093A-0209_v_-z,CELL_QP093A-0209_e_+x_+z;CELL_QP093A-0209_e_+x_-y;CELL_QP093A-0209_e_-y_+z,CELL_QP093A-0209_e_+y_-z;CELL_QP093A-0209_e_-x_+y;CELL_QP093A-0209_e_-x_-z,true,true,true,true,OPEN_NO_UNIT_MAPPING,OPEN_CONVENTIONAL_ENGINEERING_INPUT,UNEMITTED_CR286_GATE,false,false
CELL_QP093A-0209_GATE_110_TO_001,CELL_QP093A-0209_PAIR_001_110,CELL_QP093A-0209,QP093A-0209,4+8+8,yes,TRIAD_ALLOWED,CELL_QP093A-0209_f_++-,++-,110,CELL_QP093A-0209_f_--+,--+,001,CELL_QP093A-0209_v_+x;CELL_QP093A-0209_v_+y;CELL_QP093A-0209_v_-z,CELL_QP093A-0209_v_+z;CELL_QP093A-0209_v_-x;CELL_QP093A-0209_v_-y,CELL_QP093A-0209_e_+x_+y;CELL_QP093A-0209_e_+x_-z;CELL_QP093A-0209_e_+y_-z,CELL_QP093A-0209_e_-x_+z;CELL_QP093A-0209_e_-x_-y;CELL_QP093A-0209_e_-y_+z,true,true,true,true,OPEN_NO_UNIT_MAPPING,OPEN_CONVENTIONAL_ENGINEERING_INPUT,UNEMITTED_CR286_GATE,false,false
CELL_QP093A-0209_GATE_111_TO_000,CELL_QP093A-0209_PAIR_000_111,CELL_QP093A-0209,QP093A-0209,4+8+8,yes,TRIAD_ALLOWED,CELL_QP093A-0209_f_+++,+++,111,CELL_QP093A-0209_f_---,---,000,CELL_QP093A-0209_v_+x;CELL_QP093A-0209_v_+y;CELL_QP093A-0209_v_+z,CELL_QP093A-0209_v_-x;CELL_QP093A-0209_v_-y;CELL_QP093A-0209_v_-z,CELL_QP093A-0209_e_+x_+y;CELL_QP093A-0209_e_+x_+z;CELL_QP093A-0209_e_+y_+z,CELL_QP093A-0209_e_-x_-y;CELL_QP093A-0209_e_-x_-z;CELL_QP093A-0209_e_-y_-z,true,true,true,true,OPEN_NO_UNIT_MAPPING,OPEN_CONVENTIONAL_ENGINEERING_INPUT,UNEMITTED_CR286_GATE,false,false
CELL_QP093A-0210_GATE_000_TO_111,CELL_QP093A-0210_PAIR_000_111,CELL_QP093A-0210,QP093A-0210,4+8+9,yes,TRIAD_ALLOWED,CELL_QP093A-0210_f_---,---,000,CELL_QP093A-0210_f_+++,+++,111,CELL_QP093A-0210_v_-x;CELL_QP093A-0210_v_-y;CELL_QP093A-0210_v_-z,CELL_QP093A-0210_v_+x;CELL_QP093A-0210_v_+y;CELL_QP093A-0210_v_+z,CELL_QP093A-0210_e_-x_-y;CELL_QP093A-0210_e_-x_-z;CELL_QP093A-0210_e_-y_-z,CELL_QP093A-0210_e_+x_+y;CELL_QP093A-0210_e_+x_+z;CELL_QP093A-0210_e_+y_+z,true,true,true,true,OPEN_NO_UNIT_MAPPING,OPEN_CONVENTIONAL_ENGINEERING_INPUT,UNEMITTED_CR286_GATE,false,false
CELL_QP093A-0210_GATE_001_TO_110,CELL_QP093A-0210_PAIR_001_110,CELL_QP093A-0210,QP093A-0210,4+8+9,yes,TRIAD_ALLOWED,CELL_QP093A-0210_f_--+,--+,001,CELL_QP093A-0210_f_++-,++-,110,CELL_QP093A-0210_v_+z;CELL_QP093A-0210_v_-x;CELL_QP093A-0210_v_-y,CELL_QP093A-0210_v_+x;CELL_QP093A-0210_v_+y;CELL_QP093A-0210_v_-z,CELL_QP093A-0210_e_-x_+z;CELL_QP093A-0210_e_-x_-y;CELL_QP093A-0210_e_-y_+z,CELL_QP093A-0210_e_+x_+y;CELL_QP093A-0210_e_+x_-z;CELL_QP093A-0210_e_+y_-z,true,true,true,true,OPEN_NO_UNIT_MAPPING,OPEN_CONVENTIONAL_ENGINEERING_INPUT,UNEMITTED_CR286_GATE,false,false
CELL_QP093A-0210_GATE_010_TO_101,CELL_QP093A-0210_PAIR_010_101,CELL_QP093A-0210,QP093A-0210,4+8+9,yes,TRIAD_ALLOWED,CELL_QP093A-0210_f_-+-,-+-,010,CELL_QP093A-0210_f_+-+,+-+,101,CELL_QP093A-0210_v_+y;CELL_QP093A-0210_v_-x;CELL_QP093A-0210_v_-z,CELL_QP093A-0210_v_+x;CELL_QP093A-0210_v_+z;CELL_QP093A-0210_v_-y,CELL_QP093A-0210_e_+y_-z;CELL_QP093A-0210_e_-x_+y;CELL_QP093A-0210_e_-x_-z,CELL_QP093A-0210_e_+x_+z;CELL_QP093A-0210_e_+x_-y;CELL_QP093A-0210_e_-y_+z,true,true,true,true,OPEN_NO_UNIT_MAPPING,OPEN_CONVENTIONAL_ENGINEERING_INPUT,UNEMITTED_CR286_GATE,false,false
CELL_QP093A-0210_GATE_011_TO_100,CELL_QP093A-0210_PAIR_011_100,CELL_QP093A-0210,QP093A-0210,4+8+9,yes,TRIAD_ALLOWED,CELL_QP093A-0210_f_-++,-++,011,CELL_QP093A-0210_f_+--,+--,100,CELL_QP093A-0210_v_+y;CELL_QP093A-0210_v_+z;CELL_QP093A-0210_v_-x,CELL_QP093A-0210_v_+x;CELL_QP093A-0210_v_-y;CELL_QP093A-0210_v_-z,CELL_QP093A-0210_e_+y_+z;CELL_QP093A-0210_e_-x_+y;CELL_QP093A-0210_e_-x_+z,CELL_QP093A-0210_e_+x_-y;CELL_QP093A-0210_e_+x_-z;CELL_QP093A-0210_e_-y_-z,true,true,true,true,OPEN_NO_UNIT_MAPPING,OPEN_CONVENTIONAL_ENGINEERING_INPUT,UNEMITTED_CR286_GATE,false,false
CELL_QP093A-0210_GATE_100_TO_011,CELL_QP093A-0210_PAIR_011_100,CELL_QP093A-0210,QP093A-0210,4+8+9,yes,TRIAD_ALLOWED,CELL_QP093A-0210_f_+--,+--,100,CELL_QP093A-0210_f_-++,-++,011,CELL_QP093A-0210_v_+x;CELL_QP093A-0210_v_-y;CELL_QP093A-0210_v_-z,CELL_QP093A-0210_v_+y;CELL_QP093A-0210_v_+z;CELL_QP093A-0210_v_-x,CELL_QP093A-0210_e_+x_-y;CELL_QP093A-0210_e_+x_-z;CELL_QP093A-0210_e_-y_-z,CELL_QP093A-0210_e_+y_+z;CELL_QP093A-0210_e_-x_+y;CELL_QP093A-0210_e_-x_+z,true,true,true,true,OPEN_NO_UNIT_MAPPING,OPEN_CONVENTIONAL_ENGINEERING_INPUT,UNEMITTED_CR286_GATE,false,false
CELL_QP093A-0210_GATE_101_TO_010,CELL_QP093A-0210_PAIR_010_101,CELL_QP093A-0210,QP093A-0210,4+8+9,yes,TRIAD_ALLOWED,CELL_QP093A-0210_f_+-+,+-+,101,CELL_QP093A-0210_f_-+-,-+-,010,CELL_QP093A-0210_v_+x;CELL_QP093A-0210_v_+z;CELL_QP093A-0210_v_-y,CELL_QP093A-0210_v_+y;CELL_QP093A-0210_v_-x;CELL_QP093A-0210_v_-z,CELL_QP093A-0210_e_+x_+z;CELL_QP093A-0210_e_+x_-y;CELL_QP093A-0210_e_-y_+z,CELL_QP093A-0210_e_+y_-z;CELL_QP093A-0210_e_-x_+y;CELL_QP093A-0210_e_-x_-z,true,true,true,true,OPEN_NO_UNIT_MAPPING,OPEN_CONVENTIONAL_ENGINEERING_INPUT,UNEMITTED_CR286_GATE,false,false
CELL_QP093A-0210_GATE_110_TO_001,CELL_QP093A-0210_PAIR_001_110,CELL_QP093A-0210,QP093A-0210,4+8+9,yes,TRIAD_ALLOWED,CELL_QP093A-0210_f_++-,++-,110,CELL_QP093A-0210_f_--+,--+,001,CELL_QP093A-0210_v_+x;CELL_QP093A-0210_v_+y;CELL_QP093A-0210_v_-z,CELL_QP093A-0210_v_+z;CELL_QP093A-0210_v_-x;CELL_QP093A-0210_v_-y,CELL_QP093A-0210_e_+x_+y;CELL_QP093A-0210_e_+x_-z;CELL_QP093A-0210_e_+y_-z,CELL_QP093A-0210_e_-x_+z;CELL_QP093A-0210_e_-x_-y;CELL_QP093A-0210_e_-y_+z,true,true,true,true,OPEN_NO_UNIT_MAPPING,OPEN_CONVENTIONAL_ENGINEERING_INPUT,UNEMITTED_CR286_GATE,false,false
CELL_QP093A-0210_GATE_111_TO_000,CELL_QP093A-0210_PAIR_000_111,CELL_QP093A-0210,QP093A-0210,4+8+9,yes,TRIAD_ALLOWED,CELL_QP093A-0210_f_+++,+++,111,CELL_QP093A-0210_f_---,---,000,CELL_QP093A-0210_v_+x;CELL_QP093A-0210_v_+y;CELL_QP093A-0210_v_+z,CELL_QP093A-0210_v_-x;CELL_QP093A-0210_v_-y;CELL_QP093A-0210_v_-z,CELL_QP093A-0210_e_+x_+y;CELL_QP093A-0210_e_+x_+z;CELL_QP093A-0210_e_+y_+z,CELL_QP093A-0210_e_-x_-y;CELL_QP093A-0210_e_-x_-z;CELL_QP093A-0210_e_-y_-z,true,true,true,true,OPEN_NO_UNIT_MAPPING,OPEN_CONVENTIONAL_ENGINEERING_INPUT,UNEMITTED_CR286_GATE,false,false
CELL_QP093A-0211_GATE_000_TO_111,CELL_QP093A-0211_PAIR_000_111,CELL_QP093A-0211,QP093A-0211,4+8+12,yes,TRIAD_ALLOWED,CELL_QP093A-0211_f_---,---,000,CELL_QP093A-0211_f_+++,+++,111,CELL_QP093A-0211_v_-x;CELL_QP093A-0211_v_-y;CELL_QP093A-0211_v_-z,CELL_QP093A-0211_v_+x;CELL_QP093A-0211_v_+y;CELL_QP093A-0211_v_+z,CELL_QP093A-0211_e_-x_-y;CELL_QP093A-0211_e_-x_-z;CELL_QP093A-0211_e_-y_-z,CELL_QP093A-0211_e_+x_+y;CELL_QP093A-0211_e_+x_+z;CELL_QP093A-0211_e_+y_+z,true,true,true,true,OPEN_NO_UNIT_MAPPING,OPEN_CONVENTIONAL_ENGINEERING_INPUT,UNEMITTED_CR286_GATE,false,false
CELL_QP093A-0211_GATE_001_TO_110,CELL_QP093A-0211_PAIR_001_110,CELL_QP093A-0211,QP093A-0211,4+8+12,yes,TRIAD_ALLOWED,CELL_QP093A-0211_f_--+,--+,001,CELL_QP093A-0211_f_++-,++-,110,CELL_QP093A-0211_v_+z;CELL_QP093A-0211_v_-x;CELL_QP093A-0211_v_-y,CELL_QP093A-0211_v_+x;CELL_QP093A-0211_v_+y;CELL_QP093A-0211_v_-z,CELL_QP093A-0211_e_-x_+z;CELL_QP093A-0211_e_-x_-y;CELL_QP093A-0211_e_-y_+z,CELL_QP093A-0211_e_+x_+y;CELL_QP093A-0211_e_+x_-z;CELL_QP093A-0211_e_+y_-z,true,true,true,true,OPEN_NO_UNIT_MAPPING,OPEN_CONVENTIONAL_ENGINEERING_INPUT,UNEMITTED_CR286_GATE,false,false
CELL_QP093A-0211_GATE_010_TO_101,CELL_QP093A-0211_PAIR_010_101,CELL_QP093A-0211,QP093A-0211,4+8+12,yes,TRIAD_ALLOWED,CELL_QP093A-0211_f_-+-,-+-,010,CELL_QP093A-0211_f_+-+,+-+,101,CELL_QP093A-0211_v_+y;CELL_QP093A-0211_v_-x;CELL_QP093A-0211_v_-z,CELL_QP093A-0211_v_+x;CELL_QP093A-0211_v_+z;CELL_QP093A-0211_v_-y,CELL_QP093A-0211_e_+y_-z;CELL_QP093A-0211_e_-x_+y;CELL_QP093A-0211_e_-x_-z,CELL_QP093A-0211_e_+x_+z;CELL_QP093A-0211_e_+x_-y;CELL_QP093A-0211_e_-y_+z,true,true,true,true,OPEN_NO_UNIT_MAPPING,OPEN_CONVENTIONAL_ENGINEERING_INPUT,UNEMITTED_CR286_GATE,false,false
CELL_QP093A-0211_GATE_011_TO_100,CELL_QP093A-0211_PAIR_011_100,CELL_QP093A-0211,QP093A-0211,4+8+12,yes,TRIAD_ALLOWED,CELL_QP093A-0211_f_-++,-++,011,CELL_QP093A-0211_f_+--,+--,100,CELL_QP093A-0211_v_+y;CELL_QP093A-0211_v_+z;CELL_QP093A-0211_v_-x,CELL_QP093A-0211_v_+x;CELL_QP093A-0211_v_-y;CELL_QP093A-0211_v_-z,CELL_QP093A-0211_e_+y_+z;CELL_QP093A-0211_e_-x_+y;CELL_QP093A-0211_e_-x_+z,CELL_QP093A-0211_e_+x_-y;CELL_QP093A-0211_e_+x_-z;CELL_QP093A-0211_e_-y_-z,true,true,true,true,OPEN_NO_UNIT_MAPPING,OPEN_CONVENTIONAL_ENGINEERING_INPUT,UNEMITTED_CR286_GATE,false,false
CELL_QP093A-0211_GATE_100_TO_011,CELL_QP093A-0211_PAIR_011_100,CELL_QP093A-0211,QP093A-0211,4+8+12,yes,TRIAD_ALLOWED,CELL_QP093A-0211_f_+--,+--,100,CELL_QP093A-0211_f_-++,-++,011,CELL_QP093A-0211_v_+x;CELL_QP093A-0211_v_-y;CELL_QP093A-0211_v_-z,CELL_QP093A-0211_v_+y;CELL_QP093A-0211_v_+z;CELL_QP093A-0211_v_-x,CELL_QP093A-0211_e_+x_-y;CELL_QP093A-0211_e_+x_-z;CELL_QP093A-0211_e_-y_-z,CELL_QP093A-0211_e_+y_+z;CELL_QP093A-0211_e_-x_+y;CELL_QP093A-0211_e_-x_+z,true,true,true,true,OPEN_NO_UNIT_MAPPING,OPEN_CONVENTIONAL_ENGINEERING_INPUT,UNEMITTED_CR286_GATE,false,false
CELL_QP093A-0211_GATE_101_TO_010,CELL_QP093A-0211_PAIR_010_101,CELL_QP093A-0211,QP093A-0211,4+8+12,yes,TRIAD_ALLOWED,CELL_QP093A-0211_f_+-+,+-+,101,CELL_QP093A-0211_f_-+-,-+-,010,CELL_QP093A-0211_v_+x;CELL_QP093A-0211_v_+z;CELL_QP093A-0211_v_-y,CELL_QP093A-0211_v_+y;CELL_QP093A-0211_v_-x;CELL_QP093A-0211_v_-z,CELL_QP093A-0211_e_+x_+z;CELL_QP093A-0211_e_+x_-y;CELL_QP093A-0211_e_-y_+z,CELL_QP093A-0211_e_+y_-z;CELL_QP093A-0211_e_-x_+y;CELL_QP093A-0211_e_-x_-z,true,true,true,true,OPEN_NO_UNIT_MAPPING,OPEN_CONVENTIONAL_ENGINEERING_INPUT,UNEMITTED_CR286_GATE,false,false
CELL_QP093A-0211_GATE_110_TO_001,CELL_QP093A-0211_PAIR_001_110,CELL_QP093A-0211,QP093A-0211,4+8+12,yes,TRIAD_ALLOWED,CELL_QP093A-0211_f_++-,++-,110,CELL_QP093A-0211_f_--+,--+,001,CELL_QP093A-0211_v_+x;CELL_QP093A-0211_v_+y;CELL_QP093A-0211_v_-z,CELL_QP093A-0211_v_+z;CELL_QP093A-0211_v_-x;CELL_QP093A-0211_v_-y,CELL_QP093A-0211_e_+x_+y;CELL_QP093A-0211_e_+x_-z;CELL_QP093A-0211_e_+y_-z,CELL_QP093A-0211_e_-x_+z;CELL_QP093A-0211_e_-x_-y;CELL_QP093A-0211_e_-y_+z,true,true,true,true,OPEN_NO_UNIT_MAPPING,OPEN_CONVENTIONAL_ENGINEERING_INPUT,UNEMITTED_CR286_GATE,false,false
CELL_QP093A-0211_GATE_111_TO_000,CELL_QP093A-0211_PAIR_000_111,CELL_QP093A-0211,QP093A-0211,4+8+12,yes,TRIAD_ALLOWED,CELL_QP093A-0211_f_+++,+++,111,CELL_QP093A-0211_f_---,---,000,CELL_QP093A-0211_v_+x;CELL_QP093A-0211_v_+y;CELL_QP093A-0211_v_+z,CELL_QP093A-0211_v_-x;CELL_QP093A-0211_v_-y;CELL_QP093A-0211_v_-z,CELL_QP093A-0211_e_+x_+y;CELL_QP093A-0211_e_+x_+z;CELL_QP093A-0211_e_+y_+z,CELL_QP093A-0211_e_-x_-y;CELL_QP093A-0211_e_-x_-z;CELL_QP093A-0211_e_-y_-z,true,true,true,true,OPEN_NO_UNIT_MAPPING,OPEN_CONVENTIONAL_ENGINEERING_INPUT,UNEMITTED_CR286_GATE,false,false
CELL_QP093A-0212_GATE_000_TO_111,CELL_QP093A-0212_PAIR_000_111,CELL_QP093A-0212,QP093A-0212,4+9+9,yes,TRIAD_ALLOWED,CELL_QP093A-0212_f_---,---,000,CELL_QP093A-0212_f_+++,+++,111,CELL_QP093A-0212_v_-x;CELL_QP093A-0212_v_-y;CELL_QP093A-0212_v_-z,CELL_QP093A-0212_v_+x;CELL_QP093A-0212_v_+y;CELL_QP093A-0212_v_+z,CELL_QP093A-0212_e_-x_-y;CELL_QP093A-0212_e_-x_-z;CELL_QP093A-0212_e_-y_-z,CELL_QP093A-0212_e_+x_+y;CELL_QP093A-0212_e_+x_+z;CELL_QP093A-0212_e_+y_+z,true,true,true,true,OPEN_NO_UNIT_MAPPING,OPEN_CONVENTIONAL_ENGINEERING_INPUT,UNEMITTED_CR286_GATE,false,false
CELL_QP093A-0212_GATE_001_TO_110,CELL_QP093A-0212_PAIR_001_110,CELL_QP093A-0212,QP093A-0212,4+9+9,yes,TRIAD_ALLOWED,CELL_QP093A-0212_f_--+,--+,001,CELL_QP093A-0212_f_++-,++-,110,CELL_QP093A-0212_v_+z;CELL_QP093A-0212_v_-x;CELL_QP093A-0212_v_-y,CELL_QP093A-0212_v_+x;CELL_QP093A-0212_v_+y;CELL_QP093A-0212_v_-z,CELL_QP093A-0212_e_-x_+z;CELL_QP093A-0212_e_-x_-y;CELL_QP093A-0212_e_-y_+z,CELL_QP093A-0212_e_+x_+y;CELL_QP093A-0212_e_+x_-z;CELL_QP093A-0212_e_+y_-z,true,true,true,true,OPEN_NO_UNIT_MAPPING,OPEN_CONVENTIONAL_ENGINEERING_INPUT,UNEMITTED_CR286_GATE,false,false
CELL_QP093A-0212_GATE_010_TO_101,CELL_QP093A-0212_PAIR_010_101,CELL_QP093A-0212,QP093A-0212,4+9+9,yes,TRIAD_ALLOWED,CELL_QP093A-0212_f_-+-,-+-,010,CELL_QP093A-0212_f_+-+,+-+,101,CELL_QP093A-0212_v_+y;CELL_QP093A-0212_v_-x;CELL_QP093A-0212_v_-z,CELL_QP093A-0212_v_+x;CELL_QP093A-0212_v_+z;CELL_QP093A-0212_v_-y,CELL_QP093A-0212_e_+y_-z;CELL_QP093A-0212_e_-x_+y;CELL_QP093A-0212_e_-x_-z,CELL_QP093A-0212_e_+x_+z;CELL_QP093A-0212_e_+x_-y;CELL_QP093A-0212_e_-y_+z,true,true,true,true,OPEN_NO_UNIT_MAPPING,OPEN_CONVENTIONAL_ENGINEERING_INPUT,UNEMITTED_CR286_GATE,false,false
CELL_QP093A-0212_GATE_011_TO_100,CELL_QP093A-0212_PAIR_011_100,CELL_QP093A-0212,QP093A-0212,4+9+9,yes,TRIAD_ALLOWED,CELL_QP093A-0212_f_-++,-++,011,CELL_QP093A-0212_f_+--,+--,100,CELL_QP093A-0212_v_+y;CELL_QP093A-0212_v_+z;CELL_QP093A-0212_v_-x,CELL_QP093A-0212_v_+x;CELL_QP093A-0212_v_-y;CELL_QP093A-0212_v_-z,CELL_QP093A-0212_e_+y_+z;CELL_QP093A-0212_e_-x_+y;CELL_QP093A-0212_e_-x_+z,CELL_QP093A-0212_e_+x_-y;CELL_QP093A-0212_e_+x_-z;CELL_QP093A-0212_e_-y_-z,true,true,true,true,OPEN_NO_UNIT_MAPPING,OPEN_CONVENTIONAL_ENGINEERING_INPUT,UNEMITTED_CR286_GATE,false,false
CELL_QP093A-0212_GATE_100_TO_011,CELL_QP093A-0212_PAIR_011_100,CELL_QP093A-0212,QP093A-0212,4+9+9,yes,TRIAD_ALLOWED,CELL_QP093A-0212_f_+--,+--,100,CELL_QP093A-0212_f_-++,-++,011,CELL_QP093A-0212_v_+x;CELL_QP093A-0212_v_-y;CELL_QP093A-0212_v_-z,CELL_QP093A-0212_v_+y;CELL_QP093A-0212_v_+z;CELL_QP093A-0212_v_-x,CELL_QP093A-0212_e_+x_-y;CELL_QP093A-0212_e_+x_-z;CELL_QP093A-0212_e_-y_-z,CELL_QP093A-0212_e_+y_+z;CELL_QP093A-0212_e_-x_+y;CELL_QP093A-0212_e_-x_+z,true,true,true,true,OPEN_NO_UNIT_MAPPING,OPEN_CONVENTIONAL_ENGINEERING_INPUT,UNEMITTED_CR286_GATE,false,false
CELL_QP093A-0212_GATE_101_TO_010,CELL_QP093A-0212_PAIR_010_101,CELL_QP093A-0212,QP093A-0212,4+9+9,yes,TRIAD_ALLOWED,CELL_QP093A-0212_f_+-+,+-+,101,CELL_QP093A-0212_f_-+-,-+-,010,CELL_QP093A-0212_v_+x;CELL_QP093A-0212_v_+z;CELL_QP093A-0212_v_-y,CELL_QP093A-0212_v_+y;CELL_QP093A-0212_v_-x;CELL_QP093A-0212_v_-z,CELL_QP093A-0212_e_+x_+z;CELL_QP093A-0212_e_+x_-y;CELL_QP093A-0212_e_-y_+z,CELL_QP093A-0212_e_+y_-z;CELL_QP093A-0212_e_-x_+y;CELL_QP093A-0212_e_-x_-z,true,true,true,true,OPEN_NO_UNIT_MAPPING,OPEN_CONVENTIONAL_ENGINEERING_INPUT,UNEMITTED_CR286_GATE,false,false
CELL_QP093A-0212_GATE_110_TO_001,CELL_QP093A-0212_PAIR_001_110,CELL_QP093A-0212,QP093A-0212,4+9+9,yes,TRIAD_ALLOWED,CELL_QP093A-0212_f_++-,++-,110,CELL_QP093A-0212_f_--+,--+,001,CELL_QP093A-0212_v_+x;CELL_QP093A-0212_v_+y;CELL_QP093A-0212_v_-z,CELL_QP093A-0212_v_+z;CELL_QP093A-0212_v_-x;CELL_QP093A-0212_v_-y,CELL_QP093A-0212_e_+x_+y;CELL_QP093A-0212_e_+x_-z;CELL_QP093A-0212_e_+y_-z,CELL_QP093A-0212_e_-x_+z;CELL_QP093A-0212_e_-x_-y;CELL_QP093A-0212_e_-y_+z,true,true,true,true,OPEN_NO_UNIT_MAPPING,OPEN_CONVENTIONAL_ENGINEERING_INPUT,UNEMITTED_CR286_GATE,false,false
CELL_QP093A-0212_GATE_111_TO_000,CELL_QP093A-0212_PAIR_000_111,CELL_QP093A-0212,QP093A-0212,4+9+9,yes,TRIAD_ALLOWED,CELL_QP093A-0212_f_+++,+++,111,CELL_QP093A-0212_f_---,---,000,CELL_QP093A-0212_v_+x;CELL_QP093A-0212_v_+y;CELL_QP093A-0212_v_+z,CELL_QP093A-0212_v_-x;CELL_QP093A-0212_v_-y;CELL_QP093A-0212_v_-z,CELL_QP093A-0212_e_+x_+y;CELL_QP093A-0212_e_+x_+z;CELL_QP093A-0212_e_+y_+z,CELL_QP093A-0212_e_-x_-y;CELL_QP093A-0212_e_-x_-z;CELL_QP093A-0212_e_-y_-z,true,true,true,true,OPEN_NO_UNIT_MAPPING,OPEN_CONVENTIONAL_ENGINEERING_INPUT,UNEMITTED_CR286_GATE,false,false
CELL_QP093A-0213_GATE_000_TO_111,CELL_QP093A-0213_PAIR_000_111,CELL_QP093A-0213,QP093A-0213,4+9+12,yes,TRIAD_ALLOWED,CELL_QP093A-0213_f_---,---,000,CELL_QP093A-0213_f_+++,+++,111,CELL_QP093A-0213_v_-x;CELL_QP093A-0213_v_-y;CELL_QP093A-0213_v_-z,CELL_QP093A-0213_v_+x;CELL_QP093A-0213_v_+y;CELL_QP093A-0213_v_+z,CELL_QP093A-0213_e_-x_-y;CELL_QP093A-0213_e_-x_-z;CELL_QP093A-0213_e_-y_-z,CELL_QP093A-0213_e_+x_+y;CELL_QP093A-0213_e_+x_+z;CELL_QP093A-0213_e_+y_+z,true,true,true,true,OPEN_NO_UNIT_MAPPING,OPEN_CONVENTIONAL_ENGINEERING_INPUT,UNEMITTED_CR286_GATE,false,false
CELL_QP093A-0213_GATE_001_TO_110,CELL_QP093A-0213_PAIR_001_110,CELL_QP093A-0213,QP093A-0213,4+9+12,yes,TRIAD_ALLOWED,CELL_QP093A-0213_f_--+,--+,001,CELL_QP093A-0213_f_++-,++-,110,CELL_QP093A-0213_v_+z;CELL_QP093A-0213_v_-x;CELL_QP093A-0213_v_-y,CELL_QP093A-0213_v_+x;CELL_QP093A-0213_v_+y;CELL_QP093A-0213_v_-z,CELL_QP093A-0213_e_-x_+z;CELL_QP093A-0213_e_-x_-y;CELL_QP093A-0213_e_-y_+z,CELL_QP093A-0213_e_+x_+y;CELL_QP093A-0213_e_+x_-z;CELL_QP093A-0213_e_+y_-z,true,true,true,true,OPEN_NO_UNIT_MAPPING,OPEN_CONVENTIONAL_ENGINEERING_INPUT,UNEMITTED_CR286_GATE,false,false
CELL_QP093A-0213_GATE_010_TO_101,CELL_QP093A-0213_PAIR_010_101,CELL_QP093A-0213,QP093A-0213,4+9+12,yes,TRIAD_ALLOWED,CELL_QP093A-0213_f_-+-,-+-,010,CELL_QP093A-0213_f_+-+,+-+,101,CELL_QP093A-0213_v_+y;CELL_QP093A-0213_v_-x;CELL_QP093A-0213_v_-z,CELL_QP093A-0213_v_+x;CELL_QP093A-0213_v_+z;CELL_QP093A-0213_v_-y,CELL_QP093A-0213_e_+y_-z;CELL_QP093A-0213_e_-x_+y;CELL_QP093A-0213_e_-x_-z,CELL_QP093A-0213_e_+x_+z;CELL_QP093A-0213_e_+x_-y;CELL_QP093A-0213_e_-y_+z,true,true,true,true,OPEN_NO_UNIT_MAPPING,OPEN_CONVENTIONAL_ENGINEERING_INPUT,UNEMITTED_CR286_GATE,false,false
CELL_QP093A-0213_GATE_011_TO_100,CELL_QP093A-0213_PAIR_011_100,CELL_QP093A-0213,QP093A-0213,4+9+12,yes,TRIAD_ALLOWED,CELL_QP093A-0213_f_-++,-++,011,CELL_QP093A-0213_f_+--,+--,100,CELL_QP093A-0213_v_+y;CELL_QP093A-0213_v_+z;CELL_QP093A-0213_v_-x,CELL_QP093A-0213_v_+x;CELL_QP093A-0213_v_-y;CELL_QP093A-0213_v_-z,CELL_QP093A-0213_e_+y_+z;CELL_QP093A-0213_e_-x_+y;CELL_QP093A-0213_e_-x_+z,CELL_QP093A-0213_e_+x_-y;CELL_QP093A-0213_e_+x_-z;CELL_QP093A-0213_e_-y_-z,true,true,true,true,OPEN_NO_UNIT_MAPPING,OPEN_CONVENTIONAL_ENGINEERING_INPUT,UNEMITTED_CR286_GATE,false,false
CELL_QP093A-0213_GATE_100_TO_011,CELL_QP093A-0213_PAIR_011_100,CELL_QP093A-0213,QP093A-0213,4+9+12,yes,TRIAD_ALLOWED,CELL_QP093A-0213_f_+--,+--,100,CELL_QP093A-0213_f_-++,-++,011,CELL_QP093A-0213_v_+x;CELL_QP093A-0213_v_-y;CELL_QP093A-0213_v_-z,CELL_QP093A-0213_v_+y;CELL_QP093A-0213_v_+z;CELL_QP093A-0213_v_-x,CELL_QP093A-0213_e_+x_-y;CELL_QP093A-0213_e_+x_-z;CELL_QP093A-0213_e_-y_-z,CELL_QP093A-0213_e_+y_+z;CELL_QP093A-0213_e_-x_+y;CELL_QP093A-0213_e_-x_+z,true,true,true,true,OPEN_NO_UNIT_MAPPING,OPEN_CONVENTIONAL_ENGINEERING_INPUT,UNEMITTED_CR286_GATE,false,false
CELL_QP093A-0213_GATE_101_TO_010,CELL_QP093A-0213_PAIR_010_101,CELL_QP093A-0213,QP093A-0213,4+9+12,yes,TRIAD_ALLOWED,CELL_QP093A-0213_f_+-+,+-+,101,CELL_QP093A-0213_f_-+-,-+-,010,CELL_QP093A-0213_v_+x;CELL_QP093A-0213_v_+z;CELL_QP093A-0213_v_-y,CELL_QP093A-0213_v_+y;CELL_QP093A-0213_v_-x;CELL_QP093A-0213_v_-z,CELL_QP093A-0213_e_+x_+z;CELL_QP093A-0213_e_+x_-y;CELL_QP093A-0213_e_-y_+z,CELL_QP093A-0213_e_+y_-z;CELL_QP093A-0213_e_-x_+y;CELL_QP093A-0213_e_-x_-z,true,true,true,true,OPEN_NO_UNIT_MAPPING,OPEN_CONVENTIONAL_ENGINEERING_INPUT,UNEMITTED_CR286_GATE,false,false
CELL_QP093A-0213_GATE_110_TO_001,CELL_QP093A-0213_PAIR_001_110,CELL_QP093A-0213,QP093A-0213,4+9+12,yes,TRIAD_ALLOWED,CELL_QP093A-0213_f_++-,++-,110,CELL_QP093A-0213_f_--+,--+,001,CELL_QP093A-0213_v_+x;CELL_QP093A-0213_v_+y;CELL_QP093A-0213_v_-z,CELL_QP093A-0213_v_+z;CELL_QP093A-0213_v_-x;CELL_QP093A-0213_v_-y,CELL_QP093A-0213_e_+x_+y;CELL_QP093A-0213_e_+x_-z;CELL_QP093A-0213_e_+y_-z,CELL_QP093A-0213_e_-x_+z;CELL_QP093A-0213_e_-x_-y;CELL_QP093A-0213_e_-y_+z,true,true,true,true,OPEN_NO_UNIT_MAPPING,OPEN_CONVENTIONAL_ENGINEERING_INPUT,UNEMITTED_CR286_GATE,false,false
CELL_QP093A-0213_GATE_111_TO_000,CELL_QP093A-0213_PAIR_000_111,CELL_QP093A-0213,QP093A-0213,4+9+12,yes,TRIAD_ALLOWED,CELL_QP093A-0213_f_+++,+++,111,CELL_QP093A-0213_f_---,---,000,CELL_QP093A-0213_v_+x;CELL_QP093A-0213_v_+y;CELL_QP093A-0213_v_+z,CELL_QP093A-0213_v_-x;CELL_QP093A-0213_v_-y;CELL_QP093A-0213_v_-z,CELL_QP093A-0213_e_+x_+y;CELL_QP093A-0213_e_+x_+z;CELL_QP093A-0213_e_+y_+z,CELL_QP093A-0213_e_-x_-y;CELL_QP093A-0213_e_-x_-z;CELL_QP093A-0213_e_-y_-z,true,true,true,true,OPEN_NO_UNIT_MAPPING,OPEN_CONVENTIONAL_ENGINEERING_INPUT,UNEMITTED_CR286_GATE,false,false
CELL_QP093A-0214_GATE_000_TO_111,CELL_QP093A-0214_PAIR_000_111,CELL_QP093A-0214,QP093A-0214,4+12+12,yes,TRIAD_ALLOWED,CELL_QP093A-0214_f_---,---,000,CELL_QP093A-0214_f_+++,+++,111,CELL_QP093A-0214_v_-x;CELL_QP093A-0214_v_-y;CELL_QP093A-0214_v_-z,CELL_QP093A-0214_v_+x;CELL_QP093A-0214_v_+y;CELL_QP093A-0214_v_+z,CELL_QP093A-0214_e_-x_-y;CELL_QP093A-0214_e_-x_-z;CELL_QP093A-0214_e_-y_-z,CELL_QP093A-0214_e_+x_+y;CELL_QP093A-0214_e_+x_+z;CELL_QP093A-0214_e_+y_+z,true,true,true,true,OPEN_NO_UNIT_MAPPING,OPEN_CONVENTIONAL_ENGINEERING_INPUT,UNEMITTED_CR286_GATE,false,false
CELL_QP093A-0214_GATE_001_TO_110,CELL_QP093A-0214_PAIR_001_110,CELL_QP093A-0214,QP093A-0214,4+12+12,yes,TRIAD_ALLOWED,CELL_QP093A-0214_f_--+,--+,001,CELL_QP093A-0214_f_++-,++-,110,CELL_QP093A-0214_v_+z;CELL_QP093A-0214_v_-x;CELL_QP093A-0214_v_-y,CELL_QP093A-0214_v_+x;CELL_QP093A-0214_v_+y;CELL_QP093A-0214_v_-z,CELL_QP093A-0214_e_-x_+z;CELL_QP093A-0214_e_-x_-y;CELL_QP093A-0214_e_-y_+z,CELL_QP093A-0214_e_+x_+y;CELL_QP093A-0214_e_+x_-z;CELL_QP093A-0214_e_+y_-z,true,true,true,true,OPEN_NO_UNIT_MAPPING,OPEN_CONVENTIONAL_ENGINEERING_INPUT,UNEMITTED_CR286_GATE,false,false
CELL_QP093A-0214_GATE_010_TO_101,CELL_QP093A-0214_PAIR_010_101,CELL_QP093A-0214,QP093A-0214,4+12+12,yes,TRIAD_ALLOWED,CELL_QP093A-0214_f_-+-,-+-,010,CELL_QP093A-0214_f_+-+,+-+,101,CELL_QP093A-0214_v_+y;CELL_QP093A-0214_v_-x;CELL_QP093A-0214_v_-z,CELL_QP093A-0214_v_+x;CELL_QP093A-0214_v_+z;CELL_QP093A-0214_v_-y,CELL_QP093A-0214_e_+y_-z;CELL_QP093A-0214_e_-x_+y;CELL_QP093A-0214_e_-x_-z,CELL_QP093A-0214_e_+x_+z;CELL_QP093A-0214_e_+x_-y;CELL_QP093A-0214_e_-y_+z,true,true,true,true,OPEN_NO_UNIT_MAPPING,OPEN_CONVENTIONAL_ENGINEERING_INPUT,UNEMITTED_CR286_GATE,false,false
CELL_QP093A-0214_GATE_011_TO_100,CELL_QP093A-0214_PAIR_011_100,CELL_QP093A-0214,QP093A-0214,4+12+12,yes,TRIAD_ALLOWED,CELL_QP093A-0214_f_-++,-++,011,CELL_QP093A-0214_f_+--,+--,100,CELL_QP093A-0214_v_+y;CELL_QP093A-0214_v_+z;CELL_QP093A-0214_v_-x,CELL_QP093A-0214_v_+x;CELL_QP093A-0214_v_-y;CELL_QP093A-0214_v_-z,CELL_QP093A-0214_e_+y_+z;CELL_QP093A-0214_e_-x_+y;CELL_QP093A-0214_e_-x_+z,CELL_QP093A-0214_e_+x_-y;CELL_QP093A-0214_e_+x_-z;CELL_QP093A-0214_e_-y_-z,true,true,true,true,OPEN_NO_UNIT_MAPPING,OPEN_CONVENTIONAL_ENGINEERING_INPUT,UNEMITTED_CR286_GATE,false,false
CELL_QP093A-0214_GATE_100_TO_011,CELL_QP093A-0214_PAIR_011_100,CELL_QP093A-0214,QP093A-0214,4+12+12,yes,TRIAD_ALLOWED,CELL_QP093A-0214_f_+--,+--,100,CELL_QP093A-0214_f_-++,-++,011,CELL_QP093A-0214_v_+x;CELL_QP093A-0214_v_-y;CELL_QP093A-0214_v_-z,CELL_QP093A-0214_v_+y;CELL_QP093A-0214_v_+z;CELL_QP093A-0214_v_-x,CELL_QP093A-0214_e_+x_-y;CELL_QP093A-0214_e_+x_-z;CELL_QP093A-0214_e_-y_-z,CELL_QP093A-0214_e_+y_+z;CELL_QP093A-0214_e_-x_+y;CELL_QP093A-0214_e_-x_+z,true,true,true,true,OPEN_NO_UNIT_MAPPING,OPEN_CONVENTIONAL_ENGINEERING_INPUT,UNEMITTED_CR286_GATE,false,false
CELL_QP093A-0214_GATE_101_TO_010,CELL_QP093A-0214_PAIR_010_101,CELL_QP093A-0214,QP093A-0214,4+12+12,yes,TRIAD_ALLOWED,CELL_QP093A-0214_f_+-+,+-+,101,CELL_QP093A-0214_f_-+-,-+-,010,CELL_QP093A-0214_v_+x;CELL_QP093A-0214_v_+z;CELL_QP093A-0214_v_-y,CELL_QP093A-0214_v_+y;CELL_QP093A-0214_v_-x;CELL_QP093A-0214_v_-z,CELL_QP093A-0214_e_+x_+z;CELL_QP093A-0214_e_+x_-y;CELL_QP093A-0214_e_-y_+z,CELL_QP093A-0214_e_+y_-z;CELL_QP093A-0214_e_-x_+y;CELL_QP093A-0214_e_-x_-z,true,true,true,true,OPEN_NO_UNIT_MAPPING,OPEN_CONVENTIONAL_ENGINEERING_INPUT,UNEMITTED_CR286_GATE,false,false
CELL_QP093A-0214_GATE_110_TO_001,CELL_QP093A-0214_PAIR_001_110,CELL_QP093A-0214,QP093A-0214,4+12+12,yes,TRIAD_ALLOWED,CELL_QP093A-0214_f_++-,++-,110,CELL_QP093A-0214_f_--+,--+,001,CELL_QP093A-0214_v_+x;CELL_QP093A-0214_v_+y;CELL_QP093A-0214_v_-z,CELL_QP093A-0214_v_+z;CELL_QP093A-0214_v_-x;CELL_QP093A-0214_v_-y,CELL_QP093A-0214_e_+x_+y;CELL_QP093A-0214_e_+x_-z;CELL_QP093A-0214_e_+y_-z,CELL_QP093A-0214_e_-x_+z;CELL_QP093A-0214_e_-x_-y;CELL_QP093A-0214_e_-y_+z,true,true,true,true,OPEN_NO_UNIT_MAPPING,OPEN_CONVENTIONAL_ENGINEERING_INPUT,UNEMITTED_CR286_GATE,false,false
CELL_QP093A-0214_GATE_111_TO_000,CELL_QP093A-0214_PAIR_000_111,CELL_QP093A-0214,QP093A-0214,4+12+12,yes,TRIAD_ALLOWED,CELL_QP093A-0214_f_+++,+++,111,CELL_QP093A-0214_f_---,---,000,CELL_QP093A-0214_v_+x;CELL_QP093A-0214_v_+y;CELL_QP093A-0214_v_+z,CELL_QP093A-0214_v_-x;CELL_QP093A-0214_v_-y;CELL_QP093A-0214_v_-z,CELL_QP093A-0214_e_+x_+y;CELL_QP093A-0214_e_+x_+z;CELL_QP093A-0214_e_+y_+z,CELL_QP093A-0214_e_-x_-y;CELL_QP093A-0214_e_-x_-z;CELL_QP093A-0214_e_-y_-z,true,true,true,true,OPEN_NO_UNIT_MAPPING,OPEN_CONVENTIONAL_ENGINEERING_INPUT,UNEMITTED_CR286_GATE,false,false
CELL_QP093A-0215_GATE_000_TO_111,CELL_QP093A-0215_PAIR_000_111,CELL_QP093A-0215,QP093A-0215,6+6+6,no,TRIAD_SURFACE_REJECTED,CELL_QP093A-0215_f_---,---,000,CELL_QP093A-0215_f_+++,+++,111,CELL_QP093A-0215_v_-x;CELL_QP093A-0215_v_-y;CELL_QP093A-0215_v_-z,CELL_QP093A-0215_v_+x;CELL_QP093A-0215_v_+y;CELL_QP093A-0215_v_+z,CELL_QP093A-0215_e_-x_-y;CELL_QP093A-0215_e_-x_-z;CELL_QP093A-0215_e_-y_-z,CELL_QP093A-0215_e_+x_+y;CELL_QP093A-0215_e_+x_+z;CELL_QP093A-0215_e_+y_+z,true,true,true,true,OPEN_NO_UNIT_MAPPING,OPEN_CONVENTIONAL_ENGINEERING_INPUT,UNEMITTED_CR286_GATE,false,false
CELL_QP093A-0215_GATE_001_TO_110,CELL_QP093A-0215_PAIR_001_110,CELL_QP093A-0215,QP093A-0215,6+6+6,no,TRIAD_SURFACE_REJECTED,CELL_QP093A-0215_f_--+,--+,001,CELL_QP093A-0215_f_++-,++-,110,CELL_QP093A-0215_v_+z;CELL_QP093A-0215_v_-x;CELL_QP093A-0215_v_-y,CELL_QP093A-0215_v_+x;CELL_QP093A-0215_v_+y;CELL_QP093A-0215_v_-z,CELL_QP093A-0215_e_-x_+z;CELL_QP093A-0215_e_-x_-y;CELL_QP093A-0215_e_-y_+z,CELL_QP093A-0215_e_+x_+y;CELL_QP093A-0215_e_+x_-z;CELL_QP093A-0215_e_+y_-z,true,true,true,true,OPEN_NO_UNIT_MAPPING,OPEN_CONVENTIONAL_ENGINEERING_INPUT,UNEMITTED_CR286_GATE,false,false
CELL_QP093A-0215_GATE_010_TO_101,CELL_QP093A-0215_PAIR_010_101,CELL_QP093A-0215,QP093A-0215,6+6+6,no,TRIAD_SURFACE_REJECTED,CELL_QP093A-0215_f_-+-,-+-,010,CELL_QP093A-0215_f_+-+,+-+,101,CELL_QP093A-0215_v_+y;CELL_QP093A-0215_v_-x;CELL_QP093A-0215_v_-z,CELL_QP093A-0215_v_+x;CELL_QP093A-0215_v_+z;CELL_QP093A-0215_v_-y,CELL_QP093A-0215_e_+y_-z;CELL_QP093A-0215_e_-x_+y;CELL_QP093A-0215_e_-x_-z,CELL_QP093A-0215_e_+x_+z;CELL_QP093A-0215_e_+x_-y;CELL_QP093A-0215_e_-y_+z,true,true,true,true,OPEN_NO_UNIT_MAPPING,OPEN_CONVENTIONAL_ENGINEERING_INPUT,UNEMITTED_CR286_GATE,false,false
CELL_QP093A-0215_GATE_011_TO_100,CELL_QP093A-0215_PAIR_011_100,CELL_QP093A-0215,QP093A-0215,6+6+6,no,TRIAD_SURFACE_REJECTED,CELL_QP093A-0215_f_-++,-++,011,CELL_QP093A-0215_f_+--,+--,100,CELL_QP093A-0215_v_+y;CELL_QP093A-0215_v_+z;CELL_QP093A-0215_v_-x,CELL_QP093A-0215_v_+x;CELL_QP093A-0215_v_-y;CELL_QP093A-0215_v_-z,CELL_QP093A-0215_e_+y_+z;CELL_QP093A-0215_e_-x_+y;CELL_QP093A-0215_e_-x_+z,CELL_QP093A-0215_e_+x_-y;CELL_QP093A-0215_e_+x_-z;CELL_QP093A-0215_e_-y_-z,true,true,true,true,OPEN_NO_UNIT_MAPPING,OPEN_CONVENTIONAL_ENGINEERING_INPUT,UNEMITTED_CR286_GATE,false,false
CELL_QP093A-0215_GATE_100_TO_011,CELL_QP093A-0215_PAIR_011_100,CELL_QP093A-0215,QP093A-0215,6+6+6,no,TRIAD_SURFACE_REJECTED,CELL_QP093A-0215_f_+--,+--,100,CELL_QP093A-0215_f_-++,-++,011,CELL_QP093A-0215_v_+x;CELL_QP093A-0215_v_-y;CELL_QP093A-0215_v_-z,CELL_QP093A-0215_v_+y;CELL_QP093A-0215_v_+z;CELL_QP093A-0215_v_-x,CELL_QP093A-0215_e_+x_-y;CELL_QP093A-0215_e_+x_-z;CELL_QP093A-0215_e_-y_-z,CELL_QP093A-0215_e_+y_+z;CELL_QP093A-0215_e_-x_+y;CELL_QP093A-0215_e_-x_+z,true,true,true,true,OPEN_NO_UNIT_MAPPING,OPEN_CONVENTIONAL_ENGINEERING_INPUT,UNEMITTED_CR286_GATE,false,false
CELL_QP093A-0215_GATE_101_TO_010,CELL_QP093A-0215_PAIR_010_101,CELL_QP093A-0215,QP093A-0215,6+6+6,no,TRIAD_SURFACE_REJECTED,CELL_QP093A-0215_f_+-+,+-+,101,CELL_QP093A-0215_f_-+-,-+-,010,CELL_QP093A-0215_v_+x;CELL_QP093A-0215_v_+z;CELL_QP093A-0215_v_-y,CELL_QP093A-0215_v_+y;CELL_QP093A-0215_v_-x;CELL_QP093A-0215_v_-z,CELL_QP093A-0215_e_+x_+z;CELL_QP093A-0215_e_+x_-y;CELL_QP093A-0215_e_-y_+z,CELL_QP093A-0215_e_+y_-z;CELL_QP093A-0215_e_-x_+y;CELL_QP093A-0215_e_-x_-z,true,true,true,true,OPEN_NO_UNIT_MAPPING,OPEN_CONVENTIONAL_ENGINEERING_INPUT,UNEMITTED_CR286_GATE,false,false
CELL_QP093A-0215_GATE_110_TO_001,CELL_QP093A-0215_PAIR_001_110,CELL_QP093A-0215,QP093A-0215,6+6+6,no,TRIAD_SURFACE_REJECTED,CELL_QP093A-0215_f_++-,++-,110,CELL_QP093A-0215_f_--+,--+,001,CELL_QP093A-0215_v_+x;CELL_QP093A-0215_v_+y;CELL_QP093A-0215_v_-z,CELL_QP093A-0215_v_+z;CELL_QP093A-0215_v_-x;CELL_QP093A-0215_v_-y,CELL_QP093A-0215_e_+x_+y;CELL_QP093A-0215_e_+x_-z;CELL_QP093A-0215_e_+y_-z,CELL_QP093A-0215_e_-x_+z;CELL_QP093A-0215_e_-x_-y;CELL_QP093A-0215_e_-y_+z,true,true,true,true,OPEN_NO_UNIT_MAPPING,OPEN_CONVENTIONAL_ENGINEERING_INPUT,UNEMITTED_CR286_GATE,false,false
CELL_QP093A-0215_GATE_111_TO_000,CELL_QP093A-0215_PAIR_000_111,CELL_QP093A-0215,QP093A-0215,6+6+6,no,TRIAD_SURFACE_REJECTED,CELL_QP093A-0215_f_+++,+++,111,CELL_QP093A-0215_f_---,---,000,CELL_QP093A-0215_v_+x;CELL_QP093A-0215_v_+y;CELL_QP093A-0215_v_+z,CELL_QP093A-0215_v_-x;CELL_QP093A-0215_v_-y;CELL_QP093A-0215_v_-z,CELL_QP093A-0215_e_+x_+y;CELL_QP093A-0215_e_+x_+z;CELL_QP093A-0215_e_+y_+z,CELL_QP093A-0215_e_-x_-y;CELL_QP093A-0215_e_-x_-z;CELL_QP093A-0215_e_-y_-z,true,true,true,true,OPEN_NO_UNIT_MAPPING,OPEN_CONVENTIONAL_ENGINEERING_INPUT,UNEMITTED_CR286_GATE,false,false
CELL_QP093A-0216_GATE_000_TO_111,CELL_QP093A-0216_PAIR_000_111,CELL_QP093A-0216,QP093A-0216,6+6+8,yes,TRIAD_ALLOWED,CELL_QP093A-0216_f_---,---,000,CELL_QP093A-0216_f_+++,+++,111,CELL_QP093A-0216_v_-x;CELL_QP093A-0216_v_-y;CELL_QP093A-0216_v_-z,CELL_QP093A-0216_v_+x;CELL_QP093A-0216_v_+y;CELL_QP093A-0216_v_+z,CELL_QP093A-0216_e_-x_-y;CELL_QP093A-0216_e_-x_-z;CELL_QP093A-0216_e_-y_-z,CELL_QP093A-0216_e_+x_+y;CELL_QP093A-0216_e_+x_+z;CELL_QP093A-0216_e_+y_+z,true,true,true,true,OPEN_NO_UNIT_MAPPING,OPEN_CONVENTIONAL_ENGINEERING_INPUT,UNEMITTED_CR286_GATE,false,false
CELL_QP093A-0216_GATE_001_TO_110,CELL_QP093A-0216_PAIR_001_110,CELL_QP093A-0216,QP093A-0216,6+6+8,yes,TRIAD_ALLOWED,CELL_QP093A-0216_f_--+,--+,001,CELL_QP093A-0216_f_++-,++-,110,CELL_QP093A-0216_v_+z;CELL_QP093A-0216_v_-x;CELL_QP093A-0216_v_-y,CELL_QP093A-0216_v_+x;CELL_QP093A-0216_v_+y;CELL_QP093A-0216_v_-z,CELL_QP093A-0216_e_-x_+z;CELL_QP093A-0216_e_-x_-y;CELL_QP093A-0216_e_-y_+z,CELL_QP093A-0216_e_+x_+y;CELL_QP093A-0216_e_+x_-z;CELL_QP093A-0216_e_+y_-z,true,true,true,true,OPEN_NO_UNIT_MAPPING,OPEN_CONVENTIONAL_ENGINEERING_INPUT,UNEMITTED_CR286_GATE,false,false
CELL_QP093A-0216_GATE_010_TO_101,CELL_QP093A-0216_PAIR_010_101,CELL_QP093A-0216,QP093A-0216,6+6+8,yes,TRIAD_ALLOWED,CELL_QP093A-0216_f_-+-,-+-,010,CELL_QP093A-0216_f_+-+,+-+,101,CELL_QP093A-0216_v_+y;CELL_QP093A-0216_v_-x;CELL_QP093A-0216_v_-z,CELL_QP093A-0216_v_+x;CELL_QP093A-0216_v_+z;CELL_QP093A-0216_v_-y,CELL_QP093A-0216_e_+y_-z;CELL_QP093A-0216_e_-x_+y;CELL_QP093A-0216_e_-x_-z,CELL_QP093A-0216_e_+x_+z;CELL_QP093A-0216_e_+x_-y;CELL_QP093A-0216_e_-y_+z,true,true,true,true,OPEN_NO_UNIT_MAPPING,OPEN_CONVENTIONAL_ENGINEERING_INPUT,UNEMITTED_CR286_GATE,false,false
CELL_QP093A-0216_GATE_011_TO_100,CELL_QP093A-0216_PAIR_011_100,CELL_QP093A-0216,QP093A-0216,6+6+8,yes,TRIAD_ALLOWED,CELL_QP093A-0216_f_-++,-++,011,CELL_QP093A-0216_f_+--,+--,100,CELL_QP093A-0216_v_+y;CELL_QP093A-0216_v_+z;CELL_QP093A-0216_v_-x,CELL_QP093A-0216_v_+x;CELL_QP093A-0216_v_-y;CELL_QP093A-0216_v_-z,CELL_QP093A-0216_e_+y_+z;CELL_QP093A-0216_e_-x_+y;CELL_QP093A-0216_e_-x_+z,CELL_QP093A-0216_e_+x_-y;CELL_QP093A-0216_e_+x_-z;CELL_QP093A-0216_e_-y_-z,true,true,true,true,OPEN_NO_UNIT_MAPPING,OPEN_CONVENTIONAL_ENGINEERING_INPUT,UNEMITTED_CR286_GATE,false,false
CELL_QP093A-0216_GATE_100_TO_011,CELL_QP093A-0216_PAIR_011_100,CELL_QP093A-0216,QP093A-0216,6+6+8,yes,TRIAD_ALLOWED,CELL_QP093A-0216_f_+--,+--,100,CELL_QP093A-0216_f_-++,-++,011,CELL_QP093A-0216_v_+x;CELL_QP093A-0216_v_-y;CELL_QP093A-0216_v_-z,CELL_QP093A-0216_v_+y;CELL_QP093A-0216_v_+z;CELL_QP093A-0216_v_-x,CELL_QP093A-0216_e_+x_-y;CELL_QP093A-0216_e_+x_-z;CELL_QP093A-0216_e_-y_-z,CELL_QP093A-0216_e_+y_+z;CELL_QP093A-0216_e_-x_+y;CELL_QP093A-0216_e_-x_+z,true,true,true,true,OPEN_NO_UNIT_MAPPING,OPEN_CONVENTIONAL_ENGINEERING_INPUT,UNEMITTED_CR286_GATE,false,false
CELL_QP093A-0216_GATE_101_TO_010,CELL_QP093A-0216_PAIR_010_101,CELL_QP093A-0216,QP093A-0216,6+6+8,yes,TRIAD_ALLOWED,CELL_QP093A-0216_f_+-+,+-+,101,CELL_QP093A-0216_f_-+-,-+-,010,CELL_QP093A-0216_v_+x;CELL_QP093A-0216_v_+z;CELL_QP093A-0216_v_-y,CELL_QP093A-0216_v_+y;CELL_QP093A-0216_v_-x;CELL_QP093A-0216_v_-z,CELL_QP093A-0216_e_+x_+z;CELL_QP093A-0216_e_+x_-y;CELL_QP093A-0216_e_-y_+z,CELL_QP093A-0216_e_+y_-z;CELL_QP093A-0216_e_-x_+y;CELL_QP093A-0216_e_-x_-z,true,true,true,true,OPEN_NO_UNIT_MAPPING,OPEN_CONVENTIONAL_ENGINEERING_INPUT,UNEMITTED_CR286_GATE,false,false
CELL_QP093A-0216_GATE_110_TO_001,CELL_QP093A-0216_PAIR_001_110,CELL_QP093A-0216,QP093A-0216,6+6+8,yes,TRIAD_ALLOWED,CELL_QP093A-0216_f_++-,++-,110,CELL_QP093A-0216_f_--+,--+,001,CELL_QP093A-0216_v_+x;CELL_QP093A-0216_v_+y;CELL_QP093A-0216_v_-z,CELL_QP093A-0216_v_+z;CELL_QP093A-0216_v_-x;CELL_QP093A-0216_v_-y,CELL_QP093A-0216_e_+x_+y;CELL_QP093A-0216_e_+x_-z;CELL_QP093A-0216_e_+y_-z,CELL_QP093A-0216_e_-x_+z;CELL_QP093A-0216_e_-x_-y;CELL_QP093A-0216_e_-y_+z,true,true,true,true,OPEN_NO_UNIT_MAPPING,OPEN_CONVENTIONAL_ENGINEERING_INPUT,UNEMITTED_CR286_GATE,false,false
CELL_QP093A-0216_GATE_111_TO_000,CELL_QP093A-0216_PAIR_000_111,CELL_QP093A-0216,QP093A-0216,6+6+8,yes,TRIAD_ALLOWED,CELL_QP093A-0216_f_+++,+++,111,CELL_QP093A-0216_f_---,---,000,CELL_QP093A-0216_v_+x;CELL_QP093A-0216_v_+y;CELL_QP093A-0216_v_+z,CELL_QP093A-0216_v_-x;CELL_QP093A-0216_v_-y;CELL_QP093A-0216_v_-z,CELL_QP093A-0216_e_+x_+y;CELL_QP093A-0216_e_+x_+z;CELL_QP093A-0216_e_+y_+z,CELL_QP093A-0216_e_-x_-y;CELL_QP093A-0216_e_-x_-z;CELL_QP093A-0216_e_-y_-z,true,true,true,true,OPEN_NO_UNIT_MAPPING,OPEN_CONVENTIONAL_ENGINEERING_INPUT,UNEMITTED_CR286_GATE,false,false
CELL_QP093A-0217_GATE_000_TO_111,CELL_QP093A-0217_PAIR_000_111,CELL_QP093A-0217,QP093A-0217,6+6+9,no,TRIAD_SURFACE_REJECTED,CELL_QP093A-0217_f_---,---,000,CELL_QP093A-0217_f_+++,+++,111,CELL_QP093A-0217_v_-x;CELL_QP093A-0217_v_-y;CELL_QP093A-0217_v_-z,CELL_QP093A-0217_v_+x;CELL_QP093A-0217_v_+y;CELL_QP093A-0217_v_+z,CELL_QP093A-0217_e_-x_-y;CELL_QP093A-0217_e_-x_-z;CELL_QP093A-0217_e_-y_-z,CELL_QP093A-0217_e_+x_+y;CELL_QP093A-0217_e_+x_+z;CELL_QP093A-0217_e_+y_+z,true,true,true,true,OPEN_NO_UNIT_MAPPING,OPEN_CONVENTIONAL_ENGINEERING_INPUT,UNEMITTED_CR286_GATE,false,false
CELL_QP093A-0217_GATE_001_TO_110,CELL_QP093A-0217_PAIR_001_110,CELL_QP093A-0217,QP093A-0217,6+6+9,no,TRIAD_SURFACE_REJECTED,CELL_QP093A-0217_f_--+,--+,001,CELL_QP093A-0217_f_++-,++-,110,CELL_QP093A-0217_v_+z;CELL_QP093A-0217_v_-x;CELL_QP093A-0217_v_-y,CELL_QP093A-0217_v_+x;CELL_QP093A-0217_v_+y;CELL_QP093A-0217_v_-z,CELL_QP093A-0217_e_-x_+z;CELL_QP093A-0217_e_-x_-y;CELL_QP093A-0217_e_-y_+z,CELL_QP093A-0217_e_+x_+y;CELL_QP093A-0217_e_+x_-z;CELL_QP093A-0217_e_+y_-z,true,true,true,true,OPEN_NO_UNIT_MAPPING,OPEN_CONVENTIONAL_ENGINEERING_INPUT,UNEMITTED_CR286_GATE,false,false
CELL_QP093A-0217_GATE_010_TO_101,CELL_QP093A-0217_PAIR_010_101,CELL_QP093A-0217,QP093A-0217,6+6+9,no,TRIAD_SURFACE_REJECTED,CELL_QP093A-0217_f_-+-,-+-,010,CELL_QP093A-0217_f_+-+,+-+,101,CELL_QP093A-0217_v_+y;CELL_QP093A-0217_v_-x;CELL_QP093A-0217_v_-z,CELL_QP093A-0217_v_+x;CELL_QP093A-0217_v_+z;CELL_QP093A-0217_v_-y,CELL_QP093A-0217_e_+y_-z;CELL_QP093A-0217_e_-x_+y;CELL_QP093A-0217_e_-x_-z,CELL_QP093A-0217_e_+x_+z;CELL_QP093A-0217_e_+x_-y;CELL_QP093A-0217_e_-y_+z,true,true,true,true,OPEN_NO_UNIT_MAPPING,OPEN_CONVENTIONAL_ENGINEERING_INPUT,UNEMITTED_CR286_GATE,false,false
CELL_QP093A-0217_GATE_011_TO_100,CELL_QP093A-0217_PAIR_011_100,CELL_QP093A-0217,QP093A-0217,6+6+9,no,TRIAD_SURFACE_REJECTED,CELL_QP093A-0217_f_-++,-++,011,CELL_QP093A-0217_f_+--,+--,100,CELL_QP093A-0217_v_+y;CELL_QP093A-0217_v_+z;CELL_QP093A-0217_v_-x,CELL_QP093A-0217_v_+x;CELL_QP093A-0217_v_-y;CELL_QP093A-0217_v_-z,CELL_QP093A-0217_e_+y_+z;CELL_QP093A-0217_e_-x_+y;CELL_QP093A-0217_e_-x_+z,CELL_QP093A-0217_e_+x_-y;CELL_QP093A-0217_e_+x_-z;CELL_QP093A-0217_e_-y_-z,true,true,true,true,OPEN_NO_UNIT_MAPPING,OPEN_CONVENTIONAL_ENGINEERING_INPUT,UNEMITTED_CR286_GATE,false,false
CELL_QP093A-0217_GATE_100_TO_011,CELL_QP093A-0217_PAIR_011_100,CELL_QP093A-0217,QP093A-0217,6+6+9,no,TRIAD_SURFACE_REJECTED,CELL_QP093A-0217_f_+--,+--,100,CELL_QP093A-0217_f_-++,-++,011,CELL_QP093A-0217_v_+x;CELL_QP093A-0217_v_-y;CELL_QP093A-0217_v_-z,CELL_QP093A-0217_v_+y;CELL_QP093A-0217_v_+z;CELL_QP093A-0217_v_-x,CELL_QP093A-0217_e_+x_-y;CELL_QP093A-0217_e_+x_-z;CELL_QP093A-0217_e_-y_-z,CELL_QP093A-0217_e_+y_+z;CELL_QP093A-0217_e_-x_+y;CELL_QP093A-0217_e_-x_+z,true,true,true,true,OPEN_NO_UNIT_MAPPING,OPEN_CONVENTIONAL_ENGINEERING_INPUT,UNEMITTED_CR286_GATE,false,false
CELL_QP093A-0217_GATE_101_TO_010,CELL_QP093A-0217_PAIR_010_101,CELL_QP093A-0217,QP093A-0217,6+6+9,no,TRIAD_SURFACE_REJECTED,CELL_QP093A-0217_f_+-+,+-+,101,CELL_QP093A-0217_f_-+-,-+-,010,CELL_QP093A-0217_v_+x;CELL_QP093A-0217_v_+z;CELL_QP093A-0217_v_-y,CELL_QP093A-0217_v_+y;CELL_QP093A-0217_v_-x;CELL_QP093A-0217_v_-z,CELL_QP093A-0217_e_+x_+z;CELL_QP093A-0217_e_+x_-y;CELL_QP093A-0217_e_-y_+z,CELL_QP093A-0217_e_+y_-z;CELL_QP093A-0217_e_-x_+y;CELL_QP093A-0217_e_-x_-z,true,true,true,true,OPEN_NO_UNIT_MAPPING,OPEN_CONVENTIONAL_ENGINEERING_INPUT,UNEMITTED_CR286_GATE,false,false
CELL_QP093A-0217_GATE_110_TO_001,CELL_QP093A-0217_PAIR_001_110,CELL_QP093A-0217,QP093A-0217,6+6+9,no,TRIAD_SURFACE_REJECTED,CELL_QP093A-0217_f_++-,++-,110,CELL_QP093A-0217_f_--+,--+,001,CELL_QP093A-0217_v_+x;CELL_QP093A-0217_v_+y;CELL_QP093A-0217_v_-z,CELL_QP093A-0217_v_+z;CELL_QP093A-0217_v_-x;CELL_QP093A-0217_v_-y,CELL_QP093A-0217_e_+x_+y;CELL_QP093A-0217_e_+x_-z;CELL_QP093A-0217_e_+y_-z,CELL_QP093A-0217_e_-x_+z;CELL_QP093A-0217_e_-x_-y;CELL_QP093A-0217_e_-y_+z,true,true,true,true,OPEN_NO_UNIT_MAPPING,OPEN_CONVENTIONAL_ENGINEERING_INPUT,UNEMITTED_CR286_GATE,false,false
CELL_QP093A-0217_GATE_111_TO_000,CELL_QP093A-0217_PAIR_000_111,CELL_QP093A-0217,QP093A-0217,6+6+9,no,TRIAD_SURFACE_REJECTED,CELL_QP093A-0217_f_+++,+++,111,CELL_QP093A-0217_f_---,---,000,CELL_QP093A-0217_v_+x;CELL_QP093A-0217_v_+y;CELL_QP093A-0217_v_+z,CELL_QP093A-0217_v_-x;CELL_QP093A-0217_v_-y;CELL_QP093A-0217_v_-z,CELL_QP093A-0217_e_+x_+y;CELL_QP093A-0217_e_+x_+z;CELL_QP093A-0217_e_+y_+z,CELL_QP093A-0217_e_-x_-y;CELL_QP093A-0217_e_-x_-z;CELL_QP093A-0217_e_-y_-z,true,true,true,true,OPEN_NO_UNIT_MAPPING,OPEN_CONVENTIONAL_ENGINEERING_INPUT,UNEMITTED_CR286_GATE,false,false
CELL_QP093A-0218_GATE_000_TO_111,CELL_QP093A-0218_PAIR_000_111,CELL_QP093A-0218,QP093A-0218,6+6+12,no,TRIAD_SURFACE_REJECTED,CELL_QP093A-0218_f_---,---,000,CELL_QP093A-0218_f_+++,+++,111,CELL_QP093A-0218_v_-x;CELL_QP093A-0218_v_-y;CELL_QP093A-0218_v_-z,CELL_QP093A-0218_v_+x;CELL_QP093A-0218_v_+y;CELL_QP093A-0218_v_+z,CELL_QP093A-0218_e_-x_-y;CELL_QP093A-0218_e_-x_-z;CELL_QP093A-0218_e_-y_-z,CELL_QP093A-0218_e_+x_+y;CELL_QP093A-0218_e_+x_+z;CELL_QP093A-0218_e_+y_+z,true,true,true,true,OPEN_NO_UNIT_MAPPING,OPEN_CONVENTIONAL_ENGINEERING_INPUT,UNEMITTED_CR286_GATE,false,false
CELL_QP093A-0218_GATE_001_TO_110,CELL_QP093A-0218_PAIR_001_110,CELL_QP093A-0218,QP093A-0218,6+6+12,no,TRIAD_SURFACE_REJECTED,CELL_QP093A-0218_f_--+,--+,001,CELL_QP093A-0218_f_++-,++-,110,CELL_QP093A-0218_v_+z;CELL_QP093A-0218_v_-x;CELL_QP093A-0218_v_-y,CELL_QP093A-0218_v_+x;CELL_QP093A-0218_v_+y;CELL_QP093A-0218_v_-z,CELL_QP093A-0218_e_-x_+z;CELL_QP093A-0218_e_-x_-y;CELL_QP093A-0218_e_-y_+z,CELL_QP093A-0218_e_+x_+y;CELL_QP093A-0218_e_+x_-z;CELL_QP093A-0218_e_+y_-z,true,true,true,true,OPEN_NO_UNIT_MAPPING,OPEN_CONVENTIONAL_ENGINEERING_INPUT,UNEMITTED_CR286_GATE,false,false
CELL_QP093A-0218_GATE_010_TO_101,CELL_QP093A-0218_PAIR_010_101,CELL_QP093A-0218,QP093A-0218,6+6+12,no,TRIAD_SURFACE_REJECTED,CELL_QP093A-0218_f_-+-,-+-,010,CELL_QP093A-0218_f_+-+,+-+,101,CELL_QP093A-0218_v_+y;CELL_QP093A-0218_v_-x;CELL_QP093A-0218_v_-z,CELL_QP093A-0218_v_+x;CELL_QP093A-0218_v_+z;CELL_QP093A-0218_v_-y,CELL_QP093A-0218_e_+y_-z;CELL_QP093A-0218_e_-x_+y;CELL_QP093A-0218_e_-x_-z,CELL_QP093A-0218_e_+x_+z;CELL_QP093A-0218_e_+x_-y;CELL_QP093A-0218_e_-y_+z,true,true,true,true,OPEN_NO_UNIT_MAPPING,OPEN_CONVENTIONAL_ENGINEERING_INPUT,UNEMITTED_CR286_GATE,false,false
CELL_QP093A-0218_GATE_011_TO_100,CELL_QP093A-0218_PAIR_011_100,CELL_QP093A-0218,QP093A-0218,6+6+12,no,TRIAD_SURFACE_REJECTED,CELL_QP093A-0218_f_-++,-++,011,CELL_QP093A-0218_f_+--,+--,100,CELL_QP093A-0218_v_+y;CELL_QP093A-0218_v_+z;CELL_QP093A-0218_v_-x,CELL_QP093A-0218_v_+x;CELL_QP093A-0218_v_-y;CELL_QP093A-0218_v_-z,CELL_QP093A-0218_e_+y_+z;CELL_QP093A-0218_e_-x_+y;CELL_QP093A-0218_e_-x_+z,CELL_QP093A-0218_e_+x_-y;CELL_QP093A-0218_e_+x_-z;CELL_QP093A-0218_e_-y_-z,true,true,true,true,OPEN_NO_UNIT_MAPPING,OPEN_CONVENTIONAL_ENGINEERING_INPUT,UNEMITTED_CR286_GATE,false,false
CELL_QP093A-0218_GATE_100_TO_011,CELL_QP093A-0218_PAIR_011_100,CELL_QP093A-0218,QP093A-0218,6+6+12,no,TRIAD_SURFACE_REJECTED,CELL_QP093A-0218_f_+--,+--,100,CELL_QP093A-0218_f_-++,-++,011,CELL_QP093A-0218_v_+x;CELL_QP093A-0218_v_-y;CELL_QP093A-0218_v_-z,CELL_QP093A-0218_v_+y;CELL_QP093A-0218_v_+z;CELL_QP093A-0218_v_-x,CELL_QP093A-0218_e_+x_-y;CELL_QP093A-0218_e_+x_-z;CELL_QP093A-0218_e_-y_-z,CELL_QP093A-0218_e_+y_+z;CELL_QP093A-0218_e_-x_+y;CELL_QP093A-0218_e_-x_+z,true,true,true,true,OPEN_NO_UNIT_MAPPING,OPEN_CONVENTIONAL_ENGINEERING_INPUT,UNEMITTED_CR286_GATE,false,false
CELL_QP093A-0218_GATE_101_TO_010,CELL_QP093A-0218_PAIR_010_101,CELL_QP093A-0218,QP093A-0218,6+6+12,no,TRIAD_SURFACE_REJECTED,CELL_QP093A-0218_f_+-+,+-+,101,CELL_QP093A-0218_f_-+-,-+-,010,CELL_QP093A-0218_v_+x;CELL_QP093A-0218_v_+z;CELL_QP093A-0218_v_-y,CELL_QP093A-0218_v_+y;CELL_QP093A-0218_v_-x;CELL_QP093A-0218_v_-z,CELL_QP093A-0218_e_+x_+z;CELL_QP093A-0218_e_+x_-y;CELL_QP093A-0218_e_-y_+z,CELL_QP093A-0218_e_+y_-z;CELL_QP093A-0218_e_-x_+y;CELL_QP093A-0218_e_-x_-z,true,true,true,true,OPEN_NO_UNIT_MAPPING,OPEN_CONVENTIONAL_ENGINEERING_INPUT,UNEMITTED_CR286_GATE,false,false
CELL_QP093A-0218_GATE_110_TO_001,CELL_QP093A-0218_PAIR_001_110,CELL_QP093A-0218,QP093A-0218,6+6+12,no,TRIAD_SURFACE_REJECTED,CELL_QP093A-0218_f_++-,++-,110,CELL_QP093A-0218_f_--+,--+,001,CELL_QP093A-0218_v_+x;CELL_QP093A-0218_v_+y;CELL_QP093A-0218_v_-z,CELL_QP093A-0218_v_+z;CELL_QP093A-0218_v_-x;CELL_QP093A-0218_v_-y,CELL_QP093A-0218_e_+x_+y;CELL_QP093A-0218_e_+x_-z;CELL_QP093A-0218_e_+y_-z,CELL_QP093A-0218_e_-x_+z;CELL_QP093A-0218_e_-x_-y;CELL_QP093A-0218_e_-y_+z,true,true,true,true,OPEN_NO_UNIT_MAPPING,OPEN_CONVENTIONAL_ENGINEERING_INPUT,UNEMITTED_CR286_GATE,false,false
CELL_QP093A-0218_GATE_111_TO_000,CELL_QP093A-0218_PAIR_000_111,CELL_QP093A-0218,QP093A-0218,6+6+12,no,TRIAD_SURFACE_REJECTED,CELL_QP093A-0218_f_+++,+++,111,CELL_QP093A-0218_f_---,---,000,CELL_QP093A-0218_v_+x;CELL_QP093A-0218_v_+y;CELL_QP093A-0218_v_+z,CELL_QP093A-0218_v_-x;CELL_QP093A-0218_v_-y;CELL_QP093A-0218_v_-z,CELL_QP093A-0218_e_+x_+y;CELL_QP093A-0218_e_+x_+z;CELL_QP093A-0218_e_+y_+z,CELL_QP093A-0218_e_-x_-y;CELL_QP093A-0218_e_-x_-z;CELL_QP093A-0218_e_-y_-z,true,true,true,true,OPEN_NO_UNIT_MAPPING,OPEN_CONVENTIONAL_ENGINEERING_INPUT,UNEMITTED_CR286_GATE,false,false
CELL_QP093A-0219_GATE_000_TO_111,CELL_QP093A-0219_PAIR_000_111,CELL_QP093A-0219,QP093A-0219,6+8+8,yes,TRIAD_ALLOWED,CELL_QP093A-0219_f_---,---,000,CELL_QP093A-0219_f_+++,+++,111,CELL_QP093A-0219_v_-x;CELL_QP093A-0219_v_-y;CELL_QP093A-0219_v_-z,CELL_QP093A-0219_v_+x;CELL_QP093A-0219_v_+y;CELL_QP093A-0219_v_+z,CELL_QP093A-0219_e_-x_-y;CELL_QP093A-0219_e_-x_-z;CELL_QP093A-0219_e_-y_-z,CELL_QP093A-0219_e_+x_+y;CELL_QP093A-0219_e_+x_+z;CELL_QP093A-0219_e_+y_+z,true,true,true,true,OPEN_NO_UNIT_MAPPING,OPEN_CONVENTIONAL_ENGINEERING_INPUT,UNEMITTED_CR286_GATE,false,false
CELL_QP093A-0219_GATE_001_TO_110,CELL_QP093A-0219_PAIR_001_110,CELL_QP093A-0219,QP093A-0219,6+8+8,yes,TRIAD_ALLOWED,CELL_QP093A-0219_f_--+,--+,001,CELL_QP093A-0219_f_++-,++-,110,CELL_QP093A-0219_v_+z;CELL_QP093A-0219_v_-x;CELL_QP093A-0219_v_-y,CELL_QP093A-0219_v_+x;CELL_QP093A-0219_v_+y;CELL_QP093A-0219_v_-z,CELL_QP093A-0219_e_-x_+z;CELL_QP093A-0219_e_-x_-y;CELL_QP093A-0219_e_-y_+z,CELL_QP093A-0219_e_+x_+y;CELL_QP093A-0219_e_+x_-z;CELL_QP093A-0219_e_+y_-z,true,true,true,true,OPEN_NO_UNIT_MAPPING,OPEN_CONVENTIONAL_ENGINEERING_INPUT,UNEMITTED_CR286_GATE,false,false
CELL_QP093A-0219_GATE_010_TO_101,CELL_QP093A-0219_PAIR_010_101,CELL_QP093A-0219,QP093A-0219,6+8+8,yes,TRIAD_ALLOWED,CELL_QP093A-0219_f_-+-,-+-,010,CELL_QP093A-0219_f_+-+,+-+,101,CELL_QP093A-0219_v_+y;CELL_QP093A-0219_v_-x;CELL_QP093A-0219_v_-z,CELL_QP093A-0219_v_+x;CELL_QP093A-0219_v_+z;CELL_QP093A-0219_v_-y,CELL_QP093A-0219_e_+y_-z;CELL_QP093A-0219_e_-x_+y;CELL_QP093A-0219_e_-x_-z,CELL_QP093A-0219_e_+x_+z;CELL_QP093A-0219_e_+x_-y;CELL_QP093A-0219_e_-y_+z,true,true,true,true,OPEN_NO_UNIT_MAPPING,OPEN_CONVENTIONAL_ENGINEERING_INPUT,UNEMITTED_CR286_GATE,false,false
CELL_QP093A-0219_GATE_011_TO_100,CELL_QP093A-0219_PAIR_011_100,CELL_QP093A-0219,QP093A-0219,6+8+8,yes,TRIAD_ALLOWED,CELL_QP093A-0219_f_-++,-++,011,CELL_QP093A-0219_f_+--,+--,100,CELL_QP093A-0219_v_+y;CELL_QP093A-0219_v_+z;CELL_QP093A-0219_v_-x,CELL_QP093A-0219_v_+x;CELL_QP093A-0219_v_-y;CELL_QP093A-0219_v_-z,CELL_QP093A-0219_e_+y_+z;CELL_QP093A-0219_e_-x_+y;CELL_QP093A-0219_e_-x_+z,CELL_QP093A-0219_e_+x_-y;CELL_QP093A-0219_e_+x_-z;CELL_QP093A-0219_e_-y_-z,true,true,true,true,OPEN_NO_UNIT_MAPPING,OPEN_CONVENTIONAL_ENGINEERING_INPUT,UNEMITTED_CR286_GATE,false,false
CELL_QP093A-0219_GATE_100_TO_011,CELL_QP093A-0219_PAIR_011_100,CELL_QP093A-0219,QP093A-0219,6+8+8,yes,TRIAD_ALLOWED,CELL_QP093A-0219_f_+--,+--,100,CELL_QP093A-0219_f_-++,-++,011,CELL_QP093A-0219_v_+x;CELL_QP093A-0219_v_-y;CELL_QP093A-0219_v_-z,CELL_QP093A-0219_v_+y;CELL_QP093A-0219_v_+z;CELL_QP093A-0219_v_-x,CELL_QP093A-0219_e_+x_-y;CELL_QP093A-0219_e_+x_-z;CELL_QP093A-0219_e_-y_-z,CELL_QP093A-0219_e_+y_+z;CELL_QP093A-0219_e_-x_+y;CELL_QP093A-0219_e_-x_+z,true,true,true,true,OPEN_NO_UNIT_MAPPING,OPEN_CONVENTIONAL_ENGINEERING_INPUT,UNEMITTED_CR286_GATE,false,false
CELL_QP093A-0219_GATE_101_TO_010,CELL_QP093A-0219_PAIR_010_101,CELL_QP093A-0219,QP093A-0219,6+8+8,yes,TRIAD_ALLOWED,CELL_QP093A-0219_f_+-+,+-+,101,CELL_QP093A-0219_f_-+-,-+-,010,CELL_QP093A-0219_v_+x;CELL_QP093A-0219_v_+z;CELL_QP093A-0219_v_-y,CELL_QP093A-0219_v_+y;CELL_QP093A-0219_v_-x;CELL_QP093A-0219_v_-z,CELL_QP093A-0219_e_+x_+z;CELL_QP093A-0219_e_+x_-y;CELL_QP093A-0219_e_-y_+z,CELL_QP093A-0219_e_+y_-z;CELL_QP093A-0219_e_-x_+y;CELL_QP093A-0219_e_-x_-z,true,true,true,true,OPEN_NO_UNIT_MAPPING,OPEN_CONVENTIONAL_ENGINEERING_INPUT,UNEMITTED_CR286_GATE,false,false
CELL_QP093A-0219_GATE_110_TO_001,CELL_QP093A-0219_PAIR_001_110,CELL_QP093A-0219,QP093A-0219,6+8+8,yes,TRIAD_ALLOWED,CELL_QP093A-0219_f_++-,++-,110,CELL_QP093A-0219_f_--+,--+,001,CELL_QP093A-0219_v_+x;CELL_QP093A-0219_v_+y;CELL_QP093A-0219_v_-z,CELL_QP093A-0219_v_+z;CELL_QP093A-0219_v_-x;CELL_QP093A-0219_v_-y,CELL_QP093A-0219_e_+x_+y;CELL_QP093A-0219_e_+x_-z;CELL_QP093A-0219_e_+y_-z,CELL_QP093A-0219_e_-x_+z;CELL_QP093A-0219_e_-x_-y;CELL_QP093A-0219_e_-y_+z,true,true,true,true,OPEN_NO_UNIT_MAPPING,OPEN_CONVENTIONAL_ENGINEERING_INPUT,UNEMITTED_CR286_GATE,false,false
CELL_QP093A-0219_GATE_111_TO_000,CELL_QP093A-0219_PAIR_000_111,CELL_QP093A-0219,QP093A-0219,6+8+8,yes,TRIAD_ALLOWED,CELL_QP093A-0219_f_+++,+++,111,CELL_QP093A-0219_f_---,---,000,CELL_QP093A-0219_v_+x;CELL_QP093A-0219_v_+y;CELL_QP093A-0219_v_+z,CELL_QP093A-0219_v_-x;CELL_QP093A-0219_v_-y;CELL_QP093A-0219_v_-z,CELL_QP093A-0219_e_+x_+y;CELL_QP093A-0219_e_+x_+z;CELL_QP093A-0219_e_+y_+z,CELL_QP093A-0219_e_-x_-y;CELL_QP093A-0219_e_-x_-z;CELL_QP093A-0219_e_-y_-z,true,true,true,true,OPEN_NO_UNIT_MAPPING,OPEN_CONVENTIONAL_ENGINEERING_INPUT,UNEMITTED_CR286_GATE,false,false
CELL_QP093A-0220_GATE_000_TO_111,CELL_QP093A-0220_PAIR_000_111,CELL_QP093A-0220,QP093A-0220,6+8+9,yes,TRIAD_ALLOWED,CELL_QP093A-0220_f_---,---,000,CELL_QP093A-0220_f_+++,+++,111,CELL_QP093A-0220_v_-x;CELL_QP093A-0220_v_-y;CELL_QP093A-0220_v_-z,CELL_QP093A-0220_v_+x;CELL_QP093A-0220_v_+y;CELL_QP093A-0220_v_+z,CELL_QP093A-0220_e_-x_-y;CELL_QP093A-0220_e_-x_-z;CELL_QP093A-0220_e_-y_-z,CELL_QP093A-0220_e_+x_+y;CELL_QP093A-0220_e_+x_+z;CELL_QP093A-0220_e_+y_+z,true,true,true,true,OPEN_NO_UNIT_MAPPING,OPEN_CONVENTIONAL_ENGINEERING_INPUT,UNEMITTED_CR286_GATE,false,false
CELL_QP093A-0220_GATE_001_TO_110,CELL_QP093A-0220_PAIR_001_110,CELL_QP093A-0220,QP093A-0220,6+8+9,yes,TRIAD_ALLOWED,CELL_QP093A-0220_f_--+,--+,001,CELL_QP093A-0220_f_++-,++-,110,CELL_QP093A-0220_v_+z;CELL_QP093A-0220_v_-x;CELL_QP093A-0220_v_-y,CELL_QP093A-0220_v_+x;CELL_QP093A-0220_v_+y;CELL_QP093A-0220_v_-z,CELL_QP093A-0220_e_-x_+z;CELL_QP093A-0220_e_-x_-y;CELL_QP093A-0220_e_-y_+z,CELL_QP093A-0220_e_+x_+y;CELL_QP093A-0220_e_+x_-z;CELL_QP093A-0220_e_+y_-z,true,true,true,true,OPEN_NO_UNIT_MAPPING,OPEN_CONVENTIONAL_ENGINEERING_INPUT,UNEMITTED_CR286_GATE,false,false
CELL_QP093A-0220_GATE_010_TO_101,CELL_QP093A-0220_PAIR_010_101,CELL_QP093A-0220,QP093A-0220,6+8+9,yes,TRIAD_ALLOWED,CELL_QP093A-0220_f_-+-,-+-,010,CELL_QP093A-0220_f_+-+,+-+,101,CELL_QP093A-0220_v_+y;CELL_QP093A-0220_v_-x;CELL_QP093A-0220_v_-z,CELL_QP093A-0220_v_+x;CELL_QP093A-0220_v_+z;CELL_QP093A-0220_v_-y,CELL_QP093A-0220_e_+y_-z;CELL_QP093A-0220_e_-x_+y;CELL_QP093A-0220_e_-x_-z,CELL_QP093A-0220_e_+x_+z;CELL_QP093A-0220_e_+x_-y;CELL_QP093A-0220_e_-y_+z,true,true,true,true,OPEN_NO_UNIT_MAPPING,OPEN_CONVENTIONAL_ENGINEERING_INPUT,UNEMITTED_CR286_GATE,false,false
CELL_QP093A-0220_GATE_011_TO_100,CELL_QP093A-0220_PAIR_011_100,CELL_QP093A-0220,QP093A-0220,6+8+9,yes,TRIAD_ALLOWED,CELL_QP093A-0220_f_-++,-++,011,CELL_QP093A-0220_f_+--,+--,100,CELL_QP093A-0220_v_+y;CELL_QP093A-0220_v_+z;CELL_QP093A-0220_v_-x,CELL_QP093A-0220_v_+x;CELL_QP093A-0220_v_-y;CELL_QP093A-0220_v_-z,CELL_QP093A-0220_e_+y_+z;CELL_QP093A-0220_e_-x_+y;CELL_QP093A-0220_e_-x_+z,CELL_QP093A-0220_e_+x_-y;CELL_QP093A-0220_e_+x_-z;CELL_QP093A-0220_e_-y_-z,true,true,true,true,OPEN_NO_UNIT_MAPPING,OPEN_CONVENTIONAL_ENGINEERING_INPUT,UNEMITTED_CR286_GATE,false,false
CELL_QP093A-0220_GATE_100_TO_011,CELL_QP093A-0220_PAIR_011_100,CELL_QP093A-0220,QP093A-0220,6+8+9,yes,TRIAD_ALLOWED,CELL_QP093A-0220_f_+--,+--,100,CELL_QP093A-0220_f_-++,-++,011,CELL_QP093A-0220_v_+x;CELL_QP093A-0220_v_-y;CELL_QP093A-0220_v_-z,CELL_QP093A-0220_v_+y;CELL_QP093A-0220_v_+z;CELL_QP093A-0220_v_-x,CELL_QP093A-0220_e_+x_-y;CELL_QP093A-0220_e_+x_-z;CELL_QP093A-0220_e_-y_-z,CELL_QP093A-0220_e_+y_+z;CELL_QP093A-0220_e_-x_+y;CELL_QP093A-0220_e_-x_+z,true,true,true,true,OPEN_NO_UNIT_MAPPING,OPEN_CONVENTIONAL_ENGINEERING_INPUT,UNEMITTED_CR286_GATE,false,false
CELL_QP093A-0220_GATE_101_TO_010,CELL_QP093A-0220_PAIR_010_101,CELL_QP093A-0220,QP093A-0220,6+8+9,yes,TRIAD_ALLOWED,CELL_QP093A-0220_f_+-+,+-+,101,CELL_QP093A-0220_f_-+-,-+-,010,CELL_QP093A-0220_v_+x;CELL_QP093A-0220_v_+z;CELL_QP093A-0220_v_-y,CELL_QP093A-0220_v_+y;CELL_QP093A-0220_v_-x;CELL_QP093A-0220_v_-z,CELL_QP093A-0220_e_+x_+z;CELL_QP093A-0220_e_+x_-y;CELL_QP093A-0220_e_-y_+z,CELL_QP093A-0220_e_+y_-z;CELL_QP093A-0220_e_-x_+y;CELL_QP093A-0220_e_-x_-z,true,true,true,true,OPEN_NO_UNIT_MAPPING,OPEN_CONVENTIONAL_ENGINEERING_INPUT,UNEMITTED_CR286_GATE,false,false
CELL_QP093A-0220_GATE_110_TO_001,CELL_QP093A-0220_PAIR_001_110,CELL_QP093A-0220,QP093A-0220,6+8+9,yes,TRIAD_ALLOWED,CELL_QP093A-0220_f_++-,++-,110,CELL_QP093A-0220_f_--+,--+,001,CELL_QP093A-0220_v_+x;CELL_QP093A-0220_v_+y;CELL_QP093A-0220_v_-z,CELL_QP093A-0220_v_+z;CELL_QP093A-0220_v_-x;CELL_QP093A-0220_v_-y,CELL_QP093A-0220_e_+x_+y;CELL_QP093A-0220_e_+x_-z;CELL_QP093A-0220_e_+y_-z,CELL_QP093A-0220_e_-x_+z;CELL_QP093A-0220_e_-x_-y;CELL_QP093A-0220_e_-y_+z,true,true,true,true,OPEN_NO_UNIT_MAPPING,OPEN_CONVENTIONAL_ENGINEERING_INPUT,UNEMITTED_CR286_GATE,false,false
CELL_QP093A-0220_GATE_111_TO_000,CELL_QP093A-0220_PAIR_000_111,CELL_QP093A-0220,QP093A-0220,6+8+9,yes,TRIAD_ALLOWED,CELL_QP093A-0220_f_+++,+++,111,CELL_QP093A-0220_f_---,---,000,CELL_QP093A-0220_v_+x;CELL_QP093A-0220_v_+y;CELL_QP093A-0220_v_+z,CELL_QP093A-0220_v_-x;CELL_QP093A-0220_v_-y;CELL_QP093A-0220_v_-z,CELL_QP093A-0220_e_+x_+y;CELL_QP093A-0220_e_+x_+z;CELL_QP093A-0220_e_+y_+z,CELL_QP093A-0220_e_-x_-y;CELL_QP093A-0220_e_-x_-z;CELL_QP093A-0220_e_-y_-z,true,true,true,true,OPEN_NO_UNIT_MAPPING,OPEN_CONVENTIONAL_ENGINEERING_INPUT,UNEMITTED_CR286_GATE,false,false
CELL_QP093A-0221_GATE_000_TO_111,CELL_QP093A-0221_PAIR_000_111,CELL_QP093A-0221,QP093A-0221,6+8+12,yes,TRIAD_ALLOWED,CELL_QP093A-0221_f_---,---,000,CELL_QP093A-0221_f_+++,+++,111,CELL_QP093A-0221_v_-x;CELL_QP093A-0221_v_-y;CELL_QP093A-0221_v_-z,CELL_QP093A-0221_v_+x;CELL_QP093A-0221_v_+y;CELL_QP093A-0221_v_+z,CELL_QP093A-0221_e_-x_-y;CELL_QP093A-0221_e_-x_-z;CELL_QP093A-0221_e_-y_-z,CELL_QP093A-0221_e_+x_+y;CELL_QP093A-0221_e_+x_+z;CELL_QP093A-0221_e_+y_+z,true,true,true,true,OPEN_NO_UNIT_MAPPING,OPEN_CONVENTIONAL_ENGINEERING_INPUT,UNEMITTED_CR286_GATE,false,false
CELL_QP093A-0221_GATE_001_TO_110,CELL_QP093A-0221_PAIR_001_110,CELL_QP093A-0221,QP093A-0221,6+8+12,yes,TRIAD_ALLOWED,CELL_QP093A-0221_f_--+,--+,001,CELL_QP093A-0221_f_++-,++-,110,CELL_QP093A-0221_v_+z;CELL_QP093A-0221_v_-x;CELL_QP093A-0221_v_-y,CELL_QP093A-0221_v_+x;CELL_QP093A-0221_v_+y;CELL_QP093A-0221_v_-z,CELL_QP093A-0221_e_-x_+z;CELL_QP093A-0221_e_-x_-y;CELL_QP093A-0221_e_-y_+z,CELL_QP093A-0221_e_+x_+y;CELL_QP093A-0221_e_+x_-z;CELL_QP093A-0221_e_+y_-z,true,true,true,true,OPEN_NO_UNIT_MAPPING,OPEN_CONVENTIONAL_ENGINEERING_INPUT,UNEMITTED_CR286_GATE,false,false
CELL_QP093A-0221_GATE_010_TO_101,CELL_QP093A-0221_PAIR_010_101,CELL_QP093A-0221,QP093A-0221,6+8+12,yes,TRIAD_ALLOWED,CELL_QP093A-0221_f_-+-,-+-,010,CELL_QP093A-0221_f_+-+,+-+,101,CELL_QP093A-0221_v_+y;CELL_QP093A-0221_v_-x;CELL_QP093A-0221_v_-z,CELL_QP093A-0221_v_+x;CELL_QP093A-0221_v_+z;CELL_QP093A-0221_v_-y,CELL_QP093A-0221_e_+y_-z;CELL_QP093A-0221_e_-x_+y;CELL_QP093A-0221_e_-x_-z,CELL_QP093A-0221_e_+x_+z;CELL_QP093A-0221_e_+x_-y;CELL_QP093A-0221_e_-y_+z,true,true,true,true,OPEN_NO_UNIT_MAPPING,OPEN_CONVENTIONAL_ENGINEERING_INPUT,UNEMITTED_CR286_GATE,false,false
CELL_QP093A-0221_GATE_011_TO_100,CELL_QP093A-0221_PAIR_011_100,CELL_QP093A-0221,QP093A-0221,6+8+12,yes,TRIAD_ALLOWED,CELL_QP093A-0221_f_-++,-++,011,CELL_QP093A-0221_f_+--,+--,100,CELL_QP093A-0221_v_+y;CELL_QP093A-0221_v_+z;CELL_QP093A-0221_v_-x,CELL_QP093A-0221_v_+x;CELL_QP093A-0221_v_-y;CELL_QP093A-0221_v_-z,CELL_QP093A-0221_e_+y_+z;CELL_QP093A-0221_e_-x_+y;CELL_QP093A-0221_e_-x_+z,CELL_QP093A-0221_e_+x_-y;CELL_QP093A-0221_e_+x_-z;CELL_QP093A-0221_e_-y_-z,true,true,true,true,OPEN_NO_UNIT_MAPPING,OPEN_CONVENTIONAL_ENGINEERING_INPUT,UNEMITTED_CR286_GATE,false,false
CELL_QP093A-0221_GATE_100_TO_011,CELL_QP093A-0221_PAIR_011_100,CELL_QP093A-0221,QP093A-0221,6+8+12,yes,TRIAD_ALLOWED,CELL_QP093A-0221_f_+--,+--,100,CELL_QP093A-0221_f_-++,-++,011,CELL_QP093A-0221_v_+x;CELL_QP093A-0221_v_-y;CELL_QP093A-0221_v_-z,CELL_QP093A-0221_v_+y;CELL_QP093A-0221_v_+z;CELL_QP093A-0221_v_-x,CELL_QP093A-0221_e_+x_-y;CELL_QP093A-0221_e_+x_-z;CELL_QP093A-0221_e_-y_-z,CELL_QP093A-0221_e_+y_+z;CELL_QP093A-0221_e_-x_+y;CELL_QP093A-0221_e_-x_+z,true,true,true,true,OPEN_NO_UNIT_MAPPING,OPEN_CONVENTIONAL_ENGINEERING_INPUT,UNEMITTED_CR286_GATE,false,false
CELL_QP093A-0221_GATE_101_TO_010,CELL_QP093A-0221_PAIR_010_101,CELL_QP093A-0221,QP093A-0221,6+8+12,yes,TRIAD_ALLOWED,CELL_QP093A-0221_f_+-+,+-+,101,CELL_QP093A-0221_f_-+-,-+-,010,CELL_QP093A-0221_v_+x;CELL_QP093A-0221_v_+z;CELL_QP093A-0221_v_-y,CELL_QP093A-0221_v_+y;CELL_QP093A-0221_v_-x;CELL_QP093A-0221_v_-z,CELL_QP093A-0221_e_+x_+z;CELL_QP093A-0221_e_+x_-y;CELL_QP093A-0221_e_-y_+z,CELL_QP093A-0221_e_+y_-z;CELL_QP093A-0221_e_-x_+y;CELL_QP093A-0221_e_-x_-z,true,true,true,true,OPEN_NO_UNIT_MAPPING,OPEN_CONVENTIONAL_ENGINEERING_INPUT,UNEMITTED_CR286_GATE,false,false
CELL_QP093A-0221_GATE_110_TO_001,CELL_QP093A-0221_PAIR_001_110,CELL_QP093A-0221,QP093A-0221,6+8+12,yes,TRIAD_ALLOWED,CELL_QP093A-0221_f_++-,++-,110,CELL_QP093A-0221_f_--+,--+,001,CELL_QP093A-0221_v_+x;CELL_QP093A-0221_v_+y;CELL_QP093A-0221_v_-z,CELL_QP093A-0221_v_+z;CELL_QP093A-0221_v_-x;CELL_QP093A-0221_v_-y,CELL_QP093A-0221_e_+x_+y;CELL_QP093A-0221_e_+x_-z;CELL_QP093A-0221_e_+y_-z,CELL_QP093A-0221_e_-x_+z;CELL_QP093A-0221_e_-x_-y;CELL_QP093A-0221_e_-y_+z,true,true,true,true,OPEN_NO_UNIT_MAPPING,OPEN_CONVENTIONAL_ENGINEERING_INPUT,UNEMITTED_CR286_GATE,false,false
CELL_QP093A-0221_GATE_111_TO_000,CELL_QP093A-0221_PAIR_000_111,CELL_QP093A-0221,QP093A-0221,6+8+12,yes,TRIAD_ALLOWED,CELL_QP093A-0221_f_+++,+++,111,CELL_QP093A-0221_f_---,---,000,CELL_QP093A-0221_v_+x;CELL_QP093A-0221_v_+y;CELL_QP093A-0221_v_+z,CELL_QP093A-0221_v_-x;CELL_QP093A-0221_v_-y;CELL_QP093A-0221_v_-z,CELL_QP093A-0221_e_+x_+y;CELL_QP093A-0221_e_+x_+z;CELL_QP093A-0221_e_+y_+z,CELL_QP093A-0221_e_-x_-y;CELL_QP093A-0221_e_-x_-z;CELL_QP093A-0221_e_-y_-z,true,true,true,true,OPEN_NO_UNIT_MAPPING,OPEN_CONVENTIONAL_ENGINEERING_INPUT,UNEMITTED_CR286_GATE,false,false
CELL_QP093A-0222_GATE_000_TO_111,CELL_QP093A-0222_PAIR_000_111,CELL_QP093A-0222,QP093A-0222,6+9+9,yes,TRIAD_ALLOWED,CELL_QP093A-0222_f_---,---,000,CELL_QP093A-0222_f_+++,+++,111,CELL_QP093A-0222_v_-x;CELL_QP093A-0222_v_-y;CELL_QP093A-0222_v_-z,CELL_QP093A-0222_v_+x;CELL_QP093A-0222_v_+y;CELL_QP093A-0222_v_+z,CELL_QP093A-0222_e_-x_-y;CELL_QP093A-0222_e_-x_-z;CELL_QP093A-0222_e_-y_-z,CELL_QP093A-0222_e_+x_+y;CELL_QP093A-0222_e_+x_+z;CELL_QP093A-0222_e_+y_+z,true,true,true,true,OPEN_NO_UNIT_MAPPING,OPEN_CONVENTIONAL_ENGINEERING_INPUT,UNEMITTED_CR286_GATE,false,false
CELL_QP093A-0222_GATE_001_TO_110,CELL_QP093A-0222_PAIR_001_110,CELL_QP093A-0222,QP093A-0222,6+9+9,yes,TRIAD_ALLOWED,CELL_QP093A-0222_f_--+,--+,001,CELL_QP093A-0222_f_++-,++-,110,CELL_QP093A-0222_v_+z;CELL_QP093A-0222_v_-x;CELL_QP093A-0222_v_-y,CELL_QP093A-0222_v_+x;CELL_QP093A-0222_v_+y;CELL_QP093A-0222_v_-z,CELL_QP093A-0222_e_-x_+z;CELL_QP093A-0222_e_-x_-y;CELL_QP093A-0222_e_-y_+z,CELL_QP093A-0222_e_+x_+y;CELL_QP093A-0222_e_+x_-z;CELL_QP093A-0222_e_+y_-z,true,true,true,true,OPEN_NO_UNIT_MAPPING,OPEN_CONVENTIONAL_ENGINEERING_INPUT,UNEMITTED_CR286_GATE,false,false
CELL_QP093A-0222_GATE_010_TO_101,CELL_QP093A-0222_PAIR_010_101,CELL_QP093A-0222,QP093A-0222,6+9+9,yes,TRIAD_ALLOWED,CELL_QP093A-0222_f_-+-,-+-,010,CELL_QP093A-0222_f_+-+,+-+,101,CELL_QP093A-0222_v_+y;CELL_QP093A-0222_v_-x;CELL_QP093A-0222_v_-z,CELL_QP093A-0222_v_+x;CELL_QP093A-0222_v_+z;CELL_QP093A-0222_v_-y,CELL_QP093A-0222_e_+y_-z;CELL_QP093A-0222_e_-x_+y;CELL_QP093A-0222_e_-x_-z,CELL_QP093A-0222_e_+x_+z;CELL_QP093A-0222_e_+x_-y;CELL_QP093A-0222_e_-y_+z,true,true,true,true,OPEN_NO_UNIT_MAPPING,OPEN_CONVENTIONAL_ENGINEERING_INPUT,UNEMITTED_CR286_GATE,false,false
CELL_QP093A-0222_GATE_011_TO_100,CELL_QP093A-0222_PAIR_011_100,CELL_QP093A-0222,QP093A-0222,6+9+9,yes,TRIAD_ALLOWED,CELL_QP093A-0222_f_-++,-++,011,CELL_QP093A-0222_f_+--,+--,100,CELL_QP093A-0222_v_+y;CELL_QP093A-0222_v_+z;CELL_QP093A-0222_v_-x,CELL_QP093A-0222_v_+x;CELL_QP093A-0222_v_-y;CELL_QP093A-0222_v_-z,CELL_QP093A-0222_e_+y_+z;CELL_QP093A-0222_e_-x_+y;CELL_QP093A-0222_e_-x_+z,CELL_QP093A-0222_e_+x_-y;CELL_QP093A-0222_e_+x_-z;CELL_QP093A-0222_e_-y_-z,true,true,true,true,OPEN_NO_UNIT_MAPPING,OPEN_CONVENTIONAL_ENGINEERING_INPUT,UNEMITTED_CR286_GATE,false,false
CELL_QP093A-0222_GATE_100_TO_011,CELL_QP093A-0222_PAIR_011_100,CELL_QP093A-0222,QP093A-0222,6+9+9,yes,TRIAD_ALLOWED,CELL_QP093A-0222_f_+--,+--,100,CELL_QP093A-0222_f_-++,-++,011,CELL_QP093A-0222_v_+x;CELL_QP093A-0222_v_-y;CELL_QP093A-0222_v_-z,CELL_QP093A-0222_v_+y;CELL_QP093A-0222_v_+z;CELL_QP093A-0222_v_-x,CELL_QP093A-0222_e_+x_-y;CELL_QP093A-0222_e_+x_-z;CELL_QP093A-0222_e_-y_-z,CELL_QP093A-0222_e_+y_+z;CELL_QP093A-0222_e_-x_+y;CELL_QP093A-0222_e_-x_+z,true,true,true,true,OPEN_NO_UNIT_MAPPING,OPEN_CONVENTIONAL_ENGINEERING_INPUT,UNEMITTED_CR286_GATE,false,false
CELL_QP093A-0222_GATE_101_TO_010,CELL_QP093A-0222_PAIR_010_101,CELL_QP093A-0222,QP093A-0222,6+9+9,yes,TRIAD_ALLOWED,CELL_QP093A-0222_f_+-+,+-+,101,CELL_QP093A-0222_f_-+-,-+-,010,CELL_QP093A-0222_v_+x;CELL_QP093A-0222_v_+z;CELL_QP093A-0222_v_-y,CELL_QP093A-0222_v_+y;CELL_QP093A-0222_v_-x;CELL_QP093A-0222_v_-z,CELL_QP093A-0222_e_+x_+z;CELL_QP093A-0222_e_+x_-y;CELL_QP093A-0222_e_-y_+z,CELL_QP093A-0222_e_+y_-z;CELL_QP093A-0222_e_-x_+y;CELL_QP093A-0222_e_-x_-z,true,true,true,true,OPEN_NO_UNIT_MAPPING,OPEN_CONVENTIONAL_ENGINEERING_INPUT,UNEMITTED_CR286_GATE,false,false
CELL_QP093A-0222_GATE_110_TO_001,CELL_QP093A-0222_PAIR_001_110,CELL_QP093A-0222,QP093A-0222,6+9+9,yes,TRIAD_ALLOWED,CELL_QP093A-0222_f_++-,++-,110,CELL_QP093A-0222_f_--+,--+,001,CELL_QP093A-0222_v_+x;CELL_QP093A-0222_v_+y;CELL_QP093A-0222_v_-z,CELL_QP093A-0222_v_+z;CELL_QP093A-0222_v_-x;CELL_QP093A-0222_v_-y,CELL_QP093A-0222_e_+x_+y;CELL_QP093A-0222_e_+x_-z;CELL_QP093A-0222_e_+y_-z,CELL_QP093A-0222_e_-x_+z;CELL_QP093A-0222_e_-x_-y;CELL_QP093A-0222_e_-y_+z,true,true,true,true,OPEN_NO_UNIT_MAPPING,OPEN_CONVENTIONAL_ENGINEERING_INPUT,UNEMITTED_CR286_GATE,false,false
CELL_QP093A-0222_GATE_111_TO_000,CELL_QP093A-0222_PAIR_000_111,CELL_QP093A-0222,QP093A-0222,6+9+9,yes,TRIAD_ALLOWED,CELL_QP093A-0222_f_+++,+++,111,CELL_QP093A-0222_f_---,---,000,CELL_QP093A-0222_v_+x;CELL_QP093A-0222_v_+y;CELL_QP093A-0222_v_+z,CELL_QP093A-0222_v_-x;CELL_QP093A-0222_v_-y;CELL_QP093A-0222_v_-z,CELL_QP093A-0222_e_+x_+y;CELL_QP093A-0222_e_+x_+z;CELL_QP093A-0222_e_+y_+z,CELL_QP093A-0222_e_-x_-y;CELL_QP093A-0222_e_-x_-z;CELL_QP093A-0222_e_-y_-z,true,true,true,true,OPEN_NO_UNIT_MAPPING,OPEN_CONVENTIONAL_ENGINEERING_INPUT,UNEMITTED_CR286_GATE,false,false
CELL_QP093A-0223_GATE_000_TO_111,CELL_QP093A-0223_PAIR_000_111,CELL_QP093A-0223,QP093A-0223,6+9+12,yes,TRIAD_ALLOWED,CELL_QP093A-0223_f_---,---,000,CELL_QP093A-0223_f_+++,+++,111,CELL_QP093A-0223_v_-x;CELL_QP093A-0223_v_-y;CELL_QP093A-0223_v_-z,CELL_QP093A-0223_v_+x;CELL_QP093A-0223_v_+y;CELL_QP093A-0223_v_+z,CELL_QP093A-0223_e_-x_-y;CELL_QP093A-0223_e_-x_-z;CELL_QP093A-0223_e_-y_-z,CELL_QP093A-0223_e_+x_+y;CELL_QP093A-0223_e_+x_+z;CELL_QP093A-0223_e_+y_+z,true,true,true,true,OPEN_NO_UNIT_MAPPING,OPEN_CONVENTIONAL_ENGINEERING_INPUT,UNEMITTED_CR286_GATE,false,false
CELL_QP093A-0223_GATE_001_TO_110,CELL_QP093A-0223_PAIR_001_110,CELL_QP093A-0223,QP093A-0223,6+9+12,yes,TRIAD_ALLOWED,CELL_QP093A-0223_f_--+,--+,001,CELL_QP093A-0223_f_++-,++-,110,CELL_QP093A-0223_v_+z;CELL_QP093A-0223_v_-x;CELL_QP093A-0223_v_-y,CELL_QP093A-0223_v_+x;CELL_QP093A-0223_v_+y;CELL_QP093A-0223_v_-z,CELL_QP093A-0223_e_-x_+z;CELL_QP093A-0223_e_-x_-y;CELL_QP093A-0223_e_-y_+z,CELL_QP093A-0223_e_+x_+y;CELL_QP093A-0223_e_+x_-z;CELL_QP093A-0223_e_+y_-z,true,true,true,true,OPEN_NO_UNIT_MAPPING,OPEN_CONVENTIONAL_ENGINEERING_INPUT,UNEMITTED_CR286_GATE,false,false
CELL_QP093A-0223_GATE_010_TO_101,CELL_QP093A-0223_PAIR_010_101,CELL_QP093A-0223,QP093A-0223,6+9+12,yes,TRIAD_ALLOWED,CELL_QP093A-0223_f_-+-,-+-,010,CELL_QP093A-0223_f_+-+,+-+,101,CELL_QP093A-0223_v_+y;CELL_QP093A-0223_v_-x;CELL_QP093A-0223_v_-z,CELL_QP093A-0223_v_+x;CELL_QP093A-0223_v_+z;CELL_QP093A-0223_v_-y,CELL_QP093A-0223_e_+y_-z;CELL_QP093A-0223_e_-x_+y;CELL_QP093A-0223_e_-x_-z,CELL_QP093A-0223_e_+x_+z;CELL_QP093A-0223_e_+x_-y;CELL_QP093A-0223_e_-y_+z,true,true,true,true,OPEN_NO_UNIT_MAPPING,OPEN_CONVENTIONAL_ENGINEERING_INPUT,UNEMITTED_CR286_GATE,false,false
CELL_QP093A-0223_GATE_011_TO_100,CELL_QP093A-0223_PAIR_011_100,CELL_QP093A-0223,QP093A-0223,6+9+12,yes,TRIAD_ALLOWED,CELL_QP093A-0223_f_-++,-++,011,CELL_QP093A-0223_f_+--,+--,100,CELL_QP093A-0223_v_+y;CELL_QP093A-0223_v_+z;CELL_QP093A-0223_v_-x,CELL_QP093A-0223_v_+x;CELL_QP093A-0223_v_-y;CELL_QP093A-0223_v_-z,CELL_QP093A-0223_e_+y_+z;CELL_QP093A-0223_e_-x_+y;CELL_QP093A-0223_e_-x_+z,CELL_QP093A-0223_e_+x_-y;CELL_QP093A-0223_e_+x_-z;CELL_QP093A-0223_e_-y_-z,true,true,true,true,OPEN_NO_UNIT_MAPPING,OPEN_CONVENTIONAL_ENGINEERING_INPUT,UNEMITTED_CR286_GATE,false,false
CELL_QP093A-0223_GATE_100_TO_011,CELL_QP093A-0223_PAIR_011_100,CELL_QP093A-0223,QP093A-0223,6+9+12,yes,TRIAD_ALLOWED,CELL_QP093A-0223_f_+--,+--,100,CELL_QP093A-0223_f_-++,-++,011,CELL_QP093A-0223_v_+x;CELL_QP093A-0223_v_-y;CELL_QP093A-0223_v_-z,CELL_QP093A-0223_v_+y;CELL_QP093A-0223_v_+z;CELL_QP093A-0223_v_-x,CELL_QP093A-0223_e_+x_-y;CELL_QP093A-0223_e_+x_-z;CELL_QP093A-0223_e_-y_-z,CELL_QP093A-0223_e_+y_+z;CELL_QP093A-0223_e_-x_+y;CELL_QP093A-0223_e_-x_+z,true,true,true,true,OPEN_NO_UNIT_MAPPING,OPEN_CONVENTIONAL_ENGINEERING_INPUT,UNEMITTED_CR286_GATE,false,false
CELL_QP093A-0223_GATE_101_TO_010,CELL_QP093A-0223_PAIR_010_101,CELL_QP093A-0223,QP093A-0223,6+9+12,yes,TRIAD_ALLOWED,CELL_QP093A-0223_f_+-+,+-+,101,CELL_QP093A-0223_f_-+-,-+-,010,CELL_QP093A-0223_v_+x;CELL_QP093A-0223_v_+z;CELL_QP093A-0223_v_-y,CELL_QP093A-0223_v_+y;CELL_QP093A-0223_v_-x;CELL_QP093A-0223_v_-z,CELL_QP093A-0223_e_+x_+z;CELL_QP093A-0223_e_+x_-y;CELL_QP093A-0223_e_-y_+z,CELL_QP093A-0223_e_+y_-z;CELL_QP093A-0223_e_-x_+y;CELL_QP093A-0223_e_-x_-z,true,true,true,true,OPEN_NO_UNIT_MAPPING,OPEN_CONVENTIONAL_ENGINEERING_INPUT,UNEMITTED_CR286_GATE,false,false
CELL_QP093A-0223_GATE_110_TO_001,CELL_QP093A-0223_PAIR_001_110,CELL_QP093A-0223,QP093A-0223,6+9+12,yes,TRIAD_ALLOWED,CELL_QP093A-0223_f_++-,++-,110,CELL_QP093A-0223_f_--+,--+,001,CELL_QP093A-0223_v_+x;CELL_QP093A-0223_v_+y;CELL_QP093A-0223_v_-z,CELL_QP093A-0223_v_+z;CELL_QP093A-0223_v_-x;CELL_QP093A-0223_v_-y,CELL_QP093A-0223_e_+x_+y;CELL_QP093A-0223_e_+x_-z;CELL_QP093A-0223_e_+y_-z,CELL_QP093A-0223_e_-x_+z;CELL_QP093A-0223_e_-x_-y;CELL_QP093A-0223_e_-y_+z,true,true,true,true,OPEN_NO_UNIT_MAPPING,OPEN_CONVENTIONAL_ENGINEERING_INPUT,UNEMITTED_CR286_GATE,false,false
CELL_QP093A-0223_GATE_111_TO_000,CELL_QP093A-0223_PAIR_000_111,CELL_QP093A-0223,QP093A-0223,6+9+12,yes,TRIAD_ALLOWED,CELL_QP093A-0223_f_+++,+++,111,CELL_QP093A-0223_f_---,---,000,CELL_QP093A-0223_v_+x;CELL_QP093A-0223_v_+y;CELL_QP093A-0223_v_+z,CELL_QP093A-0223_v_-x;CELL_QP093A-0223_v_-y;CELL_QP093A-0223_v_-z,CELL_QP093A-0223_e_+x_+y;CELL_QP093A-0223_e_+x_+z;CELL_QP093A-0223_e_+y_+z,CELL_QP093A-0223_e_-x_-y;CELL_QP093A-0223_e_-x_-z;CELL_QP093A-0223_e_-y_-z,true,true,true,true,OPEN_NO_UNIT_MAPPING,OPEN_CONVENTIONAL_ENGINEERING_INPUT,UNEMITTED_CR286_GATE,false,false
CELL_QP093A-0224_GATE_000_TO_111,CELL_QP093A-0224_PAIR_000_111,CELL_QP093A-0224,QP093A-0224,6+12+12,yes,TRIAD_ALLOWED,CELL_QP093A-0224_f_---,---,000,CELL_QP093A-0224_f_+++,+++,111,CELL_QP093A-0224_v_-x;CELL_QP093A-0224_v_-y;CELL_QP093A-0224_v_-z,CELL_QP093A-0224_v_+x;CELL_QP093A-0224_v_+y;CELL_QP093A-0224_v_+z,CELL_QP093A-0224_e_-x_-y;CELL_QP093A-0224_e_-x_-z;CELL_QP093A-0224_e_-y_-z,CELL_QP093A-0224_e_+x_+y;CELL_QP093A-0224_e_+x_+z;CELL_QP093A-0224_e_+y_+z,true,true,true,true,OPEN_NO_UNIT_MAPPING,OPEN_CONVENTIONAL_ENGINEERING_INPUT,UNEMITTED_CR286_GATE,false,false
CELL_QP093A-0224_GATE_001_TO_110,CELL_QP093A-0224_PAIR_001_110,CELL_QP093A-0224,QP093A-0224,6+12+12,yes,TRIAD_ALLOWED,CELL_QP093A-0224_f_--+,--+,001,CELL_QP093A-0224_f_++-,++-,110,CELL_QP093A-0224_v_+z;CELL_QP093A-0224_v_-x;CELL_QP093A-0224_v_-y,CELL_QP093A-0224_v_+x;CELL_QP093A-0224_v_+y;CELL_QP093A-0224_v_-z,CELL_QP093A-0224_e_-x_+z;CELL_QP093A-0224_e_-x_-y;CELL_QP093A-0224_e_-y_+z,CELL_QP093A-0224_e_+x_+y;CELL_QP093A-0224_e_+x_-z;CELL_QP093A-0224_e_+y_-z,true,true,true,true,OPEN_NO_UNIT_MAPPING,OPEN_CONVENTIONAL_ENGINEERING_INPUT,UNEMITTED_CR286_GATE,false,false
CELL_QP093A-0224_GATE_010_TO_101,CELL_QP093A-0224_PAIR_010_101,CELL_QP093A-0224,QP093A-0224,6+12+12,yes,TRIAD_ALLOWED,CELL_QP093A-0224_f_-+-,-+-,010,CELL_QP093A-0224_f_+-+,+-+,101,CELL_QP093A-0224_v_+y;CELL_QP093A-0224_v_-x;CELL_QP093A-0224_v_-z,CELL_QP093A-0224_v_+x;CELL_QP093A-0224_v_+z;CELL_QP093A-0224_v_-y,CELL_QP093A-0224_e_+y_-z;CELL_QP093A-0224_e_-x_+y;CELL_QP093A-0224_e_-x_-z,CELL_QP093A-0224_e_+x_+z;CELL_QP093A-0224_e_+x_-y;CELL_QP093A-0224_e_-y_+z,true,true,true,true,OPEN_NO_UNIT_MAPPING,OPEN_CONVENTIONAL_ENGINEERING_INPUT,UNEMITTED_CR286_GATE,false,false
CELL_QP093A-0224_GATE_011_TO_100,CELL_QP093A-0224_PAIR_011_100,CELL_QP093A-0224,QP093A-0224,6+12+12,yes,TRIAD_ALLOWED,CELL_QP093A-0224_f_-++,-++,011,CELL_QP093A-0224_f_+--,+--,100,CELL_QP093A-0224_v_+y;CELL_QP093A-0224_v_+z;CELL_QP093A-0224_v_-x,CELL_QP093A-0224_v_+x;CELL_QP093A-0224_v_-y;CELL_QP093A-0224_v_-z,CELL_QP093A-0224_e_+y_+z;CELL_QP093A-0224_e_-x_+y;CELL_QP093A-0224_e_-x_+z,CELL_QP093A-0224_e_+x_-y;CELL_QP093A-0224_e_+x_-z;CELL_QP093A-0224_e_-y_-z,true,true,true,true,OPEN_NO_UNIT_MAPPING,OPEN_CONVENTIONAL_ENGINEERING_INPUT,UNEMITTED_CR286_GATE,false,false
CELL_QP093A-0224_GATE_100_TO_011,CELL_QP093A-0224_PAIR_011_100,CELL_QP093A-0224,QP093A-0224,6+12+12,yes,TRIAD_ALLOWED,CELL_QP093A-0224_f_+--,+--,100,CELL_QP093A-0224_f_-++,-++,011,CELL_QP093A-0224_v_+x;CELL_QP093A-0224_v_-y;CELL_QP093A-0224_v_-z,CELL_QP093A-0224_v_+y;CELL_QP093A-0224_v_+z;CELL_QP093A-0224_v_-x,CELL_QP093A-0224_e_+x_-y;CELL_QP093A-0224_e_+x_-z;CELL_QP093A-0224_e_-y_-z,CELL_QP093A-0224_e_+y_+z;CELL_QP093A-0224_e_-x_+y;CELL_QP093A-0224_e_-x_+z,true,true,true,true,OPEN_NO_UNIT_MAPPING,OPEN_CONVENTIONAL_ENGINEERING_INPUT,UNEMITTED_CR286_GATE,false,false
CELL_QP093A-0224_GATE_101_TO_010,CELL_QP093A-0224_PAIR_010_101,CELL_QP093A-0224,QP093A-0224,6+12+12,yes,TRIAD_ALLOWED,CELL_QP093A-0224_f_+-+,+-+,101,CELL_QP093A-0224_f_-+-,-+-,010,CELL_QP093A-0224_v_+x;CELL_QP093A-0224_v_+z;CELL_QP093A-0224_v_-y,CELL_QP093A-0224_v_+y;CELL_QP093A-0224_v_-x;CELL_QP093A-0224_v_-z,CELL_QP093A-0224_e_+x_+z;CELL_QP093A-0224_e_+x_-y;CELL_QP093A-0224_e_-y_+z,CELL_QP093A-0224_e_+y_-z;CELL_QP093A-0224_e_-x_+y;CELL_QP093A-0224_e_-x_-z,true,true,true,true,OPEN_NO_UNIT_MAPPING,OPEN_CONVENTIONAL_ENGINEERING_INPUT,UNEMITTED_CR286_GATE,false,false
CELL_QP093A-0224_GATE_110_TO_001,CELL_QP093A-0224_PAIR_001_110,CELL_QP093A-0224,QP093A-0224,6+12+12,yes,TRIAD_ALLOWED,CELL_QP093A-0224_f_++-,++-,110,CELL_QP093A-0224_f_--+,--+,001,CELL_QP093A-0224_v_+x;CELL_QP093A-0224_v_+y;CELL_QP093A-0224_v_-z,CELL_QP093A-0224_v_+z;CELL_QP093A-0224_v_-x;CELL_QP093A-0224_v_-y,CELL_QP093A-0224_e_+x_+y;CELL_QP093A-0224_e_+x_-z;CELL_QP093A-0224_e_+y_-z,CELL_QP093A-0224_e_-x_+z;CELL_QP093A-0224_e_-x_-y;CELL_QP093A-0224_e_-y_+z,true,true,true,true,OPEN_NO_UNIT_MAPPING,OPEN_CONVENTIONAL_ENGINEERING_INPUT,UNEMITTED_CR286_GATE,false,false
CELL_QP093A-0224_GATE_111_TO_000,CELL_QP093A-0224_PAIR_000_111,CELL_QP093A-0224,QP093A-0224,6+12+12,yes,TRIAD_ALLOWED,CELL_QP093A-0224_f_+++,+++,111,CELL_QP093A-0224_f_---,---,000,CELL_QP093A-0224_v_+x;CELL_QP093A-0224_v_+y;CELL_QP093A-0224_v_+z,CELL_QP093A-0224_v_-x;CELL_QP093A-0224_v_-y;CELL_QP093A-0224_v_-z,CELL_QP093A-0224_e_+x_+y;CELL_QP093A-0224_e_+x_+z;CELL_QP093A-0224_e_+y_+z,CELL_QP093A-0224_e_-x_-y;CELL_QP093A-0224_e_-x_-z;CELL_QP093A-0224_e_-y_-z,true,true,true,true,OPEN_NO_UNIT_MAPPING,OPEN_CONVENTIONAL_ENGINEERING_INPUT,UNEMITTED_CR286_GATE,false,false
CELL_QP093A-0225_GATE_000_TO_111,CELL_QP093A-0225_PAIR_000_111,CELL_QP093A-0225,QP093A-0225,8+8+8,yes,TRIAD_ALLOWED,CELL_QP093A-0225_f_---,---,000,CELL_QP093A-0225_f_+++,+++,111,CELL_QP093A-0225_v_-x;CELL_QP093A-0225_v_-y;CELL_QP093A-0225_v_-z,CELL_QP093A-0225_v_+x;CELL_QP093A-0225_v_+y;CELL_QP093A-0225_v_+z,CELL_QP093A-0225_e_-x_-y;CELL_QP093A-0225_e_-x_-z;CELL_QP093A-0225_e_-y_-z,CELL_QP093A-0225_e_+x_+y;CELL_QP093A-0225_e_+x_+z;CELL_QP093A-0225_e_+y_+z,true,true,true,true,OPEN_NO_UNIT_MAPPING,OPEN_CONVENTIONAL_ENGINEERING_INPUT,UNEMITTED_CR286_GATE,false,false
CELL_QP093A-0225_GATE_001_TO_110,CELL_QP093A-0225_PAIR_001_110,CELL_QP093A-0225,QP093A-0225,8+8+8,yes,TRIAD_ALLOWED,CELL_QP093A-0225_f_--+,--+,001,CELL_QP093A-0225_f_++-,++-,110,CELL_QP093A-0225_v_+z;CELL_QP093A-0225_v_-x;CELL_QP093A-0225_v_-y,CELL_QP093A-0225_v_+x;CELL_QP093A-0225_v_+y;CELL_QP093A-0225_v_-z,CELL_QP093A-0225_e_-x_+z;CELL_QP093A-0225_e_-x_-y;CELL_QP093A-0225_e_-y_+z,CELL_QP093A-0225_e_+x_+y;CELL_QP093A-0225_e_+x_-z;CELL_QP093A-0225_e_+y_-z,true,true,true,true,OPEN_NO_UNIT_MAPPING,OPEN_CONVENTIONAL_ENGINEERING_INPUT,UNEMITTED_CR286_GATE,false,false
CELL_QP093A-0225_GATE_010_TO_101,CELL_QP093A-0225_PAIR_010_101,CELL_QP093A-0225,QP093A-0225,8+8+8,yes,TRIAD_ALLOWED,CELL_QP093A-0225_f_-+-,-+-,010,CELL_QP093A-0225_f_+-+,+-+,101,CELL_QP093A-0225_v_+y;CELL_QP093A-0225_v_-x;CELL_QP093A-0225_v_-z,CELL_QP093A-0225_v_+x;CELL_QP093A-0225_v_+z;CELL_QP093A-0225_v_-y,CELL_QP093A-0225_e_+y_-z;CELL_QP093A-0225_e_-x_+y;CELL_QP093A-0225_e_-x_-z,CELL_QP093A-0225_e_+x_+z;CELL_QP093A-0225_e_+x_-y;CELL_QP093A-0225_e_-y_+z,true,true,true,true,OPEN_NO_UNIT_MAPPING,OPEN_CONVENTIONAL_ENGINEERING_INPUT,UNEMITTED_CR286_GATE,false,false
CELL_QP093A-0225_GATE_011_TO_100,CELL_QP093A-0225_PAIR_011_100,CELL_QP093A-0225,QP093A-0225,8+8+8,yes,TRIAD_ALLOWED,CELL_QP093A-0225_f_-++,-++,011,CELL_QP093A-0225_f_+--,+--,100,CELL_QP093A-0225_v_+y;CELL_QP093A-0225_v_+z;CELL_QP093A-0225_v_-x,CELL_QP093A-0225_v_+x;CELL_QP093A-0225_v_-y;CELL_QP093A-0225_v_-z,CELL_QP093A-0225_e_+y_+z;CELL_QP093A-0225_e_-x_+y;CELL_QP093A-0225_e_-x_+z,CELL_QP093A-0225_e_+x_-y;CELL_QP093A-0225_e_+x_-z;CELL_QP093A-0225_e_-y_-z,true,true,true,true,OPEN_NO_UNIT_MAPPING,OPEN_CONVENTIONAL_ENGINEERING_INPUT,UNEMITTED_CR286_GATE,false,false
CELL_QP093A-0225_GATE_100_TO_011,CELL_QP093A-0225_PAIR_011_100,CELL_QP093A-0225,QP093A-0225,8+8+8,yes,TRIAD_ALLOWED,CELL_QP093A-0225_f_+--,+--,100,CELL_QP093A-0225_f_-++,-++,011,CELL_QP093A-0225_v_+x;CELL_QP093A-0225_v_-y;CELL_QP093A-0225_v_-z,CELL_QP093A-0225_v_+y;CELL_QP093A-0225_v_+z;CELL_QP093A-0225_v_-x,CELL_QP093A-0225_e_+x_-y;CELL_QP093A-0225_e_+x_-z;CELL_QP093A-0225_e_-y_-z,CELL_QP093A-0225_e_+y_+z;CELL_QP093A-0225_e_-x_+y;CELL_QP093A-0225_e_-x_+z,true,true,true,true,OPEN_NO_UNIT_MAPPING,OPEN_CONVENTIONAL_ENGINEERING_INPUT,UNEMITTED_CR286_GATE,false,false
CELL_QP093A-0225_GATE_101_TO_010,CELL_QP093A-0225_PAIR_010_101,CELL_QP093A-0225,QP093A-0225,8+8+8,yes,TRIAD_ALLOWED,CELL_QP093A-0225_f_+-+,+-+,101,CELL_QP093A-0225_f_-+-,-+-,010,CELL_QP093A-0225_v_+x;CELL_QP093A-0225_v_+z;CELL_QP093A-0225_v_-y,CELL_QP093A-0225_v_+y;CELL_QP093A-0225_v_-x;CELL_QP093A-0225_v_-z,CELL_QP093A-0225_e_+x_+z;CELL_QP093A-0225_e_+x_-y;CELL_QP093A-0225_e_-y_+z,CELL_QP093A-0225_e_+y_-z;CELL_QP093A-0225_e_-x_+y;CELL_QP093A-0225_e_-x_-z,true,true,true,true,OPEN_NO_UNIT_MAPPING,OPEN_CONVENTIONAL_ENGINEERING_INPUT,UNEMITTED_CR286_GATE,false,false
CELL_QP093A-0225_GATE_110_TO_001,CELL_QP093A-0225_PAIR_001_110,CELL_QP093A-0225,QP093A-0225,8+8+8,yes,TRIAD_ALLOWED,CELL_QP093A-0225_f_++-,++-,110,CELL_QP093A-0225_f_--+,--+,001,CELL_QP093A-0225_v_+x;CELL_QP093A-0225_v_+y;CELL_QP093A-0225_v_-z,CELL_QP093A-0225_v_+z;CELL_QP093A-0225_v_-x;CELL_QP093A-0225_v_-y,CELL_QP093A-0225_e_+x_+y;CELL_QP093A-0225_e_+x_-z;CELL_QP093A-0225_e_+y_-z,CELL_QP093A-0225_e_-x_+z;CELL_QP093A-0225_e_-x_-y;CELL_QP093A-0225_e_-y_+z,true,true,true,true,OPEN_NO_UNIT_MAPPING,OPEN_CONVENTIONAL_ENGINEERING_INPUT,UNEMITTED_CR286_GATE,false,false
CELL_QP093A-0225_GATE_111_TO_000,CELL_QP093A-0225_PAIR_000_111,CELL_QP093A-0225,QP093A-0225,8+8+8,yes,TRIAD_ALLOWED,CELL_QP093A-0225_f_+++,+++,111,CELL_QP093A-0225_f_---,---,000,CELL_QP093A-0225_v_+x;CELL_QP093A-0225_v_+y;CELL_QP093A-0225_v_+z,CELL_QP093A-0225_v_-x;CELL_QP093A-0225_v_-y;CELL_QP093A-0225_v_-z,CELL_QP093A-0225_e_+x_+y;CELL_QP093A-0225_e_+x_+z;CELL_QP093A-0225_e_+y_+z,CELL_QP093A-0225_e_-x_-y;CELL_QP093A-0225_e_-x_-z;CELL_QP093A-0225_e_-y_-z,true,true,true,true,OPEN_NO_UNIT_MAPPING,OPEN_CONVENTIONAL_ENGINEERING_INPUT,UNEMITTED_CR286_GATE,false,false
CELL_QP093A-0226_GATE_000_TO_111,CELL_QP093A-0226_PAIR_000_111,CELL_QP093A-0226,QP093A-0226,8+8+9,yes,TRIAD_ALLOWED,CELL_QP093A-0226_f_---,---,000,CELL_QP093A-0226_f_+++,+++,111,CELL_QP093A-0226_v_-x;CELL_QP093A-0226_v_-y;CELL_QP093A-0226_v_-z,CELL_QP093A-0226_v_+x;CELL_QP093A-0226_v_+y;CELL_QP093A-0226_v_+z,CELL_QP093A-0226_e_-x_-y;CELL_QP093A-0226_e_-x_-z;CELL_QP093A-0226_e_-y_-z,CELL_QP093A-0226_e_+x_+y;CELL_QP093A-0226_e_+x_+z;CELL_QP093A-0226_e_+y_+z,true,true,true,true,OPEN_NO_UNIT_MAPPING,OPEN_CONVENTIONAL_ENGINEERING_INPUT,UNEMITTED_CR286_GATE,false,false
CELL_QP093A-0226_GATE_001_TO_110,CELL_QP093A-0226_PAIR_001_110,CELL_QP093A-0226,QP093A-0226,8+8+9,yes,TRIAD_ALLOWED,CELL_QP093A-0226_f_--+,--+,001,CELL_QP093A-0226_f_++-,++-,110,CELL_QP093A-0226_v_+z;CELL_QP093A-0226_v_-x;CELL_QP093A-0226_v_-y,CELL_QP093A-0226_v_+x;CELL_QP093A-0226_v_+y;CELL_QP093A-0226_v_-z,CELL_QP093A-0226_e_-x_+z;CELL_QP093A-0226_e_-x_-y;CELL_QP093A-0226_e_-y_+z,CELL_QP093A-0226_e_+x_+y;CELL_QP093A-0226_e_+x_-z;CELL_QP093A-0226_e_+y_-z,true,true,true,true,OPEN_NO_UNIT_MAPPING,OPEN_CONVENTIONAL_ENGINEERING_INPUT,UNEMITTED_CR286_GATE,false,false
CELL_QP093A-0226_GATE_010_TO_101,CELL_QP093A-0226_PAIR_010_101,CELL_QP093A-0226,QP093A-0226,8+8+9,yes,TRIAD_ALLOWED,CELL_QP093A-0226_f_-+-,-+-,010,CELL_QP093A-0226_f_+-+,+-+,101,CELL_QP093A-0226_v_+y;CELL_QP093A-0226_v_-x;CELL_QP093A-0226_v_-z,CELL_QP093A-0226_v_+x;CELL_QP093A-0226_v_+z;CELL_QP093A-0226_v_-y,CELL_QP093A-0226_e_+y_-z;CELL_QP093A-0226_e_-x_+y;CELL_QP093A-0226_e_-x_-z,CELL_QP093A-0226_e_+x_+z;CELL_QP093A-0226_e_+x_-y;CELL_QP093A-0226_e_-y_+z,true,true,true,true,OPEN_NO_UNIT_MAPPING,OPEN_CONVENTIONAL_ENGINEERING_INPUT,UNEMITTED_CR286_GATE,false,false
CELL_QP093A-0226_GATE_011_TO_100,CELL_QP093A-0226_PAIR_011_100,CELL_QP093A-0226,QP093A-0226,8+8+9,yes,TRIAD_ALLOWED,CELL_QP093A-0226_f_-++,-++,011,CELL_QP093A-0226_f_+--,+--,100,CELL_QP093A-0226_v_+y;CELL_QP093A-0226_v_+z;CELL_QP093A-0226_v_-x,CELL_QP093A-0226_v_+x;CELL_QP093A-0226_v_-y;CELL_QP093A-0226_v_-z,CELL_QP093A-0226_e_+y_+z;CELL_QP093A-0226_e_-x_+y;CELL_QP093A-0226_e_-x_+z,CELL_QP093A-0226_e_+x_-y;CELL_QP093A-0226_e_+x_-z;CELL_QP093A-0226_e_-y_-z,true,true,true,true,OPEN_NO_UNIT_MAPPING,OPEN_CONVENTIONAL_ENGINEERING_INPUT,UNEMITTED_CR286_GATE,false,false
CELL_QP093A-0226_GATE_100_TO_011,CELL_QP093A-0226_PAIR_011_100,CELL_QP093A-0226,QP093A-0226,8+8+9,yes,TRIAD_ALLOWED,CELL_QP093A-0226_f_+--,+--,100,CELL_QP093A-0226_f_-++,-++,011,CELL_QP093A-0226_v_+x;CELL_QP093A-0226_v_-y;CELL_QP093A-0226_v_-z,CELL_QP093A-0226_v_+y;CELL_QP093A-0226_v_+z;CELL_QP093A-0226_v_-x,CELL_QP093A-0226_e_+x_-y;CELL_QP093A-0226_e_+x_-z;CELL_QP093A-0226_e_-y_-z,CELL_QP093A-0226_e_+y_+z;CELL_QP093A-0226_e_-x_+y;CELL_QP093A-0226_e_-x_+z,true,true,true,true,OPEN_NO_UNIT_MAPPING,OPEN_CONVENTIONAL_ENGINEERING_INPUT,UNEMITTED_CR286_GATE,false,false
CELL_QP093A-0226_GATE_101_TO_010,CELL_QP093A-0226_PAIR_010_101,CELL_QP093A-0226,QP093A-0226,8+8+9,yes,TRIAD_ALLOWED,CELL_QP093A-0226_f_+-+,+-+,101,CELL_QP093A-0226_f_-+-,-+-,010,CELL_QP093A-0226_v_+x;CELL_QP093A-0226_v_+z;CELL_QP093A-0226_v_-y,CELL_QP093A-0226_v_+y;CELL_QP093A-0226_v_-x;CELL_QP093A-0226_v_-z,CELL_QP093A-0226_e_+x_+z;CELL_QP093A-0226_e_+x_-y;CELL_QP093A-0226_e_-y_+z,CELL_QP093A-0226_e_+y_-z;CELL_QP093A-0226_e_-x_+y;CELL_QP093A-0226_e_-x_-z,true,true,true,true,OPEN_NO_UNIT_MAPPING,OPEN_CONVENTIONAL_ENGINEERING_INPUT,UNEMITTED_CR286_GATE,false,false
CELL_QP093A-0226_GATE_110_TO_001,CELL_QP093A-0226_PAIR_001_110,CELL_QP093A-0226,QP093A-0226,8+8+9,yes,TRIAD_ALLOWED,CELL_QP093A-0226_f_++-,++-,110,CELL_QP093A-0226_f_--+,--+,001,CELL_QP093A-0226_v_+x;CELL_QP093A-0226_v_+y;CELL_QP093A-0226_v_-z,CELL_QP093A-0226_v_+z;CELL_QP093A-0226_v_-x;CELL_QP093A-0226_v_-y,CELL_QP093A-0226_e_+x_+y;CELL_QP093A-0226_e_+x_-z;CELL_QP093A-0226_e_+y_-z,CELL_QP093A-0226_e_-x_+z;CELL_QP093A-0226_e_-x_-y;CELL_QP093A-0226_e_-y_+z,true,true,true,true,OPEN_NO_UNIT_MAPPING,OPEN_CONVENTIONAL_ENGINEERING_INPUT,UNEMITTED_CR286_GATE,false,false
CELL_QP093A-0226_GATE_111_TO_000,CELL_QP093A-0226_PAIR_000_111,CELL_QP093A-0226,QP093A-0226,8+8+9,yes,TRIAD_ALLOWED,CELL_QP093A-0226_f_+++,+++,111,CELL_QP093A-0226_f_---,---,000,CELL_QP093A-0226_v_+x;CELL_QP093A-0226_v_+y;CELL_QP093A-0226_v_+z,CELL_QP093A-0226_v_-x;CELL_QP093A-0226_v_-y;CELL_QP093A-0226_v_-z,CELL_QP093A-0226_e_+x_+y;CELL_QP093A-0226_e_+x_+z;CELL_QP093A-0226_e_+y_+z,CELL_QP093A-0226_e_-x_-y;CELL_QP093A-0226_e_-x_-z;CELL_QP093A-0226_e_-y_-z,true,true,true,true,OPEN_NO_UNIT_MAPPING,OPEN_CONVENTIONAL_ENGINEERING_INPUT,UNEMITTED_CR286_GATE,false,false
CELL_QP093A-0227_GATE_000_TO_111,CELL_QP093A-0227_PAIR_000_111,CELL_QP093A-0227,QP093A-0227,8+8+12,yes,TRIAD_ALLOWED,CELL_QP093A-0227_f_---,---,000,CELL_QP093A-0227_f_+++,+++,111,CELL_QP093A-0227_v_-x;CELL_QP093A-0227_v_-y;CELL_QP093A-0227_v_-z,CELL_QP093A-0227_v_+x;CELL_QP093A-0227_v_+y;CELL_QP093A-0227_v_+z,CELL_QP093A-0227_e_-x_-y;CELL_QP093A-0227_e_-x_-z;CELL_QP093A-0227_e_-y_-z,CELL_QP093A-0227_e_+x_+y;CELL_QP093A-0227_e_+x_+z;CELL_QP093A-0227_e_+y_+z,true,true,true,true,OPEN_NO_UNIT_MAPPING,OPEN_CONVENTIONAL_ENGINEERING_INPUT,UNEMITTED_CR286_GATE,false,false
CELL_QP093A-0227_GATE_001_TO_110,CELL_QP093A-0227_PAIR_001_110,CELL_QP093A-0227,QP093A-0227,8+8+12,yes,TRIAD_ALLOWED,CELL_QP093A-0227_f_--+,--+,001,CELL_QP093A-0227_f_++-,++-,110,CELL_QP093A-0227_v_+z;CELL_QP093A-0227_v_-x;CELL_QP093A-0227_v_-y,CELL_QP093A-0227_v_+x;CELL_QP093A-0227_v_+y;CELL_QP093A-0227_v_-z,CELL_QP093A-0227_e_-x_+z;CELL_QP093A-0227_e_-x_-y;CELL_QP093A-0227_e_-y_+z,CELL_QP093A-0227_e_+x_+y;CELL_QP093A-0227_e_+x_-z;CELL_QP093A-0227_e_+y_-z,true,true,true,true,OPEN_NO_UNIT_MAPPING,OPEN_CONVENTIONAL_ENGINEERING_INPUT,UNEMITTED_CR286_GATE,false,false
CELL_QP093A-0227_GATE_010_TO_101,CELL_QP093A-0227_PAIR_010_101,CELL_QP093A-0227,QP093A-0227,8+8+12,yes,TRIAD_ALLOWED,CELL_QP093A-0227_f_-+-,-+-,010,CELL_QP093A-0227_f_+-+,+-+,101,CELL_QP093A-0227_v_+y;CELL_QP093A-0227_v_-x;CELL_QP093A-0227_v_-z,CELL_QP093A-0227_v_+x;CELL_QP093A-0227_v_+z;CELL_QP093A-0227_v_-y,CELL_QP093A-0227_e_+y_-z;CELL_QP093A-0227_e_-x_+y;CELL_QP093A-0227_e_-x_-z,CELL_QP093A-0227_e_+x_+z;CELL_QP093A-0227_e_+x_-y;CELL_QP093A-0227_e_-y_+z,true,true,true,true,OPEN_NO_UNIT_MAPPING,OPEN_CONVENTIONAL_ENGINEERING_INPUT,UNEMITTED_CR286_GATE,false,false
CELL_QP093A-0227_GATE_011_TO_100,CELL_QP093A-0227_PAIR_011_100,CELL_QP093A-0227,QP093A-0227,8+8+12,yes,TRIAD_ALLOWED,CELL_QP093A-0227_f_-++,-++,011,CELL_QP093A-0227_f_+--,+--,100,CELL_QP093A-0227_v_+y;CELL_QP093A-0227_v_+z;CELL_QP093A-0227_v_-x,CELL_QP093A-0227_v_+x;CELL_QP093A-0227_v_-y;CELL_QP093A-0227_v_-z,CELL_QP093A-0227_e_+y_+z;CELL_QP093A-0227_e_-x_+y;CELL_QP093A-0227_e_-x_+z,CELL_QP093A-0227_e_+x_-y;CELL_QP093A-0227_e_+x_-z;CELL_QP093A-0227_e_-y_-z,true,true,true,true,OPEN_NO_UNIT_MAPPING,OPEN_CONVENTIONAL_ENGINEERING_INPUT,UNEMITTED_CR286_GATE,false,false
CELL_QP093A-0227_GATE_100_TO_011,CELL_QP093A-0227_PAIR_011_100,CELL_QP093A-0227,QP093A-0227,8+8+12,yes,TRIAD_ALLOWED,CELL_QP093A-0227_f_+--,+--,100,CELL_QP093A-0227_f_-++,-++,011,CELL_QP093A-0227_v_+x;CELL_QP093A-0227_v_-y;CELL_QP093A-0227_v_-z,CELL_QP093A-0227_v_+y;CELL_QP093A-0227_v_+z;CELL_QP093A-0227_v_-x,CELL_QP093A-0227_e_+x_-y;CELL_QP093A-0227_e_+x_-z;CELL_QP093A-0227_e_-y_-z,CELL_QP093A-0227_e_+y_+z;CELL_QP093A-0227_e_-x_+y;CELL_QP093A-0227_e_-x_+z,true,true,true,true,OPEN_NO_UNIT_MAPPING,OPEN_CONVENTIONAL_ENGINEERING_INPUT,UNEMITTED_CR286_GATE,false,false
CELL_QP093A-0227_GATE_101_TO_010,CELL_QP093A-0227_PAIR_010_101,CELL_QP093A-0227,QP093A-0227,8+8+12,yes,TRIAD_ALLOWED,CELL_QP093A-0227_f_+-+,+-+,101,CELL_QP093A-0227_f_-+-,-+-,010,CELL_QP093A-0227_v_+x;CELL_QP093A-0227_v_+z;CELL_QP093A-0227_v_-y,CELL_QP093A-0227_v_+y;CELL_QP093A-0227_v_-x;CELL_QP093A-0227_v_-z,CELL_QP093A-0227_e_+x_+z;CELL_QP093A-0227_e_+x_-y;CELL_QP093A-0227_e_-y_+z,CELL_QP093A-0227_e_+y_-z;CELL_QP093A-0227_e_-x_+y;CELL_QP093A-0227_e_-x_-z,true,true,true,true,OPEN_NO_UNIT_MAPPING,OPEN_CONVENTIONAL_ENGINEERING_INPUT,UNEMITTED_CR286_GATE,false,false
CELL_QP093A-0227_GATE_110_TO_001,CELL_QP093A-0227_PAIR_001_110,CELL_QP093A-0227,QP093A-0227,8+8+12,yes,TRIAD_ALLOWED,CELL_QP093A-0227_f_++-,++-,110,CELL_QP093A-0227_f_--+,--+,001,CELL_QP093A-0227_v_+x;CELL_QP093A-0227_v_+y;CELL_QP093A-0227_v_-z,CELL_QP093A-0227_v_+z;CELL_QP093A-0227_v_-x;CELL_QP093A-0227_v_-y,CELL_QP093A-0227_e_+x_+y;CELL_QP093A-0227_e_+x_-z;CELL_QP093A-0227_e_+y_-z,CELL_QP093A-0227_e_-x_+z;CELL_QP093A-0227_e_-x_-y;CELL_QP093A-0227_e_-y_+z,true,true,true,true,OPEN_NO_UNIT_MAPPING,OPEN_CONVENTIONAL_ENGINEERING_INPUT,UNEMITTED_CR286_GATE,false,false
CELL_QP093A-0227_GATE_111_TO_000,CELL_QP093A-0227_PAIR_000_111,CELL_QP093A-0227,QP093A-0227,8+8+12,yes,TRIAD_ALLOWED,CELL_QP093A-0227_f_+++,+++,111,CELL_QP093A-0227_f_---,---,000,CELL_QP093A-0227_v_+x;CELL_QP093A-0227_v_+y;CELL_QP093A-0227_v_+z,CELL_QP093A-0227_v_-x;CELL_QP093A-0227_v_-y;CELL_QP093A-0227_v_-z,CELL_QP093A-0227_e_+x_+y;CELL_QP093A-0227_e_+x_+z;CELL_QP093A-0227_e_+y_+z,CELL_QP093A-0227_e_-x_-y;CELL_QP093A-0227_e_-x_-z;CELL_QP093A-0227_e_-y_-z,true,true,true,true,OPEN_NO_UNIT_MAPPING,OPEN_CONVENTIONAL_ENGINEERING_INPUT,UNEMITTED_CR286_GATE,false,false
CELL_QP093A-0228_GATE_000_TO_111,CELL_QP093A-0228_PAIR_000_111,CELL_QP093A-0228,QP093A-0228,8+9+9,yes,TRIAD_ALLOWED,CELL_QP093A-0228_f_---,---,000,CELL_QP093A-0228_f_+++,+++,111,CELL_QP093A-0228_v_-x;CELL_QP093A-0228_v_-y;CELL_QP093A-0228_v_-z,CELL_QP093A-0228_v_+x;CELL_QP093A-0228_v_+y;CELL_QP093A-0228_v_+z,CELL_QP093A-0228_e_-x_-y;CELL_QP093A-0228_e_-x_-z;CELL_QP093A-0228_e_-y_-z,CELL_QP093A-0228_e_+x_+y;CELL_QP093A-0228_e_+x_+z;CELL_QP093A-0228_e_+y_+z,true,true,true,true,OPEN_NO_UNIT_MAPPING,OPEN_CONVENTIONAL_ENGINEERING_INPUT,UNEMITTED_CR286_GATE,false,false
CELL_QP093A-0228_GATE_001_TO_110,CELL_QP093A-0228_PAIR_001_110,CELL_QP093A-0228,QP093A-0228,8+9+9,yes,TRIAD_ALLOWED,CELL_QP093A-0228_f_--+,--+,001,CELL_QP093A-0228_f_++-,++-,110,CELL_QP093A-0228_v_+z;CELL_QP093A-0228_v_-x;CELL_QP093A-0228_v_-y,CELL_QP093A-0228_v_+x;CELL_QP093A-0228_v_+y;CELL_QP093A-0228_v_-z,CELL_QP093A-0228_e_-x_+z;CELL_QP093A-0228_e_-x_-y;CELL_QP093A-0228_e_-y_+z,CELL_QP093A-0228_e_+x_+y;CELL_QP093A-0228_e_+x_-z;CELL_QP093A-0228_e_+y_-z,true,true,true,true,OPEN_NO_UNIT_MAPPING,OPEN_CONVENTIONAL_ENGINEERING_INPUT,UNEMITTED_CR286_GATE,false,false
CELL_QP093A-0228_GATE_010_TO_101,CELL_QP093A-0228_PAIR_010_101,CELL_QP093A-0228,QP093A-0228,8+9+9,yes,TRIAD_ALLOWED,CELL_QP093A-0228_f_-+-,-+-,010,CELL_QP093A-0228_f_+-+,+-+,101,CELL_QP093A-0228_v_+y;CELL_QP093A-0228_v_-x;CELL_QP093A-0228_v_-z,CELL_QP093A-0228_v_+x;CELL_QP093A-0228_v_+z;CELL_QP093A-0228_v_-y,CELL_QP093A-0228_e_+y_-z;CELL_QP093A-0228_e_-x_+y;CELL_QP093A-0228_e_-x_-z,CELL_QP093A-0228_e_+x_+z;CELL_QP093A-0228_e_+x_-y;CELL_QP093A-0228_e_-y_+z,true,true,true,true,OPEN_NO_UNIT_MAPPING,OPEN_CONVENTIONAL_ENGINEERING_INPUT,UNEMITTED_CR286_GATE,false,false
CELL_QP093A-0228_GATE_011_TO_100,CELL_QP093A-0228_PAIR_011_100,CELL_QP093A-0228,QP093A-0228,8+9+9,yes,TRIAD_ALLOWED,CELL_QP093A-0228_f_-++,-++,011,CELL_QP093A-0228_f_+--,+--,100,CELL_QP093A-0228_v_+y;CELL_QP093A-0228_v_+z;CELL_QP093A-0228_v_-x,CELL_QP093A-0228_v_+x;CELL_QP093A-0228_v_-y;CELL_QP093A-0228_v_-z,CELL_QP093A-0228_e_+y_+z;CELL_QP093A-0228_e_-x_+y;CELL_QP093A-0228_e_-x_+z,CELL_QP093A-0228_e_+x_-y;CELL_QP093A-0228_e_+x_-z;CELL_QP093A-0228_e_-y_-z,true,true,true,true,OPEN_NO_UNIT_MAPPING,OPEN_CONVENTIONAL_ENGINEERING_INPUT,UNEMITTED_CR286_GATE,false,false
CELL_QP093A-0228_GATE_100_TO_011,CELL_QP093A-0228_PAIR_011_100,CELL_QP093A-0228,QP093A-0228,8+9+9,yes,TRIAD_ALLOWED,CELL_QP093A-0228_f_+--,+--,100,CELL_QP093A-0228_f_-++,-++,011,CELL_QP093A-0228_v_+x;CELL_QP093A-0228_v_-y;CELL_QP093A-0228_v_-z,CELL_QP093A-0228_v_+y;CELL_QP093A-0228_v_+z;CELL_QP093A-0228_v_-x,CELL_QP093A-0228_e_+x_-y;CELL_QP093A-0228_e_+x_-z;CELL_QP093A-0228_e_-y_-z,CELL_QP093A-0228_e_+y_+z;CELL_QP093A-0228_e_-x_+y;CELL_QP093A-0228_e_-x_+z,true,true,true,true,OPEN_NO_UNIT_MAPPING,OPEN_CONVENTIONAL_ENGINEERING_INPUT,UNEMITTED_CR286_GATE,false,false
CELL_QP093A-0228_GATE_101_TO_010,CELL_QP093A-0228_PAIR_010_101,CELL_QP093A-0228,QP093A-0228,8+9+9,yes,TRIAD_ALLOWED,CELL_QP093A-0228_f_+-+,+-+,101,CELL_QP093A-0228_f_-+-,-+-,010,CELL_QP093A-0228_v_+x;CELL_QP093A-0228_v_+z;CELL_QP093A-0228_v_-y,CELL_QP093A-0228_v_+y;CELL_QP093A-0228_v_-x;CELL_QP093A-0228_v_-z,CELL_QP093A-0228_e_+x_+z;CELL_QP093A-0228_e_+x_-y;CELL_QP093A-0228_e_-y_+z,CELL_QP093A-0228_e_+y_-z;CELL_QP093A-0228_e_-x_+y;CELL_QP093A-0228_e_-x_-z,true,true,true,true,OPEN_NO_UNIT_MAPPING,OPEN_CONVENTIONAL_ENGINEERING_INPUT,UNEMITTED_CR286_GATE,false,false
CELL_QP093A-0228_GATE_110_TO_001,CELL_QP093A-0228_PAIR_001_110,CELL_QP093A-0228,QP093A-0228,8+9+9,yes,TRIAD_ALLOWED,CELL_QP093A-0228_f_++-,++-,110,CELL_QP093A-0228_f_--+,--+,001,CELL_QP093A-0228_v_+x;CELL_QP093A-0228_v_+y;CELL_QP093A-0228_v_-z,CELL_QP093A-0228_v_+z;CELL_QP093A-0228_v_-x;CELL_QP093A-0228_v_-y,CELL_QP093A-0228_e_+x_+y;CELL_QP093A-0228_e_+x_-z;CELL_QP093A-0228_e_+y_-z,CELL_QP093A-0228_e_-x_+z;CELL_QP093A-0228_e_-x_-y;CELL_QP093A-0228_e_-y_+z,true,true,true,true,OPEN_NO_UNIT_MAPPING,OPEN_CONVENTIONAL_ENGINEERING_INPUT,UNEMITTED_CR286_GATE,false,false
CELL_QP093A-0228_GATE_111_TO_000,CELL_QP093A-0228_PAIR_000_111,CELL_QP093A-0228,QP093A-0228,8+9+9,yes,TRIAD_ALLOWED,CELL_QP093A-0228_f_+++,+++,111,CELL_QP093A-0228_f_---,---,000,CELL_QP093A-0228_v_+x;CELL_QP093A-0228_v_+y;CELL_QP093A-0228_v_+z,CELL_QP093A-0228_v_-x;CELL_QP093A-0228_v_-y;CELL_QP093A-0228_v_-z,CELL_QP093A-0228_e_+x_+y;CELL_QP093A-0228_e_+x_+z;CELL_QP093A-0228_e_+y_+z,CELL_QP093A-0228_e_-x_-y;CELL_QP093A-0228_e_-x_-z;CELL_QP093A-0228_e_-y_-z,true,true,true,true,OPEN_NO_UNIT_MAPPING,OPEN_CONVENTIONAL_ENGINEERING_INPUT,UNEMITTED_CR286_GATE,false,false
CELL_QP093A-0229_GATE_000_TO_111,CELL_QP093A-0229_PAIR_000_111,CELL_QP093A-0229,QP093A-0229,8+9+12,yes,TRIAD_ALLOWED,CELL_QP093A-0229_f_---,---,000,CELL_QP093A-0229_f_+++,+++,111,CELL_QP093A-0229_v_-x;CELL_QP093A-0229_v_-y;CELL_QP093A-0229_v_-z,CELL_QP093A-0229_v_+x;CELL_QP093A-0229_v_+y;CELL_QP093A-0229_v_+z,CELL_QP093A-0229_e_-x_-y;CELL_QP093A-0229_e_-x_-z;CELL_QP093A-0229_e_-y_-z,CELL_QP093A-0229_e_+x_+y;CELL_QP093A-0229_e_+x_+z;CELL_QP093A-0229_e_+y_+z,true,true,true,true,OPEN_NO_UNIT_MAPPING,OPEN_CONVENTIONAL_ENGINEERING_INPUT,UNEMITTED_CR286_GATE,false,false
CELL_QP093A-0229_GATE_001_TO_110,CELL_QP093A-0229_PAIR_001_110,CELL_QP093A-0229,QP093A-0229,8+9+12,yes,TRIAD_ALLOWED,CELL_QP093A-0229_f_--+,--+,001,CELL_QP093A-0229_f_++-,++-,110,CELL_QP093A-0229_v_+z;CELL_QP093A-0229_v_-x;CELL_QP093A-0229_v_-y,CELL_QP093A-0229_v_+x;CELL_QP093A-0229_v_+y;CELL_QP093A-0229_v_-z,CELL_QP093A-0229_e_-x_+z;CELL_QP093A-0229_e_-x_-y;CELL_QP093A-0229_e_-y_+z,CELL_QP093A-0229_e_+x_+y;CELL_QP093A-0229_e_+x_-z;CELL_QP093A-0229_e_+y_-z,true,true,true,true,OPEN_NO_UNIT_MAPPING,OPEN_CONVENTIONAL_ENGINEERING_INPUT,UNEMITTED_CR286_GATE,false,false
CELL_QP093A-0229_GATE_010_TO_101,CELL_QP093A-0229_PAIR_010_101,CELL_QP093A-0229,QP093A-0229,8+9+12,yes,TRIAD_ALLOWED,CELL_QP093A-0229_f_-+-,-+-,010,CELL_QP093A-0229_f_+-+,+-+,101,CELL_QP093A-0229_v_+y;CELL_QP093A-0229_v_-x;CELL_QP093A-0229_v_-z,CELL_QP093A-0229_v_+x;CELL_QP093A-0229_v_+z;CELL_QP093A-0229_v_-y,CELL_QP093A-0229_e_+y_-z;CELL_QP093A-0229_e_-x_+y;CELL_QP093A-0229_e_-x_-z,CELL_QP093A-0229_e_+x_+z;CELL_QP093A-0229_e_+x_-y;CELL_QP093A-0229_e_-y_+z,true,true,true,true,OPEN_NO_UNIT_MAPPING,OPEN_CONVENTIONAL_ENGINEERING_INPUT,UNEMITTED_CR286_GATE,false,false
CELL_QP093A-0229_GATE_011_TO_100,CELL_QP093A-0229_PAIR_011_100,CELL_QP093A-0229,QP093A-0229,8+9+12,yes,TRIAD_ALLOWED,CELL_QP093A-0229_f_-++,-++,011,CELL_QP093A-0229_f_+--,+--,100,CELL_QP093A-0229_v_+y;CELL_QP093A-0229_v_+z;CELL_QP093A-0229_v_-x,CELL_QP093A-0229_v_+x;CELL_QP093A-0229_v_-y;CELL_QP093A-0229_v_-z,CELL_QP093A-0229_e_+y_+z;CELL_QP093A-0229_e_-x_+y;CELL_QP093A-0229_e_-x_+z,CELL_QP093A-0229_e_+x_-y;CELL_QP093A-0229_e_+x_-z;CELL_QP093A-0229_e_-y_-z,true,true,true,true,OPEN_NO_UNIT_MAPPING,OPEN_CONVENTIONAL_ENGINEERING_INPUT,UNEMITTED_CR286_GATE,false,false
CELL_QP093A-0229_GATE_100_TO_011,CELL_QP093A-0229_PAIR_011_100,CELL_QP093A-0229,QP093A-0229,8+9+12,yes,TRIAD_ALLOWED,CELL_QP093A-0229_f_+--,+--,100,CELL_QP093A-0229_f_-++,-++,011,CELL_QP093A-0229_v_+x;CELL_QP093A-0229_v_-y;CELL_QP093A-0229_v_-z,CELL_QP093A-0229_v_+y;CELL_QP093A-0229_v_+z;CELL_QP093A-0229_v_-x,CELL_QP093A-0229_e_+x_-y;CELL_QP093A-0229_e_+x_-z;CELL_QP093A-0229_e_-y_-z,CELL_QP093A-0229_e_+y_+z;CELL_QP093A-0229_e_-x_+y;CELL_QP093A-0229_e_-x_+z,true,true,true,true,OPEN_NO_UNIT_MAPPING,OPEN_CONVENTIONAL_ENGINEERING_INPUT,UNEMITTED_CR286_GATE,false,false
CELL_QP093A-0229_GATE_101_TO_010,CELL_QP093A-0229_PAIR_010_101,CELL_QP093A-0229,QP093A-0229,8+9+12,yes,TRIAD_ALLOWED,CELL_QP093A-0229_f_+-+,+-+,101,CELL_QP093A-0229_f_-+-,-+-,010,CELL_QP093A-0229_v_+x;CELL_QP093A-0229_v_+z;CELL_QP093A-0229_v_-y,CELL_QP093A-0229_v_+y;CELL_QP093A-0229_v_-x;CELL_QP093A-0229_v_-z,CELL_QP093A-0229_e_+x_+z;CELL_QP093A-0229_e_+x_-y;CELL_QP093A-0229_e_-y_+z,CELL_QP093A-0229_e_+y_-z;CELL_QP093A-0229_e_-x_+y;CELL_QP093A-0229_e_-x_-z,true,true,true,true,OPEN_NO_UNIT_MAPPING,OPEN_CONVENTIONAL_ENGINEERING_INPUT,UNEMITTED_CR286_GATE,false,false
CELL_QP093A-0229_GATE_110_TO_001,CELL_QP093A-0229_PAIR_001_110,CELL_QP093A-0229,QP093A-0229,8+9+12,yes,TRIAD_ALLOWED,CELL_QP093A-0229_f_++-,++-,110,CELL_QP093A-0229_f_--+,--+,001,CELL_QP093A-0229_v_+x;CELL_QP093A-0229_v_+y;CELL_QP093A-0229_v_-z,CELL_QP093A-0229_v_+z;CELL_QP093A-0229_v_-x;CELL_QP093A-0229_v_-y,CELL_QP093A-0229_e_+x_+y;CELL_QP093A-0229_e_+x_-z;CELL_QP093A-0229_e_+y_-z,CELL_QP093A-0229_e_-x_+z;CELL_QP093A-0229_e_-x_-y;CELL_QP093A-0229_e_-y_+z,true,true,true,true,OPEN_NO_UNIT_MAPPING,OPEN_CONVENTIONAL_ENGINEERING_INPUT,UNEMITTED_CR286_GATE,false,false
CELL_QP093A-0229_GATE_111_TO_000,CELL_QP093A-0229_PAIR_000_111,CELL_QP093A-0229,QP093A-0229,8+9+12,yes,TRIAD_ALLOWED,CELL_QP093A-0229_f_+++,+++,111,CELL_QP093A-0229_f_---,---,000,CELL_QP093A-0229_v_+x;CELL_QP093A-0229_v_+y;CELL_QP093A-0229_v_+z,CELL_QP093A-0229_v_-x;CELL_QP093A-0229_v_-y;CELL_QP093A-0229_v_-z,CELL_QP093A-0229_e_+x_+y;CELL_QP093A-0229_e_+x_+z;CELL_QP093A-0229_e_+y_+z,CELL_QP093A-0229_e_-x_-y;CELL_QP093A-0229_e_-x_-z;CELL_QP093A-0229_e_-y_-z,true,true,true,true,OPEN_NO_UNIT_MAPPING,OPEN_CONVENTIONAL_ENGINEERING_INPUT,UNEMITTED_CR286_GATE,false,false
CELL_QP093A-0230_GATE_000_TO_111,CELL_QP093A-0230_PAIR_000_111,CELL_QP093A-0230,QP093A-0230,8+12+12,yes,TRIAD_ALLOWED,CELL_QP093A-0230_f_---,---,000,CELL_QP093A-0230_f_+++,+++,111,CELL_QP093A-0230_v_-x;CELL_QP093A-0230_v_-y;CELL_QP093A-0230_v_-z,CELL_QP093A-0230_v_+x;CELL_QP093A-0230_v_+y;CELL_QP093A-0230_v_+z,CELL_QP093A-0230_e_-x_-y;CELL_QP093A-0230_e_-x_-z;CELL_QP093A-0230_e_-y_-z,CELL_QP093A-0230_e_+x_+y;CELL_QP093A-0230_e_+x_+z;CELL_QP093A-0230_e_+y_+z,true,true,true,true,OPEN_NO_UNIT_MAPPING,OPEN_CONVENTIONAL_ENGINEERING_INPUT,UNEMITTED_CR286_GATE,false,false
CELL_QP093A-0230_GATE_001_TO_110,CELL_QP093A-0230_PAIR_001_110,CELL_QP093A-0230,QP093A-0230,8+12+12,yes,TRIAD_ALLOWED,CELL_QP093A-0230_f_--+,--+,001,CELL_QP093A-0230_f_++-,++-,110,CELL_QP093A-0230_v_+z;CELL_QP093A-0230_v_-x;CELL_QP093A-0230_v_-y,CELL_QP093A-0230_v_+x;CELL_QP093A-0230_v_+y;CELL_QP093A-0230_v_-z,CELL_QP093A-0230_e_-x_+z;CELL_QP093A-0230_e_-x_-y;CELL_QP093A-0230_e_-y_+z,CELL_QP093A-0230_e_+x_+y;CELL_QP093A-0230_e_+x_-z;CELL_QP093A-0230_e_+y_-z,true,true,true,true,OPEN_NO_UNIT_MAPPING,OPEN_CONVENTIONAL_ENGINEERING_INPUT,UNEMITTED_CR286_GATE,false,false
CELL_QP093A-0230_GATE_010_TO_101,CELL_QP093A-0230_PAIR_010_101,CELL_QP093A-0230,QP093A-0230,8+12+12,yes,TRIAD_ALLOWED,CELL_QP093A-0230_f_-+-,-+-,010,CELL_QP093A-0230_f_+-+,+-+,101,CELL_QP093A-0230_v_+y;CELL_QP093A-0230_v_-x;CELL_QP093A-0230_v_-z,CELL_QP093A-0230_v_+x;CELL_QP093A-0230_v_+z;CELL_QP093A-0230_v_-y,CELL_QP093A-0230_e_+y_-z;CELL_QP093A-0230_e_-x_+y;CELL_QP093A-0230_e_-x_-z,CELL_QP093A-0230_e_+x_+z;CELL_QP093A-0230_e_+x_-y;CELL_QP093A-0230_e_-y_+z,true,true,true,true,OPEN_NO_UNIT_MAPPING,OPEN_CONVENTIONAL_ENGINEERING_INPUT,UNEMITTED_CR286_GATE,false,false
CELL_QP093A-0230_GATE_011_TO_100,CELL_QP093A-0230_PAIR_011_100,CELL_QP093A-0230,QP093A-0230,8+12+12,yes,TRIAD_ALLOWED,CELL_QP093A-0230_f_-++,-++,011,CELL_QP093A-0230_f_+--,+--,100,CELL_QP093A-0230_v_+y;CELL_QP093A-0230_v_+z;CELL_QP093A-0230_v_-x,CELL_QP093A-0230_v_+x;CELL_QP093A-0230_v_-y;CELL_QP093A-0230_v_-z,CELL_QP093A-0230_e_+y_+z;CELL_QP093A-0230_e_-x_+y;CELL_QP093A-0230_e_-x_+z,CELL_QP093A-0230_e_+x_-y;CELL_QP093A-0230_e_+x_-z;CELL_QP093A-0230_e_-y_-z,true,true,true,true,OPEN_NO_UNIT_MAPPING,OPEN_CONVENTIONAL_ENGINEERING_INPUT,UNEMITTED_CR286_GATE,false,false
CELL_QP093A-0230_GATE_100_TO_011,CELL_QP093A-0230_PAIR_011_100,CELL_QP093A-0230,QP093A-0230,8+12+12,yes,TRIAD_ALLOWED,CELL_QP093A-0230_f_+--,+--,100,CELL_QP093A-0230_f_-++,-++,011,CELL_QP093A-0230_v_+x;CELL_QP093A-0230_v_-y;CELL_QP093A-0230_v_-z,CELL_QP093A-0230_v_+y;CELL_QP093A-0230_v_+z;CELL_QP093A-0230_v_-x,CELL_QP093A-0230_e_+x_-y;CELL_QP093A-0230_e_+x_-z;CELL_QP093A-0230_e_-y_-z,CELL_QP093A-0230_e_+y_+z;CELL_QP093A-0230_e_-x_+y;CELL_QP093A-0230_e_-x_+z,true,true,true,true,OPEN_NO_UNIT_MAPPING,OPEN_CONVENTIONAL_ENGINEERING_INPUT,UNEMITTED_CR286_GATE,false,false
CELL_QP093A-0230_GATE_101_TO_010,CELL_QP093A-0230_PAIR_010_101,CELL_QP093A-0230,QP093A-0230,8+12+12,yes,TRIAD_ALLOWED,CELL_QP093A-0230_f_+-+,+-+,101,CELL_QP093A-0230_f_-+-,-+-,010,CELL_QP093A-0230_v_+x;CELL_QP093A-0230_v_+z;CELL_QP093A-0230_v_-y,CELL_QP093A-0230_v_+y;CELL_QP093A-0230_v_-x;CELL_QP093A-0230_v_-z,CELL_QP093A-0230_e_+x_+z;CELL_QP093A-0230_e_+x_-y;CELL_QP093A-0230_e_-y_+z,CELL_QP093A-0230_e_+y_-z;CELL_QP093A-0230_e_-x_+y;CELL_QP093A-0230_e_-x_-z,true,true,true,true,OPEN_NO_UNIT_MAPPING,OPEN_CONVENTIONAL_ENGINEERING_INPUT,UNEMITTED_CR286_GATE,false,false
CELL_QP093A-0230_GATE_110_TO_001,CELL_QP093A-0230_PAIR_001_110,CELL_QP093A-0230,QP093A-0230,8+12+12,yes,TRIAD_ALLOWED,CELL_QP093A-0230_f_++-,++-,110,CELL_QP093A-0230_f_--+,--+,001,CELL_QP093A-0230_v_+x;CELL_QP093A-0230_v_+y;CELL_QP093A-0230_v_-z,CELL_QP093A-0230_v_+z;CELL_QP093A-0230_v_-x;CELL_QP093A-0230_v_-y,CELL_QP093A-0230_e_+x_+y;CELL_QP093A-0230_e_+x_-z;CELL_QP093A-0230_e_+y_-z,CELL_QP093A-0230_e_-x_+z;CELL_QP093A-0230_e_-x_-y;CELL_QP093A-0230_e_-y_+z,true,true,true,true,OPEN_NO_UNIT_MAPPING,OPEN_CONVENTIONAL_ENGINEERING_INPUT,UNEMITTED_CR286_GATE,false,false
CELL_QP093A-0230_GATE_111_TO_000,CELL_QP093A-0230_PAIR_000_111,CELL_QP093A-0230,QP093A-0230,8+12+12,yes,TRIAD_ALLOWED,CELL_QP093A-0230_f_+++,+++,111,CELL_QP093A-0230_f_---,---,000,CELL_QP093A-0230_v_+x;CELL_QP093A-0230_v_+y;CELL_QP093A-0230_v_+z,CELL_QP093A-0230_v_-x;CELL_QP093A-0230_v_-y;CELL_QP093A-0230_v_-z,CELL_QP093A-0230_e_+x_+y;CELL_QP093A-0230_e_+x_+z;CELL_QP093A-0230_e_+y_+z,CELL_QP093A-0230_e_-x_-y;CELL_QP093A-0230_e_-x_-z;CELL_QP093A-0230_e_-y_-z,true,true,true,true,OPEN_NO_UNIT_MAPPING,OPEN_CONVENTIONAL_ENGINEERING_INPUT,UNEMITTED_CR286_GATE,false,false
CELL_QP093A-0231_GATE_000_TO_111,CELL_QP093A-0231_PAIR_000_111,CELL_QP093A-0231,QP093A-0231,9+9+9,no,TRIAD_SURFACE_REJECTED,CELL_QP093A-0231_f_---,---,000,CELL_QP093A-0231_f_+++,+++,111,CELL_QP093A-0231_v_-x;CELL_QP093A-0231_v_-y;CELL_QP093A-0231_v_-z,CELL_QP093A-0231_v_+x;CELL_QP093A-0231_v_+y;CELL_QP093A-0231_v_+z,CELL_QP093A-0231_e_-x_-y;CELL_QP093A-0231_e_-x_-z;CELL_QP093A-0231_e_-y_-z,CELL_QP093A-0231_e_+x_+y;CELL_QP093A-0231_e_+x_+z;CELL_QP093A-0231_e_+y_+z,true,true,true,true,OPEN_NO_UNIT_MAPPING,OPEN_CONVENTIONAL_ENGINEERING_INPUT,UNEMITTED_CR286_GATE,false,false
CELL_QP093A-0231_GATE_001_TO_110,CELL_QP093A-0231_PAIR_001_110,CELL_QP093A-0231,QP093A-0231,9+9+9,no,TRIAD_SURFACE_REJECTED,CELL_QP093A-0231_f_--+,--+,001,CELL_QP093A-0231_f_++-,++-,110,CELL_QP093A-0231_v_+z;CELL_QP093A-0231_v_-x;CELL_QP093A-0231_v_-y,CELL_QP093A-0231_v_+x;CELL_QP093A-0231_v_+y;CELL_QP093A-0231_v_-z,CELL_QP093A-0231_e_-x_+z;CELL_QP093A-0231_e_-x_-y;CELL_QP093A-0231_e_-y_+z,CELL_QP093A-0231_e_+x_+y;CELL_QP093A-0231_e_+x_-z;CELL_QP093A-0231_e_+y_-z,true,true,true,true,OPEN_NO_UNIT_MAPPING,OPEN_CONVENTIONAL_ENGINEERING_INPUT,UNEMITTED_CR286_GATE,false,false
CELL_QP093A-0231_GATE_010_TO_101,CELL_QP093A-0231_PAIR_010_101,CELL_QP093A-0231,QP093A-0231,9+9+9,no,TRIAD_SURFACE_REJECTED,CELL_QP093A-0231_f_-+-,-+-,010,CELL_QP093A-0231_f_+-+,+-+,101,CELL_QP093A-0231_v_+y;CELL_QP093A-0231_v_-x;CELL_QP093A-0231_v_-z,CELL_QP093A-0231_v_+x;CELL_QP093A-0231_v_+z;CELL_QP093A-0231_v_-y,CELL_QP093A-0231_e_+y_-z;CELL_QP093A-0231_e_-x_+y;CELL_QP093A-0231_e_-x_-z,CELL_QP093A-0231_e_+x_+z;CELL_QP093A-0231_e_+x_-y;CELL_QP093A-0231_e_-y_+z,true,true,true,true,OPEN_NO_UNIT_MAPPING,OPEN_CONVENTIONAL_ENGINEERING_INPUT,UNEMITTED_CR286_GATE,false,false
CELL_QP093A-0231_GATE_011_TO_100,CELL_QP093A-0231_PAIR_011_100,CELL_QP093A-0231,QP093A-0231,9+9+9,no,TRIAD_SURFACE_REJECTED,CELL_QP093A-0231_f_-++,-++,011,CELL_QP093A-0231_f_+--,+--,100,CELL_QP093A-0231_v_+y;CELL_QP093A-0231_v_+z;CELL_QP093A-0231_v_-x,CELL_QP093A-0231_v_+x;CELL_QP093A-0231_v_-y;CELL_QP093A-0231_v_-z,CELL_QP093A-0231_e_+y_+z;CELL_QP093A-0231_e_-x_+y;CELL_QP093A-0231_e_-x_+z,CELL_QP093A-0231_e_+x_-y;CELL_QP093A-0231_e_+x_-z;CELL_QP093A-0231_e_-y_-z,true,true,true,true,OPEN_NO_UNIT_MAPPING,OPEN_CONVENTIONAL_ENGINEERING_INPUT,UNEMITTED_CR286_GATE,false,false
CELL_QP093A-0231_GATE_100_TO_011,CELL_QP093A-0231_PAIR_011_100,CELL_QP093A-0231,QP093A-0231,9+9+9,no,TRIAD_SURFACE_REJECTED,CELL_QP093A-0231_f_+--,+--,100,CELL_QP093A-0231_f_-++,-++,011,CELL_QP093A-0231_v_+x;CELL_QP093A-0231_v_-y;CELL_QP093A-0231_v_-z,CELL_QP093A-0231_v_+y;CELL_QP093A-0231_v_+z;CELL_QP093A-0231_v_-x,CELL_QP093A-0231_e_+x_-y;CELL_QP093A-0231_e_+x_-z;CELL_QP093A-0231_e_-y_-z,CELL_QP093A-0231_e_+y_+z;CELL_QP093A-0231_e_-x_+y;CELL_QP093A-0231_e_-x_+z,true,true,true,true,OPEN_NO_UNIT_MAPPING,OPEN_CONVENTIONAL_ENGINEERING_INPUT,UNEMITTED_CR286_GATE,false,false
CELL_QP093A-0231_GATE_101_TO_010,CELL_QP093A-0231_PAIR_010_101,CELL_QP093A-0231,QP093A-0231,9+9+9,no,TRIAD_SURFACE_REJECTED,CELL_QP093A-0231_f_+-+,+-+,101,CELL_QP093A-0231_f_-+-,-+-,010,CELL_QP093A-0231_v_+x;CELL_QP093A-0231_v_+z;CELL_QP093A-0231_v_-y,CELL_QP093A-0231_v_+y;CELL_QP093A-0231_v_-x;CELL_QP093A-0231_v_-z,CELL_QP093A-0231_e_+x_+z;CELL_QP093A-0231_e_+x_-y;CELL_QP093A-0231_e_-y_+z,CELL_QP093A-0231_e_+y_-z;CELL_QP093A-0231_e_-x_+y;CELL_QP093A-0231_e_-x_-z,true,true,true,true,OPEN_NO_UNIT_MAPPING,OPEN_CONVENTIONAL_ENGINEERING_INPUT,UNEMITTED_CR286_GATE,false,false
CELL_QP093A-0231_GATE_110_TO_001,CELL_QP093A-0231_PAIR_001_110,CELL_QP093A-0231,QP093A-0231,9+9+9,no,TRIAD_SURFACE_REJECTED,CELL_QP093A-0231_f_++-,++-,110,CELL_QP093A-0231_f_--+,--+,001,CELL_QP093A-0231_v_+x;CELL_QP093A-0231_v_+y;CELL_QP093A-0231_v_-z,CELL_QP093A-0231_v_+z;CELL_QP093A-0231_v_-x;CELL_QP093A-0231_v_-y,CELL_QP093A-0231_e_+x_+y;CELL_QP093A-0231_e_+x_-z;CELL_QP093A-0231_e_+y_-z,CELL_QP093A-0231_e_-x_+z;CELL_QP093A-0231_e_-x_-y;CELL_QP093A-0231_e_-y_+z,true,true,true,true,OPEN_NO_UNIT_MAPPING,OPEN_CONVENTIONAL_ENGINEERING_INPUT,UNEMITTED_CR286_GATE,false,false
CELL_QP093A-0231_GATE_111_TO_000,CELL_QP093A-0231_PAIR_000_111,CELL_QP093A-0231,QP093A-0231,9+9+9,no,TRIAD_SURFACE_REJECTED,CELL_QP093A-0231_f_+++,+++,111,CELL_QP093A-0231_f_---,---,000,CELL_QP093A-0231_v_+x;CELL_QP093A-0231_v_+y;CELL_QP093A-0231_v_+z,CELL_QP093A-0231_v_-x;CELL_QP093A-0231_v_-y;CELL_QP093A-0231_v_-z,CELL_QP093A-0231_e_+x_+y;CELL_QP093A-0231_e_+x_+z;CELL_QP093A-0231_e_+y_+z,CELL_QP093A-0231_e_-x_-y;CELL_QP093A-0231_e_-x_-z;CELL_QP093A-0231_e_-y_-z,true,true,true,true,OPEN_NO_UNIT_MAPPING,OPEN_CONVENTIONAL_ENGINEERING_INPUT,UNEMITTED_CR286_GATE,false,false
CELL_QP093A-0232_GATE_000_TO_111,CELL_QP093A-0232_PAIR_000_111,CELL_QP093A-0232,QP093A-0232,9+9+12,no,TRIAD_SURFACE_REJECTED,CELL_QP093A-0232_f_---,---,000,CELL_QP093A-0232_f_+++,+++,111,CELL_QP093A-0232_v_-x;CELL_QP093A-0232_v_-y;CELL_QP093A-0232_v_-z,CELL_QP093A-0232_v_+x;CELL_QP093A-0232_v_+y;CELL_QP093A-0232_v_+z,CELL_QP093A-0232_e_-x_-y;CELL_QP093A-0232_e_-x_-z;CELL_QP093A-0232_e_-y_-z,CELL_QP093A-0232_e_+x_+y;CELL_QP093A-0232_e_+x_+z;CELL_QP093A-0232_e_+y_+z,true,true,true,true,OPEN_NO_UNIT_MAPPING,OPEN_CONVENTIONAL_ENGINEERING_INPUT,UNEMITTED_CR286_GATE,false,false
CELL_QP093A-0232_GATE_001_TO_110,CELL_QP093A-0232_PAIR_001_110,CELL_QP093A-0232,QP093A-0232,9+9+12,no,TRIAD_SURFACE_REJECTED,CELL_QP093A-0232_f_--+,--+,001,CELL_QP093A-0232_f_++-,++-,110,CELL_QP093A-0232_v_+z;CELL_QP093A-0232_v_-x;CELL_QP093A-0232_v_-y,CELL_QP093A-0232_v_+x;CELL_QP093A-0232_v_+y;CELL_QP093A-0232_v_-z,CELL_QP093A-0232_e_-x_+z;CELL_QP093A-0232_e_-x_-y;CELL_QP093A-0232_e_-y_+z,CELL_QP093A-0232_e_+x_+y;CELL_QP093A-0232_e_+x_-z;CELL_QP093A-0232_e_+y_-z,true,true,true,true,OPEN_NO_UNIT_MAPPING,OPEN_CONVENTIONAL_ENGINEERING_INPUT,UNEMITTED_CR286_GATE,false,false
CELL_QP093A-0232_GATE_010_TO_101,CELL_QP093A-0232_PAIR_010_101,CELL_QP093A-0232,QP093A-0232,9+9+12,no,TRIAD_SURFACE_REJECTED,CELL_QP093A-0232_f_-+-,-+-,010,CELL_QP093A-0232_f_+-+,+-+,101,CELL_QP093A-0232_v_+y;CELL_QP093A-0232_v_-x;CELL_QP093A-0232_v_-z,CELL_QP093A-0232_v_+x;CELL_QP093A-0232_v_+z;CELL_QP093A-0232_v_-y,CELL_QP093A-0232_e_+y_-z;CELL_QP093A-0232_e_-x_+y;CELL_QP093A-0232_e_-x_-z,CELL_QP093A-0232_e_+x_+z;CELL_QP093A-0232_e_+x_-y;CELL_QP093A-0232_e_-y_+z,true,true,true,true,OPEN_NO_UNIT_MAPPING,OPEN_CONVENTIONAL_ENGINEERING_INPUT,UNEMITTED_CR286_GATE,false,false
CELL_QP093A-0232_GATE_011_TO_100,CELL_QP093A-0232_PAIR_011_100,CELL_QP093A-0232,QP093A-0232,9+9+12,no,TRIAD_SURFACE_REJECTED,CELL_QP093A-0232_f_-++,-++,011,CELL_QP093A-0232_f_+--,+--,100,CELL_QP093A-0232_v_+y;CELL_QP093A-0232_v_+z;CELL_QP093A-0232_v_-x,CELL_QP093A-0232_v_+x;CELL_QP093A-0232_v_-y;CELL_QP093A-0232_v_-z,CELL_QP093A-0232_e_+y_+z;CELL_QP093A-0232_e_-x_+y;CELL_QP093A-0232_e_-x_+z,CELL_QP093A-0232_e_+x_-y;CELL_QP093A-0232_e_+x_-z;CELL_QP093A-0232_e_-y_-z,true,true,true,true,OPEN_NO_UNIT_MAPPING,OPEN_CONVENTIONAL_ENGINEERING_INPUT,UNEMITTED_CR286_GATE,false,false
CELL_QP093A-0232_GATE_100_TO_011,CELL_QP093A-0232_PAIR_011_100,CELL_QP093A-0232,QP093A-0232,9+9+12,no,TRIAD_SURFACE_REJECTED,CELL_QP093A-0232_f_+--,+--,100,CELL_QP093A-0232_f_-++,-++,011,CELL_QP093A-0232_v_+x;CELL_QP093A-0232_v_-y;CELL_QP093A-0232_v_-z,CELL_QP093A-0232_v_+y;CELL_QP093A-0232_v_+z;CELL_QP093A-0232_v_-x,CELL_QP093A-0232_e_+x_-y;CELL_QP093A-0232_e_+x_-z;CELL_QP093A-0232_e_-y_-z,CELL_QP093A-0232_e_+y_+z;CELL_QP093A-0232_e_-x_+y;CELL_QP093A-0232_e_-x_+z,true,true,true,true,OPEN_NO_UNIT_MAPPING,OPEN_CONVENTIONAL_ENGINEERING_INPUT,UNEMITTED_CR286_GATE,false,false
CELL_QP093A-0232_GATE_101_TO_010,CELL_QP093A-0232_PAIR_010_101,CELL_QP093A-0232,QP093A-0232,9+9+12,no,TRIAD_SURFACE_REJECTED,CELL_QP093A-0232_f_+-+,+-+,101,CELL_QP093A-0232_f_-+-,-+-,010,CELL_QP093A-0232_v_+x;CELL_QP093A-0232_v_+z;CELL_QP093A-0232_v_-y,CELL_QP093A-0232_v_+y;CELL_QP093A-0232_v_-x;CELL_QP093A-0232_v_-z,CELL_QP093A-0232_e_+x_+z;CELL_QP093A-0232_e_+x_-y;CELL_QP093A-0232_e_-y_+z,CELL_QP093A-0232_e_+y_-z;CELL_QP093A-0232_e_-x_+y;CELL_QP093A-0232_e_-x_-z,true,true,true,true,OPEN_NO_UNIT_MAPPING,OPEN_CONVENTIONAL_ENGINEERING_INPUT,UNEMITTED_CR286_GATE,false,false
CELL_QP093A-0232_GATE_110_TO_001,CELL_QP093A-0232_PAIR_001_110,CELL_QP093A-0232,QP093A-0232,9+9+12,no,TRIAD_SURFACE_REJECTED,CELL_QP093A-0232_f_++-,++-,110,CELL_QP093A-0232_f_--+,--+,001,CELL_QP093A-0232_v_+x;CELL_QP093A-0232_v_+y;CELL_QP093A-0232_v_-z,CELL_QP093A-0232_v_+z;CELL_QP093A-0232_v_-x;CELL_QP093A-0232_v_-y,CELL_QP093A-0232_e_+x_+y;CELL_QP093A-0232_e_+x_-z;CELL_QP093A-0232_e_+y_-z,CELL_QP093A-0232_e_-x_+z;CELL_QP093A-0232_e_-x_-y;CELL_QP093A-0232_e_-y_+z,true,true,true,true,OPEN_NO_UNIT_MAPPING,OPEN_CONVENTIONAL_ENGINEERING_INPUT,UNEMITTED_CR286_GATE,false,false
CELL_QP093A-0232_GATE_111_TO_000,CELL_QP093A-0232_PAIR_000_111,CELL_QP093A-0232,QP093A-0232,9+9+12,no,TRIAD_SURFACE_REJECTED,CELL_QP093A-0232_f_+++,+++,111,CELL_QP093A-0232_f_---,---,000,CELL_QP093A-0232_v_+x;CELL_QP093A-0232_v_+y;CELL_QP093A-0232_v_+z,CELL_QP093A-0232_v_-x;CELL_QP093A-0232_v_-y;CELL_QP093A-0232_v_-z,CELL_QP093A-0232_e_+x_+y;CELL_QP093A-0232_e_+x_+z;CELL_QP093A-0232_e_+y_+z,CELL_QP093A-0232_e_-x_-y;CELL_QP093A-0232_e_-x_-z;CELL_QP093A-0232_e_-y_-z,true,true,true,true,OPEN_NO_UNIT_MAPPING,OPEN_CONVENTIONAL_ENGINEERING_INPUT,UNEMITTED_CR286_GATE,false,false
CELL_QP093A-0233_GATE_000_TO_111,CELL_QP093A-0233_PAIR_000_111,CELL_QP093A-0233,QP093A-0233,9+12+12,yes,TRIAD_ALLOWED,CELL_QP093A-0233_f_---,---,000,CELL_QP093A-0233_f_+++,+++,111,CELL_QP093A-0233_v_-x;CELL_QP093A-0233_v_-y;CELL_QP093A-0233_v_-z,CELL_QP093A-0233_v_+x;CELL_QP093A-0233_v_+y;CELL_QP093A-0233_v_+z,CELL_QP093A-0233_e_-x_-y;CELL_QP093A-0233_e_-x_-z;CELL_QP093A-0233_e_-y_-z,CELL_QP093A-0233_e_+x_+y;CELL_QP093A-0233_e_+x_+z;CELL_QP093A-0233_e_+y_+z,true,true,true,true,OPEN_NO_UNIT_MAPPING,OPEN_CONVENTIONAL_ENGINEERING_INPUT,UNEMITTED_CR286_GATE,false,false
CELL_QP093A-0233_GATE_001_TO_110,CELL_QP093A-0233_PAIR_001_110,CELL_QP093A-0233,QP093A-0233,9+12+12,yes,TRIAD_ALLOWED,CELL_QP093A-0233_f_--+,--+,001,CELL_QP093A-0233_f_++-,++-,110,CELL_QP093A-0233_v_+z;CELL_QP093A-0233_v_-x;CELL_QP093A-0233_v_-y,CELL_QP093A-0233_v_+x;CELL_QP093A-0233_v_+y;CELL_QP093A-0233_v_-z,CELL_QP093A-0233_e_-x_+z;CELL_QP093A-0233_e_-x_-y;CELL_QP093A-0233_e_-y_+z,CELL_QP093A-0233_e_+x_+y;CELL_QP093A-0233_e_+x_-z;CELL_QP093A-0233_e_+y_-z,true,true,true,true,OPEN_NO_UNIT_MAPPING,OPEN_CONVENTIONAL_ENGINEERING_INPUT,UNEMITTED_CR286_GATE,false,false
CELL_QP093A-0233_GATE_010_TO_101,CELL_QP093A-0233_PAIR_010_101,CELL_QP093A-0233,QP093A-0233,9+12+12,yes,TRIAD_ALLOWED,CELL_QP093A-0233_f_-+-,-+-,010,CELL_QP093A-0233_f_+-+,+-+,101,CELL_QP093A-0233_v_+y;CELL_QP093A-0233_v_-x;CELL_QP093A-0233_v_-z,CELL_QP093A-0233_v_+x;CELL_QP093A-0233_v_+z;CELL_QP093A-0233_v_-y,CELL_QP093A-0233_e_+y_-z;CELL_QP093A-0233_e_-x_+y;CELL_QP093A-0233_e_-x_-z,CELL_QP093A-0233_e_+x_+z;CELL_QP093A-0233_e_+x_-y;CELL_QP093A-0233_e_-y_+z,true,true,true,true,OPEN_NO_UNIT_MAPPING,OPEN_CONVENTIONAL_ENGINEERING_INPUT,UNEMITTED_CR286_GATE,false,false
CELL_QP093A-0233_GATE_011_TO_100,CELL_QP093A-0233_PAIR_011_100,CELL_QP093A-0233,QP093A-0233,9+12+12,yes,TRIAD_ALLOWED,CELL_QP093A-0233_f_-++,-++,011,CELL_QP093A-0233_f_+--,+--,100,CELL_QP093A-0233_v_+y;CELL_QP093A-0233_v_+z;CELL_QP093A-0233_v_-x,CELL_QP093A-0233_v_+x;CELL_QP093A-0233_v_-y;CELL_QP093A-0233_v_-z,CELL_QP093A-0233_e_+y_+z;CELL_QP093A-0233_e_-x_+y;CELL_QP093A-0233_e_-x_+z,CELL_QP093A-0233_e_+x_-y;CELL_QP093A-0233_e_+x_-z;CELL_QP093A-0233_e_-y_-z,true,true,true,true,OPEN_NO_UNIT_MAPPING,OPEN_CONVENTIONAL_ENGINEERING_INPUT,UNEMITTED_CR286_GATE,false,false
CELL_QP093A-0233_GATE_100_TO_011,CELL_QP093A-0233_PAIR_011_100,CELL_QP093A-0233,QP093A-0233,9+12+12,yes,TRIAD_ALLOWED,CELL_QP093A-0233_f_+--,+--,100,CELL_QP093A-0233_f_-++,-++,011,CELL_QP093A-0233_v_+x;CELL_QP093A-0233_v_-y;CELL_QP093A-0233_v_-z,CELL_QP093A-0233_v_+y;CELL_QP093A-0233_v_+z;CELL_QP093A-0233_v_-x,CELL_QP093A-0233_e_+x_-y;CELL_QP093A-0233_e_+x_-z;CELL_QP093A-0233_e_-y_-z,CELL_QP093A-0233_e_+y_+z;CELL_QP093A-0233_e_-x_+y;CELL_QP093A-0233_e_-x_+z,true,true,true,true,OPEN_NO_UNIT_MAPPING,OPEN_CONVENTIONAL_ENGINEERING_INPUT,UNEMITTED_CR286_GATE,false,false
CELL_QP093A-0233_GATE_101_TO_010,CELL_QP093A-0233_PAIR_010_101,CELL_QP093A-0233,QP093A-0233,9+12+12,yes,TRIAD_ALLOWED,CELL_QP093A-0233_f_+-+,+-+,101,CELL_QP093A-0233_f_-+-,-+-,010,CELL_QP093A-0233_v_+x;CELL_QP093A-0233_v_+z;CELL_QP093A-0233_v_-y,CELL_QP093A-0233_v_+y;CELL_QP093A-0233_v_-x;CELL_QP093A-0233_v_-z,CELL_QP093A-0233_e_+x_+z;CELL_QP093A-0233_e_+x_-y;CELL_QP093A-0233_e_-y_+z,CELL_QP093A-0233_e_+y_-z;CELL_QP093A-0233_e_-x_+y;CELL_QP093A-0233_e_-x_-z,true,true,true,true,OPEN_NO_UNIT_MAPPING,OPEN_CONVENTIONAL_ENGINEERING_INPUT,UNEMITTED_CR286_GATE,false,false
CELL_QP093A-0233_GATE_110_TO_001,CELL_QP093A-0233_PAIR_001_110,CELL_QP093A-0233,QP093A-0233,9+12+12,yes,TRIAD_ALLOWED,CELL_QP093A-0233_f_++-,++-,110,CELL_QP093A-0233_f_--+,--+,001,CELL_QP093A-0233_v_+x;CELL_QP093A-0233_v_+y;CELL_QP093A-0233_v_-z,CELL_QP093A-0233_v_+z;CELL_QP093A-0233_v_-x;CELL_QP093A-0233_v_-y,CELL_QP093A-0233_e_+x_+y;CELL_QP093A-0233_e_+x_-z;CELL_QP093A-0233_e_+y_-z,CELL_QP093A-0233_e_-x_+z;CELL_QP093A-0233_e_-x_-y;CELL_QP093A-0233_e_-y_+z,true,true,true,true,OPEN_NO_UNIT_MAPPING,OPEN_CONVENTIONAL_ENGINEERING_INPUT,UNEMITTED_CR286_GATE,false,false
CELL_QP093A-0233_GATE_111_TO_000,CELL_QP093A-0233_PAIR_000_111,CELL_QP093A-0233,QP093A-0233,9+12+12,yes,TRIAD_ALLOWED,CELL_QP093A-0233_f_+++,+++,111,CELL_QP093A-0233_f_---,---,000,CELL_QP093A-0233_v_+x;CELL_QP093A-0233_v_+y;CELL_QP093A-0233_v_+z,CELL_QP093A-0233_v_-x;CELL_QP093A-0233_v_-y;CELL_QP093A-0233_v_-z,CELL_QP093A-0233_e_+x_+y;CELL_QP093A-0233_e_+x_+z;CELL_QP093A-0233_e_+y_+z,CELL_QP093A-0233_e_-x_-y;CELL_QP093A-0233_e_-x_-z;CELL_QP093A-0233_e_-y_-z,true,true,true,true,OPEN_NO_UNIT_MAPPING,OPEN_CONVENTIONAL_ENGINEERING_INPUT,UNEMITTED_CR286_GATE,false,false
CELL_QP093A-0234_GATE_000_TO_111,CELL_QP093A-0234_PAIR_000_111,CELL_QP093A-0234,QP093A-0234,12+12+12,no,TRIAD_SURFACE_REJECTED,CELL_QP093A-0234_f_---,---,000,CELL_QP093A-0234_f_+++,+++,111,CELL_QP093A-0234_v_-x;CELL_QP093A-0234_v_-y;CELL_QP093A-0234_v_-z,CELL_QP093A-0234_v_+x;CELL_QP093A-0234_v_+y;CELL_QP093A-0234_v_+z,CELL_QP093A-0234_e_-x_-y;CELL_QP093A-0234_e_-x_-z;CELL_QP093A-0234_e_-y_-z,CELL_QP093A-0234_e_+x_+y;CELL_QP093A-0234_e_+x_+z;CELL_QP093A-0234_e_+y_+z,true,true,true,true,OPEN_NO_UNIT_MAPPING,OPEN_CONVENTIONAL_ENGINEERING_INPUT,UNEMITTED_CR286_GATE,false,false
CELL_QP093A-0234_GATE_001_TO_110,CELL_QP093A-0234_PAIR_001_110,CELL_QP093A-0234,QP093A-0234,12+12+12,no,TRIAD_SURFACE_REJECTED,CELL_QP093A-0234_f_--+,--+,001,CELL_QP093A-0234_f_++-,++-,110,CELL_QP093A-0234_v_+z;CELL_QP093A-0234_v_-x;CELL_QP093A-0234_v_-y,CELL_QP093A-0234_v_+x;CELL_QP093A-0234_v_+y;CELL_QP093A-0234_v_-z,CELL_QP093A-0234_e_-x_+z;CELL_QP093A-0234_e_-x_-y;CELL_QP093A-0234_e_-y_+z,CELL_QP093A-0234_e_+x_+y;CELL_QP093A-0234_e_+x_-z;CELL_QP093A-0234_e_+y_-z,true,true,true,true,OPEN_NO_UNIT_MAPPING,OPEN_CONVENTIONAL_ENGINEERING_INPUT,UNEMITTED_CR286_GATE,false,false
CELL_QP093A-0234_GATE_010_TO_101,CELL_QP093A-0234_PAIR_010_101,CELL_QP093A-0234,QP093A-0234,12+12+12,no,TRIAD_SURFACE_REJECTED,CELL_QP093A-0234_f_-+-,-+-,010,CELL_QP093A-0234_f_+-+,+-+,101,CELL_QP093A-0234_v_+y;CELL_QP093A-0234_v_-x;CELL_QP093A-0234_v_-z,CELL_QP093A-0234_v_+x;CELL_QP093A-0234_v_+z;CELL_QP093A-0234_v_-y,CELL_QP093A-0234_e_+y_-z;CELL_QP093A-0234_e_-x_+y;CELL_QP093A-0234_e_-x_-z,CELL_QP093A-0234_e_+x_+z;CELL_QP093A-0234_e_+x_-y;CELL_QP093A-0234_e_-y_+z,true,true,true,true,OPEN_NO_UNIT_MAPPING,OPEN_CONVENTIONAL_ENGINEERING_INPUT,UNEMITTED_CR286_GATE,false,false
CELL_QP093A-0234_GATE_011_TO_100,CELL_QP093A-0234_PAIR_011_100,CELL_QP093A-0234,QP093A-0234,12+12+12,no,TRIAD_SURFACE_REJECTED,CELL_QP093A-0234_f_-++,-++,011,CELL_QP093A-0234_f_+--,+--,100,CELL_QP093A-0234_v_+y;CELL_QP093A-0234_v_+z;CELL_QP093A-0234_v_-x,CELL_QP093A-0234_v_+x;CELL_QP093A-0234_v_-y;CELL_QP093A-0234_v_-z,CELL_QP093A-0234_e_+y_+z;CELL_QP093A-0234_e_-x_+y;CELL_QP093A-0234_e_-x_+z,CELL_QP093A-0234_e_+x_-y;CELL_QP093A-0234_e_+x_-z;CELL_QP093A-0234_e_-y_-z,true,true,true,true,OPEN_NO_UNIT_MAPPING,OPEN_CONVENTIONAL_ENGINEERING_INPUT,UNEMITTED_CR286_GATE,false,false
CELL_QP093A-0234_GATE_100_TO_011,CELL_QP093A-0234_PAIR_011_100,CELL_QP093A-0234,QP093A-0234,12+12+12,no,TRIAD_SURFACE_REJECTED,CELL_QP093A-0234_f_+--,+--,100,CELL_QP093A-0234_f_-++,-++,011,CELL_QP093A-0234_v_+x;CELL_QP093A-0234_v_-y;CELL_QP093A-0234_v_-z,CELL_QP093A-0234_v_+y;CELL_QP093A-0234_v_+z;CELL_QP093A-0234_v_-x,CELL_QP093A-0234_e_+x_-y;CELL_QP093A-0234_e_+x_-z;CELL_QP093A-0234_e_-y_-z,CELL_QP093A-0234_e_+y_+z;CELL_QP093A-0234_e_-x_+y;CELL_QP093A-0234_e_-x_+z,true,true,true,true,OPEN_NO_UNIT_MAPPING,OPEN_CONVENTIONAL_ENGINEERING_INPUT,UNEMITTED_CR286_GATE,false,false
CELL_QP093A-0234_GATE_101_TO_010,CELL_QP093A-0234_PAIR_010_101,CELL_QP093A-0234,QP093A-0234,12+12+12,no,TRIAD_SURFACE_REJECTED,CELL_QP093A-0234_f_+-+,+-+,101,CELL_QP093A-0234_f_-+-,-+-,010,CELL_QP093A-0234_v_+x;CELL_QP093A-0234_v_+z;CELL_QP093A-0234_v_-y,CELL_QP093A-0234_v_+y;CELL_QP093A-0234_v_-x;CELL_QP093A-0234_v_-z,CELL_QP093A-0234_e_+x_+z;CELL_QP093A-0234_e_+x_-y;CELL_QP093A-0234_e_-y_+z,CELL_QP093A-0234_e_+y_-z;CELL_QP093A-0234_e_-x_+y;CELL_QP093A-0234_e_-x_-z,true,true,true,true,OPEN_NO_UNIT_MAPPING,OPEN_CONVENTIONAL_ENGINEERING_INPUT,UNEMITTED_CR286_GATE,false,false
CELL_QP093A-0234_GATE_110_TO_001,CELL_QP093A-0234_PAIR_001_110,CELL_QP093A-0234,QP093A-0234,12+12+12,no,TRIAD_SURFACE_REJECTED,CELL_QP093A-0234_f_++-,++-,110,CELL_QP093A-0234_f_--+,--+,001,CELL_QP093A-0234_v_+x;CELL_QP093A-0234_v_+y;CELL_QP093A-0234_v_-z,CELL_QP093A-0234_v_+z;CELL_QP093A-0234_v_-x;CELL_QP093A-0234_v_-y,CELL_QP093A-0234_e_+x_+y;CELL_QP093A-0234_e_+x_-z;CELL_QP093A-0234_e_+y_-z,CELL_QP093A-0234_e_-x_+z;CELL_QP093A-0234_e_-x_-y;CELL_QP093A-0234_e_-y_+z,true,true,true,true,OPEN_NO_UNIT_MAPPING,OPEN_CONVENTIONAL_ENGINEERING_INPUT,UNEMITTED_CR286_GATE,false,false
CELL_QP093A-0234_GATE_111_TO_000,CELL_QP093A-0234_PAIR_000_111,CELL_QP093A-0234,QP093A-0234,12+12+12,no,TRIAD_SURFACE_REJECTED,CELL_QP093A-0234_f_+++,+++,111,CELL_QP093A-0234_f_---,---,000,CELL_QP093A-0234_v_+x;CELL_QP093A-0234_v_+y;CELL_QP093A-0234_v_+z,CELL_QP093A-0234_v_-x;CELL_QP093A-0234_v_-y;CELL_QP093A-0234_v_-z,CELL_QP093A-0234_e_+x_+y;CELL_QP093A-0234_e_+x_+z;CELL_QP093A-0234_e_+y_+z,CELL_QP093A-0234_e_-x_-y;CELL_QP093A-0234_e_-x_-z;CELL_QP093A-0234_e_-y_-z,true,true,true,true,OPEN_NO_UNIT_MAPPING,OPEN_CONVENTIONAL_ENGINEERING_INPUT,UNEMITTED_CR286_GATE,false,false
