ell,Dl_TT_SAM,Dl_TE_SAM,Dl_EE_SAM
2,1.015137e+03,2.662551e+00,3.140573e-02
3,9.626265e+02,2.975145e+00,4.012575e-02
4,9.118084e+02,2.783857e+00,3.467363e-02
5,8.738783e+02,2.366321e+00,2.307777e-02
6,8.480549e+02,1.902887e+00,1.287821e-02
7,8.317732e+02,1.492976e+00,6.947042e-03
8,8.221178e+02,1.178664e+00,4.470873e-03
9,8.177120e+02,9.667998e-01,3.575094e-03
10,8.171258e+02,8.488866e-01,3.043733e-03
11,8.190008e+02,8.061633e-01,2.574440e-03
12,8.241468e+02,8.188972e-01,2.275478e-03
13,8.305578e+02,8.615462e-01,2.208904e-03
14,8.380921e+02,9.151323e-01,2.311931e-03
15,8.457317e+02,9.740903e-01,2.503723e-03
16,8.552628e+02,1.037572e+00,2.771923e-03
17,8.665408e+02,1.102502e+00,3.160438e-03
18,8.784242e+02,1.167907e+00,3.712059e-03
19,8.916547e+02,1.237443e+00,4.429574e-03
20,9.046061e+02,1.306574e+00,5.289717e-03
21,9.179860e+02,1.380264e+00,6.285448e-03
22,9.318367e+02,1.458825e+00,7.427531e-03
23,9.457739e+02,1.537990e+00,8.709437e-03
24,9.601148e+02,1.613100e+00,1.012932e-02
25,9.749842e+02,1.678064e+00,1.169045e-02
26,9.898849e+02,1.738250e+00,1.340389e-02
27,1.005233e+03,1.793345e+00,1.528210e-02
28,1.020867e+03,1.837309e+00,1.732162e-02
29,1.036716e+03,1.876144e+00,1.955281e-02
30,1.052977e+03,1.904261e+00,2.200552e-02
31,1.069028e+03,1.931679e+00,2.466469e-02
32,1.085662e+03,1.952340e+00,2.753705e-02
33,1.102358e+03,1.964659e+00,3.059380e-02
34,1.119105e+03,1.970049e+00,3.387404e-02
35,1.136483e+03,1.960482e+00,3.738661e-02
36,1.153593e+03,1.947032e+00,4.115652e-02
37,1.170960e+03,1.922707e+00,4.519445e-02
38,1.188693e+03,1.888194e+00,4.947592e-02
39,1.206691e+03,1.843362e+00,5.399770e-02
40,1.224872e+03,1.786854e+00,5.876451e-02
41,1.243147e+03,1.717811e+00,6.378259e-02
42,1.261521e+03,1.637295e+00,6.906402e-02
43,1.280008e+03,1.546451e+00,7.462210e-02
44,1.298660e+03,1.444819e+00,8.046803e-02
45,1.317543e+03,1.331634e+00,8.661015e-02
46,1.336626e+03,1.206549e+00,9.305297e-02
47,1.355890e+03,1.069032e+00,9.979738e-02
48,1.375308e+03,9.184863e-01,1.068365e-01
49,1.394865e+03,7.543897e-01,1.141627e-01
50,1.414617e+03,5.763585e-01,1.217794e-01
51,1.434621e+03,3.843064e-01,1.296914e-01
52,1.454825e+03,1.791338e-01,1.379030e-01
53,1.475160e+03,-3.822218e-02,1.464156e-01
54,1.495610e+03,-2.676834e-01,1.552309e-01
55,1.516170e+03,-5.095413e-01,1.643525e-01
56,1.536955e+03,-7.647107e-01,1.737768e-01
57,1.558064e+03,-1.034034e+00,1.834998e-01
58,1.579453e+03,-1.317655e+00,1.935195e-01
59,1.601032e+03,-1.615433e+00,2.038347e-01
60,1.622780e+03,-1.926807e+00,2.144367e-01
61,1.644703e+03,-2.251263e+00,2.253180e-01
62,1.666807e+03,-2.588807e+00,2.364757e-01
63,1.689113e+03,-2.939594e+00,2.479089e-01
64,1.711625e+03,-3.303772e+00,2.596157e-01
65,1.734373e+03,-3.681545e+00,2.715968e-01
66,1.757394e+03,-4.073142e+00,2.838456e-01
67,1.780669e+03,-4.478034e+00,2.963547e-01
68,1.804162e+03,-4.895500e+00,3.091134e-01
69,1.827826e+03,-5.324846e+00,3.221131e-01
70,1.851633e+03,-5.765574e+00,3.353461e-01
71,1.875560e+03,-6.217490e+00,3.488073e-01
72,1.899718e+03,-6.681456e+00,3.624922e-01
73,1.924220e+03,-7.158379e+00,3.763955e-01
74,1.949074e+03,-7.648099e+00,3.905057e-01
75,1.974281e+03,-8.150120e+00,4.048106e-01
76,1.999796e+03,-8.663867e+00,4.192961e-01
77,2.025495e+03,-9.187921e+00,4.339511e-01
78,2.051366e+03,-9.721875e+00,4.487637e-01
79,2.077454e+03,-1.026562e+01,4.637221e-01
80,2.103783e+03,-1.081920e+01,4.788150e-01
81,2.130380e+03,-1.138241e+01,4.940307e-01
82,2.157254e+03,-1.195486e+01,5.093589e-01
83,2.184379e+03,-1.253631e+01,5.247876e-01
84,2.211753e+03,-1.312620e+01,5.403054e-01
85,2.239365e+03,-1.372436e+01,5.559004e-01
86,2.267209e+03,-1.433019e+01,5.715627e-01
87,2.295254e+03,-1.494318e+01,5.872785e-01
88,2.323482e+03,-1.556277e+01,6.030350e-01
89,2.351905e+03,-1.618847e+01,6.188190e-01
90,2.380526e+03,-1.681996e+01,6.346131e-01
91,2.409357e+03,-1.745667e+01,6.504037e-01
92,2.438397e+03,-1.809839e+01,6.661757e-01
93,2.467662e+03,-1.874458e+01,6.819141e-01
94,2.497145e+03,-1.939502e+01,6.976062e-01
95,2.526859e+03,-2.004920e+01,7.132365e-01
96,2.556798e+03,-2.070666e+01,7.287906e-01
97,2.586962e+03,-2.136695e+01,7.442538e-01
98,2.617357e+03,-2.202964e+01,7.596103e-01
99,2.647962e+03,-2.269419e+01,7.748459e-01
100,2.678791e+03,-2.336009e+01,7.899488e-01
101,2.709837e+03,-2.402682e+01,8.049040e-01
102,2.741099e+03,-2.469407e+01,8.196893e-01
103,2.772563e+03,-2.536103e+01,8.343044e-01
104,2.804229e+03,-2.602732e+01,8.487198e-01
105,2.836089e+03,-2.669235e+01,8.629279e-01
106,2.868136e+03,-2.735546e+01,8.769139e-01
107,2.900363e+03,-2.801619e+01,8.906702e-01
108,2.932753e+03,-2.867394e+01,9.041746e-01
109,2.965316e+03,-2.932806e+01,9.174196e-01
110,2.998035e+03,-2.997809e+01,9.303830e-01
111,3.030903e+03,-3.062350e+01,9.430571e-01
112,3.063921e+03,-3.126356e+01,9.554344e-01
113,3.097078e+03,-3.189786e+01,9.674924e-01
114,3.130369e+03,-3.252573e+01,9.792159e-01
115,3.163784e+03,-3.314664e+01,9.906047e-01
116,3.197322e+03,-3.376006e+01,1.001644e+00
117,3.230977e+03,-3.436538e+01,1.012311e+00
118,3.264731e+03,-3.496198e+01,1.022605e+00
119,3.298585e+03,-3.554942e+01,1.032512e+00
120,3.332531e+03,-3.612709e+01,1.042023e+00
121,3.366560e+03,-3.669437e+01,1.051125e+00
122,3.400658e+03,-3.725082e+01,1.059808e+00
123,3.434822e+03,-3.779583e+01,1.068065e+00
124,3.469046e+03,-3.832879e+01,1.075883e+00
125,3.503313e+03,-3.884924e+01,1.083259e+00
126,3.537623e+03,-3.935665e+01,1.090179e+00
127,3.571961e+03,-3.985042e+01,1.096643e+00
128,3.606319e+03,-4.033008e+01,1.102636e+00
129,3.640695e+03,-4.079511e+01,1.108158e+00
130,3.675074e+03,-4.124490e+01,1.113193e+00
131,3.709442e+03,-4.167900e+01,1.117741e+00
132,3.743805e+03,-4.209690e+01,1.121804e+00
133,3.778141e+03,-4.249816e+01,1.125365e+00
134,3.812452e+03,-4.288219e+01,1.128442e+00
135,3.846721e+03,-4.324871e+01,1.131011e+00
136,3.880950e+03,-4.359707e+01,1.133081e+00
137,3.915124e+03,-4.392683e+01,1.134645e+00
138,3.949235e+03,-4.423763e+01,1.135711e+00
139,3.983270e+03,-4.452903e+01,1.136272e+00
140,4.017235e+03,-4.480061e+01,1.136327e+00
141,4.051109e+03,-4.505200e+01,1.135893e+00
142,4.084885e+03,-4.528269e+01,1.134956e+00
143,4.118563e+03,-4.549240e+01,1.133522e+00
144,4.152120e+03,-4.568069e+01,1.131600e+00
145,4.185558e+03,-4.584706e+01,1.129183e+00
146,4.218846e+03,-4.599130e+01,1.126286e+00
147,4.251978e+03,-4.611282e+01,1.122918e+00
148,4.284939e+03,-4.621134e+01,1.119078e+00
149,4.317715e+03,-4.628643e+01,1.114774e+00
150,4.350290e+03,-4.633765e+01,1.110015e+00
151,4.382643e+03,-4.636471e+01,1.104809e+00
152,4.414781e+03,-4.636734e+01,1.099162e+00
153,4.446689e+03,-4.634523e+01,1.093090e+00
154,4.478366e+03,-4.629825e+01,1.086609e+00
155,4.509804e+03,-4.622604e+01,1.079718e+00
156,4.541010e+03,-4.612844e+01,1.072441e+00
157,4.571962e+03,-4.600518e+01,1.064777e+00
158,4.602666e+03,-4.585604e+01,1.056756e+00
159,4.633108e+03,-4.568080e+01,1.048380e+00
160,4.663280e+03,-4.547932e+01,1.039670e+00
161,4.693158e+03,-4.525132e+01,1.030642e+00
162,4.722735e+03,-4.499672e+01,1.021310e+00
163,4.752004e+03,-4.471516e+01,1.011705e+00
164,4.780941e+03,-4.440665e+01,1.001827e+00
165,4.809546e+03,-4.407091e+01,9.916988e-01
166,4.837804e+03,-4.370786e+01,9.813426e-01
167,4.865707e+03,-4.331736e+01,9.707811e-01
168,4.893247e+03,-4.289950e+01,9.600369e-01
169,4.920417e+03,-4.245414e+01,9.491324e-01
170,4.947209e+03,-4.198120e+01,9.380828e-01
171,4.973607e+03,-4.148063e+01,9.269181e-01
172,4.999619e+03,-4.095243e+01,9.156607e-01
173,5.025221e+03,-4.039654e+01,9.043333e-01
174,5.050407e+03,-3.981296e+01,8.929582e-01
175,5.075175e+03,-3.920185e+01,8.815729e-01
176,5.099511e+03,-3.856315e+01,8.701925e-01
177,5.123407e+03,-3.789687e+01,8.588545e-01
178,5.146850e+03,-3.720312e+01,8.475814e-01
179,5.169839e+03,-3.648191e+01,8.363959e-01
180,5.192367e+03,-3.573341e+01,8.253356e-01
181,5.214421e+03,-3.495780e+01,8.144304e-01
182,5.236000e+03,-3.415518e+01,8.037105e-01
183,5.257098e+03,-3.332570e+01,7.931983e-01
184,5.277701e+03,-3.246963e+01,7.829314e-01
185,5.297807e+03,-3.158690e+01,7.729472e-01
186,5.317404e+03,-3.067791e+01,7.632683e-01
187,5.336492e+03,-2.974276e+01,7.539253e-01
188,5.355064e+03,-2.878176e+01,7.449588e-01
189,5.373104e+03,-2.779508e+01,7.364002e-01
190,5.390615e+03,-2.678305e+01,7.282838e-01
191,5.407588e+03,-2.574598e+01,7.206420e-01
192,5.424009e+03,-2.468397e+01,7.135098e-01
193,5.439872e+03,-2.359734e+01,7.069208e-01
194,5.455185e+03,-2.248655e+01,7.009111e-01
195,5.469932e+03,-2.135185e+01,6.955164e-01
196,5.484114e+03,-2.019370e+01,6.907725e-01
197,5.497732e+03,-1.901243e+01,6.867169e-01
198,5.510786e+03,-1.780843e+01,6.833853e-01
199,5.523255e+03,-1.658201e+01,6.808136e-01
200,5.535153e+03,-1.533372e+01,6.790376e-01
201,5.546466e+03,-1.406380e+01,6.780951e-01
202,5.557188e+03,-1.277285e+01,6.780207e-01
203,5.567295e+03,-1.146112e+01,6.788503e-01
204,5.576797e+03,-1.012914e+01,6.806191e-01
205,5.585663e+03,-8.777355e+00,6.833629e-01
206,5.593902e+03,-7.406162e+00,6.871162e-01
207,5.601498e+03,-6.015950e+00,6.919155e-01
208,5.608445e+03,-4.607332e+00,6.977960e-01
209,5.614772e+03,-3.180855e+00,7.047919e-01
210,5.620466e+03,-1.737089e+00,7.129399e-01
211,5.625534e+03,-2.765937e-01,7.222757e-01
212,5.629991e+03,1.200057e+00,7.328329e-01
213,5.633837e+03,2.692299e+00,7.446481e-01
214,5.637081e+03,4.199562e+00,7.577570e-01
215,5.639722e+03,5.721248e+00,7.721880e-01
216,5.641746e+03,7.256751e+00,7.879850e-01
217,5.643153e+03,8.805444e+00,8.051764e-01
218,5.643944e+03,1.036681e+01,8.237903e-01
219,5.644112e+03,1.194015e+01,8.438701e-01
220,5.643649e+03,1.352495e+01,8.654440e-01
221,5.642563e+03,1.512044e+01,8.885402e-01
222,5.640840e+03,1.672616e+01,9.132020e-01
223,5.638488e+03,1.834130e+01,9.394500e-01
224,5.635513e+03,1.996532e+01,9.673201e-01
225,5.631918e+03,2.159740e+01,9.968330e-01
226,5.627693e+03,2.323700e+01,1.028032e+00
227,5.622848e+03,2.488338e+01,1.060945e+00
228,5.617383e+03,2.653585e+01,1.095593e+00
229,5.611305e+03,2.819374e+01,1.132011e+00
230,5.604607e+03,2.985636e+01,1.170229e+00
231,5.597297e+03,3.152298e+01,1.210258e+00
232,5.589383e+03,3.319291e+01,1.252135e+00
233,5.580858e+03,3.486540e+01,1.295888e+00
234,5.571722e+03,3.653970e+01,1.341538e+00
235,5.561990e+03,3.821521e+01,1.389113e+00
236,5.551647e+03,3.989110e+01,1.438641e+00
237,5.540718e+03,4.156663e+01,1.490127e+00
238,5.529193e+03,4.324111e+01,1.543601e+00
239,5.517082e+03,4.491380e+01,1.599075e+00
240,5.504384e+03,4.658379e+01,1.656585e+00
241,5.491099e+03,4.825057e+01,1.716144e+00
242,5.477244e+03,4.991323e+01,1.777765e+00
243,5.462818e+03,5.157103e+01,1.841470e+00
244,5.447822e+03,5.322337e+01,1.907271e+00
245,5.432271e+03,5.486941e+01,1.975190e+00
246,5.416172e+03,5.650849e+01,2.045223e+00
247,5.399519e+03,5.813987e+01,2.117401e+00
248,5.382334e+03,5.976270e+01,2.191736e+00
249,5.364610e+03,6.137641e+01,2.268225e+00
250,5.346362e+03,6.298016e+01,2.346899e+00
251,5.327584e+03,6.457307e+01,2.427739e+00
252,5.308282e+03,6.615448e+01,2.510766e+00
253,5.288458e+03,6.772360e+01,2.595977e+00
254,5.268127e+03,6.927956e+01,2.683384e+00
255,5.247274e+03,7.082173e+01,2.772978e+00
256,5.225914e+03,7.234929e+01,2.864769e+00
257,5.204056e+03,7.386170e+01,2.958757e+00
258,5.181714e+03,7.535792e+01,3.054930e+00
259,5.158896e+03,7.683844e+01,3.153301e+00
260,5.135625e+03,7.830104e+01,3.253860e+00
261,5.111902e+03,7.974650e+01,3.356604e+00
262,5.087748e+03,8.117335e+01,3.461531e+00
263,5.063172e+03,8.258163e+01,3.568637e+00
264,5.038182e+03,8.396986e+01,3.677914e+00
265,5.012777e+03,8.533882e+01,3.789343e+00
266,4.986967e+03,8.668631e+01,3.902915e+00
267,4.960765e+03,8.801160e+01,4.018612e+00
268,4.934172e+03,8.931547e+01,4.136424e+00
269,4.907189e+03,9.059572e+01,4.256341e+00
270,4.879822e+03,9.185312e+01,4.378338e+00
271,4.852096e+03,9.308545e+01,4.502405e+00
272,4.824003e+03,9.429350e+01,4.628525e+00
273,4.795572e+03,9.547580e+01,4.756659e+00
274,4.766797e+03,9.663312e+01,4.886803e+00
275,4.737693e+03,9.776327e+01,5.018926e+00
276,4.708282e+03,9.886701e+01,5.153010e+00
277,4.678565e+03,9.994288e+01,5.289030e+00
278,4.648549e+03,1.009902e+02,5.426962e+00
279,4.618250e+03,1.020096e+02,5.566766e+00
280,4.587682e+03,1.029998e+02,5.708411e+00
281,4.556847e+03,1.039608e+02,5.851878e+00
282,4.525758e+03,1.048918e+02,5.997120e+00
283,4.494432e+03,1.057921e+02,6.144114e+00
284,4.462868e+03,1.066611e+02,6.292827e+00
285,4.431082e+03,1.074986e+02,6.443219e+00
286,4.399082e+03,1.083049e+02,6.595259e+00
287,4.366889e+03,1.090791e+02,6.748893e+00
288,4.334505e+03,1.098198e+02,6.904095e+00
289,4.301936e+03,1.105285e+02,7.060818e+00
290,4.269206e+03,1.112030e+02,7.219025e+00
291,4.236322e+03,1.118441e+02,7.378689e+00
292,4.203284e+03,1.124510e+02,7.539676e+00
293,4.170108e+03,1.130239e+02,7.702056e+00
294,4.136808e+03,1.135611e+02,7.865755e+00
295,4.103386e+03,1.140636e+02,8.030621e+00
296,4.069855e+03,1.145306e+02,8.196726e+00
297,4.036217e+03,1.149606e+02,8.363919e+00
298,4.002493e+03,1.153544e+02,8.532199e+00
299,3.968692e+03,1.157121e+02,8.701490e+00
300,3.934821e+03,1.160328e+02,8.871714e+00
301,3.900895e+03,1.163168e+02,9.042946e+00
302,3.866929e+03,1.165639e+02,9.214961e+00
303,3.832930e+03,1.167742e+02,9.387836e+00
304,3.798912e+03,1.169478e+02,9.561497e+00
305,3.764891e+03,1.170840e+02,9.735871e+00
306,3.730866e+03,1.171828e+02,9.910959e+00
307,3.696859e+03,1.172443e+02,1.008661e+01
308,3.662877e+03,1.172684e+02,1.026283e+01
309,3.628928e+03,1.172553e+02,1.043955e+01
310,3.595010e+03,1.172050e+02,1.061661e+01
311,3.561155e+03,1.171161e+02,1.079409e+01
312,3.527353e+03,1.169900e+02,1.097185e+01
313,3.493626e+03,1.168261e+02,1.114988e+01
314,3.459983e+03,1.166244e+02,1.132804e+01
315,3.426423e+03,1.163850e+02,1.150626e+01
316,3.392968e+03,1.161078e+02,1.168461e+01
317,3.359624e+03,1.157938e+02,1.186286e+01
318,3.326407e+03,1.154421e+02,1.204103e+01
319,3.293316e+03,1.150529e+02,1.221903e+01
320,3.260358e+03,1.146268e+02,1.239687e+01
321,3.227564e+03,1.141640e+02,1.257441e+01
322,3.194917e+03,1.136638e+02,1.275156e+01
323,3.162447e+03,1.131268e+02,1.292826e+01
324,3.130146e+03,1.125540e+02,1.310443e+01
325,3.098037e+03,1.119446e+02,1.328007e+01
326,3.066119e+03,1.112994e+02,1.345512e+01
327,3.034406e+03,1.106177e+02,1.362942e+01
328,3.002906e+03,1.099002e+02,1.380291e+01
329,2.971626e+03,1.091486e+02,1.397558e+01
330,2.940580e+03,1.083613e+02,1.414728e+01
331,2.909768e+03,1.075391e+02,1.431802e+01
332,2.879205e+03,1.066821e+02,1.448773e+01
333,2.848890e+03,1.057918e+02,1.465626e+01
334,2.818838e+03,1.048674e+02,1.482361e+01
335,2.789063e+03,1.039099e+02,1.498964e+01
336,2.759565e+03,1.029191e+02,1.515433e+01
337,2.730351e+03,1.018967e+02,1.531764e+01
338,2.701428e+03,1.008419e+02,1.547947e+01
339,2.672811e+03,9.975619e+01,1.563976e+01
340,2.644507e+03,9.863971e+01,1.579852e+01
341,2.616515e+03,9.749244e+01,1.595551e+01
342,2.588843e+03,9.631443e+01,1.611075e+01
343,2.561497e+03,9.510718e+01,1.626415e+01
344,2.534477e+03,9.387001e+01,1.641558e+01
345,2.507791e+03,9.260367e+01,1.656503e+01
346,2.481444e+03,9.130821e+01,1.671236e+01
347,2.455438e+03,8.998441e+01,1.685757e+01
348,2.429779e+03,8.863229e+01,1.700044e+01
349,2.404482e+03,8.725413e+01,1.714112e+01
350,2.379546e+03,8.584920e+01,1.727947e+01
351,2.354985e+03,8.441902e+01,1.741548e+01
352,2.330807e+03,8.296435e+01,1.754909e+01
353,2.307011e+03,8.148520e+01,1.768024e+01
354,2.283604e+03,7.998379e+01,1.780892e+01
355,2.260600e+03,7.845939e+01,1.793500e+01
356,2.237990e+03,7.691274e+01,1.805849e+01
357,2.215782e+03,7.534459e+01,1.817931e+01
358,2.193983e+03,7.375570e+01,1.829740e+01
359,2.172591e+03,7.214605e+01,1.841263e+01
360,2.151607e+03,7.051715e+01,1.852499e+01
361,2.131037e+03,6.886795e+01,1.863442e+01
362,2.110880e+03,6.720031e+01,1.874085e+01
363,2.091151e+03,6.551484e+01,1.884422e+01
364,2.071835e+03,6.381219e+01,1.894453e+01
365,2.052952e+03,6.209319e+01,1.904171e+01
366,2.034495e+03,6.035866e+01,1.913571e+01
367,2.016471e+03,5.860926e+01,1.922652e+01
368,1.998879e+03,5.684589e+01,1.931400e+01
369,1.981719e+03,5.506929e+01,1.939832e+01
370,1.965004e+03,5.328013e+01,1.947918e+01
371,1.948720e+03,5.147930e+01,1.955681e+01
372,1.932881e+03,4.966746e+01,1.963092e+01
373,1.917478e+03,4.784544e+01,1.970166e+01
374,1.902519e+03,4.601404e+01,1.976898e+01
375,1.887996e+03,4.417386e+01,1.983280e+01
376,1.873915e+03,4.232579e+01,1.989305e+01
377,1.860283e+03,4.047049e+01,1.994975e+01
378,1.847085e+03,3.860871e+01,2.000283e+01
379,1.834336e+03,3.674125e+01,2.005221e+01
380,1.822034e+03,3.486886e+01,2.009791e+01
381,1.810171e+03,3.299220e+01,2.013994e+01
382,1.798755e+03,3.111208e+01,2.017807e+01
383,1.787786e+03,2.922932e+01,2.021254e+01
384,1.777254e+03,2.734479e+01,2.024321e+01
385,1.767160e+03,2.545925e+01,2.027008e+01
386,1.757510e+03,2.357364e+01,2.029324e+01
387,1.748304e+03,2.168871e+01,2.031261e+01
388,1.739527e+03,1.980534e+01,2.032829e+01
389,1.731185e+03,1.792434e+01,2.034020e+01
390,1.723278e+03,1.604652e+01,2.034834e+01
391,1.715805e+03,1.417269e+01,2.035274e+01
392,1.708751e+03,1.230366e+01,2.035331e+01
393,1.702130e+03,1.044016e+01,2.035015e+01
394,1.695928e+03,8.582937e+00,2.034318e+01
395,1.690142e+03,6.732864e+00,2.033233e+01
396,1.684774e+03,4.890670e+00,2.031777e+01
397,1.679814e+03,3.057149e+00,2.029934e+01
398,1.675271e+03,1.233041e+00,2.027714e+01
399,1.671135e+03,-5.808742e-01,2.025109e+01
400,1.667406e+03,-2.383839e+00,2.022135e+01
401,1.664085e+03,-4.175110e+00,2.018778e+01
402,1.661163e+03,-5.953961e+00,2.015046e+01
403,1.658639e+03,-7.719706e+00,2.010946e+01
404,1.656514e+03,-9.471609e+00,2.006473e+01
405,1.654772e+03,-1.120898e+01,2.001626e+01
406,1.653414e+03,-1.293119e+01,1.996422e+01
407,1.652438e+03,-1.463743e+01,1.990853e+01
408,1.651837e+03,-1.632701e+01,1.984913e+01
409,1.651596e+03,-1.799926e+01,1.978624e+01
410,1.651729e+03,-1.965344e+01,1.971980e+01
411,1.652207e+03,-2.128908e+01,1.964981e+01
412,1.653044e+03,-2.290545e+01,1.957635e+01
413,1.654232e+03,-2.450208e+01,1.949944e+01
414,1.655764e+03,-2.607831e+01,1.941915e+01
415,1.657624e+03,-2.763361e+01,1.933555e+01
416,1.659827e+03,-2.916745e+01,1.924859e+01
417,1.662350e+03,-3.067909e+01,1.915841e+01
418,1.665201e+03,-3.216807e+01,1.906503e+01
419,1.668365e+03,-3.363373e+01,1.896844e+01
420,1.671848e+03,-3.507553e+01,1.886866e+01
421,1.675636e+03,-3.649287e+01,1.876583e+01
422,1.679720e+03,-3.788509e+01,1.865989e+01
423,1.684109e+03,-3.925165e+01,1.855085e+01
424,1.688787e+03,-4.059203e+01,1.843886e+01
425,1.693746e+03,-4.190570e+01,1.832392e+01
426,1.698986e+03,-4.319245e+01,1.820611e+01
427,1.704485e+03,-4.445180e+01,1.808559e+01
428,1.710257e+03,-4.568340e+01,1.796244e+01
429,1.716272e+03,-4.688693e+01,1.783666e+01
430,1.722530e+03,-4.806187e+01,1.770833e+01
431,1.729031e+03,-4.920799e+01,1.757768e+01
432,1.735760e+03,-5.032492e+01,1.744464e+01
433,1.742725e+03,-5.141212e+01,1.730929e+01
434,1.749901e+03,-5.246937e+01,1.717178e+01
435,1.757298e+03,-5.349615e+01,1.703205e+01
436,1.764907e+03,-5.449214e+01,1.689024e+01
437,1.772721e+03,-5.545697e+01,1.674636e+01
438,1.780731e+03,-5.639027e+01,1.660057e+01
439,1.788939e+03,-5.729165e+01,1.645287e+01
440,1.797328e+03,-5.816096e+01,1.630334e+01
441,1.805892e+03,-5.899789e+01,1.615213e+01
442,1.814616e+03,-5.980221e+01,1.599924e+01
443,1.823498e+03,-6.057355e+01,1.584483e+01
444,1.832525e+03,-6.131175e+01,1.568898e+01
445,1.841689e+03,-6.201657e+01,1.553169e+01
446,1.850981e+03,-6.268779e+01,1.537319e+01
447,1.860395e+03,-6.332547e+01,1.521348e+01
448,1.869938e+03,-6.392946e+01,1.505271e+01
449,1.879595e+03,-6.449966e+01,1.489097e+01
450,1.889359e+03,-6.503607e+01,1.472826e+01
451,1.899229e+03,-6.553861e+01,1.456479e+01
452,1.909205e+03,-6.600713e+01,1.440058e+01
453,1.919266e+03,-6.644154e+01,1.423576e+01
454,1.929413e+03,-6.684169e+01,1.407040e+01
455,1.939630e+03,-6.720750e+01,1.390457e+01
456,1.949911e+03,-6.753881e+01,1.373835e+01
457,1.960250e+03,-6.783556e+01,1.357179e+01
458,1.970630e+03,-6.809750e+01,1.340505e+01
459,1.981039e+03,-6.832477e+01,1.323818e+01
460,1.991490e+03,-6.851754e+01,1.307127e+01
461,2.001956e+03,-6.867510e+01,1.290438e+01
462,2.012459e+03,-6.879976e+01,1.273773e+01
463,2.022969e+03,-6.889011e+01,1.257139e+01
464,2.033509e+03,-6.894694e+01,1.240541e+01
465,2.044051e+03,-6.897032e+01,1.223996e+01
466,2.054608e+03,-6.896107e+01,1.207510e+01
467,2.065167e+03,-6.891850e+01,1.191096e+01
468,2.075714e+03,-6.884341e+01,1.174763e+01
469,2.086249e+03,-6.873588e+01,1.158516e+01
470,2.096756e+03,-6.859597e+01,1.142362e+01
471,2.107223e+03,-6.842298e+01,1.126316e+01
472,2.117649e+03,-6.821849e+01,1.110393e+01
473,2.128020e+03,-6.798104e+01,1.094591e+01
474,2.138337e+03,-6.771295e+01,1.078917e+01
475,2.148592e+03,-6.741278e+01,1.063393e+01
476,2.158786e+03,-6.708134e+01,1.048026e+01
477,2.168904e+03,-6.671942e+01,1.032815e+01
478,2.178954e+03,-6.632709e+01,1.017782e+01
479,2.188938e+03,-6.590544e+01,1.002934e+01
480,2.198832e+03,-6.545395e+01,9.882843e+00
481,2.208652e+03,-6.497340e+01,9.738256e+00
482,2.218369e+03,-6.446415e+01,9.595867e+00
483,2.227990e+03,-6.392664e+01,9.455672e+00
484,2.237502e+03,-6.336128e+01,9.317811e+00
485,2.246890e+03,-6.276844e+01,9.182352e+00
486,2.256162e+03,-6.214860e+01,9.049363e+00
487,2.265302e+03,-6.150213e+01,8.918913e+00
488,2.274305e+03,-6.082959e+01,8.791216e+00
489,2.283179e+03,-6.013156e+01,8.666194e+00
490,2.291908e+03,-5.940853e+01,8.544060e+00
491,2.300493e+03,-5.866116e+01,8.424884e+00
492,2.308934e+03,-5.788986e+01,8.308659e+00
493,2.317233e+03,-5.709536e+01,8.195527e+00
494,2.325382e+03,-5.627800e+01,8.085629e+00
495,2.333373e+03,-5.543857e+01,7.979033e+00
496,2.341209e+03,-5.457749e+01,7.875732e+00
497,2.348873e+03,-5.369541e+01,7.775869e+00
498,2.356366e+03,-5.279297e+01,7.679510e+00
499,2.363683e+03,-5.187073e+01,7.586724e+00
500,2.370814e+03,-5.092919e+01,7.497652e+00
501,2.377755e+03,-4.996905e+01,7.412286e+00
502,2.384504e+03,-4.899098e+01,7.330760e+00
503,2.391056e+03,-4.799548e+01,7.253060e+00
504,2.397411e+03,-4.698343e+01,7.179393e+00
505,2.403577e+03,-4.595540e+01,7.109668e+00
506,2.409541e+03,-4.491204e+01,7.044020e+00
507,2.415310e+03,-4.385401e+01,6.982521e+00
508,2.420878e+03,-4.278203e+01,6.925231e+00
509,2.426237e+03,-4.169675e+01,6.872195e+00
510,2.431404e+03,-4.059890e+01,6.823462e+00
511,2.436357e+03,-3.948905e+01,6.779078e+00
512,2.441112e+03,-3.836791e+01,6.739087e+00
513,2.445653e+03,-3.723623e+01,6.703547e+00
514,2.449983e+03,-3.609455e+01,6.672503e+00
515,2.454101e+03,-3.494362e+01,6.645992e+00
516,2.458009e+03,-3.378421e+01,6.624065e+00
517,2.461699e+03,-3.261692e+01,6.606751e+00
518,2.465165e+03,-3.144251e+01,6.594103e+00
519,2.468416e+03,-3.026173e+01,6.586149e+00
520,2.471436e+03,-2.907520e+01,6.582927e+00
521,2.474234e+03,-2.788373e+01,6.584481e+00
522,2.476803e+03,-2.668796e+01,6.590841e+00
523,2.479136e+03,-2.548860e+01,6.602036e+00
524,2.481250e+03,-2.428644e+01,6.618081e+00
525,2.483129e+03,-2.308213e+01,6.638998e+00
526,2.484789e+03,-2.187638e+01,6.664802e+00
527,2.486224e+03,-2.066991e+01,6.695517e+00
528,2.487434e+03,-1.946351e+01,6.731163e+00
529,2.488420e+03,-1.825774e+01,6.771749e+00
530,2.489189e+03,-1.705354e+01,6.817282e+00
531,2.489728e+03,-1.585156e+01,6.867785e+00
532,2.490052e+03,-1.465272e+01,6.923251e+00
533,2.490154e+03,-1.345759e+01,6.983688e+00
534,2.490028e+03,-1.226711e+01,7.049104e+00
535,2.489688e+03,-1.108191e+01,7.119513e+00
536,2.489121e+03,-9.902939e+00,7.194910e+00
537,2.488342e+03,-8.730751e+00,7.275288e+00
538,2.487343e+03,-7.566134e+00,7.360647e+00
539,2.486135e+03,-6.409873e+00,7.450966e+00
540,2.484700e+03,-5.262606e+00,7.546239e+00
541,2.483064e+03,-4.125044e+00,7.646466e+00
542,2.481219e+03,-2.997972e+00,7.751626e+00
543,2.479157e+03,-1.882048e+00,7.861706e+00
544,2.476895e+03,-7.779763e-01,7.976692e+00
545,2.474432e+03,3.135933e-01,8.096541e+00
546,2.471763e+03,1.392002e+00,8.221246e+00
547,2.468894e+03,2.456578e+00,8.350766e+00
548,2.465827e+03,3.506678e+00,8.485011e+00
549,2.462562e+03,4.541619e+00,8.624118e+00
550,2.459099e+03,5.560751e+00,8.767851e+00
551,2.455455e+03,6.563400e+00,8.916346e+00
552,2.451613e+03,7.548944e+00,9.069443e+00
553,2.447589e+03,8.516771e+00,9.227134e+00
554,2.443392e+03,9.466285e+00,9.389408e+00
555,2.439012e+03,1.039687e+01,9.556183e+00
556,2.434452e+03,1.130791e+01,9.727448e+00
557,2.429733e+03,1.219886e+01,9.903119e+00
558,2.424840e+03,1.306910e+01,1.008319e+01
559,2.419781e+03,1.391820e+01,1.026757e+01
560,2.414556e+03,1.474561e+01,1.045626e+01
561,2.409180e+03,1.555077e+01,1.064910e+01
562,2.403639e+03,1.633334e+01,1.084615e+01
563,2.397947e+03,1.709262e+01,1.104726e+01
564,2.392112e+03,1.782819e+01,1.125242e+01
565,2.386120e+03,1.853963e+01,1.146154e+01
566,2.379984e+03,1.922655e+01,1.167461e+01
567,2.373714e+03,1.988838e+01,1.189142e+01
568,2.367301e+03,2.052477e+01,1.211201e+01
569,2.360753e+03,2.113533e+01,1.233632e+01
570,2.354070e+03,2.171964e+01,1.256418e+01
571,2.347260e+03,2.227720e+01,1.279558e+01
572,2.340330e+03,2.280784e+01,1.303037e+01
573,2.333281e+03,2.331106e+01,1.326855e+01
574,2.326112e+03,2.378668e+01,1.351003e+01
575,2.318846e+03,2.423442e+01,1.375465e+01
576,2.311468e+03,2.465395e+01,1.400240e+01
577,2.304000e+03,2.504494e+01,1.425314e+01
578,2.296436e+03,2.540703e+01,1.450678e+01
579,2.288782e+03,2.574012e+01,1.476331e+01
580,2.281047e+03,2.604385e+01,1.502251e+01
581,2.273238e+03,2.631790e+01,1.528436e+01
582,2.265354e+03,2.656199e+01,1.554872e+01
583,2.257396e+03,2.677593e+01,1.581550e+01
584,2.249379e+03,2.695938e+01,1.608469e+01
585,2.241303e+03,2.711215e+01,1.635600e+01
586,2.233168e+03,2.723395e+01,1.662948e+01
587,2.224981e+03,2.732476e+01,1.690499e+01
588,2.216758e+03,2.738436e+01,1.718237e+01
589,2.208483e+03,2.741265e+01,1.746155e+01
590,2.200180e+03,2.740942e+01,1.774243e+01
591,2.191847e+03,2.737462e+01,1.802488e+01
592,2.183485e+03,2.730799e+01,1.830880e+01
593,2.175102e+03,2.720955e+01,1.859404e+01
594,2.166698e+03,2.707924e+01,1.888053e+01
595,2.158287e+03,2.691702e+01,1.916811e+01
596,2.149869e+03,2.672284e+01,1.945670e+01
597,2.141445e+03,2.649656e+01,1.974615e+01
598,2.133022e+03,2.623829e+01,2.003631e+01
599,2.124608e+03,2.594790e+01,2.032716e+01
600,2.116202e+03,2.562548e+01,2.061849e+01
601,2.107819e+03,2.527112e+01,2.091022e+01
602,2.099443e+03,2.488500e+01,2.120220e+01
603,2.091105e+03,2.446705e+01,2.149437e+01
604,2.082789e+03,2.401745e+01,2.178660e+01
605,2.074500e+03,2.353629e+01,2.207874e+01
606,2.066255e+03,2.302372e+01,2.237074e+01
607,2.058044e+03,2.247977e+01,2.266252e+01
608,2.049881e+03,2.190468e+01,2.295389e+01
609,2.041774e+03,2.129868e+01,2.324476e+01
610,2.033708e+03,2.066185e+01,2.353502e+01
611,2.025710e+03,1.999437e+01,2.382444e+01
612,2.017767e+03,1.929639e+01,2.411304e+01
613,2.009883e+03,1.856814e+01,2.440067e+01
614,2.002082e+03,1.780994e+01,2.468721e+01
615,1.994341e+03,1.702209e+01,2.497252e+01
616,1.986687e+03,1.620504e+01,2.525653e+01
617,1.979114e+03,1.535903e+01,2.553917e+01
618,1.971629e+03,1.448451e+01,2.582040e+01
619,1.964229e+03,1.358178e+01,2.609992e+01
620,1.956923e+03,1.265122e+01,2.637781e+01
621,1.949725e+03,1.169313e+01,2.665395e+01
622,1.942625e+03,1.070796e+01,2.692804e+01
623,1.935625e+03,9.696094e+00,2.720018e+01
624,1.928738e+03,8.657821e+00,2.747015e+01
625,1.921963e+03,7.593516e+00,2.773788e+01
626,1.915308e+03,6.503628e+00,2.800318e+01
627,1.908763e+03,5.388452e+00,2.826597e+01
628,1.902352e+03,4.248435e+00,2.852612e+01
629,1.896058e+03,3.084169e+00,2.878358e+01
630,1.889895e+03,1.896096e+00,2.903826e+01
631,1.883864e+03,6.846606e-01,2.928990e+01
632,1.877963e+03,-5.495483e-01,2.953858e+01
633,1.872207e+03,-1.806164e+00,2.978408e+01
634,1.866587e+03,-3.084598e+00,3.002627e+01
635,1.861111e+03,-4.384291e+00,3.026517e+01
636,1.855785e+03,-5.704710e+00,3.050056e+01
637,1.850609e+03,-7.045276e+00,3.073246e+01
638,1.845582e+03,-8.405410e+00,3.096065e+01
639,1.840710e+03,-9.784558e+00,3.118514e+01
640,1.835995e+03,-1.118214e+01,3.140574e+01
641,1.831441e+03,-1.259759e+01,3.162244e+01
642,1.827042e+03,-1.403025e+01,3.183504e+01
643,1.822819e+03,-1.547948e+01,3.204355e+01
644,1.818749e+03,-1.694461e+01,3.224784e+01
645,1.814854e+03,-1.842499e+01,3.244769e+01
646,1.811133e+03,-1.991999e+01,3.264312e+01
647,1.807578e+03,-2.142887e+01,3.283398e+01
648,1.804197e+03,-2.295112e+01,3.302015e+01
649,1.800988e+03,-2.448585e+01,3.320164e+01
650,1.797966e+03,-2.603251e+01,3.337830e+01
651,1.795116e+03,-2.759030e+01,3.355016e+01
652,1.792444e+03,-2.915857e+01,3.371716e+01
653,1.789956e+03,-3.073677e+01,3.387924e+01
654,1.787653e+03,-3.232426e+01,3.403637e+01
655,1.785541e+03,-3.392040e+01,3.418842e+01
656,1.783604e+03,-3.552442e+01,3.433547e+01
657,1.781856e+03,-3.713584e+01,3.447741e+01
658,1.780297e+03,-3.875379e+01,3.461419e+01
659,1.778925e+03,-4.037773e+01,3.474568e+01
660,1.777741e+03,-4.200695e+01,3.487191e+01
661,1.776743e+03,-4.364075e+01,3.499274e+01
662,1.775938e+03,-4.527849e+01,3.510813e+01
663,1.775318e+03,-4.691941e+01,3.521810e+01
664,1.774889e+03,-4.856281e+01,3.532253e+01
665,1.774651e+03,-5.020804e+01,3.542144e+01
666,1.774596e+03,-5.185443e+01,3.551477e+01
667,1.774731e+03,-5.350118e+01,3.560255e+01
668,1.775061e+03,-5.514761e+01,3.568466e+01
669,1.775572e+03,-5.679309e+01,3.576104e+01
670,1.776278e+03,-5.843685e+01,3.583178e+01
671,1.777170e+03,-6.007819e+01,3.589684e+01
672,1.778248e+03,-6.171648e+01,3.595610e+01
673,1.779511e+03,-6.335089e+01,3.600964e+01
674,1.780959e+03,-6.498086e+01,3.605741e+01
675,1.782598e+03,-6.660556e+01,3.609937e+01
676,1.784420e+03,-6.822428e+01,3.613552e+01
677,1.786424e+03,-6.983641e+01,3.616591e+01
678,1.788603e+03,-7.144103e+01,3.619039e+01
679,1.790970e+03,-7.303744e+01,3.620899e+01
680,1.793517e+03,-7.462496e+01,3.622173e+01
681,1.796237e+03,-7.620267e+01,3.622849e+01
682,1.799128e+03,-7.776994e+01,3.622935e+01
683,1.802198e+03,-7.932594e+01,3.622420e+01
684,1.805446e+03,-8.087012e+01,3.621312e+01
685,1.808856e+03,-8.240180e+01,3.619621e+01
686,1.812434e+03,-8.391990e+01,3.617341e+01
687,1.816182e+03,-8.542464e+01,3.614491e+01
688,1.820097e+03,-8.691531e+01,3.611056e+01
689,1.824179e+03,-8.839048e+01,3.607053e+01
690,1.828420e+03,-8.984947e+01,3.602493e+01
691,1.832820e+03,-9.129232e+01,3.597361e+01
692,1.837378e+03,-9.271834e+01,3.591668e+01
693,1.842093e+03,-9.412685e+01,3.585416e+01
694,1.846957e+03,-9.551641e+01,3.578613e+01
695,1.851977e+03,-9.688707e+01,3.571255e+01
696,1.857131e+03,-9.823740e+01,3.563335e+01
697,1.862440e+03,-9.956745e+01,3.554878e+01
698,1.867881e+03,-1.008758e+02,3.545871e+01
699,1.873468e+03,-1.021625e+02,3.536323e+01
700,1.879186e+03,-1.034268e+02,3.526243e+01
701,1.885035e+03,-1.046681e+02,3.515634e+01
702,1.891007e+03,-1.058858e+02,3.504496e+01
703,1.897109e+03,-1.070799e+02,3.492845e+01
704,1.903341e+03,-1.082485e+02,3.480675e+01
705,1.909681e+03,-1.093924e+02,3.468003e+01
706,1.916151e+03,-1.105103e+02,3.454829e+01
707,1.922728e+03,-1.116022e+02,3.441169e+01
708,1.929412e+03,-1.126684e+02,3.427009e+01
709,1.936211e+03,-1.137067e+02,3.412381e+01
710,1.943110e+03,-1.147181e+02,3.397278e+01
711,1.950108e+03,-1.157020e+02,3.381708e+01
712,1.957213e+03,-1.166569e+02,3.365681e+01
713,1.964403e+03,-1.175830e+02,3.349196e+01
714,1.971684e+03,-1.184798e+02,3.332269e+01
715,1.979058e+03,-1.193474e+02,3.314903e+01
716,1.986508e+03,-1.201851e+02,3.297097e+01
717,1.994036e+03,-1.209917e+02,3.278860e+01
718,2.001640e+03,-1.217672e+02,3.260201e+01
719,2.009313e+03,-1.225111e+02,3.241135e+01
720,2.017056e+03,-1.232242e+02,3.221662e+01
721,2.024861e+03,-1.239052e+02,3.201807e+01
722,2.032727e+03,-1.245542e+02,3.181570e+01
723,2.040656e+03,-1.251714e+02,3.160974e+01
724,2.048638e+03,-1.257562e+02,3.140028e+01
725,2.056675e+03,-1.263078e+02,3.118739e+01
726,2.064759e+03,-1.268274e+02,3.097116e+01
727,2.072890e+03,-1.273133e+02,3.075175e+01
728,2.081068e+03,-1.277667e+02,3.052915e+01
729,2.089270e+03,-1.281853e+02,3.030361e+01
730,2.097511e+03,-1.285707e+02,3.007506e+01
731,2.105785e+03,-1.289224e+02,2.984372e+01
732,2.114075e+03,-1.292390e+02,2.960960e+01
733,2.122390e+03,-1.295214e+02,2.937294e+01
734,2.130723e+03,-1.297682e+02,2.913365e+01
735,2.139057e+03,-1.299810e+02,2.889206e+01
736,2.147409e+03,-1.301585e+02,2.864823e+01
737,2.155756e+03,-1.303008e+02,2.840218e+01
738,2.164104e+03,-1.304080e+02,2.815413e+01
739,2.172448e+03,-1.304796e+02,2.790416e+01
740,2.180779e+03,-1.305148e+02,2.765243e+01
741,2.189091e+03,-1.305153e+02,2.739909e+01
742,2.197382e+03,-1.304805e+02,2.714422e+01
743,2.205654e+03,-1.304097e+02,2.688798e+01
744,2.213890e+03,-1.303031e+02,2.663051e+01
745,2.222092e+03,-1.301609e+02,2.637198e+01
746,2.230252e+03,-1.299837e+02,2.611245e+01
747,2.238370e+03,-1.297704e+02,2.585209e+01
748,2.246438e+03,-1.295217e+02,2.559097e+01
749,2.254457e+03,-1.292378e+02,2.532925e+01
750,2.262419e+03,-1.289187e+02,2.506707e+01
751,2.270317e+03,-1.285639e+02,2.480452e+01
752,2.278143e+03,-1.281735e+02,2.454173e+01
753,2.285907e+03,-1.277490e+02,2.427875e+01
754,2.293601e+03,-1.272891e+02,2.401573e+01
755,2.301218e+03,-1.267946e+02,2.375286e+01
756,2.308752e+03,-1.262657e+02,2.349020e+01
757,2.316217e+03,-1.257024e+02,2.322797e+01
758,2.323601e+03,-1.251064e+02,2.296613e+01
759,2.330903e+03,-1.244762e+02,2.270499e+01
760,2.338117e+03,-1.238127e+02,2.244458e+01
761,2.345244e+03,-1.231160e+02,2.218505e+01
762,2.352276e+03,-1.223863e+02,2.192645e+01
763,2.359214e+03,-1.216242e+02,2.166891e+01
764,2.366044e+03,-1.208285e+02,2.141249e+01
765,2.372767e+03,-1.200008e+02,2.115740e+01
766,2.379383e+03,-1.191404e+02,2.090368e+01
767,2.385879e+03,-1.182473e+02,2.065134e+01
768,2.392261e+03,-1.173217e+02,2.040063e+01
769,2.398509e+03,-1.163652e+02,2.015170e+01
770,2.404638e+03,-1.153779e+02,1.990461e+01
771,2.410634e+03,-1.143598e+02,1.965948e+01
772,2.416490e+03,-1.133110e+02,1.941652e+01
773,2.422215e+03,-1.122332e+02,1.917578e+01
774,2.427793e+03,-1.111263e+02,1.893740e+01
775,2.433226e+03,-1.099905e+02,1.870151e+01
776,2.438521e+03,-1.088274e+02,1.846823e+01
777,2.443672e+03,-1.076363e+02,1.823764e+01
778,2.448680e+03,-1.064187e+02,1.800984e+01
779,2.453545e+03,-1.051741e+02,1.778491e+01
780,2.458261e+03,-1.039046e+02,1.756305e+01
781,2.462835e+03,-1.026097e+02,1.734424e+01
782,2.467253e+03,-1.012902e+02,1.712861e+01
783,2.471524e+03,-9.994539e+01,1.691629e+01
784,2.475632e+03,-9.857685e+01,1.670735e+01
785,2.479580e+03,-9.718390e+01,1.650182e+01
786,2.483352e+03,-9.576663e+01,1.629986e+01
787,2.486957e+03,-9.432659e+01,1.610150e+01
788,2.490387e+03,-9.286238e+01,1.590690e+01
789,2.493629e+03,-9.137628e+01,1.571616e+01
790,2.496698e+03,-8.986763e+01,1.552936e+01
791,2.499580e+03,-8.833947e+01,1.534670e+01
792,2.502283e+03,-8.679112e+01,1.516830e+01
793,2.504800e+03,-8.522413e+01,1.499431e+01
794,2.507131e+03,-8.363932e+01,1.482478e+01
795,2.509271e+03,-8.203824e+01,1.465990e+01
796,2.511226e+03,-8.042020e+01,1.449968e+01
797,2.512997e+03,-7.878676e+01,1.434415e+01
798,2.514578e+03,-7.713797e+01,1.419339e+01
799,2.515977e+03,-7.547465e+01,1.404745e+01
800,2.517186e+03,-7.379610e+01,1.390638e+01
801,2.518207e+03,-7.210461e+01,1.377017e+01
802,2.519048e+03,-7.039939e+01,1.363879e+01
803,2.519694e+03,-6.868117e+01,1.351250e+01
804,2.520153e+03,-6.695137e+01,1.339120e+01
805,2.520413e+03,-6.520922e+01,1.327516e+01
806,2.520465e+03,-6.345690e+01,1.316435e+01
807,2.520312e+03,-6.169288e+01,1.305888e+01
808,2.519953e+03,-5.992009e+01,1.295887e+01
809,2.519383e+03,-5.813773e+01,1.286437e+01
810,2.518601e+03,-5.634651e+01,1.277543e+01
811,2.517609e+03,-5.454802e+01,1.269207e+01
812,2.516423e+03,-5.274287e+01,1.261422e+01
813,2.515035e+03,-5.093198e+01,1.254197e+01
814,2.513454e+03,-4.911619e+01,1.247531e+01
815,2.511688e+03,-4.729634e+01,1.241420e+01
816,2.509738e+03,-4.547329e+01,1.235876e+01
817,2.507597e+03,-4.364748e+01,1.230897e+01
818,2.505266e+03,-4.181911e+01,1.226487e+01
819,2.502737e+03,-3.998855e+01,1.222643e+01
820,2.500006e+03,-3.815620e+01,1.219384e+01
821,2.497064e+03,-3.632239e+01,1.216701e+01
822,2.493912e+03,-3.448735e+01,1.214606e+01
823,2.490544e+03,-3.265155e+01,1.213095e+01
824,2.486968e+03,-3.081598e+01,1.212173e+01
825,2.483192e+03,-2.898176e+01,1.211838e+01
826,2.479217e+03,-2.715004e+01,1.212094e+01
827,2.475050e+03,-2.532194e+01,1.212931e+01
828,2.470692e+03,-2.349845e+01,1.214355e+01
829,2.466160e+03,-2.168078e+01,1.216361e+01
830,2.461453e+03,-1.986991e+01,1.218956e+01
831,2.456572e+03,-1.806614e+01,1.222129e+01
832,2.451511e+03,-1.626995e+01,1.225884e+01
833,2.446262e+03,-1.448151e+01,1.230227e+01
834,2.440834e+03,-1.270111e+01,1.235156e+01
835,2.435213e+03,-1.092916e+01,1.240667e+01
836,2.429391e+03,-9.165818e+00,1.246765e+01
837,2.423377e+03,-7.411615e+00,1.253449e+01
838,2.417179e+03,-5.667240e+00,1.260715e+01
839,2.410782e+03,-3.933747e+00,1.268554e+01
840,2.404217e+03,-2.211969e+00,1.276963e+01
841,2.397477e+03,-5.029636e-01,1.285932e+01
842,2.390570e+03,1.192438e+00,1.295460e+01
843,2.383497e+03,2.873254e+00,1.305536e+01
844,2.376280e+03,4.538577e+00,1.316150e+01
845,2.368898e+03,6.187946e+00,1.327309e+01
846,2.361367e+03,7.820699e+00,1.339008e+01
847,2.353671e+03,9.436425e+00,1.351255e+01
848,2.345819e+03,1.103457e+01,1.364038e+01
849,2.337804e+03,1.261464e+01,1.377363e+01
850,2.329619e+03,1.417612e+01,1.391228e+01
851,2.321280e+03,1.571852e+01,1.405639e+01
852,2.312779e+03,1.724146e+01,1.420571e+01
853,2.304124e+03,1.874460e+01,1.436024e+01
854,2.295316e+03,2.022757e+01,1.451980e+01
855,2.286375e+03,2.169003e+01,1.468432e+01
856,2.277289e+03,2.313164e+01,1.485371e+01
857,2.268079e+03,2.455204e+01,1.502772e+01
858,2.258745e+03,2.595080e+01,1.520643e+01
859,2.249288e+03,2.732725e+01,1.538968e+01
860,2.239708e+03,2.868074e+01,1.557752e+01
861,2.230012e+03,3.001052e+01,1.576987e+01
862,2.220192e+03,3.131585e+01,1.596664e+01
863,2.210265e+03,3.259607e+01,1.616797e+01
864,2.200223e+03,3.385037e+01,1.637371e+01
865,2.190065e+03,3.507823e+01,1.658384e+01
866,2.179807e+03,3.627943e+01,1.679828e+01
867,2.169433e+03,3.745412e+01,1.701694e+01
868,2.158953e+03,3.860208e+01,1.723967e+01
869,2.148372e+03,3.972346e+01,1.746637e+01
870,2.137684e+03,4.081810e+01,1.769705e+01
871,2.126896e+03,4.188609e+01,1.793147e+01
872,2.116015e+03,4.292735e+01,1.816954e+01
873,2.105035e+03,4.394143e+01,1.841112e+01
874,2.093970e+03,4.492802e+01,1.865618e+01
875,2.082820e+03,4.588662e+01,1.890458e+01
876,2.071593e+03,4.681690e+01,1.915615e+01
877,2.060289e+03,4.771828e+01,1.941075e+01
878,2.048930e+03,4.859053e+01,1.966828e+01
879,2.037501e+03,4.943312e+01,1.992868e+01
880,2.026017e+03,5.024573e+01,2.019177e+01
881,2.014470e+03,5.102800e+01,2.045748e+01
882,2.002877e+03,5.177962e+01,2.072581e+01
883,1.991228e+03,5.250013e+01,2.099652e+01
884,1.979525e+03,5.318929e+01,2.126969e+01
885,1.967774e+03,5.384664e+01,2.154515e+01
886,1.955976e+03,5.447196e+01,2.182275e+01
887,1.944130e+03,5.506522e+01,2.210249e+01
888,1.932252e+03,5.562648e+01,2.238421e+01
889,1.920326e+03,5.615595e+01,2.266769e+01
890,1.908376e+03,5.665354e+01,2.295291e+01
891,1.896392e+03,5.711945e+01,2.323973e+01
892,1.884384e+03,5.755366e+01,2.352799e+01
893,1.872350e+03,5.795630e+01,2.381761e+01
894,1.860306e+03,5.832734e+01,2.410830e+01
895,1.848237e+03,5.866669e+01,2.440011e+01
896,1.836164e+03,5.897446e+01,2.469275e+01
897,1.824082e+03,5.925057e+01,2.498615e+01
898,1.811996e+03,5.949498e+01,2.528014e+01
899,1.799914e+03,5.970774e+01,2.557450e+01
900,1.787837e+03,5.988875e+01,2.586923e+01
901,1.775764e+03,6.003804e+01,2.616403e+01
902,1.763709e+03,6.015567e+01,2.645891e+01
903,1.751673e+03,6.024153e+01,2.675376e+01
904,1.739653e+03,6.029573e+01,2.704843e+01
905,1.727658e+03,6.031826e+01,2.734280e+01
906,1.715687e+03,6.030906e+01,2.763690e+01
907,1.703753e+03,6.026818e+01,2.793043e+01
908,1.691849e+03,6.019581e+01,2.822336e+01
909,1.679981e+03,6.009207e+01,2.851570e+01
910,1.668150e+03,5.995712e+01,2.880725e+01
911,1.656362e+03,5.979116e+01,2.909787e+01
912,1.644623e+03,5.959437e+01,2.938753e+01
913,1.632933e+03,5.936693e+01,2.967616e+01
914,1.621292e+03,5.910893e+01,2.996356e+01
915,1.609699e+03,5.882065e+01,3.024968e+01
916,1.598167e+03,5.850231e+01,3.053446e+01
917,1.586690e+03,5.815403e+01,3.081764e+01
918,1.575267e+03,5.777621e+01,3.109922e+01
919,1.563911e+03,5.736893e+01,3.137901e+01
920,1.552623e+03,5.693244e+01,3.165696e+01
921,1.541394e+03,5.646700e+01,3.193286e+01
922,1.530238e+03,5.597305e+01,3.220667e+01
923,1.519163e+03,5.545093e+01,3.247832e+01
924,1.508152e+03,5.490109e+01,3.274769e+01
925,1.497229e+03,5.432391e+01,3.301458e+01
926,1.486384e+03,5.371994e+01,3.327902e+01
927,1.475624e+03,5.308948e+01,3.354079e+01
928,1.464957e+03,5.243299e+01,3.379992e+01
929,1.454381e+03,5.175085e+01,3.405621e+01
930,1.443897e+03,5.104337e+01,3.430953e+01
931,1.433503e+03,5.031093e+01,3.455983e+01
932,1.423215e+03,4.955383e+01,3.480698e+01
933,1.413023e+03,4.877252e+01,3.505093e+01
934,1.402935e+03,4.796723e+01,3.529140e+01
935,1.392951e+03,4.713842e+01,3.552841e+01
936,1.383069e+03,4.628644e+01,3.576177e+01
937,1.373296e+03,4.541182e+01,3.599148e+01
938,1.363633e+03,4.451494e+01,3.621743e+01
939,1.354086e+03,4.359631e+01,3.643949e+01
940,1.344647e+03,4.265637e+01,3.665744e+01
941,1.335330e+03,4.169549e+01,3.687140e+01
942,1.326127e+03,4.071419e+01,3.708115e+01
943,1.317046e+03,3.971298e+01,3.728657e+01
944,1.308086e+03,3.869245e+01,3.748768e+01
945,1.299253e+03,3.765303e+01,3.768435e+01
946,1.290539e+03,3.659531e+01,3.787652e+01
947,1.281960e+03,3.551988e+01,3.806400e+01
948,1.273507e+03,3.442723e+01,3.824687e+01
949,1.265180e+03,3.331781e+01,3.842501e+01
950,1.256992e+03,3.219235e+01,3.859829e+01
951,1.248937e+03,3.105118e+01,3.876658e+01
952,1.241012e+03,2.989487e+01,3.892991e+01
953,1.233226e+03,2.872377e+01,3.908817e+01
954,1.225569e+03,2.753842e+01,3.924133e+01
955,1.218057e+03,2.633923e+01,3.938926e+01
956,1.210679e+03,2.512668e+01,3.953193e+01
957,1.203445e+03,2.390124e+01,3.966930e+01
958,1.196344e+03,2.266362e+01,3.980141e+01
959,1.189384e+03,2.141443e+01,3.992813e+01
960,1.182572e+03,2.015424e+01,4.004958e+01
961,1.175899e+03,1.888358e+01,4.016556e+01
962,1.169372e+03,1.760315e+01,4.027620e+01
963,1.162991e+03,1.631358e+01,4.038143e+01
964,1.156755e+03,1.501527e+01,4.048116e+01
965,1.150662e+03,1.370875e+01,4.057549e+01
966,1.144713e+03,1.239458e+01,4.066422e+01
967,1.138913e+03,1.107330e+01,4.074739e+01
968,1.133256e+03,9.745373e+00,4.082495e+01
969,1.127748e+03,8.411353e+00,4.089687e+01
970,1.122387e+03,7.071704e+00,4.096303e+01
971,1.117167e+03,5.727044e+00,4.102361e+01
972,1.112093e+03,4.377988e+00,4.107841e+01
973,1.107165e+03,3.025004e+00,4.112748e+01
974,1.102390e+03,1.668708e+00,4.117090e+01
975,1.097753e+03,3.097882e-01,4.120849e+01
976,1.093260e+03,-1.051363e+00,4.124044e+01
977,1.088918e+03,-2.413983e+00,4.126654e+01
978,1.084718e+03,-3.777682e+00,4.128698e+01
979,1.080662e+03,-5.141814e+00,4.130170e+01
980,1.076754e+03,-6.505873e+00,4.131060e+01
981,1.072988e+03,-7.869318e+00,4.131392e+01
982,1.069362e+03,-9.231603e+00,4.131147e+01
983,1.065876e+03,-1.059218e+01,4.130343e+01
984,1.062537e+03,-1.195054e+01,4.128967e+01
985,1.059337e+03,-1.330617e+01,4.127022e+01
986,1.056276e+03,-1.465859e+01,4.124512e+01
987,1.053360e+03,-1.600734e+01,4.121438e+01
988,1.050581e+03,-1.735193e+01,4.117790e+01
989,1.047939e+03,-1.869189e+01,4.113583e+01
990,1.045433e+03,-2.002668e+01,4.108799e+01
991,1.043063e+03,-2.135592e+01,4.103448e+01
992,1.040835e+03,-2.267894e+01,4.097539e+01
993,1.038735e+03,-2.399518e+01,4.091061e+01
994,1.036776e+03,-2.530397e+01,4.084031e+01
995,1.034944e+03,-2.660484e+01,4.076451e+01
996,1.033245e+03,-2.789711e+01,4.068324e+01
997,1.031679e+03,-2.918023e+01,4.059644e+01
998,1.030245e+03,-3.045360e+01,4.050423e+01
999,1.028936e+03,-3.171646e+01,4.040669e+01
1000,1.027758e+03,-3.296826e+01,4.030377e+01
1001,1.026696e+03,-3.420834e+01,4.019550e+01
1002,1.025764e+03,-3.543609e+01,4.008190e+01
1003,1.024949e+03,-3.665092e+01,3.996297e+01
1004,1.024256e+03,-3.785231e+01,3.983874e+01
1005,1.023672e+03,-3.903975e+01,3.970921e+01
1006,1.023210e+03,-4.021294e+01,3.957455e+01
1007,1.022856e+03,-4.137174e+01,3.943492e+01
1008,1.022617e+03,-4.251608e+01,3.929048e+01
1009,1.022492e+03,-4.364566e+01,3.914139e+01
1010,1.022468e+03,-4.476034e+01,3.898790e+01
1011,1.022558e+03,-4.585989e+01,3.883000e+01
1012,1.022747e+03,-4.694424e+01,3.866794e+01
1013,1.023037e+03,-4.801309e+01,3.850166e+01
1014,1.023440e+03,-4.906600e+01,3.833116e+01
1015,1.023935e+03,-5.010273e+01,3.815631e+01
1016,1.024537e+03,-5.112300e+01,3.797719e+01
1017,1.025245e+03,-5.212650e+01,3.779359e+01
1018,1.026045e+03,-5.311285e+01,3.760552e+01
1019,1.026943e+03,-5.408176e+01,3.741307e+01
1020,1.027940e+03,-5.503262e+01,3.721617e+01
1021,1.029029e+03,-5.596491e+01,3.701520e+01
1022,1.030209e+03,-5.687811e+01,3.681017e+01
1023,1.031465e+03,-5.777152e+01,3.660131e+01
1024,1.032812e+03,-5.864471e+01,3.638879e+01
1025,1.034228e+03,-5.949699e+01,3.617282e+01
1026,1.035727e+03,-6.032790e+01,3.595350e+01
1027,1.037295e+03,-6.113766e+01,3.573091e+01
1028,1.038931e+03,-6.192633e+01,3.550513e+01
1029,1.040650e+03,-6.269411e+01,3.527623e+01
1030,1.042431e+03,-6.344122e+01,3.504423e+01
1031,1.044287e+03,-6.416794e+01,3.480929e+01
1032,1.046205e+03,-6.487432e+01,3.457140e+01
1033,1.048198e+03,-6.556056e+01,3.433065e+01
1034,1.050251e+03,-6.622621e+01,3.408713e+01
1035,1.052374e+03,-6.687073e+01,3.384105e+01
1036,1.054549e+03,-6.749364e+01,3.359251e+01
1037,1.056770e+03,-6.809440e+01,3.334165e+01
1038,1.059052e+03,-6.867254e+01,3.308863e+01
1039,1.061380e+03,-6.922760e+01,3.283360e+01
1040,1.063747e+03,-6.975902e+01,3.257656e+01
1041,1.066159e+03,-7.026686e+01,3.231775e+01
1042,1.068610e+03,-7.075116e+01,3.205703e+01
1043,1.071091e+03,-7.121173e+01,3.179453e+01
1044,1.073619e+03,-7.164930e+01,3.153028e+01
1045,1.076177e+03,-7.206323e+01,3.126419e+01
1046,1.078767e+03,-7.245438e+01,3.099650e+01
1047,1.081387e+03,-7.282213e+01,3.072705e+01
1048,1.084039e+03,-7.316658e+01,3.045609e+01
1049,1.086714e+03,-7.348710e+01,3.018390e+01
1050,1.089413e+03,-7.378529e+01,2.991064e+01
1051,1.092128e+03,-7.406051e+01,2.963653e+01
1052,1.094860e+03,-7.431214e+01,2.936163e+01
1053,1.097609e+03,-7.454029e+01,2.908629e+01
1054,1.100375e+03,-7.474507e+01,2.881063e+01
1055,1.103146e+03,-7.492733e+01,2.853471e+01
1056,1.105927e+03,-7.508645e+01,2.825859e+01
1057,1.108713e+03,-7.522178e+01,2.798238e+01
1058,1.111504e+03,-7.533492e+01,2.770615e+01
1059,1.114293e+03,-7.542450e+01,2.742993e+01
1060,1.117087e+03,-7.549060e+01,2.715387e+01
1061,1.119881e+03,-7.553483e+01,2.687801e+01
1062,1.122675e+03,-7.555505e+01,2.660248e+01
1063,1.125461e+03,-7.555360e+01,2.632726e+01
1064,1.128240e+03,-7.552909e+01,2.605254e+01
1065,1.131005e+03,-7.548161e+01,2.577839e+01
1066,1.133765e+03,-7.541274e+01,2.550484e+01
1067,1.136504e+03,-7.532110e+01,2.523204e+01
1068,1.139239e+03,-7.520752e+01,2.496010e+01
1069,1.141947e+03,-7.507209e+01,2.468907e+01
1070,1.144643e+03,-7.491491e+01,2.441909e+01
1071,1.147315e+03,-7.473606e+01,2.415021e+01
1072,1.149968e+03,-7.453637e+01,2.388262e+01
1073,1.152590e+03,-7.431519e+01,2.361637e+01
1074,1.155187e+03,-7.407335e+01,2.335160e+01
1075,1.157753e+03,-7.381093e+01,2.308843e+01
1076,1.160297e+03,-7.352726e+01,2.282691e+01
1077,1.162803e+03,-7.322392e+01,2.256710e+01
1078,1.165279e+03,-7.290099e+01,2.230919e+01
1079,1.167711e+03,-7.255780e+01,2.205323e+01
1080,1.170115e+03,-7.219591e+01,2.179929e+01
1081,1.172476e+03,-7.181392e+01,2.154755e+01
1082,1.174794e+03,-7.141338e+01,2.129800e+01
1083,1.177070e+03,-7.099437e+01,2.105077e+01
1084,1.179305e+03,-7.055697e+01,2.080598e+01
1085,1.181491e+03,-7.010197e+01,2.056368e+01
1086,1.183630e+03,-6.962798e+01,2.032392e+01
1087,1.185720e+03,-6.913729e+01,2.008677e+01
1088,1.187756e+03,-6.862922e+01,1.985241e+01
1089,1.189738e+03,-6.810383e+01,1.962091e+01
1090,1.191666e+03,-6.756194e+01,1.939224e+01
1091,1.193541e+03,-6.700435e+01,1.916661e+01
1092,1.195356e+03,-6.643038e+01,1.894406e+01
1093,1.197110e+03,-6.584158e+01,1.872473e+01
1094,1.198806e+03,-6.523727e+01,1.850866e+01
1095,1.200442e+03,-6.461899e+01,1.829599e+01
1096,1.202013e+03,-6.398605e+01,1.808677e+01
1097,1.203525e+03,-6.333927e+01,1.788113e+01
1098,1.204972e+03,-6.267942e+01,1.767904e+01
1099,1.206347e+03,-6.200658e+01,1.748072e+01
1100,1.207665e+03,-6.132154e+01,1.728613e+01
1101,1.208904e+03,-6.062358e+01,1.709527e+01
1102,1.210080e+03,-5.991419e+01,1.690831e+01
1103,1.211178e+03,-5.919258e+01,1.672530e+01
1104,1.212214e+03,-5.846005e+01,1.654627e+01
1105,1.213174e+03,-5.771671e+01,1.637119e+01
1106,1.214058e+03,-5.696282e+01,1.620017e+01
1107,1.214875e+03,-5.619879e+01,1.603325e+01
1108,1.215610e+03,-5.542502e+01,1.587047e+01
1109,1.216278e+03,-5.464185e+01,1.571194e+01
1110,1.216865e+03,-5.384968e+01,1.555763e+01
1111,1.217380e+03,-5.304891e+01,1.540765e+01
1112,1.217815e+03,-5.223979e+01,1.526189e+01
1113,1.218179e+03,-5.142295e+01,1.512054e+01
1114,1.218464e+03,-5.059858e+01,1.498364e+01
1115,1.218671e+03,-4.976713e+01,1.485109e+01
1116,1.218802e+03,-4.892910e+01,1.472307e+01
1117,1.218855e+03,-4.808472e+01,1.459948e+01
1118,1.218833e+03,-4.723440e+01,1.448042e+01
1119,1.218727e+03,-4.637868e+01,1.436595e+01
1120,1.218539e+03,-4.551774e+01,1.425596e+01
1121,1.218276e+03,-4.465213e+01,1.415063e+01
1122,1.217932e+03,-4.378216e+01,1.404986e+01
1123,1.217508e+03,-4.290823e+01,1.395370e+01
1124,1.217010e+03,-4.203074e+01,1.386226e+01
1125,1.216425e+03,-4.115008e+01,1.377543e+01
1126,1.215754e+03,-4.026680e+01,1.369326e+01
1127,1.215011e+03,-3.938129e+01,1.361580e+01
1128,1.214189e+03,-3.849409e+01,1.354308e+01
1129,1.213283e+03,-3.760552e+01,1.347508e+01
1130,1.212307e+03,-3.671614e+01,1.341177e+01
1131,1.211246e+03,-3.582639e+01,1.335319e+01
1132,1.210109e+03,-3.493660e+01,1.329939e+01
1133,1.208896e+03,-3.404725e+01,1.325034e+01
1134,1.207601e+03,-3.315872e+01,1.320601e+01
1135,1.206230e+03,-3.227140e+01,1.316638e+01
1136,1.204785e+03,-3.138561e+01,1.313149e+01
1137,1.203259e+03,-3.050191e+01,1.310131e+01
1138,1.201659e+03,-2.962059e+01,1.307581e+01
1139,1.199985e+03,-2.874206e+01,1.305498e+01
1140,1.198225e+03,-2.786678e+01,1.303885e+01
1141,1.196399e+03,-2.699523e+01,1.302733e+01
1142,1.194494e+03,-2.612779e+01,1.302047e+01
1143,1.192517e+03,-2.526485e+01,1.301824e+01
1144,1.190462e+03,-2.440689e+01,1.302061e+01
1145,1.188337e+03,-2.355430e+01,1.302756e+01
1146,1.186140e+03,-2.270755e+01,1.303908e+01
1147,1.183875e+03,-2.186695e+01,1.305512e+01
1148,1.181532e+03,-2.103290e+01,1.307567e+01
1149,1.179120e+03,-2.020587e+01,1.310063e+01
1150,1.176639e+03,-1.938617e+01,1.312998e+01
1151,1.174089e+03,-1.857420e+01,1.316378e+01
1152,1.171472e+03,-1.777034e+01,1.320192e+01
1153,1.168793e+03,-1.697482e+01,1.324439e+01
1154,1.166040e+03,-1.618795e+01,1.329119e+01
1155,1.163225e+03,-1.541003e+01,1.334214e+01
1156,1.160343e+03,-1.464144e+01,1.339738e+01
1157,1.157401e+03,-1.388233e+01,1.345674e+01
1158,1.154399e+03,-1.313316e+01,1.352029e+01
1159,1.151336e+03,-1.239417e+01,1.358787e+01
1160,1.148214e+03,-1.166558e+01,1.365954e+01
1161,1.145032e+03,-1.094771e+01,1.373520e+01
1162,1.141797e+03,-1.024071e+01,1.381477e+01
1163,1.138503e+03,-9.544890e+00,1.389825e+01
1164,1.135157e+03,-8.860566e+00,1.398561e+01
1165,1.131758e+03,-8.187896e+00,1.407670e+01
1166,1.128301e+03,-7.527193e+00,1.417158e+01
1167,1.124791e+03,-6.878619e+00,1.427009e+01
1168,1.121229e+03,-6.242487e+00,1.437223e+01
1169,1.117623e+03,-5.618962e+00,1.447797e+01
1170,1.113966e+03,-5.008285e+00,1.458708e+01
1171,1.110264e+03,-4.410771e+00,1.469971e+01
1172,1.106517e+03,-3.826513e+00,1.481570e+01
1173,1.102727e+03,-3.255829e+00,1.493496e+01
1174,1.098892e+03,-2.698925e+00,1.505749e+01
1175,1.095013e+03,-2.155933e+00,1.518320e+01
1176,1.091098e+03,-1.627064e+00,1.531193e+01
1177,1.087146e+03,-1.112481e+00,1.544367e+01
1178,1.083149e+03,-6.123879e-01,1.557842e+01
1179,1.079124e+03,-1.269587e-01,1.571603e+01
1180,1.075062e+03,3.436162e-01,1.585640e+01
1181,1.070963e+03,7.991753e-01,1.599946e+01
1182,1.066836e+03,1.239578e+00,1.614521e+01
1183,1.062679e+03,1.664653e+00,1.629347e+01
1184,1.058493e+03,2.074252e+00,1.644426e+01
1185,1.054277e+03,2.468214e+00,1.659733e+01
1186,1.050033e+03,2.846380e+00,1.675277e+01
1187,1.045767e+03,3.208605e+00,1.691040e+01
1188,1.041479e+03,3.554793e+00,1.707016e+01
1189,1.037170e+03,3.884840e+00,1.723196e+01
1190,1.032832e+03,4.198664e+00,1.739573e+01
1191,1.028486e+03,4.496173e+00,1.756131e+01
1192,1.024119e+03,4.777268e+00,1.772869e+01
1193,1.019738e+03,5.041869e+00,1.789780e+01
1194,1.015349e+03,5.289874e+00,1.806841e+01
1195,1.010947e+03,5.521230e+00,1.824051e+01
1196,1.006530e+03,5.735893e+00,1.841403e+01
1197,1.002106e+03,5.933808e+00,1.858889e+01
1198,9.976825e+02,6.114941e+00,1.876486e+01
1199,9.932522e+02,6.279155e+00,1.894201e+01
1200,9.888148e+02,6.426546e+00,1.912012e+01
1201,9.843778e+02,6.556915e+00,1.929918e+01
1202,9.799407e+02,6.670442e+00,1.947906e+01
1203,9.755033e+02,6.767008e+00,1.965965e+01
1204,9.710724e+02,6.846716e+00,1.984102e+01
1205,9.666403e+02,6.909520e+00,2.002290e+01
1206,9.622138e+02,6.955521e+00,2.020539e+01
1207,9.577927e+02,6.984743e+00,2.038822e+01
1208,9.533838e+02,6.997136e+00,2.057154e+01
1209,9.489869e+02,6.992871e+00,2.075509e+01
1210,9.445939e+02,6.971895e+00,2.093888e+01
1211,9.402119e+02,6.934449e+00,2.112279e+01
1212,9.358480e+02,6.880552e+00,2.130677e+01
1213,9.314942e+02,6.810221e+00,2.149076e+01
1214,9.271575e+02,6.723545e+00,2.167470e+01
1215,9.228450e+02,6.620687e+00,2.185840e+01
1216,9.185414e+02,6.501660e+00,2.204188e+01
1217,9.142610e+02,6.366623e+00,2.222501e+01
1218,9.100035e+02,6.215660e+00,2.240773e+01
1219,9.057684e+02,6.048781e+00,2.258993e+01
1220,9.015480e+02,5.866290e+00,2.277154e+01
1221,8.973639e+02,5.668043e+00,2.295244e+01
1222,8.931936e+02,5.454342e+00,2.313266e+01
1223,8.890589e+02,5.225339e+00,2.331198e+01
1224,8.849445e+02,4.981111e+00,2.349044e+01
1225,8.808649e+02,4.722028e+00,2.366789e+01
1226,8.768121e+02,4.448165e+00,2.384430e+01
1227,8.727933e+02,4.159667e+00,2.401953e+01
1228,8.688079e+02,3.856903e+00,2.419361e+01
1229,8.648631e+02,3.539943e+00,2.436640e+01
1230,8.609509e+02,3.209002e+00,2.453786e+01
1231,8.570710e+02,2.864223e+00,2.470785e+01
1232,8.532304e+02,2.505968e+00,2.487640e+01
1233,8.494360e+02,2.134228e+00,2.504323e+01
1234,8.456728e+02,1.749362e+00,2.520844e+01
1235,8.419550e+02,1.351433e+00,2.537189e+01
1236,8.382749e+02,9.407242e-01,2.553354e+01
1237,8.346395e+02,5.174442e-01,2.569318e+01
1238,8.310484e+02,8.187418e-02,2.585091e+01
1239,8.275013e+02,-3.657800e-01,2.600652e+01
1240,8.239978e+02,-8.252394e-01,2.615996e+01
1241,8.205448e+02,-1.296226e+00,2.631125e+01
1242,8.171421e+02,-1.778463e+00,2.646026e+01
1243,8.137818e+02,-2.271750e+00,2.660686e+01
1244,8.104710e+02,-2.775885e+00,2.675108e+01
1245,8.072093e+02,-3.290462e+00,2.689270e+01
1246,8.040039e+02,-3.815259e+00,2.703183e+01
1247,8.008468e+02,-4.350000e+00,2.716825e+01
1248,7.977453e+02,-4.894411e+00,2.730199e+01
1249,7.946915e+02,-5.448226e+00,2.743285e+01
1250,7.916999e+02,-6.011144e+00,2.756083e+01
1251,7.887554e+02,-6.582851e+00,2.768597e+01
1252,7.858648e+02,-7.163054e+00,2.780807e+01
1253,7.830351e+02,-7.751472e+00,2.792717e+01
1254,7.802582e+02,-8.347838e+00,2.804330e+01
1255,7.775411e+02,-8.951860e+00,2.815634e+01
1256,7.748832e+02,-9.563274e+00,2.826627e+01
1257,7.722841e+02,-1.018181e+01,2.837303e+01
1258,7.697432e+02,-1.080718e+01,2.847674e+01
1259,7.672526e+02,-1.143913e+01,2.857713e+01
1260,7.648340e+02,-1.207738e+01,2.867438e+01
1261,7.624648e+02,-1.272166e+01,2.876831e+01
1262,7.601592e+02,-1.337170e+01,2.885888e+01
1263,7.579168e+02,-1.402723e+01,2.894611e+01
1264,7.557297e+02,-1.468798e+01,2.903003e+01
1265,7.536048e+02,-1.535364e+01,2.911047e+01
1266,7.515342e+02,-1.602391e+01,2.918744e+01
1267,7.495324e+02,-1.669848e+01,2.926099e+01
1268,7.475914e+02,-1.737704e+01,2.933106e+01
1269,7.457107e+02,-1.805928e+01,2.939762e+01
1270,7.438900e+02,-1.874492e+01,2.946070e+01
1271,7.421288e+02,-1.943359e+01,2.952017e+01
1272,7.404341e+02,-2.012510e+01,2.957607e+01
1273,7.387981e+02,-2.081898e+01,2.962835e+01
1274,7.372195e+02,-2.151504e+01,2.967705e+01
1275,7.357053e+02,-2.221289e+01,2.972219e+01
1276,7.342530e+02,-2.291228e+01,2.976366e+01
1277,7.328621e+02,-2.361288e+01,2.980155e+01
1278,7.315322e+02,-2.431429e+01,2.983574e+01
1279,7.302630e+02,-2.501634e+01,2.986620e+01
1280,7.290547e+02,-2.571862e+01,2.989309e+01
1281,7.279069e+02,-2.642089e+01,2.991615e+01
1282,7.268194e+02,-2.712275e+01,2.993555e+01
1283,7.257917e+02,-2.782394e+01,2.995124e+01
1284,7.248234e+02,-2.852407e+01,2.996311e+01
1285,7.239149e+02,-2.922290e+01,2.997126e+01
1286,7.230651e+02,-2.992008e+01,2.997562e+01
1287,7.222744e+02,-3.061531e+01,2.997631e+01
1288,7.215417e+02,-3.130818e+01,2.997321e+01
1289,7.208667e+02,-3.199838e+01,2.996640e+01
1290,7.202504e+02,-3.268564e+01,2.995592e+01
1291,7.196910e+02,-3.336957e+01,2.994172e+01
1292,7.191883e+02,-3.404993e+01,2.992389e+01
1293,7.187419e+02,-3.472623e+01,2.990245e+01
1294,7.183522e+02,-3.539839e+01,2.987729e+01
1295,7.180166e+02,-3.606592e+01,2.984849e+01
1296,7.177364e+02,-3.672857e+01,2.981609e+01
1297,7.175097e+02,-3.738602e+01,2.978003e+01
1298,7.173370e+02,-3.803795e+01,2.974040e+01
1299,7.172164e+02,-3.868410e+01,2.969708e+01
1300,7.171478e+02,-3.932407e+01,2.965024e+01
1301,7.171307e+02,-3.995770e+01,2.959975e+01
1302,7.171644e+02,-4.058459e+01,2.954585e+01
1303,7.172479e+02,-4.120471e+01,2.948841e+01
1304,7.173805e+02,-4.181767e+01,2.942744e+01
1305,7.175633e+02,-4.242337e+01,2.936310e+01
1306,7.177935e+02,-4.302150e+01,2.929534e+01
1307,7.180715e+02,-4.361189e+01,2.922417e+01
1308,7.183966e+02,-4.419435e+01,2.914968e+01
1309,7.187679e+02,-4.476866e+01,2.907180e+01
1310,7.191839e+02,-4.533448e+01,2.899063e+01
1311,7.196451e+02,-4.589179e+01,2.890618e+01
1312,7.201501e+02,-4.644027e+01,2.881846e+01
1313,7.206980e+02,-4.697967e+01,2.872748e+01
1314,7.212879e+02,-4.750996e+01,2.863333e+01
1315,7.219192e+02,-4.803075e+01,2.853610e+01
1316,7.225908e+02,-4.854200e+01,2.843572e+01
1317,7.233022e+02,-4.904354e+01,2.833242e+01
1318,7.240524e+02,-4.953512e+01,2.822608e+01
1319,7.248406e+02,-5.001655e+01,2.811691e+01
1320,7.256654e+02,-5.048773e+01,2.800486e+01
1321,7.265267e+02,-5.094841e+01,2.789002e+01
1322,7.274237e+02,-5.139848e+01,2.777246e+01
1323,7.283541e+02,-5.183775e+01,2.765220e+01
1324,7.293179e+02,-5.226605e+01,2.752931e+01
1325,7.303137e+02,-5.268318e+01,2.740374e+01
1326,7.313406e+02,-5.308904e+01,2.727564e+01
1327,7.323978e+02,-5.348352e+01,2.714501e+01
1328,7.334839e+02,-5.386635e+01,2.701188e+01
1329,7.345974e+02,-5.423742e+01,2.687638e+01
1330,7.357383e+02,-5.459668e+01,2.673854e+01
1331,7.369050e+02,-5.494396e+01,2.659843e+01
1332,7.380954e+02,-5.527913e+01,2.645605e+01
1333,7.393101e+02,-5.560208e+01,2.631150e+01
1334,7.405471e+02,-5.591260e+01,2.616492e+01
1335,7.418047e+02,-5.621058e+01,2.601625e+01
1336,7.430830e+02,-5.649606e+01,2.586564e+01
1337,7.443798e+02,-5.676882e+01,2.571309e+01
1338,7.456951e+02,-5.702882e+01,2.555877e+01
1339,7.470266e+02,-5.727587e+01,2.540260e+01
1340,7.483730e+02,-5.750998e+01,2.524481e+01
1341,7.497342e+02,-5.773103e+01,2.508526e+01
1342,7.511080e+02,-5.793882e+01,2.492425e+01
1343,7.524937e+02,-5.813343e+01,2.476163e+01
1344,7.538892e+02,-5.831467e+01,2.459763e+01
1345,7.552943e+02,-5.848248e+01,2.443219e+01
1346,7.567070e+02,-5.863680e+01,2.426545e+01
1347,7.581265e+02,-5.877756e+01,2.409742e+01
1348,7.595507e+02,-5.890464e+01,2.392818e+01
1349,7.609794e+02,-5.901796e+01,2.375788e+01
1350,7.624106e+02,-5.911770e+01,2.358659e+01
1351,7.638436e+02,-5.920378e+01,2.341433e+01
1352,7.652773e+02,-5.927616e+01,2.324121e+01
1353,7.667126e+02,-5.933493e+01,2.306722e+01
1354,7.681411e+02,-5.938011e+01,2.289265e+01
1355,7.695736e+02,-5.941165e+01,2.271733e+01
1356,7.710029e+02,-5.942964e+01,2.254145e+01
1357,7.724294e+02,-5.943409e+01,2.236509e+01
1358,7.738536e+02,-5.942496e+01,2.218813e+01
1359,7.752683e+02,-5.940240e+01,2.201080e+01
1360,7.766738e+02,-5.936627e+01,2.183314e+01
1361,7.780707e+02,-5.931667e+01,2.165513e+01
1362,7.794666e+02,-5.925367e+01,2.147684e+01
1363,7.808470e+02,-5.917722e+01,2.129839e+01
1364,7.822198e+02,-5.908747e+01,2.111976e+01
1365,7.835852e+02,-5.898450e+01,2.094108e+01
1366,7.849289e+02,-5.886832e+01,2.076241e+01
1367,7.862660e+02,-5.873901e+01,2.058380e+01
1368,7.875894e+02,-5.859663e+01,2.040523e+01
1369,7.888920e+02,-5.844128e+01,2.022692e+01
1370,7.901892e+02,-5.827309e+01,2.004890e+01
1371,7.914589e+02,-5.809215e+01,1.987110e+01
1372,7.927163e+02,-5.789852e+01,1.969378e+01
1373,7.939543e+02,-5.769235e+01,1.951686e+01
1374,7.951734e+02,-5.747378e+01,1.934046e+01
1375,7.963664e+02,-5.724288e+01,1.916464e+01
1376,7.975411e+02,-5.699972e+01,1.898953e+01
1377,7.986979e+02,-5.674451e+01,1.881504e+01
1378,7.998296e+02,-5.647732e+01,1.864137e+01
1379,8.009366e+02,-5.619828e+01,1.846849e+01
1380,8.020117e+02,-5.590738e+01,1.829655e+01
1381,8.030703e+02,-5.560491e+01,1.812545e+01
1382,8.040977e+02,-5.529086e+01,1.795539e+01
1383,8.050943e+02,-5.496534e+01,1.778635e+01
1384,8.060604e+02,-5.462858e+01,1.761839e+01
1385,8.070038e+02,-5.428077e+01,1.745164e+01
1386,8.079173e+02,-5.392219e+01,1.728616e+01
1387,8.087939e+02,-5.355290e+01,1.712199e+01
1388,8.096413e+02,-5.317325e+01,1.695921e+01
1389,8.104524e+02,-5.278336e+01,1.679785e+01
1390,8.112349e+02,-5.238343e+01,1.663807e+01
1391,8.119817e+02,-5.197373e+01,1.647983e+01
1392,8.126932e+02,-5.155431e+01,1.632326e+01
1393,8.133769e+02,-5.112545e+01,1.616836e+01
1394,8.140185e+02,-5.068726e+01,1.601518e+01
1395,8.146182e+02,-5.024001e+01,1.586384e+01
1396,8.151837e+02,-4.978374e+01,1.571426e+01
1397,8.157153e+02,-4.931880e+01,1.556664e+01
1398,8.161984e+02,-4.884522e+01,1.542097e+01
1399,8.166483e+02,-4.836343e+01,1.527730e+01
1400,8.170502e+02,-4.787360e+01,1.513570e+01
1401,8.174194e+02,-4.737600e+01,1.499621e+01
1402,8.177415e+02,-4.687068e+01,1.485888e+01
1403,8.180243e+02,-4.635799e+01,1.472368e+01
1404,8.182683e+02,-4.583806e+01,1.459073e+01
1405,8.184665e+02,-4.531102e+01,1.446007e+01
1406,8.186195e+02,-4.477706e+01,1.433174e+01
1407,8.187275e+02,-4.423645e+01,1.420564e+01
1408,8.187986e+02,-4.368925e+01,1.408195e+01
1409,8.188183e+02,-4.313572e+01,1.396057e+01
1410,8.188019e+02,-4.257606e+01,1.384163e+01
1411,8.187349e+02,-4.201039e+01,1.372508e+01
1412,8.186252e+02,-4.143905e+01,1.361106e+01
1413,8.184658e+02,-4.086209e+01,1.349952e+01
1414,8.182646e+02,-4.028000e+01,1.339051e+01
1415,8.180146e+02,-3.969282e+01,1.328401e+01
1416,8.177234e+02,-3.910088e+01,1.318013e+01
1417,8.173843e+02,-3.850439e+01,1.307885e+01
1418,8.170049e+02,-3.790368e+01,1.298020e+01
1419,8.165782e+02,-3.729879e+01,1.288424e+01
1420,8.161047e+02,-3.669014e+01,1.279094e+01
1421,8.155847e+02,-3.607790e+01,1.270034e+01
1422,8.150185e+02,-3.546221e+01,1.261249e+01
1423,8.144140e+02,-3.484339e+01,1.252729e+01
1424,8.137568e+02,-3.422156e+01,1.244493e+01
1425,8.130545e+02,-3.359705e+01,1.236532e+01
1426,8.123075e+02,-3.297012e+01,1.228849e+01
1427,8.115088e+02,-3.234089e+01,1.221444e+01
1428,8.106661e+02,-3.170962e+01,1.214320e+01
1429,8.097798e+02,-3.107672e+01,1.207474e+01
1430,8.088502e+02,-3.044222e+01,1.200912e+01
1431,8.078703e+02,-2.980653e+01,1.194639e+01
1432,8.068477e+02,-2.916977e+01,1.188653e+01
1433,8.057753e+02,-2.853226e+01,1.182949e+01
1434,8.046609e+02,-2.789420e+01,1.177528e+01
1435,8.034975e+02,-2.725591e+01,1.172400e+01
1436,8.022926e+02,-2.661758e+01,1.167556e+01
1437,8.010392e+02,-2.597955e+01,1.162994e+01
1438,7.997376e+02,-2.534193e+01,1.158726e+01
1439,7.983954e+02,-2.470511e+01,1.154751e+01
1440,7.970131e+02,-2.406922e+01,1.151058e+01
1441,7.955834e+02,-2.343459e+01,1.147652e+01
1442,7.941065e+02,-2.280139e+01,1.144533e+01
1443,7.925829e+02,-2.216990e+01,1.141696e+01
1444,7.910201e+02,-2.154044e+01,1.139149e+01
1445,7.894109e+02,-2.091313e+01,1.136888e+01
1446,7.877558e+02,-2.028822e+01,1.134912e+01
1447,7.860622e+02,-1.966613e+01,1.133218e+01
1448,7.843231e+02,-1.904688e+01,1.131806e+01
1449,7.825387e+02,-1.843097e+01,1.130679e+01
1450,7.807167e+02,-1.781851e+01,1.129830e+01
1451,7.788572e+02,-1.720981e+01,1.129263e+01
1452,7.769529e+02,-1.660508e+01,1.128970e+01
1453,7.750041e+02,-1.600451e+01,1.128956e+01
1454,7.730183e+02,-1.540828e+01,1.129220e+01
1455,7.709955e+02,-1.481652e+01,1.129753e+01
1456,7.689359e+02,-1.422933e+01,1.130561e+01
1457,7.668396e+02,-1.364698e+01,1.131642e+01
1458,7.646993e+02,-1.306959e+01,1.132981e+01
1459,7.625225e+02,-1.249727e+01,1.134591e+01
1460,7.603093e+02,-1.193029e+01,1.136470e+01
1461,7.580598e+02,-1.136870e+01,1.138603e+01
1462,7.557740e+02,-1.081275e+01,1.140995e+01
1463,7.534522e+02,-1.026257e+01,1.143646e+01
1464,7.510942e+02,-9.718277e+00,1.146546e+01
1465,7.487004e+02,-9.179992e+00,1.149702e+01
1466,7.462780e+02,-8.648059e+00,1.153105e+01
1467,7.438198e+02,-8.122448e+00,1.156747e+01
1468,7.413334e+02,-7.603432e+00,1.160642e+01
1469,7.388112e+02,-7.091132e+00,1.164767e+01
1470,7.362534e+02,-6.585597e+00,1.169134e+01
1471,7.336749e+02,-6.087100e+00,1.173728e+01
1472,7.310609e+02,-5.595693e+00,1.178557e+01
1473,7.284114e+02,-5.111573e+00,1.183603e+01
1474,7.257414e+02,-4.634868e+00,1.188881e+01
1475,7.230360e+02,-4.165779e+00,1.194368e+01
1476,7.203101e+02,-3.704286e+00,1.200077e+01
1477,7.175564e+02,-3.250666e+00,1.205993e+01
1478,7.147749e+02,-2.804974e+00,1.212109e+01
1479,7.119731e+02,-2.367325e+00,1.218437e+01
1480,7.091435e+02,-1.937890e+00,1.224955e+01
1481,7.062936e+02,-1.516777e+00,1.231676e+01
1482,7.034160e+02,-1.104105e+00,1.238579e+01
1483,7.005182e+02,-6.999631e-01,1.245669e+01
1484,6.976075e+02,-3.044726e-01,1.252939e+01
1485,6.946693e+02,8.226051e-02,1.260388e+01
1486,6.917183e+02,4.601436e-01,1.268000e+01
1487,6.887397e+02,8.290461e-01,1.275783e+01
1488,6.857484e+02,1.188881e+00,1.283728e+01
1489,6.827443e+02,1.539545e+00,1.291827e+01
1490,6.797164e+02,1.880954e+00,1.300080e+01
1491,6.766757e+02,2.213021e+00,1.308471e+01
1492,6.736209e+02,2.535659e+00,1.317008e+01
1493,6.705526e+02,2.848766e+00,1.325682e+01
1494,6.674708e+02,3.152261e+00,1.334479e+01
1495,6.643771e+02,3.446057e+00,1.343404e+01
1496,6.612721e+02,3.730079e+00,1.352451e+01
1497,6.581574e+02,4.004291e+00,1.361604e+01
1498,6.550329e+02,4.268624e+00,1.370869e+01
1499,6.519000e+02,4.523024e+00,1.380233e+01
1500,6.487596e+02,4.767429e+00,1.389694e+01
1501,6.456124e+02,5.001776e+00,1.399245e+01
1502,6.424602e+02,5.226040e+00,1.408880e+01
1503,6.393022e+02,5.440183e+00,1.418600e+01
1504,6.361394e+02,5.644207e+00,1.428391e+01
1505,6.329732e+02,5.838087e+00,1.438264e+01
1506,6.298031e+02,6.021802e+00,1.448196e+01
1507,6.266298e+02,6.195332e+00,1.458196e+01
1508,6.234544e+02,6.358638e+00,1.468260e+01
1509,6.202773e+02,6.511808e+00,1.478373e+01
1510,6.170990e+02,6.654699e+00,1.488537e+01
1511,6.139201e+02,6.787463e+00,1.498745e+01
1512,6.107431e+02,6.910102e+00,1.509001e+01
1513,6.075670e+02,7.022692e+00,1.519289e+01
1514,6.043939e+02,7.125159e+00,1.529605e+01
1515,6.012248e+02,7.217650e+00,1.539958e+01
1516,5.980596e+02,7.300089e+00,1.550333e+01
1517,5.948994e+02,7.372547e+00,1.560725e+01
1518,5.917454e+02,7.435093e+00,1.571129e+01
1519,5.885974e+02,7.487796e+00,1.581546e+01
1520,5.854565e+02,7.530575e+00,1.591962e+01
1521,5.823233e+02,7.563571e+00,1.602379e+01
1522,5.791982e+02,7.586848e+00,1.612799e+01
1523,5.760817e+02,7.600322e+00,1.623200e+01
1524,5.729749e+02,7.604131e+00,1.633586e+01
1525,5.698784e+02,7.598335e+00,1.643949e+01
1526,5.667934e+02,7.582996e+00,1.654291e+01
1527,5.637195e+02,7.558246e+00,1.664606e+01
1528,5.606581e+02,7.524071e+00,1.674882e+01
1529,5.576104e+02,7.480676e+00,1.685119e+01
1530,5.545760e+02,7.427969e+00,1.695312e+01
1531,5.515562e+02,7.366078e+00,1.705455e+01
1532,5.485508e+02,7.295132e+00,1.715549e+01
1533,5.455617e+02,7.215184e+00,1.725574e+01
1534,5.425887e+02,7.126360e+00,1.735539e+01
1535,5.396323e+02,7.028710e+00,1.745437e+01
1536,5.366936e+02,6.922285e+00,1.755256e+01
1537,5.337718e+02,6.807207e+00,1.764989e+01
1538,5.308695e+02,6.683598e+00,1.774646e+01
1539,5.279865e+02,6.551579e+00,1.784205e+01
1540,5.251233e+02,6.411343e+00,1.793676e+01
1541,5.222804e+02,6.262862e+00,1.803045e+01
1542,5.194598e+02,6.106402e+00,1.812313e+01
1543,5.166606e+02,5.942005e+00,1.821468e+01
1544,5.138847e+02,5.769862e+00,1.830517e+01
1545,5.111311e+02,5.590087e+00,1.839441e+01
1546,5.084019e+02,5.402794e+00,1.848241e+01
1547,5.056976e+02,5.208097e+00,1.856917e+01
1548,5.030173e+02,5.006183e+00,1.865465e+01
1549,5.003629e+02,4.797162e+00,1.873870e+01
1550,4.977342e+02,4.581145e+00,1.882133e+01
1551,4.951318e+02,4.358308e+00,1.890250e+01
1552,4.925560e+02,4.128724e+00,1.898215e+01
1553,4.900080e+02,3.892606e+00,1.906031e+01
1554,4.874866e+02,3.649941e+00,1.913693e+01
1555,4.849930e+02,3.400941e+00,1.921189e+01
1556,4.825275e+02,3.145667e+00,1.928530e+01
1557,4.800906e+02,2.884329e+00,1.935711e+01
1558,4.776825e+02,2.616987e+00,1.942719e+01
1559,4.753038e+02,2.343848e+00,1.949565e+01
1560,4.729540e+02,2.064897e+00,1.956237e+01
1561,4.706336e+02,1.780490e+00,1.962737e+01
1562,4.683437e+02,1.490608e+00,1.969061e+01
1563,4.660832e+02,1.195458e+00,1.975211e+01
1564,4.638540e+02,8.951686e-01,1.981182e+01
1565,4.616551e+02,5.899450e-01,1.986970e+01
1566,4.594875e+02,2.798417e-01,1.992570e+01
1567,4.573502e+02,-3.493858e-02,1.997991e+01
1568,4.552445e+02,-3.543421e-01,2.003221e+01
1569,4.531706e+02,-6.780927e-01,2.008256e+01
1570,4.511276e+02,-1.006064e+00,2.013105e+01
1571,4.491174e+02,-1.338173e+00,2.017749e+01
1572,4.471381e+02,-1.674242e+00,2.022204e+01
1573,4.451910e+02,-2.014094e+00,2.026458e+01
1574,4.432765e+02,-2.357537e+00,2.030507e+01
1575,4.413943e+02,-2.704401e+00,2.034359e+01
1576,4.395442e+02,-3.054488e+00,2.038011e+01
1577,4.377272e+02,-3.407636e+00,2.041456e+01
1578,4.359432e+02,-3.763640e+00,2.044704e+01
1579,4.341926e+02,-4.122340e+00,2.047744e+01
1580,4.324743e+02,-4.483559e+00,2.050576e+01
1581,4.307897e+02,-4.847132e+00,2.053203e+01
1582,4.291383e+02,-5.212890e+00,2.055628e+01
1583,4.275201e+02,-5.580673e+00,2.057838e+01
1584,4.259346e+02,-5.950309e+00,2.059841e+01
1585,4.243817e+02,-6.321629e+00,2.061626e+01
1586,4.228625e+02,-6.694483e+00,2.063202e+01
1587,4.213762e+02,-7.068674e+00,2.064563e+01
1588,4.199224e+02,-7.444025e+00,2.065704e+01
1589,4.185016e+02,-7.820360e+00,2.066634e+01
1590,4.171137e+02,-8.197496e+00,2.067348e+01
1591,4.157583e+02,-8.575255e+00,2.067848e+01
1592,4.144361e+02,-8.953446e+00,2.068129e+01
1593,4.131459e+02,-9.331902e+00,2.068191e+01
1594,4.118885e+02,-9.710429e+00,2.068037e+01
1595,4.106635e+02,-1.008884e+01,2.067661e+01
1596,4.094700e+02,-1.046696e+01,2.067073e+01
1597,4.083093e+02,-1.084459e+01,2.066266e+01
1598,4.071804e+02,-1.122156e+01,2.065243e+01
1599,4.060824e+02,-1.159767e+01,2.064005e+01
1600,4.050174e+02,-1.197273e+01,2.062546e+01
1601,4.039829e+02,-1.234659e+01,2.060875e+01
1602,4.029795e+02,-1.271912e+01,2.058987e+01
1603,4.020071e+02,-1.309020e+01,2.056875e+01
1604,4.010656e+02,-1.345972e+01,2.054556e+01
1605,4.001549e+02,-1.382758e+01,2.052016e+01
1606,3.992740e+02,-1.419363e+01,2.049265e+01
1607,3.984237e+02,-1.455771e+01,2.046296e+01
1608,3.976031e+02,-1.491983e+01,2.043110e+01
1609,3.968120e+02,-1.527969e+01,2.039709e+01
1610,3.960505e+02,-1.563732e+01,2.036102e+01
1611,3.953183e+02,-1.599242e+01,2.032297e+01
1612,3.946154e+02,-1.634501e+01,2.028280e+01
1613,3.939410e+02,-1.669486e+01,2.024061e+01
1614,3.932949e+02,-1.704183e+01,2.019648e+01
1615,3.926772e+02,-1.738586e+01,2.015042e+01
1616,3.920876e+02,-1.772689e+01,2.010237e+01
1617,3.915255e+02,-1.806469e+01,2.005233e+01
1618,3.909906e+02,-1.839920e+01,2.000040e+01
1619,3.904823e+02,-1.873034e+01,1.994651e+01
1620,3.900004e+02,-1.905791e+01,1.989082e+01
1621,3.895449e+02,-1.938197e+01,1.983311e+01
1622,3.891150e+02,-1.970224e+01,1.977362e+01
1623,3.887107e+02,-2.001871e+01,1.971229e+01
1624,3.883310e+02,-2.033117e+01,1.964912e+01
1625,3.879760e+02,-2.063962e+01,1.958419e+01
1626,3.876457e+02,-2.094391e+01,1.951760e+01
1627,3.873384e+02,-2.124389e+01,1.944919e+01
1628,3.870549e+02,-2.153942e+01,1.937913e+01
1629,3.867945e+02,-2.183057e+01,1.930742e+01
1630,3.865562e+02,-2.211703e+01,1.923400e+01
1631,3.863402e+02,-2.239888e+01,1.915903e+01
1632,3.861456e+02,-2.267590e+01,1.908243e+01
1633,3.859716e+02,-2.294808e+01,1.900428e+01
1634,3.858189e+02,-2.321526e+01,1.892460e+01
1635,3.856861e+02,-2.347745e+01,1.884332e+01
1636,3.855724e+02,-2.373441e+01,1.876059e+01
1637,3.854785e+02,-2.398621e+01,1.867649e+01
1638,3.854028e+02,-2.423261e+01,1.859089e+01
1639,3.853454e+02,-2.447362e+01,1.850392e+01
1640,3.853055e+02,-2.470922e+01,1.841568e+01
1641,3.852823e+02,-2.493917e+01,1.832617e+01
1642,3.852758e+02,-2.516347e+01,1.823540e+01
1643,3.852853e+02,-2.538211e+01,1.814344e+01
1644,3.853108e+02,-2.559491e+01,1.805037e+01
1645,3.853507e+02,-2.580180e+01,1.795613e+01
1646,3.854050e+02,-2.600283e+01,1.786071e+01
1647,3.854731e+02,-2.619784e+01,1.776435e+01
1648,3.855540e+02,-2.638674e+01,1.766690e+01
1649,3.856479e+02,-2.656951e+01,1.756844e+01
1650,3.857532e+02,-2.674605e+01,1.746897e+01
1651,3.858700e+02,-2.691636e+01,1.736865e+01
1652,3.859984e+02,-2.708042e+01,1.726746e+01
1653,3.861364e+02,-2.723817e+01,1.716540e+01
1654,3.862856e+02,-2.738952e+01,1.706246e+01
1655,3.864441e+02,-2.753456e+01,1.695876e+01
1656,3.866112e+02,-2.767328e+01,1.685431e+01
1657,3.867880e+02,-2.780552e+01,1.674917e+01
1658,3.869730e+02,-2.793136e+01,1.664324e+01
1659,3.871665e+02,-2.805078e+01,1.653668e+01
1660,3.873673e+02,-2.816379e+01,1.642953e+01
1661,3.875754e+02,-2.827038e+01,1.632172e+01
1662,3.877897e+02,-2.837045e+01,1.621339e+01
1663,3.880110e+02,-2.846416e+01,1.610452e+01
1664,3.882380e+02,-2.855141e+01,1.599517e+01
1665,3.884703e+02,-2.863213e+01,1.588534e+01
1666,3.887072e+02,-2.870643e+01,1.577501e+01
1667,3.889490e+02,-2.877432e+01,1.566439e+01
1668,3.891951e+02,-2.883570e+01,1.555332e+01
1669,3.894442e+02,-2.889063e+01,1.544188e+01
1670,3.896966e+02,-2.893909e+01,1.533018e+01
1671,3.899516e+02,-2.898115e+01,1.521815e+01
1672,3.902087e+02,-2.901677e+01,1.510592e+01
1673,3.904673e+02,-2.904610e+01,1.499349e+01
1674,3.907278e+02,-2.906903e+01,1.488091e+01
1675,3.909887e+02,-2.908569e+01,1.476824e+01
1676,3.912502e+02,-2.909614e+01,1.465555e+01
1677,3.915119e+02,-2.910034e+01,1.454291e+01
1678,3.917739e+02,-2.909836e+01,1.443022e+01
1679,3.920341e+02,-2.909023e+01,1.431762e+01
1680,3.922927e+02,-2.907593e+01,1.420517e+01
1681,3.925508e+02,-2.905559e+01,1.409279e+01
1682,3.928054e+02,-2.902924e+01,1.398062e+01
1683,3.930576e+02,-2.899679e+01,1.386864e+01
1684,3.933067e+02,-2.895842e+01,1.375684e+01
1685,3.935522e+02,-2.891411e+01,1.364536e+01
1686,3.937936e+02,-2.886389e+01,1.353418e+01
1687,3.940303e+02,-2.880797e+01,1.342330e+01
1688,3.942624e+02,-2.874629e+01,1.331285e+01
1689,3.944894e+02,-2.867891e+01,1.320274e+01
1690,3.947100e+02,-2.860593e+01,1.309320e+01
1691,3.949243e+02,-2.852739e+01,1.298412e+01
1692,3.951326e+02,-2.844333e+01,1.287558e+01
1693,3.953327e+02,-2.835394e+01,1.276756e+01
1694,3.955264e+02,-2.825910e+01,1.266020e+01
1695,3.957108e+02,-2.815899e+01,1.255349e+01
1696,3.958875e+02,-2.805364e+01,1.244735e+01
1697,3.960553e+02,-2.794317e+01,1.234198e+01
1698,3.962128e+02,-2.782753e+01,1.223731e+01
1699,3.963609e+02,-2.770698e+01,1.213339e+01
1700,3.964990e+02,-2.758147e+01,1.203036e+01
1701,3.966266e+02,-2.745117e+01,1.192807e+01
1702,3.967432e+02,-2.731608e+01,1.182671e+01
1703,3.968490e+02,-2.717644e+01,1.172633e+01
1704,3.969437e+02,-2.703223e+01,1.162677e+01
1705,3.970274e+02,-2.688353e+01,1.152829e+01
1706,3.970990e+02,-2.673047e+01,1.143073e+01
1707,3.971588e+02,-2.657299e+01,1.133414e+01
1708,3.972063e+02,-2.641129e+01,1.123864e+01
1709,3.972424e+02,-2.624538e+01,1.114413e+01
1710,3.972653e+02,-2.607531e+01,1.105074e+01
1711,3.972760e+02,-2.590124e+01,1.095838e+01
1712,3.972732e+02,-2.572322e+01,1.086710e+01
1713,3.972571e+02,-2.554132e+01,1.077695e+01
1714,3.972281e+02,-2.535553e+01,1.068790e+01
1715,3.971857e+02,-2.516614e+01,1.060001e+01
1716,3.971300e+02,-2.497314e+01,1.051334e+01
1717,3.970599e+02,-2.477660e+01,1.042786e+01
1718,3.969756e+02,-2.457671e+01,1.034355e+01
1719,3.968781e+02,-2.437341e+01,1.026047e+01
1720,3.967653e+02,-2.416697e+01,1.017859e+01
1721,3.966391e+02,-2.395737e+01,1.009804e+01
1722,3.964981e+02,-2.374476e+01,1.001873e+01
1723,3.963419e+02,-2.352935e+01,9.940788e+00
1724,3.961721e+02,-2.331104e+01,9.864118e+00
1725,3.959867e+02,-2.309012e+01,9.788775e+00
1726,3.957860e+02,-2.286658e+01,9.714741e+00
1727,3.955709e+02,-2.264054e+01,9.642144e+00
1728,3.953401e+02,-2.241214e+01,9.570818e+00
1729,3.950939e+02,-2.218151e+01,9.500966e+00
1730,3.948325e+02,-2.194864e+01,9.432496e+00
1731,3.945552e+02,-2.171374e+01,9.365389e+00
1732,3.942624e+02,-2.147685e+01,9.299703e+00
1733,3.939534e+02,-2.123812e+01,9.235493e+00
1734,3.936285e+02,-2.099760e+01,9.172668e+00
1735,3.932870e+02,-2.075549e+01,9.111285e+00
1736,3.929308e+02,-2.051193e+01,9.051401e+00
1737,3.925584e+02,-2.026697e+01,8.992999e+00
1738,3.921701e+02,-2.002090e+01,8.936063e+00
1739,3.917660e+02,-1.977369e+01,8.880651e+00
1740,3.913463e+02,-1.952554e+01,8.826747e+00
1741,3.909111e+02,-1.927653e+01,8.774335e+00
1742,3.904600e+02,-1.902691e+01,8.723474e+00
1743,3.899930e+02,-1.877661e+01,8.674074e+00
1744,3.895096e+02,-1.852582e+01,8.626269e+00
1745,3.890114e+02,-1.827468e+01,8.579970e+00
1746,3.884964e+02,-1.802331e+01,8.535236e+00
1747,3.879654e+02,-1.777171e+01,8.491979e+00
1748,3.874194e+02,-1.752021e+01,8.450333e+00
1749,3.868562e+02,-1.726873e+01,8.410210e+00
1750,3.862783e+02,-1.701755e+01,8.371597e+00
1751,3.856843e+02,-1.676671e+01,8.334554e+00
1752,3.850749e+02,-1.651638e+01,8.299068e+00
1753,3.844505e+02,-1.626657e+01,8.265124e+00
1754,3.838102e+02,-1.601737e+01,8.232708e+00
1755,3.831543e+02,-1.576892e+01,8.201882e+00
1756,3.824836e+02,-1.552117e+01,8.172556e+00
1757,3.817974e+02,-1.527435e+01,8.144793e+00
1758,3.810958e+02,-1.502846e+01,8.118506e+00
1759,3.803789e+02,-1.478359e+01,8.093800e+00
1760,3.796476e+02,-1.453976e+01,8.070597e+00
1761,3.789011e+02,-1.429711e+01,8.048898e+00
1762,3.781397e+02,-1.405567e+01,8.028708e+00
1763,3.773640e+02,-1.381566e+01,8.010015e+00
1764,3.765735e+02,-1.357702e+01,7.992806e+00
1765,3.757697e+02,-1.333984e+01,7.977087e+00
1766,3.749520e+02,-1.310435e+01,7.962845e+00
1767,3.741203e+02,-1.287050e+01,7.950064e+00
1768,3.732756e+02,-1.263844e+01,7.938747e+00
1769,3.724178e+02,-1.240818e+01,7.928877e+00
1770,3.715471e+02,-1.217989e+01,7.920444e+00
1771,3.706635e+02,-1.195365e+01,7.913438e+00
1772,3.697671e+02,-1.172942e+01,7.907835e+00
1773,3.688586e+02,-1.150734e+01,7.903627e+00
1774,3.679374e+02,-1.128751e+01,7.900803e+00
1775,3.670050e+02,-1.106995e+01,7.899347e+00
1776,3.660600e+02,-1.085483e+01,7.899252e+00
1777,3.651039e+02,-1.064207e+01,7.900494e+00
1778,3.641367e+02,-1.043186e+01,7.903057e+00
1779,3.631577e+02,-1.022420e+01,7.906927e+00
1780,3.621686e+02,-1.001927e+01,7.912088e+00
1781,3.611684e+02,-9.817010e+00,7.918517e+00
1782,3.601582e+02,-9.617664e+00,7.926209e+00
1783,3.591377e+02,-9.421104e+00,7.935140e+00
1784,3.581080e+02,-9.227499e+00,7.945282e+00
1785,3.570681e+02,-9.036945e+00,7.956628e+00
1786,3.560197e+02,-8.849390e+00,7.969150e+00
1787,3.549627e+02,-8.665081e+00,7.982825e+00
1788,3.538965e+02,-8.483891e+00,7.997642e+00
1789,3.528225e+02,-8.306070e+00,8.013572e+00
1790,3.517407e+02,-8.131492e+00,8.030594e+00
1791,3.506505e+02,-7.960332e+00,8.048695e+00
1792,3.495534e+02,-7.792617e+00,8.067833e+00
1793,3.484492e+02,-7.628447e+00,8.087995e+00
1794,3.473374e+02,-7.467851e+00,8.109147e+00
1795,3.462194e+02,-7.310858e+00,8.131284e+00
1796,3.450944e+02,-7.157495e+00,8.154365e+00
1797,3.439641e+02,-7.007942e+00,8.178368e+00
1798,3.428275e+02,-6.862230e+00,8.203262e+00
1799,3.416863e+02,-6.720241e+00,8.229033e+00
1800,3.405397e+02,-6.582230e+00,8.255641e+00
1801,3.393891e+02,-6.448144e+00,8.283069e+00
1802,3.382344e+02,-6.318031e+00,8.311300e+00
1803,3.370756e+02,-6.191933e+00,8.340309e+00
1804,3.359131e+02,-6.069864e+00,8.370081e+00
1805,3.347477e+02,-5.951833e+00,8.400594e+00
1806,3.335791e+02,-5.837862e+00,8.431832e+00
1807,3.324073e+02,-5.727961e+00,8.463773e+00
1808,3.312328e+02,-5.622147e+00,8.496393e+00
1809,3.300556e+02,-5.520446e+00,8.529678e+00
1810,3.288761e+02,-5.422870e+00,8.563606e+00
1811,3.276943e+02,-5.329422e+00,8.598153e+00
1812,3.265107e+02,-5.240103e+00,8.633291e+00
1813,3.253253e+02,-5.154926e+00,8.669012e+00
1814,3.241386e+02,-5.073897e+00,8.705287e+00
1815,3.229513e+02,-4.997018e+00,8.742094e+00
1816,3.217631e+02,-4.924291e+00,8.779410e+00
1817,3.205747e+02,-4.855732e+00,8.817214e+00
1818,3.193860e+02,-4.791330e+00,8.855484e+00
1819,3.181976e+02,-4.731082e+00,8.894191e+00
1820,3.170093e+02,-4.674983e+00,8.933314e+00
1821,3.158217e+02,-4.623034e+00,8.972793e+00
1822,3.146354e+02,-4.575225e+00,9.012697e+00
1823,3.134496e+02,-4.531564e+00,9.052936e+00
1824,3.122649e+02,-4.492043e+00,9.093445e+00
1825,3.110826e+02,-4.456634e+00,9.134231e+00
1826,3.099018e+02,-4.425332e+00,9.175378e+00
1827,3.087231e+02,-4.398103e+00,9.216671e+00
1828,3.075472e+02,-4.374928e+00,9.258193e+00
1829,3.063747e+02,-4.355798e+00,9.299951e+00
1830,3.052046e+02,-4.340694e+00,9.341880e+00
1831,3.040391e+02,-4.329586e+00,9.383914e+00
1832,3.028774e+02,-4.322452e+00,9.426062e+00
1833,3.017199e+02,-4.319269e+00,9.468256e+00
1834,3.005667e+02,-4.320002e+00,9.510581e+00
1835,2.994182e+02,-4.324629e+00,9.552895e+00
1836,2.982752e+02,-4.333117e+00,9.595206e+00
1837,2.971367e+02,-4.345447e+00,9.637524e+00
1838,2.960042e+02,-4.361585e+00,9.679783e+00
1839,2.948767e+02,-4.381499e+00,9.721989e+00
1840,2.937556e+02,-4.405144e+00,9.764077e+00
1841,2.926408e+02,-4.432480e+00,9.806056e+00
1842,2.915322e+02,-4.463464e+00,9.847785e+00
1843,2.904311e+02,-4.498059e+00,9.889420e+00
1844,2.893367e+02,-4.536228e+00,9.930821e+00
1845,2.882496e+02,-4.577921e+00,9.971921e+00
1846,2.871704e+02,-4.623105e+00,1.001280e+01
1847,2.860998e+02,-4.671729e+00,1.005340e+01
1848,2.850361e+02,-4.723740e+00,1.009365e+01
1849,2.839815e+02,-4.779097e+00,1.013355e+01
1850,2.829351e+02,-4.837746e+00,1.017304e+01
1851,2.818976e+02,-4.899659e+00,1.021213e+01
1852,2.808695e+02,-4.964792e+00,1.025076e+01
1853,2.798498e+02,-5.033107e+00,1.028903e+01
1854,2.788398e+02,-5.104557e+00,1.032672e+01
1855,2.778392e+02,-5.179080e+00,1.036401e+01
1856,2.768487e+02,-5.256647e+00,1.040077e+01
1857,2.758672e+02,-5.337206e+00,1.043709e+01
1858,2.748961e+02,-5.420706e+00,1.047283e+01
1859,2.739344e+02,-5.507102e+00,1.050803e+01
1860,2.729840e+02,-5.596345e+00,1.054268e+01
1861,2.720427e+02,-5.688377e+00,1.057682e+01
1862,2.711123e+02,-5.783142e+00,1.061031e+01
1863,2.701928e+02,-5.880599e+00,1.064323e+01
1864,2.692839e+02,-5.980691e+00,1.067562e+01
1865,2.683853e+02,-6.083363e+00,1.070727e+01
1866,2.674971e+02,-6.188562e+00,1.073833e+01
1867,2.666203e+02,-6.296232e+00,1.076875e+01
1868,2.657549e+02,-6.406297e+00,1.079848e+01
1869,2.648999e+02,-6.518705e+00,1.082753e+01
1870,2.640566e+02,-6.633387e+00,1.085591e+01
1871,2.632248e+02,-6.750275e+00,1.088357e+01
1872,2.624036e+02,-6.869311e+00,1.091053e+01
1873,2.615944e+02,-6.990427e+00,1.093680e+01
1874,2.607961e+02,-7.113558e+00,1.096225e+01
1875,2.600102e+02,-7.238622e+00,1.098696e+01
1876,2.592357e+02,-7.365553e+00,1.101089e+01
1877,2.584731e+02,-7.494280e+00,1.103411e+01
1878,2.577224e+02,-7.624728e+00,1.105650e+01
1879,2.569834e+02,-7.756827e+00,1.107806e+01
1880,2.562559e+02,-7.890505e+00,1.109889e+01
1881,2.555412e+02,-8.025689e+00,1.111879e+01
1882,2.548384e+02,-8.162301e+00,1.113790e+01
1883,2.541475e+02,-8.300262e+00,1.115618e+01
1884,2.534682e+02,-8.439508e+00,1.117363e+01
1885,2.528011e+02,-8.579970e+00,1.119013e+01
1886,2.521469e+02,-8.721553e+00,1.120575e+01
1887,2.515040e+02,-8.864203e+00,1.122052e+01
1888,2.508736e+02,-9.007819e+00,1.123437e+01
1889,2.502549e+02,-9.152317e+00,1.124731e+01
1890,2.496486e+02,-9.297611e+00,1.125936e+01
1891,2.490544e+02,-9.443617e+00,1.127045e+01
1892,2.484731e+02,-9.590235e+00,1.128060e+01
1893,2.479037e+02,-9.737389e+00,1.128982e+01
1894,2.473461e+02,-9.884993e+00,1.129812e+01
1895,2.468010e+02,-1.003295e+01,1.130551e+01
1896,2.462683e+02,-1.018118e+01,1.131193e+01
1897,2.457478e+02,-1.032961e+01,1.131739e+01
1898,2.452394e+02,-1.047815e+01,1.132183e+01
1899,2.447430e+02,-1.062672e+01,1.132534e+01
1900,2.442593e+02,-1.077522e+01,1.132784e+01
1901,2.437867e+02,-1.092360e+01,1.132935e+01
1902,2.433265e+02,-1.107178e+01,1.132981e+01
1903,2.428780e+02,-1.121968e+01,1.132938e+01
1904,2.424418e+02,-1.136737e+01,1.132785e+01
1905,2.420170e+02,-1.151462e+01,1.132537e+01
1906,2.416044e+02,-1.166148e+01,1.132189e+01
1907,2.412031e+02,-1.180793e+01,1.131743e+01
1908,2.408131e+02,-1.195380e+01,1.131198e+01
1909,2.404357e+02,-1.209913e+01,1.130556e+01
1910,2.400694e+02,-1.224390e+01,1.129811e+01
1911,2.397141e+02,-1.238793e+01,1.128963e+01
1912,2.393705e+02,-1.253119e+01,1.128022e+01
1913,2.390378e+02,-1.267374e+01,1.126982e+01
1914,2.387159e+02,-1.281540e+01,1.125842e+01
1915,2.384056e+02,-1.295621e+01,1.124604e+01
1916,2.381059e+02,-1.309608e+01,1.123261e+01
1917,2.378169e+02,-1.323490e+01,1.121830e+01
1918,2.375385e+02,-1.337272e+01,1.120296e+01
1919,2.372714e+02,-1.350936e+01,1.118676e+01
1920,2.370140e+02,-1.364486e+01,1.116955e+01
1921,2.367670e+02,-1.377914e+01,1.115141e+01
1922,2.365304e+02,-1.391215e+01,1.113229e+01
1923,2.363034e+02,-1.404380e+01,1.111233e+01
1924,2.360875e+02,-1.417404e+01,1.109147e+01
1925,2.358803e+02,-1.430287e+01,1.106965e+01
1926,2.356826e+02,-1.443023e+01,1.104694e+01
1927,2.354951e+02,-1.455597e+01,1.102336e+01
1928,2.353162e+02,-1.468018e+01,1.099892e+01
1929,2.351466e+02,-1.480270e+01,1.097353e+01
1930,2.349864e+02,-1.492348e+01,1.094730e+01
1931,2.348346e+02,-1.504251e+01,1.092021e+01
1932,2.346907e+02,-1.515974e+01,1.089236e+01
1933,2.345560e+02,-1.527514e+01,1.086361e+01
1934,2.344289e+02,-1.538861e+01,1.083403e+01
1935,2.343103e+02,-1.550011e+01,1.080362e+01
1936,2.341993e+02,-1.560961e+01,1.077241e+01
1937,2.340960e+02,-1.571699e+01,1.074046e+01
1938,2.340003e+02,-1.582230e+01,1.070770e+01
1939,2.339113e+02,-1.592543e+01,1.067422e+01
1940,2.338292e+02,-1.602640e+01,1.063995e+01
1941,2.337539e+02,-1.612512e+01,1.060497e+01
1942,2.336854e+02,-1.622147e+01,1.056928e+01
1943,2.336237e+02,-1.631556e+01,1.053289e+01
1944,2.335672e+02,-1.640721e+01,1.049580e+01
1945,2.335167e+02,-1.649644e+01,1.045802e+01
1946,2.334721e+02,-1.658314e+01,1.041954e+01
1947,2.334329e+02,-1.666736e+01,1.038046e+01
1948,2.333988e+02,-1.674896e+01,1.034070e+01
1949,2.333692e+02,-1.682792e+01,1.030033e+01
1950,2.333440e+02,-1.690425e+01,1.025930e+01
1951,2.333241e+02,-1.697786e+01,1.021766e+01
1952,2.333079e+02,-1.704871e+01,1.017543e+01
1953,2.332957e+02,-1.711685e+01,1.013267e+01
1954,2.332875e+02,-1.718225e+01,1.008938e+01
1955,2.332834e+02,-1.724482e+01,1.004549e+01
1956,2.332827e+02,-1.730467e+01,1.000105e+01
1957,2.332855e+02,-1.736178e+01,9.956140e+00
1958,2.332921e+02,-1.741598e+01,9.910760e+00
1959,2.333016e+02,-1.746745e+01,9.864903e+00
1960,2.333142e+02,-1.751601e+01,9.818489e+00
1961,2.333301e+02,-1.756180e+01,9.771664e+00
1962,2.333478e+02,-1.760470e+01,9.724422e+00
1963,2.333689e+02,-1.764475e+01,9.676684e+00
1964,2.333920e+02,-1.768192e+01,9.628521e+00
1965,2.334165e+02,-1.771619e+01,9.579926e+00
1966,2.334441e+02,-1.774759e+01,9.530970e+00
1967,2.334732e+02,-1.777608e+01,9.481573e+00
1968,2.335033e+02,-1.780171e+01,9.431879e+00
1969,2.335360e+02,-1.782445e+01,9.381735e+00
1970,2.335691e+02,-1.784432e+01,9.331357e+00
1971,2.336034e+02,-1.786123e+01,9.280666e+00
1972,2.336392e+02,-1.787535e+01,9.229657e+00
1973,2.336750e+02,-1.788650e+01,9.178325e+00
1974,2.337116e+02,-1.789472e+01,9.126739e+00
1975,2.337491e+02,-1.790011e+01,9.074893e+00
1976,2.337863e+02,-1.790256e+01,9.022857e+00
1977,2.338231e+02,-1.790211e+01,8.970549e+00
1978,2.338597e+02,-1.789879e+01,8.917966e+00
1979,2.338954e+02,-1.789256e+01,8.865324e+00
1980,2.339311e+02,-1.788344e+01,8.812395e+00
1981,2.339654e+02,-1.787148e+01,8.759397e+00
1982,2.339992e+02,-1.785670e+01,8.706249e+00
1983,2.340317e+02,-1.783913e+01,8.652946e+00
1984,2.340624e+02,-1.781873e+01,8.599631e+00
1985,2.340920e+02,-1.779552e+01,8.546224e+00
1986,2.341193e+02,-1.776955e+01,8.492720e+00
1987,2.341450e+02,-1.774082e+01,8.439261e+00
1988,2.341684e+02,-1.770938e+01,8.385769e+00
1989,2.341890e+02,-1.767517e+01,8.332311e+00
1990,2.342076e+02,-1.763829e+01,8.278809e+00
1991,2.342234e+02,-1.759870e+01,8.225404e+00
1992,2.342359e+02,-1.755642e+01,8.172018e+00
1993,2.342445e+02,-1.751154e+01,8.118719e+00
1994,2.342506e+02,-1.746395e+01,8.065576e+00
1995,2.342521e+02,-1.741382e+01,8.012510e+00
1996,2.342506e+02,-1.736108e+01,7.959515e+00
1997,2.342448e+02,-1.730578e+01,7.906734e+00
1998,2.342338e+02,-1.724799e+01,7.854163e+00
1999,2.342194e+02,-1.718767e+01,7.801722e+00
2000,2.341993e+02,-1.712492e+01,7.749479e+00
2001,2.341751e+02,-1.705967e+01,7.697503e+00
2002,2.341456e+02,-1.699208e+01,7.645782e+00
2003,2.341108e+02,-1.692210e+01,7.594300e+00
2004,2.340709e+02,-1.684971e+01,7.543045e+00
2005,2.340261e+02,-1.677500e+01,7.492150e+00
2006,2.339757e+02,-1.669798e+01,7.441454e+00
2007,2.339193e+02,-1.661873e+01,7.391091e+00
2008,2.338578e+02,-1.653718e+01,7.341048e+00
2009,2.337904e+02,-1.645340e+01,7.291311e+00
2010,2.337174e+02,-1.636739e+01,7.241941e+00
2011,2.336382e+02,-1.627916e+01,7.192849e+00
2012,2.335530e+02,-1.618879e+01,7.144098e+00
2013,2.334611e+02,-1.609628e+01,7.095673e+00
2014,2.333634e+02,-1.600170e+01,7.047637e+00
2015,2.332594e+02,-1.590506e+01,6.999974e+00
2016,2.331484e+02,-1.580642e+01,6.952748e+00
2017,2.330321e+02,-1.570586e+01,6.905871e+00
2018,2.329084e+02,-1.560339e+01,6.859404e+00
2019,2.327790e+02,-1.549907e+01,6.813409e+00
2020,2.326423e+02,-1.539297e+01,6.767799e+00
2021,2.324995e+02,-1.528503e+01,6.722710e+00
2022,2.323505e+02,-1.517539e+01,6.678010e+00
2023,2.321941e+02,-1.506412e+01,6.633815e+00
2024,2.320311e+02,-1.495113e+01,6.590097e+00
2025,2.318617e+02,-1.483652e+01,6.546859e+00
2026,2.316844e+02,-1.472040e+01,6.504118e+00
2027,2.315002e+02,-1.460272e+01,6.461878e+00
2028,2.313092e+02,-1.448354e+01,6.420149e+00
2029,2.311108e+02,-1.436293e+01,6.378936e+00
2030,2.309050e+02,-1.424096e+01,6.338255e+00
2031,2.306929e+02,-1.411762e+01,6.298119e+00
2032,2.304729e+02,-1.399306e+01,6.258524e+00
2033,2.302453e+02,-1.386727e+01,6.219495e+00
2034,2.300108e+02,-1.374032e+01,6.181038e+00
2035,2.297689e+02,-1.361220e+01,6.143163e+00
2036,2.295196e+02,-1.348306e+01,6.105867e+00
2037,2.292624e+02,-1.335282e+01,6.069156e+00
2038,2.289980e+02,-1.322169e+01,6.033049e+00
2039,2.287259e+02,-1.308958e+01,5.997543e+00
2040,2.284461e+02,-1.295666e+01,5.962650e+00
2041,2.281581e+02,-1.282289e+01,5.928369e+00
2042,2.278625e+02,-1.268836e+01,5.894712e+00
2043,2.275597e+02,-1.255313e+01,5.861693e+00
2044,2.272488e+02,-1.241727e+01,5.829316e+00
2045,2.269308e+02,-1.228084e+01,5.797587e+00
2046,2.266049e+02,-1.214383e+01,5.766514e+00
2047,2.262706e+02,-1.200647e+01,5.736101e+00
2048,2.259294e+02,-1.186874e+01,5.706371e+00
2049,2.255806e+02,-1.173072e+01,5.677314e+00
2050,2.252244e+02,-1.159238e+01,5.648946e+00
2051,2.248600e+02,-1.145388e+01,5.621256e+00
2052,2.244884e+02,-1.131518e+01,5.594251e+00
2053,2.241087e+02,-1.117631e+01,5.567942e+00
2054,2.237212e+02,-1.103740e+01,5.542318e+00
2055,2.233259e+02,-1.089833e+01,5.517383e+00
2056,2.229235e+02,-1.075929e+01,5.493136e+00
2057,2.225128e+02,-1.062017e+01,5.469588e+00
2058,2.220952e+02,-1.048116e+01,5.446730e+00
2059,2.216693e+02,-1.034222e+01,5.424560e+00
2060,2.212367e+02,-1.020333e+01,5.403090e+00
2061,2.207959e+02,-1.006466e+01,5.382311e+00
2062,2.203486e+02,-9.926114e+00,5.362229e+00
2063,2.198932e+02,-9.787874e+00,5.342835e+00
2064,2.194306e+02,-9.649907e+00,5.324143e+00
2065,2.189616e+02,-9.512180e+00,5.306136e+00
2066,2.184847e+02,-9.374882e+00,5.288822e+00
2067,2.180008e+02,-9.237903e+00,5.272198e+00
2068,2.175106e+02,-9.101435e+00,5.256257e+00
2069,2.170127e+02,-8.965368e+00,5.240999e+00
2070,2.165086e+02,-8.829818e+00,5.226431e+00
2071,2.159976e+02,-8.694826e+00,5.212537e+00
2072,2.154791e+02,-8.560434e+00,5.199318e+00
2073,2.149545e+02,-8.426683e+00,5.186766e+00
2074,2.144232e+02,-8.293541e+00,5.174888e+00
2075,2.138859e+02,-8.161123e+00,5.163679e+00
2076,2.133411e+02,-8.029398e+00,5.153123e+00
2077,2.127905e+02,-7.898483e+00,5.143229e+00
2078,2.122333e+02,-7.768420e+00,5.133982e+00
2079,2.116703e+02,-7.639177e+00,5.125392e+00
2080,2.111014e+02,-7.510873e+00,5.117437e+00
2081,2.105268e+02,-7.383476e+00,5.110125e+00
2082,2.099465e+02,-7.257104e+00,5.103451e+00
2083,2.093605e+02,-7.131801e+00,5.097402e+00
2084,2.087687e+02,-7.007538e+00,5.091986e+00
2085,2.081728e+02,-6.884432e+00,5.087176e+00
2086,2.075706e+02,-6.762455e+00,5.082982e+00
2087,2.069634e+02,-6.641652e+00,5.079389e+00
2088,2.063522e+02,-6.522068e+00,5.076386e+00
2089,2.057354e+02,-6.403749e+00,5.073976e+00
2090,2.051138e+02,-6.286741e+00,5.072146e+00
2091,2.044875e+02,-6.171016e+00,5.070890e+00
2092,2.038564e+02,-6.056695e+00,5.070198e+00
2093,2.032212e+02,-5.943826e+00,5.070056e+00
2094,2.025821e+02,-5.832308e+00,5.070462e+00
2095,2.019383e+02,-5.722337e+00,5.071409e+00
2096,2.012913e+02,-5.613887e+00,5.072881e+00
2097,2.006404e+02,-5.506962e+00,5.074871e+00
2098,1.999856e+02,-5.401642e+00,5.077377e+00
2099,1.993275e+02,-5.297946e+00,5.080373e+00
2100,1.986656e+02,-5.195901e+00,5.083862e+00
2101,1.980006e+02,-5.095542e+00,5.087834e+00
2102,1.973323e+02,-4.996889e+00,5.092267e+00
2103,1.966609e+02,-4.899955e+00,5.097170e+00
2104,1.959861e+02,-4.804766e+00,5.102536e+00
2105,1.953086e+02,-4.711329e+00,5.108354e+00
2106,1.946278e+02,-4.619649e+00,5.114608e+00
2107,1.939449e+02,-4.529755e+00,5.121310e+00
2108,1.932585e+02,-4.441655e+00,5.128437e+00
2109,1.925707e+02,-4.355370e+00,5.135985e+00
2110,1.918799e+02,-4.270901e+00,5.143948e+00
2111,1.911877e+02,-4.188272e+00,5.152321e+00
2112,1.904931e+02,-4.107498e+00,5.161091e+00
2113,1.897969e+02,-4.028567e+00,5.170254e+00
2114,1.890982e+02,-3.951512e+00,5.179797e+00
2115,1.883986e+02,-3.876321e+00,5.189707e+00
2116,1.876970e+02,-3.803013e+00,5.199980e+00
2117,1.869943e+02,-3.731591e+00,5.210610e+00
2118,1.862897e+02,-3.662075e+00,5.221580e+00
2119,1.855845e+02,-3.594464e+00,5.232883e+00
2120,1.848772e+02,-3.528755e+00,5.244508e+00
2121,1.841699e+02,-3.464963e+00,5.256451e+00
2122,1.834611e+02,-3.403087e+00,5.268692e+00
2123,1.827515e+02,-3.343135e+00,5.281234e+00
2124,1.820425e+02,-3.285114e+00,5.294051e+00
2125,1.813318e+02,-3.229026e+00,5.307139e+00
2126,1.806215e+02,-3.174873e+00,5.320494e+00
2127,1.799109e+02,-3.122664e+00,5.334096e+00
2128,1.792006e+02,-3.072395e+00,5.347934e+00
2129,1.784905e+02,-3.024061e+00,5.361997e+00
2130,1.777798e+02,-2.977681e+00,5.376273e+00
2131,1.770700e+02,-2.933252e+00,5.390751e+00
2132,1.763603e+02,-2.890779e+00,5.405428e+00
2133,1.756512e+02,-2.850246e+00,5.420275e+00
2134,1.749428e+02,-2.811657e+00,5.435299e+00
2135,1.742356e+02,-2.775012e+00,5.450471e+00
2136,1.735297e+02,-2.740295e+00,5.465781e+00
2137,1.728243e+02,-2.707507e+00,5.481226e+00
2138,1.721207e+02,-2.676640e+00,5.496793e+00
2139,1.714189e+02,-2.647695e+00,5.512456e+00
2140,1.707188e+02,-2.620666e+00,5.528220e+00
2141,1.700203e+02,-2.595541e+00,5.544058e+00
2142,1.693242e+02,-2.572306e+00,5.559966e+00
2143,1.686296e+02,-2.550964e+00,5.575919e+00
2144,1.679379e+02,-2.531499e+00,5.591918e+00
2145,1.672484e+02,-2.513910e+00,5.607939e+00
2146,1.665609e+02,-2.498188e+00,5.623962e+00
2147,1.658762e+02,-2.484320e+00,5.639992e+00
2148,1.651942e+02,-2.472291e+00,5.656001e+00
2149,1.645156e+02,-2.462090e+00,5.671977e+00
2150,1.638396e+02,-2.453704e+00,5.687911e+00
2151,1.631668e+02,-2.447120e+00,5.703783e+00
2152,1.624971e+02,-2.442332e+00,5.719588e+00
2153,1.618312e+02,-2.439333e+00,5.735314e+00
2154,1.611682e+02,-2.438108e+00,5.750956e+00
2155,1.605095e+02,-2.438644e+00,5.766517e+00
2156,1.598534e+02,-2.440926e+00,5.781970e+00
2157,1.592013e+02,-2.444939e+00,5.797325e+00
2158,1.585531e+02,-2.450671e+00,5.812569e+00
2159,1.579080e+02,-2.458107e+00,5.827697e+00
2160,1.572672e+02,-2.467233e+00,5.842691e+00
2161,1.566300e+02,-2.478033e+00,5.857551e+00
2162,1.559970e+02,-2.490487e+00,5.872273e+00
2163,1.553681e+02,-2.504579e+00,5.886844e+00
2164,1.547431e+02,-2.520290e+00,5.901252e+00
2165,1.541219e+02,-2.537604e+00,5.915491e+00
2166,1.535053e+02,-2.556503e+00,5.929555e+00
2167,1.528930e+02,-2.576968e+00,5.943433e+00
2168,1.522849e+02,-2.598973e+00,5.957125e+00
2169,1.516811e+02,-2.622488e+00,5.970611e+00
2170,1.510820e+02,-2.647484e+00,5.983901e+00
2171,1.504869e+02,-2.673932e+00,5.996974e+00
2172,1.498972e+02,-2.701804e+00,6.009839e+00
2173,1.493119e+02,-2.731073e+00,6.022475e+00
2174,1.487318e+02,-2.761710e+00,6.034883e+00
2175,1.481567e+02,-2.793688e+00,6.047051e+00
2176,1.475866e+02,-2.826980e+00,6.058971e+00
2177,1.470214e+02,-2.861560e+00,6.070646e+00
2178,1.464609e+02,-2.897401e+00,6.082054e+00
2179,1.459059e+02,-2.934477e+00,6.093196e+00
2180,1.453561e+02,-2.972762e+00,6.104059e+00
2181,1.448109e+02,-3.012230e+00,6.114635e+00
2182,1.442715e+02,-3.052847e+00,6.124918e+00
2183,1.437373e+02,-3.094580e+00,6.134909e+00
2184,1.432087e+02,-3.137394e+00,6.144594e+00
2185,1.426850e+02,-3.181256e+00,6.153965e+00
2186,1.421669e+02,-3.226131e+00,6.163024e+00
2187,1.416550e+02,-3.271988e+00,6.171755e+00
2188,1.411478e+02,-3.318794e+00,6.180160e+00
2189,1.406466e+02,-3.366513e+00,6.188222e+00
2190,1.401514e+02,-3.415113e+00,6.195950e+00
2191,1.396613e+02,-3.464562e+00,6.203314e+00
2192,1.391771e+02,-3.514825e+00,6.210329e+00
2193,1.386986e+02,-3.565869e+00,6.216972e+00
2194,1.382251e+02,-3.617662e+00,6.223242e+00
2195,1.377579e+02,-3.670170e+00,6.229133e+00
2196,1.372970e+02,-3.723352e+00,6.234635e+00
2197,1.368415e+02,-3.777170e+00,6.239748e+00
2198,1.363915e+02,-3.831574e+00,6.244463e+00
2199,1.359475e+02,-3.886534e+00,6.248781e+00
2200,1.355095e+02,-3.942004e+00,6.252692e+00
2201,1.350775e+02,-3.997953e+00,6.256195e+00
2202,1.346514e+02,-4.054343e+00,6.259284e+00
2203,1.342311e+02,-4.111167e+00,6.261961e+00
2204,1.338172e+02,-4.168399e+00,6.264221e+00
2205,1.334090e+02,-4.226017e+00,6.266063e+00
2206,1.330065e+02,-4.284017e+00,6.267490e+00
2207,1.326101e+02,-4.342369e+00,6.268488e+00
2208,1.322193e+02,-4.401054e+00,6.269057e+00
2209,1.318346e+02,-4.460052e+00,6.269199e+00
2210,1.314560e+02,-4.519341e+00,6.268913e+00
2211,1.310826e+02,-4.578893e+00,6.268201e+00
2212,1.307152e+02,-4.638689e+00,6.267063e+00
2213,1.303537e+02,-4.698691e+00,6.265484e+00
2214,1.299981e+02,-4.758888e+00,6.263487e+00
2215,1.296476e+02,-4.819250e+00,6.261056e+00
2216,1.293035e+02,-4.879741e+00,6.258191e+00
2217,1.289651e+02,-4.940349e+00,6.254900e+00
2218,1.286323e+02,-5.001035e+00,6.251181e+00
2219,1.283045e+02,-5.061780e+00,6.247035e+00
2220,1.279829e+02,-5.122560e+00,6.242467e+00
2221,1.276668e+02,-5.183348e+00,6.237470e+00
2222,1.273562e+02,-5.244106e+00,6.232049e+00
2223,1.270517e+02,-5.304819e+00,6.226211e+00
2224,1.267519e+02,-5.365451e+00,6.219947e+00
2225,1.264582e+02,-5.425985e+00,6.213255e+00
2226,1.261690e+02,-5.486385e+00,6.206149e+00
2227,1.258859e+02,-5.546628e+00,6.198612e+00
2228,1.256080e+02,-5.606689e+00,6.190657e+00
2229,1.253345e+02,-5.666532e+00,6.182281e+00
2230,1.250670e+02,-5.726133e+00,6.173483e+00
2231,1.248046e+02,-5.785460e+00,6.164268e+00
2232,1.245473e+02,-5.844489e+00,6.154640e+00
2233,1.242944e+02,-5.903190e+00,6.144598e+00
2234,1.240473e+02,-5.961529e+00,6.134160e+00
2235,1.238044e+02,-6.019475e+00,6.123317e+00
2236,1.235673e+02,-6.076996e+00,6.112087e+00
2237,1.233345e+02,-6.134073e+00,6.100461e+00
2238,1.231066e+02,-6.190668e+00,6.088458e+00
2239,1.228829e+02,-6.246753e+00,6.076058e+00
2240,1.226649e+02,-6.302312e+00,6.063290e+00
2241,1.224503e+02,-6.357303e+00,6.050134e+00
2242,1.222406e+02,-6.411708e+00,6.036602e+00
2243,1.220357e+02,-6.465485e+00,6.022705e+00
2244,1.218350e+02,-6.518622e+00,6.008433e+00
2245,1.216383e+02,-6.571078e+00,5.993787e+00
2246,1.214457e+02,-6.622841e+00,5.978788e+00
2247,1.212572e+02,-6.673868e+00,5.963438e+00
2248,1.210727e+02,-6.724132e+00,5.947733e+00
2249,1.208922e+02,-6.773621e+00,5.931684e+00
2250,1.207158e+02,-6.822290e+00,5.915295e+00
2251,1.205433e+02,-6.870122e+00,5.898575e+00
2252,1.203742e+02,-6.917101e+00,5.881517e+00
2253,1.202084e+02,-6.963211e+00,5.864130e+00
2254,1.200467e+02,-7.008453e+00,5.846421e+00
2255,1.198876e+02,-7.052805e+00,5.828375e+00
2256,1.197327e+02,-7.096267e+00,5.810007e+00
2257,1.195813e+02,-7.138815e+00,5.791318e+00
2258,1.194333e+02,-7.180449e+00,5.772306e+00
2259,1.192882e+02,-7.221152e+00,5.752980e+00
2260,1.191466e+02,-7.260917e+00,5.733346e+00
2261,1.190086e+02,-7.299733e+00,5.713404e+00
2262,1.188736e+02,-7.337600e+00,5.693176e+00
2263,1.187407e+02,-7.374499e+00,5.672670e+00
2264,1.186115e+02,-7.410420e+00,5.651876e+00
2265,1.184853e+02,-7.445354e+00,5.630817e+00
2266,1.183622e+02,-7.479334e+00,5.609485e+00
2267,1.182414e+02,-7.512260e+00,5.587901e+00
2268,1.181230e+02,-7.544194e+00,5.566056e+00
2269,1.180078e+02,-7.575089e+00,5.543966e+00
2270,1.178950e+02,-7.605042e+00,5.521636e+00
2271,1.177847e+02,-7.633931e+00,5.499059e+00
2272,1.176770e+02,-7.661780e+00,5.476246e+00
2273,1.175718e+02,-7.688611e+00,5.453214e+00
2274,1.174685e+02,-7.714376e+00,5.429952e+00
2275,1.173671e+02,-7.739095e+00,5.406489e+00
2276,1.172684e+02,-7.762793e+00,5.382825e+00
2277,1.171709e+02,-7.785417e+00,5.358957e+00
2278,1.170755e+02,-7.806989e+00,5.334913e+00
2279,1.169821e+02,-7.827530e+00,5.310686e+00
2280,1.168909e+02,-7.846986e+00,5.286287e+00
2281,1.168010e+02,-7.865304e+00,5.261716e+00
2282,1.167127e+02,-7.882579e+00,5.236992e+00
2283,1.166250e+02,-7.898829e+00,5.212115e+00
2284,1.165397e+02,-7.913925e+00,5.187089e+00
2285,1.164551e+02,-7.927960e+00,5.161921e+00
2286,1.163722e+02,-7.940878e+00,5.136623e+00
2287,1.162902e+02,-7.952771e+00,5.111208e+00
2288,1.162092e+02,-7.963507e+00,5.085667e+00
2289,1.161291e+02,-7.973178e+00,5.060035e+00
2290,1.160501e+02,-7.981725e+00,5.034301e+00
2291,1.159714e+02,-7.989239e+00,5.008488e+00
2292,1.158939e+02,-7.995661e+00,4.982598e+00
2293,1.158167e+02,-8.000931e+00,4.956654e+00
2294,1.157400e+02,-8.005213e+00,4.930652e+00
2295,1.156638e+02,-8.008298e+00,4.904598e+00
2296,1.155874e+02,-8.010348e+00,4.878512e+00
2297,1.155116e+02,-8.011302e+00,4.852392e+00
2298,1.154356e+02,-8.011247e+00,4.826249e+00
2299,1.153603e+02,-8.010048e+00,4.800090e+00
2300,1.152842e+02,-8.007716e+00,4.773928e+00
2301,1.152081e+02,-8.004411e+00,4.747758e+00
2302,1.151320e+02,-7.999920e+00,4.721604e+00
2303,1.150546e+02,-7.994475e+00,4.695452e+00
2304,1.149782e+02,-7.987862e+00,4.669317e+00
2305,1.149007e+02,-7.980237e+00,4.643205e+00
2306,1.148228e+02,-7.971535e+00,4.617110e+00
2307,1.147447e+02,-7.961763e+00,4.591046e+00
2308,1.146657e+02,-7.950929e+00,4.565015e+00
2309,1.145859e+02,-7.939039e+00,4.539016e+00
2310,1.145061e+02,-7.926174e+00,4.513064e+00
2311,1.144256e+02,-7.912268e+00,4.487152e+00
2312,1.143439e+02,-7.897252e+00,4.461297e+00
2313,1.142616e+02,-7.881281e+00,4.435490e+00
2314,1.141790e+02,-7.864360e+00,4.409754e+00
2315,1.140953e+02,-7.846347e+00,4.384076e+00
2316,1.140105e+02,-7.827395e+00,4.358471e+00
2317,1.139249e+02,-7.807436e+00,4.332947e+00
2318,1.138385e+02,-7.786474e+00,4.307497e+00
2319,1.137505e+02,-7.764589e+00,4.282130e+00
2320,1.136618e+02,-7.741785e+00,4.256854e+00
2321,1.135718e+02,-7.717993e+00,4.231670e+00
2322,1.134805e+02,-7.693290e+00,4.206595e+00
2323,1.133887e+02,-7.667681e+00,4.181621e+00
2324,1.132951e+02,-7.641171e+00,4.156766e+00
2325,1.132003e+02,-7.613836e+00,4.132029e+00
2326,1.131039e+02,-7.585606e+00,4.107429e+00
2327,1.130064e+02,-7.556485e+00,4.082958e+00
2328,1.129074e+02,-7.526625e+00,4.058641e+00
2329,1.128076e+02,-7.495954e+00,4.034464e+00
2330,1.127055e+02,-7.464475e+00,4.010452e+00
2331,1.126020e+02,-7.432266e+00,3.986590e+00
2332,1.124971e+02,-7.399254e+00,3.962897e+00
2333,1.123909e+02,-7.365516e+00,3.939366e+00
2334,1.122828e+02,-7.331056e+00,3.916015e+00
2335,1.121727e+02,-7.295874e+00,3.892845e+00
2336,1.120608e+02,-7.260048e+00,3.869851e+00
2337,1.119478e+02,-7.223578e+00,3.847058e+00
2338,1.118322e+02,-7.186392e+00,3.824453e+00
2339,1.117150e+02,-7.148641e+00,3.802053e+00
2340,1.115962e+02,-7.110325e+00,3.779868e+00
2341,1.114750e+02,-7.071371e+00,3.757893e+00
2342,1.113523e+02,-7.031855e+00,3.736138e+00
2343,1.112273e+02,-6.991851e+00,3.714614e+00
2344,1.111002e+02,-6.951359e+00,3.693314e+00
2345,1.109709e+02,-6.910307e+00,3.672257e+00
2346,1.108403e+02,-6.868842e+00,3.651431e+00
2347,1.107068e+02,-6.826890e+00,3.630853e+00
2348,1.105715e+02,-6.784525e+00,3.610519e+00
2349,1.104334e+02,-6.741747e+00,3.590439e+00
2350,1.102934e+02,-6.698629e+00,3.570623e+00
2351,1.101515e+02,-6.655094e+00,3.551067e+00
2352,1.100072e+02,-6.611277e+00,3.531771e+00
2353,1.098603e+02,-6.567091e+00,3.512751e+00
2354,1.097110e+02,-6.522669e+00,3.493999e+00
2355,1.095600e+02,-6.477847e+00,3.475515e+00
2356,1.094060e+02,-6.432759e+00,3.457316e+00
2357,1.092505e+02,-6.387463e+00,3.439386e+00
2358,1.090920e+02,-6.341870e+00,3.421741e+00
2359,1.089320e+02,-6.296038e+00,3.404368e+00
2360,1.087692e+02,-6.249878e+00,3.387273e+00
2361,1.086043e+02,-6.203595e+00,3.370450e+00
2362,1.084366e+02,-6.157027e+00,3.353916e+00
2363,1.082670e+02,-6.110305e+00,3.337656e+00
2364,1.080946e+02,-6.063338e+00,3.321671e+00
2365,1.079204e+02,-6.016260e+00,3.305970e+00
2366,1.077443e+02,-5.968980e+00,3.290554e+00
2367,1.075649e+02,-5.921555e+00,3.275409e+00
2368,1.073838e+02,-5.873969e+00,3.260553e+00
2369,1.072009e+02,-5.826355e+00,3.245979e+00
2370,1.070148e+02,-5.778548e+00,3.231688e+00
2371,1.068271e+02,-5.730680e+00,3.217682e+00
2372,1.066370e+02,-5.682736e+00,3.203957e+00
2373,1.064454e+02,-5.634772e+00,3.190513e+00
2374,1.062507e+02,-5.586774e+00,3.177360e+00
2375,1.060545e+02,-5.538725e+00,3.164479e+00
2376,1.058560e+02,-5.490684e+00,3.151886e+00
2377,1.056546e+02,-5.442635e+00,3.139576e+00
2378,1.054519e+02,-5.394607e+00,3.127545e+00
2379,1.052469e+02,-5.346630e+00,3.115796e+00
2380,1.050406e+02,-5.298718e+00,3.104330e+00
2381,1.048315e+02,-5.250878e+00,3.093137e+00
2382,1.046204e+02,-5.203126e+00,3.082227e+00
2383,1.044072e+02,-5.155483e+00,3.071595e+00
2384,1.041920e+02,-5.107959e+00,3.061245e+00
2385,1.039755e+02,-5.060575e+00,3.051166e+00
2386,1.037564e+02,-5.013349e+00,3.041360e+00
2387,1.035353e+02,-4.966311e+00,3.031833e+00
2388,1.033131e+02,-4.919477e+00,3.022580e+00
2389,1.030890e+02,-4.872864e+00,3.013606e+00
2390,1.028622e+02,-4.826490e+00,3.004899e+00
2391,1.026343e+02,-4.780385e+00,2.996464e+00
2392,1.024054e+02,-4.734569e+00,2.988305e+00
2393,1.021738e+02,-4.689051e+00,2.980412e+00
2394,1.019412e+02,-4.643849e+00,2.972789e+00
2395,1.017069e+02,-4.598989e+00,2.965434e+00
2396,1.014714e+02,-4.554490e+00,2.958337e+00
2397,1.012342e+02,-4.510363e+00,2.951509e+00
2398,1.009953e+02,-4.466635e+00,2.944942e+00
2399,1.007554e+02,-4.423318e+00,2.938632e+00
2400,1.005137e+02,-4.380439e+00,2.932577e+00
2401,1.002703e+02,-4.338016e+00,2.926776e+00
2402,1.000267e+02,-4.296053e+00,2.921227e+00
2403,9.978056e+01,-4.254573e+00,2.915930e+00
2404,9.953415e+01,-4.213572e+00,2.910884e+00
2405,9.928595e+01,-4.173065e+00,2.906096e+00
2406,9.903669e+01,-4.133056e+00,2.901550e+00
2407,9.878636e+01,-4.093561e+00,2.897254e+00
2408,9.853417e+01,-4.054577e+00,2.893200e+00
2409,9.828161e+01,-4.016113e+00,2.889387e+00
2410,9.802717e+01,-3.978188e+00,2.885822e+00
2411,9.777231e+01,-3.940797e+00,2.882491e+00
2412,9.751552e+01,-3.903951e+00,2.879393e+00
2413,9.725827e+01,-3.867662e+00,2.876535e+00
2414,9.699979e+01,-3.831932e+00,2.873902e+00
2415,9.674007e+01,-3.796774e+00,2.871501e+00
2416,9.647982e+01,-3.762192e+00,2.869326e+00
2417,9.621828e+01,-3.728196e+00,2.867375e+00
2418,9.595617e+01,-3.694800e+00,2.865641e+00
2419,9.569273e+01,-3.661999e+00,2.864132e+00
2420,9.542941e+01,-3.629805e+00,2.862825e+00
2421,9.516470e+01,-3.598217e+00,2.861734e+00
2422,9.489934e+01,-3.567253e+00,2.860846e+00
2423,9.463403e+01,-3.536904e+00,2.860159e+00
2424,9.436727e+01,-3.507182e+00,2.859667e+00
2425,9.410051e+01,-3.478093e+00,2.859377e+00
2426,9.383300e+01,-3.449633e+00,2.859266e+00
2427,9.356471e+01,-3.421809e+00,2.859342e+00
2428,9.329636e+01,-3.394627e+00,2.859598e+00
2429,9.302792e+01,-3.368091e+00,2.860034e+00
2430,9.275862e+01,-3.342193e+00,2.860634e+00
2431,9.248919e+01,-3.316954e+00,2.861399e+00
2432,9.221960e+01,-3.292366e+00,2.862329e+00
2433,9.194983e+01,-3.268434e+00,2.863409e+00
2434,9.168059e+01,-3.245158e+00,2.864640e+00
2435,9.141038e+01,-3.222538e+00,2.866021e+00
2436,9.114065e+01,-3.200581e+00,2.867538e+00
2437,9.087063e+01,-3.179286e+00,2.869185e+00
2438,9.060106e+01,-3.158647e+00,2.870967e+00
2439,9.033115e+01,-3.138671e+00,2.872865e+00
2440,9.006163e+01,-3.119360e+00,2.874885e+00
2441,8.979247e+01,-3.100713e+00,2.877013e+00
2442,8.952365e+01,-3.082726e+00,2.879249e+00
2443,8.925440e+01,-3.065400e+00,2.881580e+00
2444,8.898618e+01,-3.048736e+00,2.884006e+00
2445,8.871897e+01,-3.032739e+00,2.886528e+00
2446,8.845126e+01,-3.017395e+00,2.889123e+00
2447,8.818525e+01,-3.002722e+00,2.891800e+00
2448,8.791943e+01,-2.988702e+00,2.894546e+00
2449,8.765378e+01,-2.975347e+00,2.897353e+00
2450,8.738977e+01,-2.962645e+00,2.900223e+00
2451,8.712587e+01,-2.950602e+00,2.903141e+00
2452,8.686351e+01,-2.939208e+00,2.906106e+00
2453,8.660116e+01,-2.928475e+00,2.909121e+00
2454,8.634024e+01,-2.918402e+00,2.912185e+00
2455,8.607995e+01,-2.908974e+00,2.915286e+00
2456,8.582097e+01,-2.900196e+00,2.918422e+00
2457,8.556324e+01,-2.892062e+00,2.921599e+00
2458,8.530596e+01,-2.884578e+00,2.924806e+00
2459,8.504908e+01,-2.877738e+00,2.928049e+00
2460,8.479401e+01,-2.871535e+00,2.931317e+00
2461,8.453998e+01,-2.865971e+00,2.934615e+00
2462,8.428616e+01,-2.861048e+00,2.937935e+00
2463,8.403474e+01,-2.856752e+00,2.941272e+00
2464,8.378344e+01,-2.853087e+00,2.944633e+00
2465,8.353368e+01,-2.850047e+00,2.948007e+00
2466,8.328466e+01,-2.847628e+00,2.951393e+00
2467,8.303708e+01,-2.845827e+00,2.954787e+00
2468,8.279089e+01,-2.844640e+00,2.958195e+00
2469,8.254602e+01,-2.844063e+00,2.961600e+00
2470,8.230169e+01,-2.844094e+00,2.965013e+00
2471,8.205933e+01,-2.844721e+00,2.968418e+00
2472,8.181815e+01,-2.845944e+00,2.971820e+00
2473,8.157810e+01,-2.847758e+00,2.975215e+00
2474,8.133912e+01,-2.850155e+00,2.978594e+00
2475,8.110192e+01,-2.853140e+00,2.981961e+00
2476,8.086570e+01,-2.856696e+00,2.985314e+00
2477,8.063115e+01,-2.860815e+00,2.988642e+00
2478,8.039824e+01,-2.865493e+00,2.991943e+00
2479,8.016692e+01,-2.870716e+00,2.995220e+00
2480,7.993640e+01,-2.876488e+00,2.998464e+00
2481,7.970812e+01,-2.882779e+00,3.001678e+00
2482,7.948129e+01,-2.889603e+00,3.004851e+00
2483,7.925587e+01,-2.896942e+00,3.007989e+00
2484,7.903183e+01,-2.904781e+00,3.011079e+00
2485,7.880986e+01,-2.913119e+00,3.014118e+00
2486,7.858992e+01,-2.921938e+00,3.017110e+00
2487,7.837123e+01,-2.931231e+00,3.020037e+00
2488,7.815449e+01,-2.940996e+00,3.022908e+00
2489,7.793893e+01,-2.951209e+00,3.025713e+00
2490,7.772525e+01,-2.961861e+00,3.028441e+00
2491,7.751416e+01,-2.972943e+00,3.031101e+00
2492,7.730413e+01,-2.984438e+00,3.033682e+00
2493,7.709587e+01,-2.996338e+00,3.036179e+00
2494,7.688972e+01,-3.008618e+00,3.038596e+00
2495,7.668535e+01,-3.021269e+00,3.040913e+00
2496,7.648294e+01,-3.034282e+00,3.043140e+00
2497,7.628240e+01,-3.047632e+00,3.045265e+00
2498,7.608384e+01,-3.061310e+00,3.047290e+00
2499,7.588716e+01,-3.075299e+00,3.049196e+00
2500,7.569247e+01,-3.089583e+00,3.050992e+00
2501,7.549973e+01,-3.104146e+00,3.052667e+00
2502,7.530900e+01,-3.118977e+00,3.054217e+00
2503,7.512022e+01,-3.134078e+00,3.055639e+00
2504,7.493342e+01,-3.149432e+00,3.056938e+00
2505,7.474865e+01,-3.165025e+00,3.058111e+00
2506,7.456578e+01,-3.180863e+00,3.059149e+00
2507,7.438500e+01,-3.196915e+00,3.060054e+00
2508,7.420620e+01,-3.213191e+00,3.060832e+00
2509,7.402935e+01,-3.229673e+00,3.061473e+00
2510,7.385454e+01,-3.246348e+00,3.061973e+00
2511,7.368175e+01,-3.263215e+00,3.062345e+00
2512,7.351101e+01,-3.280252e+00,3.062569e+00
2513,7.334215e+01,-3.297461e+00,3.062652e+00
2514,7.317534e+01,-3.314825e+00,3.062596e+00
2515,7.301056e+01,-3.332332e+00,3.062399e+00
2516,7.284770e+01,-3.349974e+00,3.062050e+00
2517,7.268680e+01,-3.367746e+00,3.061555e+00
2518,7.252783e+01,-3.385634e+00,3.060916e+00
2519,7.237083e+01,-3.403624e+00,3.060131e+00
2520,7.221578e+01,-3.421710e+00,3.059190e+00
2521,7.206264e+01,-3.439880e+00,3.058104e+00
2522,7.191146e+01,-3.458129e+00,3.056869e+00
2523,7.176213e+01,-3.476436e+00,3.055492e+00
2524,7.161471e+01,-3.494796e+00,3.053960e+00
2525,7.146924e+01,-3.513198e+00,3.052278e+00
2526,7.132563e+01,-3.531629e+00,3.050444e+00
2527,7.118384e+01,-3.550085e+00,3.048468e+00
2528,7.104401e+01,-3.568555e+00,3.046340e+00
2529,7.090595e+01,-3.587019e+00,3.044064e+00
2530,7.076973e+01,-3.605482e+00,3.041645e+00
2531,7.063531e+01,-3.623924e+00,3.039079e+00
2532,7.050269e+01,-3.642334e+00,3.036363e+00
2533,7.037184e+01,-3.660710e+00,3.033501e+00
2534,7.024280e+01,-3.679033e+00,3.030497e+00
2535,7.011543e+01,-3.697306e+00,3.027340e+00
2536,6.998976e+01,-3.715504e+00,3.024041e+00
2537,6.986587e+01,-3.733632e+00,3.020597e+00
2538,6.974358e+01,-3.751670e+00,3.017004e+00
2539,6.962295e+01,-3.769616e+00,3.013273e+00
2540,6.950397e+01,-3.787451e+00,3.009393e+00
2541,6.938662e+01,-3.805171e+00,3.005381e+00
2542,6.927081e+01,-3.822765e+00,3.001220e+00
2543,6.915669e+01,-3.840222e+00,2.996934e+00
2544,6.904408e+01,-3.857530e+00,2.992504e+00
2545,6.893298e+01,-3.874678e+00,2.987948e+00
2546,6.882345e+01,-3.891653e+00,2.983255e+00
2547,6.871540e+01,-3.908451e+00,2.978434e+00
2548,6.860876e+01,-3.925059e+00,2.973480e+00
2549,6.850358e+01,-3.941456e+00,2.968395e+00
2550,6.839978e+01,-3.957638e+00,2.963183e+00
2551,6.829736e+01,-3.973599e+00,2.957838e+00
2552,6.819632e+01,-3.989318e+00,2.952360e+00
2553,6.809659e+01,-4.004811e+00,2.946753e+00
2554,6.799820e+01,-4.020058e+00,2.941016e+00
2555,6.790114e+01,-4.035061e+00,2.935144e+00
2556,6.780529e+01,-4.049819e+00,2.929153e+00
2557,6.771086e+01,-4.064326e+00,2.923027e+00
2558,6.761759e+01,-4.078566e+00,2.916776e+00
2559,6.752562e+01,-4.092554e+00,2.910401e+00
2560,6.743498e+01,-4.106267e+00,2.903893e+00
2561,6.734545e+01,-4.119703e+00,2.897261e+00
2562,6.725719e+01,-4.132868e+00,2.890497e+00
2563,6.717006e+01,-4.145738e+00,2.883610e+00
2564,6.708408e+01,-4.158317e+00,2.876592e+00
2565,6.699920e+01,-4.170595e+00,2.869442e+00
2566,6.691541e+01,-4.182561e+00,2.862167e+00
2567,6.683274e+01,-4.194211e+00,2.854762e+00
2568,6.675113e+01,-4.205542e+00,2.847239e+00
2569,6.667058e+01,-4.216550e+00,2.839583e+00
2570,6.659097e+01,-4.227221e+00,2.831810e+00
2571,6.651246e+01,-4.237552e+00,2.823918e+00
2572,6.643484e+01,-4.247537e+00,2.815900e+00
2573,6.635820e+01,-4.257163e+00,2.807770e+00
2574,6.628254e+01,-4.266433e+00,2.799527e+00
2575,6.620768e+01,-4.275333e+00,2.791165e+00
2576,6.613376e+01,-4.283857e+00,2.782696e+00
2577,6.606058e+01,-4.292000e+00,2.774106e+00
2578,6.598823e+01,-4.299748e+00,2.765410e+00
2579,6.591665e+01,-4.307102e+00,2.756606e+00
2580,6.584578e+01,-4.314056e+00,2.747694e+00
2581,6.577556e+01,-4.320597e+00,2.738675e+00
2582,6.570600e+01,-4.326725e+00,2.729555e+00
2583,6.563712e+01,-4.332428e+00,2.720334e+00
2584,6.556879e+01,-4.337713e+00,2.711019e+00
2585,6.550102e+01,-4.342568e+00,2.701603e+00
2586,6.543375e+01,-4.346993e+00,2.692100e+00
2587,6.536693e+01,-4.350969e+00,2.682511e+00
2588,6.530063e+01,-4.354511e+00,2.672829e+00
2589,6.523473e+01,-4.357607e+00,2.663067e+00
2590,6.516910e+01,-4.360258e+00,2.653227e+00
2591,6.510389e+01,-4.362451e+00,2.643317e+00
2592,6.503891e+01,-4.364196e+00,2.633329e+00
2593,6.497415e+01,-4.365480e+00,2.623263e+00
2594,6.490965e+01,-4.366305e+00,2.613143e+00
2595,6.484527e+01,-4.366675e+00,2.602953e+00
2596,6.478101e+01,-4.366583e+00,2.592711e+00
2597,6.471683e+01,-4.366039e+00,2.582415e+00
2598,6.465265e+01,-4.365040e+00,2.572075e+00
2599,6.458851e+01,-4.363587e+00,2.561691e+00
2600,6.452433e+01,-4.361676e+00,2.551271e+00
2601,6.446014e+01,-4.359317e+00,2.540815e+00
2602,6.439575e+01,-4.356507e+00,2.530338e+00
2603,6.433135e+01,-4.353257e+00,2.519837e+00
2604,6.426677e+01,-4.349570e+00,2.509302e+00
2605,6.420210e+01,-4.345436e+00,2.498748e+00
2606,6.413719e+01,-4.340882e+00,2.488173e+00
2607,6.407213e+01,-4.335887e+00,2.477582e+00
2608,6.400690e+01,-4.330470e+00,2.466980e+00
2609,6.394146e+01,-4.324628e+00,2.456359e+00
2610,6.387578e+01,-4.318377e+00,2.445723e+00
2611,6.380990e+01,-4.311713e+00,2.435087e+00
2612,6.374372e+01,-4.304646e+00,2.424439e+00
2613,6.367726e+01,-4.297185e+00,2.413786e+00
2614,6.361051e+01,-4.289324e+00,2.403139e+00
2615,6.354349e+01,-4.281071e+00,2.392490e+00
2616,6.347618e+01,-4.272443e+00,2.381843e+00
2617,6.340846e+01,-4.263432e+00,2.371203e+00
2618,6.334045e+01,-4.254053e+00,2.360574e+00
2619,6.327203e+01,-4.244304e+00,2.349947e+00
2620,6.320333e+01,-4.234194e+00,2.339341e+00
2621,6.313415e+01,-4.223726e+00,2.328753e+00
2622,6.306461e+01,-4.212907e+00,2.318172e+00
2623,6.299460e+01,-4.201741e+00,2.307618e+00
2624,6.292422e+01,-4.190225e+00,2.297079e+00
2625,6.285329e+01,-4.178377e+00,2.286561e+00
2626,6.278192e+01,-4.166178e+00,2.276074e+00
2627,6.271007e+01,-4.153645e+00,2.265599e+00
2628,6.263763e+01,-4.140781e+00,2.255156e+00
2629,6.256470e+01,-4.127587e+00,2.244741e+00
2630,6.249110e+01,-4.114056e+00,2.234350e+00
2631,6.241700e+01,-4.100203e+00,2.223987e+00
2632,6.234230e+01,-4.086037e+00,2.213663e+00
2633,6.226702e+01,-4.071557e+00,2.203366e+00
2634,6.219104e+01,-4.056762e+00,2.193108e+00
2635,6.211455e+01,-4.041658e+00,2.182892e+00
2636,6.203734e+01,-4.026251e+00,2.172714e+00
2637,6.195954e+01,-4.010547e+00,2.162578e+00
2638,6.188100e+01,-3.994536e+00,2.152480e+00
2639,6.180185e+01,-3.978230e+00,2.142431e+00
2640,6.172187e+01,-3.961628e+00,2.132420e+00
2641,6.164125e+01,-3.944726e+00,2.122458e+00
2642,6.155978e+01,-3.927529e+00,2.112542e+00
2643,6.147758e+01,-3.910042e+00,2.102668e+00
2644,6.139450e+01,-3.892269e+00,2.092848e+00
2645,6.131059e+01,-3.874207e+00,2.083079e+00
2646,6.122585e+01,-3.855868e+00,2.073357e+00
2647,6.114032e+01,-3.837250e+00,2.063694e+00
2648,6.105379e+01,-3.818364e+00,2.054088e+00
2649,6.096643e+01,-3.799208e+00,2.044544e+00
2650,6.087812e+01,-3.779796e+00,2.035059e+00
2651,6.078894e+01,-3.760123e+00,2.025637e+00
2652,6.069871e+01,-3.740198e+00,2.016283e+00
2653,6.060753e+01,-3.720014e+00,2.006992e+00
2654,6.051536e+01,-3.699572e+00,1.997761e+00
2655,6.042223e+01,-3.678887e+00,1.988601e+00
2656,6.032809e+01,-3.657939e+00,1.979508e+00
2657,6.023290e+01,-3.636751e+00,1.970480e+00
2658,6.013668e+01,-3.615310e+00,1.961528e+00
2659,6.003947e+01,-3.593641e+00,1.952642e+00
2660,5.994122e+01,-3.571732e+00,1.943834e+00
2661,5.984203e+01,-3.549610e+00,1.935102e+00
2662,5.974177e+01,-3.527262e+00,1.926443e+00
2663,5.964055e+01,-3.504715e+00,1.917870e+00
2664,5.953840e+01,-3.481967e+00,1.909373e+00
2665,5.943518e+01,-3.459036e+00,1.900966e+00
2666,5.933093e+01,-3.435914e+00,1.892646e+00
2667,5.922574e+01,-3.412628e+00,1.884412e+00
2668,5.911957e+01,-3.389178e+00,1.876270e+00
2669,5.901236e+01,-3.365583e+00,1.868226e+00
2670,5.890413e+01,-3.341835e+00,1.860270e+00
2671,5.879492e+01,-3.317964e+00,1.852417e+00
2672,5.868474e+01,-3.293969e+00,1.844664e+00
2673,5.857354e+01,-3.269871e+00,1.837011e+00
2674,5.846135e+01,-3.245686e+00,1.829464e+00
2675,5.834818e+01,-3.221412e+00,1.822022e+00
2676,5.823405e+01,-3.197072e+00,1.814682e+00
2677,5.811892e+01,-3.172680e+00,1.807467e+00
2678,5.800288e+01,-3.148243e+00,1.800352e+00
2679,5.788595e+01,-3.123784e+00,1.793358e+00
2680,5.776799e+01,-3.099308e+00,1.786484e+00
2681,5.764919e+01,-3.074821e+00,1.779721e+00
2682,5.752940e+01,-3.050346e+00,1.773082e+00
2683,5.740865e+01,-3.025895e+00,1.766558e+00
2684,5.728703e+01,-3.001474e+00,1.760154e+00
2685,5.716449e+01,-2.977087e+00,1.753875e+00
2686,5.704103e+01,-2.952763e+00,1.747721e+00
2687,5.691676e+01,-2.928504e+00,1.741687e+00
2688,5.679154e+01,-2.904323e+00,1.735773e+00
2689,5.666554e+01,-2.880222e+00,1.729983e+00
2690,5.653869e+01,-2.856227e+00,1.724321e+00
2691,5.641109e+01,-2.832339e+00,1.718778e+00
2692,5.628267e+01,-2.808569e+00,1.713358e+00
2693,5.615346e+01,-2.784924e+00,1.708059e+00
2694,5.602353e+01,-2.761412e+00,1.702883e+00
2695,5.589282e+01,-2.738042e+00,1.697822e+00
2696,5.576136e+01,-2.714812e+00,1.692878e+00
2697,5.562922e+01,-2.691729e+00,1.688057e+00
2698,5.549634e+01,-2.668806e+00,1.683346e+00
2699,5.536280e+01,-2.646041e+00,1.678743e+00
2700,5.522847e+01,-2.623440e+00,1.674251e+00
