ell,Dl_planck,sigma_planck,Dl_SAM_theory,residual,z_score
30,1.502252e+00,3.536843e+00,1.888774e+00,3.865221e-01,0.1093
31,1.611426e+00,3.518771e+00,1.915095e+00,3.036694e-01,0.0863
32,3.306637e+00,3.503069e+00,1.935331e+00,-1.371306e+00,-0.3915
33,-4.272596e-02,3.493051e+00,1.947992e+00,1.990718e+00,0.5699
34,1.186018e+00,3.486595e+00,1.954221e+00,7.682027e-01,0.2203
35,-2.045030e+00,3.483637e+00,1.945124e+00,3.990154e+00,1.1454
36,3.858202e+00,3.483838e+00,1.931159e+00,-1.927042e+00,-0.5531
37,6.757431e+00,3.487363e+00,1.906296e+00,-4.851135e+00,-1.3911
38,6.721415e+00,3.493802e+00,1.872261e+00,-4.849154e+00,-1.3879
39,3.157245e-01,3.502961e+00,1.828685e+00,1.512961e+00,0.4319
40,4.165823e+00,3.514651e+00,1.773658e+00,-2.392166e+00,-0.6806
41,6.574405e-02,3.528906e+00,1.705880e+00,1.640136e+00,0.4648
42,-6.489063e-01,3.545338e+00,1.626448e+00,2.275354e+00,0.6418
43,1.898264e+00,3.563782e+00,1.536654e+00,-3.616105e-01,-0.1015
44,-8.597366e-01,3.584313e+00,1.436187e+00,2.295923e+00,0.6405
45,-1.578387e+00,3.606987e+00,1.324431e+00,2.902819e+00,0.8048
46,-1.575681e+00,3.631593e+00,1.201148e+00,2.776829e+00,0.7646
47,1.728088e+00,3.657929e+00,1.065747e+00,-6.623408e-01,-0.1811
48,-4.904583e-01,3.686079e+00,9.175304e-01,1.407989e+00,0.3820
49,6.967885e+00,3.716123e+00,7.558767e-01,-6.212008e+00,-1.6716
50,1.108557e+00,3.747845e+00,5.803018e-01,-5.282551e-01,-0.1409
51,9.887925e+00,3.781037e+00,3.906483e-01,-9.497277e+00,-2.5118
52,-3.904995e+00,3.815787e+00,1.878610e-01,4.092856e+00,1.0726
53,-6.215301e+00,3.852186e+00,-2.704980e-02,6.188251e+00,1.6064
54,4.851016e+00,3.890039e+00,-2.539329e-01,-5.104949e+00,-1.3123
55,-1.188020e+00,3.929155e+00,-4.930068e-01,6.950131e-01,0.1769
56,-9.061595e+00,3.969796e+00,-7.451293e-01,8.316466e+00,2.0949
57,-6.998917e+00,4.012025e+00,-1.011152e+00,5.987765e+00,1.4925
58,-3.776110e+00,4.055613e+00,-1.291247e+00,2.484863e+00,0.6127
59,2.527824e+00,4.100334e+00,-1.585296e+00,-4.113120e+00,-1.0031
60,-2.927181e+00,4.146275e+00,-1.892768e+00,1.034414e+00,0.2495
61,-6.866291e+00,4.193636e+00,-2.213169e+00,4.653122e+00,1.1096
62,-6.607479e+00,4.242417e+00,-2.546522e+00,4.060957e+00,0.9572
63,5.834825e-01,4.292502e+00,-2.892992e+00,-3.476474e+00,-0.8099
64,-6.216298e+00,4.343852e+00,-3.252738e+00,2.963560e+00,0.6822
65,-2.027235e+00,4.396423e+00,-3.625979e+00,-1.598744e+00,-0.3636
66,-3.195845e+00,4.450170e+00,-4.012948e+00,-8.171030e-01,-0.1836
67,-4.545834e-02,4.505053e+00,-4.413113e+00,-4.367655e+00,-0.9695
68,-5.430466e+00,4.561026e+00,-4.825742e+00,6.047243e-01,0.1326
69,8.840813e-01,4.618048e+00,-5.250131e+00,-6.134213e+00,-1.3283
70,-4.392437e+00,4.676070e+00,-5.685773e+00,-1.293336e+00,-0.2766
71,-5.472527e+00,4.735051e+00,-6.132470e+00,-6.599432e-01,-0.1394
72,-7.254923e+00,4.794950e+00,-6.591105e+00,6.638183e-01,0.1384
73,-1.068186e+01,4.855730e+00,-7.062612e+00,3.619249e+00,0.7454
74,-1.490662e+01,4.917348e+00,-7.546857e+00,7.359766e+00,1.4967
75,-2.186295e+00,4.979773e+00,-8.043370e+00,-5.857075e+00,-1.1762
76,-1.164353e+01,5.042967e+00,-8.551593e+00,3.091941e+00,0.6131
77,-6.899648e+00,5.106902e+00,-9.070073e+00,-2.170425e+00,-0.4250
78,-5.622695e+00,5.171545e+00,-9.598362e+00,-3.975667e+00,-0.7688
79,-9.975815e+00,5.236868e+00,-1.013631e+01,-1.604913e-01,-0.0306
80,-7.317726e+00,5.302846e+00,-1.068390e+01,-3.366176e+00,-0.6348
81,-1.100627e+01,5.369435e+00,-1.124093e+01,-2.346548e-01,-0.0437
82,-1.790193e+01,5.436616e+00,-1.180702e+01,6.094915e+00,1.1211
83,-7.913482e+00,5.504335e+00,-1.238196e+01,-4.468474e+00,-0.8118
84,-5.126119e+00,5.572549e+00,-1.296524e+01,-7.839122e+00,-1.4067
85,-1.346189e+01,5.641202e+00,-1.355673e+01,-9.483769e-02,-0.0168
86,-1.136802e+01,5.710247e+00,-1.415587e+01,-2.787852e+00,-0.4882
87,-7.420665e+00,5.779635e+00,-1.476215e+01,-7.341490e+00,-1.2702
88,-1.727197e+01,5.849328e+00,-1.537502e+01,1.896946e+00,0.3243
89,-1.458903e+01,5.919301e+00,-1.599400e+01,-1.404962e+00,-0.2374
90,-9.365373e+00,5.989481e+00,-1.661874e+01,-7.253370e+00,-1.2110
91,-1.948603e+01,6.059823e+00,-1.724871e+01,2.237321e+00,0.3692
92,-1.681250e+01,6.130275e+00,-1.788368e+01,-1.071180e+00,-0.1747
93,-3.187818e+01,6.200804e+00,-1.852314e+01,1.335504e+01,2.1538
94,-1.886426e+01,6.271355e+00,-1.916687e+01,-3.026038e-01,-0.0483
95,-1.520385e+01,6.341896e+00,-1.981435e+01,-4.610492e+00,-0.7270
96,-1.714140e+01,6.412370e+00,-2.046514e+01,-3.323742e+00,-0.5183
97,-2.787341e+01,6.482737e+00,-2.111881e+01,6.754598e+00,1.0419
98,-1.473739e+01,6.552965e+00,-2.177491e+01,-7.037521e+00,-1.0739
99,-2.052243e+01,6.623008e+00,-2.243294e+01,-1.910511e+00,-0.2885
100,-2.522452e+01,6.692819e+00,-2.309237e+01,2.132157e+00,0.3186
101,-2.394646e+01,6.762344e+00,-2.375269e+01,1.937696e-01,0.0287
102,-2.240322e+01,6.831542e+00,-2.441362e+01,-2.010395e+00,-0.2943
103,-2.701669e+01,6.900393e+00,-2.507433e+01,1.942358e+00,0.2815
104,-3.060711e+01,6.968811e+00,-2.573447e+01,4.872634e+00,0.6992
105,-2.327881e+01,7.036803e+00,-2.639345e+01,-3.114644e+00,-0.4426
106,-1.986394e+01,7.104277e+00,-2.705060e+01,-7.186664e+00,-1.0116
107,-3.860037e+01,7.171240e+00,-2.770549e+01,1.089488e+01,1.5192
108,-4.284710e+01,7.237609e+00,-2.835752e+01,1.448957e+01,2.0020
109,-3.982872e+01,7.303350e+00,-2.900604e+01,1.082267e+01,1.4819
110,-2.973179e+01,7.368459e+00,-2.965061e+01,8.117469e-02,0.0110
111,-1.543394e+01,7.432839e+00,-3.029071e+01,-1.485677e+01,-1.9988
112,-3.127205e+01,7.496514e+00,-3.092558e+01,3.464716e-01,0.0462
113,-1.597861e+01,7.559377e+00,-3.155485e+01,-1.557624e+01,-2.0605
114,-1.779650e+01,7.621436e+00,-3.217785e+01,-1.438134e+01,-1.8870
115,-3.425785e+01,7.682647e+00,-3.279403e+01,1.463818e+00,0.1905
116,-4.811480e+01,7.742968e+00,-3.340287e+01,1.471193e+01,1.9000
117,-5.451772e+01,7.802371e+00,-3.400377e+01,2.051395e+01,2.6292
118,-4.186764e+01,7.860804e+00,-3.459611e+01,7.271528e+00,0.9250
119,-3.110076e+01,7.918244e+00,-3.517946e+01,-4.078692e+00,-0.5151
120,-3.465498e+01,7.974705e+00,-3.575319e+01,-1.098211e+00,-0.1377
121,-5.088394e+01,8.030069e+00,-3.631671e+01,1.456723e+01,1.8141
122,-2.772545e+01,8.084387e+00,-3.686957e+01,-9.144119e+00,-1.1311
123,-4.273020e+01,8.137571e+00,-3.741116e+01,5.319041e+00,0.6536
124,-2.083461e+01,8.189615e+00,-3.794087e+01,-1.710626e+01,-2.0888
125,-3.434509e+01,8.240510e+00,-3.845825e+01,-4.113165e+00,-0.4991
126,-3.835453e+01,8.290135e+00,-3.896277e+01,-6.082396e-01,-0.0734
127,-4.179938e+01,8.338601e+00,-3.945384e+01,2.345546e+00,0.2813
128,-5.096806e+01,8.385769e+00,-3.993098e+01,1.103708e+01,1.3162
129,-3.789654e+01,8.431640e+00,-4.039369e+01,-2.497151e+00,-0.2962
130,-3.554261e+01,8.476200e+00,-4.084134e+01,-5.298730e+00,-0.6251
131,-3.175149e+01,8.519413e+00,-4.127350e+01,-9.522006e+00,-1.1177
132,-2.748023e+01,8.561282e+00,-4.168964e+01,-1.420942e+01,-1.6597
133,-4.929806e+01,8.601731e+00,-4.208935e+01,7.208709e+00,0.8381
134,-4.574521e+01,8.640781e+00,-4.247204e+01,3.273169e+00,0.3788
135,-5.276946e+01,8.678492e+00,-4.283742e+01,9.932033e+00,1.1444
136,-5.791347e+01,8.714736e+00,-4.318485e+01,1.472861e+01,1.6901
137,-3.751618e+01,8.749591e+00,-4.351389e+01,-5.997708e+00,-0.6855
138,-4.661307e+01,8.783019e+00,-4.382419e+01,2.788881e+00,0.3175
139,-4.024394e+01,8.815037e+00,-4.411531e+01,-3.871368e+00,-0.4392
140,-2.981238e+01,8.845651e+00,-4.438682e+01,-1.457444e+01,-1.6476
141,-3.418039e+01,8.874770e+00,-4.463836e+01,-1.045797e+01,-1.1784
142,-5.776102e+01,8.902511e+00,-4.486944e+01,1.289158e+01,1.4481
143,-4.742674e+01,8.928797e+00,-4.507977e+01,2.346972e+00,0.2629
144,-4.170621e+01,8.953665e+00,-4.526891e+01,-3.562702e+00,-0.3979
145,-4.515138e+01,8.977074e+00,-4.543637e+01,-2.849877e-01,-0.0317
146,-5.234771e+01,8.999050e+00,-4.558194e+01,6.765776e+00,0.7518
147,-4.361751e+01,9.019572e+00,-4.570503e+01,-2.087514e+00,-0.2314
148,-3.858347e+01,9.038654e+00,-4.580536e+01,-7.221898e+00,-0.7990
149,-4.104693e+01,9.056270e+00,-4.588251e+01,-4.835587e+00,-0.5339
150,-4.035838e+01,9.072489e+00,-4.593605e+01,-5.577673e+00,-0.6148
151,-4.518833e+01,9.087274e+00,-4.596568e+01,-7.773506e-01,-0.0855
152,-5.103465e+01,9.100707e+00,-4.597113e+01,5.063521e+00,0.5564
153,-4.807485e+01,9.112773e+00,-4.595208e+01,2.122768e+00,0.2329
154,-3.264571e+01,9.123538e+00,-4.590839e+01,-1.326269e+01,-1.4537
155,-5.576767e+01,9.133010e+00,-4.583970e+01,9.927978e+00,1.0870
156,-4.815731e+01,9.141200e+00,-4.574585e+01,2.411465e+00,0.2638
157,-6.159478e+01,9.148158e+00,-4.562654e+01,1.596823e+01,1.7455
158,-5.415545e+01,9.153879e+00,-4.548157e+01,8.673884e+00,0.9476
159,-5.381652e+01,9.158469e+00,-4.531069e+01,8.505828e+00,0.9287
160,-4.776160e+01,9.161868e+00,-4.511378e+01,2.647822e+00,0.2890
161,-3.991044e+01,9.164170e+00,-4.489052e+01,-4.980084e+00,-0.5434
162,-4.790695e+01,9.165347e+00,-4.464085e+01,3.266100e+00,0.3564
163,-4.350258e+01,9.165508e+00,-4.436440e+01,-8.618240e-01,-0.0940
164,-5.168199e+01,9.164625e+00,-4.406117e+01,7.620823e+00,0.8315
165,-3.217351e+01,9.162762e+00,-4.373086e+01,-1.155735e+01,-1.2613
166,-5.282578e+01,9.159949e+00,-4.337340e+01,9.452377e+00,1.0319
167,-6.136226e+01,9.156217e+00,-4.298864e+01,1.837362e+01,2.0067
168,-4.144877e+01,9.151690e+00,-4.257666e+01,-1.127894e+00,-0.1232
169,-4.937701e+01,9.146354e+00,-4.213731e+01,7.239692e+00,0.7915
170,-4.477076e+01,9.140351e+00,-4.167052e+01,3.100234e+00,0.3392
171,-3.835109e+01,9.133666e+00,-4.117622e+01,-2.825125e+00,-0.3093
172,-3.365430e+01,9.126440e+00,-4.065440e+01,-7.000098e+00,-0.7670
173,-5.494791e+01,9.118669e+00,-4.010500e+01,1.484291e+01,1.6278
174,-2.843696e+01,9.110466e+00,-3.952801e+01,-1.109105e+01,-1.2174
175,-3.735778e+01,9.101876e+00,-3.892358e+01,-1.565802e+00,-0.1720
176,-5.791367e+01,9.092965e+00,-3.829165e+01,1.962202e+01,2.1579
177,-3.692865e+01,9.083816e+00,-3.763223e+01,-7.035744e-01,-0.0775
178,-4.209311e+01,9.074491e+00,-3.694539e+01,5.147723e+00,0.5673
179,-5.591003e+01,9.065032e+00,-3.623115e+01,1.967888e+01,2.1709
180,-4.348647e+01,9.055538e+00,-3.548967e+01,7.996804e+00,0.8831
181,-2.832989e+01,9.046056e+00,-3.472110e+01,-6.391210e+00,-0.7065
182,-2.176592e+01,9.036710e+00,-3.392554e+01,-1.215961e+01,-1.3456
183,-2.946421e+01,9.027512e+00,-3.310314e+01,-3.638930e+00,-0.4031
184,-4.888873e+01,9.018528e+00,-3.225413e+01,1.663461e+01,1.8445
185,-3.482023e+01,9.009927e+00,-3.137845e+01,3.441776e+00,0.3820
186,-3.354231e+01,9.001747e+00,-3.047649e+01,3.065820e+00,0.3406
187,-2.573044e+01,8.994090e+00,-2.954832e+01,-3.817880e+00,-0.4245
188,-1.501696e+01,8.987041e+00,-2.859425e+01,-1.357729e+01,-1.5108
189,-3.576639e+01,8.980649e+00,-2.761446e+01,8.151935e+00,0.9077
190,-2.146319e+01,8.975074e+00,-2.660923e+01,-5.146034e+00,-0.5734
191,-2.714838e+01,8.970335e+00,-2.557888e+01,1.569499e+00,0.1750
192,-2.498065e+01,8.966572e+00,-2.452349e+01,4.571569e-01,0.0510
193,-3.448935e+01,8.963828e+00,-2.344338e+01,1.104597e+01,1.2323
194,-5.279348e+00,8.962181e+00,-2.233898e+01,-1.705964e+01,-1.9035
195,-1.668123e+01,8.961731e+00,-2.121055e+01,-4.529320e+00,-0.5054
196,-1.578330e+00,8.962565e+00,-2.005854e+01,-1.848021e+01,-2.0619
197,-1.963816e+01,8.964735e+00,-1.888324e+01,7.549222e-01,0.0842
198,-1.292078e+01,8.968312e+00,-1.768505e+01,-4.764266e+00,-0.5312
199,-4.533902e+00,8.973369e+00,-1.646427e+01,-1.193036e+01,-1.3295
200,-9.892660e+00,8.979990e+00,-1.522142e+01,-5.328763e+00,-0.5934
201,-2.023992e+01,8.988234e+00,-1.395675e+01,6.283165e+00,0.6990
202,-8.496402e+00,8.998170e+00,-1.267085e+01,-4.174447e+00,-0.4639
203,-1.252489e+01,9.009867e+00,-1.136394e+01,1.160947e+00,0.1289
204,7.034944e+00,9.023397e+00,-1.003656e+01,-1.707150e+01,-1.8919
205,-4.199428e+00,9.038790e+00,-8.689147e+00,-4.489719e+00,-0.4967
206,-6.981928e+00,9.056116e+00,-7.322080e+00,-3.401517e-01,-0.0376
207,-4.952325e+00,9.075433e+00,-5.935742e+00,-9.834166e-01,-0.1084
208,-2.217175e+01,9.096786e+00,-4.530738e+00,1.764101e+01,1.9393
209,-1.243397e+01,9.120185e+00,-3.107606e+00,9.326368e+00,1.0226
210,1.815677e+01,9.145687e+00,-1.666906e+00,-1.982368e+01,-2.1675
211,2.157346e+00,9.173329e+00,-2.091912e-01,-2.366537e+00,-0.2580
212,7.853060e+00,9.203151e+00,1.264975e+00,-6.588085e+00,-0.7159
213,2.330663e+00,9.235128e+00,2.755037e+00,4.243739e-01,0.0460
214,1.499537e+01,9.269306e+00,4.260432e+00,-1.073494e+01,-1.1581
215,1.920273e+01,9.305708e+00,5.780573e+00,-1.342215e+01,-1.4424
216,-8.141449e+00,9.344347e+00,7.314860e+00,1.545631e+01,1.6541
217,8.502321e+00,9.385189e+00,8.862677e+00,3.603565e-01,0.0384
218,1.306100e+01,9.428249e+00,1.042352e+01,-2.637489e+00,-0.2797
219,1.368132e+01,9.473516e+00,1.199669e+01,-1.684632e+00,-0.1778
220,2.179245e+01,9.520987e+00,1.358168e+01,-8.210769e+00,-0.8624
221,1.437202e+01,9.570626e+00,1.517773e+01,8.057145e-01,0.0842
222,1.293210e+01,9.622402e+00,1.678441e+01,3.852318e+00,0.4003
223,2.523982e+01,9.676297e+00,1.840090e+01,-6.838924e+00,-0.7068
224,2.664100e+01,9.732273e+00,2.002666e+01,-6.614336e+00,-0.6796
225,2.671807e+01,9.790312e+00,2.166089e+01,-5.057177e+00,-0.5165
226,3.030626e+01,9.850364e+00,2.330307e+01,-7.003192e+00,-0.7110
227,2.473683e+01,9.912362e+00,2.495244e+01,2.156073e-01,0.0218
228,3.317888e+01,9.976318e+00,2.660834e+01,-6.570541e+00,-0.6586
229,2.436818e+00,1.004212e+01,2.827011e+01,2.583329e+01,2.5725
230,4.842751e+00,1.010978e+01,2.993706e+01,2.509431e+01,2.4822
231,3.270186e+01,1.017918e+01,3.160847e+01,-1.093390e+00,-0.1074
232,3.604769e+01,1.025033e+01,3.328366e+01,-2.764026e+00,-0.2697
233,5.058787e+01,1.032312e+01,3.496189e+01,-1.562598e+01,-1.5137
234,2.366689e+01,1.039751e+01,3.664242e+01,1.297553e+01,1.2479
235,2.261195e+01,1.047342e+01,3.832465e+01,1.571269e+01,1.5002
236,3.972931e+01,1.055077e+01,4.000776e+01,2.784560e-01,0.0264
237,4.698830e+01,1.062951e+01,4.169103e+01,-5.297275e+00,-0.4984
238,3.143962e+01,1.070954e+01,4.337377e+01,1.193415e+01,1.1143
239,5.061553e+01,1.079078e+01,4.505524e+01,-5.560288e+00,-0.5153
240,6.615069e+01,1.087316e+01,4.673457e+01,-1.941612e+01,-1.7857
241,6.942872e+01,1.095660e+01,4.841123e+01,-2.101749e+01,-1.9182
242,3.216611e+01,1.104102e+01,5.008432e+01,1.791821e+01,1.6229
243,5.800574e+01,1.112635e+01,5.175312e+01,-6.252623e+00,-0.5620
244,3.981603e+01,1.121251e+01,5.341702e+01,1.360099e+01,1.2130
245,6.375093e+01,1.129940e+01,5.507521e+01,-8.675711e+00,-0.7678
246,6.154703e+01,1.138698e+01,5.672704e+01,-4.819995e+00,-0.4233
247,4.885961e+01,1.147514e+01,5.837175e+01,9.512142e+00,0.8289
248,5.260327e+01,1.156384e+01,6.000854e+01,7.405268e+00,0.6404
249,3.775811e+01,1.165298e+01,6.163681e+01,2.387869e+01,2.0491
250,5.100821e+01,1.174250e+01,6.325575e+01,1.224753e+01,1.0430
251,3.229472e+01,1.183230e+01,6.486447e+01,3.256975e+01,2.7526
252,7.248203e+01,1.192233e+01,6.646232e+01,-6.019710e+00,-0.5049
253,6.386151e+01,1.201248e+01,6.804848e+01,4.186974e+00,0.3486
254,5.516531e+01,1.210268e+01,6.962209e+01,1.445677e+01,1.1945
255,6.774686e+01,1.219284e+01,7.118247e+01,3.435612e+00,0.2818
256,8.733639e+01,1.228288e+01,7.272883e+01,-1.460756e+01,-1.1893
257,5.327614e+01,1.237274e+01,7.426058e+01,2.098444e+01,1.6960
258,7.114511e+01,1.246233e+01,7.577670e+01,4.631593e+00,0.3716
259,6.956963e+01,1.255158e+01,7.727764e+01,7.708011e+00,0.6141
260,1.026066e+02,1.264041e+01,7.876119e+01,-2.384538e+01,-1.8864
261,7.362479e+01,1.272878e+01,8.022809e+01,6.603308e+00,0.5188
262,8.490092e+01,1.281660e+01,8.167689e+01,-3.224035e+00,-0.2516
263,9.210781e+01,1.290381e+01,8.310758e+01,-9.000229e+00,-0.6975
264,1.001458e+02,1.299035e+01,8.451871e+01,-1.562705e+01,-1.2030
265,7.373060e+01,1.307614e+01,8.591101e+01,1.218041e+01,0.9315
266,7.313447e+01,1.316114e+01,8.728229e+01,1.414781e+01,1.0750
267,8.931577e+01,1.324529e+01,8.863180e+01,-6.839682e-01,-0.0516
268,8.730040e+01,1.332852e+01,8.996031e+01,2.659904e+00,0.1996
269,1.098051e+02,1.341078e+01,9.126559e+01,-1.853952e+01,-1.3824
270,7.230200e+01,1.349198e+01,9.254842e+01,2.024642e+01,1.5006
271,1.062841e+02,1.357209e+01,9.380656e+01,-1.247756e+01,-0.9194
272,1.006488e+02,1.365103e+01,9.504079e+01,-5.608054e+00,-0.4108
273,1.092632e+02,1.372876e+01,9.624962e+01,-1.301355e+01,-0.9479
274,1.137219e+02,1.380520e+01,9.743381e+01,-1.628813e+01,-1.1799
275,1.069219e+02,1.388033e+01,9.859115e+01,-8.330740e+00,-0.6002
276,8.620935e+01,1.395407e+01,9.972240e+01,1.351305e+01,0.9684
277,1.403437e+02,1.402639e+01,1.008261e+02,-3.951758e+01,-2.8174
278,8.742259e+01,1.409724e+01,1.019015e+02,1.447889e+01,1.0271
279,1.109899e+02,1.416658e+01,1.029493e+02,-8.040537e+00,-0.5676
280,8.060565e+01,1.423437e+01,1.039682e+02,2.336253e+01,1.6413
281,9.130037e+01,1.430056e+01,1.049580e+02,1.365767e+01,0.9550
282,1.199741e+02,1.436511e+01,1.059182e+02,-1.405595e+01,-0.9785
283,1.175524e+02,1.442800e+01,1.068479e+02,-1.070455e+01,-0.7419
284,1.157601e+02,1.448919e+01,1.077464e+02,-8.013672e+00,-0.5531
285,1.169938e+02,1.454864e+01,1.086137e+02,-8.380044e+00,-0.5760
286,9.742517e+01,1.460631e+01,1.094500e+02,1.202479e+01,0.8233
287,1.043863e+02,1.466218e+01,1.102543e+02,5.867978e+00,0.4002
288,8.305762e+01,1.471620e+01,1.110253e+02,2.796768e+01,1.9005
289,1.189349e+02,1.476835e+01,1.117645e+02,-7.170425e+00,-0.4855
290,1.178498e+02,1.481859e+01,1.124696e+02,-5.380238e+00,-0.3631
291,9.433270e+01,1.486691e+01,1.131414e+02,1.880867e+01,1.2651
292,1.148278e+02,1.491326e+01,1.137792e+02,-1.048652e+00,-0.0703
293,1.146767e+02,1.495764e+01,1.143829e+02,-2.937254e-01,-0.0196
294,1.100379e+02,1.500001e+01,1.149512e+02,4.913296e+00,0.3276
295,1.380099e+02,1.504037e+01,1.154848e+02,-2.252513e+01,-1.4976
296,1.238988e+02,1.507869e+01,1.159829e+02,-7.915815e+00,-0.5250
297,1.226605e+02,1.511496e+01,1.164442e+02,-6.216385e+00,-0.4113
298,1.045901e+02,1.514917e+01,1.168692e+02,1.227914e+01,0.8105
299,1.020468e+02,1.518129e+01,1.172581e+02,1.521136e+01,1.0020
300,1.300099e+02,1.521133e+01,1.176102e+02,-1.239971e+01,-0.8152
301,1.108744e+02,1.523927e+01,1.179254e+02,7.050967e+00,0.4627
302,1.179693e+02,1.526510e+01,1.182037e+02,2.344719e-01,0.0154
303,1.127059e+02,1.528882e+01,1.184453e+02,5.739365e+00,0.3754
304,1.390492e+02,1.531043e+01,1.186500e+02,-2.039918e+01,-1.3324
305,1.248537e+02,1.532991e+01,1.188172e+02,-6.036494e+00,-0.3938
306,1.098318e+02,1.534726e+01,1.189469e+02,9.115098e+00,0.5939
307,1.035775e+02,1.536248e+01,1.190391e+02,1.546153e+01,1.0064
308,1.259222e+02,1.537558e+01,1.190938e+02,-6.828393e+00,-0.4441
309,1.109929e+02,1.538656e+01,1.191110e+02,8.118135e+00,0.5276
310,9.476298e+01,1.539541e+01,1.190908e+02,2.432783e+01,1.5802
311,1.562789e+02,1.540216e+01,1.190317e+02,-3.724723e+01,-2.4183
312,1.185798e+02,1.540680e+01,1.189352e+02,3.553114e-01,0.0231
313,1.263138e+02,1.540934e+01,1.188005e+02,-7.513345e+00,-0.4876
314,1.117660e+02,1.540980e+01,1.186276e+02,6.861623e+00,0.4453
315,1.276983e+02,1.540819e+01,1.184167e+02,-9.281620e+00,-0.6024
316,1.356238e+02,1.540452e+01,1.181677e+02,-1.745613e+01,-1.1332
317,1.019097e+02,1.539881e+01,1.178813e+02,1.597163e+01,1.0372
318,8.723011e+01,1.539108e+01,1.175569e+02,3.032679e+01,1.9704
319,1.109142e+02,1.538134e+01,1.171944e+02,6.280178e+00,0.4083
320,1.104073e+02,1.536962e+01,1.167946e+02,6.387320e+00,0.4156
321,7.943208e+01,1.535594e+01,1.163576e+02,3.692551e+01,2.4046
322,1.584971e+02,1.534032e+01,1.158825e+02,-4.261459e+01,-2.7779
323,1.126912e+02,1.532279e+01,1.153702e+02,2.679043e+00,0.1748
324,1.228550e+02,1.530339e+01,1.148214e+02,-8.033603e+00,-0.5250
325,1.275969e+02,1.528212e+01,1.142354e+02,-1.336153e+01,-0.8743
326,1.310057e+02,1.525903e+01,1.136129e+02,-1.739277e+01,-1.1398
327,1.409060e+02,1.523416e+01,1.129532e+02,-2.795282e+01,-1.8349
328,1.240177e+02,1.520752e+01,1.122571e+02,-1.176062e+01,-0.7733
329,1.090077e+02,1.517915e+01,1.115260e+02,2.518291e+00,0.1659
330,1.057311e+02,1.514910e+01,1.107585e+02,5.027472e+00,0.3319
331,1.165971e+02,1.511740e+01,1.099554e+02,-6.641750e+00,-0.4393
332,1.132417e+02,1.508408e+01,1.091166e+02,-4.125083e+00,-0.2735
333,8.927575e+01,1.504918e+01,1.082437e+02,1.896794e+01,1.2604
334,9.331112e+01,1.501276e+01,1.073359e+02,1.402477e+01,0.9342
335,1.058409e+02,1.497485e+01,1.063940e+02,5.531057e-01,0.0369
336,1.216641e+02,1.493549e+01,1.054179e+02,-1.624621e+01,-1.0878
337,9.649889e+01,1.489473e+01,1.044093e+02,7.910391e+00,0.5311
338,8.540677e+01,1.485261e+01,1.033673e+02,1.796051e+01,1.2092
339,1.018567e+02,1.480919e+01,1.022934e+02,4.367874e-01,0.0295
340,1.234856e+02,1.476452e+01,1.011878e+02,-2.229782e+01,-1.5102
341,1.166183e+02,1.471863e+01,1.000502e+02,-1.656802e+01,-1.1256
342,1.087037e+02,1.467158e+01,9.888091e+01,-9.822795e+00,-0.6695
343,7.542513e+01,1.462343e+01,9.768125e+01,2.225612e+01,1.5219
344,7.906633e+01,1.457423e+01,9.645053e+01,1.738420e+01,1.1928
345,8.522649e+01,1.452401e+01,9.518951e+01,9.963021e+00,0.6860
346,9.231092e+01,1.447285e+01,9.389819e+01,1.587277e+00,0.1097
347,8.701364e+01,1.442080e+01,9.257732e+01,5.563684e+00,0.3858
348,7.868861e+01,1.436791e+01,9.122692e+01,1.253830e+01,0.8727
349,8.813932e+01,1.431424e+01,8.984921e+01,1.709895e+00,0.1195
350,9.774761e+01,1.425985e+01,8.844347e+01,-9.304140e+00,-0.6525
351,9.321142e+01,1.420479e+01,8.701117e+01,-6.200248e+00,-0.4365
352,8.077132e+01,1.414913e+01,8.555308e+01,4.781765e+00,0.3380
353,8.174257e+01,1.409293e+01,8.406920e+01,2.326629e+00,0.1651
354,1.050628e+02,1.403623e+01,8.256175e+01,-2.250110e+01,-1.6031
355,6.283074e+01,1.397911e+01,8.102999e+01,1.819925e+01,1.3019
356,9.117851e+01,1.392162e+01,7.947468e+01,-1.170383e+01,-0.8407
357,6.822080e+01,1.386384e+01,7.789655e+01,9.675746e+00,0.6979
358,6.820332e+01,1.380580e+01,7.629635e+01,8.093023e+00,0.5862
359,6.982202e+01,1.374757e+01,7.467408e+01,4.852060e+00,0.3529
360,9.207339e+01,1.368923e+01,7.303123e+01,-1.904216e+01,-1.3910
361,6.342035e+01,1.363081e+01,7.136675e+01,7.946402e+00,0.5830
362,7.619875e+01,1.357238e+01,6.968251e+01,-6.516242e+00,-0.4801
363,6.149338e+01,1.351401e+01,6.797910e+01,6.485721e+00,0.4799
364,7.776804e+01,1.345575e+01,6.625718e+01,-1.151085e+01,-0.8555
365,6.857196e+01,1.339766e+01,6.451758e+01,-4.054381e+00,-0.3026
366,4.076146e+01,1.333981e+01,6.276111e+01,2.199965e+01,1.6492
367,3.830887e+01,1.328225e+01,6.098843e+01,2.267956e+01,1.7075
368,7.149306e+01,1.322503e+01,5.920044e+01,-1.229262e+01,-0.9295
369,5.214161e+01,1.316823e+01,5.739788e+01,5.256263e+00,0.3992
370,4.468888e+01,1.311188e+01,5.558140e+01,1.089252e+01,0.8307
371,4.825606e+01,1.305606e+01,5.375191e+01,5.495846e+00,0.4209
372,4.118815e+01,1.300081e+01,5.191006e+01,1.072191e+01,0.8247
373,5.570128e+01,1.294619e+01,5.005667e+01,-5.644609e+00,-0.4360
374,5.614230e+01,1.289224e+01,4.819256e+01,-7.949748e+00,-0.6166
375,4.297604e+01,1.283901e+01,4.631830e+01,3.342266e+00,0.2603
376,5.035009e+01,1.278656e+01,4.443480e+01,-5.915298e+00,-0.4626
377,4.303981e+01,1.273493e+01,4.254270e+01,-4.971064e-01,-0.0390
378,4.082936e+01,1.268416e+01,4.064276e+01,-1.865985e-01,-0.0147
379,6.893812e+01,1.263431e+01,3.873578e+01,-3.020234e+01,-2.3905
380,3.558808e+01,1.258540e+01,3.682249e+01,1.234407e+00,0.0981
381,1.483264e+01,1.253750e+01,3.490357e+01,2.007093e+01,1.6009
382,2.309722e+01,1.249062e+01,3.297981e+01,9.882595e+00,0.7912
383,3.083928e+01,1.244482e+01,3.105204e+01,2.127626e-01,0.0171
384,3.914585e+01,1.240012e+01,2.912113e+01,-1.002471e+01,-0.8084
385,2.023717e+01,1.235658e+01,2.718783e+01,6.950660e+00,0.5625
386,2.982992e+01,1.231421e+01,2.525308e+01,-4.576842e+00,-0.3717
387,2.065640e+01,1.227303e+01,2.331762e+01,2.661214e+00,0.2168
388,4.981288e+01,1.223309e+01,2.138233e+01,-2.843054e+01,-2.3241
389,1.393477e+01,1.219439e+01,1.944803e+01,5.513265e+00,0.4521
390,1.548550e+01,1.215697e+01,1.751553e+01,2.030026e+00,0.1670
391,1.201056e+01,1.212082e+01,1.558562e+01,3.575052e+00,0.2950
392,-9.617062e+00,1.208597e+01,1.365911e+01,2.327618e+01,1.9259
393,4.265783e+01,1.205243e+01,1.173675e+01,-3.092108e+01,-2.5655
394,2.296852e+01,1.202020e+01,9.819257e+00,-1.314926e+01,-1.0939
395,7.743663e+00,1.198929e+01,7.907517e+00,1.638537e-01,0.0137
396,2.133498e+01,1.195970e+01,6.002254e+00,-1.533273e+01,-1.2820
397,-1.458932e+01,1.193143e+01,4.104259e+00,1.869358e+01,1.5668
398,-7.399659e+00,1.190448e+01,2.214271e+00,9.613930e+00,0.8076
399,2.885086e+00,1.187885e+01,3.330667e-01,-2.552019e+00,-0.2148
400,-4.260334e+00,1.185453e+01,-1.538599e+00,2.721735e+00,0.2296
401,1.790064e+01,1.183149e+01,-3.399976e+00,-2.130062e+01,-1.8003
402,1.530931e+01,1.180975e+01,-5.250309e+00,-2.055961e+01,-1.7409
403,-4.926992e+00,1.178926e+01,-7.088870e+00,-2.161879e+00,-0.1834
404,2.180998e+00,1.177004e+01,-8.914886e+00,-1.109588e+01,-0.9427
405,-1.335998e+01,1.175203e+01,-1.072763e+01,2.632352e+00,0.2240
406,-3.189959e+01,1.173524e+01,-1.252643e+01,1.937316e+01,1.6509
407,-3.317889e+01,1.171962e+01,-1.431044e+01,1.886845e+01,1.6100
408,-2.801282e+01,1.170516e+01,-1.607893e+01,1.193390e+01,1.0195
409,-1.005269e+01,1.169182e+01,-1.783119e+01,-7.778502e+00,-0.6653
410,-1.142891e+01,1.167957e+01,-1.956643e+01,-8.137529e+00,-0.6967
411,-2.153373e+01,1.166838e+01,-2.128417e+01,2.495579e-01,0.0214
412,-2.318799e+01,1.165820e+01,-2.298362e+01,2.043654e-01,0.0175
413,-2.607503e+01,1.164903e+01,-2.466428e+01,1.410752e+00,0.1211
414,-1.294506e+01,1.164080e+01,-2.632545e+01,-1.338038e+01,-1.1494
415,-3.867530e+01,1.163347e+01,-2.796655e+01,1.070875e+01,0.9205
416,-2.840300e+01,1.162702e+01,-2.958702e+01,-1.184020e+00,-0.1018
417,-2.846620e+01,1.162139e+01,-3.118609e+01,-2.719889e+00,-0.2340
418,-2.850244e+01,1.161656e+01,-3.276324e+01,-4.260799e+00,-0.3668
419,-2.856583e+01,1.161245e+01,-3.431779e+01,-5.751952e+00,-0.4953
420,-3.401032e+01,1.160906e+01,-3.584915e+01,-1.838821e+00,-0.1584
421,-4.364377e+01,1.160631e+01,-3.735669e+01,6.287079e+00,0.5417
422,-4.194145e+01,1.160416e+01,-3.883970e+01,3.101754e+00,0.2673
423,-4.244996e+01,1.160258e+01,-4.029761e+01,2.152346e+00,0.1855
424,-5.423575e+01,1.160151e+01,-4.172987e+01,1.250588e+01,1.0780
425,-4.994406e+01,1.160092e+01,-4.313590e+01,6.808162e+00,0.5869
426,-2.905025e+01,1.160075e+01,-4.451544e+01,-1.546519e+01,-1.3331
427,-5.741843e+01,1.160097e+01,-4.586800e+01,1.155042e+01,0.9956
428,-3.162804e+01,1.160153e+01,-4.719317e+01,-1.556513e+01,-1.3416
429,-5.265075e+01,1.160239e+01,-4.849060e+01,4.160148e+00,0.3586
430,-5.616490e+01,1.160350e+01,-4.975973e+01,6.405169e+00,0.5520
431,-4.481996e+01,1.160482e+01,-5.100029e+01,-6.180323e+00,-0.5326
432,-6.142619e+01,1.160631e+01,-5.221186e+01,9.214325e+00,0.7939
433,-5.313764e+01,1.160792e+01,-5.339389e+01,-2.562470e-01,-0.0221
434,-5.746547e+01,1.160962e+01,-5.454610e+01,2.919371e+00,0.2515
435,-6.640607e+01,1.161135e+01,-5.566793e+01,1.073814e+01,0.9248
436,-4.489209e+01,1.161310e+01,-5.675904e+01,-1.186695e+01,-1.0219
437,-8.431351e+01,1.161480e+01,-5.781901e+01,2.649449e+01,2.2811
438,-6.760656e+01,1.161643e+01,-5.884743e+01,8.759127e+00,0.7540
439,-5.008266e+01,1.161795e+01,-5.984388e+01,-9.761216e+00,-0.8402
440,-7.015544e+01,1.161933e+01,-6.080816e+01,9.347284e+00,0.8045
441,-6.380833e+01,1.162054e+01,-6.173993e+01,2.068398e+00,0.1780
442,-6.190879e+01,1.162154e+01,-6.263893e+01,-7.301365e-01,-0.0628
443,-5.336867e+01,1.162231e+01,-6.350474e+01,-1.013607e+01,-0.8721
444,-6.039920e+01,1.162283e+01,-6.433715e+01,-3.937955e+00,-0.3388
445,-5.686134e+01,1.162306e+01,-6.513592e+01,-8.274574e+00,-0.7119
446,-5.909554e+01,1.162299e+01,-6.590075e+01,-6.805209e+00,-0.5855
447,-7.600077e+01,1.162258e+01,-6.663169e+01,9.369085e+00,0.8061
448,-7.105148e+01,1.162182e+01,-6.732854e+01,3.722946e+00,0.3203
449,-5.416234e+01,1.162068e+01,-6.799117e+01,-1.382883e+01,-1.1900
450,-6.727999e+01,1.161915e+01,-6.861954e+01,-1.339545e+00,-0.1153
451,-6.290052e+01,1.161720e+01,-6.921352e+01,-6.313003e+00,-0.5434
452,-8.200000e+01,1.161482e+01,-6.977293e+01,1.222708e+01,1.0527
453,-6.680010e+01,1.161200e+01,-7.029763e+01,-3.497531e+00,-0.3012
454,-7.466561e+01,1.160871e+01,-7.078743e+01,3.878181e+00,0.3341
455,-6.450724e+01,1.160495e+01,-7.124220e+01,-6.734960e+00,-0.5804
456,-9.319900e+01,1.160070e+01,-7.166176e+01,2.153724e+01,1.8565
457,-6.433393e+01,1.159597e+01,-7.204596e+01,-7.712032e+00,-0.6651
458,-7.961761e+01,1.159075e+01,-7.239455e+01,7.223062e+00,0.6232
459,-8.395391e+01,1.158504e+01,-7.270761e+01,1.124630e+01,0.9708
460,-7.880384e+01,1.157885e+01,-7.298525e+01,5.818586e+00,0.5025
461,-7.689144e+01,1.157215e+01,-7.322675e+01,3.664694e+00,0.3167
462,-7.261741e+01,1.156498e+01,-7.343435e+01,-8.169429e-01,-0.0706
463,-6.742253e+01,1.155731e+01,-7.360660e+01,-6.184061e+00,-0.5351
464,-7.367959e+01,1.154918e+01,-7.374425e+01,-6.465501e-02,-0.0056
465,-8.551892e+01,1.154056e+01,-7.384733e+01,1.167159e+01,1.0114
466,-7.502720e+01,1.153148e+01,-7.391661e+01,1.110589e+00,0.0963
467,-1.001954e+02,1.152195e+01,-7.395136e+01,2.624409e+01,2.2777
468,-8.924162e+01,1.151196e+01,-7.395234e+01,1.528928e+01,1.3281
469,-7.964421e+01,1.150154e+01,-7.391958e+01,5.724632e+00,0.4977
470,-8.378195e+01,1.149069e+01,-7.385309e+01,9.928862e+00,0.8641
471,-7.393678e+01,1.147943e+01,-7.375216e+01,1.846251e-01,0.0161
472,-6.041691e+01,1.146778e+01,-7.361827e+01,-1.320137e+01,-1.1512
473,-6.443676e+01,1.145575e+01,-7.344998e+01,-9.013219e+00,-0.7868
474,-7.521685e+01,1.144336e+01,-7.324952e+01,1.967331e+00,0.1719
475,-7.288004e+01,1.143063e+01,-7.301542e+01,-1.353815e-01,-0.0118
476,-9.016885e+01,1.141758e+01,-7.274845e+01,1.742040e+01,1.5258
477,-8.150969e+01,1.140425e+01,-7.244936e+01,9.060330e+00,0.7945
478,-7.648640e+01,1.139064e+01,-7.211817e+01,4.368230e+00,0.3835
479,-6.670833e+01,1.137679e+01,-7.175593e+01,-5.047601e+00,-0.4437
480,-8.426866e+01,1.136272e+01,-7.136207e+01,1.290659e+01,1.1359
481,-7.064857e+01,1.134846e+01,-7.093734e+01,-2.887692e-01,-0.0254
482,-6.229029e+01,1.133403e+01,-7.048206e+01,-8.191765e+00,-0.7228
483,-6.533778e+01,1.131946e+01,-6.999660e+01,-4.658820e+00,-0.4116
484,-7.375740e+01,1.130479e+01,-6.948135e+01,4.276047e+00,0.3783
485,-5.724066e+01,1.129003e+01,-6.893663e+01,-1.169597e+01,-1.0360
486,-9.496816e+01,1.127522e+01,-6.836288e+01,2.660528e+01,2.3596
487,-5.953960e+01,1.126039e+01,-6.776042e+01,-8.220821e+00,-0.7301
488,-5.731556e+01,1.124557e+01,-6.712978e+01,-9.814217e+00,-0.8727
489,-6.264791e+01,1.123079e+01,-6.647148e+01,-3.823572e+00,-0.3405
490,-6.951547e+01,1.121609e+01,-6.578599e+01,3.729478e+00,0.3325
491,-7.662271e+01,1.120149e+01,-6.507390e+01,1.154881e+01,1.0310
492,-8.061441e+01,1.118704e+01,-6.433560e+01,1.627881e+01,1.4551
493,-8.169666e+01,1.117276e+01,-6.357176e+01,1.812490e+01,1.6222
494,-8.460462e+01,1.115870e+01,-6.278268e+01,2.182194e+01,1.9556
495,-6.710001e+01,1.114486e+01,-6.196912e+01,5.130883e+00,0.4604
496,-5.247286e+01,1.113133e+01,-6.113146e+01,-8.658595e+00,-0.7779
497,-7.905332e+01,1.111812e+01,-6.027028e+01,1.878304e+01,1.6894
498,-6.524459e+01,1.110526e+01,-5.938620e+01,5.858392e+00,0.5275
499,-5.371667e+01,1.109267e+01,-5.847973e+01,-4.763066e+00,-0.4294
500,-6.605106e+01,1.108063e+01,-5.755133e+01,8.499727e+00,0.7671
501,-5.978935e+01,1.106888e+01,-5.660167e+01,3.187683e+00,0.2880
502,-5.564735e+01,1.105778e+01,-5.563140e+01,1.595002e-02,0.0014
503,-5.674894e+01,1.104268e+01,-5.464104e+01,2.107893e+00,0.1909
504,-4.843365e+01,1.103257e+01,-5.363148e+01,-5.197832e+00,-0.4711
505,-3.988487e+01,1.057725e+01,-5.260329e+01,-1.271842e+01,-1.2024
506,-4.241802e+01,1.056340e+01,-5.155715e+01,-9.139126e+00,-0.8652
507,-4.769797e+01,1.054368e+01,-5.049369e+01,-2.795725e+00,-0.2652
508,-5.770682e+01,1.053131e+01,-4.941367e+01,8.293149e+00,0.7875
509,-5.019142e+01,1.051973e+01,-4.831773e+01,1.873688e+00,0.1781
510,-5.497674e+01,1.050899e+01,-4.720660e+01,7.770137e+00,0.7394
511,-4.753662e+01,1.049886e+01,-4.608088e+01,1.455745e+00,0.1387
512,-4.457670e+01,1.048985e+01,-4.494128e+01,-3.645729e-01,-0.0348
513,-4.151152e+01,1.048164e+01,-4.378853e+01,-2.277014e+00,-0.2172
514,-5.646421e+01,1.047449e+01,-4.262322e+01,1.384099e+01,1.3214
515,-5.284362e+01,1.046829e+01,-4.144608e+01,1.139754e+01,1.0888
516,-5.263757e+01,1.046310e+01,-4.025791e+01,1.237967e+01,1.1832
517,-3.339289e+01,1.045890e+01,-3.905928e+01,-5.666386e+00,-0.5418
518,-4.796138e+01,1.045576e+01,-3.785100e+01,1.011039e+01,0.9670
519,-9.306404e+00,1.045367e+01,-3.663379e+01,-2.732738e+01,-2.6141
520,-4.097951e+01,1.045266e+01,-3.540830e+01,5.571208e+00,0.5330
521,-3.512922e+01,1.045274e+01,-3.417534e+01,9.538800e-01,0.0913
522,-5.101373e+01,1.045394e+01,-3.293555e+01,1.807818e+01,1.7293
523,-3.589601e+01,1.045625e+01,-3.168966e+01,4.206342e+00,0.4023
524,-1.561189e+01,1.045970e+01,-3.043847e+01,-1.482659e+01,-1.4175
525,-1.495482e+01,1.046428e+01,-2.918263e+01,-1.422781e+01,-1.3597
526,-1.252893e+01,1.047000e+01,-2.792285e+01,-1.539392e+01,-1.4703
527,-3.941192e+01,1.047686e+01,-2.665987e+01,1.275205e+01,1.2172
528,-3.536882e+01,1.048487e+01,-2.539448e+01,9.974342e+00,0.9513
529,-1.441879e+01,1.049402e+01,-2.412724e+01,-9.708449e+00,-0.9251
530,-2.838621e+01,1.050431e+01,-2.285911e+01,5.527095e+00,0.5262
531,-1.111017e+01,1.051573e+01,-2.159074e+01,-1.048057e+01,-0.9967
532,-2.664577e+01,1.052828e+01,-2.032306e+01,6.322714e+00,0.6005
533,-3.065481e+01,1.054196e+01,-1.905664e+01,1.159817e+01,1.1002
534,-2.333715e+01,1.055675e+01,-1.779244e+01,5.544707e+00,0.5252
535,-3.787493e+01,1.057265e+01,-1.653110e+01,2.134384e+01,2.0188
536,-3.940110e+00,1.058963e+01,-1.527355e+01,-1.133344e+01,-1.0702
537,-8.043824e+00,1.060769e+01,-1.402036e+01,-5.976539e+00,-0.5634
538,-1.256225e+01,1.062682e+01,-1.277234e+01,-2.100944e-01,-0.0198
539,-1.637771e+01,1.064699e+01,-1.153027e+01,4.847438e+00,0.4553
540,-1.174321e+01,1.066819e+01,-1.029480e+01,1.448404e+00,0.1358
541,6.075316e+00,1.069040e+01,-9.066645e+00,-1.514196e+01,-1.4164
542,-1.676291e+01,1.071358e+01,-7.846594e+00,8.916314e+00,0.8322
543,1.084529e+01,1.073771e+01,-6.635315e+00,-1.748060e+01,-1.6280
544,6.215103e+00,1.076277e+01,-5.433516e+00,-1.164862e+01,-1.0823
545,3.126862e+00,1.078873e+01,-4.241855e+00,-7.368717e+00,-0.6830
546,-1.850661e+01,1.081555e+01,-3.060996e+00,1.544561e+01,1.4281
547,1.333923e+00,1.084321e+01,-1.891620e+00,-3.225543e+00,-0.2975
548,-2.129924e-01,1.087168e+01,-7.343740e-01,-5.213816e-01,-0.0480
549,-4.591623e+00,1.090093e+01,4.100525e-01,5.001675e+00,0.4588
550,-7.247303e+00,1.093091e+01,1.541003e+00,8.788305e+00,0.8040
551,3.108406e+00,1.096162e+01,2.657787e+00,-4.506196e-01,-0.0411
552,-8.539533e-01,1.099300e+01,3.759727e+00,4.613681e+00,0.4197
553,-9.666301e+00,1.102504e+01,4.846148e+00,1.451245e+01,1.3163
554,-1.093729e+01,1.105769e+01,5.916387e+00,1.685367e+01,1.5242
555,1.947512e+00,1.109092e+01,6.969761e+00,5.022249e+00,0.4528
556,4.160091e+01,1.112471e+01,8.005593e+00,-3.359532e+01,-3.0199
557,1.414619e+01,1.115901e+01,9.023281e+00,-5.122913e+00,-0.4591
558,1.112010e+00,1.119379e+01,1.002212e+01,8.910110e+00,0.7960
559,-6.376896e+00,1.122901e+01,1.100163e+01,1.737853e+01,1.5476
560,6.364492e+00,1.126462e+01,1.196120e+01,5.596708e+00,0.4968
561,1.059422e+01,1.130060e+01,1.290019e+01,2.305972e+00,0.2041
562,2.227122e+01,1.133691e+01,1.381821e+01,-8.453009e+00,-0.7456
563,1.270979e+01,1.137350e+01,1.471448e+01,2.004692e+00,0.1763
564,2.777139e+01,1.141033e+01,1.558853e+01,-1.218286e+01,-1.0677
565,-1.642503e+01,1.144738e+01,1.643988e+01,3.286491e+01,2.8710
566,2.589741e+01,1.148462e+01,1.726805e+01,-8.629359e+00,-0.7514
567,2.404921e+01,1.152199e+01,1.807243e+01,-5.976781e+00,-0.5187
568,1.483084e+01,1.155946e+01,1.885260e+01,4.021764e+00,0.3479
569,7.458993e+00,1.159702e+01,1.960810e+01,1.214911e+01,1.0476
570,1.115240e+01,1.163461e+01,2.033845e+01,9.186051e+00,0.7895
571,1.986084e+01,1.167222e+01,2.104310e+01,1.182259e+00,0.1013
572,3.165611e+01,1.170980e+01,2.172179e+01,-9.934323e+00,-0.8484
573,3.013087e+01,1.174733e+01,2.237397e+01,-7.756904e+00,-0.6603
574,1.887874e+01,1.178478e+01,2.299939e+01,4.120644e+00,0.3497
575,2.290125e+01,1.182211e+01,2.359772e+01,6.964652e-01,0.0589
576,9.559493e+00,1.185930e+01,2.416856e+01,1.460906e+01,1.2319
577,2.264775e+01,1.189631e+01,2.471150e+01,2.063749e+00,0.1735
578,2.717268e+01,1.193313e+01,2.522614e+01,-1.946539e+00,-0.1631
579,1.145013e+01,1.196972e+01,2.571230e+01,1.426217e+01,1.1915
580,2.837440e+01,1.200605e+01,2.616958e+01,-2.204814e+00,-0.1836
581,3.464108e+01,1.204210e+01,2.659757e+01,-8.043512e+00,-0.6679
582,3.054008e+01,1.207786e+01,2.699594e+01,-3.544144e+00,-0.2934
583,2.075598e+01,1.211328e+01,2.736444e+01,6.608452e+00,0.5456
584,2.836448e+01,1.214838e+01,2.770265e+01,-6.618322e-01,-0.0545
585,3.423590e+01,1.218310e+01,2.801033e+01,-6.225578e+00,-0.5110
586,9.032341e+00,1.221744e+01,2.828713e+01,1.925479e+01,1.5760
587,3.658122e+01,1.225139e+01,2.853296e+01,-8.048263e+00,-0.6569
588,2.871956e+01,1.228491e+01,2.874755e+01,2.799316e-02,0.0023
589,3.534379e+01,1.231801e+01,2.893072e+01,-6.413075e+00,-0.5206
590,3.360565e+01,1.235067e+01,2.908220e+01,-4.523448e+00,-0.3663
591,2.041187e+01,1.238288e+01,2.920190e+01,8.790026e+00,0.7099
592,1.347541e+01,1.241461e+01,2.928946e+01,1.581405e+01,1.2738
593,3.042208e+01,1.244587e+01,2.934486e+01,-1.077217e+00,-0.0866
594,3.415083e+01,1.247662e+01,2.936799e+01,-4.782836e+00,-0.3833
595,4.744055e+01,1.250688e+01,2.935873e+01,-1.808183e+01,-1.4458
596,3.126936e+01,1.253663e+01,2.931696e+01,-1.952407e+00,-0.1557
597,1.308787e+01,1.256586e+01,2.924250e+01,1.615462e+01,1.2856
598,9.192607e+00,1.259457e+01,2.913538e+01,1.994277e+01,1.5834
599,3.720768e+01,1.262274e+01,2.899541e+01,-8.212268e+00,-0.6506
600,9.769472e+00,1.265038e+01,2.882263e+01,1.905315e+01,1.5061
601,3.796011e+01,1.267748e+01,2.861706e+01,-9.343051e+00,-0.7370
602,5.220074e+01,1.270405e+01,2.837882e+01,-2.382192e+01,-1.8751
603,1.643350e+01,1.273007e+01,2.810778e+01,1.167428e+01,0.9171
604,2.235490e+01,1.275556e+01,2.780405e+01,5.449149e+00,0.4272
605,3.017553e+01,1.278051e+01,2.746767e+01,-2.707861e+00,-0.2119
606,3.497745e+01,1.280493e+01,2.709872e+01,-7.878726e+00,-0.6153
607,4.265571e+01,1.282881e+01,2.669718e+01,-1.595854e+01,-1.2440
608,3.633829e+01,1.285217e+01,2.626321e+01,-1.007508e+01,-0.7839
609,1.700590e+01,1.287501e+01,2.579699e+01,8.791082e+00,0.6828
610,2.891716e+01,1.289734e+01,2.529854e+01,-3.618617e+00,-0.2806
611,5.656653e+01,1.291916e+01,2.476797e+01,-3.179856e+01,-2.4613
612,2.077503e+01,1.294048e+01,2.420538e+01,3.430347e+00,0.2651
613,2.833729e+01,1.296131e+01,2.361094e+01,-4.726354e+00,-0.3647
614,7.787233e+00,1.298165e+01,2.298489e+01,1.519766e+01,1.1707
615,1.071353e+01,1.300152e+01,2.232749e+01,1.161396e+01,0.8933
616,5.357844e+01,1.302094e+01,2.163912e+01,-3.193932e+01,-2.4529
617,3.177272e+01,1.303990e+01,2.091996e+01,-1.085276e+01,-0.8323
618,4.476839e+01,1.305843e+01,2.017039e+01,-2.459800e+01,-1.8837
619,2.020433e+01,1.307653e+01,1.939067e+01,-8.136629e-01,-0.0622
620,1.435928e+01,1.309423e+01,1.858110e+01,4.221822e+00,0.3224
621,1.219464e+01,1.311153e+01,1.774193e+01,5.547286e+00,0.4231
622,2.400834e+01,1.312846e+01,1.687355e+01,-7.134789e+00,-0.5435
623,-1.003337e+01,1.314502e+01,1.597627e+01,2.600964e+01,1.9787
624,1.774501e+01,1.316124e+01,1.505033e+01,-2.694684e+00,-0.2047
625,2.281351e+01,1.317714e+01,1.409604e+01,-8.717470e+00,-0.6616
626,4.123651e+00,1.319272e+01,1.311379e+01,8.990142e+00,0.6814
627,8.977247e+00,1.320801e+01,1.210382e+01,3.126575e+00,0.2367
628,1.803726e+01,1.322302e+01,1.106651e+01,-6.970753e+00,-0.5272
629,4.543048e+00,1.323778e+01,1.000239e+01,5.459345e+00,0.4124
630,4.688444e+00,1.325230e+01,8.911851e+00,4.223406e+00,0.3187
631,7.788465e+00,1.326659e+01,7.795266e+00,6.800775e-03,0.0005
632,2.936183e+01,1.328068e+01,6.653169e+00,-2.270867e+01,-1.7099
633,6.798052e+00,1.329459e+01,5.485866e+00,-1.312186e+00,-0.0987
634,6.577840e+00,1.330833e+01,4.293885e+00,-2.283955e+00,-0.1716
635,1.242228e+01,1.332192e+01,3.077724e+00,-9.344558e+00,-0.7014
636,2.151906e+00,1.333539e+01,1.837857e+00,-3.140494e-01,-0.0236
637,1.233439e+01,1.334875e+01,5.748027e-01,-1.175959e+01,-0.8810
638,-1.167477e+01,1.336202e+01,-7.109210e-01,1.096384e+01,0.8205
639,1.655304e+00,1.337522e+01,-2.018820e+00,-3.674124e+00,-0.2747
640,-7.039597e+00,1.338838e+01,-3.348379e+00,3.691218e+00,0.2757
641,9.070371e-01,1.340150e+01,-4.699079e+00,-5.606116e+00,-0.4183
642,-1.895819e+01,1.341462e+01,-6.070336e+00,1.288785e+01,0.9607
643,9.742865e-01,1.342774e+01,-7.461561e+00,-8.435847e+00,-0.6282
644,1.032361e+01,1.344089e+01,-8.872151e+00,-1.919576e+01,-1.4282
645,-8.896956e-01,1.345408e+01,-1.030152e+01,-9.411824e+00,-0.6996
646,4.478379e+00,1.346733e+01,-1.174908e+01,-1.622746e+01,-1.2049
647,-2.051452e+01,1.348066e+01,-1.321417e+01,7.300344e+00,0.5415
648,-1.125537e+01,1.349408e+01,-1.469633e+01,-3.440959e+00,-0.2550
649,-5.603591e+00,1.350761e+01,-1.619475e+01,-1.059116e+01,-0.7841
650,2.762908e+00,1.352126e+01,-1.770891e+01,-2.047181e+01,-1.5140
651,-2.713103e+01,1.353505e+01,-1.923807e+01,7.892964e+00,0.5831
652,-3.732072e+00,1.354900e+01,-2.078159e+01,-1.704951e+01,-1.2584
653,-2.797981e+01,1.356311e+01,-2.233889e+01,5.640921e+00,0.4159
654,-1.104314e+01,1.357741e+01,-2.390933e+01,-1.286619e+01,-0.9476
655,-4.168641e+01,1.359189e+01,-2.549226e+01,1.619416e+01,1.1915
656,-3.076254e+01,1.360658e+01,-2.708688e+01,3.675659e+00,0.2701
657,5.109728e+00,1.362149e+01,-2.869272e+01,-3.380245e+01,-2.4816
658,-1.752217e+01,1.363663e+01,-3.030889e+01,-1.278672e+01,-0.9377
659,-2.471271e+01,1.365201e+01,-3.193483e+01,-7.222120e+00,-0.5290
660,6.267444e+00,1.366763e+01,-3.356982e+01,-3.983726e+01,-2.9147
661,-4.370490e+01,1.368351e+01,-3.521315e+01,8.491753e+00,0.6206
662,-4.849411e+01,1.369965e+01,-3.686418e+01,1.162993e+01,0.8489
663,-2.170587e+01,1.371606e+01,-3.852212e+01,-1.681625e+01,-1.2260
664,-4.717787e+01,1.373275e+01,-4.018625e+01,6.991616e+00,0.5091
665,-1.874720e+01,1.374971e+01,-4.185595e+01,-2.310875e+01,-1.6807
666,-5.728743e+01,1.376696e+01,-4.353049e+01,1.375695e+01,0.9993
667,-5.388035e+01,1.378449e+01,-4.520909e+01,8.671262e+00,0.6291
668,-4.020568e+01,1.380231e+01,-4.689104e+01,-6.685362e+00,-0.4844
669,-3.569417e+01,1.382042e+01,-4.857570e+01,-1.288153e+01,-0.9321
670,-5.084155e+01,1.383882e+01,-5.026230e+01,5.792502e-01,0.0419
671,-5.094884e+01,1.385751e+01,-5.195011e+01,-1.001273e+00,-0.0723
672,-8.323945e+01,1.387649e+01,-5.363852e+01,2.960093e+01,2.1332
673,-6.562736e+01,1.389575e+01,-5.532665e+01,1.030071e+01,0.7413
674,-5.835940e+01,1.391530e+01,-5.701396e+01,1.345440e+00,0.0967
675,-7.554972e+01,1.393513e+01,-5.869958e+01,1.685014e+01,1.2092
676,-7.169514e+01,1.395523e+01,-6.038281e+01,1.131233e+01,0.8106
677,-8.405467e+01,1.397561e+01,-6.206302e+01,2.199165e+01,1.5736
678,-4.962973e+01,1.399624e+01,-6.373929e+01,-1.410956e+01,-1.0081
679,-6.942381e+01,1.401713e+01,-6.541090e+01,4.012912e+00,0.2863
680,-8.150309e+01,1.403827e+01,-6.707714e+01,1.442594e+01,1.0276
681,-3.940630e+01,1.405963e+01,-6.873711e+01,-2.933081e+01,-2.0862
682,-7.469461e+01,1.408122e+01,-7.039016e+01,4.304457e+00,0.3057
683,-7.785030e+01,1.410302e+01,-7.203544e+01,5.814862e+00,0.4123
684,-5.485527e+01,1.412501e+01,-7.367240e+01,-1.881712e+01,-1.3322
685,-7.447929e+01,1.414719e+01,-7.530034e+01,-8.210407e-01,-0.0580
686,-1.026404e+02,1.416954e+01,-7.691817e+01,2.572221e+01,1.8153
687,-9.980639e+01,1.419204e+01,-7.852610e+01,2.128029e+01,1.4995
688,-6.553595e+01,1.421469e+01,-8.012342e+01,-1.458747e+01,-1.0262
689,-7.633223e+01,1.423746e+01,-8.170869e+01,-5.376461e+00,-0.3776
690,-8.842143e+01,1.426034e+01,-8.328120e+01,5.140227e+00,0.3605
691,-4.949697e+01,1.428331e+01,-8.484100e+01,-3.534403e+01,-2.4745
692,-8.342903e+01,1.430636e+01,-8.638738e+01,-2.958355e+00,-0.2068
693,-8.529016e+01,1.432947e+01,-8.791965e+01,-2.629486e+00,-0.1835
694,-9.115529e+01,1.435261e+01,-8.943636e+01,1.718929e+00,0.1198
695,-9.765498e+01,1.437578e+01,-9.093755e+01,6.717424e+00,0.4673
696,-9.542829e+01,1.439895e+01,-9.242179e+01,3.006507e+00,0.2088
697,-1.190965e+02,1.442212e+01,-9.388911e+01,2.520738e+01,1.7478
698,-8.960596e+01,1.444526e+01,-9.533807e+01,-5.732111e+00,-0.3968
699,-7.674308e+01,1.446835e+01,-9.676871e+01,-2.002563e+01,-1.3841
700,-7.846521e+01,1.449138e+01,-9.818034e+01,-1.971513e+01,-1.3605
701,-8.682009e+01,1.451433e+01,-9.957226e+01,-1.275217e+01,-0.8786
702,-1.134637e+02,1.453717e+01,-1.009438e+02,1.251993e+01,0.8612
703,-1.072855e+02,1.455989e+01,-1.022950e+02,4.990493e+00,0.3428
704,-1.016725e+02,1.458248e+01,-1.036236e+02,-1.951150e+00,-0.1338
705,-1.058465e+02,1.460490e+01,-1.049306e+02,9.159042e-01,0.0627
706,-8.226070e+01,1.462715e+01,-1.062145e+02,-2.395377e+01,-1.6376
707,-8.792646e+01,1.464921e+01,-1.074753e+02,-1.954881e+01,-1.3345
708,-1.064436e+02,1.467104e+01,-1.087131e+02,-2.269480e+00,-0.1547
709,-9.573252e+01,1.469264e+01,-1.099257e+02,-1.419316e+01,-0.9660
710,-1.106028e+02,1.471399e+01,-1.111139e+02,-5.111843e-01,-0.0347
711,-1.045422e+02,1.473505e+01,-1.122771e+02,-7.734911e+00,-0.5249
712,-9.798952e+01,1.475583e+01,-1.134139e+02,-1.542435e+01,-1.0453
713,-1.057010e+02,1.477629e+01,-1.145242e+02,-8.823171e+00,-0.5971
714,-1.246047e+02,1.479642e+01,-1.156074e+02,8.997323e+00,0.6081
715,-9.283309e+01,1.481619e+01,-1.166636e+02,-2.383049e+01,-1.6084
716,-1.229955e+02,1.483560e+01,-1.176920e+02,5.303433e+00,0.3575
717,-1.098310e+02,1.485461e+01,-1.186913e+02,-8.860336e+00,-0.5965
718,-1.115820e+02,1.487322e+01,-1.196616e+02,-8.079597e+00,-0.5432
719,-1.517746e+02,1.489140e+01,-1.206020e+02,3.117256e+01,2.0933
720,-1.097000e+02,1.490914e+01,-1.215135e+02,-1.181349e+01,-0.7924
721,-1.049878e+02,1.492641e+01,-1.223945e+02,-1.740676e+01,-1.1662
722,-1.177626e+02,1.494321e+01,-1.232452e+02,-5.482599e+00,-0.3669
723,-1.455745e+02,1.495951e+01,-1.240657e+02,2.150887e+01,1.4378
724,-1.377602e+02,1.497529e+01,-1.248551e+02,1.290515e+01,0.8618
725,-1.139554e+02,1.499055e+01,-1.256129e+02,-1.165751e+01,-0.7777
726,-1.198566e+02,1.500526e+01,-1.263398e+02,-6.483200e+00,-0.4321
727,-1.400618e+02,1.501941e+01,-1.270344e+02,1.302738e+01,0.8674
728,-8.752120e+01,1.503299e+01,-1.276975e+02,-4.017633e+01,-2.6725
729,-1.382192e+02,1.504599e+01,-1.283270e+02,9.892221e+00,0.6575
730,-1.124037e+02,1.505841e+01,-1.289243e+02,-1.652059e+01,-1.0971
731,-1.075319e+02,1.507023e+01,-1.294888e+02,-2.195690e+01,-1.4570
732,-1.291799e+02,1.508144e+01,-1.300190e+02,-8.390776e-01,-0.0556
733,-1.456129e+02,1.509205e+01,-1.305157e+02,1.509714e+01,1.0003
734,-1.351937e+02,1.510203e+01,-1.309776e+02,4.216179e+00,0.2792
735,-1.215849e+02,1.511139e+01,-1.314060e+02,-9.821186e+00,-0.6499
736,-1.412926e+02,1.512013e+01,-1.317997e+02,9.492894e+00,0.6278
737,-1.428359e+02,1.512823e+01,-1.321587e+02,1.067720e+01,0.7058
738,-1.165033e+02,1.513569e+01,-1.324829e+02,-1.597955e+01,-1.0558
739,-1.190453e+02,1.514251e+01,-1.327717e+02,-1.372635e+01,-0.9065
740,-1.320969e+02,1.514869e+01,-1.330244e+02,-9.275010e-01,-0.0612
741,-1.209810e+02,1.515421e+01,-1.332426e+02,-1.226151e+01,-0.8091
742,-1.362274e+02,1.515907e+01,-1.334254e+02,2.801987e+00,0.1848
743,-1.283110e+02,1.516329e+01,-1.335724e+02,-5.261322e+00,-0.3470
744,-1.200841e+02,1.516686e+01,-1.336834e+02,-1.359928e+01,-0.8966
745,-1.420549e+02,1.516977e+01,-1.337585e+02,8.296425e+00,0.5469
746,-1.426326e+02,1.517202e+01,-1.337985e+02,8.834097e+00,0.5823
747,-1.385254e+02,1.517362e+01,-1.338020e+02,4.723380e+00,0.3113
748,-1.323467e+02,1.517458e+01,-1.337698e+02,-1.423013e+00,-0.0938
749,-1.396107e+02,1.517489e+01,-1.337018e+02,5.908942e+00,0.3894
750,-1.306755e+02,1.517456e+01,-1.335981e+02,-2.922662e+00,-0.1926
751,-1.313512e+02,1.517360e+01,-1.334581e+02,-2.106866e+00,-0.1389
752,-1.127717e+02,1.517201e+01,-1.332817e+02,-2.050998e+01,-1.3518
753,-1.280436e+02,1.516979e+01,-1.330705e+02,-5.026904e+00,-0.3314
754,-1.611220e+02,1.516696e+01,-1.328230e+02,2.829900e+01,1.8658
755,-1.144675e+02,1.516351e+01,-1.325401e+02,-1.807253e+01,-1.1918
756,-1.342018e+02,1.515946e+01,-1.322216e+02,1.980199e+00,0.1306
757,-1.303641e+02,1.515481e+01,-1.318677e+02,-1.503682e+00,-0.0992
758,-1.079410e+02,1.514957e+01,-1.314800e+02,-2.353892e+01,-1.5538
759,-1.351694e+02,1.514376e+01,-1.310568e+02,4.112632e+00,0.2716
760,-1.497908e+02,1.513737e+01,-1.305990e+02,1.919172e+01,1.2678
761,-1.368299e+02,1.513042e+01,-1.301067e+02,6.723149e+00,0.4443
762,-1.189579e+02,1.512292e+01,-1.295798e+02,-1.062191e+01,-0.7024
763,-1.151078e+02,1.511489e+01,-1.290192e+02,-1.391135e+01,-0.9204
764,-1.312301e+02,1.510635e+01,-1.284233e+02,2.806784e+00,0.1858
765,-1.133491e+02,1.509730e+01,-1.277937e+02,-1.444460e+01,-0.9568
766,-9.798410e+01,1.508784e+01,-1.271297e+02,-2.914555e+01,-1.9317
767,-1.411936e+02,1.507794e+01,-1.264312e+02,1.476247e+01,0.9791
768,-1.246679e+02,1.506766e+01,-1.256983e+02,-1.030447e+00,-0.0684
769,-1.333401e+02,1.505695e+01,-1.249325e+02,8.407557e+00,0.5584
770,-1.267270e+02,1.504581e+01,-1.241339e+02,2.593117e+00,0.1723
771,-9.726285e+01,1.503427e+01,-1.233024e+02,-2.603951e+01,-1.7320
772,-1.238183e+02,1.502235e+01,-1.224380e+02,1.380344e+00,0.0919
773,-1.038699e+02,1.501005e+01,-1.215423e+02,-1.767245e+01,-1.1774
774,-1.048306e+02,1.499741e+01,-1.206153e+02,-1.578465e+01,-1.0525
775,-1.046586e+02,1.498442e+01,-1.196569e+02,-1.499834e+01,-1.0009
776,-1.025733e+02,1.497113e+01,-1.186688e+02,-1.609545e+01,-1.0751
777,-1.173099e+02,1.495754e+01,-1.176501e+02,-3.401637e-01,-0.0227
778,-1.501485e+02,1.494368e+01,-1.166023e+02,3.354621e+01,2.2448
779,-8.472397e+01,1.492957e+01,-1.155248e+02,-3.080080e+01,-2.0631
780,-1.047944e+02,1.491527e+01,-1.144197e+02,-9.625287e+00,-0.6453
781,-8.896151e+01,1.490074e+01,-1.132863e+02,-2.432480e+01,-1.6325
782,-1.351051e+02,1.488603e+01,-1.121254e+02,2.297974e+01,1.5437
783,-1.007138e+02,1.487115e+01,-1.109362e+02,-1.022246e+01,-0.6874
784,-9.522005e+01,1.485612e+01,-1.097202e+02,-1.450019e+01,-0.9760
785,-1.351637e+02,1.484097e+01,-1.084767e+02,2.668693e+01,1.7982
786,-1.213769e+02,1.482571e+01,-1.072057e+02,1.417115e+01,0.9558
787,-1.009213e+02,1.481038e+01,-1.059087e+02,-4.987341e+00,-0.3367
788,-1.277646e+02,1.479498e+01,-1.045841e+02,2.318049e+01,1.5668
789,-1.009018e+02,1.477956e+01,-1.032342e+02,-2.332438e+00,-0.1578
790,-7.701653e+01,1.476421e+01,-1.018583e+02,-2.484176e+01,-1.6826
791,-9.051354e+01,1.474893e+01,-1.004593e+02,-9.945748e+00,-0.6743
792,-9.165046e+01,1.473367e+01,-9.903648e+01,-7.386017e+00,-0.5013
793,-7.520381e+01,1.471845e+01,-9.759132e+01,-2.238751e+01,-1.5211
794,-1.170561e+02,1.470329e+01,-9.612455e+01,2.093151e+01,1.4236
795,-7.817304e+01,1.468822e+01,-9.463766e+01,-1.646462e+01,-1.1209
796,-1.103324e+02,1.467325e+01,-9.312989e+01,1.720256e+01,1.1724
797,-1.055489e+02,1.465840e+01,-9.160271e+01,1.394620e+01,0.9514
798,-9.735908e+01,1.464370e+01,-9.005612e+01,7.302962e+00,0.4987
799,-8.376455e+01,1.462916e+01,-8.849084e+01,-4.726296e+00,-0.3231
800,-7.223478e+01,1.461481e+01,-8.690613e+01,-1.467134e+01,-1.0039
801,-6.026613e+01,1.460067e+01,-8.530419e+01,-2.503806e+01,-1.7149
802,-6.776293e+01,1.458675e+01,-8.368424e+01,-1.592131e+01,-1.0915
803,-7.143676e+01,1.457307e+01,-8.204701e+01,-1.061025e+01,-0.7281
804,-8.649219e+01,1.455966e+01,-8.039395e+01,6.098238e+00,0.4188
805,-9.562753e+01,1.454652e+01,-7.872427e+01,1.690326e+01,1.1620
806,-6.767772e+01,1.453368e+01,-7.704017e+01,-9.362453e+00,-0.6442
807,-7.214902e+01,1.452115e+01,-7.534013e+01,-3.191108e+00,-0.2198
808,-9.834425e+01,1.450897e+01,-7.362708e+01,2.471716e+01,1.7036
809,-7.543784e+01,1.449714e+01,-7.190025e+01,3.537585e+00,0.2440
810,-5.851939e+01,1.448566e+01,-7.016033e+01,-1.164094e+01,-0.8036
811,-6.979859e+01,1.447456e+01,-6.840893e+01,1.389666e+00,0.0960
812,-7.476846e+01,1.446384e+01,-6.664666e+01,8.121797e+00,0.5615
813,-8.372282e+01,1.445352e+01,-6.487446e+01,1.884836e+01,1.3041
814,-3.982261e+01,1.444361e+01,-6.309318e+01,-2.327057e+01,-1.6111
815,-9.341426e+01,1.443412e+01,-6.130366e+01,3.211061e+01,2.2246
816,-4.722707e+01,1.442506e+01,-5.950675e+01,-1.227968e+01,-0.8513
817,-5.067780e+01,1.441643e+01,-5.770293e+01,-7.025130e+00,-0.4873
818,-6.187955e+01,1.440824e+01,-5.589238e+01,5.987169e+00,0.4155
819,-6.774910e+01,1.440051e+01,-5.407549e+01,1.367361e+01,0.9495
820,-5.738917e+01,1.439323e+01,-5.225268e+01,5.136496e+00,0.3569
821,-6.150445e+01,1.438641e+01,-5.042425e+01,1.108020e+01,0.7702
822,-3.774748e+01,1.438006e+01,-4.859047e+01,-1.084299e+01,-0.7540
823,-7.752816e+01,1.437418e+01,-4.675180e+01,3.077636e+01,2.1411
824,-3.833139e+01,1.436878e+01,-4.490924e+01,-6.577853e+00,-0.4578
825,-5.697912e+01,1.436386e+01,-4.306393e+01,1.391519e+01,0.9688
826,-4.131227e+01,1.435941e+01,-4.121700e+01,9.526673e-02,0.0066
827,-4.558415e+01,1.435544e+01,-3.936960e+01,6.214548e+00,0.4329
828,-3.164788e+01,1.435195e+01,-3.752271e+01,-5.874828e+00,-0.4093
829,-2.028847e+01,1.434897e+01,-3.567755e+01,-1.538909e+01,-1.0725
830,-4.677229e+01,1.434648e+01,-3.383511e+01,1.293718e+01,0.9018
831,-5.680734e+01,1.434445e+01,-3.199570e+01,2.481164e+01,1.7297
832,-4.117112e+01,1.434289e+01,-3.015980e+01,1.101132e+01,0.7677
833,-4.167985e+01,1.434180e+01,-2.832757e+01,1.335228e+01,0.9310
834,-8.107237e+00,1.434116e+01,-2.649933e+01,-1.839209e+01,-1.2825
835,-1.278883e+00,1.434098e+01,-2.467548e+01,-2.339660e+01,-1.6315
836,-1.790531e+01,1.434123e+01,-2.285619e+01,-4.950873e+00,-0.3452
837,-2.229058e+01,1.434193e+01,-2.104199e+01,1.248593e+00,0.0871
838,-1.405991e+01,1.434304e+01,-1.923358e+01,-5.173666e+00,-0.3607
839,-2.089161e+01,1.434458e+01,-1.743201e+01,3.459594e+00,0.2412
840,-1.815266e+01,1.434653e+01,-1.563813e+01,2.514528e+00,0.1753
841,-7.139786e+00,1.434888e+01,-1.385299e+01,-6.713208e+00,-0.4679
842,-2.860845e+01,1.435161e+01,-1.207744e+01,1.653102e+01,1.1519
843,-3.598919e+01,1.435472e+01,-1.031244e+01,2.567675e+01,1.7887
844,-2.528804e+01,1.435833e+01,-8.558928e+00,1.672911e+01,1.1651
845,8.356018e-01,1.436229e+01,-6.817354e+00,-7.652956e+00,-0.5329
846,-1.251247e+01,1.436658e+01,-5.088388e+00,7.424085e+00,0.5168
847,4.792925e+00,1.437120e+01,-3.372442e+00,-8.165367e+00,-0.5682
848,6.918607e+00,1.437613e+01,-1.670071e+00,-8.588678e+00,-0.5974
849,-1.223217e+00,1.438134e+01,1.822135e-02,1.241438e+00,0.0863
850,-1.115287e+00,1.438683e+01,1.691915e+00,2.807202e+00,0.1951
851,-2.236766e+01,1.439257e+01,3.350515e+00,2.571817e+01,1.7869
852,8.180512e+00,1.439855e+01,4.993571e+00,-3.186941e+00,-0.2213
853,1.695193e+01,1.440474e+01,6.620646e+00,-1.033129e+01,-0.7172
854,4.391238e+00,1.441115e+01,8.231300e+00,3.840062e+00,0.2665
855,1.488528e+01,1.441773e+01,9.825094e+00,-5.060191e+00,-0.3510
856,5.124381e+00,1.442448e+01,1.140162e+01,6.277244e+00,0.4352
857,-6.576177e+00,1.443137e+01,1.296045e+01,1.953662e+01,1.3538
858,-2.834238e+01,1.443840e+01,1.450104e+01,4.284341e+01,2.9673
859,3.442817e+00,1.444556e+01,1.602265e+01,1.257983e+01,0.8708
860,2.579327e+01,1.445287e+01,1.752454e+01,-8.268730e+00,-0.5721
861,3.330787e+01,1.446025e+01,1.900589e+01,-1.430197e+01,-0.9891
862,2.919446e+01,1.446769e+01,2.046589e+01,-8.728574e+00,-0.6033
863,7.300870e+00,1.447516e+01,2.190377e+01,1.460290e+01,1.0088
864,5.497885e+01,1.448264e+01,2.331865e+01,-3.166020e+01,-2.1861
865,2.963346e+01,1.449013e+01,2.470994e+01,-4.923522e+00,-0.3398
866,2.760827e+01,1.449759e+01,2.607732e+01,-1.530947e+00,-0.1056
867,4.624209e+01,1.450501e+01,2.742087e+01,-1.882122e+01,-1.2976
868,2.760174e+01,1.451241e+01,2.874028e+01,1.138541e+00,0.0785
869,2.465128e+01,1.451978e+01,3.003563e+01,5.384351e+00,0.3708
870,2.134419e+01,1.452705e+01,3.130669e+01,9.962501e+00,0.6858
871,5.648964e+00,1.453423e+01,3.255344e+01,2.690448e+01,1.8511
872,1.842379e+01,1.454131e+01,3.377574e+01,1.535195e+01,1.0557
873,4.741029e+01,1.454824e+01,3.497305e+01,-1.243724e+01,-0.8549
874,3.785821e+01,1.455500e+01,3.614500e+01,-1.713215e+00,-0.1177
875,1.460565e+01,1.456156e+01,3.729097e+01,2.268533e+01,1.5579
876,5.530444e+01,1.456794e+01,3.841060e+01,-1.689384e+01,-1.1597
877,3.680738e+01,1.457418e+01,3.950320e+01,2.695813e+00,0.1850
878,2.561018e+01,1.458022e+01,4.056846e+01,1.495827e+01,1.0259
879,4.730787e+01,1.458601e+01,4.160577e+01,-5.702101e+00,-0.3909
880,5.315792e+01,1.459153e+01,4.261476e+01,-1.054316e+01,-0.7226
881,4.255914e+01,1.459676e+01,4.359496e+01,1.035819e+00,0.0710
882,6.045416e+01,1.460168e+01,4.454599e+01,-1.590817e+01,-1.0895
883,6.473925e+01,1.460628e+01,4.546731e+01,-1.927194e+01,-1.3194
884,4.597660e+01,1.461055e+01,4.635861e+01,3.820150e-01,0.0261
885,4.050837e+01,1.461446e+01,4.721935e+01,6.710979e+00,0.4592
886,3.121721e+01,1.461801e+01,4.804923e+01,1.683201e+01,1.1515
887,7.088808e+01,1.462118e+01,4.884813e+01,-2.203995e+01,-1.5074
888,5.618567e+01,1.462397e+01,4.961606e+01,-6.569610e+00,-0.4492
889,2.414826e+01,1.462634e+01,5.035312e+01,2.620486e+01,1.7916
890,5.315083e+01,1.462831e+01,5.105917e+01,-2.091662e+00,-0.1430
891,6.031400e+01,1.462984e+01,5.173431e+01,-8.579692e+00,-0.5865
892,7.195013e+01,1.463094e+01,5.237846e+01,-1.957167e+01,-1.3377
893,7.537616e+01,1.463159e+01,5.299166e+01,-2.238450e+01,-1.5299
894,5.600510e+01,1.463178e+01,5.357382e+01,-2.431279e+00,-0.1662
895,7.952002e+01,1.463151e+01,5.412475e+01,-2.539527e+01,-1.7357
896,3.773684e+01,1.463076e+01,5.464452e+01,1.690767e+01,1.1556
897,4.099379e+01,1.462953e+01,5.513293e+01,1.413914e+01,0.9665
898,2.084288e+01,1.462781e+01,5.558989e+01,3.474701e+01,2.3754
899,4.149892e+01,1.462560e+01,5.601537e+01,1.451644e+01,0.9925
900,6.847374e+01,1.462289e+01,5.640918e+01,-1.206456e+01,-0.8250
901,7.612506e+01,1.461966e+01,5.677129e+01,-1.935376e+01,-1.3238
902,5.852812e+01,1.461593e+01,5.710168e+01,-1.426440e+00,-0.0976
903,5.687160e+01,1.461168e+01,5.740016e+01,5.285582e-01,0.0362
904,4.553972e+01,1.460693e+01,5.766677e+01,1.212705e+01,0.8302
905,4.179580e+01,1.460164e+01,5.790140e+01,1.610559e+01,1.1030
906,8.771801e+01,1.459584e+01,5.810393e+01,-2.961407e+01,-2.0289
907,7.223104e+01,1.458952e+01,5.827435e+01,-1.395669e+01,-0.9566
908,5.936398e+01,1.458267e+01,5.841274e+01,-9.512384e-01,-0.0652
909,2.332256e+01,1.457530e+01,5.851915e+01,3.519660e+01,2.4148
910,5.929659e+01,1.456741e+01,5.859369e+01,-7.028985e-01,-0.0483
911,9.375513e+01,1.455899e+01,5.863646e+01,-3.511867e+01,-2.4122
912,8.459520e+01,1.455007e+01,5.864756e+01,-2.594764e+01,-1.7833
913,7.287794e+01,1.454063e+01,5.862710e+01,-1.425084e+01,-0.9801
914,3.950022e+01,1.453067e+01,5.857511e+01,1.907490e+01,1.3127
915,5.308625e+01,1.452021e+01,5.849177e+01,5.405520e+00,0.3723
916,7.123166e+01,1.450926e+01,5.837723e+01,-1.285443e+01,-0.8859
917,7.058402e+01,1.449780e+01,5.823155e+01,-1.235248e+01,-0.8520
918,6.323566e+01,1.448585e+01,5.805502e+01,-5.180648e+00,-0.3576
919,5.136263e+01,1.447343e+01,5.784767e+01,6.485039e+00,0.4481
920,7.534291e+01,1.446052e+01,5.760968e+01,-1.773323e+01,-1.2263
921,4.561660e+01,1.444714e+01,5.734121e+01,1.172460e+01,0.8116
922,7.811014e+01,1.443331e+01,5.704264e+01,-2.106750e+01,-1.4596
923,5.954342e+01,1.441903e+01,5.671423e+01,-2.829194e+00,-0.1962
924,2.053660e+01,1.440430e+01,5.635635e+01,3.581975e+01,2.4867
925,4.255728e+01,1.438914e+01,5.596931e+01,1.341204e+01,0.9321
926,4.964637e+01,1.437357e+01,5.555359e+01,5.907217e+00,0.4110
927,9.344847e+01,1.435759e+01,5.510940e+01,-3.833907e+01,-2.6703
928,5.849631e+01,1.434121e+01,5.463713e+01,-3.859183e+00,-0.2691
929,4.585928e+01,1.432445e+01,5.413709e+01,8.277814e+00,0.5779
930,6.633616e+01,1.430733e+01,5.360951e+01,-1.272665e+01,-0.8895
931,4.568086e+01,1.428985e+01,5.305469e+01,7.373829e+00,0.5160
932,6.695914e+01,1.427203e+01,5.247286e+01,-1.448628e+01,-1.0150
933,4.254260e+01,1.425389e+01,5.186439e+01,9.321791e+00,0.6540
934,6.177119e+01,1.423544e+01,5.122944e+01,-1.054175e+01,-0.7405
935,6.513297e+01,1.421669e+01,5.056838e+01,-1.456458e+01,-1.0245
936,3.526831e+01,1.419766e+01,4.988151e+01,1.461320e+01,1.0293
937,5.381795e+01,1.417836e+01,4.916927e+01,-4.648682e+00,-0.3279
938,6.902203e+01,1.415882e+01,4.843195e+01,-2.059008e+01,-1.4542
939,5.264435e+01,1.413904e+01,4.767001e+01,-4.974348e+00,-0.3518
940,5.809319e+01,1.411904e+01,4.688380e+01,-1.120940e+01,-0.7939
941,5.326893e+01,1.409885e+01,4.607361e+01,-7.195314e+00,-0.5103
942,1.537559e+01,1.407847e+01,4.523989e+01,2.986431e+01,2.1213
943,4.850896e+01,1.405794e+01,4.438308e+01,-4.125883e+00,-0.2935
944,5.385801e+01,1.403725e+01,4.350368e+01,-1.035433e+01,-0.7376
945,4.786878e+01,1.401644e+01,4.260206e+01,-5.266723e+00,-0.3758
946,2.399839e+01,1.399552e+01,4.167872e+01,1.768033e+01,1.2633
947,4.112761e+01,1.397452e+01,4.073418e+01,-3.934293e-01,-0.0282
948,3.904740e+01,1.395344e+01,3.976886e+01,7.214530e-01,0.0517
949,5.505144e+01,1.393231e+01,3.878312e+01,-1.626832e+01,-1.1677
950,5.321493e+01,1.391115e+01,3.777761e+01,-1.543732e+01,-1.1097
951,4.022238e+01,1.388998e+01,3.675262e+01,-3.469753e+00,-0.2498
952,2.650784e+01,1.386881e+01,3.570871e+01,9.200866e+00,0.6634
953,5.694001e+01,1.384768e+01,3.464620e+01,-2.229381e+01,-1.6099
954,3.587081e+01,1.382658e+01,3.356565e+01,-2.305161e+00,-0.1667
955,4.126190e+01,1.380556e+01,3.246748e+01,-8.794419e+00,-0.6370
956,5.548881e+01,1.378462e+01,3.135216e+01,-2.413665e+01,-1.7510
957,4.385507e+01,1.376378e+01,3.022018e+01,-1.363489e+01,-0.9906
958,2.804944e+01,1.374308e+01,2.907222e+01,1.022785e+00,0.0744
959,1.180677e+01,1.372251e+01,2.790893e+01,1.610216e+01,1.1734
960,5.290148e+01,1.370212e+01,2.673085e+01,-2.617063e+01,-1.9100
961,1.944308e+01,1.368192e+01,2.553853e+01,6.095451e+00,0.4455
962,1.608046e+01,1.366192e+01,2.433267e+01,8.252204e+00,0.6040
963,3.755416e+01,1.364215e+01,2.311389e+01,-1.444027e+01,-1.0585
964,3.684920e+01,1.362263e+01,2.188259e+01,-1.496661e+01,-1.0987
965,2.191266e+00,1.360338e+01,2.063932e+01,1.844805e+01,1.3561
966,-1.756077e-01,1.358442e+01,1.938462e+01,1.956023e+01,1.4399
967,2.738551e+01,1.356577e+01,1.811905e+01,-9.266468e+00,-0.6831
968,2.559783e+01,1.354743e+01,1.684306e+01,-8.754768e+00,-0.6462
969,2.636457e+01,1.352944e+01,1.555721e+01,-1.080736e+01,-0.7988
970,1.277820e+01,1.351179e+01,1.426196e+01,1.483761e+00,0.1098
971,2.839447e+01,1.349452e+01,1.295794e+01,-1.543653e+01,-1.1439
972,2.610404e+01,1.347764e+01,1.164575e+01,-1.445830e+01,-1.0728
973,1.477428e+01,1.346115e+01,1.032586e+01,-4.448425e+00,-0.3305
974,2.207123e+01,1.344508e+01,8.998892e+00,-1.307233e+01,-0.9723
975,1.725941e+01,1.342944e+01,7.665534e+00,-9.593879e+00,-0.7144
976,6.991604e+00,1.341425e+01,6.326174e+00,-6.654292e-01,-0.0496
977,2.487973e+01,1.339951e+01,4.981576e+00,-1.989816e+01,-1.4850
978,1.050040e+01,1.338525e+01,3.632129e+00,-6.868266e+00,-0.5131
979,-4.522572e+00,1.337148e+01,2.278476e+00,6.801047e+00,0.5086
980,2.157764e+01,1.335820e+01,9.211239e-01,-2.065651e+01,-1.5464
981,-2.537327e+01,1.334543e+01,-4.393893e-01,2.493388e+01,1.8683
982,2.405715e+01,1.333319e+01,-1.802520e+00,-2.585967e+01,-1.9395
983,3.380221e+00,1.332148e+01,-3.167723e+00,-6.547944e+00,-0.4915
984,1.381531e+01,1.331031e+01,-4.534479e+00,-1.834979e+01,-1.3786
985,6.470745e+00,1.329970e+01,-5.902295e+00,-1.237304e+01,-0.9303
986,-1.426177e+01,1.328964e+01,-7.270689e+00,6.991084e+00,0.5261
987,-4.141824e+00,1.328014e+01,-8.639193e+00,-4.497368e+00,-0.3387
988,-9.736418e+00,1.327122e+01,-1.000733e+01,-2.709123e-01,-0.0204
989,1.307151e+00,1.326287e+01,-1.137463e+01,-1.268178e+01,-0.9562
990,-2.470919e+01,1.325514e+01,-1.274055e+01,1.196864e+01,0.9029
991,-1.739364e+01,1.324796e+01,-1.410472e+01,3.288918e+00,0.2483
992,-6.287987e+00,1.324155e+01,-1.546647e+01,-9.178483e+00,-0.6932
993,-1.344420e+01,1.323556e+01,-1.682525e+01,-3.381056e+00,-0.2555
994,-1.724431e+01,1.323052e+01,-1.818039e+01,-9.360800e-01,-0.0708
995,-9.593913e+00,1.322573e+01,-1.953143e+01,-9.937518e+00,-0.7514
996,-1.248800e+01,1.322165e+01,-2.087768e+01,-8.389679e+00,-0.6345
997,-1.439845e+01,1.321808e+01,-2.221861e+01,-7.820167e+00,-0.5916
998,-2.159937e+01,1.323314e+01,-2.355362e+01,-1.954248e+00,-0.1477
999,-2.039105e+01,1.323076e+01,-2.488194e+01,-4.490889e+00,-0.3394
1000,-2.584867e+01,1.486530e+01,-2.620305e+01,-3.543833e-01,-0.0238
1001,-2.515784e+01,1.486101e+01,-2.751626e+01,-2.358424e+00,-0.1587
1002,-4.835566e+01,1.495625e+01,-2.882091e+01,1.953475e+01,1.3061
1003,-3.571479e+01,1.495299e+01,-3.011633e+01,5.598463e+00,0.3744
1004,-3.182349e+01,1.495066e+01,-3.140193e+01,4.215617e-01,0.0282
1005,-5.365239e+01,1.494868e+01,-3.267712e+01,2.097527e+01,1.4032
1006,-5.874154e+01,1.494751e+01,-3.394154e+01,2.480000e+01,1.6591
1007,-3.600676e+01,1.494678e+01,-3.519495e+01,8.118058e-01,0.0543
1008,-2.089391e+01,1.494681e+01,-3.643723e+01,-1.554332e+01,-1.0399
1009,-6.549501e+01,1.494731e+01,-3.766799e+01,2.782702e+01,1.8617
1010,-2.240963e+01,1.494844e+01,-3.888701e+01,-1.647738e+01,-1.1023
1011,-3.490638e+01,1.495013e+01,-4.009401e+01,-5.187633e+00,-0.3470
1012,-3.874529e+01,1.495241e+01,-4.128884e+01,-2.543541e+00,-0.1701
1013,-3.175593e+01,1.495525e+01,-4.247111e+01,-1.071518e+01,-0.7165
1014,-6.438144e+01,1.495867e+01,-4.364032e+01,2.074112e+01,1.3866
1015,-4.148317e+01,1.496263e+01,-4.479617e+01,-3.313000e+00,-0.2214
1016,-5.447617e+01,1.496713e+01,-4.593828e+01,8.537882e+00,0.5704
1017,-5.460006e+01,1.497216e+01,-4.706629e+01,7.533768e+00,0.5032
1018,-5.113080e+01,1.497772e+01,-4.817974e+01,2.951065e+00,0.1970
1019,-6.172898e+01,1.498377e+01,-4.927826e+01,1.245072e+01,0.8309
1020,-3.972160e+01,1.499032e+01,-5.036118e+01,-1.063958e+01,-0.7098
1021,-5.326307e+01,1.499736e+01,-5.142791e+01,1.835160e+00,0.1224
1022,-2.365671e+01,1.500488e+01,-5.247784e+01,-2.882112e+01,-1.9208
1023,-3.958533e+01,1.501286e+01,-5.351022e+01,-1.392489e+01,-0.9275
1024,-6.004023e+01,1.502129e+01,-5.452454e+01,5.515685e+00,0.3672
1025,-3.881280e+01,1.503016e+01,-5.552004e+01,-1.670724e+01,-1.1116
1026,-7.109896e+01,1.503946e+01,-5.649620e+01,1.460277e+01,0.9710
1027,-4.364512e+01,1.504917e+01,-5.745315e+01,-1.380803e+01,-0.9175
1028,-5.872798e+01,1.505930e+01,-5.839089e+01,3.370921e-01,0.0224
1029,-3.644102e+01,1.506981e+01,-5.930956e+01,-2.286854e+01,-1.5175
1030,-5.414985e+01,1.508070e+01,-6.020929e+01,-6.059438e+00,-0.4018
1031,-6.822490e+01,1.509196e+01,-6.109030e+01,7.134607e+00,0.4727
1032,-6.311213e+01,1.510357e+01,-6.195257e+01,1.159555e+00,0.0768
1033,-6.467479e+01,1.511553e+01,-6.279625e+01,1.878542e+00,0.1243
1034,-4.100114e+01,1.512782e+01,-6.362079e+01,-2.261964e+01,-1.4952
1035,-6.174824e+01,1.514042e+01,-6.442559e+01,-2.677349e+00,-0.1768
1036,-4.884464e+01,1.515331e+01,-6.521011e+01,-1.636546e+01,-1.0800
1037,-5.887609e+01,1.516648e+01,-6.597374e+01,-7.097646e+00,-0.4680
1038,-7.625788e+01,1.517993e+01,-6.671594e+01,9.541943e+00,0.6286
1039,-6.763492e+01,1.519363e+01,-6.743618e+01,1.987394e-01,0.0131
1040,-5.301239e+01,1.520756e+01,-6.813384e+01,-1.512145e+01,-0.9943
1041,-2.427709e+01,1.522173e+01,-6.880889e+01,-4.453180e+01,-2.9255
1042,-7.919052e+01,1.523610e+01,-6.946133e+01,9.729190e+00,0.6386
1043,-7.336773e+01,1.525067e+01,-7.009089e+01,3.276843e+00,0.2149
1044,-5.184135e+01,1.526543e+01,-7.069823e+01,-1.885688e+01,-1.2353
1045,-6.437308e+01,1.528036e+01,-7.128265e+01,-6.909568e+00,-0.4522
1046,-6.632958e+01,1.529544e+01,-7.184494e+01,-5.515354e+00,-0.3606
1047,-7.646381e+01,1.531067e+01,-7.238440e+01,4.079410e+00,0.2664
1048,-7.954152e+01,1.532603e+01,-7.290109e+01,6.640433e+00,0.4333
1049,-9.099011e+01,1.534150e+01,-7.339429e+01,1.759582e+01,1.1469
1050,-4.659515e+01,1.535708e+01,-7.386555e+01,-2.727040e+01,-1.7758
1051,-8.549759e+01,1.537275e+01,-7.431416e+01,1.118343e+01,0.7275
1052,-8.845468e+01,1.538851e+01,-7.473941e+01,1.371527e+01,0.8913
1053,-6.610681e+01,1.540433e+01,-7.514136e+01,-9.034552e+00,-0.5865
1054,-5.696038e+01,1.542022e+01,-7.552004e+01,-1.855966e+01,-1.2036
1055,-9.051668e+01,1.543616e+01,-7.587624e+01,1.464044e+01,0.9485
1056,-8.719752e+01,1.545215e+01,-7.620925e+01,1.098827e+01,0.7111
1057,-6.616943e+01,1.546816e+01,-7.651836e+01,-1.034893e+01,-0.6690
1058,-1.011356e+02,1.548420e+01,-7.680510e+01,2.433049e+01,1.5713
1059,-9.334218e+01,1.550025e+01,-7.706802e+01,1.627416e+01,1.0499
1060,-6.831728e+01,1.551632e+01,-7.730715e+01,-8.989864e+00,-0.5794
1061,-7.827953e+01,1.553237e+01,-7.752400e+01,7.555281e-01,0.0486
1062,-1.004998e+02,1.554842e+01,-7.771639e+01,2.278344e+01,1.4653
1063,-8.195869e+01,1.556444e+01,-7.788656e+01,4.072132e+00,0.2616
1064,-7.004225e+01,1.558044e+01,-7.803307e+01,-7.990816e+00,-0.5129
1065,-1.007762e+02,1.559640e+01,-7.815593e+01,2.262026e+01,1.4504
1066,-6.179423e+01,1.561232e+01,-7.825666e+01,-1.646243e+01,-1.0545
1067,-7.072266e+01,1.562818e+01,-7.833380e+01,-7.611143e+00,-0.4870
1068,-1.012050e+02,1.564398e+01,-7.838812e+01,2.281691e+01,1.4585
1069,-8.307653e+01,1.565973e+01,-7.841963e+01,4.656906e+00,0.2974
1070,-9.330204e+01,1.567541e+01,-7.842835e+01,1.487368e+01,0.9489
1071,-6.723988e+01,1.569101e+01,-7.841432e+01,-1.117444e+01,-0.7122
1072,-8.038998e+01,1.570654e+01,-7.837828e+01,2.011704e+00,0.1281
1073,-9.005213e+01,1.572198e+01,-7.831951e+01,1.173262e+01,0.7463
1074,-4.624396e+01,1.573734e+01,-7.823877e+01,-3.199480e+01,-2.0331
1075,-7.440747e+01,1.575261e+01,-7.813607e+01,-3.728594e+00,-0.2367
1076,-1.025280e+02,1.576778e+01,-7.801068e+01,2.451733e+01,1.5549
1077,-8.061126e+01,1.578285e+01,-7.786411e+01,2.747156e+00,0.1741
1078,-5.348358e+01,1.579782e+01,-7.769635e+01,-2.421277e+01,-1.5327
1079,-8.992409e+01,1.581268e+01,-7.750668e+01,1.241741e+01,0.7853
1080,-9.382001e+01,1.582743e+01,-7.729658e+01,1.652342e+01,1.0440
1081,-6.080795e+01,1.584207e+01,-7.706459e+01,-1.625664e+01,-1.0262
1082,-8.110394e+01,1.585659e+01,-7.681219e+01,4.291752e+00,0.2707
1083,-1.039312e+02,1.587098e+01,-7.653938e+01,2.739185e+01,1.7259
1084,-7.030060e+01,1.588525e+01,-7.624616e+01,-5.945565e+00,-0.3743
1085,-7.285771e+01,1.589939e+01,-7.593329e+01,-3.075575e+00,-0.1934
1086,-4.623081e+01,1.591341e+01,-7.559927e+01,-2.936846e+01,-1.8455
1087,-9.517291e+01,1.592730e+01,-7.524633e+01,1.992658e+01,1.2511
1088,-7.384381e+01,1.594105e+01,-7.487373e+01,-1.029919e+00,-0.0646
1089,-5.592411e+01,1.595468e+01,-7.448146e+01,-1.855735e+01,-1.1631
1090,-4.606451e+01,1.596818e+01,-7.407025e+01,-2.800574e+01,-1.7538
1091,-8.540107e+01,1.598155e+01,-7.364086e+01,1.176021e+01,0.7359
1092,-6.617461e+01,1.599478e+01,-7.319252e+01,-7.017903e+00,-0.4388
1093,-7.986174e+01,1.600788e+01,-7.272671e+01,7.135026e+00,0.4457
1094,-9.673907e+01,1.602085e+01,-7.224268e+01,2.449639e+01,1.5290
1095,-8.533879e+01,1.603368e+01,-7.174191e+01,1.359689e+01,0.8480
1096,-7.005888e+01,1.604638e+01,-7.122363e+01,-1.164757e+00,-0.0726
1097,-7.782340e+01,1.605894e+01,-7.068858e+01,7.134813e+00,0.4443
1098,-7.940747e+01,1.607137e+01,-7.013749e+01,9.269980e+00,0.5768
1099,-6.048565e+01,1.608365e+01,-6.957034e+01,-9.084696e+00,-0.5648
1100,-6.771170e+01,1.609580e+01,-6.898786e+01,-1.276166e+00,-0.0793
1101,-4.553065e+01,1.610781e+01,-6.838928e+01,-2.285863e+01,-1.4191
1102,-5.901851e+01,1.611968e+01,-6.777606e+01,-8.757551e+00,-0.5433
1103,-5.816597e+01,1.613141e+01,-6.714741e+01,-8.981442e+00,-0.5568
1104,-6.237942e+01,1.614301e+01,-6.650465e+01,-4.125227e+00,-0.2555
1105,-4.276417e+01,1.615447e+01,-6.584787e+01,-2.308370e+01,-1.4289
1106,-2.146590e+01,1.616580e+01,-6.517735e+01,-4.371145e+01,-2.7039
1107,-9.061027e+01,1.617699e+01,-6.449348e+01,2.611680e+01,1.6144
1108,-6.743547e+01,1.618806e+01,-6.379666e+01,3.638807e+00,0.2248
1109,-7.760878e+01,1.619899e+01,-6.308724e+01,1.452154e+01,0.8964
1110,-2.157548e+01,1.620979e+01,-6.236561e+01,-4.079013e+01,-2.5164
1111,-5.013822e+01,1.622047e+01,-6.163218e+01,-1.149396e+01,-0.7086
1112,-7.554102e+01,1.623102e+01,-6.088719e+01,1.465383e+01,0.9028
1113,-6.755457e+01,1.624144e+01,-6.013127e+01,7.423298e+00,0.4571
1114,-4.860767e+01,1.625173e+01,-5.936461e+01,-1.075693e+01,-0.6619
1115,-2.257605e+01,1.626189e+01,-5.858766e+01,-3.601161e+01,-2.2145
1116,-7.473989e+01,1.627192e+01,-5.780090e+01,1.693898e+01,1.0410
1117,-6.753602e+01,1.628183e+01,-5.700459e+01,1.053144e+01,0.6468
1118,-5.008243e+01,1.629160e+01,-5.619911e+01,-6.116682e+00,-0.3755
1119,-5.792537e+01,1.630125e+01,-5.538502e+01,2.540350e+00,0.1558
1120,-2.703518e+01,1.631077e+01,-5.456248e+01,-2.752730e+01,-1.6877
1121,-3.417234e+01,1.632017e+01,-5.373204e+01,-1.955970e+01,-1.1985
1122,-5.302277e+01,1.632944e+01,-5.289401e+01,1.287606e-01,0.0079
1123,-4.089425e+01,1.633859e+01,-5.204879e+01,-1.115454e+01,-0.6827
1124,-5.215896e+01,1.634763e+01,-5.119678e+01,9.621866e-01,0.0589
1125,-5.660480e+01,1.635654e+01,-5.033835e+01,6.266450e+00,0.3831
1126,-4.062298e+01,1.636534e+01,-4.947406e+01,-8.851079e+00,-0.5408
1127,-6.001121e+01,1.637402e+01,-4.860430e+01,1.140691e+01,0.6966
1128,-3.573646e+01,1.638258e+01,-4.772959e+01,-1.199313e+01,-0.7321
1129,-6.411052e+01,1.639114e+01,-4.685026e+01,1.726026e+01,1.0530
1130,-4.984774e+01,1.639961e+01,-4.596685e+01,3.880893e+00,0.2366
1131,-2.809014e+01,1.640793e+01,-4.507981e+01,-1.698967e+01,-1.0355
1132,-3.748360e+01,1.641611e+01,-4.418947e+01,-6.705872e+00,-0.4085
1133,-3.352275e+01,1.642416e+01,-4.329628e+01,-9.773527e+00,-0.5951
1134,-3.958115e+01,1.643208e+01,-4.240063e+01,-2.819481e+00,-0.1716
1135,-5.427348e+01,1.643984e+01,-4.150291e+01,1.277057e+01,0.7768
1136,-7.358947e+01,1.644747e+01,-4.060344e+01,3.298603e+01,2.0055
1137,-5.085675e+01,1.645495e+01,-3.970274e+01,1.115401e+01,0.6779
1138,-4.710771e+01,1.646230e+01,-3.880113e+01,8.306584e+00,0.5046
1139,-3.884220e+01,1.646949e+01,-3.789899e+01,9.432095e-01,0.0573
1140,-3.650500e+01,1.647655e+01,-3.699679e+01,-4.917967e-01,-0.0298
1141,-4.536871e+01,1.648346e+01,-3.609499e+01,9.273722e+00,0.5626
1142,-4.430129e+01,1.649022e+01,-3.519397e+01,9.107326e+00,0.5523
1143,-3.789917e+01,1.649684e+01,-3.429411e+01,3.605052e+00,0.2185
1144,-2.678399e+01,1.650330e+01,-3.339589e+01,-6.611900e+00,-0.4006
1145,-1.077535e+01,1.650962e+01,-3.249967e+01,-2.172432e+01,-1.3159
1146,-1.205313e+01,1.651579e+01,-3.160593e+01,-1.955280e+01,-1.1839
1147,-2.739353e+01,1.652180e+01,-3.071498e+01,-3.321447e+00,-0.2010
1148,-4.906674e+01,1.652765e+01,-2.982719e+01,1.923955e+01,1.1641
1149,-3.132923e+00,1.653335e+01,-2.894303e+01,-2.581011e+01,-1.5611
1150,-7.407833e+00,1.653889e+01,-2.806282e+01,-2.065499e+01,-1.2489
1151,-3.963380e+01,1.654426e+01,-2.718693e+01,1.244687e+01,0.7523
1152,-3.686850e+01,1.654947e+01,-2.631581e+01,1.055269e+01,0.6376
1153,-3.557358e+01,1.655458e+01,-2.544976e+01,1.012382e+01,0.6115
1154,-2.691880e+01,1.655960e+01,-2.458914e+01,2.329666e+00,0.1407
1155,-5.861002e+00,1.656444e+01,-2.373432e+01,-1.787332e+01,-1.0790
1156,4.557675e+00,1.656914e+01,-2.288575e+01,-2.744343e+01,-1.6563
1157,-3.914106e+01,1.657366e+01,-2.204365e+01,1.709740e+01,1.0316
1158,-1.807827e+01,1.657802e+01,-2.120854e+01,-3.130269e+00,-0.1888
1159,3.165265e+00,1.658221e+01,-2.038072e+01,-2.354598e+01,-1.4200
1160,-9.376338e+00,1.658623e+01,-1.956047e+01,-1.018413e+01,-0.6140
1161,-1.422923e+01,1.659008e+01,-1.874818e+01,-4.518951e+00,-0.2724
1162,-1.451300e+01,1.659376e+01,-1.794406e+01,-3.431059e+00,-0.2068
1163,-2.952699e+01,1.659725e+01,-1.714849e+01,1.237850e+01,0.7458
1164,-2.286040e+01,1.660057e+01,-1.636184e+01,6.498560e+00,0.3915
1165,-1.302105e+01,1.660371e+01,-1.558434e+01,-2.563283e+00,-0.1544
1166,5.984539e+00,1.660666e+01,-1.481635e+01,-2.080089e+01,-1.2526
1167,-2.220935e+01,1.660942e+01,-1.405811e+01,8.151242e+00,0.4908
1168,-3.730972e+01,1.661200e+01,-1.330998e+01,2.399974e+01,1.4447
1169,-3.204101e+01,1.661439e+01,-1.257220e+01,1.946880e+01,1.1718
1170,-2.673935e+01,1.661658e+01,-1.184507e+01,1.489428e+01,0.8964
1171,-1.398347e+01,1.661859e+01,-1.112896e+01,2.854514e+00,0.1718
1172,-2.232538e+01,1.662040e+01,-1.042403e+01,1.190136e+01,0.7161
1173,-7.941882e+00,1.662201e+01,-9.730651e+00,-1.788769e+00,-0.1076
1174,-1.873842e+01,1.662342e+01,-9.049097e+00,9.689324e+00,0.5829
1175,-1.052035e+00,1.662464e+01,-8.379558e+00,-7.327523e+00,-0.4408
1176,-1.623430e+01,1.662567e+01,-7.722305e+00,8.511999e+00,0.5120
1177,-1.007230e+01,1.662649e+01,-7.077560e+00,2.994744e+00,0.1801
1178,-3.484492e+01,1.662711e+01,-6.445587e+00,2.839934e+01,1.7080
1179,2.650170e+00,1.662754e+01,-5.826620e+00,-8.476790e+00,-0.5098
1180,-1.870607e+01,1.662776e+01,-5.220908e+00,1.348516e+01,0.8110
1181,1.290841e+01,1.662778e+01,-4.628671e+00,-1.753708e+01,-1.0547
1182,-1.970030e+01,1.662760e+01,-4.050108e+00,1.565019e+01,0.9412
1183,1.029961e+01,1.662721e+01,-3.485451e+00,-1.378506e+01,-0.8291
1184,-2.894677e+00,1.662662e+01,-2.934904e+00,-4.022760e-02,-0.0024
1185,6.146490e+00,1.662583e+01,-2.398689e+00,-8.545179e+00,-0.5140
1186,-1.655195e+01,1.662484e+01,-1.877020e+00,1.467493e+01,0.8827
1187,6.856638e+00,1.662364e+01,-1.370103e+00,-8.226740e+00,-0.4949
1188,-3.081792e+01,1.662224e+01,-8.780883e-01,2.993983e+01,1.8012
1189,-1.539232e+01,1.662064e+01,-4.011389e-01,1.499118e+01,0.9020
1190,7.116690e+00,1.661884e+01,6.060561e-02,-7.056084e+00,-0.4246
1191,-5.292408e+00,1.661684e+01,5.069969e-01,5.799405e+00,0.3490
1192,1.957051e+01,1.661464e+01,9.378781e-01,-1.863263e+01,-1.1215
1193,-1.976215e+00,1.661225e+01,1.353114e+00,3.329329e+00,0.2004
1194,-1.523499e+01,1.660965e+01,1.752544e+00,1.698753e+01,1.0228
1195,2.131053e+01,1.660687e+01,2.136061e+00,-1.917447e+01,-1.1546
1196,-2.997378e+01,1.660388e+01,2.503564e+00,3.247734e+01,1.9560
1197,-5.743239e-01,1.660071e+01,2.854941e+00,3.429265e+00,0.2066
1198,2.784067e+01,1.659737e+01,3.190103e+00,-2.465056e+01,-1.4852
1199,1.547179e+01,1.659383e+01,3.508856e+00,-1.196294e+01,-0.7209
1200,-6.532157e+00,1.659011e+01,3.811242e+00,1.034340e+01,0.6235
1201,2.696146e+00,1.658620e+01,4.097004e+00,1.400859e+00,0.0845
1202,2.272077e+00,1.658212e+01,4.366260e+00,2.094183e+00,0.1263
1203,-9.085233e+00,1.657785e+01,4.618827e+00,1.370406e+01,0.8266
1204,-1.861279e+01,1.657342e+01,4.854746e+00,2.346753e+01,1.4160
1205,-5.964160e+00,1.656882e+01,5.073905e+00,1.103807e+01,0.6662
1206,-2.421021e+00,1.656405e+01,5.276343e+00,7.697364e+00,0.4647
1207,1.816298e+01,1.655912e+01,5.462021e+00,-1.270096e+01,-0.7670
1208,5.619400e+00,1.655404e+01,5.630825e+00,1.142534e-02,0.0007
1209,-2.721497e+01,1.654881e+01,5.782864e+00,3.299784e+01,1.9940
1210,3.670968e+00,1.654342e+01,5.918021e+00,2.247053e+00,0.1358
1211,9.955838e+00,1.653789e+01,6.036476e+00,-3.919362e+00,-0.2370
1212,2.246323e+01,1.653223e+01,6.138183e+00,-1.632505e+01,-0.9875
1213,3.372641e+01,1.652643e+01,6.223097e+00,-2.750331e+01,-1.6642
1214,-8.493661e-02,1.652051e+01,6.291246e+00,6.376182e+00,0.3860
1215,-9.062002e+00,1.651446e+01,6.342729e+00,1.540473e+01,0.9328
1216,2.563688e+01,1.650830e+01,6.377496e+00,-1.925939e+01,-1.1666
1217,3.480993e+01,1.650204e+01,6.395645e+00,-2.841429e+01,-1.7219
1218,1.072947e+00,1.649567e+01,6.397197e+00,5.324250e+00,0.3228
1219,3.618767e+00,1.648921e+01,6.382100e+00,2.763332e+00,0.1676
1220,1.356858e+01,1.648266e+01,6.350594e+00,-7.217984e+00,-0.4379
1221,-1.078692e+01,1.647603e+01,6.302476e+00,1.708940e+01,1.0372
1222,-4.702422e+00,1.646932e+01,6.237984e+00,1.094041e+01,0.6643
1223,2.752968e+01,1.646255e+01,6.157208e+00,-2.137247e+01,-1.2982
1224,1.150062e+01,1.645573e+01,6.060162e+00,-5.440461e+00,-0.3306
1225,-1.688128e+01,1.644885e+01,5.947156e+00,2.282844e+01,1.3878
1226,1.757708e+01,1.644193e+01,5.818201e+00,-1.175888e+01,-0.7152
1227,-1.575352e+01,1.643497e+01,5.673381e+00,2.142690e+01,1.3037
1228,9.389750e+00,1.642799e+01,5.513003e+00,-3.876747e+00,-0.2360
1229,-5.100720e+00,1.642099e+01,5.337074e+00,1.043779e+01,0.6356
1230,6.252787e-01,1.641399e+01,5.145748e+00,4.520469e+00,0.2754
1231,6.748251e-01,1.640699e+01,4.939104e+00,4.264279e+00,0.2599
1232,1.249046e+01,1.640000e+01,4.717445e+00,-7.773020e+00,-0.4740
1233,5.297501e+00,1.639303e+01,4.480696e+00,-8.168051e-01,-0.0498
1234,3.954894e+00,1.638609e+01,4.229157e+00,2.742638e-01,0.0167
1235,-1.343428e+01,1.637919e+01,3.962828e+00,1.739711e+01,1.0621
1236,8.898823e-01,1.637235e+01,3.681930e+00,2.792048e+00,0.1705
1237,-3.907900e+00,1.636557e+01,3.386609e+00,7.294508e+00,0.4457
1238,-1.163057e+01,1.635887e+01,3.077083e+00,1.470765e+01,0.8991
1239,1.662085e+01,1.635224e+01,2.753497e+00,-1.386735e+01,-0.8480
1240,4.289688e+00,1.634571e+01,2.416066e+00,-1.873622e+00,-0.1146
1241,-4.536056e+00,1.633928e+01,2.065007e+00,6.601063e+00,0.4040
1242,-9.766663e+00,1.633295e+01,1.700533e+00,1.146720e+01,0.7021
1243,8.979075e+00,1.632675e+01,1.322783e+00,-7.656292e+00,-0.4689
1244,6.720011e-01,1.632068e+01,9.318952e-01,2.598941e-01,0.0159
1245,-1.768727e+00,1.631475e+01,5.282130e-01,2.296940e+00,0.1408
1246,1.512020e+01,1.630897e+01,1.118943e-01,-1.500830e+01,-0.9202
1247,-3.795417e+00,1.630335e+01,-3.168449e-01,3.478572e+00,0.2134
1248,8.949392e+00,1.629790e+01,-7.577974e-01,-9.707190e+00,-0.5956
1249,5.639804e+00,1.629263e+01,-1.210757e+00,-6.850561e+00,-0.4205
1250,1.683691e+01,1.628756e+01,-1.675489e+00,-1.851240e+01,-1.1366
1251,8.308000e+00,1.628269e+01,-2.151731e+00,-1.045973e+01,-0.6424
1252,-1.287500e+01,1.627804e+01,-2.639203e+00,1.023580e+01,0.6288
1253,-4.073347e+00,1.627361e+01,-3.137626e+00,9.357211e-01,0.0575
1254,-1.332718e+01,1.626943e+01,-3.646738e+00,9.680443e+00,0.5950
1255,-2.859628e+01,1.626549e+01,-4.166248e+00,2.443003e+01,1.5020
1256,1.297292e+01,1.626180e+01,-4.695896e+00,-1.766882e+01,-1.0865
1257,-6.465207e+00,1.625839e+01,-5.235411e+00,1.229796e+00,0.0756
1258,5.072033e-01,1.625524e+01,-5.784522e+00,-6.291726e+00,-0.3871
1259,4.986436e+00,1.625238e+01,-6.342961e+00,-1.132940e+01,-0.6971
1260,2.370932e+00,1.624981e+01,-6.910457e+00,-9.281388e+00,-0.5712
1261,-2.260843e+01,1.624754e+01,-7.486749e+00,1.512168e+01,0.9307
1262,-1.291029e+01,1.624558e+01,-8.071570e+00,4.838718e+00,0.2978
1263,-6.288775e-01,1.624394e+01,-8.664657e+00,-8.035779e+00,-0.4947
1264,1.688149e+00,1.624263e+01,-9.265728e+00,-1.095388e+01,-0.6744
1265,-1.248128e+01,1.624165e+01,-9.874502e+00,2.606779e+00,0.1605
1266,-3.378611e+00,1.624102e+01,-1.049066e+01,-7.112048e+00,-0.4379
1267,-2.464370e+01,1.624075e+01,-1.111391e+01,1.352979e+01,0.8331
1268,-1.389231e+01,1.624083e+01,-1.174395e+01,2.148363e+00,0.1323
1269,-6.929876e+00,1.624129e+01,-1.238047e+01,-5.450591e+00,-0.3356
1270,-6.886371e+00,1.624214e+01,-1.302320e+01,-6.136827e+00,-0.3778
1271,-1.581554e+00,1.624337e+01,-1.367176e+01,-1.209021e+01,-0.7443
1272,-1.374218e+01,1.624500e+01,-1.432598e+01,-5.838023e-01,-0.0359
1273,-3.652515e+01,1.624704e+01,-1.498540e+01,2.153975e+01,1.3258
1274,-1.512142e+01,1.624948e+01,-1.564983e+01,-5.284081e-01,-0.0325
1275,2.497184e+01,1.625233e+01,-1.631888e+01,-4.129073e+01,-2.5406
1276,-1.756867e+01,1.625561e+01,-1.699232e+01,5.763495e-01,0.0355
1277,2.830596e+00,1.625931e+01,-1.766982e+01,-2.050041e+01,-1.2608
1278,7.587134e+00,1.626344e+01,-1.835098e+01,-2.593812e+01,-1.5949
1279,-8.984578e+00,1.626801e+01,-1.903565e+01,-1.005107e+01,-0.6178
1280,-3.673615e+01,1.627301e+01,-1.972342e+01,1.701273e+01,1.0455
1281,-2.278433e+01,1.627846e+01,-2.041406e+01,2.370269e+00,0.1456
1282,-2.550698e+01,1.628437e+01,-2.110718e+01,4.399798e+00,0.2702
1283,-1.217381e+01,1.629072e+01,-2.180253e+01,-9.628718e+00,-0.5911
1284,-3.004727e+01,1.629754e+01,-2.249972e+01,7.547548e+00,0.4631
1285,-1.721761e+01,1.630482e+01,-2.319852e+01,-5.980911e+00,-0.3668
1286,-2.711598e+01,1.631257e+01,-2.389861e+01,3.217373e+00,0.1972
1287,-4.909501e+01,1.632079e+01,-2.459967e+01,2.449534e+01,1.5009
1288,-1.073663e+01,1.632950e+01,-2.530132e+01,-1.456468e+01,-0.8919
1289,-2.855716e+01,1.633868e+01,-2.600324e+01,2.553922e+00,0.1563
1290,-4.005609e+01,1.634833e+01,-2.670519e+01,1.335090e+01,0.8167
1291,-1.697265e+01,1.635847e+01,-2.740679e+01,-1.043414e+01,-0.6378
1292,-3.165537e+01,1.636909e+01,-2.810779e+01,3.547587e+00,0.2167
1293,-3.022120e+01,1.638019e+01,-2.880773e+01,1.413463e+00,0.0863
1294,-2.790604e+01,1.639177e+01,-2.950653e+01,-1.600491e+00,-0.0976
1295,-2.288220e+01,1.640383e+01,-3.020372e+01,-7.321524e+00,-0.4463
1296,-4.231930e+01,1.641637e+01,-3.089906e+01,1.142024e+01,0.6957
1297,-5.439413e+01,1.642939e+01,-3.159224e+01,2.280189e+01,1.3879
1298,-3.209187e+01,1.644288e+01,-3.228295e+01,-1.910772e-01,-0.0116
1299,-3.968921e+01,1.645686e+01,-3.297094e+01,6.718271e+00,0.4082
1300,-7.332728e+00,1.647131e+01,-3.365584e+01,-2.632311e+01,-1.5981
1301,-2.064284e+01,1.648624e+01,-3.433747e+01,-1.369463e+01,-0.8307
1302,-4.955868e+01,1.650165e+01,-3.501539e+01,1.454329e+01,0.8813
1303,-2.965615e+01,1.651753e+01,-3.568952e+01,-6.033371e+00,-0.3653
1304,-2.020066e+01,1.653389e+01,-3.635942e+01,-1.615876e+01,-0.9773
1305,-2.878650e+01,1.655073e+01,-3.702494e+01,-8.238440e+00,-0.4978
1306,-2.637069e+01,1.656802e+01,-3.768570e+01,-1.131501e+01,-0.6829
1307,-2.974243e+01,1.658578e+01,-3.834147e+01,-8.599045e+00,-0.5185
1308,-3.375068e+01,1.660400e+01,-3.899204e+01,-5.241360e+00,-0.3157
1309,-5.036629e+01,1.662267e+01,-3.963711e+01,1.072919e+01,0.6455
1310,-2.710943e+01,1.664180e+01,-4.027629e+01,-1.316686e+01,-0.7912
1311,-3.198113e+01,1.666137e+01,-4.090951e+01,-8.928379e+00,-0.5359
1312,-9.312960e+01,1.668138e+01,-4.153640e+01,5.159321e+01,3.0929
1313,-7.813065e+01,1.670182e+01,-4.215665e+01,3.597400e+01,2.1539
1314,-4.304046e+01,1.672270e+01,-4.277019e+01,2.702727e-01,0.0162
1315,-4.540589e+01,1.674400e+01,-4.337656e+01,2.029329e+00,0.1212
1316,-3.188062e+01,1.676572e+01,-4.397569e+01,-1.209507e+01,-0.7214
1317,-2.011202e+01,1.678785e+01,-4.456735e+01,-2.445533e+01,-1.4567
1318,-6.004725e+01,1.681039e+01,-4.515123e+01,1.489602e+01,0.8861
1319,-6.891671e+01,1.683334e+01,-4.572711e+01,2.318960e+01,1.3776
1320,-3.321188e+01,1.685668e+01,-4.629482e+01,-1.308294e+01,-0.7761
1321,-1.894633e+01,1.688041e+01,-4.685406e+01,-2.790773e+01,-1.6533
1322,-5.920462e+01,1.690454e+01,-4.740468e+01,1.179994e+01,0.6980
1323,-7.202559e+01,1.692903e+01,-4.794644e+01,2.407915e+01,1.4224
1324,-7.500986e+01,1.695390e+01,-4.847911e+01,2.653074e+01,1.5649
1325,-2.404678e+01,1.697913e+01,-4.900246e+01,-2.495568e+01,-1.4698
1326,-5.598549e+01,1.700471e+01,-4.951633e+01,6.469165e+00,0.3804
1327,-4.634511e+01,1.703064e+01,-5.002055e+01,-3.675432e+00,-0.2158
1328,-6.063509e+01,1.705692e+01,-5.051481e+01,1.012028e+01,0.5933
1329,-5.890239e+01,1.708351e+01,-5.099896e+01,7.903433e+00,0.4626
1330,-5.227689e+01,1.711044e+01,-5.147290e+01,8.039932e-01,0.0470
1331,-6.893471e+01,1.713768e+01,-5.193640e+01,1.699831e+01,0.9919
1332,-3.237094e+01,1.716522e+01,-5.238929e+01,-2.001835e+01,-1.1662
1333,-6.859897e+01,1.719306e+01,-5.283141e+01,1.576756e+01,0.9171
1334,-4.432699e+01,1.722120e+01,-5.326251e+01,-8.935513e+00,-0.5189
1335,-5.401929e+01,1.724961e+01,-5.368243e+01,3.368634e-01,0.0195
1336,-7.234599e+01,1.727829e+01,-5.409115e+01,1.825484e+01,1.0565
1337,-4.444623e+01,1.730725e+01,-5.448842e+01,-1.004219e+01,-0.5802
1338,-6.744105e+00,1.733646e+01,-5.487415e+01,-4.813005e+01,-2.7762
1339,-4.114236e+01,1.736592e+01,-5.524810e+01,-1.410575e+01,-0.8123
1340,-6.601600e+01,1.739562e+01,-5.561024e+01,1.040576e+01,0.5982
1341,-6.009969e+01,1.742555e+01,-5.596040e+01,4.139293e+00,0.2375
1342,-6.033944e+01,1.745570e+01,-5.629833e+01,4.041114e+00,0.2315
1343,-5.934582e+01,1.748606e+01,-5.662407e+01,2.721744e+00,0.1557
1344,-1.929949e+01,1.751663e+01,-5.693738e+01,-3.763789e+01,-2.1487
1345,-6.468707e+01,1.754739e+01,-5.723816e+01,7.448908e+00,0.4245
1346,-6.337127e+01,1.757834e+01,-5.752630e+01,5.844970e+00,0.3325
1347,-3.652150e+01,1.760947e+01,-5.780170e+01,-2.128021e+01,-1.2085
1348,-6.542066e+01,1.764077e+01,-5.806418e+01,7.356486e+00,0.4170
1349,-6.298577e+01,1.767222e+01,-5.831362e+01,4.672146e+00,0.2644
1350,-8.399191e+01,1.770383e+01,-5.855015e+01,2.544176e+01,1.4371
1351,-6.420593e+01,1.773557e+01,-5.877366e+01,5.432271e+00,0.3063
1352,-7.508569e+01,1.776746e+01,-5.898403e+01,1.610166e+01,0.9062
1353,-8.399646e+01,1.779947e+01,-5.918132e+01,2.481514e+01,1.3942
1354,-6.124832e+01,1.783159e+01,-5.936547e+01,1.882842e+00,0.1056
1355,-6.505000e+01,1.786382e+01,-5.953640e+01,5.513607e+00,0.3086
1356,-2.412016e+01,1.789616e+01,-5.969412e+01,-3.557396e+01,-1.9878
1357,-8.936508e+01,1.792858e+01,-5.983861e+01,2.952647e+01,1.6469
1358,-7.868040e+01,1.796108e+01,-5.996974e+01,1.871066e+01,1.0417
1359,-4.825854e+01,1.799366e+01,-6.008763e+01,-1.182909e+01,-0.6574
1360,-5.985632e+01,1.802630e+01,-6.019209e+01,-3.357690e-01,-0.0186
1361,-9.386073e+01,1.805901e+01,-6.028314e+01,3.357759e+01,1.8593
1362,-4.849613e+01,1.809176e+01,-6.036082e+01,-1.186469e+01,-0.6558
1363,-7.799728e+01,1.812456e+01,-6.042501e+01,1.757228e+01,0.9695
1364,-5.012758e+01,1.815739e+01,-6.047580e+01,-1.034822e+01,-0.5699
1365,-7.034682e+01,1.819024e+01,-6.051323e+01,9.833593e+00,0.5406
1366,-4.504246e+01,1.822311e+01,-6.053725e+01,-1.549478e+01,-0.8503
1367,-6.717706e+01,1.825600e+01,-6.054787e+01,6.629187e+00,0.3631
1368,-4.784583e+01,1.828889e+01,-6.054513e+01,-1.269930e+01,-0.6944
1369,-2.340219e+01,1.832178e+01,-6.052904e+01,-3.712685e+01,-2.0264
1370,-6.319263e+01,1.835465e+01,-6.049969e+01,2.692942e+00,0.1467
1371,-6.475878e+01,1.838750e+01,-6.045711e+01,4.301664e+00,0.2339
1372,-5.551030e+01,1.842032e+01,-6.040132e+01,-4.891017e+00,-0.2655
1373,-5.867223e+01,1.845310e+01,-6.033240e+01,-1.660175e+00,-0.0900
1374,-8.939666e+01,1.848585e+01,-6.025045e+01,2.914621e+01,1.5767
1375,-7.512753e+01,1.851855e+01,-6.015547e+01,1.497207e+01,0.8085
1376,-2.142725e+01,1.855118e+01,-6.004748e+01,-3.862023e+01,-2.0818
1377,-5.749832e+01,1.858376e+01,-5.992664e+01,-2.428323e+00,-0.1307
1378,-5.442043e+01,1.861627e+01,-5.979296e+01,-5.372538e+00,-0.2886
1379,-9.031623e+01,1.864871e+01,-5.964653e+01,3.066970e+01,1.6446
1380,-5.521685e+01,1.868106e+01,-5.948727e+01,-4.270427e+00,-0.2286
1381,-2.004566e+01,1.871334e+01,-5.931542e+01,-3.926976e+01,-2.0985
1382,-4.981722e+01,1.874551e+01,-5.913091e+01,-9.313689e+00,-0.4968
1383,-7.412551e+01,1.877759e+01,-5.893381e+01,1.519170e+01,0.8090
1384,-2.324231e+01,1.880956e+01,-5.872427e+01,-3.548196e+01,-1.8864
1385,-9.311849e-01,1.884143e+01,-5.850246e+01,-5.757127e+01,-3.0556
1386,-6.143013e+01,1.887318e+01,-5.826858e+01,3.161545e+00,0.1675
1387,-9.517647e+01,1.890480e+01,-5.802265e+01,3.715382e+01,1.9653
1388,-6.343899e+01,1.893629e+01,-5.776494e+01,5.674049e+00,0.2996
1389,-2.320254e+01,1.896764e+01,-5.749555e+01,-3.429301e+01,-1.8080
1390,-8.636052e+01,1.899885e+01,-5.721460e+01,2.914592e+01,1.5341
1391,-5.824881e+01,1.902992e+01,-5.692232e+01,1.326488e+00,0.0697
1392,-8.064486e+01,1.906083e+01,-5.661870e+01,2.402616e+01,1.2605
1393,-7.113530e+01,1.909159e+01,-5.630396e+01,1.483134e+01,0.7769
1394,-6.143604e+01,1.912219e+01,-5.597816e+01,5.457881e+00,0.2854
1395,-6.082797e+01,1.915262e+01,-5.564151e+01,5.186460e+00,0.2708
1396,-7.565290e+01,1.918288e+01,-5.529400e+01,2.035889e+01,1.0613
1397,-4.149218e+01,1.921297e+01,-5.493593e+01,-1.344375e+01,-0.6997
1398,-5.177221e+01,1.924289e+01,-5.456727e+01,-2.795052e+00,-0.1453
1399,-1.039567e+02,1.927262e+01,-5.418838e+01,4.976833e+01,2.5823
1400,-4.405612e+01,1.930216e+01,-5.379939e+01,-9.743275e+00,-0.5048
1401,-5.792112e+01,1.933152e+01,-5.340051e+01,4.520603e+00,0.2338
1402,-6.380689e+01,1.936068e+01,-5.299180e+01,1.081509e+01,0.5586
1403,-5.628832e+01,1.938964e+01,-5.257358e+01,3.714740e+00,0.1916
1404,-5.782069e+01,1.941839e+01,-5.214598e+01,5.674702e+00,0.2922
1405,-6.711599e+01,1.944693e+01,-5.170913e+01,1.540687e+01,0.7923
1406,-7.700643e+01,1.947526e+01,-5.126319e+01,2.574324e+01,1.3218
1407,-8.076436e+01,1.950336e+01,-5.080846e+01,2.995591e+01,1.5359
1408,-4.750432e+01,1.953125e+01,-5.034495e+01,-2.840634e+00,-0.1454
1409,-7.045565e+00,1.955891e+01,-4.987295e+01,-4.282738e+01,-2.1897
1410,-5.353286e+01,1.958634e+01,-4.939262e+01,4.140235e+00,0.2114
1411,-6.614407e+01,1.961355e+01,-4.890410e+01,1.723997e+01,0.8790
1412,-7.665848e+01,1.964052e+01,-4.840770e+01,2.825078e+01,1.4384
1413,-1.527906e+01,1.966726e+01,-4.790347e+01,-3.262442e+01,-1.6588
1414,-9.025921e+01,1.969376e+01,-4.739189e+01,4.286732e+01,2.1767
1415,-4.430775e+01,1.972002e+01,-4.687300e+01,-2.565251e+00,-0.1301
1416,-4.567329e+01,1.974603e+01,-4.634712e+01,-6.738311e-01,-0.0341
1417,-5.733763e+01,1.977181e+01,-4.581443e+01,1.152319e+01,0.5828
1418,-2.177962e+01,1.979733e+01,-4.527527e+01,-2.349566e+01,-1.1868
1419,-4.293727e+01,1.982259e+01,-4.472967e+01,-1.792404e+00,-0.0904
1420,-7.165585e+01,1.984760e+01,-4.417803e+01,2.747782e+01,1.3844
1421,-3.362877e+01,1.987236e+01,-4.362053e+01,-9.991761e+00,-0.5028
1422,-6.651534e+01,1.989685e+01,-4.305727e+01,2.345807e+01,1.1790
1423,-4.377898e+01,1.992107e+01,-4.248859e+01,1.290395e+00,0.0648
1424,-4.914489e+01,1.994512e+01,-4.191457e+01,7.230317e+00,0.3625
1425,-6.195882e+01,1.996891e+01,-4.133556e+01,2.062326e+01,1.0328
1426,-4.690220e+01,1.999243e+01,-4.075179e+01,6.150413e+00,0.3076
1427,-3.947148e+01,2.001567e+01,-4.016337e+01,-6.918880e-01,-0.0346
1428,-4.003467e+01,2.003864e+01,-3.957055e+01,4.641134e-01,0.0232
1429,-8.206641e+00,2.006133e+01,-3.897373e+01,-3.076709e+01,-1.5337
1430,-4.779219e+01,2.008375e+01,-3.837293e+01,9.419259e+00,0.4690
1431,-8.972148e+00,2.010589e+01,-3.776854e+01,-2.879640e+01,-1.4322
1432,-3.562893e+01,2.012774e+01,-3.716068e+01,-1.531746e+00,-0.0761
1433,-5.320068e+01,2.014933e+01,-3.654965e+01,1.665103e+01,0.8264
1434,-2.341925e+01,2.017062e+01,-3.593563e+01,-1.251637e+01,-0.6205
1435,-3.135602e+01,2.019163e+01,-3.531894e+01,-3.962919e+00,-0.1963
1436,-2.122212e+01,2.021235e+01,-3.469975e+01,-1.347763e+01,-0.6668
1437,-4.466230e+01,2.023279e+01,-3.407838e+01,1.058392e+01,0.5231
1438,-4.200681e+01,2.025293e+01,-3.345494e+01,8.551879e+00,0.4223
1439,-4.392488e+01,2.027279e+01,-3.282980e+01,1.109508e+01,0.5473
1440,-6.616244e+01,2.029234e+01,-3.220307e+01,3.395937e+01,1.6735
1441,-4.764570e+01,2.031161e+01,-3.157507e+01,1.607063e+01,0.7912
1442,-1.831861e+01,2.033058e+01,-3.094597e+01,-1.262736e+01,-0.6211
1443,-3.696929e+01,2.034924e+01,-3.031600e+01,6.653281e+00,0.3270
1444,-4.259139e+01,2.036762e+01,-2.968550e+01,1.290589e+01,0.6336
1445,-3.888427e+01,2.038569e+01,-2.905455e+01,9.829721e+00,0.4822
1446,-5.412418e+01,2.040348e+01,-2.842340e+01,2.570079e+01,1.2596
1447,-3.951733e+00,2.042096e+01,-2.779244e+01,-2.384070e+01,-1.1675
1448,-4.622495e+01,2.043816e+01,-2.716169e+01,1.906327e+01,0.9327
1449,-5.184580e+01,2.045505e+01,-2.653161e+01,2.531419e+01,1.2376
1450,-4.160251e+01,2.047165e+01,-2.590231e+01,1.570020e+01,0.7669
1451,-7.307459e+00,2.048795e+01,-2.527410e+01,-1.796664e+01,-0.8769
1452,-4.203764e+01,2.050396e+01,-2.464720e+01,1.739044e+01,0.8482
1453,-4.144080e+00,2.051966e+01,-2.402186e+01,-1.987778e+01,-0.9687
1454,-9.602665e+00,2.053507e+01,-2.339830e+01,-1.379563e+01,-0.6718
1455,-2.787189e+01,2.055018e+01,-2.277667e+01,5.095213e+00,0.2479
1456,-3.230562e+01,2.056499e+01,-2.215714e+01,1.014848e+01,0.4935
1457,-1.005479e+01,2.057950e+01,-2.154001e+01,-1.148522e+01,-0.5581
1458,-6.029890e+01,2.059371e+01,-2.092544e+01,3.937346e+01,1.9119
1459,-1.412850e+01,2.060762e+01,-2.031358e+01,-6.185080e+00,-0.3001
1460,-6.956573e+00,2.062124e+01,-1.970474e+01,-1.274817e+01,-0.6182
1461,-5.880426e+01,2.063455e+01,-1.909900e+01,3.970526e+01,1.9242
1462,-5.556286e+01,2.064758e+01,-1.849668e+01,3.706619e+01,1.7952
1463,-1.285701e+01,2.066031e+01,-1.789792e+01,-5.040902e+00,-0.2440
1464,-7.754611e+00,2.067275e+01,-1.730288e+01,-9.548271e+00,-0.4619
1465,-3.843110e+00,2.068490e+01,-1.671173e+01,-1.286862e+01,-0.6221
1466,-2.386598e+01,2.069676e+01,-1.612485e+01,7.741132e+00,0.3740
1467,-1.403880e+01,2.070833e+01,-1.554224e+01,-1.503440e+00,-0.0726
1468,4.743057e+00,2.071961e+01,-1.496422e+01,-1.970728e+01,-0.9511
1469,-2.346594e-01,2.073062e+01,-1.439095e+01,-1.415629e+01,-0.6829
1470,-5.556445e+01,2.074133e+01,-1.382251e+01,4.174194e+01,2.0125
1471,-1.184768e+01,2.075177e+01,-1.325921e+01,-1.411532e+00,-0.0680
1472,1.245085e+01,2.076192e+01,-1.270115e+01,-2.515200e+01,-1.2114
1473,-9.751803e+00,2.077180e+01,-1.214855e+01,-2.396748e+00,-0.1154
1474,7.904179e+00,2.078139e+01,-1.160158e+01,-1.950576e+01,-0.9386
1475,-9.617031e+00,2.079071e+01,-1.106048e+01,-1.443453e+00,-0.0694
1476,-2.284718e+01,2.079976e+01,-1.052527e+01,1.232191e+01,0.5924
1477,4.531794e+01,2.080853e+01,-9.996249e+00,-5.531419e+01,-2.6582
1478,8.252985e-01,2.081704e+01,-9.473518e+00,-1.029882e+01,-0.4947
1479,-5.334114e+01,2.082528e+01,-8.957226e+00,4.438391e+01,2.1313
1480,2.369324e+01,2.083326e+01,-8.447577e+00,-3.214082e+01,-1.5428
1481,4.914134e+01,2.084098e+01,-7.944715e+00,-5.708605e+01,-2.7391
1482,1.059656e+01,2.084844e+01,-7.448795e+00,-1.804535e+01,-0.8655
1483,-2.104625e+01,2.085564e+01,-6.959939e+00,1.408631e+01,0.6754
1484,9.067812e+00,2.086260e+01,-6.478303e+00,-1.554612e+01,-0.7452
1485,-4.087685e+01,2.086931e+01,-6.004027e+00,3.487283e+01,1.6710
1486,-5.952149e+01,2.087577e+01,-5.537238e+00,5.398425e+01,2.5860
1487,6.803317e+00,2.088199e+01,-5.078099e+00,-1.188142e+01,-0.5690
1488,-1.359160e+01,2.088798e+01,-4.626732e+00,8.964864e+00,0.4292
1489,-2.733122e+01,2.089372e+01,-4.183273e+00,2.314795e+01,1.1079
1490,1.432787e+01,2.089924e+01,-3.747839e+00,-1.807570e+01,-0.8649
1491,5.574513e+01,2.090453e+01,-3.320548e+00,-5.906567e+01,-2.8255
1492,-6.155327e+00,2.090960e+01,-2.901524e+00,3.253803e+00,0.1556
1493,-1.644413e+01,2.091444e+01,-2.490897e+00,1.395323e+01,0.6672
1494,4.461414e+00,2.091907e+01,-2.088782e+00,-6.550196e+00,-0.3131
1495,3.282272e+00,2.092349e+01,-1.695300e+00,-4.977571e+00,-0.2379
1496,3.078252e+01,2.092770e+01,-1.310554e+00,-3.209307e+01,-1.5335
1497,-3.470730e+01,2.093171e+01,-9.346148e-01,3.377268e+01,1.6135
1498,1.600532e+01,2.093552e+01,-5.675814e-01,-1.657290e+01,-0.7916
1499,6.127895e+00,2.093914e+01,-2.095397e-01,-6.337435e+00,-0.3027
1500,-1.999761e+01,2.094258e+01,1.394160e-01,2.013703e+01,0.9615
1501,-4.372942e+01,2.094583e+01,4.791913e-01,4.420861e+01,2.1106
1502,8.676202e+00,2.094890e+01,8.097154e-01,-7.866487e+00,-0.3755
1503,1.652240e+01,2.095180e+01,1.130903e+00,-1.539149e+01,-0.7346
1504,-9.822620e+00,2.095454e+01,1.442711e+00,1.126533e+01,0.5376
1505,-1.102940e+01,2.095711e+01,1.745066e+00,1.277447e+01,0.6096
1506,2.168625e+01,2.095967e+01,2.037903e+00,-1.964835e+01,-0.9374
1507,2.624714e+01,2.096210e+01,2.321154e+00,-2.392599e+01,-1.1414
1508,-1.332234e+01,2.096438e+01,2.594734e+00,1.591707e+01,0.7592
1509,1.356583e+01,2.096653e+01,2.858687e+00,-1.070715e+01,-0.5107
1510,3.937132e+01,2.096854e+01,3.112821e+00,-3.625850e+01,-1.7292
1511,-2.577591e+01,2.097044e+01,3.357244e+00,2.913315e+01,1.3892
1512,1.187437e+01,2.097221e+01,3.591912e+00,-8.282460e+00,-0.3949
1513,3.682665e+01,2.097386e+01,3.816855e+00,-3.300979e+01,-1.5739
1514,1.986393e+01,2.097542e+01,4.031954e+00,-1.583198e+01,-0.7548
1515,1.015669e+01,2.097686e+01,4.237311e+00,-5.919381e+00,-0.2822
1516,-1.173664e+01,2.097821e+01,4.432804e+00,1.616945e+01,0.7708
1517,2.772342e+01,2.097947e+01,4.618458e+00,-2.310496e+01,-1.1013
1518,2.354454e+01,2.098065e+01,4.794299e+00,-1.875024e+01,-0.8937
1519,-2.709438e+01,2.098176e+01,4.960349e+00,3.205473e+01,1.5277
1520,-5.701793e+00,2.098279e+01,5.116483e+00,1.081828e+01,0.5156
1521,-1.314098e+01,2.098375e+01,5.262796e+00,1.840378e+01,0.8770
1522,-2.577614e+00,2.098466e+01,5.399309e+00,7.976922e+00,0.3801
1523,1.685657e+01,2.098552e+01,5.525891e+00,-1.133068e+01,-0.5399
1524,3.090494e+01,2.098635e+01,5.642635e+00,-2.526231e+01,-1.2037
1525,-3.977436e+01,2.098713e+01,5.749558e+00,4.552392e+01,2.1691
1526,3.165248e+01,2.098789e+01,5.846676e+00,-2.580581e+01,-1.2296
1527,1.777162e+01,2.098862e+01,5.934077e+00,-1.183755e+01,-0.5640
1528,2.768362e+00,2.098934e+01,6.011701e+00,3.243338e+00,0.1545
1529,5.754114e+01,2.099006e+01,6.079709e+00,-5.146143e+01,-2.4517
1530,-2.029968e+00,2.099078e+01,6.137963e+00,8.167931e+00,0.3891
1531,4.019698e+00,2.099150e+01,6.186549e+00,2.166851e+00,0.1032
1532,2.075388e+01,2.099224e+01,6.225550e+00,-1.452833e+01,-0.6921
1533,-2.387347e+01,2.099300e+01,6.254973e+00,3.012844e+01,1.4352
1534,3.529344e+01,2.099379e+01,6.274900e+00,-2.901854e+01,-1.3822
1535,1.882805e+01,2.099462e+01,6.285336e+00,-1.254272e+01,-0.5974
1536,5.659852e+00,2.099550e+01,6.286288e+00,6.264361e-01,0.0298
1537,-2.499154e+00,2.099642e+01,6.277832e+00,8.776986e+00,0.4180
1538,2.474118e+01,2.099742e+01,6.260045e+00,-1.848113e+01,-0.8802
1539,1.008074e+01,2.099848e+01,6.233004e+00,-3.847734e+00,-0.1832
1540,1.893666e+01,2.099962e+01,6.196858e+00,-1.273980e+01,-0.6067
1541,-2.907276e+01,2.100086e+01,6.151531e+00,3.522429e+01,1.6773
1542,2.794824e+00,2.100218e+01,6.097246e+00,3.302422e+00,0.1572
1543,3.177347e+01,2.100362e+01,6.033999e+00,-2.573947e+01,-1.2255
1544,4.600265e+01,2.100516e+01,5.961936e+00,-4.004071e+01,-1.9062
1545,2.503222e+01,2.100684e+01,5.881125e+00,-1.915109e+01,-0.9117
1546,-3.858054e+01,2.100863e+01,5.791637e+00,4.437218e+01,2.1121
1547,4.183839e+01,2.101057e+01,5.693538e+00,-3.614485e+01,-1.7203
1548,1.007654e+01,2.101264e+01,5.586969e+00,-4.489568e+00,-0.2137
1549,-3.206613e+01,2.101486e+01,5.471997e+00,3.753813e+01,1.7863
1550,1.954127e+01,2.101725e+01,5.348685e+00,-1.419258e+01,-0.6753
1551,2.800714e+01,2.101980e+01,5.217171e+00,-2.278997e+01,-1.0842
1552,-2.786636e+00,2.102253e+01,5.077510e+00,7.864146e+00,0.3741
1553,-2.146170e+01,2.102545e+01,4.929906e+00,2.639161e+01,1.2552
1554,3.474702e+01,2.102855e+01,4.774338e+00,-2.997268e+01,-1.4253
1555,1.737958e+01,2.103186e+01,4.611006e+00,-1.276857e+01,-0.6071
1556,3.757330e+00,2.103537e+01,4.439961e+00,6.826317e-01,0.0325
1557,1.245765e+01,2.103911e+01,4.261404e+00,-8.196250e+00,-0.3896
1558,3.620390e+01,2.104307e+01,4.075382e+00,-3.212852e+01,-1.5268
1559,-3.435225e+01,2.104726e+01,3.882095e+00,3.823434e+01,1.8166
1560,5.035448e+00,2.105170e+01,3.681515e+00,-1.353933e+00,-0.0643
1561,6.919277e+00,2.105640e+01,3.473987e+00,-3.445290e+00,-0.1636
1562,-2.627902e+01,2.106135e+01,3.259482e+00,2.953850e+01,1.4025
1563,6.442703e+00,2.106656e+01,3.038195e+00,-3.404508e+00,-0.1616
1564,2.395588e+01,2.107205e+01,2.810245e+00,-2.114563e+01,-1.0035
1565,-1.516504e+01,2.107782e+01,2.575824e+00,1.774086e+01,0.8417
1566,-9.164559e+00,2.108388e+01,2.334976e+00,1.149953e+01,0.5454
1567,2.653396e+01,2.109022e+01,2.087891e+00,-2.444607e+01,-1.1591
1568,-2.240361e+01,2.109687e+01,1.834611e+00,2.423823e+01,1.1489
1569,-1.040726e+01,2.110383e+01,1.575401e+00,1.198266e+01,0.5678
1570,-2.889469e+01,2.111110e+01,1.310374e+00,3.020506e+01,1.4308
1571,3.006584e+00,2.111869e+01,1.039600e+00,-1.966984e+00,-0.0931
1572,-4.986995e+01,2.112662e+01,7.632449e-01,5.063320e+01,2.3967
1573,2.753371e+00,2.113489e+01,4.814730e-01,-2.271898e+00,-0.1075
1574,-2.815995e+00,2.114350e+01,1.944633e-01,3.010458e+00,0.1424
1575,4.653379e+00,2.115246e+01,-9.762817e-02,-4.751007e+00,-0.2246
1576,-2.885343e+01,2.116179e+01,-3.946161e-01,2.845881e+01,1.3448
1577,3.689068e+01,2.117148e+01,-6.963531e-01,-3.758704e+01,-1.7754
1578,-1.782627e+01,2.118156e+01,-1.002647e+00,1.682363e+01,0.7943
1579,6.814230e+00,2.119200e+01,-1.313353e+00,-8.127583e+00,-0.3835
1580,2.870945e+00,2.120283e+01,-1.628308e+00,-4.499254e+00,-0.2122
1581,1.504769e+00,2.121405e+01,-1.947361e+00,-3.452130e+00,-0.1627
1582,1.313902e+01,2.122565e+01,-2.270358e+00,-1.540938e+01,-0.7260
1583,-1.214540e+00,2.123768e+01,-2.597156e+00,-1.382615e+00,-0.0651
1584,7.728735e-01,2.125009e+01,-2.927594e+00,-3.700468e+00,-0.1741
1585,1.907146e+01,2.126291e+01,-3.261522e+00,-2.233299e+01,-1.0503
1586,-3.222026e+01,2.127614e+01,-3.598804e+00,2.862145e+01,1.3452
1587,2.083310e+01,2.128979e+01,-3.939260e+00,-2.477236e+01,-1.1636
1588,-9.446528e+00,2.130387e+01,-4.282728e+00,5.163800e+00,0.2424
1589,-3.783403e+01,2.131838e+01,-4.629049e+00,3.320498e+01,1.5576
1590,-3.216908e+01,2.133332e+01,-4.978057e+00,2.719102e+01,1.2746
1591,3.570951e+00,2.134869e+01,-5.329590e+00,-8.900540e+00,-0.4169
1592,-1.484995e+01,2.136451e+01,-5.683474e+00,9.166476e+00,0.4291
1593,-4.598423e+01,2.138078e+01,-6.039560e+00,3.994467e+01,1.8683
1594,-2.516340e+01,2.139750e+01,-6.397671e+00,1.876573e+01,0.8770
1595,1.248863e+01,2.141468e+01,-6.757643e+00,-1.924627e+01,-0.8987
1596,-8.086305e+00,2.143231e+01,-7.119305e+00,9.669996e-01,0.0451
1597,1.739754e+01,2.145040e+01,-7.482496e+00,-2.488004e+01,-1.1599
1598,-3.809859e+01,2.146895e+01,-7.847043e+00,3.025154e+01,1.4091
1599,1.570430e+01,2.148797e+01,-8.212778e+00,-2.391708e+01,-1.1130
1600,-4.058727e+01,2.150746e+01,-8.579537e+00,3.200773e+01,1.4882
1601,-1.954076e+01,2.152741e+01,-8.947168e+00,1.059359e+01,0.4921
1602,4.400650e+01,2.154785e+01,-9.315524e+00,-5.332203e+01,-2.4746
1603,1.820525e+01,2.156875e+01,-9.684453e+00,-2.788971e+01,-1.2931
1604,1.246561e+01,2.159013e+01,-1.005381e+01,-2.251943e+01,-1.0430
1605,-2.872963e+01,2.161199e+01,-1.042349e+01,1.830614e+01,0.8470
1606,-2.269195e+01,2.163434e+01,-1.079329e+01,1.189866e+01,0.5500
1607,2.293946e+01,2.165716e+01,-1.116302e+01,-3.410248e+01,-1.5747
1608,-5.023791e+01,2.168047e+01,-1.153268e+01,3.870524e+01,1.7853
1609,-2.011450e+01,2.170428e+01,-1.190194e+01,8.212558e+00,0.3784
1610,1.137503e+01,2.172857e+01,-1.227078e+01,-2.364581e+01,-1.0882
1611,-1.737352e+01,2.175336e+01,-1.263890e+01,4.734627e+00,0.2177
1612,-1.572225e+01,2.177863e+01,-1.300626e+01,2.715989e+00,0.1247
1613,2.699528e+00,2.180440e+01,-1.337264e+01,-1.607217e+01,-0.7371
1614,-1.058219e+01,2.183066e+01,-1.373785e+01,-3.155667e+00,-0.1446
1615,-1.409532e+01,2.185740e+01,-1.410182e+01,-6.493845e-03,-0.0003
1616,1.962367e+01,2.188464e+01,-1.446444e+01,-3.408811e+01,-1.5576
1617,2.360938e+00,2.191236e+01,-1.482547e+01,-1.718641e+01,-0.7843
1618,1.119009e+00,2.194057e+01,-1.518482e+01,-1.630383e+01,-0.7431
1619,-3.072171e+01,2.196927e+01,-1.554239e+01,1.517932e+01,0.6909
1620,-4.160638e+01,2.199845e+01,-1.589794e+01,2.570844e+01,1.1686
1621,-3.384450e+01,2.202812e+01,-1.625153e+01,1.759297e+01,0.7987
1622,3.289650e+01,2.205826e+01,-1.660282e+01,-4.949933e+01,-2.2440
1623,2.131192e+00,2.208889e+01,-1.695182e+01,-1.908301e+01,-0.8639
1624,-9.475875e+00,2.211999e+01,-1.729826e+01,-7.822381e+00,-0.3536
1625,-3.311889e+01,2.215158e+01,-1.764212e+01,1.547677e+01,0.6987
1626,-4.030411e+01,2.218364e+01,-1.798324e+01,2.232087e+01,1.0062
1627,-1.609984e+01,2.221618e+01,-1.832144e+01,-2.221598e+00,-0.1000
1628,1.248631e+01,2.224919e+01,-1.865655e+01,-3.114287e+01,-1.3997
1629,-1.687965e+01,2.228267e+01,-1.898862e+01,-2.108969e+00,-0.0946
1630,-1.816613e+01,2.231661e+01,-1.931733e+01,-1.151200e+00,-0.0516
1631,-1.941823e+01,2.235102e+01,-1.964273e+01,-2.245000e-01,-0.0100
1632,-3.751378e+01,2.238590e+01,-1.996456e+01,1.754922e+01,0.7839
1633,-6.803760e+01,2.242123e+01,-2.028280e+01,4.775479e+01,2.1299
1634,-3.003104e+01,2.245701e+01,-2.059729e+01,9.433751e+00,0.4201
1635,-1.197782e+01,2.249323e+01,-2.090798e+01,-8.930159e+00,-0.3970
1636,-5.783262e+01,2.252991e+01,-2.121462e+01,3.661799e+01,1.6253
1637,-1.183235e+01,2.256702e+01,-2.151728e+01,-9.684925e+00,-0.4292
1638,-5.641356e+01,2.260458e+01,-2.181568e+01,3.459788e+01,1.5306
1639,-1.732816e+01,2.264256e+01,-2.210980e+01,-4.781638e+00,-0.2112
1640,-1.894530e+01,2.268098e+01,-2.239962e+01,-3.454316e+00,-0.1523
1641,-5.175871e+01,2.271983e+01,-2.268487e+01,2.907384e+01,1.2797
1642,-1.156527e+01,2.275910e+01,-2.296553e+01,-1.140025e+01,-0.5009
1643,-4.192877e+01,2.279878e+01,-2.324155e+01,1.868721e+01,0.8197
1644,-3.673359e+01,2.283888e+01,-2.351277e+01,1.322082e+01,0.5789
1645,-5.643815e+01,2.287939e+01,-2.377907e+01,3.265908e+01,1.4274
1646,1.634659e+01,2.292030e+01,-2.404049e+01,-4.038708e+01,-1.7621
1647,-3.110354e+01,2.296162e+01,-2.429685e+01,6.806688e+00,0.2964
1648,-2.109063e+01,2.300332e+01,-2.454803e+01,-3.457405e+00,-0.1503
1649,-6.268305e+00,2.304540e+01,-2.479401e+01,-1.852570e+01,-0.8039
1650,-1.640172e+01,2.308788e+01,-2.503466e+01,-8.632941e+00,-0.3739
1651,-3.609439e+01,2.313074e+01,-2.526995e+01,1.082445e+01,0.4680
1652,-4.069868e+01,2.317396e+01,-2.549984e+01,1.519884e+01,0.6559
1653,-4.245503e+01,2.321755e+01,-2.572422e+01,1.673081e+01,0.7206
1654,1.744645e+01,2.326149e+01,-2.594299e+01,-4.338944e+01,-1.8653
1655,-2.806828e+00,2.330579e+01,-2.615617e+01,-2.334935e+01,-1.0019
1656,-1.092943e+01,2.335044e+01,-2.636374e+01,-1.543431e+01,-0.6610
1657,-2.569235e+01,2.339543e+01,-2.656549e+01,-8.731413e-01,-0.0373
1658,-3.642219e+01,2.344076e+01,-2.676147e+01,9.660727e+00,0.4121
1659,-5.106948e+01,2.348642e+01,-2.695163e+01,2.411786e+01,1.0269
1660,-1.136894e+01,2.353240e+01,-2.713593e+01,-1.576699e+01,-0.6700
1661,-1.765702e+01,2.357870e+01,-2.731433e+01,-9.657306e+00,-0.4096
1662,-1.547063e+01,2.362531e+01,-2.748671e+01,-1.201607e+01,-0.5086
1663,-4.529859e+01,2.367223e+01,-2.765317e+01,1.764542e+01,0.7454
1664,6.223047e-01,2.371944e+01,-2.781360e+01,-2.843590e+01,-1.1988
1665,-8.751897e+00,2.376695e+01,-2.796786e+01,-1.921597e+01,-0.8085
1666,-1.625742e+01,2.381476e+01,-2.811608e+01,-1.185866e+01,-0.4980
1667,-1.396463e+01,2.386284e+01,-2.825818e+01,-1.429356e+01,-0.5990
1668,-1.990422e+01,2.391121e+01,-2.839406e+01,-8.489848e+00,-0.3551
1669,-6.981310e+01,2.395983e+01,-2.852374e+01,4.128936e+01,1.7233
1670,-4.111494e+01,2.400872e+01,-2.864716e+01,1.246778e+01,0.5193
1671,5.298837e+00,2.405787e+01,-2.876434e+01,-3.406318e+01,-1.4159
1672,-2.606919e+01,2.410728e+01,-2.887524e+01,-2.806052e+00,-0.1164
1673,-3.797764e+01,2.415694e+01,-2.897994e+01,8.997699e+00,0.3725
1674,-3.037927e+00,2.420682e+01,-2.907833e+01,-2.604040e+01,-1.0757
1675,3.466315e+00,2.425695e+01,-2.917048e+01,-3.263680e+01,-1.3455
1676,-6.200773e+01,2.430729e+01,-2.925643e+01,3.275130e+01,1.3474
1677,2.773674e+01,2.435787e+01,-2.933610e+01,-5.707284e+01,-2.3431
1678,-4.440909e+01,2.440865e+01,-2.940952e+01,1.499957e+01,0.6145
1679,-3.221430e+01,2.445965e+01,-2.947671e+01,2.737589e+00,0.1119
1680,-2.814049e+01,2.451084e+01,-2.953759e+01,-1.397099e+00,-0.0570
1681,-4.719352e+01,2.456224e+01,-2.959226e+01,1.760126e+01,0.7166
1682,-2.982569e+01,2.461382e+01,-2.964073e+01,1.849612e-01,0.0075
1683,-3.541453e+01,2.466558e+01,-2.968286e+01,5.731667e+00,0.2324
1684,-3.659351e+01,2.471754e+01,-2.971881e+01,6.874694e+00,0.2781
1685,6.139222e+00,2.476966e+01,-2.974852e+01,-3.588774e+01,-1.4489
1686,-4.195573e+01,2.482195e+01,-2.977199e+01,1.218374e+01,0.4908
1687,-6.383540e+01,2.487440e+01,-2.978938e+01,3.404602e+01,1.3687
1688,-6.788558e+01,2.492700e+01,-2.980062e+01,3.808497e+01,1.5279
1689,-3.923949e+01,2.497976e+01,-2.980571e+01,9.433772e+00,0.3777
1690,-1.632174e+01,2.503266e+01,-2.980475e+01,-1.348300e+01,-0.5386
1691,-1.198959e+01,2.508570e+01,-2.979772e+01,-1.780813e+01,-0.7099
1692,-6.133714e+01,2.513887e+01,-2.978463e+01,3.155251e+01,1.2551
1693,-3.952684e+01,2.519216e+01,-2.976563e+01,9.761211e+00,0.3875
1694,-5.924238e+01,2.524557e+01,-2.974058e+01,2.950180e+01,1.1686
1695,5.813181e-01,2.529910e+01,-2.970962e+01,-3.029094e+01,-1.1973
1696,-4.077981e+01,2.535274e+01,-2.967275e+01,1.110706e+01,0.4381
1697,-2.015704e+01,2.540648e+01,-2.963005e+01,-9.473012e+00,-0.3729
1698,3.062757e+00,2.546031e+01,-2.958143e+01,-3.264419e+01,-1.2822
1699,1.420818e+01,2.551423e+01,-2.952713e+01,-4.373531e+01,-1.7142
1700,-7.658130e+01,2.556825e+01,-2.946705e+01,4.711426e+01,1.8427
1701,-4.779237e+01,2.562235e+01,-2.940134e+01,1.839103e+01,0.7178
1702,-1.795634e+01,2.567652e+01,-2.932999e+01,-1.137365e+01,-0.4430
1703,-5.119821e+01,2.573077e+01,-2.925321e+01,2.194500e+01,0.8529
1704,-1.657455e+01,2.578508e+01,-2.917100e+01,-1.259645e+01,-0.4885
1705,-2.126587e+00,2.583946e+01,-2.908340e+01,-2.695681e+01,-1.0432
1706,-4.262590e+00,2.589390e+01,-2.899055e+01,-2.472797e+01,-0.9550
1707,-1.317851e+01,2.594839e+01,-2.889237e+01,-1.571386e+01,-0.6056
1708,-2.495486e+00,2.600293e+01,-2.878906e+01,-2.629358e+01,-1.0112
1709,-1.632973e+01,2.605751e+01,-2.868061e+01,-1.235088e+01,-0.4740
1710,-9.807011e+00,2.611213e+01,-2.856706e+01,-1.876005e+01,-0.7184
1711,-3.954479e+01,2.616678e+01,-2.844855e+01,1.109623e+01,0.4241
1712,-3.212494e+01,2.622147e+01,-2.832515e+01,3.799792e+00,0.1449
1713,-4.588449e+01,2.627616e+01,-2.819689e+01,1.768761e+01,0.6731
1714,-4.348872e+01,2.633088e+01,-2.806376e+01,1.542496e+01,0.5858
1715,-5.933464e+01,2.638562e+01,-2.792603e+01,3.140861e+01,1.1904
1716,2.008715e+01,2.644037e+01,-2.778370e+01,-4.787085e+01,-1.8105
1717,-7.424352e+01,2.649512e+01,-2.763679e+01,4.660673e+01,1.7591
1718,1.089898e+01,2.654990e+01,-2.748553e+01,-3.838451e+01,-1.4457
1719,-1.346507e+01,2.660466e+01,-2.732980e+01,-1.386473e+01,-0.5211
1720,-1.130296e+01,2.665943e+01,-2.716988e+01,-1.586692e+01,-0.5952
1721,-2.672707e+01,2.671420e+01,-2.700575e+01,-2.786837e-01,-0.0104
1722,-1.018931e+01,2.676896e+01,-2.683753e+01,-1.664822e+01,-0.6219
1723,1.386253e+01,2.682371e+01,-2.666541e+01,-4.052794e+01,-1.5109
1724,-3.796003e+01,2.687844e+01,-2.648929e+01,1.147073e+01,0.4268
1725,1.080396e+01,2.693315e+01,-2.630945e+01,-3.711341e+01,-1.3780
1726,1.132820e+01,2.698785e+01,-2.612586e+01,-3.745406e+01,-1.3878
1727,-4.176903e+01,2.704252e+01,-2.593863e+01,1.583039e+01,0.5854
1728,-4.622022e+01,2.709716e+01,-2.574789e+01,2.047233e+01,0.7555
1729,-4.926716e+01,2.715177e+01,-2.555376e+01,2.371340e+01,0.8734
1730,-1.563199e+01,2.720635e+01,-2.535620e+01,-9.724203e+00,-0.3574
1731,-5.168368e+01,2.726089e+01,-2.515540e+01,2.652828e+01,0.9731
1732,-6.519712e+01,2.731538e+01,-2.495142e+01,4.024570e+01,1.4734
1733,-2.257495e+01,2.736985e+01,-2.474437e+01,-2.169415e+00,-0.0793
1734,-4.216267e+01,2.742426e+01,-2.453429e+01,1.762838e+01,0.6428
1735,2.219062e+01,2.747863e+01,-2.432137e+01,-4.651198e+01,-1.6927
1736,-6.254378e+01,2.753297e+01,-2.410572e+01,3.843805e+01,1.3961
1737,-6.238967e+01,2.758725e+01,-2.388740e+01,3.850227e+01,1.3957
1738,-2.343273e+01,2.764148e+01,-2.366666e+01,-2.339333e-01,-0.0085
1739,-3.713516e+01,2.769566e+01,-2.344347e+01,1.369169e+01,0.4944
1740,-8.466382e+00,2.774979e+01,-2.321802e+01,-1.475164e+01,-0.5316
1741,2.930192e+00,2.780386e+01,-2.299035e+01,-2.592055e+01,-0.9323
1742,2.219108e+00,2.785787e+01,-2.276073e+01,-2.497983e+01,-0.8967
1743,-5.748511e+01,2.791182e+01,-2.252903e+01,3.495608e+01,1.2524
1744,-2.928541e+01,2.796572e+01,-2.229546e+01,6.989951e+00,0.2499
1745,7.434009e+00,2.801955e+01,-2.206011e+01,-2.949412e+01,-1.0526
1746,-6.179276e+01,2.807331e+01,-2.182312e+01,3.996964e+01,1.4238
1747,-3.052241e+01,2.812701e+01,-2.158444e+01,8.937973e+00,0.3178
1748,1.007153e+01,2.818064e+01,-2.134441e+01,-3.141594e+01,-1.1148
1749,-4.141740e+00,2.823420e+01,-2.110291e+01,-1.696117e+01,-0.6007
1750,-5.650562e+01,2.828770e+01,-2.086021e+01,3.564541e+01,1.2601
1751,-6.653083e+00,2.834112e+01,-2.061635e+01,-1.396326e+01,-0.4927
1752,2.495259e+01,2.839449e+01,-2.037150e+01,-4.532409e+01,-1.5962
1753,-1.345351e+01,2.844779e+01,-2.012569e+01,-6.672183e+00,-0.2345
1754,1.002685e+01,2.850102e+01,-1.987903e+01,-2.990588e+01,-1.0493
1755,-1.327862e+01,2.855417e+01,-1.963169e+01,-6.353075e+00,-0.2225
1756,-4.381852e+01,2.860727e+01,-1.938364e+01,2.443488e+01,0.8541
1757,-4.458243e+01,2.866029e+01,-1.913511e+01,2.544731e+01,0.8879
1758,-7.238196e+01,2.871325e+01,-1.888615e+01,5.349580e+01,1.8631
1759,-3.048639e+01,2.876615e+01,-1.863685e+01,1.184954e+01,0.4119
1760,7.960749e+00,2.881896e+01,-1.838725e+01,-2.634800e+01,-0.9143
1761,-1.832991e+01,2.887172e+01,-1.813751e+01,1.923937e-01,0.0067
1762,2.416577e+01,2.892440e+01,-1.788768e+01,-4.205345e+01,-1.4539
1763,-2.558630e+01,2.897703e+01,-1.763799e+01,7.948303e+00,0.2743
1764,-1.011624e+01,2.902957e+01,-1.738842e+01,-7.272181e+00,-0.2505
1765,-1.456761e+01,2.908207e+01,-1.713906e+01,-2.571448e+00,-0.0884
1766,3.318465e+01,2.913448e+01,-1.689016e+01,-5.007480e+01,-1.7187
1767,3.682694e+00,2.918684e+01,-1.664168e+01,-2.032437e+01,-0.6964
1768,1.548125e+01,2.923914e+01,-1.639380e+01,-3.187505e+01,-1.0901
1769,-3.099892e-01,2.929138e+01,-1.614654e+01,-1.583655e+01,-0.5407
1770,-1.132519e+01,2.934356e+01,-1.590009e+01,-4.574904e+00,-0.1559
1771,-2.340911e+01,2.939569e+01,-1.565456e+01,7.754547e+00,0.2638
1772,-6.437009e+01,2.944775e+01,-1.540989e+01,4.896020e+01,1.6626
1773,-5.432102e+01,2.949977e+01,-1.516628e+01,3.915474e+01,1.3273
1774,1.036955e+01,2.955173e+01,-1.492381e+01,-2.529336e+01,-0.8559
1775,-6.816735e+01,2.960363e+01,-1.468253e+01,5.348482e+01,1.8067
1776,5.068179e+01,2.965550e+01,-1.444262e+01,-6.512440e+01,-2.1960
1777,-1.736821e+00,2.970732e+01,-1.420403e+01,-1.246721e+01,-0.4197
1778,-8.908229e+01,2.975909e+01,-1.396694e+01,7.511535e+01,2.5241
1779,-4.651933e+01,2.981081e+01,-1.373139e+01,3.278794e+01,1.0999
1780,-1.144803e+01,2.986249e+01,-1.349757e+01,-2.049534e+00,-0.0686
1781,-3.149683e+01,2.991413e+01,-1.326542e+01,1.823142e+01,0.6095
1782,4.425814e+01,2.996574e+01,-1.303520e+01,-5.729334e+01,-1.9120
1783,-4.860495e+01,3.001732e+01,-1.280681e+01,3.579815e+01,1.1926
1784,-2.321183e+01,3.006886e+01,-1.258042e+01,1.063141e+01,0.3536
1785,-4.023451e+01,3.012037e+01,-1.235614e+01,2.787837e+01,0.9256
1786,-6.533268e+00,3.017186e+01,-1.213394e+01,-5.600674e+00,-0.1856
1787,1.758003e+01,3.022332e+01,-1.191408e+01,-2.949411e+01,-0.9759
1788,3.985175e+01,3.027476e+01,-1.169643e+01,-5.154819e+01,-1.7027
1789,-2.099770e+01,3.032618e+01,-1.148127e+01,9.516428e+00,0.3138
1790,-3.661953e+00,3.037760e+01,-1.126848e+01,-7.606527e+00,-0.2504
1791,8.951826e+00,3.042900e+01,-1.105825e+01,-2.001007e+01,-0.6576
1792,-3.656152e+01,3.048038e+01,-1.085061e+01,2.571091e+01,0.8435
1793,-3.100385e+01,3.053176e+01,-1.064568e+01,2.035817e+01,0.6668
1794,4.108765e+01,3.058314e+01,-1.044350e+01,-5.153115e+01,-1.6850
1795,-1.882794e+01,3.063452e+01,-1.024411e+01,8.583836e+00,0.2802
1796,-1.057469e+01,3.068589e+01,-1.004754e+01,5.271430e-01,0.0172
1797,-4.830378e+01,3.073729e+01,-9.854000e+00,3.844978e+01,1.2509
1798,1.493056e-01,3.078867e+01,-9.663517e+00,-9.812823e+00,-0.3187
1799,2.002866e+00,3.084007e+01,-9.475989e+00,-1.147886e+01,-0.3722
1800,-3.625474e+01,3.089151e+01,-9.291681e+00,2.696306e+01,0.8728
1801,3.648307e+01,3.094295e+01,-9.110555e+00,-4.559363e+01,-1.4735
1802,-1.769335e+00,3.099442e+01,-8.932681e+00,-7.163347e+00,-0.2311
1803,3.777302e+01,3.104591e+01,-8.758131e+00,-4.653115e+01,-1.4988
1804,-1.499916e+01,3.109744e+01,-8.586944e+00,6.412218e+00,0.2062
1805,-8.935264e+01,3.114901e+01,-8.419157e+00,8.093348e+01,2.5983
1806,3.882587e+01,3.120061e+01,-8.254819e+00,-4.708069e+01,-1.5090
1807,-2.282679e+01,3.125226e+01,-8.093967e+00,1.473282e+01,0.4714
1808,-3.530514e+01,3.130397e+01,-7.936644e+00,2.736849e+01,0.8743
1809,1.227100e+01,3.135571e+01,-7.782904e+00,-2.005391e+01,-0.6396
1810,-4.029882e+01,3.140752e+01,-7.632784e+00,3.266604e+01,1.0401
1811,1.365486e+01,3.145939e+01,-7.486315e+00,-2.114117e+01,-0.6720
1812,-2.394669e+01,3.151134e+01,-7.343522e+00,1.660317e+01,0.5269
1813,1.281854e+00,3.156335e+01,-7.204445e+00,-8.486299e+00,-0.2689
1814,-1.391871e+01,3.161542e+01,-7.069118e+00,6.849587e+00,0.2167
1815,4.172242e+01,3.166758e+01,-6.937567e+00,-4.865999e+01,-1.5366
1816,3.555359e+01,3.171983e+01,-6.809821e+00,-4.236341e+01,-1.3355
1817,-3.797529e+01,3.177217e+01,-6.685921e+00,3.128937e+01,0.9848
1818,1.539473e+01,3.182460e+01,-6.565881e+00,-2.196061e+01,-0.6901
1819,3.012233e+01,3.187712e+01,-6.449726e+00,-3.657206e+01,-1.1473
1820,-9.797062e+00,3.192975e+01,-6.337476e+00,3.459586e+00,0.1083
1821,-2.087171e+01,3.198249e+01,-6.229155e+00,1.464256e+01,0.4578
1822,4.978523e+00,3.203533e+01,-6.124782e+00,-1.110330e+01,-0.3466
1823,4.698689e+01,3.208831e+01,-6.024387e+00,-5.301127e+01,-1.6520
1824,1.063844e+01,3.214140e+01,-5.927991e+00,-1.656643e+01,-0.5154
1825,-3.574737e+01,3.219460e+01,-5.835589e+00,2.991178e+01,0.9291
1826,-3.567024e+01,3.224794e+01,-5.747202e+00,2.992304e+01,0.9279
1827,4.202972e+01,3.230142e+01,-5.662821e+00,-4.769254e+01,-1.4765
1828,-1.697550e+01,3.235505e+01,-5.582452e+00,1.139305e+01,0.3521
1829,-2.659291e+01,3.240881e+01,-5.506110e+00,2.108680e+01,0.6507
1830,-1.701503e+00,3.246272e+01,-5.433803e+00,-3.732300e+00,-0.1150
1831,-6.021801e+01,3.251681e+01,-5.365526e+00,5.485248e+01,1.6869
1832,3.571745e+01,3.257104e+01,-5.301281e+00,-4.101873e+01,-1.2594
1833,3.152145e+00,3.262546e+01,-5.241071e+00,-8.393216e+00,-0.2573
1834,-2.176453e+01,3.268002e+01,-5.184884e+00,1.657965e+01,0.5073
1835,1.995890e+01,3.273476e+01,-5.132725e+00,-2.509163e+01,-0.7665
1836,1.604485e+01,3.278971e+01,-5.084586e+00,-2.112943e+01,-0.6444
1837,-3.254972e+00,3.284483e+01,-5.040471e+00,-1.785499e+00,-0.0544
1838,-8.795753e+00,3.290013e+01,-5.000372e+00,3.795381e+00,0.1154
1839,-9.792102e+00,3.295565e+01,-4.964284e+00,4.827819e+00,0.1465
1840,2.434999e+01,3.301135e+01,-4.932183e+00,-2.928217e+01,-0.8870
1841,-1.243869e+01,3.306728e+01,-4.904057e+00,7.534634e+00,0.2279
1842,-2.491960e+01,3.312342e+01,-4.879886e+00,2.003971e+01,0.6050
1843,-4.287227e+01,3.317976e+01,-4.859659e+00,3.801261e+01,1.1457
1844,-5.513838e+01,3.323634e+01,-4.843364e+00,5.029502e+01,1.5133
1845,-1.473488e+01,3.329315e+01,-4.830976e+00,9.903901e+00,0.2975
1846,-3.329950e+01,3.335020e+01,-4.822487e+00,2.847702e+01,0.8539
1847,7.990488e+01,3.340747e+01,-4.817871e+00,-8.472275e+01,-2.5360
1848,-4.507529e+01,3.346500e+01,-4.817099e+00,4.025819e+01,1.2030
1849,2.880894e+01,3.352279e+01,-4.820157e+00,-3.362910e+01,-1.0032
1850,2.590320e+01,3.358083e+01,-4.827015e+00,-3.073021e+01,-0.9151
1851,-1.434710e+01,3.363914e+01,-4.837668e+00,9.509432e+00,0.2827
1852,-6.205024e+00,3.369770e+01,-4.852084e+00,1.352940e+00,0.0401
1853,4.510197e+01,3.375654e+01,-4.870232e+00,-4.997220e+01,-1.4804
1854,-3.081090e+01,3.381565e+01,-4.892075e+00,2.591882e+01,0.7665
1855,4.727324e+01,3.387505e+01,-4.917561e+00,-5.219080e+01,-1.5407
1856,-9.540993e+00,3.393472e+01,-4.946670e+00,4.594323e+00,0.1354
1857,3.257246e+01,3.399468e+01,-4.979358e+00,-3.755182e+01,-1.1046
1858,-5.460520e+01,3.405495e+01,-5.015582e+00,4.958962e+01,1.4562
1859,-3.971227e+01,3.411550e+01,-5.055310e+00,3.465696e+01,1.0159
1860,8.073776e+01,3.417637e+01,-5.098500e+00,-8.583626e+01,-2.5116
1861,2.318902e+01,3.423755e+01,-5.145104e+00,-2.833412e+01,-0.8276
1862,-5.976094e+01,3.429904e+01,-5.195076e+00,5.456586e+01,1.5909
1863,3.188125e+01,3.436084e+01,-5.248384e+00,-3.712964e+01,-1.0806
1864,3.870434e+01,3.442297e+01,-5.304981e+00,-4.400932e+01,-1.2785
1865,-2.750839e+00,3.448545e+01,-5.364824e+00,-2.613985e+00,-0.0758
1866,-4.691282e+01,3.454823e+01,-5.427866e+00,4.148495e+01,1.2008
1867,1.784265e+01,3.461136e+01,-5.494065e+00,-2.333671e+01,-0.6743
1868,2.295483e+00,3.467484e+01,-5.563354e+00,-7.858837e+00,-0.2266
1869,-4.098942e+01,3.473865e+01,-5.635690e+00,3.535373e+01,1.0177
1870,-4.610451e+01,3.480281e+01,-5.711017e+00,4.039349e+01,1.1606
1871,-5.777349e+01,3.486734e+01,-5.789277e+00,5.198421e+01,1.4909
1872,2.667946e+01,3.493221e+01,-5.870422e+00,-3.254988e+01,-0.9318
1873,3.241602e+01,3.499745e+01,-5.954397e+00,-3.837042e+01,-1.0964
1874,2.721930e+01,3.506304e+01,-6.041145e+00,-3.326045e+01,-0.9486
1875,-5.964358e+00,3.512902e+01,-6.130598e+00,-1.662393e-01,-0.0047
1876,-4.110407e+01,3.519536e+01,-6.222701e+00,3.488137e+01,0.9911
1877,1.486111e+01,3.526207e+01,-6.317393e+00,-2.117850e+01,-0.6006
1878,1.011588e+01,3.532917e+01,-6.414615e+00,-1.653050e+01,-0.4679
1879,1.351714e+01,3.539667e+01,-6.514304e+00,-2.003144e+01,-0.5659
1880,1.518639e+01,3.546453e+01,-6.616403e+00,-2.180279e+01,-0.6148
1881,4.964909e+01,3.553281e+01,-6.720850e+00,-5.636994e+01,-1.5864
1882,-8.401876e+00,3.560148e+01,-6.827581e+00,1.574295e+00,0.0442
1883,2.773496e+01,3.567053e+01,-6.936529e+00,-3.467149e+01,-0.9720
1884,1.301252e+01,3.574000e+01,-7.047643e+00,-2.006016e+01,-0.5613
1885,-7.392895e+01,3.580988e+01,-7.160866e+00,6.676809e+01,1.8645
1886,3.135303e+01,3.588018e+01,-7.276118e+00,-3.862915e+01,-1.0766
1887,4.355553e+01,3.595088e+01,-7.393356e+00,-5.094889e+01,-1.4172
1888,-1.726226e+01,3.602199e+01,-7.512495e+00,9.749769e+00,0.2707
1889,-8.719819e+01,3.609353e+01,-7.633463e+00,7.956473e+01,2.2044
1890,6.579947e+00,3.616549e+01,-7.756189e+00,-1.433614e+01,-0.3964
1891,2.399996e+01,3.623788e+01,-7.880603e+00,-3.188056e+01,-0.8798
1892,-7.747275e+00,3.631069e+01,-8.006619e+00,-2.593433e-01,-0.0071
1893,-7.539235e+00,3.638393e+01,-8.134175e+00,-5.949397e-01,-0.0164
1894,-3.730421e-01,3.645760e+01,-8.263200e+00,-7.890158e+00,-0.2164
1895,-2.489302e+01,3.653171e+01,-8.393612e+00,1.649941e+01,0.4516
1896,3.247889e+01,3.660627e+01,-8.525347e+00,-4.100424e+01,-1.1201
1897,2.260417e+01,3.668126e+01,-8.658344e+00,-3.126252e+01,-0.8523
1898,1.345451e+00,3.675670e+01,-8.792534e+00,-1.013798e+01,-0.2758
1899,-4.457340e+01,3.683258e+01,-8.927848e+00,3.564556e+01,0.9678
1900,-4.284316e+01,3.690892e+01,-9.064211e+00,3.377895e+01,0.9152
1901,5.291295e+01,3.698573e+01,-9.201563e+00,-6.211451e+01,-1.6794
1902,-2.381153e+01,3.706296e+01,-9.339833e+00,1.447169e+01,0.3905
1903,-1.019510e+02,3.714065e+01,-9.478930e+00,9.247207e+01,2.4898
1904,7.159154e+01,3.721882e+01,-9.618890e+00,-8.121043e+01,-2.1820
1905,8.837679e+01,3.729743e+01,-9.759488e+00,-9.813628e+01,-2.6312
1906,-4.529968e+01,3.737648e+01,-9.900760e+00,3.539892e+01,0.9471
1907,-4.727276e+00,3.745602e+01,-1.004267e+01,-5.315390e+00,-0.1419
1908,-1.208671e+02,3.753600e+01,-1.018502e+01,1.106821e+02,2.9487
1909,-2.305051e+01,3.761644e+01,-1.032785e+01,1.272266e+01,0.3382
1910,-2.708813e+01,3.769735e+01,-1.047114e+01,1.661700e+01,0.4408
1911,-4.901310e+00,3.777871e+01,-1.061467e+01,-5.713364e+00,-0.1512
1912,-2.690859e+01,3.786056e+01,-1.075843e+01,1.615016e+01,0.4266
1913,-3.602767e+01,3.794286e+01,-1.090244e+01,2.512523e+01,0.6622
1914,5.037229e+01,3.802563e+01,-1.104652e+01,-6.141881e+01,-1.6152
1915,-1.000386e+01,3.810886e+01,-1.119070e+01,-1.186839e+00,-0.0311
1916,1.771940e+01,3.819256e+01,-1.133487e+01,-2.905427e+01,-0.7607
1917,-3.419776e+01,3.827674e+01,-1.147892e+01,2.271883e+01,0.5935
1918,-1.709502e+01,3.836136e+01,-1.162288e+01,5.472138e+00,0.1426
1919,-5.886353e+00,3.844647e+01,-1.176657e+01,-5.880219e+00,-0.1529
1920,-1.981829e+01,3.853205e+01,-1.191002e+01,7.908270e+00,0.2052
1921,-7.293169e+00,3.861807e+01,-1.205311e+01,-4.759946e+00,-0.1233
1922,7.127813e+00,3.870459e+01,-1.219582e+01,-1.932363e+01,-0.4993
1923,-2.395546e+01,3.879157e+01,-1.233802e+01,1.161745e+01,0.2995
1924,5.933199e+00,3.887902e+01,-1.247967e+01,-1.841287e+01,-0.4736
1925,-8.270807e+01,3.896694e+01,-1.262074e+01,7.008733e+01,1.7986
1926,5.973990e+01,3.905530e+01,-1.276119e+01,-7.250108e+01,-1.8564
1927,-1.039526e+01,3.914415e+01,-1.290082e+01,-2.505564e+00,-0.0640
1928,-1.141308e+01,3.923348e+01,-1.303975e+01,-1.626668e+00,-0.0415
1929,3.335316e+01,3.932327e+01,-1.317779e+01,-4.653094e+01,-1.1833
1930,-9.357732e+01,3.941352e+01,-1.331489e+01,8.026243e+01,2.0364
1931,-4.729686e+01,3.950424e+01,-1.345102e+01,3.384584e+01,0.8568
1932,2.166217e+01,3.959542e+01,-1.358613e+01,-3.524830e+01,-0.8902
1933,2.149673e+01,3.968708e+01,-1.372019e+01,-3.521692e+01,-0.8874
1934,3.631897e+01,3.977919e+01,-1.385307e+01,-5.017205e+01,-1.2613
1935,-7.925649e+00,3.987177e+01,-1.398474e+01,-6.059092e+00,-0.1520
1936,-7.975143e+01,3.996481e+01,-1.411515e+01,6.563627e+01,1.6424
1937,3.924887e+01,4.005831e+01,-1.424419e+01,-5.349306e+01,-1.3354
1938,-1.263698e+00,4.015228e+01,-1.437189e+01,-1.310819e+01,-0.3265
1939,-3.841565e+01,4.024671e+01,-1.449813e+01,2.391752e+01,0.5943
1940,1.842883e+01,4.034159e+01,-1.462294e+01,-3.305177e+01,-0.8193
1941,-4.613147e+01,4.043692e+01,-1.474620e+01,3.138527e+01,0.7762
1942,-3.008777e+01,4.053269e+01,-1.486780e+01,1.521997e+01,0.3755
1943,-2.552007e+01,4.062892e+01,-1.498783e+01,1.053224e+01,0.2592
1944,-5.821964e+01,4.072563e+01,-1.510611e+01,4.311353e+01,1.0586
1945,2.996013e+01,4.082276e+01,-1.522266e+01,-4.518279e+01,-1.1068
1946,9.163191e+00,4.092034e+01,-1.533737e+01,-2.450056e+01,-0.5987
1947,4.787709e+01,4.101837e+01,-1.545026e+01,-6.332736e+01,-1.5439
1948,-3.873200e+01,4.111683e+01,-1.556121e+01,2.317078e+01,0.5635
1949,1.775526e+01,4.121572e+01,-1.567018e+01,-3.342544e+01,-0.8110
1950,-1.174933e+01,4.131508e+01,-1.577719e+01,-4.027856e+00,-0.0975
1951,4.409359e+01,4.141486e+01,-1.588211e+01,-5.997570e+01,-1.4482
1952,-2.558555e+01,4.151508e+01,-1.598491e+01,9.600641e+00,0.2313
1953,1.981988e+00,4.161572e+01,-1.608561e+01,-1.806760e+01,-0.4342
1954,5.512535e+00,4.171681e+01,-1.618417e+01,-2.169670e+01,-0.5201
1955,-3.302705e+01,4.181830e+01,-1.628046e+01,1.674659e+01,0.4005
1956,9.741729e+00,4.192024e+01,-1.637459e+01,-2.611632e+01,-0.6230
1957,1.151968e+01,4.202258e+01,-1.646651e+01,-2.798619e+01,-0.6660
1958,-1.864768e+01,4.212537e+01,-1.655602e+01,2.091660e+00,0.0497
1959,-4.474841e+01,4.222855e+01,-1.664330e+01,2.810511e+01,0.6655
1960,-1.306116e+01,4.233217e+01,-1.672816e+01,-3.666996e+00,-0.0866
1961,-8.813107e+01,4.243622e+01,-1.681068e+01,7.132039e+01,1.6806
1962,2.628927e+01,4.254064e+01,-1.689075e+01,-4.318002e+01,-1.0150
1963,-7.036321e+01,4.264550e+01,-1.696838e+01,5.339483e+01,1.2521
1964,1.198783e+01,4.275077e+01,-1.704354e+01,-2.903137e+01,-0.6791
1965,4.760454e+01,4.285641e+01,-1.711616e+01,-6.472070e+01,-1.5102
1966,-1.233898e+01,4.296249e+01,-1.718627e+01,-4.847288e+00,-0.1128
1967,-2.828980e+01,4.306896e+01,-1.725382e+01,1.103598e+01,0.2562
1968,-3.826300e+01,4.317583e+01,-1.731882e+01,2.094418e+01,0.4851
1969,-3.055959e+01,4.328310e+01,-1.738122e+01,1.317837e+01,0.3045
1970,9.115326e+00,4.339073e+01,-1.744105e+01,-2.655638e+01,-0.6120
1971,-1.863834e+01,4.349878e+01,-1.749818e+01,1.140168e+00,0.0262
1972,-3.302691e+01,4.360722e+01,-1.755276e+01,1.547415e+01,0.3549
1973,-7.608011e+01,4.371604e+01,-1.760460e+01,5.847551e+01,1.3376
1974,-9.386811e+01,4.382524e+01,-1.765371e+01,7.621440e+01,1.7391
1975,4.329020e+01,4.393482e+01,-1.770019e+01,-6.099039e+01,-1.3882
1976,-3.376914e+00,4.404478e+01,-1.774391e+01,-1.436699e+01,-0.3262
1977,-6.487859e+01,4.415512e+01,-1.778487e+01,4.709373e+01,1.0666
1978,-6.808167e+01,4.426582e+01,-1.782309e+01,5.025858e+01,1.1354
1979,-5.753534e+01,4.437688e+01,-1.785852e+01,3.967682e+01,0.8941
1980,2.563228e+01,4.448832e+01,-1.789117e+01,-4.352344e+01,-0.9783
1981,-3.084256e+00,4.460010e+01,-1.792105e+01,-1.483679e+01,-0.3327
1982,-3.759946e+01,4.471226e+01,-1.794817e+01,1.965129e+01,0.4395
1983,-3.196662e+01,4.482477e+01,-1.797255e+01,1.399407e+01,0.3122
1984,-4.048950e+01,4.493765e+01,-1.799413e+01,2.249537e+01,0.5006
1985,-3.102755e+01,4.505086e+01,-1.801291e+01,1.301465e+01,0.2889
1986,-1.685335e+01,4.516442e+01,-1.802890e+01,-1.175558e+00,-0.0260
1987,5.304014e+01,4.527832e+01,-1.804212e+01,-7.108226e+01,-1.5699
1988,-2.636215e+01,4.539257e+01,-1.805258e+01,8.309573e+00,0.1831
1989,-5.980927e+01,4.550725e+01,-1.806020e+01,4.174906e+01,0.9174
1990,6.180236e+00,4.562217e+01,-1.806508e+01,-2.424532e+01,-0.5314
1991,-3.771392e+01,4.573745e+01,-1.806714e+01,1.964678e+01,0.4296
1992,-3.813240e+01,4.585307e+01,-1.806639e+01,2.006601e+01,0.4376
1993,-5.078114e+01,4.596992e+01,-1.806292e+01,3.271822e+01,0.7117
1994,-7.329663e+01,4.608617e+01,-1.805657e+01,5.524006e+01,1.1986
1995,-4.853576e-01,4.622980e+01,-1.804750e+01,-1.756214e+01,-0.3799
1996,-1.097397e+02,4.634678e+01,-1.803565e+01,9.170409e+01,1.9787
