ell,Dl_TT_SAM,Dl_TE_SAM,Dl_EE_SAM
2,1.015228e+03,2.632720e+00,3.077425e-02
3,9.628827e+02,2.956198e+00,3.985136e-02
4,9.121439e+02,2.778645e+00,3.493614e-02
5,8.742309e+02,2.372687e+00,2.360697e-02
6,8.483759e+02,1.916674e+00,1.334143e-02
7,8.320136e+02,1.509761e+00,7.214004e-03
8,8.222661e+02,1.195866e+00,4.600606e-03
9,8.177952e+02,9.811817e-01,3.668341e-03
10,8.171754e+02,8.584575e-01,3.142334e-03
11,8.190431e+02,8.108467e-01,2.661581e-03
12,8.241362e+02,8.196920e-01,2.329676e-03
13,8.305394e+02,8.613024e-01,2.233523e-03
14,8.380954e+02,9.144837e-01,2.322212e-03
15,8.457593e+02,9.715139e-01,2.510560e-03
16,8.553184e+02,1.033422e+00,2.769172e-03
17,8.666206e+02,1.097379e+00,3.139666e-03
18,8.785187e+02,1.161962e+00,3.667599e-03
19,8.917701e+02,1.230417e+00,4.360186e-03
20,9.047634e+02,1.297850e+00,5.197802e-03
21,9.181962e+02,1.369072e+00,6.172231e-03
22,9.320980e+02,1.444623e+00,7.292259e-03
23,9.460842e+02,1.521802e+00,8.550973e-03
24,9.604758e+02,1.597159e+00,9.946647e-03
25,9.754049e+02,1.663025e+00,1.148307e-02
26,9.903798e+02,1.723112e+00,1.317124e-02
27,1.005811e+03,1.777904e+00,1.502083e-02
28,1.021530e+03,1.822315e+00,1.702517e-02
29,1.037457e+03,1.861445e+00,1.921234e-02
30,1.053783e+03,1.888774e+00,2.161256e-02
31,1.069905e+03,1.915095e+00,2.422063e-02
32,1.086628e+03,1.935331e+00,2.705100e-02
33,1.103428e+03,1.947992e+00,3.006464e-02
34,1.120284e+03,1.954221e+00,3.328875e-02
35,1.137773e+03,1.945124e+00,3.673161e-02
36,1.154987e+03,1.931159e+00,4.042224e-02
37,1.172455e+03,1.906296e+00,4.438209e-02
38,1.190290e+03,1.872261e+00,4.859553e-02
39,1.208391e+03,1.828685e+00,5.305347e-02
40,1.226679e+03,1.773658e+00,5.775110e-02
41,1.245066e+03,1.705880e+00,6.268725e-02
42,1.263555e+03,1.626448e+00,6.787488e-02
43,1.282158e+03,1.536654e+00,7.333032e-02
44,1.300926e+03,1.436187e+00,7.906774e-02
45,1.319923e+03,1.324431e+00,8.509848e-02
46,1.339116e+03,1.201148e+00,9.142932e-02
47,1.358487e+03,1.065747e+00,9.806047e-02
48,1.378011e+03,9.175304e-01,1.049836e-01
49,1.397674e+03,7.558767e-01,1.121898e-01
50,1.417534e+03,5.803018e-01,1.196810e-01
51,1.437647e+03,3.906483e-01,1.274609e-01
52,1.457963e+03,1.878610e-01,1.355341e-01
53,1.478410e+03,-2.704980e-02,1.439024e-01
54,1.498968e+03,-2.539329e-01,1.525683e-01
55,1.519633e+03,-4.930068e-01,1.615358e-01
56,1.540517e+03,-7.451293e-01,1.708019e-01
57,1.561721e+03,-1.011152e+00,1.803631e-01
58,1.583202e+03,-1.291247e+00,1.902179e-01
59,1.604873e+03,-1.585296e+00,2.003652e-01
60,1.626713e+03,-1.892768e+00,2.107971e-01
61,1.648730e+03,-2.213169e+00,2.215060e-01
62,1.670928e+03,-2.546522e+00,2.324887e-01
63,1.693328e+03,-2.892992e+00,2.437434e-01
64,1.715933e+03,-3.252738e+00,2.552677e-01
65,1.738768e+03,-3.625979e+00,2.670612e-01
66,1.761873e+03,-4.012948e+00,2.791171e-01
67,1.785227e+03,-4.413113e+00,2.914285e-01
68,1.808793e+03,-4.825742e+00,3.039853e-01
69,1.832526e+03,-5.250131e+00,3.167801e-01
70,1.856397e+03,-5.685773e+00,3.298057e-01
71,1.880383e+03,-6.132470e+00,3.430579e-01
72,1.904597e+03,-6.591105e+00,3.565324e-01
73,1.929154e+03,-7.062612e+00,3.702242e-01
74,1.954064e+03,-7.546857e+00,3.841219e-01
75,1.979328e+03,-8.043370e+00,3.982135e-01
76,2.004904e+03,-8.551593e+00,4.124851e-01
77,2.030665e+03,-9.070073e+00,4.269258e-01
78,2.056594e+03,-9.598362e+00,4.415237e-01
79,2.082737e+03,-1.013631e+01,4.562672e-01
80,2.109112e+03,-1.068390e+01,4.711450e-01
81,2.135745e+03,-1.124093e+01,4.861458e-01
82,2.162645e+03,-1.180702e+01,5.012590e-01
83,2.189791e+03,-1.238196e+01,5.164727e-01
84,2.217180e+03,-1.296524e+01,5.317759e-01
85,2.244806e+03,-1.355673e+01,5.471563e-01
86,2.272663e+03,-1.415587e+01,5.626044e-01
87,2.300721e+03,-1.476215e+01,5.781068e-01
88,2.328961e+03,-1.537502e+01,5.936512e-01
89,2.357393e+03,-1.599400e+01,6.092249e-01
90,2.386020e+03,-1.661874e+01,6.248110e-01
91,2.414852e+03,-1.724871e+01,6.403965e-01
92,2.443890e+03,-1.788368e+01,6.559664e-01
93,2.473149e+03,-1.852314e+01,6.715061e-01
94,2.502622e+03,-1.916687e+01,6.870031e-01
95,2.532325e+03,-1.981435e+01,7.024419e-01
96,2.562249e+03,-2.046514e+01,7.178086e-01
97,2.592395e+03,-2.111881e+01,7.330885e-01
98,2.622771e+03,-2.177491e+01,7.482662e-01
99,2.653355e+03,-2.243294e+01,7.633277e-01
100,2.684162e+03,-2.309237e+01,7.782613e-01
101,2.715184e+03,-2.375269e+01,7.930523e-01
102,2.746423e+03,-2.441362e+01,8.076786e-01
103,2.777864e+03,-2.507433e+01,8.221404e-01
104,2.809506e+03,-2.573447e+01,8.364082e-01
105,2.841343e+03,-2.639345e+01,8.504747e-01
106,2.873367e+03,-2.705060e+01,8.643252e-01
107,2.905572e+03,-2.770549e+01,8.779525e-01
108,2.937942e+03,-2.835752e+01,8.913345e-01
109,2.970487e+03,-2.900604e+01,9.044640e-01
110,3.003190e+03,-2.965061e+01,9.173188e-01
111,3.036045e+03,-3.029071e+01,9.298917e-01
112,3.069050e+03,-3.092558e+01,9.421753e-01
113,3.102199e+03,-3.155485e+01,9.541470e-01
114,3.135483e+03,-3.217785e+01,9.657920e-01
115,3.168894e+03,-3.279403e+01,9.771100e-01
116,3.202431e+03,-3.340287e+01,9.880862e-01
117,3.236086e+03,-3.400377e+01,9.986982e-01
118,3.269844e+03,-3.459611e+01,1.008946e+00
119,3.303703e+03,-3.517946e+01,1.018814e+00
120,3.337656e+03,-3.575319e+01,1.028296e+00
121,3.371695e+03,-3.631671e+01,1.037375e+00
122,3.405804e+03,-3.686957e+01,1.046046e+00
123,3.439982e+03,-3.741116e+01,1.054299e+00
124,3.474222e+03,-3.794087e+01,1.062121e+00
125,3.508508e+03,-3.845825e+01,1.069511e+00
126,3.542839e+03,-3.896277e+01,1.076454e+00
127,3.577199e+03,-3.945384e+01,1.082950e+00
128,3.611581e+03,-3.993098e+01,1.088984e+00
129,3.645984e+03,-4.039369e+01,1.094557e+00
130,3.680392e+03,-4.084134e+01,1.099652e+00
131,3.714790e+03,-4.127350e+01,1.104271e+00
132,3.749186e+03,-4.168964e+01,1.108413e+00
133,3.783558e+03,-4.208935e+01,1.112065e+00
134,3.817907e+03,-4.247204e+01,1.115240e+00
135,3.852220e+03,-4.283742e+01,1.117917e+00
136,3.886495e+03,-4.318485e+01,1.120105e+00
137,3.920721e+03,-4.351389e+01,1.121796e+00
138,3.954889e+03,-4.382419e+01,1.122997e+00
139,3.988985e+03,-4.411531e+01,1.123702e+00
140,4.023018e+03,-4.438682e+01,1.123912e+00
141,4.056967e+03,-4.463836e+01,1.123640e+00
142,4.090823e+03,-4.486944e+01,1.122874e+00
143,4.124589e+03,-4.507977e+01,1.121620e+00
144,4.158242e+03,-4.526891e+01,1.119886e+00
145,4.191784e+03,-4.543637e+01,1.117666e+00
146,4.225185e+03,-4.558194e+01,1.114975e+00
147,4.258438e+03,-4.570503e+01,1.111820e+00
148,4.291529e+03,-4.580536e+01,1.108202e+00
149,4.324445e+03,-4.588251e+01,1.104128e+00
150,4.357171e+03,-4.593605e+01,1.099607e+00
151,4.389685e+03,-4.596568e+01,1.094646e+00
152,4.421995e+03,-4.597113e+01,1.089253e+00
153,4.454085e+03,-4.595208e+01,1.083443e+00
154,4.485955e+03,-4.590839e+01,1.077230e+00
155,4.517596e+03,-4.583970e+01,1.070616e+00
156,4.549017e+03,-4.574585e+01,1.063622e+00
157,4.580193e+03,-4.562654e+01,1.056249e+00
158,4.611133e+03,-4.548157e+01,1.048526e+00
159,4.641820e+03,-4.531069e+01,1.040454e+00
160,4.672248e+03,-4.511378e+01,1.032055e+00
161,4.702393e+03,-4.489052e+01,1.023345e+00
162,4.732247e+03,-4.464085e+01,1.014337e+00
163,4.761803e+03,-4.436440e+01,1.005063e+00
164,4.791037e+03,-4.406117e+01,9.955214e-01
165,4.819950e+03,-4.373086e+01,9.857357e-01
166,4.848527e+03,-4.337340e+01,9.757281e-01
167,4.876759e+03,-4.298864e+01,9.655209e-01
168,4.904638e+03,-4.257666e+01,9.551366e-01
169,4.932157e+03,-4.213731e+01,9.445975e-01
170,4.959308e+03,-4.167052e+01,9.339187e-01
171,4.986076e+03,-4.117622e+01,9.231300e-01
172,5.012467e+03,-4.065440e+01,9.122537e-01
173,5.038460e+03,-4.010500e+01,9.013122e-01
174,5.064045e+03,-3.952801e+01,8.903280e-01
175,5.089224e+03,-3.892358e+01,8.793382e-01
176,5.113980e+03,-3.829165e+01,8.683579e-01
177,5.138307e+03,-3.763223e+01,8.574242e-01
178,5.162190e+03,-3.694539e+01,8.465598e-01
179,5.185630e+03,-3.623115e+01,8.357870e-01
180,5.208619e+03,-3.548967e+01,8.251431e-01
181,5.231144e+03,-3.472110e+01,8.146581e-01
182,5.253204e+03,-3.392554e+01,8.043618e-01
183,5.274793e+03,-3.310314e+01,7.942767e-01
184,5.295896e+03,-3.225413e+01,7.844399e-01
185,5.316513e+03,-3.137845e+01,7.748888e-01
186,5.336631e+03,-3.047649e+01,7.656459e-01
187,5.356250e+03,-2.954832e+01,7.567415e-01
188,5.375362e+03,-2.859425e+01,7.482160e-01
189,5.393954e+03,-2.761446e+01,7.401007e-01
190,5.412025e+03,-2.660923e+01,7.324299e-01
191,5.429570e+03,-2.557888e+01,7.252354e-01
192,5.446572e+03,-2.452349e+01,7.185524e-01
193,5.463026e+03,-2.344338e+01,7.124142e-01
194,5.478939e+03,-2.233898e+01,7.068567e-01
195,5.494297e+03,-2.121055e+01,7.019155e-01
196,5.509100e+03,-2.005854e+01,6.976262e-01
197,5.523349e+03,-1.888324e+01,6.940261e-01
198,5.537044e+03,-1.768505e+01,6.911507e-01
199,5.550163e+03,-1.646427e+01,6.890359e-01
200,5.562722e+03,-1.522142e+01,6.877171e-01
201,5.574706e+03,-1.395675e+01,6.872322e-01
202,5.586107e+03,-1.267085e+01,6.876166e-01
203,5.596905e+03,-1.136394e+01,6.889070e-01
204,5.607105e+03,-1.003656e+01,6.911393e-01
205,5.616679e+03,-8.689147e+00,6.943504e-01
206,5.625633e+03,-7.322080e+00,6.985755e-01
207,5.633954e+03,-5.935742e+00,7.038520e-01
208,5.641633e+03,-4.530738e+00,7.102158e-01
209,5.648701e+03,-3.107606e+00,7.177023e-01
210,5.655142e+03,-1.666906e+00,7.263487e-01
211,5.660965e+03,-2.091912e-01,7.361919e-01
212,5.666184e+03,1.264975e+00,7.472661e-01
213,5.670798e+03,2.755037e+00,7.596089e-01
214,5.674817e+03,4.260432e+00,7.732568e-01
215,5.678239e+03,5.780573e+00,7.882390e-01
216,5.681050e+03,7.314860e+00,8.046004e-01
217,5.683250e+03,8.862677e+00,8.223701e-01
218,5.684839e+03,1.042352e+01,8.415773e-01
219,5.685810e+03,1.199669e+01,8.622660e-01
220,5.686155e+03,1.358168e+01,8.844653e-01
221,5.685881e+03,1.517773e+01,9.082045e-01
222,5.684975e+03,1.678441e+01,9.335275e-01
223,5.683443e+03,1.840090e+01,9.604559e-01
224,5.681293e+03,2.002666e+01,9.890263e-01
225,5.678525e+03,2.166089e+01,1.019261e+00
226,5.675132e+03,2.330307e+01,1.051202e+00
227,5.671121e+03,2.495244e+01,1.084881e+00
228,5.666492e+03,2.660834e+01,1.120318e+00
229,5.661253e+03,2.827011e+01,1.157550e+00
230,5.655396e+03,2.993706e+01,1.196606e+00
231,5.648929e+03,3.160847e+01,1.237499e+00
232,5.641860e+03,3.328366e+01,1.280268e+00
233,5.634180e+03,3.496189e+01,1.324940e+00
234,5.625891e+03,3.664242e+01,1.371538e+00
235,5.617006e+03,3.832465e+01,1.420090e+00
236,5.607512e+03,4.000776e+01,1.470625e+00
237,5.597431e+03,4.169103e+01,1.523150e+00
238,5.586754e+03,4.337377e+01,1.577695e+00
239,5.575491e+03,4.505524e+01,1.634272e+00
240,5.563640e+03,4.673457e+01,1.692920e+00
241,5.551203e+03,4.841123e+01,1.753651e+00
242,5.538193e+03,5.008432e+01,1.816480e+00
243,5.524611e+03,5.175312e+01,1.881428e+00
244,5.510457e+03,5.341702e+01,1.948510e+00
245,5.495746e+03,5.507521e+01,2.017747e+00
246,5.480486e+03,5.672704e+01,2.089139e+00
247,5.464669e+03,5.837175e+01,2.162714e+00
248,5.448317e+03,6.000854e+01,2.238487e+00
249,5.431423e+03,6.163681e+01,2.316456e+00
250,5.414002e+03,6.325575e+01,2.396651e+00
251,5.396047e+03,6.486447e+01,2.479057e+00
252,5.377566e+03,6.646232e+01,2.563693e+00
253,5.358557e+03,6.804848e+01,2.650560e+00
254,5.339037e+03,6.962209e+01,2.739671e+00
255,5.318991e+03,7.118247e+01,2.831018e+00
256,5.298433e+03,7.272883e+01,2.924614e+00
257,5.277371e+03,7.426058e+01,3.020458e+00
258,5.255820e+03,7.577670e+01,3.118542e+00
259,5.233788e+03,7.727764e+01,3.218879e+00
260,5.211297e+03,7.876119e+01,3.321461e+00
261,5.188346e+03,8.022809e+01,3.426288e+00
262,5.164960e+03,8.167689e+01,3.533357e+00
263,5.141144e+03,8.310758e+01,3.642668e+00
264,5.116907e+03,8.451871e+01,3.754213e+00
265,5.092248e+03,8.591101e+01,3.867975e+00
266,5.067175e+03,8.728229e+01,3.983946e+00
267,5.041704e+03,8.863180e+01,4.102110e+00
268,5.015833e+03,8.996031e+01,4.222459e+00
269,4.989563e+03,9.126559e+01,4.344984e+00
270,4.962903e+03,9.254842e+01,4.469662e+00
271,4.935873e+03,9.380656e+01,4.596485e+00
272,4.908466e+03,9.504079e+01,4.725436e+00
273,4.880713e+03,9.624962e+01,4.856478e+00
274,4.852606e+03,9.743381e+01,4.989610e+00
275,4.824159e+03,9.859115e+01,5.124800e+00
276,4.795396e+03,9.972240e+01,5.262034e+00
277,4.766316e+03,1.008261e+02,5.401288e+00
278,4.736927e+03,1.019015e+02,5.542539e+00
279,4.707243e+03,1.029493e+02,5.685748e+00
280,4.677279e+03,1.039682e+02,5.830886e+00
281,4.647036e+03,1.049580e+02,5.977935e+00
282,4.616528e+03,1.059182e+02,6.126852e+00
283,4.585770e+03,1.068479e+02,6.277613e+00
284,4.554762e+03,1.077464e+02,6.430188e+00
285,4.523520e+03,1.086137e+02,6.584537e+00
286,4.492049e+03,1.094500e+02,6.740632e+00
287,4.460374e+03,1.102543e+02,6.898419e+00
288,4.428493e+03,1.110253e+02,7.057875e+00
289,4.396415e+03,1.117645e+02,7.218955e+00
290,4.364160e+03,1.124696e+02,7.381621e+00
291,4.331738e+03,1.131414e+02,7.545850e+00
292,4.299148e+03,1.137792e+02,7.711507e+00
293,4.266404e+03,1.143829e+02,7.878667e+00
294,4.233522e+03,1.149512e+02,8.047255e+00
295,4.200501e+03,1.154848e+02,8.217120e+00
296,4.167357e+03,1.159829e+02,8.388338e+00
297,4.134089e+03,1.164442e+02,8.560759e+00
298,4.100720e+03,1.168692e+02,8.734381e+00
299,4.067257e+03,1.172581e+02,8.909132e+00
300,4.033707e+03,1.176102e+02,9.084935e+00
301,4.000086e+03,1.179254e+02,9.261864e+00
302,3.966408e+03,1.182037e+02,9.439698e+00
303,3.932680e+03,1.184453e+02,9.618509e+00
304,3.898917e+03,1.186500e+02,9.798224e+00
305,3.865134e+03,1.188172e+02,9.978769e+00
306,3.831331e+03,1.189469e+02,1.016014e+01
307,3.797529e+03,1.190391e+02,1.034220e+01
308,3.763736e+03,1.190938e+02,1.052494e+01
309,3.729960e+03,1.191110e+02,1.070828e+01
310,3.696199e+03,1.190908e+02,1.089208e+01
311,3.662484e+03,1.190317e+02,1.107642e+01
312,3.628808e+03,1.189352e+02,1.126114e+01
313,3.595191e+03,1.188005e+02,1.144625e+01
314,3.561642e+03,1.186276e+02,1.163160e+01
315,3.528160e+03,1.184167e+02,1.181710e+01
316,3.494767e+03,1.181677e+02,1.200285e+01
317,3.461471e+03,1.178813e+02,1.218861e+01
318,3.428286e+03,1.175569e+02,1.237439e+01
319,3.395212e+03,1.171944e+02,1.256011e+01
320,3.362257e+03,1.167946e+02,1.274577e+01
321,3.329449e+03,1.163576e+02,1.293123e+01
322,3.296774e+03,1.158825e+02,1.311640e+01
323,3.264262e+03,1.153702e+02,1.330123e+01
324,3.231904e+03,1.148214e+02,1.348562e+01
325,3.199723e+03,1.142354e+02,1.366960e+01
326,3.167719e+03,1.136129e+02,1.385307e+01
327,3.135905e+03,1.129532e+02,1.403589e+01
328,3.104291e+03,1.122571e+02,1.421800e+01
329,3.072881e+03,1.115260e+02,1.439938e+01
330,3.041693e+03,1.107585e+02,1.457990e+01
331,3.010724e+03,1.099554e+02,1.475954e+01
332,2.979990e+03,1.091166e+02,1.493825e+01
333,2.949490e+03,1.082437e+02,1.511587e+01
334,2.919240e+03,1.073359e+02,1.529240e+01
335,2.889253e+03,1.063940e+02,1.546770e+01
336,2.859530e+03,1.054179e+02,1.564176e+01
337,2.830077e+03,1.044093e+02,1.581452e+01
338,2.800902e+03,1.033673e+02,1.598589e+01
339,2.772020e+03,1.022934e+02,1.615581e+01
340,2.743438e+03,1.011878e+02,1.632428e+01
341,2.715154e+03,1.000502e+02,1.649107e+01
342,2.687178e+03,9.888091e+01,1.665619e+01
343,2.659515e+03,9.768125e+01,1.681957e+01
344,2.632166e+03,9.645053e+01,1.698105e+01
345,2.605137e+03,9.518951e+01,1.714063e+01
346,2.578436e+03,9.389819e+01,1.729818e+01
347,2.552063e+03,9.257732e+01,1.745368e+01
348,2.526024e+03,9.122692e+01,1.760693e+01
349,2.500335e+03,8.984921e+01,1.775806e+01
350,2.474995e+03,8.844347e+01,1.790694e+01
351,2.450019e+03,8.701117e+01,1.805356e+01
352,2.425414e+03,8.555308e+01,1.819785e+01
353,2.401179e+03,8.406920e+01,1.833975e+01
354,2.377322e+03,8.256175e+01,1.847924e+01
355,2.353857e+03,8.102999e+01,1.861619e+01
356,2.330778e+03,7.947468e+01,1.875059e+01
357,2.308090e+03,7.789655e+01,1.888239e+01
358,2.285801e+03,7.629635e+01,1.901149e+01
359,2.263910e+03,7.467408e+01,1.913777e+01
360,2.242419e+03,7.303123e+01,1.926121e+01
361,2.221333e+03,7.136675e+01,1.938176e+01
362,2.200652e+03,6.968251e+01,1.949933e+01
363,2.180392e+03,6.797910e+01,1.961385e+01
364,2.160537e+03,6.625718e+01,1.972534e+01
365,2.141109e+03,6.451758e+01,1.983371e+01
366,2.122100e+03,6.276111e+01,1.993889e+01
367,2.103517e+03,6.098843e+01,2.004089e+01
368,2.085361e+03,5.920044e+01,2.013957e+01
369,2.067632e+03,5.739788e+01,2.023506e+01
370,2.050343e+03,5.558140e+01,2.032708e+01
371,2.033479e+03,5.375191e+01,2.041586e+01
372,2.017056e+03,5.191006e+01,2.050109e+01
373,2.001066e+03,5.005667e+01,2.058293e+01
374,1.985516e+03,4.819256e+01,2.066131e+01
375,1.970398e+03,4.631830e+01,2.073615e+01
376,1.955720e+03,4.443480e+01,2.080739e+01
377,1.941488e+03,4.254270e+01,2.087503e+01
378,1.927688e+03,4.064276e+01,2.093899e+01
379,1.914334e+03,3.873578e+01,2.099920e+01
380,1.901427e+03,3.682249e+01,2.105567e+01
381,1.888958e+03,3.490357e+01,2.110840e+01
382,1.876935e+03,3.297981e+01,2.115716e+01
383,1.865358e+03,3.105204e+01,2.120219e+01
384,1.854219e+03,2.912113e+01,2.124333e+01
385,1.843517e+03,2.718783e+01,2.128060e+01
386,1.833261e+03,2.525308e+01,2.131406e+01
387,1.823450e+03,2.331762e+01,2.134365e+01
388,1.814068e+03,2.138233e+01,2.136943e+01
389,1.805124e+03,1.944803e+01,2.139135e+01
390,1.796616e+03,1.751553e+01,2.140940e+01
391,1.788546e+03,1.558562e+01,2.142358e+01
392,1.780897e+03,1.365911e+01,2.143383e+01
393,1.773685e+03,1.173675e+01,2.144021e+01
394,1.766894e+03,9.819257e+00,2.144266e+01
395,1.760525e+03,7.907517e+00,2.144111e+01
396,1.754577e+03,6.002254e+00,2.143570e+01
397,1.749042e+03,4.104259e+00,2.142629e+01
398,1.743928e+03,2.214271e+00,2.141296e+01
399,1.739228e+03,3.330667e-01,2.139563e+01
400,1.734940e+03,-1.538599e+00,2.137446e+01
401,1.731066e+03,-3.399976e+00,2.134929e+01
402,1.727597e+03,-5.250309e+00,2.132021e+01
403,1.724533e+03,-7.088870e+00,2.128729e+01
404,1.721874e+03,-8.914886e+00,2.125047e+01
405,1.719606e+03,-1.072763e+01,2.120973e+01
406,1.717728e+03,-1.252643e+01,2.116524e+01
407,1.716240e+03,-1.431044e+01,2.111691e+01
408,1.715135e+03,-1.607893e+01,2.106469e+01
409,1.714397e+03,-1.783119e+01,2.100879e+01
410,1.714041e+03,-1.956643e+01,2.094915e+01
411,1.714039e+03,-2.128417e+01,2.088575e+01
412,1.714403e+03,-2.298362e+01,2.081869e+01
413,1.715128e+03,-2.466428e+01,2.074796e+01
414,1.716205e+03,-2.632545e+01,2.067364e+01
415,1.717619e+03,-2.796655e+01,2.059580e+01
416,1.719386e+03,-2.958702e+01,2.051438e+01
417,1.721482e+03,-3.118609e+01,2.042952e+01
418,1.723916e+03,-3.276324e+01,2.034122e+01
419,1.726672e+03,-3.431779e+01,2.024949e+01
420,1.729758e+03,-3.584915e+01,2.015433e+01
421,1.733159e+03,-3.735669e+01,2.005589e+01
422,1.736868e+03,-3.883970e+01,1.995409e+01
423,1.740891e+03,-4.029761e+01,1.984894e+01
424,1.745214e+03,-4.172987e+01,1.974059e+01
425,1.749829e+03,-4.313590e+01,1.962904e+01
426,1.754738e+03,-4.451544e+01,1.951436e+01
427,1.759916e+03,-4.586800e+01,1.939671e+01
428,1.765379e+03,-4.719317e+01,1.927616e+01
429,1.771097e+03,-4.849060e+01,1.915271e+01
430,1.777071e+03,-4.975973e+01,1.902644e+01
431,1.783300e+03,-5.100029e+01,1.889756e+01
432,1.789770e+03,-5.221186e+01,1.876602e+01
433,1.796488e+03,-5.339389e+01,1.863188e+01
434,1.803431e+03,-5.454610e+01,1.849529e+01
435,1.810607e+03,-5.566793e+01,1.835618e+01
436,1.818009e+03,-5.675904e+01,1.821470e+01
437,1.825630e+03,-5.781901e+01,1.807085e+01
438,1.833461e+03,-5.884743e+01,1.792478e+01
439,1.841504e+03,-5.984388e+01,1.777648e+01
440,1.849743e+03,-6.080816e+01,1.762604e+01
441,1.858170e+03,-6.173993e+01,1.747361e+01
442,1.866772e+03,-6.263893e+01,1.731918e+01
443,1.875548e+03,-6.350474e+01,1.716290e+01
444,1.884483e+03,-6.433715e+01,1.700485e+01
445,1.893571e+03,-6.513592e+01,1.684503e+01
446,1.902803e+03,-6.590075e+01,1.668366e+01
447,1.912172e+03,-6.663169e+01,1.652074e+01
448,1.921686e+03,-6.732854e+01,1.635642e+01
449,1.931331e+03,-6.799117e+01,1.619077e+01
450,1.941098e+03,-6.861954e+01,1.602380e+01
451,1.950988e+03,-6.921352e+01,1.585573e+01
452,1.961001e+03,-6.977293e+01,1.568655e+01
453,1.971115e+03,-7.029763e+01,1.551641e+01
454,1.981331e+03,-7.078743e+01,1.534539e+01
455,1.991633e+03,-7.124220e+01,1.517356e+01
456,2.002014e+03,-7.166176e+01,1.500098e+01
457,2.012468e+03,-7.204596e+01,1.482774e+01
458,2.022979e+03,-7.239455e+01,1.465397e+01
459,2.033533e+03,-7.270761e+01,1.447976e+01
460,2.044145e+03,-7.298525e+01,1.430517e+01
461,2.054786e+03,-7.322675e+01,1.413027e+01
462,2.065478e+03,-7.343435e+01,1.395530e+01
463,2.076191e+03,-7.360660e+01,1.378030e+01
464,2.086949e+03,-7.374425e+01,1.360537e+01
465,2.097721e+03,-7.384733e+01,1.343065e+01
466,2.108522e+03,-7.391661e+01,1.325620e+01
467,2.119339e+03,-7.395136e+01,1.308217e+01
468,2.130156e+03,-7.395234e+01,1.290864e+01
469,2.140974e+03,-7.391958e+01,1.273568e+01
470,2.151778e+03,-7.385309e+01,1.256336e+01
471,2.162553e+03,-7.375216e+01,1.239182e+01
472,2.173300e+03,-7.361827e+01,1.222121e+01
473,2.184004e+03,-7.344998e+01,1.205153e+01
474,2.194665e+03,-7.324952e+01,1.188285e+01
475,2.205276e+03,-7.301542e+01,1.171539e+01
476,2.215837e+03,-7.274845e+01,1.154921e+01
477,2.226334e+03,-7.244936e+01,1.138433e+01
478,2.236775e+03,-7.211817e+01,1.122095e+01
479,2.247158e+03,-7.175593e+01,1.105914e+01
480,2.257463e+03,-7.136207e+01,1.089907e+01
481,2.267705e+03,-7.093734e+01,1.074063e+01
482,2.277853e+03,-7.048206e+01,1.058414e+01
483,2.287917e+03,-6.999660e+01,1.042958e+01
484,2.297880e+03,-6.948135e+01,1.027711e+01
485,2.307729e+03,-6.893663e+01,1.012679e+01
486,2.317471e+03,-6.836288e+01,9.978686e+00
487,2.327091e+03,-6.776042e+01,9.832881e+00
488,2.336582e+03,-6.712978e+01,9.689590e+00
489,2.345953e+03,-6.647148e+01,9.548734e+00
490,2.355187e+03,-6.578599e+01,9.410533e+00
491,2.364286e+03,-6.507390e+01,9.275058e+00
492,2.373250e+03,-6.433560e+01,9.142306e+00
493,2.382079e+03,-6.357176e+01,9.012420e+00
494,2.390765e+03,-6.278268e+01,8.885547e+00
495,2.399303e+03,-6.196912e+01,8.761756e+00
496,2.407690e+03,-6.113146e+01,8.641045e+00
497,2.415915e+03,-6.027028e+01,8.523558e+00
498,2.423975e+03,-5.938620e+01,8.409365e+00
499,2.431865e+03,-5.847973e+01,8.298537e+00
500,2.439577e+03,-5.755133e+01,8.191219e+00
501,2.447103e+03,-5.660167e+01,8.087407e+00
502,2.454445e+03,-5.563140e+01,7.987244e+00
503,2.461595e+03,-5.464104e+01,7.890725e+00
504,2.468553e+03,-5.363148e+01,7.798067e+00
505,2.475327e+03,-5.260329e+01,7.709190e+00
506,2.481903e+03,-5.155715e+01,7.624237e+00
507,2.488288e+03,-5.049369e+01,7.543292e+00
508,2.494474e+03,-4.941367e+01,7.466423e+00
509,2.500456e+03,-4.831773e+01,7.393685e+00
510,2.506248e+03,-4.720660e+01,7.325139e+00
511,2.511828e+03,-4.608088e+01,7.260838e+00
512,2.517211e+03,-4.494128e+01,7.200837e+00
513,2.522382e+03,-4.378853e+01,7.145204e+00
514,2.527343e+03,-4.262322e+01,7.093994e+00
515,2.532093e+03,-4.144608e+01,7.047252e+00
516,2.536632e+03,-4.025791e+01,7.005041e+00
517,2.540953e+03,-3.905928e+01,6.967399e+00
518,2.545050e+03,-3.785100e+01,6.934388e+00
519,2.548929e+03,-3.663379e+01,6.906047e+00
520,2.552577e+03,-3.540830e+01,6.882422e+00
521,2.556001e+03,-3.417534e+01,6.863569e+00
522,2.559193e+03,-3.293555e+01,6.849525e+00
523,2.562147e+03,-3.168966e+01,6.840331e+00
524,2.564878e+03,-3.043847e+01,6.836011e+00
525,2.567371e+03,-2.918263e+01,6.836597e+00
526,2.569641e+03,-2.792285e+01,6.842113e+00
527,2.571681e+03,-2.665987e+01,6.852592e+00
528,2.573491e+03,-2.539448e+01,6.868066e+00
529,2.575072e+03,-2.412724e+01,6.888551e+00
530,2.576430e+03,-2.285911e+01,6.914066e+00
531,2.577552e+03,-2.159074e+01,6.944642e+00
532,2.578453e+03,-2.032306e+01,6.980282e+00
533,2.579125e+03,-1.905664e+01,7.021004e+00
534,2.579561e+03,-1.779244e+01,7.066825e+00
535,2.579776e+03,-1.653110e+01,7.117770e+00
536,2.579755e+03,-1.527355e+01,7.173842e+00
537,2.579514e+03,-1.402036e+01,7.235044e+00
538,2.579045e+03,-1.277234e+01,7.301386e+00
539,2.578356e+03,-1.153027e+01,7.372856e+00
540,2.577431e+03,-1.029480e+01,7.449457e+00
541,2.576295e+03,-9.066645e+00,7.531201e+00
542,2.574938e+03,-7.846594e+00,7.618075e+00
543,2.573355e+03,-6.635315e+00,7.710075e+00
544,2.571559e+03,-5.433516e+00,7.807197e+00
545,2.569552e+03,-4.241855e+00,7.909407e+00
546,2.567325e+03,-3.060996e+00,8.016709e+00
547,2.564886e+03,-1.891620e+00,8.129070e+00
548,2.562236e+03,-7.343740e-01,8.246411e+00
549,2.559375e+03,4.100525e-01,8.368877e+00
550,2.556302e+03,1.541003e+00,8.496242e+00
551,2.553033e+03,2.657787e+00,8.628650e+00
552,2.549553e+03,3.759727e+00,8.765951e+00
553,2.545876e+03,4.846148e+00,8.908140e+00
554,2.542010e+03,5.916387e+00,9.055215e+00
555,2.537948e+03,6.969761e+00,9.207098e+00
556,2.533690e+03,8.005593e+00,9.363786e+00
557,2.529257e+03,9.023281e+00,9.525203e+00
558,2.524636e+03,1.002212e+01,9.691344e+00
559,2.519834e+03,1.100163e+01,9.862135e+00
560,2.514850e+03,1.196120e+01,1.003757e+01
561,2.509699e+03,1.290019e+01,1.021750e+01
562,2.504367e+03,1.381821e+01,1.040200e+01
563,2.498868e+03,1.471448e+01,1.059091e+01
564,2.493211e+03,1.558853e+01,1.078424e+01
565,2.487379e+03,1.643988e+01,1.098191e+01
566,2.481388e+03,1.726805e+01,1.118391e+01
567,2.475245e+03,1.807243e+01,1.139002e+01
568,2.468942e+03,1.885260e+01,1.160031e+01
569,2.462488e+03,1.960810e+01,1.181471e+01
570,2.455882e+03,2.033845e+01,1.203307e+01
571,2.449132e+03,2.104310e+01,1.225539e+01
572,2.442245e+03,2.172179e+01,1.248151e+01
573,2.435220e+03,2.237397e+01,1.271144e+01
574,2.428058e+03,2.299939e+01,1.294509e+01
575,2.420781e+03,2.359772e+01,1.318233e+01
576,2.413375e+03,2.416856e+01,1.342314e+01
577,2.405860e+03,2.471150e+01,1.366739e+01
578,2.398231e+03,2.522614e+01,1.391499e+01
579,2.390494e+03,2.571230e+01,1.416595e+01
580,2.382657e+03,2.616958e+01,1.442003e+01
581,2.374726e+03,2.659757e+01,1.467725e+01
582,2.366703e+03,2.699594e+01,1.493745e+01
583,2.358586e+03,2.736444e+01,1.520056e+01
584,2.350392e+03,2.770265e+01,1.546657e+01
585,2.342119e+03,2.801033e+01,1.573520e+01
586,2.333767e+03,2.828713e+01,1.600651e+01
587,2.325344e+03,2.853296e+01,1.628036e+01
588,2.316865e+03,2.874755e+01,1.655660e+01
589,2.308315e+03,2.893072e+01,1.683516e+01
590,2.299715e+03,2.908220e+01,1.711596e+01
591,2.291066e+03,2.920190e+01,1.739885e+01
592,2.282368e+03,2.928946e+01,1.768376e+01
593,2.273628e+03,2.934486e+01,1.797055e+01
594,2.264846e+03,2.936799e+01,1.825914e+01
595,2.256036e+03,2.935873e+01,1.854938e+01
596,2.247199e+03,2.931696e+01,1.884120e+01
597,2.238335e+03,2.924250e+01,1.913445e+01
598,2.229450e+03,2.913538e+01,1.942899e+01
599,2.220552e+03,2.899541e+01,1.972482e+01
600,2.211641e+03,2.882263e+01,2.002171e+01
601,2.202731e+03,2.861706e+01,2.031960e+01
602,2.193808e+03,2.837882e+01,2.061834e+01
603,2.184901e+03,2.810778e+01,2.091786e+01
604,2.175994e+03,2.780405e+01,2.121802e+01
605,2.167096e+03,2.746767e+01,2.151867e+01
606,2.158219e+03,2.709872e+01,2.181975e+01
607,2.149358e+03,2.669718e+01,2.212117e+01
608,2.140526e+03,2.626321e+01,2.242274e+01
609,2.131730e+03,2.579699e+01,2.272437e+01
610,2.122955e+03,2.529854e+01,2.302593e+01
611,2.114231e+03,2.476797e+01,2.332719e+01
612,2.105543e+03,2.420538e+01,2.362817e+01
613,2.096897e+03,2.361094e+01,2.392872e+01
614,2.088315e+03,2.298489e+01,2.422869e+01
615,2.079776e+03,2.232749e+01,2.452794e+01
616,2.071308e+03,2.163912e+01,2.482641e+01
617,2.062904e+03,2.091996e+01,2.512403e+01
618,2.054570e+03,2.017039e+01,2.542072e+01
619,2.046307e+03,1.939067e+01,2.571621e+01
620,2.038122e+03,1.858110e+01,2.601055e+01
621,2.030028e+03,1.774193e+01,2.630363e+01
622,2.022019e+03,1.687355e+01,2.659513e+01
623,2.014094e+03,1.597627e+01,2.688515e+01
624,2.006267e+03,1.505033e+01,2.717347e+01
625,1.998539e+03,1.409604e+01,2.746002e+01
626,1.990916e+03,1.311379e+01,2.774458e+01
627,1.983391e+03,1.210382e+01,2.802708e+01
628,1.975985e+03,1.106651e+01,2.830739e+01
629,1.968684e+03,1.000239e+01,2.858544e+01
630,1.961502e+03,8.911851e+00,2.886115e+01
631,1.954438e+03,7.795266e+00,2.913424e+01
632,1.947493e+03,6.653169e+00,2.940478e+01
633,1.940681e+03,5.485866e+00,2.967257e+01
634,1.933994e+03,4.293885e+00,2.993746e+01
635,1.927439e+03,3.077724e+00,3.019946e+01
636,1.921024e+03,1.837857e+00,3.045834e+01
637,1.914748e+03,5.748027e-01,3.071413e+01
638,1.908611e+03,-7.109210e-01,3.096659e+01
639,1.902620e+03,-2.018820e+00,3.121574e+01
640,1.896775e+03,-3.348379e+00,3.146137e+01
641,1.891082e+03,-4.699079e+00,3.170347e+01
642,1.885536e+03,-6.070336e+00,3.194184e+01
643,1.880156e+03,-7.461561e+00,3.217647e+01
644,1.874921e+03,-8.872151e+00,3.240724e+01
645,1.869853e+03,-1.030152e+01,3.263391e+01
646,1.864951e+03,-1.174908e+01,3.285651e+01
647,1.860208e+03,-1.321417e+01,3.307488e+01
648,1.855631e+03,-1.469633e+01,3.328889e+01
649,1.851219e+03,-1.619475e+01,3.349854e+01
650,1.846988e+03,-1.770891e+01,3.370369e+01
651,1.842923e+03,-1.923807e+01,3.390435e+01
652,1.839029e+03,-2.078159e+01,3.410044e+01
653,1.835316e+03,-2.233889e+01,3.429192e+01
654,1.831781e+03,-2.390933e+01,3.447871e+01
655,1.828433e+03,-2.549226e+01,3.466067e+01
656,1.825256e+03,-2.708688e+01,3.483788e+01
657,1.822265e+03,-2.869272e+01,3.501021e+01
658,1.819460e+03,-3.030889e+01,3.517759e+01
659,1.816840e+03,-3.193483e+01,3.533987e+01
660,1.814405e+03,-3.356982e+01,3.549708e+01
661,1.812155e+03,-3.521315e+01,3.564907e+01
662,1.810098e+03,-3.686418e+01,3.579576e+01
663,1.808224e+03,-3.852212e+01,3.593718e+01
664,1.806542e+03,-4.018625e+01,3.607319e+01
665,1.805052e+03,-4.185595e+01,3.620378e+01
666,1.803745e+03,-4.353049e+01,3.632889e+01
667,1.802629e+03,-4.520909e+01,3.644854e+01
668,1.801711e+03,-4.689104e+01,3.656258e+01
669,1.800976e+03,-4.857570e+01,3.667095e+01
670,1.800438e+03,-5.026230e+01,3.677372e+01
671,1.800090e+03,-5.195011e+01,3.687084e+01
672,1.799933e+03,-5.363852e+01,3.696215e+01
673,1.799964e+03,-5.532665e+01,3.704775e+01
674,1.800185e+03,-5.701396e+01,3.712757e+01
675,1.800603e+03,-5.869958e+01,3.720154e+01
676,1.801209e+03,-6.038281e+01,3.726966e+01
677,1.802004e+03,-6.206302e+01,3.733195e+01
678,1.802980e+03,-6.373929e+01,3.738826e+01
679,1.804151e+03,-6.541090e+01,3.743860e+01
680,1.805511e+03,-6.707714e+01,3.748298e+01
681,1.807051e+03,-6.873711e+01,3.752125e+01
682,1.808771e+03,-7.039016e+01,3.755350e+01
683,1.810679e+03,-7.203544e+01,3.757959e+01
684,1.812774e+03,-7.367240e+01,3.759959e+01
685,1.815042e+03,-7.530034e+01,3.761359e+01
686,1.817489e+03,-7.691817e+01,3.762152e+01
687,1.820116e+03,-7.852610e+01,3.762353e+01
688,1.822921e+03,-8.012342e+01,3.761948e+01
689,1.825906e+03,-8.170869e+01,3.760953e+01
690,1.829063e+03,-8.328120e+01,3.759375e+01
691,1.832391e+03,-8.484100e+01,3.757201e+01
692,1.835890e+03,-8.638738e+01,3.754437e+01
693,1.839560e+03,-8.791965e+01,3.751086e+01
694,1.843394e+03,-8.943636e+01,3.747154e+01
695,1.847399e+03,-9.093755e+01,3.742635e+01
696,1.851553e+03,-9.242179e+01,3.737521e+01
697,1.855877e+03,-9.388911e+01,3.731837e+01
698,1.860349e+03,-9.533807e+01,3.725566e+01
699,1.864985e+03,-9.676871e+01,3.718718e+01
700,1.869769e+03,-9.818034e+01,3.711299e+01
701,1.874701e+03,-9.957226e+01,3.703311e+01
702,1.879774e+03,-1.009438e+02,3.694753e+01
703,1.884995e+03,-1.022950e+02,3.685642e+01
704,1.890364e+03,-1.036236e+02,3.675969e+01
705,1.895860e+03,-1.049306e+02,3.665750e+01
706,1.901503e+03,-1.062145e+02,3.654985e+01
707,1.907273e+03,-1.074753e+02,3.643689e+01
708,1.913168e+03,-1.087131e+02,3.631849e+01
709,1.919198e+03,-1.099257e+02,3.619493e+01
710,1.925346e+03,-1.111139e+02,3.606614e+01
711,1.931613e+03,-1.122771e+02,3.593220e+01
712,1.938006e+03,-1.134139e+02,3.579320e+01
713,1.944504e+03,-1.145242e+02,3.564912e+01
714,1.951113e+03,-1.156074e+02,3.550012e+01
715,1.957834e+03,-1.166636e+02,3.534620e+01
716,1.964653e+03,-1.176920e+02,3.518736e+01
717,1.971568e+03,-1.186913e+02,3.502368e+01
718,1.978581e+03,-1.196616e+02,3.485523e+01
719,1.985684e+03,-1.206020e+02,3.468216e+01
720,1.992877e+03,-1.215135e+02,3.450447e+01
721,2.000153e+03,-1.223945e+02,3.432238e+01
722,2.007512e+03,-1.232452e+02,3.413591e+01
723,2.014954e+03,-1.240657e+02,3.394525e+01
724,2.022472e+03,-1.248551e+02,3.375050e+01
725,2.030066e+03,-1.256129e+02,3.355173e+01
726,2.037728e+03,-1.263398e+02,3.334900e+01
727,2.045459e+03,-1.270344e+02,3.314248e+01
728,2.053260e+03,-1.276975e+02,3.293214e+01
729,2.061107e+03,-1.283270e+02,3.271823e+01
730,2.069016e+03,-1.289243e+02,3.250066e+01
731,2.076980e+03,-1.294888e+02,3.227965e+01
732,2.084984e+03,-1.300190e+02,3.205520e+01
733,2.093036e+03,-1.305157e+02,3.182754e+01
734,2.101128e+03,-1.309776e+02,3.159659e+01
735,2.109245e+03,-1.314060e+02,3.136263e+01
736,2.117403e+03,-1.317997e+02,3.112575e+01
737,2.125580e+03,-1.321587e+02,3.088594e+01
738,2.133783e+03,-1.324829e+02,3.064343e+01
739,2.142005e+03,-1.327717e+02,3.039828e+01
740,2.150238e+03,-1.330244e+02,3.015064e+01
741,2.158476e+03,-1.332426e+02,2.990065e+01
742,2.166719e+03,-1.334254e+02,2.964839e+01
743,2.174967e+03,-1.335724e+02,2.939400e+01
744,2.183204e+03,-1.336834e+02,2.913762e+01
745,2.191433e+03,-1.337585e+02,2.887941e+01
746,2.199644e+03,-1.337985e+02,2.861943e+01
747,2.207839e+03,-1.338020e+02,2.835783e+01
748,2.216010e+03,-1.337698e+02,2.809467e+01
749,2.224157e+03,-1.337018e+02,2.783011e+01
750,2.232273e+03,-1.335981e+02,2.756427e+01
751,2.240351e+03,-1.334581e+02,2.729725e+01
752,2.248385e+03,-1.332817e+02,2.702917e+01
753,2.256380e+03,-1.330705e+02,2.676010e+01
754,2.264331e+03,-1.328230e+02,2.649019e+01
755,2.272230e+03,-1.325401e+02,2.621964e+01
756,2.280071e+03,-1.322216e+02,2.594853e+01
757,2.287868e+03,-1.318677e+02,2.567706e+01
758,2.295606e+03,-1.314800e+02,2.540523e+01
759,2.303287e+03,-1.310568e+02,2.513333e+01
760,2.310903e+03,-1.305990e+02,2.486142e+01
761,2.318454e+03,-1.301067e+02,2.458964e+01
762,2.325934e+03,-1.295798e+02,2.431806e+01
763,2.333342e+03,-1.290192e+02,2.404681e+01
764,2.340664e+03,-1.284233e+02,2.377597e+01
765,2.347901e+03,-1.277937e+02,2.350574e+01
766,2.355052e+03,-1.271297e+02,2.323619e+01
767,2.362104e+03,-1.264312e+02,2.296732e+01
768,2.369064e+03,-1.256983e+02,2.269940e+01
769,2.375909e+03,-1.249325e+02,2.243258e+01
770,2.382656e+03,-1.241339e+02,2.216692e+01
771,2.389290e+03,-1.233024e+02,2.190256e+01
772,2.395803e+03,-1.224380e+02,2.163971e+01
773,2.402203e+03,-1.215423e+02,2.137844e+01
774,2.408477e+03,-1.206153e+02,2.111889e+01
775,2.414624e+03,-1.196569e+02,2.086119e+01
776,2.420651e+03,-1.186688e+02,2.060549e+01
777,2.426553e+03,-1.176501e+02,2.035184e+01
778,2.432329e+03,-1.166023e+02,2.010039e+01
779,2.437979e+03,-1.155248e+02,1.985120e+01
780,2.443497e+03,-1.144197e+02,1.960448e+01
781,2.448891e+03,-1.132863e+02,1.936023e+01
782,2.454145e+03,-1.121254e+02,1.911858e+01
783,2.459267e+03,-1.109362e+02,1.887966e+01
784,2.464244e+03,-1.097202e+02,1.864355e+01
785,2.469075e+03,-1.084767e+02,1.841031e+01
786,2.473746e+03,-1.072057e+02,1.818008e+01
787,2.478265e+03,-1.059087e+02,1.795291e+01
788,2.482624e+03,-1.045841e+02,1.772895e+01
789,2.486809e+03,-1.032342e+02,1.750834e+01
790,2.490835e+03,-1.018583e+02,1.729114e+01
791,2.494688e+03,-1.004593e+02,1.707757e+01
792,2.498375e+03,-9.903648e+01,1.686776e+01
793,2.501889e+03,-9.759132e+01,1.666184e+01
794,2.505231e+03,-9.612455e+01,1.645989e+01
795,2.508394e+03,-9.463766e+01,1.626212e+01
796,2.511384e+03,-9.312989e+01,1.606852e+01
797,2.514204e+03,-9.160271e+01,1.587915e+01
798,2.516844e+03,-9.005612e+01,1.569407e+01
799,2.519314e+03,-8.849084e+01,1.551335e+01
800,2.521605e+03,-8.690613e+01,1.533706e+01
801,2.523719e+03,-8.530419e+01,1.516519e+01
802,2.525663e+03,-8.368424e+01,1.499772e+01
803,2.527422e+03,-8.204701e+01,1.483493e+01
804,2.529004e+03,-8.039395e+01,1.467675e+01
805,2.530395e+03,-7.872427e+01,1.452345e+01
806,2.531588e+03,-7.704017e+01,1.437502e+01
807,2.532582e+03,-7.534013e+01,1.423161e+01
808,2.533379e+03,-7.362708e+01,1.409334e+01
809,2.533971e+03,-7.190025e+01,1.396028e+01
810,2.534358e+03,-7.016033e+01,1.383249e+01
811,2.534541e+03,-6.840893e+01,1.371004e+01
812,2.534535e+03,-6.664666e+01,1.359284e+01
813,2.534332e+03,-6.487446e+01,1.348102e+01
814,2.533941e+03,-6.309318e+01,1.337457e+01
815,2.533369e+03,-6.130366e+01,1.327349e+01
816,2.532616e+03,-5.950675e+01,1.317791e+01
817,2.531675e+03,-5.770293e+01,1.308782e+01
818,2.530547e+03,-5.589238e+01,1.300328e+01
819,2.529224e+03,-5.407549e+01,1.292429e+01
820,2.527699e+03,-5.225268e+01,1.285105e+01
821,2.525965e+03,-5.042425e+01,1.278347e+01
822,2.524021e+03,-4.859047e+01,1.272171e+01
823,2.521862e+03,-4.675180e+01,1.266575e+01
824,2.519494e+03,-4.490924e+01,1.261565e+01
825,2.516925e+03,-4.306393e+01,1.257140e+01
826,2.514156e+03,-4.121700e+01,1.253307e+01
827,2.511193e+03,-3.936960e+01,1.250058e+01
828,2.508038e+03,-3.752271e+01,1.247398e+01
829,2.504704e+03,-3.567755e+01,1.245328e+01
830,2.501193e+03,-3.383511e+01,1.243853e+01
831,2.497505e+03,-3.199570e+01,1.242965e+01
832,2.493632e+03,-3.015980e+01,1.242671e+01
833,2.489566e+03,-2.832757e+01,1.242978e+01
834,2.485317e+03,-2.649933e+01,1.243884e+01
835,2.480868e+03,-2.467548e+01,1.245390e+01
836,2.476213e+03,-2.285619e+01,1.247500e+01
837,2.471359e+03,-2.104199e+01,1.250216e+01
838,2.466313e+03,-1.923358e+01,1.253536e+01
839,2.461062e+03,-1.743201e+01,1.257451e+01
840,2.455635e+03,-1.563813e+01,1.261962e+01
841,2.450024e+03,-1.385299e+01,1.267060e+01
842,2.444237e+03,-1.207744e+01,1.272745e+01
843,2.438274e+03,-1.031244e+01,1.279008e+01
844,2.432158e+03,-8.558928e+00,1.285841e+01
845,2.425867e+03,-6.817354e+00,1.293252e+01
846,2.419415e+03,-5.088388e+00,1.301239e+01
847,2.412787e+03,-3.372442e+00,1.309810e+01
848,2.405991e+03,-1.670071e+00,1.318957e+01
849,2.399021e+03,1.822135e-02,1.328687e+01
850,2.391867e+03,1.691915e+00,1.338998e+01
851,2.384546e+03,3.350515e+00,1.349899e+01
852,2.377050e+03,4.993571e+00,1.361366e+01
853,2.369386e+03,6.620646e+00,1.373400e+01
854,2.361555e+03,8.231300e+00,1.385985e+01
855,2.353578e+03,9.825094e+00,1.399113e+01
856,2.345441e+03,1.140162e+01,1.412777e+01
857,2.337165e+03,1.296045e+01,1.426953e+01
858,2.328751e+03,1.450104e+01,1.441651e+01
859,2.320199e+03,1.602265e+01,1.456854e+01
860,2.311509e+03,1.752454e+01,1.472569e+01
861,2.302688e+03,1.900589e+01,1.488790e+01
862,2.293728e+03,2.046589e+01,1.505508e+01
863,2.284645e+03,2.190377e+01,1.522739e+01
864,2.275430e+03,2.331865e+01,1.540467e+01
865,2.266084e+03,2.470994e+01,1.558692e+01
866,2.256622e+03,2.607732e+01,1.577408e+01
867,2.247028e+03,2.742087e+01,1.596606e+01
868,2.237310e+03,2.874028e+01,1.616272e+01
869,2.227475e+03,3.003563e+01,1.636398e+01
870,2.217515e+03,3.130669e+01,1.656985e+01
871,2.207439e+03,3.255344e+01,1.678010e+01
872,2.197252e+03,3.377574e+01,1.699466e+01
873,2.186948e+03,3.497305e+01,1.721338e+01
874,2.176542e+03,3.614500e+01,1.743627e+01
875,2.166032e+03,3.729097e+01,1.766317e+01
876,2.155427e+03,3.841060e+01,1.789395e+01
877,2.144727e+03,3.950320e+01,1.812845e+01
878,2.133952e+03,4.056846e+01,1.836661e+01
879,2.123089e+03,4.160577e+01,1.860835e+01
880,2.112152e+03,4.261476e+01,1.885352e+01
881,2.101134e+03,4.359496e+01,1.910207e+01
882,2.090048e+03,4.454599e+01,1.935398e+01
883,2.078888e+03,4.546731e+01,1.960904e+01
884,2.067653e+03,4.635861e+01,1.986733e+01
885,2.056351e+03,4.721935e+01,2.012870e+01
886,2.044980e+03,4.804923e+01,2.039301e+01
887,2.033542e+03,4.884813e+01,2.066027e+01
888,2.022051e+03,4.961606e+01,2.093032e+01
889,2.010491e+03,5.035312e+01,2.120296e+01
890,1.998885e+03,5.105917e+01,2.147818e+01
891,1.987225e+03,5.173431e+01,2.175585e+01
892,1.975518e+03,5.237846e+01,2.203582e+01
893,1.963764e+03,5.299166e+01,2.231803e+01
894,1.951977e+03,5.357382e+01,2.260217e+01
895,1.940144e+03,5.412475e+01,2.288833e+01
896,1.928284e+03,5.464452e+01,2.317623e+01
897,1.916392e+03,5.513293e+01,2.346578e+01
898,1.904473e+03,5.558989e+01,2.375686e+01
899,1.892536e+03,5.601537e+01,2.404924e+01
900,1.880580e+03,5.640918e+01,2.434293e+01
901,1.868604e+03,5.677129e+01,2.463765e+01
902,1.856624e+03,5.710168e+01,2.493339e+01
903,1.844638e+03,5.740016e+01,2.523003e+01
904,1.832647e+03,5.766677e+01,2.552742e+01
905,1.820658e+03,5.790140e+01,2.582544e+01
906,1.808670e+03,5.810393e+01,2.612409e+01
907,1.796697e+03,5.827435e+01,2.642308e+01
908,1.784733e+03,5.841274e+01,2.672235e+01
909,1.772784e+03,5.851915e+01,2.702192e+01
910,1.760849e+03,5.859369e+01,2.732158e+01
911,1.748936e+03,5.863646e+01,2.762118e+01
912,1.737052e+03,5.864756e+01,2.792067e+01
913,1.725196e+03,5.862710e+01,2.821998e+01
914,1.713369e+03,5.857511e+01,2.851891e+01
915,1.701569e+03,5.849177e+01,2.881739e+01
916,1.689811e+03,5.837723e+01,2.911535e+01
917,1.678088e+03,5.823155e+01,2.941253e+01
918,1.666399e+03,5.805502e+01,2.970892e+01
919,1.654759e+03,5.784767e+01,3.000432e+01
920,1.643167e+03,5.760968e+01,3.029867e+01
921,1.631616e+03,5.734121e+01,3.059176e+01
922,1.620119e+03,5.704264e+01,3.088352e+01
923,1.608685e+03,5.671423e+01,3.117390e+01
924,1.597297e+03,5.635635e+01,3.146275e+01
925,1.585978e+03,5.596931e+01,3.174988e+01
926,1.574721e+03,5.555359e+01,3.203529e+01
927,1.563531e+03,5.510940e+01,3.231878e+01
928,1.552417e+03,5.463713e+01,3.260035e+01
929,1.541377e+03,5.413709e+01,3.287980e+01
930,1.530413e+03,5.360951e+01,3.315699e+01
931,1.519522e+03,5.305469e+01,3.343186e+01
932,1.508720e+03,5.247286e+01,3.370428e+01
933,1.497999e+03,5.186439e+01,3.397419e+01
934,1.487366e+03,5.122944e+01,3.424130e+01
935,1.476820e+03,5.056838e+01,3.450562e+01
936,1.466362e+03,4.988151e+01,3.476695e+01
937,1.455999e+03,4.916927e+01,3.502529e+01
938,1.445730e+03,4.843195e+01,3.528052e+01
939,1.435561e+03,4.767001e+01,3.553250e+01
940,1.425487e+03,4.688380e+01,3.578102e+01
941,1.415520e+03,4.607361e+01,3.602616e+01
942,1.405654e+03,4.523989e+01,3.626772e+01
943,1.395895e+03,4.438308e+01,3.650556e+01
944,1.386244e+03,4.350368e+01,3.673969e+01
945,1.376706e+03,4.260206e+01,3.696998e+01
946,1.367275e+03,4.167872e+01,3.719636e+01
947,1.357965e+03,4.073418e+01,3.741864e+01
948,1.348768e+03,3.976886e+01,3.763688e+01
949,1.339685e+03,3.878312e+01,3.785096e+01
950,1.330729e+03,3.777761e+01,3.806074e+01
951,1.321892e+03,3.675262e+01,3.826609e+01
952,1.313175e+03,3.570871e+01,3.846701e+01
953,1.304585e+03,3.464620e+01,3.866338e+01
954,1.296114e+03,3.356565e+01,3.885514e+01
955,1.287776e+03,3.246748e+01,3.904216e+01
956,1.279563e+03,3.135216e+01,3.922437e+01
957,1.271484e+03,3.022018e+01,3.940171e+01
958,1.263529e+03,2.907222e+01,3.957421e+01
959,1.255706e+03,2.790893e+01,3.974172e+01
960,1.248022e+03,2.673085e+01,3.990433e+01
961,1.240470e+03,2.553853e+01,4.006185e+01
962,1.233056e+03,2.433267e+01,4.021435e+01
963,1.225781e+03,2.311389e+01,4.036177e+01
964,1.218643e+03,2.188259e+01,4.050398e+01
965,1.211643e+03,2.063932e+01,4.064107e+01
966,1.204781e+03,1.938462e+01,4.077283e+01
967,1.198063e+03,1.811905e+01,4.089927e+01
968,1.191482e+03,1.684306e+01,4.102034e+01
969,1.185044e+03,1.555721e+01,4.113596e+01
970,1.178751e+03,1.426196e+01,4.124600e+01
971,1.172594e+03,1.295794e+01,4.135063e+01
972,1.166580e+03,1.164575e+01,4.144963e+01
973,1.160709e+03,1.032586e+01,4.154302e+01
974,1.154988e+03,8.998892e+00,4.163088e+01
975,1.149402e+03,7.665534e+00,4.171300e+01
976,1.143959e+03,6.326174e+00,4.178954e+01
977,1.138665e+03,4.981576e+00,4.186029e+01
978,1.133514e+03,3.632129e+00,4.192541e+01
979,1.128504e+03,2.278476e+00,4.198483e+01
980,1.123643e+03,9.211239e-01,4.203842e+01
981,1.118923e+03,-4.393893e-01,4.208641e+01
982,1.114344e+03,-1.802520e+00,4.212858e+01
983,1.109907e+03,-3.167723e+00,4.216510e+01
984,1.105618e+03,-4.534479e+00,4.219583e+01
985,1.101469e+03,-5.902295e+00,4.222077e+01
986,1.097461e+03,-7.270689e+00,4.223994e+01
987,1.093601e+03,-8.639193e+00,4.225334e+01
988,1.089881e+03,-1.000733e+01,4.226083e+01
989,1.086302e+03,-1.137463e+01,4.226257e+01
990,1.082862e+03,-1.274055e+01,4.225835e+01
991,1.079562e+03,-1.410472e+01,4.224824e+01
992,1.076410e+03,-1.546647e+01,4.223234e+01
993,1.073390e+03,-1.682525e+01,4.221049e+01
994,1.070516e+03,-1.818039e+01,4.218285e+01
995,1.067775e+03,-1.953143e+01,4.214943e+01
996,1.065173e+03,-2.087768e+01,4.211024e+01
997,1.062711e+03,-2.221861e+01,4.206521e+01
998,1.060388e+03,-2.355362e+01,4.201442e+01
999,1.058197e+03,-2.488194e+01,4.195794e+01
1000,1.056144e+03,-2.620305e+01,4.189571e+01
1001,1.054216e+03,-2.751626e+01,4.182774e+01
1002,1.052427e+03,-2.882091e+01,4.175402e+01
1003,1.050763e+03,-3.011633e+01,4.167456e+01
1004,1.049230e+03,-3.140193e+01,4.158937e+01
1005,1.047814e+03,-3.267712e+01,4.149844e+01
1006,1.046530e+03,-3.394154e+01,4.140193e+01
1007,1.045362e+03,-3.519495e+01,4.129999e+01
1008,1.044319e+03,-3.643723e+01,4.119276e+01
1009,1.043401e+03,-3.766799e+01,4.108040e+01
1010,1.042592e+03,-3.888701e+01,4.096314e+01
1011,1.041908e+03,-4.009401e+01,4.084097e+01
1012,1.041334e+03,-4.128884e+01,4.071411e+01
1013,1.040869e+03,-4.247111e+01,4.058249e+01
1014,1.040530e+03,-4.364032e+01,4.044612e+01
1015,1.040293e+03,-4.479617e+01,4.030484e+01
1016,1.040173e+03,-4.593828e+01,4.015873e+01
1017,1.040171e+03,-4.706629e+01,4.000756e+01
1018,1.040272e+03,-4.817974e+01,3.985134e+01
1019,1.040483e+03,-4.927826e+01,3.969013e+01
1020,1.040805e+03,-5.036118e+01,3.952386e+01
1021,1.041230e+03,-5.142791e+01,3.935290e+01
1022,1.041759e+03,-5.247784e+01,3.917724e+01
1023,1.042375e+03,-5.351022e+01,3.899711e+01
1024,1.043096e+03,-5.452454e+01,3.881266e+01
1025,1.043898e+03,-5.552004e+01,3.862410e+01
1026,1.044796e+03,-5.649620e+01,3.843150e+01
1027,1.045775e+03,-5.745315e+01,3.823494e+01
1028,1.046837e+03,-5.839089e+01,3.803448e+01
1029,1.047995e+03,-5.930956e+01,3.783020e+01
1030,1.049228e+03,-6.020929e+01,3.762209e+01
1031,1.050551e+03,-6.109030e+01,3.741029e+01
1032,1.051948e+03,-6.195257e+01,3.719480e+01
1033,1.053435e+03,-6.279625e+01,3.697570e+01
1034,1.054998e+03,-6.362079e+01,3.675304e+01
1035,1.056644e+03,-6.442559e+01,3.652705e+01
1036,1.058357e+03,-6.521011e+01,3.629779e+01
1037,1.060132e+03,-6.597374e+01,3.606540e+01
1038,1.061983e+03,-6.671594e+01,3.583004e+01
1039,1.063895e+03,-6.743618e+01,3.559184e+01
1040,1.065861e+03,-6.813384e+01,3.535079e+01
1041,1.067888e+03,-6.880889e+01,3.510711e+01
1042,1.069970e+03,-6.946133e+01,3.486064e+01
1043,1.072100e+03,-7.009089e+01,3.461153e+01
1044,1.074291e+03,-7.069823e+01,3.435977e+01
1045,1.076531e+03,-7.128265e+01,3.410528e+01
1046,1.078818e+03,-7.184494e+01,3.384826e+01
1047,1.081153e+03,-7.238440e+01,3.358857e+01
1048,1.083537e+03,-7.290109e+01,3.332641e+01
1049,1.085961e+03,-7.339429e+01,3.306209e+01
1050,1.088427e+03,-7.386555e+01,3.279572e+01
1051,1.090927e+03,-7.431416e+01,3.252754e+01
1052,1.093461e+03,-7.473941e+01,3.225760e+01
1053,1.096031e+03,-7.514136e+01,3.198626e+01
1054,1.098635e+03,-7.552004e+01,3.171366e+01
1055,1.101259e+03,-7.587624e+01,3.143985e+01
1056,1.103912e+03,-7.620925e+01,3.116490e+01
1057,1.106587e+03,-7.651836e+01,3.088894e+01
1058,1.109282e+03,-7.680510e+01,3.061203e+01
1059,1.111992e+03,-7.706802e+01,3.033424e+01
1060,1.114725e+03,-7.730715e+01,3.005569e+01
1061,1.117472e+03,-7.752400e+01,2.977645e+01
1062,1.120235e+03,-7.771639e+01,2.949665e+01
1063,1.123006e+03,-7.788656e+01,2.921628e+01
1064,1.125786e+03,-7.803307e+01,2.893555e+01
1065,1.128567e+03,-7.815593e+01,2.865451e+01
1066,1.131358e+03,-7.825666e+01,2.837322e+01
1067,1.134143e+03,-7.833380e+01,2.809182e+01
1068,1.136939e+03,-7.838812e+01,2.781045e+01
1069,1.139722e+03,-7.841963e+01,2.752916e+01
1070,1.142509e+03,-7.842835e+01,2.724808e+01
1071,1.145284e+03,-7.841432e+01,2.696728e+01
1072,1.148056e+03,-7.837828e+01,2.668696e+01
1073,1.150810e+03,-7.831951e+01,2.640718e+01
1074,1.153554e+03,-7.823877e+01,2.612807e+01
1075,1.156280e+03,-7.813607e+01,2.584977e+01
1076,1.158996e+03,-7.801068e+01,2.557235e+01
1077,1.161689e+03,-7.786411e+01,2.529584e+01
1078,1.164365e+03,-7.769635e+01,2.502047e+01
1079,1.167010e+03,-7.750668e+01,2.474630e+01
1080,1.169639e+03,-7.729658e+01,2.447337e+01
1081,1.172238e+03,-7.706459e+01,2.420190e+01
1082,1.174807e+03,-7.681219e+01,2.393188e+01
1083,1.177346e+03,-7.653938e+01,2.366344e+01
1084,1.179856e+03,-7.624616e+01,2.339670e+01
1085,1.182330e+03,-7.593329e+01,2.313174e+01
1086,1.184767e+03,-7.559927e+01,2.286860e+01
1087,1.187168e+03,-7.524633e+01,2.260735e+01
1088,1.189527e+03,-7.487373e+01,2.234820e+01
1089,1.191842e+03,-7.448146e+01,2.209120e+01
1090,1.194115e+03,-7.407025e+01,2.183634e+01
1091,1.196346e+03,-7.364086e+01,2.158383e+01
1092,1.198528e+03,-7.319252e+01,2.133373e+01
1093,1.200661e+03,-7.272671e+01,2.108617e+01
1094,1.202745e+03,-7.224268e+01,2.084121e+01
1095,1.204780e+03,-7.174191e+01,2.059898e+01
1096,1.206760e+03,-7.122363e+01,2.035955e+01
1097,1.208692e+03,-7.068858e+01,2.012304e+01
1098,1.210569e+03,-7.013749e+01,1.988945e+01
1099,1.212384e+03,-6.957034e+01,1.965898e+01
1100,1.214151e+03,-6.898786e+01,1.943162e+01
1101,1.215849e+03,-6.838928e+01,1.920736e+01
1102,1.217494e+03,-6.777606e+01,1.898639e+01
1103,1.219070e+03,-6.714741e+01,1.876878e+01
1104,1.220592e+03,-6.650465e+01,1.855459e+01
1105,1.222046e+03,-6.584787e+01,1.834380e+01
1106,1.223433e+03,-6.517735e+01,1.813653e+01
1107,1.224759e+03,-6.449348e+01,1.793286e+01
1108,1.226011e+03,-6.379666e+01,1.773283e+01
1109,1.227204e+03,-6.308724e+01,1.753658e+01
1110,1.228323e+03,-6.236561e+01,1.734409e+01
1111,1.229375e+03,-6.163218e+01,1.715550e+01
1112,1.230353e+03,-6.088719e+01,1.697072e+01
1113,1.231266e+03,-6.013127e+01,1.678995e+01
1114,1.232106e+03,-5.936461e+01,1.661325e+01
1115,1.232873e+03,-5.858766e+01,1.644054e+01
1116,1.233568e+03,-5.780090e+01,1.627202e+01
1117,1.234190e+03,-5.700459e+01,1.610760e+01
1118,1.234740e+03,-5.619911e+01,1.594742e+01
1119,1.235211e+03,-5.538502e+01,1.579154e+01
1120,1.235603e+03,-5.456248e+01,1.563987e+01
1121,1.235923e+03,-5.373204e+01,1.549262e+01
1122,1.236165e+03,-5.289401e+01,1.534970e+01
1123,1.236328e+03,-5.204879e+01,1.521117e+01
1124,1.236421e+03,-5.119678e+01,1.507717e+01
1125,1.236428e+03,-5.033835e+01,1.494761e+01
1126,1.236351e+03,-4.947406e+01,1.482256e+01
1127,1.236202e+03,-4.860430e+01,1.470207e+01
1128,1.235977e+03,-4.772959e+01,1.458621e+01
1129,1.235667e+03,-4.685026e+01,1.447496e+01
1130,1.235287e+03,-4.596685e+01,1.436832e+01
1131,1.234823e+03,-4.507981e+01,1.426635e+01
1132,1.234282e+03,-4.418947e+01,1.416911e+01
1133,1.233664e+03,-4.329628e+01,1.407660e+01
1134,1.232963e+03,-4.240063e+01,1.398879e+01
1135,1.232186e+03,-4.150291e+01,1.390569e+01
1136,1.231332e+03,-4.060344e+01,1.382735e+01
1137,1.230395e+03,-3.970274e+01,1.375376e+01
1138,1.229382e+03,-3.880113e+01,1.368493e+01
1139,1.228293e+03,-3.789899e+01,1.362083e+01
1140,1.227113e+03,-3.699679e+01,1.356154e+01
1141,1.225866e+03,-3.609499e+01,1.350697e+01
1142,1.224535e+03,-3.519397e+01,1.345719e+01
1143,1.223130e+03,-3.429411e+01,1.341219e+01
1144,1.221641e+03,-3.339589e+01,1.337197e+01
1145,1.220078e+03,-3.249967e+01,1.333651e+01
1146,1.218439e+03,-3.160593e+01,1.330581e+01
1147,1.216725e+03,-3.071498e+01,1.327986e+01
1148,1.214929e+03,-2.982719e+01,1.325867e+01
1149,1.213058e+03,-2.894303e+01,1.324214e+01
1150,1.211112e+03,-2.806282e+01,1.323027e+01
1151,1.209092e+03,-2.718693e+01,1.322313e+01
1152,1.206996e+03,-2.631581e+01,1.322065e+01
1153,1.204834e+03,-2.544976e+01,1.322282e+01
1154,1.202588e+03,-2.458914e+01,1.322963e+01
1155,1.200276e+03,-2.373432e+01,1.324094e+01
1156,1.197888e+03,-2.288575e+01,1.325689e+01
1157,1.195434e+03,-2.204365e+01,1.327733e+01
1158,1.192911e+03,-2.120854e+01,1.330233e+01
1159,1.190321e+03,-2.038072e+01,1.333173e+01
1160,1.187663e+03,-1.956047e+01,1.336563e+01
1161,1.184938e+03,-1.874818e+01,1.340393e+01
1162,1.182153e+03,-1.794406e+01,1.344656e+01
1163,1.179299e+03,-1.714849e+01,1.349352e+01
1164,1.176385e+03,-1.636184e+01,1.354482e+01
1165,1.173411e+03,-1.558434e+01,1.360030e+01
1166,1.170368e+03,-1.481635e+01,1.366004e+01
1167,1.167265e+03,-1.405811e+01,1.372388e+01
1168,1.164101e+03,-1.330998e+01,1.379184e+01
1169,1.160884e+03,-1.257220e+01,1.386391e+01
1170,1.157605e+03,-1.184507e+01,1.393987e+01
1171,1.154273e+03,-1.112896e+01,1.401987e+01
1172,1.150887e+03,-1.042403e+01,1.410376e+01
1173,1.147448e+03,-9.730651e+00,1.419148e+01
1174,1.143954e+03,-9.049097e+00,1.428302e+01
1175,1.140406e+03,-8.379558e+00,1.437832e+01
1176,1.136811e+03,-7.722305e+00,1.447722e+01
1177,1.133170e+03,-7.077560e+00,1.457974e+01
1178,1.129473e+03,-6.445587e+00,1.468587e+01
1179,1.125737e+03,-5.826620e+00,1.479547e+01
1180,1.121954e+03,-5.220908e+00,1.490848e+01
1181,1.118123e+03,-4.628671e+00,1.502482e+01
1182,1.114252e+03,-4.050108e+00,1.514449e+01
1183,1.110340e+03,-3.485451e+00,1.526736e+01
1184,1.106388e+03,-2.934904e+00,1.539342e+01
1185,1.102395e+03,-2.398689e+00,1.552247e+01
1186,1.098362e+03,-1.877020e+00,1.565458e+01
1187,1.094294e+03,-1.370103e+00,1.578961e+01
1188,1.090193e+03,-8.780883e-01,1.592749e+01
1189,1.086058e+03,-4.011389e-01,1.606816e+01
1190,1.081882e+03,6.060561e-02,1.621154e+01
1191,1.077686e+03,5.069969e-01,1.635750e+01
1192,1.073455e+03,9.378781e-01,1.650604e+01
1193,1.069198e+03,1.353114e+00,1.665710e+01
1194,1.064920e+03,1.752544e+00,1.681046e+01
1195,1.060615e+03,2.136061e+00,1.696613e+01
1196,1.056282e+03,2.503564e+00,1.712404e+01
1197,1.051929e+03,2.854941e+00,1.728413e+01
1198,1.047562e+03,3.190103e+00,1.744618e+01
1199,1.043175e+03,3.508856e+00,1.761028e+01
1200,1.038766e+03,3.811242e+00,1.777622e+01
1201,1.034343e+03,4.097004e+00,1.794399e+01
1202,1.029907e+03,4.366260e+00,1.811348e+01
1203,1.025456e+03,4.618827e+00,1.828453e+01
1204,1.020998e+03,4.854746e+00,1.845724e+01
1205,1.016524e+03,5.073905e+00,1.863134e+01
1206,1.012043e+03,5.276343e+00,1.880689e+01
1207,1.007554e+03,5.462021e+00,1.898363e+01
1208,1.003064e+03,5.630825e+00,1.916171e+01
1209,9.985733e+02,5.782864e+00,1.934086e+01
1210,9.940733e+02,5.918021e+00,1.952108e+01
1211,9.895714e+02,6.036476e+00,1.970225e+01
1212,9.850749e+02,6.138183e+00,1.988430e+01
1213,9.805761e+02,6.223097e+00,2.006717e+01
1214,9.760821e+02,6.291246e+00,2.025081e+01
1215,9.716000e+02,6.342729e+00,2.043501e+01
1216,9.671147e+02,6.377496e+00,2.061978e+01
1217,9.626408e+02,6.395645e+00,2.080499e+01
1218,9.581779e+02,6.397197e+00,2.099058e+01
1219,9.537258e+02,6.382100e+00,2.117642e+01
1220,9.492768e+02,6.350594e+00,2.136245e+01
1221,9.448528e+02,6.302476e+00,2.154853e+01
1222,9.404313e+02,6.237984e+00,2.173468e+01
1223,9.360343e+02,6.157208e+00,2.192071e+01
1224,9.316466e+02,6.060162e+00,2.210661e+01
1225,9.272828e+02,5.947156e+00,2.229226e+01
1226,9.229351e+02,5.818201e+00,2.247760e+01
1227,9.186108e+02,5.673381e+00,2.266250e+01
1228,9.143094e+02,5.513003e+00,2.284697e+01
1229,9.100383e+02,5.337074e+00,2.303088e+01
1230,9.057896e+02,5.145748e+00,2.321417e+01
1231,9.015630e+02,4.939104e+00,2.339671e+01
1232,8.973658e+02,4.717445e+00,2.357852e+01
1233,8.932050e+02,4.480696e+00,2.375932e+01
1234,8.890655e+02,4.229157e+00,2.393919e+01
1235,8.849619e+02,3.962828e+00,2.411800e+01
1236,8.808865e+02,3.681930e+00,2.429569e+01
1237,8.768464e+02,3.386609e+00,2.447206e+01
1238,8.728414e+02,3.077083e+00,2.464720e+01
1239,8.688713e+02,2.753497e+00,2.482090e+01
1240,8.649356e+02,2.416066e+00,2.499310e+01
1241,8.610416e+02,2.065007e+00,2.516382e+01
1242,8.571891e+02,1.700533e+00,2.533292e+01
1243,8.533703e+02,1.322783e+00,2.550027e+01
1244,8.495925e+02,9.318952e-01,2.566589e+01
1245,8.458553e+02,5.282130e-01,2.582957e+01
1246,8.421659e+02,1.118943e-01,2.599139e+01
1247,8.385168e+02,-3.168449e-01,2.615116e+01
1248,8.349150e+02,-7.577974e-01,2.630888e+01
1249,8.313528e+02,-1.210757e+00,2.646435e+01
1250,8.278451e+02,-1.675489e+00,2.661758e+01
1251,8.243765e+02,-2.151731e+00,2.676858e+01
1252,8.209544e+02,-2.639203e+00,2.691716e+01
1253,8.175858e+02,-3.137626e+00,2.706333e+01
1254,8.142630e+02,-3.646738e+00,2.720711e+01
1255,8.109934e+02,-4.166248e+00,2.734836e+01
1256,8.077765e+02,-4.695896e+00,2.748703e+01
1257,8.046122e+02,-5.235411e+00,2.762306e+01
1258,8.015002e+02,-5.784522e+00,2.775653e+01
1259,7.984329e+02,-6.342961e+00,2.788718e+01
1260,7.954322e+02,-6.910457e+00,2.801517e+01
1261,7.924758e+02,-7.486749e+00,2.814028e+01
1262,7.895782e+02,-8.071570e+00,2.826247e+01
1263,7.867392e+02,-8.664657e+00,2.838174e+01
1264,7.839512e+02,-9.265728e+00,2.849811e+01
1265,7.812214e+02,-9.874502e+00,2.861137e+01
1266,7.785421e+02,-1.049066e+01,2.872155e+01
1267,7.759280e+02,-1.111391e+01,2.882864e+01
1268,7.733716e+02,-1.174395e+01,2.893260e+01
1269,7.708725e+02,-1.238047e+01,2.903337e+01
1270,7.684307e+02,-1.302320e+01,2.913096e+01
1271,7.660459e+02,-1.367176e+01,2.922522e+01
1272,7.637254e+02,-1.432598e+01,2.931619e+01
1273,7.614617e+02,-1.498540e+01,2.940379e+01
1274,7.592537e+02,-1.564983e+01,2.948805e+01
1275,7.571087e+02,-1.631888e+01,2.956896e+01
1276,7.550245e+02,-1.699232e+01,2.964641e+01
1277,7.530008e+02,-1.766982e+01,2.972047e+01
1278,7.510374e+02,-1.835098e+01,2.979100e+01
1279,7.491343e+02,-1.903565e+01,2.985795e+01
1280,7.472920e+02,-1.972342e+01,2.992148e+01
1281,7.455104e+02,-2.041406e+01,2.998130e+01
1282,7.437894e+02,-2.110718e+01,3.003756e+01
1283,7.421289e+02,-2.180253e+01,3.009022e+01
1284,7.405287e+02,-2.249972e+01,3.013912e+01
1285,7.389895e+02,-2.319852e+01,3.018435e+01
1286,7.375104e+02,-2.389861e+01,3.022585e+01
1287,7.360920e+02,-2.459967e+01,3.026371e+01
1288,7.347336e+02,-2.530132e+01,3.029777e+01
1289,7.334350e+02,-2.600324e+01,3.032813e+01
1290,7.321976e+02,-2.670519e+01,3.035480e+01
1291,7.310198e+02,-2.740679e+01,3.037771e+01
1292,7.299016e+02,-2.810779e+01,3.039694e+01
1293,7.288429e+02,-2.880773e+01,3.041250e+01
1294,7.278443e+02,-2.950653e+01,3.042425e+01
1295,7.269036e+02,-3.020372e+01,3.043226e+01
1296,7.260222e+02,-3.089906e+01,3.043656e+01
1297,7.251985e+02,-3.159224e+01,3.043706e+01
1298,7.244332e+02,-3.228295e+01,3.043386e+01
1299,7.237249e+02,-3.297094e+01,3.042680e+01
1300,7.230734e+02,-3.365584e+01,3.041604e+01
1301,7.224787e+02,-3.433747e+01,3.040144e+01
1302,7.219401e+02,-3.501539e+01,3.038323e+01
1303,7.214568e+02,-3.568952e+01,3.036126e+01
1304,7.210281e+02,-3.635942e+01,3.033553e+01
1305,7.206555e+02,-3.702494e+01,3.030620e+01
1306,7.203361e+02,-3.768570e+01,3.027320e+01
1307,7.200706e+02,-3.834147e+01,3.023653e+01
1308,7.198582e+02,-3.899204e+01,3.019627e+01
1309,7.196984e+02,-3.963711e+01,3.015234e+01
1310,7.195895e+02,-4.027629e+01,3.010482e+01
1311,7.195325e+02,-4.090951e+01,3.005371e+01
1312,7.195259e+02,-4.153640e+01,2.999902e+01
1313,7.195690e+02,-4.215665e+01,2.994075e+01
1314,7.196611e+02,-4.277019e+01,2.987896e+01
1315,7.198015e+02,-4.337656e+01,2.981375e+01
1316,7.199895e+02,-4.397569e+01,2.974502e+01
1317,7.202245e+02,-4.456735e+01,2.967300e+01
1318,7.205059e+02,-4.515123e+01,2.959756e+01
1319,7.208329e+02,-4.572711e+01,2.951890e+01
1320,7.212041e+02,-4.629482e+01,2.943695e+01
1321,7.216197e+02,-4.685406e+01,2.935178e+01
1322,7.220790e+02,-4.740468e+01,2.926348e+01
1323,7.225799e+02,-4.794644e+01,2.917202e+01
1324,7.231225e+02,-4.847911e+01,2.907750e+01
1325,7.237053e+02,-4.900246e+01,2.897983e+01
1326,7.243279e+02,-4.951633e+01,2.887915e+01
1327,7.249894e+02,-5.002055e+01,2.877547e+01
1328,7.256887e+02,-5.051481e+01,2.866877e+01
1329,7.264243e+02,-5.099896e+01,2.855921e+01
1330,7.271964e+02,-5.147290e+01,2.844678e+01
1331,7.280036e+02,-5.193640e+01,2.833155e+01
1332,7.288438e+02,-5.238929e+01,2.821352e+01
1333,7.297179e+02,-5.283141e+01,2.809275e+01
1334,7.306238e+02,-5.326251e+01,2.796939e+01
1335,7.315602e+02,-5.368243e+01,2.784337e+01
1336,7.325273e+02,-5.409115e+01,2.771481e+01
1337,7.335229e+02,-5.448842e+01,2.758372e+01
1338,7.345472e+02,-5.487415e+01,2.745024e+01
1339,7.355982e+02,-5.524810e+01,2.731428e+01
1340,7.366746e+02,-5.561024e+01,2.717607e+01
1341,7.377765e+02,-5.596040e+01,2.703545e+01
1342,7.389018e+02,-5.629833e+01,2.689271e+01
1343,7.400500e+02,-5.662407e+01,2.674769e+01
1344,7.412190e+02,-5.693738e+01,2.660061e+01
1345,7.424090e+02,-5.723816e+01,2.645139e+01
1346,7.436180e+02,-5.752630e+01,2.630016e+01
1347,7.448453e+02,-5.780170e+01,2.614692e+01
1348,7.460890e+02,-5.806418e+01,2.599174e+01
1349,7.473493e+02,-5.831362e+01,2.583475e+01
1350,7.486240e+02,-5.855015e+01,2.567602e+01
1351,7.499126e+02,-5.877366e+01,2.551554e+01
1352,7.512140e+02,-5.898403e+01,2.535345e+01
1353,7.525290e+02,-5.918132e+01,2.518973e+01
1354,7.538491e+02,-5.936547e+01,2.502467e+01
1355,7.551849e+02,-5.953640e+01,2.485810e+01
1356,7.565291e+02,-5.969412e+01,2.469025e+01
1357,7.578821e+02,-5.983861e+01,2.452116e+01
1358,7.592442e+02,-5.996974e+01,2.435074e+01
1359,7.606080e+02,-6.008763e+01,2.417922e+01
1360,7.619740e+02,-6.019209e+01,2.400664e+01
1361,7.633423e+02,-6.028314e+01,2.383300e+01
1362,7.647207e+02,-6.036082e+01,2.365835e+01
1363,7.660945e+02,-6.042501e+01,2.348282e+01
1364,7.674714e+02,-6.047580e+01,2.330641e+01
1365,7.688518e+02,-6.051323e+01,2.312925e+01
1366,7.702209e+02,-6.053725e+01,2.295140e+01
1367,7.715938e+02,-6.054787e+01,2.277291e+01
1368,7.729636e+02,-6.054513e+01,2.259377e+01
1369,7.743228e+02,-6.052904e+01,2.241419e+01
1370,7.756868e+02,-6.049969e+01,2.223423e+01
1371,7.770334e+02,-6.045711e+01,2.205380e+01
1372,7.783777e+02,-6.040132e+01,2.187318e+01
1373,7.797126e+02,-6.033240e+01,2.169228e+01
1374,7.810383e+02,-6.025045e+01,2.151123e+01
1375,7.823477e+02,-6.015547e+01,2.133010e+01
1376,7.836484e+02,-6.004748e+01,2.114901e+01
1377,7.849407e+02,-5.992664e+01,2.096788e+01
1378,7.862175e+02,-5.979296e+01,2.078692e+01
1379,7.874789e+02,-5.964653e+01,2.060610e+01
1380,7.887177e+02,-5.948727e+01,2.042556e+01
1381,7.899492e+02,-5.931542e+01,2.024522e+01
1382,7.911586e+02,-5.913091e+01,2.006527e+01
1383,7.923463e+02,-5.893381e+01,1.988571e+01
1384,7.935125e+02,-5.872427e+01,1.970659e+01
1385,7.946647e+02,-5.850246e+01,1.952804e+01
1386,7.957960e+02,-5.826858e+01,1.935013e+01
1387,7.968990e+02,-5.802265e+01,1.917291e+01
1388,7.979815e+02,-5.776494e+01,1.899644e+01
1389,7.990362e+02,-5.749555e+01,1.882078e+01
1390,8.000709e+02,-5.721460e+01,1.864607e+01
1391,8.010782e+02,-5.692232e+01,1.847228e+01
1392,8.020586e+02,-5.661870e+01,1.829955e+01
1393,8.030195e+02,-5.630396e+01,1.812787e+01
1394,8.039464e+02,-5.597816e+01,1.795729e+01
1395,8.048396e+02,-5.564151e+01,1.778796e+01
1396,8.057066e+02,-5.529400e+01,1.761977e+01
1397,8.065477e+02,-5.493593e+01,1.745294e+01
1398,8.073483e+02,-5.456727e+01,1.728745e+01
1399,8.081234e+02,-5.418838e+01,1.712336e+01
1400,8.088584e+02,-5.379939e+01,1.696073e+01
1401,8.095684e+02,-5.340051e+01,1.679963e+01
1402,8.102387e+02,-5.299180e+01,1.664010e+01
1403,8.108771e+02,-5.257358e+01,1.648214e+01
1404,8.114837e+02,-5.214598e+01,1.632587e+01
1405,8.120514e+02,-5.170913e+01,1.617135e+01
1406,8.125803e+02,-5.126319e+01,1.601864e+01
1407,8.130709e+02,-5.080846e+01,1.586764e+01
1408,8.135306e+02,-5.034495e+01,1.571857e+01
1409,8.139448e+02,-4.987295e+01,1.557133e+01
1410,8.143288e+02,-4.939262e+01,1.542606e+01
1411,8.146676e+02,-4.890410e+01,1.528274e+01
1412,8.149692e+02,-4.840770e+01,1.514150e+01
1413,8.152261e+02,-4.790347e+01,1.500232e+01
1414,8.154461e+02,-4.739189e+01,1.486528e+01
1415,8.156219e+02,-4.687300e+01,1.473034e+01
1416,8.157612e+02,-4.634712e+01,1.459765e+01
1417,8.158566e+02,-4.581443e+01,1.446719e+01
1418,8.159159e+02,-4.527527e+01,1.433901e+01
1419,8.159318e+02,-4.472967e+01,1.421319e+01
1420,8.159044e+02,-4.417803e+01,1.408970e+01
1421,8.158340e+02,-4.362053e+01,1.396861e+01
1422,8.157206e+02,-4.305727e+01,1.384998e+01
1423,8.155719e+02,-4.248859e+01,1.373371e+01
1424,8.153733e+02,-4.191457e+01,1.362002e+01
1425,8.151322e+02,-4.133556e+01,1.350883e+01
1426,8.148489e+02,-4.075179e+01,1.340018e+01
1427,8.145160e+02,-4.016337e+01,1.329408e+01
1428,8.141411e+02,-3.957055e+01,1.319058e+01
1429,8.137244e+02,-3.897373e+01,1.308967e+01
1430,8.132660e+02,-3.837293e+01,1.299141e+01
1431,8.127585e+02,-3.776854e+01,1.289587e+01
1432,8.122096e+02,-3.716068e+01,1.280303e+01
1433,8.116120e+02,-3.654965e+01,1.271288e+01
1434,8.109731e+02,-3.593563e+01,1.262542e+01
1435,8.102856e+02,-3.531894e+01,1.254078e+01
1436,8.095571e+02,-3.469975e+01,1.245888e+01
1437,8.087803e+02,-3.407838e+01,1.237970e+01
1438,8.079552e+02,-3.345494e+01,1.230339e+01
1439,8.070894e+02,-3.282980e+01,1.222994e+01
1440,8.061829e+02,-3.220307e+01,1.215926e+01
1441,8.052285e+02,-3.157507e+01,1.209142e+01
1442,8.042260e+02,-3.094597e+01,1.202640e+01
1443,8.031758e+02,-3.031600e+01,1.196422e+01
1444,8.020851e+02,-2.968550e+01,1.190492e+01
1445,8.009468e+02,-2.905455e+01,1.184850e+01
1446,7.997607e+02,-2.842340e+01,1.179496e+01
1447,7.985344e+02,-2.779244e+01,1.174428e+01
1448,7.972606e+02,-2.716169e+01,1.169647e+01
1449,7.959392e+02,-2.653161e+01,1.165158e+01
1450,7.945778e+02,-2.590231e+01,1.160954e+01
1451,7.931763e+02,-2.527410e+01,1.157042e+01
1452,7.917274e+02,-2.464720e+01,1.153414e+01
1453,7.902310e+02,-2.402186e+01,1.150076e+01
1454,7.886946e+02,-2.339830e+01,1.147028e+01
1455,7.871181e+02,-2.277667e+01,1.144263e+01
1456,7.855017e+02,-2.215714e+01,1.141788e+01
1457,7.838452e+02,-2.154001e+01,1.139601e+01
1458,7.821412e+02,-2.092544e+01,1.137688e+01
1459,7.803972e+02,-2.031358e+01,1.136063e+01
1460,7.786131e+02,-1.970474e+01,1.134727e+01
1461,7.767888e+02,-1.909900e+01,1.133663e+01
1462,7.749244e+02,-1.849668e+01,1.132880e+01
1463,7.730199e+02,-1.789792e+01,1.132377e+01
1464,7.710751e+02,-1.730288e+01,1.132146e+01
1465,7.690900e+02,-1.671173e+01,1.132195e+01
1466,7.670721e+02,-1.612485e+01,1.132516e+01
1467,7.650138e+02,-1.554224e+01,1.133101e+01
1468,7.629225e+02,-1.496422e+01,1.133967e+01
1469,7.607907e+02,-1.439095e+01,1.135089e+01
1470,7.586185e+02,-1.382251e+01,1.136483e+01
1471,7.564205e+02,-1.325921e+01,1.138135e+01
1472,7.541818e+02,-1.270115e+01,1.140052e+01
1473,7.519024e+02,-1.214855e+01,1.142218e+01
1474,7.495971e+02,-1.160158e+01,1.144650e+01
1475,7.472508e+02,-1.106048e+01,1.147325e+01
1476,7.448785e+02,-1.052527e+01,1.150257e+01
1477,7.424725e+02,-9.996249e+00,1.153433e+01
1478,7.400328e+02,-9.473518e+00,1.156845e+01
1479,7.375668e+02,-8.957226e+00,1.160509e+01
1480,7.350668e+02,-8.447577e+00,1.164401e+01
1481,7.325403e+02,-7.944715e+00,1.168539e+01
1482,7.299797e+02,-7.448795e+00,1.172899e+01
1483,7.273923e+02,-6.959939e+00,1.177489e+01
1484,7.247854e+02,-6.478303e+00,1.182303e+01
1485,7.221441e+02,-6.004027e+00,1.187340e+01
1486,7.194831e+02,-5.537238e+00,1.192587e+01
1487,7.167875e+02,-5.078099e+00,1.198052e+01
1488,7.140719e+02,-4.626732e+00,1.203727e+01
1489,7.113363e+02,-4.183273e+00,1.209605e+01
1490,7.085693e+02,-3.747839e+00,1.215688e+01
1491,7.057821e+02,-3.320548e+00,1.221961e+01
1492,7.029729e+02,-2.901524e+00,1.228431e+01
1493,7.001424e+02,-2.490897e+00,1.235093e+01
1494,6.972904e+02,-2.088782e+00,1.241931e+01
1495,6.944183e+02,-1.695300e+00,1.248955e+01
1496,6.915267e+02,-1.310554e+00,1.256157e+01
1497,6.886169e+02,-9.346148e-01,1.263523e+01
1498,6.856887e+02,-5.675814e-01,1.271062e+01
1499,6.827436e+02,-2.095397e-01,1.278759e+01
1500,6.797820e+02,1.394160e-01,1.286615e+01
1501,6.768047e+02,4.791913e-01,1.294623e+01
1502,6.738135e+02,8.097154e-01,1.302778e+01
1503,6.708076e+02,1.130903e+00,1.311080e+01
1504,6.677882e+02,1.442711e+00,1.319515e+01
1505,6.647566e+02,1.745066e+00,1.328093e+01
1506,6.617126e+02,2.037903e+00,1.336792e+01
1507,6.586568e+02,2.321154e+00,1.345620e+01
1508,6.555903e+02,2.594734e+00,1.354572e+01
1509,6.525137e+02,2.858687e+00,1.363633e+01
1510,6.494275e+02,3.112821e+00,1.372806e+01
1511,6.463323e+02,3.357244e+00,1.382084e+01
1512,6.432308e+02,3.591912e+00,1.391468e+01
1513,6.401221e+02,3.816855e+00,1.400944e+01
1514,6.370081e+02,4.031954e+00,1.410507e+01
1515,6.338901e+02,4.237311e+00,1.420166e+01
1516,6.307679e+02,4.432804e+00,1.429906e+01
1517,6.276428e+02,4.618458e+00,1.439721e+01
1518,6.245159e+02,4.794299e+00,1.449606e+01
1519,6.213872e+02,4.960349e+00,1.459562e+01
1520,6.182578e+02,5.116483e+00,1.469576e+01
1521,6.151283e+02,5.262796e+00,1.479648e+01
1522,6.119992e+02,5.399309e+00,1.489780e+01
1523,6.088710e+02,5.525891e+00,1.499952e+01
1524,6.057449e+02,5.642635e+00,1.510164e+01
1525,6.026215e+02,5.749558e+00,1.520411e+01
1526,5.995021e+02,5.846676e+00,1.530694e+01
1527,5.963865e+02,5.934077e+00,1.541007e+01
1528,5.932758e+02,6.011701e+00,1.551337e+01
1529,5.901714e+02,6.079709e+00,1.561684e+01
1530,5.870731e+02,6.137963e+00,1.572044e+01
1531,5.839820e+02,6.186549e+00,1.582409e+01
1532,5.808981e+02,6.225550e+00,1.592782e+01
1533,5.778232e+02,6.254973e+00,1.603142e+01
1534,5.747573e+02,6.274900e+00,1.613497e+01
1535,5.717008e+02,6.285336e+00,1.623841e+01
1536,5.686550e+02,6.286288e+00,1.634162e+01
1537,5.656190e+02,6.277832e+00,1.644452e+01
1538,5.625954e+02,6.260045e+00,1.654721e+01
1539,5.595842e+02,6.233004e+00,1.664949e+01
1540,5.565858e+02,6.196858e+00,1.675143e+01
1541,5.536008e+02,6.151531e+00,1.685291e+01
1542,5.506312e+02,6.097246e+00,1.695393e+01
1543,5.476761e+02,6.033999e+00,1.705437e+01
1544,5.447375e+02,5.961936e+00,1.715431e+01
1545,5.418144e+02,5.881125e+00,1.725355e+01
1546,5.389089e+02,5.791637e+00,1.735209e+01
1547,5.360216e+02,5.693538e+00,1.744996e+01
1548,5.331515e+02,5.586969e+00,1.754708e+01
1549,5.303006e+02,5.471997e+00,1.764333e+01
1550,5.274689e+02,5.348685e+00,1.773873e+01
1551,5.246567e+02,5.217171e+00,1.783320e+01
1552,5.218647e+02,5.077510e+00,1.792669e+01
1553,5.190941e+02,4.929906e+00,1.801922e+01
1554,5.163440e+02,4.774338e+00,1.811073e+01
1555,5.136157e+02,4.611006e+00,1.820109e+01
1556,5.109097e+02,4.439961e+00,1.829038e+01
1557,5.082265e+02,4.261404e+00,1.837855e+01
1558,5.055667e+02,4.075382e+00,1.846547e+01
1559,5.029309e+02,3.882095e+00,1.855121e+01
1560,5.003188e+02,3.681515e+00,1.863566e+01
1561,4.977310e+02,3.473987e+00,1.871883e+01
1562,4.951688e+02,3.259482e+00,1.880065e+01
1563,4.926312e+02,3.038195e+00,1.888115e+01
1564,4.901204e+02,2.810245e+00,1.896026e+01
1565,4.876353e+02,2.575824e+00,1.903792e+01
1566,4.851774e+02,2.334976e+00,1.911407e+01
1567,4.827456e+02,2.087891e+00,1.918880e+01
1568,4.803414e+02,1.834611e+00,1.926198e+01
1569,4.779652e+02,1.575401e+00,1.933354e+01
1570,4.756161e+02,1.310374e+00,1.940358e+01
1571,4.732963e+02,1.039600e+00,1.947188e+01
1572,4.710041e+02,7.632449e-01,1.953861e+01
1573,4.687408e+02,4.814730e-01,1.960362e+01
1574,4.665071e+02,1.944633e-01,1.966687e+01
1575,4.643026e+02,-9.762817e-02,1.972843e+01
1576,4.621274e+02,-3.946161e-01,1.978825e+01
1577,4.599828e+02,-6.963531e-01,1.984625e+01
1578,4.578686e+02,-1.002647e+00,1.990254e+01
1579,4.557854e+02,-1.313353e+00,1.995697e+01
1580,4.537324e+02,-1.628308e+00,2.000954e+01
1581,4.517108e+02,-1.947361e+00,2.006029e+01
1582,4.497207e+02,-2.270358e+00,2.010921e+01
1583,4.477618e+02,-2.597156e+00,2.015616e+01
1584,4.458341e+02,-2.927594e+00,2.020124e+01
1585,4.439375e+02,-3.261522e+00,2.024430e+01
1586,4.420732e+02,-3.598804e+00,2.028543e+01
1587,4.402405e+02,-3.939260e+00,2.032457e+01
1588,4.384393e+02,-4.282728e+00,2.036164e+01
1589,4.366702e+02,-4.629049e+00,2.039674e+01
1590,4.349331e+02,-4.978057e+00,2.042980e+01
1591,4.332280e+02,-5.329590e+00,2.046082e+01
1592,4.315554e+02,-5.683474e+00,2.048974e+01
1593,4.299146e+02,-6.039560e+00,2.051657e+01
1594,4.283062e+02,-6.397671e+00,2.054132e+01
1595,4.267302e+02,-6.757643e+00,2.056392e+01
1596,4.251857e+02,-7.119305e+00,2.058446e+01
1597,4.236742e+02,-7.482496e+00,2.060286e+01
1598,4.221948e+02,-7.847043e+00,2.061913e+01
1599,4.207468e+02,-8.212778e+00,2.063329e+01
1600,4.193323e+02,-8.579537e+00,2.064525e+01
1601,4.179491e+02,-8.947168e+00,2.065511e+01
1602,4.165979e+02,-9.315524e+00,2.066279e+01
1603,4.152785e+02,-9.684453e+00,2.066823e+01
1604,4.139911e+02,-1.005381e+01,2.067157e+01
1605,4.127356e+02,-1.042349e+01,2.067269e+01
1606,4.115112e+02,-1.079329e+01,2.067164e+01
1607,4.103187e+02,-1.116302e+01,2.066838e+01
1608,4.091572e+02,-1.153268e+01,2.066289e+01
1609,4.080269e+02,-1.190194e+01,2.065519e+01
1610,4.069276e+02,-1.227078e+01,2.064535e+01
1611,4.058595e+02,-1.263890e+01,2.063345e+01
1612,4.048224e+02,-1.300626e+01,2.061934e+01
1613,4.038157e+02,-1.337264e+01,2.060311e+01
1614,4.028394e+02,-1.373785e+01,2.058482e+01
1615,4.018934e+02,-1.410182e+01,2.056449e+01
1616,4.009779e+02,-1.446444e+01,2.054203e+01
1617,4.000920e+02,-1.482547e+01,2.051745e+01
1618,3.992359e+02,-1.518482e+01,2.049084e+01
1619,3.984088e+02,-1.554239e+01,2.046210e+01
1620,3.976107e+02,-1.589794e+01,2.043140e+01
1621,3.968417e+02,-1.625153e+01,2.039850e+01
1622,3.961010e+02,-1.660282e+01,2.036365e+01
1623,3.953888e+02,-1.695182e+01,2.032675e+01
1624,3.947043e+02,-1.729826e+01,2.028781e+01
1625,3.940475e+02,-1.764212e+01,2.024691e+01
1626,3.934186e+02,-1.798324e+01,2.020411e+01
1627,3.928160e+02,-1.832144e+01,2.015928e+01
1628,3.922407e+02,-1.865655e+01,2.011254e+01
1629,3.916918e+02,-1.898862e+01,2.006392e+01
1630,3.911688e+02,-1.931733e+01,2.001332e+01
1631,3.906717e+02,-1.964273e+01,1.996089e+01
1632,3.901998e+02,-1.996456e+01,1.990657e+01
1633,3.897525e+02,-2.028280e+01,1.985041e+01
1634,3.893305e+02,-2.059729e+01,1.979242e+01
1635,3.889325e+02,-2.090798e+01,1.973253e+01
1636,3.885578e+02,-2.121462e+01,1.967087e+01
1637,3.882072e+02,-2.151728e+01,1.960751e+01
1638,3.878793e+02,-2.181568e+01,1.954231e+01
1639,3.875743e+02,-2.210980e+01,1.947541e+01
1640,3.872914e+02,-2.239962e+01,1.940689e+01
1641,3.870300e+02,-2.268487e+01,1.933672e+01
1642,3.867902e+02,-2.296553e+01,1.926492e+01
1643,3.865713e+02,-2.324155e+01,1.919154e+01
1644,3.863735e+02,-2.351277e+01,1.911667e+01
1645,3.861954e+02,-2.377907e+01,1.904022e+01
1646,3.860370e+02,-2.404049e+01,1.896218e+01
1647,3.858977e+02,-2.429685e+01,1.888278e+01
1648,3.857769e+02,-2.454803e+01,1.880185e+01
1649,3.856747e+02,-2.479401e+01,1.871947e+01
1650,3.855898e+02,-2.503466e+01,1.863562e+01
1651,3.855221e+02,-2.526995e+01,1.855046e+01
1652,3.854720e+02,-2.549984e+01,1.846398e+01
1653,3.854372e+02,-2.572422e+01,1.837615e+01
1654,3.854194e+02,-2.594299e+01,1.828699e+01
1655,3.854166e+02,-2.615617e+01,1.819661e+01
1656,3.854282e+02,-2.636374e+01,1.810503e+01
1657,3.854551e+02,-2.656549e+01,1.801229e+01
1658,3.854959e+02,-2.676147e+01,1.791831e+01
1659,3.855507e+02,-2.695163e+01,1.782325e+01
1660,3.856184e+02,-2.713593e+01,1.772715e+01
1661,3.856990e+02,-2.731433e+01,1.762993e+01
1662,3.857912e+02,-2.748671e+01,1.753174e+01
1663,3.858959e+02,-2.765317e+01,1.743255e+01
1664,3.860118e+02,-2.781360e+01,1.733245e+01
1665,3.861383e+02,-2.796786e+01,1.723140e+01
1666,3.862748e+02,-2.811608e+01,1.712941e+01
1667,3.864216e+02,-2.825818e+01,1.702669e+01
1668,3.865780e+02,-2.839406e+01,1.692307e+01
1669,3.867427e+02,-2.852374e+01,1.681862e+01
1670,3.869159e+02,-2.864716e+01,1.671348e+01
1671,3.870970e+02,-2.876434e+01,1.660755e+01
1672,3.872854e+02,-2.887524e+01,1.650098e+01
1673,3.874806e+02,-2.897994e+01,1.639376e+01
1674,3.876827e+02,-2.907833e+01,1.628594e+01
1675,3.878905e+02,-2.917048e+01,1.617760e+01
1676,3.881041e+02,-2.925643e+01,1.606878e+01
1677,3.883228e+02,-2.933610e+01,1.595957e+01
1678,3.885470e+02,-2.940952e+01,1.584986e+01
1679,3.887745e+02,-2.947671e+01,1.573979e+01
1680,3.890055e+02,-2.953759e+01,1.562943e+01
1681,3.892409e+02,-2.959226e+01,1.551869e+01
1682,3.894780e+02,-2.964073e+01,1.540771e+01
1683,3.897176e+02,-2.968286e+01,1.529648e+01
1684,3.899592e+02,-2.971881e+01,1.518497e+01
1685,3.902021e+02,-2.974852e+01,1.507333e+01
1686,3.904459e+02,-2.977199e+01,1.496155e+01
1687,3.906899e+02,-2.978938e+01,1.484962e+01
1688,3.909344e+02,-2.980062e+01,1.473766e+01
1689,3.911786e+02,-2.980571e+01,1.462559e+01
1690,3.914214e+02,-2.980475e+01,1.451363e+01
1691,3.916629e+02,-2.979772e+01,1.440169e+01
1692,3.919033e+02,-2.978463e+01,1.428982e+01
1693,3.921404e+02,-2.976563e+01,1.417802e+01
1694,3.923759e+02,-2.974058e+01,1.406643e+01
1695,3.926071e+02,-2.970962e+01,1.395502e+01
1696,3.928356e+02,-2.967275e+01,1.384372e+01
1697,3.930600e+02,-2.963005e+01,1.373273e+01
1698,3.932790e+02,-2.958143e+01,1.362196e+01
1699,3.934935e+02,-2.952713e+01,1.351149e+01
1700,3.937029e+02,-2.946705e+01,1.340145e+01
1701,3.939067e+02,-2.940134e+01,1.329166e+01
1702,3.941042e+02,-2.932999e+01,1.318236e+01
1703,3.942957e+02,-2.925321e+01,1.307358e+01
1704,3.944805e+02,-2.917100e+01,1.296518e+01
1705,3.946589e+02,-2.908340e+01,1.285743e+01
1706,3.948295e+02,-2.899055e+01,1.275018e+01
1707,3.949925e+02,-2.889237e+01,1.264347e+01
1708,3.951472e+02,-2.878906e+01,1.253745e+01
1709,3.952947e+02,-2.868061e+01,1.243203e+01
1710,3.954329e+02,-2.856706e+01,1.232734e+01
1711,3.955626e+02,-2.844855e+01,1.222330e+01
1712,3.956825e+02,-2.832515e+01,1.211996e+01
1713,3.957927e+02,-2.819689e+01,1.201739e+01
1714,3.958935e+02,-2.806376e+01,1.191557e+01
1715,3.959842e+02,-2.792603e+01,1.181457e+01
1716,3.960649e+02,-2.778370e+01,1.171444e+01
1717,3.961344e+02,-2.763679e+01,1.161518e+01
1718,3.961927e+02,-2.748553e+01,1.151676e+01
1719,3.962408e+02,-2.732980e+01,1.141926e+01
1720,3.962766e+02,-2.716988e+01,1.132266e+01
1721,3.963015e+02,-2.700575e+01,1.122709e+01
1722,3.963145e+02,-2.683753e+01,1.113247e+01
1723,3.963147e+02,-2.666541e+01,1.103894e+01
1724,3.963038e+02,-2.648929e+01,1.094640e+01
1725,3.962797e+02,-2.630945e+01,1.085493e+01
1726,3.962425e+02,-2.612586e+01,1.076451e+01
1727,3.961931e+02,-2.593863e+01,1.067528e+01
1728,3.961301e+02,-2.574789e+01,1.058708e+01
1729,3.960536e+02,-2.555376e+01,1.050011e+01
1730,3.959637e+02,-2.535620e+01,1.041430e+01
1731,3.958599e+02,-2.515540e+01,1.032964e+01
1732,3.957421e+02,-2.495142e+01,1.024618e+01
1733,3.956097e+02,-2.474437e+01,1.016400e+01
1734,3.954630e+02,-2.453429e+01,1.008300e+01
1735,3.953011e+02,-2.432137e+01,1.000326e+01
1736,3.951256e+02,-2.410572e+01,9.924830e+00
1737,3.949353e+02,-2.388740e+01,9.847710e+00
1738,3.947301e+02,-2.366666e+01,9.771888e+00
1739,3.945102e+02,-2.344347e+01,9.697429e+00
1740,3.942755e+02,-2.321802e+01,9.624324e+00
1741,3.940263e+02,-2.299035e+01,9.552566e+00
1742,3.937619e+02,-2.276073e+01,9.482219e+00
1743,3.934822e+02,-2.252903e+01,9.413201e+00
1744,3.931867e+02,-2.229546e+01,9.345653e+00
1745,3.928768e+02,-2.206011e+01,9.279492e+00
1746,3.925505e+02,-2.182312e+01,9.214786e+00
1747,3.922085e+02,-2.158444e+01,9.151453e+00
1748,3.918517e+02,-2.134441e+01,9.089634e+00
1749,3.914777e+02,-2.110291e+01,9.029247e+00
1750,3.910891e+02,-2.086021e+01,8.970287e+00
1751,3.906842e+02,-2.061635e+01,8.912821e+00
1752,3.902639e+02,-2.037150e+01,8.856843e+00
1753,3.898282e+02,-2.012569e+01,8.802346e+00
1754,3.893765e+02,-1.987903e+01,8.749324e+00
1755,3.889087e+02,-1.963169e+01,8.697846e+00
1756,3.884256e+02,-1.938364e+01,8.647832e+00
1757,3.879266e+02,-1.913511e+01,8.599350e+00
1758,3.874115e+02,-1.888615e+01,8.552322e+00
1759,3.868806e+02,-1.863685e+01,8.506860e+00
1760,3.863344e+02,-1.838725e+01,8.462895e+00
1761,3.857723e+02,-1.813751e+01,8.420435e+00
1762,3.851944e+02,-1.788768e+01,8.379492e+00
1763,3.846012e+02,-1.763799e+01,8.340062e+00
1764,3.839922e+02,-1.738842e+01,8.302142e+00
1765,3.833689e+02,-1.713906e+01,8.265741e+00
1766,3.827303e+02,-1.689016e+01,8.230858e+00
1767,3.820767e+02,-1.664168e+01,8.197482e+00
1768,3.814086e+02,-1.639380e+01,8.165625e+00
1769,3.807262e+02,-1.614654e+01,8.135276e+00
1770,3.800293e+02,-1.590009e+01,8.106435e+00
1771,3.793180e+02,-1.565456e+01,8.079098e+00
1772,3.785923e+02,-1.540989e+01,8.053249e+00
1773,3.778528e+02,-1.516628e+01,8.028886e+00
1774,3.770989e+02,-1.492381e+01,8.006009e+00
1775,3.763320e+02,-1.468253e+01,7.984608e+00
1776,3.755505e+02,-1.444262e+01,7.964683e+00
1777,3.747559e+02,-1.420403e+01,7.946218e+00
1778,3.739482e+02,-1.396694e+01,7.929206e+00
1779,3.731266e+02,-1.373139e+01,7.913638e+00
1780,3.722926e+02,-1.349757e+01,7.899508e+00
1781,3.714454e+02,-1.326542e+01,7.886800e+00
1782,3.705856e+02,-1.303520e+01,7.875516e+00
1783,3.697133e+02,-1.280681e+01,7.865642e+00
1784,3.688290e+02,-1.258042e+01,7.857155e+00
1785,3.679321e+02,-1.235614e+01,7.850057e+00
1786,3.670240e+02,-1.213394e+01,7.844328e+00
1787,3.661046e+02,-1.191408e+01,7.839954e+00
1788,3.651730e+02,-1.169643e+01,7.836929e+00
1789,3.642308e+02,-1.148127e+01,7.835234e+00
1790,3.632779e+02,-1.126848e+01,7.834855e+00
1791,3.623134e+02,-1.105825e+01,7.835787e+00
1792,3.613388e+02,-1.085061e+01,7.837997e+00
1793,3.603540e+02,-1.064568e+01,7.841480e+00
1794,3.593582e+02,-1.044350e+01,7.846208e+00
1795,3.583527e+02,-1.024411e+01,7.852186e+00
1796,3.573369e+02,-1.004754e+01,7.859380e+00
1797,3.563121e+02,-9.854000e+00,7.867777e+00
1798,3.552774e+02,-9.663517e+00,7.877354e+00
1799,3.542344e+02,-9.475989e+00,7.888106e+00
1800,3.531821e+02,-9.291681e+00,7.899999e+00
1801,3.521219e+02,-9.110555e+00,7.913025e+00
1802,3.510538e+02,-8.932681e+00,7.927167e+00
1803,3.499776e+02,-8.758131e+00,7.942401e+00
1804,3.488940e+02,-8.586944e+00,7.958712e+00
1805,3.478036e+02,-8.419157e+00,7.976076e+00
1806,3.467062e+02,-8.254819e+00,7.994479e+00
1807,3.456019e+02,-8.093967e+00,8.013898e+00
1808,3.444911e+02,-7.936644e+00,8.034310e+00
1809,3.433738e+02,-7.782904e+00,8.055700e+00
1810,3.422506e+02,-7.632784e+00,8.078046e+00
1811,3.411213e+02,-7.486315e+00,8.101326e+00
1812,3.399867e+02,-7.343522e+00,8.125511e+00
1813,3.388465e+02,-7.204445e+00,8.150594e+00
1814,3.377014e+02,-7.069118e+00,8.176546e+00
1815,3.365521e+02,-6.937567e+00,8.203345e+00
1816,3.353983e+02,-6.809821e+00,8.230969e+00
1817,3.342407e+02,-6.685921e+00,8.259399e+00
1818,3.330792e+02,-6.565881e+00,8.288611e+00
1819,3.319145e+02,-6.449726e+00,8.318579e+00
1820,3.307463e+02,-6.337476e+00,8.349281e+00
1821,3.295753e+02,-6.229155e+00,8.380659e+00
1822,3.284021e+02,-6.124782e+00,8.412781e+00
1823,3.272258e+02,-6.024387e+00,8.445560e+00
1824,3.260472e+02,-5.927991e+00,8.478931e+00
1825,3.248674e+02,-5.835589e+00,8.512904e+00
1826,3.236857e+02,-5.747202e+00,8.547561e+00
1827,3.225026e+02,-5.662821e+00,8.582689e+00
1828,3.213189e+02,-5.582452e+00,8.618373e+00
1829,3.201350e+02,-5.506110e+00,8.654621e+00
1830,3.189502e+02,-5.433803e+00,8.691370e+00
1831,3.177665e+02,-5.365526e+00,8.728554e+00
1832,3.165830e+02,-5.301281e+00,8.766183e+00
1833,3.154005e+02,-5.241071e+00,8.804193e+00
1834,3.142187e+02,-5.184884e+00,8.842668e+00
1835,3.130383e+02,-5.132725e+00,8.881470e+00
1836,3.118598e+02,-5.084586e+00,8.920608e+00
1837,3.106825e+02,-5.040471e+00,8.960092e+00
1838,3.095077e+02,-5.000372e+00,8.999858e+00
1839,3.083345e+02,-4.964284e+00,9.039916e+00
1840,3.071643e+02,-4.932183e+00,9.080202e+00
1841,3.059969e+02,-4.904057e+00,9.120726e+00
1842,3.048322e+02,-4.879886e+00,9.161349e+00
1843,3.036717e+02,-4.859659e+00,9.202231e+00
1844,3.025144e+02,-4.843364e+00,9.243233e+00
1845,3.013609e+02,-4.830976e+00,9.284290e+00
1846,3.002119e+02,-4.822487e+00,9.325487e+00
1847,2.990680e+02,-4.817871e+00,9.366760e+00
1848,2.979276e+02,-4.817099e+00,9.408045e+00
1849,2.967928e+02,-4.820157e+00,9.449352e+00
1850,2.956627e+02,-4.827015e+00,9.490616e+00
1851,2.945380e+02,-4.837668e+00,9.531848e+00
1852,2.934193e+02,-4.852084e+00,9.572986e+00
1853,2.923056e+02,-4.870232e+00,9.614115e+00
1854,2.911984e+02,-4.892075e+00,9.655025e+00
1855,2.900975e+02,-4.917561e+00,9.695876e+00
1856,2.890035e+02,-4.946670e+00,9.736532e+00
1857,2.879156e+02,-4.979358e+00,9.777077e+00
1858,2.868351e+02,-5.015582e+00,9.817377e+00
1859,2.857610e+02,-5.055310e+00,9.857441e+00
1860,2.846956e+02,-5.098500e+00,9.897282e+00
1861,2.836365e+02,-5.145104e+00,9.936912e+00
1862,2.825858e+02,-5.195076e+00,9.976192e+00
1863,2.815433e+02,-5.248384e+00,1.001521e+01
1864,2.805089e+02,-5.304981e+00,1.005398e+01
1865,2.794825e+02,-5.364824e+00,1.009228e+01
1866,2.784640e+02,-5.427866e+00,1.013028e+01
1867,2.774548e+02,-5.494065e+00,1.016791e+01
1868,2.764547e+02,-5.563354e+00,1.020511e+01
1869,2.754629e+02,-5.635690e+00,1.024189e+01
1870,2.744808e+02,-5.711017e+00,1.027826e+01
1871,2.735082e+02,-5.789277e+00,1.031417e+01
1872,2.725442e+02,-5.870422e+00,1.034960e+01
1873,2.715904e+02,-5.954397e+00,1.038459e+01
1874,2.706458e+02,-6.041145e+00,1.041899e+01
1875,2.697118e+02,-6.130598e+00,1.045288e+01
1876,2.687875e+02,-6.222701e+00,1.048621e+01
1877,2.678737e+02,-6.317393e+00,1.051905e+01
1878,2.669702e+02,-6.414615e+00,1.055126e+01
1879,2.660769e+02,-6.514304e+00,1.058287e+01
1880,2.651938e+02,-6.616403e+00,1.061394e+01
1881,2.643222e+02,-6.720850e+00,1.064427e+01
1882,2.634613e+02,-6.827581e+00,1.067401e+01
1883,2.626110e+02,-6.936529e+00,1.070310e+01
1884,2.617713e+02,-7.047643e+00,1.073155e+01
1885,2.609427e+02,-7.160866e+00,1.075922e+01
1886,2.601261e+02,-7.276118e+00,1.078619e+01
1887,2.593197e+02,-7.393356e+00,1.081247e+01
1888,2.585251e+02,-7.512495e+00,1.083799e+01
1889,2.577414e+02,-7.633463e+00,1.086276e+01
1890,2.569692e+02,-7.756189e+00,1.088680e+01
1891,2.562087e+02,-7.880603e+00,1.091003e+01
1892,2.554603e+02,-8.006619e+00,1.093246e+01
1893,2.547233e+02,-8.134175e+00,1.095410e+01
1894,2.539977e+02,-8.263200e+00,1.097496e+01
1895,2.532841e+02,-8.393612e+00,1.099504e+01
1896,2.525825e+02,-8.525347e+00,1.101428e+01
1897,2.518928e+02,-8.658344e+00,1.103268e+01
1898,2.512151e+02,-8.792534e+00,1.105018e+01
1899,2.505492e+02,-8.927848e+00,1.106686e+01
1900,2.498958e+02,-9.064211e+00,1.108264e+01
1901,2.492535e+02,-9.201563e+00,1.109754e+01
1902,2.486236e+02,-9.339833e+00,1.111149e+01
1903,2.480055e+02,-9.478930e+00,1.112463e+01
1904,2.473998e+02,-9.618890e+00,1.113677e+01
1905,2.468057e+02,-9.759488e+00,1.114804e+01
1906,2.462239e+02,-9.900760e+00,1.115838e+01
1907,2.456538e+02,-1.004267e+01,1.116781e+01
1908,2.450952e+02,-1.018502e+01,1.117631e+01
1909,2.445497e+02,-1.032785e+01,1.118390e+01
1910,2.440157e+02,-1.047114e+01,1.119051e+01
1911,2.434933e+02,-1.061467e+01,1.119614e+01
1912,2.429831e+02,-1.075843e+01,1.120087e+01
1913,2.424843e+02,-1.090244e+01,1.120464e+01
1914,2.419971e+02,-1.104652e+01,1.120744e+01
1915,2.415221e+02,-1.119070e+01,1.120928e+01
1916,2.410586e+02,-1.133487e+01,1.121009e+01
1917,2.406065e+02,-1.147892e+01,1.121002e+01
1918,2.401659e+02,-1.162288e+01,1.120893e+01
1919,2.397376e+02,-1.176657e+01,1.120697e+01
1920,2.393200e+02,-1.191002e+01,1.120399e+01
1921,2.389138e+02,-1.205311e+01,1.120007e+01
1922,2.385192e+02,-1.219582e+01,1.119514e+01
1923,2.381352e+02,-1.233802e+01,1.118934e+01
1924,2.377636e+02,-1.247967e+01,1.118262e+01
1925,2.374020e+02,-1.262074e+01,1.117489e+01
1926,2.370512e+02,-1.276119e+01,1.116623e+01
1927,2.367119e+02,-1.290082e+01,1.115664e+01
1928,2.363827e+02,-1.303975e+01,1.114613e+01
1929,2.360644e+02,-1.317779e+01,1.113462e+01
1930,2.357569e+02,-1.331489e+01,1.112218e+01
1931,2.354596e+02,-1.345102e+01,1.110883e+01
1932,2.351717e+02,-1.358613e+01,1.109462e+01
1933,2.348948e+02,-1.372019e+01,1.107942e+01
1934,2.346273e+02,-1.385307e+01,1.106330e+01
1935,2.343701e+02,-1.398474e+01,1.104626e+01
1936,2.341225e+02,-1.411515e+01,1.102830e+01
1937,2.338845e+02,-1.424419e+01,1.100949e+01
1938,2.336560e+02,-1.437189e+01,1.098976e+01
1939,2.334366e+02,-1.449813e+01,1.096919e+01
1940,2.332260e+02,-1.462294e+01,1.094768e+01
1941,2.330245e+02,-1.474620e+01,1.092533e+01
1942,2.328320e+02,-1.486780e+01,1.090213e+01
1943,2.326487e+02,-1.498783e+01,1.087808e+01
1944,2.324730e+02,-1.510611e+01,1.085318e+01
1945,2.323057e+02,-1.522266e+01,1.082742e+01
1946,2.321469e+02,-1.533737e+01,1.080080e+01
1947,2.319960e+02,-1.545026e+01,1.077340e+01
1948,2.318529e+02,-1.556121e+01,1.074513e+01
1949,2.317170e+02,-1.567018e+01,1.071608e+01
1950,2.315883e+02,-1.577719e+01,1.068617e+01
1951,2.314677e+02,-1.588211e+01,1.065545e+01
1952,2.313538e+02,-1.598491e+01,1.062394e+01
1953,2.312465e+02,-1.608561e+01,1.059171e+01
1954,2.311460e+02,-1.618417e+01,1.055874e+01
1955,2.310525e+02,-1.628046e+01,1.052496e+01
1956,2.309651e+02,-1.637459e+01,1.049044e+01
1957,2.308841e+02,-1.646651e+01,1.045524e+01
1958,2.308095e+02,-1.655602e+01,1.041937e+01
1959,2.307406e+02,-1.664330e+01,1.038282e+01
1960,2.306775e+02,-1.672816e+01,1.034551e+01
1961,2.306204e+02,-1.681068e+01,1.030758e+01
1962,2.305679e+02,-1.689075e+01,1.026903e+01
1963,2.305215e+02,-1.696838e+01,1.022978e+01
1964,2.304798e+02,-1.704354e+01,1.018989e+01
1965,2.304421e+02,-1.711616e+01,1.014936e+01
1966,2.304102e+02,-1.718627e+01,1.010826e+01
1967,2.303825e+02,-1.725382e+01,1.006651e+01
1968,2.303585e+02,-1.731882e+01,1.002425e+01
1969,2.303397e+02,-1.738122e+01,9.981319e+00
1970,2.303240e+02,-1.744105e+01,9.937946e+00
1971,2.303122e+02,-1.749818e+01,9.894044e+00
1972,2.303045e+02,-1.755276e+01,9.849607e+00
1973,2.302994e+02,-1.760460e+01,9.804629e+00
1974,2.302978e+02,-1.765371e+01,9.759176e+00
1975,2.302998e+02,-1.770019e+01,9.713243e+00
1976,2.303041e+02,-1.774391e+01,9.666896e+00
1977,2.303106e+02,-1.778487e+01,9.620054e+00
1978,2.303196e+02,-1.782309e+01,9.572710e+00
1979,2.303303e+02,-1.785852e+01,9.525079e+00
1980,2.303437e+02,-1.789117e+01,9.476933e+00
1981,2.303583e+02,-1.792105e+01,9.428485e+00
1982,2.303750e+02,-1.794817e+01,9.379655e+00
1983,2.303932e+02,-1.797255e+01,9.330435e+00
1984,2.304121e+02,-1.799413e+01,9.280966e+00
1985,2.304327e+02,-1.801291e+01,9.231167e+00
1986,2.304536e+02,-1.802890e+01,9.181029e+00
1987,2.304755e+02,-1.804212e+01,9.130694e+00
1988,2.304979e+02,-1.805258e+01,9.080079e+00
1989,2.305202e+02,-1.806020e+01,9.029251e+00
1990,2.305430e+02,-1.806508e+01,8.978129e+00
1991,2.305659e+02,-1.806714e+01,8.926852e+00
1992,2.305882e+02,-1.806639e+01,8.875338e+00
1993,2.306092e+02,-1.806292e+01,8.823655e+00
1994,2.306305e+02,-1.805657e+01,8.771868e+00
1995,2.306500e+02,-1.804750e+01,8.719896e+00
1996,2.306692e+02,-1.803565e+01,8.667729e+00
1997,2.306868e+02,-1.802101e+01,8.615510e+00
1998,2.307021e+02,-1.800367e+01,8.563229e+00
1999,2.307166e+02,-1.798354e+01,8.510805e+00
2000,2.307284e+02,-1.796072e+01,8.458303e+00
2001,2.307388e+02,-1.793512e+01,8.405791e+00
2002,2.307466e+02,-1.790690e+01,8.353258e+00
2003,2.307519e+02,-1.787597e+01,8.300696e+00
2004,2.307547e+02,-1.784233e+01,8.248094e+00
2005,2.307552e+02,-1.780607e+01,8.195592e+00
2006,2.307527e+02,-1.776716e+01,8.143031e+00
2007,2.307466e+02,-1.772569e+01,8.090552e+00
2008,2.307378e+02,-1.768157e+01,8.038144e+00
2009,2.307255e+02,-1.763487e+01,7.985798e+00
2010,2.307099e+02,-1.758560e+01,7.933578e+00
2011,2.306904e+02,-1.753373e+01,7.881403e+00
2012,2.306670e+02,-1.747934e+01,7.829335e+00
2013,2.306391e+02,-1.742242e+01,7.777367e+00
2014,2.306076e+02,-1.736304e+01,7.725563e+00
2015,2.305717e+02,-1.730119e+01,7.673913e+00
2016,2.305309e+02,-1.723694e+01,7.622484e+00
2017,2.304867e+02,-1.717034e+01,7.571192e+00
2018,2.304371e+02,-1.710140e+01,7.520102e+00
2019,2.303834e+02,-1.703017e+01,7.469280e+00
2020,2.303245e+02,-1.695671e+01,7.418641e+00
2021,2.302610e+02,-1.688095e+01,7.368327e+00
2022,2.301932e+02,-1.680302e+01,7.318209e+00
2023,2.301195e+02,-1.672298e+01,7.268405e+00
2024,2.300409e+02,-1.664074e+01,7.218892e+00
2025,2.299574e+02,-1.655636e+01,7.169676e+00
2026,2.298676e+02,-1.646999e+01,7.120778e+00
2027,2.297723e+02,-1.638152e+01,7.072204e+00
2028,2.296717e+02,-1.629103e+01,7.023969e+00
2029,2.295650e+02,-1.619857e+01,6.976080e+00
2030,2.294524e+02,-1.610420e+01,6.928558e+00
2031,2.293346e+02,-1.600790e+01,6.881417e+00
2032,2.292102e+02,-1.590982e+01,6.834656e+00
2033,2.290794e+02,-1.580992e+01,6.788306e+00
2034,2.289429e+02,-1.570826e+01,6.742373e+00
2035,2.288000e+02,-1.560484e+01,6.696872e+00
2036,2.286509e+02,-1.549979e+01,6.651803e+00
2037,2.284949e+02,-1.539300e+01,6.607174e+00
2038,2.283327e+02,-1.528468e+01,6.563006e+00
2039,2.281637e+02,-1.517475e+01,6.519300e+00
2040,2.279880e+02,-1.506333e+01,6.476072e+00
2041,2.278048e+02,-1.495041e+01,6.433322e+00
2042,2.276150e+02,-1.483603e+01,6.391064e+00
2043,2.274187e+02,-1.472025e+01,6.349316e+00
2044,2.272151e+02,-1.460314e+01,6.308085e+00
2045,2.270050e+02,-1.448473e+01,6.267380e+00
2046,2.267878e+02,-1.436502e+01,6.227209e+00
2047,2.265627e+02,-1.424420e+01,6.187581e+00
2048,2.263314e+02,-1.412225e+01,6.148520e+00
2049,2.260930e+02,-1.399923e+01,6.110020e+00
2050,2.258476e+02,-1.387511e+01,6.072096e+00
2051,2.255946e+02,-1.375003e+01,6.034745e+00
2052,2.253347e+02,-1.362395e+01,5.997973e+00
2053,2.250672e+02,-1.349693e+01,5.961799e+00
2054,2.247922e+02,-1.336908e+01,5.926215e+00
2055,2.245096e+02,-1.324031e+01,5.891232e+00
2056,2.242203e+02,-1.311081e+01,5.856851e+00
2057,2.239228e+02,-1.298047e+01,5.823089e+00
2058,2.236186e+02,-1.284951e+01,5.789941e+00
2059,2.233062e+02,-1.271788e+01,5.757409e+00
2060,2.229872e+02,-1.258556e+01,5.725511e+00
2061,2.226601e+02,-1.245274e+01,5.694242e+00
2062,2.223264e+02,-1.231933e+01,5.663613e+00
2063,2.219846e+02,-1.218552e+01,5.633618e+00
2064,2.216355e+02,-1.205128e+01,5.604275e+00
2065,2.212798e+02,-1.191658e+01,5.575574e+00
2066,2.209161e+02,-1.178163e+01,5.547525e+00
2067,2.205451e+02,-1.164631e+01,5.520132e+00
2068,2.201676e+02,-1.151082e+01,5.493391e+00
2069,2.197821e+02,-1.137506e+01,5.467305e+00
2070,2.193900e+02,-1.123915e+01,5.441887e+00
2071,2.189907e+02,-1.110314e+01,5.417126e+00
2072,2.185834e+02,-1.096708e+01,5.393026e+00
2073,2.181696e+02,-1.083100e+01,5.369584e+00
2074,2.177484e+02,-1.069489e+01,5.346812e+00
2075,2.173208e+02,-1.055886e+01,5.324709e+00
2076,2.168851e+02,-1.042289e+01,5.303263e+00
2077,2.164429e+02,-1.028710e+01,5.282488e+00
2078,2.159934e+02,-1.015154e+01,5.262373e+00
2079,2.155373e+02,-1.001617e+01,5.242933e+00
2080,2.150746e+02,-9.881120e+00,5.224149e+00
2081,2.146053e+02,-9.746365e+00,5.206036e+00
2082,2.141295e+02,-9.612025e+00,5.188592e+00
2083,2.136470e+02,-9.478147e+00,5.171808e+00
2084,2.131578e+02,-9.344706e+00,5.155698e+00
2085,2.126635e+02,-9.211823e+00,5.140238e+00
2086,2.121617e+02,-9.079473e+00,5.125443e+00
2087,2.116540e+02,-8.947704e+00,5.111304e+00
2088,2.111410e+02,-8.816563e+00,5.097813e+00
2089,2.106213e+02,-8.686101e+00,5.084977e+00
2090,2.100956e+02,-8.556366e+00,5.072789e+00
2091,2.095637e+02,-8.427333e+00,5.061249e+00
2092,2.090258e+02,-8.299125e+00,5.050348e+00
2093,2.084825e+02,-8.171793e+00,5.040080e+00
2094,2.079339e+02,-8.045238e+00,5.030445e+00
2095,2.073790e+02,-7.919658e+00,5.021443e+00
2096,2.068194e+02,-7.795030e+00,5.013060e+00
2097,2.062543e+02,-7.671359e+00,5.005298e+00
2098,2.056836e+02,-7.548727e+00,4.998156e+00
2099,2.051081e+02,-7.427155e+00,4.991613e+00
2100,2.045270e+02,-7.306672e+00,4.985679e+00
2101,2.039410e+02,-7.187315e+00,4.980346e+00
2102,2.033501e+02,-7.069119e+00,4.975595e+00
2103,2.027541e+02,-6.952110e+00,4.971436e+00
2104,2.021531e+02,-6.836332e+00,4.967862e+00
2105,2.015477e+02,-6.721804e+00,4.964863e+00
2106,2.009371e+02,-6.608547e+00,4.962426e+00
2107,2.003227e+02,-6.496606e+00,4.960561e+00
2108,1.997031e+02,-6.386000e+00,4.959249e+00
2109,1.990803e+02,-6.276768e+00,4.958485e+00
2110,1.984529e+02,-6.168923e+00,4.958265e+00
2111,1.978222e+02,-6.062504e+00,4.958585e+00
2112,1.971875e+02,-5.957540e+00,4.959433e+00
2113,1.965494e+02,-5.854033e+00,4.960806e+00
2114,1.959071e+02,-5.752029e+00,4.962693e+00
2115,1.952620e+02,-5.651530e+00,4.965081e+00
2116,1.946134e+02,-5.552568e+00,4.967968e+00
2117,1.939619e+02,-5.455160e+00,4.971351e+00
2118,1.933066e+02,-5.359339e+00,4.975210e+00
2119,1.926491e+02,-5.265116e+00,4.979543e+00
2120,1.919877e+02,-5.172504e+00,4.984338e+00
2121,1.913247e+02,-5.081527e+00,4.989594e+00
2122,1.906584e+02,-4.992200e+00,4.995292e+00
2123,1.899895e+02,-4.904541e+00,5.001436e+00
2124,1.893194e+02,-4.818573e+00,5.008002e+00
2125,1.886459e+02,-4.734307e+00,5.014987e+00
2126,1.879711e+02,-4.651759e+00,5.022388e+00
2127,1.872941e+02,-4.570950e+00,5.030188e+00
2128,1.866156e+02,-4.491888e+00,5.038377e+00
2129,1.859356e+02,-4.414581e+00,5.046945e+00
2130,1.852533e+02,-4.339060e+00,5.055883e+00
2131,1.845699e+02,-4.265333e+00,5.065180e+00
2132,1.838849e+02,-4.193419e+00,5.074834e+00
2133,1.831986e+02,-4.123310e+00,5.084822e+00
2134,1.825112e+02,-4.055026e+00,5.095148e+00
2135,1.818233e+02,-3.988578e+00,5.105789e+00
2136,1.811348e+02,-3.923961e+00,5.116735e+00
2137,1.804448e+02,-3.861187e+00,5.127984e+00
2138,1.797548e+02,-3.800262e+00,5.139527e+00
2139,1.790647e+02,-3.741197e+00,5.151339e+00
2140,1.783744e+02,-3.683999e+00,5.163428e+00
2141,1.776839e+02,-3.628667e+00,5.175768e+00
2142,1.769937e+02,-3.575198e+00,5.188358e+00
2143,1.763032e+02,-3.523610e+00,5.201174e+00
2144,1.756136e+02,-3.473895e+00,5.214222e+00
2145,1.749242e+02,-3.426066e+00,5.227479e+00
2146,1.742349e+02,-3.380125e+00,5.240928e+00
2147,1.735463e+02,-3.336071e+00,5.254575e+00
2148,1.728585e+02,-3.293903e+00,5.268396e+00
2149,1.721719e+02,-3.253619e+00,5.282383e+00
2150,1.714859e+02,-3.215219e+00,5.296526e+00
2151,1.708011e+02,-3.178703e+00,5.310810e+00
2152,1.701174e+02,-3.144071e+00,5.325228e+00
2153,1.694355e+02,-3.111323e+00,5.339763e+00
2154,1.687544e+02,-3.080454e+00,5.354408e+00
2155,1.680758e+02,-3.051456e+00,5.369164e+00
2156,1.673979e+02,-3.024321e+00,5.384001e+00
2157,1.667221e+02,-2.999045e+00,5.398925e+00
2158,1.660485e+02,-2.975619e+00,5.413923e+00
2159,1.653761e+02,-2.954039e+00,5.428986e+00
2160,1.647063e+02,-2.934299e+00,5.444091e+00
2161,1.640385e+02,-2.916389e+00,5.459240e+00
2162,1.633731e+02,-2.900297e+00,5.474424e+00
2163,1.627101e+02,-2.886015e+00,5.489628e+00
2164,1.620495e+02,-2.873533e+00,5.504838e+00
2165,1.613912e+02,-2.862841e+00,5.520045e+00
2166,1.607358e+02,-2.853932e+00,5.535242e+00
2167,1.600832e+02,-2.846793e+00,5.550414e+00
2168,1.594335e+02,-2.841408e+00,5.565561e+00
2169,1.587865e+02,-2.837753e+00,5.580660e+00
2170,1.581428e+02,-2.835808e+00,5.595717e+00
2171,1.575018e+02,-2.835555e+00,5.610712e+00
2172,1.568647e+02,-2.836971e+00,5.625650e+00
2173,1.562308e+02,-2.840039e+00,5.640508e+00
2174,1.556007e+02,-2.844739e+00,5.655287e+00
2175,1.549744e+02,-2.851052e+00,5.669971e+00
2176,1.543519e+02,-2.858960e+00,5.684552e+00
2177,1.537330e+02,-2.868445e+00,5.699028e+00
2178,1.531177e+02,-2.879489e+00,5.713379e+00
2179,1.525066e+02,-2.892077e+00,5.727601e+00
2180,1.518998e+02,-2.906189e+00,5.741680e+00
2181,1.512963e+02,-2.921809e+00,5.755608e+00
2182,1.506977e+02,-2.938912e+00,5.769376e+00
2183,1.501030e+02,-2.957473e+00,5.782984e+00
2184,1.495131e+02,-2.977468e+00,5.796414e+00
2185,1.489271e+02,-2.998873e+00,5.809660e+00
2186,1.483456e+02,-3.021661e+00,5.822718e+00
2187,1.477694e+02,-3.045811e+00,5.835574e+00
2188,1.471970e+02,-3.071299e+00,5.848227e+00
2189,1.466297e+02,-3.098100e+00,5.860659e+00
2190,1.460675e+02,-3.126189e+00,5.872876e+00
2191,1.455096e+02,-3.155544e+00,5.884848e+00
2192,1.449567e+02,-3.186141e+00,5.896588e+00
2193,1.444088e+02,-3.217956e+00,5.908071e+00
2194,1.438650e+02,-3.250967e+00,5.919296e+00
2195,1.433268e+02,-3.285149e+00,5.930254e+00
2196,1.427942e+02,-3.320472e+00,5.940934e+00
2197,1.422663e+02,-3.356908e+00,5.951336e+00
2198,1.417432e+02,-3.394417e+00,5.961448e+00
2199,1.412254e+02,-3.432980e+00,5.971270e+00
2200,1.407130e+02,-3.472560e+00,5.980791e+00
2201,1.402059e+02,-3.513135e+00,5.990008e+00
2202,1.397042e+02,-3.554663e+00,5.998913e+00
2203,1.392076e+02,-3.597133e+00,6.007504e+00
2204,1.387170e+02,-3.640513e+00,6.015769e+00
2205,1.382316e+02,-3.684776e+00,6.023708e+00
2206,1.377513e+02,-3.729913e+00,6.031318e+00
2207,1.372768e+02,-3.775890e+00,6.038581e+00
2208,1.368074e+02,-3.822682e+00,6.045495e+00
2209,1.363438e+02,-3.870265e+00,6.052057e+00
2210,1.358859e+02,-3.918613e+00,6.058265e+00
2211,1.354329e+02,-3.967694e+00,6.064115e+00
2212,1.349857e+02,-4.017484e+00,6.069604e+00
2213,1.345441e+02,-4.067943e+00,6.074714e+00
2214,1.341081e+02,-4.119054e+00,6.079465e+00
2215,1.336769e+02,-4.170785e+00,6.083837e+00
2216,1.332521e+02,-4.223098e+00,6.087828e+00
2217,1.328329e+02,-4.275974e+00,6.091442e+00
2218,1.324192e+02,-4.329376e+00,6.094673e+00
2219,1.320103e+02,-4.383278e+00,6.097520e+00
2220,1.316076e+02,-4.437657e+00,6.099985e+00
2221,1.312104e+02,-4.492481e+00,6.102056e+00
2222,1.308188e+02,-4.547711e+00,6.103737e+00
2223,1.304333e+02,-4.603331e+00,6.105032e+00
2224,1.300525e+02,-4.659300e+00,6.105927e+00
2225,1.296780e+02,-4.715603e+00,6.106419e+00
2226,1.293081e+02,-4.772201e+00,6.106517e+00
2227,1.289444e+02,-4.829069e+00,6.106203e+00
2228,1.285862e+02,-4.886183e+00,6.105486e+00
2229,1.282326e+02,-4.943504e+00,6.104360e+00
2230,1.278853e+02,-5.001008e+00,6.102821e+00
2231,1.275434e+02,-5.058663e+00,6.100872e+00
2232,1.272069e+02,-5.116444e+00,6.098513e+00
2233,1.268751e+02,-5.174319e+00,6.095739e+00
2234,1.265495e+02,-5.232257e+00,6.092568e+00
2235,1.262286e+02,-5.290226e+00,6.088985e+00
2236,1.259139e+02,-5.348192e+00,6.085008e+00
2237,1.256040e+02,-5.406140e+00,6.080622e+00
2238,1.252995e+02,-5.464028e+00,6.075845e+00
2239,1.249998e+02,-5.521833e+00,6.070654e+00
2240,1.247064e+02,-5.579536e+00,6.065074e+00
2241,1.244169e+02,-5.637097e+00,6.059082e+00
2242,1.241330e+02,-5.694498e+00,6.052688e+00
2243,1.238547e+02,-5.751699e+00,6.045898e+00
2244,1.235812e+02,-5.808688e+00,6.038700e+00
2245,1.233125e+02,-5.865427e+00,6.031093e+00
2246,1.230487e+02,-5.921902e+00,6.023093e+00
2247,1.227897e+02,-5.978073e+00,6.014700e+00
2248,1.225357e+02,-6.033915e+00,6.005907e+00
2249,1.222866e+02,-6.089415e+00,5.996721e+00
2250,1.220424e+02,-6.144531e+00,5.987142e+00
2251,1.218032e+02,-6.199246e+00,5.977177e+00
2252,1.215682e+02,-6.253534e+00,5.966818e+00
2253,1.213376e+02,-6.307370e+00,5.956071e+00
2254,1.211120e+02,-6.360744e+00,5.944944e+00
2255,1.208900e+02,-6.413625e+00,5.933420e+00
2256,1.206731e+02,-6.466002e+00,5.921512e+00
2257,1.204607e+02,-6.517841e+00,5.909220e+00
2258,1.202528e+02,-6.569132e+00,5.896543e+00
2259,1.200486e+02,-6.619849e+00,5.883485e+00
2260,1.198489e+02,-6.669974e+00,5.870053e+00
2261,1.196538e+02,-6.719487e+00,5.856246e+00
2262,1.194626e+02,-6.768377e+00,5.842083e+00
2263,1.192746e+02,-6.816617e+00,5.827570e+00
2264,1.190913e+02,-6.864187e+00,5.812698e+00
2265,1.189119e+02,-6.911067e+00,5.797487e+00
2266,1.187366e+02,-6.957282e+00,5.781928e+00
2267,1.185647e+02,-7.002722e+00,5.766039e+00
2268,1.183961e+02,-7.047440e+00,5.749813e+00
2269,1.182316e+02,-7.091379e+00,5.733260e+00
2270,1.180707e+02,-7.134628e+00,5.716387e+00
2271,1.179132e+02,-7.177054e+00,5.699182e+00
2272,1.177594e+02,-7.218672e+00,5.681658e+00
2273,1.176091e+02,-7.259498e+00,5.663827e+00
2274,1.174617e+02,-7.299471e+00,5.645679e+00
2275,1.173172e+02,-7.338606e+00,5.627241e+00
2276,1.171765e+02,-7.376917e+00,5.608509e+00
2277,1.170382e+02,-7.414343e+00,5.589480e+00
2278,1.169029e+02,-7.450898e+00,5.570182e+00
2279,1.167707e+02,-7.486594e+00,5.550603e+00
2280,1.166417e+02,-7.521370e+00,5.530754e+00
2281,1.165153e+02,-7.555163e+00,5.510633e+00
2282,1.163913e+02,-7.588060e+00,5.490258e+00
2283,1.162693e+02,-7.620073e+00,5.469626e+00
2284,1.161506e+02,-7.651064e+00,5.448741e+00
2285,1.160339e+02,-7.681119e+00,5.427606e+00
2286,1.159199e+02,-7.710173e+00,5.406232e+00
2287,1.158080e+02,-7.738311e+00,5.384631e+00
2288,1.156983e+02,-7.765395e+00,5.362791e+00
2289,1.155906e+02,-7.791508e+00,5.340747e+00
2290,1.154853e+02,-7.816585e+00,5.318485e+00
2291,1.153814e+02,-7.840708e+00,5.296025e+00
2292,1.152799e+02,-7.863813e+00,5.273370e+00
2293,1.151800e+02,-7.885833e+00,5.250538e+00
2294,1.150818e+02,-7.906924e+00,5.227526e+00
2295,1.149854e+02,-7.926871e+00,5.204335e+00
2296,1.148900e+02,-7.945828e+00,5.180986e+00
2297,1.147965e+02,-7.963729e+00,5.157472e+00
2298,1.147041e+02,-7.980654e+00,5.133806e+00
2299,1.146138e+02,-7.996461e+00,5.109989e+00
2300,1.145239e+02,-8.011154e+00,5.086033e+00
2301,1.144354e+02,-8.024887e+00,5.061933e+00
2302,1.143483e+02,-8.037443e+00,5.037714e+00
2303,1.142612e+02,-8.049048e+00,5.013363e+00
2304,1.141764e+02,-8.059483e+00,4.988896e+00
2305,1.140917e+02,-8.068900e+00,4.964324e+00
2306,1.140078e+02,-8.077228e+00,4.939641e+00
2307,1.139250e+02,-8.084470e+00,4.914864e+00
2308,1.138425e+02,-8.090628e+00,4.889996e+00
2309,1.137603e+02,-8.095704e+00,4.865037e+00
2310,1.136793e+02,-8.099775e+00,4.840006e+00
2311,1.135988e+02,-8.102766e+00,4.814896e+00
2312,1.135181e+02,-8.104607e+00,4.789724e+00
2313,1.134379e+02,-8.105444e+00,4.764486e+00
2314,1.133585e+02,-8.105280e+00,4.739205e+00
2315,1.132791e+02,-8.103965e+00,4.713869e+00
2316,1.131997e+02,-8.101648e+00,4.688494e+00
2317,1.131204e+02,-8.098255e+00,4.663090e+00
2318,1.130412e+02,-8.093783e+00,4.637652e+00
2319,1.129616e+02,-8.088308e+00,4.612188e+00
2320,1.128822e+02,-8.081826e+00,4.586709e+00
2321,1.128024e+02,-8.074263e+00,4.561217e+00
2322,1.127222e+02,-8.065690e+00,4.535727e+00
2323,1.126425e+02,-8.056105e+00,4.510236e+00
2324,1.125618e+02,-8.045506e+00,4.484760e+00
2325,1.124810e+02,-8.033964e+00,4.459302e+00
2326,1.123992e+02,-8.021401e+00,4.433877e+00
2327,1.123173e+02,-8.007815e+00,4.408481e+00
2328,1.122347e+02,-7.993349e+00,4.383139e+00
2329,1.121521e+02,-7.977926e+00,4.357837e+00
2330,1.120680e+02,-7.961541e+00,4.332601e+00
2331,1.119833e+02,-7.944265e+00,4.307418e+00
2332,1.118981e+02,-7.926017e+00,4.282304e+00
2333,1.118123e+02,-7.906868e+00,4.257256e+00
2334,1.117252e+02,-7.886811e+00,4.232289e+00
2335,1.116370e+02,-7.865842e+00,4.207408e+00
2336,1.115476e+02,-7.844029e+00,4.182605e+00
2337,1.114578e+02,-7.821365e+00,4.157908e+00
2338,1.113663e+02,-7.797771e+00,4.133302e+00
2339,1.112737e+02,-7.773387e+00,4.108806e+00
2340,1.111802e+02,-7.748208e+00,4.084430e+00
2341,1.110850e+02,-7.722151e+00,4.060168e+00
2342,1.109888e+02,-7.695284e+00,4.036032e+00
2343,1.108911e+02,-7.667674e+00,4.012031e+00
2344,1.107918e+02,-7.639312e+00,3.988161e+00
2345,1.106910e+02,-7.610117e+00,3.964439e+00
2346,1.105894e+02,-7.580229e+00,3.940854e+00
2347,1.104857e+02,-7.549565e+00,3.917424e+00
2348,1.103805e+02,-7.518191e+00,3.894144e+00
2349,1.102731e+02,-7.486098e+00,3.871025e+00
2350,1.101645e+02,-7.453351e+00,3.848077e+00
2351,1.100545e+02,-7.419866e+00,3.825296e+00
2352,1.099425e+02,-7.385780e+00,3.802686e+00
2353,1.098284e+02,-7.351007e+00,3.780263e+00
2354,1.097125e+02,-7.315684e+00,3.758024e+00
2355,1.095953e+02,-7.279649e+00,3.735971e+00
2356,1.094755e+02,-7.243038e+00,3.714122e+00
2357,1.093545e+02,-7.205912e+00,3.692466e+00
2358,1.092310e+02,-7.168185e+00,3.671021e+00
2359,1.091064e+02,-7.129918e+00,3.649775e+00
2360,1.089793e+02,-7.091023e+00,3.628739e+00
2361,1.088504e+02,-7.051710e+00,3.607909e+00
2362,1.087190e+02,-7.011816e+00,3.587303e+00
2363,1.085859e+02,-6.971476e+00,3.566911e+00
2364,1.084504e+02,-6.930603e+00,3.546735e+00
2365,1.083133e+02,-6.889331e+00,3.526788e+00
2366,1.081745e+02,-6.847572e+00,3.507072e+00
2367,1.080326e+02,-6.805386e+00,3.487578e+00
2368,1.078891e+02,-6.762759e+00,3.468323e+00
2369,1.077440e+02,-6.719826e+00,3.449305e+00
2370,1.075959e+02,-6.676422e+00,3.430527e+00
2371,1.074463e+02,-6.632684e+00,3.411994e+00
2372,1.072944e+02,-6.588595e+00,3.393704e+00
2373,1.071410e+02,-6.544217e+00,3.375659e+00
2374,1.069846e+02,-6.499534e+00,3.357873e+00
2375,1.068267e+02,-6.454532e+00,3.340328e+00
2376,1.066666e+02,-6.409270e+00,3.323043e+00
2377,1.065036e+02,-6.363735e+00,3.306015e+00
2378,1.063392e+02,-6.317955e+00,3.289243e+00
2379,1.061726e+02,-6.271962e+00,3.272730e+00
2380,1.060045e+02,-6.225769e+00,3.256482e+00
2381,1.058336e+02,-6.179386e+00,3.240490e+00
2382,1.056605e+02,-6.132826e+00,3.224765e+00
2383,1.054852e+02,-6.086112e+00,3.209307e+00
2384,1.053078e+02,-6.039253e+00,3.194119e+00
2385,1.051291e+02,-5.992271e+00,3.179194e+00
2386,1.049474e+02,-5.945181e+00,3.164536e+00
2387,1.047636e+02,-5.898013e+00,3.150151e+00
2388,1.045784e+02,-5.850783e+00,3.136038e+00
2389,1.043911e+02,-5.803507e+00,3.122202e+00
2390,1.042009e+02,-5.756199e+00,3.108635e+00
2391,1.040093e+02,-5.708890e+00,3.095342e+00
2392,1.038164e+02,-5.661596e+00,3.082330e+00
2393,1.036205e+02,-5.614326e+00,3.069590e+00
2394,1.034232e+02,-5.567094e+00,3.057128e+00
2395,1.032237e+02,-5.519925e+00,3.044943e+00
2396,1.030229e+02,-5.472834e+00,3.033027e+00
2397,1.028198e+02,-5.425831e+00,3.021395e+00
2398,1.026146e+02,-5.378938e+00,3.010036e+00
2399,1.024079e+02,-5.332166e+00,2.998952e+00
2400,1.021990e+02,-5.285537e+00,2.988142e+00
2401,1.019879e+02,-5.239068e+00,2.977604e+00
2402,1.017760e+02,-5.192766e+00,2.967339e+00
2403,1.015612e+02,-5.146662e+00,2.957346e+00
2404,1.013455e+02,-5.100755e+00,2.947626e+00
2405,1.011276e+02,-5.055068e+00,2.938186e+00
2406,1.009081e+02,-5.009608e+00,2.929011e+00
2407,1.006869e+02,-4.964399e+00,2.920109e+00
2408,1.004635e+02,-4.919440e+00,2.911473e+00
2409,1.002391e+02,-4.874748e+00,2.903102e+00
2410,1.000123e+02,-4.830346e+00,2.895006e+00
2411,9.978457e+01,-4.786234e+00,2.887169e+00
2412,9.955438e+01,-4.742429e+00,2.879593e+00
2413,9.932319e+01,-4.698947e+00,2.872284e+00
2414,9.909023e+01,-4.655797e+00,2.865230e+00
2415,9.885549e+01,-4.612995e+00,2.858439e+00
2416,9.861966e+01,-4.570550e+00,2.851903e+00
2417,9.838199e+01,-4.528480e+00,2.845624e+00
2418,9.814318e+01,-4.486800e+00,2.839596e+00
2419,9.790247e+01,-4.445515e+00,2.833827e+00
2420,9.766132e+01,-4.404639e+00,2.828296e+00
2421,9.741820e+01,-4.364178e+00,2.823019e+00
2422,9.717384e+01,-4.324154e+00,2.817982e+00
2423,9.692893e+01,-4.284564e+00,2.813188e+00
2424,9.668198e+01,-4.245427e+00,2.808629e+00
2425,9.643443e+01,-4.206752e+00,2.804316e+00
2426,9.618552e+01,-4.168542e+00,2.800227e+00
2427,9.593520e+01,-4.130810e+00,2.796371e+00
2428,9.568419e+01,-4.093567e+00,2.792743e+00
2429,9.543246e+01,-4.056824e+00,2.789345e+00
2430,9.517924e+01,-4.020577e+00,2.786163e+00
2431,9.492523e+01,-3.984854e+00,2.783200e+00
2432,9.467040e+01,-3.949652e+00,2.780457e+00
2433,9.441472e+01,-3.914983e+00,2.777922e+00
2434,9.415890e+01,-3.880853e+00,2.775596e+00
2435,9.390142e+01,-3.847266e+00,2.773483e+00
2436,9.364374e+01,-3.814236e+00,2.771568e+00
2437,9.338507e+01,-3.781768e+00,2.769848e+00
2438,9.312612e+01,-3.749862e+00,2.768332e+00
2439,9.286613e+01,-3.718531e+00,2.767000e+00
2440,9.260579e+01,-3.687781e+00,2.765861e+00
2441,9.234507e+01,-3.657619e+00,2.764905e+00
2442,9.208394e+01,-3.628045e+00,2.764132e+00
2443,9.182162e+01,-3.599067e+00,2.763530e+00
2444,9.155957e+01,-3.570691e+00,2.763103e+00
2445,9.129774e+01,-3.542926e+00,2.762854e+00
2446,9.103461e+01,-3.515764e+00,2.762761e+00
2447,9.077239e+01,-3.489230e+00,2.762836e+00
2448,9.050954e+01,-3.463309e+00,2.763067e+00
2449,9.024603e+01,-3.438018e+00,2.763449e+00
2450,8.998332e+01,-3.413351e+00,2.763985e+00
2451,8.971987e+01,-3.389317e+00,2.764662e+00
2452,8.945714e+01,-3.365912e+00,2.765478e+00
2453,8.919359e+01,-3.343152e+00,2.766435e+00
2454,8.893066e+01,-3.321041e+00,2.767530e+00
2455,8.866758e+01,-3.299567e+00,2.768752e+00
2456,8.840504e+01,-3.278740e+00,2.770096e+00
2457,8.814300e+01,-3.258558e+00,2.771567e+00
2458,8.788067e+01,-3.239030e+00,2.773154e+00
2459,8.761800e+01,-3.220155e+00,2.774859e+00
2460,8.735645e+01,-3.201929e+00,2.776673e+00
2461,8.709523e+01,-3.184357e+00,2.778598e+00
2462,8.683354e+01,-3.167443e+00,2.780625e+00
2463,8.657358e+01,-3.151180e+00,2.782748e+00
2464,8.631307e+01,-3.135571e+00,2.784973e+00
2465,8.605346e+01,-3.120616e+00,2.787287e+00
2466,8.579396e+01,-3.106314e+00,2.789688e+00
2467,8.553527e+01,-3.092662e+00,2.792171e+00
2468,8.527736e+01,-3.079661e+00,2.794742e+00
2469,8.502017e+01,-3.067310e+00,2.797380e+00
2470,8.476293e+01,-3.055609e+00,2.800098e+00
2471,8.450708e+01,-3.044550e+00,2.802877e+00
2472,8.425183e+01,-3.034133e+00,2.805721e+00
2473,8.399714e+01,-3.024360e+00,2.808627e+00
2474,8.374298e+01,-3.015222e+00,2.811583e+00
2475,8.349005e+01,-3.006730e+00,2.814593e+00
2476,8.323756e+01,-2.998867e+00,2.817653e+00
2477,8.298622e+01,-2.991630e+00,2.820753e+00
2478,8.273599e+01,-2.985019e+00,2.823889e+00
2479,8.248683e+01,-2.979021e+00,2.827065e+00
2480,8.223796e+01,-2.973646e+00,2.830269e+00
2481,8.199083e+01,-2.968866e+00,2.833506e+00
2482,8.174466e+01,-2.964698e+00,2.836764e+00
2483,8.149942e+01,-2.961130e+00,2.840046e+00
2484,8.125506e+01,-2.958150e+00,2.843343e+00
2485,8.101230e+01,-2.955761e+00,2.846650e+00
2486,8.077110e+01,-2.953951e+00,2.849971e+00
2487,8.053068e+01,-2.952716e+00,2.853286e+00
2488,8.029176e+01,-2.952059e+00,2.856608e+00
2489,8.005355e+01,-2.951961e+00,2.859925e+00
2490,7.981678e+01,-2.952420e+00,2.863226e+00
2491,7.958214e+01,-2.953430e+00,2.866520e+00
2492,7.934813e+01,-2.954983e+00,2.869799e+00
2493,7.911546e+01,-2.957074e+00,2.873056e+00
2494,7.888446e+01,-2.959685e+00,2.876296e+00
2495,7.865482e+01,-2.962814e+00,2.879500e+00
2496,7.842673e+01,-2.966457e+00,2.882679e+00
2497,7.820008e+01,-2.970598e+00,2.885820e+00
2498,7.797500e+01,-2.975234e+00,2.888928e+00
2499,7.775139e+01,-2.980355e+00,2.891984e+00
2500,7.752937e+01,-2.985951e+00,2.894998e+00
2501,7.730892e+01,-2.992014e+00,2.897958e+00
2502,7.709008e+01,-2.998534e+00,2.900861e+00
2503,7.687283e+01,-3.005513e+00,2.903703e+00
2504,7.665722e+01,-3.012936e+00,2.906488e+00
2505,7.644329e+01,-3.020786e+00,2.909210e+00
2506,7.623096e+01,-3.029073e+00,2.911860e+00
2507,7.602041e+01,-3.037767e+00,2.914441e+00
2508,7.581156e+01,-3.046876e+00,2.916955e+00
2509,7.560438e+01,-3.056385e+00,2.919392e+00
2510,7.539900e+01,-3.066281e+00,2.921746e+00
2511,7.519540e+01,-3.076564e+00,2.924030e+00
2512,7.499363e+01,-3.087214e+00,2.926224e+00
2513,7.479352e+01,-3.098231e+00,2.928330e+00
2514,7.459529e+01,-3.109602e+00,2.930353e+00
2515,7.439891e+01,-3.121313e+00,2.932287e+00
2516,7.420429e+01,-3.133359e+00,2.934122e+00
2517,7.401149e+01,-3.145734e+00,2.935859e+00
2518,7.382049e+01,-3.158425e+00,2.937502e+00
2519,7.363136e+01,-3.171419e+00,2.939047e+00
2520,7.344407e+01,-3.184711e+00,2.940480e+00
2521,7.325862e+01,-3.198287e+00,2.941814e+00
2522,7.307506e+01,-3.212144e+00,2.943042e+00
2523,7.289330e+01,-3.226260e+00,2.944167e+00
2524,7.271342e+01,-3.240631e+00,2.945178e+00
2525,7.253547e+01,-3.255244e+00,2.946076e+00
2526,7.235936e+01,-3.270088e+00,2.946857e+00
2527,7.218509e+01,-3.285158e+00,2.947531e+00
2528,7.201279e+01,-3.300442e+00,2.948085e+00
2529,7.184232e+01,-3.315920e+00,2.948522e+00
2530,7.167372e+01,-3.331595e+00,2.948844e+00
2531,7.150700e+01,-3.347448e+00,2.949045e+00
2532,7.134215e+01,-3.363468e+00,2.949120e+00
2533,7.117915e+01,-3.379650e+00,2.949072e+00
2534,7.101809e+01,-3.395974e+00,2.948902e+00
2535,7.085880e+01,-3.412445e+00,2.948597e+00
2536,7.070135e+01,-3.429035e+00,2.948167e+00
2537,7.054582e+01,-3.445748e+00,2.947606e+00
2538,7.039205e+01,-3.462565e+00,2.946908e+00
2539,7.024011e+01,-3.479482e+00,2.946083e+00
2540,7.009000e+01,-3.496480e+00,2.945117e+00
2541,6.994172e+01,-3.513554e+00,2.944027e+00
2542,6.979519e+01,-3.530692e+00,2.942791e+00
2543,6.965057e+01,-3.547884e+00,2.941434e+00
2544,6.950769e+01,-3.565117e+00,2.939934e+00
2545,6.936657e+01,-3.582380e+00,2.938308e+00
2546,6.922728e+01,-3.599661e+00,2.936541e+00
2547,6.908974e+01,-3.616955e+00,2.934643e+00
2548,6.895389e+01,-3.634250e+00,2.932607e+00
2549,6.881980e+01,-3.651527e+00,2.930433e+00
2550,6.868740e+01,-3.668782e+00,2.928123e+00
2551,6.855670e+01,-3.686009e+00,2.925671e+00
2552,6.842770e+01,-3.703183e+00,2.923076e+00
2553,6.830035e+01,-3.720315e+00,2.920339e+00
2554,6.817464e+01,-3.737380e+00,2.917462e+00
2555,6.805060e+01,-3.754373e+00,2.914436e+00
2556,6.792807e+01,-3.771291e+00,2.911278e+00
2557,6.780731e+01,-3.788124e+00,2.907972e+00
2558,6.768802e+01,-3.804850e+00,2.904527e+00
2559,6.757036e+01,-3.821483e+00,2.900942e+00
2560,6.745434e+01,-3.837994e+00,2.897210e+00
2561,6.733977e+01,-3.854380e+00,2.893339e+00
2562,6.722680e+01,-3.870643e+00,2.889322e+00
2563,6.711530e+01,-3.886757e+00,2.885165e+00
2564,6.700528e+01,-3.902723e+00,2.880862e+00
2565,6.689670e+01,-3.918531e+00,2.876411e+00
2566,6.678955e+01,-3.934166e+00,2.871821e+00
2567,6.668387e+01,-3.949625e+00,2.867083e+00
2568,6.657960e+01,-3.964901e+00,2.862212e+00
2569,6.647675e+01,-3.979989e+00,2.857193e+00
2570,6.637520e+01,-3.994876e+00,2.852041e+00
2571,6.627511e+01,-4.009556e+00,2.846754e+00
2572,6.617628e+01,-4.024023e+00,2.841325e+00
2573,6.607881e+01,-4.038264e+00,2.835768e+00
2574,6.598272e+01,-4.052280e+00,2.830082e+00
2575,6.588781e+01,-4.066058e+00,2.824260e+00
2576,6.579424e+01,-4.079590e+00,2.818315e+00
2577,6.570182e+01,-4.092871e+00,2.812232e+00
2578,6.561064e+01,-4.105885e+00,2.806024e+00
2579,6.552066e+01,-4.118635e+00,2.799692e+00
2580,6.543182e+01,-4.131113e+00,2.793234e+00
2581,6.534407e+01,-4.143304e+00,2.786649e+00
2582,6.525743e+01,-4.155209e+00,2.779944e+00
2583,6.517193e+01,-4.166813e+00,2.773117e+00
2584,6.508745e+01,-4.178124e+00,2.766176e+00
2585,6.500400e+01,-4.189127e+00,2.759111e+00
2586,6.492154e+01,-4.199821e+00,2.751936e+00
2587,6.484003e+01,-4.210184e+00,2.744650e+00
2588,6.475955e+01,-4.220231e+00,2.737244e+00
2589,6.467999e+01,-4.229946e+00,2.729733e+00
2590,6.460123e+01,-4.239329e+00,2.722114e+00
2591,6.452342e+01,-4.248364e+00,2.714394e+00
2592,6.444639e+01,-4.257058e+00,2.706565e+00
2593,6.437016e+01,-4.265394e+00,2.698624e+00
2594,6.429474e+01,-4.273372e+00,2.690592e+00
2595,6.422002e+01,-4.280992e+00,2.682454e+00
2596,6.414602e+01,-4.288243e+00,2.674222e+00
2597,6.407270e+01,-4.295132e+00,2.665895e+00
2598,6.400000e+01,-4.301650e+00,2.657480e+00
2599,6.392795e+01,-4.307795e+00,2.648973e+00
2600,6.385650e+01,-4.313559e+00,2.640382e+00
2601,6.378569e+01,-4.318946e+00,2.631704e+00
2602,6.371530e+01,-4.323947e+00,2.622952e+00
2603,6.364553e+01,-4.328568e+00,2.614124e+00
2604,6.357618e+01,-4.332806e+00,2.605211e+00
2605,6.350736e+01,-4.336645e+00,2.596224e+00
2606,6.343887e+01,-4.340104e+00,2.587162e+00
2607,6.337081e+01,-4.343158e+00,2.578030e+00
2608,6.330315e+01,-4.345818e+00,2.568833e+00
2609,6.323584e+01,-4.348075e+00,2.559560e+00
2610,6.316883e+01,-4.349941e+00,2.550218e+00
2611,6.310216e+01,-4.351403e+00,2.540819e+00
2612,6.303570e+01,-4.352466e+00,2.531352e+00
2613,6.296949e+01,-4.353133e+00,2.521822e+00
2614,6.290347e+01,-4.353394e+00,2.512242e+00
2615,6.283768e+01,-4.353250e+00,2.502603e+00
2616,6.277208e+01,-4.352712e+00,2.492907e+00
2617,6.270654e+01,-4.351769e+00,2.483162e+00
2618,6.264117e+01,-4.350429e+00,2.473370e+00
2619,6.257585e+01,-4.348687e+00,2.463523e+00
2620,6.251068e+01,-4.346546e+00,2.453640e+00
2621,6.244547e+01,-4.344007e+00,2.443718e+00
2622,6.238032e+01,-4.341071e+00,2.433746e+00
2623,6.231511e+01,-4.337739e+00,2.423745e+00
2624,6.224994e+01,-4.334006e+00,2.413705e+00
2625,6.218463e+01,-4.329886e+00,2.403629e+00
2626,6.211926e+01,-4.325358e+00,2.393530e+00
2627,6.205380e+01,-4.320437e+00,2.383391e+00
2628,6.198813e+01,-4.315123e+00,2.373230e+00
2629,6.192234e+01,-4.309415e+00,2.363046e+00
2630,6.185625e+01,-4.303305e+00,2.352835e+00
2631,6.179003e+01,-4.296809e+00,2.342602e+00
2632,6.172356e+01,-4.289931e+00,2.332359e+00
2633,6.165686e+01,-4.282671e+00,2.322095e+00
2634,6.158982e+01,-4.275028e+00,2.311824e+00
2635,6.152261e+01,-4.267007e+00,2.301549e+00
2636,6.145503e+01,-4.258615e+00,2.291267e+00
2637,6.138719e+01,-4.249856e+00,2.280984e+00
2638,6.131897e+01,-4.240721e+00,2.270697e+00
2639,6.125046e+01,-4.231222e+00,2.260418e+00
2640,6.118147e+01,-4.221358e+00,2.250136e+00
2641,6.111217e+01,-4.211124e+00,2.239865e+00
2642,6.104237e+01,-4.200527e+00,2.229600e+00
2643,6.097217e+01,-4.189571e+00,2.219341e+00
2644,6.090144e+01,-4.178259e+00,2.209098e+00
2645,6.083020e+01,-4.166590e+00,2.198870e+00
2646,6.075849e+01,-4.154573e+00,2.188653e+00
2647,6.068632e+01,-4.142207e+00,2.178461e+00
2648,6.061350e+01,-4.129502e+00,2.168291e+00
2649,6.054019e+01,-4.116455e+00,2.158147e+00
2650,6.046628e+01,-4.103077e+00,2.148028e+00
2651,6.039186e+01,-4.089365e+00,2.137938e+00
2652,6.031673e+01,-4.075328e+00,2.127883e+00
2653,6.024098e+01,-4.060961e+00,2.117859e+00
2654,6.016458e+01,-4.046268e+00,2.107864e+00
2655,6.008753e+01,-4.031265e+00,2.097910e+00
2656,6.000979e+01,-4.015933e+00,2.087995e+00
2657,5.993130e+01,-4.000297e+00,2.078117e+00
2658,5.985209e+01,-3.984343e+00,2.068287e+00
2659,5.977217e+01,-3.968097e+00,2.058496e+00
2660,5.969150e+01,-3.951546e+00,2.048756e+00
2661,5.961015e+01,-3.934715e+00,2.039066e+00
2662,5.952801e+01,-3.917591e+00,2.029421e+00
2663,5.944517e+01,-3.900199e+00,2.019837e+00
2664,5.936164e+01,-3.882533e+00,2.010301e+00
2665,5.927728e+01,-3.864611e+00,2.000828e+00
2666,5.919213e+01,-3.846419e+00,1.991415e+00
2667,5.910625e+01,-3.827984e+00,1.982060e+00
2668,5.901961e+01,-3.809298e+00,1.972768e+00
2669,5.893212e+01,-3.790380e+00,1.963545e+00
2670,5.884382e+01,-3.771216e+00,1.954381e+00
2671,5.875470e+01,-3.751831e+00,1.945288e+00
2672,5.866478e+01,-3.732219e+00,1.936266e+00
2673,5.857401e+01,-3.712398e+00,1.927311e+00
2674,5.848238e+01,-3.692375e+00,1.918430e+00
2675,5.838991e+01,-3.672147e+00,1.909620e+00
2676,5.829661e+01,-3.651730e+00,1.900879e+00
2677,5.820241e+01,-3.631132e+00,1.892228e+00
2678,5.810740e+01,-3.610356e+00,1.883643e+00
2679,5.801158e+01,-3.589417e+00,1.875144e+00
2680,5.791480e+01,-3.568317e+00,1.866730e+00
2681,5.781724e+01,-3.547058e+00,1.858390e+00
2682,5.771873e+01,-3.525656e+00,1.850139e+00
2683,5.761930e+01,-3.504119e+00,1.841966e+00
2684,5.751901e+01,-3.482448e+00,1.833878e+00
2685,5.741780e+01,-3.460645e+00,1.825880e+00
2686,5.731567e+01,-3.438732e+00,1.817971e+00
2687,5.721270e+01,-3.416710e+00,1.810149e+00
2688,5.710874e+01,-3.394587e+00,1.802412e+00
2689,5.700395e+01,-3.372363e+00,1.794766e+00
2690,5.689826e+01,-3.350062e+00,1.787217e+00
2691,5.679173e+01,-3.327683e+00,1.779756e+00
2692,5.668430e+01,-3.305234e+00,1.772389e+00
2693,5.657597e+01,-3.282722e+00,1.765114e+00
2694,5.646682e+01,-3.260155e+00,1.757937e+00
2695,5.635676e+01,-3.237540e+00,1.750850e+00
2696,5.624581e+01,-3.214876e+00,1.743858e+00
2697,5.613403e+01,-3.192171e+00,1.736967e+00
2698,5.602136e+01,-3.169438e+00,1.730169e+00
2699,5.590786e+01,-3.146677e+00,1.723462e+00
2700,5.579338e+01,-3.123896e+00,1.716853e+00
