ell,Dl_planck,sigma_planck,Dl_SAM_theory,residual,z_score
30,1.102806e+03,2.746943e+02,1.053783e+03,-4.902233e+01,-0.1785
31,7.642359e+02,2.739677e+02,1.069905e+03,3.056692e+02,1.1157
32,1.543851e+03,2.734493e+02,1.086628e+03,-4.572229e+02,-1.6721
33,1.077267e+03,2.730999e+02,1.103428e+03,2.616014e+01,0.0958
34,9.791594e+02,2.729158e+02,1.120284e+03,1.411249e+02,0.5171
35,7.399116e+02,2.728706e+02,1.137773e+03,3.978617e+02,1.4581
36,1.122516e+03,2.729521e+02,1.154987e+03,3.247097e+01,0.1190
37,1.523720e+03,2.731646e+02,1.172455e+03,-3.512650e+02,-1.2859
38,1.285913e+03,2.734911e+02,1.190290e+03,-9.562310e+01,-0.3496
39,1.243831e+03,2.739084e+02,1.208391e+03,-3.544010e+01,-0.1294
40,1.715071e+03,2.744323e+02,1.226679e+03,-4.883918e+02,-1.7796
41,1.427088e+03,2.750398e+02,1.245066e+03,-1.820219e+02,-0.6618
42,1.391088e+03,2.757143e+02,1.263555e+03,-1.275330e+02,-0.4626
43,1.235152e+03,2.764483e+02,1.282158e+03,4.700646e+01,0.1700
44,1.399720e+03,2.772404e+02,1.300926e+03,-9.879362e+01,-0.3563
45,1.050225e+03,2.781152e+02,1.319923e+03,2.696984e+02,0.9697
46,1.148978e+03,2.790290e+02,1.339116e+03,1.901379e+02,0.6814
47,1.939333e+03,2.799513e+02,1.358487e+03,-5.808454e+02,-2.0748
48,9.843280e+02,2.809128e+02,1.378011e+03,3.936827e+02,1.4014
49,1.720066e+03,2.819255e+02,1.397674e+03,-3.223918e+02,-1.1435
50,1.707307e+03,2.829568e+02,1.417534e+03,-2.897735e+02,-1.0241
51,1.039429e+03,2.839931e+02,1.437647e+03,3.982189e+02,1.4022
52,1.603611e+03,2.850442e+02,1.457963e+03,-1.456472e+02,-0.5110
53,1.118554e+03,2.861483e+02,1.478410e+03,3.598556e+02,1.2576
54,1.173863e+03,2.872674e+02,1.498968e+03,3.251053e+02,1.1317
55,1.609061e+03,2.883931e+02,1.519633e+03,-8.942771e+01,-0.3101
56,1.523294e+03,2.895566e+02,1.540517e+03,1.722285e+01,0.0595
57,1.715719e+03,2.907697e+02,1.561721e+03,-1.539981e+02,-0.5296
58,1.742619e+03,2.920220e+02,1.583202e+03,-1.594162e+02,-0.5459
59,1.467143e+03,2.932954e+02,1.604873e+03,1.377300e+02,0.4696
60,1.790452e+03,2.945922e+02,1.626713e+03,-1.637383e+02,-0.5558
61,1.359154e+03,2.959529e+02,1.648730e+03,2.895755e+02,0.9785
62,2.165227e+03,2.973538e+02,1.670928e+03,-4.942988e+02,-1.6623
63,1.742106e+03,2.988296e+02,1.693328e+03,-4.877787e+01,-0.1632
64,1.242485e+03,3.003479e+02,1.715933e+03,4.734473e+02,1.5763
65,1.853062e+03,3.019185e+02,1.738768e+03,-1.142933e+02,-0.3786
66,1.626616e+03,3.035319e+02,1.761873e+03,1.352564e+02,0.4456
67,1.659989e+03,3.051917e+02,1.785227e+03,1.252376e+02,0.4104
68,1.766429e+03,3.068831e+02,1.808793e+03,4.236435e+01,0.1380
69,2.277664e+03,3.086122e+02,1.832526e+03,-4.451377e+02,-1.4424
70,1.860801e+03,3.103787e+02,1.856397e+03,-4.403806e+00,-0.0142
71,1.783707e+03,3.121747e+02,1.880383e+03,9.667574e+01,0.3097
72,1.511900e+03,3.140037e+02,1.904597e+03,3.926971e+02,1.2506
73,2.701127e+03,3.158564e+02,1.929154e+03,-7.719728e+02,-2.4441
74,2.013693e+03,3.177439e+02,1.954064e+03,-5.962896e+01,-0.1877
75,1.879909e+03,3.196496e+02,1.979328e+03,9.941892e+01,0.3110
76,1.875455e+03,3.215808e+02,2.004904e+03,1.294485e+02,0.4025
77,1.919456e+03,3.235406e+02,2.030665e+03,1.112086e+02,0.3437
78,1.664607e+03,3.255251e+02,2.056594e+03,3.919871e+02,1.2042
79,1.496469e+03,3.275378e+02,2.082737e+03,5.862682e+02,1.7899
80,2.318107e+03,3.295785e+02,2.109112e+03,-2.089943e+02,-0.6341
81,2.045536e+03,3.316408e+02,2.135745e+03,9.020893e+01,0.2720
82,2.821429e+03,3.337351e+02,2.162645e+03,-6.587840e+02,-1.9740
83,2.135834e+03,3.358514e+02,2.189791e+03,5.395630e+01,0.1607
84,1.542668e+03,3.379998e+02,2.217180e+03,6.745126e+02,1.9956
85,2.268675e+03,3.401707e+02,2.244806e+03,-2.386872e+01,-0.0702
86,2.525925e+03,3.423592e+02,2.272663e+03,-2.532617e+02,-0.7398
87,2.180329e+03,3.445686e+02,2.300721e+03,1.203918e+02,0.3494
88,1.774610e+03,3.468012e+02,2.328961e+03,5.543509e+02,1.5985
89,2.930040e+03,3.490613e+02,2.357393e+03,-5.726469e+02,-1.6405
90,2.255501e+03,3.513342e+02,2.386020e+03,1.305187e+02,0.3715
91,2.414516e+03,3.536285e+02,2.414852e+03,3.359769e-01,0.0010
92,2.582014e+03,3.559357e+02,2.443890e+03,-1.381236e+02,-0.3881
93,2.814590e+03,3.582710e+02,2.473149e+03,-3.414406e+02,-0.9530
94,2.153768e+03,3.606120e+02,2.502622e+03,3.488547e+02,0.9674
95,2.158700e+03,3.629826e+02,2.532325e+03,3.736250e+02,1.0293
96,2.367999e+03,3.653578e+02,2.562249e+03,1.942494e+02,0.5317
97,2.663330e+03,3.677504e+02,2.592395e+03,-7.093486e+01,-0.1929
98,2.222547e+03,3.701563e+02,2.622771e+03,4.002237e+02,1.0812
99,3.013836e+03,3.725834e+02,2.653355e+03,-3.604813e+02,-0.9675
100,2.919087e+03,3.750211e+02,2.684162e+03,-2.349257e+02,-0.6264
101,2.782383e+03,3.774695e+02,2.715184e+03,-6.719901e+01,-0.1780
102,2.896762e+03,3.799292e+02,2.746423e+03,-1.503390e+02,-0.3957
103,2.626150e+03,3.824089e+02,2.777864e+03,1.517137e+02,0.3967
104,3.029254e+03,3.848859e+02,2.809506e+03,-2.197484e+02,-0.5709
105,2.267548e+03,3.873848e+02,2.841343e+03,5.737942e+02,1.4812
106,2.792255e+03,3.898908e+02,2.873367e+03,8.111245e+01,0.2080
107,3.323766e+03,3.924038e+02,2.905572e+03,-4.181940e+02,-1.0657
108,3.927242e+03,3.949207e+02,2.937942e+03,-9.892998e+02,-2.5051
109,3.033820e+03,3.974415e+02,2.970487e+03,-6.333376e+01,-0.1594
110,3.429384e+03,3.999811e+02,3.003190e+03,-4.261941e+02,-1.0655
111,2.910105e+03,4.025148e+02,3.036045e+03,1.259395e+02,0.3129
112,3.039359e+03,4.050639e+02,3.069050e+03,2.969139e+01,0.0733
113,2.337903e+03,4.076031e+02,3.102199e+03,7.642967e+02,1.8751
114,2.209153e+03,4.101548e+02,3.135483e+03,9.263306e+02,2.2585
115,3.343446e+03,4.127118e+02,3.168894e+03,-1.745520e+02,-0.4229
116,4.337153e+03,4.152736e+02,3.202431e+03,-1.134722e+03,-2.7325
117,4.457745e+03,4.178339e+02,3.236086e+03,-1.221658e+03,-2.9238
118,3.457021e+03,4.203926e+02,3.269844e+03,-1.871774e+02,-0.4452
119,3.135913e+03,4.229520e+02,3.303703e+03,1.677901e+02,0.3967
120,2.669677e+03,4.255213e+02,3.337656e+03,6.679789e+02,1.5698
121,4.125216e+03,4.280682e+02,3.371695e+03,-7.535214e+02,-1.7603
122,3.450498e+03,4.306230e+02,3.405804e+03,-4.469357e+01,-0.1038
123,4.116219e+03,4.331699e+02,3.439982e+03,-6.762369e+02,-1.5611
124,2.948819e+03,4.357137e+02,3.474222e+03,5.254033e+02,1.2058
125,3.271639e+03,4.382585e+02,3.508508e+03,2.368688e+02,0.5405
126,3.324065e+03,4.407628e+02,3.542839e+03,2.187735e+02,0.4964
127,3.716678e+03,4.432960e+02,3.577199e+03,-1.394794e+02,-0.3146
128,3.804640e+03,4.458026e+02,3.611581e+03,-1.930588e+02,-0.4331
129,2.897960e+03,4.482971e+02,3.645984e+03,7.480234e+02,1.6686
130,4.032310e+03,4.507828e+02,3.680392e+03,-3.519187e+02,-0.7807
131,3.245239e+03,4.532528e+02,3.714790e+03,4.695505e+02,1.0360
132,2.891494e+03,4.557249e+02,3.749186e+03,8.576921e+02,1.8820
133,3.885601e+03,4.581672e+02,3.783558e+03,-1.020426e+02,-0.2227
134,3.560189e+03,4.605987e+02,3.817907e+03,2.577183e+02,0.5595
135,4.312222e+03,4.630344e+02,3.852220e+03,-4.600024e+02,-0.9935
136,4.669226e+03,4.654228e+02,3.886495e+03,-7.827307e+02,-1.6818
137,4.062900e+03,4.678110e+02,3.920721e+03,-1.421792e+02,-0.3039
138,3.946393e+03,4.701704e+02,3.954889e+03,8.495789e+00,0.0181
139,4.219051e+03,4.725155e+02,3.988985e+03,-2.300664e+02,-0.4869
140,3.815061e+03,4.748424e+02,4.023018e+03,2.079568e+02,0.4379
141,4.204908e+03,4.771290e+02,4.056967e+03,-1.479417e+02,-0.3101
142,4.515265e+03,4.794173e+02,4.090823e+03,-4.244421e+02,-0.8853
143,4.754616e+03,4.816650e+02,4.124589e+03,-6.300266e+02,-1.3080
144,3.902324e+03,4.839004e+02,4.158242e+03,2.559181e+02,0.5289
145,4.271075e+03,4.861075e+02,4.191784e+03,-7.929107e+01,-0.1631
146,4.241713e+03,4.883010e+02,4.225185e+03,-1.652868e+01,-0.0338
147,4.697064e+03,4.904537e+02,4.258438e+03,-4.386265e+02,-0.8943
148,3.741894e+03,4.925871e+02,4.291529e+03,5.496357e+02,1.1158
149,3.383044e+03,4.946911e+02,4.324445e+03,9.414012e+02,1.9030
150,4.547838e+03,4.967750e+02,4.357171e+03,-1.906666e+02,-0.3838
151,4.223685e+03,4.988197e+02,4.389685e+03,1.660009e+02,0.3328
152,4.566118e+03,5.008368e+02,4.421995e+03,-1.441225e+02,-0.2878
153,4.566775e+03,5.028275e+02,4.454085e+03,-1.126899e+02,-0.2241
154,3.939426e+03,5.047769e+02,4.485955e+03,5.465287e+02,1.0827
155,5.325152e+03,5.067041e+02,4.517596e+03,-8.075554e+02,-1.5937
156,4.314593e+03,5.085954e+02,4.549017e+03,2.344231e+02,0.4609
157,4.626329e+03,5.104516e+02,4.580193e+03,-4.613565e+01,-0.0904
158,5.524171e+03,5.122620e+02,4.611133e+03,-9.130385e+02,-1.7824
159,4.670969e+03,5.140512e+02,4.641820e+03,-2.914889e+01,-0.0567
160,5.308571e+03,5.157985e+02,4.672248e+03,-6.363230e+02,-1.2337
161,4.692457e+03,5.175131e+02,4.702393e+03,9.935487e+00,0.0192
162,4.615968e+03,5.191787e+02,4.732247e+03,1.162784e+02,0.2240
163,4.339313e+03,5.208186e+02,4.761803e+03,4.224899e+02,0.8112
164,4.708252e+03,5.224100e+02,4.791037e+03,8.278478e+01,0.1585
165,4.778198e+03,5.239675e+02,4.819950e+03,4.175245e+01,0.0797
166,5.364623e+03,5.254863e+02,4.848527e+03,-5.160957e+02,-0.9821
167,5.616594e+03,5.269512e+02,4.876759e+03,-7.398356e+02,-1.4040
168,5.502455e+03,5.283914e+02,4.904638e+03,-5.978174e+02,-1.1314
169,4.514097e+03,5.297692e+02,4.932157e+03,4.180605e+02,0.7891
170,4.220919e+03,5.311319e+02,4.959308e+03,7.383890e+02,1.3902
171,4.604659e+03,5.324216e+02,4.986076e+03,3.814167e+02,0.7164
172,5.206597e+03,5.336913e+02,5.012467e+03,-1.941293e+02,-0.3637
173,5.136671e+03,5.349033e+02,5.038460e+03,-9.821087e+01,-0.1836
174,4.894274e+03,5.360685e+02,5.064045e+03,1.697718e+02,0.3167
175,5.076180e+03,5.371943e+02,5.089224e+03,1.304372e+01,0.0243
176,5.069037e+03,5.382643e+02,5.113980e+03,4.494345e+01,0.0835
177,4.661527e+03,5.392994e+02,5.138307e+03,4.767796e+02,0.8841
178,4.525063e+03,5.402789e+02,5.162190e+03,6.371275e+02,1.1793
179,6.345695e+03,5.412102e+02,5.185630e+03,-1.160065e+03,-2.1435
180,5.197709e+03,5.420963e+02,5.208619e+03,1.090968e+01,0.0201
181,3.909820e+03,5.429317e+02,5.231144e+03,1.321324e+03,2.4337
182,4.351466e+03,5.437283e+02,5.253204e+03,9.017376e+02,1.6584
183,4.643019e+03,5.444713e+02,5.274793e+03,6.317736e+02,1.1603
184,5.545499e+03,5.451499e+02,5.295896e+03,-2.496030e+02,-0.4579
185,6.396224e+03,5.457956e+02,5.316513e+03,-1.079711e+03,-1.9782
186,5.769260e+03,5.463839e+02,5.336631e+03,-4.326292e+02,-0.7918
187,5.157540e+03,5.469221e+02,5.356250e+03,1.987105e+02,0.3633
188,6.336461e+03,5.474077e+02,5.375362e+03,-9.610983e+02,-1.7557
189,6.286045e+03,5.478347e+02,5.393954e+03,-8.920912e+02,-1.6284
190,5.955386e+03,5.482230e+02,5.412025e+03,-5.433601e+02,-0.9911
191,5.394040e+03,5.485429e+02,5.429570e+03,3.553000e+01,0.0648
192,6.344738e+03,5.488225e+02,5.446572e+03,-8.981655e+02,-1.6365
193,5.896649e+03,5.490541e+02,5.463026e+03,-4.336234e+02,-0.7898
194,5.505006e+03,5.492195e+02,5.478939e+03,-2.606718e+01,-0.0475
195,4.030552e+03,5.493474e+02,5.494297e+03,1.463745e+03,2.6645
196,5.565008e+03,5.494143e+02,5.509100e+03,-5.590737e+01,-0.1018
197,5.594390e+03,5.494472e+02,5.523349e+03,-7.104070e+01,-0.1293
198,5.633547e+03,5.494077e+02,5.537044e+03,-9.650348e+01,-0.1757
199,5.311568e+03,5.493159e+02,5.550163e+03,2.385950e+02,0.4343
200,5.238381e+03,5.491798e+02,5.562722e+03,3.243412e+02,0.5906
201,4.881848e+03,5.489811e+02,5.574706e+03,6.928574e+02,1.2621
202,6.138445e+03,5.487419e+02,5.586107e+03,-5.523377e+02,-1.0066
203,5.670943e+03,5.484299e+02,5.596905e+03,-7.403848e+01,-0.1350
204,5.331877e+03,5.480788e+02,5.607105e+03,2.752281e+02,0.5022
205,6.151700e+03,5.476742e+02,5.616679e+03,-5.350213e+02,-0.9769
206,5.334493e+03,5.472165e+02,5.625633e+03,2.911402e+02,0.5320
207,5.044168e+03,5.467028e+02,5.633954e+03,5.897852e+02,1.0788
208,5.719216e+03,5.461438e+02,5.641633e+03,-7.758312e+01,-0.1421
209,4.626970e+03,5.455334e+02,5.648701e+03,1.021731e+03,1.8729
210,5.424529e+03,5.448751e+02,5.655142e+03,2.306127e+02,0.4232
211,5.517090e+03,5.441494e+02,5.660965e+03,1.438750e+02,0.2644
212,5.880246e+03,5.433824e+02,5.666184e+03,-2.140622e+02,-0.3939
213,5.881854e+03,5.425640e+02,5.670798e+03,-2.110556e+02,-0.3890
214,5.256769e+03,5.416973e+02,5.674817e+03,4.180482e+02,0.7717
215,6.647296e+03,5.407665e+02,5.678239e+03,-9.690567e+02,-1.7920
216,5.806277e+03,5.397909e+02,5.681050e+03,-1.252268e+02,-0.2320
217,5.602935e+03,5.387630e+02,5.683250e+03,8.031482e+01,0.1491
218,6.273620e+03,5.376897e+02,5.684839e+03,-5.887806e+02,-1.0950
219,5.675146e+03,5.365607e+02,5.685810e+03,1.066350e+01,0.0199
220,6.373421e+03,5.353800e+02,5.686155e+03,-6.872662e+02,-1.2837
221,5.887185e+03,5.341525e+02,5.685881e+03,-2.013037e+02,-0.3769
222,5.767127e+03,5.328726e+02,5.684975e+03,-8.215162e+01,-0.1542
223,5.559318e+03,5.315520e+02,5.683443e+03,1.241251e+02,0.2335
224,6.111004e+03,5.301733e+02,5.681293e+03,-4.297103e+02,-0.8105
225,5.114463e+03,5.287578e+02,5.678525e+03,5.640618e+02,1.0668
226,5.939996e+03,5.272828e+02,5.675132e+03,-2.648639e+02,-0.5023
227,6.153280e+03,5.257757e+02,5.671121e+03,-4.821596e+02,-0.9170
228,4.740093e+03,5.242068e+02,5.666492e+03,9.263992e+02,1.7672
229,5.350556e+03,5.226074e+02,5.661253e+03,3.106969e+02,0.5945
230,5.652129e+03,5.209501e+02,5.655396e+03,3.266863e+00,0.0063
231,5.768514e+03,5.192556e+02,5.648929e+03,-1.195852e+02,-0.2303
232,6.651844e+03,5.175095e+02,5.641860e+03,-1.009984e+03,-1.9516
233,6.413823e+03,5.157201e+02,5.634180e+03,-7.796429e+02,-1.5118
234,4.514867e+03,5.138878e+02,5.625891e+03,1.111023e+03,2.1620
235,6.009300e+03,5.120147e+02,5.617006e+03,-3.922939e+02,-0.7662
236,6.089282e+03,5.101002e+02,5.607512e+03,-4.817696e+02,-0.9445
237,5.555743e+03,5.081320e+02,5.597431e+03,4.168810e+01,0.0820
238,5.937972e+03,5.061301e+02,5.586754e+03,-3.512176e+02,-0.6939
239,5.480440e+03,5.040875e+02,5.575491e+03,9.505062e+01,0.1886
240,6.068252e+03,5.020034e+02,5.563640e+03,-5.046116e+02,-1.0052
241,5.835720e+03,4.998808e+02,5.551203e+03,-2.845173e+02,-0.5692
242,5.414155e+03,4.977161e+02,5.538193e+03,1.240374e+02,0.2492
243,5.696739e+03,4.955177e+02,5.524611e+03,-1.721277e+02,-0.3474
244,5.188597e+03,4.932775e+02,5.510457e+03,3.218607e+02,0.6525
245,5.844819e+03,4.910020e+02,5.495746e+03,-3.490728e+02,-0.7109
246,5.748016e+03,4.886951e+02,5.480486e+03,-2.675295e+02,-0.5474
247,5.625475e+03,4.863439e+02,5.464669e+03,-1.608065e+02,-0.3306
248,6.016086e+03,4.839613e+02,5.448317e+03,-5.677688e+02,-1.1732
249,4.457670e+03,4.815452e+02,5.431423e+03,9.737536e+02,2.0221
250,5.089001e+03,4.790890e+02,5.414002e+03,3.250016e+02,0.6784
251,5.269953e+03,4.766087e+02,5.396047e+03,1.260943e+02,0.2646
252,5.717756e+03,4.740857e+02,5.377566e+03,-3.401901e+02,-0.7176
253,4.865305e+03,4.715376e+02,5.358557e+03,4.932518e+02,1.0460
254,4.412530e+03,4.689533e+02,5.339037e+03,9.265070e+02,1.9757
255,5.519926e+03,4.663402e+02,5.318991e+03,-2.009353e+02,-0.4309
256,6.086258e+03,4.637004e+02,5.298433e+03,-7.878255e+02,-1.6990
257,5.269329e+03,4.610294e+02,5.277371e+03,8.042239e+00,0.0174
258,5.424155e+03,4.583314e+02,5.255820e+03,-1.683347e+02,-0.3673
259,4.562469e+03,4.556050e+02,5.233788e+03,6.713187e+02,1.4735
260,5.696693e+03,4.528555e+02,5.211297e+03,-4.853965e+02,-1.0719
261,5.223347e+03,4.500802e+02,5.188346e+03,-3.500099e+01,-0.0778
262,5.518674e+03,4.472782e+02,5.164960e+03,-3.537146e+02,-0.7908
263,6.107406e+03,4.444514e+02,5.141144e+03,-9.662621e+02,-2.1741
264,4.829284e+03,4.416032e+02,5.116907e+03,2.876224e+02,0.6513
265,4.149720e+03,4.387343e+02,5.092248e+03,9.425284e+02,2.1483
266,5.580425e+03,4.358367e+02,5.067175e+03,-5.132497e+02,-1.1776
267,5.070755e+03,4.329229e+02,5.041704e+03,-2.905183e+01,-0.0671
268,5.557247e+03,4.299875e+02,5.015833e+03,-5.414143e+02,-1.2591
269,4.786183e+03,4.270321e+02,4.989563e+03,2.033801e+02,0.4763
270,4.254958e+03,4.240602e+02,4.962903e+03,7.079445e+02,1.6694
271,5.563253e+03,4.210669e+02,4.935873e+03,-6.273800e+02,-1.4900
272,5.846055e+03,4.180609e+02,4.908466e+03,-9.375887e+02,-2.2427
273,4.865250e+03,4.150340e+02,4.880713e+03,1.546257e+01,0.0373
274,5.336645e+03,4.119966e+02,4.852606e+03,-4.840390e+02,-1.1749
275,4.635302e+03,4.089424e+02,4.824159e+03,1.888577e+02,0.4618
276,3.997332e+03,4.058755e+02,4.795396e+03,7.980642e+02,1.9663
277,5.572531e+03,4.027948e+02,4.766316e+03,-8.062152e+02,-2.0016
278,4.981936e+03,3.997046e+02,4.736927e+03,-2.450098e+02,-0.6130
279,5.092257e+03,3.965990e+02,4.707243e+03,-3.850143e+02,-0.9708
280,4.343637e+03,3.934852e+02,4.677279e+03,3.336418e+02,0.8479
281,4.699928e+03,3.903598e+02,4.647036e+03,-5.289217e+01,-0.1355
282,5.000446e+03,3.872288e+02,4.616528e+03,-3.839177e+02,-0.9914
283,5.500618e+03,3.840880e+02,4.585770e+03,-9.148477e+02,-2.3819
284,4.444544e+03,3.809389e+02,4.554762e+03,1.102180e+02,0.2893
285,3.732576e+03,3.777834e+02,4.523520e+03,7.909438e+02,2.0936
286,4.604391e+03,3.746241e+02,4.492049e+03,-1.123417e+02,-0.2999
287,4.445651e+03,3.714600e+02,4.460374e+03,1.472294e+01,0.0396
288,4.175649e+03,3.682911e+02,4.428493e+03,2.528446e+02,0.6865
289,4.940820e+03,3.651170e+02,4.396415e+03,-5.444058e+02,-1.4910
290,4.571907e+03,3.619417e+02,4.364160e+03,-2.077471e+02,-0.5740
291,3.520577e+03,3.587641e+02,4.331738e+03,8.111611e+02,2.2610
292,4.685136e+03,3.555842e+02,4.299148e+03,-3.859885e+02,-1.0855
293,4.497253e+03,3.524058e+02,4.266404e+03,-2.308492e+02,-0.6551
294,4.109207e+03,3.492244e+02,4.233522e+03,1.243150e+02,0.3560
295,4.491175e+03,3.460464e+02,4.200501e+03,-2.906741e+02,-0.8400
296,4.716766e+03,3.428680e+02,4.167357e+03,-5.494096e+02,-1.6024
297,3.808922e+03,3.396956e+02,4.134089e+03,3.251672e+02,0.9572
298,4.040438e+03,3.365224e+02,4.100720e+03,6.028156e+01,0.1791
299,3.972432e+03,3.333543e+02,4.067257e+03,9.482510e+01,0.2845
300,4.548372e+03,3.301908e+02,4.033707e+03,-5.146651e+02,-1.5587
301,3.860904e+03,3.270334e+02,4.000086e+03,1.391824e+02,0.4256
302,4.057362e+03,3.238805e+02,3.966408e+03,-9.095432e+01,-0.2808
303,3.231772e+03,3.207341e+02,3.932680e+03,7.009084e+02,2.1853
304,3.903711e+03,3.175950e+02,3.898917e+03,-4.793704e+00,-0.0151
305,4.207524e+03,3.144656e+02,3.865134e+03,-3.423897e+02,-1.0888
306,3.617660e+03,3.113426e+02,3.831331e+03,2.136710e+02,0.6863
307,3.458400e+03,3.082310e+02,3.797529e+03,3.391291e+02,1.1002
308,4.200899e+03,3.051270e+02,3.763736e+03,-4.371623e+02,-1.4327
309,3.843540e+03,3.020353e+02,3.729960e+03,-1.135802e+02,-0.3760
310,3.630770e+03,2.989558e+02,3.696199e+03,6.542950e+01,0.2189
311,3.821228e+03,2.958871e+02,3.662484e+03,-1.587434e+02,-0.5365
312,3.467937e+03,2.928297e+02,3.628808e+03,1.608711e+02,0.5494
313,3.686510e+03,2.897869e+02,3.595191e+03,-9.131910e+01,-0.3151
314,3.052897e+03,2.867575e+02,3.561642e+03,5.087448e+02,1.7741
315,3.733195e+03,2.837444e+02,3.528160e+03,-2.050354e+02,-0.7226
316,3.967545e+03,2.807444e+02,3.494767e+03,-4.727785e+02,-1.6840
317,3.046880e+03,2.777615e+02,3.461471e+03,4.145904e+02,1.4926
318,3.140045e+03,2.747958e+02,3.428286e+03,2.882406e+02,1.0489
319,3.712618e+03,2.718459e+02,3.395212e+03,-3.174061e+02,-1.1676
320,3.707059e+03,2.689156e+02,3.362257e+03,-3.448024e+02,-1.2822
321,3.089839e+03,2.660022e+02,3.329449e+03,2.396104e+02,0.9008
322,3.664720e+03,2.631079e+02,3.296774e+03,-3.679462e+02,-1.3985
323,3.293246e+03,2.602335e+02,3.264262e+03,-2.898431e+01,-0.1114
324,3.120106e+03,2.573791e+02,3.231904e+03,1.117977e+02,0.4344
325,3.368505e+03,2.545454e+02,3.199723e+03,-1.687817e+02,-0.6631
326,3.681304e+03,2.517318e+02,3.167719e+03,-5.135851e+02,-2.0402
327,2.951137e+03,2.489423e+02,3.135905e+03,1.847687e+02,0.7422
328,3.406405e+03,2.461732e+02,3.104291e+03,-3.021149e+02,-1.2272
329,3.410888e+03,2.434278e+02,3.072881e+03,-3.380070e+02,-1.3885
330,2.998254e+03,2.407043e+02,3.041693e+03,4.343876e+01,0.1805
331,3.121226e+03,2.380065e+02,3.010724e+03,-1.105017e+02,-0.4643
332,2.958801e+03,2.353321e+02,2.979990e+03,2.118877e+01,0.0900
333,2.712532e+03,2.326827e+02,2.949490e+03,2.369583e+02,1.0184
334,2.787077e+03,2.300594e+02,2.919240e+03,1.321631e+02,0.5745
335,2.787270e+03,2.274612e+02,2.889253e+03,1.019829e+02,0.4484
336,3.050988e+03,2.248907e+02,2.859530e+03,-1.914579e+02,-0.8513
337,2.762001e+03,2.223469e+02,2.830077e+03,6.807633e+01,0.3062
338,2.952130e+03,2.198301e+02,2.800902e+03,-1.512277e+02,-0.6879
339,2.726863e+03,2.173411e+02,2.772020e+03,4.515717e+01,0.2078
340,2.839965e+03,2.148807e+02,2.743438e+03,-9.652781e+01,-0.4492
341,2.807382e+03,2.124486e+02,2.715154e+03,-9.222724e+01,-0.4341
342,2.871112e+03,2.100449e+02,2.687178e+03,-1.839341e+02,-0.8757
343,2.485553e+03,2.076709e+02,2.659515e+03,1.739623e+02,0.8377
344,2.631732e+03,2.053261e+02,2.632166e+03,4.338960e-01,0.0021
345,2.361349e+03,2.030116e+02,2.605137e+03,2.437878e+02,1.2009
346,2.518256e+03,2.007269e+02,2.578436e+03,6.017989e+01,0.2998
347,2.346839e+03,1.984733e+02,2.552063e+03,2.052235e+02,1.0340
348,2.467303e+03,1.962505e+02,2.526024e+03,5.872110e+01,0.2992
349,2.407922e+03,1.940588e+02,2.500335e+03,9.241372e+01,0.4762
350,2.408158e+03,1.918995e+02,2.474995e+03,6.683781e+01,0.3483
351,2.851610e+03,1.897717e+02,2.450019e+03,-4.015910e+02,-2.1162
352,2.362274e+03,1.876766e+02,2.425414e+03,6.313993e+01,0.3364
353,2.789427e+03,1.856143e+02,2.401179e+03,-3.882481e+02,-2.0917
354,2.664298e+03,1.835846e+02,2.377322e+03,-2.869758e+02,-1.5632
355,2.319663e+03,1.815882e+02,2.353857e+03,3.419404e+01,0.1883
356,2.094747e+03,1.796249e+02,2.330778e+03,2.360306e+02,1.3140
357,2.353409e+03,1.776952e+02,2.308090e+03,-4.531924e+01,-0.2550
358,2.279894e+03,1.757985e+02,2.285801e+03,5.906664e+00,0.0336
359,2.069299e+03,1.739358e+02,2.263910e+03,1.946119e+02,1.1189
360,2.320211e+03,1.721069e+02,2.242419e+03,-7.779225e+01,-0.4520
361,2.450166e+03,1.703116e+02,2.221333e+03,-2.288331e+02,-1.3436
362,2.227726e+03,1.685506e+02,2.200652e+03,-2.707350e+01,-0.1606
363,2.152103e+03,1.668234e+02,2.180392e+03,2.828874e+01,0.1696
364,2.708002e+03,1.651309e+02,2.160537e+03,-5.474649e+02,-3.3153
365,1.951022e+03,1.634724e+02,2.141109e+03,1.900863e+02,1.1628
366,1.838463e+03,1.618488e+02,2.122100e+03,2.836368e+02,1.7525
367,2.120481e+03,1.602597e+02,2.103517e+03,-1.696345e+01,-0.1058
368,2.010826e+03,1.587053e+02,2.085361e+03,7.453589e+01,0.4696
369,2.232046e+03,1.571860e+02,2.067632e+03,-1.644145e+02,-1.0460
370,1.977264e+03,1.557015e+02,2.050343e+03,7.307839e+01,0.4693
371,2.222594e+03,1.542522e+02,2.033479e+03,-1.891149e+02,-1.2260
372,1.969120e+03,1.528375e+02,2.017056e+03,4.793668e+01,0.3136
373,2.134856e+03,1.514580e+02,2.001066e+03,-1.337901e+02,-0.8833
374,1.976264e+03,1.501131e+02,1.985516e+03,9.251965e+00,0.0616
375,2.120624e+03,1.488027e+02,1.970398e+03,-1.502258e+02,-1.0096
376,1.992396e+03,1.475270e+02,1.955720e+03,-3.667679e+01,-0.2486
377,1.782397e+03,1.462856e+02,1.941488e+03,1.590914e+02,1.0875
378,2.197812e+03,1.450788e+02,1.927688e+03,-2.701242e+02,-1.8619
379,2.462985e+03,1.439064e+02,1.914334e+03,-5.486501e+02,-3.8125
380,1.777626e+03,1.427679e+02,1.901427e+03,1.238009e+02,0.8671
381,1.884336e+03,1.416640e+02,1.888958e+03,4.622614e+00,0.0326
382,1.603646e+03,1.405939e+02,1.876935e+03,2.732896e+02,1.9438
383,1.980290e+03,1.395581e+02,1.865358e+03,-1.149321e+02,-0.8235
384,2.011440e+03,1.385561e+02,1.854219e+03,-1.572209e+02,-1.1347
385,1.610902e+03,1.375882e+02,1.843517e+03,2.326153e+02,1.6907
386,1.703901e+03,1.366543e+02,1.833261e+03,1.293599e+02,0.9466
387,2.002234e+03,1.357539e+02,1.823450e+03,-1.787842e+02,-1.3170
388,1.801988e+03,1.348871e+02,1.814068e+03,1.208054e+01,0.0896
389,1.670791e+03,1.340535e+02,1.805124e+03,1.343325e+02,1.0021
390,1.907237e+03,1.332529e+02,1.796616e+03,-1.106200e+02,-0.8302
391,1.718826e+03,1.324847e+02,1.788546e+03,6.971990e+01,0.5262
392,1.944653e+03,1.317491e+02,1.780897e+03,-1.637555e+02,-1.2429
393,1.761753e+03,1.310455e+02,1.773685e+03,1.193239e+01,0.0911
394,1.892112e+03,1.303735e+02,1.766894e+03,-1.252178e+02,-0.9605
395,1.674008e+03,1.297331e+02,1.760525e+03,8.651657e+01,0.6669
396,1.739883e+03,1.291237e+02,1.754577e+03,1.469336e+01,0.1138
397,1.778420e+03,1.285453e+02,1.749042e+03,-2.937808e+01,-0.2285
398,1.662821e+03,1.279974e+02,1.743928e+03,8.110775e+01,0.6337
399,1.856241e+03,1.274799e+02,1.739228e+03,-1.170136e+02,-0.9179
400,1.754085e+03,1.269925e+02,1.734940e+03,-1.914497e+01,-0.1508
401,1.802007e+03,1.265346e+02,1.731066e+03,-7.094094e+01,-0.5606
402,1.904190e+03,1.261063e+02,1.727597e+03,-1.765931e+02,-1.4004
403,1.519445e+03,1.257070e+02,1.724533e+03,2.050876e+02,1.6315
404,1.590230e+03,1.253367e+02,1.721874e+03,1.316440e+02,1.0503
405,1.742724e+03,1.249946e+02,1.719606e+03,-2.311829e+01,-0.1850
406,1.867012e+03,1.246806e+02,1.717728e+03,-1.492841e+02,-1.1973
407,1.805367e+03,1.243942e+02,1.716240e+03,-8.912663e+01,-0.7165
408,1.739877e+03,1.241346e+02,1.715135e+03,-2.474270e+01,-0.1993
409,1.694953e+03,1.239019e+02,1.714397e+03,1.944337e+01,0.1569
410,1.748538e+03,1.236951e+02,1.714041e+03,-3.449685e+01,-0.2789
411,1.663596e+03,1.235143e+02,1.714039e+03,5.044254e+01,0.4084
412,1.629655e+03,1.233585e+02,1.714403e+03,8.474845e+01,0.6870
413,1.800008e+03,1.232278e+02,1.715128e+03,-8.488067e+01,-0.6888
414,1.710921e+03,1.231215e+02,1.716205e+03,5.283934e+00,0.0429
415,1.986762e+03,1.230389e+02,1.717619e+03,-2.691429e+02,-2.1875
416,1.723826e+03,1.229801e+02,1.719386e+03,-4.440786e+00,-0.0361
417,1.395981e+03,1.229442e+02,1.721482e+03,3.255017e+02,2.6476
418,1.706798e+03,1.229312e+02,1.723916e+03,1.711816e+01,0.1392
419,1.807002e+03,1.229401e+02,1.726672e+03,-8.032958e+01,-0.6534
420,1.837695e+03,1.229711e+02,1.729758e+03,-1.079369e+02,-0.8777
421,1.643418e+03,1.230234e+02,1.733159e+03,8.974105e+01,0.7295
422,1.653459e+03,1.230963e+02,1.736868e+03,8.340851e+01,0.6776
423,1.825499e+03,1.231897e+02,1.740891e+03,-8.460856e+01,-0.6868
424,1.804779e+03,1.233027e+02,1.745214e+03,-5.956528e+01,-0.4831
425,1.504911e+03,1.234351e+02,1.749829e+03,2.449183e+02,1.9842
426,1.625467e+03,1.235860e+02,1.754738e+03,1.292700e+02,1.0460
427,1.746917e+03,1.237554e+02,1.759916e+03,1.299855e+01,0.1050
428,1.799981e+03,1.239423e+02,1.765379e+03,-3.460225e+01,-0.2792
429,1.954897e+03,1.241467e+02,1.771097e+03,-1.838000e+02,-1.4805
430,1.895979e+03,1.243678e+02,1.777071e+03,-1.189074e+02,-0.9561
431,1.663236e+03,1.246051e+02,1.783300e+03,1.200642e+02,0.9636
432,1.955200e+03,1.248584e+02,1.789770e+03,-1.654299e+02,-1.3249
433,1.634773e+03,1.251269e+02,1.796488e+03,1.617143e+02,1.2924
434,1.945857e+03,1.254105e+02,1.803431e+03,-1.424263e+02,-1.1357
435,1.847654e+03,1.257083e+02,1.810607e+03,-3.704654e+01,-0.2947
436,1.547124e+03,1.260202e+02,1.818009e+03,2.708850e+02,2.1495
437,2.052060e+03,1.263457e+02,1.825630e+03,-2.264307e+02,-1.7922
438,1.851909e+03,1.266840e+02,1.833461e+03,-1.844772e+01,-0.1456
439,1.501342e+03,1.270349e+02,1.841504e+03,3.401619e+02,2.6777
440,1.728396e+03,1.273978e+02,1.849743e+03,1.213470e+02,0.9525
441,1.837679e+03,1.277723e+02,1.858170e+03,2.049127e+01,0.1604
442,2.044079e+03,1.281576e+02,1.866772e+03,-1.773066e+02,-1.3835
443,1.905002e+03,1.285536e+02,1.875548e+03,-2.945442e+01,-0.2291
444,1.856372e+03,1.289597e+02,1.884483e+03,2.811090e+01,0.2180
445,1.778838e+03,1.293751e+02,1.893571e+03,1.147326e+02,0.8868
446,1.718195e+03,1.297997e+02,1.902803e+03,1.846075e+02,1.4222
447,1.725599e+03,1.302327e+02,1.912172e+03,1.865728e+02,1.4326
448,1.786908e+03,1.306740e+02,1.921686e+03,1.347779e+02,1.0314
449,1.890548e+03,1.311226e+02,1.931331e+03,4.078301e+01,0.3110
450,2.018838e+03,1.315786e+02,1.941098e+03,-7.774045e+01,-0.5908
451,1.832175e+03,1.320411e+02,1.950988e+03,1.188126e+02,0.8998
452,2.172133e+03,1.325100e+02,1.961001e+03,-2.111324e+02,-1.5933
453,1.907838e+03,1.329846e+02,1.971115e+03,6.327666e+01,0.4758
454,2.014063e+03,1.334643e+02,1.981331e+03,-3.273271e+01,-0.2453
455,2.137527e+03,1.339490e+02,1.991633e+03,-1.458949e+02,-1.0892
456,2.252156e+03,1.344380e+02,2.002014e+03,-2.501422e+02,-1.8607
457,1.971134e+03,1.349311e+02,2.012468e+03,4.133339e+01,0.3063
458,1.981335e+03,1.354276e+02,2.022979e+03,4.164421e+01,0.3075
459,2.165179e+03,1.359274e+02,2.033533e+03,-1.316455e+02,-0.9685
460,1.950650e+03,1.364300e+02,2.044145e+03,9.349513e+01,0.6853
461,2.189507e+03,1.369346e+02,2.054786e+03,-1.347210e+02,-0.9838
462,2.318247e+03,1.374414e+02,2.065478e+03,-2.527690e+02,-1.8391
463,2.213086e+03,1.379495e+02,2.076191e+03,-1.368947e+02,-0.9924
464,2.119791e+03,1.384589e+02,2.086949e+03,-3.284220e+01,-0.2372
465,2.485221e+03,1.389688e+02,2.097721e+03,-3.875009e+02,-2.7884
466,2.166681e+03,1.394792e+02,2.108522e+03,-5.815857e+01,-0.4170
467,2.252116e+03,1.399894e+02,2.119339e+03,-1.327773e+02,-0.9485
468,2.333573e+03,1.404991e+02,2.130156e+03,-2.034164e+02,-1.4478
469,2.134243e+03,1.410082e+02,2.140974e+03,6.730776e+00,0.0477
470,1.989640e+03,1.415159e+02,2.151778e+03,1.621382e+02,1.1457
471,2.336015e+03,1.420220e+02,2.162553e+03,-1.734620e+02,-1.2214
472,2.138944e+03,1.425263e+02,2.173300e+03,3.435598e+01,0.2411
473,2.251542e+03,1.430281e+02,2.184004e+03,-6.753849e+01,-0.4722
474,2.018430e+03,1.435274e+02,2.194665e+03,1.762354e+02,1.2279
475,2.196060e+03,1.440235e+02,2.205276e+03,9.216377e+00,0.0640
476,2.300204e+03,1.445162e+02,2.215837e+03,-8.436681e+01,-0.5838
477,2.277479e+03,1.450053e+02,2.226334e+03,-5.114453e+01,-0.3527
478,2.191277e+03,1.454901e+02,2.236775e+03,4.549753e+01,0.3127
479,2.478983e+03,1.459707e+02,2.247158e+03,-2.318249e+02,-1.5882
480,2.317156e+03,1.464462e+02,2.257463e+03,-5.969229e+01,-0.4076
481,2.440514e+03,1.469167e+02,2.267705e+03,-1.728095e+02,-1.1762
482,2.178720e+03,1.473817e+02,2.277853e+03,9.913376e+01,0.6726
483,2.553089e+03,1.478407e+02,2.287917e+03,-2.651720e+02,-1.7936
484,2.200810e+03,1.482937e+02,2.297880e+03,9.706995e+01,0.6546
485,2.073561e+03,1.487401e+02,2.307729e+03,2.341677e+02,1.5743
486,2.500105e+03,1.491795e+02,2.317471e+03,-1.826347e+02,-1.2243
487,2.244993e+03,1.496118e+02,2.327091e+03,8.209807e+01,0.5487
488,2.453660e+03,1.500364e+02,2.336582e+03,-1.170782e+02,-0.7803
489,2.054452e+03,1.504532e+02,2.345953e+03,2.915000e+02,1.9375
490,2.445814e+03,1.508620e+02,2.355187e+03,-9.062653e+01,-0.6007
491,2.463984e+03,1.512622e+02,2.364286e+03,-9.969775e+01,-0.6591
492,2.516230e+03,1.516541e+02,2.373250e+03,-1.429800e+02,-0.9428
493,2.648630e+03,1.520369e+02,2.382079e+03,-2.665513e+02,-1.7532
494,2.646522e+03,1.524108e+02,2.390765e+03,-2.557564e+02,-1.6781
495,2.306332e+03,1.527756e+02,2.399303e+03,9.297073e+01,0.6085
496,2.071124e+03,1.531308e+02,2.407690e+03,3.365663e+02,2.1979
497,2.221234e+03,1.534762e+02,2.415915e+03,1.946811e+02,1.2685
498,2.388254e+03,1.538120e+02,2.423975e+03,3.572152e+01,0.2322
499,2.533145e+03,1.541375e+02,2.431865e+03,-1.012803e+02,-0.6571
500,2.557859e+03,1.544527e+02,2.439577e+03,-1.182819e+02,-0.7658
501,2.666713e+03,1.547573e+02,2.447103e+03,-2.196096e+02,-1.4191
502,2.434793e+03,1.550510e+02,2.454445e+03,1.965203e+01,0.1267
503,2.390783e+03,1.553339e+02,2.461595e+03,7.081207e+01,0.4559
504,2.763499e+03,1.556055e+02,2.468553e+03,-2.949457e+02,-1.8955
505,2.655340e+03,1.558611e+02,2.475327e+03,-1.800126e+02,-1.1550
506,2.389752e+03,1.561100e+02,2.481903e+03,9.215062e+01,0.5903
507,2.472959e+03,1.563467e+02,2.488288e+03,1.532905e+01,0.0980
508,2.433720e+03,1.565722e+02,2.494474e+03,6.075449e+01,0.3880
509,2.572229e+03,1.567853e+02,2.500456e+03,-7.177328e+01,-0.4578
510,2.740821e+03,1.569867e+02,2.506248e+03,-2.345733e+02,-1.4942
511,2.456333e+03,1.571760e+02,2.511828e+03,5.549511e+01,0.3531
512,2.853083e+03,1.573531e+02,2.517211e+03,-3.358724e+02,-2.1345
513,2.666710e+03,1.575178e+02,2.522382e+03,-1.443279e+02,-0.9163
514,2.349224e+03,1.576704e+02,2.527343e+03,1.781185e+02,1.1297
515,2.605654e+03,1.578103e+02,2.532093e+03,-7.356102e+01,-0.4661
516,2.554328e+03,1.579379e+02,2.536632e+03,-1.769635e+01,-0.1120
517,2.574716e+03,1.580526e+02,2.540953e+03,-3.376220e+01,-0.2136
518,2.576275e+03,1.581546e+02,2.545050e+03,-3.122473e+01,-0.1974
519,2.584823e+03,1.582440e+02,2.548929e+03,-3.589385e+01,-0.2268
520,2.520985e+03,1.583203e+02,2.552577e+03,3.159208e+01,0.1995
521,2.419481e+03,1.583835e+02,2.556001e+03,1.365194e+02,0.8620
522,2.868798e+03,1.584339e+02,2.559193e+03,-3.096047e+02,-1.9542
523,2.758376e+03,1.584710e+02,2.562147e+03,-1.962286e+02,-1.2383
524,2.552750e+03,1.584949e+02,2.564878e+03,1.212768e+01,0.0765
525,2.535441e+03,1.585056e+02,2.567371e+03,3.192992e+01,0.2014
526,2.350205e+03,1.585033e+02,2.569641e+03,2.194359e+02,1.3844
527,2.476351e+03,1.584881e+02,2.571681e+03,9.533005e+01,0.6015
528,2.673140e+03,1.584596e+02,2.573491e+03,-9.964942e+01,-0.6289
529,2.800468e+03,1.584182e+02,2.575072e+03,-2.253966e+02,-1.4228
530,2.356123e+03,1.583639e+02,2.576430e+03,2.203068e+02,1.3911
531,2.717463e+03,1.582966e+02,2.577552e+03,-1.399104e+02,-0.8839
532,2.447586e+03,1.582163e+02,2.578453e+03,1.308664e+02,0.8271
533,2.467412e+03,1.581233e+02,2.579125e+03,1.117128e+02,0.7065
534,2.508903e+03,1.580174e+02,2.579561e+03,7.065738e+01,0.4471
535,2.698830e+03,1.578986e+02,2.579776e+03,-1.190548e+02,-0.7540
536,2.417152e+03,1.577669e+02,2.579755e+03,1.626032e+02,1.0307
537,2.347580e+03,1.576225e+02,2.579514e+03,2.319334e+02,1.4714
538,2.693215e+03,1.574655e+02,2.579045e+03,-1.141704e+02,-0.7251
539,2.569301e+03,1.572957e+02,2.578356e+03,9.054574e+00,0.0576
540,2.586446e+03,1.571130e+02,2.577431e+03,-9.015129e+00,-0.0574
541,2.426034e+03,1.569180e+02,2.576295e+03,1.502609e+02,0.9576
542,2.398018e+03,1.567105e+02,2.574938e+03,1.769204e+02,1.1290
543,2.385110e+03,1.564906e+02,2.573355e+03,1.882451e+02,1.2029
544,2.633671e+03,1.562590e+02,2.571559e+03,-6.211193e+01,-0.3975
545,2.580647e+03,1.560152e+02,2.569552e+03,-1.109492e+01,-0.0711
546,2.598713e+03,1.557598e+02,2.567325e+03,-3.138811e+01,-0.2015
547,2.542409e+03,1.554929e+02,2.564886e+03,2.247715e+01,0.1446
548,2.701856e+03,1.552142e+02,2.562236e+03,-1.396193e+02,-0.8995
549,2.429250e+03,1.549247e+02,2.559375e+03,1.301251e+02,0.8399
550,2.264653e+03,1.546238e+02,2.556302e+03,2.916495e+02,1.8862
551,2.472332e+03,1.543119e+02,2.553033e+03,8.070048e+01,0.5230
552,2.593787e+03,1.539892e+02,2.549553e+03,-4.423461e+01,-0.2873
553,2.473391e+03,1.536557e+02,2.545876e+03,7.248443e+01,0.4717
554,2.838627e+03,1.533119e+02,2.542010e+03,-2.966172e+02,-1.9347
555,2.593977e+03,1.529577e+02,2.537948e+03,-5.602857e+01,-0.3663
556,2.676094e+03,1.525932e+02,2.533690e+03,-1.424047e+02,-0.9332
557,2.507522e+03,1.522184e+02,2.529257e+03,2.173594e+01,0.1428
558,2.700608e+03,1.518341e+02,2.524636e+03,-1.759716e+02,-1.1590
559,2.460454e+03,1.514399e+02,2.519834e+03,5.937953e+01,0.3921
560,2.317100e+03,1.510362e+02,2.514850e+03,1.977498e+02,1.3093
561,2.691565e+03,1.506234e+02,2.509699e+03,-1.818655e+02,-1.2074
562,2.606949e+03,1.502013e+02,2.504367e+03,-1.025819e+02,-0.6830
563,2.572852e+03,1.497706e+02,2.498868e+03,-7.398373e+01,-0.4940
564,2.422385e+03,1.493308e+02,2.493211e+03,7.082602e+01,0.4743
565,2.436182e+03,1.488828e+02,2.487379e+03,5.119678e+01,0.3439
566,2.556985e+03,1.484264e+02,2.481388e+03,-7.559705e+01,-0.5093
567,2.853799e+03,1.479619e+02,2.475245e+03,-3.785546e+02,-2.5585
568,2.445458e+03,1.474893e+02,2.468942e+03,2.348448e+01,0.1592
569,2.566375e+03,1.470093e+02,2.462488e+03,-1.038863e+02,-0.7067
570,2.230471e+03,1.465216e+02,2.455882e+03,2.254114e+02,1.5384
571,2.367106e+03,1.460265e+02,2.449132e+03,8.202611e+01,0.5617
572,2.429435e+03,1.455244e+02,2.442245e+03,1.280996e+01,0.0880
573,2.348650e+03,1.450152e+02,2.435220e+03,8.657008e+01,0.5970
574,2.508799e+03,1.444992e+02,2.428058e+03,-8.074145e+01,-0.5588
575,2.380299e+03,1.439769e+02,2.420781e+03,4.048195e+01,0.2812
576,2.433790e+03,1.434482e+02,2.413375e+03,-2.041527e+01,-0.1423
577,2.689985e+03,1.429135e+02,2.405860e+03,-2.841250e+02,-1.9881
578,2.437701e+03,1.423732e+02,2.398231e+03,-3.947002e+01,-0.2772
579,2.371543e+03,1.418273e+02,2.390494e+03,1.895142e+01,0.1336
580,2.514742e+03,1.412763e+02,2.382657e+03,-1.320851e+02,-0.9349
581,2.608887e+03,1.407205e+02,2.374726e+03,-2.341606e+02,-1.6640
582,2.158232e+03,1.401600e+02,2.366703e+03,2.084712e+02,1.4874
583,2.361752e+03,1.395951e+02,2.358586e+03,-3.165738e+00,-0.0227
584,2.269448e+03,1.390263e+02,2.350392e+03,8.094356e+01,0.5822
585,2.291319e+03,1.384534e+02,2.342119e+03,5.079971e+01,0.3669
586,2.413345e+03,1.378769e+02,2.333767e+03,-7.957814e+01,-0.5772
587,2.605039e+03,1.372973e+02,2.325344e+03,-2.796945e+02,-2.0371
588,2.540451e+03,1.367145e+02,2.316865e+03,-2.235864e+02,-1.6354
589,2.441716e+03,1.361289e+02,2.308315e+03,-1.334017e+02,-0.9800
590,2.335669e+03,1.355409e+02,2.299715e+03,-3.595437e+01,-0.2653
591,2.197727e+03,1.349504e+02,2.291066e+03,9.333878e+01,0.6917
592,2.370768e+03,1.343580e+02,2.282368e+03,-8.839995e+01,-0.6579
593,2.287432e+03,1.337639e+02,2.273628e+03,-1.380381e+01,-0.1032
594,2.174242e+03,1.331681e+02,2.264846e+03,9.060386e+01,0.6804
595,2.212072e+03,1.325712e+02,2.256036e+03,4.396447e+01,0.3316
596,2.157916e+03,1.319735e+02,2.247199e+03,8.928373e+01,0.6765
597,2.190886e+03,1.313749e+02,2.238335e+03,4.744851e+01,0.3612
598,2.241549e+03,1.307759e+02,2.229450e+03,-1.209913e+01,-0.0925
599,2.201919e+03,1.301766e+02,2.220552e+03,1.863317e+01,0.1431
600,2.230115e+03,1.295774e+02,2.211641e+03,-1.847417e+01,-0.1426
601,2.442541e+03,1.289787e+02,2.202731e+03,-2.398093e+02,-1.8593
602,2.230982e+03,1.283803e+02,2.193808e+03,-3.717367e+01,-0.2896
603,1.968254e+03,1.277828e+02,2.184901e+03,2.166470e+02,1.6954
604,1.954131e+03,1.271864e+02,2.175994e+03,2.218631e+02,1.7444
605,2.146305e+03,1.265913e+02,2.167096e+03,2.079083e+01,0.1642
606,2.318068e+03,1.259978e+02,2.158219e+03,-1.598488e+02,-1.2687
607,2.280880e+03,1.254063e+02,2.149358e+03,-1.315226e+02,-1.0488
608,2.235569e+03,1.248167e+02,2.140526e+03,-9.504311e+01,-0.7615
609,1.929405e+03,1.242295e+02,2.131730e+03,2.023245e+02,1.6286
610,2.196771e+03,1.236449e+02,2.122955e+03,-7.381638e+01,-0.5970
611,2.080706e+03,1.230632e+02,2.114231e+03,3.352508e+01,0.2724
612,1.960167e+03,1.224844e+02,2.105543e+03,1.453755e+02,1.1869
613,2.220783e+03,1.219089e+02,2.096897e+03,-1.238867e+02,-1.0162
614,2.271193e+03,1.213369e+02,2.088315e+03,-1.828780e+02,-1.5072
615,2.421087e+03,1.207687e+02,2.079776e+03,-3.413106e+02,-2.8262
616,1.941845e+03,1.202045e+02,2.071308e+03,1.294633e+02,1.0770
617,2.124291e+03,1.196442e+02,2.062904e+03,-6.138687e+01,-0.5131
618,2.012586e+03,1.190885e+02,2.054570e+03,4.198455e+01,0.3525
619,1.881179e+03,1.185376e+02,2.046307e+03,1.651277e+02,1.3930
620,2.196188e+03,1.179915e+02,2.038122e+03,-1.580668e+02,-1.3396
621,2.175716e+03,1.174505e+02,2.030028e+03,-1.456878e+02,-1.2404
622,1.866868e+03,1.169148e+02,2.022019e+03,1.551511e+02,1.3270
623,1.862668e+03,1.163848e+02,2.014094e+03,1.514261e+02,1.3011
624,2.047842e+03,1.158605e+02,2.006267e+03,-4.157432e+01,-0.3588
625,2.052902e+03,1.153423e+02,1.998539e+03,-5.436343e+01,-0.4713
626,1.907024e+03,1.148302e+02,1.990916e+03,8.389169e+01,0.7306
627,1.996861e+03,1.143245e+02,1.983391e+03,-1.347040e+01,-0.1178
628,2.028693e+03,1.138254e+02,1.975985e+03,-5.270776e+01,-0.4631
629,1.844106e+03,1.133330e+02,1.968684e+03,1.245775e+02,1.0992
630,1.972226e+03,1.128475e+02,1.961502e+03,-1.072408e+01,-0.0950
631,2.030299e+03,1.123690e+02,1.954438e+03,-7.586130e+01,-0.6751
632,1.854098e+03,1.118977e+02,1.947493e+03,9.339533e+01,0.8346
633,1.784653e+03,1.114338e+02,1.940681e+03,1.560277e+02,1.4002
634,2.109457e+03,1.109774e+02,1.933994e+03,-1.754630e+02,-1.5811
635,2.020055e+03,1.105286e+02,1.927439e+03,-9.261561e+01,-0.8379
636,1.722771e+03,1.100877e+02,1.921024e+03,1.982530e+02,1.8009
637,1.964281e+03,1.096549e+02,1.914748e+03,-4.953279e+01,-0.4517
638,2.028865e+03,1.092303e+02,1.908611e+03,-1.202541e+02,-1.1009
639,1.933403e+03,1.088141e+02,1.902620e+03,-3.078263e+01,-0.2829
640,1.922829e+03,1.084064e+02,1.896775e+03,-2.605473e+01,-0.2403
641,2.066797e+03,1.080074e+02,1.891082e+03,-1.757146e+02,-1.6269
642,1.907648e+03,1.076172e+02,1.885536e+03,-2.211223e+01,-0.2055
643,2.017415e+03,1.072360e+02,1.880156e+03,-1.372593e+02,-1.2800
644,1.646916e+03,1.068639e+02,1.874921e+03,2.280053e+02,2.1336
645,1.660769e+03,1.065008e+02,1.869853e+03,2.090836e+02,1.9632
646,1.813221e+03,1.061469e+02,1.864951e+03,5.172940e+01,0.4873
647,1.815534e+03,1.058024e+02,1.860208e+03,4.467397e+01,0.4222
648,1.906433e+03,1.054672e+02,1.855631e+03,-5.080225e+01,-0.4817
649,1.980705e+03,1.051415e+02,1.851219e+03,-1.294859e+02,-1.2315
650,1.995848e+03,1.048252e+02,1.846988e+03,-1.488599e+02,-1.4201
651,1.771150e+03,1.045187e+02,1.842923e+03,7.177226e+01,0.6867
652,1.876168e+03,1.042220e+02,1.839029e+03,-3.713884e+01,-0.3563
653,1.783645e+03,1.039350e+02,1.835316e+03,5.167105e+01,0.4971
654,1.741773e+03,1.036580e+02,1.831781e+03,9.000776e+01,0.8683
655,1.930939e+03,1.033909e+02,1.828433e+03,-1.025059e+02,-0.9914
656,1.796609e+03,1.031340e+02,1.825256e+03,2.864673e+01,0.2778
657,1.763285e+03,1.028872e+02,1.822265e+03,5.898043e+01,0.5733
658,1.761203e+03,1.026506e+02,1.819460e+03,5.825739e+01,0.5675
659,1.930792e+03,1.024243e+02,1.816840e+03,-1.139523e+02,-1.1126
660,1.774906e+03,1.022085e+02,1.814405e+03,3.949964e+01,0.3865
661,1.766250e+03,1.020029e+02,1.812155e+03,4.590564e+01,0.4500
662,1.901188e+03,1.018076e+02,1.810098e+03,-9.108998e+01,-0.8947
663,2.094705e+03,1.016227e+02,1.808224e+03,-2.864805e+02,-2.8191
664,1.905319e+03,1.014482e+02,1.806542e+03,-9.877659e+01,-0.9737
665,1.745115e+03,1.012840e+02,1.805052e+03,5.993625e+01,0.5918
666,1.760992e+03,1.011303e+02,1.803745e+03,4.275288e+01,0.4228
667,1.816902e+03,1.009869e+02,1.802629e+03,-1.427284e+01,-0.1413
668,1.795767e+03,1.008539e+02,1.801711e+03,5.943692e+00,0.0589
669,1.729132e+03,1.007312e+02,1.800976e+03,7.184319e+01,0.7132
670,1.753304e+03,1.006191e+02,1.800438e+03,4.713423e+01,0.4684
671,1.817571e+03,1.005172e+02,1.800090e+03,-1.748011e+01,-0.1739
672,1.797771e+03,1.004258e+02,1.799933e+03,2.161401e+00,0.0215
673,1.889479e+03,1.003448e+02,1.799964e+03,-8.951521e+01,-0.8921
674,1.873886e+03,1.002740e+02,1.800185e+03,-7.370097e+01,-0.7350
675,1.883925e+03,1.002139e+02,1.800603e+03,-8.332293e+01,-0.8315
676,1.746304e+03,1.001641e+02,1.801209e+03,5.490434e+01,0.5481
677,1.826003e+03,1.001247e+02,1.802004e+03,-2.399914e+01,-0.2397
678,1.904977e+03,1.000955e+02,1.802980e+03,-1.019970e+02,-1.0190
679,1.743397e+03,1.000764e+02,1.804151e+03,6.075381e+01,0.6071
680,1.697191e+03,1.000674e+02,1.805511e+03,1.083201e+02,1.0825
681,1.645999e+03,1.000683e+02,1.807051e+03,1.610520e+02,1.6094
682,1.851869e+03,1.000791e+02,1.808771e+03,-4.309822e+01,-0.4306
683,1.677525e+03,1.000996e+02,1.810679e+03,1.331545e+02,1.3302
684,1.775173e+03,1.001297e+02,1.812774e+03,3.760115e+01,0.3755
685,1.929250e+03,1.001695e+02,1.815042e+03,-1.142081e+02,-1.1401
686,1.645143e+03,1.002188e+02,1.817489e+03,1.723462e+02,1.7197
687,1.855111e+03,1.002775e+02,1.820116e+03,-3.499524e+01,-0.3490
688,1.911433e+03,1.003455e+02,1.822921e+03,-8.851127e+01,-0.8821
689,1.852486e+03,1.004226e+02,1.825906e+03,-2.658007e+01,-0.2647
690,1.932138e+03,1.005090e+02,1.829063e+03,-1.030753e+02,-1.0255
691,1.686604e+03,1.006043e+02,1.832391e+03,1.457869e+02,1.4491
692,1.695189e+03,1.007085e+02,1.835890e+03,1.407008e+02,1.3971
693,1.918384e+03,1.008216e+02,1.839560e+03,-7.882407e+01,-0.7818
694,1.900332e+03,1.009433e+02,1.843394e+03,-5.693800e+01,-0.5641
695,1.780443e+03,1.010736e+02,1.847399e+03,6.695607e+01,0.6624
696,2.010320e+03,1.012123e+02,1.851553e+03,-1.587676e+02,-1.5687
697,1.978651e+03,1.013594e+02,1.855877e+03,-1.227743e+02,-1.2113
698,1.884557e+03,1.015145e+02,1.860349e+03,-2.420774e+01,-0.2385
699,1.730010e+03,1.016777e+02,1.864985e+03,1.349752e+02,1.3275
700,1.835874e+03,1.018487e+02,1.869769e+03,3.389485e+01,0.3328
701,1.867003e+03,1.020275e+02,1.874701e+03,7.698269e+00,0.0755
702,1.984704e+03,1.022138e+02,1.879774e+03,-1.049301e+02,-1.0266
703,1.976506e+03,1.024075e+02,1.884995e+03,-9.151064e+01,-0.8936
704,1.976812e+03,1.026086e+02,1.890364e+03,-8.644795e+01,-0.8425
705,1.801550e+03,1.028168e+02,1.895860e+03,9.430951e+01,0.9173
706,1.810217e+03,1.030321e+02,1.901503e+03,9.128643e+01,0.8860
707,1.813681e+03,1.032543e+02,1.907273e+03,9.359199e+01,0.9064
708,1.942815e+03,1.034833e+02,1.913168e+03,-2.964712e+01,-0.2865
709,1.869146e+03,1.037189e+02,1.919198e+03,5.005196e+01,0.4826
710,1.870068e+03,1.039610e+02,1.925346e+03,5.527793e+01,0.5317
711,1.980363e+03,1.042092e+02,1.931613e+03,-4.875034e+01,-0.4678
712,1.901293e+03,1.044637e+02,1.938006e+03,3.671311e+01,0.3514
713,1.920502e+03,1.047240e+02,1.944504e+03,2.400204e+01,0.2292
714,1.876410e+03,1.049899e+02,1.951113e+03,7.470366e+01,0.7115
715,1.681522e+03,1.052613e+02,1.957834e+03,2.763129e+02,2.6250
716,2.001095e+03,1.055380e+02,1.964653e+03,-3.644168e+01,-0.3453
717,2.001716e+03,1.058197e+02,1.971568e+03,-3.014740e+01,-0.2849
718,1.806582e+03,1.061062e+02,1.978581e+03,1.719990e+02,1.6210
719,2.035801e+03,1.063972e+02,1.985684e+03,-5.011651e+01,-0.4710
720,1.958329e+03,1.066927e+02,1.992877e+03,3.454806e+01,0.3238
721,1.810340e+03,1.069925e+02,2.000153e+03,1.898135e+02,1.7741
722,1.941976e+03,1.072963e+02,2.007512e+03,6.553610e+01,0.6108
723,2.205260e+03,1.076039e+02,2.014954e+03,-1.903064e+02,-1.7686
724,2.072593e+03,1.079150e+02,2.022472e+03,-5.012096e+01,-0.4644
725,2.066583e+03,1.082296e+02,2.030066e+03,-3.651785e+01,-0.3374
726,1.975081e+03,1.085474e+02,2.037728e+03,6.264676e+01,0.5771
727,1.977917e+03,1.088681e+02,2.045459e+03,6.754265e+01,0.6204
728,1.992073e+03,1.091917e+02,2.053260e+03,6.118650e+01,0.5604
729,1.928713e+03,1.095179e+02,2.061107e+03,1.323941e+02,1.2089
730,1.735321e+03,1.098465e+02,2.069016e+03,3.336958e+02,3.0378
731,2.038451e+03,1.101774e+02,2.076980e+03,3.852935e+01,0.3497
732,2.112842e+03,1.105103e+02,2.084984e+03,-2.785753e+01,-0.2521
733,2.035278e+03,1.108450e+02,2.093036e+03,5.775747e+01,0.5211
734,2.220857e+03,1.111814e+02,2.101128e+03,-1.197296e+02,-1.0769
735,1.946145e+03,1.115191e+02,2.109245e+03,1.630997e+02,1.4625
736,2.179640e+03,1.118581e+02,2.117403e+03,-6.223654e+01,-0.5564
737,2.157575e+03,1.121983e+02,2.125580e+03,-3.199546e+01,-0.2852
738,2.045011e+03,1.125393e+02,2.133783e+03,8.877153e+01,0.7888
739,1.983196e+03,1.128811e+02,2.142005e+03,1.588087e+02,1.4069
740,1.967360e+03,1.132233e+02,2.150238e+03,1.828786e+02,1.6152
741,2.242435e+03,1.135659e+02,2.158476e+03,-8.395907e+01,-0.7393
742,2.360232e+03,1.139084e+02,2.166719e+03,-1.935129e+02,-1.6988
743,2.130307e+03,1.142511e+02,2.174967e+03,4.465957e+01,0.3909
744,2.164022e+03,1.145935e+02,2.183204e+03,1.918211e+01,0.1674
745,2.249897e+03,1.149356e+02,2.191433e+03,-5.846417e+01,-0.5087
746,2.223767e+03,1.152769e+02,2.199644e+03,-2.412271e+01,-0.2093
747,2.360539e+03,1.156174e+02,2.207839e+03,-1.527007e+02,-1.3207
748,2.410195e+03,1.159569e+02,2.216010e+03,-1.941859e+02,-1.6746
749,2.395825e+03,1.162949e+02,2.224157e+03,-1.716686e+02,-1.4761
750,2.223748e+03,1.166316e+02,2.232273e+03,8.525359e+00,0.0731
751,2.309994e+03,1.169666e+02,2.240351e+03,-6.964293e+01,-0.5954
752,2.029031e+03,1.172997e+02,2.248385e+03,2.193531e+02,1.8700
753,2.267489e+03,1.176308e+02,2.256380e+03,-1.110881e+01,-0.0944
754,2.256328e+03,1.179595e+02,2.264331e+03,8.003600e+00,0.0679
755,2.177404e+03,1.182858e+02,2.272230e+03,9.482660e+01,0.8017
756,2.304696e+03,1.186092e+02,2.280071e+03,-2.462508e+01,-0.2076
757,2.517918e+03,1.189298e+02,2.287868e+03,-2.300503e+02,-1.9343
758,2.265374e+03,1.192473e+02,2.295606e+03,3.023288e+01,0.2535
759,2.275060e+03,1.195615e+02,2.303287e+03,2.822783e+01,0.2361
760,2.277021e+03,1.198722e+02,2.310903e+03,3.388226e+01,0.2827
761,2.478615e+03,1.201793e+02,2.318454e+03,-1.601602e+02,-1.3327
762,2.289142e+03,1.204823e+02,2.325934e+03,3.679196e+01,0.3054
763,2.296646e+03,1.207814e+02,2.333342e+03,3.669653e+01,0.3038
764,2.419032e+03,1.210763e+02,2.340664e+03,-7.836739e+01,-0.6473
765,2.279498e+03,1.213669e+02,2.347901e+03,6.840254e+01,0.5636
766,2.283951e+03,1.216533e+02,2.355052e+03,7.110157e+01,0.5845
767,2.309935e+03,1.219352e+02,2.362104e+03,5.216859e+01,0.4278
768,2.258763e+03,1.222122e+02,2.369064e+03,1.103005e+02,0.9025
769,2.528925e+03,1.224842e+02,2.375909e+03,-1.530163e+02,-1.2493
770,2.272160e+03,1.227511e+02,2.382656e+03,1.104962e+02,0.9002
771,2.505396e+03,1.230127e+02,2.389290e+03,-1.161069e+02,-0.9439
772,2.299774e+03,1.232688e+02,2.395803e+03,9.602841e+01,0.7790
773,2.326025e+03,1.235193e+02,2.402203e+03,7.617805e+01,0.6167
774,2.358154e+03,1.237640e+02,2.408477e+03,5.032326e+01,0.4066
775,2.351970e+03,1.240026e+02,2.414624e+03,6.265399e+01,0.5053
776,2.324808e+03,1.242353e+02,2.420651e+03,9.584311e+01,0.7715
777,2.475568e+03,1.244617e+02,2.426553e+03,-4.901511e+01,-0.3938
778,2.262735e+03,1.246817e+02,2.432329e+03,1.695938e+02,1.3602
779,2.310215e+03,1.248952e+02,2.437979e+03,1.277641e+02,1.0230
780,2.414326e+03,1.251020e+02,2.443497e+03,2.917132e+01,0.2332
781,2.276367e+03,1.253020e+02,2.448891e+03,1.725233e+02,1.3769
782,2.506830e+03,1.254953e+02,2.454145e+03,-5.268497e+01,-0.4198
783,2.266348e+03,1.256815e+02,2.459267e+03,1.929196e+02,1.5350
784,2.306958e+03,1.258607e+02,2.464244e+03,1.572859e+02,1.2497
785,2.750032e+03,1.260326e+02,2.469075e+03,-2.809569e+02,-2.2292
786,2.586416e+03,1.261971e+02,2.473746e+03,-1.126699e+02,-0.8928
787,2.489163e+03,1.263543e+02,2.478265e+03,-1.089813e+01,-0.0863
788,2.506981e+03,1.265040e+02,2.482624e+03,-2.435735e+01,-0.1925
789,2.416486e+03,1.266461e+02,2.486809e+03,7.032286e+01,0.5553
790,2.357909e+03,1.267845e+02,2.490835e+03,1.329258e+02,1.0484
791,2.611534e+03,1.269183e+02,2.494688e+03,-1.168464e+02,-0.9206
792,2.322286e+03,1.270438e+02,2.498375e+03,1.760893e+02,1.3861
793,2.445875e+03,1.271612e+02,2.501889e+03,5.601457e+01,0.4405
794,2.430614e+03,1.272703e+02,2.505231e+03,7.461687e+01,0.5863
795,2.453844e+03,1.273708e+02,2.508394e+03,5.454994e+01,0.4283
796,2.483652e+03,1.274629e+02,2.511384e+03,2.773288e+01,0.2176
797,2.510914e+03,1.275463e+02,2.514204e+03,3.289858e+00,0.0258
798,2.538532e+03,1.276211e+02,2.516844e+03,-2.168769e+01,-0.1699
799,2.566305e+03,1.276873e+02,2.519314e+03,-4.699129e+01,-0.3680
800,2.529004e+03,1.277447e+02,2.521605e+03,-7.399009e+00,-0.0579
801,2.266280e+03,1.277934e+02,2.523719e+03,2.574388e+02,2.0145
802,2.485594e+03,1.278332e+02,2.525663e+03,4.006841e+01,0.3134
803,2.583053e+03,1.278641e+02,2.527422e+03,-5.563166e+01,-0.4351
804,2.388082e+03,1.278862e+02,2.529004e+03,1.409217e+02,1.1019
805,2.440108e+03,1.278992e+02,2.530395e+03,9.028769e+01,0.7059
806,2.433775e+03,1.279033e+02,2.531588e+03,9.781259e+01,0.7647
807,2.576929e+03,1.278982e+02,2.532582e+03,-4.434670e+01,-0.3467
808,2.520278e+03,1.278839e+02,2.533379e+03,1.310095e+01,0.1024
809,2.446683e+03,1.278606e+02,2.533971e+03,8.728804e+01,0.6827
810,2.599154e+03,1.278280e+02,2.534358e+03,-6.479594e+01,-0.5069
811,2.471725e+03,1.277862e+02,2.534541e+03,6.281679e+01,0.4916
812,2.727513e+03,1.277350e+02,2.534535e+03,-1.929783e+02,-1.5108
813,2.603965e+03,1.276745e+02,2.534332e+03,-6.963289e+01,-0.5454
814,2.508827e+03,1.276048e+02,2.533941e+03,2.511430e+01,0.1968
815,2.498218e+03,1.275257e+02,2.533369e+03,3.515132e+01,0.2756
816,2.576294e+03,1.274374e+02,2.532616e+03,-4.367741e+01,-0.3427
817,2.507615e+03,1.273398e+02,2.531675e+03,2.406021e+01,0.1889
818,2.345976e+03,1.272330e+02,2.530547e+03,1.845712e+02,1.4507
819,2.742245e+03,1.271170e+02,2.529224e+03,-2.130212e+02,-1.6758
820,2.477612e+03,1.269917e+02,2.527699e+03,5.008654e+01,0.3944
821,2.483087e+03,1.268573e+02,2.525965e+03,4.287730e+01,0.3380
822,2.494120e+03,1.267136e+02,2.524021e+03,2.990182e+01,0.2360
823,2.599362e+03,1.265607e+02,2.521862e+03,-7.750048e+01,-0.6124
824,2.539821e+03,1.263988e+02,2.519494e+03,-2.032653e+01,-0.1608
825,2.473813e+03,1.262276e+02,2.516925e+03,4.311181e+01,0.3415
826,2.355444e+03,1.260473e+02,2.514156e+03,1.587112e+02,1.2591
827,2.677681e+03,1.258579e+02,2.511193e+03,-1.664877e+02,-1.3228
828,2.620501e+03,1.256593e+02,2.508038e+03,-1.124639e+02,-0.8950
829,2.624158e+03,1.254526e+02,2.504704e+03,-1.194541e+02,-0.9522
830,2.415968e+03,1.252369e+02,2.501193e+03,8.522576e+01,0.6805
831,2.601430e+03,1.250121e+02,2.497505e+03,-1.039255e+02,-0.8313
832,2.312078e+03,1.247785e+02,2.493632e+03,1.815532e+02,1.4550
833,2.456138e+03,1.245358e+02,2.489566e+03,3.342831e+01,0.2684
834,2.592666e+03,1.242843e+02,2.485317e+03,-1.073491e+02,-0.8637
835,2.550889e+03,1.240242e+02,2.480868e+03,-7.002066e+01,-0.5646
836,2.382248e+03,1.237552e+02,2.476213e+03,9.396465e+01,0.7593
837,2.548343e+03,1.234776e+02,2.471359e+03,-7.698419e+01,-0.6235
838,2.384900e+03,1.231913e+02,2.466313e+03,8.141315e+01,0.6609
839,2.460613e+03,1.228964e+02,2.461062e+03,4.494265e-01,0.0037
840,2.413533e+03,1.225931e+02,2.455635e+03,4.210224e+01,0.3434
841,2.568205e+03,1.222812e+02,2.450024e+03,-1.181814e+02,-0.9665
842,2.547545e+03,1.219610e+02,2.444237e+03,-1.033075e+02,-0.8471
843,2.572519e+03,1.216325e+02,2.438274e+03,-1.342440e+02,-1.1037
844,2.711797e+03,1.212953e+02,2.432158e+03,-2.796385e+02,-2.3054
845,2.391932e+03,1.209500e+02,2.425867e+03,3.393452e+01,0.2806
846,2.509716e+03,1.205964e+02,2.419415e+03,-9.030133e+01,-0.7488
847,2.247648e+03,1.202348e+02,2.412787e+03,1.651392e+02,1.3735
848,2.434322e+03,1.198653e+02,2.405991e+03,-2.833011e+01,-0.2363
849,2.369075e+03,1.194879e+02,2.399021e+03,2.994579e+01,0.2506
850,2.311711e+03,1.191028e+02,2.391867e+03,8.015622e+01,0.6730
851,2.503642e+03,1.187103e+02,2.384546e+03,-1.190960e+02,-1.0032
852,2.236875e+03,1.183103e+02,2.377050e+03,1.401753e+02,1.1848
853,2.489113e+03,1.179029e+02,2.369386e+03,-1.197261e+02,-1.0155
854,2.453928e+03,1.174885e+02,2.361555e+03,-9.237355e+01,-0.7862
855,2.437443e+03,1.170670e+02,2.353578e+03,-8.386521e+01,-0.7164
856,2.473720e+03,1.166387e+02,2.345441e+03,-1.282797e+02,-1.0998
857,2.294903e+03,1.162034e+02,2.337165e+03,4.226251e+01,0.3637
858,2.387668e+03,1.157615e+02,2.328751e+03,-5.891664e+01,-0.5089
859,2.191558e+03,1.153131e+02,2.320199e+03,1.286411e+02,1.1156
860,2.478084e+03,1.148582e+02,2.311509e+03,-1.665750e+02,-1.4503
861,2.401418e+03,1.143970e+02,2.302688e+03,-9.873025e+01,-0.8630
862,2.186844e+03,1.139297e+02,2.293728e+03,1.068836e+02,0.9382
863,2.316645e+03,1.134563e+02,2.284645e+03,-3.200072e+01,-0.2821
864,2.477936e+03,1.129769e+02,2.275430e+03,-2.025057e+02,-1.7925
865,2.224919e+03,1.124920e+02,2.266084e+03,4.116537e+01,0.3659
866,2.407835e+03,1.120013e+02,2.256622e+03,-1.512131e+02,-1.3501
867,2.369148e+03,1.115052e+02,2.247028e+03,-1.221202e+02,-1.0952
868,2.304882e+03,1.110068e+02,2.237310e+03,-6.757276e+01,-0.6087
869,2.086987e+03,1.105061e+02,2.227475e+03,1.404876e+02,1.2713
870,2.134609e+03,1.100003e+02,2.217515e+03,8.290571e+01,0.7537
871,2.241755e+03,1.094898e+02,2.207439e+03,-3.431667e+01,-0.3134
872,2.214432e+03,1.089744e+02,2.197252e+03,-1.717982e+01,-0.1577
873,2.182468e+03,1.084545e+02,2.186948e+03,4.480761e+00,0.0413
874,2.450431e+03,1.079300e+02,2.176542e+03,-2.738891e+02,-2.5377
875,2.166190e+03,1.074011e+02,2.166032e+03,-1.573813e-01,-0.0015
876,2.205907e+03,1.068683e+02,2.155427e+03,-5.048009e+01,-0.4724
877,2.318629e+03,1.063325e+02,2.144727e+03,-1.739024e+02,-1.6355
878,2.061018e+03,1.057937e+02,2.133952e+03,7.293383e+01,0.6894
879,2.094534e+03,1.052514e+02,2.123089e+03,2.855510e+01,0.2713
880,2.146067e+03,1.047053e+02,2.112152e+03,-3.391463e+01,-0.3239
881,1.985361e+03,1.041558e+02,2.101134e+03,1.157721e+02,1.1115
882,2.112978e+03,1.036031e+02,2.090048e+03,-2.292962e+01,-0.2213
883,1.941020e+03,1.030471e+02,2.078888e+03,1.378676e+02,1.3379
884,1.995631e+03,1.024882e+02,2.067653e+03,7.202201e+01,0.7027
885,2.222515e+03,1.019266e+02,2.056351e+03,-1.661640e+02,-1.6302
886,2.132687e+03,1.013621e+02,2.044980e+03,-8.770616e+01,-0.8653
887,2.148635e+03,1.007952e+02,2.033542e+03,-1.150929e+02,-1.1418
888,2.083896e+03,1.002260e+02,2.022051e+03,-6.184536e+01,-0.6171
889,1.981188e+03,9.965442e+01,2.010491e+03,2.930262e+01,0.2940
890,2.098470e+03,9.908082e+01,1.998885e+03,-9.958523e+01,-1.0051
891,2.080489e+03,9.850541e+01,1.987225e+03,-9.326399e+01,-0.9468
892,1.980671e+03,9.792815e+01,1.975518e+03,-5.153565e+00,-0.0526
893,2.093993e+03,9.734929e+01,1.963764e+03,-1.302288e+02,-1.3377
894,1.998549e+03,9.676908e+01,1.951977e+03,-4.657177e+01,-0.4813
895,2.099640e+03,9.618746e+01,1.940144e+03,-1.594962e+02,-1.6582
896,1.836168e+03,9.560470e+01,1.928284e+03,9.211597e+01,0.9635
897,1.899349e+03,9.502105e+01,1.916392e+03,1.704267e+01,0.1794
898,1.825430e+03,9.443646e+01,1.904473e+03,7.904331e+01,0.8370
899,1.749521e+03,9.385118e+01,1.892536e+03,1.430147e+02,1.5238
900,2.060628e+03,9.326546e+01,1.880580e+03,-1.800483e+02,-1.9305
901,1.833544e+03,9.267925e+01,1.868604e+03,3.505991e+01,0.3783
902,1.861546e+03,9.209282e+01,1.856624e+03,-4.922381e+00,-0.0535
903,2.149776e+03,9.150630e+01,1.844638e+03,-3.051378e+02,-3.3346
904,1.727421e+03,9.091996e+01,1.832647e+03,1.052265e+02,1.1574
905,1.749001e+03,9.033374e+01,1.820658e+03,7.165693e+01,0.7932
906,1.897924e+03,8.974789e+01,1.808670e+03,-8.925417e+01,-0.9945
907,1.845942e+03,8.916268e+01,1.796697e+03,-4.924490e+01,-0.5523
908,1.833141e+03,8.857803e+01,1.784733e+03,-4.840831e+01,-0.5465
909,1.719385e+03,8.799422e+01,1.772784e+03,5.339814e+01,0.6068
910,1.604394e+03,8.741149e+01,1.760849e+03,1.564554e+02,1.7899
911,1.911906e+03,8.682979e+01,1.748936e+03,-1.629700e+02,-1.8769
912,1.695981e+03,8.624937e+01,1.737052e+03,4.107050e+01,0.4762
913,1.854091e+03,8.567049e+01,1.725196e+03,-1.288951e+02,-1.5045
914,1.659211e+03,8.509309e+01,1.713369e+03,5.415760e+01,0.6365
915,1.655788e+03,8.451741e+01,1.701569e+03,4.578127e+01,0.5417
916,1.835710e+03,8.394370e+01,1.689811e+03,-1.458987e+02,-1.7381
917,1.774464e+03,8.337188e+01,1.678088e+03,-9.637606e+01,-1.1560
918,1.744745e+03,8.280220e+01,1.666399e+03,-7.834597e+01,-0.9462
919,1.669128e+03,8.223490e+01,1.654759e+03,-1.436883e+01,-0.1747
920,1.807991e+03,8.166992e+01,1.643167e+03,-1.648237e+02,-2.0182
921,1.799535e+03,8.110749e+01,1.631616e+03,-1.679196e+02,-2.0703
922,1.599605e+03,8.054776e+01,1.620119e+03,2.051397e+01,0.2547
923,1.603660e+03,7.999095e+01,1.608685e+03,5.025035e+00,0.0628
924,1.451639e+03,7.943701e+01,1.597297e+03,1.456587e+02,1.8336
925,1.397536e+03,7.888619e+01,1.585978e+03,1.884423e+02,2.3888
926,1.712922e+03,7.833870e+01,1.574721e+03,-1.382008e+02,-1.7641
927,1.536389e+03,7.779450e+01,1.563531e+03,2.714208e+01,0.3489
928,1.525779e+03,7.725383e+01,1.552417e+03,2.663808e+01,0.3448
929,1.689056e+03,7.671691e+01,1.541377e+03,-1.476783e+02,-1.9250
930,1.652541e+03,7.618370e+01,1.530413e+03,-1.221286e+02,-1.6031
931,1.642933e+03,7.565441e+01,1.519522e+03,-1.234112e+02,-1.6312
932,1.642593e+03,7.512915e+01,1.508720e+03,-1.338734e+02,-1.7819
933,1.480819e+03,7.460811e+01,1.497999e+03,1.717962e+01,0.2303
934,1.557558e+03,7.409117e+01,1.487366e+03,-7.019251e+01,-0.9474
935,1.375798e+03,7.357853e+01,1.476820e+03,1.010226e+02,1.3730
936,1.508147e+03,7.307038e+01,1.466362e+03,-4.178427e+01,-0.5718
937,1.447551e+03,7.256660e+01,1.455999e+03,8.447464e+00,0.1164
938,1.434718e+03,7.206739e+01,1.445730e+03,1.101187e+01,0.1528
939,1.658281e+03,7.157293e+01,1.435561e+03,-2.227192e+02,-3.1118
940,1.337158e+03,7.108312e+01,1.425487e+03,8.832904e+01,1.2426
941,1.437743e+03,7.059815e+01,1.415520e+03,-2.222257e+01,-0.3148
942,1.461390e+03,7.011810e+01,1.405654e+03,-5.573541e+01,-0.7949
943,1.391490e+03,6.964315e+01,1.395895e+03,4.405262e+00,0.0633
944,1.342495e+03,6.917320e+01,1.386244e+03,4.374868e+01,0.6325
945,1.434626e+03,6.870844e+01,1.376706e+03,-5.791968e+01,-0.8430
946,1.375438e+03,6.824903e+01,1.367275e+03,-8.162991e+00,-0.1196
947,1.299730e+03,6.779489e+01,1.357965e+03,5.823530e+01,0.8590
948,1.316960e+03,6.734619e+01,1.348768e+03,3.180786e+01,0.4723
949,1.312073e+03,6.690300e+01,1.339685e+03,2.761192e+01,0.4127
950,1.405416e+03,6.646547e+01,1.330729e+03,-7.468764e+01,-1.1237
951,1.445585e+03,6.603350e+01,1.321892e+03,-1.236930e+02,-1.8732
952,1.257765e+03,6.560723e+01,1.313175e+03,5.541009e+01,0.8446
953,1.344397e+03,6.518684e+01,1.304585e+03,-3.981216e+01,-0.6107
954,1.338848e+03,6.477219e+01,1.296114e+03,-4.273451e+01,-0.6598
955,1.294596e+03,6.436346e+01,1.287776e+03,-6.820062e+00,-0.1060
956,1.298779e+03,6.396071e+01,1.279563e+03,-1.921572e+01,-0.3004
957,1.459959e+03,6.356409e+01,1.271484e+03,-1.884759e+02,-2.9651
958,1.352590e+03,6.317349e+01,1.263529e+03,-8.906130e+01,-1.4098
959,1.241518e+03,6.278908e+01,1.255706e+03,1.418815e+01,0.2260
960,1.301985e+03,6.241101e+01,1.248022e+03,-5.396284e+01,-0.8646
961,1.274383e+03,6.203917e+01,1.240470e+03,-3.391321e+01,-0.5466
962,1.229088e+03,6.167371e+01,1.233056e+03,3.967785e+00,0.0643
963,1.138608e+03,6.131471e+01,1.225781e+03,8.717227e+01,1.4217
964,1.268307e+03,6.096231e+01,1.218643e+03,-4.966352e+01,-0.8147
965,1.118654e+03,6.061642e+01,1.211643e+03,9.298925e+01,1.5341
966,1.248220e+03,6.027712e+01,1.204781e+03,-4.343918e+01,-0.7207
967,1.254844e+03,5.994452e+01,1.198063e+03,-5.678092e+01,-0.9472
968,1.293574e+03,5.961845e+01,1.191482e+03,-1.020924e+02,-1.7124
969,1.272574e+03,5.929900e+01,1.185044e+03,-8.752970e+01,-1.4761
970,1.190260e+03,5.898620e+01,1.178751e+03,-1.150888e+01,-0.1951
971,1.227866e+03,5.868012e+01,1.172594e+03,-5.527203e+01,-0.9419
972,1.226915e+03,5.838062e+01,1.166580e+03,-6.033517e+01,-1.0335
973,1.115620e+03,5.808778e+01,1.160709e+03,4.508911e+01,0.7762
974,1.116882e+03,5.780161e+01,1.154988e+03,3.810557e+01,0.6592
975,1.192392e+03,5.752222e+01,1.149402e+03,-4.298948e+01,-0.7474
976,1.082917e+03,5.724943e+01,1.143959e+03,6.104239e+01,1.0663
977,1.121099e+03,5.698334e+01,1.138665e+03,1.756653e+01,0.3083
978,1.198789e+03,5.672405e+01,1.133514e+03,-6.527534e+01,-1.1508
979,1.066164e+03,5.647140e+01,1.128504e+03,6.233970e+01,1.1039
980,1.128532e+03,5.622547e+01,1.123643e+03,-4.889039e+00,-0.0870
981,1.146356e+03,5.598629e+01,1.118923e+03,-2.743271e+01,-0.4900
982,1.128806e+03,5.575394e+01,1.114344e+03,-1.446216e+01,-0.2594
983,1.128771e+03,5.552823e+01,1.109907e+03,-1.886423e+01,-0.3397
984,1.153033e+03,5.530922e+01,1.105618e+03,-4.741542e+01,-0.8573
985,1.098192e+03,5.509689e+01,1.101469e+03,3.277085e+00,0.0595
986,1.148535e+03,5.489129e+01,1.097461e+03,-5.107425e+01,-0.9305
987,1.112929e+03,5.469223e+01,1.093601e+03,-1.932776e+01,-0.3534
988,1.069331e+03,5.449978e+01,1.089881e+03,2.054995e+01,0.3771
989,1.126684e+03,5.431390e+01,1.086302e+03,-4.038254e+01,-0.7435
990,9.752899e+02,5.413466e+01,1.082862e+03,1.075721e+02,1.9871
991,1.088739e+03,5.396186e+01,1.079562e+03,-9.177062e+00,-0.1701
992,1.213144e+03,5.379556e+01,1.076410e+03,-1.367347e+02,-2.5417
993,1.155018e+03,5.363574e+01,1.073390e+03,-8.162864e+01,-1.5219
994,1.121557e+03,5.348245e+01,1.070516e+03,-5.104071e+01,-0.9543
995,1.035665e+03,5.333551e+01,1.067775e+03,3.211044e+01,0.6020
996,1.012300e+03,5.319498e+01,1.065173e+03,5.287377e+01,0.9940
997,1.092782e+03,5.306082e+01,1.062711e+03,-3.007087e+01,-0.5667
998,1.030024e+03,5.293312e+01,1.060388e+03,3.036417e+01,0.5736
999,1.049733e+03,5.281163e+01,1.058197e+03,8.463690e+00,0.1603
1000,9.711745e+02,5.269677e+01,1.056144e+03,8.496980e+01,1.6124
1001,1.052110e+03,5.258775e+01,1.054216e+03,2.106687e+00,0.0401
1002,1.014328e+03,5.248510e+01,1.052427e+03,3.809988e+01,0.7259
1003,1.112060e+03,5.238823e+01,1.050763e+03,-6.129767e+01,-1.1701
1004,1.019710e+03,5.229731e+01,1.049230e+03,2.951982e+01,0.5645
1005,1.035048e+03,5.221226e+01,1.047814e+03,1.276543e+01,0.2445
1006,1.002225e+03,5.213310e+01,1.046530e+03,4.430447e+01,0.8498
1007,1.053831e+03,5.205958e+01,1.045362e+03,-8.468458e+00,-0.1627
1008,9.727901e+02,5.199171e+01,1.044319e+03,7.152929e+01,1.3758
1009,1.100092e+03,5.192941e+01,1.043401e+03,-5.669109e+01,-1.0917
1010,1.123808e+03,5.187268e+01,1.042592e+03,-8.121558e+01,-1.5657
1011,1.076141e+03,5.182130e+01,1.041908e+03,-3.423318e+01,-0.6606
1012,9.521686e+02,5.177525e+01,1.041334e+03,8.916516e+01,1.7222
1013,1.083622e+03,5.173448e+01,1.040869e+03,-4.275301e+01,-0.8264
1014,1.135410e+03,5.169897e+01,1.040530e+03,-9.488020e+01,-1.8352
1015,1.116017e+03,5.166850e+01,1.040293e+03,-7.572403e+01,-1.4656
1016,1.059784e+03,5.164307e+01,1.040173e+03,-1.961134e+01,-0.3797
1017,1.090402e+03,5.162259e+01,1.040171e+03,-5.023088e+01,-0.9730
1018,9.538741e+02,5.160705e+01,1.040272e+03,8.639797e+01,1.6742
1019,1.166202e+03,5.159613e+01,1.040483e+03,-1.257183e+02,-2.4366
1020,9.813321e+02,5.158997e+01,1.040805e+03,5.947319e+01,1.1528
1021,1.022027e+03,5.158841e+01,1.041230e+03,1.920363e+01,0.3722
1022,1.044350e+03,5.159136e+01,1.041759e+03,-2.591197e+00,-0.0502
1023,1.010747e+03,5.159874e+01,1.042375e+03,3.162863e+01,0.6130
1024,1.077999e+03,5.161045e+01,1.043096e+03,-3.490301e+01,-0.6763
1025,9.844845e+02,5.162633e+01,1.043898e+03,5.941301e+01,1.1508
1026,1.058528e+03,5.164643e+01,1.044796e+03,-1.373240e+01,-0.2659
1027,9.637151e+02,5.167061e+01,1.045775e+03,8.206028e+01,1.5881
1028,1.059960e+03,5.169877e+01,1.046837e+03,-1.312354e+01,-0.2538
1029,1.024370e+03,5.173083e+01,1.047995e+03,2.362511e+01,0.4567
1030,1.005074e+03,5.176668e+01,1.049228e+03,4.415397e+01,0.8529
1031,1.007927e+03,5.180618e+01,1.050551e+03,4.262316e+01,0.8227
1032,1.057283e+03,5.184938e+01,1.051948e+03,-5.335035e+00,-0.1029
1033,1.071366e+03,5.189611e+01,1.053435e+03,-1.793050e+01,-0.3455
1034,1.104732e+03,5.194627e+01,1.054998e+03,-4.973436e+01,-0.9574
1035,1.084772e+03,5.199974e+01,1.056644e+03,-2.812835e+01,-0.5409
1036,1.011399e+03,5.205642e+01,1.058357e+03,4.695804e+01,0.9021
1037,9.944810e+02,5.211613e+01,1.060132e+03,6.565108e+01,1.2597
1038,1.103587e+03,5.217891e+01,1.061983e+03,-4.160379e+01,-0.7973
1039,1.102100e+03,5.224458e+01,1.063895e+03,-3.820567e+01,-0.7313
1040,1.085023e+03,5.231304e+01,1.065861e+03,-1.916214e+01,-0.3663
1041,1.084766e+03,5.238419e+01,1.067888e+03,-1.687774e+01,-0.3222
1042,9.912366e+02,5.245784e+01,1.069970e+03,7.873388e+01,1.5009
1043,1.001273e+03,5.253404e+01,1.072100e+03,7.082655e+01,1.3482
1044,1.134768e+03,5.261261e+01,1.074291e+03,-6.047652e+01,-1.1495
1045,1.017107e+03,5.269345e+01,1.076531e+03,5.942417e+01,1.1277
1046,1.078143e+03,5.277646e+01,1.078818e+03,6.754102e-01,0.0128
1047,1.068139e+03,5.286153e+01,1.081153e+03,1.301398e+01,0.2462
1048,1.025227e+03,5.294848e+01,1.083537e+03,5.830998e+01,1.1013
1049,1.173363e+03,5.303736e+01,1.085961e+03,-8.740165e+01,-1.6479
1050,1.072266e+03,5.312799e+01,1.088427e+03,1.616067e+01,0.3042
1051,1.074938e+03,5.322027e+01,1.090927e+03,1.598922e+01,0.3004
1052,1.123814e+03,5.331410e+01,1.093461e+03,-3.035289e+01,-0.5693
1053,1.110394e+03,5.340930e+01,1.096031e+03,-1.436345e+01,-0.2689
1054,1.170499e+03,5.350592e+01,1.098635e+03,-7.186461e+01,-1.3431
1055,1.049029e+03,5.360378e+01,1.101259e+03,5.223032e+01,0.9744
1056,1.110937e+03,5.370278e+01,1.103912e+03,-7.024651e+00,-0.1308
1057,1.064810e+03,5.380283e+01,1.106587e+03,4.177681e+01,0.7765
1058,1.185486e+03,5.390373e+01,1.109282e+03,-7.620399e+01,-1.4137
1059,1.255890e+03,5.400555e+01,1.111992e+03,-1.438980e+02,-2.6645
1060,1.177583e+03,5.410811e+01,1.114725e+03,-6.285814e+01,-1.1617
1061,1.087420e+03,5.421130e+01,1.117472e+03,3.005186e+01,0.5543
1062,1.082228e+03,5.431504e+01,1.120235e+03,3.800686e+01,0.6997
1063,1.070424e+03,5.441914e+01,1.123006e+03,5.258170e+01,0.9662
1064,1.002629e+03,5.452365e+01,1.125786e+03,1.231563e+02,2.2588
1065,1.154469e+03,5.462841e+01,1.128567e+03,-2.590165e+01,-0.4741
1066,1.157059e+03,5.473330e+01,1.131358e+03,-2.570112e+01,-0.4696
1067,1.160274e+03,5.483824e+01,1.134143e+03,-2.613066e+01,-0.4765
1068,1.141996e+03,5.494307e+01,1.136939e+03,-5.057871e+00,-0.0921
1069,1.184077e+03,5.504784e+01,1.139722e+03,-4.435485e+01,-0.8058
1070,1.129309e+03,5.515241e+01,1.142509e+03,1.319966e+01,0.2393
1071,1.120774e+03,5.525668e+01,1.145284e+03,2.451017e+01,0.4436
1072,1.060590e+03,5.536057e+01,1.148056e+03,8.746605e+01,1.5799
1073,1.152067e+03,5.546394e+01,1.150810e+03,-1.257183e+00,-0.0227
1074,1.205929e+03,5.556683e+01,1.153554e+03,-5.237545e+01,-0.9426
1075,1.164707e+03,5.566909e+01,1.156280e+03,-8.426710e+00,-0.1514
1076,1.228733e+03,5.577064e+01,1.158996e+03,-6.973627e+01,-1.2504
1077,1.143119e+03,5.587140e+01,1.161689e+03,1.856971e+01,0.3324
1078,1.091311e+03,5.597121e+01,1.164365e+03,7.305390e+01,1.3052
1079,1.231066e+03,5.607014e+01,1.167010e+03,-6.405577e+01,-1.1424
1080,1.114586e+03,5.616803e+01,1.169639e+03,5.505366e+01,0.9802
1081,1.127141e+03,5.626480e+01,1.172238e+03,4.509696e+01,0.8015
1082,1.229461e+03,5.636037e+01,1.174807e+03,-5.465340e+01,-0.9697
1083,1.249807e+03,5.645458e+01,1.177346e+03,-7.246030e+01,-1.2835
1084,1.280367e+03,5.654751e+01,1.179856e+03,-1.005106e+02,-1.7775
1085,1.205758e+03,5.663900e+01,1.182330e+03,-2.342838e+01,-0.4136
1086,1.250656e+03,5.672901e+01,1.184767e+03,-6.588947e+01,-1.1615
1087,1.311861e+03,5.681747e+01,1.187168e+03,-1.246923e+02,-2.1946
1088,1.049688e+03,5.690424e+01,1.189527e+03,1.398383e+02,2.4574
1089,1.248902e+03,5.698940e+01,1.191842e+03,-5.705979e+01,-1.0012
1090,1.273063e+03,5.707282e+01,1.194115e+03,-7.894736e+01,-1.3833
1091,1.187590e+03,5.715444e+01,1.196346e+03,8.756157e+00,0.1532
1092,1.251496e+03,5.723412e+01,1.198528e+03,-5.296793e+01,-0.9255
1093,1.282965e+03,5.731194e+01,1.200661e+03,-8.230423e+01,-1.4361
1094,1.145095e+03,5.738778e+01,1.202745e+03,5.765015e+01,1.0046
1095,1.252196e+03,5.746156e+01,1.204780e+03,-4.741580e+01,-0.8252
1096,1.099591e+03,5.753323e+01,1.206760e+03,1.071688e+02,1.8627
1097,1.203247e+03,5.760265e+01,1.208692e+03,5.444627e+00,0.0945
1098,1.262175e+03,5.766991e+01,1.210569e+03,-5.160571e+01,-0.8948
1099,1.118362e+03,5.773487e+01,1.212384e+03,9.402192e+01,1.6285
1100,1.289740e+03,5.779748e+01,1.214151e+03,-7.558911e+01,-1.3078
1101,1.274206e+03,5.785760e+01,1.215849e+03,-5.835632e+01,-1.0086
1102,1.165144e+03,5.791533e+01,1.217494e+03,5.235006e+01,0.9039
1103,1.283465e+03,5.797058e+01,1.219070e+03,-6.439532e+01,-1.1108
1104,1.222331e+03,5.802330e+01,1.220592e+03,-1.738866e+00,-0.0300
1105,1.223054e+03,5.807347e+01,1.222046e+03,-1.007362e+00,-0.0173
1106,1.076286e+03,5.812098e+01,1.223433e+03,1.471465e+02,2.5317
1107,1.264105e+03,5.816592e+01,1.224759e+03,-3.934586e+01,-0.6764
1108,1.200050e+03,5.820821e+01,1.226011e+03,2.596194e+01,0.4460
1109,1.181361e+03,5.824780e+01,1.227204e+03,4.584340e+01,0.7870
1110,1.299101e+03,5.828459e+01,1.228323e+03,-7.077808e+01,-1.2144
1111,1.192385e+03,5.831869e+01,1.229375e+03,3.699016e+01,0.6343
1112,1.209506e+03,5.834998e+01,1.230353e+03,2.084733e+01,0.3573
1113,1.287960e+03,5.837845e+01,1.231266e+03,-5.669415e+01,-0.9711
1114,1.163716e+03,5.840397e+01,1.232106e+03,6.838992e+01,1.1710
1115,1.121259e+03,5.842667e+01,1.232873e+03,1.116138e+02,1.9103
1116,1.286097e+03,5.844642e+01,1.233568e+03,-5.252951e+01,-0.8988
1117,1.295991e+03,5.846321e+01,1.234190e+03,-6.180082e+01,-1.0571
1118,1.271620e+03,5.847699e+01,1.234740e+03,-3.688020e+01,-0.6307
1119,1.227478e+03,5.848770e+01,1.235211e+03,7.733062e+00,0.1322
1120,1.216878e+03,5.849546e+01,1.235603e+03,1.872426e+01,0.3201
1121,1.217616e+03,5.850019e+01,1.235923e+03,1.830680e+01,0.3129
1122,1.303835e+03,5.850191e+01,1.236165e+03,-6.766975e+01,-1.1567
1123,1.259067e+03,5.850053e+01,1.236328e+03,-2.273816e+01,-0.3887
1124,1.194064e+03,5.849617e+01,1.236421e+03,4.235758e+01,0.7241
1125,1.242678e+03,5.848878e+01,1.236428e+03,-6.249224e+00,-0.1068
1126,1.243000e+03,5.847834e+01,1.236351e+03,-6.649037e+00,-0.1137
1127,1.320690e+03,5.846478e+01,1.236202e+03,-8.448745e+01,-1.4451
1128,1.282577e+03,5.844823e+01,1.235977e+03,-4.659969e+01,-0.7973
1129,1.223488e+03,5.842971e+01,1.235667e+03,1.217900e+01,0.2084
1130,1.228807e+03,5.840825e+01,1.235287e+03,6.480228e+00,0.1109
1131,1.213830e+03,5.838348e+01,1.234823e+03,2.099298e+01,0.3596
1132,1.218705e+03,5.835554e+01,1.234282e+03,1.557659e+01,0.2669
1133,1.240315e+03,5.832433e+01,1.233664e+03,-6.650600e+00,-0.1140
1134,1.182669e+03,5.828985e+01,1.232963e+03,5.029375e+01,0.8628
1135,1.159458e+03,5.825202e+01,1.232186e+03,7.272755e+01,1.2485
1136,1.303413e+03,5.821119e+01,1.231332e+03,-7.208130e+01,-1.2383
1137,1.216287e+03,5.816721e+01,1.230395e+03,1.410717e+01,0.2425
1138,1.202036e+03,5.811988e+01,1.229382e+03,2.734504e+01,0.4705
1139,1.125081e+03,5.806917e+01,1.228293e+03,1.032119e+02,1.7774
1140,1.249899e+03,5.801521e+01,1.227113e+03,-2.278563e+01,-0.3928
1141,1.178929e+03,5.795794e+01,1.225866e+03,4.693678e+01,0.8098
1142,1.244376e+03,5.789739e+01,1.224535e+03,-1.984031e+01,-0.3427
1143,1.280865e+03,5.783349e+01,1.223130e+03,-5.773560e+01,-0.9983
1144,1.105378e+03,5.776640e+01,1.221641e+03,1.162632e+02,2.0126
1145,1.301940e+03,5.769606e+01,1.220078e+03,-8.186225e+01,-1.4189
1146,1.272406e+03,5.762249e+01,1.218439e+03,-5.396703e+01,-0.9366
1147,1.230971e+03,5.754586e+01,1.216725e+03,-1.424546e+01,-0.2475
1148,1.325281e+03,5.746630e+01,1.214929e+03,-1.103522e+02,-1.9203
1149,1.128737e+03,5.738360e+01,1.213058e+03,8.432086e+01,1.4694
1150,1.132871e+03,5.729777e+01,1.211112e+03,7.824172e+01,1.3655
1151,1.238092e+03,5.720876e+01,1.209092e+03,-2.899971e+01,-0.5069
1152,1.181143e+03,5.711670e+01,1.206996e+03,2.585313e+01,0.4526
1153,1.240905e+03,5.702225e+01,1.204834e+03,-3.607147e+01,-0.6326
1154,1.141336e+03,5.692541e+01,1.202588e+03,6.125248e+01,1.0760
1155,1.306725e+03,5.682559e+01,1.200276e+03,-1.064488e+02,-1.8733
1156,1.251962e+03,5.672293e+01,1.197888e+03,-5.407352e+01,-0.9533
1157,1.266895e+03,5.661741e+01,1.195434e+03,-7.146131e+01,-1.2622
1158,1.208307e+03,5.650907e+01,1.192911e+03,-1.539638e+01,-0.2725
1159,1.184052e+03,5.639787e+01,1.190321e+03,6.269588e+00,0.1112
1160,1.139504e+03,5.628396e+01,1.187663e+03,4.815905e+01,0.8556
1161,1.259874e+03,5.616732e+01,1.184938e+03,-7.493633e+01,-1.3342
1162,1.218518e+03,5.604798e+01,1.182153e+03,-3.636532e+01,-0.6488
1163,1.124015e+03,5.592591e+01,1.179299e+03,5.528357e+01,0.9885
1164,1.195091e+03,5.580126e+01,1.176385e+03,-1.870549e+01,-0.3352
1165,1.138133e+03,5.567400e+01,1.173411e+03,3.527763e+01,0.6336
1166,1.171366e+03,5.554411e+01,1.170368e+03,-9.978398e-01,-0.0180
1167,1.165273e+03,5.541173e+01,1.167265e+03,1.992069e+00,0.0360
1168,1.174924e+03,5.527684e+01,1.164101e+03,-1.082287e+01,-0.1958
1169,1.109553e+03,5.513947e+01,1.160884e+03,5.133114e+01,0.9309
1170,1.143753e+03,5.499961e+01,1.157605e+03,1.385273e+01,0.2519
1171,1.121020e+03,5.485743e+01,1.154273e+03,3.325365e+01,0.6062
1172,1.088257e+03,5.471291e+01,1.150887e+03,6.263005e+01,1.1447
1173,1.172601e+03,5.456610e+01,1.147448e+03,-2.515314e+01,-0.4610
1174,1.239842e+03,5.441701e+01,1.143954e+03,-9.588838e+01,-1.7621
1175,1.125241e+03,5.426579e+01,1.140406e+03,1.516453e+01,0.2794
1176,1.095612e+03,5.411244e+01,1.136811e+03,4.119908e+01,0.7614
1177,1.113973e+03,5.395700e+01,1.133170e+03,1.919690e+01,0.3558
1178,1.136941e+03,5.379946e+01,1.129473e+03,-7.467412e+00,-0.1388
1179,1.199213e+03,5.364000e+01,1.125737e+03,-7.347549e+01,-1.3698
1180,1.154443e+03,5.347860e+01,1.121954e+03,-3.248865e+01,-0.6075
1181,1.109805e+03,5.331526e+01,1.118123e+03,8.318071e+00,0.1560
1182,1.221087e+03,5.315014e+01,1.114252e+03,-1.068351e+02,-2.0101
1183,1.089974e+03,5.298323e+01,1.110340e+03,2.036649e+01,0.3844
1184,1.141348e+03,5.281458e+01,1.106388e+03,-3.496029e+01,-0.6619
1185,1.092819e+03,5.264419e+01,1.102395e+03,9.575770e+00,0.1819
1186,1.120247e+03,5.247223e+01,1.098362e+03,-2.188504e+01,-0.4171
1187,1.144002e+03,5.229868e+01,1.094294e+03,-4.970768e+01,-0.9505
1188,1.166432e+03,5.212357e+01,1.090193e+03,-7.623929e+01,-1.4627
1189,1.055203e+03,5.194703e+01,1.086058e+03,3.085486e+01,0.5940
1190,1.109359e+03,5.176909e+01,1.081882e+03,-2.747704e+01,-0.5308
1191,1.163360e+03,5.158980e+01,1.077686e+03,-8.567478e+01,-1.6607
1192,1.024270e+03,5.140963e+01,1.073455e+03,4.918554e+01,0.9567
1193,1.108417e+03,5.122781e+01,1.069198e+03,-3.921911e+01,-0.7656
1194,1.037624e+03,5.104513e+01,1.064920e+03,2.729572e+01,0.5347
1195,1.116187e+03,5.086101e+01,1.060615e+03,-5.557153e+01,-1.0926
1196,1.094724e+03,5.070486e+01,1.056282e+03,-3.844219e+01,-0.7582
1197,1.076019e+03,5.051842e+01,1.051929e+03,-2.409049e+01,-0.4769
1198,1.074302e+03,5.185107e+01,1.047562e+03,-2.673986e+01,-0.5157
1199,9.963570e+02,5.164842e+01,1.043175e+03,4.681751e+01,0.9065
1200,1.002421e+03,5.151762e+01,1.038766e+03,3.634495e+01,0.7055
1201,9.977108e+02,5.131266e+01,1.034343e+03,3.663262e+01,0.7139
1202,9.567069e+02,5.110743e+01,1.029907e+03,7.319990e+01,1.4323
1203,9.531543e+02,5.090116e+01,1.025456e+03,7.230157e+01,1.4204
1204,1.079003e+03,5.069466e+01,1.020998e+03,-5.800519e+01,-1.1442
1205,9.924426e+02,5.048744e+01,1.016524e+03,2.408187e+01,0.4770
1206,1.008332e+03,5.027975e+01,1.012043e+03,3.711234e+00,0.0738
1207,9.928574e+02,5.007178e+01,1.007554e+03,1.469701e+01,0.2935
1208,9.542760e+02,4.986355e+01,1.003064e+03,4.878848e+01,0.9784
1209,9.489660e+02,4.965504e+01,9.985733e+02,4.960737e+01,0.9990
1210,1.046021e+03,4.944644e+01,9.940733e+02,-5.194783e+01,-1.0506
1211,9.117293e+02,4.923773e+01,9.895714e+02,7.784208e+01,1.5809
1212,1.041993e+03,4.902902e+01,9.850749e+02,-5.691802e+01,-1.1609
1213,9.788230e+02,4.882029e+01,9.805761e+02,1.753158e+00,0.0359
1214,8.838778e+02,4.861171e+01,9.760821e+02,9.220434e+01,1.8968
1215,1.026372e+03,4.840331e+01,9.716000e+02,-5.477244e+01,-1.1316
1216,1.037160e+03,4.819511e+01,9.671147e+02,-7.004544e+01,-1.4534
1217,9.766912e+02,4.798724e+01,9.626408e+02,-1.405038e+01,-0.2928
1218,9.427050e+02,4.777973e+01,9.581779e+02,1.547296e+01,0.3238
1219,1.107506e+03,4.757265e+01,9.537258e+02,-1.537806e+02,-3.2325
1220,9.147401e+02,4.736602e+01,9.492768e+02,3.453671e+01,0.7291
1221,9.300474e+02,4.715997e+01,9.448528e+02,1.480545e+01,0.3139
1222,9.303070e+02,4.695453e+01,9.404313e+02,1.012434e+01,0.2156
1223,9.505960e+02,4.674971e+01,9.360343e+02,-1.456168e+01,-0.3115
1224,9.550856e+02,4.654566e+01,9.316466e+02,-2.343903e+01,-0.5036
1225,9.462862e+02,4.634239e+01,9.272828e+02,-1.900339e+01,-0.4101
1226,9.319637e+02,4.613992e+01,9.229351e+02,-9.028635e+00,-0.1957
1227,9.356513e+02,4.593839e+01,9.186108e+02,-1.704055e+01,-0.3709
1228,8.862123e+02,4.573783e+01,9.143094e+02,2.809717e+01,0.6143
1229,8.286062e+02,4.553825e+01,9.100383e+02,8.143211e+01,1.7882
1230,9.668990e+02,4.533979e+01,9.057896e+02,-6.110943e+01,-1.3478
1231,8.727216e+02,4.514247e+01,9.015630e+02,2.884144e+01,0.6389
1232,9.082147e+02,4.494636e+01,8.973658e+02,-1.084892e+01,-0.2414
1233,8.857071e+02,4.475145e+01,8.932050e+02,7.497909e+00,0.1675
1234,9.007514e+02,4.455791e+01,8.890655e+02,-1.168587e+01,-0.2623
1235,8.910095e+02,4.436575e+01,8.849619e+02,-6.047570e+00,-0.1363
1236,8.801577e+02,4.417498e+01,8.808865e+02,7.287743e-01,0.0165
1237,8.949421e+02,4.398575e+01,8.768464e+02,-1.809563e+01,-0.4114
1238,8.498571e+02,4.379806e+01,8.728414e+02,2.298432e+01,0.5248
1239,8.760109e+02,4.361191e+01,8.688713e+02,-7.139660e+00,-0.1637
1240,9.633255e+02,4.342743e+01,8.649356e+02,-9.838991e+01,-2.2656
1241,8.894925e+02,4.324463e+01,8.610416e+02,-2.845083e+01,-0.6579
1242,9.191973e+02,4.306351e+01,8.571891e+02,-6.200823e+01,-1.4399
1243,9.036134e+02,4.288418e+01,8.533703e+02,-5.024305e+01,-1.1716
1244,8.215580e+02,4.270667e+01,8.495925e+02,2.803446e+01,0.6564
1245,8.648622e+02,4.253101e+01,8.458553e+02,-1.900692e+01,-0.4469
1246,8.619178e+02,4.235721e+01,8.421659e+02,-1.975190e+01,-0.4663
1247,8.198532e+02,4.218539e+01,8.385168e+02,1.866356e+01,0.4424
1248,8.933490e+02,4.201556e+01,8.349150e+02,-5.843406e+01,-1.3908
1249,9.193682e+02,4.184772e+01,8.313528e+02,-8.801538e+01,-2.1032
1250,8.503192e+02,4.168199e+01,8.278451e+02,-2.247412e+01,-0.5392
1251,8.211020e+02,4.151837e+01,8.243765e+02,3.274532e+00,0.0789
1252,7.851237e+02,4.135689e+01,8.209544e+02,3.583066e+01,0.8664
1253,7.762599e+02,4.119764e+01,8.175858e+02,4.132585e+01,1.0031
1254,8.995471e+02,4.104064e+01,8.142630e+02,-8.528410e+01,-2.0780
1255,7.790890e+02,4.088589e+01,8.109934e+02,3.190439e+01,0.7803
1256,7.923313e+02,4.073346e+01,8.077765e+02,1.544520e+01,0.3792
1257,8.157353e+02,4.058337e+01,8.046122e+02,-1.112307e+01,-0.2741
1258,7.659671e+02,4.043559e+01,8.015002e+02,3.553310e+01,0.8788
1259,8.598970e+02,4.029021e+01,7.984329e+02,-6.146411e+01,-1.5255
1260,7.898928e+02,4.014725e+01,7.954322e+02,5.539432e+00,0.1380
1261,7.973960e+02,4.000667e+01,7.924758e+02,-4.920217e+00,-0.1230
1262,8.135334e+02,3.986858e+01,7.895782e+02,-2.395517e+01,-0.6009
1263,7.858798e+02,3.973297e+01,7.867392e+02,8.594105e-01,0.0216
1264,7.612321e+02,3.959982e+01,7.839512e+02,2.271914e+01,0.5737
1265,7.863074e+02,3.946923e+01,7.812214e+02,-5.086052e+00,-0.1289
1266,7.139980e+02,3.934120e+01,7.785421e+02,6.454410e+01,1.6406
1267,7.229841e+02,3.921574e+01,7.759280e+02,5.294389e+01,1.3501
1268,8.005624e+02,3.909285e+01,7.733716e+02,-2.719081e+01,-0.6955
1269,8.219414e+02,3.897262e+01,7.708725e+02,-5.106889e+01,-1.3104
1270,7.847009e+02,3.885503e+01,7.684307e+02,-1.627023e+01,-0.4187
1271,7.784314e+02,3.874008e+01,7.660459e+02,-1.238547e+01,-0.3197
1272,7.883860e+02,3.862785e+01,7.637254e+02,-2.466055e+01,-0.6384
1273,7.692181e+02,3.851830e+01,7.614617e+02,-7.756412e+00,-0.2014
1274,7.375884e+02,3.841141e+01,7.592537e+02,2.166532e+01,0.5640
1275,7.420055e+02,3.830724e+01,7.571087e+02,1.510329e+01,0.3943
1276,7.855972e+02,3.820577e+01,7.550245e+02,-3.057274e+01,-0.8002
1277,8.018704e+02,3.810697e+01,7.530008e+02,-4.886960e+01,-1.2824
1278,7.494090e+02,3.801091e+01,7.510374e+02,1.628363e+00,0.0428
1279,7.116897e+02,3.791757e+01,7.491343e+02,3.744453e+01,0.9875
1280,7.356541e+02,3.782690e+01,7.472920e+02,1.163793e+01,0.3077
1281,7.437532e+02,3.773899e+01,7.455104e+02,1.757251e+00,0.0466
1282,7.287763e+02,3.765381e+01,7.437894e+02,1.501313e+01,0.3987
1283,7.541644e+02,3.757132e+01,7.421289e+02,-1.203549e+01,-0.3203
1284,7.458584e+02,3.749161e+01,7.405287e+02,-5.329674e+00,-0.1422
1285,7.207013e+02,3.741463e+01,7.389895e+02,1.828823e+01,0.4888
1286,7.880519e+02,3.734036e+01,7.375104e+02,-5.054148e+01,-1.3535
1287,6.997581e+02,3.726887e+01,7.360920e+02,3.633393e+01,0.9749
1288,7.175956e+02,3.720014e+01,7.347336e+02,1.713804e+01,0.4607
1289,7.680827e+02,3.713410e+01,7.334350e+02,-3.464769e+01,-0.9330
1290,8.237007e+02,3.707082e+01,7.321976e+02,-9.150313e+01,-2.4683
1291,6.819246e+02,3.701025e+01,7.310198e+02,4.909516e+01,1.3265
1292,8.330830e+02,3.695234e+01,7.299016e+02,-1.031815e+02,-2.7923
1293,7.790757e+02,3.689714e+01,7.288429e+02,-5.023280e+01,-1.3614
1294,7.360484e+02,3.684460e+01,7.278443e+02,-8.204109e+00,-0.2227
1295,7.298959e+02,3.679467e+01,7.269036e+02,-2.992328e+00,-0.0813
1296,7.595427e+02,3.674740e+01,7.260222e+02,-3.352050e+01,-0.9122
1297,6.817061e+02,3.670275e+01,7.251985e+02,4.349234e+01,1.1850
1298,7.506955e+02,3.666067e+01,7.244332e+02,-2.626227e+01,-0.7164
1299,7.458128e+02,3.662121e+01,7.237249e+02,-2.208793e+01,-0.6031
1300,7.675383e+02,3.658429e+01,7.230734e+02,-4.446496e+01,-1.2154
1301,7.303512e+02,3.654995e+01,7.224787e+02,-7.872544e+00,-0.2154
1302,7.479564e+02,3.651816e+01,7.219401e+02,-2.601628e+01,-0.7124
1303,7.064133e+02,3.648886e+01,7.214568e+02,1.504348e+01,0.4123
1304,7.089963e+02,3.646210e+01,7.210281e+02,1.203178e+01,0.3300
1305,7.746850e+02,3.643784e+01,7.206555e+02,-5.402948e+01,-1.4828
1306,7.435388e+02,3.641600e+01,7.203361e+02,-2.320266e+01,-0.6372
1307,6.494372e+02,3.639664e+01,7.200706e+02,7.063334e+01,1.9407
1308,6.576654e+02,3.637968e+01,7.198582e+02,6.219286e+01,1.7095
1309,7.094122e+02,3.636504e+01,7.196984e+02,1.028613e+01,0.2829
1310,7.476845e+02,3.635280e+01,7.195895e+02,-2.809493e+01,-0.7728
1311,7.632616e+02,3.634285e+01,7.195325e+02,-4.372902e+01,-1.2032
1312,6.946749e+02,3.633516e+01,7.195259e+02,2.485103e+01,0.6839
1313,7.308124e+02,3.632974e+01,7.195690e+02,-1.124342e+01,-0.3095
1314,7.224262e+02,3.632655e+01,7.196611e+02,-2.765167e+00,-0.0761
1315,7.417652e+02,3.632551e+01,7.198015e+02,-2.196374e+01,-0.6046
1316,7.597409e+02,3.632665e+01,7.199895e+02,-3.975142e+01,-1.0943
1317,7.431900e+02,3.632993e+01,7.202245e+02,-2.296549e+01,-0.6321
1318,6.743987e+02,3.633527e+01,7.205059e+02,4.610721e+01,1.2689
1319,6.718561e+02,3.634270e+01,7.208329e+02,4.897680e+01,1.3476
1320,7.235713e+02,3.635214e+01,7.212041e+02,-2.367122e+00,-0.0651
1321,7.433623e+02,3.636361e+01,7.216197e+02,-2.174253e+01,-0.5979
1322,7.512251e+02,3.637706e+01,7.220790e+02,-2.914611e+01,-0.8012
1323,6.685780e+02,3.639240e+01,7.225799e+02,5.400195e+01,1.4839
1324,7.089583e+02,3.640967e+01,7.231225e+02,1.416414e+01,0.3890
1325,7.027508e+02,3.642876e+01,7.237053e+02,2.095457e+01,0.5752
1326,6.970489e+02,3.644965e+01,7.243279e+02,2.727900e+01,0.7484
1327,7.790123e+02,3.647230e+01,7.249894e+02,-5.402286e+01,-1.4812
1328,7.336112e+02,3.649671e+01,7.256887e+02,-7.922448e+00,-0.2171
1329,7.364859e+02,3.652277e+01,7.264243e+02,-1.006158e+01,-0.2755
1330,7.299662e+02,3.655047e+01,7.271964e+02,-2.769794e+00,-0.0758
1331,7.398382e+02,3.657980e+01,7.280036e+02,-1.183462e+01,-0.3235
1332,6.898402e+02,3.661065e+01,7.288438e+02,3.900358e+01,1.0654
1333,7.349593e+02,3.664301e+01,7.297179e+02,-5.241428e+00,-0.1430
1334,8.223387e+02,3.667689e+01,7.306238e+02,-9.171493e+01,-2.5006
1335,6.916213e+02,3.671216e+01,7.315602e+02,3.993895e+01,1.0879
1336,7.479182e+02,3.674882e+01,7.325273e+02,-1.539098e+01,-0.4188
1337,7.900589e+02,3.678683e+01,7.335229e+02,-5.653605e+01,-1.5369
1338,7.374342e+02,3.682618e+01,7.345472e+02,-2.886993e+00,-0.0784
1339,7.887647e+02,3.686676e+01,7.355982e+02,-5.316646e+01,-1.4421
1340,7.374484e+02,3.690857e+01,7.366746e+02,-7.738251e-01,-0.0210
1341,7.748813e+02,3.695158e+01,7.377765e+02,-3.710489e+01,-1.0041
1342,6.996420e+02,3.699568e+01,7.389018e+02,3.925974e+01,1.0612
1343,7.161866e+02,3.704087e+01,7.400500e+02,2.386332e+01,0.6442
1344,7.317004e+02,3.708708e+01,7.412190e+02,9.518590e+00,0.2567
1345,7.819782e+02,3.713431e+01,7.424090e+02,-3.956926e+01,-1.0656
1346,7.417109e+02,3.718246e+01,7.436180e+02,1.907094e+00,0.0513
1347,7.128666e+02,3.723148e+01,7.448453e+02,3.197876e+01,0.8589
1348,7.709536e+02,3.728140e+01,7.460890e+02,-2.486457e+01,-0.6669
1349,7.312093e+02,3.733208e+01,7.473493e+02,1.613996e+01,0.4323
1350,7.598744e+02,3.738351e+01,7.486240e+02,-1.125039e+01,-0.3009
1351,7.902296e+02,3.743565e+01,7.499126e+02,-4.031694e+01,-1.0770
1352,7.212586e+02,3.748849e+01,7.512140e+02,2.995543e+01,0.7991
1353,7.603341e+02,3.754191e+01,7.525290e+02,-7.805043e+00,-0.2079
1354,7.568075e+02,3.759589e+01,7.538491e+02,-2.958399e+00,-0.0787
1355,7.817220e+02,3.765040e+01,7.551849e+02,-2.653715e+01,-0.7048
1356,8.322326e+02,3.770542e+01,7.565291e+02,-7.570352e+01,-2.0078
1357,6.787369e+02,3.776084e+01,7.578821e+02,7.914527e+01,2.0960
1358,7.924066e+02,3.781665e+01,7.592442e+02,-3.316245e+01,-0.8769
1359,7.746842e+02,3.787283e+01,7.606080e+02,-1.407621e+01,-0.3717
1360,7.591252e+02,3.792926e+01,7.619740e+02,2.848779e+00,0.0751
1361,7.854625e+02,3.798596e+01,7.633423e+02,-2.212014e+01,-0.5823
1362,7.785101e+02,3.804284e+01,7.647207e+02,-1.378936e+01,-0.3625
1363,8.375466e+02,3.809992e+01,7.660945e+02,-7.145210e+01,-1.8754
1364,8.068595e+02,3.815709e+01,7.674714e+02,-3.938804e+01,-1.0323
1365,7.379213e+02,3.821431e+01,7.688518e+02,3.093042e+01,0.8094
1366,7.609562e+02,3.827156e+01,7.702209e+02,9.264655e+00,0.2421
1367,7.936938e+02,3.832882e+01,7.715938e+02,-2.209994e+01,-0.5766
1368,7.333032e+02,3.838597e+01,7.729636e+02,3.966032e+01,1.0332
1369,7.911421e+02,3.844301e+01,7.743228e+02,-1.681925e+01,-0.4375
1370,7.858645e+02,3.849992e+01,7.756868e+02,-1.017773e+01,-0.2644
1371,7.706627e+02,3.855660e+01,7.770334e+02,6.370644e+00,0.1652
1372,7.568789e+02,3.861303e+01,7.783777e+02,2.149882e+01,0.5568
1373,8.836088e+02,3.866916e+01,7.797126e+02,-1.038962e+02,-2.6868
1374,7.977146e+02,3.872499e+01,7.810383e+02,-1.667631e+01,-0.4306
1375,7.208975e+02,3.878042e+01,7.823477e+02,6.145015e+01,1.5846
1376,7.638236e+02,3.883543e+01,7.836484e+02,1.982481e+01,0.5105
1377,7.326382e+02,3.889000e+01,7.849407e+02,5.230256e+01,1.3449
1378,8.258942e+02,3.894409e+01,7.862175e+02,-3.967669e+01,-1.0188
1379,7.741817e+02,3.899763e+01,7.874789e+02,1.329714e+01,0.3410
1380,7.399680e+02,3.905060e+01,7.887177e+02,4.874977e+01,1.2484
1381,7.354243e+02,3.910298e+01,7.899492e+02,5.452489e+01,1.3944
1382,7.626168e+02,3.915469e+01,7.911586e+02,2.854187e+01,0.7290
1383,8.011483e+02,3.920571e+01,7.923463e+02,-8.801974e+00,-0.2245
1384,7.122126e+02,3.925599e+01,7.935125e+02,8.129984e+01,2.0710
1385,8.124991e+02,3.930555e+01,7.946647e+02,-1.783434e+01,-0.4537
1386,8.077622e+02,3.935427e+01,7.957960e+02,-1.196623e+01,-0.3041
1387,7.313595e+02,3.940214e+01,7.968990e+02,6.553955e+01,1.6634
1388,8.034156e+02,3.944913e+01,7.979815e+02,-5.434077e+00,-0.1377
1389,8.028992e+02,3.949522e+01,7.990362e+02,-3.862929e+00,-0.0978
1390,8.259874e+02,3.954033e+01,8.000709e+02,-2.591651e+01,-0.6554
1391,7.983871e+02,3.958444e+01,8.010782e+02,2.691171e+00,0.0680
1392,8.552471e+02,3.962753e+01,8.020586e+02,-5.318850e+01,-1.3422
1393,8.576792e+02,3.966960e+01,8.030195e+02,-5.465966e+01,-1.3779
1394,7.813099e+02,3.971057e+01,8.039464e+02,2.263654e+01,0.5700
1395,8.017683e+02,3.975043e+01,8.048396e+02,3.071299e+00,0.0773
1396,7.556512e+02,3.978915e+01,8.057066e+02,5.005538e+01,1.2580
1397,8.425841e+02,3.982673e+01,8.065477e+02,-3.603639e+01,-0.9048
1398,8.791627e+02,3.986309e+01,8.073483e+02,-7.181440e+01,-1.8015
1399,8.705839e+02,3.989821e+01,8.081234e+02,-6.246053e+01,-1.5655
1400,8.355995e+02,3.993209e+01,8.088584e+02,-2.674112e+01,-0.6697
1401,8.451978e+02,3.996471e+01,8.095684e+02,-3.562937e+01,-0.8915
1402,8.117821e+02,3.999600e+01,8.102387e+02,-1.543416e+00,-0.0386
1403,8.398943e+02,4.002594e+01,8.108771e+02,-2.901724e+01,-0.7250
1404,7.915200e+02,4.005450e+01,8.114837e+02,1.996364e+01,0.4984
1405,7.660494e+02,4.008170e+01,8.120514e+02,4.600196e+01,1.1477
1406,8.189902e+02,4.010744e+01,8.125803e+02,-6.409846e+00,-0.1598
1407,8.482796e+02,4.013173e+01,8.130709e+02,-3.520869e+01,-0.8773
1408,8.023478e+02,4.015454e+01,8.135306e+02,1.118275e+01,0.2785
1409,8.586390e+02,4.017590e+01,8.139448e+02,-4.469419e+01,-1.1125
1410,8.520030e+02,4.019571e+01,8.143288e+02,-3.767422e+01,-0.9373
1411,7.654729e+02,4.021401e+01,8.146676e+02,4.919477e+01,1.2233
1412,8.975811e+02,4.023076e+01,8.149692e+02,-8.261189e+01,-2.0535
1413,7.922242e+02,4.024600e+01,8.152261e+02,2.300193e+01,0.5715
1414,8.174155e+02,4.025962e+01,8.154461e+02,-1.969369e+00,-0.0489
1415,8.035545e+02,4.027166e+01,8.156219e+02,1.206740e+01,0.2996
1416,7.807096e+02,4.028209e+01,8.157612e+02,3.505158e+01,0.8702
1417,8.600962e+02,4.029093e+01,8.158566e+02,-4.423959e+01,-1.0980
1418,8.253234e+02,4.029811e+01,8.159159e+02,-9.407515e+00,-0.2334
1419,8.347557e+02,4.030363e+01,8.159318e+02,-1.882390e+01,-0.4671
1420,7.906988e+02,4.030748e+01,8.159044e+02,2.520563e+01,0.6253
1421,8.149731e+02,4.030967e+01,8.158340e+02,8.608773e-01,0.0214
1422,8.413386e+02,4.031012e+01,8.157206e+02,-2.561802e+01,-0.6355
1423,8.029495e+02,4.030886e+01,8.155719e+02,1.262247e+01,0.3131
1424,8.112492e+02,4.030605e+01,8.153733e+02,4.124111e+00,0.1023
1425,7.929120e+02,4.030155e+01,8.151322e+02,2.222022e+01,0.5513
1426,7.882380e+02,4.029527e+01,8.148489e+02,2.661090e+01,0.6604
1427,8.143405e+02,4.028726e+01,8.145160e+02,1.755009e-01,0.0044
1428,7.617541e+02,4.027749e+01,8.141411e+02,5.238699e+01,1.3007
1429,8.387802e+02,4.026600e+01,8.137244e+02,-2.505578e+01,-0.6223
1430,7.321666e+02,4.025272e+01,8.132660e+02,8.109942e+01,2.0148
1431,8.298039e+02,4.023769e+01,8.127585e+02,-1.704532e+01,-0.4236
1432,7.411598e+02,4.022089e+01,8.122096e+02,7.104986e+01,1.7665
1433,8.393458e+02,4.020235e+01,8.116120e+02,-2.773381e+01,-0.6899
1434,7.725589e+02,4.018202e+01,8.109731e+02,3.841418e+01,0.9560
1435,7.632936e+02,4.015992e+01,8.102856e+02,4.699198e+01,1.1701
1436,8.482271e+02,4.013604e+01,8.095571e+02,-3.866992e+01,-0.9635
1437,7.802084e+02,4.011041e+01,8.087803e+02,2.857188e+01,0.7123
1438,8.638961e+02,4.008298e+01,8.079552e+02,-5.594086e+01,-1.3956
1439,8.119959e+02,4.005376e+01,8.070894e+02,-4.906458e+00,-0.1225
1440,8.139428e+02,4.002275e+01,8.061829e+02,-7.759823e+00,-0.1939
1441,8.258825e+02,3.998998e+01,8.052285e+02,-2.065406e+01,-0.5165
1442,6.964160e+02,3.995541e+01,8.042260e+02,1.078101e+02,2.6983
1443,7.470425e+02,3.991906e+01,8.031758e+02,5.613330e+01,1.4062
1444,8.635967e+02,3.988095e+01,8.020851e+02,-6.151153e+01,-1.5424
1445,8.161011e+02,3.984109e+01,8.009468e+02,-1.515435e+01,-0.3804
1446,7.854612e+02,3.979952e+01,7.997607e+02,1.429954e+01,0.3593
1447,8.442973e+02,3.975618e+01,7.985344e+02,-4.576291e+01,-1.1511
1448,8.243520e+02,3.971111e+01,7.972606e+02,-2.709143e+01,-0.6822
1449,7.941157e+02,3.966434e+01,7.959392e+02,1.823478e+00,0.0460
1450,7.864075e+02,3.961589e+01,7.945778e+02,8.170316e+00,0.2062
1451,7.636459e+02,3.956571e+01,7.931763e+02,2.953035e+01,0.7464
1452,7.563966e+02,3.951384e+01,7.917274e+02,3.533080e+01,0.8941
1453,7.455117e+02,3.946030e+01,7.902310e+02,4.471927e+01,1.1333
1454,7.396977e+02,3.940512e+01,7.886946e+02,4.899692e+01,1.2434
1455,8.191170e+02,3.934824e+01,7.871181e+02,-3.199888e+01,-0.8132
1456,8.225270e+02,3.928972e+01,7.855017e+02,-3.702532e+01,-0.9424
1457,7.604356e+02,3.922956e+01,7.838452e+02,2.340961e+01,0.5967
1458,7.733505e+02,3.916777e+01,7.821412e+02,8.790739e+00,0.2244
1459,7.929353e+02,3.910440e+01,7.803972e+02,-1.253814e+01,-0.3206
1460,7.797189e+02,3.903940e+01,7.786131e+02,-1.105781e+00,-0.0283
1461,7.924228e+02,3.897284e+01,7.767888e+02,-1.563399e+01,-0.4012
1462,7.404395e+02,3.890473e+01,7.749244e+02,3.448495e+01,0.8864
1463,7.461626e+02,3.883510e+01,7.730199e+02,2.685727e+01,0.6916
1464,7.254332e+02,3.876395e+01,7.710751e+02,4.564187e+01,1.1774
1465,7.539320e+02,3.869130e+01,7.690900e+02,1.515804e+01,0.3918
1466,7.677267e+02,3.861718e+01,7.670721e+02,-6.546606e-01,-0.0170
1467,7.596382e+02,3.854161e+01,7.650138e+02,5.375583e+00,0.1395
1468,7.208180e+02,3.846464e+01,7.629225e+02,4.210446e+01,1.0946
1469,7.725315e+02,3.838623e+01,7.607907e+02,-1.174076e+01,-0.3059
1470,7.516869e+02,3.830643e+01,7.586185e+02,6.931534e+00,0.1809
1471,8.230508e+02,3.822526e+01,7.564205e+02,-6.663037e+01,-1.7431
1472,7.480918e+02,3.814276e+01,7.541818e+02,6.089992e+00,0.1597
1473,7.587696e+02,3.805891e+01,7.519024e+02,-6.867176e+00,-0.1804
1474,7.093924e+02,3.797374e+01,7.495971e+02,4.020465e+01,1.0587
1475,7.368827e+02,3.788728e+01,7.472508e+02,1.036809e+01,0.2737
1476,7.291752e+02,3.779957e+01,7.448785e+02,1.570326e+01,0.4154
1477,7.573307e+02,3.771063e+01,7.424725e+02,-1.485822e+01,-0.3940
1478,7.421596e+02,3.762047e+01,7.400328e+02,-2.126730e+00,-0.0565
1479,6.871074e+02,3.752912e+01,7.375668e+02,5.045934e+01,1.3445
1480,6.888658e+02,3.743662e+01,7.350668e+02,4.620105e+01,1.2341
1481,7.571622e+02,3.734302e+01,7.325403e+02,-2.462188e+01,-0.6593
1482,7.885359e+02,3.724828e+01,7.299797e+02,-5.855619e+01,-1.5721
1483,7.232384e+02,3.715248e+01,7.273923e+02,4.153855e+00,0.1118
1484,7.459514e+02,3.705563e+01,7.247854e+02,-2.116602e+01,-0.5712
1485,7.579127e+02,3.695776e+01,7.221441e+02,-3.576854e+01,-0.9678
1486,7.452937e+02,3.685893e+01,7.194831e+02,-2.581056e+01,-0.7003
1487,7.088465e+02,3.675911e+01,7.167875e+02,7.941027e+00,0.2160
1488,7.978176e+02,3.665834e+01,7.140719e+02,-8.374570e+01,-2.2845
1489,7.732769e+02,3.655667e+01,7.113363e+02,-6.194064e+01,-1.6944
1490,7.509469e+02,3.645414e+01,7.085693e+02,-4.237758e+01,-1.1625
1491,6.636985e+02,3.635073e+01,7.057821e+02,4.208360e+01,1.1577
1492,7.388920e+02,3.624650e+01,7.029729e+02,-3.591913e+01,-0.9910
1493,6.872456e+02,3.614146e+01,7.001424e+02,1.289679e+01,0.3568
1494,6.864896e+02,3.603565e+01,6.972904e+02,1.080077e+01,0.2997
1495,7.401322e+02,3.592914e+01,6.944183e+02,-4.571396e+01,-1.2723
1496,6.536538e+02,3.582190e+01,6.915267e+02,3.787287e+01,1.0573
1497,6.958517e+02,3.571398e+01,6.886169e+02,-7.234800e+00,-0.2026
1498,6.713326e+02,3.560543e+01,6.856887e+02,1.435609e+01,0.4032
1499,6.472877e+02,3.549628e+01,6.827436e+02,3.545593e+01,0.9989
1500,7.407855e+02,3.538656e+01,6.797820e+02,-6.100346e+01,-1.7239
1501,7.206981e+02,3.527628e+01,6.768047e+02,-4.389344e+01,-1.2443
1502,7.218322e+02,3.516548e+01,6.738135e+02,-4.801868e+01,-1.3655
1503,7.207376e+02,3.505420e+01,6.708076e+02,-4.992999e+01,-1.4244
1504,6.614578e+02,3.494246e+01,6.677882e+02,6.330465e+00,0.1812
1505,6.910382e+02,3.483031e+01,6.647566e+02,-2.628153e+01,-0.7546
1506,6.986295e+02,3.471807e+01,6.617126e+02,-3.691684e+01,-1.0633
1507,6.839844e+02,3.460550e+01,6.586568e+02,-2.532761e+01,-0.7319
1508,6.758087e+02,3.449260e+01,6.555903e+02,-2.021839e+01,-0.5862
1509,7.196877e+02,3.437943e+01,6.525137e+02,-6.717407e+01,-1.9539
1510,6.271449e+02,3.426596e+01,6.494275e+02,2.228261e+01,0.6503
1511,5.985853e+02,3.415227e+01,6.463323e+02,4.774705e+01,1.3981
1512,6.985456e+02,3.403837e+01,6.432308e+02,-5.531478e+01,-1.6251
1513,6.907849e+02,3.392429e+01,6.401221e+02,-5.066278e+01,-1.4934
1514,6.616178e+02,3.381008e+01,6.370081e+02,-2.460967e+01,-0.7279
1515,6.132065e+02,3.369574e+01,6.338901e+02,2.068364e+01,0.6138
1516,6.247864e+02,3.358131e+01,6.307679e+02,5.981503e+00,0.1781
1517,6.032964e+02,3.346683e+01,6.276428e+02,2.434634e+01,0.7275
1518,6.460889e+02,3.335232e+01,6.245159e+02,-2.157291e+01,-0.6468
1519,6.559832e+02,3.323783e+01,6.213872e+02,-3.459604e+01,-1.0409
1520,6.031813e+02,3.312335e+01,6.182578e+02,1.507649e+01,0.4552
1521,6.309078e+02,3.300893e+01,6.151283e+02,-1.577954e+01,-0.4780
1522,6.013863e+02,3.289461e+01,6.119992e+02,1.061288e+01,0.3226
1523,5.575655e+02,3.278040e+01,6.088710e+02,5.130550e+01,1.5651
1524,5.706900e+02,3.266638e+01,6.057449e+02,3.505487e+01,1.0731
1525,5.954115e+02,3.255251e+01,6.026215e+02,7.210047e+00,0.2215
1526,6.173863e+02,3.243886e+01,5.995021e+02,-1.788412e+01,-0.5513
1527,5.630413e+02,3.232542e+01,5.963865e+02,3.334518e+01,1.0315
1528,6.425120e+02,3.221227e+01,5.932758e+02,-4.923618e+01,-1.5285
1529,6.099737e+02,3.209943e+01,5.901714e+02,-1.980229e+01,-0.6169
1530,5.646151e+02,3.198690e+01,5.870731e+02,2.245799e+01,0.7021
1531,5.740468e+02,3.187470e+01,5.839820e+02,9.935239e+00,0.3117
1532,6.418322e+02,3.176288e+01,5.808981e+02,-6.093416e+01,-1.9184
1533,5.870818e+02,3.165147e+01,5.778232e+02,-9.258596e+00,-0.2925
1534,5.483327e+02,3.154048e+01,5.747573e+02,2.642458e+01,0.8378
1535,5.946775e+02,3.142997e+01,5.717008e+02,-2.297672e+01,-0.7310
1536,5.433808e+02,3.131993e+01,5.686550e+02,2.527426e+01,0.8070
1537,5.539144e+02,3.121040e+01,5.656190e+02,1.170459e+01,0.3750
1538,5.629822e+02,3.110141e+01,5.625954e+02,-3.867685e-01,-0.0124
1539,5.857890e+02,3.099298e+01,5.595842e+02,-2.620485e+01,-0.8455
1540,5.778540e+02,3.088516e+01,5.565858e+02,-2.126821e+01,-0.6886
1541,5.175847e+02,3.077796e+01,5.536008e+02,3.601612e+01,1.1702
1542,6.155842e+02,3.067139e+01,5.506312e+02,-6.495302e+01,-2.1177
1543,5.793667e+02,3.056551e+01,5.476761e+02,-3.169062e+01,-1.0368
1544,5.636203e+02,3.046032e+01,5.447375e+02,-1.888286e+01,-0.6199
1545,5.473039e+02,3.035586e+01,5.418144e+02,-5.489487e+00,-0.1808
1546,5.346072e+02,3.025213e+01,5.389089e+02,4.301689e+00,0.1422
1547,5.209275e+02,3.014917e+01,5.360216e+02,1.509415e+01,0.5006
1548,4.965705e+02,3.004698e+01,5.331515e+02,3.658102e+01,1.2175
1549,5.977958e+02,2.994560e+01,5.303006e+02,-6.749520e+01,-2.2539
1550,5.368999e+02,2.984506e+01,5.274689e+02,-9.431077e+00,-0.3160
1551,5.577918e+02,2.974534e+01,5.246567e+02,-3.313512e+01,-1.1140
1552,5.094212e+02,2.964650e+01,5.218647e+02,1.244353e+01,0.4197
1553,4.733271e+02,2.954855e+01,5.190941e+02,4.576702e+01,1.5489
1554,5.232229e+02,2.945152e+01,5.163440e+02,-6.878907e+00,-0.2336
1555,4.916996e+02,2.935541e+01,5.136157e+02,2.191613e+01,0.7466
1556,5.132743e+02,2.926028e+01,5.109097e+02,-2.364614e+00,-0.0808
1557,5.294480e+02,2.916610e+01,5.082265e+02,-2.122144e+01,-0.7276
1558,5.184076e+02,2.907292e+01,5.055667e+02,-1.284084e+01,-0.4417
1559,5.756665e+02,2.898075e+01,5.029309e+02,-7.273561e+01,-2.5098
1560,4.944107e+02,2.888963e+01,5.003188e+02,5.908049e+00,0.2045
1561,5.344020e+02,2.879957e+01,4.977310e+02,-3.667103e+01,-1.2733
1562,4.778262e+02,2.871057e+01,4.951688e+02,1.734259e+01,0.6040
1563,5.401439e+02,2.862265e+01,4.926312e+02,-4.751265e+01,-1.6600
1564,4.910572e+02,2.853582e+01,4.901204e+02,-9.368525e-01,-0.0328
1565,4.514981e+02,2.845010e+01,4.876353e+02,3.613724e+01,1.2702
1566,5.194898e+02,2.836553e+01,4.851774e+02,-3.431245e+01,-1.2097
1567,4.834912e+02,2.828206e+01,4.827456e+02,-7.456221e-01,-0.0264
1568,4.740616e+02,2.819975e+01,4.803414e+02,6.279706e+00,0.2227
1569,4.886941e+02,2.811862e+01,4.779652e+02,-1.072899e+01,-0.3816
1570,5.078170e+02,2.803864e+01,4.756161e+02,-3.220082e+01,-1.1484
1571,4.677694e+02,2.795987e+01,4.732963e+02,5.526969e+00,0.1977
1572,4.346090e+02,2.788232e+01,4.710041e+02,3.639509e+01,1.3053
1573,4.961978e+02,2.780597e+01,4.687408e+02,-2.745694e+01,-0.9874
1574,4.835585e+02,2.773086e+01,4.665071e+02,-1.705144e+01,-0.6149
1575,4.468227e+02,2.765698e+01,4.643026e+02,1.747994e+01,0.6320
1576,4.504401e+02,2.758438e+01,4.621274e+02,1.168738e+01,0.4237
1577,5.125275e+02,2.751305e+01,4.599828e+02,-5.254474e+01,-1.9098
1578,4.477685e+02,2.744301e+01,4.578686e+02,1.010004e+01,0.3680
1579,4.796953e+02,2.737425e+01,4.557854e+02,-2.390995e+01,-0.8734
1580,4.605468e+02,2.730677e+01,4.537324e+02,-6.814397e+00,-0.2495
1581,4.826073e+02,2.724058e+01,4.517108e+02,-3.089641e+01,-1.1342
1582,4.607436e+02,2.717568e+01,4.497207e+02,-1.102294e+01,-0.4056
1583,4.545857e+02,2.711213e+01,4.477618e+02,-6.823902e+00,-0.2517
1584,4.689468e+02,2.704985e+01,4.458341e+02,-2.311267e+01,-0.8544
1585,4.408267e+02,2.698890e+01,4.439375e+02,3.110800e+00,0.1153
1586,4.604202e+02,2.692926e+01,4.420732e+02,-1.834697e+01,-0.6813
1587,5.089914e+02,2.687094e+01,4.402405e+02,-6.875092e+01,-2.5586
1588,4.652242e+02,2.681394e+01,4.384393e+02,-2.678492e+01,-0.9989
1589,4.115611e+02,2.675830e+01,4.366702e+02,2.510910e+01,0.9384
1590,3.747496e+02,2.670399e+01,4.349331e+02,6.018353e+01,2.2537
1591,4.680703e+02,2.665102e+01,4.332280e+02,-3.484234e+01,-1.3074
1592,4.557174e+02,2.659939e+01,4.315554e+02,-2.416207e+01,-0.9084
1593,4.309589e+02,2.654912e+01,4.299146e+02,-1.044376e+00,-0.0393
1594,4.222200e+02,2.650020e+01,4.283062e+02,6.086193e+00,0.2297
1595,4.445961e+02,2.645265e+01,4.267302e+02,-1.786595e+01,-0.6754
1596,4.475551e+02,2.640643e+01,4.251857e+02,-2.236943e+01,-0.8471
1597,4.540515e+02,2.636158e+01,4.236742e+02,-3.037734e+01,-1.1523
1598,4.347423e+02,2.631805e+01,4.221948e+02,-1.254752e+01,-0.4768
1599,4.320751e+02,2.627588e+01,4.207468e+02,-1.132834e+01,-0.4311
1600,4.076182e+02,2.623506e+01,4.193323e+02,1.171412e+01,0.4465
1601,4.212123e+02,2.619558e+01,4.179491e+02,-3.263237e+00,-0.1246
1602,4.030879e+02,2.615743e+01,4.165979e+02,1.350993e+01,0.5165
1603,3.712364e+02,2.612062e+01,4.152785e+02,4.404218e+01,1.6861
1604,4.253034e+02,2.608514e+01,4.139911e+02,-1.131228e+01,-0.4337
1605,4.893156e+02,2.605099e+01,4.127356e+02,-7.657993e+01,-2.9396
1606,4.702052e+02,2.601818e+01,4.115112e+02,-5.869400e+01,-2.2559
1607,3.888186e+02,2.598669e+01,4.103187e+02,2.150007e+01,0.8273
1608,3.842977e+02,2.595653e+01,4.091572e+02,2.485952e+01,0.9577
1609,4.377567e+02,2.592769e+01,4.080269e+02,-2.972979e+01,-1.1466
1610,3.628782e+02,2.590017e+01,4.069276e+02,4.404947e+01,1.7007
1611,3.966738e+02,2.587398e+01,4.058595e+02,9.185665e+00,0.3550
1612,4.474287e+02,2.584909e+01,4.048224e+02,-4.260625e+01,-1.6483
1613,4.004282e+02,2.582551e+01,4.038157e+02,3.387442e+00,0.1312
1614,3.941424e+02,2.580321e+01,4.028394e+02,8.696981e+00,0.3371
1615,4.267499e+02,2.578218e+01,4.018934e+02,-2.485653e+01,-0.9641
1616,3.981151e+02,2.576244e+01,4.009779e+02,2.862740e+00,0.1111
1617,4.018659e+02,2.574394e+01,4.000920e+02,-1.773856e+00,-0.0689
1618,3.920074e+02,2.572670e+01,3.992359e+02,7.228503e+00,0.2810
1619,4.012620e+02,2.571072e+01,3.984088e+02,-2.853272e+00,-0.1110
1620,4.194351e+02,2.569594e+01,3.976107e+02,-2.182442e+01,-0.8493
1621,4.240186e+02,2.568240e+01,3.968417e+02,-2.717699e+01,-1.0582
1622,3.795561e+02,2.567005e+01,3.961010e+02,1.654490e+01,0.6445
1623,3.993879e+02,2.565892e+01,3.953888e+02,-3.999141e+00,-0.1559
1624,3.878227e+02,2.564897e+01,3.947043e+02,6.881512e+00,0.2683
1625,3.970057e+02,2.564021e+01,3.940475e+02,-2.958229e+00,-0.1154
1626,4.071999e+02,2.563263e+01,3.934186e+02,-1.378133e+01,-0.5376
1627,4.246553e+02,2.562620e+01,3.928160e+02,-3.183923e+01,-1.2424
1628,4.170208e+02,2.562093e+01,3.922407e+02,-2.478009e+01,-0.9672
1629,3.913025e+02,2.561679e+01,3.916918e+02,3.893291e-01,0.0152
1630,3.761992e+02,2.561376e+01,3.911688e+02,1.496962e+01,0.5844
1631,3.758283e+02,2.561186e+01,3.906717e+02,1.484345e+01,0.5796
1632,4.060632e+02,2.561106e+01,3.901998e+02,-1.586341e+01,-0.6194
1633,4.124792e+02,2.561132e+01,3.897525e+02,-2.272672e+01,-0.8874
1634,4.098538e+02,2.561265e+01,3.893305e+02,-2.052327e+01,-0.8013
1635,3.657393e+02,2.561502e+01,3.889325e+02,2.319318e+01,0.9055
1636,3.651269e+02,2.561843e+01,3.885578e+02,2.343085e+01,0.9146
1637,4.182209e+02,2.562286e+01,3.882072e+02,-3.001366e+01,-1.1714
1638,4.311232e+02,2.562830e+01,3.878793e+02,-4.324387e+01,-1.6873
1639,4.002546e+02,2.563472e+01,3.875743e+02,-1.268034e+01,-0.4947
1640,4.225880e+02,2.564212e+01,3.872914e+02,-3.529666e+01,-1.3765
1641,4.134711e+02,2.565049e+01,3.870300e+02,-2.644115e+01,-1.0308
1642,3.409691e+02,2.565979e+01,3.867902e+02,4.582109e+01,1.7857
1643,3.679819e+02,2.567002e+01,3.865713e+02,1.858938e+01,0.7242
1644,4.276597e+02,2.568117e+01,3.863735e+02,-4.128623e+01,-1.6076
1645,3.561809e+02,2.569325e+01,3.861954e+02,3.001444e+01,1.1682
1646,3.859968e+02,2.570618e+01,3.860370e+02,4.013732e-02,0.0016
1647,3.660445e+02,2.571999e+01,3.858977e+02,1.985318e+01,0.7719
1648,3.956545e+02,2.573463e+01,3.857769e+02,-9.877542e+00,-0.3838
1649,3.705081e+02,2.575010e+01,3.856747e+02,1.516666e+01,0.5890
1650,4.144859e+02,2.576640e+01,3.855898e+02,-2.889617e+01,-1.1215
1651,4.513658e+02,2.578349e+01,3.855221e+02,-6.584369e+01,-2.5537
1652,3.692468e+02,2.580135e+01,3.854720e+02,1.622520e+01,0.6289
1653,3.778036e+02,2.581996e+01,3.854372e+02,7.633544e+00,0.2956
1654,3.747038e+02,2.583929e+01,3.854194e+02,1.071564e+01,0.4147
1655,4.044594e+02,2.585936e+01,3.854166e+02,-1.904273e+01,-0.7364
1656,3.694855e+02,2.588014e+01,3.854282e+02,1.594268e+01,0.6160
1657,3.933513e+02,2.590159e+01,3.854551e+02,-7.896217e+00,-0.3049
1658,3.976122e+02,2.592371e+01,3.854959e+02,-1.211638e+01,-0.4674
1659,3.919668e+02,2.594647e+01,3.855507e+02,-6.416107e+00,-0.2473
1660,4.265484e+02,2.596986e+01,3.856184e+02,-4.092997e+01,-1.5761
1661,4.182230e+02,2.599386e+01,3.856990e+02,-3.252404e+01,-1.2512
1662,3.474315e+02,2.601846e+01,3.857912e+02,3.835965e+01,1.4743
1663,4.060059e+02,2.604362e+01,3.858959e+02,-2.011002e+01,-0.7722
1664,3.577602e+02,2.606934e+01,3.860118e+02,2.825156e+01,1.0837
1665,4.019859e+02,2.609560e+01,3.861383e+02,-1.584762e+01,-0.6073
1666,4.393989e+02,2.612239e+01,3.862748e+02,-5.312409e+01,-2.0337
1667,3.857934e+02,2.614967e+01,3.864216e+02,6.282118e-01,0.0240
1668,3.689460e+02,2.617745e+01,3.865780e+02,1.763194e+01,0.6736
1669,3.930574e+02,2.620567e+01,3.867427e+02,-6.314684e+00,-0.2410
1670,3.877260e+02,2.623434e+01,3.869159e+02,-8.100813e-01,-0.0309
1671,3.904789e+02,2.626344e+01,3.870970e+02,-3.381886e+00,-0.1288
1672,3.798657e+02,2.629297e+01,3.872854e+02,7.419691e+00,0.2822
1673,3.599693e+02,2.632288e+01,3.874806e+02,2.751130e+01,1.0451
1674,4.331141e+02,2.635315e+01,3.876827e+02,-4.543131e+01,-1.7239
1675,3.569652e+02,2.638379e+01,3.878905e+02,3.092532e+01,1.1721
1676,3.960522e+02,2.641476e+01,3.881041e+02,-7.948156e+00,-0.3009
1677,3.898084e+02,2.644606e+01,3.883228e+02,-1.485564e+00,-0.0562
1678,4.087699e+02,2.647765e+01,3.885470e+02,-2.022291e+01,-0.7638
1679,3.564015e+02,2.650954e+01,3.887745e+02,3.237301e+01,1.2212
1680,4.041996e+02,2.654169e+01,3.890055e+02,-1.519410e+01,-0.5725
1681,3.926303e+02,2.657410e+01,3.892409e+02,-3.389385e+00,-0.1275
1682,3.377677e+02,2.660673e+01,3.894780e+02,5.171029e+01,1.9435
1683,4.055281e+02,2.663957e+01,3.897176e+02,-1.581044e+01,-0.5935
1684,3.835882e+02,2.667263e+01,3.899592e+02,6.371009e+00,0.2389
1685,4.035364e+02,2.670585e+01,3.902021e+02,-1.333431e+01,-0.4993
1686,3.567584e+02,2.673925e+01,3.904459e+02,3.368750e+01,1.2599
1687,3.993566e+02,2.677281e+01,3.906899e+02,-8.666626e+00,-0.3237
1688,3.621244e+02,2.680647e+01,3.909344e+02,2.880998e+01,1.0747
1689,3.808023e+02,2.684026e+01,3.911786e+02,1.037637e+01,0.3866
1690,3.762431e+02,2.687415e+01,3.914214e+02,1.517839e+01,0.5648
1691,3.654824e+02,2.690813e+01,3.916629e+02,2.618049e+01,0.9730
1692,3.948101e+02,2.694216e+01,3.919033e+02,-2.906849e+00,-0.1079
1693,3.902596e+02,2.697623e+01,3.921404e+02,1.880780e+00,0.0697
1694,4.053378e+02,2.701035e+01,3.923759e+02,-1.296188e+01,-0.4799
1695,4.008719e+02,2.704448e+01,3.926071e+02,-8.264796e+00,-0.3056
1696,3.809470e+02,2.707862e+01,3.928356e+02,1.188853e+01,0.4390
1697,3.992452e+02,2.711272e+01,3.930600e+02,-6.185230e+00,-0.2281
1698,4.144202e+02,2.714679e+01,3.932790e+02,-2.114122e+01,-0.7788
1699,3.439150e+02,2.718081e+01,3.934935e+02,4.957851e+01,1.8240
1700,3.871465e+02,2.721480e+01,3.937029e+02,6.556377e+00,0.2409
1701,4.376502e+02,2.724869e+01,3.939067e+02,-4.374350e+01,-1.6053
1702,4.377610e+02,2.728251e+01,3.941042e+02,-4.365682e+01,-1.6002
1703,3.949438e+02,2.731623e+01,3.942957e+02,-6.481462e-01,-0.0237
1704,4.058588e+02,2.734982e+01,3.944805e+02,-1.137824e+01,-0.4160
1705,4.265825e+02,2.738329e+01,3.946589e+02,-3.192363e+01,-1.1658
1706,4.291996e+02,2.741664e+01,3.948295e+02,-3.437009e+01,-1.2536
1707,3.861354e+02,2.744981e+01,3.949925e+02,8.857090e+00,0.3227
1708,3.634106e+02,2.748283e+01,3.951472e+02,3.173664e+01,1.1548
1709,4.209909e+02,2.751568e+01,3.952947e+02,-2.569616e+01,-0.9339
1710,3.965991e+02,2.754832e+01,3.954329e+02,-1.166218e+00,-0.0423
1711,4.059579e+02,2.758076e+01,3.955626e+02,-1.039537e+01,-0.3769
1712,3.620907e+02,2.761298e+01,3.956825e+02,3.359180e+01,1.2165
1713,4.065916e+02,2.764494e+01,3.957927e+02,-1.079892e+01,-0.3906
1714,4.109564e+02,2.767668e+01,3.958935e+02,-1.506287e+01,-0.5442
1715,3.814559e+02,2.770817e+01,3.959842e+02,1.452826e+01,0.5243
1716,3.489321e+02,2.773940e+01,3.960649e+02,4.713287e+01,1.6991
1717,4.222192e+02,2.777033e+01,3.961344e+02,-2.608477e+01,-0.9393
1718,4.021524e+02,2.780103e+01,3.961927e+02,-5.959672e+00,-0.2144
1719,3.758637e+02,2.783141e+01,3.962408e+02,2.037711e+01,0.7322
1720,3.967258e+02,2.786150e+01,3.962766e+02,-4.492388e-01,-0.0161
1721,3.730770e+02,2.789129e+01,3.963015e+02,2.322459e+01,0.8327
1722,4.204478e+02,2.792076e+01,3.963145e+02,-2.413336e+01,-0.8644
1723,4.144400e+02,2.794991e+01,3.963147e+02,-1.812540e+01,-0.6485
1724,3.646837e+02,2.797872e+01,3.963038e+02,3.162010e+01,1.1301
1725,3.870358e+02,2.800721e+01,3.962797e+02,9.243884e+00,0.3301
1726,4.500159e+02,2.803536e+01,3.962425e+02,-5.377346e+01,-1.9181
1727,3.578620e+02,2.806313e+01,3.961931e+02,3.833107e+01,1.3659
1728,3.991232e+02,2.809053e+01,3.961301e+02,-2.993086e+00,-0.1066
1729,3.652427e+02,2.811756e+01,3.960536e+02,3.081092e+01,1.0958
1730,3.893284e+02,2.814422e+01,3.959637e+02,6.635339e+00,0.2358
1731,4.290693e+02,2.817048e+01,3.958599e+02,-3.320948e+01,-1.1789
1732,4.237360e+02,2.819635e+01,3.957421e+02,-2.799390e+01,-0.9928
1733,3.824152e+02,2.822183e+01,3.956097e+02,1.319450e+01,0.4675
1734,4.159408e+02,2.824690e+01,3.954630e+02,-2.047783e+01,-0.7250
1735,4.214812e+02,2.827157e+01,3.953011e+02,-2.618019e+01,-0.9260
1736,4.334545e+02,2.829585e+01,3.951256e+02,-3.832883e+01,-1.3546
1737,4.044655e+02,2.831970e+01,3.949353e+02,-9.530181e+00,-0.3365
1738,3.816049e+02,2.834313e+01,3.947301e+02,1.312523e+01,0.4631
1739,4.082044e+02,2.836614e+01,3.945102e+02,-1.369425e+01,-0.4828
1740,4.007164e+02,2.838874e+01,3.942755e+02,-6.440808e+00,-0.2269
1741,4.738832e+02,2.841092e+01,3.940263e+02,-7.985686e+01,-2.8108
1742,3.825810e+02,2.843263e+01,3.937619e+02,1.118082e+01,0.3932
1743,3.809632e+02,2.845393e+01,3.934822e+02,1.251901e+01,0.4400
1744,3.515395e+02,2.847479e+01,3.931867e+02,4.164717e+01,1.4626
1745,3.912383e+02,2.849520e+01,3.928768e+02,1.638569e+00,0.0575
1746,3.411652e+02,2.851515e+01,3.925505e+02,5.138533e+01,1.8020
1747,4.068049e+02,2.853465e+01,3.922085e+02,-1.459643e+01,-0.5115
1748,4.259839e+02,2.855371e+01,3.918517e+02,-3.413230e+01,-1.1954
1749,3.499900e+02,2.857232e+01,3.914777e+02,4.148770e+01,1.4520
1750,3.928807e+02,2.859048e+01,3.910891e+02,-1.791650e+00,-0.0627
1751,3.667699e+02,2.860817e+01,3.906842e+02,2.391433e+01,0.8359
1752,3.512208e+02,2.862543e+01,3.902639e+02,3.904308e+01,1.3639
1753,3.693370e+02,2.864225e+01,3.898282e+02,2.049127e+01,0.7154
1754,3.506187e+02,2.865862e+01,3.893765e+02,3.875777e+01,1.3524
1755,3.640967e+02,2.867453e+01,3.889087e+02,2.481199e+01,0.8653
1756,4.118534e+02,2.869001e+01,3.884256e+02,-2.342775e+01,-0.8166
1757,3.827512e+02,2.870505e+01,3.879266e+02,5.175389e+00,0.1803
1758,3.915295e+02,2.871965e+01,3.874115e+02,-4.117971e+00,-0.1434
1759,4.005297e+02,2.873383e+01,3.868806e+02,-1.364917e+01,-0.4750
1760,3.783691e+02,2.874754e+01,3.863344e+02,7.965251e+00,0.2771
1761,3.889889e+02,2.876081e+01,3.857723e+02,-3.216563e+00,-0.1118
1762,3.229191e+02,2.877365e+01,3.851944e+02,6.227524e+01,2.1643
1763,4.047529e+02,2.878609e+01,3.846012e+02,-2.015169e+01,-0.7000
1764,4.019201e+02,2.879805e+01,3.839922e+02,-1.792780e+01,-0.6225
1765,3.810577e+02,2.880962e+01,3.833689e+02,2.311180e+00,0.0802
1766,3.787006e+02,2.882074e+01,3.827303e+02,4.029766e+00,0.1398
1767,3.832768e+02,2.883144e+01,3.820767e+02,-1.200093e+00,-0.0416
1768,3.906103e+02,2.884176e+01,3.814086e+02,-9.201672e+00,-0.3190
1769,3.724652e+02,2.885164e+01,3.807262e+02,8.261032e+00,0.2863
1770,3.808618e+02,2.886114e+01,3.800293e+02,-8.324412e-01,-0.0288
1771,3.735037e+02,2.887026e+01,3.793180e+02,5.814377e+00,0.2014
1772,4.199289e+02,2.887895e+01,3.785923e+02,-4.133658e+01,-1.4314
1773,3.540221e+02,2.888728e+01,3.778528e+02,2.383074e+01,0.8250
1774,3.137758e+02,2.889523e+01,3.770989e+02,6.332311e+01,2.1915
1775,3.813235e+02,2.890278e+01,3.763320e+02,-4.991512e+00,-0.1727
1776,3.862044e+02,2.890999e+01,3.755505e+02,-1.065393e+01,-0.3685
1777,3.726756e+02,2.891683e+01,3.747559e+02,2.080339e+00,0.0719
1778,3.589679e+02,2.892331e+01,3.739482e+02,1.498033e+01,0.5179
1779,3.933982e+02,2.892942e+01,3.731266e+02,-2.027154e+01,-0.7007
1780,4.038955e+02,2.893521e+01,3.722926e+02,-3.160284e+01,-1.0922
1781,3.640340e+02,2.894063e+01,3.714454e+02,7.411361e+00,0.2561
1782,3.367855e+02,2.894574e+01,3.705856e+02,3.380010e+01,1.1677
1783,3.401127e+02,2.895053e+01,3.697133e+02,2.960052e+01,1.0225
1784,4.030800e+02,2.895499e+01,3.688290e+02,-3.425097e+01,-1.1829
1785,4.212460e+02,2.895914e+01,3.679321e+02,-5.331383e+01,-1.8410
1786,3.828141e+02,2.896299e+01,3.670240e+02,-1.579013e+01,-0.5452
1787,3.712488e+02,2.896655e+01,3.661046e+02,-5.144200e+00,-0.1776
1788,3.588050e+02,2.896982e+01,3.651730e+02,6.367993e+00,0.2198
1789,4.148723e+02,2.897280e+01,3.642308e+02,-5.064148e+01,-1.7479
1790,3.769202e+02,2.897556e+01,3.632779e+02,-1.364234e+01,-0.4708
1791,3.753706e+02,2.897802e+01,3.623134e+02,-1.305720e+01,-0.4506
1792,3.416950e+02,2.898023e+01,3.613388e+02,1.964382e+01,0.6778
1793,3.709573e+02,2.898218e+01,3.603540e+02,-1.060336e+01,-0.3659
1794,3.861362e+02,2.898393e+01,3.593582e+02,-2.677803e+01,-0.9239
1795,3.751613e+02,2.898542e+01,3.583527e+02,-1.680856e+01,-0.5799
1796,3.900800e+02,2.898669e+01,3.573369e+02,-3.274308e+01,-1.1296
1797,3.648938e+02,2.898778e+01,3.563121e+02,-8.581691e+00,-0.2960
1798,3.475942e+02,2.898861e+01,3.552774e+02,7.683208e+00,0.2650
1799,4.005757e+02,2.898926e+01,3.542344e+02,-4.634136e+01,-1.5986
1800,3.548461e+02,2.898976e+01,3.531821e+02,-1.664035e+00,-0.0574
1801,3.350577e+02,2.899005e+01,3.521219e+02,1.706419e+01,0.5886
1802,3.594575e+02,2.899018e+01,3.510538e+02,-8.403758e+00,-0.2899
1803,3.293596e+02,2.899015e+01,3.499776e+02,2.061797e+01,0.7112
1804,3.418498e+02,2.899000e+01,3.488940e+02,7.044199e+00,0.2430
1805,3.492321e+02,2.898971e+01,3.478036e+02,-1.428538e+00,-0.0493
1806,3.474305e+02,2.898926e+01,3.467062e+02,-7.242253e-01,-0.0250
1807,3.414494e+02,2.898873e+01,3.456019e+02,4.152474e+00,0.1432
1808,3.385444e+02,2.898809e+01,3.444911e+02,5.946738e+00,0.2051
1809,3.499147e+02,2.898734e+01,3.433738e+02,-6.540913e+00,-0.2256
1810,3.776939e+02,2.898651e+01,3.422506e+02,-3.544335e+01,-1.2228
1811,3.014921e+02,2.898561e+01,3.411213e+02,3.962920e+01,1.3672
1812,4.022708e+02,2.898466e+01,3.399867e+02,-6.228413e+01,-2.1489
1813,3.572717e+02,2.898364e+01,3.388465e+02,-1.842523e+01,-0.6357
1814,2.986965e+02,2.898255e+01,3.377014e+02,3.900493e+01,1.3458
1815,3.476943e+02,2.898145e+01,3.365521e+02,-1.114227e+01,-0.3845
1816,3.586625e+02,2.898034e+01,3.353983e+02,-2.326420e+01,-0.8028
1817,3.243086e+02,2.897922e+01,3.342407e+02,9.932077e+00,0.3427
1818,3.473517e+02,2.897807e+01,3.330792e+02,-1.427245e+01,-0.4925
1819,3.019961e+02,2.897694e+01,3.319145e+02,2.991834e+01,1.0325
1820,3.408096e+02,2.897583e+01,3.307463e+02,-1.006332e+01,-0.3473
1821,3.447951e+02,2.897475e+01,3.295753e+02,-1.521981e+01,-0.5253
1822,3.054434e+02,2.897369e+01,3.284021e+02,2.295870e+01,0.7924
1823,3.197318e+02,2.897272e+01,3.272258e+02,7.494067e+00,0.2587
1824,3.572460e+02,2.897179e+01,3.260472e+02,-3.119884e+01,-1.0769
1825,3.904796e+02,2.897092e+01,3.248674e+02,-6.561225e+01,-2.2648
1826,3.312881e+02,2.897012e+01,3.236857e+02,-7.602412e+00,-0.2624
1827,2.968805e+02,2.896942e+01,3.225026e+02,2.562208e+01,0.8845
1828,3.378842e+02,2.896885e+01,3.213189e+02,-1.656529e+01,-0.5718
1829,3.143509e+02,2.896836e+01,3.201350e+02,5.784080e+00,0.1997
1830,3.120523e+02,2.896798e+01,3.189502e+02,6.897915e+00,0.2381
1831,2.826155e+02,2.896777e+01,3.177665e+02,3.515093e+01,1.2134
1832,2.956862e+02,2.896768e+01,3.165830e+02,2.089680e+01,0.7214
1833,3.168805e+02,2.896776e+01,3.154005e+02,-1.479968e+00,-0.0511
1834,3.088157e+02,2.896797e+01,3.142187e+02,5.402948e+00,0.1865
1835,3.409217e+02,2.896835e+01,3.130383e+02,-2.788348e+01,-0.9625
1836,3.383630e+02,2.896895e+01,3.118598e+02,-2.650314e+01,-0.9149
1837,2.998029e+02,2.896975e+01,3.106825e+02,1.087960e+01,0.3756
1838,2.668195e+02,2.897070e+01,3.095077e+02,4.268824e+01,1.4735
1839,3.523004e+02,2.897191e+01,3.083345e+02,-4.396595e+01,-1.5175
1840,2.858562e+02,2.897331e+01,3.071643e+02,2.130811e+01,0.7354
1841,3.716427e+02,2.897497e+01,3.059969e+02,-6.564578e+01,-2.2656
1842,3.085797e+02,2.897688e+01,3.048322e+02,-3.747468e+00,-0.1293
1843,2.779698e+02,2.897900e+01,3.036717e+02,2.570187e+01,0.8869
1844,3.151241e+02,2.898142e+01,3.025144e+02,-1.260978e+01,-0.4351
1845,3.091064e+02,2.898411e+01,3.013609e+02,-7.745480e+00,-0.2672
1846,2.753131e+02,2.898708e+01,3.002119e+02,2.489885e+01,0.8590
1847,2.940812e+02,2.899032e+01,2.990680e+02,4.986803e+00,0.1720
1848,2.988995e+02,2.899390e+01,2.979276e+02,-9.718816e-01,-0.0335
1849,3.091891e+02,2.899779e+01,2.967928e+02,-1.239629e+01,-0.4275
1850,3.271667e+02,2.900199e+01,2.956627e+02,-3.150399e+01,-1.0863
1851,2.819754e+02,2.900653e+01,2.945380e+02,1.256265e+01,0.4331
1852,3.577446e+02,2.901140e+01,2.934193e+02,-6.432529e+01,-2.2172
1853,3.296481e+02,2.901661e+01,2.923056e+02,-3.734244e+01,-1.2869
1854,3.264946e+02,2.902218e+01,2.911984e+02,-3.529617e+01,-1.2162
1855,3.077150e+02,2.902812e+01,2.900975e+02,-1.761748e+01,-0.6069
1856,2.517159e+02,2.903442e+01,2.890035e+02,3.728760e+01,1.2843
1857,3.002725e+02,2.904109e+01,2.879156e+02,-1.235686e+01,-0.4255
1858,2.671989e+02,2.904815e+01,2.868351e+02,1.963611e+01,0.6760
1859,3.156179e+02,2.905560e+01,2.857610e+02,-2.985684e+01,-1.0276
1860,3.056926e+02,2.906345e+01,2.846956e+02,-2.099695e+01,-0.7225
1861,3.129817e+02,2.907173e+01,2.836365e+02,-2.934516e+01,-1.0094
1862,2.960511e+02,2.908041e+01,2.825858e+02,-1.346531e+01,-0.4630
1863,2.298131e+02,2.908950e+01,2.815433e+02,5.173020e+01,1.7783
1864,2.804028e+02,2.909903e+01,2.805089e+02,1.060871e-01,0.0036
1865,2.791392e+02,2.910903e+01,2.794825e+02,3.432962e-01,0.0118
1866,2.774982e+02,2.911944e+01,2.784640e+02,9.658882e-01,0.0332
1867,2.837246e+02,2.913030e+01,2.774548e+02,-6.269752e+00,-0.2152
1868,2.801148e+02,2.914164e+01,2.764547e+02,-3.660036e+00,-0.1256
1869,2.420617e+02,2.915342e+01,2.754629e+02,3.340121e+01,1.1457
1870,2.878969e+02,2.916566e+01,2.744808e+02,-1.341615e+01,-0.4600
1871,2.737903e+02,2.917842e+01,2.735082e+02,-2.821906e-01,-0.0097
1872,2.751668e+02,2.919162e+01,2.725442e+02,-2.622586e+00,-0.0898
1873,2.674541e+02,2.920532e+01,2.715904e+02,4.136279e+00,0.1416
1874,2.923453e+02,2.921948e+01,2.706458e+02,-2.169953e+01,-0.7426
1875,2.542111e+02,2.923418e+01,2.697118e+02,1.550071e+01,0.5302
1876,2.742311e+02,2.924937e+01,2.687875e+02,-5.443561e+00,-0.1861
1877,2.741418e+02,2.926504e+01,2.678737e+02,-6.268071e+00,-0.2142
1878,2.998476e+02,2.928125e+01,2.669702e+02,-3.287741e+01,-1.1228
1879,2.443387e+02,2.929798e+01,2.660769e+02,2.173828e+01,0.7420
1880,3.087815e+02,2.931518e+01,2.651938e+02,-4.358773e+01,-1.4869
1881,3.080247e+02,2.933296e+01,2.643222e+02,-4.370247e+01,-1.4899
1882,2.740092e+02,2.935127e+01,2.634613e+02,-1.054789e+01,-0.3594
1883,2.796486e+02,2.937008e+01,2.626110e+02,-1.703756e+01,-0.5801
1884,2.743625e+02,2.938946e+01,2.617713e+02,-1.259127e+01,-0.4284
1885,2.197742e+02,2.940940e+01,2.609427e+02,4.116854e+01,1.3998
1886,2.564007e+02,2.942987e+01,2.601261e+02,3.725322e+00,0.1266
1887,2.325441e+02,2.945090e+01,2.593197e+02,2.677558e+01,0.9092
1888,2.620313e+02,2.947247e+01,2.585251e+02,-3.506202e+00,-0.1190
1889,2.687805e+02,2.949462e+01,2.577414e+02,-1.103917e+01,-0.3743
1890,2.640147e+02,2.951731e+01,2.569692e+02,-7.045470e+00,-0.2387
1891,2.010668e+02,2.954057e+01,2.562087e+02,5.514185e+01,1.8666
1892,2.930243e+02,2.956439e+01,2.554603e+02,-3.756405e+01,-1.2706
1893,2.723162e+02,2.958878e+01,2.547233e+02,-1.759291e+01,-0.5946
1894,2.359010e+02,2.961375e+01,2.539977e+02,1.809665e+01,0.6111
1895,2.538099e+02,2.963927e+01,2.532841e+02,-5.258121e-01,-0.0177
1896,2.540651e+02,2.966539e+01,2.525825e+02,-1.482650e+00,-0.0500
1897,2.013257e+02,2.969208e+01,2.518928e+02,5.056716e+01,1.7031
1898,2.408668e+02,2.971936e+01,2.512151e+02,1.034823e+01,0.3482
1899,2.539362e+02,2.974721e+01,2.505492e+02,-3.387005e+00,-0.1139
1900,2.663510e+02,2.977566e+01,2.498958e+02,-1.645521e+01,-0.5526
1901,2.582441e+02,2.980473e+01,2.492535e+02,-8.990619e+00,-0.3017
1902,3.139685e+02,2.983434e+01,2.486236e+02,-6.534486e+01,-2.1903
1903,2.029923e+02,2.986455e+01,2.480055e+02,4.501316e+01,1.5072
1904,2.126387e+02,2.989538e+01,2.473998e+02,3.476108e+01,1.1628
1905,2.651604e+02,2.992676e+01,2.468057e+02,-1.835475e+01,-0.6133
1906,1.962890e+02,2.995871e+01,2.462239e+02,4.993493e+01,1.6668
1907,2.495411e+02,2.999130e+01,2.456538e+02,-3.887285e+00,-0.1296
1908,2.734809e+02,3.002442e+01,2.450952e+02,-2.838564e+01,-0.9454
1909,2.469531e+02,3.005814e+01,2.445497e+02,-2.403346e+00,-0.0800
1910,2.754341e+02,3.009246e+01,2.440157e+02,-3.141836e+01,-1.0441
1911,2.652828e+02,3.012734e+01,2.434933e+02,-2.178954e+01,-0.7232
1912,2.602105e+02,3.016283e+01,2.429831e+02,-1.722742e+01,-0.5711
1913,2.096550e+02,3.019887e+01,2.424843e+02,3.282932e+01,1.0871
1914,2.852130e+02,3.023553e+01,2.419971e+02,-4.321585e+01,-1.4293
1915,2.741302e+02,3.027273e+01,2.415221e+02,-3.260809e+01,-1.0771
1916,2.561215e+02,3.031054e+01,2.410586e+02,-1.506292e+01,-0.4970
1917,2.527509e+02,3.034892e+01,2.406065e+02,-1.214434e+01,-0.4002
1918,2.301099e+02,3.038785e+01,2.401659e+02,1.005603e+01,0.3309
1919,2.300891e+02,3.042739e+01,2.397376e+02,9.648471e+00,0.3171
1920,2.563054e+02,3.046750e+01,2.393200e+02,-1.698547e+01,-0.5575
1921,3.054821e+02,3.050814e+01,2.389138e+02,-6.656829e+01,-2.1820
1922,2.732144e+02,3.054938e+01,2.385192e+02,-3.469529e+01,-1.1357
1923,2.320684e+02,3.059119e+01,2.381352e+02,6.066898e+00,0.1983
1924,2.640558e+02,3.063355e+01,2.377636e+02,-2.629223e+01,-0.8583
1925,2.071009e+02,3.067648e+01,2.374020e+02,3.030110e+01,0.9878
1926,2.407316e+02,3.071992e+01,2.370512e+02,-3.680404e+00,-0.1198
1927,3.002334e+02,3.076396e+01,2.367119e+02,-6.352148e+01,-2.0648
1928,2.813161e+02,3.080854e+01,2.363827e+02,-4.493338e+01,-1.4585
1929,2.655821e+02,3.085368e+01,2.360644e+02,-2.951773e+01,-0.9567
1930,2.531882e+02,3.089936e+01,2.357569e+02,-1.743134e+01,-0.5641
1931,2.892223e+02,3.094557e+01,2.354596e+02,-5.376277e+01,-1.7373
1932,2.183525e+02,3.099233e+01,2.351717e+02,1.681922e+01,0.5427
1933,1.434770e+02,3.103963e+01,2.348948e+02,9.141779e+01,2.9452
1934,2.318988e+02,3.108747e+01,2.346273e+02,2.728467e+00,0.0878
1935,1.948894e+02,3.113583e+01,2.343701e+02,3.948070e+01,1.2680
1936,2.815203e+02,3.118472e+01,2.341225e+02,-4.739783e+01,-1.5199
1937,2.728563e+02,3.123413e+01,2.338845e+02,-3.897181e+01,-1.2477
1938,2.470827e+02,3.128406e+01,2.336560e+02,-1.342669e+01,-0.4292
1939,2.486250e+02,3.133452e+01,2.334366e+02,-1.518844e+01,-0.4847
1940,2.675226e+02,3.138547e+01,2.332260e+02,-3.429654e+01,-1.0928
1941,2.752688e+02,3.143691e+01,2.330245e+02,-4.224433e+01,-1.3438
1942,2.448302e+02,3.148884e+01,2.328320e+02,-1.199812e+01,-0.3810
1943,2.082169e+02,3.154126e+01,2.326487e+02,2.443173e+01,0.7746
1944,2.913312e+02,3.159421e+01,2.324730e+02,-5.885823e+01,-1.8629
1945,2.100516e+02,3.164762e+01,2.323057e+02,2.225405e+01,0.7032
1946,1.635689e+02,3.170148e+01,2.321469e+02,6.857806e+01,2.1632
1947,2.516261e+02,3.175586e+01,2.319960e+02,-1.963014e+01,-0.6182
1948,2.097911e+02,3.181065e+01,2.318529e+02,2.206180e+01,0.6935
1949,1.975389e+02,3.186593e+01,2.317170e+02,3.417806e+01,1.0726
1950,2.429317e+02,3.192169e+01,2.315883e+02,-1.134340e+01,-0.3554
1951,2.182669e+02,3.197786e+01,2.314677e+02,1.320087e+01,0.4128
1952,2.269349e+02,3.203451e+01,2.313538e+02,4.418892e+00,0.1379
1953,2.493880e+02,3.209157e+01,2.312465e+02,-1.814152e+01,-0.5653
1954,2.355294e+02,3.214910e+01,2.311460e+02,-4.383389e+00,-0.1363
1955,2.612293e+02,3.220702e+01,2.310525e+02,-3.017681e+01,-0.9370
1956,2.055460e+02,3.226540e+01,2.309651e+02,2.541908e+01,0.7878
1957,2.730645e+02,3.232415e+01,2.308841e+02,-4.218046e+01,-1.3049
1958,1.825727e+02,3.238336e+01,2.308095e+02,4.823680e+01,1.4896
1959,2.695947e+02,3.244293e+01,2.307406e+02,-3.885416e+01,-1.1976
1960,1.777838e+02,3.250294e+01,2.306775e+02,5.289379e+01,1.6274
1961,2.654225e+02,3.256336e+01,2.306204e+02,-3.480205e+01,-1.0687
1962,2.773275e+02,3.262411e+01,2.305679e+02,-4.675965e+01,-1.4333
1963,2.417459e+02,3.268529e+01,2.305215e+02,-1.122445e+01,-0.3434
1964,2.443733e+02,3.274684e+01,2.304798e+02,-1.389352e+01,-0.4243
1965,2.925995e+02,3.280874e+01,2.304421e+02,-6.215739e+01,-1.8945
1966,1.655656e+02,3.287103e+01,2.304102e+02,6.484462e+01,1.9727
1967,1.743338e+02,3.293369e+01,2.303825e+02,5.604877e+01,1.7019
1968,2.722892e+02,3.299669e+01,2.303585e+02,-4.193072e+01,-1.2708
1969,2.394586e+02,3.306006e+01,2.303397e+02,-9.118925e+00,-0.2758
1970,1.938839e+02,3.312372e+01,2.303240e+02,3.644014e+01,1.1001
1971,2.497716e+02,3.318776e+01,2.303122e+02,-1.945940e+01,-0.5863
1972,2.723625e+02,3.325212e+01,2.303045e+02,-4.205802e+01,-1.2648
1973,1.767422e+02,3.331683e+01,2.302994e+02,5.355726e+01,1.6075
1974,2.188349e+02,3.338183e+01,2.302978e+02,1.146294e+01,0.3434
1975,2.397168e+02,3.344715e+01,2.302998e+02,-9.416927e+00,-0.2815
1976,2.421535e+02,3.351278e+01,2.303041e+02,-1.184946e+01,-0.3536
1977,2.478931e+02,3.357871e+01,2.303106e+02,-1.758248e+01,-0.5236
1978,2.087940e+02,3.364492e+01,2.303196e+02,2.152558e+01,0.6398
1979,1.908789e+02,3.371142e+01,2.303303e+02,3.945140e+01,1.1703
1980,2.890066e+02,3.377820e+01,2.303437e+02,-5.866285e+01,-1.7367
1981,2.438044e+02,3.384525e+01,2.303583e+02,-1.344608e+01,-0.3973
1982,1.706354e+02,3.391257e+01,2.303750e+02,5.973964e+01,1.7616
1983,1.799896e+02,3.398015e+01,2.303932e+02,5.040361e+01,1.4833
1984,2.373205e+02,3.404801e+01,2.304121e+02,-6.908391e+00,-0.2029
1985,2.493955e+02,3.411610e+01,2.304327e+02,-1.896281e+01,-0.5558
1986,1.781333e+02,3.418442e+01,2.304536e+02,5.232028e+01,1.5305
1987,1.944768e+02,3.425297e+01,2.304755e+02,3.599866e+01,1.0510
1988,2.787918e+02,3.432175e+01,2.304979e+02,-4.829392e+01,-1.4071
1989,2.955629e+02,3.439081e+01,2.305202e+02,-6.504274e+01,-1.8913
1990,1.490165e+02,3.446003e+01,2.305430e+02,8.152654e+01,2.3658
1991,2.391688e+02,3.452954e+01,2.305659e+02,-8.602836e+00,-0.2491
1992,1.850439e+02,3.459924e+01,2.305882e+02,4.554428e+01,1.3163
1993,1.747087e+02,3.466918e+01,2.306092e+02,5.590047e+01,1.6124
1994,2.352670e+02,3.473922e+01,2.306305e+02,-4.636539e+00,-0.1335
1995,2.859355e+02,3.481483e+01,2.306500e+02,-5.528550e+01,-1.5880
1996,2.274765e+02,3.488525e+01,2.306692e+02,3.192685e+00,0.0915
1997,3.044420e+02,3.646165e+01,2.306868e+02,-7.375523e+01,-2.0228
1998,2.638703e+02,3.653207e+01,2.307021e+02,-3.316827e+01,-0.9079
1999,2.300656e+02,3.664643e+01,2.307166e+02,6.510031e-01,0.0178
2000,2.989680e+02,3.671717e+01,2.307284e+02,-6.823963e+01,-1.8585
2001,2.811080e+02,3.678819e+01,2.307388e+02,-5.036922e+01,-1.3692
2002,2.535214e+02,3.685922e+01,2.307466e+02,-2.277477e+01,-0.6179
2003,2.189580e+02,3.693036e+01,2.307519e+02,1.179385e+01,0.3194
2004,2.668467e+02,3.700166e+01,2.307547e+02,-3.609200e+01,-0.9754
2005,2.035637e+02,3.707312e+01,2.307552e+02,2.719154e+01,0.7335
2006,2.192728e+02,3.714463e+01,2.307527e+02,1.147991e+01,0.3091
2007,2.363137e+02,3.721634e+01,2.307466e+02,-5.567083e+00,-0.1496
2008,2.073328e+02,3.728814e+01,2.307378e+02,2.340495e+01,0.6277
2009,2.413754e+02,3.736002e+01,2.307255e+02,-1.064993e+01,-0.2851
2010,1.930196e+02,3.743204e+01,2.307099e+02,3.769033e+01,1.0069
2011,1.569368e+02,3.750417e+01,2.306904e+02,7.375364e+01,1.9665
2012,2.364323e+02,3.757634e+01,2.306670e+02,-5.765254e+00,-0.1534
2013,2.470096e+02,3.764866e+01,2.306391e+02,-1.637043e+01,-0.4348
2014,1.902832e+02,3.772106e+01,2.306076e+02,4.032440e+01,1.0690
2015,2.134425e+02,3.779354e+01,2.305717e+02,1.712921e+01,0.4532
2016,2.396567e+02,3.786606e+01,2.305309e+02,-9.125744e+00,-0.2410
2017,2.117069e+02,3.793871e+01,2.304867e+02,1.877984e+01,0.4950
2018,2.931292e+02,3.801141e+01,2.304371e+02,-6.269213e+01,-1.6493
2019,2.862554e+02,3.808418e+01,2.303834e+02,-5.587194e+01,-1.4671
2020,2.187781e+02,3.815702e+01,2.303245e+02,1.154639e+01,0.3026
2021,1.951189e+02,3.822992e+01,2.302610e+02,3.514212e+01,0.9192
2022,1.887526e+02,3.830287e+01,2.301932e+02,4.144056e+01,1.0819
2023,2.751775e+02,3.837587e+01,2.301195e+02,-4.505791e+01,-1.1741
2024,1.720555e+02,3.844893e+01,2.300409e+02,5.798543e+01,1.5081
2025,2.185355e+02,3.852203e+01,2.299574e+02,1.142195e+01,0.2965
2026,2.345971e+02,3.859517e+01,2.298676e+02,-4.729480e+00,-0.1225
2027,2.772907e+02,3.866836e+01,2.297723e+02,-4.751837e+01,-1.2289
2028,2.292201e+02,3.874158e+01,2.296717e+02,4.515847e-01,0.0117
2029,2.722396e+02,3.881484e+01,2.295650e+02,-4.267457e+01,-1.0994
2030,2.233520e+02,3.888812e+01,2.294524e+02,6.100403e+00,0.1569
2031,2.284793e+02,3.896143e+01,2.293346e+02,8.552930e-01,0.0220
2032,2.344685e+02,3.903478e+01,2.292102e+02,-5.258313e+00,-0.1347
2033,2.202375e+02,3.910814e+01,2.290794e+02,8.841822e+00,0.2261
2034,2.311477e+02,3.918152e+01,2.289429e+02,-2.204878e+00,-0.0563
2035,3.324044e+02,3.925497e+01,2.288000e+02,-1.036044e+02,-2.6393
2036,2.544741e+02,3.932838e+01,2.286509e+02,-2.582316e+01,-0.6566
2037,2.030649e+02,3.940180e+01,2.284949e+02,2.543000e+01,0.6454
2038,2.650548e+02,3.947524e+01,2.283327e+02,-3.672214e+01,-0.9303
2039,2.096464e+02,3.954874e+01,2.281637e+02,1.851727e+01,0.4682
2040,1.834615e+02,3.962220e+01,2.279880e+02,4.452648e+01,1.1238
2041,2.182494e+02,3.969566e+01,2.278048e+02,9.555415e+00,0.2407
2042,1.937240e+02,3.976913e+01,2.276150e+02,3.389107e+01,0.8522
2043,2.395656e+02,3.984265e+01,2.274187e+02,-1.214688e+01,-0.3049
2044,2.559817e+02,3.991613e+01,2.272151e+02,-2.876658e+01,-0.7207
2045,1.998505e+02,3.998961e+01,2.270050e+02,2.715452e+01,0.6790
2046,2.511383e+02,4.006314e+01,2.267878e+02,-2.435054e+01,-0.6078
2047,2.340025e+02,4.013660e+01,2.265627e+02,-7.439734e+00,-0.1854
2048,2.377675e+02,4.021014e+01,2.263314e+02,-1.143619e+01,-0.2844
2049,2.258357e+02,4.028361e+01,2.260930e+02,2.572260e-01,0.0064
2050,2.335667e+02,4.035714e+01,2.258476e+02,-7.719067e+00,-0.1913
2051,2.005347e+02,4.043060e+01,2.255946e+02,2.505987e+01,0.6198
2052,2.125935e+02,4.050410e+01,2.253347e+02,1.274118e+01,0.3146
2053,1.996201e+02,4.057756e+01,2.250672e+02,2.544706e+01,0.6271
2054,2.293823e+02,4.065104e+01,2.247922e+02,-4.590130e+00,-0.1129
2055,1.830088e+02,4.072448e+01,2.245096e+02,4.150077e+01,1.0191
2056,2.053597e+02,4.079794e+01,2.242203e+02,1.886056e+01,0.4623
2057,2.562715e+02,4.087139e+01,2.239228e+02,-3.234877e+01,-0.7915
2058,1.982734e+02,4.094486e+01,2.236186e+02,2.534512e+01,0.6190
2059,1.966913e+02,4.101834e+01,2.233062e+02,2.661494e+01,0.6489
2060,2.161445e+02,4.109172e+01,2.229872e+02,6.842732e+00,0.1665
2061,2.526363e+02,4.116522e+01,2.226601e+02,-2.997620e+01,-0.7282
2062,2.600854e+02,4.123867e+01,2.223264e+02,-3.775904e+01,-0.9156
2063,2.498010e+02,4.131210e+01,2.219846e+02,-2.781639e+01,-0.6733
2064,1.794406e+02,4.138555e+01,2.216355e+02,4.219488e+01,1.0196
2065,2.011676e+02,4.145905e+01,2.212798e+02,2.011225e+01,0.4851
2066,1.568908e+02,4.153251e+01,2.209161e+02,6.402533e+01,1.5416
2067,2.343503e+02,4.160593e+01,2.205451e+02,-1.380521e+01,-0.3318
2068,2.587307e+02,4.167941e+01,2.201676e+02,-3.856308e+01,-0.9252
2069,2.253267e+02,4.175290e+01,2.197821e+02,-5.544603e+00,-0.1328
2070,2.636418e+02,4.182639e+01,2.193900e+02,-4.425178e+01,-1.0580
2071,2.591966e+02,4.189988e+01,2.189907e+02,-4.020590e+01,-0.9596
2072,1.191008e+02,4.197340e+01,2.185834e+02,9.948265e+01,2.3701
2073,2.332776e+02,4.204687e+01,2.181696e+02,-1.510799e+01,-0.3593
2074,2.345375e+02,4.212040e+01,2.177484e+02,-1.678902e+01,-0.3986
2075,1.538534e+02,4.219395e+01,2.173208e+02,6.346736e+01,1.5042
2076,2.229890e+02,4.226752e+01,2.168851e+02,-6.103893e+00,-0.1444
2077,2.328513e+02,4.234110e+01,2.164429e+02,-1.640842e+01,-0.3875
2078,1.686546e+02,4.241471e+01,2.159934e+02,4.733877e+01,1.1161
2079,1.363862e+02,4.248836e+01,2.155373e+02,7.915111e+01,1.8629
2080,2.548911e+02,4.256203e+01,2.150746e+02,-3.981649e+01,-0.9355
2081,1.524850e+02,4.263573e+01,2.146053e+02,6.212032e+01,1.4570
2082,1.981198e+02,4.270944e+01,2.141295e+02,1.600963e+01,0.3748
2083,2.298133e+02,4.278323e+01,2.136470e+02,-1.616637e+01,-0.3779
2084,2.341785e+02,4.285703e+01,2.131578e+02,-2.102069e+01,-0.4905
2085,1.984461e+02,4.293093e+01,2.126635e+02,1.421735e+01,0.3312
2086,1.913545e+02,4.300481e+01,2.121617e+02,2.080724e+01,0.4838
2087,2.041762e+02,4.307876e+01,2.116540e+02,7.477796e+00,0.1736
2088,2.335772e+02,4.315276e+01,2.111410e+02,-2.243612e+01,-0.5199
2089,2.714076e+02,4.322677e+01,2.106213e+02,-6.078626e+01,-1.4062
2090,2.238912e+02,4.330086e+01,2.100956e+02,-1.379568e+01,-0.3186
2091,2.209875e+02,4.337503e+01,2.095637e+02,-1.142375e+01,-0.2634
2092,2.359579e+02,4.344931e+01,2.090258e+02,-2.693208e+01,-0.6199
2093,1.245288e+02,4.352359e+01,2.084825e+02,8.395372e+01,1.9289
2094,2.164938e+02,4.359794e+01,2.079339e+02,-8.559922e+00,-0.1963
2095,2.542637e+02,4.367239e+01,2.073790e+02,-4.688470e+01,-1.0736
2096,2.242822e+02,4.374697e+01,2.068194e+02,-1.746285e+01,-0.3992
2097,2.519830e+02,4.382157e+01,2.062543e+02,-4.572878e+01,-1.0435
2098,2.197420e+02,4.389626e+01,2.056836e+02,-1.405834e+01,-0.3203
2099,2.621791e+02,4.397111e+01,2.051081e+02,-5.707096e+01,-1.2979
2100,2.069817e+02,4.404600e+01,2.045270e+02,-2.454614e+00,-0.0557
2101,1.700452e+02,4.412098e+01,2.039410e+02,3.389583e+01,0.7682
2102,1.348494e+02,4.419612e+01,2.033501e+02,6.850071e+01,1.5499
2103,2.274084e+02,4.427130e+01,2.027541e+02,-2.465429e+01,-0.5569
2104,2.615189e+02,4.434667e+01,2.021531e+02,-5.936587e+01,-1.3387
2105,1.391497e+02,4.442207e+01,2.015477e+02,6.239798e+01,1.4047
2106,1.932428e+02,4.449768e+01,2.009371e+02,7.694219e+00,0.1729
2107,1.825830e+02,4.457332e+01,2.003227e+02,1.773975e+01,0.3980
2108,1.046408e+02,4.464916e+01,1.997031e+02,9.506229e+01,2.1291
2109,1.750459e+02,4.472506e+01,1.990803e+02,2.403444e+01,0.5374
2110,1.467182e+02,4.480118e+01,1.984529e+02,5.173470e+01,1.1548
2111,1.901082e+02,4.487736e+01,1.978222e+02,7.713984e+00,0.1719
2112,1.557677e+02,4.495377e+01,1.971875e+02,4.141976e+01,0.9214
2113,2.558690e+02,4.503025e+01,1.965494e+02,-5.931962e+01,-1.3173
2114,1.737940e+02,4.510695e+01,1.959071e+02,2.211306e+01,0.4902
2115,2.031947e+02,4.518374e+01,1.952620e+02,-7.932634e+00,-0.1756
2116,2.074942e+02,4.526077e+01,1.946134e+02,-1.288082e+01,-0.2846
2117,2.550491e+02,4.533795e+01,1.939619e+02,-6.108725e+01,-1.3474
2118,1.342185e+02,4.541527e+01,1.933066e+02,5.908810e+01,1.3011
2119,2.486688e+02,4.549276e+01,1.926491e+02,-5.601965e+01,-1.2314
2120,2.313289e+02,4.557053e+01,1.919877e+02,-3.934120e+01,-0.8633
2121,1.809150e+02,4.564837e+01,1.913247e+02,1.040970e+01,0.2280
2122,1.915863e+02,4.572650e+01,1.906584e+02,-9.278894e-01,-0.0203
2123,1.983371e+02,4.580478e+01,1.899895e+02,-8.347655e+00,-0.1822
2124,2.180046e+02,4.588330e+01,1.893194e+02,-2.868521e+01,-0.6252
2125,2.472112e+02,4.596196e+01,1.886459e+02,-5.856532e+01,-1.2742
2126,2.330828e+02,4.604088e+01,1.879711e+02,-4.511176e+01,-0.9798
2127,1.461085e+02,4.612003e+01,1.872941e+02,4.118559e+01,0.8930
2128,1.994349e+02,4.619940e+01,1.866156e+02,-1.281928e+01,-0.2775
2129,2.888474e+02,4.627893e+01,1.859356e+02,-1.029117e+02,-2.2237
2130,1.511794e+02,4.635875e+01,1.852533e+02,3.407387e+01,0.7350
2131,1.885526e+02,4.643882e+01,1.845699e+02,-3.982699e+00,-0.0858
2132,1.357122e+02,4.651913e+01,1.838849e+02,4.817268e+01,1.0355
2133,2.041142e+02,4.659968e+01,1.831986e+02,-2.091558e+01,-0.4488
2134,1.519623e+02,4.668049e+01,1.825112e+02,3.054898e+01,0.6544
2135,1.608864e+02,4.676156e+01,1.818233e+02,2.093690e+01,0.4477
2136,1.350752e+02,4.684290e+01,1.811348e+02,4.605957e+01,0.9833
2137,1.831618e+02,4.692450e+01,1.804448e+02,-2.717027e+00,-0.0579
2138,2.578330e+02,4.700638e+01,1.797548e+02,-7.807823e+01,-1.6610
2139,8.467749e+01,4.708851e+01,1.790647e+02,9.438720e+01,2.0045
2140,2.464274e+02,4.717097e+01,1.783744e+02,-6.805296e+01,-1.4427
2141,1.753091e+02,4.725370e+01,1.776839e+02,2.374755e+00,0.0503
2142,1.222297e+02,4.733672e+01,1.769937e+02,5.476406e+01,1.1569
2143,2.778544e+02,4.742003e+01,1.763032e+02,-1.015512e+02,-2.1415
2144,2.491412e+02,4.750365e+01,1.756136e+02,-7.352756e+01,-1.5478
2145,2.002759e+02,4.758759e+01,1.749242e+02,-2.535172e+01,-0.5327
2146,2.309985e+02,4.767183e+01,1.742349e+02,-5.676363e+01,-1.1907
2147,2.160613e+02,4.775639e+01,1.735463e+02,-4.251500e+01,-0.8902
2148,1.910841e+02,4.784127e+01,1.728585e+02,-1.822565e+01,-0.3810
2149,1.991746e+02,4.792648e+01,1.721719e+02,-2.700263e+01,-0.5634
2150,1.781777e+02,4.801202e+01,1.714859e+02,-6.691732e+00,-0.1394
2151,1.226838e+02,4.809789e+01,1.708011e+02,4.811732e+01,1.0004
2152,1.169785e+02,4.818418e+01,1.701174e+02,5.313891e+01,1.1028
2153,1.483154e+02,4.827074e+01,1.694355e+02,2.112005e+01,0.4375
2154,1.890278e+02,4.835767e+01,1.687544e+02,-2.027335e+01,-0.4192
2155,1.409348e+02,4.844491e+01,1.680758e+02,2.714093e+01,0.5602
2156,2.220720e+02,4.853262e+01,1.673979e+02,-5.467410e+01,-1.1265
2157,1.861120e+02,4.862057e+01,1.667221e+02,-1.938989e+01,-0.3988
2158,1.161456e+02,4.870899e+01,1.660485e+02,4.990286e+01,1.0245
2159,1.105227e+02,4.879770e+01,1.653761e+02,5.485335e+01,1.1241
2160,1.558982e+02,4.888688e+01,1.647063e+02,8.808121e+00,0.1802
2161,1.622033e+02,4.897632e+01,1.640385e+02,1.835192e+00,0.0375
2162,1.545177e+02,4.906627e+01,1.633731e+02,8.855370e+00,0.1805
2163,1.816421e+02,4.915660e+01,1.627101e+02,-1.893201e+01,-0.3851
2164,2.563977e+02,4.924726e+01,1.620495e+02,-9.434816e+01,-1.9158
2165,1.236709e+02,4.933831e+01,1.613912e+02,3.772024e+01,0.7645
2166,1.091121e+02,4.942986e+01,1.607358e+02,5.162370e+01,1.0444
2167,2.910773e+02,4.952173e+01,1.600832e+02,-1.309941e+02,-2.6452
2168,1.586688e+02,4.961402e+01,1.594335e+02,7.646509e-01,0.0154
2169,1.482033e+02,4.970680e+01,1.587865e+02,1.058311e+01,0.2129
2170,1.829549e+02,4.979992e+01,1.581428e+02,-2.481205e+01,-0.4982
2171,9.144703e+01,4.989354e+01,1.575018e+02,6.605472e+01,1.3239
2172,1.332511e+02,4.998751e+01,1.568647e+02,2.361359e+01,0.4724
2173,2.418024e+02,5.008199e+01,1.562308e+02,-8.557163e+01,-1.7086
2174,1.826687e+02,5.017682e+01,1.556007e+02,-2.706802e+01,-0.5395
2175,1.193149e+02,5.027217e+01,1.549744e+02,3.565955e+01,0.7093
2176,9.376282e+01,5.036790e+01,1.543519e+02,6.058908e+01,1.2029
2177,1.137150e+02,5.046413e+01,1.537330e+02,4.001795e+01,0.7930
2178,2.366499e+02,5.056076e+01,1.531177e+02,-8.353218e+01,-1.6521
2179,1.833996e+02,5.065787e+01,1.525066e+02,-3.089294e+01,-0.6098
2180,1.160799e+02,5.075543e+01,1.518998e+02,3.581985e+01,0.7057
2181,2.242605e+02,5.085345e+01,1.512963e+02,-7.296417e+01,-1.4348
2182,1.217134e+02,5.095200e+01,1.506977e+02,2.898421e+01,0.5689
2183,5.606613e+01,5.105094e+01,1.501030e+02,9.403690e+01,1.8420
2184,8.892283e+01,5.115038e+01,1.495131e+02,6.059028e+01,1.1846
2185,1.478078e+02,5.125028e+01,1.489271e+02,1.119290e+00,0.0218
2186,1.643169e+02,5.135061e+01,1.483456e+02,-1.597132e+01,-0.3110
2187,1.620486e+02,5.145160e+01,1.477694e+02,-1.427919e+01,-0.2775
2188,1.009596e+02,5.155288e+01,1.471970e+02,4.623744e+01,0.8969
2189,6.406150e+01,5.165476e+01,1.466297e+02,8.256820e+01,1.5985
2190,1.848980e+02,5.175706e+01,1.460675e+02,-3.883045e+01,-0.7502
2191,4.517970e+01,5.185996e+01,1.455096e+02,1.003299e+02,1.9346
2192,5.437436e+01,5.196324e+01,1.449567e+02,9.058238e+01,1.7432
2193,1.557906e+02,5.206705e+01,1.444088e+02,-1.138179e+01,-0.2186
2194,1.500361e+02,5.217137e+01,1.438650e+02,-6.171070e+00,-0.1183
2195,1.795518e+02,5.227629e+01,1.433268e+02,-3.622495e+01,-0.6930
2196,1.457481e+02,5.238151e+01,1.427942e+02,-2.953906e+00,-0.0564
2197,9.951483e+01,5.248744e+01,1.422663e+02,4.275150e+01,0.8145
2198,1.385147e+02,5.259376e+01,1.417432e+02,3.228458e+00,0.0614
2199,1.558994e+02,5.270069e+01,1.412254e+02,-1.467400e+01,-0.2784
2200,1.902127e+02,5.280808e+01,1.407130e+02,-4.949974e+01,-0.9374
2201,7.919165e+01,5.291594e+01,1.402059e+02,6.101429e+01,1.1530
2202,1.559689e+02,5.302439e+01,1.397042e+02,-1.626474e+01,-0.3067
2203,2.039392e+02,5.313334e+01,1.392076e+02,-6.473160e+01,-1.2183
2204,1.475207e+01,5.324283e+01,1.387170e+02,1.239650e+02,2.3283
2205,1.381970e+02,5.335284e+01,1.382316e+02,3.455022e-02,0.0006
2206,2.187518e+02,5.346338e+01,1.377513e+02,-8.100050e+01,-1.5151
2207,2.509106e+02,5.357445e+01,1.372768e+02,-1.136338e+02,-2.1210
2208,1.070846e+02,5.368603e+01,1.368074e+02,2.972277e+01,0.5536
2209,1.997661e+02,5.379819e+01,1.363438e+02,-6.342237e+01,-1.1789
2210,8.502416e+01,5.391085e+01,1.358859e+02,5.086171e+01,0.9434
2211,1.490104e+02,5.402407e+01,1.354329e+02,-1.357745e+01,-0.2513
2212,1.055755e+02,5.413781e+01,1.349857e+02,2.941014e+01,0.5432
2213,1.036011e+02,5.425210e+01,1.345441e+02,3.094295e+01,0.5704
2214,1.652127e+02,5.436693e+01,1.341081e+02,-3.110459e+01,-0.5721
2215,1.358082e+02,5.448229e+01,1.336769e+02,-2.131284e+00,-0.0391
2216,1.298731e+02,5.459821e+01,1.332521e+02,3.379049e+00,0.0619
2217,1.504904e+02,5.471463e+01,1.328329e+02,-1.765748e+01,-0.3227
2218,1.596913e+02,5.483169e+01,1.324192e+02,-2.727210e+01,-0.4974
2219,1.073719e+02,5.494924e+01,1.320103e+02,2.463841e+01,0.4484
2220,1.526346e+02,5.506732e+01,1.316076e+02,-2.102700e+01,-0.3818
2221,1.709230e+02,5.518596e+01,1.312104e+02,-3.971255e+01,-0.7196
2222,1.428327e+02,5.530519e+01,1.308188e+02,-1.201397e+01,-0.2172
2223,1.056427e+02,5.542494e+01,1.304333e+02,2.479055e+01,0.4473
2224,1.297346e+02,5.554533e+01,1.300525e+02,3.179360e-01,0.0057
2225,4.292274e+01,5.566615e+01,1.296780e+02,8.675521e+01,1.5585
2226,1.087548e+02,5.578761e+01,1.293081e+02,2.055327e+01,0.3684
2227,2.116743e+02,5.590959e+01,1.289444e+02,-8.272988e+01,-1.4797
2228,1.418524e+02,5.603212e+01,1.285862e+02,-1.326619e+01,-0.2368
2229,1.477833e+02,5.615513e+01,1.282326e+02,-1.955061e+01,-0.3482
2230,5.101913e+01,5.627888e+01,1.278853e+02,7.686615e+01,1.3658
2231,6.802596e+01,5.640302e+01,1.275434e+02,5.951740e+01,1.0552
2232,1.300877e+02,5.652779e+01,1.272069e+02,-2.880805e+00,-0.0510
2233,9.294507e+01,5.665315e+01,1.268751e+02,3.393002e+01,0.5989
2234,2.103574e+02,5.677908e+01,1.265495e+02,-8.380793e+01,-1.4760
2235,1.309367e+02,5.690547e+01,1.262286e+02,-4.708115e+00,-0.0827
2236,4.255601e+01,5.703243e+01,1.259139e+02,8.335793e+01,1.4616
2237,1.525657e+02,5.716005e+01,1.256040e+02,-2.696172e+01,-0.4717
2238,1.231277e+02,5.728822e+01,1.252995e+02,2.171793e+00,0.0379
2239,1.226352e+02,5.741684e+01,1.249998e+02,2.364577e+00,0.0412
2240,1.193769e+02,5.754608e+01,1.247064e+02,5.329461e+00,0.0926
2241,1.047958e+02,5.767593e+01,1.244169e+02,1.962115e+01,0.3402
2242,1.545830e+02,5.780626e+01,1.241330e+02,-3.044995e+01,-0.5268
2243,1.241286e+02,5.793717e+01,1.238547e+02,-2.739530e-01,-0.0047
2244,1.417427e+02,5.806868e+01,1.235812e+02,-1.816149e+01,-0.3128
2245,1.401972e+02,5.820063e+01,1.233125e+02,-1.688476e+01,-0.2901
2246,2.263618e+01,5.833326e+01,1.230487e+02,1.004125e+02,1.7214
2247,1.023628e+02,5.846643e+01,1.227897e+02,2.042696e+01,0.3494
2248,1.107379e+02,5.860010e+01,1.225357e+02,1.179776e+01,0.2013
2249,1.440397e+02,5.873438e+01,1.222866e+02,-2.175319e+01,-0.3704
2250,2.207067e+02,5.886918e+01,1.220424e+02,-9.866432e+01,-1.6760
2251,1.042001e+02,5.900455e+01,1.218032e+02,1.760303e+01,0.2983
2252,7.865875e+01,5.914051e+01,1.215682e+02,4.290948e+01,0.7256
2253,1.786761e+02,5.927691e+01,1.213376e+02,-5.733850e+01,-0.9673
2254,9.471236e+01,5.941407e+01,1.211120e+02,2.639960e+01,0.4443
2255,1.509165e+02,5.955139e+01,1.208900e+02,-3.002650e+01,-0.5042
2256,1.714336e+02,5.968979e+01,1.206731e+02,-5.076049e+01,-0.8504
2257,1.913527e+02,5.982831e+01,1.204607e+02,-7.089198e+01,-1.1849
2258,3.706702e+01,5.996774e+01,1.202528e+02,8.318573e+01,1.3872
2259,8.117777e+01,6.010737e+01,1.200486e+02,3.887079e+01,0.6467
2260,1.308346e+02,6.024790e+01,1.198489e+02,-1.098569e+01,-0.1823
2261,1.651580e+02,6.038874e+01,1.196538e+02,-4.550419e+01,-0.7535
2262,2.979448e+01,6.053029e+01,1.194626e+02,8.966815e+01,1.4814
2263,2.226332e+02,6.067225e+01,1.192746e+02,-1.033586e+02,-1.7036
2264,1.464241e+02,6.081475e+01,1.190913e+02,-2.733288e+01,-0.4494
2265,4.411311e+01,6.095790e+01,1.189119e+02,7.479881e+01,1.2271
2266,7.509347e+01,6.110155e+01,1.187366e+02,4.364315e+01,0.7143
2267,6.138053e+01,6.124579e+01,1.185647e+02,5.718412e+01,0.9337
2268,4.938989e+01,6.139024e+01,1.183961e+02,6.900618e+01,1.1241
2269,1.487758e+02,6.153576e+01,1.182316e+02,-3.054415e+01,-0.4964
2270,1.511391e+02,6.168159e+01,1.180707e+02,-3.306842e+01,-0.5361
2271,8.487738e+01,6.182787e+01,1.179132e+02,3.303587e+01,0.5343
2272,1.423046e+02,6.197461e+01,1.177594e+02,-2.454528e+01,-0.3961
2273,1.409860e+02,6.212226e+01,1.176091e+02,-2.337690e+01,-0.3763
2274,5.928045e+01,6.227019e+01,1.174617e+02,5.818123e+01,0.9343
2275,2.125562e+02,6.241870e+01,1.173172e+02,-9.523894e+01,-1.5258
2276,7.870966e+01,6.256767e+01,1.171765e+02,3.846689e+01,0.6148
2277,4.241966e+01,6.271737e+01,1.170382e+02,7.461850e+01,1.1898
2278,1.660763e+02,6.286748e+01,1.169029e+02,-4.917348e+01,-0.7822
2279,2.365371e+01,6.301809e+01,1.167707e+02,9.311698e+01,1.4776
2280,1.557105e+02,6.316929e+01,1.166417e+02,-3.906878e+01,-0.6185
2281,1.391023e+02,6.332102e+01,1.165153e+02,-2.258707e+01,-0.3567
2282,2.255597e+02,6.347327e+01,1.163913e+02,-1.091684e+02,-1.7199
2283,7.306679e+01,6.362605e+01,1.162693e+02,4.320249e+01,0.6790
2284,3.792223e+01,6.377925e+01,1.161506e+02,7.822837e+01,1.2265
2285,1.832586e+02,6.393311e+01,1.160339e+02,-6.722469e+01,-1.0515
2286,8.249090e+01,6.408746e+01,1.159199e+02,3.342903e+01,0.5216
2287,9.506604e+01,6.424233e+01,1.158080e+02,2.074199e+01,0.3229
2288,9.931507e+01,6.439768e+01,1.156983e+02,1.638318e+01,0.2544
2289,8.510742e+01,6.455364e+01,1.155906e+02,3.048322e+01,0.4722
2290,7.782507e+01,6.471007e+01,1.154853e+02,3.766018e+01,0.5820
2291,1.656822e+02,6.486697e+01,1.153814e+02,-5.030082e+01,-0.7754
2292,1.146519e+02,6.502435e+01,1.152799e+02,6.279196e-01,0.0097
2293,1.348557e+02,6.518237e+01,1.151800e+02,-1.967570e+01,-0.3019
2294,1.403969e+02,6.534087e+01,1.150818e+02,-2.531510e+01,-0.3874
2295,1.167902e+02,6.549987e+01,1.149854e+02,-1.804838e+00,-0.0276
2296,1.222781e+02,6.565939e+01,1.148900e+02,-7.388073e+00,-0.1125
2297,7.302623e+01,6.581941e+01,1.147965e+02,4.177024e+01,0.6346
2298,1.222203e+02,6.598006e+01,1.147041e+02,-7.516127e+00,-0.1139
2299,1.483464e+02,6.614110e+01,1.146138e+02,-3.373269e+01,-0.5100
2300,1.099492e+02,6.630266e+01,1.145239e+02,4.574730e+00,0.0690
2301,2.186365e+02,6.646470e+01,1.144354e+02,-1.042010e+02,-1.5678
2302,-2.972875e+01,6.662716e+01,1.143483e+02,1.440771e+02,2.1624
2303,1.385506e+02,6.679039e+01,1.142612e+02,-2.428938e+01,-0.3637
2304,2.047956e+02,6.695379e+01,1.141764e+02,-9.061924e+01,-1.3535
2305,-2.051253e+01,6.711803e+01,1.140917e+02,1.346042e+02,2.0055
2306,1.531486e+02,6.728241e+01,1.140078e+02,-3.914079e+01,-0.5817
2307,1.662909e+02,6.744769e+01,1.139250e+02,-5.236586e+01,-0.7764
2308,1.133207e+02,6.761319e+01,1.138425e+02,5.217343e-01,0.0077
2309,8.579257e+01,6.777941e+01,1.137603e+02,2.796773e+01,0.4126
2310,1.005905e+02,6.794597e+01,1.136793e+02,1.308879e+01,0.1926
2311,1.237636e+01,6.811299e+01,1.135988e+02,1.012224e+02,1.4861
2312,7.654664e+01,6.828064e+01,1.135181e+02,3.697142e+01,0.5415
2313,1.475753e+02,6.844866e+01,1.134379e+02,-3.413736e+01,-0.4987
2314,1.031040e+02,6.861711e+01,1.133585e+02,1.025454e+01,0.1494
2315,9.419711e+01,6.878595e+01,1.132791e+02,1.908195e+01,0.2774
2316,5.356222e+01,6.895556e+01,1.131997e+02,5.963743e+01,0.8649
2317,7.737384e+01,6.912593e+01,1.131204e+02,3.574651e+01,0.5171
2318,2.643644e+02,6.929612e+01,1.130412e+02,-1.513232e+02,-2.1837
2319,1.176442e+02,6.946705e+01,1.129616e+02,-4.682633e+00,-0.0674
2320,9.202370e+01,6.963835e+01,1.128822e+02,2.085847e+01,0.2995
2321,9.077222e+01,6.981095e+01,1.128024e+02,2.203016e+01,0.3156
2322,1.494321e+02,6.998330e+01,1.127222e+02,-3.670983e+01,-0.5246
2323,1.204474e+02,7.015630e+01,1.126425e+02,-7.804842e+00,-0.1112
2324,4.498685e+01,7.032958e+01,1.125618e+02,6.757499e+01,0.9608
2325,8.194801e+01,7.050382e+01,1.124810e+02,3.053295e+01,0.4331
2326,1.415497e+02,7.067824e+01,1.123992e+02,-2.915049e+01,-0.4124
2327,4.962816e+01,7.085324e+01,1.123173e+02,6.268917e+01,0.8848
2328,1.445606e+02,7.102862e+01,1.122347e+02,-3.232592e+01,-0.4551
2329,1.090315e+02,7.120450e+01,1.121521e+02,3.120535e+00,0.0438
2330,2.419941e+02,7.138092e+01,1.120680e+02,-1.299261e+02,-1.8202
2331,1.617796e+02,7.155781e+01,1.119833e+02,-4.979629e+01,-0.6959
2332,3.253885e+01,7.173504e+01,1.118981e+02,7.935921e+01,1.1063
2333,1.100428e+02,7.191302e+01,1.118123e+02,1.769476e+00,0.0246
2334,1.283031e+02,7.209128e+01,1.117252e+02,-1.657787e+01,-0.2300
2335,1.865321e+02,7.227007e+01,1.116370e+02,-7.489508e+01,-1.0363
2336,5.321962e+01,7.244930e+01,1.115476e+02,5.832797e+01,0.8051
2337,1.351597e+02,7.262909e+01,1.114578e+02,-2.370188e+01,-0.3263
2338,1.265885e+02,7.280919e+01,1.113663e+02,-1.522217e+01,-0.2091
2339,2.358652e+02,7.299015e+01,1.112737e+02,-1.245915e+02,-1.7070
2340,-1.487834e+01,7.317130e+01,1.111802e+02,1.260585e+02,1.7228
2341,1.396174e+02,7.335292e+01,1.110850e+02,-2.853242e+01,-0.3890
2342,8.910611e+01,7.353506e+01,1.109888e+02,2.188272e+01,0.2976
2343,1.137237e+02,7.371780e+01,1.108911e+02,-2.832639e+00,-0.0384
2344,1.568630e+02,7.390098e+01,1.107918e+02,-4.607123e+01,-0.6234
2345,5.790899e+01,7.408451e+01,1.106910e+02,5.278199e+01,0.7125
2346,1.550745e+02,7.426874e+01,1.105894e+02,-4.448503e+01,-0.5990
2347,2.126788e+02,7.445328e+01,1.104857e+02,-1.021932e+02,-1.3726
2348,1.134959e+02,7.463826e+01,1.103805e+02,-3.115479e+00,-0.0417
2349,9.816980e+01,7.482389e+01,1.102731e+02,1.210334e+01,0.1618
2350,1.361197e+02,7.500996e+01,1.101645e+02,-2.595521e+01,-0.3460
2351,9.628246e+01,7.519635e+01,1.100545e+02,1.377202e+01,0.1831
2352,9.269017e+01,7.538345e+01,1.099425e+02,1.725229e+01,0.2289
2353,1.441974e+02,7.557094e+01,1.098284e+02,-3.436896e+01,-0.4548
2354,1.715451e+02,7.575894e+01,1.097125e+02,-6.183263e+01,-0.8162
2355,1.581636e+02,7.594736e+01,1.095953e+02,-4.856837e+01,-0.6395
2356,8.173426e+01,7.613621e+01,1.094755e+02,2.774120e+01,0.3644
2357,2.348853e+02,7.632550e+01,1.093545e+02,-1.255308e+02,-1.6447
2358,9.597694e+01,7.651561e+01,1.092310e+02,1.325404e+01,0.1732
2359,5.134015e+01,7.670604e+01,1.091064e+02,5.776623e+01,0.7531
2360,-3.196760e+01,7.689661e+01,1.089793e+02,1.409469e+02,1.8329
2361,2.515039e+02,7.708824e+01,1.088504e+02,-1.426535e+02,-1.8505
2362,9.132208e+01,7.728009e+01,1.087190e+02,1.739692e+01,0.2251
2363,1.456442e+02,7.747267e+01,1.085859e+02,-3.705827e+01,-0.4783
2364,1.669870e+02,7.766522e+01,1.084504e+02,-5.853657e+01,-0.7537
2365,3.852780e+01,7.785887e+01,1.083133e+02,6.978548e+01,0.8963
2366,1.533879e+01,7.805274e+01,1.081745e+02,9.283570e+01,1.1894
2367,1.338384e+01,7.824690e+01,1.080326e+02,9.464875e+01,1.2096
2368,1.144950e+02,7.844194e+01,1.078891e+02,-6.605871e+00,-0.0842
2369,1.013778e+02,7.863701e+01,1.077440e+02,6.366273e+00,0.0810
2370,1.198295e+02,7.883304e+01,1.075959e+02,-1.223357e+01,-0.1552
2371,1.612354e+02,7.902913e+01,1.074463e+02,-5.378913e+01,-0.6806
2372,-4.416004e+01,7.922630e+01,1.072944e+02,1.514544e+02,1.9117
2373,2.233720e+02,7.942328e+01,1.071410e+02,-1.162310e+02,-1.4634
2374,1.788762e+02,7.962135e+01,1.069846e+02,-7.189166e+01,-0.9029
2375,1.883354e+01,7.981938e+01,1.068267e+02,8.799317e+01,1.1024
2376,6.491363e+01,8.001879e+01,1.066666e+02,4.175302e+01,0.5218
2377,3.538758e+02,8.021790e+01,1.065036e+02,-2.473722e+02,-3.0838
2378,1.528014e+02,8.041806e+01,1.063392e+02,-4.646226e+01,-0.5778
2379,4.583571e+01,8.061805e+01,1.061726e+02,6.033685e+01,0.7484
2380,2.018675e+02,8.081942e+01,1.060045e+02,-9.586302e+01,-1.1861
2381,1.899007e+02,8.102088e+01,1.058336e+02,-8.406708e+01,-1.0376
2382,1.945629e+02,8.122286e+01,1.056605e+02,-8.890243e+01,-1.0945
2383,1.493620e+02,8.142533e+01,1.054852e+02,-4.387673e+01,-0.5389
2384,2.751674e+02,8.162826e+01,1.053078e+02,-1.698596e+02,-2.0809
2385,1.691388e+02,8.183159e+01,1.051291e+02,-6.400973e+01,-0.7822
2386,-5.829139e+01,8.203560e+01,1.049474e+02,1.632388e+02,1.9899
2387,1.193937e+02,8.224040e+01,1.047636e+02,-1.463007e+01,-0.1779
2388,1.467662e+02,8.244551e+01,1.045784e+02,-4.218773e+01,-0.5117
2389,7.267614e+01,8.265106e+01,1.043911e+02,3.171499e+01,0.3837
2390,9.528854e+01,8.285716e+01,1.042009e+02,8.912399e+00,0.1076
2391,-1.494697e+01,8.306393e+01,1.040093e+02,1.189563e+02,1.4321
2392,-5.334507e+01,8.327122e+01,1.038164e+02,1.571614e+02,1.8873
2393,1.304139e+02,8.347896e+01,1.036205e+02,-2.679341e+01,-0.3210
2394,1.216865e+02,8.368726e+01,1.034232e+02,-1.826331e+01,-0.2182
2395,3.574941e+01,8.389619e+01,1.032237e+02,6.747434e+01,0.8043
2396,1.105529e+02,8.410537e+01,1.030229e+02,-7.530000e+00,-0.0895
2397,1.683411e+02,8.431542e+01,1.028198e+02,-6.552124e+01,-0.7771
2398,2.436321e+02,8.452587e+01,1.026146e+02,-1.410175e+02,-1.6683
2399,3.737022e+01,8.473676e+01,1.024079e+02,6.503770e+01,0.7675
2400,4.211648e+01,8.494835e+01,1.021990e+02,6.008254e+01,0.7073
2401,1.343619e+02,8.516063e+01,1.019879e+02,-3.237399e+01,-0.3802
2402,1.677478e+02,8.537326e+01,1.017760e+02,-6.597178e+01,-0.7727
2403,9.436567e+01,8.558659e+01,1.015612e+02,7.195516e+00,0.0841
2404,1.294111e+02,8.579941e+01,1.013455e+02,-2.806560e+01,-0.3271
2405,1.100605e+02,8.601474e+01,1.011276e+02,-8.932950e+00,-0.1039
2406,1.248138e+02,8.622971e+01,1.009081e+02,-2.390569e+01,-0.2772
2407,1.627407e+02,8.644520e+01,1.006869e+02,-6.205375e+01,-0.7178
2408,2.153532e+02,8.666062e+01,1.004635e+02,-1.148897e+02,-1.3257
2409,2.207676e+01,8.687708e+01,1.002391e+02,7.816233e+01,0.8997
2410,1.414716e+02,8.709536e+01,1.000123e+02,-4.145931e+01,-0.4760
2411,1.093190e+02,8.731279e+01,9.978457e+01,-9.534452e+00,-0.1092
2412,1.458453e+02,8.753115e+01,9.955438e+01,-4.629088e+01,-0.5289
2413,1.660215e+01,8.774951e+01,9.932319e+01,8.272103e+01,0.9427
2414,5.364863e+01,8.796886e+01,9.909023e+01,4.544160e+01,0.5166
2415,2.320600e+01,8.818976e+01,9.885549e+01,7.564949e+01,0.8578
2416,1.670218e+02,8.840938e+01,9.861966e+01,-6.840216e+01,-0.7737
2417,2.037554e+02,8.863118e+01,9.838199e+01,-1.053734e+02,-1.1889
2418,-2.556708e+00,8.885093e+01,9.814318e+01,1.006999e+02,1.1334
2419,3.782864e+00,8.907629e+01,9.790247e+01,9.411961e+01,1.0566
2420,2.249387e+02,8.929645e+01,9.766132e+01,-1.272774e+02,-1.4253
2421,-6.728268e+01,8.952307e+01,9.741820e+01,1.647009e+02,1.8398
2422,-1.492121e+01,8.974527e+01,9.717384e+01,1.120950e+02,1.2490
2423,2.155095e+02,8.997380e+01,9.692893e+01,-1.185805e+02,-1.3179
2424,2.094875e+02,9.019739e+01,9.668198e+01,-1.128055e+02,-1.2507
2425,-6.092624e+00,9.042586e+01,9.643443e+01,1.025271e+02,1.1338
2426,-3.394078e+01,9.065171e+01,9.618552e+01,1.301263e+02,1.4355
2427,-5.264638e+00,9.088009e+01,9.593520e+01,1.011998e+02,1.1136
2428,3.590236e+01,9.110802e+01,9.568419e+01,5.978183e+01,0.6562
2429,8.996245e+01,9.133699e+01,9.543246e+01,5.470010e+00,0.0599
2430,3.227642e+01,9.156621e+01,9.517924e+01,6.290282e+01,0.6870
2431,4.180650e+02,9.179593e+01,9.492523e+01,-3.231398e+02,-3.5202
2432,7.846277e+01,9.202726e+01,9.467040e+01,1.620763e+01,0.1761
2433,-8.230355e+00,9.225827e+01,9.441472e+01,1.026451e+02,1.1126
2434,-9.746895e+01,9.249018e+01,9.415890e+01,1.916278e+02,2.0719
2435,9.852881e+01,9.272318e+01,9.390142e+01,-4.627384e+00,-0.0499
2436,3.594910e+02,9.295657e+01,9.364374e+01,-2.658473e+02,-2.8599
2437,-4.310556e+01,9.319072e+01,9.338507e+01,1.364906e+02,1.4646
2438,-1.232963e+02,9.342483e+01,9.312612e+01,2.164224e+02,2.3165
2439,2.710512e+02,9.366075e+01,9.286613e+01,-1.781851e+02,-1.9025
2440,2.135200e+02,9.389619e+01,9.260579e+01,-1.209143e+02,-1.2877
2441,5.484604e+00,9.413345e+01,9.234507e+01,8.686047e+01,0.9227
2442,1.456950e+02,9.437034e+01,9.208394e+01,-5.361109e+01,-0.5681
2443,6.804903e+01,9.460824e+01,9.182162e+01,2.377259e+01,0.2513
2444,7.755130e+00,9.484691e+01,9.155957e+01,8.380444e+01,0.8836
2445,2.111945e+02,9.508657e+01,9.129774e+01,-1.198968e+02,-1.2609
2446,-1.000785e+02,9.532671e+01,9.103461e+01,1.911132e+02,2.0048
2447,2.042851e+02,9.556571e+01,9.077239e+01,-1.135127e+02,-1.1878
2448,1.404402e+02,9.580808e+01,9.050954e+01,-4.993062e+01,-0.5212
2449,1.869638e+02,9.605020e+01,9.024603e+01,-9.671781e+01,-1.0070
2450,2.332328e+02,9.629345e+01,8.998332e+01,-1.432494e+02,-1.4876
2451,1.877850e+02,9.653548e+01,8.971987e+01,-9.806517e+01,-1.0158
2452,1.022027e+02,9.677983e+01,8.945714e+01,-1.274555e+01,-0.1317
2453,1.027257e+02,9.702453e+01,8.919359e+01,-1.353215e+01,-0.1395
2454,-5.007473e+01,9.727171e+01,8.893066e+01,1.390054e+02,1.4290
2455,6.348787e+01,9.751790e+01,8.866758e+01,2.517972e+01,0.2582
2456,-3.829828e+01,9.776556e+01,8.840504e+01,1.267033e+02,1.2960
2457,2.194697e+01,9.801238e+01,8.814300e+01,6.619602e+01,0.6754
2458,2.576402e+02,9.826216e+01,8.788067e+01,-1.697595e+02,-1.7276
2459,1.425816e+02,9.851122e+01,8.761800e+01,-5.496363e+01,-0.5579
2460,1.544016e+02,9.876152e+01,8.735645e+01,-6.704518e+01,-0.6789
2461,-9.478511e+00,9.901138e+01,8.709523e+01,9.657374e+01,0.9754
2462,5.953781e+01,9.926355e+01,8.683354e+01,2.729573e+01,0.2750
2463,5.785724e+01,9.951525e+01,8.657358e+01,2.871634e+01,0.2886
2464,5.478996e+01,9.976878e+01,8.631307e+01,3.152311e+01,0.3160
2465,9.798248e+01,1.000224e+02,8.605346e+01,-1.192902e+01,-0.1193
2466,1.276435e+02,1.002773e+02,8.579396e+01,-4.184951e+01,-0.4173
2467,-1.521730e+02,1.005326e+02,8.553527e+01,2.377083e+02,2.3645
2468,4.046917e+01,1.007886e+02,8.527736e+01,4.480819e+01,0.4446
2469,1.786312e+02,1.010452e+02,8.502017e+01,-9.361099e+01,-0.9264
2470,1.896563e+02,1.013024e+02,8.476293e+01,-1.048933e+02,-1.0354
2471,9.506801e+01,1.015611e+02,8.450708e+01,-1.056093e+01,-0.1040
2472,5.605065e+01,1.018204e+02,8.425183e+01,2.820117e+01,0.2770
2473,2.461813e+00,1.020798e+02,8.399714e+01,8.153533e+01,0.7987
2474,-4.479950e+01,1.023405e+02,8.374298e+01,1.285425e+02,1.2560
2475,6.772486e+00,1.026022e+02,8.349005e+01,7.671756e+01,0.7477
2476,1.314660e+02,1.028646e+02,8.323756e+01,-4.822843e+01,-0.4689
2477,-8.263469e+01,1.031276e+02,8.298622e+01,1.656209e+02,1.6060
2478,9.605775e+01,1.033912e+02,8.273599e+01,-1.332176e+01,-0.1288
2479,-5.205213e+01,1.036561e+02,8.248683e+01,1.345390e+02,1.2979
2480,1.751636e+02,1.039214e+02,8.223796e+01,-9.292560e+01,-0.8942
2481,1.244578e+02,1.041873e+02,8.199083e+01,-4.246700e+01,-0.4076
2482,1.055853e+01,1.044534e+02,8.174466e+01,7.118614e+01,0.6815
2483,3.164356e+02,1.047215e+02,8.149942e+01,-2.349362e+02,-2.2434
2484,4.416268e+01,1.049910e+02,8.125506e+01,3.709238e+01,0.3533
2485,1.694306e+02,1.052588e+02,8.101230e+01,-8.841831e+01,-0.8400
2486,3.823303e+01,1.055297e+02,8.077110e+01,4.253807e+01,0.4031
2487,3.288173e+01,1.057986e+02,8.053068e+01,4.764895e+01,0.4504
2488,8.194602e+01,1.060738e+02,8.029176e+01,-1.654262e+00,-0.0156
2489,2.091725e+02,1.063445e+02,8.005355e+01,-1.291189e+02,-1.2142
2490,-1.283992e+01,1.066200e+02,7.981678e+01,9.265670e+01,0.8690
2491,4.707551e+01,1.068927e+02,7.958214e+01,3.250663e+01,0.3041
2492,4.508993e+01,1.071699e+02,7.934813e+01,3.425820e+01,0.3197
2493,4.867358e+01,1.074454e+02,7.911546e+01,3.044187e+01,0.2833
2494,1.647841e+02,1.077228e+02,7.888446e+01,-8.589962e+01,-0.7974
2495,7.408662e+01,1.079993e+02,7.865482e+01,4.568197e+00,0.0423
2496,-3.761980e+01,1.082785e+02,7.842673e+01,1.160465e+02,1.0717
2497,-7.360061e+01,1.085569e+02,7.820008e+01,1.518007e+02,1.3984
2498,1.638439e+02,1.088363e+02,7.797500e+01,-8.586890e+01,-0.7890
2499,-5.592518e+01,1.091151e+02,7.775139e+01,1.336766e+02,1.2251
2500,3.291790e+02,1.093989e+02,7.752937e+01,-2.516496e+02,-2.3003
