item_id,role,path,sha256,source_repo,source_commit,target_cr,notes
G505_output.json,g_test_artifact,tests/Substrate/G505_RADIATIVE_QED_INCLUSIVE_SCREEN_THEOREM/G505_output.json,39d1af216d59a41b289c786049aa9b5c4588308547b0a3564bee8f51d25105df,C:/VS/Stam_model-A-v1.0,822f8f4241c1b0b7fb272eb30c1022dd860ea18c,CR060,G505 radiative QED inclusive screen theorem; upstream of S = 1 - A_0 - alpha_em
G505_output.txt,g_test_artifact,tests/Substrate/G505_RADIATIVE_QED_INCLUSIVE_SCREEN_THEOREM/G505_output.txt,bfa082289a32b4377ab56f36ce181563e255899223d5428d536043e2a1389b33,C:/VS/Stam_model-A-v1.0,822f8f4241c1b0b7fb272eb30c1022dd860ea18c,CR060,G505 radiative QED inclusive screen theorem; upstream of S = 1 - A_0 - alpha_em
G505_RADIATIVE_QED_INCLUSIVE_SCREEN_THEOREM.py,g_test_artifact,tests/Substrate/G505_RADIATIVE_QED_INCLUSIVE_SCREEN_THEOREM/G505_RADIATIVE_QED_INCLUSIVE_SCREEN_THEOREM.py,47f073849f63fdda9a5c7a92630ab08fb624a00312528e96a5de316823e9099a,C:/VS/Stam_model-A-v1.0,822f8f4241c1b0b7fb272eb30c1022dd860ea18c,CR060,G505 radiative QED inclusive screen theorem; upstream of S = 1 - A_0 - alpha_em
G506_CORRECTION_THEOREM_DELTA_AUDIT.py,g_test_artifact,tests/Substrate/G506_CORRECTION_THEOREM_DELTA_AUDIT/G506_CORRECTION_THEOREM_DELTA_AUDIT.py,aedab23d299b8173b2e9323c80715ea17049593be46d2d071956cfc54bf8470a,C:/VS/Stam_model-A-v1.0,822f8f4241c1b0b7fb272eb30c1022dd860ea18c,CR060,G506 correction theorem delta audit
G506_output.json,g_test_artifact,tests/Substrate/G506_CORRECTION_THEOREM_DELTA_AUDIT/G506_output.json,57e3f1f50a5ba4c68f0085325407ab9c9a1dff0af63b036762233820f996b31e,C:/VS/Stam_model-A-v1.0,822f8f4241c1b0b7fb272eb30c1022dd860ea18c,CR060,G506 correction theorem delta audit
G506_output.txt,g_test_artifact,tests/Substrate/G506_CORRECTION_THEOREM_DELTA_AUDIT/G506_output.txt,23885bdd39a73d25922e1ede757197b87327bb93710ee849d5599d6592897733,C:/VS/Stam_model-A-v1.0,822f8f4241c1b0b7fb272eb30c1022dd860ea18c,CR060,G506 correction theorem delta audit
G510_output.json,g_test_artifact,tests/Substrate/G510_PARTICLE_STACK_LATEST_FORMULA_AUDIT/G510_output.json,3bff0ddd77183d6404dc711b02e405f3b43ea464fa551d451ec57250f457b389,C:/VS/Stam_model-A-v1.0,822f8f4241c1b0b7fb272eb30c1022dd860ea18c,CR060,G510 particle stack latest-formula audit PASS gate (FAILURE_LOG entry)
G510_output.txt,g_test_artifact,tests/Substrate/G510_PARTICLE_STACK_LATEST_FORMULA_AUDIT/G510_output.txt,c0fb5b04c737031d52709889e86e228d0f054aedfe6abf6fc1f1dc318a4a1e79,C:/VS/Stam_model-A-v1.0,822f8f4241c1b0b7fb272eb30c1022dd860ea18c,CR060,G510 particle stack latest-formula audit PASS gate (FAILURE_LOG entry)
G510_PARTICLE_STACK_LATEST_FORMULA_AUDIT.py,g_test_artifact,tests/Substrate/G510_PARTICLE_STACK_LATEST_FORMULA_AUDIT/G510_PARTICLE_STACK_LATEST_FORMULA_AUDIT.py,46d686c42e47d4ea5a86c36f6df3fcb6fd1a28bbe93614e2339512f4b9c3dfaf,C:/VS/Stam_model-A-v1.0,822f8f4241c1b0b7fb272eb30c1022dd860ea18c,CR060,G510 particle stack latest-formula audit PASS gate (FAILURE_LOG entry)
G510_prediction_snapshot_hidden.json,g_test_artifact,tests/Substrate/G510_PARTICLE_STACK_LATEST_FORMULA_AUDIT/G510_prediction_snapshot_hidden.json,f4e83f608652462d6836f447c312d0b42db90cceb0d63a0e198dda1fe093022c,C:/VS/Stam_model-A-v1.0,822f8f4241c1b0b7fb272eb30c1022dd860ea18c,CR060,G510 particle stack latest-formula audit PASS gate (FAILURE_LOG entry)
G510_reveal_scores.csv,g_test_artifact,tests/Substrate/G510_PARTICLE_STACK_LATEST_FORMULA_AUDIT/G510_reveal_scores.csv,e299bd573fbbff30a4eccae3e01ae07cd4926c04f43550eba960f0f44d210240,C:/VS/Stam_model-A-v1.0,822f8f4241c1b0b7fb272eb30c1022dd860ea18c,CR060,G510 particle stack latest-formula audit PASS gate (FAILURE_LOG entry)
G611c_candidate_exponents_predeclared.csv,g_test_artifact,tests/Substrate/G611c_ELECTRON_MASS_COMPOSITION_ATTEMPT/G611c_candidate_exponents_predeclared.csv,dd4fb95289583b1959582909239611503c462a853445b53de617905eca910b52,C:/VS/Stam_model-A-v1.0,822f8f4241c1b0b7fb272eb30c1022dd860ea18c,CR061,G611c electron mass composition
G611c_ELECTRON_MASS_COMPOSITION_ATTEMPT.py,g_test_artifact,tests/Substrate/G611c_ELECTRON_MASS_COMPOSITION_ATTEMPT/G611c_ELECTRON_MASS_COMPOSITION_ATTEMPT.py,9b457a0029f01f2be8ad56b941d45113b5ff001c4372c0d6b7b9957a9b7742dc,C:/VS/Stam_model-A-v1.0,822f8f4241c1b0b7fb272eb30c1022dd860ea18c,CR061,G611c electron mass composition
G611c_input_manifest.csv,g_test_artifact,tests/Substrate/G611c_ELECTRON_MASS_COMPOSITION_ATTEMPT/G611c_input_manifest.csv,49358bd9c2f291d4f667fdbc1d469a7de816b63e1c9f3dacfd0e0f8e0acca356,C:/VS/Stam_model-A-v1.0,822f8f4241c1b0b7fb272eb30c1022dd860ea18c,CR061,G611c electron mass composition
G611c_observed_comparison.csv,g_test_artifact,tests/Substrate/G611c_ELECTRON_MASS_COMPOSITION_ATTEMPT/G611c_observed_comparison.csv,6a9fe5232e018e66c0bd10af857bbd20f7bdc8d6d4c7aaa0d1b0cc4f99708e2f,C:/VS/Stam_model-A-v1.0,822f8f4241c1b0b7fb272eb30c1022dd860ea18c,CR061,G611c electron mass composition
G611c_output.txt,g_test_artifact,tests/Substrate/G611c_ELECTRON_MASS_COMPOSITION_ATTEMPT/G611c_output.txt,c664d835f51fb812c840f18c034cce208b9c0f28ba991b231036789af0dcce8e,C:/VS/Stam_model-A-v1.0,822f8f4241c1b0b7fb272eb30c1022dd860ea18c,CR061,G611c electron mass composition
G611c_predicted_masses.csv,g_test_artifact,tests/Substrate/G611c_ELECTRON_MASS_COMPOSITION_ATTEMPT/G611c_predicted_masses.csv,b8093e9fc0173a205bc5c88766767572a43ce9b9e60793f5e1165c3156fda074,C:/VS/Stam_model-A-v1.0,822f8f4241c1b0b7fb272eb30c1022dd860ea18c,CR061,G611c electron mass composition
G611c_sealed_envelope.md,g_test_artifact,tests/Substrate/G611c_ELECTRON_MASS_COMPOSITION_ATTEMPT/G611c_sealed_envelope.md,d8f7d2bdaa7ec533f2acdeca64db432bb9e21583dd7096464509c58aa7af90b0,C:/VS/Stam_model-A-v1.0,822f8f4241c1b0b7fb272eb30c1022dd860ea18c,CR061,G611c electron mass composition
G611c_summary.json,g_test_artifact,tests/Substrate/G611c_ELECTRON_MASS_COMPOSITION_ATTEMPT/G611c_summary.json,f4eb5c26b69a1ea9a96247858919521565b5ac1048e1deb2f7975841615ef3cc,C:/VS/Stam_model-A-v1.0,822f8f4241c1b0b7fb272eb30c1022dd860ea18c,CR061,G611c electron mass composition
G611c_validation_checks.csv,g_test_artifact,tests/Substrate/G611c_ELECTRON_MASS_COMPOSITION_ATTEMPT/G611c_validation_checks.csv,8c6e7e2f1e981a458f2b884ea2601b7aa4257ddb0d551d998e7c57990d180d15,C:/VS/Stam_model-A-v1.0,822f8f4241c1b0b7fb272eb30c1022dd860ea18c,CR061,G611c electron mass composition
G611c_verdict.md,g_test_artifact,tests/Substrate/G611c_ELECTRON_MASS_COMPOSITION_ATTEMPT/G611c_verdict.md,e04155ca442f1c1a4924d144a4dace3ec59229fdec72f0701d2091a238acaa3b,C:/VS/Stam_model-A-v1.0,822f8f4241c1b0b7fb272eb30c1022dd860ea18c,CR061,G611c electron mass composition
G611c_wrong_controls.csv,g_test_artifact,tests/Substrate/G611c_ELECTRON_MASS_COMPOSITION_ATTEMPT/G611c_wrong_controls.csv,81ae4511a51f963985e85b1e6b765851341e25d6998e5f2ea3d36f56fbfcda61,C:/VS/Stam_model-A-v1.0,822f8f4241c1b0b7fb272eb30c1022dd860ea18c,CR061,G611c electron mass composition
G612c_best_match_per_particle.csv,g_test_artifact,tests/Substrate/G612c_MULTI_PARTICLE_TIER_FORMULA_TEST/G612c_best_match_per_particle.csv,eddb7c05f2564826f5877af4d31856736b0df463c71c91849693af9e94eaee42,C:/VS/Stam_model-A-v1.0,822f8f4241c1b0b7fb272eb30c1022dd860ea18c,CR061,G612c multi-particle tier formula
G612c_full_scan.csv,g_test_artifact,tests/Substrate/G612c_MULTI_PARTICLE_TIER_FORMULA_TEST/G612c_full_scan.csv,a51d19ef60150c2e434a25bfcafe7a55cc15a7a3a25a0cad0a1a52612774ccf4,C:/VS/Stam_model-A-v1.0,822f8f4241c1b0b7fb272eb30c1022dd860ea18c,CR061,G612c multi-particle tier formula
G612c_input_manifest.csv,g_test_artifact,tests/Substrate/G612c_MULTI_PARTICLE_TIER_FORMULA_TEST/G612c_input_manifest.csv,63cbdbde3d37c59b0608790f6001f497c33095613e32913314b5cb2d3ea021b3,C:/VS/Stam_model-A-v1.0,822f8f4241c1b0b7fb272eb30c1022dd860ea18c,CR061,G612c multi-particle tier formula
G612c_MULTI_PARTICLE_TIER_FORMULA_TEST.py,g_test_artifact,tests/Substrate/G612c_MULTI_PARTICLE_TIER_FORMULA_TEST/G612c_MULTI_PARTICLE_TIER_FORMULA_TEST.py,1eec98cc03daab7c8008504db703e17d782047167da2ab72aa0c0191c40e1464,C:/VS/Stam_model-A-v1.0,822f8f4241c1b0b7fb272eb30c1022dd860ea18c,CR061,G612c multi-particle tier formula
G612c_output.txt,g_test_artifact,tests/Substrate/G612c_MULTI_PARTICLE_TIER_FORMULA_TEST/G612c_output.txt,6866812b0f077ffea55c516838c7b4155b23418e26a953590e106f9bebeafd7a,C:/VS/Stam_model-A-v1.0,822f8f4241c1b0b7fb272eb30c1022dd860ea18c,CR061,G612c multi-particle tier formula
G612c_pattern_audit.csv,g_test_artifact,tests/Substrate/G612c_MULTI_PARTICLE_TIER_FORMULA_TEST/G612c_pattern_audit.csv,abb7619f197f7011ee88f6585ccee3a49a24483000dbfd73bb804d6ae519c133,C:/VS/Stam_model-A-v1.0,822f8f4241c1b0b7fb272eb30c1022dd860ea18c,CR061,G612c multi-particle tier formula
G612c_predeclared_inputs.csv,g_test_artifact,tests/Substrate/G612c_MULTI_PARTICLE_TIER_FORMULA_TEST/G612c_predeclared_inputs.csv,b8eb1b881264423dc9d183115a9d2d19342bd8840298fd45babfad8c92dd2770,C:/VS/Stam_model-A-v1.0,822f8f4241c1b0b7fb272eb30c1022dd860ea18c,CR061,G612c multi-particle tier formula
G612c_random_scatter_baseline.csv,g_test_artifact,tests/Substrate/G612c_MULTI_PARTICLE_TIER_FORMULA_TEST/G612c_random_scatter_baseline.csv,d5fe8d151ecf65ae2e8db7dbae356c7fa764f130c6bb57a4f21b55fee4dd789f,C:/VS/Stam_model-A-v1.0,822f8f4241c1b0b7fb272eb30c1022dd860ea18c,CR061,G612c multi-particle tier formula
G612c_sealed_envelope.md,g_test_artifact,tests/Substrate/G612c_MULTI_PARTICLE_TIER_FORMULA_TEST/G612c_sealed_envelope.md,28cb8492bd2b13eec9810614fe82e951792a10fe5627fd4823501b297a8c8be8,C:/VS/Stam_model-A-v1.0,822f8f4241c1b0b7fb272eb30c1022dd860ea18c,CR061,G612c multi-particle tier formula
G612c_summary.json,g_test_artifact,tests/Substrate/G612c_MULTI_PARTICLE_TIER_FORMULA_TEST/G612c_summary.json,af6288d8c29a1b15deab2e5cd1c20de6c7c3caa473c34cd9757bf013078e53fe,C:/VS/Stam_model-A-v1.0,822f8f4241c1b0b7fb272eb30c1022dd860ea18c,CR061,G612c multi-particle tier formula
G612c_validation_checks.csv,g_test_artifact,tests/Substrate/G612c_MULTI_PARTICLE_TIER_FORMULA_TEST/G612c_validation_checks.csv,1a36856f73918cc10439f1f6e5787c917820603c5d61e1dd987f656934f38ef1,C:/VS/Stam_model-A-v1.0,822f8f4241c1b0b7fb272eb30c1022dd860ea18c,CR061,G612c multi-particle tier formula
G612c_wrong_controls.csv,g_test_artifact,tests/Substrate/G612c_MULTI_PARTICLE_TIER_FORMULA_TEST/G612c_wrong_controls.csv,6156cdc82606d2317aa03f1d9a988ce42e142a8f0652277297030c8f7abeed57,C:/VS/Stam_model-A-v1.0,822f8f4241c1b0b7fb272eb30c1022dd860ea18c,CR061,G612c multi-particle tier formula
G613c_best_match.csv,g_test_artifact,tests/Substrate/G613c_MUON_MASS_COMPOSITION_ATTEMPT/G613c_best_match.csv,43968e5ee3ee7c6b632e05478029c8f1b9342654de97d7bee8e208c5659ef28e,C:/VS/Stam_model-A-v1.0,822f8f4241c1b0b7fb272eb30c1022dd860ea18c,CR061,G613c muon mass composition
G613c_full_scan.csv,g_test_artifact,tests/Substrate/G613c_MUON_MASS_COMPOSITION_ATTEMPT/G613c_full_scan.csv,91d7cdb2cd0ec3e64e06ba7d9cbd5f97a034ec3804c3b5171479a95a2f9dfc40,C:/VS/Stam_model-A-v1.0,822f8f4241c1b0b7fb272eb30c1022dd860ea18c,CR061,G613c muon mass composition
G613c_input_manifest.csv,g_test_artifact,tests/Substrate/G613c_MUON_MASS_COMPOSITION_ATTEMPT/G613c_input_manifest.csv,3e9da15eb28a473f682a9e966c4b6df2ded8db10fff9d3bc544c5718f7a8c544,C:/VS/Stam_model-A-v1.0,822f8f4241c1b0b7fb272eb30c1022dd860ea18c,CR061,G613c muon mass composition
G613c_MUON_MASS_COMPOSITION_ATTEMPT.py,g_test_artifact,tests/Substrate/G613c_MUON_MASS_COMPOSITION_ATTEMPT/G613c_MUON_MASS_COMPOSITION_ATTEMPT.py,2bce9fe55324b0a23f2ff89c5a890c0313e0369b633392a85af0b20970708a7d,C:/VS/Stam_model-A-v1.0,822f8f4241c1b0b7fb272eb30c1022dd860ea18c,CR061,G613c muon mass composition
G613c_output.txt,g_test_artifact,tests/Substrate/G613c_MUON_MASS_COMPOSITION_ATTEMPT/G613c_output.txt,0baec5d1ce82083d64e6e6bf0047f3aabf9f293516f45405cc9455b7d4312bb0,C:/VS/Stam_model-A-v1.0,822f8f4241c1b0b7fb272eb30c1022dd860ea18c,CR061,G613c muon mass composition
G613c_predeclared_candidates.csv,g_test_artifact,tests/Substrate/G613c_MUON_MASS_COMPOSITION_ATTEMPT/G613c_predeclared_candidates.csv,f264ff734ccf4abac3ebc4e6db06977b959bacfe7f8e70de4cdbfecc089ca9a3,C:/VS/Stam_model-A-v1.0,822f8f4241c1b0b7fb272eb30c1022dd860ea18c,CR061,G613c muon mass composition
G613c_sealed_envelope.md,g_test_artifact,tests/Substrate/G613c_MUON_MASS_COMPOSITION_ATTEMPT/G613c_sealed_envelope.md,683ef4aacfe2b5bf072de472b4a3ae5ab5fa991d1787e99fa3ec8d8d0aec2612,C:/VS/Stam_model-A-v1.0,822f8f4241c1b0b7fb272eb30c1022dd860ea18c,CR061,G613c muon mass composition
G613c_structural_gap_analysis.csv,g_test_artifact,tests/Substrate/G613c_MUON_MASS_COMPOSITION_ATTEMPT/G613c_structural_gap_analysis.csv,fa1f595285fe26b6cbe8ad3d21940977c8bcb1a4e73d0a4514a4e5e21dae6e57,C:/VS/Stam_model-A-v1.0,822f8f4241c1b0b7fb272eb30c1022dd860ea18c,CR061,G613c muon mass composition
G613c_summary.json,g_test_artifact,tests/Substrate/G613c_MUON_MASS_COMPOSITION_ATTEMPT/G613c_summary.json,dc4a439cf1e5e1ef7d9ac09a7915a524384327db209eee173a14e6f7667e7359,C:/VS/Stam_model-A-v1.0,822f8f4241c1b0b7fb272eb30c1022dd860ea18c,CR061,G613c muon mass composition
G613c_validation_checks.csv,g_test_artifact,tests/Substrate/G613c_MUON_MASS_COMPOSITION_ATTEMPT/G613c_validation_checks.csv,cc228c2abf4c1c214a4ca25ba777b5fb2cbbd6222cf12a9cc57cb53929a28c01,C:/VS/Stam_model-A-v1.0,822f8f4241c1b0b7fb272eb30c1022dd860ea18c,CR061,G613c muon mass composition
G613c_verdict.md,g_test_artifact,tests/Substrate/G613c_MUON_MASS_COMPOSITION_ATTEMPT/G613c_verdict.md,f6ff382612f0a1fdfe1a329d5906bc2b1d58f53b70de90ba4bce80aaf21dcf60,C:/VS/Stam_model-A-v1.0,822f8f4241c1b0b7fb272eb30c1022dd860ea18c,CR061,G613c muon mass composition
G613c_wrong_controls.csv,g_test_artifact,tests/Substrate/G613c_MUON_MASS_COMPOSITION_ATTEMPT/G613c_wrong_controls.csv,f444ebec34d7c85474f4d536d4274c151c924000e4b74577519a7ff91036833e,C:/VS/Stam_model-A-v1.0,822f8f4241c1b0b7fb272eb30c1022dd860ea18c,CR061,G613c muon mass composition
G614c_best_match.csv,g_test_artifact,tests/Substrate/G614c_TAU_MASS_COMPOSITION_ATTEMPT/G614c_best_match.csv,49a18949247322271ddbb704f2e84d615ed59402e4db751f9df37f1d25cfda0a,C:/VS/Stam_model-A-v1.0,822f8f4241c1b0b7fb272eb30c1022dd860ea18c,CR061,G614c tau mass composition
G614c_full_scan.csv,g_test_artifact,tests/Substrate/G614c_TAU_MASS_COMPOSITION_ATTEMPT/G614c_full_scan.csv,b775c108729990cd9ed18f695b0b343e3c8aa5edc546f05f04b3232c55f5dd6c,C:/VS/Stam_model-A-v1.0,822f8f4241c1b0b7fb272eb30c1022dd860ea18c,CR061,G614c tau mass composition
G614c_input_manifest.csv,g_test_artifact,tests/Substrate/G614c_TAU_MASS_COMPOSITION_ATTEMPT/G614c_input_manifest.csv,b099c45dad4ef9509997a5a01c5a5a00fdc07856fde7fc0d3f1fa310a6c5b4c0,C:/VS/Stam_model-A-v1.0,822f8f4241c1b0b7fb272eb30c1022dd860ea18c,CR061,G614c tau mass composition
G614c_output.txt,g_test_artifact,tests/Substrate/G614c_TAU_MASS_COMPOSITION_ATTEMPT/G614c_output.txt,22bba64a3eba9ad9f2e841a984cb0733a61b3f48b254074358e078cc5d07d31b,C:/VS/Stam_model-A-v1.0,822f8f4241c1b0b7fb272eb30c1022dd860ea18c,CR061,G614c tau mass composition
G614c_predeclared_candidates.csv,g_test_artifact,tests/Substrate/G614c_TAU_MASS_COMPOSITION_ATTEMPT/G614c_predeclared_candidates.csv,26671c50e8e25029c4ed1bd1dad16c68e93587d4f707e9bc4dd009ea09a13157,C:/VS/Stam_model-A-v1.0,822f8f4241c1b0b7fb272eb30c1022dd860ea18c,CR061,G614c tau mass composition
G614c_sealed_envelope.md,g_test_artifact,tests/Substrate/G614c_TAU_MASS_COMPOSITION_ATTEMPT/G614c_sealed_envelope.md,ee805faaaf471bfab5e1ce2d9d29915821423be136e5092c9453c3e3f46c931f,C:/VS/Stam_model-A-v1.0,822f8f4241c1b0b7fb272eb30c1022dd860ea18c,CR061,G614c tau mass composition
G614c_summary.json,g_test_artifact,tests/Substrate/G614c_TAU_MASS_COMPOSITION_ATTEMPT/G614c_summary.json,5306900eb2b4f8273ec6a8b826bc7de54d790cd05baa9dcfc4507926dba5fa84,C:/VS/Stam_model-A-v1.0,822f8f4241c1b0b7fb272eb30c1022dd860ea18c,CR061,G614c tau mass composition
G614c_TAU_MASS_COMPOSITION_ATTEMPT.py,g_test_artifact,tests/Substrate/G614c_TAU_MASS_COMPOSITION_ATTEMPT/G614c_TAU_MASS_COMPOSITION_ATTEMPT.py,9c08abcd0d649ac7b801ed3041ee596fce012cfd7163a7faf80da5d957123959,C:/VS/Stam_model-A-v1.0,822f8f4241c1b0b7fb272eb30c1022dd860ea18c,CR061,G614c tau mass composition
G614c_validation_checks.csv,g_test_artifact,tests/Substrate/G614c_TAU_MASS_COMPOSITION_ATTEMPT/G614c_validation_checks.csv,dde1e8eba2b0960f41f4377d02cf91f6337894de393285b3330cb988ad1b25fc,C:/VS/Stam_model-A-v1.0,822f8f4241c1b0b7fb272eb30c1022dd860ea18c,CR061,G614c tau mass composition
G614c_verdict.md,g_test_artifact,tests/Substrate/G614c_TAU_MASS_COMPOSITION_ATTEMPT/G614c_verdict.md,311c49396d6d8b614561527d3b475d359014858367413e99f89488cdc921b1cc,C:/VS/Stam_model-A-v1.0,822f8f4241c1b0b7fb272eb30c1022dd860ea18c,CR061,G614c tau mass composition
G614c_wrong_controls.csv,g_test_artifact,tests/Substrate/G614c_TAU_MASS_COMPOSITION_ATTEMPT/G614c_wrong_controls.csv,1ce21218306292b7c4405a98113f55a9de3081a3c4db8ab8c53e3c7a5f784b6b,C:/VS/Stam_model-A-v1.0,822f8f4241c1b0b7fb272eb30c1022dd860ea18c,CR061,G614c tau mass composition
G615c_best_match_per_quark.csv,g_test_artifact,tests/Substrate/G615c_QUARK_SECTOR_MASS_COMPOSITION_SCAN/G615c_best_match_per_quark.csv,b92f28ec758d9856865815a2722b88d3edd28d2d6b95d65b640ea933d29ced87,C:/VS/Stam_model-A-v1.0,822f8f4241c1b0b7fb272eb30c1022dd860ea18c,CR061,G615c quark sector mass composition scan
G615c_full_scan.csv,g_test_artifact,tests/Substrate/G615c_QUARK_SECTOR_MASS_COMPOSITION_SCAN/G615c_full_scan.csv,8491a5ac133bd3fe52a14b17a0093a7c6ce34570e071c09bb4e1db6c5711146c,C:/VS/Stam_model-A-v1.0,822f8f4241c1b0b7fb272eb30c1022dd860ea18c,CR061,G615c quark sector mass composition scan
G615c_input_manifest.csv,g_test_artifact,tests/Substrate/G615c_QUARK_SECTOR_MASS_COMPOSITION_SCAN/G615c_input_manifest.csv,c1b0238155cfced9c1fec0f69f724929ae1334189a4f1fa35c5b094ece3e1396,C:/VS/Stam_model-A-v1.0,822f8f4241c1b0b7fb272eb30c1022dd860ea18c,CR061,G615c quark sector mass composition scan
G615c_output.txt,g_test_artifact,tests/Substrate/G615c_QUARK_SECTOR_MASS_COMPOSITION_SCAN/G615c_output.txt,fba826a62ffb858e808543838a7f2e96960b08d28eb50a65aa23da36591da357,C:/VS/Stam_model-A-v1.0,822f8f4241c1b0b7fb272eb30c1022dd860ea18c,CR061,G615c quark sector mass composition scan
G615c_predeclared_candidates.csv,g_test_artifact,tests/Substrate/G615c_QUARK_SECTOR_MASS_COMPOSITION_SCAN/G615c_predeclared_candidates.csv,59ec63f1c6ca43c7df4a95fab9989802c428a906082b9c1d6952cb4ee5560ab9,C:/VS/Stam_model-A-v1.0,822f8f4241c1b0b7fb272eb30c1022dd860ea18c,CR061,G615c quark sector mass composition scan
G615c_QUARK_SECTOR_MASS_COMPOSITION_SCAN.py,g_test_artifact,tests/Substrate/G615c_QUARK_SECTOR_MASS_COMPOSITION_SCAN/G615c_QUARK_SECTOR_MASS_COMPOSITION_SCAN.py,9e6a9a003c0a53af5eff17cf3490a756a924f3a0b5ea953c6d28191e03714240,C:/VS/Stam_model-A-v1.0,822f8f4241c1b0b7fb272eb30c1022dd860ea18c,CR061,G615c quark sector mass composition scan
G615c_sealed_envelope.md,g_test_artifact,tests/Substrate/G615c_QUARK_SECTOR_MASS_COMPOSITION_SCAN/G615c_sealed_envelope.md,e0a7a289a1a0ac07f584ee505903f0675c45f59637ec3da4eec38e63619e2032,C:/VS/Stam_model-A-v1.0,822f8f4241c1b0b7fb272eb30c1022dd860ea18c,CR061,G615c quark sector mass composition scan
G615c_summary.json,g_test_artifact,tests/Substrate/G615c_QUARK_SECTOR_MASS_COMPOSITION_SCAN/G615c_summary.json,808ebc06628514c20614f119ed8d731c8991d49ca637a71771d83915dc807d82,C:/VS/Stam_model-A-v1.0,822f8f4241c1b0b7fb272eb30c1022dd860ea18c,CR061,G615c quark sector mass composition scan
G615c_validation_checks.csv,g_test_artifact,tests/Substrate/G615c_QUARK_SECTOR_MASS_COMPOSITION_SCAN/G615c_validation_checks.csv,8ed4ba4e6dbb573be325f7cd247e02e54697790b7bcb6158bf88f6052484a464,C:/VS/Stam_model-A-v1.0,822f8f4241c1b0b7fb272eb30c1022dd860ea18c,CR061,G615c quark sector mass composition scan
G615c_verdict.md,g_test_artifact,tests/Substrate/G615c_QUARK_SECTOR_MASS_COMPOSITION_SCAN/G615c_verdict.md,6bde0db49a7adddf28dd3e7bd6c74f5aec380a757e7bd8d65de9ed544d275383,C:/VS/Stam_model-A-v1.0,822f8f4241c1b0b7fb272eb30c1022dd860ea18c,CR061,G615c quark sector mass composition scan
G615c_wrong_controls.csv,g_test_artifact,tests/Substrate/G615c_QUARK_SECTOR_MASS_COMPOSITION_SCAN/G615c_wrong_controls.csv,4cbc8e86b9992f5c134a9d00187aa6bd4c1132dbe1c46c2571c6b1a2b7dc33b4,C:/VS/Stam_model-A-v1.0,822f8f4241c1b0b7fb272eb30c1022dd860ea18c,CR061,G615c quark sector mass composition scan
G616c_consolidation_table.csv,g_test_artifact,tests/Substrate/G616c_PARAMETER_FREE_MASS_CHAIN_CONSOLIDATION/G616c_consolidation_table.csv,d635996afd23407d3bb59b5db48efefc634fbba851c2aa58ae80fc741112807c,C:/VS/Stam_model-A-v1.0,822f8f4241c1b0b7fb272eb30c1022dd860ea18c,CR061;CR062,"G616c freeze: 8 rows (7 strict + 1 audit), 0 free parameters; load-bearing"
G616c_input_manifest.csv,g_test_artifact,tests/Substrate/G616c_PARAMETER_FREE_MASS_CHAIN_CONSOLIDATION/G616c_input_manifest.csv,6c435cac1a2cb25c30d0bff70cc2accb7bd1f1469776e57e9f414f7c08da9928,C:/VS/Stam_model-A-v1.0,822f8f4241c1b0b7fb272eb30c1022dd860ea18c,CR061;CR062,"G616c freeze: 8 rows (7 strict + 1 audit), 0 free parameters; load-bearing"
G616c_output.txt,g_test_artifact,tests/Substrate/G616c_PARAMETER_FREE_MASS_CHAIN_CONSOLIDATION/G616c_output.txt,0e8fda40773306e03461637c48ebe8120f4674084a8087980156fd3f4ec16902,C:/VS/Stam_model-A-v1.0,822f8f4241c1b0b7fb272eb30c1022dd860ea18c,CR061;CR062,"G616c freeze: 8 rows (7 strict + 1 audit), 0 free parameters; load-bearing"
G616c_PARAMETER_FREE_MASS_CHAIN_CONSOLIDATION.py,g_test_artifact,tests/Substrate/G616c_PARAMETER_FREE_MASS_CHAIN_CONSOLIDATION/G616c_PARAMETER_FREE_MASS_CHAIN_CONSOLIDATION.py,dd4dc613dc771bf1dc5c140b098e4fc683a0cd27950d471f7d0cc99f5292a51f,C:/VS/Stam_model-A-v1.0,822f8f4241c1b0b7fb272eb30c1022dd860ea18c,CR061;CR062,"G616c freeze: 8 rows (7 strict + 1 audit), 0 free parameters; load-bearing"
G616c_sealed_envelope.md,g_test_artifact,tests/Substrate/G616c_PARAMETER_FREE_MASS_CHAIN_CONSOLIDATION/G616c_sealed_envelope.md,d0a05a1c9013481b80ee5b92513142cb71bc331a6d9b4b1035bbdcba894980f5,C:/VS/Stam_model-A-v1.0,822f8f4241c1b0b7fb272eb30c1022dd860ea18c,CR061;CR062,"G616c freeze: 8 rows (7 strict + 1 audit), 0 free parameters; load-bearing"
G616c_summary.json,g_test_artifact,tests/Substrate/G616c_PARAMETER_FREE_MASS_CHAIN_CONSOLIDATION/G616c_summary.json,77c4066abe19a001aeea776302a72ce540a6067e28617491d7b2511d83997c6d,C:/VS/Stam_model-A-v1.0,822f8f4241c1b0b7fb272eb30c1022dd860ea18c,CR061;CR062,"G616c freeze: 8 rows (7 strict + 1 audit), 0 free parameters; load-bearing"
G616c_validation_checks.csv,g_test_artifact,tests/Substrate/G616c_PARAMETER_FREE_MASS_CHAIN_CONSOLIDATION/G616c_validation_checks.csv,bac7235c5346ccc7635c0e1d196dd1198640e9eadbbfa9177992d9cecb74d432,C:/VS/Stam_model-A-v1.0,822f8f4241c1b0b7fb272eb30c1022dd860ea18c,CR061;CR062,"G616c freeze: 8 rows (7 strict + 1 audit), 0 free parameters; load-bearing"
G616c_verdict.md,g_test_artifact,tests/Substrate/G616c_PARAMETER_FREE_MASS_CHAIN_CONSOLIDATION/G616c_verdict.md,98ecabf254c9acd4dbd6cb754e9375809ae6f0d2e46cc493f03c255e15dc5a69,C:/VS/Stam_model-A-v1.0,822f8f4241c1b0b7fb272eb30c1022dd860ea18c,CR061;CR062,"G616c freeze: 8 rows (7 strict + 1 audit), 0 free parameters; load-bearing"
G616c_wrong_control_audit.csv,g_test_artifact,tests/Substrate/G616c_PARAMETER_FREE_MASS_CHAIN_CONSOLIDATION/G616c_wrong_control_audit.csv,aca4322ae36e5fd204aa56372ac1eb51f39baeeddda2449431f92b4402a285a9,C:/VS/Stam_model-A-v1.0,822f8f4241c1b0b7fb272eb30c1022dd860ea18c,CR061;CR062,"G616c freeze: 8 rows (7 strict + 1 audit), 0 free parameters; load-bearing"
G676c_COLOR_BRANCH_OWNER_TRIAD_VALUE_READOUT_SELECTOR.py,g_test_artifact,tests/Substrate/G676c_COLOR_BRANCH_OWNER_TRIAD_VALUE_READOUT_SELECTOR/G676c_COLOR_BRANCH_OWNER_TRIAD_VALUE_READOUT_SELECTOR.py,f3601b6ab4c3b61f297834e8aeeedf8911217a00744dc419a94b3dd964c4db54,C:/VS/Stam_model-A-v1.0,822f8f4241c1b0b7fb272eb30c1022dd860ea18c,CR062,G676c color branch owner triad value readout
G676c_input_manifest.csv,g_test_artifact,tests/Substrate/G676c_COLOR_BRANCH_OWNER_TRIAD_VALUE_READOUT_SELECTOR/G676c_input_manifest.csv,faae8008919d67b1e22d19b7d18baaac857a39a5bed298537b5cb9da61893f44,C:/VS/Stam_model-A-v1.0,822f8f4241c1b0b7fb272eb30c1022dd860ea18c,CR062,G676c color branch owner triad value readout
G676c_owner_triad_value_readout_table.csv,g_test_artifact,tests/Substrate/G676c_COLOR_BRANCH_OWNER_TRIAD_VALUE_READOUT_SELECTOR/G676c_owner_triad_value_readout_table.csv,96b0376ec546b9760281060f014495d12d28c68b17cb04bdfebccdcb9a48b38e,C:/VS/Stam_model-A-v1.0,822f8f4241c1b0b7fb272eb30c1022dd860ea18c,CR062,G676c color branch owner triad value readout
G676c_summary.json,g_test_artifact,tests/Substrate/G676c_COLOR_BRANCH_OWNER_TRIAD_VALUE_READOUT_SELECTOR/G676c_summary.json,417399b81355e38823015a263c9840e4dfb6cef64a52ac650dedfa0b7e4507e9,C:/VS/Stam_model-A-v1.0,822f8f4241c1b0b7fb272eb30c1022dd860ea18c,CR062,G676c color branch owner triad value readout
G676c_value_readout_checks.csv,g_test_artifact,tests/Substrate/G676c_COLOR_BRANCH_OWNER_TRIAD_VALUE_READOUT_SELECTOR/G676c_value_readout_checks.csv,f3aac7ade6217e5341b3e56c98c6260d8657fcae1e3f2f4c9ed26d93dfc74ed5,C:/VS/Stam_model-A-v1.0,822f8f4241c1b0b7fb272eb30c1022dd860ea18c,CR062,G676c color branch owner triad value readout
G676c_value_readout_guard_table.csv,g_test_artifact,tests/Substrate/G676c_COLOR_BRANCH_OWNER_TRIAD_VALUE_READOUT_SELECTOR/G676c_value_readout_guard_table.csv,5d78eff2928f5ba33132580e87df5978251519a54d50de7e58d129136218e61f,C:/VS/Stam_model-A-v1.0,822f8f4241c1b0b7fb272eb30c1022dd860ea18c,CR062,G676c color branch owner triad value readout
G676c_verdict.md,g_test_artifact,tests/Substrate/G676c_COLOR_BRANCH_OWNER_TRIAD_VALUE_READOUT_SELECTOR/G676c_verdict.md,4db5bd9412b9a0cdc7a6dfb4942b0d4b168b7bdd23c7a30626909c5db4f908e8,C:/VS/Stam_model-A-v1.0,822f8f4241c1b0b7fb272eb30c1022dd860ea18c,CR062,G676c color branch owner triad value readout
QGA053_checks.csv,qga_test_artifact,tests/Substrate/QGA053_MISSING_PARTNER_AND_CHIRALITY_COMPLETION_SELECTOR/QGA053_checks.csv,39cdfcab0d5068ef1f7d1e4da533988b0d42cc70e54f5353b4bfbd0cdc100f83,C:/VS/Stam_model-A-v1.0,822f8f4241c1b0b7fb272eb30c1022dd860ea18c,CR061,QGA053 (= SUK014) missing partner and chirality completion
QGA053_chirality_boundary_table.csv,qga_test_artifact,tests/Substrate/QGA053_MISSING_PARTNER_AND_CHIRALITY_COMPLETION_SELECTOR/QGA053_chirality_boundary_table.csv,12b0e44f9233ab289059e3d3195d8d4f88e599a6e9aab21acf2f221ffbaa1eb2,C:/VS/Stam_model-A-v1.0,822f8f4241c1b0b7fb272eb30c1022dd860ea18c,CR061,QGA053 (= SUK014) missing partner and chirality completion
QGA053_completion_table.csv,qga_test_artifact,tests/Substrate/QGA053_MISSING_PARTNER_AND_CHIRALITY_COMPLETION_SELECTOR/QGA053_completion_table.csv,ae957da8760e3c0f47d0e4d4411291f2fdac2399e98d9b82a7c434e183a55534,C:/VS/Stam_model-A-v1.0,822f8f4241c1b0b7fb272eb30c1022dd860ea18c,CR061,QGA053 (= SUK014) missing partner and chirality completion
QGA053_down_type_carrier_breadcrumb_table.csv,qga_test_artifact,tests/Substrate/QGA053_MISSING_PARTNER_AND_CHIRALITY_COMPLETION_SELECTOR/QGA053_down_type_carrier_breadcrumb_table.csv,4a6fbd2a92a378e7081d113ea400a8d0255df6d3088c23f8e2f9e95625a7dfa7,C:/VS/Stam_model-A-v1.0,822f8f4241c1b0b7fb272eb30c1022dd860ea18c,CR061,QGA053 (= SUK014) missing partner and chirality completion
QGA053_input_manifest.csv,qga_test_artifact,tests/Substrate/QGA053_MISSING_PARTNER_AND_CHIRALITY_COMPLETION_SELECTOR/QGA053_input_manifest.csv,2aaa0ca8f826847a3a64fc1ea94273aa3ac460c0c22714b32d4cd0c9b090b85a,C:/VS/Stam_model-A-v1.0,822f8f4241c1b0b7fb272eb30c1022dd860ea18c,CR061,QGA053 (= SUK014) missing partner and chirality completion
QGA053_MISSING_PARTNER_AND_CHIRALITY_COMPLETION_SELECTOR.py,qga_test_artifact,tests/Substrate/QGA053_MISSING_PARTNER_AND_CHIRALITY_COMPLETION_SELECTOR/QGA053_MISSING_PARTNER_AND_CHIRALITY_COMPLETION_SELECTOR.py,cfedae9706a08177c36e97de2c702b136b9d54e967c12069e1b2571ae22f46b2,C:/VS/Stam_model-A-v1.0,822f8f4241c1b0b7fb272eb30c1022dd860ea18c,CR061,QGA053 (= SUK014) missing partner and chirality completion
QGA053_missing_partner_target_table.csv,qga_test_artifact,tests/Substrate/QGA053_MISSING_PARTNER_AND_CHIRALITY_COMPLETION_SELECTOR/QGA053_missing_partner_target_table.csv,5e8b2f60b5b0710db81929f1ef190c90483bda5a6b265204a4b000eeca5aee80,C:/VS/Stam_model-A-v1.0,822f8f4241c1b0b7fb272eb30c1022dd860ea18c,CR061,QGA053 (= SUK014) missing partner and chirality completion
QGA053_output.txt,qga_test_artifact,tests/Substrate/QGA053_MISSING_PARTNER_AND_CHIRALITY_COMPLETION_SELECTOR/QGA053_output.txt,74ec5b75cd31fe00bcf0933bf10604c7bbcdfc9c23bfea5f89acc450718a51b3,C:/VS/Stam_model-A-v1.0,822f8f4241c1b0b7fb272eb30c1022dd860ea18c,CR061,QGA053 (= SUK014) missing partner and chirality completion
QGA053_RESULT.md,qga_test_artifact,tests/Substrate/QGA053_MISSING_PARTNER_AND_CHIRALITY_COMPLETION_SELECTOR/QGA053_RESULT.md,aa7f6e4fb84c031602fb7f3f4a4bc3a9957e5ea6b899501de01daeacda48a159,C:/VS/Stam_model-A-v1.0,822f8f4241c1b0b7fb272eb30c1022dd860ea18c,CR061,QGA053 (= SUK014) missing partner and chirality completion
QGA053_summary.json,qga_test_artifact,tests/Substrate/QGA053_MISSING_PARTNER_AND_CHIRALITY_COMPLETION_SELECTOR/QGA053_summary.json,5c880c723945c0d9d7102a132e57a9d2ca1aa60b7d54f07f8afd9a1ac00dee2b,C:/VS/Stam_model-A-v1.0,822f8f4241c1b0b7fb272eb30c1022dd860ea18c,CR061,QGA053 (= SUK014) missing partner and chirality completion
QGA053_wrong_controls.csv,qga_test_artifact,tests/Substrate/QGA053_MISSING_PARTNER_AND_CHIRALITY_COMPLETION_SELECTOR/QGA053_wrong_controls.csv,2f50b3ff84b6e51dce2f3261a231d041b8252b5813dc294d0d5301b54d2b1710,C:/VS/Stam_model-A-v1.0,822f8f4241c1b0b7fb272eb30c1022dd860ea18c,CR061,QGA053 (= SUK014) missing partner and chirality completion
QGA054_checks.csv,qga_test_artifact,tests/Substrate/QGA054_ROW_EXACT_MASS_READOUT_FROM_NATIVE_CHIRAL_PACKET/QGA054_checks.csv,368013e0cdeea5b244d5571dde3c1315a133c57df2f25dd6bf0258421ded18a7,C:/VS/Stam_model-A-v1.0,822f8f4241c1b0b7fb272eb30c1022dd860ea18c,CR061,QGA054 (= SUK015) row exact mass readout
QGA054_exact_row_readout_table.csv,qga_test_artifact,tests/Substrate/QGA054_ROW_EXACT_MASS_READOUT_FROM_NATIVE_CHIRAL_PACKET/QGA054_exact_row_readout_table.csv,501625bec37d89d1d56c09914df1778de74bc686af1345d5ad25522375cbff1a,C:/VS/Stam_model-A-v1.0,822f8f4241c1b0b7fb272eb30c1022dd860ea18c,CR061,QGA054 (= SUK015) row exact mass readout
QGA054_input_manifest.csv,qga_test_artifact,tests/Substrate/QGA054_ROW_EXACT_MASS_READOUT_FROM_NATIVE_CHIRAL_PACKET/QGA054_input_manifest.csv,3a49dc26494bff4e8524683a1fbecf8d5a45c34e1b36b89617fa288411b115d1,C:/VS/Stam_model-A-v1.0,822f8f4241c1b0b7fb272eb30c1022dd860ea18c,CR061,QGA054 (= SUK015) row exact mass readout
QGA054_output.txt,qga_test_artifact,tests/Substrate/QGA054_ROW_EXACT_MASS_READOUT_FROM_NATIVE_CHIRAL_PACKET/QGA054_output.txt,4eee4e19bb2a86476f3bf2f84350529a6109dd770231f48bdc1862b4e3bc53d5,C:/VS/Stam_model-A-v1.0,822f8f4241c1b0b7fb272eb30c1022dd860ea18c,CR061,QGA054 (= SUK015) row exact mass readout
QGA054_RESULT.md,qga_test_artifact,tests/Substrate/QGA054_ROW_EXACT_MASS_READOUT_FROM_NATIVE_CHIRAL_PACKET/QGA054_RESULT.md,13f2ee5373ab87a040fc908aabdf47b328f4538c3e639ad03926c62d38a3496a,C:/VS/Stam_model-A-v1.0,822f8f4241c1b0b7fb272eb30c1022dd860ea18c,CR061,QGA054 (= SUK015) row exact mass readout
QGA054_ROW_EXACT_MASS_READOUT_FROM_NATIVE_CHIRAL_PACKET.py,qga_test_artifact,tests/Substrate/QGA054_ROW_EXACT_MASS_READOUT_FROM_NATIVE_CHIRAL_PACKET/QGA054_ROW_EXACT_MASS_READOUT_FROM_NATIVE_CHIRAL_PACKET.py,850470f58a19d0d602708cc615c02bd2e0f0191e835e1e2132feabe8953fb615,C:/VS/Stam_model-A-v1.0,822f8f4241c1b0b7fb272eb30c1022dd860ea18c,CR061,QGA054 (= SUK015) row exact mass readout
QGA054_summary.json,qga_test_artifact,tests/Substrate/QGA054_ROW_EXACT_MASS_READOUT_FROM_NATIVE_CHIRAL_PACKET/QGA054_summary.json,e7e405e2f447116e2def6ae4a817972cf4094eeb08dd793a10f0bdcbf306602d,C:/VS/Stam_model-A-v1.0,822f8f4241c1b0b7fb272eb30c1022dd860ea18c,CR061,QGA054 (= SUK015) row exact mass readout
QGA054_wrong_controls.csv,qga_test_artifact,tests/Substrate/QGA054_ROW_EXACT_MASS_READOUT_FROM_NATIVE_CHIRAL_PACKET/QGA054_wrong_controls.csv,943c4b02d8acf21ef5d444fd83eb22aebb16af9f3f65709a9b0f62c4385f9793,C:/VS/Stam_model-A-v1.0,822f8f4241c1b0b7fb272eb30c1022dd860ea18c,CR061,QGA054 (= SUK015) row exact mass readout
QGA055_checks.csv,qga_test_artifact,tests/Substrate/QGA055_FULL_STRICT_PARTICLE_LEDGER_FROM_NATIVE_ROW_READOUTS/QGA055_checks.csv,6a9d09fffdb9ece56848f82acbbb49ce6be616275b324192960561f739aed554,C:/VS/Stam_model-A-v1.0,822f8f4241c1b0b7fb272eb30c1022dd860ea18c,CR062,QGA055 (= SUK016) full strict native particle ledger
QGA055_full_strict_particle_ledger.csv,qga_test_artifact,tests/Substrate/QGA055_FULL_STRICT_PARTICLE_LEDGER_FROM_NATIVE_ROW_READOUTS/QGA055_full_strict_particle_ledger.csv,a9a2e5b3a00848771f1f7427dd723f766d7baa8f94195ba8127f53fed4addbc1,C:/VS/Stam_model-A-v1.0,822f8f4241c1b0b7fb272eb30c1022dd860ea18c,CR062,QGA055 (= SUK016) full strict native particle ledger
QGA055_FULL_STRICT_PARTICLE_LEDGER_FROM_NATIVE_ROW_READOUTS.py,qga_test_artifact,tests/Substrate/QGA055_FULL_STRICT_PARTICLE_LEDGER_FROM_NATIVE_ROW_READOUTS/QGA055_FULL_STRICT_PARTICLE_LEDGER_FROM_NATIVE_ROW_READOUTS.py,92bb65ddce928da98d8b44e11763c6c25dc8f2abe73a2c2f4a794db60bfad854,C:/VS/Stam_model-A-v1.0,822f8f4241c1b0b7fb272eb30c1022dd860ea18c,CR062,QGA055 (= SUK016) full strict native particle ledger
QGA055_input_manifest.csv,qga_test_artifact,tests/Substrate/QGA055_FULL_STRICT_PARTICLE_LEDGER_FROM_NATIVE_ROW_READOUTS/QGA055_input_manifest.csv,5c4f2420105c35e1a6f77d62d8795b80e77499cdeb79e7dfd574d7eae05ec545,C:/VS/Stam_model-A-v1.0,822f8f4241c1b0b7fb272eb30c1022dd860ea18c,CR062,QGA055 (= SUK016) full strict native particle ledger
QGA055_output.txt,qga_test_artifact,tests/Substrate/QGA055_FULL_STRICT_PARTICLE_LEDGER_FROM_NATIVE_ROW_READOUTS/QGA055_output.txt,b792d0dfb9964b8880fb4fc50eb973045cc142c1efc93cdf917e068ecd240b52,C:/VS/Stam_model-A-v1.0,822f8f4241c1b0b7fb272eb30c1022dd860ea18c,CR062,QGA055 (= SUK016) full strict native particle ledger
QGA055_RESULT.md,qga_test_artifact,tests/Substrate/QGA055_FULL_STRICT_PARTICLE_LEDGER_FROM_NATIVE_ROW_READOUTS/QGA055_RESULT.md,7d0fa05fb523b221019f9c89e3c7385c449ae330f621226bcfc32910fa09c780,C:/VS/Stam_model-A-v1.0,822f8f4241c1b0b7fb272eb30c1022dd860ea18c,CR062,QGA055 (= SUK016) full strict native particle ledger
QGA055_summary.json,qga_test_artifact,tests/Substrate/QGA055_FULL_STRICT_PARTICLE_LEDGER_FROM_NATIVE_ROW_READOUTS/QGA055_summary.json,d30adad52033964cf011ccb2d62274fabd0937cf524d0db971e6eb1f82d40013,C:/VS/Stam_model-A-v1.0,822f8f4241c1b0b7fb272eb30c1022dd860ea18c,CR062,QGA055 (= SUK016) full strict native particle ledger
QGA055_wrong_controls.csv,qga_test_artifact,tests/Substrate/QGA055_FULL_STRICT_PARTICLE_LEDGER_FROM_NATIVE_ROW_READOUTS/QGA055_wrong_controls.csv,2afe9db4441367abd7ea59a2ba9293d790979fd22f2a37053029f881971658bc,C:/VS/Stam_model-A-v1.0,822f8f4241c1b0b7fb272eb30c1022dd860ea18c,CR062,QGA055 (= SUK016) full strict native particle ledger
QGA056_audit_surface.csv,qga_test_artifact,tests/Substrate/QGA056_NATIVE_PARTICLE_LEDGER_PREDICTOR_SURFACE_AUDIT/QGA056_audit_surface.csv,6efb0b4aebab780c562f22db7dcf57bd7a7fbacebd442ee1b2730687a3a4ded0,C:/VS/Stam_model-A-v1.0,822f8f4241c1b0b7fb272eb30c1022dd860ea18c,CR062,QGA056 (= SUK017) native particle ledger predictor surface
QGA056_checks.csv,qga_test_artifact,tests/Substrate/QGA056_NATIVE_PARTICLE_LEDGER_PREDICTOR_SURFACE_AUDIT/QGA056_checks.csv,1a88c1df1b8bfdfec9277ed5cae7198228a1e5943fa06aaf8faf573e02cffe2e,C:/VS/Stam_model-A-v1.0,822f8f4241c1b0b7fb272eb30c1022dd860ea18c,CR062,QGA056 (= SUK017) native particle ledger predictor surface
QGA056_comparison_metadata.csv,qga_test_artifact,tests/Substrate/QGA056_NATIVE_PARTICLE_LEDGER_PREDICTOR_SURFACE_AUDIT/QGA056_comparison_metadata.csv,3518b7b3ec63ecba735d0efd2141483bcd401d959c23d0537db74485a3558393,C:/VS/Stam_model-A-v1.0,822f8f4241c1b0b7fb272eb30c1022dd860ea18c,CR062,QGA056 (= SUK017) native particle ledger predictor surface
QGA056_input_manifest.csv,qga_test_artifact,tests/Substrate/QGA056_NATIVE_PARTICLE_LEDGER_PREDICTOR_SURFACE_AUDIT/QGA056_input_manifest.csv,563c70e3d42e94141fd5740317889691fce2a49e5ff7375b105662792cbd66a3,C:/VS/Stam_model-A-v1.0,822f8f4241c1b0b7fb272eb30c1022dd860ea18c,CR062,QGA056 (= SUK017) native particle ledger predictor surface
QGA056_NATIVE_PARTICLE_LEDGER_PREDICTOR_SURFACE_AUDIT.py,qga_test_artifact,tests/Substrate/QGA056_NATIVE_PARTICLE_LEDGER_PREDICTOR_SURFACE_AUDIT/QGA056_NATIVE_PARTICLE_LEDGER_PREDICTOR_SURFACE_AUDIT.py,ce099ec633b45f6ff1ce5bdc03a33777d138169b3e294e110c4e7f0301553883,C:/VS/Stam_model-A-v1.0,822f8f4241c1b0b7fb272eb30c1022dd860ea18c,CR062,QGA056 (= SUK017) native particle ledger predictor surface
QGA056_output.txt,qga_test_artifact,tests/Substrate/QGA056_NATIVE_PARTICLE_LEDGER_PREDICTOR_SURFACE_AUDIT/QGA056_output.txt,5f8ae1490bbbd569643b7db0a02150207ba28ee209f5014ddb5d6f72225fccee,C:/VS/Stam_model-A-v1.0,822f8f4241c1b0b7fb272eb30c1022dd860ea18c,CR062,QGA056 (= SUK017) native particle ledger predictor surface
QGA056_predictor_surface.csv,qga_test_artifact,tests/Substrate/QGA056_NATIVE_PARTICLE_LEDGER_PREDICTOR_SURFACE_AUDIT/QGA056_predictor_surface.csv,773575bb735814d1771b31ac0b13948c1d4b27a04b5678c92cc13069d8a9180e,C:/VS/Stam_model-A-v1.0,822f8f4241c1b0b7fb272eb30c1022dd860ea18c,CR062,QGA056 (= SUK017) native particle ledger predictor surface
QGA056_RESULT.md,qga_test_artifact,tests/Substrate/QGA056_NATIVE_PARTICLE_LEDGER_PREDICTOR_SURFACE_AUDIT/QGA056_RESULT.md,eac1a9ff771689a522b07037ac42d9bdd464494e3705d90269872fcaaec88550,C:/VS/Stam_model-A-v1.0,822f8f4241c1b0b7fb272eb30c1022dd860ea18c,CR062,QGA056 (= SUK017) native particle ledger predictor surface
QGA056_summary.json,qga_test_artifact,tests/Substrate/QGA056_NATIVE_PARTICLE_LEDGER_PREDICTOR_SURFACE_AUDIT/QGA056_summary.json,0789c59c90b8dc772f9577a41a831ee47d858bc6535ed378b4307ace4bda1aa7,C:/VS/Stam_model-A-v1.0,822f8f4241c1b0b7fb272eb30c1022dd860ea18c,CR062,QGA056 (= SUK017) native particle ledger predictor surface
QGA056_wrong_controls.csv,qga_test_artifact,tests/Substrate/QGA056_NATIVE_PARTICLE_LEDGER_PREDICTOR_SURFACE_AUDIT/QGA056_wrong_controls.csv,591f5d0ff413ec9141766fa19d3987e2b7f2cb091446dbae83ad8b5553eca83b,C:/VS/Stam_model-A-v1.0,822f8f4241c1b0b7fb272eb30c1022dd860ea18c,CR062,QGA056 (= SUK017) native particle ledger predictor surface
QGA057_checks.csv,qga_test_artifact,tests/Substrate/QGA057_TOP_AUDIT_STRICTNESS_RESOLUTION_SELECTOR/QGA057_checks.csv,a559dc7854236f3df33f467e9230ca68474ab640ffee2e3fed605b533869adb5,C:/VS/Stam_model-A-v1.0,822f8f4241c1b0b7fb272eb30c1022dd860ea18c,CR060,QGA057 (= SUK018) top audit strictness resolution
QGA057_detached_comparison_metadata.csv,qga_test_artifact,tests/Substrate/QGA057_TOP_AUDIT_STRICTNESS_RESOLUTION_SELECTOR/QGA057_detached_comparison_metadata.csv,315b41293a2088693d59745e9d47a6a1025d98549331528df599f42c4123c131,C:/VS/Stam_model-A-v1.0,822f8f4241c1b0b7fb272eb30c1022dd860ea18c,CR060,QGA057 (= SUK018) top audit strictness resolution
QGA057_full_predictor_surface.csv,qga_test_artifact,tests/Substrate/QGA057_TOP_AUDIT_STRICTNESS_RESOLUTION_SELECTOR/QGA057_full_predictor_surface.csv,674b17f125dc442b42e5d3a85db259ea0dc760fc5f97c5ca3a5df81effc3dbb7,C:/VS/Stam_model-A-v1.0,822f8f4241c1b0b7fb272eb30c1022dd860ea18c,CR060,QGA057 (= SUK018) top audit strictness resolution
QGA057_input_manifest.csv,qga_test_artifact,tests/Substrate/QGA057_TOP_AUDIT_STRICTNESS_RESOLUTION_SELECTOR/QGA057_input_manifest.csv,dd653dee0e346ffee33564cc3b693c14fb1ef12b9336718b8b77b23cd97049af,C:/VS/Stam_model-A-v1.0,822f8f4241c1b0b7fb272eb30c1022dd860ea18c,CR060,QGA057 (= SUK018) top audit strictness resolution
QGA057_output.txt,qga_test_artifact,tests/Substrate/QGA057_TOP_AUDIT_STRICTNESS_RESOLUTION_SELECTOR/QGA057_output.txt,eba5c72d79e5d1ffc76389899202b129f4e7bb43d0e3077ad813d293d3838698,C:/VS/Stam_model-A-v1.0,822f8f4241c1b0b7fb272eb30c1022dd860ea18c,CR060,QGA057 (= SUK018) top audit strictness resolution
QGA057_RESULT.md,qga_test_artifact,tests/Substrate/QGA057_TOP_AUDIT_STRICTNESS_RESOLUTION_SELECTOR/QGA057_RESULT.md,3d043f386b818dacddd0e50c10795af803a93cb8bd895ff6cb17c4f37a4c6bed,C:/VS/Stam_model-A-v1.0,822f8f4241c1b0b7fb272eb30c1022dd860ea18c,CR060,QGA057 (= SUK018) top audit strictness resolution
QGA057_summary.json,qga_test_artifact,tests/Substrate/QGA057_TOP_AUDIT_STRICTNESS_RESOLUTION_SELECTOR/QGA057_summary.json,f5f461e568af5dc2fb280d824167dc3be574da6079258e6d5a580b06fcd46822,C:/VS/Stam_model-A-v1.0,822f8f4241c1b0b7fb272eb30c1022dd860ea18c,CR060,QGA057 (= SUK018) top audit strictness resolution
QGA057_TOP_AUDIT_STRICTNESS_RESOLUTION_SELECTOR.py,qga_test_artifact,tests/Substrate/QGA057_TOP_AUDIT_STRICTNESS_RESOLUTION_SELECTOR/QGA057_TOP_AUDIT_STRICTNESS_RESOLUTION_SELECTOR.py,47a16be81f776463eb116ee2b6945ab34ddebe4beca805e834b716cf1e5a5252,C:/VS/Stam_model-A-v1.0,822f8f4241c1b0b7fb272eb30c1022dd860ea18c,CR060,QGA057 (= SUK018) top audit strictness resolution
QGA057_top_strict_candidate.csv,qga_test_artifact,tests/Substrate/QGA057_TOP_AUDIT_STRICTNESS_RESOLUTION_SELECTOR/QGA057_top_strict_candidate.csv,9f499675619b18e8f1a756648d85f243da7f8353f13df9d35bb91b8bc78ce763,C:/VS/Stam_model-A-v1.0,822f8f4241c1b0b7fb272eb30c1022dd860ea18c,CR060,QGA057 (= SUK018) top audit strictness resolution
QGA057_wrong_controls.csv,qga_test_artifact,tests/Substrate/QGA057_TOP_AUDIT_STRICTNESS_RESOLUTION_SELECTOR/QGA057_wrong_controls.csv,f40ef9d3122c9d99152921b718f49a41d6f9d0e1005c2c871e73ed990f4c1796,C:/VS/Stam_model-A-v1.0,822f8f4241c1b0b7fb272eb30c1022dd860ea18c,CR060,QGA057 (= SUK018) top audit strictness resolution
QGA058_candidate_comparison.csv,qga_test_artifact,tests/Substrate/QGA058_ELECTROWEAK_SIDE_PACKET_FACTOR_DERIVATION/QGA058_candidate_comparison.csv,1d645b46db721a4a5b03f313f97e47b683d9f034d0695ccfa752b4404119861a,C:/VS/Stam_model-A-v1.0,822f8f4241c1b0b7fb272eb30c1022dd860ea18c,CR061,QGA058 (= SUK019) electroweak side packet factor
QGA058_checks.csv,qga_test_artifact,tests/Substrate/QGA058_ELECTROWEAK_SIDE_PACKET_FACTOR_DERIVATION/QGA058_checks.csv,9281c7afd181c8252b645103879529de4787072f3e27f7122f7f08d234cf23ee,C:/VS/Stam_model-A-v1.0,822f8f4241c1b0b7fb272eb30c1022dd860ea18c,CR061,QGA058 (= SUK019) electroweak side packet factor
QGA058_consistency_controls.csv,qga_test_artifact,tests/Substrate/QGA058_ELECTROWEAK_SIDE_PACKET_FACTOR_DERIVATION/QGA058_consistency_controls.csv,6064e9052b9330ebd7583bfbbc3bc5fe7c8c09ed0ffc91a7b4c9abbe1207897e,C:/VS/Stam_model-A-v1.0,822f8f4241c1b0b7fb272eb30c1022dd860ea18c,CR061,QGA058 (= SUK019) electroweak side packet factor
QGA058_ELECTROWEAK_SIDE_PACKET_FACTOR_DERIVATION.py,qga_test_artifact,tests/Substrate/QGA058_ELECTROWEAK_SIDE_PACKET_FACTOR_DERIVATION/QGA058_ELECTROWEAK_SIDE_PACKET_FACTOR_DERIVATION.py,f760f242e37691ef0430088d0c58fd49f96b7c7f04e93a125acee78ba39bdc96,C:/VS/Stam_model-A-v1.0,822f8f4241c1b0b7fb272eb30c1022dd860ea18c,CR061,QGA058 (= SUK019) electroweak side packet factor
QGA058_electroweak_side_packet_lock_candidate.csv,qga_test_artifact,tests/Substrate/QGA058_ELECTROWEAK_SIDE_PACKET_FACTOR_DERIVATION/QGA058_electroweak_side_packet_lock_candidate.csv,dc1ecbd52060955ec08e2ad46750db62c42dd101db5bcd543d2a5a34f53ebf90,C:/VS/Stam_model-A-v1.0,822f8f4241c1b0b7fb272eb30c1022dd860ea18c,CR061,QGA058 (= SUK019) electroweak side packet factor
QGA058_factor_control_table.csv,qga_test_artifact,tests/Substrate/QGA058_ELECTROWEAK_SIDE_PACKET_FACTOR_DERIVATION/QGA058_factor_control_table.csv,7b0baeb7974d23e6ccb5bcd5345fe638169b4059fa6a0d364edea6bfc6d8ff7b,C:/VS/Stam_model-A-v1.0,822f8f4241c1b0b7fb272eb30c1022dd860ea18c,CR061,QGA058 (= SUK019) electroweak side packet factor
QGA058_input_manifest.csv,qga_test_artifact,tests/Substrate/QGA058_ELECTROWEAK_SIDE_PACKET_FACTOR_DERIVATION/QGA058_input_manifest.csv,896b7145504066bc7ee4249297be725985fa9d7856c755b21f059546db056c39,C:/VS/Stam_model-A-v1.0,822f8f4241c1b0b7fb272eb30c1022dd860ea18c,CR061,QGA058 (= SUK019) electroweak side packet factor
QGA058_output.txt,qga_test_artifact,tests/Substrate/QGA058_ELECTROWEAK_SIDE_PACKET_FACTOR_DERIVATION/QGA058_output.txt,fbd64cfffb72a6ce91748e74611c7ed18235ca2e9daab09eaeb1c6ff21049ef5,C:/VS/Stam_model-A-v1.0,822f8f4241c1b0b7fb272eb30c1022dd860ea18c,CR061,QGA058 (= SUK019) electroweak side packet factor
QGA058_RESULT.md,qga_test_artifact,tests/Substrate/QGA058_ELECTROWEAK_SIDE_PACKET_FACTOR_DERIVATION/QGA058_RESULT.md,e238f54e999bb36e4a6aefad5e28630f15409f31a4fdc08861166fdddc83c0a9,C:/VS/Stam_model-A-v1.0,822f8f4241c1b0b7fb272eb30c1022dd860ea18c,CR061,QGA058 (= SUK019) electroweak side packet factor
QGA058_summary.json,qga_test_artifact,tests/Substrate/QGA058_ELECTROWEAK_SIDE_PACKET_FACTOR_DERIVATION/QGA058_summary.json,85e452abd4b27207878356ed33906f22f8c9ba1c785d703a3a0df48698672275,C:/VS/Stam_model-A-v1.0,822f8f4241c1b0b7fb272eb30c1022dd860ea18c,CR061,QGA058 (= SUK019) electroweak side packet factor
QGA059_checks.csv,qga_test_artifact,tests/Substrate/QGA059_ELECTROWEAK_SIDE_PACKET_LOCK_INTEGRATION/QGA059_checks.csv,550442fce494968fca8e3df6abb8f7a0d5e07b5685a2256b620aa43ee19b1c10,C:/VS/Stam_model-A-v1.0,822f8f4241c1b0b7fb272eb30c1022dd860ea18c,CR061,QGA059 (= SUK020) electroweak side packet lock
QGA059_consistency_controls.csv,qga_test_artifact,tests/Substrate/QGA059_ELECTROWEAK_SIDE_PACKET_LOCK_INTEGRATION/QGA059_consistency_controls.csv,95a277eb844f3f9fb55805567b16b3cb86b8fc7c95b87632b1e4930647d89408,C:/VS/Stam_model-A-v1.0,822f8f4241c1b0b7fb272eb30c1022dd860ea18c,CR061,QGA059 (= SUK020) electroweak side packet lock
QGA059_detached_comparison_metadata.csv,qga_test_artifact,tests/Substrate/QGA059_ELECTROWEAK_SIDE_PACKET_LOCK_INTEGRATION/QGA059_detached_comparison_metadata.csv,7560c8fabf2ad24224054e2611278039947404f9e31232ab8ff26565fdfa1e4b,C:/VS/Stam_model-A-v1.0,822f8f4241c1b0b7fb272eb30c1022dd860ea18c,CR061,QGA059 (= SUK020) electroweak side packet lock
QGA059_ELECTROWEAK_SIDE_PACKET_LOCK_INTEGRATION.py,qga_test_artifact,tests/Substrate/QGA059_ELECTROWEAK_SIDE_PACKET_LOCK_INTEGRATION/QGA059_ELECTROWEAK_SIDE_PACKET_LOCK_INTEGRATION.py,272cdc3f7fae6b9cba41562b1cb60f45378023e4752c023ff56d3de10ec7828a,C:/VS/Stam_model-A-v1.0,822f8f4241c1b0b7fb272eb30c1022dd860ea18c,CR061,QGA059 (= SUK020) electroweak side packet lock
QGA059_engine_layer_table.csv,qga_test_artifact,tests/Substrate/QGA059_ELECTROWEAK_SIDE_PACKET_LOCK_INTEGRATION/QGA059_engine_layer_table.csv,4a1f1b5acefb9c60cca498227b0cacd84914060e7eb462cb1b3206a241170447,C:/VS/Stam_model-A-v1.0,822f8f4241c1b0b7fb272eb30c1022dd860ea18c,CR061,QGA059 (= SUK020) electroweak side packet lock
QGA059_input_manifest.csv,qga_test_artifact,tests/Substrate/QGA059_ELECTROWEAK_SIDE_PACKET_LOCK_INTEGRATION/QGA059_input_manifest.csv,ac09580df157c57084e2765ac9e7d2c576cd42dc2ed9548170ed4755383d0711,C:/VS/Stam_model-A-v1.0,822f8f4241c1b0b7fb272eb30c1022dd860ea18c,CR061,QGA059 (= SUK020) electroweak side packet lock
QGA059_integrated_predictor_surface.csv,qga_test_artifact,tests/Substrate/QGA059_ELECTROWEAK_SIDE_PACKET_LOCK_INTEGRATION/QGA059_integrated_predictor_surface.csv,af6a178caa7e07d280d33980524b0b27887bd056aa6d980ddd94adc9993f6425,C:/VS/Stam_model-A-v1.0,822f8f4241c1b0b7fb272eb30c1022dd860ea18c,CR061,QGA059 (= SUK020) electroweak side packet lock
QGA059_output.txt,qga_test_artifact,tests/Substrate/QGA059_ELECTROWEAK_SIDE_PACKET_LOCK_INTEGRATION/QGA059_output.txt,1807cebbaa9eaba111daec37feb37edd0a234f57e9444b9cc3c341d4b3b73c11,C:/VS/Stam_model-A-v1.0,822f8f4241c1b0b7fb272eb30c1022dd860ea18c,CR061,QGA059 (= SUK020) electroweak side packet lock
QGA059_particle_layer_integrations.csv,qga_test_artifact,tests/Substrate/QGA059_ELECTROWEAK_SIDE_PACKET_LOCK_INTEGRATION/QGA059_particle_layer_integrations.csv,e3fece18d9af17378368d23a05b11d3bb225d15bfc9546443cb004e5603353d7,C:/VS/Stam_model-A-v1.0,822f8f4241c1b0b7fb272eb30c1022dd860ea18c,CR061,QGA059 (= SUK020) electroweak side packet lock
QGA059_RESULT.md,qga_test_artifact,tests/Substrate/QGA059_ELECTROWEAK_SIDE_PACKET_LOCK_INTEGRATION/QGA059_RESULT.md,3c879ad33604902e094bb0d71bf524ec2091efc59c9e3d9a585d795b8566248f,C:/VS/Stam_model-A-v1.0,822f8f4241c1b0b7fb272eb30c1022dd860ea18c,CR061,QGA059 (= SUK020) electroweak side packet lock
QGA059_summary.json,qga_test_artifact,tests/Substrate/QGA059_ELECTROWEAK_SIDE_PACKET_LOCK_INTEGRATION/QGA059_summary.json,6941422789933f5e8252d67486ca107bc9df0790429e01bc0e9445abc8589202,C:/VS/Stam_model-A-v1.0,822f8f4241c1b0b7fb272eb30c1022dd860ea18c,CR061,QGA059 (= SUK020) electroweak side packet lock
QGA060_checks.csv,qga_test_artifact,tests/Substrate/QGA060_PARTICLE_ENGINE_COMPLETION_SURFACE/QGA060_checks.csv,f617911cb55e72a88aed2760d0a887729453159714d064fafcbafd0fa3927954,C:/VS/Stam_model-A-v1.0,822f8f4241c1b0b7fb272eb30c1022dd860ea18c,CR059;CR061,QGA060 (= SUK021) particle engine completion surface; CR059 scope marker
QGA060_consistency_controls.csv,qga_test_artifact,tests/Substrate/QGA060_PARTICLE_ENGINE_COMPLETION_SURFACE/QGA060_consistency_controls.csv,eda46834402dd562b20b301efc800fcd2e5fda27dd649ee4d60966e6a7ffc850,C:/VS/Stam_model-A-v1.0,822f8f4241c1b0b7fb272eb30c1022dd860ea18c,CR059;CR061,QGA060 (= SUK021) particle engine completion surface; CR059 scope marker
QGA060_detached_readout_contact.csv,qga_test_artifact,tests/Substrate/QGA060_PARTICLE_ENGINE_COMPLETION_SURFACE/QGA060_detached_readout_contact.csv,693832145cf0afaefbdc0dc8e9d4605c59bca8c4872f8ffcfc51236c770401d3,C:/VS/Stam_model-A-v1.0,822f8f4241c1b0b7fb272eb30c1022dd860ea18c,CR059;CR061,QGA060 (= SUK021) particle engine completion surface; CR059 scope marker
QGA060_engine_layer_chain.csv,qga_test_artifact,tests/Substrate/QGA060_PARTICLE_ENGINE_COMPLETION_SURFACE/QGA060_engine_layer_chain.csv,698eebf9e9cf0a5b626616652ff666d569aeb792b2006df7cd8bbb92e5d04188,C:/VS/Stam_model-A-v1.0,822f8f4241c1b0b7fb272eb30c1022dd860ea18c,CR059;CR061,QGA060 (= SUK021) particle engine completion surface; CR059 scope marker
QGA060_input_manifest.csv,qga_test_artifact,tests/Substrate/QGA060_PARTICLE_ENGINE_COMPLETION_SURFACE/QGA060_input_manifest.csv,e8dfdc18762e1cf937f76ed7fbd4f9c98ba36a34f1dfe6d20f1fe71aa59dabd9,C:/VS/Stam_model-A-v1.0,822f8f4241c1b0b7fb272eb30c1022dd860ea18c,CR059;CR061,QGA060 (= SUK021) particle engine completion surface; CR059 scope marker
QGA060_output.txt,qga_test_artifact,tests/Substrate/QGA060_PARTICLE_ENGINE_COMPLETION_SURFACE/QGA060_output.txt,a1fb581b86496139fe7beeb999b97fe401c62926215352f641a1b146dafc5e5d,C:/VS/Stam_model-A-v1.0,822f8f4241c1b0b7fb272eb30c1022dd860ea18c,CR059;CR061,QGA060 (= SUK021) particle engine completion surface; CR059 scope marker
QGA060_particle_engine_completion_surface.csv,qga_test_artifact,tests/Substrate/QGA060_PARTICLE_ENGINE_COMPLETION_SURFACE/QGA060_particle_engine_completion_surface.csv,792e994c296676ee67499a9024f66b81d582e7b0190b29e5aa723206229d9b61,C:/VS/Stam_model-A-v1.0,822f8f4241c1b0b7fb272eb30c1022dd860ea18c,CR059;CR061,QGA060 (= SUK021) particle engine completion surface; CR059 scope marker
QGA060_PARTICLE_ENGINE_COMPLETION_SURFACE.py,qga_test_artifact,tests/Substrate/QGA060_PARTICLE_ENGINE_COMPLETION_SURFACE/QGA060_PARTICLE_ENGINE_COMPLETION_SURFACE.py,35cb7de2f44073c1196d40acd8b579f880460f7707b442000e8d2b99e2731acb,C:/VS/Stam_model-A-v1.0,822f8f4241c1b0b7fb272eb30c1022dd860ea18c,CR059;CR061,QGA060 (= SUK021) particle engine completion surface; CR059 scope marker
QGA060_RESULT.md,qga_test_artifact,tests/Substrate/QGA060_PARTICLE_ENGINE_COMPLETION_SURFACE/QGA060_RESULT.md,76e76f791ccc719f11bf0d28b7d63a0b659a4be301bc811f56699fc9d1486dd4,C:/VS/Stam_model-A-v1.0,822f8f4241c1b0b7fb272eb30c1022dd860ea18c,CR059;CR061,QGA060 (= SUK021) particle engine completion surface; CR059 scope marker
QGA060_summary.json,qga_test_artifact,tests/Substrate/QGA060_PARTICLE_ENGINE_COMPLETION_SURFACE/QGA060_summary.json,31f14883b1ed4532778d53bb3a4a3f22c867d63710ed6d3dc869b109018ba6f7,C:/VS/Stam_model-A-v1.0,822f8f4241c1b0b7fb272eb30c1022dd860ea18c,CR059;CR061,QGA060 (= SUK021) particle engine completion surface; CR059 scope marker
QGA068_channel_constraint_table.csv,qga_test_artifact,tests/Substrate/QGA068_NEUTRINO_FLAVOR_CHANNEL_SELECTOR/QGA068_channel_constraint_table.csv,6dbea1d5753cd629947abdda6b974a3c00cde6004cb070a255f19eabc2dd3ab9,C:/VS/Stam_model-A-v1.0,822f8f4241c1b0b7fb272eb30c1022dd860ea18c,CR062,QGA068 (= SUK029) neutrino flavor channel
QGA068_checks.csv,qga_test_artifact,tests/Substrate/QGA068_NEUTRINO_FLAVOR_CHANNEL_SELECTOR/QGA068_checks.csv,7d5473145d7987c942ff741d1eaa36f326eef562c6f05f5e50093fccc05413ad,C:/VS/Stam_model-A-v1.0,822f8f4241c1b0b7fb272eb30c1022dd860ea18c,CR062,QGA068 (= SUK029) neutrino flavor channel
QGA068_flavor_channel_table.csv,qga_test_artifact,tests/Substrate/QGA068_NEUTRINO_FLAVOR_CHANNEL_SELECTOR/QGA068_flavor_channel_table.csv,93b2ba3bd4bd5a041f548d68b7bb3f5f729cf8bc28a8cb9d99714f7e2a8715a6,C:/VS/Stam_model-A-v1.0,822f8f4241c1b0b7fb272eb30c1022dd860ea18c,CR062,QGA068 (= SUK029) neutrino flavor channel
QGA068_input_manifest.csv,qga_test_artifact,tests/Substrate/QGA068_NEUTRINO_FLAVOR_CHANNEL_SELECTOR/QGA068_input_manifest.csv,aed0f0f07bcb4d83068c9010cec28e01343cdbfd680894d24412be98357a3795,C:/VS/Stam_model-A-v1.0,822f8f4241c1b0b7fb272eb30c1022dd860ea18c,CR062,QGA068 (= SUK029) neutrino flavor channel
QGA068_neutral_lepton_channel_table.csv,qga_test_artifact,tests/Substrate/QGA068_NEUTRINO_FLAVOR_CHANNEL_SELECTOR/QGA068_neutral_lepton_channel_table.csv,ccf006a6527c0ba18b31f009b5034572f117d88a12490dd0fbe7ac3fcdf7fb7c,C:/VS/Stam_model-A-v1.0,822f8f4241c1b0b7fb272eb30c1022dd860ea18c,CR062,QGA068 (= SUK029) neutrino flavor channel
QGA068_NEUTRINO_FLAVOR_CHANNEL_SELECTOR.py,qga_test_artifact,tests/Substrate/QGA068_NEUTRINO_FLAVOR_CHANNEL_SELECTOR/QGA068_NEUTRINO_FLAVOR_CHANNEL_SELECTOR.py,b5e378a4d637821b49252ce692c10be04bd6b630d399b70a900dac3885a46adf,C:/VS/Stam_model-A-v1.0,822f8f4241c1b0b7fb272eb30c1022dd860ea18c,CR062,QGA068 (= SUK029) neutrino flavor channel
QGA068_output.txt,qga_test_artifact,tests/Substrate/QGA068_NEUTRINO_FLAVOR_CHANNEL_SELECTOR/QGA068_output.txt,b6fc65e745b385af9c6000ebd0e3a4d0633cf4f7b31af65ce05052abcd094fc2,C:/VS/Stam_model-A-v1.0,822f8f4241c1b0b7fb272eb30c1022dd860ea18c,CR062,QGA068 (= SUK029) neutrino flavor channel
QGA068_RESULT.md,qga_test_artifact,tests/Substrate/QGA068_NEUTRINO_FLAVOR_CHANNEL_SELECTOR/QGA068_RESULT.md,3c046191ff57b3001bb594cc525c8137b2b81fdc6c288d03d45c56443cc292d2,C:/VS/Stam_model-A-v1.0,822f8f4241c1b0b7fb272eb30c1022dd860ea18c,CR062,QGA068 (= SUK029) neutrino flavor channel
QGA068_summary.json,qga_test_artifact,tests/Substrate/QGA068_NEUTRINO_FLAVOR_CHANNEL_SELECTOR/QGA068_summary.json,b826d24d0ac55b84f8f52cc322150cc8a425e1fce2f84938259904014becd856,C:/VS/Stam_model-A-v1.0,822f8f4241c1b0b7fb272eb30c1022dd860ea18c,CR062,QGA068 (= SUK029) neutrino flavor channel
QGA068_wrong_controls.csv,qga_test_artifact,tests/Substrate/QGA068_NEUTRINO_FLAVOR_CHANNEL_SELECTOR/QGA068_wrong_controls.csv,f53f0fcc7f75b7786b5b2288e29898deb10f5d5060351d4b094baa96feb04d0c,C:/VS/Stam_model-A-v1.0,822f8f4241c1b0b7fb272eb30c1022dd860ea18c,CR062,QGA068 (= SUK029) neutrino flavor channel
README.md,qga_test_artifact,tests/Substrate/QGA068_NEUTRINO_FLAVOR_CHANNEL_SELECTOR/README.md,3c046191ff57b3001bb594cc525c8137b2b81fdc6c288d03d45c56443cc292d2,C:/VS/Stam_model-A-v1.0,822f8f4241c1b0b7fb272eb30c1022dd860ea18c,CR062,QGA068 (= SUK029) neutrino flavor channel
QGA069_checks.csv,qga_test_artifact,tests/Substrate/QGA069_COLOR_EXTERNAL_MAPPING_AND_N_TARGET_SELECTOR/QGA069_checks.csv,fb61c7c6410255ba62c44cc9eca489e929c633aea91ceccf83fd27d4d1dad73f,C:/VS/Stam_model-A-v1.0,822f8f4241c1b0b7fb272eb30c1022dd860ea18c,CR062,QGA069 (= SUK030) color external mapping
QGA069_COLOR_EXTERNAL_MAPPING_AND_N_TARGET_SELECTOR.py,qga_test_artifact,tests/Substrate/QGA069_COLOR_EXTERNAL_MAPPING_AND_N_TARGET_SELECTOR/QGA069_COLOR_EXTERNAL_MAPPING_AND_N_TARGET_SELECTOR.py,a775a03caeec736d1e3d7bc7b72fc97f7c072c7b9b5f88eb4d4b4519a1f09902,C:/VS/Stam_model-A-v1.0,822f8f4241c1b0b7fb272eb30c1022dd860ea18c,CR062,QGA069 (= SUK030) color external mapping
QGA069_input_manifest.csv,qga_test_artifact,tests/Substrate/QGA069_COLOR_EXTERNAL_MAPPING_AND_N_TARGET_SELECTOR/QGA069_input_manifest.csv,a3fba832dc3700ff6268b8a840b47778d928d8efcd6070244560382b5dc45147,C:/VS/Stam_model-A-v1.0,822f8f4241c1b0b7fb272eb30c1022dd860ea18c,CR062,QGA069 (= SUK030) color external mapping
QGA069_n_target_resolution_table.csv,qga_test_artifact,tests/Substrate/QGA069_COLOR_EXTERNAL_MAPPING_AND_N_TARGET_SELECTOR/QGA069_n_target_resolution_table.csv,12b74134322da30c9d0673c56d3986a8d5655ad06bf5415831a51f2711f61dcc,C:/VS/Stam_model-A-v1.0,822f8f4241c1b0b7fb272eb30c1022dd860ea18c,CR062,QGA069 (= SUK030) color external mapping
QGA069_output.txt,qga_test_artifact,tests/Substrate/QGA069_COLOR_EXTERNAL_MAPPING_AND_N_TARGET_SELECTOR/QGA069_output.txt,009438758773fba5a224651ff4a08fd9f9ea6ca3c5342718beb6858c23833447,C:/VS/Stam_model-A-v1.0,822f8f4241c1b0b7fb272eb30c1022dd860ea18c,CR062,QGA069 (= SUK030) color external mapping
QGA069_owner_channel_external_slot_map.csv,qga_test_artifact,tests/Substrate/QGA069_COLOR_EXTERNAL_MAPPING_AND_N_TARGET_SELECTOR/QGA069_owner_channel_external_slot_map.csv,7f35d4f5c4920169a3143a4145e95a2856b91751b4fb021c0b95f916c76c1085,C:/VS/Stam_model-A-v1.0,822f8f4241c1b0b7fb272eb30c1022dd860ea18c,CR062,QGA069 (= SUK030) color external mapping
QGA069_RESULT.md,qga_test_artifact,tests/Substrate/QGA069_COLOR_EXTERNAL_MAPPING_AND_N_TARGET_SELECTOR/QGA069_RESULT.md,5612f110b87511553be9317801e78505a5e44111da63d326545ae714226e578d,C:/VS/Stam_model-A-v1.0,822f8f4241c1b0b7fb272eb30c1022dd860ea18c,CR062,QGA069 (= SUK030) color external mapping
QGA069_summary.json,qga_test_artifact,tests/Substrate/QGA069_COLOR_EXTERNAL_MAPPING_AND_N_TARGET_SELECTOR/QGA069_summary.json,1d1467ec4b9b2c1995047c5f0faa75481cdf1f3ef94ed0c86b28941d4675b18e,C:/VS/Stam_model-A-v1.0,822f8f4241c1b0b7fb272eb30c1022dd860ea18c,CR062,QGA069 (= SUK030) color external mapping
QGA069_triadic_color_bridge_table.csv,qga_test_artifact,tests/Substrate/QGA069_COLOR_EXTERNAL_MAPPING_AND_N_TARGET_SELECTOR/QGA069_triadic_color_bridge_table.csv,ea41986545abeedaa909151dc015c2386159c57bf04e51860b608959ec8280d8,C:/VS/Stam_model-A-v1.0,822f8f4241c1b0b7fb272eb30c1022dd860ea18c,CR062,QGA069 (= SUK030) color external mapping
QGA069_wrong_controls.csv,qga_test_artifact,tests/Substrate/QGA069_COLOR_EXTERNAL_MAPPING_AND_N_TARGET_SELECTOR/QGA069_wrong_controls.csv,2e6ce9c440321c1c1a3eb9c355b448e35289845f7a0438f4d01575e56190b650,C:/VS/Stam_model-A-v1.0,822f8f4241c1b0b7fb272eb30c1022dd860ea18c,CR062,QGA069 (= SUK030) color external mapping
README.md,qga_test_artifact,tests/Substrate/QGA069_COLOR_EXTERNAL_MAPPING_AND_N_TARGET_SELECTOR/README.md,5612f110b87511553be9317801e78505a5e44111da63d326545ae714226e578d,C:/VS/Stam_model-A-v1.0,822f8f4241c1b0b7fb272eb30c1022dd860ea18c,CR062,QGA069 (= SUK030) color external mapping
QGA070_checks.csv,qga_test_artifact,tests/Substrate/QGA070_N_TARGET_CB_MASS_READOUT_SELECTOR/QGA070_checks.csv,dcab5e53752005d22bb2077984bc7236dcde2d834313d9492be63fcb6d627143,C:/VS/Stam_model-A-v1.0,822f8f4241c1b0b7fb272eb30c1022dd860ea18c,CR062,QGA070 (= SUK031) N-target CB mass readout
QGA070_input_manifest.csv,qga_test_artifact,tests/Substrate/QGA070_N_TARGET_CB_MASS_READOUT_SELECTOR/QGA070_input_manifest.csv,338822e0910bf5b5548946ddce6773ff04b8686addaff433b680c4229548f95a,C:/VS/Stam_model-A-v1.0,822f8f4241c1b0b7fb272eb30c1022dd860ea18c,CR062,QGA070 (= SUK031) N-target CB mass readout
QGA070_mass_surface_summary.csv,qga_test_artifact,tests/Substrate/QGA070_N_TARGET_CB_MASS_READOUT_SELECTOR/QGA070_mass_surface_summary.csv,c94ae1d7d4e482fb898b95d4154351d8787ff58a3006219b73d230c36aba4a15,C:/VS/Stam_model-A-v1.0,822f8f4241c1b0b7fb272eb30c1022dd860ea18c,CR062,QGA070 (= SUK031) N-target CB mass readout
QGA070_N_TARGET_CB_MASS_READOUT_SELECTOR.py,qga_test_artifact,tests/Substrate/QGA070_N_TARGET_CB_MASS_READOUT_SELECTOR/QGA070_N_TARGET_CB_MASS_READOUT_SELECTOR.py,9205517b1d4703a72174524be250dc4add22e67f85e1709c737a476d3e8e9824,C:/VS/Stam_model-A-v1.0,822f8f4241c1b0b7fb272eb30c1022dd860ea18c,CR062,QGA070 (= SUK031) N-target CB mass readout
QGA070_n_target_cb_mass_readout_table.csv,qga_test_artifact,tests/Substrate/QGA070_N_TARGET_CB_MASS_READOUT_SELECTOR/QGA070_n_target_cb_mass_readout_table.csv,ec953095ce680d6c4025b5b82fa280348b19b83b784a2fe0da9fa71aa800c403,C:/VS/Stam_model-A-v1.0,822f8f4241c1b0b7fb272eb30c1022dd860ea18c,CR062,QGA070 (= SUK031) N-target CB mass readout
QGA070_output.txt,qga_test_artifact,tests/Substrate/QGA070_N_TARGET_CB_MASS_READOUT_SELECTOR/QGA070_output.txt,7418af1d4f1b73b82378d9beb8e2e5b41bb6c4953b75a96be33ffbc7d2613aa7,C:/VS/Stam_model-A-v1.0,822f8f4241c1b0b7fb272eb30c1022dd860ea18c,CR062,QGA070 (= SUK031) N-target CB mass readout
QGA070_RESULT.md,qga_test_artifact,tests/Substrate/QGA070_N_TARGET_CB_MASS_READOUT_SELECTOR/QGA070_RESULT.md,3c892f432ae095cb18538a0ee684a878307b14b292846db4f563b6c196edbe59,C:/VS/Stam_model-A-v1.0,822f8f4241c1b0b7fb272eb30c1022dd860ea18c,CR062,QGA070 (= SUK031) N-target CB mass readout
QGA070_summary.json,qga_test_artifact,tests/Substrate/QGA070_N_TARGET_CB_MASS_READOUT_SELECTOR/QGA070_summary.json,bc86a1b61e6031c4ad34c85db5becb1c6cb9f1ba49a012c80873f4aac741d903,C:/VS/Stam_model-A-v1.0,822f8f4241c1b0b7fb272eb30c1022dd860ea18c,CR062,QGA070 (= SUK031) N-target CB mass readout
QGA070_wrong_controls.csv,qga_test_artifact,tests/Substrate/QGA070_N_TARGET_CB_MASS_READOUT_SELECTOR/QGA070_wrong_controls.csv,26a785e23444dce65368c95a672aafd4be9aff9d8b0eebf71b2376bf03d0b070,C:/VS/Stam_model-A-v1.0,822f8f4241c1b0b7fb272eb30c1022dd860ea18c,CR062,QGA070 (= SUK031) N-target CB mass readout
README.md,qga_test_artifact,tests/Substrate/QGA070_N_TARGET_CB_MASS_READOUT_SELECTOR/README.md,975b3979f0f292c133c63c4c22d0abf04d75969780d606691bd3303ecd3b1888,C:/VS/Stam_model-A-v1.0,822f8f4241c1b0b7fb272eb30c1022dd860ea18c,CR062,QGA070 (= SUK031) N-target CB mass readout
QGA071_checks.csv,qga_test_artifact,tests/Substrate/QGA071_TRIADIC_SCREEN_PARTICLE_IDENTITY_SELECTOR/QGA071_checks.csv,670df40fb316a5b2d9b4f3785d2321ba213b085a146e15e962a64b86be5d6410,C:/VS/Stam_model-A-v1.0,822f8f4241c1b0b7fb272eb30c1022dd860ea18c,CR062,QGA071 (= SUK032) triadic screen particle identity
QGA071_identity_rule_table.csv,qga_test_artifact,tests/Substrate/QGA071_TRIADIC_SCREEN_PARTICLE_IDENTITY_SELECTOR/QGA071_identity_rule_table.csv,caa9bafb924a01001300702f60b7b419bb139b8ac1a26937afecc8a6ba08caa6,C:/VS/Stam_model-A-v1.0,822f8f4241c1b0b7fb272eb30c1022dd860ea18c,CR062,QGA071 (= SUK032) triadic screen particle identity
QGA071_input_manifest.csv,qga_test_artifact,tests/Substrate/QGA071_TRIADIC_SCREEN_PARTICLE_IDENTITY_SELECTOR/QGA071_input_manifest.csv,2120eb4778f023242988904ffa155e732bcb7e594c3fe8cc267ac44d1540cb0b,C:/VS/Stam_model-A-v1.0,822f8f4241c1b0b7fb272eb30c1022dd860ea18c,CR062,QGA071 (= SUK032) triadic screen particle identity
QGA071_output.txt,qga_test_artifact,tests/Substrate/QGA071_TRIADIC_SCREEN_PARTICLE_IDENTITY_SELECTOR/QGA071_output.txt,a03ecaa2e25ce4eee437188079e7d8b175f3477c0a13c6d3fdd4cd7c28a38ea3,C:/VS/Stam_model-A-v1.0,822f8f4241c1b0b7fb272eb30c1022dd860ea18c,CR062,QGA071 (= SUK032) triadic screen particle identity
QGA071_RESULT.md,qga_test_artifact,tests/Substrate/QGA071_TRIADIC_SCREEN_PARTICLE_IDENTITY_SELECTOR/QGA071_RESULT.md,1d7b5bb65ae6da793349a142be74cd8823a573ddf59f143d62fa394325fa3d6e,C:/VS/Stam_model-A-v1.0,822f8f4241c1b0b7fb272eb30c1022dd860ea18c,CR062,QGA071 (= SUK032) triadic screen particle identity
QGA071_summary.json,qga_test_artifact,tests/Substrate/QGA071_TRIADIC_SCREEN_PARTICLE_IDENTITY_SELECTOR/QGA071_summary.json,a1c40b4ba28eb4fa448b694fea03e02c882f646558fa2159f4e56aaa8a42f14b,C:/VS/Stam_model-A-v1.0,822f8f4241c1b0b7fb272eb30c1022dd860ea18c,CR062,QGA071 (= SUK032) triadic screen particle identity
QGA071_triadic_identity_assignment_table.csv,qga_test_artifact,tests/Substrate/QGA071_TRIADIC_SCREEN_PARTICLE_IDENTITY_SELECTOR/QGA071_triadic_identity_assignment_table.csv,adb1998ac72ad64af20fb96c7abca78a94a0fb6f6ba68a41768d611e8fe6c54c,C:/VS/Stam_model-A-v1.0,822f8f4241c1b0b7fb272eb30c1022dd860ea18c,CR062,QGA071 (= SUK032) triadic screen particle identity
QGA071_TRIADIC_SCREEN_PARTICLE_IDENTITY_SELECTOR.py,qga_test_artifact,tests/Substrate/QGA071_TRIADIC_SCREEN_PARTICLE_IDENTITY_SELECTOR/QGA071_TRIADIC_SCREEN_PARTICLE_IDENTITY_SELECTOR.py,637f92a871f294dec45df79bf6666849c50cc5bbc3f071b45d98c11816efecd8,C:/VS/Stam_model-A-v1.0,822f8f4241c1b0b7fb272eb30c1022dd860ea18c,CR062,QGA071 (= SUK032) triadic screen particle identity
QGA071_wrong_controls.csv,qga_test_artifact,tests/Substrate/QGA071_TRIADIC_SCREEN_PARTICLE_IDENTITY_SELECTOR/QGA071_wrong_controls.csv,b303ae292c7665a7c9927a14ccf33981e0574953ae7148072071cfbb4840b2bd,C:/VS/Stam_model-A-v1.0,822f8f4241c1b0b7fb272eb30c1022dd860ea18c,CR062,QGA071 (= SUK032) triadic screen particle identity
README.md,qga_test_artifact,tests/Substrate/QGA071_TRIADIC_SCREEN_PARTICLE_IDENTITY_SELECTOR/README.md,39b203d7ceb54ea79e636f0007a81320547db4fc2e7e24eff9e42cec7d46b14c,C:/VS/Stam_model-A-v1.0,822f8f4241c1b0b7fb272eb30c1022dd860ea18c,CR062,QGA071 (= SUK032) triadic screen particle identity
QGA072_checks.csv,qga_test_artifact,tests/Substrate/QGA072_NEUTRAL_LEPTON_PARTNER_SELECTOR/QGA072_checks.csv,59ca1938e713ea750eb66c6abeb6d315b4c83d4c57423e044f6a5ad93807722a,C:/VS/Stam_model-A-v1.0,822f8f4241c1b0b7fb272eb30c1022dd860ea18c,CR062,QGA072 (= SUK033) neutral lepton partner
QGA072_engine_candidate_match_table.csv,qga_test_artifact,tests/Substrate/QGA072_NEUTRAL_LEPTON_PARTNER_SELECTOR/QGA072_engine_candidate_match_table.csv,979c441b09323adf2783068a9e3b24a0a50ca50b54741349bdc219b00ed137fd,C:/VS/Stam_model-A-v1.0,822f8f4241c1b0b7fb272eb30c1022dd860ea18c,CR062,QGA072 (= SUK033) neutral lepton partner
QGA072_gap_vector_table.csv,qga_test_artifact,tests/Substrate/QGA072_NEUTRAL_LEPTON_PARTNER_SELECTOR/QGA072_gap_vector_table.csv,73d907be1fcd87e2713881cd85bd6ab5baa7346c14930f5e8c39208c6d449840,C:/VS/Stam_model-A-v1.0,822f8f4241c1b0b7fb272eb30c1022dd860ea18c,CR062,QGA072 (= SUK033) neutral lepton partner
QGA072_input_manifest.csv,qga_test_artifact,tests/Substrate/QGA072_NEUTRAL_LEPTON_PARTNER_SELECTOR/QGA072_input_manifest.csv,0e15db84c1899e61c927a0a463f359dbe7d6a662b2ebfa404fec511b6767c006,C:/VS/Stam_model-A-v1.0,822f8f4241c1b0b7fb272eb30c1022dd860ea18c,CR062,QGA072 (= SUK033) neutral lepton partner
QGA072_NEUTRAL_LEPTON_PARTNER_SELECTOR.py,qga_test_artifact,tests/Substrate/QGA072_NEUTRAL_LEPTON_PARTNER_SELECTOR/QGA072_NEUTRAL_LEPTON_PARTNER_SELECTOR.py,e8726f5ce82cd219b4fd56dd1bfa8fc4be8074015451438135257ce786dfa77b,C:/VS/Stam_model-A-v1.0,822f8f4241c1b0b7fb272eb30c1022dd860ea18c,CR062,QGA072 (= SUK033) neutral lepton partner
QGA072_neutral_partner_slot_table.csv,qga_test_artifact,tests/Substrate/QGA072_NEUTRAL_LEPTON_PARTNER_SELECTOR/QGA072_neutral_partner_slot_table.csv,be637a35c1078b427025397b761e5a3765a6ae564785ef32bcf4b2b2b3efed43,C:/VS/Stam_model-A-v1.0,822f8f4241c1b0b7fb272eb30c1022dd860ea18c,CR062,QGA072 (= SUK033) neutral lepton partner
QGA072_output.txt,qga_test_artifact,tests/Substrate/QGA072_NEUTRAL_LEPTON_PARTNER_SELECTOR/QGA072_output.txt,addc738aebb46c8b3a2174ed1d023098ba40bdf87b1635dff1289103f8cc0e92,C:/VS/Stam_model-A-v1.0,822f8f4241c1b0b7fb272eb30c1022dd860ea18c,CR062,QGA072 (= SUK033) neutral lepton partner
QGA072_RESULT.md,qga_test_artifact,tests/Substrate/QGA072_NEUTRAL_LEPTON_PARTNER_SELECTOR/QGA072_RESULT.md,65f71c89712e56b8df5fcb66ea3745ad0aabf159eb9cb4ae7bc9e1dc8a867d9b,C:/VS/Stam_model-A-v1.0,822f8f4241c1b0b7fb272eb30c1022dd860ea18c,CR062,QGA072 (= SUK033) neutral lepton partner
QGA072_summary.json,qga_test_artifact,tests/Substrate/QGA072_NEUTRAL_LEPTON_PARTNER_SELECTOR/QGA072_summary.json,d0ff8ad51be6a9c76d82f1021a7ca5d63a6c7a67af4627c28a49fe60d7ece662,C:/VS/Stam_model-A-v1.0,822f8f4241c1b0b7fb272eb30c1022dd860ea18c,CR062,QGA072 (= SUK033) neutral lepton partner
QGA072_wrong_controls.csv,qga_test_artifact,tests/Substrate/QGA072_NEUTRAL_LEPTON_PARTNER_SELECTOR/QGA072_wrong_controls.csv,291cfc5275992384d99022c2beca7bf94037b58636089a38c10bccf01cddc314,C:/VS/Stam_model-A-v1.0,822f8f4241c1b0b7fb272eb30c1022dd860ea18c,CR062,QGA072 (= SUK033) neutral lepton partner
README.md,qga_test_artifact,tests/Substrate/QGA072_NEUTRAL_LEPTON_PARTNER_SELECTOR/README.md,a1e2ac1e2705f9d3705a5aabcf0672f7b4b31532220a8f5471a4d0dd6f821373,C:/VS/Stam_model-A-v1.0,822f8f4241c1b0b7fb272eb30c1022dd860ea18c,CR062,QGA072 (= SUK033) neutral lepton partner
SUK014_QGA053_NATIVE_WEAK_SPLIT_CHIRAL_PACKET_RESULT.md,suk_test_artifact,tests/Campaigns/SAM_UNIFICATION_KERNEL_GATE/SUK014_QGA053_NATIVE_WEAK_SPLIT_CHIRAL_PACKET_RESULT.md,09d801d57c9d21698470921df9190ba09130d2e888245eedfe7db87717b34e59,C:/VS/Stam_model-A-v1.0,822f8f4241c1b0b7fb272eb30c1022dd860ea18c,CR061,SUK014 SUK kernel campaign artifact
SUK015_QGA054_SELECTED_PACKET_EXACT_ROW_MASS_READOUT_RESULT.md,suk_test_artifact,tests/Campaigns/SAM_UNIFICATION_KERNEL_GATE/SUK015_QGA054_SELECTED_PACKET_EXACT_ROW_MASS_READOUT_RESULT.md,c015b81a6234b2bfe361cddbe72b11c242f70dd1ed56004126a490bde11b9c0c,C:/VS/Stam_model-A-v1.0,822f8f4241c1b0b7fb272eb30c1022dd860ea18c,CR061,SUK015 SUK kernel campaign artifact
SUK016_QGA055_FULL_STRICT_NATIVE_PARTICLE_LEDGER_RESULT.md,suk_test_artifact,tests/Campaigns/SAM_UNIFICATION_KERNEL_GATE/SUK016_QGA055_FULL_STRICT_NATIVE_PARTICLE_LEDGER_RESULT.md,fa641f72450f80e469378da031a5c5764b8c2c0cd7d132bcf7566a8cd2f1515e,C:/VS/Stam_model-A-v1.0,822f8f4241c1b0b7fb272eb30c1022dd860ea18c,CR061,SUK016 SUK kernel campaign artifact
SUK017_QGA056_NATIVE_PARTICLE_LEDGER_PREDICTOR_SURFACE_RESULT.md,suk_test_artifact,tests/Campaigns/SAM_UNIFICATION_KERNEL_GATE/SUK017_QGA056_NATIVE_PARTICLE_LEDGER_PREDICTOR_SURFACE_RESULT.md,3516e0008ce2fd1829c1195ce11396e36a3505158c21d5cd06bca9bf5826c893,C:/VS/Stam_model-A-v1.0,822f8f4241c1b0b7fb272eb30c1022dd860ea18c,CR061,SUK017 SUK kernel campaign artifact
SUK018_QGA057_TOP_AUDIT_STRICTNESS_RESOLUTION_RESULT.md,suk_test_artifact,tests/Campaigns/SAM_UNIFICATION_KERNEL_GATE/SUK018_QGA057_TOP_AUDIT_STRICTNESS_RESOLUTION_RESULT.md,5c8986fce5efa129d50068eec0aebec2908bccb351c5e154118155e0b898ff8a,C:/VS/Stam_model-A-v1.0,822f8f4241c1b0b7fb272eb30c1022dd860ea18c,CR061,SUK018 SUK kernel campaign artifact
SUK019_QGA058_ELECTROWEAK_SIDE_PACKET_FACTOR_DERIVATION_RESULT.md,suk_test_artifact,tests/Campaigns/SAM_UNIFICATION_KERNEL_GATE/SUK019_QGA058_ELECTROWEAK_SIDE_PACKET_FACTOR_DERIVATION_RESULT.md,2ac3a9a70d8b95d356987ec8297459851edfef44302e2da881090e603d72b8fa,C:/VS/Stam_model-A-v1.0,822f8f4241c1b0b7fb272eb30c1022dd860ea18c,CR061,SUK019 SUK kernel campaign artifact
SUK020_QGA059_ELECTROWEAK_SIDE_PACKET_LOCK_INTEGRATION_RESULT.md,suk_test_artifact,tests/Campaigns/SAM_UNIFICATION_KERNEL_GATE/SUK020_QGA059_ELECTROWEAK_SIDE_PACKET_LOCK_INTEGRATION_RESULT.md,5251f5b80e237a471e076f86f75c95d4474d72b8c23f7dbf9b7c3fc06a23765b,C:/VS/Stam_model-A-v1.0,822f8f4241c1b0b7fb272eb30c1022dd860ea18c,CR061,SUK020 SUK kernel campaign artifact
SUK021_QGA060_PARTICLE_ENGINE_COMPLETION_SURFACE_RESULT.md,suk_test_artifact,tests/Campaigns/SAM_UNIFICATION_KERNEL_GATE/SUK021_QGA060_PARTICLE_ENGINE_COMPLETION_SURFACE_RESULT.md,bd9e3da8d6a2f2d90deb6df865af8e9008cc73f2a446d49f6cb8ab4212a0f3a4,C:/VS/Stam_model-A-v1.0,822f8f4241c1b0b7fb272eb30c1022dd860ea18c,CR061,SUK021 SUK kernel campaign artifact
SUK023_QGA062_A_ROAD_TRANSPORT_OF_COMPLETED_PARTICLE_SURFACE_RESULT.md,suk_test_artifact,tests/Campaigns/SAM_UNIFICATION_KERNEL_GATE/SUK023_QGA062_A_ROAD_TRANSPORT_OF_COMPLETED_PARTICLE_SURFACE_RESULT.md,00df6167be9abd75f3504fba8cb8fb8e6a2538ebf254f2c243b3b0aa64159086,C:/VS/Stam_model-A-v1.0,822f8f4241c1b0b7fb272eb30c1022dd860ea18c,CR061,SUK023 SUK kernel campaign artifact
SUK029_QGA068_NEUTRINO_FLAVOR_CHANNEL_RESULT.md,suk_test_artifact,tests/Campaigns/SAM_UNIFICATION_KERNEL_GATE/SUK029_QGA068_NEUTRINO_FLAVOR_CHANNEL_RESULT.md,cb2bf55d759a244af5dd877292f76157018ef8e2f97ddf7506511d55d4fd7d9a,C:/VS/Stam_model-A-v1.0,822f8f4241c1b0b7fb272eb30c1022dd860ea18c,CR061,SUK029 SUK kernel campaign artifact
SUK030_QGA069_COLOR_EXTERNAL_MAPPING_RESULT.md,suk_test_artifact,tests/Campaigns/SAM_UNIFICATION_KERNEL_GATE/SUK030_QGA069_COLOR_EXTERNAL_MAPPING_RESULT.md,a33df3f5b6219112ee259c92727aa27c9d65181eef81de7845d5c6d08d287e5d,C:/VS/Stam_model-A-v1.0,822f8f4241c1b0b7fb272eb30c1022dd860ea18c,CR061,SUK030 SUK kernel campaign artifact
SUK031_QGA070_N_TARGET_CB_MASS_READOUT_RESULT.md,suk_test_artifact,tests/Campaigns/SAM_UNIFICATION_KERNEL_GATE/SUK031_QGA070_N_TARGET_CB_MASS_READOUT_RESULT.md,a156069581f0d69d25861ff6eadbcf85e224e292ba4b81f8b6e4cae4dcc29e1e,C:/VS/Stam_model-A-v1.0,822f8f4241c1b0b7fb272eb30c1022dd860ea18c,CR061,SUK031 SUK kernel campaign artifact
SUK032_QGA071_TRIADIC_SCREEN_IDENTITY_RESULT.md,suk_test_artifact,tests/Campaigns/SAM_UNIFICATION_KERNEL_GATE/SUK032_QGA071_TRIADIC_SCREEN_IDENTITY_RESULT.md,171e3839f26fa0ffe2ce6eb7fc2d523eca057b3860772e8d8296e509d2c5f25c,C:/VS/Stam_model-A-v1.0,822f8f4241c1b0b7fb272eb30c1022dd860ea18c,CR061,SUK032 SUK kernel campaign artifact
SUK033_QGA072_NEUTRAL_LEPTON_PARTNER_RESULT.md,suk_test_artifact,tests/Campaigns/SAM_UNIFICATION_KERNEL_GATE/SUK033_QGA072_NEUTRAL_LEPTON_PARTNER_RESULT.md,dfac197292226b34bb1b9009823862d9d455aa9327a903245ab80bfb32dd663f,C:/VS/Stam_model-A-v1.0,822f8f4241c1b0b7fb272eb30c1022dd860ea18c,CR061,SUK033 SUK kernel campaign artifact
qp004_private_phase_to_particle_role_operator_bridge.py,qp_source_code,src/qp004_private_phase_to_particle_role_operator_bridge.py,2438facddc60e3de00639f9067e007d547c3f8b0a5e90489bf1439e4370ffd57,C:/VS/quantum_phase,f3d26b4b373d72d35856fc7050aa984982a00271,CR061,QP arm source: qp004
qp004_next_frontier.csv,qp_artifact,artifacts/qp004/qp004_next_frontier.csv,749e80511b0c0bc139edf6dc71d1483f90455820767e22587cd22a76130835e4,C:/VS/quantum_phase,f3d26b4b373d72d35856fc7050aa984982a00271,CR061,QP arm artifact: qp004
qp004_phase_role_operator_rules.csv,qp_artifact,artifacts/qp004/qp004_phase_role_operator_rules.csv,70a8d47c48059a7c1b69f9eb7d857840675ecadca4123f8b7373370c35223678,C:/VS/quantum_phase,f3d26b4b373d72d35856fc7050aa984982a00271,CR061,QP arm artifact: qp004
qp004_phase_to_particle_role_operator_bridge.csv,qp_artifact,artifacts/qp004/qp004_phase_to_particle_role_operator_bridge.csv,ac2a6bf5b79bb34ee087bf6e4acb00daae653c54793f1c5deb430d87a0fdefc4,C:/VS/quantum_phase,f3d26b4b373d72d35856fc7050aa984982a00271,CR061,QP arm artifact: qp004
qp004_phase_to_particle_role_operator_summary.json,qp_artifact,artifacts/qp004/qp004_phase_to_particle_role_operator_summary.json,bd236da33bca442566a1dd7859ebf2a78d9f655ac1ff4c5bc9483879e4a046c5,C:/VS/quantum_phase,f3d26b4b373d72d35856fc7050aa984982a00271,CR061,QP arm artifact: qp004
QP004_PRIVATE_PHASE_TO_PARTICLE_ROLE_OPERATOR_BRIDGE.md,qp_report,docs/reports/QP004_PRIVATE_PHASE_TO_PARTICLE_ROLE_OPERATOR_BRIDGE.md,769a11571397ab07b329152ede64a3bf34fe99e7b2e2684cc1f08ba34d47d310,C:/VS/quantum_phase,f3d26b4b373d72d35856fc7050aa984982a00271,CR060,QP arm report: qp004
qp007_private_role_operator_mass_closure_trial.py,qp_source_code,src/qp007_private_role_operator_mass_closure_trial.py,72d0059df60b1c6634d8ed19dee48e7168f3cb4102338f9932bd24efcc56085f,C:/VS/quantum_phase,f3d26b4b373d72d35856fc7050aa984982a00271,CR061,QP arm source: qp007
qp007_next_frontier.csv,qp_artifact,artifacts/qp007/qp007_next_frontier.csv,374b440ad3cd4b09f0ad04a741b8c650ffd9c87bb0f2c3a66e35fdbc82637c7f,C:/VS/quantum_phase,f3d26b4b373d72d35856fc7050aa984982a00271,CR061,QP arm artifact: qp007
qp007_role_operator_mass_closure_summary.json,qp_artifact,artifacts/qp007/qp007_role_operator_mass_closure_summary.json,44dbfb576554c333b06f187037ffb39ee7cf7c5bbfff304afd450bb40294f49a,C:/VS/quantum_phase,f3d26b4b373d72d35856fc7050aa984982a00271,CR061,QP arm artifact: qp007
qp007_role_operator_mass_closure_trial_table.csv,qp_artifact,artifacts/qp007/qp007_role_operator_mass_closure_trial_table.csv,970c4b33802aa086071611c9c3eeb7f94aa42e82864482be6c518010584f206a,C:/VS/quantum_phase,f3d26b4b373d72d35856fc7050aa984982a00271,CR061,QP arm artifact: qp007
QP007_PRIVATE_ROLE_OPERATOR_MASS_CLOSURE_TRIAL.md,qp_report,docs/reports/QP007_PRIVATE_ROLE_OPERATOR_MASS_CLOSURE_TRIAL.md,74922830578bf9be1afce240f5fdc1f68ba4c1b4e41a77a3ab205cdc598e382b,C:/VS/quantum_phase,f3d26b4b373d72d35856fc7050aa984982a00271,CR060,QP arm report: qp007
qp018_private_role_bridge_to_particle_slot_selector.py,qp_source_code,src/qp018_private_role_bridge_to_particle_slot_selector.py,16e507dbfcf74a5e61ab097179cf31a19becfae245d791e395e559d8c7a3845d,C:/VS/quantum_phase,f3d26b4b373d72d35856fc7050aa984982a00271,CR061,QP arm source: qp018
qp018_next_frontier.csv,qp_artifact,artifacts/qp018/qp018_next_frontier.csv,56602301315a1ebfd0dda814f3932e48672c41b488a7a14072e2bd2df3a9618c,C:/VS/quantum_phase,f3d26b4b373d72d35856fc7050aa984982a00271,CR061,QP arm artifact: qp018
qp018_role_bridge_particle_slot_selector.csv,qp_artifact,artifacts/qp018/qp018_role_bridge_particle_slot_selector.csv,7981a9c2f03f166d4db63da0da9d81af8713a2588bcfc37c77c006ace63fa7e1,C:/VS/quantum_phase,f3d26b4b373d72d35856fc7050aa984982a00271,CR061,QP arm artifact: qp018
qp018_schema.csv,qp_artifact,artifacts/qp018/qp018_schema.csv,8ccc6bb90d3698d42a4b1925a1eeb69367dc67db6d4e31ef697be40cc9715078,C:/VS/quantum_phase,f3d26b4b373d72d35856fc7050aa984982a00271,CR061,QP arm artifact: qp018
qp018_slot_family_summary.csv,qp_artifact,artifacts/qp018/qp018_slot_family_summary.csv,dc691909535f587eaf20d72ce81e896fa8a5b38b8c9b6a39a3ae686450f07b59,C:/VS/quantum_phase,f3d26b4b373d72d35856fc7050aa984982a00271,CR061,QP arm artifact: qp018
qp018_summary.json,qp_artifact,artifacts/qp018/qp018_summary.json,c2e563bb216a1596c9b3dd38316fcb7de010bcf16b5d08eacbc3b86676ac91fd,C:/VS/quantum_phase,f3d26b4b373d72d35856fc7050aa984982a00271,CR061,QP arm artifact: qp018
QP018_PRIVATE_ROLE_BRIDGE_TO_PARTICLE_SLOT_SELECTOR.md,qp_report,docs/reports/QP018_PRIVATE_ROLE_BRIDGE_TO_PARTICLE_SLOT_SELECTOR.md,67730751680dec2360f23400f8b49c186cf852545f8bbf0b48b4be8fa611664d,C:/VS/quantum_phase,f3d26b4b373d72d35856fc7050aa984982a00271,CR060,QP arm report: qp018
qp019_private_particle_slot_to_native_mass_surface_bridge.py,qp_source_code,src/qp019_private_particle_slot_to_native_mass_surface_bridge.py,7b52b4a9e85ba430f1bdf12605ad0298dc830c0e57125f7134aa8af2378f0a97,C:/VS/quantum_phase,f3d26b4b373d72d35856fc7050aa984982a00271,CR061,QP arm source: qp019
qp019_mass_surface_summary.csv,qp_artifact,artifacts/qp019/qp019_mass_surface_summary.csv,2b8abf7b931cabf93802cca5486ea464caa406eeb8ad53a322f4ea5bddf12011,C:/VS/quantum_phase,f3d26b4b373d72d35856fc7050aa984982a00271,CR061,QP arm artifact: qp019
qp019_next_frontier.csv,qp_artifact,artifacts/qp019/qp019_next_frontier.csv,3d16081863ce4da710e84c3f9520049a62153adaac5b95df5750ac1ae628ee17,C:/VS/quantum_phase,f3d26b4b373d72d35856fc7050aa984982a00271,CR061,QP arm artifact: qp019
qp019_particle_slot_native_mass_surface_bridge.csv,qp_artifact,artifacts/qp019/qp019_particle_slot_native_mass_surface_bridge.csv,eb3a7c72d08a955f1e50ceecedd2829660ea43b9580806fc6e80dafbbab99a84,C:/VS/quantum_phase,f3d26b4b373d72d35856fc7050aa984982a00271,CR061,QP arm artifact: qp019
qp019_schema.csv,qp_artifact,artifacts/qp019/qp019_schema.csv,63ae179bf3d7b928067bf4399d9730be05f74bc023d6ec124e1abe1323d4a9cf,C:/VS/quantum_phase,f3d26b4b373d72d35856fc7050aa984982a00271,CR061,QP arm artifact: qp019
qp019_summary.json,qp_artifact,artifacts/qp019/qp019_summary.json,cf56f41caa6220a09b5b2ebca10d109fcecdcd7da9e2c35c055133d709d1b982,C:/VS/quantum_phase,f3d26b4b373d72d35856fc7050aa984982a00271,CR061,QP arm artifact: qp019
QP019_PRIVATE_PARTICLE_SLOT_TO_NATIVE_MASS_SURFACE_BRIDGE.md,qp_report,docs/reports/QP019_PRIVATE_PARTICLE_SLOT_TO_NATIVE_MASS_SURFACE_BRIDGE.md,6f749187e0559428591079c5f815f1c91584c050c64787107803ee1a2da3354d,C:/VS/quantum_phase,f3d26b4b373d72d35856fc7050aa984982a00271,CR060,QP arm report: qp019
qp020_private_qp_to_particle_bridge_readiness_package.py,qp_source_code,src/qp020_private_qp_to_particle_bridge_readiness_package.py,f151e8d7c1505bf1fc013241ef340a9fdab7597bfef25b6c9082e3cd4a551cb4,C:/VS/quantum_phase,f3d26b4b373d72d35856fc7050aa984982a00271,CR061,QP arm source: qp020
qp020_bridge_chain_table.csv,qp_artifact,artifacts/qp020/qp020_bridge_chain_table.csv,9adecf84dc155448e4f00b6fb69738f1e8ab51fd4f51c9226f0257320b2f1a8f,C:/VS/quantum_phase,f3d26b4b373d72d35856fc7050aa984982a00271,CR061,QP arm artifact: qp020
qp020_next_frontier.csv,qp_artifact,artifacts/qp020/qp020_next_frontier.csv,012e66835f0ad0fd0a13e46242faec44bea437ac7b7b2dc3d43ae1eb7955b928,C:/VS/quantum_phase,f3d26b4b373d72d35856fc7050aa984982a00271,CR061,QP arm artifact: qp020
qp020_open_items.csv,qp_artifact,artifacts/qp020/qp020_open_items.csv,76aa9b795325e4937e08190f3a5d85b2d85646f6f989adc53c56277941f08354,C:/VS/quantum_phase,f3d26b4b373d72d35856fc7050aa984982a00271,CR061,QP arm artifact: qp020
qp020_package_manifest.csv,qp_artifact,artifacts/qp020/qp020_package_manifest.csv,a6e6eb5567e01e1fb9fa01fc60d1490fda8304083fef278e39f115c213cfec11,C:/VS/quantum_phase,f3d26b4b373d72d35856fc7050aa984982a00271,CR061,QP arm artifact: qp020
qp020_readiness_summary.json,qp_artifact,artifacts/qp020/qp020_readiness_summary.json,59ffce8d0d8221a3d48ff9f9b88112a0e7e9bfbd04cdbae27c5a70692eea45df,C:/VS/quantum_phase,f3d26b4b373d72d35856fc7050aa984982a00271,CR061,QP arm artifact: qp020
QP020_PRIVATE_QP_TO_PARTICLE_BRIDGE_READINESS_PACKAGE.md,qp_report,docs/reports/QP020_PRIVATE_QP_TO_PARTICLE_BRIDGE_READINESS_PACKAGE.md,86f6f4dd3c78bec5698fd18a69494e60e03686dcc630202dcfb25ad3cb552d68,C:/VS/quantum_phase,f3d26b4b373d72d35856fc7050aa984982a00271,CR060,QP arm report: qp020
qp021_private_charged_lane_bridge.py,qp_source_code,src/qp021_private_charged_lane_bridge.py,b2b915a565641db66a68463df4d03a0ca9f3480412673f419c409eb5e3fe904f,C:/VS/quantum_phase,f3d26b4b373d72d35856fc7050aa984982a00271,CR061,QP arm source: qp021
qp021_charged_particle_mass_bridge.csv,qp_artifact,artifacts/qp021/qp021_charged_particle_mass_bridge.csv,abda0b27242b474ff18a262acebafd3cb4c12bfb771104421918647d622626ad,C:/VS/quantum_phase,f3d26b4b373d72d35856fc7050aa984982a00271,CR061,QP arm artifact: qp021
qp021_charged_route_support.csv,qp_artifact,artifacts/qp021/qp021_charged_route_support.csv,3d9dc6b1b3d28626046b5abb42c6b0bb15045d229874564ea8efc549453bf9c6,C:/VS/quantum_phase,f3d26b4b373d72d35856fc7050aa984982a00271,CR061,QP arm artifact: qp021
qp021_freeze_decision.csv,qp_artifact,artifacts/qp021/qp021_freeze_decision.csv,668fa0b846499fb956138cde7bec34a3a635ced195a774a2d7e212e8a61b752b,C:/VS/quantum_phase,f3d26b4b373d72d35856fc7050aa984982a00271,CR061,QP arm artifact: qp021
qp021_schema.csv,qp_artifact,artifacts/qp021/qp021_schema.csv,bf4bf61269ffd752e680661cb06914933d57e30a6d3b75195adb571e3bd0a479,C:/VS/quantum_phase,f3d26b4b373d72d35856fc7050aa984982a00271,CR061,QP arm artifact: qp021
qp021_summary.json,qp_artifact,artifacts/qp021/qp021_summary.json,ff550e92ce7bc75c84a84c68d80df21180ce3ae3f8e8ca4401bfb3b5a3f1f086,C:/VS/quantum_phase,f3d26b4b373d72d35856fc7050aa984982a00271,CR061,QP arm artifact: qp021
QP021_PRIVATE_CHARGED_LANE_BRIDGE.md,qp_report,docs/reports/QP021_PRIVATE_CHARGED_LANE_BRIDGE.md,1fa8963e5f8e618d2df14ca68dc1d98d18599b2dde6932e8a771432cf9d904d2,C:/VS/quantum_phase,f3d26b4b373d72d35856fc7050aa984982a00271,CR060,QP arm report: qp021
qp023_private_derived_role_to_particle_table_freeze.py,qp_source_code,src/qp023_private_derived_role_to_particle_table_freeze.py,116044a4195164e673ab1149b4d3d36390c3b1df61095ecc5f35be8c586bc7e1,C:/VS/quantum_phase,f3d26b4b373d72d35856fc7050aa984982a00271,CR061,QP arm source: qp023
qp023_derived_particle_table_freeze.csv,qp_artifact,artifacts/qp023/qp023_derived_particle_table_freeze.csv,0f06283d49574d74bfaf24488a8b8591744b13d3fa130ae459711463daed6fb2,C:/VS/quantum_phase,f3d26b4b373d72d35856fc7050aa984982a00271,CR061,QP arm artifact: qp023
qp023_frozen_mass_surface_table.csv,qp_artifact,artifacts/qp023/qp023_frozen_mass_surface_table.csv,6cc2171ce60d4015fe825ef634b531e933622db5f6242ddceb817dc48dc3b033,C:/VS/quantum_phase,f3d26b4b373d72d35856fc7050aa984982a00271,CR061,QP arm artifact: qp023
qp023_lane_counts.csv,qp_artifact,artifacts/qp023/qp023_lane_counts.csv,01190e4813044ddea5b00ece5383c8593fca7afe87124814d478c8baae4e818a,C:/VS/quantum_phase,f3d26b4b373d72d35856fc7050aa984982a00271,CR061,QP arm artifact: qp023
qp023_next_frontier.csv,qp_artifact,artifacts/qp023/qp023_next_frontier.csv,b951d25f45a369946724797c17cc3180cb3fd934ca3b03ccd4fa27978abe8a60,C:/VS/quantum_phase,f3d26b4b373d72d35856fc7050aa984982a00271,CR061,QP arm artifact: qp023
qp023_open_slot_inventory.csv,qp_artifact,artifacts/qp023/qp023_open_slot_inventory.csv,a5f2388e92b86154ad92d6be33dd3f22d5e30231a1e1590ce2e678fd7e10452c,C:/VS/quantum_phase,f3d26b4b373d72d35856fc7050aa984982a00271,CR061,QP arm artifact: qp023
qp023_preflight.md,qp_artifact,artifacts/qp023/qp023_preflight.md,1bf1858a800ffed4a3e0b070624f04c2873d262ef3e912c354b1d23e09022659,C:/VS/quantum_phase,f3d26b4b373d72d35856fc7050aa984982a00271,CR061,QP arm artifact: qp023
qp023_schema.csv,qp_artifact,artifacts/qp023/qp023_schema.csv,be703a46836610cf7e63765a603aa4ecc35cebc7f7a64b59379281d74f32ebb4,C:/VS/quantum_phase,f3d26b4b373d72d35856fc7050aa984982a00271,CR061,QP arm artifact: qp023
qp023_summary.json,qp_artifact,artifacts/qp023/qp023_summary.json,d4e7c6449a247569b5f42f0563e607b43467979db4cf16821e5a530b230b8601,C:/VS/quantum_phase,f3d26b4b373d72d35856fc7050aa984982a00271,CR061,QP arm artifact: qp023
QP023_PRIVATE_DERIVED_ROLE_TO_PARTICLE_TABLE_FREEZE.md,qp_report,docs/reports/QP023_PRIVATE_DERIVED_ROLE_TO_PARTICLE_TABLE_FREEZE.md,a97a0569a2145fb737afb7b151ac769794b6ddabc29820eec3eb7d57b51c398b,C:/VS/quantum_phase,f3d26b4b373d72d35856fc7050aa984982a00271,CR060,QP arm report: qp023
qp037_private_particle_identity_closure_freeze.py,qp_source_code,src/qp037_private_particle_identity_closure_freeze.py,a642e52ed33dfe1ff9b62cf232be69f37c9b2737199d9113f8f3f5fd7df3f5cc,C:/VS/quantum_phase,f3d26b4b373d72d35856fc7050aa984982a00271,CR061,QP arm source: qp037
qp037_freeze_decision_table.csv,qp_artifact,artifacts/qp037/qp037_freeze_decision_table.csv,41753c1ef59e719fba162c0b4ce75073249cb08b67251d13881033d7b85e261d,C:/VS/quantum_phase,f3d26b4b373d72d35856fc7050aa984982a00271,CR061,QP arm artifact: qp037
qp037_held_open_identity_table.csv,qp_artifact,artifacts/qp037/qp037_held_open_identity_table.csv,985dcc186eaa90fda23bc67dfca8ad33f53e710b4d3e5b14c296006585195fb0,C:/VS/quantum_phase,f3d26b4b373d72d35856fc7050aa984982a00271,CR061,QP arm artifact: qp037
qp037_next_frontier.csv,qp_artifact,artifacts/qp037/qp037_next_frontier.csv,774efac85e78c9ebd43e34202657e1e95613a79b27d338567d02f277c7fb8d93,C:/VS/quantum_phase,f3d26b4b373d72d35856fc7050aa984982a00271,CR061,QP arm artifact: qp037
qp037_particle_identity_freeze_table.csv,qp_artifact,artifacts/qp037/qp037_particle_identity_freeze_table.csv,0914bad7865bfce0bdd2403596aecd15adda8b27c03ab53cc03418ff16de2141,C:/VS/quantum_phase,f3d26b4b373d72d35856fc7050aa984982a00271,CR061,QP arm artifact: qp037
qp037_preflight.md,qp_artifact,artifacts/qp037/qp037_preflight.md,4db9df7cd689e695fc69d79392cb43d93d35507f71000fa381fcd13f3ad71810,C:/VS/quantum_phase,f3d26b4b373d72d35856fc7050aa984982a00271,CR061,QP arm artifact: qp037
qp037_promoted_identity_table.csv,qp_artifact,artifacts/qp037/qp037_promoted_identity_table.csv,eb63e8db1095f9d82bc812a9251cb88314a4970d4ac4b907cc4030cd33521d71,C:/VS/quantum_phase,f3d26b4b373d72d35856fc7050aa984982a00271,CR061,QP arm artifact: qp037
qp037_schema.csv,qp_artifact,artifacts/qp037/qp037_schema.csv,0084be971d0a5dd9ff07dff5c7392156505dffdf80f3559128c6159d50a4b43e,C:/VS/quantum_phase,f3d26b4b373d72d35856fc7050aa984982a00271,CR061,QP arm artifact: qp037
qp037_summary.json,qp_artifact,artifacts/qp037/qp037_summary.json,916dcc85d0467c5452e6112a8b114e792a1d94de72990ec2e116626c5f0a2024,C:/VS/quantum_phase,f3d26b4b373d72d35856fc7050aa984982a00271,CR061,QP arm artifact: qp037
QP037_PRIVATE_PARTICLE_IDENTITY_CLOSURE_FREEZE.md,qp_report,docs/reports/QP037_PRIVATE_PARTICLE_IDENTITY_CLOSURE_FREEZE.md,c181313de6d138c22f745f7b7ef64b20f71cb0f2fa6611786431473542ff383a,C:/VS/quantum_phase,f3d26b4b373d72d35856fc7050aa984982a00271,CR060,QP arm report: qp037
qp040_private_native_binding_residue_operator.py,qp_source_code,src/qp040_private_native_binding_residue_operator.py,b1ccd843595701fe95477173512d19bd939f5b6c3abdf31a4ba60edc7a872b07,C:/VS/quantum_phase,f3d26b4b373d72d35856fc7050aa984982a00271,CR061,QP arm source: qp040
qp040_binding_residue_operator_table.csv,qp_artifact,artifacts/qp040/qp040_binding_residue_operator_table.csv,0556f0d0914cd1c5b039da653301f72eeed634c9e7e936fd6ebad5615b95ea0e,C:/VS/quantum_phase,f3d26b4b373d72d35856fc7050aa984982a00271,CR061,QP arm artifact: qp040
qp040_decision_table.csv,qp_artifact,artifacts/qp040/qp040_decision_table.csv,b8885bb2c461bed3edaa37e29ac7ae9a10171d30e0e45cb8efecd97747e979f3,C:/VS/quantum_phase,f3d26b4b373d72d35856fc7050aa984982a00271,CR061,QP arm artifact: qp040
qp040_next_frontier.csv,qp_artifact,artifacts/qp040/qp040_next_frontier.csv,c05356d130ec233d1c8b41a704f7e625724b2245804da961371c79dff76ea109,C:/VS/quantum_phase,f3d26b4b373d72d35856fc7050aa984982a00271,CR061,QP arm artifact: qp040
qp040_preflight.md,qp_artifact,artifacts/qp040/qp040_preflight.md,feb681d6664170129c0287b44027121cd5f30a8a1ae383bcab65e4d21f607c00,C:/VS/quantum_phase,f3d26b4b373d72d35856fc7050aa984982a00271,CR061,QP arm artifact: qp040
qp040_residue_class_summary.csv,qp_artifact,artifacts/qp040/qp040_residue_class_summary.csv,345a9aa58c0b0b54f37de72bc3b44f15f99488978e2956350de6f7ed49425e89,C:/VS/quantum_phase,f3d26b4b373d72d35856fc7050aa984982a00271,CR061,QP arm artifact: qp040
qp040_scaffold_fill_handoff_table.csv,qp_artifact,artifacts/qp040/qp040_scaffold_fill_handoff_table.csv,03a8d85c76c24a771907c07c193dab2395695e60a8555ac047d60382769d56c2,C:/VS/quantum_phase,f3d26b4b373d72d35856fc7050aa984982a00271,CR061,QP arm artifact: qp040
qp040_schema.csv,qp_artifact,artifacts/qp040/qp040_schema.csv,e4d033e6c77d13645769fa4f7b2f121be3fe552f8bc61a1c4b79f3f332f65128,C:/VS/quantum_phase,f3d26b4b373d72d35856fc7050aa984982a00271,CR061,QP arm artifact: qp040
qp040_summary.json,qp_artifact,artifacts/qp040/qp040_summary.json,f1ca5bbd0e1366a257e522cba4bf28613717747b698c159df8718d4703ed8367,C:/VS/quantum_phase,f3d26b4b373d72d35856fc7050aa984982a00271,CR061,QP arm artifact: qp040
qp040_support_row_replay_without_observed_mass.csv,qp_artifact,artifacts/qp040/qp040_support_row_replay_without_observed_mass.csv,1f82e7b6995341334678ae7e239f6de35ce703dd5177e326ddd085332a874fae,C:/VS/quantum_phase,f3d26b4b373d72d35856fc7050aa984982a00271,CR061,QP arm artifact: qp040
QP040_PRIVATE_NATIVE_BINDING_RESIDUE_OPERATOR.md,qp_report,docs/reports/QP040_PRIVATE_NATIVE_BINDING_RESIDUE_OPERATOR.md,8ba4a8d8f07b8904a91c2ca2ae74374974ebc6074bfa8fea73db703d0a8011f6,C:/VS/quantum_phase,f3d26b4b373d72d35856fc7050aa984982a00271,CR060,QP arm report: qp040
qp050_private_symmetric_isotope_seed_mass_readout.py,qp_source_code,src/qp050_private_symmetric_isotope_seed_mass_readout.py,7e10ed1ad197298ea8525a780b445aa16fe7d89c826d97a0b9c6b40a1ff2437f,C:/VS/quantum_phase,f3d26b4b373d72d35856fc7050aa984982a00271,CR061,QP arm source: qp050
qp050_decision_table.csv,qp_artifact,artifacts/qp050/qp050_decision_table.csv,e07cf1d5f1e3b2f09ac559b82f4c5e1414584c714a960a424955a0e67c652972,C:/VS/quantum_phase,f3d26b4b373d72d35856fc7050aa984982a00271,CR061,QP arm artifact: qp050
qp050_neutron_excess_frontier_table.csv,qp_artifact,artifacts/qp050/qp050_neutron_excess_frontier_table.csv,1dba1e80ee373c5b8112371445c304ca3a027d547da9983b6f3cbb8d07f571df,C:/VS/quantum_phase,f3d26b4b373d72d35856fc7050aa984982a00271,CR061,QP arm artifact: qp050
qp050_next_frontier.csv,qp_artifact,artifacts/qp050/qp050_next_frontier.csv,a382e67950b083e80773467109370c653f388c18a2af311f41fc5e2f3e784877,C:/VS/quantum_phase,f3d26b4b373d72d35856fc7050aa984982a00271,CR061,QP arm artifact: qp050
qp050_preflight.md,qp_artifact,artifacts/qp050/qp050_preflight.md,042ea870dacfc00babcc74e3cdd4e90ead2198b92ab16303bdcfa28734407866,C:/VS/quantum_phase,f3d26b4b373d72d35856fc7050aa984982a00271,CR061,QP arm artifact: qp050
qp050_schema.csv,qp_artifact,artifacts/qp050/qp050_schema.csv,7a75234191745f5e74bd95e4e859af8766c2b5439d49b1acb1ee8465808ff3e1,C:/VS/quantum_phase,f3d26b4b373d72d35856fc7050aa984982a00271,CR061,QP arm artifact: qp050
qp050_seed_mass_family_summary_table.csv,qp_artifact,artifacts/qp050/qp050_seed_mass_family_summary_table.csv,36fa74c53d2ebf0c5eeef7ed945f216c0fd8d11b7726ae69376bb472ef626f7b,C:/VS/quantum_phase,f3d26b4b373d72d35856fc7050aa984982a00271,CR061,QP arm artifact: qp050
qp050_summary.json,qp_artifact,artifacts/qp050/qp050_summary.json,b7d8dc18868c0add508cde48f345017ca5837a62a209ce4f049a25b1559c5d21,C:/VS/quantum_phase,f3d26b4b373d72d35856fc7050aa984982a00271,CR061,QP arm artifact: qp050
qp050_symmetric_seed_mass_readout_table.csv,qp_artifact,artifacts/qp050/qp050_symmetric_seed_mass_readout_table.csv,e3526401c6a6c57c7e0526ea5478c17ea000aa932038e85fe89538fcc35deb93,C:/VS/quantum_phase,f3d26b4b373d72d35856fc7050aa984982a00271,CR061,QP arm artifact: qp050
QP050_PRIVATE_SYMMETRIC_ISOTOPE_SEED_MASS_READOUT.md,qp_report,docs/reports/QP050_PRIVATE_SYMMETRIC_ISOTOPE_SEED_MASS_READOUT.md,9089a30ab1b8528d1d86a624c3134859dc6a4c6f1dae3d5f5d48fcc0097a2d20,C:/VS/quantum_phase,f3d26b4b373d72d35856fc7050aa984982a00271,CR060,QP arm report: qp050
qp052_private_numeric_deltaN_binding_mass_selector.py,qp_source_code,src/qp052_private_numeric_deltaN_binding_mass_selector.py,a2727b4a0523773530904b3162c4c7536e59123c363ecd51dfcf28febe40fdce,C:/VS/quantum_phase,f3d26b4b373d72d35856fc7050aa984982a00271,CR061,QP arm source: qp052
qp052_decision_table.csv,qp_artifact,artifacts/qp052/qp052_decision_table.csv,7ecdc734d47d6fa5bc7963119480052287ffa529067c6a434ad0bde973992a45,C:/VS/quantum_phase,f3d26b4b373d72d35856fc7050aa984982a00271,CR061,QP arm artifact: qp052
qp052_depth_packet_summary_table.csv,qp_artifact,artifacts/qp052/qp052_depth_packet_summary_table.csv,cb3897a6daf58f4bef7209b474945ca337478f883ca1a18cd0aea257c2fc696f,C:/VS/quantum_phase,f3d26b4b373d72d35856fc7050aa984982a00271,CR061,QP arm artifact: qp052
qp052_lane_mass_summary_table.csv,qp_artifact,artifacts/qp052/qp052_lane_mass_summary_table.csv,00471463c14d060734c0c8f5f691c2174c40dffa0967e4a33b606d72856ce45a,C:/VS/quantum_phase,f3d26b4b373d72d35856fc7050aa984982a00271,CR061,QP arm artifact: qp052
qp052_next_frontier.csv,qp_artifact,artifacts/qp052/qp052_next_frontier.csv,47b96e04658ff73180fe51b207e2407ccb725c177290f7c2d09daf39eb754745,C:/VS/quantum_phase,f3d26b4b373d72d35856fc7050aa984982a00271,CR061,QP arm artifact: qp052
qp052_numeric_deltaN_binding_mass_table.csv,qp_artifact,artifacts/qp052/qp052_numeric_deltaN_binding_mass_table.csv,4b39e18f8b4f350c11837db5b90e47fca5ecfcf56d40c81075634bdbf9898b13,C:/VS/quantum_phase,f3d26b4b373d72d35856fc7050aa984982a00271,CR061,QP arm artifact: qp052
qp052_preflight.md,qp_artifact,artifacts/qp052/qp052_preflight.md,d8ad387d47402599fbe85c31ada2cae41e4350f14756af369a13cc4f3ef26ce6,C:/VS/quantum_phase,f3d26b4b373d72d35856fc7050aa984982a00271,CR061,QP arm artifact: qp052
qp052_schema.csv,qp_artifact,artifacts/qp052/qp052_schema.csv,fb95789476a1e096aca1e8de5cabb62c8e58a5de660e890c81907c85340f8606,C:/VS/quantum_phase,f3d26b4b373d72d35856fc7050aa984982a00271,CR061,QP arm artifact: qp052
qp052_summary.json,qp_artifact,artifacts/qp052/qp052_summary.json,846c923bd1f276f3a78ab54c700762725329de3c2e4d03cc5458e7b5230cb852,C:/VS/quantum_phase,f3d26b4b373d72d35856fc7050aa984982a00271,CR061,QP arm artifact: qp052
QP052_PRIVATE_NUMERIC_DELTA_N_AND_BINDING_MASS_SELECTOR.md,qp_report,docs/reports/QP052_PRIVATE_NUMERIC_DELTA_N_AND_BINDING_MASS_SELECTOR.md,94694a7cfbfaeca178f9f4644b1d9777ba24988a08c89e00c62c5bccadae80ba,C:/VS/quantum_phase,f3d26b4b373d72d35856fc7050aa984982a00271,CR060,QP arm report: qp052
qp062_private_full_lattice_meson_binding_readout_selector.py,qp_source_code,src/qp062_private_full_lattice_meson_binding_readout_selector.py,6f690dcccae1b9bdff966d0323cd4c3ca5d387c09ed8d4b8160f95f6f203d0be,C:/VS/quantum_phase,f3d26b4b373d72d35856fc7050aa984982a00271,CR061,QP arm source: qp062
qp062_decision_table.csv,qp_artifact,artifacts/qp062/qp062_decision_table.csv,75e3e550115dd0929c81953f7bd934a9a7a0130e8291645ac4120fb44e683445,C:/VS/quantum_phase,f3d26b4b373d72d35856fc7050aa984982a00271,CR061,QP arm artifact: qp062
qp062_full_lattice_binding_readout_table.csv,qp_artifact,artifacts/qp062/qp062_full_lattice_binding_readout_table.csv,5be069ef49bea2b209badbaa4aff7784df2dd59b30d84f0a6c3b7f20be426d8c,C:/VS/quantum_phase,f3d26b4b373d72d35856fc7050aa984982a00271,CR061,QP arm artifact: qp062
qp062_meson_boundary_delta_table.csv,qp_artifact,artifacts/qp062/qp062_meson_boundary_delta_table.csv,4103d1ae26688788afcb3ea85ec970477ca2747bbb641986ca250866f4096645,C:/VS/quantum_phase,f3d26b4b373d72d35856fc7050aa984982a00271,CR061,QP arm artifact: qp062
qp062_next_frontier.csv,qp_artifact,artifacts/qp062/qp062_next_frontier.csv,21aaf8313441c564004eb4dc24f742521589d4baaf4f8c77aa0242f1bb56b9f6,C:/VS/quantum_phase,f3d26b4b373d72d35856fc7050aa984982a00271,CR061,QP arm artifact: qp062
qp062_preflight.md,qp_artifact,artifacts/qp062/qp062_preflight.md,70bf76760065a71ae3da2e997f3786f1fb34b6c7a9b0e004f44c39f3be8bf89e,C:/VS/quantum_phase,f3d26b4b373d72d35856fc7050aa984982a00271,CR061,QP arm artifact: qp062
qp062_remaining_boundary_table.csv,qp_artifact,artifacts/qp062/qp062_remaining_boundary_table.csv,fe6b79f1cf4ac62a124b216d0d981855be74e04c7cb1d3e78798f3c4881a6995,C:/VS/quantum_phase,f3d26b4b373d72d35856fc7050aa984982a00271,CR061,QP arm artifact: qp062
qp062_residue_selector_table.csv,qp_artifact,artifacts/qp062/qp062_residue_selector_table.csv,bb420b5dac91b84d59b327932548539754e4fa2d4bf972694ac46a928fd85343,C:/VS/quantum_phase,f3d26b4b373d72d35856fc7050aa984982a00271,CR061,QP arm artifact: qp062
qp062_schema.csv,qp_artifact,artifacts/qp062/qp062_schema.csv,3984b9159aa54b5e0dc7762b43c0516a4a0c3d0461b8fc1d31a52f77b872d30f,C:/VS/quantum_phase,f3d26b4b373d72d35856fc7050aa984982a00271,CR061,QP arm artifact: qp062
qp062_summary.json,qp_artifact,artifacts/qp062/qp062_summary.json,e4a5352b0d6fb73563546e0224e94da21723b762033558cfb2bf63e2fb46e9fe,C:/VS/quantum_phase,f3d26b4b373d72d35856fc7050aa984982a00271,CR061,QP arm artifact: qp062
QP062_PRIVATE_FULL_LATTICE_MESON_BINDING_READOUT_SELECTOR.md,qp_report,docs/reports/QP062_PRIVATE_FULL_LATTICE_MESON_BINDING_READOUT_SELECTOR.md,9432c2fc0f43efca89ce0960a5eaa8dc5ea2688c887f4f6c0dfc334f714f7986,C:/VS/quantum_phase,f3d26b4b373d72d35856fc7050aa984982a00271,CR060,QP arm report: qp062
qp063_private_phase4_freeze_refresh_post_qp062.py,qp_source_code,src/qp063_private_phase4_freeze_refresh_post_qp062.py,4b749d4f24258d7d7bdcf15dfb40727a339ac803656e3c2208f6c3291130b362,C:/VS/quantum_phase,f3d26b4b373d72d35856fc7050aa984982a00271,CR061,QP arm source: qp063
qp063_decision_table.csv,qp_artifact,artifacts/qp063/qp063_decision_table.csv,e07968a87474c6b91952b679f2f6ce94eef7f490336bafebcd219e87375789a5,C:/VS/quantum_phase,f3d26b4b373d72d35856fc7050aa984982a00271,CR061,QP arm artifact: qp063
qp063_next_frontier.csv,qp_artifact,artifacts/qp063/qp063_next_frontier.csv,1f2ac8ea56090fced5eb02da7ced017e5334c3da4c5de65329d39459133d5f06,C:/VS/quantum_phase,f3d26b4b373d72d35856fc7050aa984982a00271,CR061,QP arm artifact: qp063
qp063_preflight.md,qp_artifact,artifacts/qp063/qp063_preflight.md,b5ec49dbe14ef397a68c5bc4e9e428e8c7c8b0898a309f1c29644bf9e7c1c6e8,C:/VS/quantum_phase,f3d26b4b373d72d35856fc7050aa984982a00271,CR061,QP arm artifact: qp063
qp063_refreshed_blank_registry_table.csv,qp_artifact,artifacts/qp063/qp063_refreshed_blank_registry_table.csv,746fb387c8ba3def7f3912444922bd9c9b9cfd373326920f275dbf6d5997bcb2,C:/VS/quantum_phase,f3d26b4b373d72d35856fc7050aa984982a00271,CR061,QP arm artifact: qp063
qp063_refreshed_freeze_summary_table.csv,qp_artifact,artifacts/qp063/qp063_refreshed_freeze_summary_table.csv,d92080993409eed4ce93a0abdf265f8333adeb50a58a4b7542fb67dc7efb5028,C:/VS/quantum_phase,f3d26b4b373d72d35856fc7050aa984982a00271,CR061,QP arm artifact: qp063
qp063_schema.csv,qp_artifact,artifacts/qp063/qp063_schema.csv,ce93db63ca9b75d228be78d8d9f40441717bebe35bf380097890e1eddcdf421f,C:/VS/quantum_phase,f3d26b4b373d72d35856fc7050aa984982a00271,CR061,QP arm artifact: qp063
qp063_summary.json,qp_artifact,artifacts/qp063/qp063_summary.json,952801d450243fa39c81ace66246dc821bd1f4da3a2e9b508a1036542a1ca543,C:/VS/quantum_phase,f3d26b4b373d72d35856fc7050aa984982a00271,CR061,QP arm artifact: qp063
QP063_PRIVATE_PHASE4_FREEZE_REFRESH_POST_QP062.md,qp_report,docs/reports/QP063_PRIVATE_PHASE4_FREEZE_REFRESH_POST_QP062.md,e45fd97823a8404a944f9ec6f8b6016e354cf014f1002359f2376b94f4cd0f88,C:/VS/quantum_phase,f3d26b4b373d72d35856fc7050aa984982a00271,CR060,QP arm report: qp063
qp064_private_gauge_boson_surface_extension.py,qp_source_code,src/qp064_private_gauge_boson_surface_extension.py,74fb87d981fe524a545ba4baaffcfadd62dd54524c0b0e2c5cc32fd9b112aa56,C:/VS/quantum_phase,f3d26b4b373d72d35856fc7050aa984982a00271,CR061,QP arm source: qp064
qp064_decision_table.csv,qp_artifact,artifacts/qp064/qp064_decision_table.csv,5f6df47347106151a8016582a9264e8ad59ff71d9c024018a3ba9fa9d7e8471e,C:/VS/quantum_phase,f3d26b4b373d72d35856fc7050aa984982a00271,CR061,QP arm artifact: qp064
qp064_extended_elementary_surface_table.csv,qp_artifact,artifacts/qp064/qp064_extended_elementary_surface_table.csv,28eee8c02a16844d77f1faf80d0e4ea22fe06493e3c58540ad1cca095791e530,C:/VS/quantum_phase,f3d26b4b373d72d35856fc7050aa984982a00271,CR061,QP arm artifact: qp064
qp064_gauge_boson_row_table.csv,qp_artifact,artifacts/qp064/qp064_gauge_boson_row_table.csv,7cd16a8bbb896142bab40d98f2622898300629830b6354f1974c299a243dceaf,C:/VS/quantum_phase,f3d26b4b373d72d35856fc7050aa984982a00271,CR061,QP arm artifact: qp064
qp064_next_frontier.csv,qp_artifact,artifacts/qp064/qp064_next_frontier.csv,fd46cd4fb750704b036f6fecbf050ef8817d6423a32fda866d361a1c377c1dc8,C:/VS/quantum_phase,f3d26b4b373d72d35856fc7050aa984982a00271,CR061,QP arm artifact: qp064
qp064_preflight.md,qp_artifact,artifacts/qp064/qp064_preflight.md,0b051e80e2fe0686a0c5b1e24c538f492b0a42e01c8e8dc060da3e788af88c9c,C:/VS/quantum_phase,f3d26b4b373d72d35856fc7050aa984982a00271,CR061,QP arm artifact: qp064
qp064_role_operator_reference_table.csv,qp_artifact,artifacts/qp064/qp064_role_operator_reference_table.csv,4b0e9474f7baa84c456983f297308b325f3dd58e7c1745305bf7231b1636d116,C:/VS/quantum_phase,f3d26b4b373d72d35856fc7050aa984982a00271,CR061,QP arm artifact: qp064
qp064_schema.csv,qp_artifact,artifacts/qp064/qp064_schema.csv,4617702f13bae7e5bf7e87a3e31da8d8a920fd76891c47d90931f4fbd24fa6c1,C:/VS/quantum_phase,f3d26b4b373d72d35856fc7050aa984982a00271,CR061,QP arm artifact: qp064
qp064_summary.json,qp_artifact,artifacts/qp064/qp064_summary.json,24e1e88e64701aa37c5c41bf56eb064b1f34dc1944aa1935cae11a43756eecec,C:/VS/quantum_phase,f3d26b4b373d72d35856fc7050aa984982a00271,CR061,QP arm artifact: qp064
QP064_PRIVATE_GAUGE_BOSON_SURFACE_EXTENSION.md,qp_report,docs/reports/QP064_PRIVATE_GAUGE_BOSON_SURFACE_EXTENSION.md,6820d18bf72975f26c2c912ee70c98bb0b1aeeeae5f4ffe6ad9456fa36a17835,C:/VS/quantum_phase,f3d26b4b373d72d35856fc7050aa984982a00271,CR060,QP arm report: qp064
qp065_private_same_flavor_quarkonium_frontier_coordinates.py,qp_source_code,src/qp065_private_same_flavor_quarkonium_frontier_coordinates.py,bf5d7147067ee4b80f296371186d415c97ab286b8f108da7b582288818cf86b1,C:/VS/quantum_phase,f3d26b4b373d72d35856fc7050aa984982a00271,CR061,QP arm source: qp065
qp065_decision_table.csv,qp_artifact,artifacts/qp065/qp065_decision_table.csv,29688d530d452c5e2816be1bd9d56597de1df66497970ec81729043069a13992,C:/VS/quantum_phase,f3d26b4b373d72d35856fc7050aa984982a00271,CR061,QP arm artifact: qp065
qp065_next_frontier.csv,qp_artifact,artifacts/qp065/qp065_next_frontier.csv,94f28ac6b631f54ce97f955a1c4f433864af5551bd6c56002aeec5cc1caecd96,C:/VS/quantum_phase,f3d26b4b373d72d35856fc7050aa984982a00271,CR061,QP arm artifact: qp065
qp065_preflight.md,qp_artifact,artifacts/qp065/qp065_preflight.md,13e14b49384804dde39735d1badeeb036e43b9ffd1f6c3fc1dc99be2d502e2ce,C:/VS/quantum_phase,f3d26b4b373d72d35856fc7050aa984982a00271,CR061,QP arm artifact: qp065
qp065_same_flavor_quarkonium_frontier_table.csv,qp_artifact,artifacts/qp065/qp065_same_flavor_quarkonium_frontier_table.csv,6f2e7adc1c6473d04b4350232ac5e17840b4658edd5344295908e9c0910d1450,C:/VS/quantum_phase,f3d26b4b373d72d35856fc7050aa984982a00271,CR061,QP arm artifact: qp065
qp065_schema.csv,qp_artifact,artifacts/qp065/qp065_schema.csv,59087067b68a69941c48d317abbdda5e3db0f658219550bd6cfbd140b6bafd64,C:/VS/quantum_phase,f3d26b4b373d72d35856fc7050aa984982a00271,CR061,QP arm artifact: qp065
qp065_self_neutral_role_operator_template_table.csv,qp_artifact,artifacts/qp065/qp065_self_neutral_role_operator_template_table.csv,9a6401a212baede24f0b517dfb7b93a6e573240af22672bf77f8c1dcb0a474cd,C:/VS/quantum_phase,f3d26b4b373d72d35856fc7050aa984982a00271,CR061,QP arm artifact: qp065
qp065_summary.json,qp_artifact,artifacts/qp065/qp065_summary.json,434edaf2d7bf5d9bfc0d2fee28a31b6c3a83eaf5a265dde5587569e78804095a,C:/VS/quantum_phase,f3d26b4b373d72d35856fc7050aa984982a00271,CR061,QP arm artifact: qp065
QP065_PRIVATE_SAME_FLAVOR_QUARKONIUM_FRONTIER_COORDINATES.md,qp_report,docs/reports/QP065_PRIVATE_SAME_FLAVOR_QUARKONIUM_FRONTIER_COORDINATES.md,0d9a845c2531c7f1b25c2c333c12bd86686bb1eb4c51f5e0cb37530b6e079236,C:/VS/quantum_phase,f3d26b4b373d72d35856fc7050aa984982a00271,CR060,QP arm report: qp065
qp066_private_phase4_final_freeze_with_parent_linkage.py,qp_source_code,src/qp066_private_phase4_final_freeze_with_parent_linkage.py,83f90701ab1332f06cadb80c0a833811e1bf04297cc23ffe8b7de3e73ea748c8,C:/VS/quantum_phase,f3d26b4b373d72d35856fc7050aa984982a00271,CR061,QP arm source: qp066
qp066_decision_table.csv,qp_artifact,artifacts/qp066/qp066_decision_table.csv,ba1135ad23df256f9ecb4a60635c5d0db1eae54cf311fb6cd6bc215d26ae682e,C:/VS/quantum_phase,f3d26b4b373d72d35856fc7050aa984982a00271,CR061,QP arm artifact: qp066
qp066_final_blank_registry_table.csv,qp_artifact,artifacts/qp066/qp066_final_blank_registry_table.csv,cbd0cc5ead1b5959e1fb4f08ade7860e1dd5c2d9d28f4d0450935a40d73210f3,C:/VS/quantum_phase,f3d26b4b373d72d35856fc7050aa984982a00271,CR061,QP arm artifact: qp066
qp066_final_freeze_summary_table.csv,qp_artifact,artifacts/qp066/qp066_final_freeze_summary_table.csv,79cc4fd33ec85091de5b6bb09f664c52656049239a172b24a8c75944c015ede8,C:/VS/quantum_phase,f3d26b4b373d72d35856fc7050aa984982a00271,CR061,QP arm artifact: qp066
qp066_next_frontier.csv,qp_artifact,artifacts/qp066/qp066_next_frontier.csv,ad86ecb6e85567cf5764667bbd835a8636610a2014cad9dac7ccc15497da9fef,C:/VS/quantum_phase,f3d26b4b373d72d35856fc7050aa984982a00271,CR061,QP arm artifact: qp066
qp066_parent_linkage_ledger.csv,qp_artifact,artifacts/qp066/qp066_parent_linkage_ledger.csv,4129ca67edbe514af159ead09030780c5d83650bfa646ee9fbd12eefe2791716,C:/VS/quantum_phase,f3d26b4b373d72d35856fc7050aa984982a00271,CR061,QP arm artifact: qp066
qp066_preflight.md,qp_artifact,artifacts/qp066/qp066_preflight.md,29dc6fb8ed49e5853cc34d46d5c3fa839ec4d5b6457efb46db68adba7f2f4ea5,C:/VS/quantum_phase,f3d26b4b373d72d35856fc7050aa984982a00271,CR061,QP arm artifact: qp066
qp066_schema.csv,qp_artifact,artifacts/qp066/qp066_schema.csv,a870215baac3643beeb4db1972edf03ed637e14607ec1631bc8c8df0cf377954,C:/VS/quantum_phase,f3d26b4b373d72d35856fc7050aa984982a00271,CR061,QP arm artifact: qp066
qp066_summary.json,qp_artifact,artifacts/qp066/qp066_summary.json,d2007bea95f2015e58c5e5c6a3f87dfbb12cbdc2ec99cb17885028cd6d2e0e82,C:/VS/quantum_phase,f3d26b4b373d72d35856fc7050aa984982a00271,CR061,QP arm artifact: qp066
QP066_PRIVATE_PHASE4_FINAL_FREEZE_WITH_PARENT_LINKAGE.md,qp_report,docs/reports/QP066_PRIVATE_PHASE4_FINAL_FREEZE_WITH_PARENT_LINKAGE.md,40f261a8ff4e370d2d7bfe6625b271dbce3b3d97c3ebff2ed1bd347cd6978801,C:/VS/quantum_phase,f3d26b4b373d72d35856fc7050aa984982a00271,CR060,QP arm report: qp066
qp067_private_heavy_composite_role_operator_enumerator.py,qp_source_code,src/qp067_private_heavy_composite_role_operator_enumerator.py,f009847421b4b92b46dc571e315255f35699be4984e8ba22e9bcb2ddd66c78aa,C:/VS/quantum_phase,f3d26b4b373d72d35856fc7050aa984982a00271,CR061,QP arm source: qp067
qp067_carrier_feature_classifier.csv,qp_artifact,artifacts/qp067/qp067_carrier_feature_classifier.csv,b6c9d5e2f6ae84a6adf13a1e66e104aa8aa12ee53a17e1a415afaa907aa1605b,C:/VS/quantum_phase,f3d26b4b373d72d35856fc7050aa984982a00271,CR061,QP arm artifact: qp067
qp067_decision_table.csv,qp_artifact,artifacts/qp067/qp067_decision_table.csv,24e61916af75acf7dbf4562d87654ce0fe2992598022ee75b06960a9444841c0,C:/VS/quantum_phase,f3d26b4b373d72d35856fc7050aa984982a00271,CR061,QP arm artifact: qp067
qp067_existing_role_operator_coverage.csv,qp_artifact,artifacts/qp067/qp067_existing_role_operator_coverage.csv,0f524430f918df7484055293bec70d81c0431c1ff4a4bdb24a5113c2bb31bcfe,C:/VS/quantum_phase,f3d26b4b373d72d35856fc7050aa984982a00271,CR061,QP arm artifact: qp067
qp067_heavy_composite_target_enumeration.csv,qp_artifact,artifacts/qp067/qp067_heavy_composite_target_enumeration.csv,fc12ccc93395135ac04ce7bf79702f09eaf3c37145cd2a17656a6ef172c1e0c1,C:/VS/quantum_phase,f3d26b4b373d72d35856fc7050aa984982a00271,CR061,QP arm artifact: qp067
qp067_next_frontier.csv,qp_artifact,artifacts/qp067/qp067_next_frontier.csv,d472d9d06816d5379a0f19a651694ade86c0a17eb5d28df94efc342f55a7c99f,C:/VS/quantum_phase,f3d26b4b373d72d35856fc7050aa984982a00271,CR061,QP arm artifact: qp067
qp067_preflight.md,qp_artifact,artifacts/qp067/qp067_preflight.md,490fefa27a59fc9f0397fbedb9a000b857d048349d91f3e7f7afac21dca4e733,C:/VS/quantum_phase,f3d26b4b373d72d35856fc7050aa984982a00271,CR061,QP arm artifact: qp067
qp067_role_operator_extension_frontier.csv,qp_artifact,artifacts/qp067/qp067_role_operator_extension_frontier.csv,ffa7004f3aafcd067240ca9e71de8dd795a4e453dd91b801b0db17fa307f4ad8,C:/VS/quantum_phase,f3d26b4b373d72d35856fc7050aa984982a00271,CR061,QP arm artifact: qp067
qp067_schema.csv,qp_artifact,artifacts/qp067/qp067_schema.csv,ddfb343b70df5fcd903fdef0264542f0e8deef72e1f4e8f0f3e7f3c0be9160cb,C:/VS/quantum_phase,f3d26b4b373d72d35856fc7050aa984982a00271,CR061,QP arm artifact: qp067
qp067_summary.json,qp_artifact,artifacts/qp067/qp067_summary.json,78a5f51f036e492c4562fe4f0b684bee081f36564b3f965b09348a35811b8904,C:/VS/quantum_phase,f3d26b4b373d72d35856fc7050aa984982a00271,CR061,QP arm artifact: qp067
QP067_PRIVATE_HEAVY_COMPOSITE_ROLE_OPERATOR_ENUMERATOR.md,qp_report,docs/reports/QP067_PRIVATE_HEAVY_COMPOSITE_ROLE_OPERATOR_ENUMERATOR.md,3c1e076cad26f2f94c70340f679e03c4e8f1fa4ecf9451c0bd36bb0668909058,C:/VS/quantum_phase,f3d26b4b373d72d35856fc7050aa984982a00271,CR060,QP arm report: qp067
qp069_private_heavy_role_operator_group_invariant_search.py,qp_source_code,src/qp069_private_heavy_role_operator_group_invariant_search.py,be8f76b6df12474404912006d53614d32187b237619c6adaafa346a890733c64,C:/VS/quantum_phase,f3d26b4b373d72d35856fc7050aa984982a00271,CR061,QP arm source: qp069
qp069_decision_table.csv,qp_artifact,artifacts/qp069/qp069_decision_table.csv,c8c2ae8ae3b1e5163003eb9ca30b9787607e0f1c1e1efe857350edc4c6ce1539,C:/VS/quantum_phase,f3d26b4b373d72d35856fc7050aa984982a00271,CR061,QP arm artifact: qp069
qp069_group_invariant_search_results_table.csv,qp_artifact,artifacts/qp069/qp069_group_invariant_search_results_table.csv,118f980189bb261bcb3fc11321a2a65c5d5efea77b46792f6504fba96d9da2aa,C:/VS/quantum_phase,f3d26b4b373d72d35856fc7050aa984982a00271,CR061,QP arm artifact: qp069
qp069_next_frontier.csv,qp_artifact,artifacts/qp069/qp069_next_frontier.csv,6a43b666140acf6dcb3bdb4c1369cd0286d9c7660dbaffafa7adabf6ba6b961d,C:/VS/quantum_phase,f3d26b4b373d72d35856fc7050aa984982a00271,CR061,QP arm artifact: qp069
qp069_preflight.md,qp_artifact,artifacts/qp069/qp069_preflight.md,4ca47a375dcf91970abe3ae52eea2ee9f2c888749054ea5a35dd218ae21fa2c9,C:/VS/quantum_phase,f3d26b4b373d72d35856fc7050aa984982a00271,CR061,QP arm artifact: qp069
qp069_schema.csv,qp_artifact,artifacts/qp069/qp069_schema.csv,3259eda53ad77307373732f5de154140556bd4f68824f2d84eaf48ab9f48429d,C:/VS/quantum_phase,f3d26b4b373d72d35856fc7050aa984982a00271,CR061,QP arm artifact: qp069
qp069_search_space_definition_table.csv,qp_artifact,artifacts/qp069/qp069_search_space_definition_table.csv,991af95e106e2914b541ba351d4e35ee1c9bcf79c5df270ab05d26be932915f1,C:/VS/quantum_phase,f3d26b4b373d72d35856fc7050aa984982a00271,CR061,QP arm artifact: qp069
qp069_summary.json,qp_artifact,artifacts/qp069/qp069_summary.json,ad4b3e2c868d0fd12cb9076eac59cb3f8560b9bbcfddc244b9ed4283a142256f,C:/VS/quantum_phase,f3d26b4b373d72d35856fc7050aa984982a00271,CR061,QP arm artifact: qp069
QP069_PRIVATE_HEAVY_ROLE_OPERATOR_GROUP_INVARIANT_SEARCH.md,qp_report,docs/reports/QP069_PRIVATE_HEAVY_ROLE_OPERATOR_GROUP_INVARIANT_SEARCH.md,3746e46104884eb4f204c660314a792641bdb48751852e95b08691751e66e7bb,C:/VS/quantum_phase,f3d26b4b373d72d35856fc7050aa984982a00271,CR060,QP arm report: qp069
qp070_private_heavy_role_operator_structural_reading_proposal.py,qp_source_code,src/qp070_private_heavy_role_operator_structural_reading_proposal.py,ceadd2f5640ba9eb28c772b9cd9f285f611f54fa26ca09de5b4292aa983c256c,C:/VS/quantum_phase,f3d26b4b373d72d35856fc7050aa984982a00271,CR061,QP arm source: qp070
qp070_decision_table.csv,qp_artifact,artifacts/qp070/qp070_decision_table.csv,862983526e8bb5d9b1ab72c5b17defd903b0d5ccbd1f457805b182520b3ace3d,C:/VS/quantum_phase,f3d26b4b373d72d35856fc7050aa984982a00271,CR061,QP arm artifact: qp070
qp070_existing_operator_pattern_reference.csv,qp_artifact,artifacts/qp070/qp070_existing_operator_pattern_reference.csv,52f7a8779e94a645da90f59111fe0a671b6e32870b7521a6b6551ca590e1adf0,C:/VS/quantum_phase,f3d26b4b373d72d35856fc7050aa984982a00271,CR061,QP arm artifact: qp070
qp070_next_frontier.csv,qp_artifact,artifacts/qp070/qp070_next_frontier.csv,c572069af5398f3e27d92d501eda558633674c87be29e6a86d5435081eb3eed8,C:/VS/quantum_phase,f3d26b4b373d72d35856fc7050aa984982a00271,CR061,QP arm artifact: qp070
qp070_preflight.md,qp_artifact,artifacts/qp070/qp070_preflight.md,2f4c30d64c685855de5809a6392c9ce93ab7d02d4a3ce34713ef46d4da7586c0,C:/VS/quantum_phase,f3d26b4b373d72d35856fc7050aa984982a00271,CR061,QP arm artifact: qp070
qp070_schema.csv,qp_artifact,artifacts/qp070/qp070_schema.csv,2231ea050906c4e0204f380851508618ccf9300ce6648bbe8687fbcb5519bf78,C:/VS/quantum_phase,f3d26b4b373d72d35856fc7050aa984982a00271,CR061,QP arm artifact: qp070
qp070_structural_reading_proposal_table.csv,qp_artifact,artifacts/qp070/qp070_structural_reading_proposal_table.csv,8340bf04f92926e32357e57b1b62bde61ed053d7b2c46618459f61c6cbeaa205,C:/VS/quantum_phase,f3d26b4b373d72d35856fc7050aa984982a00271,CR061,QP arm artifact: qp070
qp070_summary.json,qp_artifact,artifacts/qp070/qp070_summary.json,aa936095ec6aca0f05f5d44223e175166b7eb4a1399eed8625bc170d573db457,C:/VS/quantum_phase,f3d26b4b373d72d35856fc7050aa984982a00271,CR061,QP arm artifact: qp070
QP070_PRIVATE_HEAVY_ROLE_OPERATOR_STRUCTURAL_READING_PROPOSAL.md,qp_report,docs/reports/QP070_PRIVATE_HEAVY_ROLE_OPERATOR_STRUCTURAL_READING_PROPOSAL.md,67f50efe6868a96c6a7d5b8748926bc87747db7ea39adb116d82994b31104b9e,C:/VS/quantum_phase,f3d26b4b373d72d35856fc7050aa984982a00271,CR060,QP arm report: qp070
qp071_private_heavy_composite_derivation_rule_and_suk_gate_draft.py,qp_source_code,src/qp071_private_heavy_composite_derivation_rule_and_suk_gate_draft.py,a6c994e455311874f2c82b483b52ffb3932303ab114debeb0a77e8cb20bda1fd,C:/VS/quantum_phase,f3d26b4b373d72d35856fc7050aa984982a00271,CR061,QP arm source: qp071
qp071_classify_and_emit_rule_table.csv,qp_artifact,artifacts/qp071/qp071_classify_and_emit_rule_table.csv,7e66fb6824e51b769c8b18b7d5d749af74a76b182f4225e7c3546cce0bba2f93,C:/VS/quantum_phase,f3d26b4b373d72d35856fc7050aa984982a00271,CR061,QP arm artifact: qp071
qp071_decision_table.csv,qp_artifact,artifacts/qp071/qp071_decision_table.csv,5e38a43d6ad231b4f88b13510179d947296c78ed1b5090533f455a8171c687e7,C:/VS/quantum_phase,f3d26b4b373d72d35856fc7050aa984982a00271,CR061,QP arm artifact: qp071
qp071_k_class_catalog_table.csv,qp_artifact,artifacts/qp071/qp071_k_class_catalog_table.csv,1e99d69bc3a4a55bb16ae5e7d1bd15827233bc5aa3bceb00bd2d4a207a607339,C:/VS/quantum_phase,f3d26b4b373d72d35856fc7050aa984982a00271,CR061,QP arm artifact: qp071
qp071_next_frontier.csv,qp_artifact,artifacts/qp071/qp071_next_frontier.csv,2b567af181b7569499bac7c610ab361cccf97a8fa6e187f47922e2c8b0e9e227,C:/VS/quantum_phase,f3d26b4b373d72d35856fc7050aa984982a00271,CR061,QP arm artifact: qp071
qp071_preflight.md,qp_artifact,artifacts/qp071/qp071_preflight.md,dcd32c52c6d53710a55efe30bc89247e97c28455a0121fcd09fd5a6657af2c12,C:/VS/quantum_phase,f3d26b4b373d72d35856fc7050aa984982a00271,CR061,QP arm artifact: qp071
qp071_schema.csv,qp_artifact,artifacts/qp071/qp071_schema.csv,dbb40b68167d82ff3b3c9c1a607641ed5de31bcd0af0ea743487265cb5847d4c,C:/VS/quantum_phase,f3d26b4b373d72d35856fc7050aa984982a00271,CR061,QP arm artifact: qp071
qp071_summary.json,qp_artifact,artifacts/qp071/qp071_summary.json,aea874ad9ef1f1bb972d6f480d0f90e178fa1dc5048cd2da139489e2db89868f,C:/VS/quantum_phase,f3d26b4b373d72d35856fc7050aa984982a00271,CR061,QP arm artifact: qp071
preflight_SUK_HCO_HEAVY_COMPOSITE_ROLE_DERIVATION_RULE_BITE.md,qp_artifact,artifacts/qp071/parent_suk_gate_draft/preflight_SUK_HCO_HEAVY_COMPOSITE_ROLE_DERIVATION_RULE_BITE.md,414b57731b98891e8ad290062da937a2bee94dca7087c742dece1a761bb315c6,C:/VS/quantum_phase,f3d26b4b373d72d35856fc7050aa984982a00271,CR061,QP arm artifact: qp071
sam_mass_patch.py,qp_artifact,artifacts/qp071/parent_suk_gate_draft/sam_mass_patch.py,68d2c69c7c449cd3a02555ae110801913286428c09564e8471625ad436aa2a1b,C:/VS/quantum_phase,f3d26b4b373d72d35856fc7050aa984982a00271,CR061,QP arm artifact: qp071
sam_selectors_patch.py,qp_artifact,artifacts/qp071/parent_suk_gate_draft/sam_selectors_patch.py,ab33eaf9928acd08566282727521a9b9c6fe8bcb0c27b25eb165dc743fb9614d,C:/VS/quantum_phase,f3d26b4b373d72d35856fc7050aa984982a00271,CR061,QP arm artifact: qp071
SUK_HCO_HEAVY_COMPOSITE_ROLE_DERIVATION_RULE_BITE.py,qp_artifact,artifacts/qp071/parent_suk_gate_draft/SUK_HCO_HEAVY_COMPOSITE_ROLE_DERIVATION_RULE_BITE.py,bddc14f648f5f8979b07129085633d999be8c9253eed6c8ae271993ae22c5508,C:/VS/quantum_phase,f3d26b4b373d72d35856fc7050aa984982a00271,CR061,QP arm artifact: qp071
SUK_HCO_HEAVY_COMPOSITE_ROLE_DERIVATION_RULE_BITE_RESULT.md,qp_artifact,artifacts/qp071/parent_suk_gate_draft/SUK_HCO_HEAVY_COMPOSITE_ROLE_DERIVATION_RULE_BITE_RESULT.md,bfa549947dd8bf1489559900855ccbdcb008d6b9308cf7e8907b0d00124c5ec1,C:/VS/quantum_phase,f3d26b4b373d72d35856fc7050aa984982a00271,CR061,QP arm artifact: qp071
QP071_PRIVATE_HEAVY_COMPOSITE_DERIVATION_RULE_AND_SUK_GATE_DRAFT.md,qp_report,docs/reports/QP071_PRIVATE_HEAVY_COMPOSITE_DERIVATION_RULE_AND_SUK_GATE_DRAFT.md,b812ac3ca97046f2ab58085414f45b81d9e9b61cdd89d07bbb8ed24b1d23a79d,C:/VS/quantum_phase,f3d26b4b373d72d35856fc7050aa984982a00271,CR060,QP arm report: qp071
qp072_private_heavy_composite_fill_pass.py,qp_source_code,src/qp072_private_heavy_composite_fill_pass.py,08ed2d45d8f87464d028a3d58f67bf434792ba3c500999faae8d46ec80c2b9fc,C:/VS/quantum_phase,f3d26b4b373d72d35856fc7050aa984982a00271,CR061,QP arm source: qp072
qp072_decision_table.csv,qp_artifact,artifacts/qp072/qp072_decision_table.csv,2c3e593bd37d7781760dcadce412f4a6d238b412b0389b92efa79a446b2deca2,C:/VS/quantum_phase,f3d26b4b373d72d35856fc7050aa984982a00271,CR061,QP arm artifact: qp072
qp072_heavy_composite_fill_table.csv,qp_artifact,artifacts/qp072/qp072_heavy_composite_fill_table.csv,b0694879b85ef2c240d157e484ef4c38aed5693a671295e83f0aae2d8912794e,C:/VS/quantum_phase,f3d26b4b373d72d35856fc7050aa984982a00271,CR061,QP arm artifact: qp072
qp072_next_frontier.csv,qp_artifact,artifacts/qp072/qp072_next_frontier.csv,2eac0082dcb878aa2033d64c151f0cd7ad4303cfb6b37c3a28fe391deea86ba5,C:/VS/quantum_phase,f3d26b4b373d72d35856fc7050aa984982a00271,CR061,QP arm artifact: qp072
qp072_phase4_delta_table.csv,qp_artifact,artifacts/qp072/qp072_phase4_delta_table.csv,bc725e3dfe95524d1c41eb02431fb077bb14eb5512403438b9d3ae94b4479718,C:/VS/quantum_phase,f3d26b4b373d72d35856fc7050aa984982a00271,CR061,QP arm artifact: qp072
qp072_preflight.md,qp_artifact,artifacts/qp072/qp072_preflight.md,7148641a4f2637bdba4c4f7dc5eeed1edb45d8c05d99e1bc98626247f110dc57,C:/VS/quantum_phase,f3d26b4b373d72d35856fc7050aa984982a00271,CR061,QP arm artifact: qp072
qp072_remaining_open_boundary_table.csv,qp_artifact,artifacts/qp072/qp072_remaining_open_boundary_table.csv,32f975c3bd9b86234576e976f2e7af6399fa53b151189b290fbfd094973039ff,C:/VS/quantum_phase,f3d26b4b373d72d35856fc7050aa984982a00271,CR061,QP arm artifact: qp072
qp072_schema.csv,qp_artifact,artifacts/qp072/qp072_schema.csv,c2a06925da92ba9f77755f09cd39654e5af4a61a5402b216eb3c472957666927,C:/VS/quantum_phase,f3d26b4b373d72d35856fc7050aa984982a00271,CR061,QP arm artifact: qp072
qp072_summary.json,qp_artifact,artifacts/qp072/qp072_summary.json,d8cdaa03c39aeacf9c9e0a4fbb7426f1293ed16576b6a4e2ffe5393a92c01767,C:/VS/quantum_phase,f3d26b4b373d72d35856fc7050aa984982a00271,CR061,QP arm artifact: qp072
QP072_PRIVATE_HEAVY_COMPOSITE_FILL_PASS.md,qp_report,docs/reports/QP072_PRIVATE_HEAVY_COMPOSITE_FILL_PASS.md,32d97b35d9589f91747813484ebed259dab189997d17670587d4be82e8c6e599,C:/VS/quantum_phase,f3d26b4b373d72d35856fc7050aa984982a00271,CR060,QP arm report: qp072
qp073_private_phase4_final_freeze_post_suk_hco.py,qp_source_code,src/qp073_private_phase4_final_freeze_post_suk_hco.py,0695485d63539ffe27899eba103d1b4f4c572d475491282ec85e9b6968a55cbd,C:/VS/quantum_phase,f3d26b4b373d72d35856fc7050aa984982a00271,CR061,QP arm source: qp073
qp073_campaign_closure_ledger.csv,qp_artifact,artifacts/qp073/qp073_campaign_closure_ledger.csv,021acb3946b80b643e099ec4e8911bc93dba4a94fdd61cd2726f40ba4b613d1e,C:/VS/quantum_phase,f3d26b4b373d72d35856fc7050aa984982a00271,CR061,QP arm artifact: qp073
qp073_decision_table.csv,qp_artifact,artifacts/qp073/qp073_decision_table.csv,6529e82c621400fe47d9b600fe7989b059653348259c00d1307aac50adb12263,C:/VS/quantum_phase,f3d26b4b373d72d35856fc7050aa984982a00271,CR061,QP arm artifact: qp073
qp073_final_blank_registry_table.csv,qp_artifact,artifacts/qp073/qp073_final_blank_registry_table.csv,a94f14666b8814f9a2b72dd9da642c5fd9cc33575e27345b94ff8afc3fc18f0f,C:/VS/quantum_phase,f3d26b4b373d72d35856fc7050aa984982a00271,CR061,QP arm artifact: qp073
qp073_final_freeze_summary_table.csv,qp_artifact,artifacts/qp073/qp073_final_freeze_summary_table.csv,dfd5559d9d8ce21a7062a38d110f6a1fde4e2515a16e0444c8dab853522af731,C:/VS/quantum_phase,f3d26b4b373d72d35856fc7050aa984982a00271,CR061,QP arm artifact: qp073
qp073_next_frontier.csv,qp_artifact,artifacts/qp073/qp073_next_frontier.csv,1b1b2925fb7571791767780a4e7396dfbddd52c0655b7819cd40116e42a7542e,C:/VS/quantum_phase,f3d26b4b373d72d35856fc7050aa984982a00271,CR061,QP arm artifact: qp073
qp073_preflight.md,qp_artifact,artifacts/qp073/qp073_preflight.md,af4f324d1ced4965b04c453220af727f702da8a3a1a981c6f37eaca6123a75a5,C:/VS/quantum_phase,f3d26b4b373d72d35856fc7050aa984982a00271,CR061,QP arm artifact: qp073
qp073_schema.csv,qp_artifact,artifacts/qp073/qp073_schema.csv,bcc728f2c3b768b4be04d278ad53302887b5ab861d7438f6a2882d81942013f7,C:/VS/quantum_phase,f3d26b4b373d72d35856fc7050aa984982a00271,CR061,QP arm artifact: qp073
qp073_summary.json,qp_artifact,artifacts/qp073/qp073_summary.json,407d261fc31d7a2f64b0121fe54ad90b1e8130a5b0442b09d2d199c58b323d93,C:/VS/quantum_phase,f3d26b4b373d72d35856fc7050aa984982a00271,CR061,QP arm artifact: qp073
QP073_PRIVATE_PHASE4_FINAL_FREEZE_POST_SUK_HCO.md,qp_report,docs/reports/QP073_PRIVATE_PHASE4_FINAL_FREEZE_POST_SUK_HCO.md,185984a4e5eedbd49c0e54be8eaba53e398bb8d26419f5899fdabcfbcd326326,C:/VS/quantum_phase,f3d26b4b373d72d35856fc7050aa984982a00271,CR060,QP arm report: qp073
qp074_private_doubly_heavy_bc_baryon_structural_reading_proposal.py,qp_source_code,src/qp074_private_doubly_heavy_bc_baryon_structural_reading_proposal.py,bdf3878f0634b0feeada7a32e4d1c1003fa552ff09edd4c147149268fd28e482,C:/VS/quantum_phase,f3d26b4b373d72d35856fc7050aa984982a00271,CR061,QP arm source: qp074
qp074_decision_table.csv,qp_artifact,artifacts/qp074/qp074_decision_table.csv,c2b8232d30c1061fd0e91f53fee80ef8aa6b1682ce7025151a160554a56dbbaa,C:/VS/quantum_phase,f3d26b4b373d72d35856fc7050aa984982a00271,CR061,QP arm artifact: qp074
qp074_doubly_heavy_bc_structural_proposal_table.csv,qp_artifact,artifacts/qp074/qp074_doubly_heavy_bc_structural_proposal_table.csv,6a0ebfe70b02c387e0697f1b193fff01d3710c485b040a8d824ae90c2c0ba6f5,C:/VS/quantum_phase,f3d26b4b373d72d35856fc7050aa984982a00271,CR061,QP arm artifact: qp074
qp074_k_class_alternatives_table.csv,qp_artifact,artifacts/qp074/qp074_k_class_alternatives_table.csv,eb164baea15dffc233f5a31d3c5a907e5e96c4443ddfd899ece9f4add3b6658e,C:/VS/quantum_phase,f3d26b4b373d72d35856fc7050aa984982a00271,CR061,QP arm artifact: qp074
qp074_multi_heavy_subfrontier_table.csv,qp_artifact,artifacts/qp074/qp074_multi_heavy_subfrontier_table.csv,ee58306b4a9995582f93e03295f2530523971431472c6d15d5f8a85946fabdd0,C:/VS/quantum_phase,f3d26b4b373d72d35856fc7050aa984982a00271,CR061,QP arm artifact: qp074
qp074_next_frontier.csv,qp_artifact,artifacts/qp074/qp074_next_frontier.csv,4952824929c87162f920034aec72e1e08142d447705a898a0d77bc395b607db6,C:/VS/quantum_phase,f3d26b4b373d72d35856fc7050aa984982a00271,CR061,QP arm artifact: qp074
qp074_preflight.md,qp_artifact,artifacts/qp074/qp074_preflight.md,00fd9625ddff0c4a0a1c723b76a4bfbc3d1443523807079625a3f9162441a78f,C:/VS/quantum_phase,f3d26b4b373d72d35856fc7050aa984982a00271,CR061,QP arm artifact: qp074
qp074_schema.csv,qp_artifact,artifacts/qp074/qp074_schema.csv,53063474e327415f85f2261753c415cdfb0a2736b6a51e50f4f6208dd4e98ed9,C:/VS/quantum_phase,f3d26b4b373d72d35856fc7050aa984982a00271,CR061,QP arm artifact: qp074
qp074_summary.json,qp_artifact,artifacts/qp074/qp074_summary.json,3bdc24d95d978d60298f1b7f6e9a23954d2c0cce501961aca33270ba70bf5822,C:/VS/quantum_phase,f3d26b4b373d72d35856fc7050aa984982a00271,CR061,QP arm artifact: qp074
QP074_PRIVATE_DOUBLY_HEAVY_BC_BARYON_STRUCTURAL_READING_PROPOSAL.md,qp_report,docs/reports/QP074_PRIVATE_DOUBLY_HEAVY_BC_BARYON_STRUCTURAL_READING_PROPOSAL.md,d4fbe6f66b97ea25b929e80ac67edb9dd361b8adfe453411e1833a0a0b96e992,C:/VS/quantum_phase,f3d26b4b373d72d35856fc7050aa984982a00271,CR060,QP arm report: qp074
qp075_private_campaign_closure_summary_table.py,qp_source_code,src/qp075_private_campaign_closure_summary_table.py,e3001e26957d1452e8e90ccb00f9b4bb2fb2c5768c3c350626c9c4572ebeae82,C:/VS/quantum_phase,f3d26b4b373d72d35856fc7050aa984982a00271,CR061,QP arm source: qp075
qp075_campaign_closure_summary_table.csv,qp_artifact,artifacts/qp075/qp075_campaign_closure_summary_table.csv,8f761b01837165c3cbdc44e2c70e656e43d7eb90dcf2fd0c9d39336df49ce43f,C:/VS/quantum_phase,f3d26b4b373d72d35856fc7050aa984982a00271,CR061,QP arm artifact: qp075
qp075_decision_table.csv,qp_artifact,artifacts/qp075/qp075_decision_table.csv,d111bf2dfb9857f820ec945693edc997d5853b3437b6aa4b533f41e8fc1aa23e,C:/VS/quantum_phase,f3d26b4b373d72d35856fc7050aa984982a00271,CR061,QP arm artifact: qp075
qp075_next_frontier.csv,qp_artifact,artifacts/qp075/qp075_next_frontier.csv,512a2f78a6d5b2a458d79e1f9ff45493a8dc923569e12c70c8b6a400f7826343,C:/VS/quantum_phase,f3d26b4b373d72d35856fc7050aa984982a00271,CR061,QP arm artifact: qp075
qp075_preflight.md,qp_artifact,artifacts/qp075/qp075_preflight.md,6edae80f27b5329c48d9a20005a7c23e0b75f2146246b8eb221ae9c77825c70a,C:/VS/quantum_phase,f3d26b4b373d72d35856fc7050aa984982a00271,CR061,QP arm artifact: qp075
qp075_role_operator_closure_table.csv,qp_artifact,artifacts/qp075/qp075_role_operator_closure_table.csv,3190df06e7ff3bfd8a166b8554b2a2578542715566377df2df285b83e2c67d78,C:/VS/quantum_phase,f3d26b4b373d72d35856fc7050aa984982a00271,CR061,QP arm artifact: qp075
qp075_schema.csv,qp_artifact,artifacts/qp075/qp075_schema.csv,e4b0c5d3fbcb239e8fdb449b27c0b73b34ad449e8cb3e3051d795e83bde809b0,C:/VS/quantum_phase,f3d26b4b373d72d35856fc7050aa984982a00271,CR061,QP arm artifact: qp075
qp075_summary.json,qp_artifact,artifacts/qp075/qp075_summary.json,3711b1457165b6a748767b809e83b64429acc8a57702e2628b613f780a5dae9d,C:/VS/quantum_phase,f3d26b4b373d72d35856fc7050aa984982a00271,CR061,QP arm artifact: qp075
QP075_PRIVATE_CAMPAIGN_CLOSURE_SUMMARY_TABLE.md,qp_report,docs/reports/QP075_PRIVATE_CAMPAIGN_CLOSURE_SUMMARY_TABLE.md,085a476ebb07a72eb217cd5ccd7ce998314e2b367cd1b505bd6be7b67732045b,C:/VS/quantum_phase,f3d26b4b373d72d35856fc7050aa984982a00271,CR060,QP arm report: qp075
ASSESSMENT_POST_RETEST_REVIEW.md,qp_hostile_audit,audits/private_hostile_qp010_qp021/ASSESSMENT_POST_RETEST_REVIEW.md,64b03d480887aed918ebfce3079f92622a51a3706a0d6df2ca3a2958fa3ebd0f,C:/VS/quantum_phase,f3d26b4b373d72d35856fc7050aa984982a00271,CR060,Hostile QP010-QP021 audit and RT_QP019 mass surface replay
AUDIT_PLAN.md,qp_hostile_audit,audits/private_hostile_qp010_qp021/AUDIT_PLAN.md,358331ea7b7ad3acb5b0acc5ffce9b37849c650449c3edb900b942c6f0ee1055,C:/VS/quantum_phase,f3d26b4b373d72d35856fc7050aa984982a00271,CR060,Hostile QP010-QP021 audit and RT_QP019 mass surface replay
AUDIT_PREFLIGHT.md,qp_hostile_audit,audits/private_hostile_qp010_qp021/AUDIT_PREFLIGHT.md,6c966529cfa4f1a372aada4c2902fee343fe31903e82efd6de514b84c9b01a83,C:/VS/quantum_phase,f3d26b4b373d72d35856fc7050aa984982a00271,CR060,Hostile QP010-QP021 audit and RT_QP019 mass surface replay
AUDIT_VERDICT.md,qp_hostile_audit,audits/private_hostile_qp010_qp021/AUDIT_VERDICT.md,eecd5bbb7907e17e438a2a72006ce312f841f248103210918b6c9d140c7b90b1,C:/VS/quantum_phase,f3d26b4b373d72d35856fc7050aa984982a00271,CR060,Hostile QP010-QP021 audit and RT_QP019 mass surface replay
AUDIT_VERDICT_POST_RETEST_REVIEW.md,qp_hostile_audit,audits/private_hostile_qp010_qp021/AUDIT_VERDICT_POST_RETEST_REVIEW.md,efabbdc84bf4c1358aff94b487cd3c608a0c7db7cdcd9b6d516d1b0231f73b03,C:/VS/quantum_phase,f3d26b4b373d72d35856fc7050aa984982a00271,CR060,Hostile QP010-QP021 audit and RT_QP019 mass surface replay
README.md,qp_hostile_audit,audits/private_hostile_qp010_qp021/README.md,8746bfd3f8cd3bb9c45e3e8646f9aac7bc0149d0d7a68408018ad6ad856f4dfa,C:/VS/quantum_phase,f3d26b4b373d72d35856fc7050aa984982a00271,CR060,Hostile QP010-QP021 audit and RT_QP019 mass surface replay
RETEST_EXECUTION_PREFLIGHT.md,qp_hostile_audit,audits/private_hostile_qp010_qp021/RETEST_EXECUTION_PREFLIGHT.md,126ad0593989c64e14a8ac588e2e9fc567eadec304581b623d9c4d44e8fe0074,C:/VS/quantum_phase,f3d26b4b373d72d35856fc7050aa984982a00271,CR060,Hostile QP010-QP021 audit and RT_QP019 mass surface replay
QP017_BOUNDARY_REMOVAL_CAMPAIGN.md,qp_hostile_audit,audits/private_hostile_qp010_qp021/campaigns/QP017_BOUNDARY_REMOVAL_CAMPAIGN.md,d85b614ee6945acfb293f5f6287dc93855456a31c9cbe2b25ce37d93cf65a8d3,C:/VS/quantum_phase,f3d26b4b373d72d35856fc7050aa984982a00271,CR060,Hostile QP010-QP021 audit and RT_QP019 mass surface replay
.gitkeep,qp_hostile_audit,audits/private_hostile_qp010_qp021/evidence/.gitkeep,01ba4719c80b6fe911b091a7c05124b64eeece964e09c058ef8f9805daca546b,C:/VS/quantum_phase,f3d26b4b373d72d35856fc7050aa984982a00271,CR060,Hostile QP010-QP021 audit and RT_QP019 mass surface replay
.gitkeep,qp_hostile_audit,audits/private_hostile_qp010_qp021/results/.gitkeep,01ba4719c80b6fe911b091a7c05124b64eeece964e09c058ef8f9805daca546b,C:/VS/quantum_phase,f3d26b4b373d72d35856fc7050aa984982a00271,CR060,Hostile QP010-QP021 audit and RT_QP019 mass surface replay
001_qp017_role_operator_promotion.md,qp_hostile_audit,audits/private_hostile_qp010_qp021/results/001_qp017_role_operator_promotion.md,152498f2338f291aa6104136fe99fd737c408e91d1c285166337471f8136c980,C:/VS/quantum_phase,f3d26b4b373d72d35856fc7050aa984982a00271,CR060,Hostile QP010-QP021 audit and RT_QP019 mass surface replay
002_qp018_particle_slot_selection.md,qp_hostile_audit,audits/private_hostile_qp010_qp021/results/002_qp018_particle_slot_selection.md,bd28834aecbbc7ce7da3a5f05967743185c1321de5535a86fde5f1f03a43dc1e,C:/VS/quantum_phase,f3d26b4b373d72d35856fc7050aa984982a00271,CR060,Hostile QP010-QP021 audit and RT_QP019 mass surface replay
003_qp019_mass_surface_bridge.md,qp_hostile_audit,audits/private_hostile_qp010_qp021/results/003_qp019_mass_surface_bridge.md,d112831a4b0f0361b3dd4e5ea61c2f676fd0861a615ad4d9e79510d62472e060,C:/VS/quantum_phase,f3d26b4b373d72d35856fc7050aa984982a00271,CR060,Hostile QP010-QP021 audit and RT_QP019 mass surface replay
004_qp021_charged_lane_bridge.md,qp_hostile_audit,audits/private_hostile_qp010_qp021/results/004_qp021_charged_lane_bridge.md,58cb6c2aeb1b799c7cc1194c668361816679899515cdf7cbef2408b4ca26a443,C:/VS/quantum_phase,f3d26b4b373d72d35856fc7050aa984982a00271,CR060,Hostile QP010-QP021 audit and RT_QP019 mass surface replay
005_qp010_provenance_separation.md,qp_hostile_audit,audits/private_hostile_qp010_qp021/results/005_qp010_provenance_separation.md,5474df67b9ed2d800f552a9db2dbe6b5f6920b343dfa5f6e0b1bf612f4620f1f,C:/VS/quantum_phase,f3d26b4b373d72d35856fc7050aa984982a00271,CR060,Hostile QP010-QP021 audit and RT_QP019 mass surface replay
006_qp017b_topological_role_selector_review.md,qp_hostile_audit,audits/private_hostile_qp010_qp021/results/006_qp017b_topological_role_selector_review.md,d9bd30da883e7344b0eeaea7b9e07dd426bafe41d3771d326b240d59b18f83f4,C:/VS/quantum_phase,f3d26b4b373d72d35856fc7050aa984982a00271,CR060,Hostile QP010-QP021 audit and RT_QP019 mass surface replay
APPROVED_RETESTS_SUMMARY.json,qp_hostile_audit,audits/private_hostile_qp010_qp021/retest_runs/APPROVED_RETESTS_SUMMARY.json,661c61c222ae5f24a179622e31cdb1cc4f88ce0844d7c766d4481629f1b05728,C:/VS/quantum_phase,f3d26b4b373d72d35856fc7050aa984982a00271,CR060,Hostile QP010-QP021 audit and RT_QP019 mass surface replay
APPROVED_RETESTS_SUMMARY.md,qp_hostile_audit,audits/private_hostile_qp010_qp021/retest_runs/APPROVED_RETESTS_SUMMARY.md,6002c09b52f0010916ac39315dcef5a166004bd032e60230403d1033ed19cb78,C:/VS/quantum_phase,f3d26b4b373d72d35856fc7050aa984982a00271,CR060,Hostile QP010-QP021 audit and RT_QP019 mass surface replay
run_approved_retests_qp010_qp021.py,qp_hostile_audit,audits/private_hostile_qp010_qp021/retest_runs/run_approved_retests_qp010_qp021.py,f9ff73e551858f8db7bd8622d49ed1083505ca6432b5bed7cae91280034ac5f0,C:/VS/quantum_phase,f3d26b4b373d72d35856fc7050aa984982a00271,CR060,Hostile QP010-QP021 audit and RT_QP019 mass surface replay
run_rt_qp017b_topological_role_selector.py,qp_hostile_audit,audits/private_hostile_qp010_qp021/retest_runs/run_rt_qp017b_topological_role_selector.py,b69a55946500c7a89e4dfc424f434652c81f9bc9a77c30ba0ffc3f9b38329203,C:/VS/quantum_phase,f3d26b4b373d72d35856fc7050aa984982a00271,CR060,Hostile QP010-QP021 audit and RT_QP019 mass surface replay
PREFLIGHT.md,qp_hostile_audit,audits/private_hostile_qp010_qp021/retest_runs/RT_QP017B_TOPOLOGICAL_ROLE_SELECTOR/PREFLIGHT.md,43f31d22368b335a7d46ba8ac100984c03eb1da0c84c1087d517c5b417f803a7,C:/VS/quantum_phase,f3d26b4b373d72d35856fc7050aa984982a00271,CR060,Hostile QP010-QP021 audit and RT_QP019 mass surface replay
real_topological_selector_decisions.csv,qp_hostile_audit,audits/private_hostile_qp010_qp021/retest_runs/RT_QP017B_TOPOLOGICAL_ROLE_SELECTOR/real_topological_selector_decisions.csv,08151f9858bdc3c2ef1f8f4241ba4af33d1c9e3fbd3ecdd00ceb6bdc0c37b6a6,C:/VS/quantum_phase,f3d26b4b373d72d35856fc7050aa984982a00271,CR060,Hostile QP010-QP021 audit and RT_QP019 mass surface replay
REPORT.md,qp_hostile_audit,audits/private_hostile_qp010_qp021/retest_runs/RT_QP017B_TOPOLOGICAL_ROLE_SELECTOR/REPORT.md,d454e237beda0ba17c44de6399099d82fe333645a27b9edd6ce2b9126d576f6f,C:/VS/quantum_phase,f3d26b4b373d72d35856fc7050aa984982a00271,CR060,Hostile QP010-QP021 audit and RT_QP019 mass surface replay
role_graph_degree_table.csv,qp_hostile_audit,audits/private_hostile_qp010_qp021/retest_runs/RT_QP017B_TOPOLOGICAL_ROLE_SELECTOR/role_graph_degree_table.csv,731d0e1dc2e1a3b5076a21d392e36b7efa18971387dc5225c0b95a5032399f4a,C:/VS/quantum_phase,f3d26b4b373d72d35856fc7050aa984982a00271,CR060,Hostile QP010-QP021 audit and RT_QP019 mass surface replay
route_role_incidence_table.csv,qp_hostile_audit,audits/private_hostile_qp010_qp021/retest_runs/RT_QP017B_TOPOLOGICAL_ROLE_SELECTOR/route_role_incidence_table.csv,7a36026b8c9e47bdad67b6f2ced86acca363784bf7c60fba62437709fc28096c,C:/VS/quantum_phase,f3d26b4b373d72d35856fc7050aa984982a00271,CR060,Hostile QP010-QP021 audit and RT_QP019 mass surface replay
summary.json,qp_hostile_audit,audits/private_hostile_qp010_qp021/retest_runs/RT_QP017B_TOPOLOGICAL_ROLE_SELECTOR/summary.json,e54666f493479a3e15dac2033367bd4f56923cb8ddad9fccf2892083cb86bbc9,C:/VS/quantum_phase,f3d26b4b373d72d35856fc7050aa984982a00271,CR060,Hostile QP010-QP021 audit and RT_QP019 mass surface replay
topological_selector_control_table.csv,qp_hostile_audit,audits/private_hostile_qp010_qp021/retest_runs/RT_QP017B_TOPOLOGICAL_ROLE_SELECTOR/topological_selector_control_table.csv,c92ad626fb22de3d95c6b0f4a5f5ccc71f0e76004b039e9406cd7af605c53e5e,C:/VS/quantum_phase,f3d26b4b373d72d35856fc7050aa984982a00271,CR060,Hostile QP010-QP021 audit and RT_QP019 mass surface replay
REPORT.md,qp_hostile_audit,audits/private_hostile_qp010_qp021/retest_runs/RT_QP017_ROLE_NEIGHBORHOOD_NULL_CONTROL/REPORT.md,2fcbfbee6ac5cbe948a83133239efd9aaffa420df8edea8fd5e270254e95e86e,C:/VS/quantum_phase,f3d26b4b373d72d35856fc7050aa984982a00271,CR060,Hostile QP010-QP021 audit and RT_QP019 mass surface replay
role_neighborhood_null_control_table.csv,qp_hostile_audit,audits/private_hostile_qp010_qp021/retest_runs/RT_QP017_ROLE_NEIGHBORHOOD_NULL_CONTROL/role_neighborhood_null_control_table.csv,cc821bf307acde896585ed8b56c926652263e645e9635789746cd78bb8090064,C:/VS/quantum_phase,f3d26b4b373d72d35856fc7050aa984982a00271,CR060,Hostile QP010-QP021 audit and RT_QP019 mass surface replay
summary.json,qp_hostile_audit,audits/private_hostile_qp010_qp021/retest_runs/RT_QP017_ROLE_NEIGHBORHOOD_NULL_CONTROL/summary.json,06854688335f28764b9fcbde83edaea14b35a9e73ef5b66b3ac71ccf899beee4,C:/VS/quantum_phase,f3d26b4b373d72d35856fc7050aa984982a00271,CR060,Hostile QP010-QP021 audit and RT_QP019 mass surface replay
REPORT.md,qp_hostile_audit,audits/private_hostile_qp010_qp021/retest_runs/RT_QP018_SLOT_SELECTOR_INDEPENDENCE/REPORT.md,9f9fd95712a40e9601da33cd3974f41fc96fbed1719dc38721e09085d03cc9ff,C:/VS/quantum_phase,f3d26b4b373d72d35856fc7050aa984982a00271,CR060,Hostile QP010-QP021 audit and RT_QP019 mass surface replay
slot_independence_rank_table.csv,qp_hostile_audit,audits/private_hostile_qp010_qp021/retest_runs/RT_QP018_SLOT_SELECTOR_INDEPENDENCE/slot_independence_rank_table.csv,1bad0c33fb999417eb231a2146f9e9924a03a3c352e18cd51b094aa0f46fcdcb,C:/VS/quantum_phase,f3d26b4b373d72d35856fc7050aa984982a00271,CR060,Hostile QP010-QP021 audit and RT_QP019 mass surface replay
summary.json,qp_hostile_audit,audits/private_hostile_qp010_qp021/retest_runs/RT_QP018_SLOT_SELECTOR_INDEPENDENCE/summary.json,d5a70e438332ae95bcaa6c5aca4f2154c2c9cab5f2a3590f37655e1ee6261993,C:/VS/quantum_phase,f3d26b4b373d72d35856fc7050aa984982a00271,CR060,Hostile QP010-QP021 audit and RT_QP019 mass surface replay
mass_surface_replay_table.csv,qp_hostile_audit,audits/private_hostile_qp010_qp021/retest_runs/RT_QP019_MASS_SURFACE_REPLAY/mass_surface_replay_table.csv,7cf6d5528d8d6cf393550c675109173bafbd4dcc8f14f0628a7d933a6a4d5dc8,C:/VS/quantum_phase,f3d26b4b373d72d35856fc7050aa984982a00271,CR060,Hostile QP010-QP021 audit and RT_QP019 mass surface replay
REPORT.md,qp_hostile_audit,audits/private_hostile_qp010_qp021/retest_runs/RT_QP019_MASS_SURFACE_REPLAY/REPORT.md,5dd5527aaba28bbc915ab8076927a189e0b761ba437a3d151a5098bb18ed69c1,C:/VS/quantum_phase,f3d26b4b373d72d35856fc7050aa984982a00271,CR060,Hostile QP010-QP021 audit and RT_QP019 mass surface replay
summary.json,qp_hostile_audit,audits/private_hostile_qp010_qp021/retest_runs/RT_QP019_MASS_SURFACE_REPLAY/summary.json,fe4d5b95069b0ad7bd436e46b68f0e546415fa1dae51424e2687388ec9e02595,C:/VS/quantum_phase,f3d26b4b373d72d35856fc7050aa984982a00271,CR060,Hostile QP010-QP021 audit and RT_QP019 mass surface replay
REPORT.md,qp_hostile_audit,audits/private_hostile_qp010_qp021/retest_runs/RT_QP021_TRANSIENT_CARRIER_CONTROL/REPORT.md,b18c557e7c630e950b3b2248fe90cb01d4735420afc243efed7f55d57abf8264,C:/VS/quantum_phase,f3d26b4b373d72d35856fc7050aa984982a00271,CR060,Hostile QP010-QP021 audit and RT_QP019 mass surface replay
route_control_table.csv,qp_hostile_audit,audits/private_hostile_qp010_qp021/retest_runs/RT_QP021_TRANSIENT_CARRIER_CONTROL/route_control_table.csv,aaa484512c4c683a85062917bf79dee3b733cebab634a1fa366027e0ecf1185b,C:/VS/quantum_phase,f3d26b4b373d72d35856fc7050aa984982a00271,CR060,Hostile QP010-QP021 audit and RT_QP019 mass surface replay
summary.json,qp_hostile_audit,audits/private_hostile_qp010_qp021/retest_runs/RT_QP021_TRANSIENT_CARRIER_CONTROL/summary.json,ce781f8e26995b8f80a175ca91d91fdb91c7d94136d136fc943aedececc040d2,C:/VS/quantum_phase,f3d26b4b373d72d35856fc7050aa984982a00271,CR060,Hostile QP010-QP021 audit and RT_QP019 mass surface replay
.gitkeep,qp_hostile_audit,audits/private_hostile_qp010_qp021/suggested_retests/.gitkeep,01ba4719c80b6fe911b091a7c05124b64eeece964e09c058ef8f9805daca546b,C:/VS/quantum_phase,f3d26b4b373d72d35856fc7050aa984982a00271,CR060,Hostile QP010-QP021 audit and RT_QP019 mass surface replay
RT_QP017B_TOPOLOGICAL_ROLE_SELECTOR.md,qp_hostile_audit,audits/private_hostile_qp010_qp021/suggested_retests/RT_QP017B_TOPOLOGICAL_ROLE_SELECTOR.md,ae5f7e58030fbdbf68812df13eadde65acdf3ecc8716eb731b870be3712ae37f,C:/VS/quantum_phase,f3d26b4b373d72d35856fc7050aa984982a00271,CR060,Hostile QP010-QP021 audit and RT_QP019 mass surface replay
RT_QP017_ROLE_NEIGHBORHOOD_NULL_CONTROL.md,qp_hostile_audit,audits/private_hostile_qp010_qp021/suggested_retests/RT_QP017_ROLE_NEIGHBORHOOD_NULL_CONTROL.md,5b099d6a0c11c3351ec6a345a53cd4e6c4416df210ddf78384b9ef8396274039,C:/VS/quantum_phase,f3d26b4b373d72d35856fc7050aa984982a00271,CR060,Hostile QP010-QP021 audit and RT_QP019 mass surface replay
RT_QP018_SLOT_SELECTOR_INDEPENDENCE.md,qp_hostile_audit,audits/private_hostile_qp010_qp021/suggested_retests/RT_QP018_SLOT_SELECTOR_INDEPENDENCE.md,628cb55ec05d7acf5d53055dd77aeda82d1c408f0d4362b7c3ef416fb32ad8a7,C:/VS/quantum_phase,f3d26b4b373d72d35856fc7050aa984982a00271,CR060,Hostile QP010-QP021 audit and RT_QP019 mass surface replay
RT_QP019_MASS_SURFACE_REPLAY.md,qp_hostile_audit,audits/private_hostile_qp010_qp021/suggested_retests/RT_QP019_MASS_SURFACE_REPLAY.md,8fc2826cd1cfeba24ad837a3603263875b48bdf80768319b22504607edef10c5,C:/VS/quantum_phase,f3d26b4b373d72d35856fc7050aa984982a00271,CR060,Hostile QP010-QP021 audit and RT_QP019 mass surface replay
RT_QP021_TRANSIENT_CARRIER_CONTROL.md,qp_hostile_audit,audits/private_hostile_qp010_qp021/suggested_retests/RT_QP021_TRANSIENT_CARRIER_CONTROL.md,3da998b15ac1ea50a167494fbc7e3671b39c73084bd0ae91298cec2bf3517608,C:/VS/quantum_phase,f3d26b4b373d72d35856fc7050aa984982a00271,CR060,Hostile QP010-QP021 audit and RT_QP019 mass surface replay
build_phase4_particle_tables.py,phase4_table,phase4_tables/build_phase4_particle_tables.py,e53e5429ccceba6cb5da14318e96ba5933d8119c75443d8884ea150a90e07207,C:/VS/quantum_phase,f3d26b4b373d72d35856fc7050aa984982a00271,CR062,Phase4 frozen private particle surface
patch_phase4_image_notes.py,phase4_table,phase4_tables/patch_phase4_image_notes.py,c1985e41e5c821f573539b009064847b9ff4012f2050df6a8b80cbc9313595fa,C:/VS/quantum_phase,f3d26b4b373d72d35856fc7050aa984982a00271,CR062,Phase4 frozen private particle surface
phase4_a_road_coherence_gate_table.csv,phase4_table,phase4_tables/phase4_a_road_coherence_gate_table.csv,9c4fe4e69ea084f0d82d9056a26a3c87437e1e13b0de6ba34c31c234c6ae677a,C:/VS/quantum_phase,f3d26b4b373d72d35856fc7050aa984982a00271,CR062,Phase4 frozen private particle surface
phase4_blank_registry.csv,phase4_table,phase4_tables/phase4_blank_registry.csv,dc79147b3c3224d374ebbbb10c22f601f5fe3b8892fd66a736eb57d9468dd2e6,C:/VS/quantum_phase,f3d26b4b373d72d35856fc7050aa984982a00271,CR062,Phase4 frozen private particle surface
phase4_blank_registry_final.csv,phase4_table,phase4_tables/phase4_blank_registry_final.csv,bc3b338493731a0124d11400e562fd63abe2ae562ab03865aba25870a8ad6f28,C:/VS/quantum_phase,f3d26b4b373d72d35856fc7050aa984982a00271,CR062,Phase4 frozen private particle surface
phase4_blank_registry_final_qp066.csv,phase4_table,phase4_tables/phase4_blank_registry_final_qp066.csv,cbd0cc5ead1b5959e1fb4f08ade7860e1dd5c2d9d28f4d0450935a40d73210f3,C:/VS/quantum_phase,f3d26b4b373d72d35856fc7050aa984982a00271,CR062,Phase4 frozen private particle surface
phase4_blank_registry_final_qp073.csv,phase4_table,phase4_tables/phase4_blank_registry_final_qp073.csv,a94f14666b8814f9a2b72dd9da642c5fd9cc33575e27345b94ff8afc3fc18f0f,C:/VS/quantum_phase,f3d26b4b373d72d35856fc7050aa984982a00271,CR062,Phase4 frozen private particle surface
phase4_blank_registry_post_qp062.csv,phase4_table,phase4_tables/phase4_blank_registry_post_qp062.csv,746fb387c8ba3def7f3912444922bd9c9b9cfd373326920f275dbf6d5997bcb2,C:/VS/quantum_phase,f3d26b4b373d72d35856fc7050aa984982a00271,CR062,Phase4 frozen private particle surface
phase4_blank_registry_v2.csv,phase4_table,phase4_tables/phase4_blank_registry_v2.csv,ff3a4fdd9c9e3e90009457ef5900e0dbf437689f2bafd8be3834cd40c5e9d913,C:/VS/quantum_phase,f3d26b4b373d72d35856fc7050aa984982a00271,CR062,Phase4 frozen private particle surface
phase4_blank_registry_v3.csv,phase4_table,phase4_tables/phase4_blank_registry_v3.csv,7c819e840244e25b1a18f5ddd4e8fe98c3f11fb66b855209204783c0142a8704,C:/VS/quantum_phase,f3d26b4b373d72d35856fc7050aa984982a00271,CR062,Phase4 frozen private particle surface
phase4_composite_scaffold_table.csv,phase4_table,phase4_tables/phase4_composite_scaffold_table.csv,b1648d3faae8b78cc8a876daf227df37d231b30c90d5e9da68c5976f6a4d19b0,C:/VS/quantum_phase,f3d26b4b373d72d35856fc7050aa984982a00271,CR062,Phase4 frozen private particle surface
phase4_composite_scaffold_table.png,phase4_table,phase4_tables/phase4_composite_scaffold_table.png,cca46a9e2581309253ac9d05190e1e7992ec23af9f73eb6b6a7ed7b9970c3a1f,C:/VS/quantum_phase,f3d26b4b373d72d35856fc7050aa984982a00271,CR062,Phase4 frozen private particle surface
phase4_composite_support_table.csv,phase4_table,phase4_tables/phase4_composite_support_table.csv,48c46792412f16b5410f0a066d251cea5f95bff25486aab1703bbfae6debdf63,C:/VS/quantum_phase,f3d26b4b373d72d35856fc7050aa984982a00271,CR062,Phase4 frozen private particle surface
phase4_composite_support_table.png,phase4_table,phase4_tables/phase4_composite_support_table.png,18093dab07ea6f148487c68550e1a2824726156d21a194fc870f25ee3badc957,C:/VS/quantum_phase,f3d26b4b373d72d35856fc7050aa984982a00271,CR062,Phase4 frozen private particle surface
phase4_element_a_road_context_v1.csv,phase4_table,phase4_tables/phase4_element_a_road_context_v1.csv,393ec6f9fa1fc0c57295b557dd2a63f560993f1a4bc530b4b1cac801e7bbd043,C:/VS/quantum_phase,f3d26b4b373d72d35856fc7050aa984982a00271,CR062,Phase4 frozen private particle surface
phase4_element_periodic_atlas.csv,phase4_table,phase4_tables/phase4_element_periodic_atlas.csv,f0a32d80be223259a9dee68d49a53485435d927fca3ce2956a18882599fdc0ea,C:/VS/quantum_phase,f3d26b4b373d72d35856fc7050aa984982a00271,CR062,Phase4 frozen private particle surface
phase4_freeze_summary.csv,phase4_table,phase4_tables/phase4_freeze_summary.csv,d4a94d209b24ff75e0fd730b9c00db8c55bb457df53525c64d82eea276226ee5,C:/VS/quantum_phase,f3d26b4b373d72d35856fc7050aa984982a00271,CR062,Phase4 frozen private particle surface
phase4_freeze_summary_final_qp066.csv,phase4_table,phase4_tables/phase4_freeze_summary_final_qp066.csv,79cc4fd33ec85091de5b6bb09f664c52656049239a172b24a8c75944c015ede8,C:/VS/quantum_phase,f3d26b4b373d72d35856fc7050aa984982a00271,CR062,Phase4 frozen private particle surface
phase4_freeze_summary_final_qp073.csv,phase4_table,phase4_tables/phase4_freeze_summary_final_qp073.csv,dfd5559d9d8ce21a7062a38d110f6a1fde4e2515a16e0444c8dab853522af731,C:/VS/quantum_phase,f3d26b4b373d72d35856fc7050aa984982a00271,CR062,Phase4 frozen private particle surface
phase4_freeze_summary_post_qp062.csv,phase4_table,phase4_tables/phase4_freeze_summary_post_qp062.csv,d92080993409eed4ce93a0abdf265f8333adeb50a58a4b7542fb67dc7efb5028,C:/VS/quantum_phase,f3d26b4b373d72d35856fc7050aa984982a00271,CR062,Phase4 frozen private particle surface
phase4_identity_composite_boundary_table.csv,phase4_table,phase4_tables/phase4_identity_composite_boundary_table.csv,477f3a6582e78339d9cb71fd93b989479090020c62f6fddd48c719322edd14a6,C:/VS/quantum_phase,f3d26b4b373d72d35856fc7050aa984982a00271,CR062,Phase4 frozen private particle surface
phase4_parameter_free_particle_table.csv,phase4_table,phase4_tables/phase4_parameter_free_particle_table.csv,eb65dbad77806e74eb721d1e27bb0c7de310c888b72271eb3fe58e187e3bac55,C:/VS/quantum_phase,f3d26b4b373d72d35856fc7050aa984982a00271,CR062,Phase4 frozen private particle surface
phase4_parameter_free_particle_table.png,phase4_table,phase4_tables/phase4_parameter_free_particle_table.png,1e9c896562213dd87026282207b55b0ab519870c93bfe6f27901c7d9e37fcd24,C:/VS/quantum_phase,f3d26b4b373d72d35856fc7050aa984982a00271,CR062,Phase4 frozen private particle surface
phase4_parameter_free_particle_table_with_gauge_bosons.csv,phase4_table,phase4_tables/phase4_parameter_free_particle_table_with_gauge_bosons.csv,28eee8c02a16844d77f1faf80d0e4ea22fe06493e3c58540ad1cca095791e530,C:/VS/quantum_phase,f3d26b4b373d72d35856fc7050aa984982a00271,CR062,Phase4 frozen private particle surface
phase4_particle_composite_freeze_v2.csv,phase4_table,phase4_tables/phase4_particle_composite_freeze_v2.csv,232f8ff86940e7ca99738b1548fc45522ef722fa451622de62a1a248a3565d35,C:/VS/quantum_phase,f3d26b4b373d72d35856fc7050aa984982a00271,CR062,Phase4 frozen private particle surface
phase4_particle_periodic_matrix.csv,phase4_table,phase4_tables/phase4_particle_periodic_matrix.csv,6c9298a1c9fa4164615fdf179dc6dafde2f612081ac1d6d3b61d227bb89a7941,C:/VS/quantum_phase,f3d26b4b373d72d35856fc7050aa984982a00271,CR062,Phase4 frozen private particle surface
phase4_particle_periodic_matrix.png,phase4_table,phase4_tables/phase4_particle_periodic_matrix.png,696b914f23229ce288514229483faeec9bec63034cceb5d6234b5038f0097b04,C:/VS/quantum_phase,f3d26b4b373d72d35856fc7050aa984982a00271,CR062,Phase4 frozen private particle surface
phase4_qp043_carrier_family_summary.png,phase4_table,phase4_tables/phase4_qp043_carrier_family_summary.png,ecd774699f6c22ea8cef1c4fb2f41a3ff57769c0a0a2691c3a4f5a94d7b84e51,C:/VS/quantum_phase,f3d26b4b373d72d35856fc7050aa984982a00271,CR062,Phase4 frozen private particle surface
phase4_qp043_unknown_mode_assignment_table.png,phase4_table,phase4_tables/phase4_qp043_unknown_mode_assignment_table.png,3b1c3377c354c5103467acc11028c86a3f23fa6ba3d4811d991e98c458dcdacd,C:/VS/quantum_phase,f3d26b4b373d72d35856fc7050aa984982a00271,CR062,Phase4 frozen private particle surface
phase4_qp046_partition_geometry_lane_table.png,phase4_table,phase4_tables/phase4_qp046_partition_geometry_lane_table.png,4248a802ac6b665e4768c5a90f1ff5e0dc352c933d0c3565ae8bff4fca930619,C:/VS/quantum_phase,f3d26b4b373d72d35856fc7050aa984982a00271,CR062,Phase4 frozen private particle surface
phase4_qp047_element_a_road_context_table.png,phase4_table,phase4_tables/phase4_qp047_element_a_road_context_table.png,ccc18da48fedfd74f60f284a1a025510e79b39dd27100ac1f498165031f4f062,C:/VS/quantum_phase,f3d26b4b373d72d35856fc7050aa984982a00271,CR062,Phase4 frozen private particle surface
phase4_qp048_freeze_summary.png,phase4_table,phase4_tables/phase4_qp048_freeze_summary.png,0287b4dfba2fa54279cd6e27a7da14b4ac1822bfcfacf302548a3f281cb86dab,C:/VS/quantum_phase,f3d26b4b373d72d35856fc7050aa984982a00271,CR062,Phase4 frozen private particle surface
phase4_table_index.csv,phase4_table,phase4_tables/phase4_table_index.csv,d7650c829026c06b87b7a82325b5a451e36f186af852abd70137d776863a1f19,C:/VS/quantum_phase,f3d26b4b373d72d35856fc7050aa984982a00271,CR062,Phase4 frozen private particle surface
phase4_table_index_final.csv,phase4_table,phase4_tables/phase4_table_index_final.csv,39187d14923d8cf08392ecbe547310aff7d8e43833edc86f04edf844d248755a,C:/VS/quantum_phase,f3d26b4b373d72d35856fc7050aa984982a00271,CR062,Phase4 frozen private particle surface
phase4_table_index_v2.csv,phase4_table,phase4_tables/phase4_table_index_v2.csv,10b3075ba0c17cd543553b694b5defbc27652d0427df4753cd9f45b5a75881f0,C:/VS/quantum_phase,f3d26b4b373d72d35856fc7050aa984982a00271,CR062,Phase4 frozen private particle surface
phase4_unknown_mode_candidates.csv,phase4_table,phase4_tables/phase4_unknown_mode_candidates.csv,9b17ce966ead04ac57e8ee8531dfff3da61945a881782f5224f6f088e832f55f,C:/VS/quantum_phase,f3d26b4b373d72d35856fc7050aa984982a00271,CR062,Phase4 frozen private particle surface
phase5_decay_direction_chain_v1.csv,phase4_table,phase4_tables/phase5_decay_direction_chain_v1.csv,ca76bf78f235aeb88c938698725cc9a1830fcd18f2c501a9a3f748a52c5eb3a2,C:/VS/quantum_phase,f3d26b4b373d72d35856fc7050aa984982a00271,CR062,Phase4 frozen private particle surface
phase5_freeze_summary.csv,phase4_table,phase4_tables/phase5_freeze_summary.csv,cf5476cc6770ea3ca6dd0a1fccf5fecb9287b09078f1f66134fb21f284ca4049,C:/VS/quantum_phase,f3d26b4b373d72d35856fc7050aa984982a00271,CR062,Phase4 frozen private particle surface
phase5_isotope_neighbor_ladder_v1.csv,phase4_table,phase4_tables/phase5_isotope_neighbor_ladder_v1.csv,926fd481584bc5a961833a2b215de1e12c59e0a95e9f24aaee6ad7c31dd78add,C:/VS/quantum_phase,f3d26b4b373d72d35856fc7050aa984982a00271,CR062,Phase4 frozen private particle surface
phase5_isotope_roster_stability_lanes_v1.csv,phase4_table,phase4_tables/phase5_isotope_roster_stability_lanes_v1.csv,8c5ff6e572fee317dbf608508c1d669d9d07747fb6fa36f2c56903672c74a4c9,C:/VS/quantum_phase,f3d26b4b373d72d35856fc7050aa984982a00271,CR062,Phase4 frozen private particle surface
phase5_isotope_seed_identity_v1.csv,phase4_table,phase4_tables/phase5_isotope_seed_identity_v1.csv,d379ea43232299f1847010839ef162e0cb3e9a63def5f078c74d1587ec9ee195,C:/VS/quantum_phase,f3d26b4b373d72d35856fc7050aa984982a00271,CR062,Phase4 frozen private particle surface
phase5_neutron_excess_binding_depth_lanes_v1.csv,phase4_table,phase4_tables/phase5_neutron_excess_binding_depth_lanes_v1.csv,4aa7e10bbc986c18d1c3d0e990f802fdda360603e3de8bbee4b0225be1684f61,C:/VS/quantum_phase,f3d26b4b373d72d35856fc7050aa984982a00271,CR062,Phase4 frozen private particle surface
phase5_numeric_deltaN_binding_mass_v1.csv,phase4_table,phase4_tables/phase5_numeric_deltaN_binding_mass_v1.csv,4b39e18f8b4f350c11837db5b90e47fca5ecfcf56d40c81075634bdbf9898b13,C:/VS/quantum_phase,f3d26b4b373d72d35856fc7050aa984982a00271,CR062,Phase4 frozen private particle surface
phase5_pressure_extension_freeze_summary.csv,phase4_table,phase4_tables/phase5_pressure_extension_freeze_summary.csv,42a7b1f855d56b91f344f1e213de32c3429e852956246a9902c91c413493b769,C:/VS/quantum_phase,f3d26b4b373d72d35856fc7050aa984982a00271,CR062,Phase4 frozen private particle surface
phase5_residual_stability_decay_pressure_v1.csv,phase4_table,phase4_tables/phase5_residual_stability_decay_pressure_v1.csv,ba0af64bde97d848106cd76e0a75404a44aeda91da3f6558acb3ff97389f07d8,C:/VS/quantum_phase,f3d26b4b373d72d35856fc7050aa984982a00271,CR062,Phase4 frozen private particle surface
phase5_sealed_hash_manifest.csv,phase4_table,phase4_tables/phase5_sealed_hash_manifest.csv,4461edd2fea795fa84ea20c1c230005f8eaae968ed11640196850f29bc28a273,C:/VS/quantum_phase,f3d26b4b373d72d35856fc7050aa984982a00271,CR062,Phase4 frozen private particle surface
phase5_sealed_prediction_manifest.csv,phase4_table,phase4_tables/phase5_sealed_prediction_manifest.csv,19781d97b1008b3b1a1d030c64f37ab8ad7e55b7127cc75b72a0ab2792f697c3,C:/VS/quantum_phase,f3d26b4b373d72d35856fc7050aa984982a00271,CR062,Phase4 frozen private particle surface
phase5_symmetric_isotope_seed_mass_v1.csv,phase4_table,phase4_tables/phase5_symmetric_isotope_seed_mass_v1.csv,e3526401c6a6c57c7e0526ea5478c17ea000aa932038e85fe89538fcc35deb93,C:/VS/quantum_phase,f3d26b4b373d72d35856fc7050aa984982a00271,CR062,Phase4 frozen private particle surface
phase5_visual_anchor_digest.csv,phase4_table,phase4_tables/phase5_visual_anchor_digest.csv,22d6c4738033f1a4d0fec020726541fa55963e3f4b5c68f86280289b26cde0ed,C:/VS/quantum_phase,f3d26b4b373d72d35856fc7050aa984982a00271,CR062,Phase4 frozen private particle surface
phase5_visual_anchor_digest.png,phase4_table,phase4_tables/phase5_visual_anchor_digest.png,50470ba74e15d7c77916d1231fd3e99394b04ad2acb636dca25621f4f3158123,C:/VS/quantum_phase,f3d26b4b373d72d35856fc7050aa984982a00271,CR062,Phase4 frozen private particle surface
phase5_visual_chain_summary.png,phase4_table,phase4_tables/phase5_visual_chain_summary.png,abf019274f0fff85c5fbb0c84522bcb3de33d307b21d5e90a7b422b95343b7c8,C:/VS/quantum_phase,f3d26b4b373d72d35856fc7050aa984982a00271,CR062,Phase4 frozen private particle surface
phase5_visual_residual_pressure_map.png,phase4_table,phase4_tables/phase5_visual_residual_pressure_map.png,c7f2c03aee6ddf6a7ed84667e7dd91e5199ab79faac472cce52e6efc9c404343,C:/VS/quantum_phase,f3d26b4b373d72d35856fc7050aa984982a00271,CR062,Phase4 frozen private particle surface
README_PHASE4_TABLES.md,phase4_table,phase4_tables/README_PHASE4_TABLES.md,7298b80d108be2a94afa2708e092a2f80f4133f1321fc39557f1e387dc1327d4,C:/VS/quantum_phase,f3d26b4b373d72d35856fc7050aa984982a00271,CR062,Phase4 frozen private particle surface
render_phase4_private_table_pngs.py,phase4_table,phase4_tables/render_phase4_private_table_pngs.py,bf96be9a4d3db41d21c894813a2e28e2b4c89887ff70efd30a25b08ed483c61f,C:/VS/quantum_phase,f3d26b4b373d72d35856fc7050aa984982a00271,CR062,Phase4 frozen private particle surface
phase4_composite_scaffold_table_2026_06_09.csv,phase4_table,phase4_tables/png_csv_exports_2026_06_09/phase4_composite_scaffold_table_2026_06_09.csv,b1648d3faae8b78cc8a876daf227df37d231b30c90d5e9da68c5976f6a4d19b0,C:/VS/quantum_phase,f3d26b4b373d72d35856fc7050aa984982a00271,CR062,Phase4 frozen private particle surface
phase4_composite_support_table_2026_06_09.csv,phase4_table,phase4_tables/png_csv_exports_2026_06_09/phase4_composite_support_table_2026_06_09.csv,48c46792412f16b5410f0a066d251cea5f95bff25486aab1703bbfae6debdf63,C:/VS/quantum_phase,f3d26b4b373d72d35856fc7050aa984982a00271,CR062,Phase4 frozen private particle surface
phase4_parameter_free_particle_table_2026_06_09.csv,phase4_table,phase4_tables/png_csv_exports_2026_06_09/phase4_parameter_free_particle_table_2026_06_09.csv,eb65dbad77806e74eb721d1e27bb0c7de310c888b72271eb3fe58e187e3bac55,C:/VS/quantum_phase,f3d26b4b373d72d35856fc7050aa984982a00271,CR062,Phase4 frozen private particle surface
phase4_particle_periodic_matrix_2026_06_09.csv,phase4_table,phase4_tables/png_csv_exports_2026_06_09/phase4_particle_periodic_matrix_2026_06_09.csv,6c9298a1c9fa4164615fdf179dc6dafde2f612081ac1d6d3b61d227bb89a7941,C:/VS/quantum_phase,f3d26b4b373d72d35856fc7050aa984982a00271,CR062,Phase4 frozen private particle surface
README.md,phase4_table,phase4_tables/png_csv_exports_2026_06_09/README.md,c79c0ec499daabe3cbb9ce07646c6f0c25bde9c485bdabad1ccf60cc63f547f0,C:/VS/quantum_phase,f3d26b4b373d72d35856fc7050aa984982a00271,CR062,Phase4 frozen private particle surface
sam_composite_support_rows_2026_06_09.csv,phase4_table,phase4_tables/png_csv_exports_2026_06_09/sam_composite_support_rows_2026_06_09.csv,aa2ec0f9ec932892ae4d6d7084319cb0cf34bcd4dfeb2e77d3df8237d59721be,C:/VS/quantum_phase,f3d26b4b373d72d35856fc7050aa984982a00271,CR062,Phase4 frozen private particle surface
sam_element_primary_roster_2026_06_09.csv,phase4_table,phase4_tables/png_csv_exports_2026_06_09/sam_element_primary_roster_2026_06_09.csv,dda8cb40b1a620fa050e5a8282d49eb95655200fc92a43a58641a831a02c4488,C:/VS/quantum_phase,f3d26b4b373d72d35856fc7050aa984982a00271,CR062,Phase4 frozen private particle surface
sam_isotope_vault_rows_2026_06_09.csv,phase4_table,phase4_tables/png_csv_exports_2026_06_09/sam_isotope_vault_rows_2026_06_09.csv,7e81752fb1a269476171902f9a7b9aba3fad7eea2de5c0dbb3a75f0475208d03,C:/VS/quantum_phase,f3d26b4b373d72d35856fc7050aa984982a00271,CR062,Phase4 frozen private particle surface
sam_particle_composite_freeze_rows_2026_06_09.csv,phase4_table,phase4_tables/png_csv_exports_2026_06_09/sam_particle_composite_freeze_rows_2026_06_09.csv,ee9912777c92ad085d74f55e5f8721a97c0079bdc5746717eedbaecfdc10831d,C:/VS/quantum_phase,f3d26b4b373d72d35856fc7050aa984982a00271,CR062,Phase4 frozen private particle surface
sam_particle_periodic_matrix_2026_06_09.csv,phase4_table,phase4_tables/png_csv_exports_2026_06_09/sam_particle_periodic_matrix_2026_06_09.csv,cda53726d53f82d7366f4ffe14ded61df0878803a205fa94fe3f39f2fd16253c,C:/VS/quantum_phase,f3d26b4b373d72d35856fc7050aa984982a00271,CR062,Phase4 frozen private particle surface
sam_particle_rest_rows_2026_06_09.csv,phase4_table,phase4_tables/png_csv_exports_2026_06_09/sam_particle_rest_rows_2026_06_09.csv,0a7720e11cdd2a1cccd171915e012101853635d57e3dc395ec00ad9a3ab20d88,C:/VS/quantum_phase,f3d26b4b373d72d35856fc7050aa984982a00271,CR062,Phase4 frozen private particle surface
sam_periodic_table_z001_z118_2026_06_09.csv,phase4_table,phase4_tables/png_csv_exports_2026_06_09/sam_periodic_table_z001_z118_2026_06_09.csv,59996e4926fb5e6dc22ae434c0f36c7cbe5e07d532f8e1ed9930093d1c14bb18,C:/VS/quantum_phase,f3d26b4b373d72d35856fc7050aa984982a00271,CR062,Phase4 frozen private particle surface
sam_phase5_anchor_digest_2026_06_09.csv,phase4_table,phase4_tables/png_csv_exports_2026_06_09/sam_phase5_anchor_digest_2026_06_09.csv,b4fa56fe8fba70c9c628f5ffeee910aa1db947c306f6f3828e426baeb8dd4e4d,C:/VS/quantum_phase,f3d26b4b373d72d35856fc7050aa984982a00271,CR062,Phase4 frozen private particle surface
sam_png_csv_export_index_2026_06_09.csv,phase4_table,phase4_tables/png_csv_exports_2026_06_09/sam_png_csv_export_index_2026_06_09.csv,cda589d549ba3055d1d7687140a75be6a8add228e34dfb7a7db9558d2d5d05ce,C:/VS/quantum_phase,f3d26b4b373d72d35856fc7050aa984982a00271,CR062,Phase4 frozen private particle surface
sam_qp061_band_summary_2026_06_09.csv,phase4_table,phase4_tables/png_csv_exports_2026_06_09/sam_qp061_band_summary_2026_06_09.csv,7c8b0f3626c92789f32df990948be004685532971a75e09aaeac3902b54f9c09,C:/VS/quantum_phase,f3d26b4b373d72d35856fc7050aa984982a00271,CR062,Phase4 frozen private particle surface
sam_qp061_lane_summary_2026_06_09.csv,phase4_table,phase4_tables/png_csv_exports_2026_06_09/sam_qp061_lane_summary_2026_06_09.csv,4dd32ccf447f16c233528af54faff1992fe5411022b21e015513d5e5304bf979,C:/VS/quantum_phase,f3d26b4b373d72d35856fc7050aa984982a00271,CR062,Phase4 frozen private particle surface
OPERATIONAL_MEMORY.md,memory_provenance,C:/VS/memory/OPERATIONAL_MEMORY.md,857d4df61c5e278440343c26ab83a8cd0f4e991235e1cec75da7bc121d6c16ce,C:/VS/memory,no_repo,CR059;CR060,Lab-tier memory layer file (rule cited in seal)
PRIORITY_RECORD.md,memory_provenance,C:/VS/memory/PRIORITY_RECORD.md,6e803776d082adaa3be2fadcf792444a41d5aff47716afd57ec57272ba12b3fb,C:/VS/memory,no_repo,CR059;CR060,Lab-tier memory layer file (rule cited in seal)
PASS_LOG.md,memory_provenance,C:/VS/memory/PASS_LOG.md,bf3c146473a11fe9e0a52ec2d5f4e23ae92b9ec887244af8b1be057c60a0c6fa,C:/VS/memory,no_repo,CR059;CR060,Lab-tier memory layer file (rule cited in seal)
DIRECTIVE_INDEX.md,memory_provenance,C:/VS/memory/DIRECTIVE_INDEX.md,71b8985068fd9ac6d659ec6ccce2ddb213e6ba87443077b3bc73181ca7a2e715,C:/VS/memory,no_repo,CR059;CR060,Lab-tier memory layer file (rule cited in seal)
FAILURE_LOG.md,memory_provenance,C:/VS/memory/FAILURE_LOG.md,1e58fe4edc2e3b917fe7649b46fc0dd7d34713578f98580d0b6138517c126def,C:/VS/memory,no_repo,CR059;CR060,Lab-tier memory layer file (rule cited in seal)
SEALED_PARTICLE_MASS_CHAIN_SCOPE_APPROACH_2026_06_13.md,courtroom_seal,09_PARTICLE_MASS_CHAIN/SEALED_PARTICLE_MASS_CHAIN_SCOPE_APPROACH_2026_06_13.md,ab7cdebb8a2c56f98a1e242967b30fbb05d1fb4ec40719061e779608e87e50c8,C:/VS/The_Courtroom,83ac34ea7867fb2f73778f87678f84c4e10c1f20,branch_scope,Sealed scope approach 09 branch root
SEALED_PARTICLE_MASS_CHAIN_SCOPE_APPROACH_2026_06_13.sha256.txt,courtroom_seal,09_PARTICLE_MASS_CHAIN/SEALED_PARTICLE_MASS_CHAIN_SCOPE_APPROACH_2026_06_13.sha256.txt,d66b5c70d23e0e476cda74ed64d46f9d23cd02355a412ea32243c7e7c56f6456,C:/VS/The_Courtroom,83ac34ea7867fb2f73778f87678f84c4e10c1f20,branch_scope,Sealed scope approach 09 branch root
