ell,Dl_planck,sigma_planck,Dl_SAM_theory,residual,z_score
30,1.502252e+00,3.536843e+00,1.904261e+00,4.020091e-01,0.1137
31,1.611426e+00,3.518771e+00,1.931679e+00,3.202533e-01,0.0910
32,3.306637e+00,3.503069e+00,1.952340e+00,-1.354297e+00,-0.3866
33,-4.272596e-02,3.493051e+00,1.964659e+00,2.007385e+00,0.5747
34,1.186018e+00,3.486595e+00,1.970049e+00,7.840308e-01,0.2249
35,-2.045030e+00,3.483637e+00,1.960482e+00,4.005512e+00,1.1498
36,3.858202e+00,3.483838e+00,1.947032e+00,-1.911170e+00,-0.5486
37,6.757431e+00,3.487363e+00,1.922707e+00,-4.834724e+00,-1.3864
38,6.721415e+00,3.493802e+00,1.888194e+00,-4.833221e+00,-1.3834
39,3.157245e-01,3.502961e+00,1.843362e+00,1.527637e+00,0.4361
40,4.165823e+00,3.514651e+00,1.786854e+00,-2.378969e+00,-0.6769
41,6.574405e-02,3.528906e+00,1.717811e+00,1.652067e+00,0.4682
42,-6.489063e-01,3.545338e+00,1.637295e+00,2.286202e+00,0.6448
43,1.898264e+00,3.563782e+00,1.546451e+00,-3.518126e-01,-0.0987
44,-8.597366e-01,3.584313e+00,1.444819e+00,2.304556e+00,0.6430
45,-1.578387e+00,3.606987e+00,1.331634e+00,2.910021e+00,0.8068
46,-1.575681e+00,3.631593e+00,1.206549e+00,2.782230e+00,0.7661
47,1.728088e+00,3.657929e+00,1.069032e+00,-6.590557e-01,-0.1802
48,-4.904583e-01,3.686079e+00,9.184863e-01,1.408945e+00,0.3822
49,6.967885e+00,3.716123e+00,7.543897e-01,-6.213495e+00,-1.6720
50,1.108557e+00,3.747845e+00,5.763585e-01,-5.321983e-01,-0.1420
51,9.887925e+00,3.781037e+00,3.843064e-01,-9.503618e+00,-2.5135
52,-3.904995e+00,3.815787e+00,1.791338e-01,4.084129e+00,1.0703
53,-6.215301e+00,3.852186e+00,-3.822218e-02,6.177078e+00,1.6035
54,4.851016e+00,3.890039e+00,-2.676834e-01,-5.118699e+00,-1.3158
55,-1.188020e+00,3.929155e+00,-5.095413e-01,6.784785e-01,0.1727
56,-9.061595e+00,3.969796e+00,-7.647107e-01,8.296885e+00,2.0900
57,-6.998917e+00,4.012025e+00,-1.034034e+00,5.964883e+00,1.4868
58,-3.776110e+00,4.055613e+00,-1.317655e+00,2.458454e+00,0.6062
59,2.527824e+00,4.100334e+00,-1.615433e+00,-4.143256e+00,-1.0105
60,-2.927181e+00,4.146275e+00,-1.926807e+00,1.000374e+00,0.2413
61,-6.866291e+00,4.193636e+00,-2.251263e+00,4.615029e+00,1.1005
62,-6.607479e+00,4.242417e+00,-2.588807e+00,4.018672e+00,0.9473
63,5.834825e-01,4.292502e+00,-2.939594e+00,-3.523077e+00,-0.8208
64,-6.216298e+00,4.343852e+00,-3.303772e+00,2.912527e+00,0.6705
65,-2.027235e+00,4.396423e+00,-3.681545e+00,-1.654310e+00,-0.3763
66,-3.195845e+00,4.450170e+00,-4.073142e+00,-8.772966e-01,-0.1971
67,-4.545834e-02,4.505053e+00,-4.478034e+00,-4.432576e+00,-0.9839
68,-5.430466e+00,4.561026e+00,-4.895500e+00,5.349659e-01,0.1173
69,8.840813e-01,4.618048e+00,-5.324846e+00,-6.208928e+00,-1.3445
70,-4.392437e+00,4.676070e+00,-5.765574e+00,-1.373137e+00,-0.2937
71,-5.472527e+00,4.735051e+00,-6.217490e+00,-7.449632e-01,-0.1573
72,-7.254923e+00,4.794950e+00,-6.681456e+00,5.734673e-01,0.1196
73,-1.068186e+01,4.855730e+00,-7.158379e+00,3.523482e+00,0.7256
74,-1.490662e+01,4.917348e+00,-7.648099e+00,7.258524e+00,1.4761
75,-2.186295e+00,4.979773e+00,-8.150120e+00,-5.963825e+00,-1.1976
76,-1.164353e+01,5.042967e+00,-8.663867e+00,2.979666e+00,0.5909
77,-6.899648e+00,5.106902e+00,-9.187921e+00,-2.288273e+00,-0.4481
78,-5.622695e+00,5.171545e+00,-9.721875e+00,-4.099180e+00,-0.7926
79,-9.975815e+00,5.236868e+00,-1.026562e+01,-2.898053e-01,-0.0553
80,-7.317726e+00,5.302846e+00,-1.081920e+01,-3.501469e+00,-0.6603
81,-1.100627e+01,5.369435e+00,-1.138241e+01,-3.761348e-01,-0.0701
82,-1.790193e+01,5.436616e+00,-1.195486e+01,5.947067e+00,1.0939
83,-7.913482e+00,5.504335e+00,-1.253631e+01,-4.622831e+00,-0.8399
84,-5.126119e+00,5.572549e+00,-1.312620e+01,-8.000086e+00,-1.4356
85,-1.346189e+01,5.641202e+00,-1.372436e+01,-2.624677e-01,-0.0465
86,-1.136802e+01,5.710247e+00,-1.433019e+01,-2.962173e+00,-0.5187
87,-7.420665e+00,5.779635e+00,-1.494318e+01,-7.522517e+00,-1.3016
88,-1.727197e+01,5.849328e+00,-1.556277e+01,1.709200e+00,0.2922
89,-1.458903e+01,5.919301e+00,-1.618847e+01,-1.599439e+00,-0.2702
90,-9.365373e+00,5.989481e+00,-1.681996e+01,-7.454586e+00,-1.2446
91,-1.948603e+01,6.059823e+00,-1.745667e+01,2.029361e+00,0.3349
92,-1.681250e+01,6.130275e+00,-1.809839e+01,-1.285883e+00,-0.2098
93,-3.187818e+01,6.200804e+00,-1.874458e+01,1.313360e+01,2.1180
94,-1.886426e+01,6.271355e+00,-1.939502e+01,-5.307609e-01,-0.0846
95,-1.520385e+01,6.341896e+00,-2.004920e+01,-4.845345e+00,-0.7640
96,-1.714140e+01,6.412370e+00,-2.070666e+01,-3.565260e+00,-0.5560
97,-2.787341e+01,6.482737e+00,-2.136695e+01,6.506453e+00,1.0037
98,-1.473739e+01,6.552965e+00,-2.202964e+01,-7.292247e+00,-1.1128
99,-2.052243e+01,6.623008e+00,-2.269419e+01,-2.171766e+00,-0.3279
100,-2.522452e+01,6.692819e+00,-2.336009e+01,1.864433e+00,0.2786
101,-2.394646e+01,6.762344e+00,-2.402682e+01,-8.035455e-02,-0.0119
102,-2.240322e+01,6.831542e+00,-2.469407e+01,-2.290846e+00,-0.3353
103,-2.701669e+01,6.900393e+00,-2.536103e+01,1.655664e+00,0.2399
104,-3.060711e+01,6.968811e+00,-2.602732e+01,4.579787e+00,0.6572
105,-2.327881e+01,7.036803e+00,-2.669235e+01,-3.413548e+00,-0.4851
106,-1.986394e+01,7.104277e+00,-2.735546e+01,-7.491521e+00,-1.0545
107,-3.860037e+01,7.171240e+00,-2.801619e+01,1.058418e+01,1.4759
108,-4.284710e+01,7.237609e+00,-2.867394e+01,1.417315e+01,1.9583
109,-3.982872e+01,7.303350e+00,-2.932806e+01,1.050066e+01,1.4378
110,-2.973179e+01,7.368459e+00,-2.997809e+01,-2.463014e-01,-0.0334
111,-1.543394e+01,7.432839e+00,-3.062350e+01,-1.518956e+01,-2.0436
112,-3.127205e+01,7.496514e+00,-3.126356e+01,8.497527e-03,0.0011
113,-1.597861e+01,7.559377e+00,-3.189786e+01,-1.591924e+01,-2.1059
114,-1.779650e+01,7.621436e+00,-3.252573e+01,-1.472923e+01,-1.9326
115,-3.425785e+01,7.682647e+00,-3.314664e+01,1.111202e+00,0.1446
116,-4.811480e+01,7.742968e+00,-3.376006e+01,1.435474e+01,1.8539
117,-5.451772e+01,7.802371e+00,-3.436538e+01,2.015234e+01,2.5828
118,-4.186764e+01,7.860804e+00,-3.496198e+01,6.905659e+00,0.8785
119,-3.110076e+01,7.918244e+00,-3.554942e+01,-4.448656e+00,-0.5618
120,-3.465498e+01,7.974705e+00,-3.612709e+01,-1.472107e+00,-0.1846
121,-5.088394e+01,8.030069e+00,-3.669437e+01,1.418957e+01,1.7671
122,-2.772545e+01,8.084387e+00,-3.725082e+01,-9.525372e+00,-1.1782
123,-4.273020e+01,8.137571e+00,-3.779583e+01,4.934366e+00,0.6064
124,-2.083461e+01,8.189615e+00,-3.832879e+01,-1.749418e+01,-2.1361
125,-3.434509e+01,8.240510e+00,-3.884924e+01,-4.504152e+00,-0.5466
126,-3.835453e+01,8.290135e+00,-3.935665e+01,-1.002114e+00,-0.1209
127,-4.179938e+01,8.338601e+00,-3.985042e+01,1.948968e+00,0.2337
128,-5.096806e+01,8.385769e+00,-4.033008e+01,1.063798e+01,1.2686
129,-3.789654e+01,8.431640e+00,-4.079511e+01,-2.898576e+00,-0.3438
130,-3.554261e+01,8.476200e+00,-4.124490e+01,-5.702294e+00,-0.6727
131,-3.175149e+01,8.519413e+00,-4.167900e+01,-9.927515e+00,-1.1653
132,-2.748023e+01,8.561282e+00,-4.209690e+01,-1.461668e+01,-1.7073
133,-4.929806e+01,8.601731e+00,-4.249816e+01,6.799903e+00,0.7905
134,-4.574521e+01,8.640781e+00,-4.288219e+01,2.863018e+00,0.3313
135,-5.276946e+01,8.678492e+00,-4.324871e+01,9.520742e+00,1.0971
136,-5.791347e+01,8.714736e+00,-4.359707e+01,1.431639e+01,1.6428
137,-3.751618e+01,8.749591e+00,-4.392683e+01,-6.410648e+00,-0.7327
138,-4.661307e+01,8.783019e+00,-4.423763e+01,2.375437e+00,0.2705
139,-4.024394e+01,8.815037e+00,-4.452903e+01,-4.285097e+00,-0.4861
140,-2.981238e+01,8.845651e+00,-4.480061e+01,-1.498823e+01,-1.6944
141,-3.418039e+01,8.874770e+00,-4.505200e+01,-1.087160e+01,-1.2250
142,-5.776102e+01,8.902511e+00,-4.528269e+01,1.247833e+01,1.4017
143,-4.742674e+01,8.928797e+00,-4.549240e+01,1.934344e+00,0.2166
144,-4.170621e+01,8.953665e+00,-4.568069e+01,-3.974479e+00,-0.4439
145,-4.515138e+01,8.977074e+00,-4.584706e+01,-6.956771e-01,-0.0775
146,-5.234771e+01,8.999050e+00,-4.599130e+01,6.356414e+00,0.7063
147,-4.361751e+01,9.019572e+00,-4.611282e+01,-2.495306e+00,-0.2767
148,-3.858347e+01,9.038654e+00,-4.621134e+01,-7.627875e+00,-0.8439
149,-4.104693e+01,9.056270e+00,-4.628643e+01,-5.239500e+00,-0.5785
150,-4.035838e+01,9.072489e+00,-4.633765e+01,-5.979271e+00,-0.6591
151,-4.518833e+01,9.087274e+00,-4.636471e+01,-1.176380e+00,-0.1295
152,-5.103465e+01,9.100707e+00,-4.636734e+01,4.667309e+00,0.5129
153,-4.807485e+01,9.112773e+00,-4.634523e+01,1.729614e+00,0.1898
154,-3.264571e+01,9.123538e+00,-4.629825e+01,-1.365255e+01,-1.4964
155,-5.576767e+01,9.133010e+00,-4.622604e+01,9.541637e+00,1.0447
156,-4.815731e+01,9.141200e+00,-4.612844e+01,2.028867e+00,0.2219
157,-6.159478e+01,9.148158e+00,-4.600518e+01,1.558959e+01,1.7041
158,-5.415545e+01,9.153879e+00,-4.585604e+01,8.299408e+00,0.9067
159,-5.381652e+01,9.158469e+00,-4.568080e+01,8.135719e+00,0.8883
160,-4.776160e+01,9.161868e+00,-4.547932e+01,2.282274e+00,0.2491
161,-3.991044e+01,9.164170e+00,-4.525132e+01,-5.340881e+00,-0.5828
162,-4.790695e+01,9.165347e+00,-4.499672e+01,2.910233e+00,0.3175
163,-4.350258e+01,9.165508e+00,-4.471516e+01,-1.212584e+00,-0.1323
164,-5.168199e+01,9.164625e+00,-4.440665e+01,7.275337e+00,0.7938
165,-3.217351e+01,9.162762e+00,-4.407091e+01,-1.189740e+01,-1.2985
166,-5.282578e+01,9.159949e+00,-4.370786e+01,9.117918e+00,0.9954
167,-6.136226e+01,9.156217e+00,-4.331736e+01,1.804490e+01,1.9708
168,-4.144877e+01,9.151690e+00,-4.289950e+01,-1.450733e+00,-0.1585
169,-4.937701e+01,9.146354e+00,-4.245414e+01,6.922868e+00,0.7569
170,-4.477076e+01,9.140351e+00,-4.198120e+01,2.789555e+00,0.3052
171,-3.835109e+01,9.133666e+00,-4.148063e+01,-3.129538e+00,-0.3426
172,-3.365430e+01,9.126440e+00,-4.095243e+01,-7.298131e+00,-0.7997
173,-5.494791e+01,9.118669e+00,-4.039654e+01,1.455137e+01,1.5958
174,-2.843696e+01,9.110466e+00,-3.981296e+01,-1.137600e+01,-1.2487
175,-3.735778e+01,9.101876e+00,-3.920185e+01,-1.844069e+00,-0.2026
176,-5.791367e+01,9.092965e+00,-3.856315e+01,1.935053e+01,2.1281
177,-3.692865e+01,9.083816e+00,-3.789687e+01,-9.682173e-01,-0.1066
178,-4.209311e+01,9.074491e+00,-3.720312e+01,4.889996e+00,0.5389
179,-5.591003e+01,9.065032e+00,-3.648191e+01,1.942813e+01,2.1432
180,-4.348647e+01,9.055538e+00,-3.573341e+01,7.753059e+00,0.8562
181,-2.832989e+01,9.046056e+00,-3.495780e+01,-6.627911e+00,-0.7327
182,-2.176592e+01,9.036710e+00,-3.415518e+01,-1.238925e+01,-1.3710
183,-2.946421e+01,9.027512e+00,-3.332570e+01,-3.861499e+00,-0.4277
184,-4.888873e+01,9.018528e+00,-3.246963e+01,1.641911e+01,1.8206
185,-3.482023e+01,9.009927e+00,-3.158690e+01,3.233325e+00,0.3589
186,-3.354231e+01,9.001747e+00,-3.067791e+01,2.864394e+00,0.3182
187,-2.573044e+01,8.994090e+00,-2.974276e+01,-4.012319e+00,-0.4461
188,-1.501696e+01,8.987041e+00,-2.878176e+01,-1.376479e+01,-1.5316
189,-3.576639e+01,8.980649e+00,-2.779508e+01,7.971309e+00,0.8876
190,-2.146319e+01,8.975074e+00,-2.678305e+01,-5.319856e+00,-0.5927
191,-2.714838e+01,8.970335e+00,-2.574598e+01,1.402396e+00,0.1563
192,-2.498065e+01,8.966572e+00,-2.468397e+01,2.966780e-01,0.0331
193,-3.448935e+01,8.963828e+00,-2.359734e+01,1.089201e+01,1.2151
194,-5.279348e+00,8.962181e+00,-2.248655e+01,-1.720720e+01,-1.9200
195,-1.668123e+01,8.961731e+00,-2.135185e+01,-4.670615e+00,-0.5212
196,-1.578330e+00,8.962565e+00,-2.019370e+01,-1.861537e+01,-2.0770
197,-1.963816e+01,8.964735e+00,-1.901243e+01,6.257301e-01,0.0698
198,-1.292078e+01,8.968312e+00,-1.780843e+01,-4.887647e+00,-0.5450
199,-4.533902e+00,8.973369e+00,-1.658201e+01,-1.204811e+01,-1.3427
200,-9.892660e+00,8.979990e+00,-1.533372e+01,-5.441061e+00,-0.6059
201,-2.023992e+01,8.988234e+00,-1.406380e+01,6.176117e+00,0.6871
202,-8.496402e+00,8.998170e+00,-1.277285e+01,-4.276452e+00,-0.4753
203,-1.252489e+01,9.009867e+00,-1.146112e+01,1.063769e+00,0.1181
204,7.034944e+00,9.023397e+00,-1.012914e+01,-1.716408e+01,-1.9022
205,-4.199428e+00,9.038790e+00,-8.777355e+00,-4.577927e+00,-0.5065
206,-6.981928e+00,9.056116e+00,-7.406162e+00,-4.242340e-01,-0.0468
207,-4.952325e+00,9.075433e+00,-6.015950e+00,-1.063625e+00,-0.1172
208,-2.217175e+01,9.096786e+00,-4.607332e+00,1.756442e+01,1.9308
209,-1.243397e+01,9.120185e+00,-3.180855e+00,9.253119e+00,1.0146
210,1.815677e+01,9.145687e+00,-1.737089e+00,-1.989386e+01,-2.1752
211,2.157346e+00,9.173329e+00,-2.765937e-01,-2.433940e+00,-0.2653
212,7.853060e+00,9.203151e+00,1.200057e+00,-6.653003e+00,-0.7229
213,2.330663e+00,9.235128e+00,2.692299e+00,3.616365e-01,0.0392
214,1.499537e+01,9.269306e+00,4.199562e+00,-1.079581e+01,-1.1647
215,1.920273e+01,9.305708e+00,5.721248e+00,-1.348148e+01,-1.4487
216,-8.141449e+00,9.344347e+00,7.256751e+00,1.539820e+01,1.6479
217,8.502321e+00,9.385189e+00,8.805444e+00,3.031228e-01,0.0323
218,1.306100e+01,9.428249e+00,1.036681e+01,-2.694196e+00,-0.2858
219,1.368132e+01,9.473516e+00,1.194015e+01,-1.741168e+00,-0.1838
220,2.179245e+01,9.520987e+00,1.352495e+01,-8.267500e+00,-0.8683
221,1.437202e+01,9.570626e+00,1.512044e+01,7.484153e-01,0.0782
222,1.293210e+01,9.622402e+00,1.672616e+01,3.794066e+00,0.3943
223,2.523982e+01,9.676297e+00,1.834130e+01,-6.898519e+00,-0.7129
224,2.664100e+01,9.732273e+00,1.996532e+01,-6.675675e+00,-0.6859
225,2.671807e+01,9.790312e+00,2.159740e+01,-5.120670e+00,-0.5230
226,3.030626e+01,9.850364e+00,2.323700e+01,-7.069255e+00,-0.7177
227,2.473683e+01,9.912362e+00,2.488338e+01,1.465461e-01,0.0148
228,3.317888e+01,9.976318e+00,2.653585e+01,-6.643035e+00,-0.6659
229,2.436818e+00,1.004212e+01,2.819374e+01,2.575692e+01,2.5649
230,4.842751e+00,1.010978e+01,2.985636e+01,2.501361e+01,2.4742
231,3.270186e+01,1.017918e+01,3.152298e+01,-1.178880e+00,-0.1158
232,3.604769e+01,1.025033e+01,3.319291e+01,-2.854776e+00,-0.2785
233,5.058787e+01,1.032312e+01,3.486540e+01,-1.572247e+01,-1.5230
234,2.366689e+01,1.039751e+01,3.653970e+01,1.287282e+01,1.2381
235,2.261195e+01,1.047342e+01,3.821521e+01,1.560326e+01,1.4898
236,3.972931e+01,1.055077e+01,3.989110e+01,1.617958e-01,0.0153
237,4.698830e+01,1.062951e+01,4.156663e+01,-5.421674e+00,-0.5101
238,3.143962e+01,1.070954e+01,4.324111e+01,1.180149e+01,1.1020
239,5.061553e+01,1.079078e+01,4.491380e+01,-5.701736e+00,-0.5284
240,6.615069e+01,1.087316e+01,4.658379e+01,-1.956690e+01,-1.7996
241,6.942872e+01,1.095660e+01,4.825057e+01,-2.117814e+01,-1.9329
242,3.216611e+01,1.104102e+01,4.991323e+01,1.774713e+01,1.6074
243,5.800574e+01,1.112635e+01,5.157103e+01,-6.434705e+00,-0.5783
244,3.981603e+01,1.121251e+01,5.322337e+01,1.340734e+01,1.1957
245,6.375093e+01,1.129940e+01,5.486941e+01,-8.881514e+00,-0.7860
246,6.154703e+01,1.138698e+01,5.650849e+01,-5.038540e+00,-0.4425
247,4.885961e+01,1.147514e+01,5.813987e+01,9.280257e+00,0.8087
248,5.260327e+01,1.156384e+01,5.976270e+01,7.159436e+00,0.6191
249,3.775811e+01,1.165298e+01,6.137641e+01,2.361830e+01,2.0268
250,5.100821e+01,1.174250e+01,6.298016e+01,1.197195e+01,1.0195
251,3.229472e+01,1.183230e+01,6.457307e+01,3.227835e+01,2.7280
252,7.248203e+01,1.192233e+01,6.615448e+01,-6.327548e+00,-0.5307
253,6.386151e+01,1.201248e+01,6.772360e+01,3.862091e+00,0.3215
254,5.516531e+01,1.210268e+01,6.927956e+01,1.411425e+01,1.1662
255,6.774686e+01,1.219284e+01,7.082173e+01,3.074867e+00,0.2522
256,8.733639e+01,1.228288e+01,7.234929e+01,-1.498709e+01,-1.2202
257,5.327614e+01,1.237274e+01,7.386170e+01,2.058556e+01,1.6638
258,7.114511e+01,1.246233e+01,7.535792e+01,4.212815e+00,0.3380
259,6.956963e+01,1.255158e+01,7.683844e+01,7.268809e+00,0.5791
260,1.026066e+02,1.264041e+01,7.830104e+01,-2.430552e+01,-1.9228
261,7.362479e+01,1.272878e+01,7.974650e+01,6.121715e+00,0.4809
262,8.490092e+01,1.281660e+01,8.117335e+01,-3.727570e+00,-0.2908
263,9.210781e+01,1.290381e+01,8.258163e+01,-9.526187e+00,-0.7382
264,1.001458e+02,1.299035e+01,8.396986e+01,-1.617589e+01,-1.2452
265,7.373060e+01,1.307614e+01,8.533882e+01,1.160822e+01,0.8877
266,7.313447e+01,1.316114e+01,8.668631e+01,1.355183e+01,1.0297
267,8.931577e+01,1.324529e+01,8.801160e+01,-1.304166e+00,-0.0985
268,8.730040e+01,1.332852e+01,8.931547e+01,2.015072e+00,0.1512
269,1.098051e+02,1.341078e+01,9.059572e+01,-1.920939e+01,-1.4324
270,7.230200e+01,1.349198e+01,9.185312e+01,1.955112e+01,1.4491
271,1.062841e+02,1.357209e+01,9.308545e+01,-1.319867e+01,-0.9725
272,1.006488e+02,1.365103e+01,9.429350e+01,-6.355340e+00,-0.4656
273,1.092632e+02,1.372876e+01,9.547580e+01,-1.378737e+01,-1.0043
274,1.137219e+02,1.380520e+01,9.663312e+01,-1.708881e+01,-1.2379
275,1.069219e+02,1.388033e+01,9.776327e+01,-9.158621e+00,-0.6598
276,8.620935e+01,1.395407e+01,9.886701e+01,1.265766e+01,0.9071
277,1.403437e+02,1.402639e+01,9.994288e+01,-4.040079e+01,-2.8803
278,8.742259e+01,1.409724e+01,1.009902e+02,1.356757e+01,0.9624
279,1.109899e+02,1.416658e+01,1.020096e+02,-8.980233e+00,-0.6339
280,8.060565e+01,1.423437e+01,1.029998e+02,2.239419e+01,1.5732
281,9.130037e+01,1.430056e+01,1.039608e+02,1.266043e+01,0.8853
282,1.199741e+02,1.436511e+01,1.048918e+02,-1.508233e+01,-1.0499
283,1.175524e+02,1.442800e+01,1.057921e+02,-1.176030e+01,-0.8151
284,1.157601e+02,1.448919e+01,1.066611e+02,-9.098994e+00,-0.6280
285,1.169938e+02,1.454864e+01,1.074986e+02,-9.495145e+00,-0.6526
286,9.742517e+01,1.460631e+01,1.083049e+02,1.087972e+01,0.7449
287,1.043863e+02,1.466218e+01,1.090791e+02,4.692765e+00,0.3201
288,8.305762e+01,1.471620e+01,1.098198e+02,2.676216e+01,1.8186
289,1.189349e+02,1.476835e+01,1.105285e+02,-8.406402e+00,-0.5692
290,1.178498e+02,1.481859e+01,1.112030e+02,-6.646811e+00,-0.4485
291,9.433270e+01,1.486691e+01,1.118441e+02,1.751137e+01,1.1779
292,1.148278e+02,1.491326e+01,1.124510e+02,-2.376779e+00,-0.1594
293,1.146767e+02,1.495764e+01,1.130239e+02,-1.652786e+00,-0.1105
294,1.100379e+02,1.500001e+01,1.135611e+02,3.523214e+00,0.2349
295,1.380099e+02,1.504037e+01,1.140636e+02,-2.394631e+01,-1.5921
296,1.238988e+02,1.507869e+01,1.145306e+02,-9.368152e+00,-0.6213
297,1.226605e+02,1.511496e+01,1.149606e+02,-7.699931e+00,-0.5094
298,1.045901e+02,1.514917e+01,1.153544e+02,1.076435e+01,0.7106
299,1.020468e+02,1.518129e+01,1.157121e+02,1.366530e+01,0.9001
300,1.300099e+02,1.521133e+01,1.160328e+02,-1.397706e+01,-0.9189
301,1.108744e+02,1.523927e+01,1.163168e+02,5.442342e+00,0.3571
302,1.179693e+02,1.526510e+01,1.165639e+02,-1.405406e+00,-0.0921
303,1.127059e+02,1.528882e+01,1.167742e+02,4.068286e+00,0.2661
304,1.390492e+02,1.531043e+01,1.169478e+02,-2.210137e+01,-1.4436
305,1.248537e+02,1.532991e+01,1.170840e+02,-7.769709e+00,-0.5068
306,1.098318e+02,1.534726e+01,1.171828e+02,7.351001e+00,0.4790
307,1.035775e+02,1.536248e+01,1.172443e+02,1.366671e+01,0.8896
308,1.259222e+02,1.537558e+01,1.172684e+02,-8.653753e+00,-0.5628
309,1.109929e+02,1.538656e+01,1.172553e+02,6.262447e+00,0.4070
310,9.476298e+01,1.539541e+01,1.172050e+02,2.244206e+01,1.4577
311,1.562789e+02,1.540216e+01,1.171161e+02,-3.916283e+01,-2.5427
312,1.185798e+02,1.540680e+01,1.169900e+02,-1.589828e+00,-0.1032
313,1.263138e+02,1.540934e+01,1.168261e+02,-9.487704e+00,-0.6157
314,1.117660e+02,1.540980e+01,1.166244e+02,4.858388e+00,0.3153
315,1.276983e+02,1.540819e+01,1.163850e+02,-1.131336e+01,-0.7342
316,1.356238e+02,1.540452e+01,1.161078e+02,-1.951598e+01,-1.2669
317,1.019097e+02,1.539881e+01,1.157938e+02,1.388409e+01,0.9016
318,8.723011e+01,1.539108e+01,1.154421e+02,2.821201e+01,1.8330
319,1.109142e+02,1.538134e+01,1.150529e+02,4.138621e+00,0.2691
320,1.104073e+02,1.536962e+01,1.146268e+02,4.219494e+00,0.2745
321,7.943208e+01,1.535594e+01,1.141640e+02,3.473194e+01,2.2618
322,1.584971e+02,1.534032e+01,1.136638e+02,-4.483335e+01,-2.9226
323,1.126912e+02,1.532279e+01,1.131268e+02,4.356718e-01,0.0284
324,1.228550e+02,1.530339e+01,1.125540e+02,-1.030098e+01,-0.6731
325,1.275969e+02,1.528212e+01,1.119446e+02,-1.565228e+01,-1.0242
326,1.310057e+02,1.525903e+01,1.112994e+02,-1.970625e+01,-1.2914
327,1.409060e+02,1.523416e+01,1.106177e+02,-3.028833e+01,-1.9882
328,1.240177e+02,1.520752e+01,1.099002e+02,-1.411746e+01,-0.9283
329,1.090077e+02,1.517915e+01,1.091486e+02,1.408556e-01,0.0093
330,1.057311e+02,1.514910e+01,1.083613e+02,2.630203e+00,0.1736
331,1.165971e+02,1.511740e+01,1.075391e+02,-9.058065e+00,-0.5992
332,1.132417e+02,1.508408e+01,1.066821e+02,-6.559631e+00,-0.4349
333,8.927575e+01,1.504918e+01,1.057918e+02,1.651600e+01,1.0975
334,9.331112e+01,1.501276e+01,1.048674e+02,1.155630e+01,0.7698
335,1.058409e+02,1.497485e+01,1.039099e+02,-1.931007e+00,-0.1290
336,1.216641e+02,1.493549e+01,1.029191e+02,-1.874505e+01,-1.2551
337,9.649889e+01,1.489473e+01,1.018967e+02,5.397774e+00,0.3624
338,8.540677e+01,1.485261e+01,1.008419e+02,1.543508e+01,1.0392
339,1.018567e+02,1.480919e+01,9.975619e+01,-2.100461e+00,-0.1418
340,1.234856e+02,1.476452e+01,9.863971e+01,-2.484587e+01,-1.6828
341,1.166183e+02,1.471863e+01,9.749244e+01,-1.912582e+01,-1.2994
342,1.087037e+02,1.467158e+01,9.631443e+01,-1.238928e+01,-0.8444
343,7.542513e+01,1.462343e+01,9.510718e+01,1.968205e+01,1.3459
344,7.906633e+01,1.457423e+01,9.387001e+01,1.480367e+01,1.0157
345,8.522649e+01,1.452401e+01,9.260367e+01,7.377181e+00,0.5079
346,9.231092e+01,1.447285e+01,9.130821e+01,-1.002701e+00,-0.0693
347,8.701364e+01,1.442080e+01,8.998441e+01,2.970769e+00,0.2060
348,7.868861e+01,1.436791e+01,8.863229e+01,9.943678e+00,0.6921
349,8.813932e+01,1.431424e+01,8.725413e+01,-8.851915e-01,-0.0618
350,9.774761e+01,1.425985e+01,8.584920e+01,-1.189841e+01,-0.8344
351,9.321142e+01,1.420479e+01,8.441902e+01,-8.792400e+00,-0.6190
352,8.077132e+01,1.414913e+01,8.296435e+01,2.193035e+00,0.1550
353,8.174257e+01,1.409293e+01,8.148520e+01,-2.573713e-01,-0.0183
354,1.050628e+02,1.403623e+01,7.998379e+01,-2.507906e+01,-1.7867
355,6.283074e+01,1.397911e+01,7.845939e+01,1.562864e+01,1.1180
356,9.117851e+01,1.392162e+01,7.691274e+01,-1.426577e+01,-1.0247
357,6.822080e+01,1.386384e+01,7.534459e+01,7.123790e+00,0.5138
358,6.820332e+01,1.380580e+01,7.375570e+01,5.552371e+00,0.4022
359,6.982202e+01,1.374757e+01,7.214605e+01,2.324033e+00,0.1691
360,9.207339e+01,1.368923e+01,7.051715e+01,-2.155624e+01,-1.5747
361,6.342035e+01,1.363081e+01,6.886795e+01,5.447601e+00,0.3997
362,7.619875e+01,1.357238e+01,6.720031e+01,-8.998439e+00,-0.6630
363,6.149338e+01,1.351401e+01,6.551484e+01,4.021459e+00,0.2976
364,7.776804e+01,1.345575e+01,6.381219e+01,-1.395585e+01,-1.0372
365,6.857196e+01,1.339766e+01,6.209319e+01,-6.478772e+00,-0.4836
366,4.076146e+01,1.333981e+01,6.035866e+01,1.959720e+01,1.4691
367,3.830887e+01,1.328225e+01,5.860926e+01,2.030039e+01,1.5284
368,7.149306e+01,1.322503e+01,5.684589e+01,-1.464717e+01,-1.1075
369,5.214161e+01,1.316823e+01,5.506929e+01,2.927681e+00,0.2223
370,4.468888e+01,1.311188e+01,5.328013e+01,8.591251e+00,0.6552
371,4.825606e+01,1.305606e+01,5.147930e+01,3.223236e+00,0.2469
372,4.118815e+01,1.300081e+01,4.966746e+01,8.479314e+00,0.6522
373,5.570128e+01,1.294619e+01,4.784544e+01,-7.855844e+00,-0.6068
374,5.614230e+01,1.289224e+01,4.601404e+01,-1.012826e+01,-0.7856
375,4.297604e+01,1.283901e+01,4.417386e+01,1.197826e+00,0.0933
376,5.035009e+01,1.278656e+01,4.232579e+01,-8.024304e+00,-0.6276
377,4.303981e+01,1.273493e+01,4.047049e+01,-2.569316e+00,-0.2018
378,4.082936e+01,1.268416e+01,3.860871e+01,-2.220649e+00,-0.1751
379,6.893812e+01,1.263431e+01,3.674125e+01,-3.219687e+01,-2.5484
380,3.558808e+01,1.258540e+01,3.486886e+01,-7.192250e-01,-0.0571
381,1.483264e+01,1.253750e+01,3.299220e+01,1.815956e+01,1.4484
382,2.309722e+01,1.249062e+01,3.111208e+01,8.014860e+00,0.6417
383,3.083928e+01,1.244482e+01,2.922932e+01,-1.609963e+00,-0.1294
384,3.914585e+01,1.240012e+01,2.734479e+01,-1.180105e+01,-0.9517
385,2.023717e+01,1.235658e+01,2.545925e+01,5.222083e+00,0.4226
386,2.982992e+01,1.231421e+01,2.357364e+01,-6.256275e+00,-0.5081
387,2.065640e+01,1.227303e+01,2.168871e+01,1.032308e+00,0.0841
388,4.981288e+01,1.223309e+01,1.980534e+01,-3.000754e+01,-2.4530
389,1.393477e+01,1.219439e+01,1.792434e+01,3.989570e+00,0.3272
390,1.548550e+01,1.215697e+01,1.604652e+01,5.610189e-01,0.0461
391,1.201056e+01,1.212082e+01,1.417269e+01,2.162124e+00,0.1784
392,-9.617062e+00,1.208597e+01,1.230366e+01,2.192072e+01,1.8137
393,4.265783e+01,1.205243e+01,1.044016e+01,-3.221767e+01,-2.6731
394,2.296852e+01,1.202020e+01,8.582937e+00,-1.438558e+01,-1.1968
395,7.743663e+00,1.198929e+01,6.732864e+00,-1.010799e+00,-0.0843
396,2.133498e+01,1.195970e+01,4.890670e+00,-1.644431e+01,-1.3750
397,-1.458932e+01,1.193143e+01,3.057149e+00,1.764647e+01,1.4790
398,-7.399659e+00,1.190448e+01,1.233041e+00,8.632700e+00,0.7252
399,2.885086e+00,1.187885e+01,-5.808742e-01,-3.465960e+00,-0.2918
400,-4.260334e+00,1.185453e+01,-2.383839e+00,1.876495e+00,0.1583
401,1.790064e+01,1.183149e+01,-4.175110e+00,-2.207575e+01,-1.8658
402,1.530931e+01,1.180975e+01,-5.953961e+00,-2.126327e+01,-1.8005
403,-4.926992e+00,1.178926e+01,-7.719706e+00,-2.792714e+00,-0.2369
404,2.180998e+00,1.177004e+01,-9.471609e+00,-1.165261e+01,-0.9900
405,-1.335998e+01,1.175203e+01,-1.120898e+01,2.151001e+00,0.1830
406,-3.189959e+01,1.173524e+01,-1.293119e+01,1.896840e+01,1.6164
407,-3.317889e+01,1.171962e+01,-1.463743e+01,1.854146e+01,1.5821
408,-2.801282e+01,1.170516e+01,-1.632701e+01,1.168581e+01,0.9983
409,-1.005269e+01,1.169182e+01,-1.799926e+01,-7.946578e+00,-0.6797
410,-1.142891e+01,1.167957e+01,-1.965344e+01,-8.224532e+00,-0.7042
411,-2.153373e+01,1.166838e+01,-2.128908e+01,2.446517e-01,0.0210
412,-2.318799e+01,1.165820e+01,-2.290545e+01,2.825403e-01,0.0242
413,-2.607503e+01,1.164903e+01,-2.450208e+01,1.572954e+00,0.1350
414,-1.294506e+01,1.164080e+01,-2.607831e+01,-1.313325e+01,-1.1282
415,-3.867530e+01,1.163347e+01,-2.763361e+01,1.104169e+01,0.9491
416,-2.840300e+01,1.162702e+01,-2.916745e+01,-7.644489e-01,-0.0657
417,-2.846620e+01,1.162139e+01,-3.067909e+01,-2.212895e+00,-0.1904
418,-2.850244e+01,1.161656e+01,-3.216807e+01,-3.665630e+00,-0.3156
419,-2.856583e+01,1.161245e+01,-3.363373e+01,-5.067895e+00,-0.4364
420,-3.401032e+01,1.160906e+01,-3.507553e+01,-1.065202e+00,-0.0918
421,-4.364377e+01,1.160631e+01,-3.649287e+01,7.150897e+00,0.6161
422,-4.194145e+01,1.160416e+01,-3.788509e+01,4.056368e+00,0.3496
423,-4.244996e+01,1.160258e+01,-3.925165e+01,3.198314e+00,0.2757
424,-5.423575e+01,1.160151e+01,-4.059203e+01,1.364372e+01,1.1760
425,-4.994406e+01,1.160092e+01,-4.190570e+01,8.038360e+00,0.6929
426,-2.905025e+01,1.160075e+01,-4.319245e+01,-1.414220e+01,-1.2191
427,-5.741843e+01,1.160097e+01,-4.445180e+01,1.296662e+01,1.1177
428,-3.162804e+01,1.160153e+01,-4.568340e+01,-1.405536e+01,-1.2115
429,-5.265075e+01,1.160239e+01,-4.688693e+01,5.763816e+00,0.4968
430,-5.616490e+01,1.160350e+01,-4.806187e+01,8.103024e+00,0.6983
431,-4.481996e+01,1.160482e+01,-4.920799e+01,-4.388031e+00,-0.3781
432,-6.142619e+01,1.160631e+01,-5.032492e+01,1.110127e+01,0.9565
433,-5.313764e+01,1.160792e+01,-5.141212e+01,1.725519e+00,0.1487
434,-5.746547e+01,1.160962e+01,-5.246937e+01,4.996098e+00,0.4303
435,-6.640607e+01,1.161135e+01,-5.349615e+01,1.290992e+01,1.1118
436,-4.489209e+01,1.161310e+01,-5.449214e+01,-9.600053e+00,-0.8267
437,-8.431351e+01,1.161480e+01,-5.545697e+01,2.885653e+01,2.4845
438,-6.760656e+01,1.161643e+01,-5.639027e+01,1.121629e+01,0.9656
439,-5.008266e+01,1.161795e+01,-5.729165e+01,-7.208989e+00,-0.6205
440,-7.015544e+01,1.161933e+01,-5.816096e+01,1.199448e+01,1.0323
441,-6.380833e+01,1.162054e+01,-5.899789e+01,4.810441e+00,0.4140
442,-6.190879e+01,1.162154e+01,-5.980221e+01,2.106579e+00,0.1813
443,-5.336867e+01,1.162231e+01,-6.057355e+01,-7.204885e+00,-0.6199
444,-6.039920e+01,1.162283e+01,-6.131175e+01,-9.125530e-01,-0.0785
445,-5.686134e+01,1.162306e+01,-6.201657e+01,-5.155233e+00,-0.4435
446,-5.909554e+01,1.162299e+01,-6.268779e+01,-3.592251e+00,-0.3091
447,-7.600077e+01,1.162258e+01,-6.332547e+01,1.267530e+01,1.0906
448,-7.105148e+01,1.162182e+01,-6.392946e+01,7.122024e+00,0.6128
449,-5.416234e+01,1.162068e+01,-6.449966e+01,-1.033732e+01,-0.8896
450,-6.727999e+01,1.161915e+01,-6.503607e+01,2.243916e+00,0.1931
451,-6.290052e+01,1.161720e+01,-6.553861e+01,-2.638096e+00,-0.2271
452,-8.200000e+01,1.161482e+01,-6.600713e+01,1.599287e+01,1.3769
453,-6.680010e+01,1.161200e+01,-6.644154e+01,3.585599e-01,0.0309
454,-7.466561e+01,1.160871e+01,-6.684169e+01,7.823924e+00,0.6740
455,-6.450724e+01,1.160495e+01,-6.720750e+01,-2.700250e+00,-0.2327
456,-9.319900e+01,1.160070e+01,-6.753881e+01,2.566019e+01,2.2120
457,-6.433393e+01,1.159597e+01,-6.783556e+01,-3.501623e+00,-0.3020
458,-7.961761e+01,1.159075e+01,-6.809750e+01,1.152012e+01,0.9939
459,-8.395391e+01,1.158504e+01,-6.832477e+01,1.562914e+01,1.3491
460,-7.880384e+01,1.157885e+01,-6.851754e+01,1.028630e+01,0.8884
461,-7.689144e+01,1.157215e+01,-6.867510e+01,8.216343e+00,0.7100
462,-7.261741e+01,1.156498e+01,-6.879976e+01,3.817644e+00,0.3301
463,-6.742253e+01,1.155731e+01,-6.889011e+01,-1.467573e+00,-0.1270
464,-7.367959e+01,1.154918e+01,-6.894694e+01,4.732656e+00,0.4098
465,-8.551892e+01,1.154056e+01,-6.897032e+01,1.654860e+01,1.4340
466,-7.502720e+01,1.153148e+01,-6.896107e+01,6.066130e+00,0.5260
467,-1.001954e+02,1.152195e+01,-6.891850e+01,3.127695e+01,2.7146
468,-8.924162e+01,1.151196e+01,-6.884341e+01,2.039821e+01,1.7719
469,-7.964421e+01,1.150154e+01,-6.873588e+01,1.090833e+01,0.9484
470,-8.378195e+01,1.149069e+01,-6.859597e+01,1.518599e+01,1.3216
471,-7.393678e+01,1.147943e+01,-6.842298e+01,5.513796e+00,0.4803
472,-6.041691e+01,1.146778e+01,-6.821849e+01,-7.801579e+00,-0.6803
473,-6.443676e+01,1.145575e+01,-6.798104e+01,-3.544286e+00,-0.3094
474,-7.521685e+01,1.144336e+01,-6.771295e+01,7.503895e+00,0.6557
475,-7.288004e+01,1.143063e+01,-6.741278e+01,5.467255e+00,0.4783
476,-9.016885e+01,1.141758e+01,-6.708134e+01,2.308751e+01,2.0221
477,-8.150969e+01,1.140425e+01,-6.671942e+01,1.479027e+01,1.2969
478,-7.648640e+01,1.139064e+01,-6.632709e+01,1.015931e+01,0.8919
479,-6.670833e+01,1.137679e+01,-6.590544e+01,8.028862e-01,0.0706
480,-8.426866e+01,1.136272e+01,-6.545395e+01,1.881471e+01,1.6558
481,-7.064857e+01,1.134846e+01,-6.497340e+01,5.675173e+00,0.5001
482,-6.229029e+01,1.133403e+01,-6.446415e+01,-2.173864e+00,-0.1918
483,-6.533778e+01,1.131946e+01,-6.392664e+01,1.411138e+00,0.1247
484,-7.375740e+01,1.130479e+01,-6.336128e+01,1.039612e+01,0.9196
485,-5.724066e+01,1.129003e+01,-6.276844e+01,-5.527779e+00,-0.4896
486,-9.496816e+01,1.127522e+01,-6.214860e+01,3.281955e+01,2.9108
487,-5.953960e+01,1.126039e+01,-6.150213e+01,-1.962527e+00,-0.1743
488,-5.731556e+01,1.124557e+01,-6.082959e+01,-3.514027e+00,-0.3125
489,-6.264791e+01,1.123079e+01,-6.013156e+01,2.516353e+00,0.2241
490,-6.951547e+01,1.121609e+01,-5.940853e+01,1.010693e+01,0.9011
491,-7.662271e+01,1.120149e+01,-5.866116e+01,1.796155e+01,1.6035
492,-8.061441e+01,1.118704e+01,-5.788986e+01,2.272455e+01,2.0313
493,-8.169666e+01,1.117276e+01,-5.709536e+01,2.460130e+01,2.2019
494,-8.460462e+01,1.115870e+01,-5.627800e+01,2.832663e+01,2.5385
495,-6.710001e+01,1.114486e+01,-5.543857e+01,1.166144e+01,1.0464
496,-5.247286e+01,1.113133e+01,-5.457749e+01,-2.104627e+00,-0.1891
497,-7.905332e+01,1.111812e+01,-5.369541e+01,2.535791e+01,2.2808
498,-6.524459e+01,1.110526e+01,-5.279297e+01,1.245162e+01,1.1212
499,-5.371667e+01,1.109267e+01,-5.187073e+01,1.845937e+00,0.1664
500,-6.605106e+01,1.108063e+01,-5.092919e+01,1.512187e+01,1.3647
501,-5.978935e+01,1.106888e+01,-4.996905e+01,9.820295e+00,0.8872
502,-5.564735e+01,1.105778e+01,-4.899098e+01,6.656367e+00,0.6020
503,-5.674894e+01,1.104268e+01,-4.799548e+01,8.753454e+00,0.7927
504,-4.843365e+01,1.103257e+01,-4.698343e+01,1.450221e+00,0.1314
505,-3.988487e+01,1.057725e+01,-4.595540e+01,-6.070524e+00,-0.5739
506,-4.241802e+01,1.056340e+01,-4.491204e+01,-2.494020e+00,-0.2361
507,-4.769797e+01,1.054368e+01,-4.385401e+01,3.843958e+00,0.3646
508,-5.770682e+01,1.053131e+01,-4.278203e+01,1.492479e+01,1.4172
509,-5.019142e+01,1.051973e+01,-4.169675e+01,8.494662e+00,0.8075
510,-5.497674e+01,1.050899e+01,-4.059890e+01,1.437784e+01,1.3681
511,-4.753662e+01,1.049886e+01,-3.948905e+01,8.047574e+00,0.7665
512,-4.457670e+01,1.048985e+01,-3.836791e+01,6.208788e+00,0.5919
513,-4.151152e+01,1.048164e+01,-3.723623e+01,4.275292e+00,0.4079
514,-5.646421e+01,1.047449e+01,-3.609455e+01,2.036966e+01,1.9447
515,-5.284362e+01,1.046829e+01,-3.494362e+01,1.790001e+01,1.7099
516,-5.263757e+01,1.046310e+01,-3.378421e+01,1.885336e+01,1.8019
517,-3.339289e+01,1.045890e+01,-3.261692e+01,7.759769e-01,0.0742
518,-4.796138e+01,1.045576e+01,-3.144251e+01,1.651887e+01,1.5799
519,-9.306404e+00,1.045367e+01,-3.026173e+01,-2.095532e+01,-2.0046
520,-4.097951e+01,1.045266e+01,-2.907520e+01,1.190430e+01,1.1389
521,-3.512922e+01,1.045274e+01,-2.788373e+01,7.245487e+00,0.6932
522,-5.101373e+01,1.045394e+01,-2.668796e+01,2.432577e+01,2.3269
523,-3.589601e+01,1.045625e+01,-2.548860e+01,1.040741e+01,0.9953
524,-1.561189e+01,1.045970e+01,-2.428644e+01,-8.674553e+00,-0.8293
525,-1.495482e+01,1.046428e+01,-2.308213e+01,-8.127308e+00,-0.7767
526,-1.252893e+01,1.047000e+01,-2.187638e+01,-9.347446e+00,-0.8928
527,-3.941192e+01,1.047686e+01,-2.066991e+01,1.874201e+01,1.7889
528,-3.536882e+01,1.048487e+01,-1.946351e+01,1.590531e+01,1.5170
529,-1.441879e+01,1.049402e+01,-1.825774e+01,-3.838948e+00,-0.3658
530,-2.838621e+01,1.050431e+01,-1.705354e+01,1.133267e+01,1.0789
531,-1.111017e+01,1.051573e+01,-1.585156e+01,-4.741386e+00,-0.4509
532,-2.664577e+01,1.052828e+01,-1.465272e+01,1.199306e+01,1.1391
533,-3.065481e+01,1.054196e+01,-1.345759e+01,1.719722e+01,1.6313
534,-2.333715e+01,1.055675e+01,-1.226711e+01,1.107004e+01,1.0486
535,-3.787493e+01,1.057265e+01,-1.108191e+01,2.679302e+01,2.5342
536,-3.940110e+00,1.058963e+01,-9.902939e+00,-5.962829e+00,-0.5631
537,-8.043824e+00,1.060769e+01,-8.730751e+00,-6.869270e-01,-0.0648
538,-1.256225e+01,1.062682e+01,-7.566134e+00,4.996114e+00,0.4701
539,-1.637771e+01,1.064699e+01,-6.409873e+00,9.967839e+00,0.9362
540,-1.174321e+01,1.066819e+01,-5.262606e+00,6.480600e+00,0.6075
541,6.075316e+00,1.069040e+01,-4.125044e+00,-1.020036e+01,-0.9542
542,-1.676291e+01,1.071358e+01,-2.997972e+00,1.376494e+01,1.2848
543,1.084529e+01,1.073771e+01,-1.882048e+00,-1.272733e+01,-1.1853
544,6.215103e+00,1.076277e+01,-7.779763e-01,-6.993079e+00,-0.6497
545,3.126862e+00,1.078873e+01,3.135933e-01,-2.813269e+00,-0.2608
546,-1.850661e+01,1.081555e+01,1.392002e+00,1.989861e+01,1.8398
547,1.333923e+00,1.084321e+01,2.456578e+00,1.122655e+00,0.1035
548,-2.129924e-01,1.087168e+01,3.506678e+00,3.719670e+00,0.3421
549,-4.591623e+00,1.090093e+01,4.541619e+00,9.133241e+00,0.8378
550,-7.247303e+00,1.093091e+01,5.560751e+00,1.280805e+01,1.1717
551,3.108406e+00,1.096162e+01,6.563400e+00,3.454994e+00,0.3152
552,-8.539533e-01,1.099300e+01,7.548944e+00,8.402897e+00,0.7644
553,-9.666301e+00,1.102504e+01,8.516771e+00,1.818307e+01,1.6493
554,-1.093729e+01,1.105769e+01,9.466285e+00,2.040357e+01,1.8452
555,1.947512e+00,1.109092e+01,1.039687e+01,8.449355e+00,0.7618
556,4.160091e+01,1.112471e+01,1.130791e+01,-3.029301e+01,-2.7230
557,1.414619e+01,1.115901e+01,1.219886e+01,-1.947331e+00,-0.1745
558,1.112010e+00,1.119379e+01,1.306910e+01,1.195709e+01,1.0682
559,-6.376896e+00,1.122901e+01,1.391820e+01,2.029510e+01,1.8074
560,6.364492e+00,1.126462e+01,1.474561e+01,8.381122e+00,0.7440
561,1.059422e+01,1.130060e+01,1.555077e+01,4.956554e+00,0.4386
562,2.227122e+01,1.133691e+01,1.633334e+01,-5.937873e+00,-0.5238
563,1.270979e+01,1.137350e+01,1.709262e+01,4.382832e+00,0.3854
564,2.777139e+01,1.141033e+01,1.782819e+01,-9.943204e+00,-0.8714
565,-1.642503e+01,1.144738e+01,1.853963e+01,3.496467e+01,3.0544
566,2.589741e+01,1.148462e+01,1.922655e+01,-6.670859e+00,-0.5809
567,2.404921e+01,1.152199e+01,1.988838e+01,-4.160832e+00,-0.3611
568,1.483084e+01,1.155946e+01,2.052477e+01,5.693935e+00,0.4926
569,7.458993e+00,1.159702e+01,2.113533e+01,1.367634e+01,1.1793
570,1.115240e+01,1.163461e+01,2.171964e+01,1.056724e+01,0.9083
571,1.986084e+01,1.167222e+01,2.227720e+01,2.416365e+00,0.2070
572,3.165611e+01,1.170980e+01,2.280784e+01,-8.848269e+00,-0.7556
573,3.013087e+01,1.174733e+01,2.331106e+01,-6.819811e+00,-0.5805
574,1.887874e+01,1.178478e+01,2.378668e+01,4.907932e+00,0.4165
575,2.290125e+01,1.182211e+01,2.423442e+01,1.333167e+00,0.1128
576,9.559493e+00,1.185930e+01,2.465395e+01,1.509446e+01,1.2728
577,2.264775e+01,1.189631e+01,2.504494e+01,2.397188e+00,0.2015
578,2.717268e+01,1.193313e+01,2.540703e+01,-1.765649e+00,-0.1480
579,1.145013e+01,1.196972e+01,2.574012e+01,1.428999e+01,1.1938
580,2.837440e+01,1.200605e+01,2.604385e+01,-2.330541e+00,-0.1941
581,3.464108e+01,1.204210e+01,2.631790e+01,-8.323181e+00,-0.6912
582,3.054008e+01,1.207786e+01,2.656199e+01,-3.978091e+00,-0.3294
583,2.075598e+01,1.211328e+01,2.677593e+01,6.019950e+00,0.4970
584,2.836448e+01,1.214838e+01,2.695938e+01,-1.405099e+00,-0.1157
585,3.423590e+01,1.218310e+01,2.711215e+01,-7.123759e+00,-0.5847
586,9.032341e+00,1.221744e+01,2.723395e+01,1.820161e+01,1.4898
587,3.658122e+01,1.225139e+01,2.732476e+01,-9.256466e+00,-0.7555
588,2.871956e+01,1.228491e+01,2.738436e+01,-1.335193e+00,-0.1087
589,3.534379e+01,1.231801e+01,2.741265e+01,-7.931142e+00,-0.6439
590,3.360565e+01,1.235067e+01,2.740942e+01,-6.196230e+00,-0.5017
591,2.041187e+01,1.238288e+01,2.737462e+01,6.962756e+00,0.5623
592,1.347541e+01,1.241461e+01,2.730799e+01,1.383258e+01,1.1142
593,3.042208e+01,1.244587e+01,2.720955e+01,-3.212532e+00,-0.2581
594,3.415083e+01,1.247662e+01,2.707924e+01,-7.071583e+00,-0.5668
595,4.744055e+01,1.250688e+01,2.691702e+01,-2.052353e+01,-1.6410
596,3.126936e+01,1.253663e+01,2.672284e+01,-4.546523e+00,-0.3627
597,1.308787e+01,1.256586e+01,2.649656e+01,1.340869e+01,1.0671
598,9.192607e+00,1.259457e+01,2.623829e+01,1.704569e+01,1.3534
599,3.720768e+01,1.262274e+01,2.594790e+01,-1.125978e+01,-0.8920
600,9.769472e+00,1.265038e+01,2.562548e+01,1.585601e+01,1.2534
601,3.796011e+01,1.267748e+01,2.527112e+01,-1.268899e+01,-1.0009
602,5.220074e+01,1.270405e+01,2.488500e+01,-2.731574e+01,-2.1502
603,1.643350e+01,1.273007e+01,2.446705e+01,8.033551e+00,0.6311
604,2.235490e+01,1.275556e+01,2.401745e+01,1.662547e+00,0.1303
605,3.017553e+01,1.278051e+01,2.353629e+01,-6.639241e+00,-0.5195
606,3.497745e+01,1.280493e+01,2.302372e+01,-1.195373e+01,-0.9335
607,4.265571e+01,1.282881e+01,2.247977e+01,-2.017594e+01,-1.5727
608,3.633829e+01,1.285217e+01,2.190468e+01,-1.443361e+01,-1.1230
609,1.700590e+01,1.287501e+01,2.129868e+01,4.292773e+00,0.3334
610,2.891716e+01,1.289734e+01,2.066185e+01,-8.255305e+00,-0.6401
611,5.656653e+01,1.291916e+01,1.999437e+01,-3.657216e+01,-2.8308
612,2.077503e+01,1.294048e+01,1.929639e+01,-1.478645e+00,-0.1143
613,2.833729e+01,1.296131e+01,1.856814e+01,-9.769150e+00,-0.7537
614,7.787233e+00,1.298165e+01,1.780994e+01,1.002271e+01,0.7721
615,1.071353e+01,1.300152e+01,1.702209e+01,6.308564e+00,0.4852
616,5.357844e+01,1.302094e+01,1.620504e+01,-3.737340e+01,-2.8703
617,3.177272e+01,1.303990e+01,1.535903e+01,-1.641368e+01,-1.2587
618,4.476839e+01,1.305843e+01,1.448451e+01,-3.028389e+01,-2.3191
619,2.020433e+01,1.307653e+01,1.358178e+01,-6.622551e+00,-0.5064
620,1.435928e+01,1.309423e+01,1.265122e+01,-1.708058e+00,-0.1304
621,1.219464e+01,1.311153e+01,1.169313e+01,-5.015117e-01,-0.0382
622,2.400834e+01,1.312846e+01,1.070796e+01,-1.330037e+01,-1.0131
623,-1.003337e+01,1.314502e+01,9.696094e+00,1.972947e+01,1.5009
624,1.774501e+01,1.316124e+01,8.657821e+00,-9.087190e+00,-0.6905
625,2.281351e+01,1.317714e+01,7.593516e+00,-1.521999e+01,-1.1550
626,4.123651e+00,1.319272e+01,6.503628e+00,2.379977e+00,0.1804
627,8.977247e+00,1.320801e+01,5.388452e+00,-3.588794e+00,-0.2717
628,1.803726e+01,1.322302e+01,4.248435e+00,-1.378883e+01,-1.0428
629,4.543048e+00,1.323778e+01,3.084169e+00,-1.458880e+00,-0.1102
630,4.688444e+00,1.325230e+01,1.896096e+00,-2.792348e+00,-0.2107
631,7.788465e+00,1.326659e+01,6.846606e-01,-7.103805e+00,-0.5355
632,2.936183e+01,1.328068e+01,-5.495483e-01,-2.991138e+01,-2.2522
633,6.798052e+00,1.329459e+01,-1.806164e+00,-8.604216e+00,-0.6472
634,6.577840e+00,1.330833e+01,-3.084598e+00,-9.662438e+00,-0.7260
635,1.242228e+01,1.332192e+01,-4.384291e+00,-1.680657e+01,-1.2616
636,2.151906e+00,1.333539e+01,-5.704710e+00,-7.856617e+00,-0.5892
637,1.233439e+01,1.334875e+01,-7.045276e+00,-1.937967e+01,-1.4518
638,-1.167477e+01,1.336202e+01,-8.405410e+00,3.269356e+00,0.2447
639,1.655304e+00,1.337522e+01,-9.784558e+00,-1.143986e+01,-0.8553
640,-7.039597e+00,1.338838e+01,-1.118214e+01,-4.142547e+00,-0.3094
641,9.070371e-01,1.340150e+01,-1.259759e+01,-1.350463e+01,-1.0077
642,-1.895819e+01,1.341462e+01,-1.403025e+01,4.927940e+00,0.3674
643,9.742865e-01,1.342774e+01,-1.547948e+01,-1.645376e+01,-1.2254
644,1.032361e+01,1.344089e+01,-1.694461e+01,-2.726822e+01,-2.0288
645,-8.896956e-01,1.345408e+01,-1.842499e+01,-1.753530e+01,-1.3033
646,4.478379e+00,1.346733e+01,-1.991999e+01,-2.439837e+01,-1.8117
647,-2.051452e+01,1.348066e+01,-2.142887e+01,-9.143517e-01,-0.0678
648,-1.125537e+01,1.349408e+01,-2.295112e+01,-1.169574e+01,-0.8667
649,-5.603591e+00,1.350761e+01,-2.448585e+01,-1.888226e+01,-1.3979
650,2.762908e+00,1.352126e+01,-2.603251e+01,-2.879542e+01,-2.1296
651,-2.713103e+01,1.353505e+01,-2.759030e+01,-4.592677e-01,-0.0339
652,-3.732072e+00,1.354900e+01,-2.915857e+01,-2.542650e+01,-1.8766
653,-2.797981e+01,1.356311e+01,-3.073677e+01,-2.756962e+00,-0.2033
654,-1.104314e+01,1.357741e+01,-3.232426e+01,-2.128112e+01,-1.5674
655,-4.168641e+01,1.359189e+01,-3.392040e+01,7.766013e+00,0.5714
656,-3.076254e+01,1.360658e+01,-3.552442e+01,-4.761879e+00,-0.3500
657,5.109728e+00,1.362149e+01,-3.713584e+01,-4.224556e+01,-3.1014
658,-1.752217e+01,1.363663e+01,-3.875379e+01,-2.123162e+01,-1.5570
659,-2.471271e+01,1.365201e+01,-4.037773e+01,-1.566502e+01,-1.1475
660,6.267444e+00,1.366763e+01,-4.200695e+01,-4.827439e+01,-3.5320
661,-4.370490e+01,1.368351e+01,-4.364075e+01,6.415626e-02,0.0047
662,-4.849411e+01,1.369965e+01,-4.527849e+01,3.215615e+00,0.2347
663,-2.170587e+01,1.371606e+01,-4.691941e+01,-2.521354e+01,-1.8382
664,-4.717787e+01,1.373275e+01,-4.856281e+01,-1.384936e+00,-0.1008
665,-1.874720e+01,1.374971e+01,-5.020804e+01,-3.146084e+01,-2.2881
666,-5.728743e+01,1.376696e+01,-5.185443e+01,5.433005e+00,0.3946
667,-5.388035e+01,1.378449e+01,-5.350118e+01,3.791648e-01,0.0275
668,-4.020568e+01,1.380231e+01,-5.514761e+01,-1.494194e+01,-1.0826
669,-3.569417e+01,1.382042e+01,-5.679309e+01,-2.109892e+01,-1.5266
670,-5.084155e+01,1.383882e+01,-5.843685e+01,-7.595303e+00,-0.5488
671,-5.094884e+01,1.385751e+01,-6.007819e+01,-9.129348e+00,-0.6588
672,-8.323945e+01,1.387649e+01,-6.171648e+01,2.152296e+01,1.5510
673,-6.562736e+01,1.389575e+01,-6.335089e+01,2.276472e+00,0.1638
674,-5.835940e+01,1.391530e+01,-6.498086e+01,-6.621467e+00,-0.4758
675,-7.554972e+01,1.393513e+01,-6.660556e+01,8.944163e+00,0.6418
676,-7.169514e+01,1.395523e+01,-6.822428e+01,3.470859e+00,0.2487
677,-8.405467e+01,1.397561e+01,-6.983641e+01,1.421826e+01,1.0174
678,-4.962973e+01,1.399624e+01,-7.144103e+01,-2.181130e+01,-1.5584
679,-6.942381e+01,1.401713e+01,-7.303744e+01,-3.613638e+00,-0.2578
680,-8.150309e+01,1.403827e+01,-7.462496e+01,6.878126e+00,0.4900
681,-3.940630e+01,1.405963e+01,-7.620267e+01,-3.679637e+01,-2.6172
682,-7.469461e+01,1.408122e+01,-7.776994e+01,-3.075325e+00,-0.2184
683,-7.785030e+01,1.410302e+01,-7.932594e+01,-1.475638e+00,-0.1046
684,-5.485527e+01,1.412501e+01,-8.087012e+01,-2.601485e+01,-1.8418
685,-7.447929e+01,1.414719e+01,-8.240180e+01,-7.922504e+00,-0.5600
686,-1.026404e+02,1.416954e+01,-8.391990e+01,1.872048e+01,1.3212
687,-9.980639e+01,1.419204e+01,-8.542464e+01,1.438176e+01,1.0134
688,-6.553595e+01,1.421469e+01,-8.691531e+01,-2.137935e+01,-1.5040
689,-7.633223e+01,1.423746e+01,-8.839048e+01,-1.205825e+01,-0.8469
690,-8.842143e+01,1.426034e+01,-8.984947e+01,-1.428038e+00,-0.1001
691,-4.949697e+01,1.428331e+01,-9.129232e+01,-4.179535e+01,-2.9262
692,-8.342903e+01,1.430636e+01,-9.271834e+01,-9.289317e+00,-0.6493
693,-8.529016e+01,1.432947e+01,-9.412685e+01,-8.836689e+00,-0.6167
694,-9.115529e+01,1.435261e+01,-9.551641e+01,-4.361123e+00,-0.3039
695,-9.765498e+01,1.437578e+01,-9.688707e+01,7.679051e-01,0.0534
696,-9.542829e+01,1.439895e+01,-9.823740e+01,-2.809107e+00,-0.1951
697,-1.190965e+02,1.442212e+01,-9.956745e+01,1.952903e+01,1.3541
698,-8.960596e+01,1.444526e+01,-1.008758e+02,-1.126984e+01,-0.7802
699,-7.674308e+01,1.446835e+01,-1.021625e+02,-2.541939e+01,-1.7569
700,-7.846521e+01,1.449138e+01,-1.034268e+02,-2.496159e+01,-1.7225
701,-8.682009e+01,1.451433e+01,-1.046681e+02,-1.784802e+01,-1.2297
702,-1.134637e+02,1.453717e+01,-1.058858e+02,7.577937e+00,0.5213
703,-1.072855e+02,1.455989e+01,-1.070799e+02,2.055156e-01,0.0141
704,-1.016725e+02,1.458248e+01,-1.082485e+02,-6.576032e+00,-0.4510
705,-1.058465e+02,1.460490e+01,-1.093924e+02,-3.545882e+00,-0.2428
706,-8.226070e+01,1.462715e+01,-1.105103e+02,-2.824955e+01,-1.9313
707,-8.792646e+01,1.464921e+01,-1.116022e+02,-2.367574e+01,-1.6162
708,-1.064436e+02,1.467104e+01,-1.126684e+02,-6.224808e+00,-0.4243
709,-9.573252e+01,1.469264e+01,-1.137067e+02,-1.797421e+01,-1.2233
710,-1.106028e+02,1.471399e+01,-1.147181e+02,-4.115373e+00,-0.2797
711,-1.045422e+02,1.473505e+01,-1.157020e+02,-1.115972e+01,-0.7574
712,-9.798952e+01,1.475583e+01,-1.166569e+02,-1.866735e+01,-1.2651
713,-1.057010e+02,1.477629e+01,-1.175830e+02,-1.188202e+01,-0.8041
714,-1.246047e+02,1.479642e+01,-1.184798e+02,6.124895e+00,0.4139
715,-9.283309e+01,1.481619e+01,-1.193474e+02,-2.651431e+01,-1.7895
716,-1.229955e+02,1.483560e+01,-1.201851e+02,2.810338e+00,0.1894
717,-1.098310e+02,1.485461e+01,-1.209917e+02,-1.116068e+01,-0.7513
718,-1.115820e+02,1.487322e+01,-1.217672e+02,-1.018525e+01,-0.6848
719,-1.517746e+02,1.489140e+01,-1.225111e+02,2.926347e+01,1.9651
720,-1.097000e+02,1.490914e+01,-1.232242e+02,-1.352423e+01,-0.9071
721,-1.049878e+02,1.492641e+01,-1.239052e+02,-1.891744e+01,-1.2674
722,-1.177626e+02,1.494321e+01,-1.245542e+02,-6.791596e+00,-0.4545
723,-1.455745e+02,1.495951e+01,-1.251714e+02,2.040310e+01,1.3639
724,-1.377602e+02,1.497529e+01,-1.257562e+02,1.200409e+01,0.8016
725,-1.139554e+02,1.499055e+01,-1.263078e+02,-1.235248e+01,-0.8240
726,-1.198566e+02,1.500526e+01,-1.268274e+02,-6.970763e+00,-0.4646
727,-1.400618e+02,1.501941e+01,-1.273133e+02,1.274845e+01,0.8488
728,-8.752120e+01,1.503299e+01,-1.277667e+02,-4.024547e+01,-2.6771
729,-1.382192e+02,1.504599e+01,-1.281853e+02,1.003394e+01,0.6669
730,-1.124037e+02,1.505841e+01,-1.285707e+02,-1.616702e+01,-1.0736
731,-1.075319e+02,1.507023e+01,-1.289224e+02,-2.139055e+01,-1.4194
732,-1.291799e+02,1.508144e+01,-1.292390e+02,-5.911601e-02,-0.0039
733,-1.456129e+02,1.509205e+01,-1.295214e+02,1.609148e+01,1.0662
734,-1.351937e+02,1.510203e+01,-1.297682e+02,5.425562e+00,0.3593
735,-1.215849e+02,1.511139e+01,-1.299810e+02,-8.396148e+00,-0.5556
736,-1.412926e+02,1.512013e+01,-1.301585e+02,1.113411e+01,0.7364
737,-1.428359e+02,1.512823e+01,-1.303008e+02,1.253504e+01,0.8286
738,-1.165033e+02,1.513569e+01,-1.304080e+02,-1.390471e+01,-0.9187
739,-1.190453e+02,1.514251e+01,-1.304796e+02,-1.143423e+01,-0.7551
740,-1.320969e+02,1.514869e+01,-1.305148e+02,1.582125e+00,0.1044
741,-1.209810e+02,1.515421e+01,-1.305153e+02,-9.534244e+00,-0.6291
742,-1.362274e+02,1.515907e+01,-1.304805e+02,5.746947e+00,0.3791
743,-1.283110e+02,1.516329e+01,-1.304097e+02,-2.098683e+00,-0.1384
744,-1.200841e+02,1.516686e+01,-1.303031e+02,-1.021905e+01,-0.6738
745,-1.420549e+02,1.516977e+01,-1.301609e+02,1.189406e+01,0.7841
746,-1.426326e+02,1.517202e+01,-1.299837e+02,1.264889e+01,0.8337
747,-1.385254e+02,1.517362e+01,-1.297704e+02,8.755008e+00,0.5770
748,-1.323467e+02,1.517458e+01,-1.295217e+02,2.825046e+00,0.1862
749,-1.396107e+02,1.517489e+01,-1.292378e+02,1.037295e+01,0.6836
750,-1.306755e+02,1.517456e+01,-1.289187e+02,1.756746e+00,0.1158
751,-1.313512e+02,1.517360e+01,-1.285639e+02,2.787305e+00,0.1837
752,-1.127717e+02,1.517201e+01,-1.281735e+02,-1.540175e+01,-1.0151
753,-1.280436e+02,1.516979e+01,-1.277490e+02,2.945973e-01,0.0194
754,-1.611220e+02,1.516696e+01,-1.272891e+02,3.383292e+01,2.2307
755,-1.144675e+02,1.516351e+01,-1.267946e+02,-1.232712e+01,-0.8129
756,-1.342018e+02,1.515946e+01,-1.262657e+02,7.936092e+00,0.5235
757,-1.303641e+02,1.515481e+01,-1.257024e+02,4.661618e+00,0.3076
758,-1.079410e+02,1.514957e+01,-1.251064e+02,-1.716536e+01,-1.1331
759,-1.351694e+02,1.514376e+01,-1.244762e+02,1.069322e+01,0.7061
760,-1.497908e+02,1.513737e+01,-1.238127e+02,2.597804e+01,1.7162
761,-1.368299e+02,1.513042e+01,-1.231160e+02,1.371382e+01,0.9064
762,-1.189579e+02,1.512292e+01,-1.223863e+02,-3.428327e+00,-0.2267
763,-1.151078e+02,1.511489e+01,-1.216242e+02,-6.516378e+00,-0.4311
764,-1.312301e+02,1.510635e+01,-1.208285e+02,1.040155e+01,0.6886
765,-1.133491e+02,1.509730e+01,-1.200008e+02,-6.651701e+00,-0.4406
766,-9.798410e+01,1.508784e+01,-1.191404e+02,-2.115627e+01,-1.4022
767,-1.411936e+02,1.507794e+01,-1.182473e+02,2.294634e+01,1.5218
768,-1.246679e+02,1.506766e+01,-1.173217e+02,7.346107e+00,0.4875
769,-1.333401e+02,1.505695e+01,-1.163652e+02,1.697484e+01,1.1274
770,-1.267270e+02,1.504581e+01,-1.153779e+02,1.134910e+01,0.7543
771,-9.726285e+01,1.503427e+01,-1.143598e+02,-1.709694e+01,-1.1372
772,-1.238183e+02,1.502235e+01,-1.133110e+02,1.050732e+01,0.6994
773,-1.038699e+02,1.501005e+01,-1.122332e+02,-8.363310e+00,-0.5572
774,-1.048306e+02,1.499741e+01,-1.111263e+02,-6.295684e+00,-0.4198
775,-1.046586e+02,1.498442e+01,-1.099905e+02,-5.331936e+00,-0.3558
776,-1.025733e+02,1.497113e+01,-1.088274e+02,-6.254083e+00,-0.4177
777,-1.173099e+02,1.495754e+01,-1.076363e+02,9.673625e+00,0.6467
778,-1.501485e+02,1.494368e+01,-1.064187e+02,4.372980e+01,2.9263
779,-8.472397e+01,1.492957e+01,-1.051741e+02,-2.045009e+01,-1.3698
780,-1.047944e+02,1.491527e+01,-1.039046e+02,8.897708e-01,0.0597
781,-8.896151e+01,1.490074e+01,-1.026097e+02,-1.364822e+01,-0.9159
782,-1.351051e+02,1.488603e+01,-1.012902e+02,3.381492e+01,2.2716
783,-1.007138e+02,1.487115e+01,-9.994539e+01,7.683565e-01,0.0517
784,-9.522005e+01,1.485612e+01,-9.857685e+01,-3.356799e+00,-0.2260
785,-1.351637e+02,1.484097e+01,-9.718390e+01,3.797976e+01,2.5591
786,-1.213769e+02,1.482571e+01,-9.576663e+01,2.561024e+01,1.7274
787,-1.009213e+02,1.481038e+01,-9.432659e+01,6.594730e+00,0.4453
788,-1.277646e+02,1.479498e+01,-9.286238e+01,3.490220e+01,2.3591
789,-1.009018e+02,1.477956e+01,-9.137628e+01,9.525489e+00,0.6445
790,-7.701653e+01,1.476421e+01,-8.986763e+01,-1.285110e+01,-0.8704
791,-9.051354e+01,1.474893e+01,-8.833947e+01,2.174077e+00,0.1474
792,-9.165046e+01,1.473367e+01,-8.679112e+01,4.859341e+00,0.3298
793,-7.520381e+01,1.471845e+01,-8.522413e+01,-1.002033e+01,-0.6808
794,-1.170561e+02,1.470329e+01,-8.363932e+01,3.341674e+01,2.2727
795,-7.817304e+01,1.468822e+01,-8.203824e+01,-3.865197e+00,-0.2631
796,-1.103324e+02,1.467325e+01,-8.042020e+01,2.991224e+01,2.0386
797,-1.055489e+02,1.465840e+01,-7.878676e+01,2.676215e+01,1.8257
798,-9.735908e+01,1.464370e+01,-7.713797e+01,2.022111e+01,1.3809
799,-8.376455e+01,1.462916e+01,-7.547465e+01,8.289899e+00,0.5667
800,-7.223478e+01,1.461481e+01,-7.379610e+01,-1.561318e+00,-0.1068
801,-6.026613e+01,1.460067e+01,-7.210461e+01,-1.183848e+01,-0.8108
802,-6.776293e+01,1.458675e+01,-7.039939e+01,-2.636464e+00,-0.1807
803,-7.143676e+01,1.457307e+01,-6.868117e+01,2.755593e+00,0.1891
804,-8.649219e+01,1.455966e+01,-6.695137e+01,1.954082e+01,1.3421
805,-9.562753e+01,1.454652e+01,-6.520922e+01,3.041831e+01,2.0911
806,-6.767772e+01,1.453368e+01,-6.345690e+01,4.220819e+00,0.2904
807,-7.214902e+01,1.452115e+01,-6.169288e+01,1.045614e+01,0.7201
808,-9.834425e+01,1.450897e+01,-5.992009e+01,3.842416e+01,2.6483
809,-7.543784e+01,1.449714e+01,-5.813773e+01,1.730010e+01,1.1933
810,-5.851939e+01,1.448566e+01,-5.634651e+01,2.172879e+00,0.1500
811,-6.979859e+01,1.447456e+01,-5.454802e+01,1.525057e+01,1.0536
812,-7.476846e+01,1.446384e+01,-5.274287e+01,2.202559e+01,1.5228
813,-8.372282e+01,1.445352e+01,-5.093198e+01,3.279084e+01,2.2687
814,-3.982261e+01,1.444361e+01,-4.911619e+01,-9.293579e+00,-0.6434
815,-9.341426e+01,1.443412e+01,-4.729634e+01,4.611792e+01,3.1951
816,-4.722707e+01,1.442506e+01,-4.547329e+01,1.753785e+00,0.1216
817,-5.067780e+01,1.441643e+01,-4.364748e+01,7.030318e+00,0.4877
818,-6.187955e+01,1.440824e+01,-4.181911e+01,2.006044e+01,1.3923
819,-6.774910e+01,1.440051e+01,-3.998855e+01,2.776056e+01,1.9277
820,-5.738917e+01,1.439323e+01,-3.815620e+01,1.923297e+01,1.3363
821,-6.150445e+01,1.438641e+01,-3.632239e+01,2.518206e+01,1.7504
822,-3.774748e+01,1.438006e+01,-3.448735e+01,3.260129e+00,0.2267
823,-7.752816e+01,1.437418e+01,-3.265155e+01,4.487661e+01,3.1220
824,-3.833139e+01,1.436878e+01,-3.081598e+01,7.515410e+00,0.5230
825,-5.697912e+01,1.436386e+01,-2.898176e+01,2.799736e+01,1.9492
826,-4.131227e+01,1.435941e+01,-2.715004e+01,1.416223e+01,0.9863
827,-4.558415e+01,1.435544e+01,-2.532194e+01,2.026220e+01,1.4115
828,-3.164788e+01,1.435195e+01,-2.349845e+01,8.149430e+00,0.5678
829,-2.028847e+01,1.434897e+01,-2.168078e+01,-1.392314e+00,-0.0970
830,-4.677229e+01,1.434648e+01,-1.986991e+01,2.690239e+01,1.8752
831,-5.680734e+01,1.434445e+01,-1.806614e+01,3.874120e+01,2.7008
832,-4.117112e+01,1.434289e+01,-1.626995e+01,2.490116e+01,1.7361
833,-4.167985e+01,1.434180e+01,-1.448151e+01,2.719834e+01,1.8964
834,-8.107237e+00,1.434116e+01,-1.270111e+01,-4.593878e+00,-0.3203
835,-1.278883e+00,1.434098e+01,-1.092916e+01,-9.650280e+00,-0.6729
836,-1.790531e+01,1.434123e+01,-9.165818e+00,8.739496e+00,0.6094
837,-2.229058e+01,1.434193e+01,-7.411615e+00,1.487897e+01,1.0374
838,-1.405991e+01,1.434304e+01,-5.667240e+00,8.392673e+00,0.5851
839,-2.089161e+01,1.434458e+01,-3.933747e+00,1.695786e+01,1.1822
840,-1.815266e+01,1.434653e+01,-2.211969e+00,1.594069e+01,1.1111
841,-7.139786e+00,1.434888e+01,-5.029636e-01,6.636822e+00,0.4625
842,-2.860845e+01,1.435161e+01,1.192438e+00,2.980089e+01,2.0765
843,-3.598919e+01,1.435472e+01,2.873254e+00,3.886245e+01,2.7073
844,-2.528804e+01,1.435833e+01,4.538577e+00,2.982661e+01,2.0773
845,8.356018e-01,1.436229e+01,6.187946e+00,5.352344e+00,0.3727
846,-1.251247e+01,1.436658e+01,7.820699e+00,2.033317e+01,1.4153
847,4.792925e+00,1.437120e+01,9.436425e+00,4.643500e+00,0.3231
848,6.918607e+00,1.437613e+01,1.103457e+01,4.115967e+00,0.2863
849,-1.223217e+00,1.438134e+01,1.261464e+01,1.383786e+01,0.9622
850,-1.115287e+00,1.438683e+01,1.417612e+01,1.529141e+01,1.0629
851,-2.236766e+01,1.439257e+01,1.571852e+01,3.808617e+01,2.6462
852,8.180512e+00,1.439855e+01,1.724146e+01,9.060953e+00,0.6293
853,1.695193e+01,1.440474e+01,1.874460e+01,1.792670e+00,0.1244
854,4.391238e+00,1.441115e+01,2.022757e+01,1.583634e+01,1.0989
855,1.488528e+01,1.441773e+01,2.169003e+01,6.804740e+00,0.4720
856,5.124381e+00,1.442448e+01,2.313164e+01,1.800725e+01,1.2484
857,-6.576177e+00,1.443137e+01,2.455204e+01,3.112822e+01,2.1570
858,-2.834238e+01,1.443840e+01,2.595080e+01,5.429318e+01,3.7603
859,3.442817e+00,1.444556e+01,2.732725e+01,2.388444e+01,1.6534
860,2.579327e+01,1.445287e+01,2.868074e+01,2.887467e+00,0.1998
861,3.330787e+01,1.446025e+01,3.001052e+01,-3.297351e+00,-0.2280
862,2.919446e+01,1.446769e+01,3.131585e+01,2.121388e+00,0.1466
863,7.300870e+00,1.447516e+01,3.259607e+01,2.529520e+01,1.7475
864,5.497885e+01,1.448264e+01,3.385037e+01,-2.112848e+01,-1.4589
865,2.963346e+01,1.449013e+01,3.507823e+01,5.444771e+00,0.3758
866,2.760827e+01,1.449759e+01,3.627943e+01,8.671163e+00,0.5981
867,4.624209e+01,1.450501e+01,3.745412e+01,-8.787970e+00,-0.6059
868,2.760174e+01,1.451241e+01,3.860208e+01,1.100033e+01,0.7580
869,2.465128e+01,1.451978e+01,3.972346e+01,1.507217e+01,1.0380
870,2.134419e+01,1.452705e+01,4.081810e+01,1.947391e+01,1.3405
871,5.648964e+00,1.453423e+01,4.188609e+01,3.623713e+01,2.4932
872,1.842379e+01,1.454131e+01,4.292735e+01,2.450356e+01,1.6851
873,4.741029e+01,1.454824e+01,4.394143e+01,-3.468858e+00,-0.2384
874,3.785821e+01,1.455500e+01,4.492802e+01,7.069814e+00,0.4857
875,1.460565e+01,1.456156e+01,4.588662e+01,3.128097e+01,2.1482
876,5.530444e+01,1.456794e+01,4.681690e+01,-8.487539e+00,-0.5826
877,3.680738e+01,1.457418e+01,4.771828e+01,1.091090e+01,0.7486
878,2.561018e+01,1.458022e+01,4.859053e+01,2.298035e+01,1.5761
879,4.730787e+01,1.458601e+01,4.943312e+01,2.125244e+00,0.1457
880,5.315792e+01,1.459153e+01,5.024573e+01,-2.912183e+00,-0.1996
881,4.255914e+01,1.459676e+01,5.102800e+01,8.468863e+00,0.5802
882,6.045416e+01,1.460168e+01,5.177962e+01,-8.674537e+00,-0.5941
883,6.473925e+01,1.460628e+01,5.250013e+01,-1.223913e+01,-0.8379
884,4.597660e+01,1.461055e+01,5.318929e+01,7.212690e+00,0.4937
885,4.050837e+01,1.461446e+01,5.384664e+01,1.333827e+01,0.9127
886,3.121721e+01,1.461801e+01,5.447196e+01,2.325475e+01,1.5908
887,7.088808e+01,1.462118e+01,5.506522e+01,-1.582286e+01,-1.0822
888,5.618567e+01,1.462397e+01,5.562648e+01,-5.591859e-01,-0.0382
889,2.414826e+01,1.462634e+01,5.615595e+01,3.200769e+01,2.1884
890,5.315083e+01,1.462831e+01,5.665354e+01,3.502712e+00,0.2394
891,6.031400e+01,1.462984e+01,5.711945e+01,-3.194553e+00,-0.2184
892,7.195013e+01,1.463094e+01,5.755366e+01,-1.439647e+01,-0.9840
893,7.537616e+01,1.463159e+01,5.795630e+01,-1.741987e+01,-1.1906
894,5.600510e+01,1.463178e+01,5.832734e+01,2.322240e+00,0.1587
895,7.952002e+01,1.463151e+01,5.866669e+01,-2.085334e+01,-1.4252
896,3.773684e+01,1.463076e+01,5.897446e+01,2.123762e+01,1.4516
897,4.099379e+01,1.462953e+01,5.925057e+01,1.825678e+01,1.2479
898,2.084288e+01,1.462781e+01,5.949498e+01,3.865210e+01,2.6424
899,4.149892e+01,1.462560e+01,5.970774e+01,1.820882e+01,1.2450
900,6.847374e+01,1.462289e+01,5.988875e+01,-8.584990e+00,-0.5871
901,7.612506e+01,1.461966e+01,6.003804e+01,-1.608701e+01,-1.1004
902,5.852812e+01,1.461593e+01,6.015567e+01,1.627549e+00,0.1114
903,5.687160e+01,1.461168e+01,6.024153e+01,3.369928e+00,0.2306
904,4.553972e+01,1.460693e+01,6.029573e+01,1.475601e+01,1.0102
905,4.179580e+01,1.460164e+01,6.031826e+01,1.852245e+01,1.2685
906,8.771801e+01,1.459584e+01,6.030906e+01,-2.740895e+01,-1.8779
907,7.223104e+01,1.458952e+01,6.026818e+01,-1.196286e+01,-0.8200
908,5.936398e+01,1.458267e+01,6.019581e+01,8.318336e-01,0.0570
909,2.332256e+01,1.457530e+01,6.009207e+01,3.676951e+01,2.5227
910,5.929659e+01,1.456741e+01,5.995712e+01,6.605306e-01,0.0453
911,9.375513e+01,1.455899e+01,5.979116e+01,-3.396397e+01,-2.3329
912,8.459520e+01,1.455007e+01,5.959437e+01,-2.500083e+01,-1.7183
913,7.287794e+01,1.454063e+01,5.936693e+01,-1.351102e+01,-0.9292
914,3.950022e+01,1.453067e+01,5.910893e+01,1.960872e+01,1.3495
915,5.308625e+01,1.452021e+01,5.882065e+01,5.734400e+00,0.3949
916,7.123166e+01,1.450926e+01,5.850231e+01,-1.272935e+01,-0.8773
917,7.058402e+01,1.449780e+01,5.815403e+01,-1.242999e+01,-0.8574
918,6.323566e+01,1.448585e+01,5.777621e+01,-5.459459e+00,-0.3769
919,5.136263e+01,1.447343e+01,5.736893e+01,6.006295e+00,0.4150
920,7.534291e+01,1.446052e+01,5.693244e+01,-1.841047e+01,-1.2732
921,4.561660e+01,1.444714e+01,5.646700e+01,1.085039e+01,0.7510
922,7.811014e+01,1.443331e+01,5.597305e+01,-2.213709e+01,-1.5337
923,5.954342e+01,1.441903e+01,5.545093e+01,-4.092492e+00,-0.2838
924,2.053660e+01,1.440430e+01,5.490109e+01,3.436449e+01,2.3857
925,4.255728e+01,1.438914e+01,5.432391e+01,1.176663e+01,0.8177
926,4.964637e+01,1.437357e+01,5.371994e+01,4.073569e+00,0.2834
927,9.344847e+01,1.435759e+01,5.308948e+01,-4.035899e+01,-2.8110
928,5.849631e+01,1.434121e+01,5.243299e+01,-6.063326e+00,-0.4228
929,4.585928e+01,1.432445e+01,5.175085e+01,5.891572e+00,0.4113
930,6.633616e+01,1.430733e+01,5.104337e+01,-1.529278e+01,-1.0689
931,4.568086e+01,1.428985e+01,5.031093e+01,4.630069e+00,0.3240
932,6.695914e+01,1.427203e+01,4.955383e+01,-1.740531e+01,-1.2195
933,4.254260e+01,1.425389e+01,4.877252e+01,6.229919e+00,0.4371
934,6.177119e+01,1.423544e+01,4.796723e+01,-1.380396e+01,-0.9697
935,6.513297e+01,1.421669e+01,4.713842e+01,-1.799455e+01,-1.2657
936,3.526831e+01,1.419766e+01,4.628644e+01,1.101813e+01,0.7761
937,5.381795e+01,1.417836e+01,4.541182e+01,-8.406129e+00,-0.5929
938,6.902203e+01,1.415882e+01,4.451494e+01,-2.450709e+01,-1.7309
939,5.264435e+01,1.413904e+01,4.359631e+01,-9.048047e+00,-0.6399
940,5.809319e+01,1.411904e+01,4.265637e+01,-1.543682e+01,-1.0933
941,5.326893e+01,1.409885e+01,4.169549e+01,-1.157343e+01,-0.8209
942,1.537559e+01,1.407847e+01,4.071419e+01,2.533861e+01,1.7998
943,4.850896e+01,1.405794e+01,3.971298e+01,-8.795980e+00,-0.6257
944,5.385801e+01,1.403725e+01,3.869245e+01,-1.516556e+01,-1.0804
945,4.786878e+01,1.401644e+01,3.765303e+01,-1.021575e+01,-0.7288
946,2.399839e+01,1.399552e+01,3.659531e+01,1.259692e+01,0.9001
947,4.112761e+01,1.397452e+01,3.551988e+01,-5.607730e+00,-0.4013
948,3.904740e+01,1.395344e+01,3.442723e+01,-4.620172e+00,-0.3311
949,5.505144e+01,1.393231e+01,3.331781e+01,-2.173363e+01,-1.5599
950,5.321493e+01,1.391115e+01,3.219235e+01,-2.102258e+01,-1.5112
951,4.022238e+01,1.388998e+01,3.105118e+01,-9.171201e+00,-0.6603
952,2.650784e+01,1.386881e+01,2.989487e+01,3.387033e+00,0.2442
953,5.694001e+01,1.384768e+01,2.872377e+01,-2.821624e+01,-2.0376
954,3.587081e+01,1.382658e+01,2.753842e+01,-8.332395e+00,-0.6026
955,4.126190e+01,1.380556e+01,2.633923e+01,-1.492267e+01,-1.0809
956,5.548881e+01,1.378462e+01,2.512668e+01,-3.036213e+01,-2.2026
957,4.385507e+01,1.376378e+01,2.390124e+01,-1.995383e+01,-1.4497
958,2.804944e+01,1.374308e+01,2.266362e+01,-5.385823e+00,-0.3919
959,1.180677e+01,1.372251e+01,2.141443e+01,9.607661e+00,0.7001
960,5.290148e+01,1.370212e+01,2.015424e+01,-3.274725e+01,-2.3899
961,1.944308e+01,1.368192e+01,1.888358e+01,-5.594999e-01,-0.0409
962,1.608046e+01,1.366192e+01,1.760315e+01,1.522690e+00,0.1115
963,3.755416e+01,1.364215e+01,1.631358e+01,-2.124057e+01,-1.5570
964,3.684920e+01,1.362263e+01,1.501527e+01,-2.183393e+01,-1.6028
965,2.191266e+00,1.360338e+01,1.370875e+01,1.151748e+01,0.8467
966,-1.756077e-01,1.358442e+01,1.239458e+01,1.257019e+01,0.9253
967,2.738551e+01,1.356577e+01,1.107330e+01,-1.631222e+01,-1.2025
968,2.559783e+01,1.354743e+01,9.745373e+00,-1.585246e+01,-1.1701
969,2.636457e+01,1.352944e+01,8.411353e+00,-1.795321e+01,-1.3270
970,1.277820e+01,1.351179e+01,7.071704e+00,-5.706497e+00,-0.4223
971,2.839447e+01,1.349452e+01,5.727044e+00,-2.266743e+01,-1.6797
972,2.610404e+01,1.347764e+01,4.377988e+00,-2.172605e+01,-1.6120
973,1.477428e+01,1.346115e+01,3.025004e+00,-1.174928e+01,-0.8728
974,2.207123e+01,1.344508e+01,1.668708e+00,-2.040252e+01,-1.5175
975,1.725941e+01,1.342944e+01,3.097882e-01,-1.694962e+01,-1.2621
976,6.991604e+00,1.341425e+01,-1.051363e+00,-8.042967e+00,-0.5996
977,2.487973e+01,1.339951e+01,-2.413983e+00,-2.729372e+01,-2.0369
978,1.050040e+01,1.338525e+01,-3.777682e+00,-1.427808e+01,-1.0667
979,-4.522572e+00,1.337148e+01,-5.141814e+00,-6.192429e-01,-0.0463
980,2.157764e+01,1.335820e+01,-6.505873e+00,-2.808351e+01,-2.1023
981,-2.537327e+01,1.334543e+01,-7.869318e+00,1.750395e+01,1.3116
982,2.405715e+01,1.333319e+01,-9.231603e+00,-3.328875e+01,-2.4967
983,3.380221e+00,1.332148e+01,-1.059218e+01,-1.397241e+01,-1.0489
984,1.381531e+01,1.331031e+01,-1.195054e+01,-2.576585e+01,-1.9358
985,6.470745e+00,1.329970e+01,-1.330617e+01,-1.977691e+01,-1.4870
986,-1.426177e+01,1.328964e+01,-1.465859e+01,-3.968218e-01,-0.0299
987,-4.141824e+00,1.328014e+01,-1.600734e+01,-1.186552e+01,-0.8935
988,-9.736418e+00,1.327122e+01,-1.735193e+01,-7.615517e+00,-0.5738
989,1.307151e+00,1.326287e+01,-1.869189e+01,-1.999904e+01,-1.5079
990,-2.470919e+01,1.325514e+01,-2.002668e+01,4.682506e+00,0.3533
991,-1.739364e+01,1.324796e+01,-2.135592e+01,-3.962283e+00,-0.2991
992,-6.287987e+00,1.324155e+01,-2.267894e+01,-1.639095e+01,-1.2378
993,-1.344420e+01,1.323556e+01,-2.399518e+01,-1.055098e+01,-0.7972
994,-1.724431e+01,1.323052e+01,-2.530397e+01,-8.059654e+00,-0.6092
995,-9.593913e+00,1.322573e+01,-2.660484e+01,-1.701093e+01,-1.2862
996,-1.248800e+01,1.322165e+01,-2.789711e+01,-1.540911e+01,-1.1654
997,-1.439845e+01,1.321808e+01,-2.918023e+01,-1.478179e+01,-1.1183
998,-2.159937e+01,1.323314e+01,-3.045360e+01,-8.854234e+00,-0.6691
999,-2.039105e+01,1.323076e+01,-3.171646e+01,-1.132541e+01,-0.8560
1000,-2.584867e+01,1.486530e+01,-3.296826e+01,-7.119599e+00,-0.4789
1001,-2.515784e+01,1.486101e+01,-3.420834e+01,-9.050506e+00,-0.6090
1002,-4.835566e+01,1.495625e+01,-3.543609e+01,1.291957e+01,0.8638
1003,-3.571479e+01,1.495299e+01,-3.665092e+01,-9.361261e-01,-0.0626
1004,-3.182349e+01,1.495066e+01,-3.785231e+01,-6.028817e+00,-0.4032
1005,-5.365239e+01,1.494868e+01,-3.903975e+01,1.461265e+01,0.9775
1006,-5.874154e+01,1.494751e+01,-4.021294e+01,1.852860e+01,1.2396
1007,-3.600676e+01,1.494678e+01,-4.137174e+01,-5.364985e+00,-0.3589
1008,-2.089391e+01,1.494681e+01,-4.251608e+01,-2.162217e+01,-1.4466
1009,-6.549501e+01,1.494731e+01,-4.364566e+01,2.184934e+01,1.4618
1010,-2.240963e+01,1.494844e+01,-4.476034e+01,-2.235071e+01,-1.4952
1011,-3.490638e+01,1.495013e+01,-4.585989e+01,-1.095351e+01,-0.7327
1012,-3.874529e+01,1.495241e+01,-4.694424e+01,-8.198944e+00,-0.5483
1013,-3.175593e+01,1.495525e+01,-4.801309e+01,-1.625716e+01,-1.0871
1014,-6.438144e+01,1.495867e+01,-4.906600e+01,1.531545e+01,1.0239
1015,-4.148317e+01,1.496263e+01,-5.010273e+01,-8.619561e+00,-0.5761
1016,-5.447617e+01,1.496713e+01,-5.112300e+01,3.353166e+00,0.2240
1017,-5.460006e+01,1.497216e+01,-5.212650e+01,2.473559e+00,0.1652
1018,-5.113080e+01,1.497772e+01,-5.311285e+01,-1.982048e+00,-0.1323
1019,-6.172898e+01,1.498377e+01,-5.408176e+01,7.647224e+00,0.5104
1020,-3.972160e+01,1.499032e+01,-5.503262e+01,-1.531102e+01,-1.0214
1021,-5.326307e+01,1.499736e+01,-5.596491e+01,-2.701845e+00,-0.1802
1022,-2.365671e+01,1.500488e+01,-5.687811e+01,-3.322139e+01,-2.2140
1023,-3.958533e+01,1.501286e+01,-5.777152e+01,-1.818619e+01,-1.2114
1024,-6.004023e+01,1.502129e+01,-5.864471e+01,1.395518e+00,0.0929
1025,-3.881280e+01,1.503016e+01,-5.949699e+01,-2.068419e+01,-1.3762
1026,-7.109896e+01,1.503946e+01,-6.032790e+01,1.077106e+01,0.7162
1027,-4.364512e+01,1.504917e+01,-6.113766e+01,-1.749255e+01,-1.1624
1028,-5.872798e+01,1.505930e+01,-6.192633e+01,-3.198347e+00,-0.2124
1029,-3.644102e+01,1.506981e+01,-6.269411e+01,-2.625309e+01,-1.7421
1030,-5.414985e+01,1.508070e+01,-6.344122e+01,-9.291372e+00,-0.6161
1031,-6.822490e+01,1.509196e+01,-6.416794e+01,4.056967e+00,0.2688
1032,-6.311213e+01,1.510357e+01,-6.487432e+01,-1.762191e+00,-0.1167
1033,-6.467479e+01,1.511553e+01,-6.556056e+01,-8.857756e-01,-0.0586
1034,-4.100114e+01,1.512782e+01,-6.622621e+01,-2.522507e+01,-1.6675
1035,-6.174824e+01,1.514042e+01,-6.687073e+01,-5.122491e+00,-0.3383
1036,-4.884464e+01,1.515331e+01,-6.749364e+01,-1.864899e+01,-1.2307
1037,-5.887609e+01,1.516648e+01,-6.809440e+01,-9.218306e+00,-0.6078
1038,-7.625788e+01,1.517993e+01,-6.867254e+01,7.585342e+00,0.4997
1039,-6.763492e+01,1.519363e+01,-6.922760e+01,-1.592681e+00,-0.1048
1040,-5.301239e+01,1.520756e+01,-6.975902e+01,-1.674663e+01,-1.1012
1041,-2.427709e+01,1.522173e+01,-7.026686e+01,-4.598977e+01,-3.0213
1042,-7.919052e+01,1.523610e+01,-7.075116e+01,8.439361e+00,0.5539
1043,-7.336773e+01,1.525067e+01,-7.121173e+01,2.156003e+00,0.1414
1044,-5.184135e+01,1.526543e+01,-7.164930e+01,-1.980795e+01,-1.2976
1045,-6.437308e+01,1.528036e+01,-7.206323e+01,-7.690149e+00,-0.5033
1046,-6.632958e+01,1.529544e+01,-7.245438e+01,-6.124798e+00,-0.4004
1047,-7.646381e+01,1.531067e+01,-7.282213e+01,3.641685e+00,0.2379
1048,-7.954152e+01,1.532603e+01,-7.316658e+01,6.374943e+00,0.4160
1049,-9.099011e+01,1.534150e+01,-7.348710e+01,1.750301e+01,1.1409
1050,-4.659515e+01,1.535708e+01,-7.378529e+01,-2.719014e+01,-1.7705
1051,-8.549759e+01,1.537275e+01,-7.406051e+01,1.143708e+01,0.7440
1052,-8.845468e+01,1.538851e+01,-7.431214e+01,1.414254e+01,0.9190
1053,-6.610681e+01,1.540433e+01,-7.454029e+01,-8.433482e+00,-0.5475
1054,-5.696038e+01,1.542022e+01,-7.474507e+01,-1.778469e+01,-1.1533
1055,-9.051668e+01,1.543616e+01,-7.492733e+01,1.558934e+01,1.0099
1056,-8.719752e+01,1.545215e+01,-7.508645e+01,1.211107e+01,0.7838
1057,-6.616943e+01,1.546816e+01,-7.522178e+01,-9.052353e+00,-0.5852
1058,-1.011356e+02,1.548420e+01,-7.533492e+01,2.580067e+01,1.6663
1059,-9.334218e+01,1.550025e+01,-7.542450e+01,1.791768e+01,1.1560
1060,-6.831728e+01,1.551632e+01,-7.549060e+01,-7.173321e+00,-0.4623
1061,-7.827953e+01,1.553237e+01,-7.553483e+01,2.744698e+00,0.1767
1062,-1.004998e+02,1.554842e+01,-7.555505e+01,2.494478e+01,1.6043
1063,-8.195869e+01,1.556444e+01,-7.555360e+01,6.405090e+00,0.4115
1064,-7.004225e+01,1.558044e+01,-7.552909e+01,-5.486837e+00,-0.3522
1065,-1.007762e+02,1.559640e+01,-7.548161e+01,2.529458e+01,1.6218
1066,-6.179423e+01,1.561232e+01,-7.541274e+01,-1.361851e+01,-0.8723
1067,-7.072266e+01,1.562818e+01,-7.532110e+01,-4.598441e+00,-0.2942
1068,-1.012050e+02,1.564398e+01,-7.520752e+01,2.599751e+01,1.6618
1069,-8.307653e+01,1.565973e+01,-7.507209e+01,8.004440e+00,0.5111
1070,-9.330204e+01,1.567541e+01,-7.491491e+01,1.838713e+01,1.1730
1071,-6.723988e+01,1.569101e+01,-7.473606e+01,-7.496185e+00,-0.4777
1072,-8.038998e+01,1.570654e+01,-7.453637e+01,5.853608e+00,0.3727
1073,-9.005213e+01,1.572198e+01,-7.431519e+01,1.573694e+01,1.0010
1074,-4.624396e+01,1.573734e+01,-7.407335e+01,-2.782939e+01,-1.7684
1075,-7.440747e+01,1.575261e+01,-7.381093e+01,5.965484e-01,0.0379
1076,-1.025280e+02,1.576778e+01,-7.352726e+01,2.900075e+01,1.8392
1077,-8.061126e+01,1.578285e+01,-7.322392e+01,7.387340e+00,0.4681
1078,-5.348358e+01,1.579782e+01,-7.290099e+01,-1.941741e+01,-1.2291
1079,-8.992409e+01,1.581268e+01,-7.255780e+01,1.736629e+01,1.0983
1080,-9.382001e+01,1.582743e+01,-7.219591e+01,2.162410e+01,1.3662
1081,-6.080795e+01,1.584207e+01,-7.181392e+01,-1.100597e+01,-0.6947
1082,-8.110394e+01,1.585659e+01,-7.141338e+01,9.690560e+00,0.6111
1083,-1.039312e+02,1.587098e+01,-7.099437e+01,3.293686e+01,2.0753
1084,-7.030060e+01,1.588525e+01,-7.055697e+01,-2.563681e-01,-0.0161
1085,-7.285771e+01,1.589939e+01,-7.010197e+01,2.755738e+00,0.1733
1086,-4.623081e+01,1.591341e+01,-6.962798e+01,-2.339717e+01,-1.4703
1087,-9.517291e+01,1.592730e+01,-6.913729e+01,2.603562e+01,1.6347
1088,-7.384381e+01,1.594105e+01,-6.862922e+01,5.214592e+00,0.3271
1089,-5.592411e+01,1.595468e+01,-6.810383e+01,-1.217972e+01,-0.7634
1090,-4.606451e+01,1.596818e+01,-6.756194e+01,-2.149743e+01,-1.3463
1091,-8.540107e+01,1.598155e+01,-6.700435e+01,1.839672e+01,1.1511
1092,-6.617461e+01,1.599478e+01,-6.643038e+01,-2.557667e-01,-0.0160
1093,-7.986174e+01,1.600788e+01,-6.584158e+01,1.402015e+01,0.8758
1094,-9.673907e+01,1.602085e+01,-6.523727e+01,3.150180e+01,1.9663
1095,-8.533879e+01,1.603368e+01,-6.461899e+01,2.071981e+01,1.2923
1096,-7.005888e+01,1.604638e+01,-6.398605e+01,6.072821e+00,0.3785
1097,-7.782340e+01,1.605894e+01,-6.333927e+01,1.448413e+01,0.9019
1098,-7.940747e+01,1.607137e+01,-6.267942e+01,1.672805e+01,1.0409
1099,-6.048565e+01,1.608365e+01,-6.200658e+01,-1.520932e+00,-0.0946
1100,-6.771170e+01,1.609580e+01,-6.132154e+01,6.390159e+00,0.3970
1101,-4.553065e+01,1.610781e+01,-6.062358e+01,-1.509293e+01,-0.9370
1102,-5.901851e+01,1.611968e+01,-5.991419e+01,-8.956844e-01,-0.0556
1103,-5.816597e+01,1.613141e+01,-5.919258e+01,-1.026607e+00,-0.0636
1104,-6.237942e+01,1.614301e+01,-5.846005e+01,3.919375e+00,0.2428
1105,-4.276417e+01,1.615447e+01,-5.771671e+01,-1.495254e+01,-0.9256
1106,-2.146590e+01,1.616580e+01,-5.696282e+01,-3.549692e+01,-2.1958
1107,-9.061027e+01,1.617699e+01,-5.619879e+01,3.441148e+01,2.1272
1108,-6.743547e+01,1.618806e+01,-5.542502e+01,1.201045e+01,0.7419
1109,-7.760878e+01,1.619899e+01,-5.464185e+01,2.296693e+01,1.4178
1110,-2.157548e+01,1.620979e+01,-5.384968e+01,-3.227420e+01,-1.9910
1111,-5.013822e+01,1.622047e+01,-5.304891e+01,-2.910689e+00,-0.1794
1112,-7.554102e+01,1.623102e+01,-5.223979e+01,2.330123e+01,1.4356
1113,-6.755457e+01,1.624144e+01,-5.142295e+01,1.613162e+01,0.9932
1114,-4.860767e+01,1.625173e+01,-5.059858e+01,-1.990906e+00,-0.1225
1115,-2.257605e+01,1.626189e+01,-4.976713e+01,-2.719108e+01,-1.6721
1116,-7.473989e+01,1.627192e+01,-4.892910e+01,2.581079e+01,1.5862
1117,-6.753602e+01,1.628183e+01,-4.808472e+01,1.945131e+01,1.1947
1118,-5.008243e+01,1.629160e+01,-4.723440e+01,2.848033e+00,0.1748
1119,-5.792537e+01,1.630125e+01,-4.637868e+01,1.154669e+01,0.7083
1120,-2.703518e+01,1.631077e+01,-4.551774e+01,-1.848256e+01,-1.1332
1121,-3.417234e+01,1.632017e+01,-4.465213e+01,-1.047978e+01,-0.6421
1122,-5.302277e+01,1.632944e+01,-4.378216e+01,9.240615e+00,0.5659
1123,-4.089425e+01,1.633859e+01,-4.290823e+01,-2.013978e+00,-0.1233
1124,-5.215896e+01,1.634763e+01,-4.203074e+01,1.012823e+01,0.6196
1125,-5.660480e+01,1.635654e+01,-4.115008e+01,1.545472e+01,0.9449
1126,-4.062298e+01,1.636534e+01,-4.026680e+01,3.561854e-01,0.0218
1127,-6.001121e+01,1.637402e+01,-3.938129e+01,2.062992e+01,1.2599
1128,-3.573646e+01,1.638258e+01,-3.849409e+01,-2.757627e+00,-0.1683
1129,-6.411052e+01,1.639114e+01,-3.760552e+01,2.650499e+01,1.6170
1130,-4.984774e+01,1.639961e+01,-3.671614e+01,1.313161e+01,0.8007
1131,-2.809014e+01,1.640793e+01,-3.582639e+01,-7.736246e+00,-0.4715
1132,-3.748360e+01,1.641611e+01,-3.493660e+01,2.546994e+00,0.1552
1133,-3.352275e+01,1.642416e+01,-3.404725e+01,-5.244949e-01,-0.0319
1134,-3.958115e+01,1.643208e+01,-3.315872e+01,6.422436e+00,0.3908
1135,-5.427348e+01,1.643984e+01,-3.227140e+01,2.200208e+01,1.3383
1136,-7.358947e+01,1.644747e+01,-3.138561e+01,4.220386e+01,2.5660
1137,-5.085675e+01,1.645495e+01,-3.050191e+01,2.035484e+01,1.2370
1138,-4.710771e+01,1.646230e+01,-2.962059e+01,1.748712e+01,1.0623
1139,-3.884220e+01,1.646949e+01,-2.874206e+01,1.010014e+01,0.6133
1140,-3.650500e+01,1.647655e+01,-2.786678e+01,8.638210e+00,0.5243
1141,-4.536871e+01,1.648346e+01,-2.699523e+01,1.837348e+01,1.1147
1142,-4.430129e+01,1.649022e+01,-2.612779e+01,1.817350e+01,1.1021
1143,-3.789917e+01,1.649684e+01,-2.526485e+01,1.263431e+01,0.7659
1144,-2.678399e+01,1.650330e+01,-2.440689e+01,2.377092e+00,0.1440
1145,-1.077535e+01,1.650962e+01,-2.355430e+01,-1.277895e+01,-0.7740
1146,-1.205313e+01,1.651579e+01,-2.270755e+01,-1.065442e+01,-0.6451
1147,-2.739353e+01,1.652180e+01,-2.186695e+01,5.526583e+00,0.3345
1148,-4.906674e+01,1.652765e+01,-2.103290e+01,2.803384e+01,1.6962
1149,-3.132923e+00,1.653335e+01,-2.020587e+01,-1.707294e+01,-1.0326
1150,-7.407833e+00,1.653889e+01,-1.938617e+01,-1.197834e+01,-0.7243
1151,-3.963380e+01,1.654426e+01,-1.857420e+01,2.105959e+01,1.2729
1152,-3.686850e+01,1.654947e+01,-1.777034e+01,1.909816e+01,1.1540
1153,-3.557358e+01,1.655458e+01,-1.697482e+01,1.859875e+01,1.1235
1154,-2.691880e+01,1.655960e+01,-1.618795e+01,1.073085e+01,0.6480
1155,-5.861002e+00,1.656444e+01,-1.541003e+01,-9.549026e+00,-0.5765
1156,4.557675e+00,1.656914e+01,-1.464144e+01,-1.919911e+01,-1.1587
1157,-3.914106e+01,1.657366e+01,-1.388233e+01,2.525873e+01,1.5240
1158,-1.807827e+01,1.657802e+01,-1.313316e+01,4.945113e+00,0.2983
1159,3.165265e+00,1.658221e+01,-1.239417e+01,-1.555943e+01,-0.9383
1160,-9.376338e+00,1.658623e+01,-1.166558e+01,-2.289243e+00,-0.1380
1161,-1.422923e+01,1.659008e+01,-1.094771e+01,3.281521e+00,0.1978
1162,-1.451300e+01,1.659376e+01,-1.024071e+01,4.272295e+00,0.2575
1163,-2.952699e+01,1.659725e+01,-9.544890e+00,1.998210e+01,1.2039
1164,-2.286040e+01,1.660057e+01,-8.860566e+00,1.399983e+01,0.8433
1165,-1.302105e+01,1.660371e+01,-8.187896e+00,4.833156e+00,0.2911
1166,5.984539e+00,1.660666e+01,-7.527193e+00,-1.351173e+01,-0.8136
1167,-2.220935e+01,1.660942e+01,-6.878619e+00,1.533073e+01,0.9230
1168,-3.730972e+01,1.661200e+01,-6.242487e+00,3.106724e+01,1.8702
1169,-3.204101e+01,1.661439e+01,-5.618962e+00,2.642204e+01,1.5903
1170,-2.673935e+01,1.661658e+01,-5.008285e+00,2.173107e+01,1.3078
1171,-1.398347e+01,1.661859e+01,-4.410771e+00,9.572701e+00,0.5760
1172,-2.232538e+01,1.662040e+01,-3.826513e+00,1.849887e+01,1.1130
1173,-7.941882e+00,1.662201e+01,-3.255829e+00,4.686053e+00,0.2819
1174,-1.873842e+01,1.662342e+01,-2.698925e+00,1.603950e+01,0.9649
1175,-1.052035e+00,1.662464e+01,-2.155933e+00,-1.103898e+00,-0.0664
1176,-1.623430e+01,1.662567e+01,-1.627064e+00,1.460724e+01,0.8786
1177,-1.007230e+01,1.662649e+01,-1.112481e+00,8.959823e+00,0.5389
1178,-3.484492e+01,1.662711e+01,-6.123879e-01,3.423254e+01,2.0588
1179,2.650170e+00,1.662754e+01,-1.269587e-01,-2.777128e+00,-0.1670
1180,-1.870607e+01,1.662776e+01,3.436162e-01,1.904968e+01,1.1457
1181,1.290841e+01,1.662778e+01,7.991753e-01,-1.210923e+01,-0.7283
1182,-1.970030e+01,1.662760e+01,1.239578e+00,2.093988e+01,1.2593
1183,1.029961e+01,1.662721e+01,1.664653e+00,-8.634957e+00,-0.5193
1184,-2.894677e+00,1.662662e+01,2.074252e+00,4.968929e+00,0.2989
1185,6.146490e+00,1.662583e+01,2.468214e+00,-3.678276e+00,-0.2212
1186,-1.655195e+01,1.662484e+01,2.846380e+00,1.939833e+01,1.1668
1187,6.856638e+00,1.662364e+01,3.208605e+00,-3.648033e+00,-0.2194
1188,-3.081792e+01,1.662224e+01,3.554793e+00,3.437271e+01,2.0679
1189,-1.539232e+01,1.662064e+01,3.884840e+00,1.927716e+01,1.1598
1190,7.116690e+00,1.661884e+01,4.198664e+00,-2.918025e+00,-0.1756
1191,-5.292408e+00,1.661684e+01,4.496173e+00,9.788581e+00,0.5891
1192,1.957051e+01,1.661464e+01,4.777268e+00,-1.479324e+01,-0.8904
1193,-1.976215e+00,1.661225e+01,5.041869e+00,7.018084e+00,0.4225
1194,-1.523499e+01,1.660965e+01,5.289874e+00,2.052486e+01,1.2357
1195,2.131053e+01,1.660687e+01,5.521230e+00,-1.578930e+01,-0.9508
1196,-2.997378e+01,1.660388e+01,5.735893e+00,3.570967e+01,2.1507
1197,-5.743239e-01,1.660071e+01,5.933808e+00,6.508132e+00,0.3920
1198,2.784067e+01,1.659737e+01,6.114941e+00,-2.172572e+01,-1.3090
1199,1.547179e+01,1.659383e+01,6.279155e+00,-9.192637e+00,-0.5540
1200,-6.532157e+00,1.659011e+01,6.426546e+00,1.295870e+01,0.7811
1201,2.696146e+00,1.658620e+01,6.556915e+00,3.860770e+00,0.2328
1202,2.272077e+00,1.658212e+01,6.670442e+00,4.398365e+00,0.2652
1203,-9.085233e+00,1.657785e+01,6.767008e+00,1.585224e+01,0.9562
1204,-1.861279e+01,1.657342e+01,6.846716e+00,2.545950e+01,1.5362
1205,-5.964160e+00,1.656882e+01,6.909520e+00,1.287368e+01,0.7770
1206,-2.421021e+00,1.656405e+01,6.955521e+00,9.376542e+00,0.5661
1207,1.816298e+01,1.655912e+01,6.984743e+00,-1.117824e+01,-0.6751
1208,5.619400e+00,1.655404e+01,6.997136e+00,1.377736e+00,0.0832
1209,-2.721497e+01,1.654881e+01,6.992871e+00,3.420785e+01,2.0671
1210,3.670968e+00,1.654342e+01,6.971895e+00,3.300927e+00,0.1995
1211,9.955838e+00,1.653789e+01,6.934449e+00,-3.021389e+00,-0.1827
1212,2.246323e+01,1.653223e+01,6.880552e+00,-1.558268e+01,-0.9426
1213,3.372641e+01,1.652643e+01,6.810221e+00,-2.691619e+01,-1.6287
1214,-8.493661e-02,1.652051e+01,6.723545e+00,6.808481e+00,0.4121
1215,-9.062002e+00,1.651446e+01,6.620687e+00,1.568269e+01,0.9496
1216,2.563688e+01,1.650830e+01,6.501660e+00,-1.913522e+01,-1.1591
1217,3.480993e+01,1.650204e+01,6.366623e+00,-2.844331e+01,-1.7236
1218,1.072947e+00,1.649567e+01,6.215660e+00,5.142714e+00,0.3118
1219,3.618767e+00,1.648921e+01,6.048781e+00,2.430014e+00,0.1474
1220,1.356858e+01,1.648266e+01,5.866290e+00,-7.702289e+00,-0.4673
1221,-1.078692e+01,1.647603e+01,5.668043e+00,1.645496e+01,0.9987
1222,-4.702422e+00,1.646932e+01,5.454342e+00,1.015676e+01,0.6167
1223,2.752968e+01,1.646255e+01,5.225339e+00,-2.230434e+01,-1.3549
1224,1.150062e+01,1.645573e+01,4.981111e+00,-6.519512e+00,-0.3962
1225,-1.688128e+01,1.644885e+01,4.722028e+00,2.160331e+01,1.3134
1226,1.757708e+01,1.644193e+01,4.448165e+00,-1.312892e+01,-0.7985
1227,-1.575352e+01,1.643497e+01,4.159667e+00,1.991318e+01,1.2116
1228,9.389750e+00,1.642799e+01,3.856903e+00,-5.532846e+00,-0.3368
1229,-5.100720e+00,1.642099e+01,3.539943e+00,8.640663e+00,0.5262
1230,6.252787e-01,1.641399e+01,3.209002e+00,2.583724e+00,0.1574
1231,6.748251e-01,1.640699e+01,2.864223e+00,2.189398e+00,0.1334
1232,1.249046e+01,1.640000e+01,2.505968e+00,-9.984496e+00,-0.6088
1233,5.297501e+00,1.639303e+01,2.134228e+00,-3.163274e+00,-0.1930
1234,3.954894e+00,1.638609e+01,1.749362e+00,-2.205532e+00,-0.1346
1235,-1.343428e+01,1.637919e+01,1.351433e+00,1.478571e+01,0.9027
1236,8.898823e-01,1.637235e+01,9.407242e-01,5.084187e-02,0.0031
1237,-3.907900e+00,1.636557e+01,5.174442e-01,4.425344e+00,0.2704
1238,-1.163057e+01,1.635887e+01,8.187418e-02,1.171245e+01,0.7160
1239,1.662085e+01,1.635224e+01,-3.657800e-01,-1.698663e+01,-1.0388
1240,4.289688e+00,1.634571e+01,-8.252394e-01,-5.114928e+00,-0.3129
1241,-4.536056e+00,1.633928e+01,-1.296226e+00,3.239830e+00,0.1983
1242,-9.766663e+00,1.633295e+01,-1.778463e+00,7.988200e+00,0.4891
1243,8.979075e+00,1.632675e+01,-2.271750e+00,-1.125082e+01,-0.6891
1244,6.720011e-01,1.632068e+01,-2.775885e+00,-3.447886e+00,-0.2113
1245,-1.768727e+00,1.631475e+01,-3.290462e+00,-1.521734e+00,-0.0933
1246,1.512020e+01,1.630897e+01,-3.815259e+00,-1.893546e+01,-1.1610
1247,-3.795417e+00,1.630335e+01,-4.350000e+00,-5.545823e-01,-0.0340
1248,8.949392e+00,1.629790e+01,-4.894411e+00,-1.384380e+01,-0.8494
1249,5.639804e+00,1.629263e+01,-5.448226e+00,-1.108803e+01,-0.6806
1250,1.683691e+01,1.628756e+01,-6.011144e+00,-2.284805e+01,-1.4028
1251,8.308000e+00,1.628269e+01,-6.582851e+00,-1.489085e+01,-0.9145
1252,-1.287500e+01,1.627804e+01,-7.163054e+00,5.711949e+00,0.3509
1253,-4.073347e+00,1.627361e+01,-7.751472e+00,-3.678124e+00,-0.2260
1254,-1.332718e+01,1.626943e+01,-8.347838e+00,4.979343e+00,0.3061
1255,-2.859628e+01,1.626549e+01,-8.951860e+00,1.964442e+01,1.2077
1256,1.297292e+01,1.626180e+01,-9.563274e+00,-2.253620e+01,-1.3858
1257,-6.465207e+00,1.625839e+01,-1.018181e+01,-3.716600e+00,-0.2286
1258,5.072033e-01,1.625524e+01,-1.080718e+01,-1.131439e+01,-0.6960
1259,4.986436e+00,1.625238e+01,-1.143913e+01,-1.642557e+01,-1.0107
1260,2.370932e+00,1.624981e+01,-1.207738e+01,-1.444831e+01,-0.8891
1261,-2.260843e+01,1.624754e+01,-1.272166e+01,9.886769e+00,0.6085
1262,-1.291029e+01,1.624558e+01,-1.337170e+01,-4.614104e-01,-0.0284
1263,-6.288775e-01,1.624394e+01,-1.402723e+01,-1.339836e+01,-0.8248
1264,1.688149e+00,1.624263e+01,-1.468798e+01,-1.637613e+01,-1.0082
1265,-1.248128e+01,1.624165e+01,-1.535364e+01,-2.872363e+00,-0.1769
1266,-3.378611e+00,1.624102e+01,-1.602391e+01,-1.264530e+01,-0.7786
1267,-2.464370e+01,1.624075e+01,-1.669848e+01,7.945220e+00,0.4892
1268,-1.389231e+01,1.624083e+01,-1.737704e+01,-3.484725e+00,-0.2146
1269,-6.929876e+00,1.624129e+01,-1.805928e+01,-1.112940e+01,-0.6853
1270,-6.886371e+00,1.624214e+01,-1.874492e+01,-1.185855e+01,-0.7301
1271,-1.581554e+00,1.624337e+01,-1.943359e+01,-1.785204e+01,-1.0990
1272,-1.374218e+01,1.624500e+01,-2.012510e+01,-6.382919e+00,-0.3929
1273,-3.652515e+01,1.624704e+01,-2.081898e+01,1.570617e+01,0.9667
1274,-1.512142e+01,1.624948e+01,-2.151504e+01,-6.393621e+00,-0.3935
1275,2.497184e+01,1.625233e+01,-2.221289e+01,-4.718474e+01,-2.9033
1276,-1.756867e+01,1.625561e+01,-2.291228e+01,-5.343614e+00,-0.3287
1277,2.830596e+00,1.625931e+01,-2.361288e+01,-2.644348e+01,-1.6264
1278,7.587134e+00,1.626344e+01,-2.431429e+01,-3.190143e+01,-1.9615
1279,-8.984578e+00,1.626801e+01,-2.501634e+01,-1.603176e+01,-0.9855
1280,-3.673615e+01,1.627301e+01,-2.571862e+01,1.101753e+01,0.6770
1281,-2.278433e+01,1.627846e+01,-2.642089e+01,-3.636561e+00,-0.2234
1282,-2.550698e+01,1.628437e+01,-2.712275e+01,-1.615772e+00,-0.0992
1283,-1.217381e+01,1.629072e+01,-2.782394e+01,-1.565013e+01,-0.9607
1284,-3.004727e+01,1.629754e+01,-2.852407e+01,1.523198e+00,0.0935
1285,-1.721761e+01,1.630482e+01,-2.922290e+01,-1.200528e+01,-0.7363
1286,-2.711598e+01,1.631257e+01,-2.992008e+01,-2.804100e+00,-0.1719
1287,-4.909501e+01,1.632079e+01,-3.061531e+01,1.847970e+01,1.1323
1288,-1.073663e+01,1.632950e+01,-3.130818e+01,-2.057155e+01,-1.2598
1289,-2.855716e+01,1.633868e+01,-3.199838e+01,-3.441215e+00,-0.2106
1290,-4.005609e+01,1.634833e+01,-3.268564e+01,7.370453e+00,0.4508
1291,-1.697265e+01,1.635847e+01,-3.336957e+01,-1.639692e+01,-1.0024
1292,-3.165537e+01,1.636909e+01,-3.404993e+01,-2.394554e+00,-0.1463
1293,-3.022120e+01,1.638019e+01,-3.472623e+01,-4.505039e+00,-0.2750
1294,-2.790604e+01,1.639177e+01,-3.539839e+01,-7.492348e+00,-0.4571
1295,-2.288220e+01,1.640383e+01,-3.606592e+01,-1.318372e+01,-0.8037
1296,-4.231930e+01,1.641637e+01,-3.672857e+01,5.590733e+00,0.3406
1297,-5.439413e+01,1.642939e+01,-3.738602e+01,1.700811e+01,1.0352
1298,-3.209187e+01,1.644288e+01,-3.803795e+01,-5.946077e+00,-0.3616
1299,-3.968921e+01,1.645686e+01,-3.868410e+01,1.005116e+00,0.0611
1300,-7.332728e+00,1.647131e+01,-3.932407e+01,-3.199134e+01,-1.9422
1301,-2.064284e+01,1.648624e+01,-3.995770e+01,-1.931487e+01,-1.1716
1302,-4.955868e+01,1.650165e+01,-4.058459e+01,8.974090e+00,0.5438
1303,-2.965615e+01,1.651753e+01,-4.120471e+01,-1.154855e+01,-0.6992
1304,-2.020066e+01,1.653389e+01,-4.181767e+01,-2.161701e+01,-1.3074
1305,-2.878650e+01,1.655073e+01,-4.242337e+01,-1.363687e+01,-0.8239
1306,-2.637069e+01,1.656802e+01,-4.302150e+01,-1.665081e+01,-1.0050
1307,-2.974243e+01,1.658578e+01,-4.361189e+01,-1.386946e+01,-0.8362
1308,-3.375068e+01,1.660400e+01,-4.419435e+01,-1.044367e+01,-0.6290
1309,-5.036629e+01,1.662267e+01,-4.476866e+01,5.597635e+00,0.3367
1310,-2.710943e+01,1.664180e+01,-4.533448e+01,-1.822506e+01,-1.0951
1311,-3.198113e+01,1.666137e+01,-4.589179e+01,-1.391066e+01,-0.8349
1312,-9.312960e+01,1.668138e+01,-4.644027e+01,4.668933e+01,2.7989
1313,-7.813065e+01,1.670182e+01,-4.697967e+01,3.115098e+01,1.8651
1314,-4.304046e+01,1.672270e+01,-4.750996e+01,-4.469504e+00,-0.2673
1315,-4.540589e+01,1.674400e+01,-4.803075e+01,-2.624859e+00,-0.1568
1316,-3.188062e+01,1.676572e+01,-4.854200e+01,-1.666139e+01,-0.9938
1317,-2.011202e+01,1.678785e+01,-4.904354e+01,-2.893152e+01,-1.7234
1318,-6.004725e+01,1.681039e+01,-4.953512e+01,1.051213e+01,0.6253
1319,-6.891671e+01,1.683334e+01,-5.001655e+01,1.890016e+01,1.1228
1320,-3.321188e+01,1.685668e+01,-5.048773e+01,-1.727585e+01,-1.0249
1321,-1.894633e+01,1.688041e+01,-5.094841e+01,-3.200208e+01,-1.8958
1322,-5.920462e+01,1.690454e+01,-5.139848e+01,7.806143e+00,0.4618
1323,-7.202559e+01,1.692903e+01,-5.183775e+01,2.018784e+01,1.1925
1324,-7.500986e+01,1.695390e+01,-5.226605e+01,2.274381e+01,1.3415
1325,-2.404678e+01,1.697913e+01,-5.268318e+01,-2.863640e+01,-1.6866
1326,-5.598549e+01,1.700471e+01,-5.308904e+01,2.896451e+00,0.1703
1327,-4.634511e+01,1.703064e+01,-5.348352e+01,-7.138402e+00,-0.4192
1328,-6.063509e+01,1.705692e+01,-5.386635e+01,6.768747e+00,0.3968
1329,-5.890239e+01,1.708351e+01,-5.423742e+01,4.664976e+00,0.2731
1330,-5.227689e+01,1.711044e+01,-5.459668e+01,-2.319790e+00,-0.1356
1331,-6.893471e+01,1.713768e+01,-5.494396e+01,1.399075e+01,0.8164
1332,-3.237094e+01,1.716522e+01,-5.527913e+01,-2.290819e+01,-1.3346
1333,-6.859897e+01,1.719306e+01,-5.560208e+01,1.299689e+01,0.7559
1334,-4.432699e+01,1.722120e+01,-5.591260e+01,-1.158561e+01,-0.6728
1335,-5.401929e+01,1.724961e+01,-5.621058e+01,-2.191293e+00,-0.1270
1336,-7.234599e+01,1.727829e+01,-5.649606e+01,1.584993e+01,0.9173
1337,-4.444623e+01,1.730725e+01,-5.676882e+01,-1.232259e+01,-0.7120
1338,-6.744105e+00,1.733646e+01,-5.702882e+01,-5.028472e+01,-2.9005
1339,-4.114236e+01,1.736592e+01,-5.727587e+01,-1.613351e+01,-0.9290
1340,-6.601600e+01,1.739562e+01,-5.750998e+01,8.506018e+00,0.4890
1341,-6.009969e+01,1.742555e+01,-5.773103e+01,2.368658e+00,0.1359
1342,-6.033944e+01,1.745570e+01,-5.793882e+01,2.400620e+00,0.1375
1343,-5.934582e+01,1.748606e+01,-5.813343e+01,1.212380e+00,0.0693
1344,-1.929949e+01,1.751663e+01,-5.831467e+01,-3.901518e+01,-2.2273
1345,-6.468707e+01,1.754739e+01,-5.848248e+01,6.204589e+00,0.3536
1346,-6.337127e+01,1.757834e+01,-5.863680e+01,4.734477e+00,0.2693
1347,-3.652150e+01,1.760947e+01,-5.877756e+01,-2.225606e+01,-1.2639
1348,-6.542066e+01,1.764077e+01,-5.890464e+01,6.516026e+00,0.3694
1349,-6.298577e+01,1.767222e+01,-5.901796e+01,3.967803e+00,0.2245
1350,-8.399191e+01,1.770383e+01,-5.911770e+01,2.487421e+01,1.4050
1351,-6.420593e+01,1.773557e+01,-5.920378e+01,5.002143e+00,0.2820
1352,-7.508569e+01,1.776746e+01,-5.927616e+01,1.580953e+01,0.8898
1353,-8.399646e+01,1.779947e+01,-5.933493e+01,2.466152e+01,1.3855
1354,-6.124832e+01,1.783159e+01,-5.938011e+01,1.868204e+00,0.1048
1355,-6.505000e+01,1.786382e+01,-5.941165e+01,5.638353e+00,0.3156
1356,-2.412016e+01,1.789616e+01,-5.942964e+01,-3.530947e+01,-1.9730
1357,-8.936508e+01,1.792858e+01,-5.943409e+01,2.993098e+01,1.6695
1358,-7.868040e+01,1.796108e+01,-5.942496e+01,1.925544e+01,1.0721
1359,-4.825854e+01,1.799366e+01,-5.940240e+01,-1.114385e+01,-0.6193
1360,-5.985632e+01,1.802630e+01,-5.936627e+01,4.900482e-01,0.0272
1361,-9.386073e+01,1.805901e+01,-5.931667e+01,3.454407e+01,1.9128
1362,-4.849613e+01,1.809176e+01,-5.925367e+01,-1.075754e+01,-0.5946
1363,-7.799728e+01,1.812456e+01,-5.917722e+01,1.882006e+01,1.0384
1364,-5.012758e+01,1.815739e+01,-5.908747e+01,-8.959893e+00,-0.4935
1365,-7.034682e+01,1.819024e+01,-5.898450e+01,1.136232e+01,0.6246
1366,-4.504246e+01,1.822311e+01,-5.886832e+01,-1.382586e+01,-0.7587
1367,-6.717706e+01,1.825600e+01,-5.873901e+01,8.438051e+00,0.4622
1368,-4.784583e+01,1.828889e+01,-5.859663e+01,-1.075080e+01,-0.5878
1369,-2.340219e+01,1.832178e+01,-5.844128e+01,-3.503909e+01,-1.9124
1370,-6.319263e+01,1.835465e+01,-5.827309e+01,4.919540e+00,0.2680
1371,-6.475878e+01,1.838750e+01,-5.809215e+01,6.666628e+00,0.3626
1372,-5.551030e+01,1.842032e+01,-5.789852e+01,-2.388215e+00,-0.1297
1373,-5.867223e+01,1.845310e+01,-5.769235e+01,9.798795e-01,0.0531
1374,-8.939666e+01,1.848585e+01,-5.747378e+01,3.192288e+01,1.7269
1375,-7.512753e+01,1.851855e+01,-5.724288e+01,1.788466e+01,0.9658
1376,-2.142725e+01,1.855118e+01,-5.699972e+01,-3.557247e+01,-1.9175
1377,-5.749832e+01,1.858376e+01,-5.674451e+01,7.538117e-01,0.0406
1378,-5.442043e+01,1.861627e+01,-5.647732e+01,-2.056890e+00,-0.1105
1379,-9.031623e+01,1.864871e+01,-5.619828e+01,3.411795e+01,1.8295
1380,-5.521685e+01,1.868106e+01,-5.590738e+01,-6.905368e-01,-0.0370
1381,-2.004566e+01,1.871334e+01,-5.560491e+01,-3.555926e+01,-1.9002
1382,-4.981722e+01,1.874551e+01,-5.529086e+01,-5.473637e+00,-0.2920
1383,-7.412551e+01,1.877759e+01,-5.496534e+01,1.916017e+01,1.0204
1384,-2.324231e+01,1.880956e+01,-5.462858e+01,-3.138626e+01,-1.6686
1385,-9.311849e-01,1.884143e+01,-5.428077e+01,-5.334958e+01,-2.8315
1386,-6.143013e+01,1.887318e+01,-5.392219e+01,7.507937e+00,0.3978
1387,-9.517647e+01,1.890480e+01,-5.355290e+01,4.162357e+01,2.2017
1388,-6.343899e+01,1.893629e+01,-5.317325e+01,1.026575e+01,0.5421
1389,-2.320254e+01,1.896764e+01,-5.278336e+01,-2.958082e+01,-1.5595
1390,-8.636052e+01,1.899885e+01,-5.238343e+01,3.397709e+01,1.7884
1391,-5.824881e+01,1.902992e+01,-5.197373e+01,6.275082e+00,0.3297
1392,-8.064486e+01,1.906083e+01,-5.155431e+01,2.909055e+01,1.5262
1393,-7.113530e+01,1.909159e+01,-5.112545e+01,2.000985e+01,1.0481
1394,-6.143604e+01,1.912219e+01,-5.068726e+01,1.074878e+01,0.5621
1395,-6.082797e+01,1.915262e+01,-5.024001e+01,1.058796e+01,0.5528
1396,-7.565290e+01,1.918288e+01,-4.978374e+01,2.586916e+01,1.3486
1397,-4.149218e+01,1.921297e+01,-4.931880e+01,-7.826620e+00,-0.4074
1398,-5.177221e+01,1.924289e+01,-4.884522e+01,2.926990e+00,0.1521
1399,-1.039567e+02,1.927262e+01,-4.836343e+01,5.559328e+01,2.8846
1400,-4.405612e+01,1.930216e+01,-4.787360e+01,-3.817487e+00,-0.1978
1401,-5.792112e+01,1.933152e+01,-4.737600e+01,1.054512e+01,0.5455
1402,-6.380689e+01,1.936068e+01,-4.687068e+01,1.693622e+01,0.8748
1403,-5.628832e+01,1.938964e+01,-4.635799e+01,9.930332e+00,0.5121
1404,-5.782069e+01,1.941839e+01,-4.583806e+01,1.198263e+01,0.6171
1405,-6.711599e+01,1.944693e+01,-4.531102e+01,2.180497e+01,1.1213
1406,-7.700643e+01,1.947526e+01,-4.477706e+01,3.222938e+01,1.6549
1407,-8.076436e+01,1.950336e+01,-4.423645e+01,3.652791e+01,1.8729
1408,-4.750432e+01,1.953125e+01,-4.368925e+01,3.815069e+00,0.1953
1409,-7.045565e+00,1.955891e+01,-4.313572e+01,-3.609016e+01,-1.8452
1410,-5.353286e+01,1.958634e+01,-4.257606e+01,1.095680e+01,0.5594
1411,-6.614407e+01,1.961355e+01,-4.201039e+01,2.413368e+01,1.2305
1412,-7.665848e+01,1.964052e+01,-4.143905e+01,3.521943e+01,1.7932
1413,-1.527906e+01,1.966726e+01,-4.086209e+01,-2.558304e+01,-1.3008
1414,-9.025921e+01,1.969376e+01,-4.028000e+01,4.997921e+01,2.5378
1415,-4.430775e+01,1.972002e+01,-3.969282e+01,4.614931e+00,0.2340
1416,-4.567329e+01,1.974603e+01,-3.910088e+01,6.572403e+00,0.3328
1417,-5.733763e+01,1.977181e+01,-3.850439e+01,1.883323e+01,0.9525
1418,-2.177962e+01,1.979733e+01,-3.790368e+01,-1.612406e+01,-0.8145
1419,-4.293727e+01,1.982259e+01,-3.729879e+01,5.638477e+00,0.2844
1420,-7.165585e+01,1.984760e+01,-3.669014e+01,3.496571e+01,1.7617
1421,-3.362877e+01,1.987236e+01,-3.607790e+01,-2.449133e+00,-0.1232
1422,-6.651534e+01,1.989685e+01,-3.546221e+01,3.105313e+01,1.5607
1423,-4.377898e+01,1.992107e+01,-3.484339e+01,8.935594e+00,0.4485
1424,-4.914489e+01,1.994512e+01,-3.422156e+01,1.492334e+01,0.7482
1425,-6.195882e+01,1.996891e+01,-3.359705e+01,2.836177e+01,1.4203
1426,-4.690220e+01,1.999243e+01,-3.297012e+01,1.393208e+01,0.6969
1427,-3.947148e+01,2.001567e+01,-3.234089e+01,7.130593e+00,0.3563
1428,-4.003467e+01,2.003864e+01,-3.170962e+01,8.325045e+00,0.4154
1429,-8.206641e+00,2.006133e+01,-3.107672e+01,-2.287008e+01,-1.1400
1430,-4.779219e+01,2.008375e+01,-3.044222e+01,1.734997e+01,0.8639
1431,-8.972148e+00,2.010589e+01,-2.980653e+01,-2.083438e+01,-1.0362
1432,-3.562893e+01,2.012774e+01,-2.916977e+01,6.459163e+00,0.3209
1433,-5.320068e+01,2.014933e+01,-2.853226e+01,2.466842e+01,1.2243
1434,-2.341925e+01,2.017062e+01,-2.789420e+01,-4.474945e+00,-0.2219
1435,-3.135602e+01,2.019163e+01,-2.725591e+01,4.100108e+00,0.2031
1436,-2.122212e+01,2.021235e+01,-2.661758e+01,-5.395467e+00,-0.2669
1437,-4.466230e+01,2.023279e+01,-2.597955e+01,1.868275e+01,0.9234
1438,-4.200681e+01,2.025293e+01,-2.534193e+01,1.666489e+01,0.8228
1439,-4.392488e+01,2.027279e+01,-2.470511e+01,1.921977e+01,0.9481
1440,-6.616244e+01,2.029234e+01,-2.406922e+01,4.209322e+01,2.0743
1441,-4.764570e+01,2.031161e+01,-2.343459e+01,2.421111e+01,1.1920
1442,-1.831861e+01,2.033058e+01,-2.280139e+01,-4.482784e+00,-0.2205
1443,-3.696929e+01,2.034924e+01,-2.216990e+01,1.479938e+01,0.7273
1444,-4.259139e+01,2.036762e+01,-2.154044e+01,2.105095e+01,1.0335
1445,-3.888427e+01,2.038569e+01,-2.091313e+01,1.797114e+01,0.8816
1446,-5.412418e+01,2.040348e+01,-2.028822e+01,3.383596e+01,1.6583
1447,-3.951733e+00,2.042096e+01,-1.966613e+01,-1.571439e+01,-0.7695
1448,-4.622495e+01,2.043816e+01,-1.904688e+01,2.717807e+01,1.3298
1449,-5.184580e+01,2.045505e+01,-1.843097e+01,3.341483e+01,1.6336
1450,-4.160251e+01,2.047165e+01,-1.781851e+01,2.378400e+01,1.1618
1451,-7.307459e+00,2.048795e+01,-1.720981e+01,-9.902350e+00,-0.4833
1452,-4.203764e+01,2.050396e+01,-1.660508e+01,2.543256e+01,1.2404
1453,-4.144080e+00,2.051966e+01,-1.600451e+01,-1.186043e+01,-0.5780
1454,-9.602665e+00,2.053507e+01,-1.540828e+01,-5.805618e+00,-0.2827
1455,-2.787189e+01,2.055018e+01,-1.481652e+01,1.305537e+01,0.6353
1456,-3.230562e+01,2.056499e+01,-1.422933e+01,1.807630e+01,0.8790
1457,-1.005479e+01,2.057950e+01,-1.364698e+01,-3.592191e+00,-0.1746
1458,-6.029890e+01,2.059371e+01,-1.306959e+01,4.722931e+01,2.2934
1459,-1.412850e+01,2.060762e+01,-1.249727e+01,1.631230e+00,0.0792
1460,-6.956573e+00,2.062124e+01,-1.193029e+01,-4.973719e+00,-0.2412
1461,-5.880426e+01,2.063455e+01,-1.136870e+01,4.743557e+01,2.2988
1462,-5.556286e+01,2.064758e+01,-1.081275e+01,4.475011e+01,2.1673
1463,-1.285701e+01,2.066031e+01,-1.026257e+01,2.594445e+00,0.1256
1464,-7.754611e+00,2.067275e+01,-9.718277e+00,-1.963666e+00,-0.0950
1465,-3.843110e+00,2.068490e+01,-9.179992e+00,-5.336883e+00,-0.2580
1466,-2.386598e+01,2.069676e+01,-8.648059e+00,1.521792e+01,0.7353
1467,-1.403880e+01,2.070833e+01,-8.122448e+00,5.916354e+00,0.2857
1468,4.743057e+00,2.071961e+01,-7.603432e+00,-1.234649e+01,-0.5959
1469,-2.346594e-01,2.073062e+01,-7.091132e+00,-6.856472e+00,-0.3307
1470,-5.556445e+01,2.074133e+01,-6.585597e+00,4.897885e+01,2.3614
1471,-1.184768e+01,2.075177e+01,-6.087100e+00,5.760583e+00,0.2776
1472,1.245085e+01,2.076192e+01,-5.595693e+00,-1.804654e+01,-0.8692
1473,-9.751803e+00,2.077180e+01,-5.111573e+00,4.640230e+00,0.2234
1474,7.904179e+00,2.078139e+01,-4.634868e+00,-1.253905e+01,-0.6034
1475,-9.617031e+00,2.079071e+01,-4.165779e+00,5.451251e+00,0.2622
1476,-2.284718e+01,2.079976e+01,-3.704286e+00,1.914290e+01,0.9203
1477,4.531794e+01,2.080853e+01,-3.250666e+00,-4.856860e+01,-2.3341
1478,8.252985e-01,2.081704e+01,-2.804974e+00,-3.630272e+00,-0.1744
1479,-5.334114e+01,2.082528e+01,-2.367325e+00,5.097381e+01,2.4477
1480,2.369324e+01,2.083326e+01,-1.937890e+00,-2.563113e+01,-1.2303
1481,4.914134e+01,2.084098e+01,-1.516777e+00,-5.065811e+01,-2.4307
1482,1.059656e+01,2.084844e+01,-1.104105e+00,-1.170066e+01,-0.5612
1483,-2.104625e+01,2.085564e+01,-6.999631e-01,2.034629e+01,0.9756
1484,9.067812e+00,2.086260e+01,-3.044726e-01,-9.372285e+00,-0.4492
1485,-4.087685e+01,2.086931e+01,8.226051e-02,4.095911e+01,1.9626
1486,-5.952149e+01,2.087577e+01,4.601436e-01,5.998164e+01,2.8733
1487,6.803317e+00,2.088199e+01,8.290461e-01,-5.974271e+00,-0.2861
1488,-1.359160e+01,2.088798e+01,1.188881e+00,1.478048e+01,0.7076
1489,-2.733122e+01,2.089372e+01,1.539545e+00,2.887077e+01,1.3818
1490,1.432787e+01,2.089924e+01,1.880954e+00,-1.244691e+01,-0.5956
1491,5.574513e+01,2.090453e+01,2.213021e+00,-5.353210e+01,-2.5608
1492,-6.155327e+00,2.090960e+01,2.535659e+00,8.690986e+00,0.4156
1493,-1.644413e+01,2.091444e+01,2.848766e+00,1.929289e+01,0.9225
1494,4.461414e+00,2.091907e+01,3.152261e+00,-1.309153e+00,-0.0626
1495,3.282272e+00,2.092349e+01,3.446057e+00,1.637848e-01,0.0078
1496,3.078252e+01,2.092770e+01,3.730079e+00,-2.705244e+01,-1.2927
1497,-3.470730e+01,2.093171e+01,4.004291e+00,3.871159e+01,1.8494
1498,1.600532e+01,2.093552e+01,4.268624e+00,-1.173669e+01,-0.5606
1499,6.127895e+00,2.093914e+01,4.523024e+00,-1.604871e+00,-0.0766
1500,-1.999761e+01,2.094258e+01,4.767429e+00,2.476504e+01,1.1825
1501,-4.372942e+01,2.094583e+01,5.001776e+00,4.873120e+01,2.3265
1502,8.676202e+00,2.094890e+01,5.226040e+00,-3.450162e+00,-0.1647
1503,1.652240e+01,2.095180e+01,5.440183e+00,-1.108221e+01,-0.5289
1504,-9.822620e+00,2.095454e+01,5.644207e+00,1.546683e+01,0.7381
1505,-1.102940e+01,2.095711e+01,5.838087e+00,1.686749e+01,0.8049
1506,2.168625e+01,2.095967e+01,6.021802e+00,-1.566445e+01,-0.7474
1507,2.624714e+01,2.096210e+01,6.195332e+00,-2.005181e+01,-0.9566
1508,-1.332234e+01,2.096438e+01,6.358638e+00,1.968098e+01,0.9388
1509,1.356583e+01,2.096653e+01,6.511808e+00,-7.054023e+00,-0.3364
1510,3.937132e+01,2.096854e+01,6.654699e+00,-3.271662e+01,-1.5603
1511,-2.577591e+01,2.097044e+01,6.787463e+00,3.256337e+01,1.5528
1512,1.187437e+01,2.097221e+01,6.910102e+00,-4.964269e+00,-0.2367
1513,3.682665e+01,2.097386e+01,7.022692e+00,-2.980396e+01,-1.4210
1514,1.986393e+01,2.097542e+01,7.125159e+00,-1.273877e+01,-0.6073
1515,1.015669e+01,2.097686e+01,7.217650e+00,-2.939042e+00,-0.1401
1516,-1.173664e+01,2.097821e+01,7.300089e+00,1.903673e+01,0.9075
1517,2.772342e+01,2.097947e+01,7.372547e+00,-2.035087e+01,-0.9700
1518,2.354454e+01,2.098065e+01,7.435093e+00,-1.610945e+01,-0.7678
1519,-2.709438e+01,2.098176e+01,7.487796e+00,3.458218e+01,1.6482
1520,-5.701793e+00,2.098279e+01,7.530575e+00,1.323237e+01,0.6306
1521,-1.314098e+01,2.098375e+01,7.563571e+00,2.070455e+01,0.9867
1522,-2.577614e+00,2.098466e+01,7.586848e+00,1.016446e+01,0.4844
1523,1.685657e+01,2.098552e+01,7.600322e+00,-9.256251e+00,-0.4411
1524,3.090494e+01,2.098635e+01,7.604131e+00,-2.330081e+01,-1.1103
1525,-3.977436e+01,2.098713e+01,7.598335e+00,4.737269e+01,2.2572
1526,3.165248e+01,2.098789e+01,7.582996e+00,-2.406949e+01,-1.1468
1527,1.777162e+01,2.098862e+01,7.558246e+00,-1.021338e+01,-0.4866
1528,2.768362e+00,2.098934e+01,7.524071e+00,4.755709e+00,0.2266
1529,5.754114e+01,2.099006e+01,7.480676e+00,-5.006046e+01,-2.3850
1530,-2.029968e+00,2.099078e+01,7.427969e+00,9.457937e+00,0.4506
1531,4.019698e+00,2.099150e+01,7.366078e+00,3.346380e+00,0.1594
1532,2.075388e+01,2.099224e+01,7.295132e+00,-1.345875e+01,-0.6411
1533,-2.387347e+01,2.099300e+01,7.215184e+00,3.108865e+01,1.4809
1534,3.529344e+01,2.099379e+01,7.126360e+00,-2.816708e+01,-1.3417
1535,1.882805e+01,2.099462e+01,7.028710e+00,-1.179934e+01,-0.5620
1536,5.659852e+00,2.099550e+01,6.922285e+00,1.262434e+00,0.0601
1537,-2.499154e+00,2.099642e+01,6.807207e+00,9.306361e+00,0.4432
1538,2.474118e+01,2.099742e+01,6.683598e+00,-1.805758e+01,-0.8600
1539,1.008074e+01,2.099848e+01,6.551579e+00,-3.529160e+00,-0.1681
1540,1.893666e+01,2.099962e+01,6.411343e+00,-1.252532e+01,-0.5965
1541,-2.907276e+01,2.100086e+01,6.262862e+00,3.533562e+01,1.6826
1542,2.794824e+00,2.100218e+01,6.106402e+00,3.311578e+00,0.1577
1543,3.177347e+01,2.100362e+01,5.942005e+00,-2.583146e+01,-1.2299
1544,4.600265e+01,2.100516e+01,5.769862e+00,-4.023278e+01,-1.9154
1545,2.503222e+01,2.100684e+01,5.590087e+00,-1.944213e+01,-0.9255
1546,-3.858054e+01,2.100863e+01,5.402794e+00,4.398334e+01,2.0936
1547,4.183839e+01,2.101057e+01,5.208097e+00,-3.663029e+01,-1.7434
1548,1.007654e+01,2.101264e+01,5.006183e+00,-5.070354e+00,-0.2413
1549,-3.206613e+01,2.101486e+01,4.797162e+00,3.686329e+01,1.7542
1550,1.954127e+01,2.101725e+01,4.581145e+00,-1.496012e+01,-0.7118
1551,2.800714e+01,2.101980e+01,4.358308e+00,-2.364883e+01,-1.1251
1552,-2.786636e+00,2.102253e+01,4.128724e+00,6.915360e+00,0.3289
1553,-2.146170e+01,2.102545e+01,3.892606e+00,2.535431e+01,1.2059
1554,3.474702e+01,2.102855e+01,3.649941e+00,-3.109708e+01,-1.4788
1555,1.737958e+01,2.103186e+01,3.400941e+00,-1.397864e+01,-0.6646
1556,3.757330e+00,2.103537e+01,3.145667e+00,-6.116624e-01,-0.0291
1557,1.245765e+01,2.103911e+01,2.884329e+00,-9.573325e+00,-0.4550
1558,3.620390e+01,2.104307e+01,2.616987e+00,-3.358692e+01,-1.5961
1559,-3.435225e+01,2.104726e+01,2.343848e+00,3.669610e+01,1.7435
1560,5.035448e+00,2.105170e+01,2.064897e+00,-2.970550e+00,-0.1411
1561,6.919277e+00,2.105640e+01,1.780490e+00,-5.138787e+00,-0.2440
1562,-2.627902e+01,2.106135e+01,1.490608e+00,2.776963e+01,1.3185
1563,6.442703e+00,2.106656e+01,1.195458e+00,-5.247245e+00,-0.2491
1564,2.395588e+01,2.107205e+01,8.951686e-01,-2.306071e+01,-1.0944
1565,-1.516504e+01,2.107782e+01,5.899450e-01,1.575498e+01,0.7475
1566,-9.164559e+00,2.108388e+01,2.798417e-01,9.444400e+00,0.4479
1567,2.653396e+01,2.109022e+01,-3.493858e-02,-2.656890e+01,-1.2598
1568,-2.240361e+01,2.109687e+01,-3.543421e-01,2.204927e+01,1.0451
1569,-1.040726e+01,2.110383e+01,-6.780927e-01,9.729165e+00,0.4610
1570,-2.889469e+01,2.111110e+01,-1.006064e+00,2.788863e+01,1.3210
1571,3.006584e+00,2.111869e+01,-1.338173e+00,-4.344756e+00,-0.2057
1572,-4.986995e+01,2.112662e+01,-1.674242e+00,4.819571e+01,2.2813
1573,2.753371e+00,2.113489e+01,-2.014094e+00,-4.767466e+00,-0.2256
1574,-2.815995e+00,2.114350e+01,-2.357537e+00,4.584578e-01,0.0217
1575,4.653379e+00,2.115246e+01,-2.704401e+00,-7.357780e+00,-0.3478
1576,-2.885343e+01,2.116179e+01,-3.054488e+00,2.579894e+01,1.2191
1577,3.689068e+01,2.117148e+01,-3.407636e+00,-4.029832e+01,-1.9034
1578,-1.782627e+01,2.118156e+01,-3.763640e+00,1.406263e+01,0.6639
1579,6.814230e+00,2.119200e+01,-4.122340e+00,-1.093657e+01,-0.5161
1580,2.870945e+00,2.120283e+01,-4.483559e+00,-7.354505e+00,-0.3469
1581,1.504769e+00,2.121405e+01,-4.847132e+00,-6.351901e+00,-0.2994
1582,1.313902e+01,2.122565e+01,-5.212890e+00,-1.835191e+01,-0.8646
1583,-1.214540e+00,2.123768e+01,-5.580673e+00,-4.366133e+00,-0.2056
1584,7.728735e-01,2.125009e+01,-5.950309e+00,-6.723182e+00,-0.3164
1585,1.907146e+01,2.126291e+01,-6.321629e+00,-2.539309e+01,-1.1942
1586,-3.222026e+01,2.127614e+01,-6.694483e+00,2.552578e+01,1.1997
1587,2.083310e+01,2.128979e+01,-7.068674e+00,-2.790177e+01,-1.3106
1588,-9.446528e+00,2.130387e+01,-7.444025e+00,2.002503e+00,0.0940
1589,-3.783403e+01,2.131838e+01,-7.820360e+00,3.001367e+01,1.4079
1590,-3.216908e+01,2.133332e+01,-8.197496e+00,2.397158e+01,1.1237
1591,3.570951e+00,2.134869e+01,-8.575255e+00,-1.214621e+01,-0.5689
1592,-1.484995e+01,2.136451e+01,-8.953446e+00,5.896504e+00,0.2760
1593,-4.598423e+01,2.138078e+01,-9.331902e+00,3.665232e+01,1.7143
1594,-2.516340e+01,2.139750e+01,-9.710429e+00,1.545297e+01,0.7222
1595,1.248863e+01,2.141468e+01,-1.008884e+01,-2.257747e+01,-1.0543
1596,-8.086305e+00,2.143231e+01,-1.046696e+01,-2.380655e+00,-0.1111
1597,1.739754e+01,2.145040e+01,-1.084459e+01,-2.824214e+01,-1.3166
1598,-3.809859e+01,2.146895e+01,-1.122156e+01,2.687703e+01,1.2519
1599,1.570430e+01,2.148797e+01,-1.159767e+01,-2.730197e+01,-1.2706
1600,-4.058727e+01,2.150746e+01,-1.197273e+01,2.861454e+01,1.3304
1601,-1.954076e+01,2.152741e+01,-1.234659e+01,7.194170e+00,0.3342
1602,4.400650e+01,2.154785e+01,-1.271912e+01,-5.672563e+01,-2.6325
1603,1.820525e+01,2.156875e+01,-1.309020e+01,-3.129546e+01,-1.4510
1604,1.246561e+01,2.159013e+01,-1.345972e+01,-2.592533e+01,-1.2008
1605,-2.872963e+01,2.161199e+01,-1.382758e+01,1.490205e+01,0.6895
1606,-2.269195e+01,2.163434e+01,-1.419363e+01,8.498320e+00,0.3928
1607,2.293946e+01,2.165716e+01,-1.455771e+01,-3.749717e+01,-1.7314
1608,-5.023791e+01,2.168047e+01,-1.491983e+01,3.531809e+01,1.6290
1609,-2.011450e+01,2.170428e+01,-1.527969e+01,4.834802e+00,0.2228
1610,1.137503e+01,2.172857e+01,-1.563732e+01,-2.701235e+01,-1.2432
1611,-1.737352e+01,2.175336e+01,-1.599242e+01,1.381101e+00,0.0635
1612,-1.572225e+01,2.177863e+01,-1.634501e+01,-6.227544e-01,-0.0286
1613,2.699528e+00,2.180440e+01,-1.669486e+01,-1.939438e+01,-0.8895
1614,-1.058219e+01,2.183066e+01,-1.704183e+01,-6.459643e+00,-0.2959
1615,-1.409532e+01,2.185740e+01,-1.738586e+01,-3.290540e+00,-0.1505
1616,1.962367e+01,2.188464e+01,-1.772689e+01,-3.735056e+01,-1.7067
1617,2.360938e+00,2.191236e+01,-1.806469e+01,-2.042563e+01,-0.9322
1618,1.119009e+00,2.194057e+01,-1.839920e+01,-1.951821e+01,-0.8896
1619,-3.072171e+01,2.196927e+01,-1.873034e+01,1.199137e+01,0.5458
1620,-4.160638e+01,2.199845e+01,-1.905791e+01,2.254847e+01,1.0250
1621,-3.384450e+01,2.202812e+01,-1.938197e+01,1.446253e+01,0.6565
1622,3.289650e+01,2.205826e+01,-1.970224e+01,-5.259874e+01,-2.3845
1623,2.131192e+00,2.208889e+01,-2.001871e+01,-2.214990e+01,-1.0028
1624,-9.475875e+00,2.211999e+01,-2.033117e+01,-1.085530e+01,-0.4907
1625,-3.311889e+01,2.215158e+01,-2.063962e+01,1.247927e+01,0.5634
1626,-4.030411e+01,2.218364e+01,-2.094391e+01,1.936020e+01,0.8727
1627,-1.609984e+01,2.221618e+01,-2.124389e+01,-5.144051e+00,-0.2315
1628,1.248631e+01,2.224919e+01,-2.153942e+01,-3.402574e+01,-1.5293
1629,-1.687965e+01,2.228267e+01,-2.183057e+01,-4.950913e+00,-0.2222
1630,-1.816613e+01,2.231661e+01,-2.211703e+01,-3.950899e+00,-0.1770
1631,-1.941823e+01,2.235102e+01,-2.239888e+01,-2.980657e+00,-0.1334
1632,-3.751378e+01,2.238590e+01,-2.267590e+01,1.483788e+01,0.6628
1633,-6.803760e+01,2.242123e+01,-2.294808e+01,4.508952e+01,2.0110
1634,-3.003104e+01,2.245701e+01,-2.321526e+01,6.815773e+00,0.3035
1635,-1.197782e+01,2.249323e+01,-2.347745e+01,-1.149963e+01,-0.5112
1636,-5.783262e+01,2.252991e+01,-2.373441e+01,3.409821e+01,1.5135
1637,-1.183235e+01,2.256702e+01,-2.398621e+01,-1.215386e+01,-0.5386
1638,-5.641356e+01,2.260458e+01,-2.423261e+01,3.218095e+01,1.4236
1639,-1.732816e+01,2.264256e+01,-2.447362e+01,-7.145457e+00,-0.3156
1640,-1.894530e+01,2.268098e+01,-2.470922e+01,-5.763917e+00,-0.2541
1641,-5.175871e+01,2.271983e+01,-2.493917e+01,2.681954e+01,1.1804
1642,-1.156527e+01,2.275910e+01,-2.516347e+01,-1.359820e+01,-0.5975
1643,-4.192877e+01,2.279878e+01,-2.538211e+01,1.654666e+01,0.7258
1644,-3.673359e+01,2.283888e+01,-2.559491e+01,1.113868e+01,0.4877
1645,-5.643815e+01,2.287939e+01,-2.580180e+01,3.063635e+01,1.3390
1646,1.634659e+01,2.292030e+01,-2.600283e+01,-4.234942e+01,-1.8477
1647,-3.110354e+01,2.296162e+01,-2.619784e+01,4.905695e+00,0.2136
1648,-2.109063e+01,2.300332e+01,-2.638674e+01,-5.296111e+00,-0.2302
1649,-6.268305e+00,2.304540e+01,-2.656951e+01,-2.030120e+01,-0.8809
1650,-1.640172e+01,2.308788e+01,-2.674605e+01,-1.034434e+01,-0.4480
1651,-3.609439e+01,2.313074e+01,-2.691636e+01,9.178036e+00,0.3968
1652,-4.069868e+01,2.317396e+01,-2.708042e+01,1.361826e+01,0.5877
1653,-4.245503e+01,2.321755e+01,-2.723817e+01,1.521687e+01,0.6554
1654,1.744645e+01,2.326149e+01,-2.738952e+01,-4.483597e+01,-1.9275
1655,-2.806828e+00,2.330579e+01,-2.753456e+01,-2.472773e+01,-1.0610
1656,-1.092943e+01,2.335044e+01,-2.767328e+01,-1.674385e+01,-0.7171
1657,-2.569235e+01,2.339543e+01,-2.780552e+01,-2.113173e+00,-0.0903
1658,-3.642219e+01,2.344076e+01,-2.793136e+01,8.490836e+00,0.3622
1659,-5.106948e+01,2.348642e+01,-2.805078e+01,2.301870e+01,0.9801
1660,-1.136894e+01,2.353240e+01,-2.816379e+01,-1.679486e+01,-0.7137
1661,-1.765702e+01,2.357870e+01,-2.827038e+01,-1.061336e+01,-0.4501
1662,-1.547063e+01,2.362531e+01,-2.837045e+01,-1.289982e+01,-0.5460
1663,-4.529859e+01,2.367223e+01,-2.846416e+01,1.683443e+01,0.7111
1664,6.223047e-01,2.371944e+01,-2.855141e+01,-2.917372e+01,-1.2299
1665,-8.751897e+00,2.376695e+01,-2.863213e+01,-1.988023e+01,-0.8365
1666,-1.625742e+01,2.381476e+01,-2.870643e+01,-1.244901e+01,-0.5227
1667,-1.396463e+01,2.386284e+01,-2.877432e+01,-1.480969e+01,-0.6206
1668,-1.990422e+01,2.391121e+01,-2.883570e+01,-8.931484e+00,-0.3735
1669,-6.981310e+01,2.395983e+01,-2.889063e+01,4.092247e+01,1.7080
1670,-4.111494e+01,2.400872e+01,-2.893909e+01,1.217585e+01,0.5071
1671,5.298837e+00,2.405787e+01,-2.898115e+01,-3.427999e+01,-1.4249
1672,-2.606919e+01,2.410728e+01,-2.901677e+01,-2.947588e+00,-0.1223
1673,-3.797764e+01,2.415694e+01,-2.904610e+01,8.931543e+00,0.3697
1674,-3.037927e+00,2.420682e+01,-2.906903e+01,-2.603110e+01,-1.0754
1675,3.466315e+00,2.425695e+01,-2.908569e+01,-3.255201e+01,-1.3420
1676,-6.200773e+01,2.430729e+01,-2.909614e+01,3.291159e+01,1.3540
1677,2.773674e+01,2.435787e+01,-2.910034e+01,-5.683708e+01,-2.3334
1678,-4.440909e+01,2.440865e+01,-2.909836e+01,1.531073e+01,0.6273
1679,-3.221430e+01,2.445965e+01,-2.909023e+01,3.124065e+00,0.1277
1680,-2.814049e+01,2.451084e+01,-2.907593e+01,-9.354436e-01,-0.0382
1681,-4.719352e+01,2.456224e+01,-2.905559e+01,1.813793e+01,0.7384
1682,-2.982569e+01,2.461382e+01,-2.902924e+01,7.964488e-01,0.0324
1683,-3.541453e+01,2.466558e+01,-2.899679e+01,6.417740e+00,0.2602
1684,-3.659351e+01,2.471754e+01,-2.895842e+01,7.635086e+00,0.3089
1685,6.139222e+00,2.476966e+01,-2.891411e+01,-3.505333e+01,-1.4152
1686,-4.195573e+01,2.482195e+01,-2.886389e+01,1.309184e+01,0.5274
1687,-6.383540e+01,2.487440e+01,-2.880797e+01,3.502743e+01,1.4082
1688,-6.788558e+01,2.492700e+01,-2.874629e+01,3.913929e+01,1.5702
1689,-3.923949e+01,2.497976e+01,-2.867891e+01,1.056058e+01,0.4228
1690,-1.632174e+01,2.503266e+01,-2.860593e+01,-1.228418e+01,-0.4907
1691,-1.198959e+01,2.508570e+01,-2.852739e+01,-1.653780e+01,-0.6593
1692,-6.133714e+01,2.513887e+01,-2.844333e+01,3.289380e+01,1.3085
1693,-3.952684e+01,2.519216e+01,-2.835394e+01,1.117290e+01,0.4435
1694,-5.924238e+01,2.524557e+01,-2.825910e+01,3.098328e+01,1.2273
1695,5.813181e-01,2.529910e+01,-2.815899e+01,-2.874031e+01,-1.1360
1696,-4.077981e+01,2.535274e+01,-2.805364e+01,1.272617e+01,0.5020
1697,-2.015704e+01,2.540648e+01,-2.794317e+01,-7.786136e+00,-0.3065
1698,3.062757e+00,2.546031e+01,-2.782753e+01,-3.089029e+01,-1.2133
1699,1.420818e+01,2.551423e+01,-2.770698e+01,-4.191516e+01,-1.6428
1700,-7.658130e+01,2.556825e+01,-2.758147e+01,4.899984e+01,1.9164
1701,-4.779237e+01,2.562235e+01,-2.745117e+01,2.034120e+01,0.7939
1702,-1.795634e+01,2.567652e+01,-2.731608e+01,-9.359740e+00,-0.3645
1703,-5.119821e+01,2.573077e+01,-2.717644e+01,2.402177e+01,0.9336
1704,-1.657455e+01,2.578508e+01,-2.703223e+01,-1.045768e+01,-0.4056
1705,-2.126587e+00,2.583946e+01,-2.688353e+01,-2.475694e+01,-0.9581
1706,-4.262590e+00,2.589390e+01,-2.673047e+01,-2.246788e+01,-0.8677
1707,-1.317851e+01,2.594839e+01,-2.657299e+01,-1.339448e+01,-0.5162
1708,-2.495486e+00,2.600293e+01,-2.641129e+01,-2.391581e+01,-0.9197
1709,-1.632973e+01,2.605751e+01,-2.624538e+01,-9.915651e+00,-0.3805
1710,-9.807011e+00,2.611213e+01,-2.607531e+01,-1.626830e+01,-0.6230
1711,-3.954479e+01,2.616678e+01,-2.590124e+01,1.364355e+01,0.5214
1712,-3.212494e+01,2.622147e+01,-2.572322e+01,6.401721e+00,0.2441
1713,-4.588449e+01,2.627616e+01,-2.554132e+01,2.034318e+01,0.7742
1714,-4.348872e+01,2.633088e+01,-2.535553e+01,1.813319e+01,0.6887
1715,-5.933464e+01,2.638562e+01,-2.516614e+01,3.416850e+01,1.2950
1716,2.008715e+01,2.644037e+01,-2.497314e+01,-4.506030e+01,-1.7042
1717,-7.424352e+01,2.649512e+01,-2.477660e+01,4.946693e+01,1.8670
1718,1.089898e+01,2.654990e+01,-2.457671e+01,-3.547569e+01,-1.3362
1719,-1.346507e+01,2.660466e+01,-2.437341e+01,-1.090834e+01,-0.4100
1720,-1.130296e+01,2.665943e+01,-2.416697e+01,-1.286401e+01,-0.4825
1721,-2.672707e+01,2.671420e+01,-2.395737e+01,2.769694e+00,0.1037
1722,-1.018931e+01,2.676896e+01,-2.374476e+01,-1.355546e+01,-0.5064
1723,1.386253e+01,2.682371e+01,-2.352935e+01,-3.739189e+01,-1.3940
1724,-3.796003e+01,2.687844e+01,-2.331104e+01,1.464899e+01,0.5450
1725,1.080396e+01,2.693315e+01,-2.309012e+01,-3.389408e+01,-1.2585
1726,1.132820e+01,2.698785e+01,-2.286658e+01,-3.419478e+01,-1.2670
1727,-4.176903e+01,2.704252e+01,-2.264054e+01,1.912849e+01,0.7073
1728,-4.622022e+01,2.709716e+01,-2.241214e+01,2.380808e+01,0.8786
1729,-4.926716e+01,2.715177e+01,-2.218151e+01,2.708565e+01,0.9976
1730,-1.563199e+01,2.720635e+01,-2.194864e+01,-6.316652e+00,-0.2322
1731,-5.168368e+01,2.726089e+01,-2.171374e+01,2.996994e+01,1.0994
1732,-6.519712e+01,2.731538e+01,-2.147685e+01,4.372027e+01,1.6006
1733,-2.257495e+01,2.736985e+01,-2.123812e+01,1.336830e+00,0.0488
1734,-4.216267e+01,2.742426e+01,-2.099760e+01,2.116507e+01,0.7718
1735,2.219062e+01,2.747863e+01,-2.075549e+01,-4.294611e+01,-1.5629
1736,-6.254378e+01,2.753297e+01,-2.051193e+01,4.203185e+01,1.5266
1737,-6.238967e+01,2.758725e+01,-2.026697e+01,4.212269e+01,1.5269
1738,-2.343273e+01,2.764148e+01,-2.002090e+01,3.411832e+00,0.1234
1739,-3.713516e+01,2.769566e+01,-1.977369e+01,1.736148e+01,0.6269
1740,-8.466382e+00,2.774979e+01,-1.952554e+01,-1.105916e+01,-0.3985
1741,2.930192e+00,2.780386e+01,-1.927653e+01,-2.220672e+01,-0.7987
1742,2.219108e+00,2.785787e+01,-1.902691e+01,-2.124602e+01,-0.7627
1743,-5.748511e+01,2.791182e+01,-1.877661e+01,3.870850e+01,1.3868
1744,-2.928541e+01,2.796572e+01,-1.852582e+01,1.075958e+01,0.3847
1745,7.434009e+00,2.801955e+01,-1.827468e+01,-2.570869e+01,-0.9175
1746,-6.179276e+01,2.807331e+01,-1.802331e+01,4.376945e+01,1.5591
1747,-3.052241e+01,2.812701e+01,-1.777171e+01,1.275071e+01,0.4533
1748,1.007153e+01,2.818064e+01,-1.752021e+01,-2.759174e+01,-0.9791
1749,-4.141740e+00,2.823420e+01,-1.726873e+01,-1.312699e+01,-0.4649
1750,-5.650562e+01,2.828770e+01,-1.701755e+01,3.948808e+01,1.3959
1751,-6.653083e+00,2.834112e+01,-1.676671e+01,-1.011363e+01,-0.3569
1752,2.495259e+01,2.839449e+01,-1.651638e+01,-4.146897e+01,-1.4605
1753,-1.345351e+01,2.844779e+01,-1.626657e+01,-2.813070e+00,-0.0989
1754,1.002685e+01,2.850102e+01,-1.601737e+01,-2.604422e+01,-0.9138
1755,-1.327862e+01,2.855417e+01,-1.576892e+01,-2.490305e+00,-0.0872
1756,-4.381852e+01,2.860727e+01,-1.552117e+01,2.829735e+01,0.9892
1757,-4.458243e+01,2.866029e+01,-1.527435e+01,2.930808e+01,1.0226
1758,-7.238196e+01,2.871325e+01,-1.502846e+01,5.735350e+01,1.9975
1759,-3.048639e+01,2.876615e+01,-1.478359e+01,1.570280e+01,0.5459
1760,7.960749e+00,2.881896e+01,-1.453976e+01,-2.250051e+01,-0.7808
1761,-1.832991e+01,2.887172e+01,-1.429711e+01,4.032793e+00,0.1397
1762,2.416577e+01,2.892440e+01,-1.405567e+01,-3.822144e+01,-1.3214
1763,-2.558630e+01,2.897703e+01,-1.381566e+01,1.177064e+01,0.4062
1764,-1.011624e+01,2.902957e+01,-1.357702e+01,-3.460782e+00,-0.1192
1765,-1.456761e+01,2.908207e+01,-1.333984e+01,1.227767e+00,0.0422
1766,3.318465e+01,2.913448e+01,-1.310435e+01,-4.628900e+01,-1.5888
1767,3.682694e+00,2.918684e+01,-1.287050e+01,-1.655319e+01,-0.5671
1768,1.548125e+01,2.923914e+01,-1.263844e+01,-2.811969e+01,-0.9617
1769,-3.099892e-01,2.929138e+01,-1.240818e+01,-1.209819e+01,-0.4130
1770,-1.132519e+01,2.934356e+01,-1.217989e+01,-8.546969e-01,-0.0291
1771,-2.340911e+01,2.939569e+01,-1.195365e+01,1.145545e+01,0.3897
1772,-6.437009e+01,2.944775e+01,-1.172942e+01,5.264067e+01,1.7876
1773,-5.432102e+01,2.949977e+01,-1.150734e+01,4.281368e+01,1.4513
1774,1.036955e+01,2.955173e+01,-1.128751e+01,-2.165706e+01,-0.7329
1775,-6.816735e+01,2.960363e+01,-1.106995e+01,5.709739e+01,1.9287
1776,5.068179e+01,2.965550e+01,-1.085483e+01,-6.153661e+01,-2.0750
1777,-1.736821e+00,2.970732e+01,-1.064207e+01,-8.905250e+00,-0.2998
1778,-8.908229e+01,2.975909e+01,-1.043186e+01,7.865043e+01,2.6429
1779,-4.651933e+01,2.981081e+01,-1.022420e+01,3.629513e+01,1.2175
1780,-1.144803e+01,2.986249e+01,-1.001927e+01,1.428762e+00,0.0478
1781,-3.149683e+01,2.991413e+01,-9.817010e+00,2.167982e+01,0.7247
1782,4.425814e+01,2.996574e+01,-9.617664e+00,-5.387581e+01,-1.7979
1783,-4.860495e+01,3.001732e+01,-9.421104e+00,3.918385e+01,1.3054
1784,-2.321183e+01,3.006886e+01,-9.227499e+00,1.398433e+01,0.4651
1785,-4.023451e+01,3.012037e+01,-9.036945e+00,3.119756e+01,1.0358
1786,-6.533268e+00,3.017186e+01,-8.849390e+00,-2.316122e+00,-0.0768
1787,1.758003e+01,3.022332e+01,-8.665081e+00,-2.624511e+01,-0.8684
1788,3.985175e+01,3.027476e+01,-8.483891e+00,-4.833565e+01,-1.5966
1789,-2.099770e+01,3.032618e+01,-8.306070e+00,1.269163e+01,0.4185
1790,-3.661953e+00,3.037760e+01,-8.131492e+00,-4.469539e+00,-0.1471
1791,8.951826e+00,3.042900e+01,-7.960332e+00,-1.691216e+01,-0.5558
1792,-3.656152e+01,3.048038e+01,-7.792617e+00,2.876890e+01,0.9438
1793,-3.100385e+01,3.053176e+01,-7.628447e+00,2.337540e+01,0.7656
1794,4.108765e+01,3.058314e+01,-7.467851e+00,-4.855550e+01,-1.5877
1795,-1.882794e+01,3.063452e+01,-7.310858e+00,1.151708e+01,0.3760
1796,-1.057469e+01,3.068589e+01,-7.157495e+00,3.417191e+00,0.1114
1797,-4.830378e+01,3.073729e+01,-7.007942e+00,4.129584e+01,1.3435
1798,1.493056e-01,3.078867e+01,-6.862230e+00,-7.011535e+00,-0.2277
1799,2.002866e+00,3.084007e+01,-6.720241e+00,-8.723107e+00,-0.2828
1800,-3.625474e+01,3.089151e+01,-6.582230e+00,2.967251e+01,0.9605
1801,3.648307e+01,3.094295e+01,-6.448144e+00,-4.293122e+01,-1.3874
1802,-1.769335e+00,3.099442e+01,-6.318031e+00,-4.548696e+00,-0.1468
1803,3.777302e+01,3.104591e+01,-6.191933e+00,-4.396495e+01,-1.4161
1804,-1.499916e+01,3.109744e+01,-6.069864e+00,8.929298e+00,0.2871
1805,-8.935264e+01,3.114901e+01,-5.951833e+00,8.340081e+01,2.6775
1806,3.882587e+01,3.120061e+01,-5.837862e+00,-4.466373e+01,-1.4315
1807,-2.282679e+01,3.125226e+01,-5.727961e+00,1.709883e+01,0.5471
1808,-3.530514e+01,3.130397e+01,-5.622147e+00,2.968299e+01,0.9482
1809,1.227100e+01,3.135571e+01,-5.520446e+00,-1.779145e+01,-0.5674
1810,-4.029882e+01,3.140752e+01,-5.422870e+00,3.487595e+01,1.1104
1811,1.365486e+01,3.145939e+01,-5.329422e+00,-1.898428e+01,-0.6035
1812,-2.394669e+01,3.151134e+01,-5.240103e+00,1.870659e+01,0.5936
1813,1.281854e+00,3.156335e+01,-5.154926e+00,-6.436779e+00,-0.2039
1814,-1.391871e+01,3.161542e+01,-5.073897e+00,8.844808e+00,0.2798
1815,4.172242e+01,3.166758e+01,-4.997018e+00,-4.671944e+01,-1.4753
1816,3.555359e+01,3.171983e+01,-4.924291e+00,-4.047788e+01,-1.2761
1817,-3.797529e+01,3.177217e+01,-4.855732e+00,3.311956e+01,1.0424
1818,1.539473e+01,3.182460e+01,-4.791330e+00,-2.018606e+01,-0.6343
1819,3.012233e+01,3.187712e+01,-4.731082e+00,-3.485342e+01,-1.0934
1820,-9.797062e+00,3.192975e+01,-4.674983e+00,5.122078e+00,0.1604
1821,-2.087171e+01,3.198249e+01,-4.623034e+00,1.624868e+01,0.5080
1822,4.978523e+00,3.203533e+01,-4.575225e+00,-9.553748e+00,-0.2982
1823,4.698689e+01,3.208831e+01,-4.531564e+00,-5.151845e+01,-1.6055
1824,1.063844e+01,3.214140e+01,-4.492043e+00,-1.513048e+01,-0.4707
1825,-3.574737e+01,3.219460e+01,-4.456634e+00,3.129073e+01,0.9719
1826,-3.567024e+01,3.224794e+01,-4.425332e+00,3.124491e+01,0.9689
1827,4.202972e+01,3.230142e+01,-4.398103e+00,-4.642782e+01,-1.4373
1828,-1.697550e+01,3.235505e+01,-4.374928e+00,1.260057e+01,0.3894
1829,-2.659291e+01,3.240881e+01,-4.355798e+00,2.223711e+01,0.6861
1830,-1.701503e+00,3.246272e+01,-4.340694e+00,-2.639191e+00,-0.0813
1831,-6.021801e+01,3.251681e+01,-4.329586e+00,5.588842e+01,1.7188
1832,3.571745e+01,3.257104e+01,-4.322452e+00,-4.003991e+01,-1.2293
1833,3.152145e+00,3.262546e+01,-4.319269e+00,-7.471414e+00,-0.2290
1834,-2.176453e+01,3.268002e+01,-4.320002e+00,1.744453e+01,0.5338
1835,1.995890e+01,3.273476e+01,-4.324629e+00,-2.428353e+01,-0.7418
1836,1.604485e+01,3.278971e+01,-4.333117e+00,-2.037797e+01,-0.6215
1837,-3.254972e+00,3.284483e+01,-4.345447e+00,-1.090475e+00,-0.0332
1838,-8.795753e+00,3.290013e+01,-4.361585e+00,4.434168e+00,0.1348
1839,-9.792102e+00,3.295565e+01,-4.381499e+00,5.410603e+00,0.1642
1840,2.434999e+01,3.301135e+01,-4.405144e+00,-2.875513e+01,-0.8711
1841,-1.243869e+01,3.306728e+01,-4.432480e+00,8.006211e+00,0.2421
1842,-2.491960e+01,3.312342e+01,-4.463464e+00,2.045614e+01,0.6176
1843,-4.287227e+01,3.317976e+01,-4.498059e+00,3.837422e+01,1.1566
1844,-5.513838e+01,3.323634e+01,-4.536228e+00,5.060215e+01,1.5225
1845,-1.473488e+01,3.329315e+01,-4.577921e+00,1.015696e+01,0.3051
1846,-3.329950e+01,3.335020e+01,-4.623105e+00,2.867640e+01,0.8599
1847,7.990488e+01,3.340747e+01,-4.671729e+00,-8.457661e+01,-2.5317
1848,-4.507529e+01,3.346500e+01,-4.723740e+00,4.035155e+01,1.2058
1849,2.880894e+01,3.352279e+01,-4.779097e+00,-3.358804e+01,-1.0019
1850,2.590320e+01,3.358083e+01,-4.837746e+00,-3.074094e+01,-0.9154
1851,-1.434710e+01,3.363914e+01,-4.899659e+00,9.447441e+00,0.2808
1852,-6.205024e+00,3.369770e+01,-4.964792e+00,1.240231e+00,0.0368
1853,4.510197e+01,3.375654e+01,-5.033107e+00,-5.013508e+01,-1.4852
1854,-3.081090e+01,3.381565e+01,-5.104557e+00,2.570634e+01,0.7602
1855,4.727324e+01,3.387505e+01,-5.179080e+00,-5.245232e+01,-1.5484
1856,-9.540993e+00,3.393472e+01,-5.256647e+00,4.284346e+00,0.1263
1857,3.257246e+01,3.399468e+01,-5.337206e+00,-3.790967e+01,-1.1152
1858,-5.460520e+01,3.405495e+01,-5.420706e+00,4.918450e+01,1.4443
1859,-3.971227e+01,3.411550e+01,-5.507102e+00,3.420516e+01,1.0026
1860,8.073776e+01,3.417637e+01,-5.596345e+00,-8.633410e+01,-2.5261
1861,2.318902e+01,3.423755e+01,-5.688377e+00,-2.887740e+01,-0.8434
1862,-5.976094e+01,3.429904e+01,-5.783142e+00,5.397780e+01,1.5737
1863,3.188125e+01,3.436084e+01,-5.880599e+00,-3.776185e+01,-1.0990
1864,3.870434e+01,3.442297e+01,-5.980691e+00,-4.468503e+01,-1.2981
1865,-2.750839e+00,3.448545e+01,-6.083363e+00,-3.332525e+00,-0.0966
1866,-4.691282e+01,3.454823e+01,-6.188562e+00,4.072426e+01,1.1788
1867,1.784265e+01,3.461136e+01,-6.296232e+00,-2.413888e+01,-0.6974
1868,2.295483e+00,3.467484e+01,-6.406297e+00,-8.701780e+00,-0.2510
1869,-4.098942e+01,3.473865e+01,-6.518705e+00,3.447071e+01,0.9923
1870,-4.610451e+01,3.480281e+01,-6.633387e+00,3.947112e+01,1.1341
1871,-5.777349e+01,3.486734e+01,-6.750275e+00,5.102321e+01,1.4634
1872,2.667946e+01,3.493221e+01,-6.869311e+00,-3.354877e+01,-0.9604
1873,3.241602e+01,3.499745e+01,-6.990427e+00,-3.940645e+01,-1.1260
1874,2.721930e+01,3.506304e+01,-7.113558e+00,-3.433286e+01,-0.9792
1875,-5.964358e+00,3.512902e+01,-7.238622e+00,-1.274263e+00,-0.0363
1876,-4.110407e+01,3.519536e+01,-7.365553e+00,3.373852e+01,0.9586
1877,1.486111e+01,3.526207e+01,-7.494280e+00,-2.235539e+01,-0.6340
1878,1.011588e+01,3.532917e+01,-7.624728e+00,-1.774061e+01,-0.5022
1879,1.351714e+01,3.539667e+01,-7.756827e+00,-2.127396e+01,-0.6010
1880,1.518639e+01,3.546453e+01,-7.890505e+00,-2.307689e+01,-0.6507
1881,4.964909e+01,3.553281e+01,-8.025689e+00,-5.767478e+01,-1.6231
1882,-8.401876e+00,3.560148e+01,-8.162301e+00,2.395749e-01,0.0067
1883,2.773496e+01,3.567053e+01,-8.300262e+00,-3.603523e+01,-1.0102
1884,1.301252e+01,3.574000e+01,-8.439508e+00,-2.145203e+01,-0.6002
1885,-7.392895e+01,3.580988e+01,-8.579970e+00,6.534898e+01,1.8249
1886,3.135303e+01,3.588018e+01,-8.721553e+00,-4.007458e+01,-1.1169
1887,4.355553e+01,3.595088e+01,-8.864203e+00,-5.241973e+01,-1.4581
1888,-1.726226e+01,3.602199e+01,-9.007819e+00,8.254444e+00,0.2292
1889,-8.719819e+01,3.609353e+01,-9.152317e+00,7.804588e+01,2.1623
1890,6.579947e+00,3.616549e+01,-9.297611e+00,-1.587756e+01,-0.4390
1891,2.399996e+01,3.623788e+01,-9.443617e+00,-3.344358e+01,-0.9229
1892,-7.747275e+00,3.631069e+01,-9.590235e+00,-1.842960e+00,-0.0508
1893,-7.539235e+00,3.638393e+01,-9.737389e+00,-2.198154e+00,-0.0604
1894,-3.730421e-01,3.645760e+01,-9.884993e+00,-9.511951e+00,-0.2609
1895,-2.489302e+01,3.653171e+01,-1.003295e+01,1.486007e+01,0.4068
1896,3.247889e+01,3.660627e+01,-1.018118e+01,-4.266007e+01,-1.1654
1897,2.260417e+01,3.668126e+01,-1.032961e+01,-3.293378e+01,-0.8978
1898,1.345451e+00,3.675670e+01,-1.047815e+01,-1.182360e+01,-0.3217
1899,-4.457340e+01,3.683258e+01,-1.062672e+01,3.394669e+01,0.9216
1900,-4.284316e+01,3.690892e+01,-1.077522e+01,3.206794e+01,0.8688
1901,5.291295e+01,3.698573e+01,-1.092360e+01,-6.383655e+01,-1.7260
1902,-2.381153e+01,3.706296e+01,-1.107178e+01,1.273975e+01,0.3437
1903,-1.019510e+02,3.714065e+01,-1.121968e+01,9.073132e+01,2.4429
1904,7.159154e+01,3.721882e+01,-1.136737e+01,-8.295890e+01,-2.2290
1905,8.837679e+01,3.729743e+01,-1.151462e+01,-9.989141e+01,-2.6782
1906,-4.529968e+01,3.737648e+01,-1.166148e+01,3.363820e+01,0.9000
1907,-4.727276e+00,3.745602e+01,-1.180793e+01,-7.080658e+00,-0.1890
1908,-1.208671e+02,3.753600e+01,-1.195380e+01,1.089133e+02,2.9016
1909,-2.305051e+01,3.761644e+01,-1.209913e+01,1.095138e+01,0.2911
1910,-2.708813e+01,3.769735e+01,-1.224390e+01,1.484423e+01,0.3938
1911,-4.901310e+00,3.777871e+01,-1.238793e+01,-7.486619e+00,-0.1982
1912,-2.690859e+01,3.786056e+01,-1.253119e+01,1.437740e+01,0.3797
1913,-3.602767e+01,3.794286e+01,-1.267374e+01,2.335393e+01,0.6155
1914,5.037229e+01,3.802563e+01,-1.281540e+01,-6.318769e+01,-1.6617
1915,-1.000386e+01,3.810886e+01,-1.295621e+01,-2.952351e+00,-0.0775
1916,1.771940e+01,3.819256e+01,-1.309608e+01,-3.081547e+01,-0.8068
1917,-3.419776e+01,3.827674e+01,-1.323490e+01,2.096286e+01,0.5477
1918,-1.709502e+01,3.836136e+01,-1.337272e+01,3.722307e+00,0.0970
1919,-5.886353e+00,3.844647e+01,-1.350936e+01,-7.623003e+00,-0.1983
1920,-1.981829e+01,3.853205e+01,-1.364486e+01,6.173425e+00,0.1602
1921,-7.293169e+00,3.861807e+01,-1.377914e+01,-6.485970e+00,-0.1680
1922,7.127813e+00,3.870459e+01,-1.391215e+01,-2.103996e+01,-0.5436
1923,-2.395546e+01,3.879157e+01,-1.404380e+01,9.911668e+00,0.2555
1924,5.933199e+00,3.887902e+01,-1.417404e+01,-2.010724e+01,-0.5172
1925,-8.270807e+01,3.896694e+01,-1.430287e+01,6.840520e+01,1.7555
1926,5.973990e+01,3.905530e+01,-1.443023e+01,-7.417013e+01,-1.8991
1927,-1.039526e+01,3.914415e+01,-1.455597e+01,-4.160709e+00,-0.1063
1928,-1.141308e+01,3.923348e+01,-1.468018e+01,-3.267097e+00,-0.0833
1929,3.335316e+01,3.932327e+01,-1.480270e+01,-4.815585e+01,-1.2246
1930,-9.357732e+01,3.941352e+01,-1.492348e+01,7.865384e+01,1.9956
1931,-4.729686e+01,3.950424e+01,-1.504251e+01,3.225435e+01,0.8165
1932,2.166217e+01,3.959542e+01,-1.515974e+01,-3.682191e+01,-0.9300
1933,2.149673e+01,3.968708e+01,-1.527514e+01,-3.677187e+01,-0.9265
1934,3.631897e+01,3.977919e+01,-1.538861e+01,-5.170759e+01,-1.2999
1935,-7.925649e+00,3.987177e+01,-1.550011e+01,-7.574463e+00,-0.1900
1936,-7.975143e+01,3.996481e+01,-1.560961e+01,6.414182e+01,1.6050
1937,3.924887e+01,4.005831e+01,-1.571699e+01,-5.496586e+01,-1.3721
1938,-1.263698e+00,4.015228e+01,-1.582230e+01,-1.455860e+01,-0.3626
1939,-3.841565e+01,4.024671e+01,-1.592543e+01,2.249022e+01,0.5588
1940,1.842883e+01,4.034159e+01,-1.602640e+01,-3.445524e+01,-0.8541
1941,-4.613147e+01,4.043692e+01,-1.612512e+01,3.000634e+01,0.7421
1942,-3.008777e+01,4.053269e+01,-1.622147e+01,1.386629e+01,0.3421
1943,-2.552007e+01,4.062892e+01,-1.631556e+01,9.204508e+00,0.2266
1944,-5.821964e+01,4.072563e+01,-1.640721e+01,4.181243e+01,1.0267
1945,2.996013e+01,4.082276e+01,-1.649644e+01,-4.645657e+01,-1.1380
1946,9.163191e+00,4.092034e+01,-1.658314e+01,-2.574633e+01,-0.6292
1947,4.787709e+01,4.101837e+01,-1.666736e+01,-6.454445e+01,-1.5735
1948,-3.873200e+01,4.111683e+01,-1.674896e+01,2.198304e+01,0.5346
1949,1.775526e+01,4.121572e+01,-1.682792e+01,-3.458318e+01,-0.8391
1950,-1.174933e+01,4.131508e+01,-1.690425e+01,-5.154925e+00,-0.1248
1951,4.409359e+01,4.141486e+01,-1.697786e+01,-6.107145e+01,-1.4746
1952,-2.558555e+01,4.151508e+01,-1.704871e+01,8.536842e+00,0.2056
1953,1.981988e+00,4.161572e+01,-1.711685e+01,-1.909883e+01,-0.4589
1954,5.512535e+00,4.171681e+01,-1.718225e+01,-2.269478e+01,-0.5440
1955,-3.302705e+01,4.181830e+01,-1.724482e+01,1.578223e+01,0.3774
1956,9.741729e+00,4.192024e+01,-1.730467e+01,-2.704640e+01,-0.6452
1957,1.151968e+01,4.202258e+01,-1.736178e+01,-2.888146e+01,-0.6873
1958,-1.864768e+01,4.212537e+01,-1.741598e+01,1.231708e+00,0.0292
1959,-4.474841e+01,4.222855e+01,-1.746745e+01,2.728096e+01,0.6460
1960,-1.306116e+01,4.233217e+01,-1.751601e+01,-4.454852e+00,-0.1052
1961,-8.813107e+01,4.243622e+01,-1.756180e+01,7.056927e+01,1.6629
1962,2.628927e+01,4.254064e+01,-1.760470e+01,-4.389397e+01,-1.0318
1963,-7.036321e+01,4.264550e+01,-1.764475e+01,5.271846e+01,1.2362
1964,1.198783e+01,4.275077e+01,-1.768192e+01,-2.966976e+01,-0.6940
1965,4.760454e+01,4.285641e+01,-1.771619e+01,-6.532073e+01,-1.5242
1966,-1.233898e+01,4.296249e+01,-1.774759e+01,-5.408605e+00,-0.1259
1967,-2.828980e+01,4.306896e+01,-1.777608e+01,1.051372e+01,0.2441
1968,-3.826300e+01,4.317583e+01,-1.780171e+01,2.046128e+01,0.4739
1969,-3.055959e+01,4.328310e+01,-1.782445e+01,1.273515e+01,0.2942
1970,9.115326e+00,4.339073e+01,-1.784432e+01,-2.695965e+01,-0.6213
1971,-1.863834e+01,4.349878e+01,-1.786123e+01,7.771146e-01,0.0179
1972,-3.302691e+01,4.360722e+01,-1.787535e+01,1.515156e+01,0.3475
1973,-7.608011e+01,4.371604e+01,-1.788650e+01,5.819361e+01,1.3312
1974,-9.386811e+01,4.382524e+01,-1.789472e+01,7.597340e+01,1.7336
1975,4.329020e+01,4.393482e+01,-1.790011e+01,-6.119031e+01,-1.3928
1976,-3.376914e+00,4.404478e+01,-1.790256e+01,-1.452565e+01,-0.3298
1977,-6.487859e+01,4.415512e+01,-1.790211e+01,4.697648e+01,1.0639
1978,-6.808167e+01,4.426582e+01,-1.789879e+01,5.018288e+01,1.1337
1979,-5.753534e+01,4.437688e+01,-1.789256e+01,3.964278e+01,0.8933
1980,2.563228e+01,4.448832e+01,-1.788344e+01,-4.351572e+01,-0.9781
1981,-3.084256e+00,4.460010e+01,-1.787148e+01,-1.478722e+01,-0.3316
1982,-3.759946e+01,4.471226e+01,-1.785670e+01,1.974276e+01,0.4416
1983,-3.196662e+01,4.482477e+01,-1.783913e+01,1.412749e+01,0.3152
1984,-4.048950e+01,4.493765e+01,-1.781873e+01,2.267077e+01,0.5045
1985,-3.102755e+01,4.505086e+01,-1.779552e+01,1.323203e+01,0.2937
1986,-1.685335e+01,4.516442e+01,-1.776955e+01,-9.162015e-01,-0.0203
1987,5.304014e+01,4.527832e+01,-1.774082e+01,-7.078096e+01,-1.5632
1988,-2.636215e+01,4.539257e+01,-1.770938e+01,8.652775e+00,0.1906
1989,-5.980927e+01,4.550725e+01,-1.767517e+01,4.213410e+01,0.9259
1990,6.180236e+00,4.562217e+01,-1.763829e+01,-2.381853e+01,-0.5221
1991,-3.771392e+01,4.573745e+01,-1.759870e+01,2.011522e+01,0.4398
1992,-3.813240e+01,4.585307e+01,-1.755642e+01,2.057599e+01,0.4487
1993,-5.078114e+01,4.596992e+01,-1.751154e+01,3.326959e+01,0.7237
1994,-7.329663e+01,4.608617e+01,-1.746395e+01,5.583268e+01,1.2115
1995,-4.853576e-01,4.622980e+01,-1.741382e+01,-1.692846e+01,-0.3662
1996,-1.097397e+02,4.634678e+01,-1.736108e+01,9.237865e+01,1.9932
