ell,Dl_TT_SAM,Dl_TE_SAM,Dl_EE_SAM
2,1.021803e+03,2.619991e+00,3.019327e-02
3,9.692417e+02,2.924693e+00,3.851482e-02
4,9.183960e+02,2.735017e+00,3.322737e-02
5,8.804974e+02,2.324448e+00,2.208439e-02
6,8.547315e+02,1.870197e+00,1.232400e-02
7,8.384753e+02,1.469681e+00,6.674148e-03
8,8.288373e+02,1.164601e+00,4.327147e-03
9,8.244810e+02,9.592725e-01,3.475951e-03
10,8.239680e+02,8.449065e-01,2.961038e-03
11,8.259184e+02,8.037696e-01,2.502111e-03
12,8.311048e+02,8.169550e-01,2.211190e-03
13,8.375992e+02,8.610323e-01,2.149691e-03
14,8.452425e+02,9.154705e-01,2.253509e-03
15,8.529836e+02,9.731536e-01,2.447939e-03
16,8.626312e+02,1.035775e+00,2.720926e-03
17,8.740341e+02,1.100876e+00,3.113766e-03
18,8.860386e+02,1.167228e+00,3.666700e-03
19,8.993985e+02,1.237923e+00,4.381069e-03
20,9.125001e+02,1.307796e+00,5.233133e-03
21,9.260436e+02,1.381254e+00,6.218177e-03
22,9.400611e+02,1.458486e+00,7.349104e-03
23,9.541666e+02,1.536743e+00,8.618001e-03
24,9.686789e+02,1.612609e+00,1.002173e-02
25,9.837318e+02,1.678468e+00,1.156618e-02
26,9.988349e+02,1.738159e+00,1.326506e-02
27,1.014397e+03,1.792599e+00,1.512981e-02
28,1.030249e+03,1.837097e+00,1.715437e-02
29,1.046309e+03,1.876691e+00,1.936377e-02
30,1.062772e+03,1.904696e+00,2.178544e-02
31,1.079032e+03,1.931793e+00,2.441610e-02
32,1.095895e+03,1.952813e+00,2.727245e-02
33,1.112836e+03,1.966198e+00,3.031445e-02
34,1.129838e+03,1.972977e+00,3.356738e-02
35,1.147475e+03,1.963940e+00,3.703732e-02
36,1.164840e+03,1.949299e+00,4.075248e-02
37,1.182463e+03,1.923262e+00,4.473967e-02
38,1.200455e+03,1.887899e+00,4.898844e-02
39,1.218716e+03,1.843111e+00,5.348822e-02
40,1.237163e+03,1.787234e+00,5.823102e-02
41,1.255709e+03,1.719139e+00,6.321310e-02
42,1.274357e+03,1.639748e+00,6.844728e-02
43,1.293121e+03,1.550100e+00,7.395036e-02
44,1.312050e+03,1.449630e+00,7.973696e-02
45,1.331211e+03,1.337466e+00,8.581889e-02
46,1.350571e+03,1.213182e+00,9.220335e-02
47,1.370111e+03,1.076275e+00,9.889075e-02
48,1.389806e+03,9.262011e-01,1.058730e-01
49,1.409643e+03,7.624934e-01,1.131411e-01
50,1.429677e+03,5.848221e-01,1.206975e-01
51,1.449968e+03,3.931522e-01,1.285456e-01
52,1.470462e+03,1.884223e-01,1.366901e-01
53,1.491088e+03,-2.839573e-02,1.451322e-01
54,1.511826e+03,-2.571887e-01,1.538740e-01
55,1.532674e+03,-4.982134e-01,1.629192e-01
56,1.553741e+03,-7.523648e-01,1.722647e-01
57,1.575130e+03,-1.020527e+00,1.819070e-01
58,1.596797e+03,-1.302903e+00,1.918451e-01
59,1.618655e+03,-1.599408e+00,2.020787e-01
60,1.640684e+03,-1.909539e+00,2.126000e-01
61,1.662892e+03,-2.232824e+00,2.234019e-01
62,1.685283e+03,-2.569256e+00,2.344807e-01
63,1.707878e+03,-2.918957e+00,2.458342e-01
64,1.730679e+03,-3.282046e+00,2.574595e-01
65,1.753715e+03,-3.658698e+00,2.693560e-01
66,1.777021e+03,-4.049117e+00,2.815161e-01
67,1.800580e+03,-4.452778e+00,2.939332e-01
68,1.824352e+03,-4.868971e+00,3.065974e-01
69,1.848294e+03,-5.297011e+00,3.195011e-01
70,1.872375e+03,-5.736411e+00,3.326376e-01
71,1.896573e+03,-6.186990e+00,3.460024e-01
72,1.921000e+03,-6.649632e+00,3.595916e-01
73,1.945772e+03,-7.125270e+00,3.733998e-01
74,1.970899e+03,-7.613767e+00,3.874156e-01
75,1.996382e+03,-8.114653e+00,4.016270e-01
76,2.022178e+03,-8.627367e+00,4.160199e-01
77,2.048162e+03,-9.150453e+00,4.305836e-01
78,2.074317e+03,-9.683456e+00,4.453060e-01
79,2.100687e+03,-1.022622e+01,4.601756e-01
80,2.127291e+03,-1.077874e+01,4.751812e-01
81,2.154155e+03,-1.134078e+01,4.903112e-01
82,2.181288e+03,-1.191197e+01,5.055550e-01
83,2.208668e+03,-1.249208e+01,5.209003e-01
84,2.236295e+03,-1.308060e+01,5.363356e-01
85,2.264160e+03,-1.367738e+01,5.518486e-01
86,2.292259e+03,-1.428186e+01,5.674291e-01
87,2.320561e+03,-1.489351e+01,5.830640e-01
88,2.349046e+03,-1.551179e+01,5.987407e-01
89,2.377726e+03,-1.613622e+01,6.144468e-01
90,2.406603e+03,-1.676645e+01,6.301652e-01
91,2.435687e+03,-1.740195e+01,6.458828e-01
92,2.464978e+03,-1.804248e+01,6.615846e-01
93,2.494492e+03,-1.868753e+01,6.772559e-01
94,2.524222e+03,-1.933687e+01,6.928841e-01
95,2.554183e+03,-1.999000e+01,7.084535e-01
96,2.584367e+03,-2.064645e+01,7.239500e-01
97,2.614775e+03,-2.130580e+01,7.393590e-01
98,2.645415e+03,-2.196759e+01,7.546647e-01
99,2.676264e+03,-2.263132e+01,7.698531e-01
100,2.707337e+03,-2.329645e+01,7.849125e-01
101,2.738628e+03,-2.396247e+01,7.998279e-01
102,2.770137e+03,-2.462910e+01,8.145771e-01
103,2.801849e+03,-2.529551e+01,8.291602e-01
104,2.833764e+03,-2.596133e+01,8.435476e-01
105,2.865876e+03,-2.662597e+01,8.577318e-01
106,2.898176e+03,-2.728877e+01,8.716981e-01
107,2.930659e+03,-2.794928e+01,8.854390e-01
108,2.963308e+03,-2.860692e+01,8.989324e-01
109,2.996133e+03,-2.926101e+01,9.121709e-01
110,3.029118e+03,-2.991111e+01,9.251323e-01
111,3.062256e+03,-3.055670e+01,9.378092e-01
112,3.095547e+03,-3.119704e+01,9.501940e-01
113,3.128982e+03,-3.183172e+01,9.622642e-01
114,3.162553e+03,-3.246007e+01,9.740048e-01
115,3.196253e+03,-3.308155e+01,9.854155e-01
116,3.230079e+03,-3.369563e+01,9.964813e-01
117,3.264025e+03,-3.430170e+01,1.007180e+00
118,3.298074e+03,-3.489915e+01,1.017511e+00
119,3.332225e+03,-3.548752e+01,1.027459e+00
120,3.366472e+03,-3.606620e+01,1.037017e+00
121,3.400804e+03,-3.663458e+01,1.046169e+00
122,3.435207e+03,-3.719220e+01,1.054909e+00
123,3.469681e+03,-3.773846e+01,1.063228e+00
124,3.504216e+03,-3.827274e+01,1.071112e+00
125,3.538797e+03,-3.879459e+01,1.078560e+00
126,3.573424e+03,-3.930347e+01,1.085558e+00
127,3.608080e+03,-3.979878e+01,1.092104e+00
128,3.642758e+03,-4.028004e+01,1.098184e+00
129,3.677457e+03,-4.074674e+01,1.103799e+00
130,3.712162e+03,-4.119826e+01,1.108932e+00
131,3.746856e+03,-4.163415e+01,1.113584e+00
132,3.781548e+03,-4.205390e+01,1.117755e+00
133,3.816216e+03,-4.245706e+01,1.121431e+00
134,3.850861e+03,-4.284305e+01,1.124626e+00
135,3.885469e+03,-4.321159e+01,1.127320e+00
136,3.920039e+03,-4.356202e+01,1.129519e+00
137,3.954559e+03,-4.389390e+01,1.131217e+00
138,3.989020e+03,-4.420688e+01,1.132421e+00
139,4.023409e+03,-4.450051e+01,1.133125e+00
140,4.057734e+03,-4.477436e+01,1.133329e+00
141,4.091974e+03,-4.502808e+01,1.133048e+00
142,4.126121e+03,-4.526114e+01,1.132268e+00
143,4.160176e+03,-4.547328e+01,1.130996e+00
144,4.194117e+03,-4.566404e+01,1.129240e+00
145,4.227945e+03,-4.583293e+01,1.126993e+00
146,4.261632e+03,-4.597972e+01,1.124271e+00
147,4.295169e+03,-4.610385e+01,1.121081e+00
148,4.328544e+03,-4.620502e+01,1.117424e+00
149,4.361741e+03,-4.628279e+01,1.113308e+00
150,4.394746e+03,-4.633674e+01,1.108739e+00
151,4.427539e+03,-4.636657e+01,1.103727e+00
152,4.460125e+03,-4.637199e+01,1.098279e+00
153,4.492489e+03,-4.635271e+01,1.092409e+00
154,4.524631e+03,-4.630857e+01,1.086134e+00
155,4.556544e+03,-4.623920e+01,1.079454e+00
156,4.588233e+03,-4.614446e+01,1.072390e+00
157,4.619676e+03,-4.602404e+01,1.064944e+00
158,4.650879e+03,-4.587773e+01,1.057146e+00
159,4.681829e+03,-4.570529e+01,1.048995e+00
160,4.712516e+03,-4.550659e+01,1.040515e+00
161,4.742918e+03,-4.528132e+01,1.031721e+00
162,4.773027e+03,-4.502941e+01,1.022627e+00
163,4.802834e+03,-4.475050e+01,1.013264e+00
164,4.832318e+03,-4.444457e+01,1.003632e+00
165,4.861478e+03,-4.411133e+01,9.937536e-01
166,4.890298e+03,-4.375072e+01,9.836516e-01
167,4.918770e+03,-4.336257e+01,9.733484e-01
168,4.946888e+03,-4.294697e+01,9.628666e-01
169,4.974641e+03,-4.250377e+01,9.522287e-01
170,5.002023e+03,-4.203289e+01,9.414498e-01
171,5.029019e+03,-4.153426e+01,9.305601e-01
172,5.055635e+03,-4.100787e+01,9.195819e-01
173,5.081849e+03,-4.045367e+01,9.085378e-01
174,5.107653e+03,-3.987164e+01,8.974504e-01
175,5.133045e+03,-3.926193e+01,8.863571e-01
176,5.158012e+03,-3.862448e+01,8.752729e-01
177,5.182546e+03,-3.795929e+01,8.642356e-01
178,5.206632e+03,-3.726645e+01,8.532678e-01
179,5.230271e+03,-3.654597e+01,8.423923e-01
180,5.253455e+03,-3.579802e+01,8.316467e-01
181,5.276171e+03,-3.502275e+01,8.210613e-01
182,5.298418e+03,-3.422024e+01,8.106662e-01
183,5.320190e+03,-3.339067e+01,8.004842e-01
184,5.341472e+03,-3.253426e+01,7.905527e-01
185,5.362264e+03,-3.165096e+01,7.809095e-01
186,5.382553e+03,-3.074114e+01,7.715772e-01
187,5.402337e+03,-2.980490e+01,7.625866e-01
188,5.421611e+03,-2.884254e+01,7.539784e-01
189,5.440359e+03,-2.785422e+01,7.457842e-01
190,5.458583e+03,-2.684025e+01,7.380384e-01
191,5.476275e+03,-2.580094e+01,7.307734e-01
192,5.493420e+03,-2.473638e+01,7.240245e-01
193,5.510012e+03,-2.364687e+01,7.178255e-01
194,5.526058e+03,-2.253288e+01,7.122124e-01
195,5.541545e+03,-2.139463e+01,7.072212e-01
196,5.556471e+03,-2.023259e+01,7.028879e-01
197,5.570838e+03,-1.904705e+01,6.992500e-01
198,5.584646e+03,-1.783842e+01,6.963434e-01
199,5.597873e+03,-1.660699e+01,6.942041e-01
200,5.610535e+03,-1.535329e+01,6.928680e-01
201,5.622616e+03,-1.407756e+01,6.923733e-01
202,5.634110e+03,-1.278041e+01,6.927555e-01
203,5.644994e+03,-1.146206e+01,6.940518e-01
204,5.655275e+03,-1.012305e+01,6.962983e-01
205,5.664925e+03,-8.763824e+00,6.995321e-01
206,5.673950e+03,-7.384776e+00,7.037886e-01
207,5.682337e+03,-5.986288e+00,7.091057e-01
208,5.690076e+03,-4.568972e+00,7.155196e-01
209,5.697199e+03,-3.133373e+00,7.230656e-01
210,5.703690e+03,-1.680056e+00,7.317816e-01
211,5.709558e+03,-2.095796e-01,7.417045e-01
212,5.714816e+03,1.277487e+00,7.528689e-01
213,5.719465e+03,2.780581e+00,7.653126e-01
214,5.723512e+03,4.299135e+00,7.790724e-01
215,5.726958e+03,5.832555e+00,7.941779e-01
216,5.729788e+03,7.380238e+00,8.106741e-01
217,5.732001e+03,8.941559e+00,8.285903e-01
218,5.733598e+03,1.051600e+01,8.479562e-01
219,5.734572e+03,1.210288e+01,8.688160e-01
220,5.734915e+03,1.370167e+01,8.911990e-01
221,5.734634e+03,1.531160e+01,9.151348e-01
222,5.733715e+03,1.693224e+01,9.406676e-01
223,5.732166e+03,1.856276e+01,9.678193e-01
224,5.729993e+03,2.020263e+01,9.966267e-01
225,5.727197e+03,2.185103e+01,1.027112e+00
226,5.723771e+03,2.350742e+01,1.059319e+00
227,5.719722e+03,2.517106e+01,1.093277e+00
228,5.715050e+03,2.684128e+01,1.129009e+00
229,5.709763e+03,2.851740e+01,1.166551e+00
230,5.703853e+03,3.019875e+01,1.205932e+00
231,5.697328e+03,3.188457e+01,1.247166e+00
232,5.690195e+03,3.357420e+01,1.290292e+00
233,5.682447e+03,3.526688e+01,1.335337e+00
234,5.674084e+03,3.696186e+01,1.382324e+00
235,5.665122e+03,3.865855e+01,1.431282e+00
236,5.655544e+03,4.035613e+01,1.482240e+00
237,5.645374e+03,4.205385e+01,1.535206e+00
238,5.634605e+03,4.375103e+01,1.590208e+00
239,5.623243e+03,4.544692e+01,1.647261e+00
240,5.611289e+03,4.714064e+01,1.706403e+00
241,5.598743e+03,4.883166e+01,1.767646e+00
242,5.585620e+03,5.051908e+01,1.831006e+00
243,5.571920e+03,5.220215e+01,1.896504e+00
244,5.557643e+03,5.388028e+01,1.964155e+00
245,5.542804e+03,5.555266e+01,2.033980e+00
246,5.527411e+03,5.721859e+01,2.105980e+00
247,5.511456e+03,5.887735e+01,2.180183e+00
248,5.494961e+03,6.052811e+01,2.256605e+00
249,5.477920e+03,6.217028e+01,2.335243e+00
250,5.460347e+03,6.380303e+01,2.416128e+00
251,5.442234e+03,6.542547e+01,2.499244e+00
252,5.423590e+03,6.703694e+01,2.584612e+00
253,5.404415e+03,6.863663e+01,2.672231e+00
254,5.384724e+03,7.022365e+01,2.762115e+00
255,5.364501e+03,7.179735e+01,2.854255e+00
256,5.343763e+03,7.335690e+01,2.948664e+00
257,5.322516e+03,7.490172e+01,3.045341e+00
258,5.300777e+03,7.643078e+01,3.144278e+00
259,5.278551e+03,7.794453e+01,3.245487e+00
260,5.255863e+03,7.944075e+01,3.348961e+00
261,5.232711e+03,8.092020e+01,3.454698e+00
262,5.209120e+03,8.238138e+01,3.562697e+00
263,5.185095e+03,8.382431e+01,3.672956e+00
264,5.160645e+03,8.524751e+01,3.785467e+00
265,5.135770e+03,8.665173e+01,3.900214e+00
266,5.110478e+03,8.803476e+01,4.017188e+00
267,5.084783e+03,8.939584e+01,4.136373e+00
268,5.058685e+03,9.073575e+01,4.257760e+00
269,5.032186e+03,9.205226e+01,4.381341e+00
270,5.005292e+03,9.334611e+01,4.507092e+00
271,4.978025e+03,9.461509e+01,4.635005e+00
272,4.950379e+03,9.585995e+01,4.765063e+00
273,4.922384e+03,9.707922e+01,4.897229e+00
274,4.894031e+03,9.827364e+01,5.031500e+00
275,4.865337e+03,9.944099e+01,5.167847e+00
276,4.836323e+03,1.005820e+02,5.306253e+00
277,4.806990e+03,1.016953e+02,5.446695e+00
278,4.777344e+03,1.027800e+02,5.589149e+00
279,4.747402e+03,1.038370e+02,5.733578e+00
280,4.717178e+03,1.048647e+02,5.879949e+00
281,4.686672e+03,1.058632e+02,6.028249e+00
282,4.655899e+03,1.068317e+02,6.178430e+00
283,4.624874e+03,1.077695e+02,6.330469e+00
284,4.593597e+03,1.086759e+02,6.484337e+00
285,4.562083e+03,1.095509e+02,6.639994e+00
286,4.530340e+03,1.103944e+02,6.797410e+00
287,4.498390e+03,1.112058e+02,6.956532e+00
288,4.466233e+03,1.119836e+02,7.117336e+00
289,4.433876e+03,1.127292e+02,7.279778e+00
290,4.401343e+03,1.134406e+02,7.443819e+00
291,4.368640e+03,1.141183e+02,7.609437e+00
292,4.335767e+03,1.147617e+02,7.776495e+00
293,4.302740e+03,1.153707e+02,7.945069e+00
294,4.269573e+03,1.159440e+02,8.115082e+00
295,4.236267e+03,1.164823e+02,8.286386e+00
296,4.202837e+03,1.169848e+02,8.459053e+00
297,4.169281e+03,1.174500e+02,8.632936e+00
298,4.135624e+03,1.178788e+02,8.808032e+00
299,4.101872e+03,1.182711e+02,8.984267e+00
300,4.068033e+03,1.186262e+02,9.161565e+00
301,4.034122e+03,1.189440e+02,9.340002e+00
302,4.000153e+03,1.192247e+02,9.519352e+00
303,3.966135e+03,1.194683e+02,9.699690e+00
304,3.932081e+03,1.196746e+02,9.880941e+00
305,3.898007e+03,1.198432e+02,1.006303e+01
306,3.863912e+03,1.199738e+02,1.024596e+01
307,3.829818e+03,1.200667e+02,1.042957e+01
308,3.795734e+03,1.201217e+02,1.061387e+01
309,3.761666e+03,1.201389e+02,1.079879e+01
310,3.727614e+03,1.201183e+02,1.098417e+01
311,3.693608e+03,1.200585e+02,1.117009e+01
312,3.659641e+03,1.199610e+02,1.135639e+01
313,3.625734e+03,1.198250e+02,1.154309e+01
314,3.591895e+03,1.196505e+02,1.173002e+01
315,3.558124e+03,1.194376e+02,1.191712e+01
316,3.524443e+03,1.191863e+02,1.210446e+01
317,3.490859e+03,1.188974e+02,1.229182e+01
318,3.457387e+03,1.185700e+02,1.247919e+01
319,3.424027e+03,1.182043e+02,1.266650e+01
320,3.390787e+03,1.178010e+02,1.285376e+01
321,3.357695e+03,1.173601e+02,1.304081e+01
322,3.324737e+03,1.168809e+02,1.322757e+01
323,3.291943e+03,1.163641e+02,1.341398e+01
324,3.259305e+03,1.158106e+02,1.359996e+01
325,3.226845e+03,1.152195e+02,1.378551e+01
326,3.194563e+03,1.145916e+02,1.397055e+01
327,3.162474e+03,1.139263e+02,1.415495e+01
328,3.130585e+03,1.132242e+02,1.433861e+01
329,3.098903e+03,1.124869e+02,1.452155e+01
330,3.067443e+03,1.117129e+02,1.470361e+01
331,3.036205e+03,1.109029e+02,1.488479e+01
332,3.005204e+03,1.100570e+02,1.506503e+01
333,2.974439e+03,1.091767e+02,1.524417e+01
334,2.943926e+03,1.082612e+02,1.542221e+01
335,2.913678e+03,1.073113e+02,1.559900e+01
336,2.883696e+03,1.063270e+02,1.577455e+01
337,2.853987e+03,1.053099e+02,1.594878e+01
338,2.824558e+03,1.042591e+02,1.612162e+01
339,2.795425e+03,1.031761e+02,1.629299e+01
340,2.766593e+03,1.020611e+02,1.646289e+01
341,2.738064e+03,1.009140e+02,1.663110e+01
342,2.709843e+03,9.973475e+01,1.679763e+01
343,2.681940e+03,9.852494e+01,1.696239e+01
344,2.654352e+03,9.728380e+01,1.712524e+01
345,2.627089e+03,9.601209e+01,1.728618e+01
346,2.600156e+03,9.470983e+01,1.744506e+01
347,2.573554e+03,9.337775e+01,1.760189e+01
348,2.547290e+03,9.201588e+01,1.775643e+01
349,2.521378e+03,9.062646e+01,1.790885e+01
350,2.495819e+03,8.920874e+01,1.805898e+01
351,2.470627e+03,8.776422e+01,1.820684e+01
352,2.445810e+03,8.629366e+01,1.835235e+01
353,2.421366e+03,8.479707e+01,1.849544e+01
354,2.397304e+03,8.327668e+01,1.863610e+01
355,2.373638e+03,8.173176e+01,1.877420e+01
356,2.350359e+03,8.016307e+01,1.890974e+01
357,2.327476e+03,7.857135e+01,1.904263e+01
358,2.304996e+03,7.695735e+01,1.917282e+01
359,2.282918e+03,7.532110e+01,1.930015e+01
360,2.261242e+03,7.366406e+01,1.942463e+01
361,2.239975e+03,7.198523e+01,1.954619e+01
362,2.219117e+03,7.028645e+01,1.966475e+01
363,2.198682e+03,6.856834e+01,1.978023e+01
364,2.178656e+03,6.683156e+01,1.989265e+01
365,2.159061e+03,6.507694e+01,2.000193e+01
366,2.139889e+03,6.330530e+01,2.010800e+01
367,2.121147e+03,6.151732e+01,2.021086e+01
368,2.102834e+03,5.971389e+01,2.031036e+01
369,2.084952e+03,5.789576e+01,2.040666e+01
370,2.067514e+03,5.606361e+01,2.049946e+01
371,2.050505e+03,5.421832e+01,2.058898e+01
372,2.033939e+03,5.236057e+01,2.067493e+01
373,2.017811e+03,5.049118e+01,2.075747e+01
374,2.002125e+03,4.861098e+01,2.083651e+01
375,1.986876e+03,4.672055e+01,2.091199e+01
376,1.972070e+03,4.482080e+01,2.098384e+01
377,1.957714e+03,4.291238e+01,2.105205e+01
378,1.943794e+03,4.099606e+01,2.111656e+01
379,1.930323e+03,3.907264e+01,2.117729e+01
380,1.917303e+03,3.714286e+01,2.123424e+01
381,1.904724e+03,3.520741e+01,2.128742e+01
382,1.892595e+03,3.326709e+01,2.133661e+01
383,1.880916e+03,3.132273e+01,2.138203e+01
384,1.869678e+03,2.937521e+01,2.142354e+01
385,1.858881e+03,2.742527e+01,2.146113e+01
386,1.848534e+03,2.547389e+01,2.149489e+01
387,1.838635e+03,2.352179e+01,2.152474e+01
388,1.829169e+03,2.156988e+01,2.155076e+01
389,1.820145e+03,1.961897e+01,2.157287e+01
390,1.811561e+03,1.766987e+01,2.159109e+01
391,1.803417e+03,1.572340e+01,2.160540e+01
392,1.795700e+03,1.378037e+01,2.161574e+01
393,1.788422e+03,1.184151e+01,2.162218e+01
394,1.781570e+03,9.907584e+00,2.162466e+01
395,1.775143e+03,7.979462e+00,2.162310e+01
396,1.769140e+03,6.057881e+00,2.161764e+01
397,1.763555e+03,4.143637e+00,2.160815e+01
398,1.758395e+03,2.237478e+00,2.159470e+01
399,1.753652e+03,3.401855e-01,2.157722e+01
400,1.749325e+03,-1.547477e+00,2.155586e+01
401,1.745416e+03,-3.424753e+00,2.153046e+01
402,1.741915e+03,-5.290882e+00,2.150112e+01
403,1.738823e+03,-7.145133e+00,2.146790e+01
404,1.736141e+03,-8.986726e+00,2.143073e+01
405,1.733852e+03,-1.081493e+01,2.138962e+01
406,1.731957e+03,-1.262907e+01,2.134472e+01
407,1.730455e+03,-1.442829e+01,2.129595e+01
408,1.729339e+03,-1.621186e+01,2.124326e+01
409,1.728595e+03,-1.797907e+01,2.118685e+01
410,1.728236e+03,-1.972913e+01,2.112666e+01
411,1.728233e+03,-2.146153e+01,2.106269e+01
412,1.728600e+03,-2.317549e+01,2.099502e+01
413,1.729330e+03,-2.487052e+01,2.092366e+01
414,1.730416e+03,-2.654589e+01,2.084867e+01
415,1.731843e+03,-2.820103e+01,2.077013e+01
416,1.733624e+03,-2.983538e+01,2.068798e+01
417,1.735739e+03,-3.144814e+01,2.060237e+01
418,1.738194e+03,-3.303883e+01,2.051329e+01
419,1.740973e+03,-3.460671e+01,2.042074e+01
420,1.744086e+03,-3.615123e+01,2.032474e+01
421,1.747516e+03,-3.767174e+01,2.022543e+01
422,1.751255e+03,-3.916753e+01,2.012274e+01
423,1.755313e+03,-4.063802e+01,2.001667e+01
424,1.759673e+03,-4.208264e+01,1.990737e+01
425,1.764327e+03,-4.350084e+01,1.979485e+01
426,1.769277e+03,-4.489232e+01,1.967918e+01
427,1.774499e+03,-4.625661e+01,1.956050e+01
428,1.780008e+03,-4.759329e+01,1.943891e+01
429,1.785775e+03,-4.890199e+01,1.931439e+01
430,1.791799e+03,-5.018217e+01,1.918703e+01
431,1.798081e+03,-5.143354e+01,1.905704e+01
432,1.804606e+03,-5.265569e+01,1.892437e+01
433,1.811380e+03,-5.384804e+01,1.878907e+01
434,1.818382e+03,-5.501032e+01,1.865131e+01
435,1.825619e+03,-5.614197e+01,1.851101e+01
436,1.833084e+03,-5.724264e+01,1.836831e+01
437,1.840768e+03,-5.831191e+01,1.822323e+01
438,1.848666e+03,-5.934935e+01,1.807590e+01
439,1.856776e+03,-6.035455e+01,1.792634e+01
440,1.865084e+03,-6.132730e+01,1.777462e+01
441,1.873583e+03,-6.226727e+01,1.762088e+01
442,1.882257e+03,-6.317417e+01,1.746513e+01
443,1.891107e+03,-6.404759e+01,1.730751e+01
444,1.900117e+03,-6.488733e+01,1.714811e+01
445,1.909281e+03,-6.569310e+01,1.698692e+01
446,1.918591e+03,-6.646465e+01,1.682417e+01
447,1.928040e+03,-6.720199e+01,1.665986e+01
448,1.937634e+03,-6.790492e+01,1.649413e+01
449,1.947360e+03,-6.857331e+01,1.632706e+01
450,1.957210e+03,-6.920713e+01,1.615866e+01
451,1.967184e+03,-6.980623e+01,1.598914e+01
452,1.977281e+03,-7.037042e+01,1.581850e+01
453,1.987481e+03,-7.089959e+01,1.564690e+01
454,1.997783e+03,-7.139353e+01,1.547440e+01
455,2.008172e+03,-7.185213e+01,1.530108e+01
456,2.018641e+03,-7.227519e+01,1.512702e+01
457,2.029184e+03,-7.266259e+01,1.495228e+01
458,2.039784e+03,-7.301407e+01,1.477701e+01
459,2.050428e+03,-7.332971e+01,1.460129e+01
460,2.061131e+03,-7.360962e+01,1.442519e+01
461,2.071862e+03,-7.385308e+01,1.424878e+01
462,2.082645e+03,-7.406235e+01,1.407228e+01
463,2.093450e+03,-7.423596e+01,1.389577e+01
464,2.104300e+03,-7.437469e+01,1.371932e+01
465,2.115164e+03,-7.447855e+01,1.354308e+01
466,2.126058e+03,-7.454832e+01,1.336712e+01
467,2.136967e+03,-7.458327e+01,1.319158e+01
468,2.147877e+03,-7.458417e+01,1.301654e+01
469,2.158788e+03,-7.455104e+01,1.284208e+01
470,2.169684e+03,-7.448390e+01,1.266826e+01
471,2.180552e+03,-7.438204e+01,1.249522e+01
472,2.191391e+03,-7.424696e+01,1.232313e+01
473,2.202188e+03,-7.407719e+01,1.215197e+01
474,2.212941e+03,-7.387498e+01,1.198182e+01
475,2.223644e+03,-7.363887e+01,1.181290e+01
476,2.234296e+03,-7.336962e+01,1.164528e+01
477,2.244884e+03,-7.306800e+01,1.147895e+01
478,2.255415e+03,-7.273401e+01,1.131415e+01
479,2.265889e+03,-7.236871e+01,1.115094e+01
480,2.276283e+03,-7.197154e+01,1.098946e+01
481,2.286614e+03,-7.154325e+01,1.082965e+01
482,2.296850e+03,-7.108415e+01,1.067179e+01
483,2.307001e+03,-7.059463e+01,1.051589e+01
484,2.317051e+03,-7.007508e+01,1.036208e+01
485,2.326986e+03,-6.952580e+01,1.021045e+01
486,2.336812e+03,-6.894727e+01,1.006106e+01
487,2.346517e+03,-6.833978e+01,9.913983e+00
488,2.356091e+03,-6.770388e+01,9.769442e+00
489,2.365543e+03,-6.704009e+01,9.627359e+00
490,2.374859e+03,-6.634888e+01,9.487955e+00
491,2.384037e+03,-6.563084e+01,9.351301e+00
492,2.393080e+03,-6.488636e+01,9.217395e+00
493,2.401985e+03,-6.411613e+01,9.086382e+00
494,2.410748e+03,-6.332043e+01,8.958407e+00
495,2.419359e+03,-6.250004e+01,8.833544e+00
496,2.427820e+03,-6.165533e+01,8.711788e+00
497,2.436116e+03,-6.078690e+01,8.593286e+00
498,2.444246e+03,-5.989534e+01,8.478109e+00
499,2.452204e+03,-5.898120e+01,8.366328e+00
500,2.459983e+03,-5.804492e+01,8.258090e+00
501,2.467574e+03,-5.708718e+01,8.153390e+00
502,2.474979e+03,-5.610863e+01,8.052374e+00
503,2.482190e+03,-5.510982e+01,7.955035e+00
504,2.489208e+03,-5.409161e+01,7.861591e+00
505,2.496040e+03,-5.305460e+01,7.771963e+00
506,2.502672e+03,-5.199947e+01,7.686294e+00
507,2.509111e+03,-5.092687e+01,7.604667e+00
508,2.515351e+03,-4.983754e+01,7.527152e+00
509,2.521383e+03,-4.873215e+01,7.453803e+00
510,2.527224e+03,-4.761143e+01,7.384682e+00
511,2.532852e+03,-4.647598e+01,7.319843e+00
512,2.538280e+03,-4.532653e+01,7.259340e+00
513,2.543496e+03,-4.416381e+01,7.203241e+00
514,2.548498e+03,-4.298842e+01,7.151603e+00
515,2.553288e+03,-4.180108e+01,7.104470e+00
516,2.557866e+03,-4.060261e+01,7.061905e+00
517,2.562224e+03,-3.939359e+01,7.023948e+00
518,2.566356e+03,-3.817483e+01,6.990659e+00
519,2.570268e+03,-3.694707e+01,6.962079e+00
520,2.573947e+03,-3.571096e+01,6.938255e+00
521,2.577401e+03,-3.446730e+01,6.919241e+00
522,2.580621e+03,-3.321676e+01,6.905076e+00
523,2.583601e+03,-3.196006e+01,6.895800e+00
524,2.586356e+03,-3.069802e+01,6.891439e+00
525,2.588871e+03,-2.943128e+01,6.892023e+00
526,2.591161e+03,-2.816058e+01,6.897578e+00
527,2.593220e+03,-2.688664e+01,6.908137e+00
528,2.595046e+03,-2.561028e+01,6.923732e+00
529,2.596642e+03,-2.433206e+01,6.944379e+00
530,2.598014e+03,-2.305294e+01,6.970098e+00
531,2.599147e+03,-2.177358e+01,7.000921e+00
532,2.600057e+03,-2.049492e+01,7.036849e+00
533,2.600736e+03,-1.921754e+01,7.077902e+00
534,2.601178e+03,-1.794239e+01,7.124097e+00
535,2.601396e+03,-1.667013e+01,7.175459e+00
536,2.601378e+03,-1.540169e+01,7.231991e+00
537,2.601136e+03,-1.413767e+01,7.293697e+00
538,2.600666e+03,-1.287886e+01,7.360588e+00
539,2.599973e+03,-1.162605e+01,7.432650e+00
540,2.599043e+03,-1.037990e+01,7.509889e+00
541,2.597898e+03,-9.141139e+00,7.592315e+00
542,2.596532e+03,-7.910556e+00,7.679916e+00
543,2.594938e+03,-6.688826e+00,7.772689e+00
544,2.593129e+03,-5.476665e+00,7.870629e+00
545,2.591106e+03,-4.274739e+00,7.973704e+00
546,2.588862e+03,-3.083716e+00,8.081917e+00
547,2.586405e+03,-1.904285e+00,8.195235e+00
548,2.583734e+03,-7.371000e-01,8.313581e+00
549,2.580849e+03,4.171432e-01,8.437098e+00
550,2.577751e+03,1.557781e+00,8.565562e+00
551,2.574455e+03,2.684117e+00,8.699118e+00
552,2.570946e+03,3.795470e+00,8.837612e+00
553,2.567239e+03,4.891160e+00,8.981041e+00
554,2.563341e+03,5.970522e+00,9.129402e+00
555,2.559244e+03,7.032869e+00,9.282615e+00
556,2.554950e+03,8.077519e+00,9.440678e+00
557,2.550480e+03,9.103869e+00,9.603512e+00
558,2.545819e+03,1.011121e+01,9.771114e+00
559,2.540976e+03,1.109906e+01,9.943407e+00
560,2.535949e+03,1.206679e+01,1.012039e+01
561,2.530754e+03,1.301378e+01,1.030190e+01
562,2.525376e+03,1.393961e+01,1.048802e+01
563,2.519830e+03,1.484352e+01,1.067860e+01
564,2.514124e+03,1.572503e+01,1.087362e+01
565,2.508242e+03,1.658365e+01,1.107303e+01
566,2.502199e+03,1.741891e+01,1.127680e+01
567,2.496003e+03,1.823017e+01,1.148472e+01
568,2.489647e+03,1.901704e+01,1.169686e+01
569,2.483138e+03,1.977903e+01,1.191314e+01
570,2.476475e+03,2.051567e+01,1.213342e+01
571,2.469667e+03,2.122639e+01,1.235768e+01
572,2.462720e+03,2.191095e+01,1.258578e+01
573,2.455635e+03,2.256878e+01,1.281771e+01
574,2.448412e+03,2.319964e+01,1.305341e+01
575,2.441073e+03,2.380318e+01,1.329272e+01
576,2.433603e+03,2.437900e+01,1.353563e+01
577,2.426025e+03,2.492670e+01,1.378200e+01
578,2.418331e+03,2.544587e+01,1.403176e+01
579,2.410528e+03,2.593632e+01,1.428490e+01
580,2.402623e+03,2.639764e+01,1.454119e+01
581,2.394625e+03,2.682944e+01,1.480065e+01
582,2.386534e+03,2.723136e+01,1.506310e+01
583,2.378348e+03,2.760316e+01,1.532849e+01
584,2.370084e+03,2.794443e+01,1.559682e+01
585,2.361740e+03,2.825490e+01,1.586777e+01
586,2.353317e+03,2.853424e+01,1.614143e+01
587,2.344823e+03,2.878233e+01,1.641766e+01
588,2.336271e+03,2.899892e+01,1.669629e+01
589,2.327648e+03,2.918381e+01,1.697725e+01
590,2.318976e+03,2.933675e+01,1.726048e+01
591,2.310253e+03,2.945761e+01,1.754582e+01
592,2.301481e+03,2.954606e+01,1.783320e+01
593,2.292667e+03,2.960207e+01,1.812246e+01
594,2.283810e+03,2.962550e+01,1.841355e+01
595,2.274926e+03,2.961625e+01,1.870630e+01
596,2.266014e+03,2.957420e+01,1.900065e+01
597,2.257074e+03,2.949916e+01,1.929644e+01
598,2.248114e+03,2.939116e+01,1.959353e+01
599,2.239140e+03,2.924999e+01,1.989193e+01
600,2.230153e+03,2.907571e+01,2.019140e+01
601,2.221168e+03,2.886832e+01,2.049187e+01
602,2.212169e+03,2.862795e+01,2.079321e+01
603,2.203187e+03,2.835447e+01,2.109533e+01
604,2.194204e+03,2.804799e+01,2.139810e+01
605,2.185230e+03,2.770856e+01,2.170137e+01
606,2.176279e+03,2.733627e+01,2.200507e+01
607,2.167342e+03,2.693108e+01,2.230913e+01
608,2.158435e+03,2.649318e+01,2.261332e+01
609,2.149564e+03,2.602273e+01,2.291759e+01
610,2.140715e+03,2.551978e+01,2.322178e+01
611,2.131917e+03,2.498442e+01,2.352568e+01
612,2.123155e+03,2.441676e+01,2.382928e+01
613,2.114436e+03,2.381698e+01,2.413246e+01
614,2.105781e+03,2.318531e+01,2.443506e+01
615,2.097169e+03,2.252202e+01,2.473694e+01
616,2.088629e+03,2.182750e+01,2.503802e+01
617,2.080153e+03,2.110193e+01,2.533825e+01
618,2.071749e+03,2.034569e+01,2.563755e+01
619,2.063415e+03,1.955903e+01,2.593562e+01
620,2.055160e+03,1.874229e+01,2.623256e+01
621,2.046997e+03,1.789569e+01,2.652820e+01
622,2.038920e+03,1.701963e+01,2.682227e+01
623,2.030927e+03,1.611443e+01,2.711484e+01
624,2.023033e+03,1.518034e+01,2.740570e+01
625,2.015239e+03,1.421766e+01,2.769477e+01
626,2.007550e+03,1.322679e+01,2.798183e+01
627,1.999960e+03,1.220796e+01,2.826683e+01
628,1.992491e+03,1.116157e+01,2.854961e+01
629,1.985127e+03,1.008815e+01,2.883010e+01
630,1.977883e+03,8.988089e+00,2.910824e+01
631,1.970758e+03,7.861768e+00,2.938374e+01
632,1.963753e+03,6.709723e+00,2.965668e+01
633,1.956882e+03,5.532262e+00,2.992683e+01
634,1.950138e+03,4.329918e+00,3.019406e+01
635,1.943527e+03,3.103190e+00,3.045837e+01
636,1.937056e+03,1.852558e+00,3.071954e+01
637,1.930726e+03,5.785436e-01,3.097758e+01
638,1.924536e+03,-7.183333e-01,3.123228e+01
639,1.918493e+03,-2.037574e+00,3.148363e+01
640,1.912598e+03,-3.378662e+00,3.173143e+01
641,1.906857e+03,-4.741073e+00,3.197567e+01
642,1.901262e+03,-6.124220e+00,3.221615e+01
643,1.895836e+03,-7.527510e+00,3.245285e+01
644,1.890556e+03,-8.950338e+00,3.268566e+01
645,1.885444e+03,-1.039211e+01,3.291433e+01
646,1.880501e+03,-1.185225e+01,3.313889e+01
647,1.875717e+03,-1.333008e+01,3.335919e+01
648,1.871102e+03,-1.482513e+01,3.357508e+01
649,1.866653e+03,-1.633660e+01,3.378658e+01
650,1.862387e+03,-1.786396e+01,3.399353e+01
651,1.858287e+03,-1.940647e+01,3.419595e+01
652,1.854362e+03,-2.096349e+01,3.439377e+01
653,1.850618e+03,-2.253442e+01,3.458693e+01
654,1.847054e+03,-2.411862e+01,3.477535e+01
655,1.843679e+03,-2.571543e+01,3.495890e+01
656,1.840477e+03,-2.732406e+01,3.513766e+01
657,1.837462e+03,-2.894400e+01,3.531149e+01
658,1.834635e+03,-3.057437e+01,3.548033e+01
659,1.831994e+03,-3.221462e+01,3.564403e+01
660,1.829541e+03,-3.386401e+01,3.580261e+01
661,1.827273e+03,-3.552181e+01,3.595592e+01
662,1.825200e+03,-3.718739e+01,3.610389e+01
663,1.823313e+03,-3.885995e+01,3.624655e+01
664,1.821618e+03,-4.053877e+01,3.638374e+01
665,1.820117e+03,-4.222320e+01,3.651547e+01
666,1.818801e+03,-4.391253e+01,3.664169e+01
667,1.817678e+03,-4.560596e+01,3.676238e+01
668,1.816754e+03,-4.730277e+01,3.687743e+01
669,1.816014e+03,-4.900233e+01,3.698675e+01
670,1.815474e+03,-5.070384e+01,3.709043e+01
671,1.815126e+03,-5.240659e+01,3.718841e+01
672,1.814968e+03,-5.410993e+01,3.728054e+01
673,1.815002e+03,-5.581300e+01,3.736691e+01
674,1.815227e+03,-5.751525e+01,3.744744e+01
675,1.815650e+03,-5.921579e+01,3.752207e+01
676,1.816263e+03,-6.091393e+01,3.759082e+01
677,1.817066e+03,-6.260902e+01,3.765368e+01
678,1.818052e+03,-6.430013e+01,3.771051e+01
679,1.819235e+03,-6.598655e+01,3.776133e+01
680,1.820608e+03,-6.766757e+01,3.780613e+01
681,1.822163e+03,-6.934225e+01,3.784478e+01
682,1.823899e+03,-7.100995e+01,3.787735e+01
683,1.825825e+03,-7.266982e+01,3.790371e+01
684,1.827940e+03,-7.432130e+01,3.792393e+01
685,1.830228e+03,-7.596368e+01,3.793810e+01
686,1.832698e+03,-7.759587e+01,3.794615e+01
687,1.835348e+03,-7.921806e+01,3.794823e+01
688,1.838180e+03,-8.082954e+01,3.794420e+01
689,1.841191e+03,-8.242887e+01,3.793421e+01
690,1.844376e+03,-8.401533e+01,3.791834e+01
691,1.847734e+03,-8.558895e+01,3.789646e+01
692,1.851265e+03,-8.714903e+01,3.786863e+01
693,1.854969e+03,-8.869487e+01,3.783487e+01
694,1.858837e+03,-9.022501e+01,3.779525e+01
695,1.862878e+03,-9.173949e+01,3.774970e+01
696,1.867069e+03,-9.323686e+01,3.769816e+01
697,1.871432e+03,-9.471715e+01,3.764085e+01
698,1.875945e+03,-9.617892e+01,3.757763e+01
699,1.880623e+03,-9.762220e+01,3.750858e+01
700,1.885450e+03,-9.904629e+01,3.743377e+01
701,1.890427e+03,-1.004505e+02,3.735321e+01
702,1.895546e+03,-1.018341e+02,3.726690e+01
703,1.900815e+03,-1.031971e+02,3.717500e+01
704,1.906233e+03,-1.045375e+02,3.707743e+01
705,1.911779e+03,-1.058560e+02,3.697435e+01
706,1.917474e+03,-1.071511e+02,3.686576e+01
707,1.923297e+03,-1.084230e+02,3.675181e+01
708,1.929247e+03,-1.096717e+02,3.663236e+01
709,1.935331e+03,-1.108950e+02,3.650772e+01
710,1.941536e+03,-1.120937e+02,3.637779e+01
711,1.947860e+03,-1.132671e+02,3.624268e+01
712,1.954313e+03,-1.144139e+02,3.610244e+01
713,1.960870e+03,-1.155340e+02,3.595709e+01
714,1.967540e+03,-1.166268e+02,3.580677e+01
715,1.974323e+03,-1.176923e+02,3.565150e+01
716,1.981204e+03,-1.187298e+02,3.549126e+01
717,1.988183e+03,-1.197380e+02,3.532613e+01
718,1.995261e+03,-1.207168e+02,3.515620e+01
719,2.002429e+03,-1.216656e+02,3.498161e+01
720,2.009688e+03,-1.225852e+02,3.480236e+01
721,2.017031e+03,-1.234742e+02,3.461868e+01
722,2.024457e+03,-1.243325e+02,3.443056e+01
723,2.031967e+03,-1.251603e+02,3.423824e+01
724,2.039554e+03,-1.259568e+02,3.404178e+01
725,2.047217e+03,-1.267215e+02,3.384126e+01
726,2.054950e+03,-1.274550e+02,3.363676e+01
727,2.062752e+03,-1.281559e+02,3.342843e+01
728,2.070624e+03,-1.288250e+02,3.321626e+01
729,2.078543e+03,-1.294602e+02,3.300047e+01
730,2.086524e+03,-1.300630e+02,3.278100e+01
731,2.094561e+03,-1.306327e+02,3.255806e+01
732,2.102638e+03,-1.311678e+02,3.233166e+01
733,2.110762e+03,-1.316692e+02,3.210201e+01
734,2.118928e+03,-1.321354e+02,3.186904e+01
735,2.127119e+03,-1.325679e+02,3.163305e+01
736,2.135352e+03,-1.329653e+02,3.139411e+01
737,2.143603e+03,-1.333276e+02,3.115221e+01
738,2.151880e+03,-1.336550e+02,3.090759e+01
739,2.160177e+03,-1.339466e+02,3.066030e+01
740,2.168485e+03,-1.342018e+02,3.041051e+01
741,2.176798e+03,-1.344222e+02,3.015834e+01
742,2.185116e+03,-1.346069e+02,2.990389e+01
743,2.193438e+03,-1.347554e+02,2.964729e+01
744,2.201751e+03,-1.348676e+02,2.938868e+01
745,2.210054e+03,-1.349437e+02,2.912822e+01
746,2.218340e+03,-1.349843e+02,2.886597e+01
747,2.226609e+03,-1.349880e+02,2.860209e+01
748,2.234854e+03,-1.349556e+02,2.833664e+01
749,2.243075e+03,-1.348872e+02,2.806976e+01
750,2.251266e+03,-1.347828e+02,2.780161e+01
751,2.259418e+03,-1.346416e+02,2.753225e+01
752,2.267524e+03,-1.344638e+02,2.726183e+01
753,2.275592e+03,-1.342507e+02,2.699041e+01
754,2.283616e+03,-1.340011e+02,2.671813e+01
755,2.291587e+03,-1.337157e+02,2.644521e+01
756,2.299500e+03,-1.333944e+02,2.617172e+01
757,2.307368e+03,-1.330374e+02,2.589787e+01
758,2.315177e+03,-1.326461e+02,2.562365e+01
759,2.322928e+03,-1.322192e+02,2.534936e+01
760,2.330614e+03,-1.317573e+02,2.507506e+01
761,2.338234e+03,-1.312606e+02,2.480089e+01
762,2.345782e+03,-1.307290e+02,2.452691e+01
763,2.353258e+03,-1.301633e+02,2.425328e+01
764,2.360647e+03,-1.295621e+02,2.398005e+01
765,2.367950e+03,-1.289268e+02,2.370744e+01
766,2.375167e+03,-1.282568e+02,2.343551e+01
767,2.382284e+03,-1.275521e+02,2.316426e+01
768,2.389308e+03,-1.268127e+02,2.289397e+01
769,2.396217e+03,-1.260402e+02,2.262479e+01
770,2.403026e+03,-1.252344e+02,2.235678e+01
771,2.409721e+03,-1.243955e+02,2.209008e+01
772,2.416295e+03,-1.235235e+02,2.182490e+01
773,2.422755e+03,-1.226199e+02,2.156132e+01
774,2.429088e+03,-1.216847e+02,2.129946e+01
775,2.435292e+03,-1.207179e+02,2.103948e+01
776,2.441376e+03,-1.197210e+02,2.078150e+01
777,2.447334e+03,-1.186933e+02,2.052560e+01
778,2.453164e+03,-1.176363e+02,2.027191e+01
779,2.458868e+03,-1.165493e+02,2.002051e+01
780,2.464439e+03,-1.154345e+02,1.977159e+01
781,2.469883e+03,-1.142911e+02,1.952516e+01
782,2.475187e+03,-1.131199e+02,1.928136e+01
783,2.480359e+03,-1.119203e+02,1.904032e+01
784,2.485383e+03,-1.106936e+02,1.880210e+01
785,2.490260e+03,-1.094392e+02,1.856678e+01
786,2.494976e+03,-1.081570e+02,1.833449e+01
787,2.499538e+03,-1.068485e+02,1.810531e+01
788,2.503939e+03,-1.055123e+02,1.787935e+01
789,2.508165e+03,-1.041506e+02,1.765678e+01
790,2.512230e+03,-1.027626e+02,1.743765e+01
791,2.516121e+03,-1.013513e+02,1.722217e+01
792,2.519844e+03,-9.991604e+01,1.701049e+01
793,2.523393e+03,-9.845819e+01,1.680275e+01
794,2.526769e+03,-9.697853e+01,1.659900e+01
795,2.529963e+03,-9.547854e+01,1.639947e+01
796,2.532983e+03,-9.395748e+01,1.620415e+01
797,2.535831e+03,-9.241682e+01,1.601310e+01
798,2.538498e+03,-9.085655e+01,1.582638e+01
799,2.540993e+03,-8.927742e+01,1.564407e+01
800,2.543308e+03,-8.767866e+01,1.546622e+01
801,2.545443e+03,-8.606249e+01,1.529283e+01
802,2.547406e+03,-8.442816e+01,1.512389e+01
803,2.549183e+03,-8.277637e+01,1.495968e+01
804,2.550782e+03,-8.110858e+01,1.480012e+01
805,2.552188e+03,-7.942402e+01,1.464548e+01
806,2.553393e+03,-7.772490e+01,1.449577e+01
807,2.554399e+03,-7.600969e+01,1.435111e+01
808,2.555205e+03,-7.428135e+01,1.421164e+01
809,2.555804e+03,-7.253909e+01,1.407743e+01
810,2.556197e+03,-7.078362e+01,1.394853e+01
811,2.556384e+03,-6.901655e+01,1.382502e+01
812,2.556380e+03,-6.723851e+01,1.370680e+01
813,2.556178e+03,-6.545043e+01,1.359401e+01
814,2.555786e+03,-6.365318e+01,1.348664e+01
815,2.555211e+03,-6.184760e+01,1.338469e+01
816,2.554453e+03,-6.003454e+01,1.328828e+01
817,2.553506e+03,-5.821450e+01,1.319741e+01
818,2.552370e+03,-5.638766e+01,1.311214e+01
819,2.551037e+03,-5.455442e+01,1.303246e+01
820,2.549501e+03,-5.271519e+01,1.295858e+01
821,2.547753e+03,-5.087030e+01,1.289043e+01
822,2.545795e+03,-4.902001e+01,1.282813e+01
823,2.543619e+03,-4.716480e+01,1.277168e+01
824,2.541233e+03,-4.530567e+01,1.272114e+01
825,2.538644e+03,-4.344375e+01,1.267650e+01
826,2.535853e+03,-4.158020e+01,1.263783e+01
827,2.532867e+03,-3.971617e+01,1.260505e+01
828,2.529687e+03,-3.785265e+01,1.257822e+01
829,2.526327e+03,-3.599085e+01,1.255732e+01
830,2.522787e+03,-3.413178e+01,1.254244e+01
831,2.519069e+03,-3.227575e+01,1.253348e+01
832,2.515164e+03,-3.042326e+01,1.253050e+01
833,2.511065e+03,-2.857446e+01,1.253359e+01
834,2.506781e+03,-2.672969e+01,1.254272e+01
835,2.502295e+03,-2.488934e+01,1.255790e+01
836,2.497602e+03,-2.305360e+01,1.257918e+01
837,2.492708e+03,-2.122301e+01,1.260656e+01
838,2.487621e+03,-1.939826e+01,1.264004e+01
839,2.482326e+03,-1.758042e+01,1.267953e+01
840,2.476853e+03,-1.577034e+01,1.272503e+01
841,2.471196e+03,-1.396908e+01,1.277645e+01
842,2.465361e+03,-1.217748e+01,1.283379e+01
843,2.459348e+03,-1.039655e+01,1.289696e+01
844,2.453181e+03,-8.627182e+00,1.296590e+01
845,2.446836e+03,-6.869865e+00,1.304067e+01
846,2.440329e+03,-5.125265e+00,1.312125e+01
847,2.433644e+03,-3.393804e+00,1.320773e+01
848,2.426791e+03,-1.676041e+00,1.330002e+01
849,2.419760e+03,2.751420e-02,1.339819e+01
850,2.412546e+03,1.716334e+00,1.350224e+01
851,2.405162e+03,3.389916e+00,1.361224e+01
852,2.397601e+03,5.047810e+00,1.372796e+01
853,2.389871e+03,6.689571e+00,1.384940e+01
854,2.381972e+03,8.314759e+00,1.397640e+01
855,2.373926e+03,9.922929e+00,1.410888e+01
856,2.365718e+03,1.151368e+01,1.424678e+01
857,2.357370e+03,1.308655e+01,1.438985e+01
858,2.348883e+03,1.464103e+01,1.453819e+01
859,2.340256e+03,1.617636e+01,1.469162e+01
860,2.331490e+03,1.769179e+01,1.485023e+01
861,2.322591e+03,1.918651e+01,1.501394e+01
862,2.313552e+03,2.065968e+01,1.518268e+01
863,2.304389e+03,2.211056e+01,1.535658e+01
864,2.295093e+03,2.353826e+01,1.553550e+01
865,2.285664e+03,2.494216e+01,1.571944e+01
866,2.276118e+03,2.632197e+01,1.590832e+01
867,2.266439e+03,2.767775e+01,1.610207e+01
868,2.256635e+03,2.900919e+01,1.630054e+01
869,2.246713e+03,3.031636e+01,1.650366e+01
870,2.236666e+03,3.159903e+01,1.671142e+01
871,2.226500e+03,3.285718e+01,1.692360e+01
872,2.216223e+03,3.409066e+01,1.714013e+01
873,2.205828e+03,3.529894e+01,1.736085e+01
874,2.195330e+03,3.648163e+01,1.758578e+01
875,2.184727e+03,3.763812e+01,1.781477e+01
876,2.174028e+03,3.876804e+01,1.804765e+01
877,2.163233e+03,3.987070e+01,1.828430e+01
878,2.152363e+03,4.094578e+01,1.852464e+01
879,2.141404e+03,4.199268e+01,1.876859e+01
880,2.130369e+03,4.301100e+01,1.901600e+01
881,2.119253e+03,4.400030e+01,1.926682e+01
882,2.108069e+03,4.496017e+01,1.952103e+01
883,2.096809e+03,4.589008e+01,1.977842e+01
884,2.085474e+03,4.678972e+01,2.003906e+01
885,2.074071e+03,4.765854e+01,2.030282e+01
886,2.062600e+03,4.849622e+01,2.056954e+01
887,2.051060e+03,4.930268e+01,2.083923e+01
888,2.039467e+03,5.007787e+01,2.111174e+01
889,2.027804e+03,5.082194e+01,2.138686e+01
890,2.016094e+03,5.153471e+01,2.166459e+01
891,2.004331e+03,5.221630e+01,2.194479e+01
892,1.992520e+03,5.286661e+01,2.222731e+01
893,1.980661e+03,5.348568e+01,2.251207e+01
894,1.968770e+03,5.407342e+01,2.279880e+01
895,1.956831e+03,5.462965e+01,2.308757e+01
896,1.944866e+03,5.515440e+01,2.337809e+01
897,1.932867e+03,5.564751e+01,2.367028e+01
898,1.920843e+03,5.610886e+01,2.396401e+01
899,1.908799e+03,5.653841e+01,2.425906e+01
900,1.896737e+03,5.693599e+01,2.455543e+01
901,1.884654e+03,5.730156e+01,2.485283e+01
902,1.872567e+03,5.763509e+01,2.515128e+01
903,1.860475e+03,5.793640e+01,2.545064e+01
904,1.848377e+03,5.820553e+01,2.575076e+01
905,1.836281e+03,5.844238e+01,2.605151e+01
906,1.824185e+03,5.864684e+01,2.635290e+01
907,1.812106e+03,5.881887e+01,2.665464e+01
908,1.800035e+03,5.895858e+01,2.695667e+01
909,1.787978e+03,5.906602e+01,2.725899e+01
910,1.775937e+03,5.914129e+01,2.756141e+01
911,1.763917e+03,5.918449e+01,2.786377e+01
912,1.751926e+03,5.919575e+01,2.816602e+01
913,1.739964e+03,5.917516e+01,2.846810e+01
914,1.728030e+03,5.912275e+01,2.876979e+01
915,1.716125e+03,5.903870e+01,2.907102e+01
916,1.704261e+03,5.892319e+01,2.937174e+01
917,1.692433e+03,5.877625e+01,2.967167e+01
918,1.680639e+03,5.859819e+01,2.997080e+01
919,1.668893e+03,5.838905e+01,3.026894e+01
920,1.657197e+03,5.814898e+01,3.056602e+01
921,1.645541e+03,5.787817e+01,3.086182e+01
922,1.633941e+03,5.757701e+01,3.115629e+01
923,1.622403e+03,5.724573e+01,3.144937e+01
924,1.610913e+03,5.688473e+01,3.174091e+01
925,1.599491e+03,5.649431e+01,3.203070e+01
926,1.588132e+03,5.607495e+01,3.231877e+01
927,1.576841e+03,5.562687e+01,3.260490e+01
928,1.565626e+03,5.515047e+01,3.288909e+01
929,1.554486e+03,5.464604e+01,3.317115e+01
930,1.543422e+03,5.411383e+01,3.345092e+01
931,1.532432e+03,5.355413e+01,3.372836e+01
932,1.521532e+03,5.296719e+01,3.400333e+01
933,1.510713e+03,5.235337e+01,3.427575e+01
934,1.499983e+03,5.171283e+01,3.454536e+01
935,1.489342e+03,5.104595e+01,3.481215e+01
936,1.478789e+03,5.035302e+01,3.507593e+01
937,1.468331e+03,4.963449e+01,3.533669e+01
938,1.457968e+03,4.889067e+01,3.559431e+01
939,1.447707e+03,4.812199e+01,3.584865e+01
940,1.437541e+03,4.732883e+01,3.609950e+01
941,1.427483e+03,4.651147e+01,3.634694e+01
942,1.417527e+03,4.567036e+01,3.659077e+01
943,1.407679e+03,4.480595e+01,3.683084e+01
944,1.397939e+03,4.391873e+01,3.706718e+01
945,1.388315e+03,4.300908e+01,3.729963e+01
946,1.378798e+03,4.207752e+01,3.752814e+01
947,1.369403e+03,4.112453e+01,3.775250e+01
948,1.360122e+03,4.015058e+01,3.797279e+01
949,1.350956e+03,3.915600e+01,3.818888e+01
950,1.341918e+03,3.814146e+01,3.840063e+01
951,1.333002e+03,3.710724e+01,3.860790e+01
952,1.324206e+03,3.605390e+01,3.881071e+01
953,1.315538e+03,3.498179e+01,3.900892e+01
954,1.306990e+03,3.389147e+01,3.920248e+01
955,1.298576e+03,3.278334e+01,3.939125e+01
956,1.290289e+03,3.165790e+01,3.957516e+01
957,1.282136e+03,3.051563e+01,3.975417e+01
958,1.274109e+03,2.935723e+01,3.992829e+01
959,1.266216e+03,2.818334e+01,4.009737e+01
960,1.258463e+03,2.699452e+01,4.026152e+01
961,1.250842e+03,2.579131e+01,4.042052e+01
962,1.243361e+03,2.457443e+01,4.057446e+01
963,1.236020e+03,2.334450e+01,4.072327e+01
964,1.228818e+03,2.210193e+01,4.086683e+01
965,1.221754e+03,2.084727e+01,4.100522e+01
966,1.214830e+03,1.958106e+01,4.113824e+01
967,1.208051e+03,1.830387e+01,4.126589e+01
968,1.201410e+03,1.701616e+01,4.138811e+01
969,1.194914e+03,1.571848e+01,4.150484e+01
970,1.188564e+03,1.441132e+01,4.161595e+01
971,1.182350e+03,1.309529e+01,4.172159e+01
972,1.176281e+03,1.177102e+01,4.182156e+01
973,1.170357e+03,1.043897e+01,4.191586e+01
974,1.164584e+03,9.099772e+00,4.200459e+01
975,1.158947e+03,7.754114e+00,4.208753e+01
976,1.153454e+03,6.402394e+00,4.216484e+01
977,1.148112e+03,5.045380e+00,4.223631e+01
978,1.142912e+03,3.683466e+00,4.230210e+01
979,1.137856e+03,2.317302e+00,4.236214e+01
980,1.132950e+03,9.473991e-01,4.241629e+01
981,1.128187e+03,-4.256990e-01,4.246480e+01
982,1.123566e+03,-1.801443e+00,4.250744e+01
983,1.119088e+03,-3.179284e+00,4.254437e+01
984,1.114759e+03,-4.558695e+00,4.257546e+01
985,1.110572e+03,-5.939178e+00,4.260071e+01
986,1.106527e+03,-7.320247e+00,4.262014e+01
987,1.102631e+03,-8.701428e+00,4.263374e+01
988,1.098876e+03,-1.008224e+01,4.264138e+01
989,1.095263e+03,-1.146220e+01,4.264322e+01
990,1.091791e+03,-1.284077e+01,4.263904e+01
991,1.088461e+03,-1.421758e+01,4.262893e+01
992,1.085279e+03,-1.559193e+01,4.261296e+01
993,1.082230e+03,-1.696329e+01,4.259099e+01
994,1.079330e+03,-1.833097e+01,4.256318e+01
995,1.076563e+03,-1.969451e+01,4.252953e+01
996,1.073937e+03,-2.105321e+01,4.249006e+01
997,1.071452e+03,-2.240654e+01,4.244468e+01
998,1.069107e+03,-2.375389e+01,4.239349e+01
999,1.066895e+03,-2.509450e+01,4.233656e+01
1000,1.064824e+03,-2.642782e+01,4.227383e+01
1001,1.062878e+03,-2.775317e+01,4.220529e+01
1002,1.061073e+03,-2.906988e+01,4.213095e+01
1003,1.059393e+03,-3.037728e+01,4.205082e+01
1004,1.057846e+03,-3.167478e+01,4.196489e+01
1005,1.056417e+03,-3.296179e+01,4.187318e+01
1006,1.055121e+03,-3.423793e+01,4.177583e+01
1007,1.053944e+03,-3.550298e+01,4.167300e+01
1008,1.052892e+03,-3.675679e+01,4.156483e+01
1009,1.051965e+03,-3.799899e+01,4.145148e+01
1010,1.051150e+03,-3.922936e+01,4.133317e+01
1011,1.050460e+03,-4.044759e+01,4.120991e+01
1012,1.049881e+03,-4.165353e+01,4.108191e+01
1013,1.049413e+03,-4.284682e+01,4.094911e+01
1014,1.049071e+03,-4.402693e+01,4.081150e+01
1015,1.048832e+03,-4.519355e+01,4.066894e+01
1016,1.048713e+03,-4.634632e+01,4.052150e+01
1017,1.048711e+03,-4.748486e+01,4.036897e+01
1018,1.048814e+03,-4.860871e+01,4.021132e+01
1019,1.049028e+03,-4.971751e+01,4.004866e+01
1020,1.049353e+03,-5.081057e+01,3.988088e+01
1021,1.049783e+03,-5.188729e+01,3.970838e+01
1022,1.050317e+03,-5.294709e+01,3.953114e+01
1023,1.050940e+03,-5.398919e+01,3.934939e+01
1024,1.051668e+03,-5.501308e+01,3.916327e+01
1025,1.052478e+03,-5.601800e+01,3.897301e+01
1026,1.053385e+03,-5.700342e+01,3.877867e+01
1027,1.054374e+03,-5.796948e+01,3.858033e+01
1028,1.055446e+03,-5.891617e+01,3.837805e+01
1029,1.056616e+03,-5.984363e+01,3.817192e+01
1030,1.057861e+03,-6.075198e+01,3.796193e+01
1031,1.059196e+03,-6.164144e+01,3.774821e+01
1032,1.060607e+03,-6.251200e+01,3.753077e+01
1033,1.062109e+03,-6.336377e+01,3.730968e+01
1034,1.063687e+03,-6.419624e+01,3.708500e+01
1035,1.065348e+03,-6.500878e+01,3.685696e+01
1036,1.067078e+03,-6.580086e+01,3.662562e+01
1037,1.068870e+03,-6.657186e+01,3.639113e+01
1038,1.070738e+03,-6.732124e+01,3.615363e+01
1039,1.072669e+03,-6.804846e+01,3.591326e+01
1040,1.074653e+03,-6.875290e+01,3.567001e+01
1041,1.076700e+03,-6.943454e+01,3.542411e+01
1042,1.078803e+03,-7.009335e+01,3.517540e+01
1043,1.080952e+03,-7.072908e+01,3.492402e+01
1044,1.083165e+03,-7.134238e+01,3.466996e+01
1045,1.085426e+03,-7.193255e+01,3.441315e+01
1046,1.087735e+03,-7.250036e+01,3.415379e+01
1047,1.090092e+03,-7.304514e+01,3.389173e+01
1048,1.092499e+03,-7.356690e+01,3.362719e+01
1049,1.094946e+03,-7.406497e+01,3.336045e+01
1050,1.097436e+03,-7.454085e+01,3.309166e+01
1051,1.099960e+03,-7.499385e+01,3.282104e+01
1052,1.102519e+03,-7.542327e+01,3.254863e+01
1053,1.105112e+03,-7.582915e+01,3.227481e+01
1054,1.107741e+03,-7.621154e+01,3.199971e+01
1055,1.110391e+03,-7.657121e+01,3.172339e+01
1056,1.113070e+03,-7.690747e+01,3.144591e+01
1057,1.115770e+03,-7.721960e+01,3.116741e+01
1058,1.118492e+03,-7.750915e+01,3.088795e+01
1059,1.121228e+03,-7.777464e+01,3.060760e+01
1060,1.123987e+03,-7.801613e+01,3.032648e+01
1061,1.126761e+03,-7.823513e+01,3.004466e+01
1062,1.129550e+03,-7.842944e+01,2.976227e+01
1063,1.132348e+03,-7.860132e+01,2.947930e+01
1064,1.135155e+03,-7.874932e+01,2.919596e+01
1065,1.137964e+03,-7.887346e+01,2.891232e+01
1066,1.140782e+03,-7.897526e+01,2.862842e+01
1067,1.143594e+03,-7.905326e+01,2.834441e+01
1068,1.146417e+03,-7.910822e+01,2.806042e+01
1069,1.149228e+03,-7.914018e+01,2.777651e+01
1070,1.152042e+03,-7.914914e+01,2.749282e+01
1071,1.154845e+03,-7.913514e+01,2.720940e+01
1072,1.157644e+03,-7.909893e+01,2.692647e+01
1073,1.160426e+03,-7.903979e+01,2.664408e+01
1074,1.163196e+03,-7.895847e+01,2.636237e+01
1075,1.165950e+03,-7.885500e+01,2.608147e+01
1076,1.168693e+03,-7.872865e+01,2.580145e+01
1077,1.171413e+03,-7.858091e+01,2.552236e+01
1078,1.174115e+03,-7.841179e+01,2.524442e+01
1079,1.176787e+03,-7.822057e+01,2.496767e+01
1080,1.179443e+03,-7.800874e+01,2.469219e+01
1081,1.182068e+03,-7.777481e+01,2.441818e+01
1082,1.184663e+03,-7.752029e+01,2.414563e+01
1083,1.187228e+03,-7.724517e+01,2.387466e+01
1084,1.189763e+03,-7.694947e+01,2.360542e+01
1085,1.192261e+03,-7.663392e+01,2.333797e+01
1086,1.194723e+03,-7.629704e+01,2.307236e+01
1087,1.197149e+03,-7.594106e+01,2.280866e+01
1088,1.199532e+03,-7.556524e+01,2.254707e+01
1089,1.201871e+03,-7.516957e+01,2.228766e+01
1090,1.204168e+03,-7.475480e+01,2.203040e+01
1091,1.206421e+03,-7.432165e+01,2.177552e+01
1092,1.208626e+03,-7.386939e+01,2.152307e+01
1093,1.210781e+03,-7.339949e+01,2.127318e+01
1094,1.212886e+03,-7.291120e+01,2.102591e+01
1095,1.214943e+03,-7.240599e+01,2.078141e+01
1096,1.216943e+03,-7.188311e+01,2.053973e+01
1097,1.218895e+03,-7.134330e+01,2.030100e+01
1098,1.220792e+03,-7.078727e+01,2.006522e+01
1099,1.222625e+03,-7.021503e+01,1.983259e+01
1100,1.224411e+03,-6.962729e+01,1.960310e+01
1101,1.226127e+03,-6.902329e+01,1.937673e+01
1102,1.227789e+03,-6.840449e+01,1.915370e+01
1103,1.229381e+03,-6.777012e+01,1.893406e+01
1104,1.230920e+03,-6.712149e+01,1.871786e+01
1105,1.232389e+03,-6.645869e+01,1.850510e+01
1106,1.233791e+03,-6.578201e+01,1.829590e+01
1107,1.235131e+03,-6.509184e+01,1.809033e+01
1108,1.236397e+03,-6.438860e+01,1.788843e+01
1109,1.237602e+03,-6.367263e+01,1.769035e+01
1110,1.238733e+03,-6.294432e+01,1.749607e+01
1111,1.239797e+03,-6.220409e+01,1.730572e+01
1112,1.240786e+03,-6.145219e+01,1.711921e+01
1113,1.241709e+03,-6.068924e+01,1.693676e+01
1114,1.242559e+03,-5.991544e+01,1.675841e+01
1115,1.243335e+03,-5.913126e+01,1.658408e+01
1116,1.244037e+03,-5.833717e+01,1.641398e+01
1117,1.244667e+03,-5.753342e+01,1.624802e+01
1118,1.245224e+03,-5.672042e+01,1.608634e+01
1119,1.245702e+03,-5.589872e+01,1.592899e+01
1120,1.246099e+03,-5.506849e+01,1.577590e+01
1121,1.246425e+03,-5.423027e+01,1.562726e+01
1122,1.246671e+03,-5.338440e+01,1.548299e+01
1123,1.246838e+03,-5.253126e+01,1.534315e+01
1124,1.246933e+03,-5.167126e+01,1.520788e+01
1125,1.246943e+03,-5.080479e+01,1.507709e+01
1126,1.246866e+03,-4.993239e+01,1.495085e+01
1127,1.246719e+03,-4.905446e+01,1.482921e+01
1128,1.246494e+03,-4.817154e+01,1.471224e+01
1129,1.246183e+03,-4.728395e+01,1.459993e+01
1130,1.245802e+03,-4.639223e+01,1.449227e+01
1131,1.245336e+03,-4.549686e+01,1.438932e+01
1132,1.244792e+03,-4.459814e+01,1.429114e+01
1133,1.244171e+03,-4.369654e+01,1.419773e+01
1134,1.243466e+03,-4.279246e+01,1.410907e+01
1135,1.242683e+03,-4.188629e+01,1.402515e+01
1136,1.241824e+03,-4.097834e+01,1.394605e+01
1137,1.240881e+03,-4.006915e+01,1.387174e+01
1138,1.239860e+03,-3.915904e+01,1.380223e+01
1139,1.238764e+03,-3.824840e+01,1.373750e+01
1140,1.237576e+03,-3.733770e+01,1.367762e+01
1141,1.236319e+03,-3.642739e+01,1.362251e+01
1142,1.234979e+03,-3.551787e+01,1.357223e+01
1143,1.233562e+03,-3.460953e+01,1.352678e+01
1144,1.232062e+03,-3.370283e+01,1.348615e+01
1145,1.230486e+03,-3.279816e+01,1.345034e+01
1146,1.228835e+03,-3.189599e+01,1.341933e+01
1147,1.227107e+03,-3.099663e+01,1.339312e+01
1148,1.225297e+03,-3.010047e+01,1.337171e+01
1149,1.223410e+03,-2.920798e+01,1.335501e+01
1150,1.221448e+03,-2.831946e+01,1.334303e+01
1151,1.219411e+03,-2.743532e+01,1.333582e+01
1152,1.217298e+03,-2.655598e+01,1.333332e+01
1153,1.215117e+03,-2.568177e+01,1.333551e+01
1154,1.212852e+03,-2.481303e+01,1.334240e+01
1155,1.210520e+03,-2.395016e+01,1.335383e+01
1156,1.208112e+03,-2.309359e+01,1.336994e+01
1157,1.205636e+03,-2.224354e+01,1.339059e+01
1158,1.203091e+03,-2.140055e+01,1.341584e+01
1159,1.200479e+03,-2.056490e+01,1.344555e+01
1160,1.197798e+03,-1.973690e+01,1.347979e+01
1161,1.195048e+03,-1.891692e+01,1.351847e+01
1162,1.192238e+03,-1.810519e+01,1.356154e+01
1163,1.189359e+03,-1.730208e+01,1.360897e+01
1164,1.186420e+03,-1.650797e+01,1.366078e+01
1165,1.183419e+03,-1.572308e+01,1.371681e+01
1166,1.180349e+03,-1.494780e+01,1.377714e+01
1167,1.177218e+03,-1.418234e+01,1.384162e+01
1168,1.174026e+03,-1.342708e+01,1.391025e+01
1169,1.170780e+03,-1.268226e+01,1.398303e+01
1170,1.167472e+03,-1.194818e+01,1.405973e+01
1171,1.164110e+03,-1.122522e+01,1.414052e+01
1172,1.160694e+03,-1.051353e+01,1.422524e+01
1173,1.157223e+03,-9.813504e+00,1.431381e+01
1174,1.153698e+03,-9.125398e+00,1.440624e+01
1175,1.150118e+03,-8.449413e+00,1.450247e+01
1176,1.146491e+03,-7.785821e+00,1.460234e+01
1177,1.142816e+03,-7.134848e+00,1.470585e+01
1178,1.139087e+03,-6.496760e+00,1.481301e+01
1179,1.135317e+03,-5.871793e+00,1.492368e+01
1180,1.131499e+03,-5.260200e+00,1.503777e+01
1181,1.127634e+03,-4.662203e+00,1.515524e+01
1182,1.123727e+03,-4.078004e+00,1.527607e+01
1183,1.119780e+03,-3.507836e+00,1.540012e+01
1184,1.115792e+03,-2.951908e+00,1.552740e+01
1185,1.111763e+03,-2.410442e+00,1.565770e+01
1186,1.107693e+03,-1.883657e+00,1.579108e+01
1187,1.103589e+03,-1.371759e+00,1.592741e+01
1188,1.099451e+03,-8.749043e-01,1.606663e+01
1189,1.095278e+03,-3.932558e-01,1.620865e+01
1190,1.091064e+03,7.304368e-02,1.635341e+01
1191,1.086829e+03,5.238430e-01,1.650078e+01
1192,1.082561e+03,9.589827e-01,1.665075e+01
1193,1.078264e+03,1.378324e+00,1.680327e+01
1194,1.073948e+03,1.781707e+00,1.695811e+01
1195,1.069603e+03,2.169018e+00,1.711528e+01
1196,1.065231e+03,2.540155e+00,1.727472e+01
1197,1.060838e+03,2.895005e+00,1.743636e+01
1198,1.056431e+03,3.233474e+00,1.759999e+01
1199,1.052004e+03,3.555366e+00,1.776568e+01
1200,1.047555e+03,3.860721e+00,1.793323e+01
1201,1.043092e+03,4.149281e+00,1.810263e+01
1202,1.038614e+03,4.421162e+00,1.827377e+01
1203,1.034123e+03,4.676183e+00,1.844649e+01
1204,1.029623e+03,4.914386e+00,1.862089e+01
1205,1.025109e+03,5.135660e+00,1.879669e+01
1206,1.020587e+03,5.340046e+00,1.897396e+01
1207,1.016057e+03,5.527504e+00,1.915244e+01
1208,1.011525e+03,5.697922e+00,1.933227e+01
1209,1.006993e+03,5.851410e+00,1.951317e+01
1210,1.002451e+03,5.987852e+00,1.969517e+01
1211,9.979080e+02,6.107428e+00,1.987812e+01
1212,9.933700e+02,6.210095e+00,2.006196e+01
1213,9.888296e+02,6.295808e+00,2.024664e+01
1214,9.842940e+02,6.364594e+00,2.043209e+01
1215,9.797704e+02,6.416555e+00,2.061810e+01
1216,9.752436e+02,6.451643e+00,2.080470e+01
1217,9.707282e+02,6.469955e+00,2.099174e+01
1218,9.662239e+02,6.471514e+00,2.117917e+01
1219,9.617304e+02,6.456268e+00,2.136685e+01
1220,9.572401e+02,6.424459e+00,2.155472e+01
1221,9.527749e+02,6.375884e+00,2.174265e+01
1222,9.483123e+02,6.310782e+00,2.193066e+01
1223,9.438743e+02,6.229246e+00,2.211853e+01
1224,9.394458e+02,6.131288e+00,2.230628e+01
1225,9.350413e+02,6.017221e+00,2.249378e+01
1226,9.306531e+02,5.887057e+00,2.268097e+01
1227,9.262884e+02,5.740880e+00,2.286771e+01
1228,9.219469e+02,5.578999e+00,2.305402e+01
1229,9.176357e+02,5.401420e+00,2.323977e+01
1230,9.133473e+02,5.208300e+00,2.342489e+01
1231,9.090812e+02,4.999719e+00,2.360926e+01
1232,9.048446e+02,4.775979e+00,2.379289e+01
1233,9.006448e+02,4.537009e+00,2.397549e+01
1234,8.964665e+02,4.283108e+00,2.415716e+01
1235,8.923244e+02,4.014276e+00,2.433777e+01
1236,8.882108e+02,3.730737e+00,2.451725e+01
1237,8.841329e+02,3.432637e+00,2.469539e+01
1238,8.800903e+02,3.120196e+00,2.487229e+01
1239,8.760828e+02,2.793559e+00,2.504773e+01
1240,8.721103e+02,2.452942e+00,2.522166e+01
1241,8.681797e+02,2.098564e+00,2.539410e+01
1242,8.642910e+02,1.730637e+00,2.556490e+01
1243,8.604365e+02,1.349303e+00,2.573394e+01
1244,8.566232e+02,9.547004e-01,2.590122e+01
1245,8.528510e+02,5.471736e-01,2.606655e+01
1246,8.491271e+02,1.268816e-01,2.623000e+01
1247,8.454439e+02,-3.059587e-01,2.639138e+01
1248,8.418084e+02,-7.511390e-01,2.655069e+01
1249,8.382131e+02,-1.208452e+00,2.670773e+01
1250,8.346726e+02,-1.677662e+00,2.686251e+01
1251,8.311718e+02,-2.158506e+00,2.701504e+01
1252,8.277179e+02,-2.650701e+00,2.716512e+01
1253,8.243181e+02,-3.153963e+00,2.731276e+01
1254,8.209647e+02,-3.668030e+00,2.745798e+01
1255,8.176648e+02,-4.192605e+00,2.760066e+01
1256,8.144182e+02,-4.727426e+00,2.774073e+01
1257,8.112246e+02,-5.272221e+00,2.787813e+01
1258,8.080839e+02,-5.826712e+00,2.801296e+01
1259,8.049884e+02,-6.390630e+00,2.814493e+01
1260,8.019601e+02,-6.963701e+00,2.827422e+01
1261,7.989765e+02,-7.545661e+00,2.840060e+01
1262,7.960523e+02,-8.136239e+00,2.852403e+01
1263,7.931871e+02,-8.735170e+00,2.864451e+01
1264,7.903735e+02,-9.342168e+00,2.876207e+01
1265,7.876186e+02,-9.956948e+00,2.887650e+01
1266,7.849148e+02,-1.057919e+01,2.898780e+01
1267,7.822767e+02,-1.120860e+01,2.909600e+01
1268,7.796968e+02,-1.184487e+01,2.920104e+01
1269,7.771748e+02,-1.248768e+01,2.930285e+01
1270,7.747106e+02,-1.313677e+01,2.940145e+01
1271,7.723040e+02,-1.379175e+01,2.949670e+01
1272,7.699622e+02,-1.445245e+01,2.958862e+01
1273,7.676776e+02,-1.511840e+01,2.967714e+01
1274,7.654494e+02,-1.578942e+01,2.976229e+01
1275,7.632848e+02,-1.646511e+01,2.984407e+01
1276,7.611814e+02,-1.714523e+01,2.992234e+01
1277,7.591391e+02,-1.782945e+01,2.999719e+01
1278,7.571578e+02,-1.851738e+01,3.006849e+01
1279,7.552372e+02,-1.920884e+01,3.013617e+01
1280,7.533780e+02,-1.990345e+01,3.020040e+01
1281,7.515802e+02,-2.060095e+01,3.026088e+01
1282,7.498434e+02,-2.130095e+01,3.031778e+01
1283,7.481677e+02,-2.200322e+01,3.037102e+01
1284,7.465529e+02,-2.270734e+01,3.042049e+01
1285,7.449997e+02,-2.341309e+01,3.046625e+01
1286,7.435071e+02,-2.412015e+01,3.050824e+01
1287,7.420759e+02,-2.482818e+01,3.054655e+01
1288,7.407052e+02,-2.553681e+01,3.058103e+01
1289,7.393948e+02,-2.624572e+01,3.061178e+01
1290,7.381463e+02,-2.695466e+01,3.063880e+01
1291,7.369580e+02,-2.766325e+01,3.066202e+01
1292,7.358299e+02,-2.837123e+01,3.068152e+01
1293,7.347618e+02,-2.907815e+01,3.069731e+01
1294,7.337545e+02,-2.978392e+01,3.070926e+01
1295,7.328056e+02,-3.048806e+01,3.071744e+01
1296,7.319166e+02,-3.119033e+01,3.072185e+01
1297,7.310860e+02,-3.189043e+01,3.072244e+01
1298,7.303144e+02,-3.258802e+01,3.071927e+01
1299,7.296003e+02,-3.328288e+01,3.071222e+01
1300,7.289436e+02,-3.397461e+01,3.070143e+01
1301,7.283444e+02,-3.466304e+01,3.068675e+01
1302,7.278019e+02,-3.534773e+01,3.066842e+01
1303,7.273153e+02,-3.602859e+01,3.064629e+01
1304,7.268839e+02,-3.670518e+01,3.062037e+01
1305,7.265091e+02,-3.737734e+01,3.059081e+01
1306,7.261881e+02,-3.804470e+01,3.055754e+01
1307,7.259215e+02,-3.870704e+01,3.052056e+01
1308,7.257086e+02,-3.936412e+01,3.047995e+01
1309,7.255488e+02,-4.001564e+01,3.043563e+01
1310,7.254405e+02,-4.066122e+01,3.038769e+01
1311,7.253846e+02,-4.130080e+01,3.033613e+01
1312,7.253796e+02,-4.193398e+01,3.028095e+01
1313,7.254247e+02,-4.256047e+01,3.022215e+01
1314,7.255194e+02,-4.318018e+01,3.015980e+01
1315,7.256629e+02,-4.379267e+01,3.009399e+01
1316,7.258545e+02,-4.439785e+01,3.002463e+01
1317,7.260935e+02,-4.499548e+01,2.995196e+01
1318,7.263793e+02,-4.558527e+01,2.987581e+01
1319,7.267113e+02,-4.616698e+01,2.979642e+01
1320,7.270879e+02,-4.674046e+01,2.971371e+01
1321,7.275093e+02,-4.730539e+01,2.962776e+01
1322,7.279748e+02,-4.786162e+01,2.953862e+01
1323,7.284823e+02,-4.840891e+01,2.944632e+01
1324,7.290319e+02,-4.894702e+01,2.935091e+01
1325,7.296222e+02,-4.947573e+01,2.925232e+01
1326,7.302525e+02,-4.999487e+01,2.915069e+01
1327,7.309223e+02,-5.050427e+01,2.904604e+01
1328,7.316301e+02,-5.100363e+01,2.893834e+01
1329,7.323746e+02,-5.149278e+01,2.882774e+01
1330,7.331560e+02,-5.197162e+01,2.871425e+01
1331,7.339727e+02,-5.243993e+01,2.859794e+01
1332,7.348229e+02,-5.289752e+01,2.847879e+01
1333,7.357072e+02,-5.334424e+01,2.835688e+01
1334,7.366237e+02,-5.377984e+01,2.823235e+01
1335,7.375710e+02,-5.420415e+01,2.810513e+01
1336,7.385493e+02,-5.461716e+01,2.797535e+01
1337,7.395563e+02,-5.501860e+01,2.784301e+01
1338,7.405924e+02,-5.540839e+01,2.770826e+01
1339,7.416555e+02,-5.578629e+01,2.757101e+01
1340,7.427441e+02,-5.615225e+01,2.743149e+01
1341,7.438585e+02,-5.650612e+01,2.728953e+01
1342,7.449965e+02,-5.684763e+01,2.714542e+01
1343,7.461577e+02,-5.717684e+01,2.699901e+01
1344,7.473400e+02,-5.749349e+01,2.685052e+01
1345,7.485434e+02,-5.779748e+01,2.669987e+01
1346,7.497660e+02,-5.808869e+01,2.654719e+01
1347,7.510072e+02,-5.836704e+01,2.639248e+01
1348,7.522650e+02,-5.863232e+01,2.623580e+01
1349,7.535394e+02,-5.888444e+01,2.607730e+01
1350,7.548285e+02,-5.912350e+01,2.591704e+01
1351,7.561317e+02,-5.934940e+01,2.575501e+01
1352,7.574478e+02,-5.956203e+01,2.559135e+01
1353,7.587777e+02,-5.976143e+01,2.542604e+01
1354,7.601127e+02,-5.994756e+01,2.525938e+01
1355,7.614636e+02,-6.012032e+01,2.509119e+01
1356,7.628230e+02,-6.027974e+01,2.492170e+01
1357,7.641913e+02,-6.042579e+01,2.475096e+01
1358,7.655687e+02,-6.055834e+01,2.457888e+01
1359,7.669481e+02,-6.067752e+01,2.440568e+01
1360,7.683296e+02,-6.078313e+01,2.423141e+01
1361,7.697135e+02,-6.087519e+01,2.405606e+01
1362,7.711075e+02,-6.095375e+01,2.387969e+01
1363,7.724970e+02,-6.101868e+01,2.370244e+01
1364,7.738896e+02,-6.107009e+01,2.352430e+01
1365,7.752856e+02,-6.110800e+01,2.334539e+01
1366,7.766704e+02,-6.113236e+01,2.316578e+01
1367,7.780591e+02,-6.114320e+01,2.298553e+01
1368,7.794445e+02,-6.114054e+01,2.280462e+01
1369,7.808195e+02,-6.112440e+01,2.262327e+01
1370,7.821990e+02,-6.109487e+01,2.244153e+01
1371,7.835612e+02,-6.105199e+01,2.225931e+01
1372,7.849210e+02,-6.099576e+01,2.207690e+01
1373,7.862714e+02,-6.092627e+01,2.189420e+01
1374,7.876125e+02,-6.084362e+01,2.171136e+01
1375,7.889371e+02,-6.074782e+01,2.152843e+01
1376,7.902530e+02,-6.063888e+01,2.134554e+01
1377,7.915604e+02,-6.051697e+01,2.116261e+01
1378,7.928521e+02,-6.038209e+01,2.097984e+01
1379,7.941283e+02,-6.023433e+01,2.079722e+01
1380,7.953818e+02,-6.007363e+01,2.061489e+01
1381,7.966278e+02,-5.990020e+01,2.043274e+01
1382,7.978516e+02,-5.971399e+01,2.025100e+01
1383,7.990534e+02,-5.951507e+01,2.006965e+01
1384,8.002336e+02,-5.930360e+01,1.988874e+01
1385,8.013996e+02,-5.907972e+01,1.970841e+01
1386,8.025445e+02,-5.884366e+01,1.952872e+01
1387,8.036609e+02,-5.859541e+01,1.934973e+01
1388,8.047565e+02,-5.833529e+01,1.917149e+01
1389,8.058241e+02,-5.806335e+01,1.899407e+01
1390,8.068714e+02,-5.777974e+01,1.881761e+01
1391,8.078911e+02,-5.748468e+01,1.864208e+01
1392,8.088836e+02,-5.717816e+01,1.846762e+01
1393,8.098564e+02,-5.686040e+01,1.829422e+01
1394,8.107949e+02,-5.653147e+01,1.812194e+01
1395,8.116993e+02,-5.619157e+01,1.795090e+01
1396,8.125772e+02,-5.584071e+01,1.778103e+01
1397,8.134289e+02,-5.547915e+01,1.761253e+01
1398,8.142398e+02,-5.510690e+01,1.744538e+01
1399,8.150248e+02,-5.472431e+01,1.727965e+01
1400,8.157694e+02,-5.433151e+01,1.711540e+01
1401,8.164886e+02,-5.392870e+01,1.695268e+01
1402,8.171678e+02,-5.351595e+01,1.679156e+01
1403,8.178146e+02,-5.309359e+01,1.663202e+01
1404,8.184293e+02,-5.266174e+01,1.647419e+01
1405,8.190048e+02,-5.222053e+01,1.631812e+01
1406,8.195411e+02,-5.177015e+01,1.616388e+01
1407,8.200386e+02,-5.131086e+01,1.601138e+01
1408,8.205049e+02,-5.084271e+01,1.586082e+01
1409,8.209254e+02,-5.036597e+01,1.571211e+01
1410,8.213151e+02,-4.988082e+01,1.556538e+01
1411,8.216594e+02,-4.938737e+01,1.542063e+01
1412,8.219660e+02,-4.888598e+01,1.527797e+01
1413,8.222276e+02,-4.837666e+01,1.513741e+01
1414,8.224518e+02,-4.785992e+01,1.499899e+01
1415,8.226315e+02,-4.733578e+01,1.486270e+01
1416,8.227742e+02,-4.680457e+01,1.472867e+01
1417,8.228727e+02,-4.626649e+01,1.459690e+01
1418,8.229346e+02,-4.572187e+01,1.446744e+01
1419,8.229527e+02,-4.517073e+01,1.434035e+01
1420,8.229271e+02,-4.461349e+01,1.421562e+01
1421,8.228580e+02,-4.405032e+01,1.409331e+01
1422,8.227456e+02,-4.348134e+01,1.397347e+01
1423,8.225975e+02,-4.290686e+01,1.385603e+01
1424,8.223990e+02,-4.232701e+01,1.374119e+01
1425,8.221576e+02,-4.174209e+01,1.362886e+01
1426,8.218735e+02,-4.115237e+01,1.351912e+01
1427,8.215395e+02,-4.055795e+01,1.341193e+01
1428,8.211630e+02,-3.995909e+01,1.330737e+01
1429,8.207442e+02,-3.935617e+01,1.320543e+01
1430,8.202833e+02,-3.874923e+01,1.310617e+01
1431,8.197729e+02,-3.813867e+01,1.300965e+01
1432,8.192207e+02,-3.752459e+01,1.291586e+01
1433,8.186192e+02,-3.690731e+01,1.282479e+01
1434,8.179760e+02,-3.628701e+01,1.273643e+01
1435,8.172838e+02,-3.566401e+01,1.265091e+01
1436,8.165502e+02,-3.503848e+01,1.256817e+01
1437,8.157677e+02,-3.441075e+01,1.248817e+01
1438,8.149365e+02,-3.378091e+01,1.241107e+01
1439,8.140641e+02,-3.314937e+01,1.233686e+01
1440,8.131506e+02,-3.251621e+01,1.226544e+01
1441,8.121886e+02,-3.188177e+01,1.219690e+01
1442,8.111782e+02,-3.124620e+01,1.213122e+01
1443,8.101195e+02,-3.060977e+01,1.206838e+01
1444,8.090199e+02,-2.997279e+01,1.200847e+01
1445,8.078721e+02,-2.933536e+01,1.195147e+01
1446,8.066762e+02,-2.869772e+01,1.189737e+01
1447,8.054395e+02,-2.806027e+01,1.184617e+01
1448,8.041548e+02,-2.742303e+01,1.179787e+01
1449,8.028221e+02,-2.678647e+01,1.175252e+01
1450,8.014487e+02,-2.615069e+01,1.171006e+01
1451,8.000349e+02,-2.551600e+01,1.167054e+01
1452,7.985731e+02,-2.488265e+01,1.163389e+01
1453,7.970634e+02,-2.425085e+01,1.160019e+01
1454,7.955132e+02,-2.362086e+01,1.156941e+01
1455,7.939225e+02,-2.299282e+01,1.154149e+01
1456,7.922913e+02,-2.236688e+01,1.151649e+01
1457,7.906196e+02,-2.174337e+01,1.149442e+01
1458,7.888999e+02,-2.112244e+01,1.147511e+01
1459,7.871398e+02,-2.050424e+01,1.145872e+01
1460,7.853391e+02,-1.988909e+01,1.144524e+01
1461,7.834978e+02,-1.927707e+01,1.143451e+01
1462,7.816160e+02,-1.866848e+01,1.142662e+01
1463,7.796936e+02,-1.806350e+01,1.142156e+01
1464,7.777305e+02,-1.746227e+01,1.141925e+01
1465,7.757268e+02,-1.686496e+01,1.141976e+01
1466,7.736897e+02,-1.627195e+01,1.142303e+01
1467,7.716119e+02,-1.568326e+01,1.142897e+01
1468,7.695008e+02,-1.509920e+01,1.143773e+01
1469,7.673487e+02,-1.451993e+01,1.144909e+01
1470,7.651558e+02,-1.394553e+01,1.146320e+01
1471,7.629368e+02,-1.337632e+01,1.147990e+01
1472,7.606767e+02,-1.281239e+01,1.149929e+01
1473,7.583755e+02,-1.225398e+01,1.152120e+01
1474,7.560480e+02,-1.170125e+01,1.154578e+01
1475,7.536793e+02,-1.115444e+01,1.157282e+01
1476,7.512841e+02,-1.061357e+01,1.160247e+01
1477,7.488550e+02,-1.007895e+01,1.163457e+01
1478,7.463918e+02,-9.550682e+00,1.166906e+01
1479,7.439019e+02,-9.028912e+00,1.170609e+01
1480,7.413778e+02,-8.513848e+00,1.174543e+01
1481,7.388268e+02,-8.005636e+00,1.178725e+01
1482,7.362414e+02,-7.504432e+00,1.183131e+01
1483,7.336289e+02,-7.010361e+00,1.187770e+01
1484,7.309967e+02,-6.523579e+00,1.192635e+01
1485,7.283297e+02,-6.044231e+00,1.197726e+01
1486,7.256428e+02,-5.572443e+00,1.203028e+01
1487,7.229209e+02,-5.108381e+00,1.208551e+01
1488,7.201788e+02,-4.652169e+00,1.214285e+01
1489,7.174164e+02,-4.203945e+00,1.220226e+01
1490,7.146224e+02,-3.763826e+00,1.226373e+01
1491,7.118079e+02,-3.331936e+00,1.232712e+01
1492,7.089712e+02,-2.908396e+00,1.239251e+01
1493,7.061129e+02,-2.493342e+00,1.245983e+01
1494,7.032329e+02,-2.086889e+00,1.252894e+01
1495,7.003325e+02,-1.689158e+00,1.259992e+01
1496,6.974125e+02,-1.300258e+00,1.267270e+01
1497,6.944740e+02,-9.202594e-01,1.274714e+01
1498,6.915169e+02,-5.492629e-01,1.282333e+01
1499,6.885427e+02,-1.873567e-01,1.290112e+01
1500,6.855519e+02,1.653631e-01,1.298052e+01
1501,6.825450e+02,5.088005e-01,1.306146e+01
1502,6.795242e+02,8.428845e-01,1.314388e+01
1503,6.764884e+02,1.167530e+00,1.322779e+01
1504,6.734390e+02,1.482693e+00,1.331305e+01
1505,6.703773e+02,1.788303e+00,1.339975e+01
1506,6.673029e+02,2.084292e+00,1.348767e+01
1507,6.642166e+02,2.370594e+00,1.357691e+01
1508,6.611195e+02,2.647123e+00,1.366739e+01
1509,6.580121e+02,2.913923e+00,1.375899e+01
1510,6.548951e+02,3.170804e+00,1.385171e+01
1511,6.517690e+02,3.417873e+00,1.394549e+01
1512,6.486364e+02,3.655085e+00,1.404035e+01
1513,6.454965e+02,3.882473e+00,1.413614e+01
1514,6.423512e+02,4.099915e+00,1.423281e+01
1515,6.392019e+02,4.307514e+00,1.433044e+01
1516,6.360483e+02,4.505149e+00,1.442890e+01
1517,6.328916e+02,4.692845e+00,1.452813e+01
1518,6.297333e+02,4.870627e+00,1.462806e+01
1519,6.265729e+02,5.038519e+00,1.472870e+01
1520,6.234119e+02,5.196395e+00,1.482993e+01
1521,6.202508e+02,5.344349e+00,1.493175e+01
1522,6.170899e+02,5.482404e+00,1.503418e+01
1523,6.139300e+02,5.610428e+00,1.513701e+01
1524,6.107723e+02,5.728516e+00,1.524025e+01
1525,6.076172e+02,5.836682e+00,1.534384e+01
1526,6.044661e+02,5.934945e+00,1.544779e+01
1527,6.013187e+02,6.023392e+00,1.555205e+01
1528,5.981764e+02,6.101963e+00,1.565648e+01
1529,5.950404e+02,6.170818e+00,1.576109e+01
1530,5.919104e+02,6.229822e+00,1.586582e+01
1531,5.887879e+02,6.279059e+00,1.597062e+01
1532,5.856724e+02,6.318612e+00,1.607548e+01
1533,5.825662e+02,6.348489e+00,1.618022e+01
1534,5.794689e+02,6.368773e+00,1.628491e+01
1535,5.763812e+02,6.379468e+00,1.638949e+01
1536,5.733042e+02,6.380580e+00,1.649383e+01
1537,5.702371e+02,6.372187e+00,1.659787e+01
1538,5.671826e+02,6.354366e+00,1.670170e+01
1539,5.641405e+02,6.327193e+00,1.680510e+01
1540,5.611114e+02,6.290818e+00,1.690817e+01
1541,5.580958e+02,6.245165e+00,1.701077e+01
1542,5.550957e+02,6.190457e+00,1.711291e+01
1543,5.521103e+02,6.126690e+00,1.721446e+01
1544,5.491415e+02,6.054010e+00,1.731551e+01
1545,5.461884e+02,5.972487e+00,1.741584e+01
1546,5.432531e+02,5.882189e+00,1.751548e+01
1547,5.403361e+02,5.783185e+00,1.761442e+01
1548,5.374366e+02,5.675615e+00,1.771263e+01
1549,5.345565e+02,5.559545e+00,1.780995e+01
1550,5.316956e+02,5.435040e+00,1.790640e+01
1551,5.288546e+02,5.302237e+00,1.800192e+01
1552,5.260340e+02,5.161195e+00,1.809645e+01
1553,5.232350e+02,5.012116e+00,1.819001e+01
1554,5.204567e+02,4.854982e+00,1.828254e+01
1555,5.177004e+02,4.689996e+00,1.837390e+01
1556,5.149667e+02,4.517210e+00,1.846419e+01
1557,5.122560e+02,4.336825e+00,1.855334e+01
1558,5.095690e+02,4.148892e+00,1.864123e+01
1559,5.069061e+02,3.953610e+00,1.872793e+01
1560,5.042672e+02,3.750955e+00,1.881333e+01
1561,5.016528e+02,3.541273e+00,1.889743e+01
1562,4.990643e+02,3.324537e+00,1.898018e+01
1563,4.965007e+02,3.100942e+00,1.906158e+01
1564,4.939641e+02,2.870610e+00,1.914158e+01
1565,4.914535e+02,2.633735e+00,1.922012e+01
1566,4.889703e+02,2.390361e+00,1.929713e+01
1567,4.865135e+02,2.140681e+00,1.937272e+01
1568,4.840845e+02,1.884739e+00,1.944673e+01
1569,4.816838e+02,1.622800e+00,1.951911e+01
1570,4.793106e+02,1.354980e+00,1.958996e+01
1571,4.769669e+02,1.081351e+00,1.965904e+01
1572,4.746510e+02,8.020787e-01,1.972654e+01
1573,4.723644e+02,5.173307e-01,1.979232e+01
1574,4.701075e+02,2.272870e-01,1.985630e+01
1575,4.678803e+02,-6.789448e-02,1.991859e+01
1576,4.656826e+02,-3.680269e-01,1.997911e+01
1577,4.635157e+02,-6.729612e-01,2.003780e+01
1578,4.613796e+02,-9.825040e-01,2.009475e+01
1579,4.592748e+02,-1.296507e+00,2.014983e+01
1580,4.572004e+02,-1.614808e+00,2.020304e+01
1581,4.551579e+02,-1.937253e+00,2.025440e+01
1582,4.531471e+02,-2.263687e+00,2.030391e+01
1583,4.511678e+02,-2.593963e+00,2.035144e+01
1584,4.492200e+02,-2.927922e+00,2.039707e+01
1585,4.473036e+02,-3.265410e+00,2.044067e+01
1586,4.454199e+02,-3.606290e+00,2.048231e+01
1587,4.435682e+02,-3.950380e+00,2.052194e+01
1588,4.417482e+02,-4.297516e+00,2.055948e+01
1589,4.399606e+02,-4.647539e+00,2.059503e+01
1590,4.382054e+02,-5.000279e+00,2.062851e+01
1591,4.364825e+02,-5.355573e+00,2.065994e+01
1592,4.347925e+02,-5.713247e+00,2.068925e+01
1593,4.331346e+02,-6.073149e+00,2.071644e+01
1594,4.315095e+02,-6.435101e+00,2.074153e+01
1595,4.299170e+02,-6.798936e+00,2.076445e+01
1596,4.283565e+02,-7.164483e+00,2.078527e+01
1597,4.268293e+02,-7.531576e+00,2.080394e+01
1598,4.253346e+02,-7.900045e+00,2.082046e+01
1599,4.238716e+02,-8.269718e+00,2.083483e+01
1600,4.224426e+02,-8.640429e+00,2.084699e+01
1601,4.210451e+02,-9.012024e+00,2.085701e+01
1602,4.196800e+02,-9.384356e+00,2.086484e+01
1603,4.183472e+02,-9.757271e+00,2.087040e+01
1604,4.170466e+02,-1.013062e+01,2.087384e+01
1605,4.157783e+02,-1.050430e+01,2.087502e+01
1606,4.145415e+02,-1.087810e+01,2.087402e+01
1607,4.133369e+02,-1.125185e+01,2.087078e+01
1608,4.121637e+02,-1.162552e+01,2.086529e+01
1609,4.110219e+02,-1.199879e+01,2.085756e+01
1610,4.099116e+02,-1.237165e+01,2.084767e+01
1611,4.088327e+02,-1.274378e+01,2.083570e+01
1612,4.077852e+02,-1.311515e+01,2.082150e+01
1613,4.067685e+02,-1.348552e+01,2.080514e+01
1614,4.057824e+02,-1.385474e+01,2.078671e+01
1615,4.048270e+02,-1.422269e+01,2.076621e+01
1616,4.039024e+02,-1.458929e+01,2.074357e+01
1617,4.030078e+02,-1.495428e+01,2.071878e+01
1618,4.021432e+02,-1.531759e+01,2.069193e+01
1619,4.013079e+02,-1.567910e+01,2.066294e+01
1620,4.005020e+02,-1.603857e+01,2.063196e+01
1621,3.997255e+02,-1.639607e+01,2.059877e+01
1622,3.989776e+02,-1.675125e+01,2.056359e+01
1623,3.982584e+02,-1.710412e+01,2.052635e+01
1624,3.975673e+02,-1.745440e+01,2.048705e+01
1625,3.969042e+02,-1.780209e+01,2.044576e+01
1626,3.962692e+02,-1.814701e+01,2.040256e+01
1627,3.956609e+02,-1.848899e+01,2.035730e+01
1628,3.950800e+02,-1.882784e+01,2.031012e+01
1629,3.945260e+02,-1.916363e+01,2.026102e+01
1630,3.939980e+02,-1.949603e+01,2.020993e+01
1631,3.934963e+02,-1.982508e+01,2.015700e+01
1632,3.930200e+02,-2.015053e+01,2.010215e+01
1633,3.925685e+02,-2.047237e+01,2.004544e+01
1634,3.921427e+02,-2.079040e+01,1.998689e+01
1635,3.917411e+02,-2.110460e+01,1.992640e+01
1636,3.913630e+02,-2.141472e+01,1.986413e+01
1637,3.910093e+02,-2.172080e+01,1.980015e+01
1638,3.906786e+02,-2.202260e+01,1.973431e+01
1639,3.903710e+02,-2.232007e+01,1.966675e+01
1640,3.900857e+02,-2.261318e+01,1.959753e+01
1641,3.898222e+02,-2.290168e+01,1.952667e+01
1642,3.895806e+02,-2.318554e+01,1.945414e+01
1643,3.893601e+02,-2.346473e+01,1.938003e+01
1644,3.891609e+02,-2.373905e+01,1.930440e+01
1645,3.889815e+02,-2.400840e+01,1.922718e+01
1646,3.888222e+02,-2.427281e+01,1.914835e+01
1647,3.886822e+02,-2.453211e+01,1.906813e+01
1648,3.885609e+02,-2.478618e+01,1.898638e+01
1649,3.884584e+02,-2.503497e+01,1.890315e+01
1650,3.883733e+02,-2.527838e+01,1.881845e+01
1651,3.883058e+02,-2.551637e+01,1.873241e+01
1652,3.882559e+02,-2.574890e+01,1.864503e+01
1653,3.882217e+02,-2.597586e+01,1.855630e+01
1654,3.882046e+02,-2.619714e+01,1.846620e+01
1655,3.882027e+02,-2.641278e+01,1.837489e+01
1656,3.882154e+02,-2.662273e+01,1.828234e+01
1657,3.882435e+02,-2.682681e+01,1.818864e+01
1658,3.882856e+02,-2.702505e+01,1.809368e+01
1659,3.883421e+02,-2.721741e+01,1.799761e+01
1660,3.884115e+02,-2.740384e+01,1.790050e+01
1661,3.884940e+02,-2.758432e+01,1.780226e+01
1662,3.885882e+02,-2.775870e+01,1.770303e+01
1663,3.886951e+02,-2.792711e+01,1.760280e+01
1664,3.888133e+02,-2.808942e+01,1.750163e+01
1665,3.889422e+02,-2.824551e+01,1.739952e+01
1666,3.890814e+02,-2.839547e+01,1.729645e+01
1667,3.892308e+02,-2.853927e+01,1.719263e+01
1668,3.893900e+02,-2.867678e+01,1.708791e+01
1669,3.895576e+02,-2.880801e+01,1.698235e+01
1670,3.897338e+02,-2.893293e+01,1.687608e+01
1671,3.899181e+02,-2.905154e+01,1.676903e+01
1672,3.901097e+02,-2.916381e+01,1.666133e+01
1673,3.903082e+02,-2.926982e+01,1.655296e+01
1674,3.905137e+02,-2.936944e+01,1.644399e+01
1675,3.907249e+02,-2.946276e+01,1.633449e+01
1676,3.909420e+02,-2.954981e+01,1.622451e+01
1677,3.911644e+02,-2.963053e+01,1.611412e+01
1678,3.913922e+02,-2.970493e+01,1.600323e+01
1679,3.916235e+02,-2.977302e+01,1.589198e+01
1680,3.918582e+02,-2.983475e+01,1.578044e+01
1681,3.920975e+02,-2.989020e+01,1.566851e+01
1682,3.923384e+02,-2.993938e+01,1.555633e+01
1683,3.925819e+02,-2.998216e+01,1.544389e+01
1684,3.928274e+02,-3.001869e+01,1.533119e+01
1685,3.930743e+02,-3.004891e+01,1.521834e+01
1686,3.933220e+02,-3.007282e+01,1.510536e+01
1687,3.935700e+02,-3.009059e+01,1.499221e+01
1688,3.938184e+02,-3.010215e+01,1.487904e+01
1689,3.940667e+02,-3.010749e+01,1.476576e+01
1690,3.943135e+02,-3.010670e+01,1.465259e+01
1691,3.945589e+02,-3.009978e+01,1.453943e+01
1692,3.948032e+02,-3.008674e+01,1.442635e+01
1693,3.950443e+02,-3.006772e+01,1.431334e+01
1694,3.952837e+02,-3.004258e+01,1.420053e+01
1695,3.955188e+02,-3.001146e+01,1.408792e+01
1696,3.957511e+02,-2.997437e+01,1.397541e+01
1697,3.959793e+02,-2.993137e+01,1.386321e+01
1698,3.962020e+02,-2.988240e+01,1.375125e+01
1699,3.964202e+02,-2.982766e+01,1.363957e+01
1700,3.966333e+02,-2.976708e+01,1.352833e+01
1701,3.968406e+02,-2.970081e+01,1.341736e+01
1702,3.970417e+02,-2.962883e+01,1.330686e+01
1703,3.972366e+02,-2.955135e+01,1.319691e+01
1704,3.974248e+02,-2.946837e+01,1.308732e+01
1705,3.976065e+02,-2.937994e+01,1.297840e+01
1706,3.977803e+02,-2.928621e+01,1.286998e+01
1707,3.979464e+02,-2.918707e+01,1.276211e+01
1708,3.981043e+02,-2.908274e+01,1.265493e+01
1709,3.982547e+02,-2.897321e+01,1.254836e+01
1710,3.983958e+02,-2.885853e+01,1.244253e+01
1711,3.985283e+02,-2.873883e+01,1.233735e+01
1712,3.986509e+02,-2.861417e+01,1.223288e+01
1713,3.987637e+02,-2.848461e+01,1.212918e+01
1714,3.988670e+02,-2.835012e+01,1.202625e+01
1715,3.989601e+02,-2.821098e+01,1.192414e+01
1716,3.990432e+02,-2.806718e+01,1.182291e+01
1717,3.991149e+02,-2.791876e+01,1.172256e+01
1718,3.991753e+02,-2.776592e+01,1.162306e+01
1719,3.992254e+02,-2.760857e+01,1.152448e+01
1720,3.992630e+02,-2.744699e+01,1.142681e+01
1721,3.992898e+02,-2.728114e+01,1.133019e+01
1722,3.993043e+02,-2.711116e+01,1.123453e+01
1723,3.993061e+02,-2.693723e+01,1.113996e+01
1724,3.992966e+02,-2.675927e+01,1.104640e+01
1725,3.992737e+02,-2.657753e+01,1.095391e+01
1726,3.992377e+02,-2.639200e+01,1.086249e+01
1727,3.991893e+02,-2.620279e+01,1.077226e+01
1728,3.991272e+02,-2.601003e+01,1.068308e+01
1729,3.990515e+02,-2.581384e+01,1.059514e+01
1730,3.989622e+02,-2.561418e+01,1.050838e+01
1731,3.988588e+02,-2.541126e+01,1.042277e+01
1732,3.987414e+02,-2.520510e+01,1.033838e+01
1733,3.986092e+02,-2.499585e+01,1.025527e+01
1734,3.984624e+02,-2.478353e+01,1.017337e+01
1735,3.983004e+02,-2.456834e+01,1.009273e+01
1736,3.981247e+02,-2.435039e+01,1.001342e+01
1737,3.979339e+02,-2.412974e+01,9.935432e+00
1738,3.977281e+02,-2.390663e+01,9.858757e+00
1739,3.975074e+02,-2.368105e+01,9.783460e+00
1740,3.972719e+02,-2.345319e+01,9.709532e+00
1741,3.970216e+02,-2.322307e+01,9.636964e+00
1742,3.967558e+02,-2.299097e+01,9.565824e+00
1743,3.964747e+02,-2.275678e+01,9.496028e+00
1744,3.961776e+02,-2.252069e+01,9.427717e+00
1745,3.958659e+02,-2.228280e+01,9.360810e+00
1746,3.955376e+02,-2.204325e+01,9.295374e+00
1747,3.951935e+02,-2.180199e+01,9.231328e+00
1748,3.948343e+02,-2.155935e+01,9.168812e+00
1749,3.944578e+02,-2.131523e+01,9.107746e+00
1750,3.940664e+02,-2.106990e+01,9.048124e+00
1751,3.936586e+02,-2.082338e+01,8.990014e+00
1752,3.932352e+02,-2.057587e+01,8.933409e+00
1753,3.927963e+02,-2.032738e+01,8.878303e+00
1754,3.923410e+02,-2.007803e+01,8.824690e+00
1755,3.918695e+02,-1.982799e+01,8.772638e+00
1756,3.913826e+02,-1.957722e+01,8.722067e+00
1757,3.908795e+02,-1.932597e+01,8.673046e+00
1758,3.903602e+02,-1.907427e+01,8.625495e+00
1759,3.898248e+02,-1.882223e+01,8.579529e+00
1760,3.892741e+02,-1.856988e+01,8.535075e+00
1761,3.887072e+02,-1.831740e+01,8.492145e+00
1762,3.881243e+02,-1.806481e+01,8.450749e+00
1763,3.875261e+02,-1.781237e+01,8.410882e+00
1764,3.869118e+02,-1.756003e+01,8.372541e+00
1765,3.862829e+02,-1.730791e+01,8.335737e+00
1766,3.856388e+02,-1.705625e+01,8.300468e+00
1767,3.849793e+02,-1.680501e+01,8.266722e+00
1768,3.843053e+02,-1.655437e+01,8.234511e+00
1769,3.836167e+02,-1.630437e+01,8.203826e+00
1770,3.829135e+02,-1.605517e+01,8.174664e+00
1771,3.821958e+02,-1.580689e+01,8.147023e+00
1772,3.814634e+02,-1.555949e+01,8.120887e+00
1773,3.807172e+02,-1.531315e+01,8.096253e+00
1774,3.799564e+02,-1.506796e+01,8.073120e+00
1775,3.791823e+02,-1.482397e+01,8.051480e+00
1776,3.783936e+02,-1.458136e+01,8.031332e+00
1777,3.775916e+02,-1.434009e+01,8.012660e+00
1778,3.767764e+02,-1.410033e+01,7.995456e+00
1779,3.759472e+02,-1.386213e+01,7.979713e+00
1780,3.751053e+02,-1.362566e+01,7.965424e+00
1781,3.742501e+02,-1.339088e+01,7.952573e+00
1782,3.733822e+02,-1.315806e+01,7.941160e+00
1783,3.725016e+02,-1.292708e+01,7.931173e+00
1784,3.716090e+02,-1.269812e+01,7.922589e+00
1785,3.707036e+02,-1.247129e+01,7.915410e+00
1786,3.697868e+02,-1.224657e+01,7.909614e+00
1787,3.688585e+02,-1.202420e+01,7.905189e+00
1788,3.679181e+02,-1.180408e+01,7.902129e+00
1789,3.669668e+02,-1.158646e+01,7.900412e+00
1790,3.660047e+02,-1.137124e+01,7.900028e+00
1791,3.650308e+02,-1.115861e+01,7.900970e+00
1792,3.640468e+02,-1.094860e+01,7.903204e+00
1793,3.630524e+02,-1.074133e+01,7.906726e+00
1794,3.620469e+02,-1.053684e+01,7.911509e+00
1795,3.610317e+02,-1.033517e+01,7.917555e+00
1796,3.600059e+02,-1.013636e+01,7.924832e+00
1797,3.589710e+02,-9.940609e+00,7.933328e+00
1798,3.579262e+02,-9.747951e+00,7.943018e+00
1799,3.568729e+02,-9.558283e+00,7.953896e+00
1800,3.558101e+02,-9.371874e+00,7.965932e+00
1801,3.547395e+02,-9.188684e+00,7.979113e+00
1802,3.536607e+02,-9.008785e+00,7.993425e+00
1803,3.525739e+02,-8.832248e+00,8.008842e+00
1804,3.514794e+02,-8.659114e+00,8.025350e+00
1805,3.503781e+02,-8.489419e+00,8.042925e+00
1806,3.492697e+02,-8.323213e+00,8.061551e+00
1807,3.481543e+02,-8.160532e+00,8.081205e+00
1808,3.470323e+02,-8.001421e+00,8.101865e+00
1809,3.459037e+02,-7.845931e+00,8.123516e+00
1810,3.447691e+02,-7.694102e+00,8.146134e+00
1811,3.436285e+02,-7.545965e+00,8.169697e+00
1812,3.424823e+02,-7.401544e+00,8.194177e+00
1813,3.413305e+02,-7.260880e+00,8.219566e+00
1814,3.401738e+02,-7.124007e+00,8.245833e+00
1815,3.390127e+02,-6.990951e+00,8.272959e+00
1816,3.378472e+02,-6.861741e+00,8.300920e+00
1817,3.366778e+02,-6.736419e+00,8.329696e+00
1818,3.355045e+02,-6.614999e+00,8.359264e+00
1819,3.343277e+02,-6.497505e+00,8.389597e+00
1820,3.331476e+02,-6.383958e+00,8.420673e+00
1821,3.319645e+02,-6.274384e+00,8.452433e+00
1822,3.307793e+02,-6.168798e+00,8.484946e+00
1823,3.295910e+02,-6.067235e+00,8.518124e+00
1824,3.284001e+02,-5.969712e+00,8.551902e+00
1825,3.272082e+02,-5.876227e+00,8.586289e+00
1826,3.260143e+02,-5.786800e+00,8.621367e+00
1827,3.248191e+02,-5.701422e+00,8.656924e+00
1828,3.236231e+02,-5.620100e+00,8.693043e+00
1829,3.224270e+02,-5.542849e+00,8.729733e+00
1830,3.212299e+02,-5.469678e+00,8.766929e+00
1831,3.200339e+02,-5.400580e+00,8.804566e+00
1832,3.188382e+02,-5.335558e+00,8.842654e+00
1833,3.176434e+02,-5.274616e+00,8.881128e+00
1834,3.164493e+02,-5.217742e+00,8.920071e+00
1835,3.152566e+02,-5.164941e+00,8.959346e+00
1836,3.140659e+02,-5.116204e+00,8.998962e+00
1837,3.128764e+02,-5.071537e+00,9.038927e+00
1838,3.116893e+02,-5.030933e+00,9.079179e+00
1839,3.105039e+02,-4.994383e+00,9.119726e+00
1840,3.093215e+02,-4.961868e+00,9.160504e+00
1841,3.081420e+02,-4.933374e+00,9.201523e+00
1842,3.069652e+02,-4.908881e+00,9.242644e+00
1843,3.057925e+02,-4.888378e+00,9.284025e+00
1844,3.046232e+02,-4.871854e+00,9.325529e+00
1845,3.034577e+02,-4.859284e+00,9.367089e+00
1846,3.022967e+02,-4.850659e+00,9.408791e+00
1847,3.011409e+02,-4.845956e+00,9.450571e+00
1848,2.999886e+02,-4.845144e+00,9.492362e+00
1849,2.988420e+02,-4.848209e+00,9.534176e+00
1850,2.977001e+02,-4.855122e+00,9.575948e+00
1851,2.965637e+02,-4.865878e+00,9.617688e+00
1852,2.954333e+02,-4.880444e+00,9.659334e+00
1853,2.943081e+02,-4.898789e+00,9.700970e+00
1854,2.931894e+02,-4.920875e+00,9.742386e+00
1855,2.920770e+02,-4.946650e+00,9.783742e+00
1856,2.909717e+02,-4.976091e+00,9.824902e+00
1857,2.898724e+02,-5.009156e+00,9.865950e+00
1858,2.887807e+02,-5.045801e+00,9.906751e+00
1859,2.876955e+02,-5.085991e+00,9.947315e+00
1860,2.866190e+02,-5.129686e+00,9.987654e+00
1861,2.855489e+02,-5.176836e+00,1.002778e+01
1862,2.844873e+02,-5.227395e+00,1.006755e+01
1863,2.834339e+02,-5.281329e+00,1.010706e+01
1864,2.823888e+02,-5.338592e+00,1.014631e+01
1865,2.813518e+02,-5.399139e+00,1.018510e+01
1866,2.803227e+02,-5.462924e+00,1.022358e+01
1867,2.793030e+02,-5.529902e+00,1.026169e+01
1868,2.782925e+02,-5.600008e+00,1.029936e+01
1869,2.772904e+02,-5.673196e+00,1.033661e+01
1870,2.762980e+02,-5.749410e+00,1.037345e+01
1871,2.753153e+02,-5.828592e+00,1.040981e+01
1872,2.743413e+02,-5.910693e+00,1.044571e+01
1873,2.733776e+02,-5.995656e+00,1.048115e+01
1874,2.724231e+02,-6.083425e+00,1.051599e+01
1875,2.714794e+02,-6.173931e+00,1.055032e+01
1876,2.705456e+02,-6.267119e+00,1.058408e+01
1877,2.696222e+02,-6.362926e+00,1.061735e+01
1878,2.687093e+02,-6.461292e+00,1.064999e+01
1879,2.678068e+02,-6.562155e+00,1.068201e+01
1880,2.669145e+02,-6.665456e+00,1.071349e+01
1881,2.660338e+02,-6.771133e+00,1.074422e+01
1882,2.651640e+02,-6.879121e+00,1.077436e+01
1883,2.643048e+02,-6.989352e+00,1.080384e+01
1884,2.634564e+02,-7.101775e+00,1.083267e+01
1885,2.626193e+02,-7.216331e+00,1.086072e+01
1886,2.617941e+02,-7.332941e+00,1.088805e+01
1887,2.609794e+02,-7.451562e+00,1.091469e+01
1888,2.601766e+02,-7.572105e+00,1.094057e+01
1889,2.593848e+02,-7.694500e+00,1.096568e+01
1890,2.586047e+02,-7.818675e+00,1.099005e+01
1891,2.578363e+02,-7.944558e+00,1.101361e+01
1892,2.570802e+02,-8.072064e+00,1.103635e+01
1893,2.563357e+02,-8.201129e+00,1.105830e+01
1894,2.556026e+02,-8.331683e+00,1.107945e+01
1895,2.548818e+02,-8.463641e+00,1.109982e+01
1896,2.541730e+02,-8.596939e+00,1.111934e+01
1897,2.534764e+02,-8.731517e+00,1.113801e+01
1898,2.527918e+02,-8.867303e+00,1.115576e+01
1899,2.521191e+02,-9.004230e+00,1.117268e+01
1900,2.514592e+02,-9.142219e+00,1.118869e+01
1901,2.508105e+02,-9.281212e+00,1.120382e+01
1902,2.501744e+02,-9.421136e+00,1.121797e+01
1903,2.495501e+02,-9.561900e+00,1.123132e+01
1904,2.489384e+02,-9.703538e+00,1.124364e+01
1905,2.483385e+02,-9.845824e+00,1.125509e+01
1906,2.477511e+02,-9.988795e+00,1.126560e+01
1907,2.471755e+02,-1.013241e+01,1.127518e+01
1908,2.466115e+02,-1.027648e+01,1.128383e+01
1909,2.460607e+02,-1.042104e+01,1.129155e+01
1910,2.455217e+02,-1.056605e+01,1.129828e+01
1911,2.449942e+02,-1.071133e+01,1.130402e+01
1912,2.444792e+02,-1.085683e+01,1.130886e+01
1913,2.439758e+02,-1.100259e+01,1.131271e+01
1914,2.434840e+02,-1.114842e+01,1.131559e+01
1915,2.430046e+02,-1.129435e+01,1.131750e+01
1916,2.425368e+02,-1.144028e+01,1.131836e+01
1917,2.420806e+02,-1.158609e+01,1.131834e+01
1918,2.416360e+02,-1.173181e+01,1.131728e+01
1919,2.412038e+02,-1.187725e+01,1.131534e+01
1920,2.407824e+02,-1.202246e+01,1.131237e+01
1921,2.403726e+02,-1.216731e+01,1.130846e+01
1922,2.399745e+02,-1.231177e+01,1.130351e+01
1923,2.395872e+02,-1.245572e+01,1.129770e+01
1924,2.392123e+02,-1.259912e+01,1.129094e+01
1925,2.388476e+02,-1.274193e+01,1.128317e+01
1926,2.384938e+02,-1.288411e+01,1.127446e+01
1927,2.381517e+02,-1.302547e+01,1.126481e+01
1928,2.378197e+02,-1.316612e+01,1.125422e+01
1929,2.374988e+02,-1.330587e+01,1.124262e+01
1930,2.371888e+02,-1.344468e+01,1.123009e+01
1931,2.368891e+02,-1.358250e+01,1.121662e+01
1932,2.365989e+02,-1.371930e+01,1.120230e+01
1933,2.363198e+02,-1.385503e+01,1.118697e+01
1934,2.360504e+02,-1.398957e+01,1.117071e+01
1935,2.357912e+02,-1.412289e+01,1.115352e+01
1936,2.355418e+02,-1.425493e+01,1.113539e+01
1937,2.353021e+02,-1.438559e+01,1.111641e+01
1938,2.350721e+02,-1.451489e+01,1.109650e+01
1939,2.348511e+02,-1.464272e+01,1.107573e+01
1940,2.346392e+02,-1.476910e+01,1.105402e+01
1941,2.344364e+02,-1.489392e+01,1.103146e+01
1942,2.342428e+02,-1.501705e+01,1.100803e+01
1943,2.340584e+02,-1.513860e+01,1.098374e+01
1944,2.338817e+02,-1.525837e+01,1.095859e+01
1945,2.337136e+02,-1.537640e+01,1.093257e+01
1946,2.335541e+02,-1.549256e+01,1.090568e+01
1947,2.334025e+02,-1.560688e+01,1.087800e+01
1948,2.332588e+02,-1.571924e+01,1.084945e+01
1949,2.331225e+02,-1.582959e+01,1.082010e+01
1950,2.329935e+02,-1.593795e+01,1.078987e+01
1951,2.328726e+02,-1.604421e+01,1.075883e+01
1952,2.327585e+02,-1.614832e+01,1.072699e+01
1953,2.326511e+02,-1.625030e+01,1.069441e+01
1954,2.325507e+02,-1.635011e+01,1.066109e+01
1955,2.324572e+02,-1.644763e+01,1.062695e+01
1956,2.323700e+02,-1.654296e+01,1.059205e+01
1957,2.322893e+02,-1.663605e+01,1.055648e+01
1958,2.322150e+02,-1.672671e+01,1.052022e+01
1959,2.321465e+02,-1.681511e+01,1.048327e+01
1960,2.320840e+02,-1.690105e+01,1.044555e+01
1961,2.320275e+02,-1.698464e+01,1.040720e+01
1962,2.319755e+02,-1.706574e+01,1.036822e+01
1963,2.319298e+02,-1.714439e+01,1.032853e+01
1964,2.318889e+02,-1.722052e+01,1.028820e+01
1965,2.318521e+02,-1.729409e+01,1.024722e+01
1966,2.318210e+02,-1.736512e+01,1.020567e+01
1967,2.317943e+02,-1.743356e+01,1.016345e+01
1968,2.317713e+02,-1.749942e+01,1.012071e+01
1969,2.317536e+02,-1.756266e+01,1.007731e+01
1970,2.317389e+02,-1.762329e+01,1.003345e+01
1971,2.317283e+02,-1.768119e+01,9.989051e+00
1972,2.317218e+02,-1.773651e+01,9.944114e+00
1973,2.317180e+02,-1.778906e+01,9.898628e+00
1974,2.317176e+02,-1.783886e+01,9.852662e+00
1975,2.317210e+02,-1.788599e+01,9.806209e+00
1976,2.317266e+02,-1.793032e+01,9.759337e+00
1977,2.317345e+02,-1.797187e+01,9.711964e+00
1978,2.317449e+02,-1.801065e+01,9.664083e+00
1979,2.317571e+02,-1.804660e+01,9.615911e+00
1980,2.317719e+02,-1.807974e+01,9.567217e+00
1981,2.317881e+02,-1.811008e+01,9.518218e+00
1982,2.318063e+02,-1.813763e+01,9.468831e+00
1983,2.318259e+02,-1.816241e+01,9.419050e+00
1984,2.318464e+02,-1.818435e+01,9.369016e+00
1985,2.318686e+02,-1.820346e+01,9.318647e+00
1986,2.318910e+02,-1.821975e+01,9.267935e+00
1987,2.319146e+02,-1.823323e+01,9.217022e+00
1988,2.319386e+02,-1.824392e+01,9.165826e+00
1989,2.319624e+02,-1.825174e+01,9.114414e+00
1990,2.319869e+02,-1.825677e+01,9.062704e+00
1991,2.320114e+02,-1.825896e+01,9.010836e+00
1992,2.320353e+02,-1.825830e+01,8.958729e+00
1993,2.320579e+02,-1.825488e+01,8.906450e+00
1994,2.320807e+02,-1.824856e+01,8.854065e+00
1995,2.321018e+02,-1.823948e+01,8.801491e+00
1996,2.321225e+02,-1.822757e+01,8.748722e+00
1997,2.321417e+02,-1.821285e+01,8.695897e+00
1998,2.321585e+02,-1.819539e+01,8.643010e+00
1999,2.321745e+02,-1.817511e+01,8.589978e+00
2000,2.321878e+02,-1.815209e+01,8.536867e+00
2001,2.321997e+02,-1.812627e+01,8.483744e+00
2002,2.322089e+02,-1.809778e+01,8.430600e+00
2003,2.322156e+02,-1.806655e+01,8.377425e+00
2004,2.322197e+02,-1.803258e+01,8.324211e+00
2005,2.322216e+02,-1.799594e+01,8.271095e+00
2006,2.322204e+02,-1.795663e+01,8.217921e+00
2007,2.322155e+02,-1.791471e+01,8.164828e+00
2008,2.322079e+02,-1.787012e+01,8.111807e+00
2009,2.321968e+02,-1.782292e+01,8.058847e+00
2010,2.321824e+02,-1.777310e+01,8.006015e+00
2011,2.321640e+02,-1.772067e+01,7.953227e+00
2012,2.321416e+02,-1.766567e+01,7.900549e+00
2013,2.321148e+02,-1.760812e+01,7.847970e+00
2014,2.320842e+02,-1.754808e+01,7.795556e+00
2015,2.320493e+02,-1.748553e+01,7.743299e+00
2016,2.320093e+02,-1.742055e+01,7.691263e+00
2017,2.319660e+02,-1.735320e+01,7.639366e+00
2018,2.319171e+02,-1.728347e+01,7.587672e+00
2019,2.318642e+02,-1.721142e+01,7.536248e+00
2020,2.318059e+02,-1.713713e+01,7.485011e+00
2021,2.317430e+02,-1.706050e+01,7.434100e+00
2022,2.316757e+02,-1.698166e+01,7.383387e+00
2023,2.316026e+02,-1.690070e+01,7.332992e+00
2024,2.315244e+02,-1.681750e+01,7.282890e+00
2025,2.314413e+02,-1.673215e+01,7.233087e+00
2026,2.313518e+02,-1.664477e+01,7.183606e+00
2027,2.312567e+02,-1.655528e+01,7.134453e+00
2028,2.311563e+02,-1.646373e+01,7.085643e+00
2029,2.310497e+02,-1.637019e+01,7.037181e+00
2030,2.309370e+02,-1.627472e+01,6.989090e+00
2031,2.308192e+02,-1.617729e+01,6.941385e+00
2032,2.306947e+02,-1.607805e+01,6.894064e+00
2033,2.305637e+02,-1.597698e+01,6.847158e+00
2034,2.304270e+02,-1.587413e+01,6.800674e+00
2035,2.302838e+02,-1.576949e+01,6.754626e+00
2036,2.301343e+02,-1.566320e+01,6.709016e+00
2037,2.299777e+02,-1.555515e+01,6.663849e+00
2038,2.298150e+02,-1.544555e+01,6.619150e+00
2039,2.296454e+02,-1.533432e+01,6.574918e+00
2040,2.294689e+02,-1.522158e+01,6.531170e+00
2041,2.292849e+02,-1.510731e+01,6.487905e+00
2042,2.290942e+02,-1.499157e+01,6.445139e+00
2043,2.288969e+02,-1.487442e+01,6.402888e+00
2044,2.286922e+02,-1.475591e+01,6.361161e+00
2045,2.284809e+02,-1.463609e+01,6.319966e+00
2046,2.282624e+02,-1.451494e+01,6.279312e+00
2047,2.280360e+02,-1.439267e+01,6.239207e+00
2048,2.278032e+02,-1.426926e+01,6.199676e+00
2049,2.275632e+02,-1.414476e+01,6.160714e+00
2050,2.273162e+02,-1.401914e+01,6.122335e+00
2051,2.270614e+02,-1.389255e+01,6.084536e+00
2052,2.267997e+02,-1.376495e+01,6.047325e+00
2053,2.265302e+02,-1.363638e+01,6.010718e+00
2054,2.262531e+02,-1.350698e+01,5.974709e+00
2055,2.259684e+02,-1.337664e+01,5.939309e+00
2056,2.256768e+02,-1.324556e+01,5.904518e+00
2057,2.253770e+02,-1.311364e+01,5.870354e+00
2058,2.250703e+02,-1.298107e+01,5.836811e+00
2059,2.247554e+02,-1.284783e+01,5.803892e+00
2060,2.244338e+02,-1.271389e+01,5.771615e+00
2061,2.241039e+02,-1.257945e+01,5.739974e+00
2062,2.237674e+02,-1.244440e+01,5.708981e+00
2063,2.234227e+02,-1.230894e+01,5.678629e+00
2064,2.230706e+02,-1.217304e+01,5.648938e+00
2065,2.227118e+02,-1.203669e+01,5.619896e+00
2066,2.223449e+02,-1.190006e+01,5.591514e+00
2067,2.219706e+02,-1.176307e+01,5.563795e+00
2068,2.215897e+02,-1.162590e+01,5.536736e+00
2069,2.212007e+02,-1.148846e+01,5.510341e+00
2070,2.208051e+02,-1.135086e+01,5.484621e+00
2071,2.204021e+02,-1.121316e+01,5.459565e+00
2072,2.199911e+02,-1.107540e+01,5.435179e+00
2073,2.195734e+02,-1.093763e+01,5.411458e+00
2074,2.191484e+02,-1.079982e+01,5.388416e+00
2075,2.187167e+02,-1.066210e+01,5.366049e+00
2076,2.182769e+02,-1.052443e+01,5.344349e+00
2077,2.178305e+02,-1.038694e+01,5.323326e+00
2078,2.173767e+02,-1.024967e+01,5.302972e+00
2079,2.169163e+02,-1.011261e+01,5.283301e+00
2080,2.164491e+02,-9.975867e+00,5.264294e+00
2081,2.159753e+02,-9.839420e+00,5.245966e+00
2082,2.154948e+02,-9.703391e+00,5.228314e+00
2083,2.150076e+02,-9.567828e+00,5.211331e+00
2084,2.145137e+02,-9.432705e+00,5.195029e+00
2085,2.140145e+02,-9.298146e+00,5.179386e+00
2086,2.135078e+02,-9.164125e+00,5.164416e+00
2087,2.129950e+02,-9.030690e+00,5.150110e+00
2088,2.124770e+02,-8.897891e+00,5.136460e+00
2089,2.119520e+02,-8.765778e+00,5.123473e+00
2090,2.114210e+02,-8.634400e+00,5.111142e+00
2091,2.108838e+02,-8.503732e+00,5.099467e+00
2092,2.103405e+02,-8.373899e+00,5.088440e+00
2093,2.097917e+02,-8.244950e+00,5.078053e+00
2094,2.092374e+02,-8.116789e+00,5.068308e+00
2095,2.086768e+02,-7.989614e+00,5.059204e+00
2096,2.081115e+02,-7.863402e+00,5.050728e+00
2097,2.075405e+02,-7.738160e+00,5.042880e+00
2098,2.069640e+02,-7.613969e+00,5.035660e+00
2099,2.063825e+02,-7.490851e+00,5.029049e+00
2100,2.057953e+02,-7.368836e+00,5.023053e+00
2101,2.052032e+02,-7.247961e+00,5.017668e+00
2102,2.046060e+02,-7.128262e+00,5.012873e+00
2103,2.040038e+02,-7.009765e+00,5.008677e+00
2104,2.033964e+02,-6.892513e+00,5.005076e+00
2105,2.027846e+02,-6.776528e+00,5.002056e+00
2106,2.021675e+02,-6.661829e+00,4.999606e+00
2107,2.015466e+02,-6.548461e+00,4.997736e+00
2108,2.009204e+02,-6.436446e+00,4.996426e+00
2109,2.002909e+02,-6.325819e+00,4.995672e+00
2110,1.996568e+02,-6.216597e+00,4.995469e+00
2111,1.990193e+02,-6.108817e+00,4.995813e+00
2112,1.983777e+02,-6.002509e+00,4.996692e+00
2113,1.977327e+02,-5.897675e+00,4.998103e+00
2114,1.970834e+02,-5.794362e+00,5.000034e+00
2115,1.964314e+02,-5.692571e+00,5.002474e+00
2116,1.957757e+02,-5.592335e+00,5.005418e+00
2117,1.951171e+02,-5.493671e+00,5.008865e+00
2118,1.944547e+02,-5.396613e+00,5.012794e+00
2119,1.937900e+02,-5.301172e+00,5.017204e+00
2120,1.931214e+02,-5.207360e+00,5.022082e+00
2121,1.924510e+02,-5.115203e+00,5.027426e+00
2122,1.917774e+02,-5.024714e+00,5.033218e+00
2123,1.911012e+02,-4.935914e+00,5.039462e+00
2124,1.904237e+02,-4.848823e+00,5.046134e+00
2125,1.897428e+02,-4.763456e+00,5.053229e+00
2126,1.890605e+02,-4.679826e+00,5.060747e+00
2127,1.883760e+02,-4.597956e+00,5.068668e+00
2128,1.876900e+02,-4.517853e+00,5.076983e+00
2129,1.870025e+02,-4.439527e+00,5.085682e+00
2130,1.863126e+02,-4.363008e+00,5.094756e+00
2131,1.856216e+02,-4.288304e+00,5.104193e+00
2132,1.849289e+02,-4.215435e+00,5.113993e+00
2133,1.842351e+02,-4.144393e+00,5.124131e+00
2134,1.835400e+02,-4.075198e+00,5.134611e+00
2135,1.828444e+02,-4.007861e+00,5.145410e+00
2136,1.821482e+02,-3.942379e+00,5.156519e+00
2137,1.814505e+02,-3.878762e+00,5.167934e+00
2138,1.807528e+02,-3.817017e+00,5.179647e+00
2139,1.800549e+02,-3.757156e+00,5.191633e+00
2140,1.793569e+02,-3.699185e+00,5.203899e+00
2141,1.786586e+02,-3.643104e+00,5.216420e+00
2142,1.779607e+02,-3.588911e+00,5.229195e+00
2143,1.772624e+02,-3.536622e+00,5.242198e+00
2144,1.765651e+02,-3.486232e+00,5.255438e+00
2145,1.758679e+02,-3.437752e+00,5.268888e+00
2146,1.751708e+02,-3.391185e+00,5.282533e+00
2147,1.744745e+02,-3.346531e+00,5.296380e+00
2148,1.737789e+02,-3.303788e+00,5.310403e+00
2149,1.730846e+02,-3.262955e+00,5.324594e+00
2150,1.723908e+02,-3.224032e+00,5.338944e+00
2151,1.716983e+02,-3.187019e+00,5.353437e+00
2152,1.710069e+02,-3.151916e+00,5.368066e+00
2153,1.703172e+02,-3.118723e+00,5.382814e+00
2154,1.696285e+02,-3.087435e+00,5.397675e+00
2155,1.689421e+02,-3.058043e+00,5.412648e+00
2156,1.682565e+02,-3.030540e+00,5.427703e+00
2157,1.675731e+02,-3.004919e+00,5.442847e+00
2158,1.668918e+02,-2.981174e+00,5.458066e+00
2159,1.662118e+02,-2.959300e+00,5.473351e+00
2160,1.655345e+02,-2.939289e+00,5.488680e+00
2161,1.648590e+02,-2.921133e+00,5.504054e+00
2162,1.641860e+02,-2.904818e+00,5.519463e+00
2163,1.635155e+02,-2.890338e+00,5.534893e+00
2164,1.628474e+02,-2.877680e+00,5.550330e+00
2165,1.621816e+02,-2.866836e+00,5.565764e+00
2166,1.615187e+02,-2.857798e+00,5.581189e+00
2167,1.608588e+02,-2.850552e+00,5.596589e+00
2168,1.602016e+02,-2.845082e+00,5.611963e+00
2169,1.595472e+02,-2.841365e+00,5.627290e+00
2170,1.588962e+02,-2.839381e+00,5.642575e+00
2171,1.582479e+02,-2.839109e+00,5.657797e+00
2172,1.576035e+02,-2.840529e+00,5.672962e+00
2173,1.569624e+02,-2.843622e+00,5.688047e+00
2174,1.563251e+02,-2.848367e+00,5.703051e+00
2175,1.556917e+02,-2.854747e+00,5.717960e+00
2176,1.550620e+02,-2.862742e+00,5.732764e+00
2177,1.544360e+02,-2.872335e+00,5.747464e+00
2178,1.538137e+02,-2.883507e+00,5.762035e+00
2179,1.531956e+02,-2.896243e+00,5.776478e+00
2180,1.525818e+02,-2.910522e+00,5.790776e+00
2181,1.519714e+02,-2.926329e+00,5.804921e+00
2182,1.513659e+02,-2.943639e+00,5.818905e+00
2183,1.507645e+02,-2.962426e+00,5.832725e+00
2184,1.501678e+02,-2.982666e+00,5.846367e+00
2185,1.495751e+02,-3.004334e+00,5.859822e+00
2186,1.489870e+02,-3.027404e+00,5.873088e+00
2187,1.484042e+02,-3.051853e+00,5.886149e+00
2188,1.478252e+02,-3.077659e+00,5.899003e+00
2189,1.472514e+02,-3.104795e+00,5.911635e+00
2190,1.466828e+02,-3.133237e+00,5.924049e+00
2191,1.461185e+02,-3.162962e+00,5.936215e+00
2192,1.455593e+02,-3.193946e+00,5.948145e+00
2193,1.450051e+02,-3.226165e+00,5.959816e+00
2194,1.444552e+02,-3.259596e+00,5.971225e+00
2195,1.439109e+02,-3.294216e+00,5.982364e+00
2196,1.433722e+02,-3.329992e+00,5.993221e+00
2197,1.428383e+02,-3.366897e+00,6.003796e+00
2198,1.423092e+02,-3.404890e+00,6.014078e+00
2199,1.417856e+02,-3.443953e+00,6.024066e+00
2200,1.412674e+02,-3.484048e+00,6.033748e+00
2201,1.407546e+02,-3.525153e+00,6.043123e+00
2202,1.402472e+02,-3.567226e+00,6.052181e+00
2203,1.397450e+02,-3.610256e+00,6.060920e+00
2204,1.392489e+02,-3.654208e+00,6.069330e+00
2205,1.387581e+02,-3.699058e+00,6.077409e+00
2206,1.382724e+02,-3.744793e+00,6.085154e+00
2207,1.377926e+02,-3.791382e+00,6.092549e+00
2208,1.373180e+02,-3.838798e+00,6.099590e+00
2209,1.368492e+02,-3.887017e+00,6.106274e+00
2210,1.363862e+02,-3.936012e+00,6.112599e+00
2211,1.359283e+02,-3.985752e+00,6.118562e+00
2212,1.354761e+02,-4.036211e+00,6.124160e+00
2213,1.350296e+02,-4.087350e+00,6.129374e+00
2214,1.345888e+02,-4.139150e+00,6.134224e+00
2215,1.341529e+02,-4.191580e+00,6.138691e+00
2216,1.337234e+02,-4.244600e+00,6.142772e+00
2217,1.332996e+02,-4.298193e+00,6.146471e+00
2218,1.328814e+02,-4.352320e+00,6.149783e+00
2219,1.324680e+02,-4.406955e+00,6.152706e+00
2220,1.320609e+02,-4.462074e+00,6.155241e+00
2221,1.316594e+02,-4.517645e+00,6.157379e+00
2222,1.312635e+02,-4.573629e+00,6.159121e+00
2223,1.308738e+02,-4.630009e+00,6.160471e+00
2224,1.304890e+02,-4.686745e+00,6.161418e+00
2225,1.301103e+02,-4.743820e+00,6.161956e+00
2226,1.297365e+02,-4.801194e+00,6.162096e+00
2227,1.293689e+02,-4.858844e+00,6.161818e+00
2228,1.290068e+02,-4.916744e+00,6.161131e+00
2229,1.286495e+02,-4.974855e+00,6.160032e+00
2230,1.282985e+02,-5.033152e+00,6.158514e+00
2231,1.279529e+02,-5.091602e+00,6.156580e+00
2232,1.276128e+02,-5.150183e+00,6.154231e+00
2233,1.272776e+02,-5.208859e+00,6.151463e+00
2234,1.269485e+02,-5.267600e+00,6.148291e+00
2235,1.266243e+02,-5.326374e+00,6.144703e+00
2236,1.263063e+02,-5.385146e+00,6.140715e+00
2237,1.259931e+02,-5.443900e+00,6.136314e+00
2238,1.256855e+02,-5.502595e+00,6.131515e+00
2239,1.253827e+02,-5.561206e+00,6.126297e+00
2240,1.250862e+02,-5.619715e+00,6.120684e+00
2241,1.247938e+02,-5.678081e+00,6.114655e+00
2242,1.245070e+02,-5.736285e+00,6.108217e+00
2243,1.242259e+02,-5.794288e+00,6.101379e+00
2244,1.239496e+02,-5.852078e+00,6.094126e+00
2245,1.236782e+02,-5.909613e+00,6.086459e+00
2246,1.234118e+02,-5.966882e+00,6.078393e+00
2247,1.231503e+02,-6.023845e+00,6.069928e+00
2248,1.228938e+02,-6.080473e+00,6.061057e+00
2249,1.226422e+02,-6.136756e+00,6.051788e+00
2250,1.223957e+02,-6.192651e+00,6.042120e+00
2251,1.221542e+02,-6.248138e+00,6.032060e+00
2252,1.219170e+02,-6.303194e+00,6.021601e+00
2253,1.216842e+02,-6.357792e+00,6.010748e+00
2254,1.214565e+02,-6.411924e+00,5.999509e+00
2255,1.212325e+02,-6.465555e+00,5.987867e+00
2256,1.210137e+02,-6.518677e+00,5.975837e+00
2257,1.207994e+02,-6.571255e+00,5.963417e+00
2258,1.205896e+02,-6.623278e+00,5.950605e+00
2259,1.203836e+02,-6.674721e+00,5.937409e+00
2260,1.201823e+02,-6.725564e+00,5.923833e+00
2261,1.199855e+02,-6.775789e+00,5.909876e+00
2262,1.197927e+02,-6.825383e+00,5.895559e+00
2263,1.196031e+02,-6.874320e+00,5.880886e+00
2264,1.194183e+02,-6.922579e+00,5.865850e+00
2265,1.192375e+02,-6.970141e+00,5.850470e+00
2266,1.190608e+02,-7.017029e+00,5.834737e+00
2267,1.188875e+02,-7.063134e+00,5.818670e+00
2268,1.187177e+02,-7.108508e+00,5.802260e+00
2269,1.185520e+02,-7.153094e+00,5.785519e+00
2270,1.183899e+02,-7.196982e+00,5.768453e+00
2271,1.182313e+02,-7.240037e+00,5.751051e+00
2272,1.180763e+02,-7.282276e+00,5.733326e+00
2273,1.179250e+02,-7.323712e+00,5.715290e+00
2274,1.177766e+02,-7.364287e+00,5.696932e+00
2275,1.176312e+02,-7.404013e+00,5.678280e+00
2276,1.174896e+02,-7.442905e+00,5.659330e+00
2277,1.173503e+02,-7.480901e+00,5.640079e+00
2278,1.172142e+02,-7.518015e+00,5.620555e+00
2279,1.170812e+02,-7.554260e+00,5.600746e+00
2280,1.169515e+02,-7.589574e+00,5.580664e+00
2281,1.168243e+02,-7.623894e+00,5.560305e+00
2282,1.166997e+02,-7.657306e+00,5.539689e+00
2283,1.165770e+02,-7.689823e+00,5.518813e+00
2284,1.164577e+02,-7.721305e+00,5.497679e+00
2285,1.163404e+02,-7.751839e+00,5.476292e+00
2286,1.162259e+02,-7.781360e+00,5.454664e+00
2287,1.161135e+02,-7.809953e+00,5.432804e+00
2288,1.160032e+02,-7.837479e+00,5.410703e+00
2289,1.158952e+02,-7.864020e+00,5.388393e+00
2290,1.157894e+02,-7.889513e+00,5.365864e+00
2291,1.156851e+02,-7.914038e+00,5.343133e+00
2292,1.155832e+02,-7.937532e+00,5.320204e+00
2293,1.154830e+02,-7.959926e+00,5.297096e+00
2294,1.153845e+02,-7.981378e+00,5.273804e+00
2295,1.152877e+02,-8.001671e+00,5.250331e+00
2296,1.151921e+02,-8.020960e+00,5.226697e+00
2297,1.150983e+02,-8.039178e+00,5.202896e+00
2298,1.150057e+02,-8.056405e+00,5.178939e+00
2299,1.149152e+02,-8.072499e+00,5.154830e+00
2300,1.148251e+02,-8.087463e+00,5.130579e+00
2301,1.147365e+02,-8.101453e+00,5.106182e+00
2302,1.146492e+02,-8.114249e+00,5.081664e+00
2303,1.145619e+02,-8.126079e+00,5.057011e+00
2304,1.144770e+02,-8.136723e+00,5.032241e+00
2305,1.143921e+02,-8.146335e+00,5.007363e+00
2306,1.143082e+02,-8.154842e+00,4.982373e+00
2307,1.142253e+02,-8.162249e+00,4.957287e+00
2308,1.141427e+02,-8.168556e+00,4.932108e+00
2309,1.140604e+02,-8.173767e+00,4.906837e+00
2310,1.139794e+02,-8.177957e+00,4.881491e+00
2311,1.138988e+02,-8.181054e+00,4.856066e+00
2312,1.138180e+02,-8.182985e+00,4.830578e+00
2313,1.137379e+02,-8.183899e+00,4.805022e+00
2314,1.136584e+02,-8.183796e+00,4.779423e+00
2315,1.135790e+02,-8.182529e+00,4.753766e+00
2316,1.134996e+02,-8.180246e+00,4.728071e+00
2317,1.134202e+02,-8.176872e+00,4.702345e+00
2318,1.133411e+02,-8.172406e+00,4.676584e+00
2319,1.132614e+02,-8.166923e+00,4.650797e+00
2320,1.131820e+02,-8.160419e+00,4.624995e+00
2321,1.131023e+02,-8.152820e+00,4.599178e+00
2322,1.130221e+02,-8.144199e+00,4.573364e+00
2323,1.129424e+02,-8.134551e+00,4.547548e+00
2324,1.128617e+02,-8.123876e+00,4.521747e+00
2325,1.127808e+02,-8.112245e+00,4.495963e+00
2326,1.126990e+02,-8.099580e+00,4.470213e+00
2327,1.126172e+02,-8.085878e+00,4.444492e+00
2328,1.125345e+02,-8.071285e+00,4.418825e+00
2329,1.124519e+02,-8.055720e+00,4.393199e+00
2330,1.123678e+02,-8.039182e+00,4.367638e+00
2331,1.122831e+02,-8.021739e+00,4.342131e+00
2332,1.121977e+02,-8.003313e+00,4.316694e+00
2333,1.121119e+02,-7.983972e+00,4.291322e+00
2334,1.120248e+02,-7.963712e+00,4.266034e+00
2335,1.119364e+02,-7.942527e+00,4.240831e+00
2336,1.118470e+02,-7.920486e+00,4.215708e+00
2337,1.117571e+02,-7.897582e+00,4.190691e+00
2338,1.116654e+02,-7.873736e+00,4.165767e+00
2339,1.115727e+02,-7.849088e+00,4.140954e+00
2340,1.114790e+02,-7.823633e+00,4.116262e+00
2341,1.113837e+02,-7.797289e+00,4.091686e+00
2342,1.112873e+02,-7.770124e+00,4.067237e+00
2343,1.111894e+02,-7.742203e+00,4.042925e+00
2344,1.110899e+02,-7.713520e+00,4.018745e+00
2345,1.109888e+02,-7.683993e+00,3.994715e+00
2346,1.108870e+02,-7.653761e+00,3.970824e+00
2347,1.107829e+02,-7.622742e+00,3.947090e+00
2348,1.106774e+02,-7.591002e+00,3.923508e+00
2349,1.105698e+02,-7.558532e+00,3.900089e+00
2350,1.104608e+02,-7.525397e+00,3.876843e+00
2351,1.103504e+02,-7.491514e+00,3.853767e+00
2352,1.102379e+02,-7.457020e+00,3.830864e+00
2353,1.101235e+02,-7.421829e+00,3.808150e+00
2354,1.100070e+02,-7.386077e+00,3.785623e+00
2355,1.098894e+02,-7.349603e+00,3.763284e+00
2356,1.097690e+02,-7.312544e+00,3.741153e+00
2357,1.096475e+02,-7.274962e+00,3.719216e+00
2358,1.095234e+02,-7.236769e+00,3.697493e+00
2359,1.093982e+02,-7.198028e+00,3.675971e+00
2360,1.092705e+02,-7.158650e+00,3.654663e+00
2361,1.091409e+02,-7.118845e+00,3.633563e+00
2362,1.090089e+02,-7.078452e+00,3.612690e+00
2363,1.088751e+02,-7.037605e+00,3.592033e+00
2364,1.087389e+02,-6.996218e+00,3.571595e+00
2365,1.086010e+02,-6.954425e+00,3.551389e+00
2366,1.084614e+02,-6.912137e+00,3.531417e+00
2367,1.083187e+02,-6.869416e+00,3.511669e+00
2368,1.081743e+02,-6.826247e+00,3.492164e+00
2369,1.080284e+02,-6.782765e+00,3.472898e+00
2370,1.078794e+02,-6.738808e+00,3.453876e+00
2371,1.077288e+02,-6.694509e+00,3.435103e+00
2372,1.075760e+02,-6.649856e+00,3.416574e+00
2373,1.074216e+02,-6.604906e+00,3.398294e+00
2374,1.072642e+02,-6.559648e+00,3.380276e+00
2375,1.071053e+02,-6.514065e+00,3.362502e+00
2376,1.069441e+02,-6.468219e+00,3.344991e+00
2377,1.067800e+02,-6.422094e+00,3.327741e+00
2378,1.066145e+02,-6.375721e+00,3.310750e+00
2379,1.064467e+02,-6.329131e+00,3.294021e+00
2380,1.062775e+02,-6.282338e+00,3.277561e+00
2381,1.061053e+02,-6.235350e+00,3.261360e+00
2382,1.059310e+02,-6.188184e+00,3.245430e+00
2383,1.057545e+02,-6.140861e+00,3.229769e+00
2384,1.055758e+02,-6.093389e+00,3.214384e+00
2385,1.053957e+02,-6.045793e+00,3.199263e+00
2386,1.052127e+02,-5.998086e+00,3.184414e+00
2387,1.050275e+02,-5.950300e+00,3.169841e+00
2388,1.048409e+02,-5.902451e+00,3.155544e+00
2389,1.046521e+02,-5.854553e+00,3.141528e+00
2390,1.044605e+02,-5.806623e+00,3.127784e+00
2391,1.042674e+02,-5.758692e+00,3.114318e+00
2392,1.040729e+02,-5.710775e+00,3.101137e+00
2393,1.038754e+02,-5.662881e+00,3.088231e+00
2394,1.036766e+02,-5.615026e+00,3.075608e+00
2395,1.034755e+02,-5.567234e+00,3.063266e+00
2396,1.032730e+02,-5.519521e+00,3.051197e+00
2397,1.030682e+02,-5.471896e+00,3.039414e+00
2398,1.028613e+02,-5.424382e+00,3.027911e+00
2399,1.026529e+02,-5.376990e+00,3.016685e+00
2400,1.024422e+02,-5.329743e+00,3.005737e+00
2401,1.022293e+02,-5.282658e+00,2.995066e+00
2402,1.020156e+02,-5.235743e+00,2.984672e+00
2403,1.017989e+02,-5.189027e+00,2.974554e+00
2404,1.015814e+02,-5.142510e+00,2.964713e+00
2405,1.013615e+02,-5.096216e+00,2.955156e+00
2406,1.011400e+02,-5.050152e+00,2.945868e+00
2407,1.009169e+02,-5.004341e+00,2.936857e+00
2408,1.006915e+02,-4.958783e+00,2.928116e+00
2409,1.004650e+02,-4.913496e+00,2.919644e+00
2410,1.002362e+02,-4.868501e+00,2.911450e+00
2411,1.000064e+02,-4.823800e+00,2.903520e+00
2412,9.977410e+01,-4.779409e+00,2.895853e+00
2413,9.954079e+01,-4.735345e+00,2.888459e+00
2414,9.930568e+01,-4.691616e+00,2.881322e+00
2415,9.906876e+01,-4.648240e+00,2.874451e+00
2416,9.883074e+01,-4.605225e+00,2.867840e+00
2417,9.859085e+01,-4.562589e+00,2.861490e+00
2418,9.834980e+01,-4.520348e+00,2.855393e+00
2419,9.810683e+01,-4.478505e+00,2.849559e+00
2420,9.786339e+01,-4.437078e+00,2.843967e+00
2421,9.761797e+01,-4.396069e+00,2.838632e+00
2422,9.737128e+01,-4.355504e+00,2.833541e+00
2423,9.712404e+01,-4.315377e+00,2.828696e+00
2424,9.687473e+01,-4.275708e+00,2.824089e+00
2425,9.662480e+01,-4.236506e+00,2.819732e+00
2426,9.637348e+01,-4.197777e+00,2.815601e+00
2427,9.612075e+01,-4.159530e+00,2.811708e+00
2428,9.586731e+01,-4.121778e+00,2.808045e+00
2429,9.561314e+01,-4.084532e+00,2.804615e+00
2430,9.535745e+01,-4.047790e+00,2.801405e+00
2431,9.510096e+01,-4.011577e+00,2.798416e+00
2432,9.484364e+01,-3.975892e+00,2.795650e+00
2433,9.458546e+01,-3.940747e+00,2.793096e+00
2434,9.432712e+01,-3.906147e+00,2.790754e+00
2435,9.406711e+01,-3.872098e+00,2.788627e+00
2436,9.380688e+01,-3.838613e+00,2.786702e+00
2437,9.354565e+01,-3.805698e+00,2.784974e+00
2438,9.328414e+01,-3.773352e+00,2.783453e+00
2439,9.302157e+01,-3.741588e+00,2.782119e+00
2440,9.275864e+01,-3.710414e+00,2.780981e+00
2441,9.249532e+01,-3.679836e+00,2.780028e+00
2442,9.223159e+01,-3.649854e+00,2.779261e+00
2443,9.196666e+01,-3.620475e+00,2.778668e+00
2444,9.170198e+01,-3.591708e+00,2.778253e+00
2445,9.143751e+01,-3.563561e+00,2.778017e+00
2446,9.117175e+01,-3.536026e+00,2.777941e+00
2447,9.090688e+01,-3.509126e+00,2.778035e+00
2448,9.064138e+01,-3.482850e+00,2.778287e+00
2449,9.037522e+01,-3.457213e+00,2.778693e+00
2450,9.010984e+01,-3.432209e+00,2.779255e+00
2451,8.984373e+01,-3.407848e+00,2.779961e+00
2452,8.957833e+01,-3.384126e+00,2.780808e+00
2453,8.931211e+01,-3.361058e+00,2.781798e+00
2454,8.904651e+01,-3.338649e+00,2.782929e+00
2455,8.878076e+01,-3.316886e+00,2.784188e+00
2456,8.851554e+01,-3.295781e+00,2.785572e+00
2457,8.825082e+01,-3.275328e+00,2.787084e+00
2458,8.798581e+01,-3.255540e+00,2.788714e+00
2459,8.772047e+01,-3.236414e+00,2.790465e+00
2460,8.745624e+01,-3.217946e+00,2.792326e+00
2461,8.719234e+01,-3.200142e+00,2.794301e+00
2462,8.692798e+01,-3.183005e+00,2.796377e+00
2463,8.666534e+01,-3.166527e+00,2.798553e+00
2464,8.640217e+01,-3.150714e+00,2.800832e+00
2465,8.613989e+01,-3.135563e+00,2.803201e+00
2466,8.587773e+01,-3.121074e+00,2.805659e+00
2467,8.561639e+01,-3.107244e+00,2.808201e+00
2468,8.535582e+01,-3.094075e+00,2.810831e+00
2469,8.509599e+01,-3.081564e+00,2.813530e+00
2470,8.483610e+01,-3.069711e+00,2.816310e+00
2471,8.457762e+01,-3.058510e+00,2.819152e+00
2472,8.431974e+01,-3.047960e+00,2.822061e+00
2473,8.406244e+01,-3.038062e+00,2.825031e+00
2474,8.380567e+01,-3.028809e+00,2.828053e+00
2475,8.355013e+01,-3.020209e+00,2.831130e+00
2476,8.329505e+01,-3.012249e+00,2.834259e+00
2477,8.304112e+01,-3.004921e+00,2.837428e+00
2478,8.278832e+01,-2.998229e+00,2.840633e+00
2479,8.253660e+01,-2.992159e+00,2.843879e+00
2480,8.228518e+01,-2.986719e+00,2.847154e+00
2481,8.203551e+01,-2.981883e+00,2.850462e+00
2482,8.178681e+01,-2.977668e+00,2.853792e+00
2483,8.153905e+01,-2.974061e+00,2.857147e+00
2484,8.129220e+01,-2.971051e+00,2.860516e+00
2485,8.104695e+01,-2.968639e+00,2.863896e+00
2486,8.080327e+01,-2.966815e+00,2.867289e+00
2487,8.056040e+01,-2.965574e+00,2.870678e+00
2488,8.031904e+01,-2.964919e+00,2.874074e+00
2489,8.007841e+01,-2.964832e+00,2.877464e+00
2490,7.983922e+01,-2.965309e+00,2.880837e+00
2491,7.960220e+01,-2.966347e+00,2.884206e+00
2492,7.936581e+01,-2.967934e+00,2.887557e+00
2493,7.913078e+01,-2.970067e+00,2.890887e+00
2494,7.889745e+01,-2.972729e+00,2.894200e+00
2495,7.866550e+01,-2.975916e+00,2.897476e+00
2496,7.843510e+01,-2.979626e+00,2.900726e+00
2497,7.820618e+01,-2.983841e+00,2.903940e+00
2498,7.797885e+01,-2.988558e+00,2.907119e+00
2499,7.775300e+01,-2.993769e+00,2.910245e+00
2500,7.752877e+01,-2.999462e+00,2.913328e+00
2501,7.730613e+01,-3.005630e+00,2.916357e+00
2502,7.708512e+01,-3.012263e+00,2.919329e+00
2503,7.686572e+01,-3.019362e+00,2.922238e+00
2504,7.664799e+01,-3.026910e+00,2.925089e+00
2505,7.643197e+01,-3.034895e+00,2.927878e+00
2506,7.621755e+01,-3.043322e+00,2.930593e+00
2507,7.600496e+01,-3.052163e+00,2.933237e+00
2508,7.579407e+01,-3.061426e+00,2.935814e+00
2509,7.558489e+01,-3.071095e+00,2.938313e+00
2510,7.537752e+01,-3.081157e+00,2.940729e+00
2511,7.517196e+01,-3.091613e+00,2.943073e+00
2512,7.496825e+01,-3.102441e+00,2.945326e+00
2513,7.476624e+01,-3.113642e+00,2.947490e+00
2514,7.456611e+01,-3.125202e+00,2.949570e+00
2515,7.436786e+01,-3.137108e+00,2.951560e+00
2516,7.417140e+01,-3.149355e+00,2.953449e+00
2517,7.397678e+01,-3.161935e+00,2.955240e+00
2518,7.378399e+01,-3.174836e+00,2.956935e+00
2519,7.359308e+01,-3.188045e+00,2.958531e+00
2520,7.340404e+01,-3.201556e+00,2.960014e+00
2521,7.321686e+01,-3.215357e+00,2.961396e+00
2522,7.303160e+01,-3.229441e+00,2.962671e+00
2523,7.284817e+01,-3.243790e+00,2.963842e+00
2524,7.266664e+01,-3.258397e+00,2.964896e+00
2525,7.248705e+01,-3.273251e+00,2.965838e+00
2526,7.230935e+01,-3.288339e+00,2.966660e+00
2527,7.213350e+01,-3.303656e+00,2.967374e+00
2528,7.195965e+01,-3.319191e+00,2.967966e+00
2529,7.178764e+01,-3.334922e+00,2.968439e+00
2530,7.161754e+01,-3.350855e+00,2.968795e+00
2531,7.144934e+01,-3.366968e+00,2.969029e+00
2532,7.128303e+01,-3.383251e+00,2.969136e+00
2533,7.111861e+01,-3.399698e+00,2.969118e+00
2534,7.095614e+01,-3.416290e+00,2.968976e+00
2535,7.079547e+01,-3.433031e+00,2.968697e+00
2536,7.063667e+01,-3.449893e+00,2.968292e+00
2537,7.047981e+01,-3.466881e+00,2.967753e+00
2538,7.032474e+01,-3.483974e+00,2.967076e+00
2539,7.017152e+01,-3.501168e+00,2.966270e+00
2540,7.002016e+01,-3.518444e+00,2.965321e+00
2541,6.987066e+01,-3.535799e+00,2.964245e+00
2542,6.972293e+01,-3.553219e+00,2.963022e+00
2543,6.957713e+01,-3.570694e+00,2.961676e+00
2544,6.943311e+01,-3.588210e+00,2.960184e+00
2545,6.929087e+01,-3.605757e+00,2.958564e+00
2546,6.915048e+01,-3.623323e+00,2.956802e+00
2547,6.901188e+01,-3.640902e+00,2.954906e+00
2548,6.887498e+01,-3.658482e+00,2.952869e+00
2549,6.873988e+01,-3.676045e+00,2.950693e+00
2550,6.860649e+01,-3.693585e+00,2.948379e+00
2551,6.847483e+01,-3.711097e+00,2.945919e+00
2552,6.834490e+01,-3.728556e+00,2.943315e+00
2553,6.821663e+01,-3.745972e+00,2.940567e+00
2554,6.809005e+01,-3.763320e+00,2.937676e+00
2555,6.796514e+01,-3.780596e+00,2.934634e+00
2556,6.784178e+01,-3.797797e+00,2.931457e+00
2557,6.772021e+01,-3.814910e+00,2.928131e+00
2558,6.760013e+01,-3.831917e+00,2.924663e+00
2559,6.748171e+01,-3.848828e+00,2.921053e+00
2560,6.736496e+01,-3.865617e+00,2.917294e+00
2561,6.724967e+01,-3.882278e+00,2.913394e+00
2562,6.713601e+01,-3.898816e+00,2.909345e+00
2563,6.702384e+01,-3.915203e+00,2.905155e+00
2564,6.691317e+01,-3.931441e+00,2.900815e+00
2565,6.680396e+01,-3.947517e+00,2.896327e+00
2566,6.669621e+01,-3.963420e+00,2.891697e+00
2567,6.658994e+01,-3.979143e+00,2.886917e+00
2568,6.648510e+01,-3.994682e+00,2.882003e+00
2569,6.638171e+01,-4.010030e+00,2.876938e+00
2570,6.627963e+01,-4.025175e+00,2.871737e+00
2571,6.617903e+01,-4.040111e+00,2.866400e+00
2572,6.607972e+01,-4.054830e+00,2.860919e+00
2573,6.598178e+01,-4.069321e+00,2.855308e+00
2574,6.588523e+01,-4.083584e+00,2.849566e+00
2575,6.578988e+01,-4.097605e+00,2.843686e+00
2576,6.569590e+01,-4.111378e+00,2.837681e+00
2577,6.560308e+01,-4.124895e+00,2.831536e+00
2578,6.551152e+01,-4.138144e+00,2.825265e+00
2579,6.542117e+01,-4.151123e+00,2.818868e+00
2580,6.533197e+01,-4.163827e+00,2.812342e+00
2581,6.524389e+01,-4.176241e+00,2.805688e+00
2582,6.515693e+01,-4.188365e+00,2.798912e+00
2583,6.507112e+01,-4.200183e+00,2.792013e+00
2584,6.498635e+01,-4.211704e+00,2.784996e+00
2585,6.490263e+01,-4.222913e+00,2.777855e+00
2586,6.481991e+01,-4.233808e+00,2.770601e+00
2587,6.473814e+01,-4.244368e+00,2.763236e+00
2588,6.465743e+01,-4.254607e+00,2.755748e+00
2589,6.457765e+01,-4.264510e+00,2.748153e+00
2590,6.449867e+01,-4.274075e+00,2.740450e+00
2591,6.442067e+01,-4.283287e+00,2.732643e+00
2592,6.434346e+01,-4.292153e+00,2.724724e+00
2593,6.426705e+01,-4.300657e+00,2.716693e+00
2594,6.419147e+01,-4.308797e+00,2.708570e+00
2595,6.411659e+01,-4.316572e+00,2.700338e+00
2596,6.404246e+01,-4.323973e+00,2.692011e+00
2597,6.396900e+01,-4.331007e+00,2.683587e+00
2598,6.389618e+01,-4.337664e+00,2.675073e+00
2599,6.382402e+01,-4.343943e+00,2.666467e+00
2600,6.375248e+01,-4.349833e+00,2.657774e+00
2601,6.368157e+01,-4.355341e+00,2.648992e+00
2602,6.361110e+01,-4.360456e+00,2.640136e+00
2603,6.354125e+01,-4.365185e+00,2.631202e+00
2604,6.347184e+01,-4.369526e+00,2.622180e+00
2605,6.340296e+01,-4.373460e+00,2.613085e+00
2606,6.333441e+01,-4.377009e+00,2.603912e+00
2607,6.326631e+01,-4.380146e+00,2.594668e+00
2608,6.319861e+01,-4.382885e+00,2.585358e+00
2609,6.313127e+01,-4.385213e+00,2.575971e+00
2610,6.306423e+01,-4.387144e+00,2.566514e+00
2611,6.299754e+01,-4.388666e+00,2.556997e+00
2612,6.293106e+01,-4.389782e+00,2.547412e+00
2613,6.286484e+01,-4.390497e+00,2.537764e+00
2614,6.279881e+01,-4.390799e+00,2.528064e+00
2615,6.273302e+01,-4.390690e+00,2.518303e+00
2616,6.266742e+01,-4.390182e+00,2.508486e+00
2617,6.260188e+01,-4.389262e+00,2.498617e+00
2618,6.253652e+01,-4.387940e+00,2.488702e+00
2619,6.247120e+01,-4.386210e+00,2.478730e+00
2620,6.240604e+01,-4.384074e+00,2.468720e+00
2621,6.234084e+01,-4.381535e+00,2.458672e+00
2622,6.227570e+01,-4.378593e+00,2.448573e+00
2623,6.221050e+01,-4.375250e+00,2.438444e+00
2624,6.214535e+01,-4.371499e+00,2.428275e+00
2625,6.208004e+01,-4.367355e+00,2.418070e+00
2626,6.201468e+01,-4.362798e+00,2.407841e+00
2627,6.194923e+01,-4.357841e+00,2.397571e+00
2628,6.188357e+01,-4.352485e+00,2.387280e+00
2629,6.181779e+01,-4.346730e+00,2.376964e+00
2630,6.175170e+01,-4.340567e+00,2.366621e+00
2631,6.168547e+01,-4.334012e+00,2.356256e+00
2632,6.161899e+01,-4.327069e+00,2.345880e+00
2633,6.155229e+01,-4.319739e+00,2.335483e+00
2634,6.148523e+01,-4.312019e+00,2.325078e+00
2635,6.141801e+01,-4.303916e+00,2.314670e+00
2636,6.135041e+01,-4.295435e+00,2.304255e+00
2637,6.128254e+01,-4.286582e+00,2.293838e+00
2638,6.121428e+01,-4.277347e+00,2.283417e+00
2639,6.114573e+01,-4.267743e+00,2.273003e+00
2640,6.107669e+01,-4.257767e+00,2.262587e+00
2641,6.100734e+01,-4.247416e+00,2.252181e+00
2642,6.093747e+01,-4.236696e+00,2.241783e+00
2643,6.086720e+01,-4.225610e+00,2.231389e+00
2644,6.079638e+01,-4.214164e+00,2.221012e+00
2645,6.072506e+01,-4.202353e+00,2.210650e+00
2646,6.065325e+01,-4.190190e+00,2.200300e+00
2647,6.058097e+01,-4.177671e+00,2.189974e+00
2648,6.050803e+01,-4.164808e+00,2.179670e+00
2649,6.043460e+01,-4.151597e+00,2.169394e+00
2650,6.036055e+01,-4.138049e+00,2.159142e+00
2651,6.028597e+01,-4.124160e+00,2.148920e+00
2652,6.021068e+01,-4.109942e+00,2.138732e+00
2653,6.013476e+01,-4.095388e+00,2.128577e+00
2654,6.005817e+01,-4.080502e+00,2.118451e+00
2655,5.998093e+01,-4.065302e+00,2.108366e+00
2656,5.990298e+01,-4.049766e+00,2.098321e+00
2657,5.982427e+01,-4.033921e+00,2.088313e+00
2658,5.974483e+01,-4.017754e+00,2.078354e+00
2659,5.966466e+01,-4.001289e+00,2.068434e+00
2660,5.958373e+01,-3.984515e+00,2.058567e+00
2661,5.950212e+01,-3.967455e+00,2.048749e+00
2662,5.941970e+01,-3.950098e+00,2.038978e+00
2663,5.933657e+01,-3.932468e+00,2.029267e+00
2664,5.925273e+01,-3.914560e+00,2.019606e+00
2665,5.916806e+01,-3.896391e+00,2.010008e+00
2666,5.908258e+01,-3.877949e+00,2.000471e+00
2667,5.899637e+01,-3.859259e+00,1.990992e+00
2668,5.890937e+01,-3.840314e+00,1.981578e+00
2669,5.882152e+01,-3.821133e+00,1.972232e+00
2670,5.873284e+01,-3.801702e+00,1.962947e+00
2671,5.864334e+01,-3.782047e+00,1.953734e+00
2672,5.855302e+01,-3.762161e+00,1.944592e+00
2673,5.846183e+01,-3.742062e+00,1.935519e+00
2674,5.836978e+01,-3.721759e+00,1.926520e+00
2675,5.827687e+01,-3.701247e+00,1.917593e+00
2676,5.818312e+01,-3.680542e+00,1.908737e+00
2677,5.808846e+01,-3.659654e+00,1.899971e+00
2678,5.799297e+01,-3.638585e+00,1.891272e+00
2679,5.789666e+01,-3.617350e+00,1.882660e+00
2680,5.779938e+01,-3.595951e+00,1.874134e+00
2681,5.770130e+01,-3.574391e+00,1.865684e+00
2682,5.760226e+01,-3.552684e+00,1.857323e+00
2683,5.750228e+01,-3.530841e+00,1.849042e+00
2684,5.740144e+01,-3.508861e+00,1.840846e+00
2685,5.729966e+01,-3.486747e+00,1.832743e+00
2686,5.719694e+01,-3.464521e+00,1.824729e+00
2687,5.709337e+01,-3.442183e+00,1.816803e+00
2688,5.698880e+01,-3.419743e+00,1.808963e+00
2689,5.688338e+01,-3.397201e+00,1.801217e+00
2690,5.677704e+01,-3.374579e+00,1.793568e+00
2691,5.666985e+01,-3.351877e+00,1.786008e+00
2692,5.656175e+01,-3.329104e+00,1.778544e+00
2693,5.645273e+01,-3.306267e+00,1.771173e+00
2694,5.634287e+01,-3.283374e+00,1.763902e+00
2695,5.623209e+01,-3.260430e+00,1.756722e+00
2696,5.612040e+01,-3.237437e+00,1.749639e+00
2697,5.600787e+01,-3.214402e+00,1.742659e+00
2698,5.589443e+01,-3.191338e+00,1.735772e+00
2699,5.578014e+01,-3.168245e+00,1.728979e+00
2700,5.566487e+01,-3.145131e+00,1.722285e+00
