ell,Dl_planck,sigma_planck,Dl_SAM_theory,residual,z_score
30,3.458303e-02,9.179162e-02,2.178544e-02,-1.279759e-02,-0.1394
31,-5.074873e-02,9.127487e-02,2.441610e-02,7.516483e-02,0.8235
32,3.105831e-01,9.083904e-02,2.727245e-02,-2.833107e-01,-3.1188
33,-1.572610e-02,9.062884e-02,3.031445e-02,4.604054e-02,0.5080
34,5.532406e-03,9.055815e-02,3.356738e-02,2.803497e-02,0.3096
35,-4.659789e-02,9.062215e-02,3.703732e-02,8.363521e-02,0.9229
36,-1.504858e-01,9.081437e-02,4.075248e-02,1.912383e-01,2.1058
37,5.680157e-02,9.113294e-02,4.473967e-02,-1.206190e-02,-0.1324
38,2.664849e-01,9.156860e-02,4.898844e-02,-2.174964e-01,-2.3752
39,1.687201e-01,9.211337e-02,5.348822e-02,-1.152319e-01,-1.2510
40,7.316917e-02,9.275870e-02,5.823102e-02,-1.493816e-02,-0.1610
41,2.091847e-01,9.350519e-02,6.321310e-02,-1.459716e-01,-1.5611
42,2.245869e-02,9.434061e-02,6.844728e-02,4.598859e-02,0.4875
43,4.609996e-02,9.526153e-02,7.395036e-02,2.785040e-02,0.2924
44,-1.343687e-02,9.626667e-02,7.973696e-02,9.317383e-02,0.9679
45,1.880354e-01,9.735502e-02,8.581889e-02,-1.022165e-01,-1.0499
46,7.808443e-02,9.852471e-02,9.220335e-02,1.411892e-02,0.1433
47,-5.294248e-02,9.977367e-02,9.889075e-02,1.518332e-01,1.5218
48,2.556398e-01,1.010993e-01,1.058730e-01,-1.497668e-01,-1.4814
49,2.098348e-01,1.024988e-01,1.131411e-01,-9.669365e-02,-0.9434
50,4.576209e-02,1.039691e-01,1.206975e-01,7.493539e-02,0.7207
51,2.465328e-01,1.055073e-01,1.285456e-01,-1.179871e-01,-1.1183
52,2.161600e-01,1.071115e-01,1.366901e-01,-7.946992e-02,-0.7419
53,6.003299e-02,1.087796e-01,1.451322e-01,8.509920e-02,0.7823
54,1.526542e-01,1.105083e-01,1.538740e-01,1.219816e-03,0.0110
55,2.371262e-01,1.122944e-01,1.629192e-01,-7.420692e-02,-0.6608
56,-2.097982e-02,1.141421e-01,1.722647e-01,1.932445e-01,1.6930
57,1.285387e-01,1.160456e-01,1.819070e-01,5.336833e-02,0.4599
58,3.174943e-01,1.180011e-01,1.918451e-01,-1.256492e-01,-1.0648
59,2.941221e-01,1.200061e-01,2.020787e-01,-9.204338e-02,-0.7670
60,1.643335e-01,1.220596e-01,2.126000e-01,4.826644e-02,0.3954
61,3.951703e-01,1.241646e-01,2.234019e-01,-1.717685e-01,-1.3834
62,4.267222e-01,1.263196e-01,2.344807e-01,-1.922416e-01,-1.5219
63,2.878063e-01,1.285187e-01,2.458342e-01,-4.197206e-02,-0.3266
64,1.784787e-01,1.307602e-01,2.574595e-01,7.898088e-02,0.6040
65,3.632060e-01,1.330427e-01,2.693560e-01,-9.385001e-02,-0.7054
66,5.238038e-01,1.353647e-01,2.815161e-01,-2.422877e-01,-1.7899
67,4.842683e-01,1.377247e-01,2.939332e-01,-1.903351e-01,-1.3820
68,2.236822e-01,1.401214e-01,3.065974e-01,8.291517e-02,0.5917
69,3.906483e-02,1.425525e-01,3.195011e-01,2.804363e-01,1.9672
70,2.505655e-01,1.450160e-01,3.326376e-01,8.207209e-02,0.5660
71,4.753509e-01,1.475097e-01,3.460024e-01,-1.293485e-01,-0.8769
72,1.864577e-01,1.500317e-01,3.595916e-01,1.731339e-01,1.1540
73,3.995410e-01,1.525798e-01,3.733998e-01,-2.614126e-02,-0.1713
74,4.854431e-01,1.551522e-01,3.874156e-01,-9.802750e-02,-0.6318
75,2.559501e-01,1.577470e-01,4.016270e-01,1.456769e-01,0.9235
76,5.150928e-01,1.603624e-01,4.160199e-01,-9.907289e-02,-0.6178
77,3.249944e-01,1.629966e-01,4.305836e-01,1.055892e-01,0.6478
78,7.725834e-01,1.656478e-01,4.453060e-01,-3.272775e-01,-1.9757
79,3.785778e-01,1.683144e-01,4.601756e-01,8.159782e-02,0.4848
80,2.774002e-01,1.709947e-01,4.751812e-01,1.977810e-01,1.1566
81,3.803799e-01,1.736871e-01,4.903112e-01,1.099313e-01,0.6329
82,8.067700e-01,1.763899e-01,5.055550e-01,-3.012149e-01,-1.7077
83,7.036006e-01,1.791013e-01,5.209003e-01,-1.827003e-01,-1.0201
84,4.449323e-01,1.818193e-01,5.363356e-01,9.140330e-02,0.5027
85,3.929392e-01,1.845420e-01,5.518486e-01,1.589094e-01,0.8611
86,5.208876e-01,1.872676e-01,5.674291e-01,4.654149e-02,0.2485
87,5.414386e-01,1.899942e-01,5.830640e-01,4.162535e-02,0.2191
88,5.332948e-01,1.927203e-01,5.987407e-01,6.544586e-02,0.3396
89,4.566091e-01,1.954440e-01,6.144468e-01,1.578377e-01,0.8076
90,7.588234e-01,1.981636e-01,6.301652e-01,-1.286583e-01,-0.6493
91,5.161741e-01,2.008772e-01,6.458828e-01,1.297086e-01,0.6457
92,6.045073e-01,2.035832e-01,6.615846e-01,5.707737e-02,0.2804
93,1.184973e+00,2.062796e-01,6.772559e-01,-5.077175e-01,-2.4613
94,8.946087e-01,2.089648e-01,6.928841e-01,-2.017247e-01,-0.9654
95,6.365256e-01,2.116370e-01,7.084535e-01,7.192790e-02,0.3399
96,6.930008e-01,2.142946e-01,7.239500e-01,3.094923e-02,0.1444
97,3.910411e-01,2.169360e-01,7.393590e-01,3.483179e-01,1.6056
98,8.285375e-01,2.195595e-01,7.546647e-01,-7.387281e-02,-0.3365
99,3.303800e-01,2.221636e-01,7.698531e-01,4.394732e-01,1.9782
100,5.883755e-01,2.247470e-01,7.849125e-01,1.965369e-01,0.8745
101,8.457134e-01,2.273080e-01,7.998279e-01,-4.588550e-02,-0.2019
102,9.196035e-01,2.298454e-01,8.145771e-01,-1.050264e-01,-0.4569
103,6.705130e-01,2.323578e-01,8.291602e-01,1.586472e-01,0.6828
104,8.269195e-01,2.348438e-01,8.435476e-01,1.662812e-02,0.0708
105,1.143847e+00,2.373021e-01,8.577318e-01,-2.861147e-01,-1.2057
106,6.836689e-01,2.397313e-01,8.716981e-01,1.880292e-01,0.7843
107,7.839212e-01,2.421302e-01,8.854390e-01,1.015178e-01,0.4193
108,1.086720e+00,2.444976e-01,8.989324e-01,-1.877877e-01,-0.7681
109,1.302249e+00,2.468323e-01,9.121709e-01,-3.900781e-01,-1.5803
110,5.356807e-01,2.491329e-01,9.251323e-01,3.894516e-01,1.5632
111,8.126426e-01,2.513984e-01,9.378092e-01,1.251666e-01,0.4979
112,1.211954e+00,2.536277e-01,9.501940e-01,-2.617602e-01,-1.0321
113,9.212461e-01,2.558195e-01,9.622642e-01,4.101813e-02,0.1603
114,5.251995e-01,2.579727e-01,9.740048e-01,4.488053e-01,1.7397
115,5.139838e-01,2.600865e-01,9.854155e-01,4.714316e-01,1.8126
116,1.144739e+00,2.621602e-01,9.964813e-01,-1.482577e-01,-0.5655
117,1.336279e+00,2.641932e-01,1.007180e+00,-3.290997e-01,-1.2457
118,9.779101e-01,2.661854e-01,1.017511e+00,3.960044e-02,0.1488
119,1.309142e+00,2.681362e-01,1.027459e+00,-2.816835e-01,-1.0505
120,1.252864e+00,2.700453e-01,1.037017e+00,-2.158469e-01,-0.7993
121,1.256442e+00,2.719123e-01,1.046169e+00,-2.102730e-01,-0.7733
122,9.460287e-01,2.737368e-01,1.054909e+00,1.088805e-01,0.3978
123,8.784208e-01,2.755184e-01,1.063228e+00,1.848076e-01,0.6708
124,1.218306e+00,2.772568e-01,1.071112e+00,-1.471940e-01,-0.5309
125,1.303177e+00,2.789515e-01,1.078560e+00,-2.246168e-01,-0.8052
126,8.899566e-01,2.806023e-01,1.085558e+00,1.956009e-01,0.6971
127,1.170253e+00,2.822088e-01,1.092104e+00,-7.814899e-02,-0.2769
128,1.379856e+00,2.837707e-01,1.098184e+00,-2.816712e-01,-0.9926
129,1.439555e+00,2.852875e-01,1.103799e+00,-3.357567e-01,-1.1769
130,5.587809e-01,2.867591e-01,1.108932e+00,5.501510e-01,1.9185
131,6.690992e-01,2.881852e-01,1.113584e+00,4.444847e-01,1.5424
132,9.171376e-01,2.895655e-01,1.117755e+00,2.006174e-01,0.6928
133,1.068456e+00,2.909006e-01,1.121431e+00,5.297503e-02,0.1821
134,1.493255e+00,2.921913e-01,1.124626e+00,-3.686292e-01,-1.2616
135,1.267119e+00,2.934388e-01,1.127320e+00,-1.397992e-01,-0.4764
136,1.602309e+00,2.946437e-01,1.129519e+00,-4.727896e-01,-1.6046
137,1.083015e+00,2.958067e-01,1.131217e+00,4.820159e-02,0.1629
138,1.059969e+00,2.969289e-01,1.132421e+00,7.245213e-02,0.2440
139,1.193954e+00,2.980108e-01,1.133125e+00,-6.082856e-02,-0.2041
140,6.037205e-01,2.990534e-01,1.133329e+00,5.296087e-01,1.7709
141,4.885691e-01,3.000573e-01,1.133048e+00,6.444790e-01,2.1479
142,1.367300e+00,3.010233e-01,1.132268e+00,-2.350327e-01,-0.7808
143,1.443650e+00,3.019522e-01,1.130996e+00,-3.126548e-01,-1.0354
144,1.026465e+00,3.028446e-01,1.129240e+00,1.027744e-01,0.3394
145,8.969911e-01,3.037013e-01,1.126993e+00,2.300022e-01,0.7573
146,1.131292e+00,3.045229e-01,1.124271e+00,-7.020759e-03,-0.0231
147,9.967683e-01,3.053102e-01,1.121081e+00,1.243132e-01,0.4072
148,9.714543e-01,3.060638e-01,1.117424e+00,1.459700e-01,0.4769
149,7.924809e-01,3.067846e-01,1.113308e+00,3.208268e-01,1.0458
150,7.439970e-01,3.074744e-01,1.108739e+00,3.647424e-01,1.1863
151,1.342397e+00,3.081351e-01,1.103727e+00,-2.386702e-01,-0.7746
152,1.165957e+00,3.087688e-01,1.098279e+00,-6.767830e-02,-0.2192
153,9.926707e-01,3.093771e-01,1.092409e+00,9.973857e-02,0.3224
154,8.976037e-01,3.099620e-01,1.086134e+00,1.885304e-01,0.6082
155,1.005212e+00,3.105254e-01,1.079454e+00,7.424151e-02,0.2391
156,6.261387e-01,3.110689e-01,1.072390e+00,4.462514e-01,1.4346
157,1.484118e+00,3.115943e-01,1.064944e+00,-4.191740e-01,-1.3453
158,1.771802e+00,3.121034e-01,1.057146e+00,-7.146564e-01,-2.2898
159,1.409474e+00,3.125978e-01,1.048995e+00,-3.604791e-01,-1.1532
160,7.319078e-01,3.130792e-01,1.040515e+00,3.086073e-01,0.9857
161,9.396953e-01,3.135493e-01,1.031721e+00,9.202520e-02,0.2935
162,8.067582e-01,3.140096e-01,1.022627e+00,2.158685e-01,0.6875
163,6.908318e-01,3.144616e-01,1.013264e+00,3.224319e-01,1.0253
164,9.042784e-01,3.149070e-01,1.003632e+00,9.935346e-02,0.3155
165,7.761713e-01,3.153472e-01,9.937536e-01,2.175823e-01,0.6900
166,7.374294e-01,3.157839e-01,9.836516e-01,2.462222e-01,0.7797
167,1.508190e+00,3.162196e-01,9.733484e-01,-5.348416e-01,-1.6914
168,6.144295e-01,3.166568e-01,9.628666e-01,3.484370e-01,1.1004
169,7.155292e-01,3.170982e-01,9.522287e-01,2.366995e-01,0.7465
170,1.186884e+00,3.175460e-01,9.414498e-01,-2.454344e-01,-0.7729
171,6.114565e-01,3.180029e-01,9.305601e-01,3.191036e-01,1.0035
172,8.909473e-01,3.184712e-01,9.195819e-01,2.863462e-02,0.0899
173,1.502660e+00,3.189532e-01,9.085378e-01,-5.941223e-01,-1.8627
174,3.390449e-01,3.194513e-01,8.974504e-01,5.584055e-01,1.7480
175,7.578581e-01,3.199677e-01,8.863571e-01,1.284990e-01,0.4016
176,7.395556e-01,3.205046e-01,8.752729e-01,1.357173e-01,0.4234
177,5.754246e-01,3.210642e-01,8.642356e-01,2.888110e-01,0.8995
178,1.495288e+00,3.216486e-01,8.532678e-01,-6.420198e-01,-1.9960
179,1.436347e+00,3.222599e-01,8.423923e-01,-5.939549e-01,-1.8431
180,1.000099e+00,3.229002e-01,8.316467e-01,-1.684527e-01,-0.5217
181,7.420973e-01,3.235715e-01,8.210613e-01,7.896401e-02,0.2440
182,8.906029e-01,3.242757e-01,8.106662e-01,-7.993671e-02,-0.2465
183,8.947942e-01,3.250150e-01,8.004842e-01,-9.431007e-02,-0.2902
184,1.033944e+00,3.257918e-01,7.905527e-01,-2.433916e-01,-0.7471
185,-2.678520e-03,3.266089e-01,7.809095e-01,7.835880e-01,2.3992
186,9.097125e-01,3.274686e-01,7.715772e-01,-1.381354e-01,-0.4218
187,1.113180e+00,3.283737e-01,7.625866e-01,-3.505932e-01,-1.0677
188,1.046963e+00,3.293266e-01,7.539784e-01,-2.929849e-01,-0.8896
189,8.834417e-01,3.303297e-01,7.457842e-01,-1.376576e-01,-0.4167
190,5.801764e-01,3.313855e-01,7.380384e-01,1.578619e-01,0.4764
191,9.846850e-01,3.324964e-01,7.307734e-01,-2.539116e-01,-0.7637
192,9.967042e-01,3.336647e-01,7.240245e-01,-2.726797e-01,-0.8172
193,5.290608e-01,3.348928e-01,7.178255e-01,1.887647e-01,0.5637
194,4.812885e-01,3.361829e-01,7.122124e-01,2.309239e-01,0.6869
195,1.254309e+00,3.375374e-01,7.072212e-01,-5.470877e-01,-1.6208
196,3.476284e-01,3.389584e-01,7.028879e-01,3.552595e-01,1.0481
197,1.191401e+00,3.404482e-01,6.992500e-01,-4.921507e-01,-1.4456
198,8.523441e-01,3.420091e-01,6.963434e-01,-1.560008e-01,-0.4561
199,6.753136e-01,3.436433e-01,6.942041e-01,1.889043e-02,0.0550
200,7.788994e-01,3.453530e-01,6.928680e-01,-8.603142e-02,-0.2491
201,7.514842e-01,3.471405e-01,6.923733e-01,-5.911090e-02,-0.1703
202,1.325957e-01,3.490081e-01,6.927555e-01,5.601598e-01,1.6050
203,8.626550e-01,3.509583e-01,6.940518e-01,-1.686033e-01,-0.4804
204,4.594212e-01,3.529933e-01,6.962983e-01,2.368771e-01,0.6711
205,7.633108e-01,3.551156e-01,6.995321e-01,-6.377876e-02,-0.1796
206,1.121610e+00,3.573274e-01,7.037886e-01,-4.178214e-01,-1.1693
207,6.813988e-01,3.596312e-01,7.091057e-01,2.770696e-02,0.0770
208,1.291256e+00,3.620292e-01,7.155196e-01,-5.757368e-01,-1.5903
209,3.585417e-01,3.645238e-01,7.230656e-01,3.645239e-01,1.0000
210,1.792267e-01,3.671174e-01,7.317816e-01,5.525549e-01,1.5051
211,4.776648e-01,3.698125e-01,7.417045e-01,2.640397e-01,0.7140
212,1.234256e+00,3.726112e-01,7.528689e-01,-4.813875e-01,-1.2919
213,1.097274e+00,3.755162e-01,7.653126e-01,-3.319618e-01,-0.8840
214,1.520767e+00,3.785297e-01,7.790724e-01,-7.416946e-01,-1.9594
215,1.041486e+00,3.816542e-01,7.941779e-01,-2.473077e-01,-0.6480
216,7.803346e-01,3.848923e-01,8.106741e-01,3.033945e-02,0.0788
217,1.300217e+00,3.882462e-01,8.285903e-01,-4.716265e-01,-1.2148
218,7.792591e-01,3.917181e-01,8.479562e-01,6.869708e-02,0.1754
219,5.590031e-01,3.953100e-01,8.688160e-01,3.098129e-01,0.7837
220,1.042959e+00,3.990240e-01,8.911990e-01,-1.517601e-01,-0.3803
221,1.073964e+00,4.028622e-01,9.151348e-01,-1.588291e-01,-0.3943
222,1.183470e+00,4.068268e-01,9.406676e-01,-2.428021e-01,-0.5968
223,8.625243e-01,4.109199e-01,9.678193e-01,1.052950e-01,0.2562
224,6.066578e-01,4.151437e-01,9.966267e-01,3.899690e-01,0.9394
225,4.986660e-01,4.195003e-01,1.027112e+00,5.284460e-01,1.2597
226,7.039994e-01,4.239919e-01,1.059319e+00,3.553196e-01,0.8380
227,1.089263e+00,4.286208e-01,1.093277e+00,4.014387e-03,0.0094
228,1.732904e+00,4.333892e-01,1.129009e+00,-6.038947e-01,-1.3934
229,8.986416e-01,4.382993e-01,1.166551e+00,2.679091e-01,0.6112
230,1.138110e+00,4.433534e-01,1.205932e+00,6.782154e-02,0.1530
231,1.573247e+00,4.485539e-01,1.247166e+00,-3.260807e-01,-0.7270
232,1.746271e+00,4.539030e-01,1.290292e+00,-4.559791e-01,-1.0046
233,9.309643e-01,4.594029e-01,1.335337e+00,4.043727e-01,0.8802
234,1.308447e+00,4.650559e-01,1.382324e+00,7.387683e-02,0.1589
235,1.506728e+00,4.708633e-01,1.431282e+00,-7.544665e-02,-0.1602
236,1.330720e+00,4.768263e-01,1.482240e+00,1.515197e-01,0.3178
237,1.871731e+00,4.829464e-01,1.535206e+00,-3.365248e-01,-0.6968
238,1.159480e+00,4.892247e-01,1.590208e+00,4.307278e-01,0.8804
239,1.305315e+00,4.956625e-01,1.647261e+00,3.419462e-01,0.6899
240,1.941023e+00,5.022611e-01,1.706403e+00,-2.346201e-01,-0.4671
241,2.812680e+00,5.090217e-01,1.767646e+00,-1.045035e+00,-2.0530
242,1.618282e+00,5.159456e-01,1.831006e+00,2.127236e-01,0.4123
243,2.379930e+00,5.230341e-01,1.896504e+00,-4.834261e-01,-0.9243
244,1.867269e+00,5.302884e-01,1.964155e+00,9.688613e-02,0.1827
245,2.125613e+00,5.377098e-01,2.033980e+00,-9.163231e-02,-0.1704
246,2.295818e+00,5.452995e-01,2.105980e+00,-1.898379e-01,-0.3481
247,2.015023e+00,5.530588e-01,2.180183e+00,1.651605e-01,0.2986
248,1.493093e+00,5.609890e-01,2.256605e+00,7.635116e-01,1.3610
249,2.552641e+00,5.690911e-01,2.335243e+00,-2.173978e-01,-0.3820
250,2.236730e+00,5.773665e-01,2.416128e+00,1.793974e-01,0.3107
251,1.671859e+00,5.858160e-01,2.499244e+00,8.273853e-01,1.4124
252,2.887518e+00,5.944396e-01,2.584612e+00,-3.029057e-01,-0.5096
253,2.441664e+00,6.032368e-01,2.672231e+00,2.305672e-01,0.3822
254,2.921083e+00,6.122073e-01,2.762115e+00,-1.589678e-01,-0.2597
255,2.334996e+00,6.213507e-01,2.854255e+00,5.192589e-01,0.8357
256,2.848312e+00,6.306666e-01,2.948664e+00,1.003520e-01,0.1591
257,2.850287e+00,6.401544e-01,3.045341e+00,1.950544e-01,0.3047
258,4.203758e+00,6.498138e-01,3.144278e+00,-1.059480e+00,-1.6304
259,2.896565e+00,6.596443e-01,3.245487e+00,3.489228e-01,0.5290
260,3.286855e+00,6.696455e-01,3.348961e+00,6.210665e-02,0.0927
261,4.484051e+00,6.798169e-01,3.454698e+00,-1.029353e+00,-1.5142
262,3.083934e+00,6.901579e-01,3.562697e+00,4.787631e-01,0.6937
263,3.435744e+00,7.006681e-01,3.672956e+00,2.372123e-01,0.3386
264,3.853458e+00,7.113471e-01,3.785467e+00,-6.799085e-02,-0.0956
265,3.948896e+00,7.221943e-01,3.900214e+00,-4.868195e-02,-0.0674
266,2.981671e+00,7.332092e-01,4.017188e+00,1.035516e+00,1.4123
267,3.404800e+00,7.443911e-01,4.136373e+00,7.315729e-01,0.9828
268,4.807579e+00,7.557394e-01,4.257760e+00,-5.498193e-01,-0.7275
269,5.017721e+00,7.672520e-01,4.381341e+00,-6.363804e-01,-0.8294
270,4.617728e+00,7.789264e-01,4.507092e+00,-1.106364e-01,-0.1420
271,5.516793e+00,7.907603e-01,4.635005e+00,-8.817880e-01,-1.1151
272,3.739669e+00,8.027513e-01,4.765063e+00,1.025394e+00,1.2773
273,5.755408e+00,8.148970e-01,4.897229e+00,-8.581794e-01,-1.0531
274,5.075931e+00,8.271950e-01,5.031500e+00,-4.443069e-02,-0.0537
275,5.185005e+00,8.396429e-01,5.167847e+00,-1.715807e-02,-0.0204
276,4.703201e+00,8.522384e-01,5.306253e+00,6.030523e-01,0.7076
277,7.295213e+00,8.649790e-01,5.446695e+00,-1.848519e+00,-2.1371
278,4.759526e+00,8.778624e-01,5.589149e+00,8.296231e-01,0.9450
279,5.878567e+00,8.908862e-01,5.733578e+00,-1.449896e-01,-0.1627
280,4.931760e+00,9.040482e-01,5.879949e+00,9.481899e-01,1.0488
281,5.852506e+00,9.173458e-01,6.028249e+00,1.757430e-01,0.1916
282,6.025511e+00,9.307768e-01,6.178430e+00,1.529190e-01,0.1643
283,7.066883e+00,9.443388e-01,6.330469e+00,-7.364135e-01,-0.7798
284,6.675462e+00,9.580295e-01,6.484337e+00,-1.911257e-01,-0.1995
285,5.825005e+00,9.718463e-01,6.639994e+00,8.149888e-01,0.8386
286,5.584622e+00,9.857854e-01,6.797410e+00,1.212788e+00,1.2303
287,6.423888e+00,9.998429e-01,6.956532e+00,5.326440e-01,0.5327
288,4.258022e+00,1.014015e+00,7.117336e+00,2.859314e+00,2.8198
289,7.056495e+00,1.028297e+00,7.279778e+00,2.232833e-01,0.2171
290,7.892436e+00,1.042685e+00,7.443819e+00,-4.486160e-01,-0.4303
291,6.749107e+00,1.057176e+00,7.609437e+00,8.603292e-01,0.8138
292,8.151982e+00,1.071765e+00,7.776495e+00,-3.754871e-01,-0.3503
293,8.931949e+00,1.086449e+00,7.945069e+00,-9.868798e-01,-0.9084
294,7.608207e+00,1.101223e+00,8.115082e+00,5.068753e-01,0.4603
295,8.589327e+00,1.116085e+00,8.286386e+00,-3.029412e-01,-0.2714
296,8.617763e+00,1.131029e+00,8.459053e+00,-1.587093e-01,-0.1403
297,1.045840e+01,1.146052e+00,8.632936e+00,-1.825466e+00,-1.5928
298,1.055772e+01,1.161151e+00,8.808032e+00,-1.749690e+00,-1.5069
299,7.292069e+00,1.176321e+00,8.984267e+00,1.692198e+00,1.4386
300,6.750201e+00,1.191559e+00,9.161565e+00,2.411364e+00,2.0237
301,8.404502e+00,1.206861e+00,9.340002e+00,9.354999e-01,0.7752
302,9.026913e+00,1.222223e+00,9.519352e+00,4.924395e-01,0.4029
303,9.569852e+00,1.237639e+00,9.699690e+00,1.298377e-01,0.1049
304,1.140118e+01,1.253106e+00,9.880941e+00,-1.520239e+00,-1.2132
305,1.033358e+01,1.268618e+00,1.006303e+01,-2.705541e-01,-0.2133
306,1.055957e+01,1.284170e+00,1.024596e+01,-3.136124e-01,-0.2442
307,8.519798e+00,1.299756e+00,1.042957e+01,1.909772e+00,1.4693
308,1.061918e+01,1.315372e+00,1.061387e+01,-5.304946e-03,-0.0040
309,1.173391e+01,1.331013e+00,1.079879e+01,-9.351233e-01,-0.7026
310,8.354863e+00,1.346673e+00,1.098417e+01,2.629305e+00,1.9524
311,1.418125e+01,1.362348e+00,1.117009e+01,-3.011161e+00,-2.2103
312,1.273922e+01,1.378033e+00,1.135639e+01,-1.382832e+00,-1.0035
313,1.091466e+01,1.393723e+00,1.154309e+01,6.284258e-01,0.4509
314,1.085744e+01,1.409413e+00,1.173002e+01,8.725872e-01,0.6191
315,1.109113e+01,1.425099e+00,1.191712e+01,8.259906e-01,0.5796
316,1.221476e+01,1.440775e+00,1.210446e+01,-1.102947e-01,-0.0766
317,1.140791e+01,1.456436e+00,1.229182e+01,8.839115e-01,0.6069
318,1.074786e+01,1.472079e+00,1.247919e+01,1.731334e+00,1.1761
319,1.313386e+01,1.487697e+00,1.266650e+01,-4.673537e-01,-0.3141
320,1.190711e+01,1.503286e+00,1.285376e+01,9.466506e-01,0.6297
321,1.224211e+01,1.518841e+00,1.304081e+01,7.986964e-01,0.5259
322,1.465185e+01,1.534356e+00,1.322757e+01,-1.424280e+00,-0.9283
323,1.344685e+01,1.549826e+00,1.341398e+01,-3.286896e-02,-0.0212
324,1.430800e+01,1.565245e+00,1.359996e+01,-7.080371e-01,-0.4523
325,1.559855e+01,1.580608e+00,1.378551e+01,-1.813039e+00,-1.1471
326,1.437794e+01,1.595911e+00,1.397055e+01,-4.073853e-01,-0.2553
327,1.610946e+01,1.611147e+00,1.415495e+01,-1.954509e+00,-1.2131
328,1.581267e+01,1.626313e+00,1.433861e+01,-1.474059e+00,-0.9064
329,1.401088e+01,1.641402e+00,1.452155e+01,5.106713e-01,0.3111
330,1.301653e+01,1.656409e+00,1.470361e+01,1.687074e+00,1.0185
331,1.729554e+01,1.671330e+00,1.488479e+01,-2.410749e+00,-1.4424
332,1.439258e+01,1.686159e+00,1.506503e+01,6.724472e-01,0.3988
333,1.639527e+01,1.700891e+00,1.524417e+01,-1.151104e+00,-0.6768
334,1.284852e+01,1.715522e+00,1.542221e+01,2.573692e+00,1.5002
335,1.679022e+01,1.730046e+00,1.559900e+01,-1.191218e+00,-0.6885
336,1.630137e+01,1.744458e+00,1.577455e+01,-5.268177e-01,-0.3020
337,1.971051e+01,1.758754e+00,1.594878e+01,-3.761731e+00,-2.1389
338,1.360384e+01,1.772928e+00,1.612162e+01,2.517783e+00,1.4201
339,1.601812e+01,1.786976e+00,1.629299e+01,2.748699e-01,0.1538
340,1.883296e+01,1.800893e+00,1.646289e+01,-2.370066e+00,-1.3161
341,1.454667e+01,1.814675e+00,1.663110e+01,2.084433e+00,1.1487
342,1.637894e+01,1.828316e+00,1.679763e+01,4.186865e-01,0.2290
343,1.443046e+01,1.841812e+00,1.696239e+01,2.531925e+00,1.3747
344,1.534050e+01,1.855158e+00,1.712524e+01,1.784736e+00,0.9620
345,1.398543e+01,1.868349e+00,1.728618e+01,3.300748e+00,1.7667
346,1.677549e+01,1.881381e+00,1.744506e+01,6.695759e-01,0.3559
347,1.528081e+01,1.894250e+00,1.760189e+01,2.321072e+00,1.2253
348,1.859184e+01,1.906950e+00,1.775643e+01,-8.354110e-01,-0.4381
349,1.618118e+01,1.919477e+00,1.790885e+01,1.727661e+00,0.9001
350,1.826234e+01,1.931827e+00,1.805898e+01,-2.033602e-01,-0.1053
351,1.755869e+01,1.943994e+00,1.820684e+01,6.481498e-01,0.3334
352,1.904534e+01,1.955976e+00,1.835235e+01,-6.929932e-01,-0.3543
353,1.608118e+01,1.967766e+00,1.849544e+01,2.414256e+00,1.2269
354,2.095448e+01,1.979362e+00,1.863610e+01,-2.318377e+00,-1.1713
355,1.886411e+01,1.990760e+00,1.877420e+01,-8.991240e-02,-0.0452
356,2.098061e+01,2.001957e+00,1.890974e+01,-2.070878e+00,-1.0344
357,1.876957e+01,2.012949e+00,1.904263e+01,2.730667e-01,0.1357
358,2.054565e+01,2.023733e+00,1.917282e+01,-1.372824e+00,-0.6784
359,1.779878e+01,2.034305e+00,1.930015e+01,1.501370e+00,0.7380
360,1.558819e+01,2.044663e+00,1.942463e+01,3.836447e+00,1.8763
361,1.878320e+01,2.054802e+00,1.954619e+01,7.629861e-01,0.3713
362,1.799246e+01,2.064721e+00,1.966475e+01,1.672282e+00,0.8099
363,2.081494e+01,2.074414e+00,1.978023e+01,-1.034709e+00,-0.4988
364,1.819541e+01,2.083880e+00,1.989265e+01,1.697244e+00,0.8145
365,2.149779e+01,2.093114e+00,2.000193e+01,-1.495860e+00,-0.7147
366,1.718424e+01,2.102115e+00,2.010800e+01,2.923764e+00,1.3909
367,1.461365e+01,2.110878e+00,2.021086e+01,5.597207e+00,2.6516
368,2.106293e+01,2.119400e+00,2.031036e+01,-7.525677e-01,-0.3551
369,1.694693e+01,2.127679e+00,2.040666e+01,3.459731e+00,1.6261
370,2.425423e+01,2.135711e+00,2.049946e+01,-3.754771e+00,-1.7581
371,2.090870e+01,2.143495e+00,2.058898e+01,-3.197155e-01,-0.1492
372,1.765652e+01,2.151029e+00,2.067493e+01,3.018412e+00,1.4032
373,2.034684e+01,2.158313e+00,2.075747e+01,4.106236e-01,0.1903
374,2.376319e+01,2.165345e+00,2.083651e+01,-2.926677e+00,-1.3516
375,2.223226e+01,2.172122e+00,2.091199e+01,-1.320265e+00,-0.6078
376,2.125709e+01,2.178645e+00,2.098384e+01,-2.732554e-01,-0.1254
377,2.279085e+01,2.184912e+00,2.105205e+01,-1.738799e+00,-0.7958
378,1.743056e+01,2.190922e+00,2.111656e+01,3.685998e+00,1.6824
379,2.100327e+01,2.196673e+00,2.117729e+01,1.740115e-01,0.0792
380,2.120391e+01,2.202163e+00,2.123424e+01,3.033074e-02,0.0138
381,2.655824e+01,2.207393e+00,2.128742e+01,-5.270813e+00,-2.3878
382,1.959106e+01,2.212360e+00,2.133661e+01,1.745552e+00,0.7890
383,1.917822e+01,2.217064e+00,2.138203e+01,2.203815e+00,0.9940
384,2.216565e+01,2.221503e+00,2.142354e+01,-7.421111e-01,-0.3341
385,1.838511e+01,2.225676e+00,2.146113e+01,3.076024e+00,1.3821
386,2.112157e+01,2.229582e+00,2.149489e+01,3.733229e-01,0.1674
387,2.398039e+01,2.233221e+00,2.152474e+01,-2.455648e+00,-1.0996
388,1.945300e+01,2.236592e+00,2.155076e+01,2.097764e+00,0.9379
389,2.149969e+01,2.239697e+00,2.157287e+01,7.318476e-02,0.0327
390,2.208048e+01,2.242537e+00,2.159109e+01,-4.893944e-01,-0.2182
391,2.310195e+01,2.245113e+00,2.160540e+01,-1.496551e+00,-0.6666
392,2.394698e+01,2.247427e+00,2.161574e+01,-2.331245e+00,-1.0373
393,2.396738e+01,2.249479e+00,2.162218e+01,-2.345193e+00,-1.0425
394,2.234378e+01,2.251270e+00,2.162466e+01,-7.191153e-01,-0.3194
395,2.236827e+01,2.252802e+00,2.162310e+01,-7.451714e-01,-0.3308
396,2.303201e+01,2.254075e+00,2.161764e+01,-1.414362e+00,-0.6275
397,2.154183e+01,2.255091e+00,2.160815e+01,6.632190e-02,0.0294
398,2.219697e+01,2.255851e+00,2.159470e+01,-6.022677e-01,-0.2670
399,1.920776e+01,2.256355e+00,2.157722e+01,2.369458e+00,1.0501
400,2.021866e+01,2.256606e+00,2.155586e+01,1.337196e+00,0.5926
401,2.163384e+01,2.256603e+00,2.153046e+01,-1.033782e-01,-0.0458
402,2.093098e+01,2.256348e+00,2.150112e+01,5.701376e-01,0.2527
403,2.157268e+01,2.255842e+00,2.146790e+01,-1.047817e-01,-0.0464
404,1.891750e+01,2.255087e+00,2.143073e+01,2.513230e+00,1.1145
405,2.482699e+01,2.254086e+00,2.138962e+01,-3.437374e+00,-1.5250
406,1.685438e+01,2.252841e+00,2.134472e+01,4.490334e+00,1.9932
407,1.938123e+01,2.251357e+00,2.129595e+01,1.914728e+00,0.8505
408,2.526811e+01,2.249636e+00,2.124326e+01,-4.024858e+00,-1.7891
409,2.412638e+01,2.247683e+00,2.118685e+01,-2.939530e+00,-1.3078
410,1.915602e+01,2.245500e+00,2.112666e+01,1.970636e+00,0.8776
411,2.702863e+01,2.243091e+00,2.106269e+01,-5.965940e+00,-2.6597
412,1.860675e+01,2.240459e+00,2.099502e+01,2.388277e+00,1.0660
413,2.126830e+01,2.237607e+00,2.092366e+01,-3.446430e-01,-0.1540
414,1.832419e+01,2.234539e+00,2.084867e+01,2.524475e+00,1.1298
415,1.783855e+01,2.231258e+00,2.077013e+01,2.931582e+00,1.3139
416,2.208771e+01,2.227767e+00,2.068798e+01,-1.399724e+00,-0.6283
417,1.843689e+01,2.224071e+00,2.060237e+01,2.165477e+00,0.9737
418,1.638234e+01,2.220171e+00,2.051329e+01,4.130944e+00,1.8606
419,1.727580e+01,2.216071e+00,2.042074e+01,3.144941e+00,1.4192
420,1.984958e+01,2.211775e+00,2.032474e+01,4.751584e-01,0.2148
421,2.045469e+01,2.207286e+00,2.022543e+01,-2.292598e-01,-0.1039
422,2.332826e+01,2.202610e+00,2.012274e+01,-3.205522e+00,-1.4553
423,1.848752e+01,2.197751e+00,2.001667e+01,1.529150e+00,0.6958
424,1.815484e+01,2.192715e+00,1.990737e+01,1.752533e+00,0.7993
425,1.346800e+01,2.187507e+00,1.979485e+01,6.326852e+00,2.8923
426,1.900212e+01,2.182133e+00,1.967918e+01,6.770597e-01,0.3103
427,2.016388e+01,2.176597e+00,1.956050e+01,-6.033709e-01,-0.2772
428,2.330652e+01,2.170905e+00,1.943891e+01,-3.867611e+00,-1.7816
429,2.024007e+01,2.165062e+00,1.931439e+01,-9.256771e-01,-0.4276
430,2.209973e+01,2.159073e+00,1.918703e+01,-2.912699e+00,-1.3491
431,1.631464e+01,2.152944e+00,1.905704e+01,2.742408e+00,1.2738
432,1.993954e+01,2.146680e+00,1.892437e+01,-1.015171e+00,-0.4729
433,1.876280e+01,2.140286e+00,1.878907e+01,2.626800e-02,0.0123
434,1.578169e+01,2.133767e+00,1.865131e+01,2.869618e+00,1.3449
435,1.995432e+01,2.127128e+00,1.851101e+01,-1.443317e+00,-0.6785
436,1.950518e+01,2.120374e+00,1.836831e+01,-1.136871e+00,-0.5362
437,2.111644e+01,2.113511e+00,1.822323e+01,-2.893218e+00,-1.3689
438,1.890252e+01,2.106544e+00,1.807590e+01,-8.266186e-01,-0.3924
439,2.258859e+01,2.099480e+00,1.792634e+01,-4.662253e+00,-2.2207
440,1.853979e+01,2.092324e+00,1.777462e+01,-7.651721e-01,-0.3657
441,1.915492e+01,2.085085e+00,1.762088e+01,-1.534047e+00,-0.7357
442,1.595466e+01,2.077768e+00,1.746513e+01,1.510462e+00,0.7270
443,1.752181e+01,2.070380e+00,1.730751e+01,-2.142981e-01,-0.1035
444,1.698320e+01,2.062928e+00,1.714811e+01,1.649122e-01,0.0799
445,1.585227e+01,2.055418e+00,1.698692e+01,1.134653e+00,0.5520
446,1.747744e+01,2.047857e+00,1.682417e+01,-6.532705e-01,-0.3190
447,1.771451e+01,2.040252e+00,1.665986e+01,-1.054657e+00,-0.5169
448,1.781196e+01,2.032608e+00,1.649413e+01,-1.317835e+00,-0.6483
449,1.733304e+01,2.024932e+00,1.632706e+01,-1.005981e+00,-0.4968
450,1.992634e+01,2.017231e+00,1.615866e+01,-3.767683e+00,-1.8678
451,1.739263e+01,2.009510e+00,1.598914e+01,-1.403491e+00,-0.6984
452,1.545396e+01,2.001777e+00,1.581850e+01,3.645455e-01,0.1821
453,1.581144e+01,1.994037e+00,1.564690e+01,-1.645441e-01,-0.0825
454,1.961401e+01,1.986297e+00,1.547440e+01,-4.139613e+00,-2.0841
455,1.540551e+01,1.978562e+00,1.530108e+01,-1.044246e-01,-0.0528
456,1.464007e+01,1.970840e+00,1.512702e+01,4.869480e-01,0.2471
457,1.250212e+01,1.963138e+00,1.495228e+01,2.450160e+00,1.2481
458,1.293873e+01,1.955461e+00,1.477701e+01,1.838280e+00,0.9401
459,1.530926e+01,1.947817e+00,1.460129e+01,-7.079763e-01,-0.3635
460,1.803554e+01,1.940212e+00,1.442519e+01,-3.610358e+00,-1.8608
461,1.302292e+01,1.932652e+00,1.424878e+01,1.225861e+00,0.6343
462,1.503583e+01,1.925145e+00,1.407228e+01,-9.635497e-01,-0.5005
463,1.312913e+01,1.917696e+00,1.389577e+01,7.666478e-01,0.3998
464,1.525388e+01,1.910313e+00,1.371932e+01,-1.534559e+00,-0.8033
465,1.269238e+01,1.903000e+00,1.354308e+01,8.507064e-01,0.4470
466,1.144222e+01,1.895764e+00,1.336712e+01,1.924903e+00,1.0154
467,1.609422e+01,1.888612e+00,1.319158e+01,-2.902640e+00,-1.5369
468,1.699722e+01,1.881549e+00,1.301654e+01,-3.980680e+00,-2.1156
469,1.855199e+01,1.874582e+00,1.284208e+01,-5.709910e+00,-3.0460
470,1.254717e+01,1.867716e+00,1.266826e+01,1.210842e-01,0.0648
471,1.101915e+01,1.860957e+00,1.249522e+01,1.476078e+00,0.7932
472,9.238770e+00,1.854311e+00,1.232313e+01,3.084361e+00,1.6633
473,9.087210e+00,1.847784e+00,1.215197e+01,3.064762e+00,1.6586
474,1.317399e+01,1.841380e+00,1.198182e+01,-1.192172e+00,-0.6474
475,9.032231e+00,1.835106e+00,1.181290e+01,2.780669e+00,1.5153
476,1.172190e+01,1.828968e+00,1.164528e+01,-7.662351e-02,-0.0419
477,1.051115e+01,1.822969e+00,1.147895e+01,9.678059e-01,0.5309
478,1.017724e+01,1.817116e+00,1.131415e+01,1.136914e+00,0.6257
479,1.228873e+01,1.811414e+00,1.115094e+01,-1.137793e+00,-0.6281
480,1.002558e+01,1.805868e+00,1.098946e+01,9.638840e-01,0.5338
481,1.175962e+01,1.800483e+00,1.082965e+01,-9.299708e-01,-0.5165
482,1.040898e+01,1.795264e+00,1.067179e+01,2.628138e-01,0.1464
483,9.176570e+00,1.790215e+00,1.051589e+01,1.339318e+00,0.7481
484,1.261414e+01,1.785343e+00,1.036208e+01,-2.252058e+00,-1.2614
485,1.181099e+01,1.780650e+00,1.021045e+01,-1.600540e+00,-0.8989
486,1.487521e+01,1.776143e+00,1.006106e+01,-4.814150e+00,-2.7105
487,1.015904e+01,1.771826e+00,9.913983e+00,-2.450577e-01,-0.1383
488,1.243670e+01,1.767703e+00,9.769442e+00,-2.667257e+00,-1.5089
489,9.927499e+00,1.763779e+00,9.627359e+00,-3.001396e-01,-0.1702
490,1.065613e+01,1.760056e+00,9.487955e+00,-1.168178e+00,-0.6637
491,9.891988e+00,1.756540e+00,9.351301e+00,-5.406863e-01,-0.3078
492,1.209653e+01,1.753233e+00,9.217395e+00,-2.879134e+00,-1.6422
493,7.550893e+00,1.750138e+00,9.086382e+00,1.535489e+00,0.8774
494,1.070907e+01,1.747259e+00,8.958407e+00,-1.750665e+00,-1.0019
495,9.536485e+00,1.744599e+00,8.833544e+00,-7.029415e-01,-0.4029
496,9.104775e+00,1.742161e+00,8.711788e+00,-3.929869e-01,-0.2256
497,1.125927e+01,1.739948e+00,8.593286e+00,-2.665986e+00,-1.5322
498,8.298562e+00,1.737965e+00,8.478109e+00,1.795470e-01,0.1033
499,8.874801e+00,1.736207e+00,8.366328e+00,-5.084726e-01,-0.2929
500,5.694913e+00,1.734691e+00,8.258090e+00,2.563176e+00,1.4776
501,7.893062e+00,1.733407e+00,8.153390e+00,2.603283e-01,0.1502
502,9.566217e+00,1.732370e+00,8.052374e+00,-1.513843e+00,-0.8739
503,7.529406e+00,1.729047e+00,7.955035e+00,4.256289e-01,0.2462
504,6.814695e+00,1.728482e+00,7.861591e+00,1.046896e+00,0.6057
505,7.986785e+00,1.506250e+00,7.771963e+00,-2.148221e-01,-0.1426
506,1.047652e+01,1.504636e+00,7.686294e+00,-2.790222e+00,-1.8544
507,9.138438e+00,1.501386e+00,7.604667e+00,-1.533771e+00,-1.0216
508,7.895856e+00,1.500304e+00,7.527152e+00,-3.687039e-01,-0.2458
509,9.304056e+00,1.499472e+00,7.453803e+00,-1.850252e+00,-1.2339
510,8.315131e+00,1.498931e+00,7.384682e+00,-9.304490e-01,-0.6207
511,8.756467e+00,1.498647e+00,7.319843e+00,-1.436624e+00,-0.9586
512,5.332596e+00,1.498655e+00,7.259340e+00,1.926744e+00,1.2856
513,7.162353e+00,1.498932e+00,7.203241e+00,4.088806e-02,0.0273
514,7.440531e+00,1.499495e+00,7.151603e+00,-2.889290e-01,-0.1927
515,9.598438e+00,1.500337e+00,7.104470e+00,-2.493968e+00,-1.6623
516,4.029786e+00,1.501461e+00,7.061905e+00,3.032119e+00,2.0194
517,5.220155e+00,1.502868e+00,7.023948e+00,1.803792e+00,1.2002
518,7.827945e+00,1.504561e+00,6.990659e+00,-8.372860e-01,-0.5565
519,6.601415e+00,1.506541e+00,6.962079e+00,3.606644e-01,0.2394
520,7.122874e+00,1.508810e+00,6.938255e+00,-1.846185e-01,-0.1224
521,8.551491e+00,1.511370e+00,6.919241e+00,-1.632250e+00,-1.0800
522,9.516299e+00,1.514223e+00,6.905076e+00,-2.611223e+00,-1.7245
523,6.563046e+00,1.517371e+00,6.895800e+00,3.327543e-01,0.2193
524,6.198533e+00,1.520813e+00,6.891439e+00,6.929050e-01,0.4556
525,6.479955e+00,1.524551e+00,6.892023e+00,4.120677e-01,0.2703
526,5.558443e+00,1.528583e+00,6.897578e+00,1.339135e+00,0.8761
527,5.400020e+00,1.532911e+00,6.908137e+00,1.508117e+00,0.9838
528,5.131775e+00,1.537534e+00,6.923732e+00,1.791956e+00,1.1655
529,8.851073e+00,1.542453e+00,6.944379e+00,-1.906693e+00,-1.2361
530,7.780634e+00,1.547668e+00,6.970098e+00,-8.105356e-01,-0.5237
531,7.029185e+00,1.553179e+00,7.000921e+00,-2.826470e-02,-0.0182
532,5.643474e+00,1.558987e+00,7.036849e+00,1.393376e+00,0.8938
533,7.626421e+00,1.565092e+00,7.077902e+00,-5.485194e-01,-0.3505
534,6.625434e+00,1.571496e+00,7.124097e+00,4.986626e-01,0.3173
535,7.039238e+00,1.578198e+00,7.175459e+00,1.362205e-01,0.0863
536,6.303634e+00,1.585199e+00,7.231991e+00,9.283570e-01,0.5856
537,5.475649e+00,1.592500e+00,7.293697e+00,1.818048e+00,1.1416
538,7.487297e+00,1.600101e+00,7.360588e+00,-1.267091e-01,-0.0792
539,7.331776e+00,1.608004e+00,7.432650e+00,1.008741e-01,0.0627
540,6.760194e+00,1.616209e+00,7.509889e+00,7.496952e-01,0.4639
541,9.122482e+00,1.624715e+00,7.592315e+00,-1.530168e+00,-0.9418
542,1.021880e+01,1.633520e+00,7.679916e+00,-2.538888e+00,-1.5542
543,6.545127e+00,1.642624e+00,7.772689e+00,1.227562e+00,0.7473
544,5.634584e+00,1.652024e+00,7.870629e+00,2.236045e+00,1.3535
545,1.065311e+01,1.661720e+00,7.973704e+00,-2.679405e+00,-1.6124
546,9.912256e+00,1.671709e+00,8.081917e+00,-1.830339e+00,-1.0949
547,8.957512e+00,1.681992e+00,8.195235e+00,-7.622772e-01,-0.4532
548,7.131071e+00,1.692567e+00,8.313581e+00,1.182510e+00,0.6986
549,9.674505e+00,1.703433e+00,8.437098e+00,-1.237407e+00,-0.7264
550,7.639937e+00,1.714587e+00,8.565562e+00,9.256253e-01,0.5399
551,7.493271e+00,1.726031e+00,8.699118e+00,1.205847e+00,0.6986
552,9.282729e+00,1.737762e+00,8.837612e+00,-4.451175e-01,-0.2561
553,1.139033e+01,1.749779e+00,8.981041e+00,-2.409288e+00,-1.3769
554,7.009280e+00,1.762081e+00,9.129402e+00,2.120122e+00,1.2032
555,5.639891e+00,1.774667e+00,9.282615e+00,3.642724e+00,2.0526
556,9.770000e+00,1.787537e+00,9.440678e+00,-3.293220e-01,-0.1842
557,7.179422e+00,1.800688e+00,9.603512e+00,2.424090e+00,1.3462
558,1.178122e+01,1.814118e+00,9.771114e+00,-2.010102e+00,-1.1080
559,1.160703e+01,1.827823e+00,9.943407e+00,-1.663622e+00,-0.9102
560,8.151197e+00,1.841801e+00,1.012039e+01,1.969189e+00,1.0692
561,9.784721e+00,1.856048e+00,1.030190e+01,5.171800e-01,0.2786
562,1.124846e+01,1.870560e+00,1.048802e+01,-7.604378e-01,-0.4065
563,8.064541e+00,1.885335e+00,1.067860e+01,2.614056e+00,1.3865
564,1.004908e+01,1.900370e+00,1.087362e+01,8.245402e-01,0.4339
565,9.047042e+00,1.915661e+00,1.107303e+01,2.025985e+00,1.0576
566,1.565684e+01,1.931204e+00,1.127680e+01,-4.380041e+00,-2.2680
567,1.210689e+01,1.946997e+00,1.148472e+01,-6.221712e-01,-0.3196
568,1.114846e+01,1.963037e+00,1.169686e+01,5.484065e-01,0.2794
569,9.539286e+00,1.979319e+00,1.191314e+01,2.373858e+00,1.1993
570,1.022427e+01,1.995841e+00,1.213342e+01,1.909142e+00,0.9566
571,1.269261e+01,2.012600e+00,1.235768e+01,-3.349316e-01,-0.1664
572,1.020956e+01,2.029591e+00,1.258578e+01,2.376216e+00,1.1708
573,1.078035e+01,2.046812e+00,1.281771e+01,2.037366e+00,0.9954
574,1.649787e+01,2.064259e+00,1.305341e+01,-3.444462e+00,-1.6686
575,1.445688e+01,2.081926e+00,1.329272e+01,-1.164165e+00,-0.5592
576,1.164440e+01,2.099810e+00,1.353563e+01,1.891228e+00,0.9007
577,1.374956e+01,2.117903e+00,1.378200e+01,3.244331e-02,0.0153
578,1.114273e+01,2.136202e+00,1.403176e+01,2.889035e+00,1.3524
579,1.620700e+01,2.154700e+00,1.428490e+01,-1.922106e+00,-0.8921
580,1.420351e+01,2.173392e+00,1.454119e+01,3.376881e-01,0.1554
581,1.877898e+01,2.192274e+00,1.480065e+01,-3.978335e+00,-1.8147
582,1.717180e+01,2.211338e+00,1.506310e+01,-2.108695e+00,-0.9536
583,1.450789e+01,2.230581e+00,1.532849e+01,8.206064e-01,0.3679
584,1.664763e+01,2.249997e+00,1.559682e+01,-1.050818e+00,-0.4670
585,1.758924e+01,2.269579e+00,1.586777e+01,-1.721470e+00,-0.7585
586,1.365031e+01,2.289324e+00,1.614143e+01,2.491121e+00,1.0881
587,1.397431e+01,2.309224e+00,1.641766e+01,2.443349e+00,1.0581
588,1.405496e+01,2.329275e+00,1.669629e+01,2.641326e+00,1.1340
589,1.637954e+01,2.349472e+00,1.697725e+01,5.977130e-01,0.2544
590,1.630662e+01,2.369808e+00,1.726048e+01,9.538609e-01,0.4025
591,1.226869e+01,2.390278e+00,1.754582e+01,5.277128e+00,2.2077
592,1.275235e+01,2.410876e+00,1.783320e+01,5.080846e+00,2.1075
593,1.584672e+01,2.431595e+00,1.812246e+01,2.275743e+00,0.9359
594,2.242123e+01,2.452428e+00,1.841355e+01,-4.007685e+00,-1.6342
595,1.696150e+01,2.473368e+00,1.870630e+01,1.744799e+00,0.7054
596,1.676731e+01,2.494409e+00,1.900065e+01,2.233335e+00,0.8953
597,1.603957e+01,2.515544e+00,1.929644e+01,3.256868e+00,1.2947
598,1.766441e+01,2.536766e+00,1.959353e+01,1.929122e+00,0.7605
599,1.788849e+01,2.558069e+00,1.989193e+01,2.003438e+00,0.7832
600,1.887460e+01,2.579445e+00,2.019140e+01,1.316795e+00,0.5105
601,2.236753e+01,2.600889e+00,2.049187e+01,-1.875653e+00,-0.7212
602,1.999244e+01,2.622393e+00,2.079321e+01,8.007717e-01,0.3054
603,1.800276e+01,2.643950e+00,2.109533e+01,3.092576e+00,1.1697
604,2.016897e+01,2.665555e+00,2.139810e+01,1.229128e+00,0.4611
605,2.232610e+01,2.687199e+00,2.170137e+01,-6.247318e-01,-0.2325
606,2.265436e+01,2.708877e+00,2.200507e+01,-6.492901e-01,-0.2397
607,2.609773e+01,2.730581e+00,2.230913e+01,-3.788602e+00,-1.3875
608,2.212970e+01,2.752305e+00,2.261332e+01,4.836237e-01,0.1757
609,2.109443e+01,2.774043e+00,2.291759e+01,1.823152e+00,0.6572
610,2.448936e+01,2.795785e+00,2.322178e+01,-1.267579e+00,-0.4534
611,1.785428e+01,2.817527e+00,2.352568e+01,5.671394e+00,2.0129
612,2.249053e+01,2.839260e+00,2.382928e+01,1.338750e+00,0.4715
613,2.534026e+01,2.860977e+00,2.413246e+01,-1.207803e+00,-0.4222
614,2.540963e+01,2.882672e+00,2.443506e+01,-9.745677e-01,-0.3381
615,2.426946e+01,2.904337e+00,2.473694e+01,4.674752e-01,0.1610
616,2.622856e+01,2.925966e+00,2.503802e+01,-1.190538e+00,-0.4069
617,2.410644e+01,2.947551e+00,2.533825e+01,1.231813e+00,0.4179
618,2.881702e+01,2.969085e+00,2.563755e+01,-3.179470e+00,-1.0709
619,2.216902e+01,2.990561e+00,2.593562e+01,3.766602e+00,1.2595
620,2.742421e+01,3.011973e+00,2.623256e+01,-1.191649e+00,-0.3956
621,3.096072e+01,3.033313e+00,2.652820e+01,-4.432513e+00,-1.4613
622,1.608879e+01,3.054574e+00,2.682227e+01,1.073348e+01,3.5139
623,2.523607e+01,3.075749e+00,2.711484e+01,1.878779e+00,0.6108
624,3.243717e+01,3.096831e+00,2.740570e+01,-5.031470e+00,-1.6247
625,2.970186e+01,3.117814e+00,2.769477e+01,-2.007090e+00,-0.6437
626,2.848335e+01,3.138691e+00,2.798183e+01,-5.015150e-01,-0.1598
627,2.893617e+01,3.159456e+00,2.826683e+01,-6.693465e-01,-0.2119
628,2.309678e+01,3.180102e+00,2.854961e+01,5.452828e+00,1.7147
629,2.581282e+01,3.200623e+00,2.883010e+01,3.017280e+00,0.9427
630,2.417904e+01,3.221013e+00,2.910824e+01,4.929208e+00,1.5303
631,2.709944e+01,3.241265e+00,2.938374e+01,2.284305e+00,0.7048
632,3.476270e+01,3.261374e+00,2.965668e+01,-5.106019e+00,-1.5656
633,3.063205e+01,3.281333e+00,2.992683e+01,-7.052204e-01,-0.2149
634,3.135945e+01,3.301135e+00,3.019406e+01,-1.165388e+00,-0.3530
635,3.261552e+01,3.320774e+00,3.045837e+01,-2.157152e+00,-0.6496
636,2.448496e+01,3.340245e+00,3.071954e+01,6.234582e+00,1.8665
637,2.672093e+01,3.359541e+00,3.097758e+01,4.256656e+00,1.2670
638,2.662819e+01,3.378657e+00,3.123228e+01,4.604092e+00,1.3627
639,3.906234e+01,3.397584e+00,3.148363e+01,-7.578705e+00,-2.2306
640,3.610257e+01,3.416319e+00,3.173143e+01,-4.371139e+00,-1.2795
641,3.435894e+01,3.434854e+00,3.197567e+01,-2.383268e+00,-0.6938
642,2.827020e+01,3.453184e+00,3.221615e+01,3.945945e+00,1.1427
643,3.159473e+01,3.471304e+00,3.245285e+01,8.581261e-01,0.2472
644,3.493746e+01,3.489210e+00,3.268566e+01,-2.251804e+00,-0.6454
645,3.269669e+01,3.506896e+00,3.291433e+01,2.176476e-01,0.0621
646,3.254991e+01,3.524358e+00,3.313889e+01,5.889797e-01,0.1671
647,3.173432e+01,3.541592e+00,3.335919e+01,1.624866e+00,0.4588
648,3.432285e+01,3.558593e+00,3.357508e+01,-7.477695e-01,-0.2101
649,3.324554e+01,3.575356e+00,3.378658e+01,5.410387e-01,0.1513
650,3.091999e+01,3.591878e+00,3.399353e+01,3.073540e+00,0.8557
651,3.496840e+01,3.608153e+00,3.419595e+01,-7.724431e-01,-0.2141
652,3.930643e+01,3.624177e+00,3.439377e+01,-4.912652e+00,-1.3555
653,3.178172e+01,3.639946e+00,3.458693e+01,2.805208e+00,0.7707
654,3.425067e+01,3.655454e+00,3.477535e+01,5.246732e-01,0.1435
655,3.521755e+01,3.670699e+00,3.495890e+01,-2.586573e-01,-0.0705
656,2.943989e+01,3.685676e+00,3.513766e+01,5.697765e+00,1.5459
657,2.766313e+01,3.700379e+00,3.531149e+01,7.648363e+00,2.0669
658,3.771310e+01,3.714806e+00,3.548033e+01,-2.232776e+00,-0.6010
659,3.249088e+01,3.728951e+00,3.564403e+01,3.153146e+00,0.8456
660,3.045396e+01,3.742813e+00,3.580261e+01,5.348645e+00,1.4290
661,3.407523e+01,3.756389e+00,3.595592e+01,1.880682e+00,0.5007
662,3.833836e+01,3.769676e+00,3.610389e+01,-2.234465e+00,-0.5927
663,3.438440e+01,3.782674e+00,3.624655e+01,1.862144e+00,0.4923
664,3.545664e+01,3.795379e+00,3.638374e+01,9.271015e-01,0.2443
665,3.711459e+01,3.807790e+00,3.651547e+01,-5.991130e-01,-0.1573
666,3.227371e+01,3.819903e+00,3.664169e+01,4.367976e+00,1.1435
667,3.731661e+01,3.831718e+00,3.676238e+01,-5.542294e-01,-0.1446
668,4.189300e+01,3.843232e+00,3.687743e+01,-5.015578e+00,-1.3050
669,3.413668e+01,3.854443e+00,3.698675e+01,2.850072e+00,0.7394
670,3.187390e+01,3.865349e+00,3.709043e+01,5.216534e+00,1.3496
671,3.870879e+01,3.875948e+00,3.718841e+01,-1.520382e+00,-0.3923
672,4.382241e+01,3.886238e+00,3.728054e+01,-6.541866e+00,-1.6833
673,3.026311e+01,3.896216e+00,3.736691e+01,7.103792e+00,1.8233
674,3.473115e+01,3.905882e+00,3.744744e+01,2.716285e+00,0.6954
675,3.657281e+01,3.915233e+00,3.752207e+01,9.492630e-01,0.2425
676,3.549326e+01,3.924268e+00,3.759082e+01,2.097562e+00,0.5345
677,4.507861e+01,3.932986e+00,3.765368e+01,-7.424931e+00,-1.8879
678,3.346286e+01,3.941389e+00,3.771051e+01,4.247647e+00,1.0777
679,4.088598e+01,3.949477e+00,3.776133e+01,-3.124656e+00,-0.7912
680,4.032400e+01,3.957252e+00,3.780613e+01,-2.517868e+00,-0.6363
681,2.997601e+01,3.964713e+00,3.784478e+01,7.868766e+00,1.9847
682,3.885950e+01,3.971861e+00,3.787735e+01,-9.821489e-01,-0.2473
683,3.054220e+01,3.978697e+00,3.790371e+01,7.361509e+00,1.8502
684,3.482811e+01,3.985221e+00,3.792393e+01,3.095823e+00,0.7768
685,3.854408e+01,3.991435e+00,3.793810e+01,-6.059759e-01,-0.1518
686,3.765971e+01,3.997340e+00,3.794615e+01,2.864385e-01,0.0717
687,4.067748e+01,4.002935e+00,3.794823e+01,-2.729247e+00,-0.6818
688,3.587317e+01,4.008223e+00,3.794420e+01,2.071029e+00,0.5167
689,3.903165e+01,4.013203e+00,3.793421e+01,-1.097445e+00,-0.2735
690,3.672595e+01,4.017877e+00,3.791834e+01,1.192391e+00,0.2968
691,3.327854e+01,4.022245e+00,3.789646e+01,4.617920e+00,1.1481
692,4.387653e+01,4.026309e+00,3.786863e+01,-6.007897e+00,-1.4922
693,3.895311e+01,4.030069e+00,3.783487e+01,-1.118248e+00,-0.2775
694,4.681061e+01,4.033529e+00,3.779525e+01,-9.015360e+00,-2.2351
695,4.294189e+01,4.036691e+00,3.774970e+01,-5.192183e+00,-1.2862
696,3.451274e+01,4.039560e+00,3.769816e+01,3.185424e+00,0.7886
697,4.284600e+01,4.042138e+00,3.764085e+01,-5.205149e+00,-1.2877
698,4.134436e+01,4.044428e+00,3.757763e+01,-3.766724e+00,-0.9313
699,3.922625e+01,4.046434e+00,3.750858e+01,-1.717666e+00,-0.4245
700,3.123239e+01,4.048160e+00,3.743377e+01,6.201383e+00,1.5319
701,3.341480e+01,4.049607e+00,3.735321e+01,3.938405e+00,0.9725
702,4.004525e+01,4.050780e+00,3.726690e+01,-2.778347e+00,-0.6859
703,3.622528e+01,4.051683e+00,3.717500e+01,9.497194e-01,0.2344
704,3.570325e+01,4.052317e+00,3.707743e+01,1.374182e+00,0.3391
705,3.265409e+01,4.052688e+00,3.697435e+01,4.320257e+00,1.0660
706,3.595882e+01,4.052797e+00,3.686576e+01,9.069340e-01,0.2238
707,3.451734e+01,4.052648e+00,3.675181e+01,2.234471e+00,0.5514
708,3.540170e+01,4.052245e+00,3.663236e+01,1.230666e+00,0.3037
709,3.869375e+01,4.051590e+00,3.650772e+01,-2.186030e+00,-0.5395
710,4.049880e+01,4.050688e+00,3.637779e+01,-4.121002e+00,-1.0174
711,3.882633e+01,4.049544e+00,3.624268e+01,-2.583650e+00,-0.6380
712,3.943206e+01,4.048164e+00,3.610244e+01,-3.329616e+00,-0.8225
713,3.425205e+01,4.046551e+00,3.595709e+01,1.705042e+00,0.4214
714,3.894510e+01,4.044713e+00,3.580677e+01,-3.138323e+00,-0.7759
715,3.457410e+01,4.042654e+00,3.565150e+01,1.077394e+00,0.2665
716,4.839460e+01,4.040380e+00,3.549126e+01,-1.290335e+01,-3.1936
717,3.297823e+01,4.037896e+00,3.532613e+01,2.347905e+00,0.5815
718,3.032522e+01,4.035208e+00,3.515620e+01,4.830977e+00,1.1972
719,4.005867e+01,4.032320e+00,3.498161e+01,-5.077065e+00,-1.2591
720,2.996347e+01,4.029239e+00,3.480236e+01,4.838890e+00,1.2009
721,3.409213e+01,4.025970e+00,3.461868e+01,5.265425e-01,0.1308
722,3.393000e+01,4.022518e+00,3.443056e+01,5.005560e-01,0.1244
723,3.096513e+01,4.018889e+00,3.423824e+01,3.273110e+00,0.8144
724,3.539367e+01,4.015087e+00,3.404178e+01,-1.351892e+00,-0.3367
725,3.562427e+01,4.011118e+00,3.384126e+01,-1.783004e+00,-0.4445
726,3.256127e+01,4.006987e+00,3.363676e+01,1.075491e+00,0.2684
727,3.414967e+01,4.002700e+00,3.342843e+01,-7.212401e-01,-0.1802
728,3.135491e+01,3.998264e+00,3.321626e+01,1.861344e+00,0.4655
729,3.442272e+01,3.993685e+00,3.300047e+01,-1.422246e+00,-0.3561
730,3.231223e+01,3.988969e+00,3.278100e+01,4.687713e-01,0.1175
731,3.241247e+01,3.984123e+00,3.255806e+01,1.455900e-01,0.0365
732,3.753502e+01,3.979155e+00,3.233166e+01,-5.203363e+00,-1.3077
733,3.439178e+01,3.974069e+00,3.210201e+01,-2.289771e+00,-0.5762
734,2.745297e+01,3.968874e+00,3.186904e+01,4.416074e+00,1.1127
735,2.752595e+01,3.963576e+00,3.163305e+01,4.107101e+00,1.0362
736,3.420305e+01,3.958180e+00,3.139411e+01,-2.808946e+00,-0.7097
737,3.395023e+01,3.952694e+00,3.115221e+01,-2.798016e+00,-0.7079
738,3.132166e+01,3.947124e+00,3.090759e+01,-4.140693e-01,-0.1049
739,3.262415e+01,3.941477e+00,3.066030e+01,-1.963851e+00,-0.4983
740,3.166899e+01,3.935757e+00,3.041051e+01,-1.258483e+00,-0.3198
741,2.142841e+01,3.929973e+00,3.015834e+01,8.729932e+00,2.2214
742,2.332999e+01,3.924130e+00,2.990389e+01,6.573896e+00,1.6752
743,2.492485e+01,3.918234e+00,2.964729e+01,4.722433e+00,1.2052
744,2.692839e+01,3.912288e+00,2.938868e+01,2.460287e+00,0.6289
745,2.877620e+01,3.906303e+00,2.912822e+01,3.520211e-01,0.0901
746,3.090975e+01,3.900286e+00,2.886597e+01,-2.043780e+00,-0.5240
747,2.976463e+01,3.894243e+00,2.860209e+01,-1.162539e+00,-0.2985
748,2.465893e+01,3.888183e+00,2.833664e+01,3.677705e+00,0.9459
749,2.435924e+01,3.882110e+00,2.806976e+01,3.710519e+00,0.9558
750,2.934462e+01,3.876033e+00,2.780161e+01,-1.543008e+00,-0.3981
751,2.137781e+01,3.869959e+00,2.753225e+01,6.154444e+00,1.5903
752,2.682315e+01,3.863893e+00,2.726183e+01,4.386796e-01,0.1135
753,2.610874e+01,3.857843e+00,2.699041e+01,8.816678e-01,0.2285
754,3.160316e+01,3.851815e+00,2.671813e+01,-4.885033e+00,-1.2682
755,3.220517e+01,3.845815e+00,2.644521e+01,-5.759959e+00,-1.4977
756,3.056239e+01,3.839851e+00,2.617172e+01,-4.390674e+00,-1.1434
757,2.437480e+01,3.833929e+00,2.589787e+01,1.523067e+00,0.3973
758,2.080558e+01,3.828055e+00,2.562365e+01,4.818076e+00,1.2586
759,2.634729e+01,3.822236e+00,2.534936e+01,-9.979301e-01,-0.2611
760,3.417761e+01,3.816477e+00,2.507506e+01,-9.102548e+00,-2.3851
761,2.690292e+01,3.810787e+00,2.480089e+01,-2.102027e+00,-0.5516
762,1.901185e+01,3.805169e+00,2.452691e+01,5.515065e+00,1.4494
763,2.292101e+01,3.799630e+00,2.425328e+01,1.332268e+00,0.3506
764,2.068960e+01,3.794177e+00,2.398005e+01,3.290446e+00,0.8672
765,2.621419e+01,3.788816e+00,2.370744e+01,-2.506751e+00,-0.6616
766,1.684387e+01,3.783552e+00,2.343551e+01,6.591641e+00,1.7422
767,2.598048e+01,3.778391e+00,2.316426e+01,-2.816228e+00,-0.7454
768,2.805986e+01,3.773339e+00,2.289397e+01,-5.165889e+00,-1.3690
769,1.866362e+01,3.768402e+00,2.262479e+01,3.961170e+00,1.0512
770,1.795774e+01,3.763586e+00,2.235678e+01,4.399042e+00,1.1688
771,1.829211e+01,3.758897e+00,2.209008e+01,3.797970e+00,1.0104
772,2.390984e+01,3.754340e+00,2.182490e+01,-2.084937e+00,-0.5553
773,1.932716e+01,3.749920e+00,2.156132e+01,2.234161e+00,0.5958
774,2.159641e+01,3.745643e+00,2.129946e+01,-2.969466e-01,-0.0793
775,2.315087e+01,3.741516e+00,2.103948e+01,-2.111395e+00,-0.5643
776,1.644922e+01,3.737543e+00,2.078150e+01,4.332282e+00,1.1591
777,2.029179e+01,3.733730e+00,2.052560e+01,2.338119e-01,0.0626
778,2.617777e+01,3.730081e+00,2.027191e+01,-5.905860e+00,-1.5833
779,2.363234e+01,3.726602e+00,2.002051e+01,-3.611833e+00,-0.9692
780,1.714622e+01,3.723299e+00,1.977159e+01,2.625368e+00,0.7051
781,1.239050e+01,3.720173e+00,1.952516e+01,7.134668e+00,1.9178
782,2.059447e+01,3.717229e+00,1.928136e+01,-1.313111e+00,-0.3532
783,1.553437e+01,3.714473e+00,1.904032e+01,3.505944e+00,0.9439
784,2.017747e+01,3.711909e+00,1.880210e+01,-1.375365e+00,-0.3705
785,2.370442e+01,3.709541e+00,1.856678e+01,-5.137640e+00,-1.3850
786,2.025161e+01,3.707374e+00,1.833449e+01,-1.917118e+00,-0.5171
787,2.135700e+01,3.705412e+00,1.810531e+01,-3.251697e+00,-0.8776
788,1.885570e+01,3.703660e+00,1.787935e+01,-9.763435e-01,-0.2636
789,2.178195e+01,3.702120e+00,1.765678e+01,-4.125174e+00,-1.1143
790,1.081450e+01,3.700799e+00,1.743765e+01,6.623146e+00,1.7897
791,1.599780e+01,3.699700e+00,1.722217e+01,1.224368e+00,0.3309
792,2.320874e+01,3.698827e+00,1.701049e+01,-6.198244e+00,-1.6757
793,1.961558e+01,3.698185e+00,1.680275e+01,-2.812834e+00,-0.7606
794,1.484074e+01,3.697776e+00,1.659900e+01,1.758263e+00,0.4755
795,1.581557e+01,3.697605e+00,1.639947e+01,5.839014e-01,0.1579
796,1.968834e+01,3.697676e+00,1.620415e+01,-3.484186e+00,-0.9423
797,2.195000e+01,3.697990e+00,1.601310e+01,-5.936905e+00,-1.6054
798,1.921268e+01,3.698550e+00,1.582638e+01,-3.386295e+00,-0.9156
799,1.591389e+01,3.699359e+00,1.564407e+01,-2.698241e-01,-0.0729
800,1.049765e+01,3.700421e+00,1.546622e+01,4.968571e+00,1.3427
801,1.731334e+01,3.701737e+00,1.529283e+01,-2.020514e+00,-0.5458
802,1.189927e+01,3.703310e+00,1.512389e+01,3.224622e+00,0.8707
803,1.583412e+01,3.705143e+00,1.495968e+01,-8.744448e-01,-0.2360
804,1.811672e+01,3.707239e+00,1.480012e+01,-3.316605e+00,-0.8946
805,1.414721e+01,3.709600e+00,1.464548e+01,4.982675e-01,0.1343
806,1.879172e+01,3.712229e+00,1.449577e+01,-4.295953e+00,-1.1572
807,2.006400e+01,3.715128e+00,1.435111e+01,-5.712889e+00,-1.5377
808,1.652187e+01,3.718302e+00,1.421164e+01,-2.310233e+00,-0.6213
809,1.692609e+01,3.721753e+00,1.407743e+01,-2.848662e+00,-0.7654
810,1.356278e+01,3.725481e+00,1.394853e+01,3.857486e-01,0.1035
811,1.404929e+01,3.729491e+00,1.382502e+01,-2.242707e-01,-0.0601
812,1.701776e+01,3.733784e+00,1.370680e+01,-3.310963e+00,-0.8868
813,1.785338e+01,3.738363e+00,1.359401e+01,-4.259370e+00,-1.1394
814,1.381699e+01,3.743227e+00,1.348664e+01,-3.303512e-01,-0.0883
815,1.743303e+01,3.748377e+00,1.338469e+01,-4.048349e+00,-1.0800
816,1.713963e+01,3.753815e+00,1.328828e+01,-3.851355e+00,-1.0260
817,9.333064e+00,3.759540e+00,1.319741e+01,3.864343e+00,1.0279
818,1.163713e+01,3.765554e+00,1.311214e+01,1.475008e+00,0.3917
819,9.544894e+00,3.771857e+00,1.303246e+01,3.487564e+00,0.9246
820,1.087744e+01,3.778451e+00,1.295858e+01,2.081142e+00,0.5508
821,1.154641e+01,3.785336e+00,1.289043e+01,1.344019e+00,0.3551
822,9.182239e+00,3.792512e+00,1.282813e+01,3.645888e+00,0.9613
823,1.387943e+01,3.799982e+00,1.277168e+01,-1.107750e+00,-0.2915
824,1.622421e+01,3.807747e+00,1.272114e+01,-3.503077e+00,-0.9200
825,1.711681e+01,3.815806e+00,1.267650e+01,-4.440308e+00,-1.1637
826,4.031083e+00,3.824161e+00,1.263783e+01,8.606750e+00,2.2506
827,1.495010e+01,3.832812e+00,1.260505e+01,-2.345050e+00,-0.6118
828,1.214267e+01,3.841762e+00,1.257822e+01,4.355420e-01,0.1134
829,1.219506e+01,3.851011e+00,1.255732e+01,3.622671e-01,0.0941
830,1.623400e+01,3.860558e+00,1.254244e+01,-3.691561e+00,-0.9562
831,1.094144e+01,3.870403e+00,1.253348e+01,1.592035e+00,0.4113
832,1.542964e+01,3.880546e+00,1.253050e+01,-2.899135e+00,-0.7471
833,1.055669e+01,3.890987e+00,1.253359e+01,1.976905e+00,0.5081
834,1.174167e+01,3.901726e+00,1.254272e+01,8.010526e-01,0.2053
835,1.177011e+01,3.912761e+00,1.255790e+01,7.877851e-01,0.2013
836,5.875150e+00,3.924093e+00,1.257918e+01,6.704031e+00,1.7084
837,1.082860e+01,3.935722e+00,1.260656e+01,1.777968e+00,0.4518
838,1.430870e+01,3.947647e+00,1.264004e+01,-1.668661e+00,-0.4227
839,8.972328e+00,3.959869e+00,1.267953e+01,3.707203e+00,0.9362
840,1.706700e+01,3.972388e+00,1.272503e+01,-4.341974e+00,-1.0930
841,1.586086e+01,3.985204e+00,1.277645e+01,-3.084416e+00,-0.7740
842,8.066563e+00,3.998314e+00,1.283379e+01,4.767222e+00,1.1923
843,1.756627e+01,4.011721e+00,1.289696e+01,-4.669308e+00,-1.1639
844,1.485375e+01,4.025424e+00,1.296590e+01,-1.887854e+00,-0.4690
845,1.111786e+01,4.039424e+00,1.304067e+01,1.922810e+00,0.4760
846,1.210511e+01,4.053719e+00,1.312125e+01,1.016140e+00,0.2507
847,1.415001e+01,4.068309e+00,1.320773e+01,-9.422780e-01,-0.2316
848,6.419037e+00,4.083189e+00,1.330002e+01,6.880984e+00,1.6852
849,1.068585e+01,4.098359e+00,1.339819e+01,2.712340e+00,0.6618
850,1.957562e+01,4.113815e+00,1.350224e+01,-6.073380e+00,-1.4763
851,1.083858e+01,4.129556e+00,1.361224e+01,2.773667e+00,0.6717
852,1.659147e+01,4.145579e+00,1.372796e+01,-2.863512e+00,-0.6907
853,6.467105e+00,4.161882e+00,1.384940e+01,7.382291e+00,1.7738
854,1.072425e+01,4.178463e+00,1.397640e+01,3.252142e+00,0.7783
855,2.141209e+01,4.195318e+00,1.410888e+01,-7.303209e+00,-1.7408
856,1.132124e+01,4.212448e+00,1.424678e+01,2.925540e+00,0.6945
857,1.419508e+01,4.229848e+00,1.438985e+01,1.947705e-01,0.0460
858,1.743070e+01,4.247517e+00,1.453819e+01,-2.892511e+00,-0.6810
859,1.823681e+01,4.265452e+00,1.469162e+01,-3.545192e+00,-0.8311
860,1.561599e+01,4.283652e+00,1.485023e+01,-7.657586e-01,-0.1788
861,1.439515e+01,4.302113e+00,1.501394e+01,6.187965e-01,0.1438
862,1.512755e+01,4.320835e+00,1.518268e+01,5.512888e-02,0.0128
863,1.391723e+01,4.339814e+00,1.535658e+01,1.439351e+00,0.3317
864,1.951377e+01,4.359048e+00,1.553550e+01,-3.978269e+00,-0.9126
865,1.637636e+01,4.378534e+00,1.571944e+01,-6.569255e-01,-0.1500
866,9.446636e+00,4.398267e+00,1.590832e+01,6.461685e+00,1.4691
867,2.463738e+01,4.418246e+00,1.610207e+01,-8.535305e+00,-1.9318
868,1.354826e+01,4.438465e+00,1.630054e+01,2.752280e+00,0.6201
869,1.360771e+01,4.458924e+00,1.650366e+01,2.895942e+00,0.6495
870,1.320709e+01,4.479617e+00,1.671142e+01,3.504328e+00,0.7823
871,1.813700e+01,4.500542e+00,1.692360e+01,-1.213403e+00,-0.2696
872,1.849076e+01,4.521697e+00,1.714013e+01,-1.350639e+00,-0.2987
873,2.041611e+01,4.543077e+00,1.736085e+01,-3.055259e+00,-0.6725
874,1.196000e+01,4.564678e+00,1.758578e+01,5.625786e+00,1.2325
875,1.479387e+01,4.586499e+00,1.781477e+01,3.020895e+00,0.6586
876,2.267079e+01,4.608535e+00,1.804765e+01,-4.623138e+00,-1.0032
877,1.989588e+01,4.630784e+00,1.828430e+01,-1.611579e+00,-0.3480
878,2.025706e+01,4.653242e+00,1.852464e+01,-1.732421e+00,-0.3723
879,1.754931e+01,4.675906e+00,1.876859e+01,1.219281e+00,0.2608
880,1.647323e+01,4.698773e+00,1.901600e+01,2.542771e+00,0.5412
881,1.532598e+01,4.721837e+00,1.926682e+01,3.940834e+00,0.8346
882,1.952098e+01,4.745096e+00,1.952103e+01,4.827967e-05,0.0000
883,2.042549e+01,4.768543e+00,1.977842e+01,-6.470716e-01,-0.1357
884,1.658813e+01,4.792174e+00,2.003906e+01,3.450932e+00,0.7201
885,1.630355e+01,4.815985e+00,2.030282e+01,3.999271e+00,0.8304
886,2.206588e+01,4.839970e+00,2.056954e+01,-1.496343e+00,-0.3092
887,3.596767e+01,4.864126e+00,2.083923e+01,-1.512844e+01,-3.1102
888,2.711966e+01,4.888448e+00,2.111174e+01,-6.007912e+00,-1.2290
889,2.004096e+01,4.912931e+00,2.138686e+01,1.345905e+00,0.2740
890,2.010938e+01,4.937569e+00,2.166459e+01,1.555214e+00,0.3150
891,2.104599e+01,4.962359e+00,2.194479e+01,8.987985e-01,0.1811
892,2.084296e+01,4.987295e+00,2.222731e+01,1.384344e+00,0.2776
893,1.911125e+01,5.012373e+00,2.251207e+01,3.400822e+00,0.6785
894,2.011612e+01,5.037588e+00,2.279880e+01,2.682685e+00,0.5325
895,3.242357e+01,5.062936e+00,2.308757e+01,-9.336001e+00,-1.8440
896,1.654221e+01,5.088411e+00,2.337809e+01,6.835875e+00,1.3434
897,2.284017e+01,5.114010e+00,2.367028e+01,8.301108e-01,0.1623
898,3.591164e+01,5.139726e+00,2.396401e+01,-1.194763e+01,-2.3246
899,2.848261e+01,5.165554e+00,2.425906e+01,-4.223559e+00,-0.8176
900,2.192166e+01,5.191490e+00,2.455543e+01,2.633769e+00,0.5073
901,3.227722e+01,5.217528e+00,2.485283e+01,-7.424383e+00,-1.4230
902,2.339091e+01,5.243663e+00,2.515128e+01,1.760376e+00,0.3357
903,1.728892e+01,5.269890e+00,2.545064e+01,8.161722e+00,1.5487
904,2.879418e+01,5.296204e+00,2.575076e+01,-3.043418e+00,-0.5746
905,2.101726e+01,5.322599e+00,2.605151e+01,5.034251e+00,0.9458
906,2.527429e+01,5.349069e+00,2.635290e+01,1.078612e+00,0.2016
907,2.971594e+01,5.375610e+00,2.665464e+01,-3.061297e+00,-0.5695
908,1.402313e+01,5.402216e+00,2.695667e+01,1.293354e+01,2.3941
909,1.772611e+01,5.428882e+00,2.725899e+01,9.532884e+00,1.7560
910,2.071154e+01,5.455603e+00,2.756141e+01,6.849870e+00,1.2556
911,3.930360e+01,5.482373e+00,2.786377e+01,-1.143983e+01,-2.0867
912,4.243701e+01,5.509188e+00,2.816602e+01,-1.427099e+01,-2.5904
913,3.384810e+01,5.536041e+00,2.846810e+01,-5.380004e+00,-0.9718
914,1.766188e+01,5.562927e+00,2.876979e+01,1.110791e+01,1.9968
915,3.181300e+01,5.589842e+00,2.907102e+01,-2.741976e+00,-0.4905
916,3.154672e+01,5.616779e+00,2.937174e+01,-2.174982e+00,-0.3872
917,2.117269e+01,5.643732e+00,2.967167e+01,8.498977e+00,1.5059
918,2.540548e+01,5.670697e+00,2.997080e+01,4.565317e+00,0.8051
919,4.507371e+01,5.697667e+00,3.026894e+01,-1.480477e+01,-2.5984
920,2.686586e+01,5.724638e+00,3.056602e+01,3.700153e+00,0.6464
921,2.762266e+01,5.751602e+00,3.086182e+01,3.239165e+00,0.5632
922,3.521688e+01,5.778555e+00,3.115629e+01,-4.060591e+00,-0.7027
923,2.702252e+01,5.805490e+00,3.144937e+01,4.426843e+00,0.7625
924,3.610430e+01,5.832402e+00,3.174091e+01,-4.363389e+00,-0.7481
925,2.836463e+01,5.859286e+00,3.203070e+01,3.666079e+00,0.6257
926,2.770593e+01,5.886136e+00,3.231877e+01,4.612837e+00,0.7837
927,3.097475e+01,5.912946e+00,3.260490e+01,1.630145e+00,0.2757
928,2.927940e+01,5.939711e+00,3.288909e+01,3.609692e+00,0.6077
929,3.847407e+01,5.966424e+00,3.317115e+01,-5.302929e+00,-0.8888
930,3.712798e+01,5.993080e+00,3.345092e+01,-3.677054e+00,-0.6135
931,3.137906e+01,6.019675e+00,3.372836e+01,2.349300e+00,0.3903
932,3.084163e+01,6.046202e+00,3.400333e+01,3.161699e+00,0.5229
933,4.294265e+01,6.072659e+00,3.427575e+01,-8.666899e+00,-1.4272
934,3.426082e+01,6.099041e+00,3.454536e+01,2.845331e-01,0.0467
935,3.891292e+01,6.125343e+00,3.481215e+01,-4.100771e+00,-0.6695
936,3.502563e+01,6.151563e+00,3.507593e+01,5.029129e-02,0.0082
937,4.211674e+01,6.177696e+00,3.533669e+01,-6.780052e+00,-1.0975
938,4.422734e+01,6.203736e+00,3.559431e+01,-8.633027e+00,-1.3916
939,2.930547e+01,6.229680e+00,3.584865e+01,6.543182e+00,1.0503
940,4.251790e+01,6.255524e+00,3.609950e+01,-6.418401e+00,-1.0260
941,3.508189e+01,6.281263e+00,3.634694e+01,1.265050e+00,0.2014
942,3.913748e+01,6.306894e+00,3.659077e+01,-2.546706e+00,-0.4038
943,3.650442e+01,6.332413e+00,3.683084e+01,3.264265e-01,0.0515
944,3.438132e+01,6.357815e+00,3.706718e+01,2.685852e+00,0.4224
945,3.599690e+01,6.383096e+00,3.729963e+01,1.302732e+00,0.2041
946,3.942305e+01,6.408251e+00,3.752814e+01,-1.894908e+00,-0.2957
947,4.220196e+01,6.433278e+00,3.775250e+01,-4.449459e+00,-0.6916
948,2.645705e+01,6.458172e+00,3.797279e+01,1.151574e+01,1.7831
949,4.182473e+01,6.482929e+00,3.818888e+01,-3.635848e+00,-0.5608
950,3.023414e+01,6.507544e+00,3.840063e+01,8.166494e+00,1.2549
951,3.063583e+01,6.532016e+00,3.860790e+01,7.972076e+00,1.2205
952,4.231094e+01,6.556341e+00,3.881071e+01,-3.500233e+00,-0.5339
953,4.923182e+01,6.580515e+00,3.900892e+01,-1.022290e+01,-1.5535
954,3.237003e+01,6.604532e+00,3.920248e+01,6.832446e+00,1.0345
955,4.504519e+01,6.628391e+00,3.939125e+01,-5.653947e+00,-0.8530
956,4.349710e+01,6.652088e+00,3.957516e+01,-3.921934e+00,-0.5896
957,3.646179e+01,6.675619e+00,3.975417e+01,3.292379e+00,0.4932
958,4.777431e+01,6.698980e+00,3.992829e+01,-7.846026e+00,-1.1712
959,2.683649e+01,6.722168e+00,4.009737e+01,1.326088e+01,1.9727
960,3.909885e+01,6.745180e+00,4.026152e+01,1.162670e+00,0.1724
961,3.860156e+01,6.768012e+00,4.042052e+01,1.818964e+00,0.2688
962,4.122958e+01,6.790660e+00,4.057446e+01,-6.551241e-01,-0.0965
963,3.670871e+01,6.813120e+00,4.072327e+01,4.014566e+00,0.5892
964,4.054798e+01,6.835391e+00,4.086683e+01,3.188535e-01,0.0466
965,4.712393e+01,6.857467e+00,4.100522e+01,-6.118706e+00,-0.8923
966,3.342399e+01,6.879349e+00,4.113824e+01,7.714252e+00,1.1214
967,4.941583e+01,6.901034e+00,4.126589e+01,-8.149939e+00,-1.1810
968,3.940264e+01,6.922523e+00,4.138811e+01,1.985468e+00,0.2868
969,3.486000e+01,6.943814e+00,4.150484e+01,6.644844e+00,0.9569
970,3.626063e+01,6.964906e+00,4.161595e+01,5.355314e+00,0.7689
971,4.437132e+01,6.985797e+00,4.172159e+01,-2.649732e+00,-0.3793
972,3.884514e+01,7.006487e+00,4.182156e+01,2.976417e+00,0.4248
973,5.200877e+01,7.026976e+00,4.191586e+01,-1.009291e+01,-1.4363
974,2.817103e+01,7.047262e+00,4.200459e+01,1.383356e+01,1.9630
975,3.855327e+01,7.067343e+00,4.208753e+01,3.534266e+00,0.5001
976,3.932647e+01,7.087220e+00,4.216484e+01,2.838372e+00,0.4005
977,3.178314e+01,7.106892e+00,4.223631e+01,1.045317e+01,1.4708
978,5.205288e+01,7.126357e+00,4.230210e+01,-9.750778e+00,-1.3683
979,3.628110e+01,7.145615e+00,4.236214e+01,6.081039e+00,0.8510
980,4.957320e+01,7.164665e+00,4.241629e+01,-7.156908e+00,-0.9989
981,3.503855e+01,7.183506e+00,4.246480e+01,7.426250e+00,1.0338
982,4.522657e+01,7.202138e+00,4.250744e+01,-2.719125e+00,-0.3775
983,2.848918e+01,7.220560e+00,4.254437e+01,1.405520e+01,1.9466
984,4.546076e+01,7.238776e+00,4.257546e+01,-2.885294e+00,-0.3986
985,5.085008e+01,7.256784e+00,4.260071e+01,-8.249364e+00,-1.1368
986,2.553973e+01,7.274585e+00,4.262014e+01,1.708041e+01,2.3480
987,4.534554e+01,7.292179e+00,4.263374e+01,-2.711797e+00,-0.3719
988,3.396380e+01,7.309567e+00,4.264138e+01,8.677586e+00,1.1872
989,3.773862e+01,7.326751e+00,4.264322e+01,4.904606e+00,0.6694
990,3.630502e+01,7.343733e+00,4.263904e+01,6.334028e+00,0.8625
991,4.779181e+01,7.360511e+00,4.262893e+01,-5.162886e+00,-0.7014
992,4.834377e+01,7.377136e+00,4.261296e+01,-5.730809e+00,-0.7768
993,2.804661e+01,7.393509e+00,4.259099e+01,1.454438e+01,1.9672
994,3.986248e+01,7.409740e+00,4.256318e+01,2.700694e+00,0.3645
995,4.774489e+01,7.425713e+00,4.252953e+01,-5.215361e+00,-0.7023
996,4.036190e+01,7.441614e+00,4.249006e+01,2.128154e+00,0.2860
997,4.166357e+01,7.457189e+00,4.244468e+01,7.811111e-01,0.1047
998,4.953798e+01,7.488825e+00,4.239349e+01,-7.144490e+00,-0.9540
999,3.896277e+01,7.504033e+00,4.233656e+01,3.373791e+00,0.4496
1000,4.491512e+01,9.143114e+00,4.227383e+01,-2.641289e+00,-0.2889
1001,3.699364e+01,9.159507e+00,4.220529e+01,5.211645e+00,0.5690
1002,4.216310e+01,9.263162e+00,4.213095e+01,-3.215216e-02,-0.0035
1003,5.807264e+01,9.279181e+00,4.205082e+01,-1.602183e+01,-1.7266
1004,4.188595e+01,9.296649e+00,4.196489e+01,7.894339e-02,0.0085
1005,3.957655e+01,9.312263e+00,4.187318e+01,2.296629e+00,0.2466
1006,3.003097e+01,9.327700e+00,4.177583e+01,1.174486e+01,1.2591
1007,4.049309e+01,9.342912e+00,4.167300e+01,1.179914e+00,0.1263
1008,3.100636e+01,9.357948e+00,4.156483e+01,1.055848e+01,1.1283
1009,4.931492e+01,9.372767e+00,4.145148e+01,-7.863433e+00,-0.8390
1010,4.227952e+01,9.387390e+00,4.133317e+01,-9.463486e-01,-0.1008
1011,4.984144e+01,9.401826e+00,4.120991e+01,-8.631533e+00,-0.9181
1012,3.972386e+01,9.416074e+00,4.108191e+01,1.358054e+00,0.1442
1013,4.153639e+01,9.430141e+00,4.094911e+01,-5.872845e-01,-0.0623
1014,4.940506e+01,9.444026e+00,4.081150e+01,-8.593559e+00,-0.9099
1015,4.911607e+01,9.457735e+00,4.066894e+01,-8.447129e+00,-0.8931
1016,3.774236e+01,9.471270e+00,4.052150e+01,2.779142e+00,0.2934
1017,5.771632e+01,9.484637e+00,4.036897e+01,-1.734736e+01,-1.8290
1018,3.716332e+01,9.497837e+00,4.021132e+01,3.048004e+00,0.3209
1019,3.475162e+01,9.510878e+00,4.004866e+01,5.297037e+00,0.5569
1020,4.421183e+01,9.523764e+00,3.988088e+01,-4.330951e+00,-0.4548
1021,5.508256e+01,9.536501e+00,3.970838e+01,-1.537418e+01,-1.6121
1022,5.121987e+01,9.549094e+00,3.953114e+01,-1.168873e+01,-1.2241
1023,5.075964e+01,9.561547e+00,3.934939e+01,-1.141025e+01,-1.1933
1024,3.910624e+01,9.573866e+00,3.916327e+01,5.702770e-02,0.0060
1025,3.279755e+01,9.586055e+00,3.897301e+01,6.175453e+00,0.6442
1026,4.410614e+01,9.598120e+00,3.877867e+01,-5.327471e+00,-0.5551
1027,3.836649e+01,9.610066e+00,3.858033e+01,2.138377e-01,0.0223
1028,3.796357e+01,9.621897e+00,3.837805e+01,4.144841e-01,0.0431
1029,3.134764e+01,9.633618e+00,3.817192e+01,6.824278e+00,0.7084
1030,4.776482e+01,9.645235e+00,3.796193e+01,-9.802898e+00,-1.0163
1031,4.529269e+01,9.656752e+00,3.774821e+01,-7.544477e+00,-0.7813
1032,1.877422e+01,9.668176e+00,3.753077e+01,1.875655e+01,1.9400
1033,4.293102e+01,9.679510e+00,3.730968e+01,-5.621348e+00,-0.5807
1034,4.755550e+01,9.690757e+00,3.708500e+01,-1.047050e+01,-1.0805
1035,4.279371e+01,9.701924e+00,3.685696e+01,-5.936752e+00,-0.6119
1036,4.257120e+01,9.713017e+00,3.662562e+01,-5.945577e+00,-0.6121
1037,3.574720e+01,9.724040e+00,3.639113e+01,6.439314e-01,0.0662
1038,3.925927e+01,9.734998e+00,3.615363e+01,-3.105644e+00,-0.3190
1039,2.851469e+01,9.745897e+00,3.591326e+01,7.398561e+00,0.7591
1040,3.732563e+01,9.756740e+00,3.567001e+01,-1.655621e+00,-0.1697
1041,3.274121e+01,9.767535e+00,3.542411e+01,2.682903e+00,0.2747
1042,3.000633e+01,9.778284e+00,3.517540e+01,5.169069e+00,0.5286
1043,2.703425e+01,9.788993e+00,3.492402e+01,7.889774e+00,0.8060
1044,5.915472e+01,9.799667e+00,3.466996e+01,-2.448476e+01,-2.4985
1045,3.901884e+01,9.810311e+00,3.441315e+01,-4.605690e+00,-0.4695
1046,2.202738e+01,9.820930e+00,3.415379e+01,1.212641e+01,1.2348
1047,3.558654e+01,9.831528e+00,3.389173e+01,-1.694814e+00,-0.1724
1048,4.232055e+01,9.842113e+00,3.362719e+01,-8.693366e+00,-0.8833
1049,2.587878e+01,9.852687e+00,3.336045e+01,7.481676e+00,0.7594
1050,4.025532e+01,9.863253e+00,3.309166e+01,-7.163650e+00,-0.7263
1051,5.690896e+01,9.873820e+00,3.282104e+01,-2.408793e+01,-2.4396
1052,2.358677e+01,9.884391e+00,3.254863e+01,8.961866e+00,0.9067
1053,3.609159e+01,9.894974e+00,3.227481e+01,-3.816779e+00,-0.3857
1054,3.536345e+01,9.905573e+00,3.199971e+01,-3.363742e+00,-0.3396
1055,4.332605e+01,9.916195e+00,3.172339e+01,-1.160266e+01,-1.1701
1056,2.283225e+01,9.926844e+00,3.144591e+01,8.613658e+00,0.8677
1057,4.841501e+01,9.937527e+00,3.116741e+01,-1.724760e+01,-1.7356
1058,4.269031e+01,9.948251e+00,3.088795e+01,-1.180236e+01,-1.1864
1059,2.665335e+01,9.959018e+00,3.060760e+01,3.954245e+00,0.3971
1060,2.280844e+01,9.969836e+00,3.032648e+01,7.518037e+00,0.7541
1061,4.871915e+01,9.980709e+00,3.004466e+01,-1.867450e+01,-1.8711
1062,4.439679e+01,9.991644e+00,2.976227e+01,-1.463452e+01,-1.4647
1063,1.749401e+01,1.000265e+01,2.947930e+01,1.198529e+01,1.1982
1064,3.694639e+01,1.001372e+01,2.919596e+01,-7.750431e+00,-0.7740
1065,3.377669e+01,1.002487e+01,2.891232e+01,-4.864374e+00,-0.4852
1066,1.920112e+01,1.003611e+01,2.862842e+01,9.427303e+00,0.9393
1067,3.167114e+01,1.004743e+01,2.834441e+01,-3.326730e+00,-0.3311
1068,2.629691e+01,1.005884e+01,2.806042e+01,1.763506e+00,0.1753
1069,2.640730e+01,1.007035e+01,2.777651e+01,1.369211e+00,0.1360
1070,4.040523e+01,1.008196e+01,2.749282e+01,-1.291241e+01,-1.2807
1071,2.635669e+01,1.009368e+01,2.720940e+01,8.527062e-01,0.0845
1072,2.206139e+01,1.010551e+01,2.692647e+01,4.865079e+00,0.4814
1073,3.379746e+01,1.011746e+01,2.664408e+01,-7.153382e+00,-0.7070
1074,1.827422e+01,1.012952e+01,2.636237e+01,8.088150e+00,0.7985
1075,2.680048e+01,1.014171e+01,2.608147e+01,-7.190083e-01,-0.0709
1076,1.709554e+01,1.015403e+01,2.580145e+01,8.705917e+00,0.8574
1077,3.095016e+01,1.016649e+01,2.552236e+01,-5.427793e+00,-0.5339
1078,2.398976e+01,1.017908e+01,2.524442e+01,1.254658e+00,0.1233
1079,2.717935e+01,1.019181e+01,2.496767e+01,-2.211678e+00,-0.2170
1080,2.674341e+01,1.020469e+01,2.469219e+01,-2.051220e+00,-0.2010
1081,1.160480e+01,1.021773e+01,2.441818e+01,1.281338e+01,1.2540
1082,2.050093e+01,1.023091e+01,2.414563e+01,3.644691e+00,0.3562
1083,1.467627e+01,1.024426e+01,2.387466e+01,9.198394e+00,0.8979
1084,3.420115e+01,1.025777e+01,2.360542e+01,-1.059573e+01,-1.0329
1085,2.560894e+01,1.027145e+01,2.333797e+01,-2.270968e+00,-0.2211
1086,4.590300e+00,1.028530e+01,2.307236e+01,1.848206e+01,1.7969
1087,1.758313e+01,1.029932e+01,2.280866e+01,5.225527e+00,0.5074
1088,4.863294e+01,1.031353e+01,2.254707e+01,-2.608587e+01,-2.5293
1089,1.252417e+01,1.032792e+01,2.228766e+01,9.763492e+00,0.9453
1090,3.149340e+01,1.034249e+01,2.203040e+01,-9.463000e+00,-0.9150
1091,3.044207e+01,1.035725e+01,2.177552e+01,-8.666554e+00,-0.8368
1092,2.757705e+00,1.037221e+01,2.152307e+01,1.876536e+01,1.8092
1093,2.571163e+01,1.038737e+01,2.127318e+01,-4.438449e+00,-0.4273
1094,4.069876e+01,1.040272e+01,2.102591e+01,-1.967285e+01,-1.8911
1095,1.035823e+01,1.041828e+01,2.078141e+01,1.042318e+01,1.0005
1096,2.226389e+01,1.043405e+01,2.053973e+01,-1.724161e+00,-0.1652
1097,3.267876e+01,1.045003e+01,2.030100e+01,-1.237776e+01,-1.1845
1098,3.693596e+01,1.046623e+01,2.006522e+01,-1.687074e+01,-1.6119
1099,1.763720e+01,1.048265e+01,1.983259e+01,2.195388e+00,0.2094
1100,1.535599e+01,1.049928e+01,1.960310e+01,4.247103e+00,0.4045
1101,2.579658e+01,1.051615e+01,1.937673e+01,-6.419851e+00,-0.6105
1102,7.937773e+00,1.053324e+01,1.915370e+01,1.121593e+01,1.0648
1103,9.678268e+00,1.055056e+01,1.893406e+01,9.255790e+00,0.8773
1104,1.825400e+01,1.056811e+01,1.871786e+01,4.638627e-01,0.0439
1105,2.855811e+01,1.058590e+01,1.850510e+01,-1.005301e+01,-0.9497
1106,1.700551e+01,1.060393e+01,1.829590e+01,1.290395e+00,0.1217
1107,8.934768e+00,1.062220e+01,1.809033e+01,9.155561e+00,0.8619
1108,1.094899e+01,1.064071e+01,1.788843e+01,6.939442e+00,0.6522
1109,3.745077e+01,1.065947e+01,1.769035e+01,-1.976042e+01,-1.8538
1110,-2.256476e+00,1.067847e+01,1.749607e+01,1.975255e+01,1.8498
1111,2.275973e+01,1.069772e+01,1.730572e+01,-5.454012e+00,-0.5098
1112,3.195242e+01,1.071723e+01,1.711921e+01,-1.483321e+01,-1.3841
1113,2.751311e+00,1.073699e+01,1.693676e+01,1.418544e+01,1.3212
1114,1.271447e+01,1.075701e+01,1.675841e+01,4.043936e+00,0.3759
1115,8.873503e+00,1.077728e+01,1.658408e+01,7.710575e+00,0.7154
1116,1.628257e+01,1.079782e+01,1.641398e+01,1.314066e-01,0.0122
1117,1.704020e+01,1.081862e+01,1.624802e+01,-7.921780e-01,-0.0732
1118,-3.580867e+00,1.083969e+01,1.608634e+01,1.966721e+01,1.8144
1119,1.612909e+01,1.086102e+01,1.592899e+01,-2.000938e-01,-0.0184
1120,3.068012e+01,1.088262e+01,1.577590e+01,-1.490423e+01,-1.3695
1121,1.879958e+01,1.090450e+01,1.562726e+01,-3.172328e+00,-0.2909
1122,2.683638e+01,1.092664e+01,1.548299e+01,-1.135340e+01,-1.0391
1123,1.394100e+01,1.094905e+01,1.534315e+01,1.402150e+00,0.1281
1124,1.097649e+01,1.097174e+01,1.520788e+01,4.231392e+00,0.3857
1125,9.785979e+00,1.099470e+01,1.507709e+01,5.291113e+00,0.4812
1126,1.642089e+01,1.101793e+01,1.495085e+01,-1.470046e+00,-0.1334
1127,2.127373e+01,1.104144e+01,1.482921e+01,-6.444523e+00,-0.5837
1128,8.636807e+00,1.106523e+01,1.471224e+01,6.075437e+00,0.5491
1129,1.309938e+01,1.108930e+01,1.459993e+01,1.500557e+00,0.1353
1130,3.184542e+01,1.111364e+01,1.449227e+01,-1.735315e+01,-1.5614
1131,3.900644e+01,1.113827e+01,1.438932e+01,-2.461713e+01,-2.2101
1132,-1.178025e+01,1.116317e+01,1.429114e+01,2.607139e+01,2.3355
1133,1.348591e+01,1.118836e+01,1.419773e+01,7.118200e-01,0.0636
1134,8.321385e+00,1.121383e+01,1.410907e+01,5.787681e+00,0.5161
1135,2.797759e+01,1.123959e+01,1.402515e+01,-1.395244e+01,-1.2414
1136,1.825209e+01,1.126563e+01,1.394605e+01,-4.306048e+00,-0.3822
1137,1.004968e+01,1.129196e+01,1.387174e+01,3.822063e+00,0.3385
1138,1.243692e+01,1.131857e+01,1.380223e+01,1.365306e+00,0.1206
1139,1.749330e+01,1.134546e+01,1.373750e+01,-3.755797e+00,-0.3310
1140,3.212328e+00,1.137264e+01,1.367762e+01,1.046529e+01,0.9202
1141,-9.434345e+00,1.140010e+01,1.362251e+01,2.305685e+01,2.0225
1142,1.663233e+01,1.142784e+01,1.357223e+01,-3.060100e+00,-0.2678
1143,2.567304e+01,1.145587e+01,1.352678e+01,-1.214626e+01,-1.0603
1144,-4.068075e-01,1.148419e+01,1.348615e+01,1.389296e+01,1.2097
1145,2.090915e+01,1.151278e+01,1.345034e+01,-7.458812e+00,-0.6479
1146,3.088036e+01,1.154166e+01,1.341933e+01,-1.746103e+01,-1.5129
1147,-3.663366e+00,1.157082e+01,1.339312e+01,1.705649e+01,1.4741
1148,2.227473e+01,1.160027e+01,1.337171e+01,-8.903022e+00,-0.7675
1149,3.033094e+01,1.163000e+01,1.335501e+01,-1.697593e+01,-1.4597
1150,1.371799e+01,1.166001e+01,1.334303e+01,-3.749598e-01,-0.0322
1151,5.123133e+00,1.169030e+01,1.333582e+01,8.212688e+00,0.7025
1152,4.206508e+00,1.172088e+01,1.333332e+01,9.126811e+00,0.7787
1153,1.381260e+01,1.175174e+01,1.333551e+01,-4.770884e-01,-0.0406
1154,9.947405e+00,1.178287e+01,1.334240e+01,3.394994e+00,0.2881
1155,3.243716e+01,1.181429e+01,1.335383e+01,-1.908333e+01,-1.6153
1156,1.157604e+01,1.184598e+01,1.336994e+01,1.793904e+00,0.1514
1157,-1.229611e+01,1.187795e+01,1.339059e+01,2.568669e+01,2.1626
1158,1.631506e+01,1.191020e+01,1.341584e+01,-2.899212e+00,-0.2434
1159,-6.524062e+00,1.194272e+01,1.344555e+01,1.996961e+01,1.6721
1160,2.522493e+01,1.197551e+01,1.347979e+01,-1.174514e+01,-0.9808
1161,3.884590e+01,1.200857e+01,1.351847e+01,-2.532742e+01,-2.1091
1162,1.315214e+01,1.204190e+01,1.356154e+01,4.093928e-01,0.0340
1163,1.727517e+01,1.207550e+01,1.360897e+01,-3.666201e+00,-0.3036
1164,8.340378e+00,1.210937e+01,1.366078e+01,5.320401e+00,0.4394
1165,1.306134e+01,1.214350e+01,1.371681e+01,6.554698e-01,0.0540
1166,1.083828e+01,1.217789e+01,1.377714e+01,2.938866e+00,0.2413
1167,6.517229e-01,1.221255e+01,1.384162e+01,1.318990e+01,1.0800
1168,-8.501489e+00,1.224747e+01,1.391025e+01,2.241174e+01,1.8299
1169,-4.323419e+00,1.228266e+01,1.398303e+01,1.830645e+01,1.4904
1170,3.205288e+01,1.231809e+01,1.405973e+01,-1.799315e+01,-1.4607
1171,-2.060620e+00,1.235379e+01,1.414052e+01,1.620114e+01,1.3114
1172,2.323376e+01,1.238974e+01,1.422524e+01,-9.008523e+00,-0.7271
1173,6.615878e+00,1.242594e+01,1.431381e+01,7.697932e+00,0.6195
1174,-1.104592e+01,1.246239e+01,1.440624e+01,2.545216e+01,2.0423
1175,1.125210e+01,1.249909e+01,1.450247e+01,3.250367e+00,0.2600
1176,4.009595e+01,1.253603e+01,1.460234e+01,-2.549362e+01,-2.0336
1177,4.743979e+00,1.257322e+01,1.470585e+01,9.961869e+00,0.7923
1178,2.278323e+00,1.261064e+01,1.481301e+01,1.253469e+01,0.9940
1179,2.027600e+01,1.264831e+01,1.492368e+01,-5.352320e+00,-0.4232
1180,2.581396e+00,1.268621e+01,1.503777e+01,1.245638e+01,0.9819
1181,2.790198e+01,1.272434e+01,1.515524e+01,-1.274675e+01,-1.0018
1182,-3.941008e+00,1.276271e+01,1.527607e+01,1.921708e+01,1.5057
1183,7.887949e+00,1.280130e+01,1.540012e+01,7.512173e+00,0.5868
1184,1.258263e+01,1.284012e+01,1.552740e+01,2.944778e+00,0.2293
1185,1.249301e+01,1.287917e+01,1.565770e+01,3.164690e+00,0.2457
1186,2.646028e+01,1.291844e+01,1.579108e+01,-1.066920e+01,-0.8259
1187,1.675337e+01,1.295793e+01,1.592741e+01,-8.259559e-01,-0.0637
1188,1.572395e+01,1.299763e+01,1.606663e+01,3.426793e-01,0.0264
1189,1.086998e+01,1.303755e+01,1.620865e+01,5.338672e+00,0.4095
1190,-2.642260e+00,1.307768e+01,1.635341e+01,1.899567e+01,1.4525
1191,1.614500e+01,1.311802e+01,1.650078e+01,3.557772e-01,0.0271
1192,2.675497e+01,1.315857e+01,1.665075e+01,-1.010422e+01,-0.7679
1193,-5.588419e+00,1.319932e+01,1.680327e+01,2.239169e+01,1.6964
1194,1.522474e+01,1.324026e+01,1.695811e+01,1.733375e+00,0.1309
1195,1.706789e+01,1.328141e+01,1.711528e+01,4.739170e-02,0.0036
1196,2.905317e+01,1.332274e+01,1.727472e+01,-1.177845e+01,-0.8841
1197,6.807699e+00,1.336427e+01,1.743636e+01,1.062866e+01,0.7953
1198,3.274776e+01,1.340598e+01,1.759999e+01,-1.514777e+01,-1.1299
1199,2.844550e+01,1.344788e+01,1.776568e+01,-1.067982e+01,-0.7942
1200,1.570512e-01,1.348997e+01,1.793323e+01,1.777617e+01,1.3177
1201,2.448471e+01,1.353223e+01,1.810263e+01,-6.382076e+00,-0.4716
1202,4.013604e+01,1.357466e+01,1.827377e+01,-2.186228e+01,-1.6105
1203,3.546831e+01,1.361727e+01,1.844649e+01,-1.702182e+01,-1.2500
1204,3.765469e+00,1.366005e+01,1.862089e+01,1.485542e+01,1.0875
1205,1.965577e+01,1.370300e+01,1.879669e+01,-8.590787e-01,-0.0627
1206,2.409225e+01,1.374611e+01,1.897396e+01,-5.118291e+00,-0.3723
1207,3.793506e+01,1.378938e+01,1.915244e+01,-1.878262e+01,-1.3621
1208,1.286423e+01,1.383281e+01,1.933227e+01,6.468032e+00,0.4676
1209,1.143877e+01,1.387639e+01,1.951317e+01,8.074402e+00,0.5819
1210,2.686232e+01,1.392012e+01,1.969517e+01,-7.167153e+00,-0.5149
1211,2.511401e+01,1.396400e+01,1.987812e+01,-5.235891e+00,-0.3750
1212,9.355209e+00,1.400802e+01,2.006196e+01,1.070675e+01,0.7643
1213,5.329825e+01,1.405218e+01,2.024664e+01,-3.305161e+01,-2.3521
1214,1.273926e+01,1.409649e+01,2.043209e+01,7.692821e+00,0.5457
1215,2.798715e+00,1.414092e+01,2.061810e+01,1.781939e+01,1.2601
1216,-9.015941e+00,1.418549e+01,2.080470e+01,2.982064e+01,2.1022
1217,3.956079e+01,1.423018e+01,2.099174e+01,-1.856905e+01,-1.3049
1218,1.598549e+01,1.427500e+01,2.117917e+01,5.193681e+00,0.3638
1219,8.156217e+00,1.431994e+01,2.136685e+01,1.321063e+01,0.9225
1220,4.625773e+01,1.436500e+01,2.155472e+01,-2.470301e+01,-1.7197
1221,4.014841e+01,1.441017e+01,2.174265e+01,-1.840576e+01,-1.2773
1222,6.873029e+00,1.445546e+01,2.193066e+01,1.505763e+01,1.0417
1223,6.439632e+00,1.450085e+01,2.211853e+01,1.567889e+01,1.0812
1224,7.967394e+00,1.454635e+01,2.230628e+01,1.433888e+01,0.9857
1225,3.941992e+01,1.459196e+01,2.249378e+01,-1.692614e+01,-1.1600
1226,2.858450e+01,1.463766e+01,2.268097e+01,-5.903532e+00,-0.4033
1227,1.350442e+01,1.468346e+01,2.286771e+01,9.363283e+00,0.6377
1228,1.695936e+01,1.472935e+01,2.305402e+01,6.094659e+00,0.4138
1229,2.621278e+00,1.477534e+01,2.323977e+01,2.061849e+01,1.3955
1230,2.438729e+01,1.482141e+01,2.342489e+01,-9.623968e-01,-0.0649
1231,1.958979e+01,1.486756e+01,2.360926e+01,4.019468e+00,0.2704
1232,3.980581e+01,1.491379e+01,2.379289e+01,-1.601292e+01,-1.0737
1233,3.229284e+01,1.496010e+01,2.397549e+01,-8.317351e+00,-0.5560
1234,7.153526e+00,1.500649e+01,2.415716e+01,1.700364e+01,1.1331
1235,1.621235e+01,1.505295e+01,2.433777e+01,8.125415e+00,0.5398
1236,3.790549e+01,1.509947e+01,2.451725e+01,-1.338825e+01,-0.8867
1237,1.155746e+01,1.514606e+01,2.469539e+01,1.313793e+01,0.8674
1238,1.830951e+01,1.519272e+01,2.487229e+01,6.562774e+00,0.4320
1239,5.831478e+01,1.523943e+01,2.504773e+01,-3.326705e+01,-2.1830
1240,4.824031e+01,1.528621e+01,2.522166e+01,-2.301865e+01,-1.5058
1241,2.152797e+01,1.533304e+01,2.539410e+01,3.866130e+00,0.2521
1242,2.484499e+01,1.537992e+01,2.556490e+01,7.199056e-01,0.0468
1243,3.680318e+01,1.542684e+01,2.573394e+01,-1.106924e+01,-0.7175
1244,4.784449e+01,1.547382e+01,2.590122e+01,-2.194327e+01,-1.4181
1245,1.994271e+01,1.552084e+01,2.606655e+01,6.123841e+00,0.3946
1246,2.386814e+01,1.556790e+01,2.623000e+01,2.361867e+00,0.1517
1247,2.226662e+01,1.561500e+01,2.639138e+01,4.124757e+00,0.2642
1248,1.556996e+01,1.566214e+01,2.655069e+01,1.098073e+01,0.7011
1249,4.613455e+01,1.570931e+01,2.670773e+01,-1.942682e+01,-1.2366
1250,4.128646e+01,1.575651e+01,2.686251e+01,-1.442395e+01,-0.9154
1251,7.595748e+00,1.580374e+01,2.701504e+01,1.941929e+01,1.2288
1252,2.571938e+01,1.585100e+01,2.716512e+01,1.445738e+00,0.0912
1253,4.343858e+01,1.589828e+01,2.731276e+01,-1.612582e+01,-1.0143
1254,2.986207e+01,1.594559e+01,2.745798e+01,-2.404082e+00,-0.1508
1255,3.083629e+01,1.599291e+01,2.760066e+01,-3.235632e+00,-0.2023
1256,3.095908e+01,1.604025e+01,2.774073e+01,-3.218351e+00,-0.2006
1257,1.229270e+01,1.608761e+01,2.787813e+01,1.558544e+01,0.9688
1258,1.784474e+01,1.613498e+01,2.801296e+01,1.016823e+01,0.6302
1259,1.860923e+01,1.618236e+01,2.814493e+01,9.535706e+00,0.5893
1260,4.580923e+01,1.622975e+01,2.827422e+01,-1.753502e+01,-1.0804
1261,6.058420e+01,1.627715e+01,2.840060e+01,-3.218360e+01,-1.9772
1262,4.234598e+01,1.632456e+01,2.852403e+01,-1.382195e+01,-0.8467
1263,2.581311e+01,1.637198e+01,2.864451e+01,2.831400e+00,0.1729
1264,3.033164e+01,1.641939e+01,2.876207e+01,-1.569565e+00,-0.0956
1265,2.409935e+01,1.646681e+01,2.887650e+01,4.777143e+00,0.2901
1266,4.249141e-01,1.651423e+01,2.898780e+01,2.856289e+01,1.7296
1267,4.268390e+01,1.656165e+01,2.909600e+01,-1.358790e+01,-0.8204
1268,3.430818e+01,1.660907e+01,2.920104e+01,-5.107141e+00,-0.3075
1269,3.111859e+01,1.665648e+01,2.930285e+01,-1.815746e+00,-0.1090
1270,1.911907e+01,1.670388e+01,2.940145e+01,1.028238e+01,0.6156
1271,6.071141e+00,1.675128e+01,2.949670e+01,2.342556e+01,1.3984
1272,3.981312e+01,1.679867e+01,2.958862e+01,-1.022450e+01,-0.6086
1273,3.098240e+01,1.684605e+01,2.967714e+01,-1.305257e+00,-0.0775
1274,4.051390e+01,1.689342e+01,2.976229e+01,-1.075162e+01,-0.6364
1275,4.671209e+01,1.694078e+01,2.984407e+01,-1.686802e+01,-0.9957
1276,2.693739e+01,1.698813e+01,2.992234e+01,2.984946e+00,0.1757
1277,2.359746e+01,1.703547e+01,2.999719e+01,6.399736e+00,0.3757
1278,1.949226e+01,1.708279e+01,3.006849e+01,1.057623e+01,0.6191
1279,2.837793e+01,1.713010e+01,3.013617e+01,1.758243e+00,0.1026
1280,2.054745e+01,1.717739e+01,3.020040e+01,9.652953e+00,0.5620
1281,4.484745e+01,1.722467e+01,3.026088e+01,-1.458657e+01,-0.8468
1282,8.508925e+00,1.727194e+01,3.031778e+01,2.180885e+01,1.2627
1283,1.237285e+01,1.731919e+01,3.037102e+01,1.799817e+01,1.0392
1284,1.585212e+01,1.736643e+01,3.042049e+01,1.456837e+01,0.8389
1285,1.859945e+01,1.741364e+01,3.046625e+01,1.186680e+01,0.6815
1286,6.396951e+01,1.746084e+01,3.050824e+01,-3.346127e+01,-1.9164
1287,1.156318e+01,1.750803e+01,3.054655e+01,1.898337e+01,1.0843
1288,1.255431e+01,1.755520e+01,3.058103e+01,1.802672e+01,1.0269
1289,5.980602e+01,1.760235e+01,3.061178e+01,-2.919424e+01,-1.6585
1290,1.502360e+01,1.764948e+01,3.063880e+01,1.561519e+01,0.8847
1291,1.674803e+01,1.769659e+01,3.066202e+01,1.391399e+01,0.7863
1292,7.023697e+01,1.774369e+01,3.068152e+01,-3.955545e+01,-2.2293
1293,3.519471e+01,1.779077e+01,3.069731e+01,-4.497397e+00,-0.2528
1294,1.584992e+01,1.783783e+01,3.070926e+01,1.485934e+01,0.8330
1295,3.321778e+01,1.788488e+01,3.071744e+01,-2.500343e+00,-0.1398
1296,3.759344e+01,1.793192e+01,3.072185e+01,-6.871586e+00,-0.3832
1297,6.109922e+01,1.797894e+01,3.072244e+01,-3.037678e+01,-1.6896
1298,6.713030e+01,1.802595e+01,3.071927e+01,-3.641102e+01,-2.0199
1299,3.165508e+01,1.807295e+01,3.071222e+01,-9.428656e-01,-0.0522
1300,3.035789e+01,1.811993e+01,3.070143e+01,3.435397e-01,0.0190
1301,1.020349e+01,1.816690e+01,3.068675e+01,2.048326e+01,1.1275
1302,3.382549e+01,1.821387e+01,3.066842e+01,-3.157067e+00,-0.1733
1303,-8.244130e+00,1.826082e+01,3.064629e+01,3.889042e+01,2.1297
1304,4.330802e+01,1.830776e+01,3.062037e+01,-1.268765e+01,-0.6930
1305,2.804610e+01,1.835470e+01,3.059081e+01,2.544713e+00,0.1386
1306,5.647372e+00,1.840163e+01,3.055754e+01,2.491017e+01,1.3537
1307,5.823334e+01,1.844855e+01,3.052056e+01,-2.771278e+01,-1.5022
1308,1.319890e+01,1.849547e+01,3.047995e+01,1.728105e+01,0.9343
1309,2.459087e+01,1.854238e+01,3.043563e+01,5.844763e+00,0.3152
1310,3.167326e+01,1.858929e+01,3.038769e+01,-1.285567e+00,-0.0692
1311,3.751702e+01,1.863620e+01,3.033613e+01,-7.180883e+00,-0.3853
1312,6.060054e+01,1.868312e+01,3.028095e+01,-3.031959e+01,-1.6228
1313,4.912957e+01,1.873004e+01,3.022215e+01,-1.890742e+01,-1.0095
1314,1.069509e+01,1.877696e+01,3.015980e+01,1.946472e+01,1.0366
1315,3.461287e+01,1.882389e+01,3.009399e+01,-4.518878e+00,-0.2401
1316,3.384976e+01,1.887083e+01,3.002463e+01,-3.825130e+00,-0.2027
1317,9.653529e+00,1.891778e+01,2.995196e+01,2.029843e+01,1.0730
1318,1.611383e+01,1.896475e+01,2.987581e+01,1.376198e+01,0.7257
1319,5.306391e+01,1.901172e+01,2.979642e+01,-2.326748e+01,-1.2238
1320,5.183057e+01,1.905872e+01,2.971371e+01,-2.211686e+01,-1.1605
1321,5.524072e+01,1.910573e+01,2.962776e+01,-2.561296e+01,-1.3406
1322,3.260297e+01,1.915276e+01,2.953862e+01,-3.064341e+00,-0.1600
1323,4.767254e+01,1.919981e+01,2.944632e+01,-1.822622e+01,-0.9493
1324,4.142960e+01,1.924688e+01,2.935091e+01,-1.207869e+01,-0.6276
1325,4.675142e+01,1.929397e+01,2.925232e+01,-1.749910e+01,-0.9070
1326,1.006034e+01,1.934110e+01,2.915069e+01,1.909036e+01,0.9870
1327,-9.355860e+00,1.938825e+01,2.904604e+01,3.840190e+01,1.9807
1328,2.366419e+01,1.943544e+01,2.893834e+01,5.274144e+00,0.2714
1329,3.769037e+01,1.948267e+01,2.882774e+01,-8.862621e+00,-0.4549
1330,2.015375e+01,1.952993e+01,2.871425e+01,8.560501e+00,0.4383
1331,4.343477e+00,1.957723e+01,2.859794e+01,2.425446e+01,1.2389
1332,3.143829e+01,1.962458e+01,2.847879e+01,-2.959499e+00,-0.1508
1333,3.702150e+01,1.967197e+01,2.835688e+01,-8.664624e+00,-0.4405
1334,3.203381e+01,1.971941e+01,2.823235e+01,-3.801455e+00,-0.1928
1335,4.605029e+00,1.976690e+01,2.810513e+01,2.350010e+01,1.1889
1336,5.391769e+01,1.981445e+01,2.797535e+01,-2.594234e+01,-1.3093
1337,4.833069e+01,1.986205e+01,2.784301e+01,-2.048767e+01,-1.0315
1338,3.490520e+01,1.990970e+01,2.770826e+01,-7.196936e+00,-0.3615
1339,1.556705e+01,1.995742e+01,2.757101e+01,1.200397e+01,0.6015
1340,1.657446e+01,2.000520e+01,2.743149e+01,1.085703e+01,0.5427
1341,5.169847e+01,2.005304e+01,2.728953e+01,-2.440894e+01,-1.2172
1342,-1.729537e+01,2.010095e+01,2.714542e+01,4.444079e+01,2.2109
1343,4.458587e+00,2.014894e+01,2.699901e+01,2.254043e+01,1.1187
1344,3.999250e+01,2.019700e+01,2.685052e+01,-1.314197e+01,-0.6507
1345,6.482233e+01,2.024514e+01,2.669987e+01,-3.812246e+01,-1.8830
1346,2.341024e+01,2.029336e+01,2.654719e+01,3.136947e+00,0.1546
1347,2.613234e+01,2.034166e+01,2.639248e+01,2.601408e-01,0.0128
1348,3.191893e+00,2.039005e+01,2.623580e+01,2.304391e+01,1.1302
1349,2.628187e+01,2.043852e+01,2.607730e+01,-2.045727e-01,-0.0100
1350,6.052277e+01,2.048709e+01,2.591704e+01,-3.460572e+01,-1.6891
1351,2.804993e+01,2.053576e+01,2.575501e+01,-2.294922e+00,-0.1118
1352,-4.693679e+00,2.058453e+01,2.559135e+01,3.028503e+01,1.4713
1353,4.105775e+01,2.063340e+01,2.542604e+01,-1.563170e+01,-0.7576
1354,2.219139e+01,2.068237e+01,2.525938e+01,3.067992e+00,0.1483
1355,2.820553e+01,2.073145e+01,2.509119e+01,-3.114334e+00,-0.1502
1356,4.728218e+01,2.078064e+01,2.492170e+01,-2.236048e+01,-1.0760
1357,5.812417e+01,2.082994e+01,2.475096e+01,-3.337321e+01,-1.6022
1358,-4.465166e+00,2.087936e+01,2.457888e+01,2.904405e+01,1.3910
1359,-1.322133e+01,2.092889e+01,2.440568e+01,3.762701e+01,1.7978
1360,2.189854e+01,2.097855e+01,2.423141e+01,2.332871e+00,0.1112
1361,5.639404e+01,2.102834e+01,2.405606e+01,-3.233798e+01,-1.5378
1362,1.525758e+01,2.107825e+01,2.387969e+01,8.622114e+00,0.4091
1363,4.534910e+00,2.112830e+01,2.370244e+01,1.916753e+01,0.9072
1364,5.554752e+01,2.117848e+01,2.352430e+01,-3.202322e+01,-1.5121
1365,-1.108992e+01,2.122880e+01,2.334539e+01,3.443531e+01,1.6221
1366,9.705137e+00,2.127926e+01,2.316578e+01,1.346064e+01,0.6326
1367,3.497744e+01,2.132987e+01,2.298553e+01,-1.199191e+01,-0.5622
1368,-6.319791e-01,2.138062e+01,2.280462e+01,2.343660e+01,1.0962
1369,5.365168e+00,2.143153e+01,2.262327e+01,1.725810e+01,0.8053
1370,3.207260e+01,2.148259e+01,2.244153e+01,-9.631074e+00,-0.4483
1371,3.559219e+01,2.153381e+01,2.225931e+01,-1.333288e+01,-0.6192
1372,-1.553137e+01,2.158518e+01,2.207690e+01,3.760826e+01,1.7423
1373,1.508621e+01,2.163672e+01,2.189420e+01,6.807998e+00,0.3147
1374,4.909950e+00,2.168842e+01,2.171136e+01,1.680141e+01,0.7747
1375,-2.264606e+00,2.174029e+01,2.152843e+01,2.379304e+01,1.0944
1376,2.323256e+01,2.179234e+01,2.134554e+01,-1.887022e+00,-0.0866
1377,2.730241e+01,2.184456e+01,2.116261e+01,-6.139797e+00,-0.2811
1378,1.767629e+01,2.189696e+01,2.097984e+01,3.303550e+00,0.1509
1379,4.354628e+01,2.194953e+01,2.079722e+01,-2.274905e+01,-1.0364
1380,6.808423e+01,2.200230e+01,2.061489e+01,-4.746935e+01,-2.1575
1381,2.826512e+01,2.205525e+01,2.043274e+01,-7.832377e+00,-0.3551
1382,-2.110028e+01,2.210839e+01,2.025100e+01,4.135128e+01,1.8704
1383,5.860575e+00,2.216172e+01,2.006965e+01,1.420907e+01,0.6412
1384,5.597929e+00,2.221525e+01,1.988874e+01,1.429081e+01,0.6433
1385,2.370610e+01,2.226898e+01,1.970841e+01,-3.997688e+00,-0.1795
1386,6.912587e+00,2.232292e+01,1.952872e+01,1.261613e+01,0.5652
1387,3.954400e+01,2.237705e+01,1.934973e+01,-2.019427e+01,-0.9025
1388,1.552787e+01,2.243139e+01,1.917149e+01,3.643617e+00,0.1624
1389,-5.086874e+00,2.248595e+01,1.899407e+01,2.408095e+01,1.0709
1390,4.794595e+00,2.254072e+01,1.881761e+01,1.402301e+01,0.6221
1391,6.639985e+01,2.259570e+01,1.864208e+01,-4.775777e+01,-2.1136
1392,2.799287e+01,2.265090e+01,1.846762e+01,-9.525249e+00,-0.4205
1393,1.470332e+01,2.270633e+01,1.829422e+01,3.590897e+00,0.1581
1394,7.312957e+00,2.276197e+01,1.812194e+01,1.080898e+01,0.4749
1395,-2.019020e+00,2.281785e+01,1.795090e+01,1.996992e+01,0.8752
1396,3.321944e+01,2.287395e+01,1.778103e+01,-1.543841e+01,-0.6749
1397,5.612702e+01,2.293029e+01,1.761253e+01,-3.851450e+01,-1.6796
1398,2.764950e+01,2.298686e+01,1.744538e+01,-1.020412e+01,-0.4439
1399,7.557478e+00,2.304367e+01,1.727965e+01,9.722172e+00,0.4219
1400,3.238526e+01,2.310072e+01,1.711540e+01,-1.526986e+01,-0.6610
1401,1.221707e+01,2.315801e+01,1.695268e+01,4.735612e+00,0.2045
1402,1.892841e+01,2.321555e+01,1.679156e+01,-2.136850e+00,-0.0920
1403,3.096045e+01,2.327333e+01,1.663202e+01,-1.432844e+01,-0.6157
1404,2.199637e+01,2.333136e+01,1.647419e+01,-5.522188e+00,-0.2367
1405,4.566319e+01,2.338965e+01,1.631812e+01,-2.934507e+01,-1.2546
1406,-8.408784e+00,2.344818e+01,1.616388e+01,2.457267e+01,1.0480
1407,-3.992712e+00,2.350698e+01,1.601138e+01,2.000409e+01,0.8510
1408,1.233671e+00,2.356604e+01,1.586082e+01,1.462715e+01,0.6207
1409,1.076475e+01,2.362535e+01,1.571211e+01,4.947358e+00,0.2094
1410,-1.429477e+01,2.368494e+01,1.556538e+01,2.986015e+01,1.2607
1411,1.841710e+01,2.374478e+01,1.542063e+01,-2.996470e+00,-0.1262
1412,-8.734699e+00,2.380490e+01,1.527797e+01,2.401267e+01,1.0087
1413,4.563181e+00,2.386528e+01,1.513741e+01,1.057423e+01,0.4431
1414,2.670577e+01,2.392594e+01,1.499899e+01,-1.170679e+01,-0.4893
1415,3.077014e+01,2.398686e+01,1.486270e+01,-1.590745e+01,-0.6632
1416,3.094371e+01,2.404807e+01,1.472867e+01,-1.621503e+01,-0.6743
1417,1.351302e+01,2.410956e+01,1.459690e+01,1.083884e+00,0.0450
1418,2.011616e+01,2.417133e+01,1.446744e+01,-5.648721e+00,-0.2337
1419,4.938391e+01,2.423337e+01,1.434035e+01,-3.504356e+01,-1.4461
1420,9.350166e+00,2.429570e+01,1.421562e+01,4.865454e+00,0.2003
1421,1.079334e+00,2.435831e+01,1.409331e+01,1.301397e+01,0.5343
1422,-1.534636e+00,2.442122e+01,1.397347e+01,1.550811e+01,0.6350
1423,2.865263e+01,2.448441e+01,1.385603e+01,-1.479660e+01,-0.6043
1424,3.530380e+01,2.454789e+01,1.374119e+01,-2.156261e+01,-0.8784
1425,2.385649e+00,2.461167e+01,1.362886e+01,1.124322e+01,0.4568
1426,3.455802e+00,2.467574e+01,1.351912e+01,1.006331e+01,0.4078
1427,3.745602e+01,2.474010e+01,1.341193e+01,-2.404409e+01,-0.9719
1428,-1.863182e+01,2.480477e+01,1.330737e+01,3.193920e+01,1.2876
1429,3.413116e+01,2.486973e+01,1.320543e+01,-2.092572e+01,-0.8414
1430,7.611508e+01,2.493499e+01,1.310617e+01,-6.300891e+01,-2.5269
1431,-1.778453e+01,2.500056e+01,1.300965e+01,3.079418e+01,1.2317
1432,-6.776039e+00,2.506643e+01,1.291586e+01,1.969190e+01,0.7856
1433,1.728155e+01,2.513260e+01,1.282479e+01,-4.456763e+00,-0.1773
1434,-1.656279e+01,2.519908e+01,1.273643e+01,2.929921e+01,1.1627
1435,1.751399e+01,2.526586e+01,1.265091e+01,-4.863073e+00,-0.1925
1436,9.852903e+00,2.533296e+01,1.256817e+01,2.715263e+00,0.1072
1437,5.153506e+01,2.540036e+01,1.248817e+01,-3.904689e+01,-1.5373
1438,9.573342e+00,2.546807e+01,1.241107e+01,2.837730e+00,0.1114
1439,1.155239e+01,2.553609e+01,1.233686e+01,7.844648e-01,0.0307
1440,1.957343e+01,2.560443e+01,1.226544e+01,-7.307983e+00,-0.2854
1441,-1.801288e+01,2.567308e+01,1.219690e+01,3.020978e+01,1.1767
1442,2.463000e+01,2.574205e+01,1.213122e+01,-1.249879e+01,-0.4855
1443,1.575636e+01,2.581133e+01,1.206838e+01,-3.687976e+00,-0.1429
1444,-1.775481e+01,2.588093e+01,1.200847e+01,2.976328e+01,1.1500
1445,-1.558187e+01,2.595085e+01,1.195147e+01,2.753334e+01,1.0610
1446,-2.966431e+00,2.602109e+01,1.189737e+01,1.486380e+01,0.5712
1447,3.902302e+01,2.609164e+01,1.184617e+01,-2.717684e+01,-1.0416
1448,5.388878e+01,2.616252e+01,1.179787e+01,-4.209091e+01,-1.6088
1449,2.037242e+01,2.623372e+01,1.175252e+01,-8.619902e+00,-0.3286
1450,-6.678522e+01,2.630523e+01,1.171006e+01,7.849528e+01,2.9840
1451,2.314083e+01,2.637707e+01,1.167054e+01,-1.147029e+01,-0.4349
1452,3.873956e+01,2.644923e+01,1.163389e+01,-2.710567e+01,-1.0248
1453,-1.972993e+01,2.652171e+01,1.160019e+01,3.133012e+01,1.1813
1454,-1.324393e+00,2.659451e+01,1.156941e+01,1.289380e+01,0.4848
1455,3.097289e+01,2.666764e+01,1.154149e+01,-1.943140e+01,-0.7287
1456,-2.106875e+01,2.674109e+01,1.151649e+01,3.258525e+01,1.2185
1457,1.837996e+01,2.681487e+01,1.149442e+01,-6.885545e+00,-0.2568
1458,1.485588e+01,2.688897e+01,1.147511e+01,-3.380764e+00,-0.1257
1459,9.417846e+00,2.696339e+01,1.145872e+01,2.040874e+00,0.0757
1460,4.759246e+01,2.703815e+01,1.144524e+01,-3.614722e+01,-1.3369
1461,8.152372e+00,2.711322e+01,1.143451e+01,3.282143e+00,0.1211
1462,3.770273e+01,2.718863e+01,1.142662e+01,-2.627611e+01,-0.9664
1463,8.182711e+01,2.726435e+01,1.142156e+01,-7.040555e+01,-2.5823
1464,1.005904e+01,2.734042e+01,1.141925e+01,1.360212e+00,0.0498
1465,-2.865718e+01,2.741680e+01,1.141976e+01,4.007694e+01,1.4618
1466,2.006329e+01,2.749351e+01,1.142303e+01,-8.640266e+00,-0.3143
1467,-1.865994e+01,2.757054e+01,1.142897e+01,3.008891e+01,1.0913
1468,1.822314e+01,2.764790e+01,1.143773e+01,-6.785409e+00,-0.2454
1469,3.836915e+00,2.772559e+01,1.144909e+01,7.612172e+00,0.2746
1470,8.633525e+00,2.780360e+01,1.146320e+01,2.829671e+00,0.1018
1471,-5.119947e+01,2.788194e+01,1.147990e+01,6.267938e+01,2.2480
1472,5.227939e+01,2.796060e+01,1.149929e+01,-4.078010e+01,-1.4585
1473,2.735592e+01,2.803959e+01,1.152120e+01,-1.583472e+01,-0.5647
1474,2.427386e+01,2.811890e+01,1.154578e+01,-1.272808e+01,-0.4527
1475,2.502962e+01,2.819855e+01,1.157282e+01,-1.345680e+01,-0.4772
1476,4.959703e+00,2.827851e+01,1.160247e+01,6.642763e+00,0.2349
1477,4.813883e+01,2.835880e+01,1.163457e+01,-3.650426e+01,-1.2872
1478,3.314687e+01,2.843942e+01,1.166906e+01,-2.147781e+01,-0.7552
1479,-1.395904e+01,2.852036e+01,1.170609e+01,2.566513e+01,0.8999
1480,2.660903e+01,2.860163e+01,1.174543e+01,-1.486360e+01,-0.5197
1481,4.216914e+01,2.868323e+01,1.178725e+01,-3.038189e+01,-1.0592
1482,5.242429e+01,2.876514e+01,1.183131e+01,-4.059298e+01,-1.4112
1483,-9.743553e+00,2.884737e+01,1.187770e+01,2.162125e+01,0.7495
1484,-1.086394e+01,2.892992e+01,1.192635e+01,2.279029e+01,0.7878
1485,-1.858871e+01,2.901280e+01,1.197726e+01,3.056596e+01,1.0535
1486,9.215585e+00,2.909599e+01,1.203028e+01,2.814699e+00,0.0967
1487,2.651920e+01,2.917951e+01,1.208551e+01,-1.443369e+01,-0.4947
1488,1.653478e+01,2.926334e+01,1.214285e+01,-4.391923e+00,-0.1501
1489,4.038950e+01,2.934749e+01,1.220226e+01,-2.818724e+01,-0.9605
1490,2.542379e+01,2.943196e+01,1.226373e+01,-1.316006e+01,-0.4471
1491,-9.988492e+00,2.951675e+01,1.232712e+01,2.231561e+01,0.7560
1492,3.497102e+01,2.960185e+01,1.239251e+01,-2.257852e+01,-0.7627
1493,5.689263e+00,2.968727e+01,1.245983e+01,6.770564e+00,0.2281
1494,-1.668182e+01,2.977301e+01,1.252894e+01,2.921076e+01,0.9811
1495,1.195929e+01,2.985906e+01,1.259992e+01,6.406276e-01,0.0215
1496,3.597981e+01,2.994543e+01,1.267270e+01,-2.330711e+01,-0.7783
1497,-1.446318e+01,3.003211e+01,1.274714e+01,2.721032e+01,0.9060
1498,1.449769e+01,3.011910e+01,1.282333e+01,-1.674363e+00,-0.0556
1499,6.884820e+00,3.020640e+01,1.290112e+01,6.016301e+00,0.1992
1500,1.334218e+01,3.029401e+01,1.298052e+01,-3.616663e-01,-0.0119
1501,-2.425978e+01,3.038194e+01,1.306146e+01,3.732124e+01,1.2284
1502,-5.331316e+01,3.047016e+01,1.314388e+01,6.645704e+01,2.1811
1503,-8.489655e-01,3.055870e+01,1.322779e+01,1.407675e+01,0.4606
1504,4.040325e+01,3.064754e+01,1.331305e+01,-2.709020e+01,-0.8839
1505,3.460472e+01,3.073669e+01,1.339975e+01,-2.120497e+01,-0.6899
1506,-3.748642e+00,3.082614e+01,1.348767e+01,1.723631e+01,0.5591
1507,4.014819e+01,3.091589e+01,1.357691e+01,-2.657129e+01,-0.8595
1508,8.448160e+01,3.100595e+01,1.366739e+01,-7.081421e+01,-2.2839
1509,-1.436133e-01,3.109632e+01,1.375899e+01,1.390260e+01,0.4471
1510,4.163735e+01,3.118698e+01,1.385171e+01,-2.778564e+01,-0.8909
1511,1.659088e+01,3.127794e+01,1.394549e+01,-2.645394e+00,-0.0846
1512,4.789004e+01,3.136921e+01,1.404035e+01,-3.384969e+01,-1.0791
1513,2.836077e+01,3.146078e+01,1.413614e+01,-1.422463e+01,-0.4521
1514,1.365895e+01,3.155263e+01,1.423281e+01,5.738562e-01,0.0182
1515,-4.750009e+00,3.164479e+01,1.433044e+01,1.908045e+01,0.6030
1516,2.066706e+01,3.173724e+01,1.442890e+01,-6.238157e+00,-0.1966
1517,-1.048916e-01,3.182998e+01,1.452813e+01,1.463302e+01,0.4597
1518,1.647711e+00,3.192301e+01,1.462806e+01,1.298034e+01,0.4066
1519,6.017393e+01,3.201634e+01,1.472870e+01,-4.544523e+01,-1.4194
1520,-4.920307e+01,3.210996e+01,1.482993e+01,6.403300e+01,1.9942
1521,-4.822371e+01,3.220387e+01,1.493175e+01,6.315546e+01,1.9611
1522,4.159723e+01,3.229807e+01,1.503418e+01,-2.656305e+01,-0.8224
1523,3.308411e+01,3.239255e+01,1.513701e+01,-1.794711e+01,-0.5541
1524,5.023414e+01,3.248732e+01,1.524025e+01,-3.499389e+01,-1.0772
1525,5.564500e+01,3.258238e+01,1.534384e+01,-4.030116e+01,-1.2369
1526,-4.994387e+01,3.267772e+01,1.544779e+01,6.539166e+01,2.0011
1527,-4.373374e+01,3.277334e+01,1.555205e+01,5.928579e+01,1.8090
1528,4.565759e+00,3.286926e+01,1.565648e+01,1.109072e+01,0.3374
1529,4.745718e+01,3.296546e+01,1.576109e+01,-3.169609e+01,-0.9615
1530,3.773293e+01,3.306193e+01,1.586582e+01,-2.186711e+01,-0.6614
1531,6.569857e+01,3.315868e+01,1.597062e+01,-4.972796e+01,-1.4997
1532,1.164287e+01,3.325571e+01,1.607548e+01,4.432616e+00,0.1333
1533,4.636334e+01,3.335302e+01,1.618022e+01,-3.018312e+01,-0.9050
1534,-6.241105e+00,3.345061e+01,1.628491e+01,2.252601e+01,0.6734
1535,5.421124e+01,3.354847e+01,1.638949e+01,-3.782175e+01,-1.1274
1536,-3.748031e+01,3.364660e+01,1.649383e+01,5.397414e+01,1.6041
1537,1.419814e+01,3.374501e+01,1.659787e+01,2.399731e+00,0.0711
1538,3.489754e+01,3.384370e+01,1.670170e+01,-1.819585e+01,-0.5376
1539,3.654706e+01,3.394265e+01,1.680510e+01,-1.974196e+01,-0.5816
1540,2.594149e+01,3.404188e+01,1.690817e+01,-9.033317e+00,-0.2654
1541,6.481275e+01,3.414137e+01,1.701077e+01,-4.780199e+01,-1.4001
1542,8.158187e+01,3.424114e+01,1.711291e+01,-6.446897e+01,-1.8828
1543,-2.679820e+01,3.434117e+01,1.721446e+01,4.401266e+01,1.2816
1544,-9.899835e+00,3.444148e+01,1.731551e+01,2.721534e+01,0.7902
1545,-5.576287e-01,3.454205e+01,1.741584e+01,1.797347e+01,0.5203
1546,-3.953011e+00,3.464289e+01,1.751548e+01,2.146849e+01,0.6197
1547,4.174227e+01,3.474399e+01,1.761442e+01,-2.412785e+01,-0.6944
1548,1.725783e+01,3.484535e+01,1.771263e+01,4.547957e-01,0.0131
1549,-2.544144e+00,3.494698e+01,1.780995e+01,2.035409e+01,0.5824
1550,4.271225e+01,3.504887e+01,1.790640e+01,-2.480585e+01,-0.7078
1551,3.200514e+01,3.515103e+01,1.800192e+01,-1.400322e+01,-0.3984
1552,5.238456e+01,3.525344e+01,1.809645e+01,-3.428810e+01,-0.9726
1553,-1.249441e+01,3.535612e+01,1.819001e+01,3.068442e+01,0.8679
1554,-7.246801e+01,3.545906e+01,1.828254e+01,9.075054e+01,2.5593
1555,3.368378e+01,3.556226e+01,1.837390e+01,-1.530988e+01,-0.4305
1556,1.910695e+01,3.566571e+01,1.846419e+01,-6.427672e-01,-0.0180
1557,2.661720e+01,3.576943e+01,1.855334e+01,-8.063857e+00,-0.2254
1558,6.855611e+01,3.587340e+01,1.864123e+01,-4.991488e+01,-1.3914
1559,3.230277e+01,3.597763e+01,1.872793e+01,-1.357484e+01,-0.3773
1560,2.010117e+01,3.608212e+01,1.881333e+01,-1.287839e+00,-0.0357
1561,-2.844117e+01,3.618687e+01,1.889743e+01,4.733860e+01,1.3082
1562,2.371041e+01,3.629187e+01,1.898018e+01,-4.730234e+00,-0.1303
1563,3.029717e+00,3.639712e+01,1.906158e+01,1.603186e+01,0.4405
1564,3.321517e+00,3.650263e+01,1.914158e+01,1.582006e+01,0.4334
1565,1.304399e+01,3.660840e+01,1.922012e+01,6.176125e+00,0.1687
1566,3.997462e+01,3.671442e+01,1.929713e+01,-2.067748e+01,-0.5632
1567,6.648248e+01,3.682069e+01,1.937272e+01,-4.710976e+01,-1.2794
1568,-7.867633e+01,3.692721e+01,1.944673e+01,9.812306e+01,2.6572
1569,3.333068e+01,3.703400e+01,1.951911e+01,-1.381157e+01,-0.3729
1570,1.658881e+00,3.714103e+01,1.958996e+01,1.793107e+01,0.4828
1571,6.263439e+00,3.724832e+01,1.965904e+01,1.339561e+01,0.3596
1572,1.085131e+02,3.735586e+01,1.972654e+01,-8.878658e+01,-2.3768
1573,-2.009971e+01,3.746365e+01,1.979232e+01,3.989203e+01,1.0648
1574,-7.029996e+01,3.757170e+01,1.985630e+01,9.015626e+01,2.3996
1575,-3.634999e+01,3.768000e+01,1.991859e+01,5.626858e+01,1.4933
1576,-2.600111e+01,3.778855e+01,1.997911e+01,4.598021e+01,1.2168
1577,7.132603e+00,3.789737e+01,2.003780e+01,1.290520e+01,0.3405
1578,3.259080e+01,3.800642e+01,2.009475e+01,-1.249604e+01,-0.3288
1579,4.678929e+01,3.811573e+01,2.014983e+01,-2.663946e+01,-0.6989
1580,-1.187050e+01,3.822529e+01,2.020304e+01,3.207354e+01,0.8391
1581,-4.190892e+01,3.833511e+01,2.025440e+01,6.216332e+01,1.6216
1582,3.161800e+01,3.844517e+01,2.030391e+01,-1.131409e+01,-0.2943
1583,7.827566e+00,3.855549e+01,2.035144e+01,1.252387e+01,0.3248
1584,-6.441267e+01,3.866607e+01,2.039707e+01,8.480974e+01,2.1934
1585,4.660135e+01,3.877690e+01,2.044067e+01,-2.616068e+01,-0.6746
1586,1.152917e+01,3.888798e+01,2.048231e+01,8.953144e+00,0.2302
1587,3.223470e+01,3.899932e+01,2.052194e+01,-1.171276e+01,-0.3003
1588,4.962961e+01,3.911091e+01,2.055948e+01,-2.907013e+01,-0.7433
1589,3.391667e+01,3.922276e+01,2.059503e+01,-1.332163e+01,-0.3396
1590,2.793313e+00,3.933486e+01,2.062851e+01,1.783520e+01,0.4534
1591,1.797881e+01,3.944722e+01,2.065994e+01,2.681131e+00,0.0680
1592,8.617915e+01,3.955984e+01,2.068925e+01,-6.548990e+01,-1.6555
1593,5.039371e+01,3.967272e+01,2.071644e+01,-2.967727e+01,-0.7481
1594,1.200007e+01,3.978586e+01,2.074153e+01,8.741464e+00,0.2197
1595,-3.411405e+01,3.989924e+01,2.076445e+01,5.487850e+01,1.3754
1596,-9.266392e+00,4.001289e+01,2.078527e+01,3.005166e+01,0.7510
1597,2.062368e+01,4.012680e+01,2.080394e+01,1.802635e-01,0.0045
1598,3.137991e+01,4.024096e+01,2.082046e+01,-1.055945e+01,-0.2624
1599,4.702279e+01,4.035539e+01,2.083483e+01,-2.618796e+01,-0.6489
1600,-2.359548e+00,4.047008e+01,2.084699e+01,2.320653e+01,0.5734
1601,1.693859e+01,4.058503e+01,2.085701e+01,3.918423e+00,0.0965
1602,-3.588021e+01,4.070025e+01,2.086484e+01,5.674505e+01,1.3942
1603,4.352402e+01,4.081573e+01,2.087040e+01,-2.265363e+01,-0.5550
1604,6.099219e+01,4.093148e+01,2.087384e+01,-4.011835e+01,-0.9801
1605,5.449091e+01,4.104749e+01,2.087502e+01,-3.361589e+01,-0.8190
1606,5.650382e+01,4.116377e+01,2.087402e+01,-3.562980e+01,-0.8656
1607,2.746575e+01,4.128032e+01,2.087078e+01,-6.594973e+00,-0.1598
1608,1.322286e+01,4.139715e+01,2.086529e+01,7.642432e+00,0.1846
1609,-1.715587e+01,4.151425e+01,2.085756e+01,3.801343e+01,0.9157
1610,5.102298e+01,4.163162e+01,2.084767e+01,-3.017531e+01,-0.7248
1611,1.314931e+02,4.174925e+01,2.083570e+01,-1.106574e+02,-2.6505
1612,-2.119776e+01,4.186716e+01,2.082150e+01,4.201926e+01,1.0036
1613,5.286240e+01,4.198534e+01,2.080514e+01,-3.205726e+01,-0.7635
1614,-2.291705e+01,4.210380e+01,2.078671e+01,4.370376e+01,1.0380
1615,4.538120e+01,4.222254e+01,2.076621e+01,-2.461499e+01,-0.5830
1616,-8.631798e+01,4.234156e+01,2.074357e+01,1.070615e+02,2.5285
1617,7.303584e+01,4.246086e+01,2.071878e+01,-5.231706e+01,-1.2321
1618,8.395066e+01,4.258044e+01,2.069193e+01,-6.325873e+01,-1.4856
1619,7.579432e+01,4.270030e+01,2.066294e+01,-5.513138e+01,-1.2911
1620,-4.433408e+01,4.282045e+01,2.063196e+01,6.496604e+01,1.5172
1621,1.722523e+00,4.294089e+01,2.059877e+01,1.887624e+01,0.4396
1622,7.074143e+01,4.306161e+01,2.056359e+01,-5.017784e+01,-1.1653
1623,3.551170e+01,4.318262e+01,2.052635e+01,-1.498535e+01,-0.3470
1624,-3.529071e+01,4.330394e+01,2.048705e+01,5.577776e+01,1.2881
1625,-1.896022e+01,4.342555e+01,2.044576e+01,3.940599e+01,0.9074
1626,1.145499e+02,4.354744e+01,2.040256e+01,-9.414732e+01,-2.1619
1627,-1.332346e+01,4.366964e+01,2.035730e+01,3.368075e+01,0.7713
1628,-5.013016e+01,4.379213e+01,2.031012e+01,7.044028e+01,1.6085
1629,5.066081e+01,4.391491e+01,2.026102e+01,-3.039979e+01,-0.6922
1630,1.146085e+02,4.403800e+01,2.020993e+01,-9.439852e+01,-2.1436
1631,3.233516e+01,4.416139e+01,2.015700e+01,-1.217816e+01,-0.2758
1632,6.509017e+01,4.428509e+01,2.010215e+01,-4.498803e+01,-1.0159
1633,-4.359233e+00,4.440910e+01,2.004544e+01,2.440468e+01,0.5495
1634,-3.949642e+00,4.453341e+01,1.998689e+01,2.393653e+01,0.5375
1635,1.970474e+01,4.465803e+01,1.992640e+01,2.216609e-01,0.0050
1636,3.870157e+01,4.478297e+01,1.986413e+01,-1.883744e+01,-0.4206
1637,-1.402531e+01,4.490822e+01,1.980015e+01,3.382546e+01,0.7532
1638,1.624850e+01,4.503379e+01,1.973431e+01,3.485808e+00,0.0774
1639,8.596482e+01,4.515968e+01,1.966675e+01,-6.629807e+01,-1.4681
1640,3.762580e+01,4.528590e+01,1.959753e+01,-1.802827e+01,-0.3981
1641,-3.359144e+01,4.541244e+01,1.952667e+01,5.311811e+01,1.1697
1642,3.447900e+01,4.553930e+01,1.945414e+01,-1.502486e+01,-0.3299
1643,4.750807e+01,4.566649e+01,1.938003e+01,-2.812804e+01,-0.6159
1644,-2.365821e+01,4.579401e+01,1.930440e+01,4.296261e+01,0.9382
1645,-1.627043e+01,4.592186e+01,1.922718e+01,3.549761e+01,0.7730
1646,7.008150e+01,4.605003e+01,1.914835e+01,-5.093315e+01,-1.1060
1647,-4.238262e+01,4.617855e+01,1.906813e+01,6.145076e+01,1.3307
1648,2.196088e+01,4.630740e+01,1.898638e+01,-2.974501e+00,-0.0642
1649,3.924901e+00,4.643660e+01,1.890315e+01,1.497825e+01,0.3226
1650,9.250091e+01,4.656614e+01,1.881845e+01,-7.368246e+01,-1.5823
1651,5.767484e+01,4.669602e+01,1.873241e+01,-3.894243e+01,-0.8340
1652,1.305040e+01,4.682625e+01,1.864503e+01,5.594626e+00,0.1195
1653,1.346704e+01,4.695683e+01,1.855630e+01,5.089251e+00,0.1084
1654,3.270232e+01,4.708776e+01,1.846620e+01,-1.423612e+01,-0.3023
1655,-6.466125e+01,4.721904e+01,1.837489e+01,8.303614e+01,1.7585
1656,2.231895e+01,4.735070e+01,1.828234e+01,-4.036603e+00,-0.0852
1657,8.778158e+01,4.748271e+01,1.818864e+01,-6.959294e+01,-1.4656
1658,1.529956e+01,4.761508e+01,1.809368e+01,2.794122e+00,0.0587
1659,2.476252e+01,4.774781e+01,1.799761e+01,-6.764910e+00,-0.1417
1660,-3.557797e+01,4.788091e+01,1.790050e+01,5.347847e+01,1.1169
1661,6.123095e+01,4.801437e+01,1.780226e+01,-4.342869e+01,-0.9045
1662,1.651098e+01,4.814821e+01,1.770303e+01,1.192050e+00,0.0248
1663,-5.924413e+01,4.828242e+01,1.760280e+01,7.684693e+01,1.5916
1664,1.688457e+02,4.841701e+01,1.750163e+01,-1.513441e+02,-3.1258
1665,6.965961e+01,4.855197e+01,1.739952e+01,-5.226009e+01,-1.0764
1666,3.692403e+01,4.868732e+01,1.729645e+01,-1.962758e+01,-0.4031
1667,-6.893456e+00,4.882305e+01,1.719263e+01,2.408609e+01,0.4933
1668,8.876840e+01,4.895916e+01,1.708791e+01,-7.168049e+01,-1.4641
1669,1.579329e+01,4.909567e+01,1.698235e+01,1.189062e+00,0.0242
1670,4.568623e+00,4.923257e+01,1.687608e+01,1.230746e+01,0.2500
1671,3.930325e+01,4.936986e+01,1.676903e+01,-2.253422e+01,-0.4564
1672,-8.115890e+01,4.950756e+01,1.666133e+01,9.782022e+01,1.9759
1673,-5.659633e+00,4.964565e+01,1.655296e+01,2.221259e+01,0.4474
1674,1.488462e+02,4.978415e+01,1.644399e+01,-1.324022e+02,-2.6595
1675,5.210513e+01,4.992304e+01,1.633449e+01,-3.577065e+01,-0.7165
1676,-1.399111e+01,5.006234e+01,1.622451e+01,3.021562e+01,0.6036
1677,4.007882e+01,5.020206e+01,1.611412e+01,-2.396470e+01,-0.4774
1678,2.418075e+01,5.034218e+01,1.600323e+01,-8.177523e+00,-0.1624
1679,7.388788e+00,5.048272e+01,1.589198e+01,8.503194e+00,0.1684
1680,-2.555278e+01,5.062368e+01,1.578044e+01,4.133321e+01,0.8165
1681,2.118391e+01,5.076506e+01,1.566851e+01,-5.515405e+00,-0.1086
1682,4.113790e+01,5.090685e+01,1.555633e+01,-2.558157e+01,-0.5025
1683,5.690820e+01,5.104908e+01,1.544389e+01,-4.146431e+01,-0.8122
1684,-9.580868e+00,5.119173e+01,1.533119e+01,2.491205e+01,0.4866
1685,8.192942e+00,5.133481e+01,1.521834e+01,7.025402e+00,0.1369
1686,2.304932e+01,5.147833e+01,1.510536e+01,-7.943964e+00,-0.1543
1687,1.237795e+02,5.162228e+01,1.499221e+01,-1.087873e+02,-2.1074
1688,5.690467e+00,5.176669e+01,1.487904e+01,9.188574e+00,0.1775
1689,-6.023287e+00,5.191153e+01,1.476576e+01,2.078905e+01,0.4005
1690,1.134749e+02,5.205681e+01,1.465259e+01,-9.882226e+01,-1.8984
1691,6.687449e+01,5.220253e+01,1.453943e+01,-5.233505e+01,-1.0025
1692,3.835499e+01,5.234871e+01,1.442635e+01,-2.392863e+01,-0.4571
1693,-1.063734e+01,5.249533e+01,1.431334e+01,2.495068e+01,0.4753
1694,-7.336623e+01,5.264241e+01,1.420053e+01,8.756677e+01,1.6634
1695,-6.513982e+01,5.278995e+01,1.408792e+01,7.922773e+01,1.5008
1696,1.444291e+01,5.293795e+01,1.397541e+01,-4.675046e-01,-0.0088
1697,5.344761e+01,5.308641e+01,1.386321e+01,-3.958440e+01,-0.7457
1698,-1.000761e+02,5.323533e+01,1.375125e+01,1.138273e+02,2.1382
1699,-6.151578e+01,5.338472e+01,1.363957e+01,7.515535e+01,1.4078
1700,1.650570e+02,5.353458e+01,1.352833e+01,-1.515286e+02,-2.8305
1701,4.508197e+01,5.368491e+01,1.341736e+01,-3.166461e+01,-0.5898
1702,3.957006e+01,5.383572e+01,1.330686e+01,-2.626320e+01,-0.4878
1703,-4.057259e+01,5.398701e+01,1.319691e+01,5.376950e+01,0.9960
1704,5.468702e+00,5.413878e+01,1.308732e+01,7.618622e+00,0.1407
1705,3.712417e+01,5.429105e+01,1.297840e+01,-2.414577e+01,-0.4447
1706,3.982563e+01,5.444378e+01,1.286998e+01,-2.695565e+01,-0.4951
1707,1.806795e+02,5.459701e+01,1.276211e+01,-1.679174e+02,-3.0756
1708,2.054277e+01,5.475072e+01,1.265493e+01,-7.887842e+00,-0.1441
1709,-6.099682e+01,5.490493e+01,1.254836e+01,7.354518e+01,1.3395
1710,-5.398989e+01,5.505964e+01,1.244253e+01,6.643241e+01,1.2066
1711,2.034933e+01,5.521484e+01,1.233735e+01,-8.011984e+00,-0.1451
1712,-6.386882e+01,5.537055e+01,1.223288e+01,7.610170e+01,1.3744
1713,1.079867e+02,5.552675e+01,1.212918e+01,-9.585752e+01,-1.7263
1714,-8.020519e+01,5.568346e+01,1.202625e+01,9.223144e+01,1.6564
1715,-5.684403e+01,5.584068e+01,1.192414e+01,6.876816e+01,1.2315
1716,1.157017e+02,5.599841e+01,1.182291e+01,-1.038788e+02,-1.8550
1717,3.786665e+01,5.615666e+01,1.172256e+01,-2.614410e+01,-0.4656
1718,9.967813e+01,5.631542e+01,1.162306e+01,-8.805508e+01,-1.5636
1719,-8.719710e+01,5.647470e+01,1.152448e+01,9.872158e+01,1.7481
1720,-5.851095e+01,5.663451e+01,1.142681e+01,6.993776e+01,1.2349
1721,-4.493901e+01,5.679484e+01,1.133019e+01,5.626920e+01,0.9907
1722,8.046209e+01,5.695569e+01,1.123453e+01,-6.922756e+01,-1.2155
1723,5.222841e+01,5.711706e+01,1.113996e+01,-4.108845e+01,-0.7194
1724,-6.817508e+01,5.727897e+01,1.104640e+01,7.922148e+01,1.3831
1725,-2.595467e+00,5.744141e+01,1.095391e+01,1.354938e+01,0.2359
1726,-8.125002e+01,5.760438e+01,1.086249e+01,9.211251e+01,1.5991
1727,2.652168e+01,5.776789e+01,1.077226e+01,-1.574942e+01,-0.2726
1728,-1.162662e+01,5.793193e+01,1.068308e+01,2.230970e+01,0.3851
1729,3.268165e+01,5.809652e+01,1.059514e+01,-2.208651e+01,-0.3802
1730,-6.399696e+01,5.826166e+01,1.050838e+01,7.450534e+01,1.2788
1731,1.671421e+01,5.842734e+01,1.042277e+01,-6.291443e+00,-0.1077
1732,1.403389e+02,5.859356e+01,1.033838e+01,-1.300005e+02,-2.2187
1733,-1.800425e+01,5.876035e+01,1.025527e+01,2.825952e+01,0.4809
1734,-1.246501e+00,5.892768e+01,1.017337e+01,1.141987e+01,0.1938
1735,-4.123613e+01,5.909556e+01,1.009273e+01,5.132886e+01,0.8686
1736,4.435275e+01,5.926402e+01,1.001342e+01,-3.433933e+01,-0.5794
1737,8.119147e+01,5.943304e+01,9.935432e+00,-7.125603e+01,-1.1989
1738,2.210882e+01,5.960261e+01,9.858757e+00,-1.225006e+01,-0.2055
1739,8.881294e+00,5.977274e+01,9.783460e+00,9.021663e-01,0.0151
1740,6.115293e+01,5.994343e+01,9.709532e+00,-5.144340e+01,-0.8582
1741,-2.930722e+01,6.011470e+01,9.636964e+00,3.894418e+01,0.6478
1742,-4.718167e+00,6.028653e+01,9.565824e+00,1.428399e+01,0.2369
1743,5.479064e+01,6.045894e+01,9.496028e+00,-4.529461e+01,-0.7492
1744,7.650480e+01,6.063192e+01,9.427717e+00,-6.707709e+01,-1.1063
1745,2.196909e+00,6.080548e+01,9.360810e+00,7.163901e+00,0.1178
1746,3.746597e+01,6.097961e+01,9.295374e+00,-2.817060e+01,-0.4620
1747,1.117711e+02,6.115433e+01,9.231328e+00,-1.025398e+02,-1.6767
1748,3.045337e+01,6.132962e+01,9.168812e+00,-2.128456e+01,-0.3471
1749,4.190830e+01,6.150551e+01,9.107746e+00,-3.280055e+01,-0.5333
1750,6.445692e+01,6.168197e+01,9.048124e+00,-5.540879e+01,-0.8983
1751,8.586181e+01,6.185903e+01,8.990014e+00,-7.687180e+01,-1.2427
1752,1.000501e+01,6.203670e+01,8.933409e+00,-1.071597e+00,-0.0173
1753,2.699772e+01,6.221495e+01,8.878303e+00,-1.811942e+01,-0.2912
1754,6.870673e+01,6.239379e+01,8.824690e+00,-5.988204e+01,-0.9597
1755,5.206767e+01,6.257322e+01,8.772638e+00,-4.329504e+01,-0.6919
1756,-4.740677e+01,6.275325e+01,8.722067e+00,5.612884e+01,0.8944
1757,6.463213e+00,6.293388e+01,8.673046e+00,2.209833e+00,0.0351
1758,1.266630e+01,6.311511e+01,8.625495e+00,-4.040802e+00,-0.0640
1759,6.029930e+01,6.329695e+01,8.579529e+00,-5.171977e+01,-0.8171
1760,1.054841e+01,6.347939e+01,8.535075e+00,-2.013334e+00,-0.0317
1761,4.559771e+01,6.366243e+01,8.492145e+00,-3.710557e+01,-0.5828
1762,1.090483e+02,6.384609e+01,8.450749e+00,-1.005976e+02,-1.5756
1763,1.291899e+01,6.403035e+01,8.410882e+00,-4.508112e+00,-0.0704
1764,-4.086772e+01,6.421523e+01,8.372541e+00,4.924026e+01,0.7668
1765,1.131541e+02,6.440072e+01,8.335737e+00,-1.048184e+02,-1.6276
1766,4.327391e+01,6.458683e+01,8.300468e+00,-3.497344e+01,-0.5415
1767,4.896551e+01,6.477356e+01,8.266722e+00,-4.069879e+01,-0.6283
1768,1.273910e+01,6.496091e+01,8.234511e+00,-4.504592e+00,-0.0693
1769,-1.001680e+02,6.514890e+01,8.203826e+00,1.083718e+02,1.6634
1770,3.953023e+01,6.533749e+01,8.174664e+00,-3.135556e+01,-0.4799
1771,-1.116672e+01,6.552671e+01,8.147023e+00,1.931374e+01,0.2947
1772,-2.496931e+01,6.571654e+01,8.120887e+00,3.309019e+01,0.5035
1773,6.967432e+01,6.590701e+01,8.096253e+00,-6.157807e+01,-0.9343
1774,-1.033065e+01,6.609811e+01,8.073120e+00,1.840377e+01,0.2784
1775,-8.506985e+00,6.628984e+01,8.051480e+00,1.655847e+01,0.2498
1776,-3.689402e+01,6.648219e+01,8.031332e+00,4.492535e+01,0.6758
1777,-5.779512e+00,6.667518e+01,8.012660e+00,1.379217e+01,0.2069
1778,6.636093e+01,6.686881e+01,7.995456e+00,-5.836547e+01,-0.8728
1779,1.676065e+01,6.706307e+01,7.979713e+00,-8.780938e+00,-0.1309
1780,-8.570271e+01,6.725797e+01,7.965424e+00,9.366813e+01,1.3927
1781,-3.652157e+01,6.745351e+01,7.952573e+00,4.447415e+01,0.6593
1782,-1.318718e+02,6.764970e+01,7.941160e+00,1.398129e+02,2.0667
1783,-8.335769e+00,6.784652e+01,7.931173e+00,1.626694e+01,0.2398
1784,-3.469812e+01,6.804401e+01,7.922589e+00,4.262071e+01,0.6264
1785,8.886680e+01,6.824214e+01,7.915410e+00,-8.095139e+01,-1.1862
1786,3.391614e+01,6.844091e+01,7.909614e+00,-2.600653e+01,-0.3800
1787,-9.688436e+01,6.864032e+01,7.905189e+00,1.047896e+02,1.5266
1788,-4.791173e+01,6.884039e+01,7.902129e+00,5.581386e+01,0.8108
1789,-1.243591e+02,6.904111e+01,7.900412e+00,1.322595e+02,1.9157
1790,1.100983e+02,6.924247e+01,7.900028e+00,-1.021983e+02,-1.4759
1791,1.810306e+01,6.944449e+01,7.900970e+00,-1.020209e+01,-0.1469
1792,-3.572061e+01,6.964717e+01,7.903204e+00,4.362382e+01,0.6264
1793,-2.327288e+01,6.985050e+01,7.906726e+00,3.117960e+01,0.4464
1794,-1.752115e+01,7.005449e+01,7.911509e+00,2.543265e+01,0.3630
1795,8.426610e+00,7.025914e+01,7.917555e+00,-5.090542e-01,-0.0072
1796,-7.210814e+01,7.046446e+01,7.924832e+00,8.003297e+01,1.1358
1797,1.023986e+01,7.067043e+01,7.933328e+00,-2.306536e+00,-0.0326
1798,1.395337e+02,7.087707e+01,7.943018e+00,-1.315907e+02,-1.8566
1799,6.657231e+01,7.108437e+01,7.953896e+00,-5.861842e+01,-0.8246
1800,-7.070884e+01,7.129236e+01,7.965932e+00,7.867477e+01,1.1036
1801,1.068563e+02,7.150101e+01,7.979113e+00,-9.887723e+01,-1.3829
1802,2.724273e+01,7.171032e+01,7.993425e+00,-1.924930e+01,-0.2684
1803,2.232982e+01,7.192030e+01,8.008842e+00,-1.432098e+01,-0.1991
1804,1.700069e+01,7.213096e+01,8.025350e+00,-8.975338e+00,-0.1244
1805,6.634982e+01,7.234228e+01,8.042925e+00,-5.830689e+01,-0.8060
1806,8.291372e+01,7.255427e+01,8.061551e+00,-7.485217e+01,-1.0317
1807,6.338398e+01,7.276695e+01,8.081205e+00,-5.530277e+01,-0.7600
1808,-1.689888e+01,7.298029e+01,8.101865e+00,2.500075e+01,0.3426
1809,-1.271113e+01,7.319432e+01,8.123516e+00,2.083464e+01,0.2846
1810,5.899962e+00,7.340903e+01,8.146134e+00,2.246172e+00,0.0306
1811,-2.225538e+01,7.362441e+01,8.169697e+00,3.042507e+01,0.4132
1812,3.891905e+01,7.384048e+01,8.194177e+00,-3.072487e+01,-0.4161
1813,1.577371e+02,7.405723e+01,8.219566e+00,-1.495175e+02,-2.0189
1814,-5.293153e+01,7.427466e+01,8.245833e+00,6.117736e+01,0.8237
1815,3.620691e+01,7.449278e+01,8.272959e+00,-2.793395e+01,-0.3750
1816,1.967487e+02,7.471160e+01,8.300920e+00,-1.884477e+02,-2.5223
1817,2.779951e+01,7.493111e+01,8.329696e+00,-1.946981e+01,-0.2598
1818,-1.256067e+02,7.515130e+01,8.359264e+00,1.339660e+02,1.7826
1819,-3.713819e+01,7.537217e+01,8.389597e+00,4.552778e+01,0.6040
1820,7.950891e+01,7.559374e+01,8.420673e+00,-7.108824e+01,-0.9404
1821,-8.980219e+01,7.581600e+01,8.452433e+00,9.825462e+01,1.2960
1822,1.710113e+02,7.603896e+01,8.484946e+00,-1.625263e+02,-2.1374
1823,9.800704e+01,7.626260e+01,8.518124e+00,-8.948892e+01,-1.1734
1824,-6.273329e+01,7.648695e+01,8.551902e+00,7.128519e+01,0.9320
1825,-1.632813e+01,7.671198e+01,8.586289e+00,2.491442e+01,0.3248
1826,-9.240436e+01,7.693773e+01,8.621367e+00,1.010257e+02,1.3131
1827,5.664220e+01,7.716417e+01,8.656924e+00,-4.798528e+01,-0.6219
1828,1.155176e+02,7.739130e+01,8.693043e+00,-1.068245e+02,-1.3803
1829,9.438794e+01,7.761915e+01,8.729733e+00,-8.565821e+01,-1.1036
1830,1.041644e+02,7.784769e+01,8.766929e+00,-9.539749e+01,-1.2254
1831,-1.033962e+01,7.807694e+01,8.804566e+00,1.914419e+01,0.2452
1832,-9.760793e+01,7.830692e+01,8.842654e+00,1.064506e+02,1.3594
1833,4.583158e+01,7.853761e+01,8.881128e+00,-3.695045e+01,-0.4705
1834,-3.783650e+00,7.876899e+01,8.920071e+00,1.270372e+01,0.1613
1835,2.209777e+01,7.900107e+01,8.959346e+00,-1.313842e+01,-0.1663
1836,1.042586e+02,7.923387e+01,8.998962e+00,-9.525968e+01,-1.2023
1837,-1.037643e+02,7.946739e+01,9.038927e+00,1.128032e+02,1.4195
1838,-1.209727e+02,7.970161e+01,9.079179e+00,1.300519e+02,1.6317
1839,4.600083e+01,7.993655e+01,9.119726e+00,-3.688110e+01,-0.4614
1840,6.121170e+01,8.017221e+01,9.160504e+00,-5.205119e+01,-0.6492
1841,4.413986e+01,8.040859e+01,9.201523e+00,-3.493833e+01,-0.4345
1842,-9.512509e+01,8.064568e+01,9.242644e+00,1.043677e+02,1.2942
1843,2.736595e+01,8.088350e+01,9.284025e+00,-1.808192e+01,-0.2236
1844,2.382468e+01,8.112203e+01,9.325529e+00,-1.449915e+01,-0.1787
1845,-2.969846e-01,8.136128e+01,9.367089e+00,9.664074e+00,0.1188
1846,-1.142206e+02,8.160127e+01,9.408791e+00,1.236294e+02,1.5150
1847,1.671433e+01,8.184197e+01,9.450571e+00,-7.263762e+00,-0.0888
1848,4.278399e+01,8.208343e+01,9.492362e+00,-3.329163e+01,-0.4056
1849,4.507652e+01,8.232561e+01,9.534176e+00,-3.554234e+01,-0.4317
1850,1.612782e+01,8.256851e+01,9.575948e+00,-6.551876e+00,-0.0794
1851,1.064266e+01,8.281214e+01,9.617688e+00,-1.024976e+00,-0.0124
1852,-5.266615e+01,8.305649e+01,9.659334e+00,6.232548e+01,0.7504
1853,-1.362154e+00,8.330159e+01,9.700970e+00,1.106312e+01,0.1328
1854,-6.417369e+01,8.354742e+01,9.742386e+00,7.391608e+01,0.8847
1855,5.325847e+01,8.379398e+01,9.783742e+00,-4.347473e+01,-0.5188
1856,-4.357046e+01,8.404129e+01,9.824902e+00,5.339536e+01,0.6353
1857,2.544349e+01,8.428934e+01,9.865950e+00,-1.557754e+01,-0.1848
1858,-2.072202e+00,8.453812e+01,9.906751e+00,1.197895e+01,0.1417
1859,3.171539e+01,8.478765e+01,9.947315e+00,-2.176807e+01,-0.2567
1860,-8.556920e+01,8.503792e+01,9.987654e+00,9.555686e+01,1.1237
1861,2.337107e+01,8.528894e+01,1.002778e+01,-1.334329e+01,-0.1564
1862,-5.466093e+01,8.554070e+01,1.006755e+01,6.472849e+01,0.7567
1863,-1.414201e+02,8.579322e+01,1.010706e+01,1.515272e+02,1.7662
1864,2.008113e+02,8.604651e+01,1.014631e+01,-1.906650e+02,-2.2158
1865,4.692180e+01,8.630055e+01,1.018510e+01,-3.673670e+01,-0.4257
1866,-2.589737e+01,8.655532e+01,1.022358e+01,3.612095e+01,0.4173
1867,1.532557e+02,8.681085e+01,1.026169e+01,-1.429940e+02,-1.6472
1868,-2.050021e+01,8.706714e+01,1.029936e+01,3.079957e+01,0.3537
1869,5.425105e+01,8.732419e+01,1.033661e+01,-4.391443e+01,-0.5029
1870,7.788213e+01,8.758200e+01,1.037345e+01,-6.750868e+01,-0.7708
1871,6.511512e+01,8.784056e+01,1.040981e+01,-5.470531e+01,-0.6228
1872,-1.707139e+01,8.809990e+01,1.044571e+01,2.751710e+01,0.3123
1873,-2.594977e+01,8.835999e+01,1.048115e+01,3.643092e+01,0.4123
1874,7.483993e+01,8.862086e+01,1.051599e+01,-6.432393e+01,-0.7258
1875,1.478554e+02,8.888249e+01,1.055032e+01,-1.373050e+02,-1.5448
1876,8.763555e+00,8.914490e+01,1.058408e+01,1.820528e+00,0.0204
1877,4.752335e+01,8.940807e+01,1.061735e+01,-3.690600e+01,-0.4128
1878,-1.501646e+02,8.967201e+01,1.064999e+01,1.608145e+02,1.7934
1879,-4.772661e+01,8.993674e+01,1.068201e+01,5.840862e+01,0.6494
1880,9.770705e+01,9.020227e+01,1.071349e+01,-8.699356e+01,-0.9644
1881,2.252631e+01,9.046857e+01,1.074422e+01,-1.178209e+01,-0.1302
1882,1.466933e+02,9.073564e+01,1.077436e+01,-1.359189e+02,-1.4980
1883,-1.240095e+02,9.100349e+01,1.080384e+01,1.348134e+02,1.4814
1884,1.409190e+01,9.127213e+01,1.083267e+01,-3.259223e+00,-0.0357
1885,1.456776e+02,9.154155e+01,1.086072e+01,-1.348169e+02,-1.4727
1886,3.278645e+01,9.181176e+01,1.088805e+01,-2.189840e+01,-0.2385
1887,-1.840886e+01,9.208276e+01,1.091469e+01,2.932355e+01,0.3184
1888,-2.098768e+02,9.235456e+01,1.094057e+01,2.208173e+02,2.3910
1889,-4.213174e+01,9.262715e+01,1.096568e+01,5.309742e+01,0.5732
1890,2.759896e+01,9.290053e+01,1.099005e+01,-1.660891e+01,-0.1788
1891,1.222671e+02,9.317472e+01,1.101361e+01,-1.112535e+02,-1.1940
1892,1.428702e+02,9.344972e+01,1.103635e+01,-1.318339e+02,-1.4107
1893,-1.506641e+02,9.372550e+01,1.105830e+01,1.617224e+02,1.7255
1894,-1.407082e+01,9.400210e+01,1.107945e+01,2.515027e+01,0.2676
1895,-2.932619e+01,9.427950e+01,1.109982e+01,4.042601e+01,0.4288
1896,9.343278e+01,9.455774e+01,1.111934e+01,-8.231344e+01,-0.8705
1897,-1.220873e-01,9.483680e+01,1.113801e+01,1.126009e+01,0.1187
1898,-1.658213e+02,9.511664e+01,1.115576e+01,1.769770e+02,1.8606
1899,9.394631e+01,9.539731e+01,1.117268e+01,-8.277363e+01,-0.8677
1900,-1.764752e+01,9.567879e+01,1.118869e+01,2.883621e+01,0.3014
1901,-3.979592e+01,9.596109e+01,1.120382e+01,5.099974e+01,0.5315
1902,9.967485e+01,9.624421e+01,1.121797e+01,-8.845687e+01,-0.9191
1903,-2.218273e+02,9.652816e+01,1.123132e+01,2.330586e+02,2.4144
1904,-1.603493e+02,9.681294e+01,1.124364e+01,1.715930e+02,1.7724
1905,-3.880917e+01,9.709855e+01,1.125509e+01,5.006427e+01,0.5156
1906,-1.217968e+02,9.738499e+01,1.126560e+01,1.330624e+02,1.3664
1907,-6.753735e+01,9.767227e+01,1.127518e+01,7.881253e+01,0.8069
1908,7.446288e+01,9.796038e+01,1.128383e+01,-6.317905e+01,-0.6449
1909,-1.315705e+02,9.824934e+01,1.129155e+01,1.428621e+02,1.4541
1910,1.545513e+02,9.853913e+01,1.129828e+01,-1.432530e+02,-1.4538
1911,1.677963e+02,9.882977e+01,1.130402e+01,-1.564923e+02,-1.5835
1912,2.321973e+01,9.912129e+01,1.130886e+01,-1.191087e+01,-0.1202
1913,6.922414e+01,9.941366e+01,1.131271e+01,-5.791143e+01,-0.5825
1914,7.472569e+00,9.970684e+01,1.131559e+01,3.843021e+00,0.0385
1915,-1.347928e+02,1.000009e+02,1.131750e+01,1.461103e+02,1.4611
1916,1.560141e+02,1.002958e+02,1.131836e+01,-1.446957e+02,-1.4427
1917,5.382109e+01,1.005916e+02,1.131834e+01,-4.250274e+01,-0.4225
1918,9.962879e+01,1.008882e+02,1.131728e+01,-8.831151e+01,-0.8753
1919,5.966877e+01,1.011857e+02,1.131534e+01,-4.835342e+01,-0.4779
1920,-8.997387e+01,1.014841e+02,1.131237e+01,1.012862e+02,0.9981
1921,8.071344e+01,1.017833e+02,1.130846e+01,-6.940499e+01,-0.6819
1922,3.363244e+01,1.020834e+02,1.130351e+01,-2.232893e+01,-0.2187
1923,-8.436341e+01,1.023844e+02,1.129770e+01,9.566111e+01,0.9343
1924,-8.674294e+00,1.026863e+02,1.129094e+01,1.996524e+01,0.1944
1925,4.906706e+01,1.029890e+02,1.128317e+01,-3.778389e+01,-0.3669
1926,-2.276002e+02,1.032926e+02,1.127446e+01,2.388746e+02,2.3126
1927,1.798652e+02,1.035972e+02,1.126481e+01,-1.686004e+02,-1.6275
1928,1.717422e+02,1.039026e+02,1.125422e+01,-1.604880e+02,-1.5446
1929,-4.497802e+01,1.042089e+02,1.124262e+01,5.622064e+01,0.5395
1930,1.802104e+02,1.045161e+02,1.123009e+01,-1.689803e+02,-1.6168
1931,-1.194342e+01,1.048243e+02,1.121662e+01,2.316005e+01,0.2209
1932,-6.911883e+01,1.051333e+02,1.120230e+01,8.032113e+01,0.7640
1933,-4.612651e+01,1.054432e+02,1.118697e+01,5.731348e+01,0.5435
1934,1.114449e+02,1.057540e+02,1.117071e+01,-1.002741e+02,-0.9482
1935,-6.564053e-02,1.060657e+02,1.115352e+01,1.121916e+01,0.1058
1936,-1.598179e+01,1.063784e+02,1.113539e+01,2.711719e+01,0.2549
1937,1.781225e+02,1.066920e+02,1.111641e+01,-1.670061e+02,-1.5653
1938,-1.253564e+02,1.070064e+02,1.109650e+01,1.364529e+02,1.2752
1939,-3.590754e+01,1.073218e+02,1.107573e+01,4.698326e+01,0.4378
1940,-2.463516e+01,1.076382e+02,1.105402e+01,3.568918e+01,0.3316
1941,-9.154475e+01,1.079555e+02,1.103146e+01,1.025762e+02,0.9502
1942,1.639397e+02,1.082737e+02,1.100803e+01,-1.529317e+02,-1.4125
1943,3.505431e+01,1.085928e+02,1.098374e+01,-2.407057e+01,-0.2217
1944,5.676968e+01,1.089129e+02,1.095859e+01,-4.581110e+01,-0.4206
1945,9.429894e+01,1.092340e+02,1.093257e+01,-8.336637e+01,-0.7632
1946,-7.690698e+01,1.095559e+02,1.090568e+01,8.781266e+01,0.8015
1947,-5.274919e+01,1.098788e+02,1.087800e+01,6.362719e+01,0.5791
1948,2.648388e+02,1.102027e+02,1.084945e+01,-2.539894e+02,-2.3047
1949,-2.807679e+01,1.105276e+02,1.082010e+01,3.889689e+01,0.3519
1950,1.499323e+02,1.108534e+02,1.078987e+01,-1.391424e+02,-1.2552
1951,-1.410829e+02,1.111801e+02,1.075883e+01,1.518418e+02,1.3657
1952,-1.003845e+02,1.115078e+02,1.072699e+01,1.111115e+02,0.9964
1953,-5.221504e+00,1.118365e+02,1.069441e+01,1.591591e+01,0.1423
1954,-1.432267e+02,1.121662e+02,1.066109e+01,1.538878e+02,1.3720
1955,-1.922270e+02,1.124968e+02,1.062695e+01,2.028540e+02,1.8032
1956,2.869515e+00,1.128284e+02,1.059205e+01,7.722538e+00,0.0684
1957,-3.982312e+01,1.131610e+02,1.055648e+01,5.037959e+01,0.4452
1958,-7.932828e+01,1.134946e+02,1.052022e+01,8.984850e+01,0.7917
1959,7.185552e+01,1.138292e+02,1.048327e+01,-6.137225e+01,-0.5392
1960,-1.802701e+01,1.141648e+02,1.044555e+01,2.847256e+01,0.2494
1961,-1.425796e+02,1.145014e+02,1.040720e+01,1.529868e+02,1.3361
1962,-1.961675e+02,1.148390e+02,1.036822e+01,2.065357e+02,1.7985
1963,4.618047e+01,1.151775e+02,1.032853e+01,-3.585193e+01,-0.3113
1964,1.707549e+02,1.155171e+02,1.028820e+01,-1.604667e+02,-1.3891
1965,5.322010e+01,1.158577e+02,1.024722e+01,-4.297288e+01,-0.3709
1966,9.318273e+01,1.161994e+02,1.020567e+01,-8.297706e+01,-0.7141
1967,5.395400e+01,1.165420e+02,1.016345e+01,-4.379056e+01,-0.3757
1968,1.077472e+02,1.168856e+02,1.012071e+01,-9.762646e+01,-0.8352
1969,-5.341377e+01,1.172303e+02,1.007731e+01,6.349108e+01,0.5416
1970,9.743522e+01,1.175760e+02,1.003345e+01,-8.740177e+01,-0.7434
1971,1.596672e+02,1.179228e+02,9.989051e+00,-1.496782e+02,-1.2693
1972,1.328250e+00,1.182706e+02,9.944114e+00,8.615864e+00,0.0728
1973,8.632506e+01,1.186194e+02,9.898628e+00,-7.642644e+01,-0.6443
1974,3.562454e+01,1.189693e+02,9.852662e+00,-2.577188e+01,-0.2166
1975,-4.069326e+00,1.193202e+02,9.806209e+00,1.387554e+01,0.1163
1976,1.215296e+01,1.196722e+02,9.759337e+00,-2.393619e+00,-0.0200
1977,5.341816e+01,1.200252e+02,9.711964e+00,-4.370620e+01,-0.3641
1978,9.710784e+01,1.203793e+02,9.664083e+00,-8.744376e+01,-0.7264
1979,-1.091801e+02,1.207345e+02,9.615911e+00,1.187960e+02,0.9839
1980,1.779480e+02,1.210907e+02,9.567217e+00,-1.683808e+02,-1.3905
1981,-7.030293e+01,1.214480e+02,9.518218e+00,7.982114e+01,0.6572
1982,-2.440201e+01,1.218064e+02,9.468831e+00,3.387084e+01,0.2781
1983,-1.785636e+01,1.221659e+02,9.419050e+00,2.727541e+01,0.2233
1984,-9.440102e+01,1.225264e+02,9.369016e+00,1.037700e+02,0.8469
1985,1.379291e+02,1.228881e+02,9.318647e+00,-1.286105e+02,-1.0466
1986,2.926881e+02,1.232508e+02,9.267935e+00,-2.834202e+02,-2.2995
1987,-8.139555e+01,1.236148e+02,9.217022e+00,9.061257e+01,0.7330
1988,-1.997457e+01,1.239797e+02,9.165826e+00,2.914039e+01,0.2350
1989,6.995428e+01,1.243459e+02,9.114414e+00,-6.083987e+01,-0.4893
1990,4.456469e+01,1.247130e+02,9.062704e+00,-3.550198e+01,-0.2847
1991,2.843047e+00,1.250815e+02,9.010836e+00,6.167789e+00,0.0493
1992,-9.972375e+01,1.254509e+02,8.958729e+00,1.086825e+02,0.8663
1993,1.271423e+01,1.258296e+02,8.906450e+00,-3.807783e+00,-0.0303
1994,1.744412e+02,1.262013e+02,8.854065e+00,-1.655871e+02,-1.3121
1995,-2.521880e+02,1.266769e+02,8.801491e+00,2.609895e+02,2.0603
1996,-1.830106e+02,1.270511e+02,8.748722e+00,1.917594e+02,1.5093
