ell,Dl_planck,sigma_planck,Dl_SAM_theory,residual,z_score
30,1.102806e+03,2.746943e+02,1.062772e+03,-4.003337e+01,-0.1457
31,7.642359e+02,2.739677e+02,1.079032e+03,3.147964e+02,1.1490
32,1.543851e+03,2.734493e+02,1.095895e+03,-4.479563e+02,-1.6382
33,1.077267e+03,2.730999e+02,1.112836e+03,3.556836e+01,0.1302
34,9.791594e+02,2.729158e+02,1.129838e+03,1.506781e+02,0.5521
35,7.399116e+02,2.728706e+02,1.147475e+03,4.075632e+02,1.4936
36,1.122516e+03,2.729521e+02,1.164840e+03,4.232410e+01,0.1551
37,1.523720e+03,2.731646e+02,1.182463e+03,-3.412572e+02,-1.2493
38,1.285913e+03,2.734911e+02,1.200455e+03,-8.545793e+01,-0.3125
39,1.243831e+03,2.739084e+02,1.218716e+03,-2.511579e+01,-0.0917
40,1.715071e+03,2.744323e+02,1.237163e+03,-4.779078e+02,-1.7414
41,1.427088e+03,2.750398e+02,1.255709e+03,-1.713786e+02,-0.6231
42,1.391088e+03,2.757143e+02,1.274357e+03,-1.167303e+02,-0.4234
43,1.235152e+03,2.764483e+02,1.293121e+03,5.796923e+01,0.2097
44,1.399720e+03,2.772404e+02,1.312050e+03,-8.766925e+01,-0.3162
45,1.050225e+03,2.781152e+02,1.331211e+03,2.809866e+02,1.0103
46,1.148978e+03,2.790290e+02,1.350571e+03,2.015926e+02,0.7225
47,1.939333e+03,2.799513e+02,1.370111e+03,-5.692216e+02,-2.0333
48,9.843280e+02,2.809128e+02,1.389806e+03,4.054780e+02,1.4434
49,1.720066e+03,2.819255e+02,1.409643e+03,-3.104231e+02,-1.1011
50,1.707307e+03,2.829568e+02,1.429677e+03,-2.776296e+02,-0.9812
51,1.039429e+03,2.839931e+02,1.449968e+03,4.105394e+02,1.4456
52,1.603611e+03,2.850442e+02,1.470462e+03,-1.331488e+02,-0.4671
53,1.118554e+03,2.861483e+02,1.491088e+03,3.725334e+02,1.3019
54,1.173863e+03,2.872674e+02,1.511826e+03,3.379637e+02,1.1765
55,1.609061e+03,2.883931e+02,1.532674e+03,-7.638735e+01,-0.2649
56,1.523294e+03,2.895566e+02,1.553741e+03,3.044648e+01,0.1051
57,1.715719e+03,2.907697e+02,1.575130e+03,-1.405898e+02,-0.4835
58,1.742619e+03,2.920220e+02,1.596797e+03,-1.458218e+02,-0.4994
59,1.467143e+03,2.932954e+02,1.618655e+03,1.515120e+02,0.5166
60,1.790452e+03,2.945922e+02,1.640684e+03,-1.497671e+02,-0.5084
61,1.359154e+03,2.959529e+02,1.662892e+03,3.037376e+02,1.0263
62,2.165227e+03,2.973538e+02,1.685283e+03,-4.799439e+02,-1.6141
63,1.742106e+03,2.988296e+02,1.707878e+03,-3.422807e+01,-0.1145
64,1.242485e+03,3.003479e+02,1.730679e+03,4.881942e+02,1.6254
65,1.853062e+03,3.019185e+02,1.753715e+03,-9.934691e+01,-0.3291
66,1.626616e+03,3.035319e+02,1.777021e+03,1.504048e+02,0.4955
67,1.659989e+03,3.051917e+02,1.800580e+03,1.405905e+02,0.4607
68,1.766429e+03,3.068831e+02,1.824352e+03,5.792371e+01,0.1887
69,2.277664e+03,3.086122e+02,1.848294e+03,-4.293698e+02,-1.3913
70,1.860801e+03,3.103787e+02,1.872375e+03,1.157415e+01,0.0373
71,1.783707e+03,3.121747e+02,1.896573e+03,1.128654e+02,0.3615
72,1.511900e+03,3.140037e+02,1.921000e+03,4.091000e+02,1.3029
73,2.701127e+03,3.158564e+02,1.945772e+03,-7.553549e+02,-2.3915
74,2.013693e+03,3.177439e+02,1.970899e+03,-4.279417e+01,-0.1347
75,1.879909e+03,3.196496e+02,1.996382e+03,1.164726e+02,0.3644
76,1.875455e+03,3.215808e+02,2.022178e+03,1.467232e+02,0.4563
77,1.919456e+03,3.235406e+02,2.048162e+03,1.287065e+02,0.3978
78,1.664607e+03,3.255251e+02,2.074317e+03,4.097102e+02,1.2586
79,1.496469e+03,3.275378e+02,2.100687e+03,6.042183e+02,1.8447
80,2.318107e+03,3.295785e+02,2.127291e+03,-1.908152e+02,-0.5790
81,2.045536e+03,3.316408e+02,2.154155e+03,1.086190e+02,0.3275
82,2.821429e+03,3.337351e+02,2.181288e+03,-6.401411e+02,-1.9181
83,2.135834e+03,3.358514e+02,2.208668e+03,7.283401e+01,0.2169
84,1.542668e+03,3.379998e+02,2.236295e+03,6.936274e+02,2.0522
85,2.268675e+03,3.401707e+02,2.264160e+03,-4.514722e+00,-0.0133
86,2.525925e+03,3.423592e+02,2.292259e+03,-2.336661e+02,-0.6825
87,2.180329e+03,3.445686e+02,2.320561e+03,1.402312e+02,0.4070
88,1.774610e+03,3.468012e+02,2.349046e+03,5.744362e+02,1.6564
89,2.930040e+03,3.490613e+02,2.377726e+03,-5.523136e+02,-1.5823
90,2.255501e+03,3.513342e+02,2.406603e+03,1.511018e+02,0.4301
91,2.414516e+03,3.536285e+02,2.435687e+03,2.117067e+01,0.0599
92,2.582014e+03,3.559357e+02,2.464978e+03,-1.170356e+02,-0.3288
93,2.814590e+03,3.582710e+02,2.494492e+03,-3.200975e+02,-0.8935
94,2.153768e+03,3.606120e+02,2.524222e+03,3.704545e+02,1.0273
95,2.158700e+03,3.629826e+02,2.554183e+03,3.954834e+02,1.0895
96,2.367999e+03,3.653578e+02,2.584367e+03,2.163679e+02,0.5922
97,2.663330e+03,3.677504e+02,2.614775e+03,-4.855453e+01,-0.1320
98,2.222547e+03,3.701563e+02,2.645415e+03,4.228675e+02,1.1424
99,3.013836e+03,3.725834e+02,2.676264e+03,-3.375724e+02,-0.9060
100,2.919087e+03,3.750211e+02,2.707337e+03,-2.117501e+02,-0.5646
101,2.782383e+03,3.774695e+02,2.738628e+03,-4.375505e+01,-0.1159
102,2.896762e+03,3.799292e+02,2.770137e+03,-1.266251e+02,-0.3333
103,2.626150e+03,3.824089e+02,2.801849e+03,1.756991e+02,0.4595
104,3.029254e+03,3.848859e+02,2.833764e+03,-1.954900e+02,-0.5079
105,2.267548e+03,3.873848e+02,2.865876e+03,5.983272e+02,1.5445
106,2.792255e+03,3.898908e+02,2.898176e+03,1.059215e+02,0.2717
107,3.323766e+03,3.924038e+02,2.930659e+03,-3.931073e+02,-1.0018
108,3.927242e+03,3.949207e+02,2.963308e+03,-9.639341e+02,-2.4408
109,3.033820e+03,3.974415e+02,2.996133e+03,-3.768743e+01,-0.0948
110,3.429384e+03,3.999811e+02,3.029118e+03,-4.002658e+02,-1.0007
111,2.910105e+03,4.025148e+02,3.062256e+03,1.521514e+02,0.3780
112,3.039359e+03,4.050639e+02,3.095547e+03,5.618804e+01,0.1387
113,2.337903e+03,4.076031e+02,3.128982e+03,7.910794e+02,1.9408
114,2.209153e+03,4.101548e+02,3.162553e+03,9.534007e+02,2.3245
115,3.343446e+03,4.127118e+02,3.196253e+03,-1.471934e+02,-0.3566
116,4.337153e+03,4.152736e+02,3.230079e+03,-1.107074e+03,-2.6659
117,4.457745e+03,4.178339e+02,3.264025e+03,-1.193720e+03,-2.8569
118,3.457021e+03,4.203926e+02,3.298074e+03,-1.589474e+02,-0.3781
119,3.135913e+03,4.229520e+02,3.332225e+03,1.963124e+02,0.4641
120,2.669677e+03,4.255213e+02,3.366472e+03,6.967943e+02,1.6375
121,4.125216e+03,4.280682e+02,3.400804e+03,-7.244123e+02,-1.6923
122,3.450498e+03,4.306230e+02,3.435207e+03,-1.529023e+01,-0.0355
123,4.116219e+03,4.331699e+02,3.469681e+03,-6.465388e+02,-1.4926
124,2.948819e+03,4.357137e+02,3.504216e+03,5.553968e+02,1.2747
125,3.271639e+03,4.382585e+02,3.538797e+03,2.671579e+02,0.6096
126,3.324065e+03,4.407628e+02,3.573424e+03,2.493585e+02,0.5657
127,3.716678e+03,4.432960e+02,3.608080e+03,-1.085982e+02,-0.2450
128,3.804640e+03,4.458026e+02,3.642758e+03,-1.618812e+02,-0.3631
129,2.897960e+03,4.482971e+02,3.677457e+03,7.794972e+02,1.7388
130,4.032310e+03,4.507828e+02,3.712162e+03,-3.201485e+02,-0.7102
131,3.245239e+03,4.532528e+02,3.746856e+03,5.016171e+02,1.1067
132,2.891494e+03,4.557249e+02,3.781548e+03,8.900548e+02,1.9531
133,3.885601e+03,4.581672e+02,3.816216e+03,-6.938405e+01,-0.1514
134,3.560189e+03,4.605987e+02,3.850861e+03,2.906723e+02,0.6311
135,4.312222e+03,4.630344e+02,3.885469e+03,-4.267532e+02,-0.9216
136,4.669226e+03,4.654228e+02,3.920039e+03,-7.491868e+02,-1.6097
137,4.062900e+03,4.678110e+02,3.954559e+03,-1.083412e+02,-0.2316
138,3.946393e+03,4.701704e+02,3.989020e+03,4.262724e+01,0.0907
139,4.219051e+03,4.725155e+02,4.023409e+03,-1.956422e+02,-0.4140
140,3.815061e+03,4.748424e+02,4.057734e+03,2.426730e+02,0.5111
141,4.204908e+03,4.771290e+02,4.091974e+03,-1.129344e+02,-0.2367
142,4.515265e+03,4.794173e+02,4.126121e+03,-3.891447e+02,-0.8117
143,4.754616e+03,4.816650e+02,4.160176e+03,-5.944401e+02,-1.2341
144,3.902324e+03,4.839004e+02,4.194117e+03,2.917927e+02,0.6030
145,4.271075e+03,4.861075e+02,4.227945e+03,-4.312965e+01,-0.0887
146,4.241713e+03,4.883010e+02,4.261632e+03,1.991832e+01,0.0408
147,4.697064e+03,4.904537e+02,4.295169e+03,-4.018953e+02,-0.8194
148,3.741894e+03,4.925871e+02,4.328544e+03,5.866497e+02,1.1910
149,3.383044e+03,4.946911e+02,4.361741e+03,9.786965e+02,1.9784
150,4.547838e+03,4.967750e+02,4.394746e+03,-1.530915e+02,-0.3082
151,4.223685e+03,4.988197e+02,4.427539e+03,2.038541e+02,0.4087
152,4.566118e+03,5.008368e+02,4.460125e+03,-1.059929e+02,-0.2116
153,4.566775e+03,5.028275e+02,4.492489e+03,-7.428584e+01,-0.1477
154,3.939426e+03,5.047769e+02,4.524631e+03,5.852054e+02,1.1593
155,5.325152e+03,5.067041e+02,4.556544e+03,-7.686080e+02,-1.5169
156,4.314593e+03,5.085954e+02,4.588233e+03,2.736391e+02,0.5380
157,4.626329e+03,5.104516e+02,4.619676e+03,-6.653192e+00,-0.0130
158,5.524171e+03,5.122620e+02,4.650879e+03,-8.732918e+02,-1.7048
159,4.670969e+03,5.140512e+02,4.681829e+03,1.085977e+01,0.0211
160,5.308571e+03,5.157985e+02,4.712516e+03,-5.960548e+02,-1.1556
161,4.692457e+03,5.175131e+02,4.742918e+03,5.046082e+01,0.0975
162,4.615968e+03,5.191787e+02,4.773027e+03,1.570583e+02,0.3025
163,4.339313e+03,5.208186e+02,4.802834e+03,4.635217e+02,0.8900
164,4.708252e+03,5.224100e+02,4.832318e+03,1.240659e+02,0.2375
165,4.778198e+03,5.239675e+02,4.861478e+03,8.328000e+01,0.1589
166,5.364623e+03,5.254863e+02,4.890298e+03,-4.743246e+02,-0.9026
167,5.616594e+03,5.269512e+02,4.918770e+03,-6.978238e+02,-1.3243
168,5.502455e+03,5.283914e+02,4.946888e+03,-5.555679e+02,-1.0514
169,4.514097e+03,5.297692e+02,4.974641e+03,4.605444e+02,0.8693
170,4.220919e+03,5.311319e+02,5.002023e+03,7.811043e+02,1.4706
171,4.604659e+03,5.324216e+02,5.029019e+03,4.243600e+02,0.7970
172,5.206597e+03,5.336913e+02,5.055635e+03,-1.509612e+02,-0.2829
173,5.136671e+03,5.349033e+02,5.081849e+03,-5.482147e+01,-0.1025
174,4.894274e+03,5.360685e+02,5.107653e+03,2.133790e+02,0.3980
175,5.076180e+03,5.371943e+02,5.133045e+03,5.686513e+01,0.1059
176,5.069037e+03,5.382643e+02,5.158012e+03,8.897541e+01,0.1653
177,4.661527e+03,5.392994e+02,5.182546e+03,5.210184e+02,0.9661
178,4.525063e+03,5.402789e+02,5.206632e+03,6.815693e+02,1.2615
179,6.345695e+03,5.412102e+02,5.230271e+03,-1.115424e+03,-2.0610
180,5.197709e+03,5.420963e+02,5.253455e+03,5.574584e+01,0.1028
181,3.909820e+03,5.429317e+02,5.276171e+03,1.366351e+03,2.5166
182,4.351466e+03,5.437283e+02,5.298418e+03,9.469522e+02,1.7416
183,4.643019e+03,5.444713e+02,5.320190e+03,6.771712e+02,1.2437
184,5.545499e+03,5.451499e+02,5.341472e+03,-2.040266e+02,-0.3743
185,6.396224e+03,5.457956e+02,5.362264e+03,-1.033960e+03,-1.8944
186,5.769260e+03,5.463839e+02,5.382553e+03,-3.867079e+02,-0.7078
187,5.157540e+03,5.469221e+02,5.402337e+03,2.447976e+02,0.4476
188,6.336461e+03,5.474077e+02,5.421611e+03,-9.148498e+02,-1.6712
189,6.286045e+03,5.478347e+02,5.440359e+03,-8.456859e+02,-1.5437
190,5.955386e+03,5.482230e+02,5.458583e+03,-4.968026e+02,-0.9062
191,5.394040e+03,5.485429e+02,5.476275e+03,8.223517e+01,0.1499
192,6.344738e+03,5.488225e+02,5.493420e+03,-8.513175e+02,-1.5512
193,5.896649e+03,5.490541e+02,5.510012e+03,-3.866372e+02,-0.7042
194,5.505006e+03,5.492195e+02,5.526058e+03,2.105217e+01,0.0383
195,4.030552e+03,5.493474e+02,5.541545e+03,1.510993e+03,2.7505
196,5.565008e+03,5.494143e+02,5.556471e+03,-8.536420e+00,-0.0155
197,5.594390e+03,5.494472e+02,5.570838e+03,-2.355151e+01,-0.0429
198,5.633547e+03,5.494077e+02,5.584646e+03,-4.890117e+01,-0.0890
199,5.311568e+03,5.493159e+02,5.597873e+03,2.863053e+02,0.5212
200,5.238381e+03,5.491798e+02,5.610535e+03,3.721540e+02,0.6777
201,4.881848e+03,5.489811e+02,5.622616e+03,7.407677e+02,1.3494
202,6.138445e+03,5.487419e+02,5.634110e+03,-5.043355e+02,-0.9191
203,5.670943e+03,5.484299e+02,5.644994e+03,-2.594948e+01,-0.0473
204,5.331877e+03,5.480788e+02,5.655275e+03,3.233985e+02,0.5901
205,6.151700e+03,5.476742e+02,5.664925e+03,-4.867748e+02,-0.8888
206,5.334493e+03,5.472165e+02,5.673950e+03,3.394576e+02,0.6203
207,5.044168e+03,5.467028e+02,5.682337e+03,6.381682e+02,1.1673
208,5.719216e+03,5.461438e+02,5.690076e+03,-2.913980e+01,-0.0534
209,4.626970e+03,5.455334e+02,5.697199e+03,1.070230e+03,1.9618
210,5.424529e+03,5.448751e+02,5.703690e+03,2.791609e+02,0.5123
211,5.517090e+03,5.441494e+02,5.709558e+03,1.924678e+02,0.3537
212,5.880246e+03,5.433824e+02,5.714816e+03,-1.654300e+02,-0.3044
213,5.881854e+03,5.425640e+02,5.719465e+03,-1.623893e+02,-0.2993
214,5.256769e+03,5.416973e+02,5.723512e+03,4.667434e+02,0.8616
215,6.647296e+03,5.407665e+02,5.726958e+03,-9.203377e+02,-1.7019
216,5.806277e+03,5.397909e+02,5.729788e+03,-7.648933e+01,-0.1417
217,5.602935e+03,5.387630e+02,5.732001e+03,1.290656e+02,0.2396
218,6.273620e+03,5.376897e+02,5.733598e+03,-5.400215e+02,-1.0043
219,5.675146e+03,5.365607e+02,5.734572e+03,5.942553e+01,0.1108
220,6.373421e+03,5.353800e+02,5.734915e+03,-6.385063e+02,-1.1926
221,5.887185e+03,5.341525e+02,5.734634e+03,-1.525511e+02,-0.2856
222,5.767127e+03,5.328726e+02,5.733715e+03,-3.341145e+01,-0.0627
223,5.559318e+03,5.315520e+02,5.732166e+03,1.728477e+02,0.3252
224,6.111004e+03,5.301733e+02,5.729993e+03,-3.810104e+02,-0.7187
225,5.114463e+03,5.287578e+02,5.727197e+03,6.127340e+02,1.1588
226,5.939996e+03,5.272828e+02,5.723771e+03,-2.162246e+02,-0.4101
227,6.153280e+03,5.257757e+02,5.719722e+03,-4.335583e+02,-0.8246
228,4.740093e+03,5.242068e+02,5.715050e+03,9.749575e+02,1.8599
229,5.350556e+03,5.226074e+02,5.709763e+03,3.592070e+02,0.6873
230,5.652129e+03,5.209501e+02,5.703853e+03,5.172378e+01,0.0993
231,5.768514e+03,5.192556e+02,5.697328e+03,-7.118649e+01,-0.1371
232,6.651844e+03,5.175095e+02,5.690195e+03,-9.616488e+02,-1.8582
233,6.413823e+03,5.157201e+02,5.682447e+03,-7.313759e+02,-1.4182
234,4.514867e+03,5.138878e+02,5.674084e+03,1.159217e+03,2.2558
235,6.009300e+03,5.120147e+02,5.665122e+03,-3.441786e+02,-0.6722
236,6.089282e+03,5.101002e+02,5.655544e+03,-4.337377e+02,-0.8503
237,5.555743e+03,5.081320e+02,5.645374e+03,8.963165e+01,0.1764
238,5.937972e+03,5.061301e+02,5.634605e+03,-3.033675e+02,-0.5994
239,5.480440e+03,5.040875e+02,5.623243e+03,1.428024e+02,0.2833
240,6.068252e+03,5.020034e+02,5.611289e+03,-4.569631e+02,-0.9103
241,5.835720e+03,4.998808e+02,5.598743e+03,-2.369770e+02,-0.4741
242,5.414155e+03,4.977161e+02,5.585620e+03,1.714644e+02,0.3445
243,5.696739e+03,4.955177e+02,5.571920e+03,-1.248189e+02,-0.2519
244,5.188597e+03,4.932775e+02,5.557643e+03,3.690464e+02,0.7482
245,5.844819e+03,4.910020e+02,5.542804e+03,-3.020151e+02,-0.6151
246,5.748016e+03,4.886951e+02,5.527411e+03,-2.206048e+02,-0.4514
247,5.625475e+03,4.863439e+02,5.511456e+03,-1.140196e+02,-0.2344
248,6.016086e+03,4.839613e+02,5.494961e+03,-5.211246e+02,-1.0768
249,4.457670e+03,4.815452e+02,5.477920e+03,1.020250e+03,2.1187
250,5.089001e+03,4.790890e+02,5.460347e+03,3.713457e+02,0.7751
251,5.269953e+03,4.766087e+02,5.442234e+03,1.722811e+02,0.3615
252,5.717756e+03,4.740857e+02,5.423590e+03,-2.941655e+02,-0.6205
253,4.865305e+03,4.715376e+02,5.404415e+03,5.391097e+02,1.1433
254,4.412530e+03,4.689533e+02,5.384724e+03,9.721935e+02,2.0731
255,5.519926e+03,4.663402e+02,5.364501e+03,-1.554247e+02,-0.3333
256,6.086258e+03,4.637004e+02,5.343763e+03,-7.424952e+02,-1.6012
257,5.269329e+03,4.610294e+02,5.322516e+03,5.318778e+01,0.1154
258,5.424155e+03,4.583314e+02,5.300777e+03,-1.233781e+02,-0.2692
259,4.562469e+03,4.556050e+02,5.278551e+03,7.160822e+02,1.5717
260,5.696693e+03,4.528555e+02,5.255863e+03,-4.408302e+02,-0.9734
261,5.223347e+03,4.500802e+02,5.232711e+03,9.364130e+00,0.0208
262,5.518674e+03,4.472782e+02,5.209120e+03,-3.095546e+02,-0.6921
263,6.107406e+03,4.444514e+02,5.185095e+03,-9.223110e+02,-2.0752
264,4.829284e+03,4.416032e+02,5.160645e+03,3.313609e+02,0.7504
265,4.149720e+03,4.387343e+02,5.135770e+03,9.860506e+02,2.2475
266,5.580425e+03,4.358367e+02,5.110478e+03,-4.699473e+02,-1.0783
267,5.070755e+03,4.329229e+02,5.084783e+03,1.402716e+01,0.0324
268,5.557247e+03,4.299875e+02,5.058685e+03,-4.985620e+02,-1.1595
269,4.786183e+03,4.270321e+02,5.032186e+03,2.460024e+02,0.5761
270,4.254958e+03,4.240602e+02,5.005292e+03,7.503335e+02,1.7694
271,5.563253e+03,4.210669e+02,4.978025e+03,-5.852274e+02,-1.3899
272,5.846055e+03,4.180609e+02,4.950379e+03,-8.956755e+02,-2.1425
273,4.865250e+03,4.150340e+02,4.922384e+03,5.713347e+01,0.1377
274,5.336645e+03,4.119966e+02,4.894031e+03,-4.426133e+02,-1.0743
275,4.635302e+03,4.089424e+02,4.865337e+03,2.300354e+02,0.5625
276,3.997332e+03,4.058755e+02,4.836323e+03,8.389912e+02,2.0671
277,5.572531e+03,4.027948e+02,4.806990e+03,-7.655416e+02,-1.9006
278,4.981936e+03,3.997046e+02,4.777344e+03,-2.045920e+02,-0.5119
279,5.092257e+03,3.965990e+02,4.747402e+03,-3.448548e+02,-0.8695
280,4.343637e+03,3.934852e+02,4.717178e+03,3.735407e+02,0.9493
281,4.699928e+03,3.903598e+02,4.686672e+03,-1.325617e+01,-0.0340
282,5.000446e+03,3.872288e+02,4.655899e+03,-3.445468e+02,-0.8898
283,5.500618e+03,3.840880e+02,4.624874e+03,-8.757439e+02,-2.2801
284,4.444544e+03,3.809389e+02,4.593597e+03,1.490526e+02,0.3913
285,3.732576e+03,3.777834e+02,4.562083e+03,8.295073e+02,2.1957
286,4.604391e+03,3.746241e+02,4.530340e+03,-7.405112e+01,-0.1977
287,4.445651e+03,3.714600e+02,4.498390e+03,5.273890e+01,0.1420
288,4.175649e+03,3.682911e+02,4.466233e+03,2.905842e+02,0.7890
289,4.940820e+03,3.651170e+02,4.433876e+03,-5.069440e+02,-1.3884
290,4.571907e+03,3.619417e+02,4.401343e+03,-1.705648e+02,-0.4712
291,3.520577e+03,3.587641e+02,4.368640e+03,8.480627e+02,2.3638
292,4.685136e+03,3.555842e+02,4.335767e+03,-3.493690e+02,-0.9825
293,4.497253e+03,3.524058e+02,4.302740e+03,-1.945130e+02,-0.5520
294,4.109207e+03,3.492244e+02,4.269573e+03,1.603667e+02,0.4592
295,4.491175e+03,3.460464e+02,4.236267e+03,-2.549079e+02,-0.7366
296,4.716766e+03,3.428680e+02,4.202837e+03,-5.139298e+02,-1.4989
297,3.808922e+03,3.396956e+02,4.169281e+03,3.603596e+02,1.0608
298,4.040438e+03,3.365224e+02,4.135624e+03,9.518578e+01,0.2829
299,3.972432e+03,3.333543e+02,4.101872e+03,1.294405e+02,0.3883
300,4.548372e+03,3.301908e+02,4.068033e+03,-4.803392e+02,-1.4547
301,3.860904e+03,3.270334e+02,4.034122e+03,1.732183e+02,0.5297
302,4.057362e+03,3.238805e+02,4.000153e+03,-5.720889e+01,-0.1766
303,3.231772e+03,3.207341e+02,3.966135e+03,7.343630e+02,2.2896
304,3.903711e+03,3.175950e+02,3.932081e+03,2.836976e+01,0.0893
305,4.207524e+03,3.144656e+02,3.898007e+03,-3.095176e+02,-0.9843
306,3.617660e+03,3.113426e+02,3.863912e+03,2.462517e+02,0.7909
307,3.458400e+03,3.082310e+02,3.829818e+03,3.714182e+02,1.2050
308,4.200899e+03,3.051270e+02,3.795734e+03,-4.051647e+02,-1.3279
309,3.843540e+03,3.020353e+02,3.761666e+03,-8.187406e+01,-0.2711
310,3.630770e+03,2.989558e+02,3.727614e+03,9.684444e+01,0.3239
311,3.821228e+03,2.958871e+02,3.693608e+03,-1.276194e+02,-0.4313
312,3.467937e+03,2.928297e+02,3.659641e+03,1.917044e+02,0.6547
313,3.686510e+03,2.897869e+02,3.625734e+03,-6.077598e+01,-0.2097
314,3.052897e+03,2.867575e+02,3.591895e+03,5.389982e+02,1.8796
315,3.733195e+03,2.837444e+02,3.558124e+03,-1.750711e+02,-0.6170
316,3.967545e+03,2.807444e+02,3.524443e+03,-4.431027e+02,-1.5783
317,3.046880e+03,2.777615e+02,3.490859e+03,4.439785e+02,1.5984
318,3.140045e+03,2.747958e+02,3.457387e+03,3.173417e+02,1.1548
319,3.712618e+03,2.718459e+02,3.424027e+03,-2.885910e+02,-1.0616
320,3.707059e+03,2.689156e+02,3.390787e+03,-3.162724e+02,-1.1761
321,3.089839e+03,2.660022e+02,3.357695e+03,2.678564e+02,1.0070
322,3.664720e+03,2.631079e+02,3.324737e+03,-3.399830e+02,-1.2922
323,3.293246e+03,2.602335e+02,3.291943e+03,-1.302802e+00,-0.0050
324,3.120106e+03,2.573791e+02,3.259305e+03,1.391988e+02,0.5408
325,3.368505e+03,2.545454e+02,3.226845e+03,-1.416595e+02,-0.5565
326,3.681304e+03,2.517318e+02,3.194563e+03,-4.867405e+02,-1.9336
327,2.951137e+03,2.489423e+02,3.162474e+03,2.113373e+02,0.8489
328,3.406405e+03,2.461732e+02,3.130585e+03,-2.758207e+02,-1.1204
329,3.410888e+03,2.434278e+02,3.098903e+03,-3.119855e+02,-1.2816
330,2.998254e+03,2.407043e+02,3.067443e+03,6.918928e+01,0.2874
331,3.121226e+03,2.380065e+02,3.036205e+03,-8.502029e+01,-0.3572
332,2.958801e+03,2.353321e+02,3.005204e+03,4.640301e+01,0.1972
333,2.712532e+03,2.326827e+02,2.974439e+03,2.619074e+02,1.1256
334,2.787077e+03,2.300594e+02,2.943926e+03,1.568491e+02,0.6818
335,2.787270e+03,2.274612e+02,2.913678e+03,1.264080e+02,0.5557
336,3.050988e+03,2.248907e+02,2.883696e+03,-1.672915e+02,-0.7439
337,2.762001e+03,2.223469e+02,2.853987e+03,9.198630e+01,0.4137
338,2.952130e+03,2.198301e+02,2.824558e+03,-1.275717e+02,-0.5803
339,2.726863e+03,2.173411e+02,2.795425e+03,6.856167e+01,0.3155
340,2.839965e+03,2.148807e+02,2.766593e+03,-7.337225e+01,-0.3415
341,2.807382e+03,2.124486e+02,2.738064e+03,-6.931798e+01,-0.3263
342,2.871112e+03,2.100449e+02,2.709843e+03,-1.612685e+02,-0.7678
343,2.485553e+03,2.076709e+02,2.681940e+03,1.963871e+02,0.9457
344,2.631732e+03,2.053261e+02,2.654352e+03,2.262083e+01,0.1102
345,2.361349e+03,2.030116e+02,2.627089e+03,2.657398e+02,1.3090
346,2.518256e+03,2.007269e+02,2.600156e+03,8.189989e+01,0.4080
347,2.346839e+03,1.984733e+02,2.573554e+03,2.267147e+02,1.1423
348,2.467303e+03,1.962505e+02,2.547290e+03,7.998660e+01,0.4076
349,2.407922e+03,1.940588e+02,2.521378e+03,1.134568e+02,0.5847
350,2.408158e+03,1.918995e+02,2.495819e+03,8.766187e+01,0.4568
351,2.851610e+03,1.897717e+02,2.470627e+03,-3.809826e+02,-2.0076
352,2.362274e+03,1.876766e+02,2.445810e+03,8.353614e+01,0.4451
353,2.789427e+03,1.856143e+02,2.421366e+03,-3.680606e+02,-1.9829
354,2.664298e+03,1.835846e+02,2.397304e+03,-2.669937e+02,-1.4543
355,2.319663e+03,1.815882e+02,2.373638e+03,5.397425e+01,0.2972
356,2.094747e+03,1.796249e+02,2.350359e+03,2.556124e+02,1.4230
357,2.353409e+03,1.776952e+02,2.327476e+03,-2.593242e+01,-0.1459
358,2.279894e+03,1.757985e+02,2.304996e+03,2.510200e+01,0.1428
359,2.069299e+03,1.739358e+02,2.282918e+03,2.136192e+02,1.2281
360,2.320211e+03,1.721069e+02,2.261242e+03,-5.896946e+01,-0.3426
361,2.450166e+03,1.703116e+02,2.239975e+03,-2.101913e+02,-1.2342
362,2.227726e+03,1.685506e+02,2.219117e+03,-8.609283e+00,-0.0511
363,2.152103e+03,1.668234e+02,2.198682e+03,4.657893e+01,0.2792
364,2.708002e+03,1.651309e+02,2.178656e+03,-5.293452e+02,-3.2056
365,1.951022e+03,1.634724e+02,2.159061e+03,2.080390e+02,1.2726
366,1.838463e+03,1.618488e+02,2.139889e+03,3.014260e+02,1.8624
367,2.120481e+03,1.602597e+02,2.121147e+03,6.658330e-01,0.0042
368,2.010826e+03,1.587053e+02,2.102834e+03,9.200879e+01,0.5797
369,2.232046e+03,1.571860e+02,2.084952e+03,-1.470944e+02,-0.9358
370,1.977264e+03,1.557015e+02,2.067514e+03,9.024918e+01,0.5796
371,2.222594e+03,1.542522e+02,2.050505e+03,-1.720898e+02,-1.1156
372,1.969120e+03,1.528375e+02,2.033939e+03,6.481963e+01,0.4241
373,2.134856e+03,1.514580e+02,2.017811e+03,-1.170457e+02,-0.7728
374,1.976264e+03,1.501131e+02,2.002125e+03,2.586140e+01,0.1723
375,2.120624e+03,1.488027e+02,1.986876e+03,-1.337477e+02,-0.8988
376,1.992396e+03,1.475270e+02,1.972070e+03,-2.032649e+01,-0.1378
377,1.782397e+03,1.462856e+02,1.957714e+03,1.753176e+02,1.1985
378,2.197812e+03,1.450788e+02,1.943794e+03,-2.540185e+02,-1.7509
379,2.462985e+03,1.439064e+02,1.930323e+03,-5.326614e+02,-3.7014
380,1.777626e+03,1.427679e+02,1.917303e+03,1.396764e+02,0.9783
381,1.884336e+03,1.416640e+02,1.904724e+03,2.038842e+01,0.1439
382,1.603646e+03,1.405939e+02,1.892595e+03,2.889495e+02,2.0552
383,1.980290e+03,1.395581e+02,1.880916e+03,-9.937457e+01,-0.7121
384,2.011440e+03,1.385561e+02,1.869678e+03,-1.417620e+02,-1.0231
385,1.610902e+03,1.375882e+02,1.858881e+03,2.479791e+02,1.8023
386,1.703901e+03,1.366543e+02,1.848534e+03,1.446325e+02,1.0584
387,2.002234e+03,1.357539e+02,1.838635e+03,-1.635993e+02,-1.2051
388,1.801988e+03,1.348871e+02,1.829169e+03,2.718156e+01,0.2015
389,1.670791e+03,1.340535e+02,1.820145e+03,1.493533e+02,1.1141
390,1.907237e+03,1.332529e+02,1.811561e+03,-9.567575e+01,-0.7180
391,1.718826e+03,1.324847e+02,1.803417e+03,8.459141e+01,0.6385
392,1.944653e+03,1.317491e+02,1.795700e+03,-1.489530e+02,-1.1306
393,1.761753e+03,1.310455e+02,1.788422e+03,2.666950e+01,0.2035
394,1.892112e+03,1.303735e+02,1.781570e+03,-1.105423e+02,-0.8479
395,1.674008e+03,1.297331e+02,1.775143e+03,1.011342e+02,0.7796
396,1.739883e+03,1.291237e+02,1.769140e+03,2.925695e+01,0.2266
397,1.778420e+03,1.285453e+02,1.763555e+03,-1.486481e+01,-0.1156
398,1.662821e+03,1.279974e+02,1.758395e+03,9.557447e+01,0.7467
399,1.856241e+03,1.274799e+02,1.753652e+03,-1.025897e+02,-0.8048
400,1.754085e+03,1.269925e+02,1.749325e+03,-4.760017e+00,-0.0375
401,1.802007e+03,1.265346e+02,1.745416e+03,-5.659120e+01,-0.4472
402,1.904190e+03,1.261063e+02,1.741915e+03,-1.622749e+02,-1.2868
403,1.519445e+03,1.257070e+02,1.738823e+03,2.193780e+02,1.7452
404,1.590230e+03,1.253367e+02,1.736141e+03,1.459103e+02,1.1641
405,1.742724e+03,1.249946e+02,1.733852e+03,-8.872587e+00,-0.0710
406,1.867012e+03,1.246806e+02,1.731957e+03,-1.350555e+02,-1.0832
407,1.805367e+03,1.243942e+02,1.730455e+03,-7.491165e+01,-0.6022
408,1.739877e+03,1.241346e+02,1.729339e+03,-1.053793e+01,-0.0849
409,1.694953e+03,1.239019e+02,1.728595e+03,3.364126e+01,0.2715
410,1.748538e+03,1.236951e+02,1.728236e+03,-2.030255e+01,-0.1641
411,1.663596e+03,1.235143e+02,1.728233e+03,6.463649e+01,0.5233
412,1.629655e+03,1.233585e+02,1.728600e+03,9.894523e+01,0.8021
413,1.800008e+03,1.232278e+02,1.729330e+03,-7.067793e+01,-0.5736
414,1.710921e+03,1.231215e+02,1.730416e+03,1.949570e+01,0.1583
415,1.986762e+03,1.230389e+02,1.731843e+03,-2.549191e+02,-2.0719
416,1.723826e+03,1.229801e+02,1.733624e+03,9.798016e+00,0.0797
417,1.395981e+03,1.229442e+02,1.735739e+03,3.397584e+02,2.7635
418,1.706798e+03,1.229312e+02,1.738194e+03,3.139560e+01,0.2554
419,1.807002e+03,1.229401e+02,1.740973e+03,-6.602860e+01,-0.5371
420,1.837695e+03,1.229711e+02,1.744086e+03,-9.360964e+01,-0.7612
421,1.643418e+03,1.230234e+02,1.747516e+03,1.040972e+02,0.8462
422,1.653459e+03,1.230963e+02,1.751255e+03,9.779629e+01,0.7945
423,1.825499e+03,1.231897e+02,1.755313e+03,-7.018664e+01,-0.5697
424,1.804779e+03,1.233027e+02,1.759673e+03,-4.510670e+01,-0.3658
425,1.504911e+03,1.234351e+02,1.764327e+03,2.594160e+02,2.1016
426,1.625467e+03,1.235860e+02,1.769277e+03,1.438092e+02,1.1636
427,1.746917e+03,1.237554e+02,1.774499e+03,2.758162e+01,0.2229
428,1.799981e+03,1.239423e+02,1.780008e+03,-1.997303e+01,-0.1611
429,1.954897e+03,1.241467e+02,1.785775e+03,-1.691224e+02,-1.3623
430,1.895979e+03,1.243678e+02,1.791799e+03,-1.041793e+02,-0.8377
431,1.663236e+03,1.246051e+02,1.798081e+03,1.348450e+02,1.0822
432,1.955200e+03,1.248584e+02,1.804606e+03,-1.505943e+02,-1.2061
433,1.634773e+03,1.251269e+02,1.811380e+03,1.766067e+02,1.4114
434,1.945857e+03,1.254105e+02,1.818382e+03,-1.274751e+02,-1.0165
435,1.847654e+03,1.257083e+02,1.825619e+03,-2.203477e+01,-0.1753
436,1.547124e+03,1.260202e+02,1.833084e+03,2.859592e+02,2.2692
437,2.052060e+03,1.263457e+02,1.840768e+03,-2.112921e+02,-1.6723
438,1.851909e+03,1.266840e+02,1.848666e+03,-3.243154e+00,-0.0256
439,1.501342e+03,1.270349e+02,1.856776e+03,3.554342e+02,2.7979
440,1.728396e+03,1.273978e+02,1.865084e+03,1.366886e+02,1.0729
441,1.837679e+03,1.277723e+02,1.873583e+03,3.590376e+01,0.2810
442,2.044079e+03,1.281576e+02,1.882257e+03,-1.618216e+02,-1.2627
443,1.905002e+03,1.285536e+02,1.891107e+03,-1.389562e+01,-0.1081
444,1.856372e+03,1.289597e+02,1.900117e+03,4.374500e+01,0.3392
445,1.778838e+03,1.293751e+02,1.909281e+03,1.304433e+02,1.0083
446,1.718195e+03,1.297997e+02,1.918591e+03,2.003962e+02,1.5439
447,1.725599e+03,1.302327e+02,1.928040e+03,2.024406e+02,1.5545
448,1.786908e+03,1.306740e+02,1.937634e+03,1.507262e+02,1.1535
449,1.890548e+03,1.311226e+02,1.947360e+03,5.681275e+01,0.4333
450,2.018838e+03,1.315786e+02,1.957210e+03,-6.162813e+01,-0.4684
451,1.832175e+03,1.320411e+02,1.967184e+03,1.350085e+02,1.0225
452,2.172133e+03,1.325100e+02,1.977281e+03,-1.948519e+02,-1.4705
453,1.907838e+03,1.329846e+02,1.987481e+03,7.964265e+01,0.5989
454,2.014063e+03,1.334643e+02,1.997783e+03,-1.628037e+01,-0.1220
455,2.137527e+03,1.339490e+02,2.008172e+03,-1.293554e+02,-0.9657
456,2.252156e+03,1.344380e+02,2.018641e+03,-2.335148e+02,-1.7370
457,1.971134e+03,1.349311e+02,2.029184e+03,5.804938e+01,0.4302
458,1.981335e+03,1.354276e+02,2.039784e+03,5.844943e+01,0.4316
459,2.165179e+03,1.359274e+02,2.050428e+03,-1.147505e+02,-0.8442
460,1.950650e+03,1.364300e+02,2.061131e+03,1.104805e+02,0.8098
461,2.189507e+03,1.369346e+02,2.071862e+03,-1.176448e+02,-0.8591
462,2.318247e+03,1.374414e+02,2.082645e+03,-2.356015e+02,-1.7142
463,2.213086e+03,1.379495e+02,2.093450e+03,-1.196356e+02,-0.8672
464,2.119791e+03,1.384589e+02,2.104300e+03,-1.549113e+01,-0.1119
465,2.485221e+03,1.389688e+02,2.115164e+03,-3.700576e+02,-2.6629
466,2.166681e+03,1.394792e+02,2.126058e+03,-4.062290e+01,-0.2912
467,2.252116e+03,1.399894e+02,2.136967e+03,-1.151491e+02,-0.8226
468,2.333573e+03,1.404991e+02,2.147877e+03,-1.856956e+02,-1.3217
469,2.134243e+03,1.410082e+02,2.158788e+03,2.454433e+01,0.1741
470,1.989640e+03,1.415159e+02,2.169684e+03,1.800444e+02,1.2723
471,2.336015e+03,1.420220e+02,2.180552e+03,-1.554632e+02,-1.0946
472,2.138944e+03,1.425263e+02,2.191391e+03,5.244727e+01,0.3680
473,2.251542e+03,1.430281e+02,2.202188e+03,-4.935490e+01,-0.3451
474,2.018430e+03,1.435274e+02,2.212941e+03,1.945110e+02,1.3552
475,2.196060e+03,1.440235e+02,2.223644e+03,2.758379e+01,0.1915
476,2.300204e+03,1.445162e+02,2.234296e+03,-6.590797e+01,-0.4561
477,2.277479e+03,1.450053e+02,2.244884e+03,-3.259468e+01,-0.2248
478,2.191277e+03,1.454901e+02,2.255415e+03,6.413795e+01,0.4408
479,2.478983e+03,1.459707e+02,2.265889e+03,-2.130944e+02,-1.4598
480,2.317156e+03,1.464462e+02,2.276283e+03,-4.087234e+01,-0.2791
481,2.440514e+03,1.469167e+02,2.286614e+03,-1.539007e+02,-1.0475
482,2.178720e+03,1.473817e+02,2.296850e+03,1.181308e+02,0.8015
483,2.553089e+03,1.478407e+02,2.307001e+03,-2.460875e+02,-1.6645
484,2.200810e+03,1.482937e+02,2.317051e+03,1.162411e+02,0.7839
485,2.073561e+03,1.487401e+02,2.326986e+03,2.534247e+02,1.7038
486,2.500105e+03,1.491795e+02,2.336812e+03,-1.632928e+02,-1.0946
487,2.244993e+03,1.496118e+02,2.346517e+03,1.015239e+02,0.6786
488,2.453660e+03,1.500364e+02,2.356091e+03,-9.756936e+01,-0.6503
489,2.054452e+03,1.504532e+02,2.365543e+03,3.110908e+02,2.0677
490,2.445814e+03,1.508620e+02,2.374859e+03,-7.095501e+01,-0.4703
491,2.463984e+03,1.512622e+02,2.384037e+03,-7.994661e+01,-0.5285
492,2.516230e+03,1.516541e+02,2.393080e+03,-1.231505e+02,-0.8120
493,2.648630e+03,1.520369e+02,2.401985e+03,-2.466447e+02,-1.6223
494,2.646522e+03,1.524108e+02,2.410748e+03,-2.357740e+02,-1.5470
495,2.306332e+03,1.527756e+02,2.419359e+03,1.130275e+02,0.7398
496,2.071124e+03,1.531308e+02,2.427820e+03,3.566960e+02,2.3294
497,2.221234e+03,1.534762e+02,2.436116e+03,2.148822e+02,1.4001
498,2.388254e+03,1.538120e+02,2.444246e+03,5.599251e+01,0.3640
499,2.533145e+03,1.541375e+02,2.452204e+03,-8.094101e+01,-0.5251
500,2.557859e+03,1.544527e+02,2.459983e+03,-9.787610e+01,-0.6337
501,2.666713e+03,1.547573e+02,2.467574e+03,-1.991389e+02,-1.2868
502,2.434793e+03,1.550510e+02,2.474979e+03,4.018589e+01,0.2592
503,2.390783e+03,1.553339e+02,2.482190e+03,9.140734e+01,0.5885
504,2.763499e+03,1.556055e+02,2.489208e+03,-2.742908e+02,-1.7627
505,2.655340e+03,1.558611e+02,2.496040e+03,-1.592997e+02,-1.0221
506,2.389752e+03,1.561100e+02,2.502672e+03,1.129197e+02,0.7233
507,2.472959e+03,1.563467e+02,2.509111e+03,3.615259e+01,0.2312
508,2.433720e+03,1.565722e+02,2.515351e+03,8.163073e+01,0.5214
509,2.572229e+03,1.567853e+02,2.521383e+03,-5.084609e+01,-0.3243
510,2.740821e+03,1.569867e+02,2.527224e+03,-2.135969e+02,-1.3606
511,2.456333e+03,1.571760e+02,2.532852e+03,7.651888e+01,0.4868
512,2.853083e+03,1.573531e+02,2.538280e+03,-3.148030e+02,-2.0006
513,2.666710e+03,1.575178e+02,2.543496e+03,-1.232146e+02,-0.7822
514,2.349224e+03,1.576704e+02,2.548498e+03,1.992738e+02,1.2639
515,2.605654e+03,1.578103e+02,2.553288e+03,-5.236534e+01,-0.3318
516,2.554328e+03,1.579379e+02,2.557866e+03,3.537855e+00,0.0224
517,2.574716e+03,1.580526e+02,2.562224e+03,-1.249127e+01,-0.0790
518,2.576275e+03,1.581546e+02,2.566356e+03,-9.918855e+00,-0.0627
519,2.584823e+03,1.582440e+02,2.570268e+03,-1.455485e+01,-0.0920
520,2.520985e+03,1.583203e+02,2.573947e+03,5.296241e+01,0.3345
521,2.419481e+03,1.583835e+02,2.577401e+03,1.579192e+02,0.9971
522,2.868798e+03,1.584339e+02,2.580621e+03,-2.881772e+02,-1.8189
523,2.758376e+03,1.584710e+02,2.583601e+03,-1.747752e+02,-1.1029
524,2.552750e+03,1.584949e+02,2.586356e+03,3.360521e+01,0.2120
525,2.535441e+03,1.585056e+02,2.588871e+03,5.342969e+01,0.3371
526,2.350205e+03,1.585033e+02,2.591161e+03,2.409561e+02,1.5202
527,2.476351e+03,1.584881e+02,2.593220e+03,1.168688e+02,0.7374
528,2.673140e+03,1.584596e+02,2.595046e+03,-7.809390e+01,-0.4928
529,2.800468e+03,1.584182e+02,2.596642e+03,-2.038262e+02,-1.2866
530,2.356123e+03,1.583639e+02,2.598014e+03,2.418903e+02,1.5274
531,2.717463e+03,1.582966e+02,2.599147e+03,-1.183158e+02,-0.7474
532,2.447586e+03,1.582163e+02,2.600057e+03,1.524704e+02,0.9637
533,2.467412e+03,1.581233e+02,2.600736e+03,1.333243e+02,0.8432
534,2.508903e+03,1.580174e+02,2.601178e+03,9.227448e+01,0.5840
535,2.698830e+03,1.578986e+02,2.601396e+03,-9.743392e+01,-0.6171
536,2.417152e+03,1.577669e+02,2.601378e+03,1.842259e+02,1.1677
537,2.347580e+03,1.576225e+02,2.601136e+03,2.535561e+02,1.6086
538,2.693215e+03,1.574655e+02,2.600666e+03,-9.254961e+01,-0.5877
539,2.569301e+03,1.572957e+02,2.599973e+03,3.067157e+01,0.1950
540,2.586446e+03,1.571130e+02,2.599043e+03,1.259619e+01,0.0802
541,2.426034e+03,1.569180e+02,2.597898e+03,1.718647e+02,1.0953
542,2.398018e+03,1.567105e+02,2.596532e+03,1.985147e+02,1.2668
543,2.385110e+03,1.564906e+02,2.594938e+03,2.098280e+02,1.3408
544,2.633671e+03,1.562590e+02,2.593129e+03,-4.054240e+01,-0.2595
545,2.580647e+03,1.560152e+02,2.591106e+03,1.045938e+01,0.0670
546,2.598713e+03,1.557598e+02,2.588862e+03,-9.850967e+00,-0.0632
547,2.542409e+03,1.554929e+02,2.586405e+03,4.399521e+01,0.2829
548,2.701856e+03,1.552142e+02,2.583734e+03,-1.181223e+02,-0.7610
549,2.429250e+03,1.549247e+02,2.580849e+03,1.515992e+02,0.9785
550,2.264653e+03,1.546238e+02,2.577751e+03,3.130987e+02,2.0249
551,2.472332e+03,1.543119e+02,2.574455e+03,1.021228e+02,0.6618
552,2.593787e+03,1.539892e+02,2.570946e+03,-2.284102e+01,-0.1483
553,2.473391e+03,1.536557e+02,2.567239e+03,9.384739e+01,0.6108
554,2.838627e+03,1.533119e+02,2.563341e+03,-2.752868e+02,-1.7956
555,2.593977e+03,1.529577e+02,2.559244e+03,-3.473234e+01,-0.2271
556,2.676094e+03,1.525932e+02,2.554950e+03,-1.211445e+02,-0.7939
557,2.507522e+03,1.522184e+02,2.550480e+03,4.295841e+01,0.2822
558,2.700608e+03,1.518341e+02,2.545819e+03,-1.547885e+02,-1.0195
559,2.460454e+03,1.514399e+02,2.540976e+03,8.052150e+01,0.5317
560,2.317100e+03,1.510362e+02,2.535949e+03,2.188491e+02,1.4490
561,2.691565e+03,1.506234e+02,2.530754e+03,-1.608105e+02,-1.0676
562,2.606949e+03,1.502013e+02,2.525376e+03,-8.157264e+01,-0.5431
563,2.572852e+03,1.497706e+02,2.519830e+03,-5.302173e+01,-0.3540
564,2.422385e+03,1.493308e+02,2.514124e+03,9.173929e+01,0.6143
565,2.436182e+03,1.488828e+02,2.508242e+03,7.205990e+01,0.4840
566,2.556985e+03,1.484264e+02,2.502199e+03,-5.478545e+01,-0.3691
567,2.853799e+03,1.479619e+02,2.496003e+03,-3.577958e+02,-2.4182
568,2.445458e+03,1.474893e+02,2.489647e+03,4.418904e+01,0.2996
569,2.566375e+03,1.470093e+02,2.483138e+03,-8.323717e+01,-0.5662
570,2.230471e+03,1.465216e+02,2.476475e+03,2.460039e+02,1.6790
571,2.367106e+03,1.460265e+02,2.469667e+03,1.025607e+02,0.7023
572,2.429435e+03,1.455244e+02,2.462720e+03,3.328557e+01,0.2287
573,2.348650e+03,1.450152e+02,2.455635e+03,1.069856e+02,0.7378
574,2.508799e+03,1.444992e+02,2.448412e+03,-6.038714e+01,-0.4179
575,2.380299e+03,1.439769e+02,2.441073e+03,6.077404e+01,0.4221
576,2.433790e+03,1.434482e+02,2.433603e+03,-1.863985e-01,-0.0013
577,2.689985e+03,1.429135e+02,2.426025e+03,-2.639603e+02,-1.8470
578,2.437701e+03,1.423732e+02,2.418331e+03,-1.937043e+01,-0.1361
579,2.371543e+03,1.418273e+02,2.410528e+03,3.898504e+01,0.2749
580,2.514742e+03,1.412763e+02,2.402623e+03,-1.121183e+02,-0.7936
581,2.608887e+03,1.407205e+02,2.394625e+03,-2.142614e+02,-1.5226
582,2.158232e+03,1.401600e+02,2.386534e+03,2.283020e+02,1.6289
583,2.361752e+03,1.395951e+02,2.378348e+03,1.659593e+01,0.1189
584,2.269448e+03,1.390263e+02,2.370084e+03,1.006354e+02,0.7239
585,2.291319e+03,1.384534e+02,2.361740e+03,7.042112e+01,0.5086
586,2.413345e+03,1.378769e+02,2.353317e+03,-6.002780e+01,-0.4354
587,2.605039e+03,1.372973e+02,2.344823e+03,-2.602158e+02,-1.8953
588,2.540451e+03,1.367145e+02,2.336271e+03,-2.041799e+02,-1.4935
589,2.441716e+03,1.361289e+02,2.327648e+03,-1.140678e+02,-0.8379
590,2.335669e+03,1.355409e+02,2.318976e+03,-1.669365e+01,-0.1232
591,2.197727e+03,1.349504e+02,2.310253e+03,1.125259e+02,0.8338
592,2.370768e+03,1.343580e+02,2.301481e+03,-6.928671e+01,-0.5157
593,2.287432e+03,1.337639e+02,2.292667e+03,5.235154e+00,0.0391
594,2.174242e+03,1.331681e+02,2.283810e+03,1.095682e+02,0.8228
595,2.212072e+03,1.325712e+02,2.274926e+03,6.285400e+01,0.4741
596,2.157916e+03,1.319735e+02,2.266014e+03,1.080982e+02,0.8191
597,2.190886e+03,1.313749e+02,2.257074e+03,6.618771e+01,0.5038
598,2.241549e+03,1.307759e+02,2.248114e+03,6.564643e+00,0.0502
599,2.201919e+03,1.301766e+02,2.239140e+03,3.722142e+01,0.2859
600,2.230115e+03,1.295774e+02,2.230153e+03,3.847814e-02,0.0003
601,2.442541e+03,1.289787e+02,2.221168e+03,-2.213723e+02,-1.7163
602,2.230982e+03,1.283803e+02,2.212169e+03,-1.881232e+01,-0.1465
603,1.968254e+03,1.277828e+02,2.203187e+03,2.349327e+02,1.8385
604,1.954131e+03,1.271864e+02,2.194204e+03,2.400733e+02,1.8876
605,2.146305e+03,1.265913e+02,2.185230e+03,3.892558e+01,0.3075
606,2.318068e+03,1.259978e+02,2.176279e+03,-1.417894e+02,-1.1253
607,2.280880e+03,1.254063e+02,2.167342e+03,-1.135383e+02,-0.9054
608,2.235569e+03,1.248167e+02,2.158435e+03,-7.713375e+01,-0.6180
609,1.929405e+03,1.242295e+02,2.149564e+03,2.201591e+02,1.7722
610,2.196771e+03,1.236449e+02,2.140715e+03,-5.605615e+01,-0.4534
611,2.080706e+03,1.230632e+02,2.131917e+03,5.121118e+01,0.4161
612,1.960167e+03,1.224844e+02,2.123155e+03,1.629878e+02,1.3307
613,2.220783e+03,1.219089e+02,2.114436e+03,-1.063478e+02,-0.8724
614,2.271193e+03,1.213369e+02,2.105781e+03,-1.654121e+02,-1.3632
615,2.421087e+03,1.207687e+02,2.097169e+03,-3.239173e+02,-2.6821
616,1.941845e+03,1.202045e+02,2.088629e+03,1.467845e+02,1.2211
617,2.124291e+03,1.196442e+02,2.080153e+03,-4.413719e+01,-0.3689
618,2.012586e+03,1.190885e+02,2.071749e+03,5.916320e+01,0.4968
619,1.881179e+03,1.185376e+02,2.063415e+03,1.822359e+02,1.5374
620,2.196188e+03,1.179915e+02,2.055160e+03,-1.410284e+02,-1.1952
621,2.175716e+03,1.174505e+02,2.046997e+03,-1.287186e+02,-1.0959
622,1.866868e+03,1.169148e+02,2.038920e+03,1.720518e+02,1.4716
623,1.862668e+03,1.163848e+02,2.030927e+03,1.682590e+02,1.4457
624,2.047842e+03,1.158605e+02,2.023033e+03,-2.480849e+01,-0.2141
625,2.052902e+03,1.153423e+02,2.015239e+03,-3.766385e+01,-0.3265
626,1.907024e+03,1.148302e+02,2.007550e+03,1.005258e+02,0.8754
627,1.996861e+03,1.143245e+02,1.999960e+03,3.099141e+00,0.0271
628,2.028693e+03,1.138254e+02,1.992491e+03,-3.620192e+01,-0.3180
629,1.844106e+03,1.133330e+02,1.985127e+03,1.410206e+02,1.2443
630,1.972226e+03,1.128475e+02,1.977883e+03,5.657148e+00,0.0501
631,2.030299e+03,1.123690e+02,1.970758e+03,-5.954091e+01,-0.5299
632,1.854098e+03,1.118977e+02,1.963753e+03,1.096559e+02,0.9800
633,1.784653e+03,1.114338e+02,1.956882e+03,1.722295e+02,1.5456
634,2.109457e+03,1.109774e+02,1.950138e+03,-1.593188e+02,-1.4356
635,2.020055e+03,1.105286e+02,1.943527e+03,-7.652798e+01,-0.6924
636,1.722771e+03,1.100877e+02,1.937056e+03,2.142853e+02,1.9465
637,1.964281e+03,1.096549e+02,1.930726e+03,-3.355472e+01,-0.3060
638,2.028865e+03,1.092303e+02,1.924536e+03,-1.043290e+02,-0.9551
639,1.933403e+03,1.088141e+02,1.918493e+03,-1.490919e+01,-0.1370
640,1.922829e+03,1.084064e+02,1.912598e+03,-1.023167e+01,-0.0944
641,2.066797e+03,1.080074e+02,1.906857e+03,-1.599406e+02,-1.4808
642,1.907648e+03,1.076172e+02,1.901262e+03,-6.385897e+00,-0.0593
643,2.017415e+03,1.072360e+02,1.895836e+03,-1.215792e+02,-1.1338
644,1.646916e+03,1.068639e+02,1.890556e+03,2.436405e+02,2.2799
645,1.660769e+03,1.065008e+02,1.885444e+03,2.246754e+02,2.1096
646,1.813221e+03,1.061469e+02,1.880501e+03,6.727939e+01,0.6338
647,1.815534e+03,1.058024e+02,1.875717e+03,6.018364e+01,0.5688
648,1.906433e+03,1.054672e+02,1.871102e+03,-3.533132e+01,-0.3350
649,1.980705e+03,1.051415e+02,1.866653e+03,-1.140521e+02,-1.0847
650,1.995848e+03,1.048252e+02,1.862387e+03,-1.334616e+02,-1.2732
651,1.771150e+03,1.045187e+02,1.858287e+03,8.713678e+01,0.8337
652,1.876168e+03,1.042220e+02,1.854362e+03,-2.180645e+01,-0.2092
653,1.783645e+03,1.039350e+02,1.850618e+03,6.697297e+01,0.6444
654,1.741773e+03,1.036580e+02,1.847054e+03,1.052809e+02,1.0157
655,1.930939e+03,1.033909e+02,1.843679e+03,-8.725991e+01,-0.8440
656,1.796609e+03,1.031340e+02,1.840477e+03,4.386729e+01,0.4253
657,1.763285e+03,1.028872e+02,1.837462e+03,7.417718e+01,0.7210
658,1.761203e+03,1.026506e+02,1.834635e+03,7.343198e+01,0.7154
659,1.930792e+03,1.024243e+02,1.831994e+03,-9.879824e+01,-0.9646
660,1.774906e+03,1.022085e+02,1.829541e+03,5.463488e+01,0.5345
661,1.766250e+03,1.020029e+02,1.827273e+03,6.102366e+01,0.5983
662,1.901188e+03,1.018076e+02,1.825200e+03,-7.598754e+01,-0.7464
663,2.094705e+03,1.016227e+02,1.823313e+03,-2.713920e+02,-2.6706
664,1.905319e+03,1.014482e+02,1.821618e+03,-8.370041e+01,-0.8251
665,1.745115e+03,1.012840e+02,1.820117e+03,7.500174e+01,0.7405
666,1.760992e+03,1.011303e+02,1.818801e+03,5.780930e+01,0.5716
667,1.816902e+03,1.009869e+02,1.817678e+03,7.761265e-01,0.0077
668,1.795767e+03,1.008539e+02,1.816754e+03,2.098681e+01,0.2081
669,1.729132e+03,1.007312e+02,1.816014e+03,8.688208e+01,0.8625
670,1.753304e+03,1.006191e+02,1.815474e+03,6.217049e+01,0.6179
671,1.817571e+03,1.005172e+02,1.815126e+03,-2.444874e+00,-0.0243
672,1.797771e+03,1.004258e+02,1.814968e+03,1.719720e+01,0.1712
673,1.889479e+03,1.003448e+02,1.815002e+03,-7.447726e+01,-0.7422
674,1.873886e+03,1.002740e+02,1.815227e+03,-5.865927e+01,-0.5850
675,1.883925e+03,1.002139e+02,1.815650e+03,-6.827591e+01,-0.6813
676,1.746304e+03,1.001641e+02,1.816263e+03,6.995827e+01,0.6984
677,1.826003e+03,1.001247e+02,1.817066e+03,-8.936736e+00,-0.0893
678,1.904977e+03,1.000955e+02,1.818052e+03,-8.692454e+01,-0.8684
679,1.743397e+03,1.000764e+02,1.819235e+03,7.583787e+01,0.7578
680,1.697191e+03,1.000674e+02,1.820608e+03,1.234174e+02,1.2333
681,1.645999e+03,1.000683e+02,1.822163e+03,1.761639e+02,1.7604
682,1.851869e+03,1.000791e+02,1.823899e+03,-2.796999e+01,-0.2795
683,1.677525e+03,1.000996e+02,1.825825e+03,1.483005e+02,1.4815
684,1.775173e+03,1.001297e+02,1.827940e+03,5.276657e+01,0.5270
685,1.929250e+03,1.001695e+02,1.830228e+03,-9.902183e+01,-0.9885
686,1.645143e+03,1.002188e+02,1.832698e+03,1.875549e+02,1.8715
687,1.855111e+03,1.002775e+02,1.835348e+03,-1.976252e+01,-0.1971
688,1.911433e+03,1.003455e+02,1.838180e+03,-7.325306e+01,-0.7300
689,1.852486e+03,1.004226e+02,1.841191e+03,-1.129486e+01,-0.1125
690,1.932138e+03,1.005090e+02,1.844376e+03,-8.776157e+01,-0.8732
691,1.686604e+03,1.006043e+02,1.847734e+03,1.611307e+02,1.6016
692,1.695189e+03,1.007085e+02,1.851265e+03,1.560761e+02,1.5498
693,1.918384e+03,1.008216e+02,1.854969e+03,-6.341575e+01,-0.6290
694,1.900332e+03,1.009433e+02,1.858837e+03,-4.149515e+01,-0.4111
695,1.780443e+03,1.010736e+02,1.862878e+03,8.243495e+01,0.8156
696,2.010320e+03,1.012123e+02,1.867069e+03,-1.432512e+02,-1.4154
697,1.978651e+03,1.013594e+02,1.871432e+03,-1.072189e+02,-1.0578
698,1.884557e+03,1.015145e+02,1.875945e+03,-8.611891e+00,-0.0848
699,1.730010e+03,1.016777e+02,1.880623e+03,1.506130e+02,1.4813
700,1.835874e+03,1.018487e+02,1.885450e+03,4.957605e+01,0.4868
701,1.867003e+03,1.020275e+02,1.890427e+03,2.342435e+01,0.2296
702,1.984704e+03,1.022138e+02,1.895546e+03,-8.915768e+01,-0.8723
703,1.976506e+03,1.024075e+02,1.900815e+03,-7.569056e+01,-0.7391
704,1.976812e+03,1.026086e+02,1.906233e+03,-7.057881e+01,-0.6878
705,1.801550e+03,1.028168e+02,1.911779e+03,1.102290e+02,1.0721
706,1.810217e+03,1.030321e+02,1.917474e+03,1.072576e+02,1.0410
707,1.813681e+03,1.032543e+02,1.923297e+03,1.096161e+02,1.0616
708,1.942815e+03,1.034833e+02,1.929247e+03,-1.356884e+01,-0.1311
709,1.869146e+03,1.037189e+02,1.935331e+03,6.618558e+01,0.6381
710,1.870068e+03,1.039610e+02,1.941536e+03,7.146803e+01,0.6875
711,1.980363e+03,1.042092e+02,1.947860e+03,-3.250263e+01,-0.3119
712,1.901293e+03,1.044637e+02,1.954313e+03,5.301950e+01,0.5075
713,1.920502e+03,1.047240e+02,1.960870e+03,4.036816e+01,0.3855
714,1.876410e+03,1.049899e+02,1.967540e+03,9.113053e+01,0.8680
715,1.681522e+03,1.052613e+02,1.974323e+03,2.928015e+02,2.7817
716,2.001095e+03,1.055380e+02,1.981204e+03,-1.989044e+01,-0.1885
717,2.001716e+03,1.058197e+02,1.988183e+03,-1.353259e+01,-0.1279
718,1.806582e+03,1.061062e+02,1.995261e+03,1.886782e+02,1.7782
719,2.035801e+03,1.063972e+02,2.002429e+03,-3.337199e+01,-0.3137
720,1.958329e+03,1.066927e+02,2.009688e+03,5.135865e+01,0.4814
721,1.810340e+03,1.069925e+02,2.017031e+03,2.066909e+02,1.9318
722,1.941976e+03,1.072963e+02,2.024457e+03,8.248112e+01,0.7687
723,2.205260e+03,1.076039e+02,2.031967e+03,-1.732931e+02,-1.6105
724,2.072593e+03,1.079150e+02,2.039554e+03,-3.303873e+01,-0.3062
725,2.066583e+03,1.082296e+02,2.047217e+03,-1.936606e+01,-0.1789
726,1.975081e+03,1.085474e+02,2.054950e+03,7.986871e+01,0.7358
727,1.977917e+03,1.088681e+02,2.062752e+03,8.483531e+01,0.7792
728,1.992073e+03,1.091917e+02,2.070624e+03,7.855040e+01,0.7194
729,1.928713e+03,1.095179e+02,2.078543e+03,1.498297e+02,1.3681
730,1.735321e+03,1.098465e+02,2.086524e+03,3.512037e+02,3.1972
731,2.038451e+03,1.101774e+02,2.094561e+03,5.610976e+01,0.5093
732,2.112842e+03,1.105103e+02,2.102638e+03,-1.020414e+01,-0.0923
733,2.035278e+03,1.108450e+02,2.110762e+03,7.548419e+01,0.6810
734,2.220857e+03,1.111814e+02,2.118928e+03,-1.019292e+02,-0.9168
735,1.946145e+03,1.115191e+02,2.127119e+03,1.809740e+02,1.6228
736,2.179640e+03,1.118581e+02,2.135352e+03,-4.428808e+01,-0.3959
737,2.157575e+03,1.121983e+02,2.143603e+03,-1.397263e+01,-0.1245
738,2.045011e+03,1.125393e+02,2.151880e+03,1.068689e+02,0.9496
739,1.983196e+03,1.128811e+02,2.160177e+03,1.769808e+02,1.5679
740,1.967360e+03,1.132233e+02,2.168485e+03,2.011254e+02,1.7764
741,2.242435e+03,1.135659e+02,2.176798e+03,-6.563738e+01,-0.5780
742,2.360232e+03,1.139084e+02,2.185116e+03,-1.751163e+02,-1.5373
743,2.130307e+03,1.142511e+02,2.193438e+03,6.313102e+01,0.5526
744,2.164022e+03,1.145935e+02,2.201751e+03,3.772840e+01,0.3292
745,2.249897e+03,1.149356e+02,2.210054e+03,-3.984312e+01,-0.3467
746,2.223767e+03,1.152769e+02,2.218340e+03,-5.427000e+00,-0.0471
747,2.360539e+03,1.156174e+02,2.226609e+03,-1.339305e+02,-1.1584
748,2.410195e+03,1.159569e+02,2.234854e+03,-1.753414e+02,-1.5121
749,2.395825e+03,1.162949e+02,2.243075e+03,-1.527499e+02,-1.3135
750,2.223748e+03,1.166316e+02,2.251266e+03,2.751788e+01,0.2359
751,2.309994e+03,1.169666e+02,2.259418e+03,-5.057683e+01,-0.4324
752,2.029031e+03,1.172997e+02,2.267524e+03,2.384924e+02,2.0332
753,2.267489e+03,1.176308e+02,2.275592e+03,8.103454e+00,0.0689
754,2.256328e+03,1.179595e+02,2.283616e+03,2.728840e+01,0.2313
755,2.177404e+03,1.182858e+02,2.291587e+03,1.141835e+02,0.9653
756,2.304696e+03,1.186092e+02,2.299500e+03,-5.196453e+00,-0.0438
757,2.517918e+03,1.189298e+02,2.307368e+03,-2.105504e+02,-1.7704
758,2.265374e+03,1.192473e+02,2.315177e+03,4.980347e+01,0.4176
759,2.275060e+03,1.195615e+02,2.322928e+03,4.786862e+01,0.4004
760,2.277021e+03,1.198722e+02,2.330614e+03,5.359270e+01,0.4471
761,2.478615e+03,1.201793e+02,2.338234e+03,-1.403807e+02,-1.1681
762,2.289142e+03,1.204823e+02,2.345782e+03,5.663992e+01,0.4701
763,2.296646e+03,1.207814e+02,2.353258e+03,5.661231e+01,0.4687
764,2.419032e+03,1.210763e+02,2.360647e+03,-5.838447e+01,-0.4822
765,2.279498e+03,1.213669e+02,2.367950e+03,8.845189e+01,0.7288
766,2.283951e+03,1.216533e+02,2.375167e+03,9.121662e+01,0.7498
767,2.309935e+03,1.219352e+02,2.382284e+03,7.234857e+01,0.5933
768,2.258763e+03,1.222122e+02,2.389308e+03,1.305446e+02,1.0682
769,2.528925e+03,1.224842e+02,2.396217e+03,-1.327089e+02,-1.0835
770,2.272160e+03,1.227511e+02,2.403026e+03,1.308661e+02,1.0661
771,2.505396e+03,1.230127e+02,2.409721e+03,-9.567535e+01,-0.7778
772,2.299774e+03,1.232688e+02,2.416295e+03,1.165206e+02,0.9453
773,2.326025e+03,1.235193e+02,2.422755e+03,9.672998e+01,0.7831
774,2.358154e+03,1.237640e+02,2.429088e+03,7.093396e+01,0.5731
775,2.351970e+03,1.240026e+02,2.435292e+03,8.332247e+01,0.6719
776,2.324808e+03,1.242353e+02,2.441376e+03,1.165683e+02,0.9383
777,2.475568e+03,1.244617e+02,2.447334e+03,-2.823421e+01,-0.2269
778,2.262735e+03,1.246817e+02,2.453164e+03,1.904293e+02,1.5273
779,2.310215e+03,1.248952e+02,2.458868e+03,1.486531e+02,1.1902
780,2.414326e+03,1.251020e+02,2.464439e+03,5.011264e+01,0.4006
781,2.276367e+03,1.253020e+02,2.469883e+03,1.935158e+02,1.5444
782,2.506830e+03,1.254953e+02,2.475187e+03,-3.164253e+01,-0.2521
783,2.266348e+03,1.256815e+02,2.480359e+03,2.140107e+02,1.7028
784,2.306958e+03,1.258607e+02,2.485383e+03,1.784245e+02,1.4176
785,2.750032e+03,1.260326e+02,2.490260e+03,-2.597722e+02,-2.0612
786,2.586416e+03,1.261971e+02,2.494976e+03,-9.144025e+01,-0.7246
787,2.489163e+03,1.263543e+02,2.499538e+03,1.037501e+01,0.0821
788,2.506981e+03,1.265040e+02,2.503939e+03,-3.042103e+00,-0.0240
789,2.416486e+03,1.266461e+02,2.508165e+03,9.167882e+01,0.7239
790,2.357909e+03,1.267845e+02,2.512230e+03,1.543211e+02,1.2172
791,2.611534e+03,1.269183e+02,2.516121e+03,-9.541340e+01,-0.7518
792,2.322286e+03,1.270438e+02,2.519844e+03,1.975586e+02,1.5550
793,2.445875e+03,1.271612e+02,2.523393e+03,7.751867e+01,0.6096
794,2.430614e+03,1.272703e+02,2.526769e+03,9.615419e+01,0.7555
795,2.453844e+03,1.273708e+02,2.529963e+03,7.611890e+01,0.5976
796,2.483652e+03,1.274629e+02,2.532983e+03,4.933186e+01,0.3870
797,2.510914e+03,1.275463e+02,2.535831e+03,2.491722e+01,0.1954
798,2.538532e+03,1.276211e+02,2.538498e+03,-3.361874e-02,-0.0003
799,2.566305e+03,1.276873e+02,2.540993e+03,-2.531222e+01,-0.1982
800,2.529004e+03,1.277447e+02,2.543308e+03,1.430333e+01,0.1120
801,2.266280e+03,1.277934e+02,2.545443e+03,2.791626e+02,2.1845
802,2.485594e+03,1.278332e+02,2.547406e+03,6.181202e+01,0.4835
803,2.583053e+03,1.278641e+02,2.549183e+03,-3.387005e+01,-0.2649
804,2.388082e+03,1.278862e+02,2.550782e+03,1.626996e+02,1.2722
805,2.440108e+03,1.278992e+02,2.552188e+03,1.120800e+02,0.8763
806,2.433775e+03,1.279033e+02,2.553393e+03,1.196177e+02,0.9352
807,2.576929e+03,1.278982e+02,2.554399e+03,-2.253059e+01,-0.1762
808,2.520278e+03,1.278839e+02,2.555205e+03,3.492633e+01,0.2731
809,2.446683e+03,1.278606e+02,2.555804e+03,1.091209e+02,0.8534
810,2.599154e+03,1.278280e+02,2.556197e+03,-4.295724e+01,-0.3361
811,2.471725e+03,1.277862e+02,2.556384e+03,8.465954e+01,0.6625
812,2.727513e+03,1.277350e+02,2.556380e+03,-1.711332e+02,-1.3398
813,2.603965e+03,1.276745e+02,2.556178e+03,-4.778722e+01,-0.3743
814,2.508827e+03,1.276048e+02,2.555786e+03,4.695885e+01,0.3680
815,2.498218e+03,1.275257e+02,2.555211e+03,5.699302e+01,0.4469
816,2.576294e+03,1.274374e+02,2.554453e+03,-2.184028e+01,-0.1714
817,2.507615e+03,1.273398e+02,2.553506e+03,4.589105e+01,0.3604
818,2.345976e+03,1.272330e+02,2.552370e+03,2.063941e+02,1.6222
819,2.742245e+03,1.271170e+02,2.551037e+03,-1.912081e+02,-1.5042
820,2.477612e+03,1.269917e+02,2.549501e+03,7.188826e+01,0.5661
821,2.483087e+03,1.268573e+02,2.547753e+03,6.466588e+01,0.5098
822,2.494120e+03,1.267136e+02,2.545795e+03,5.167557e+01,0.4078
823,2.599362e+03,1.265607e+02,2.543619e+03,-5.574325e+01,-0.4404
824,2.539821e+03,1.263988e+02,2.541233e+03,1.412462e+00,0.0112
825,2.473813e+03,1.262276e+02,2.538644e+03,6.483088e+01,0.5136
826,2.355444e+03,1.260473e+02,2.535853e+03,1.804087e+02,1.4313
827,2.677681e+03,1.258579e+02,2.532867e+03,-1.448136e+02,-1.1506
828,2.620501e+03,1.256593e+02,2.529687e+03,-9.081473e+01,-0.7227
829,2.624158e+03,1.254526e+02,2.526327e+03,-9.783167e+01,-0.7798
830,2.415968e+03,1.252369e+02,2.522787e+03,1.068199e+02,0.8529
831,2.601430e+03,1.250121e+02,2.519069e+03,-8.236148e+01,-0.6588
832,2.312078e+03,1.247785e+02,2.515164e+03,2.030856e+02,1.6276
833,2.456138e+03,1.245358e+02,2.511065e+03,5.492726e+01,0.4411
834,2.592666e+03,1.242843e+02,2.506781e+03,-8.588519e+01,-0.6910
835,2.550889e+03,1.240242e+02,2.502295e+03,-4.859349e+01,-0.3918
836,2.382248e+03,1.237552e+02,2.497602e+03,1.153534e+02,0.9321
837,2.548343e+03,1.234776e+02,2.492708e+03,-5.563547e+01,-0.4506
838,2.384900e+03,1.231913e+02,2.487621e+03,1.027202e+02,0.8338
839,2.460613e+03,1.228964e+02,2.482326e+03,2.171308e+01,0.1767
840,2.413533e+03,1.225931e+02,2.476853e+03,6.332088e+01,0.5165
841,2.568205e+03,1.222812e+02,2.471196e+03,-9.700947e+01,-0.7933
842,2.547545e+03,1.219610e+02,2.465361e+03,-8.218387e+01,-0.6739
843,2.572519e+03,1.216325e+02,2.459348e+03,-1.131703e+02,-0.9304
844,2.711797e+03,1.212953e+02,2.453181e+03,-2.586164e+02,-2.1321
845,2.391932e+03,1.209500e+02,2.446836e+03,5.490340e+01,0.4539
846,2.509716e+03,1.205964e+02,2.440329e+03,-6.938731e+01,-0.5754
847,2.247648e+03,1.202348e+02,2.433644e+03,1.859967e+02,1.5469
848,2.434322e+03,1.198653e+02,2.426791e+03,-7.530707e+00,-0.0628
849,2.369075e+03,1.194879e+02,2.419760e+03,5.068546e+01,0.4242
850,2.311711e+03,1.191028e+02,2.412546e+03,1.008345e+02,0.8466
851,2.503642e+03,1.187103e+02,2.405162e+03,-9.848065e+01,-0.8296
852,2.236875e+03,1.183103e+02,2.397601e+03,1.607261e+02,1.3585
853,2.489113e+03,1.179029e+02,2.389871e+03,-9.924147e+01,-0.8417
854,2.453928e+03,1.174885e+02,2.381972e+03,-7.195656e+01,-0.6125
855,2.437443e+03,1.170670e+02,2.373926e+03,-6.351736e+01,-0.5426
856,2.473720e+03,1.166387e+02,2.365718e+03,-1.080025e+02,-0.9260
857,2.294903e+03,1.162034e+02,2.357370e+03,6.246767e+01,0.5376
858,2.387668e+03,1.157615e+02,2.348883e+03,-3.878495e+01,-0.3350
859,2.191558e+03,1.153131e+02,2.340256e+03,1.486979e+02,1.2895
860,2.478084e+03,1.148582e+02,2.331490e+03,-1.465943e+02,-1.2763
861,2.401418e+03,1.143970e+02,2.322591e+03,-7.882716e+01,-0.6891
862,2.186844e+03,1.139297e+02,2.313552e+03,1.267079e+02,1.1122
863,2.316645e+03,1.134563e+02,2.304389e+03,-1.225656e+01,-0.1080
864,2.477936e+03,1.129769e+02,2.295093e+03,-1.828428e+02,-1.6184
865,2.224919e+03,1.124920e+02,2.285664e+03,6.074566e+01,0.5400
866,2.407835e+03,1.120013e+02,2.276118e+03,-1.317165e+02,-1.1760
867,2.369148e+03,1.115052e+02,2.266439e+03,-1.027085e+02,-0.9211
868,2.304882e+03,1.110068e+02,2.256635e+03,-4.824704e+01,-0.4346
869,2.086987e+03,1.105061e+02,2.246713e+03,1.597262e+02,1.4454
870,2.134609e+03,1.100003e+02,2.236666e+03,1.020562e+02,0.9278
871,2.241755e+03,1.094898e+02,2.226500e+03,-1.525535e+01,-0.1393
872,2.214432e+03,1.089744e+02,2.216223e+03,1.791327e+00,0.0164
873,2.182468e+03,1.084545e+02,2.205828e+03,2.336076e+01,0.2154
874,2.450431e+03,1.079300e+02,2.195330e+03,-2.551012e+02,-2.3636
875,2.166190e+03,1.074011e+02,2.184727e+03,1.853751e+01,0.1726
876,2.205907e+03,1.068683e+02,2.174028e+03,-3.187910e+01,-0.2983
877,2.318629e+03,1.063325e+02,2.163233e+03,-1.553961e+02,-1.4614
878,2.061018e+03,1.057937e+02,2.152363e+03,9.134448e+01,0.8634
879,2.094534e+03,1.052514e+02,2.141404e+03,4.686936e+01,0.4453
880,2.146067e+03,1.047053e+02,2.130369e+03,-1.569752e+01,-0.1499
881,1.985361e+03,1.041558e+02,2.119253e+03,1.338913e+02,1.2855
882,2.112978e+03,1.036031e+02,2.108069e+03,-4.909018e+00,-0.0474
883,1.941020e+03,1.030471e+02,2.096809e+03,1.557889e+02,1.5118
884,1.995631e+03,1.024882e+02,2.085474e+03,8.984338e+01,0.8766
885,2.222515e+03,1.019266e+02,2.074071e+03,-1.484432e+02,-1.4564
886,2.132687e+03,1.013621e+02,2.062600e+03,-7.008653e+01,-0.6914
887,2.148635e+03,1.007952e+02,2.051060e+03,-9.757499e+01,-0.9681
888,2.083896e+03,1.002260e+02,2.039467e+03,-4.442975e+01,-0.4433
889,1.981188e+03,9.965442e+01,2.027804e+03,4.661545e+01,0.4678
890,2.098470e+03,9.908082e+01,2.016094e+03,-8.237567e+01,-0.8314
891,2.080489e+03,9.850541e+01,2.004331e+03,-7.615815e+01,-0.7731
892,1.980671e+03,9.792815e+01,1.992520e+03,1.184815e+01,0.1210
893,2.093993e+03,9.734929e+01,1.980661e+03,-1.133316e+02,-1.1642
894,1.998549e+03,9.676908e+01,1.968770e+03,-2.977948e+01,-0.3077
895,2.099640e+03,9.618746e+01,1.956831e+03,-1.428092e+02,-1.4847
896,1.836168e+03,9.560470e+01,1.944866e+03,1.086975e+02,1.1369
897,1.899349e+03,9.502105e+01,1.932867e+03,3.351838e+01,0.3527
898,1.825430e+03,9.443646e+01,1.920843e+03,9.541296e+01,1.0103
899,1.749521e+03,9.385118e+01,1.908799e+03,1.592781e+02,1.6971
900,2.060628e+03,9.326546e+01,1.896737e+03,-1.638914e+02,-1.7573
901,1.833544e+03,9.267925e+01,1.884654e+03,5.111019e+01,0.5515
902,1.861546e+03,9.209282e+01,1.872567e+03,1.102114e+01,0.1197
903,2.149776e+03,9.150630e+01,1.860475e+03,-2.893011e+02,-3.1615
904,1.727421e+03,9.091996e+01,1.848377e+03,1.209562e+02,1.3304
905,1.749001e+03,9.033374e+01,1.836281e+03,8.727964e+01,0.9662
906,1.897924e+03,8.974789e+01,1.824185e+03,-7.373848e+01,-0.8216
907,1.845942e+03,8.916268e+01,1.812106e+03,-3.383624e+01,-0.3795
908,1.833141e+03,8.857803e+01,1.800035e+03,-3.310665e+01,-0.3738
909,1.719385e+03,8.799422e+01,1.787978e+03,6.859286e+01,0.7795
910,1.604394e+03,8.741149e+01,1.775937e+03,1.715432e+02,1.9625
911,1.911906e+03,8.682979e+01,1.763917e+03,-1.479889e+02,-1.7044
912,1.695981e+03,8.624937e+01,1.751926e+03,5.594499e+01,0.6486
913,1.854091e+03,8.567049e+01,1.739964e+03,-1.141271e+02,-1.3322
914,1.659211e+03,8.509309e+01,1.728030e+03,6.881936e+01,0.8088
915,1.655788e+03,8.451741e+01,1.716125e+03,6.033698e+01,0.7139
916,1.835710e+03,8.394370e+01,1.704261e+03,-1.314488e+02,-1.5659
917,1.774464e+03,8.337188e+01,1.692433e+03,-8.203170e+01,-0.9839
918,1.744745e+03,8.280220e+01,1.680639e+03,-6.410686e+01,-0.7742
919,1.669128e+03,8.223490e+01,1.668893e+03,-2.346273e-01,-0.0029
920,1.807991e+03,8.166992e+01,1.657197e+03,-1.507941e+02,-1.8464
921,1.799535e+03,8.110749e+01,1.645541e+03,-1.539942e+02,-1.8986
922,1.599605e+03,8.054776e+01,1.633941e+03,3.433563e+01,0.4263
923,1.603660e+03,7.999095e+01,1.622403e+03,1.874334e+01,0.2343
924,1.451639e+03,7.943701e+01,1.610913e+03,1.592741e+02,2.0050
925,1.397536e+03,7.888619e+01,1.599491e+03,2.019553e+02,2.5601
926,1.712922e+03,7.833870e+01,1.588132e+03,-1.247897e+02,-1.5930
927,1.536389e+03,7.779450e+01,1.576841e+03,4.045183e+01,0.5200
928,1.525779e+03,7.725383e+01,1.565626e+03,3.984704e+01,0.5158
929,1.689056e+03,7.671691e+01,1.554486e+03,-1.345695e+02,-1.7541
930,1.652541e+03,7.618370e+01,1.543422e+03,-1.091194e+02,-1.4323
931,1.642933e+03,7.565441e+01,1.532432e+03,-1.105009e+02,-1.4606
932,1.642593e+03,7.512915e+01,1.521532e+03,-1.210614e+02,-1.6114
933,1.480819e+03,7.460811e+01,1.510713e+03,2.989411e+01,0.4007
934,1.557558e+03,7.409117e+01,1.499983e+03,-5.757484e+01,-0.7771
935,1.375798e+03,7.357853e+01,1.489342e+03,1.135442e+02,1.5432
936,1.508147e+03,7.307038e+01,1.478789e+03,-2.935793e+01,-0.4018
937,1.447551e+03,7.256660e+01,1.468331e+03,2.077934e+01,0.2863
938,1.434718e+03,7.206739e+01,1.457968e+03,2.325012e+01,0.3226
939,1.658281e+03,7.157293e+01,1.447707e+03,-2.105737e+02,-2.9421
940,1.337158e+03,7.108312e+01,1.437541e+03,1.003826e+02,1.4122
941,1.437743e+03,7.059815e+01,1.427483e+03,-1.025991e+01,-0.1453
942,1.461390e+03,7.011810e+01,1.417527e+03,-4.386276e+01,-0.6256
943,1.391490e+03,6.964315e+01,1.407679e+03,1.618887e+01,0.2325
944,1.342495e+03,6.917320e+01,1.397939e+03,5.544425e+01,0.8015
945,1.434626e+03,6.870844e+01,1.388315e+03,-4.631112e+01,-0.6740
946,1.375438e+03,6.824903e+01,1.378798e+03,3.359605e+00,0.0492
947,1.299730e+03,6.779489e+01,1.369403e+03,6.967301e+01,1.0277
948,1.316960e+03,6.734619e+01,1.360122e+03,4.316179e+01,0.6409
949,1.312073e+03,6.690300e+01,1.350956e+03,3.888322e+01,0.5812
950,1.405416e+03,6.646547e+01,1.341918e+03,-6.349783e+01,-0.9554
951,1.445585e+03,6.603350e+01,1.333002e+03,-1.125835e+02,-1.7049
952,1.257765e+03,6.560723e+01,1.324206e+03,6.644049e+01,1.0127
953,1.344397e+03,6.518684e+01,1.315538e+03,-2.885968e+01,-0.4427
954,1.338848e+03,6.477219e+01,1.306990e+03,-3.185875e+01,-0.4919
955,1.294596e+03,6.436346e+01,1.298576e+03,3.980159e+00,0.0618
956,1.298779e+03,6.396071e+01,1.290289e+03,-8.489833e+00,-0.1327
957,1.459959e+03,6.356409e+01,1.282136e+03,-1.778232e+02,-2.7975
958,1.352590e+03,6.317349e+01,1.274109e+03,-7.848048e+01,-1.2423
959,1.241518e+03,6.278908e+01,1.266216e+03,2.469826e+01,0.3934
960,1.301985e+03,6.241101e+01,1.258463e+03,-4.352225e+01,-0.6973
961,1.274383e+03,6.203917e+01,1.250842e+03,-2.354092e+01,-0.3795
962,1.229088e+03,6.167371e+01,1.243361e+03,1.427298e+01,0.2314
963,1.138608e+03,6.131471e+01,1.236020e+03,9.741159e+01,1.5887
964,1.268307e+03,6.096231e+01,1.228818e+03,-3.948886e+01,-0.6478
965,1.118654e+03,6.061642e+01,1.221754e+03,1.031005e+02,1.7009
966,1.248220e+03,6.027712e+01,1.214830e+03,-3.339016e+01,-0.5539
967,1.254844e+03,5.994452e+01,1.208051e+03,-4.679289e+01,-0.7806
968,1.293574e+03,5.961845e+01,1.201410e+03,-9.216418e+01,-1.5459
969,1.272574e+03,5.929900e+01,1.194914e+03,-7.765996e+01,-1.3096
970,1.190260e+03,5.898620e+01,1.188564e+03,-1.696437e+00,-0.0288
971,1.227866e+03,5.868012e+01,1.182350e+03,-4.551565e+01,-0.7757
972,1.226915e+03,5.838062e+01,1.176281e+03,-5.063361e+01,-0.8673
973,1.115620e+03,5.808778e+01,1.170357e+03,5.473708e+01,0.9423
974,1.116882e+03,5.780161e+01,1.164584e+03,4.770120e+01,0.8253
975,1.192392e+03,5.752222e+01,1.158947e+03,-3.344494e+01,-0.5814
976,1.082917e+03,5.724943e+01,1.153454e+03,7.053708e+01,1.2321
977,1.121099e+03,5.698334e+01,1.148112e+03,2.701263e+01,0.4740
978,1.198789e+03,5.672405e+01,1.142912e+03,-5.587659e+01,-0.9851
979,1.066164e+03,5.647140e+01,1.137856e+03,7.169237e+01,1.2695
980,1.128532e+03,5.622547e+01,1.132950e+03,4.418795e+00,0.0786
981,1.146356e+03,5.598629e+01,1.128187e+03,-1.816845e+01,-0.3245
982,1.128806e+03,5.575394e+01,1.123566e+03,-5.240201e+00,-0.0940
983,1.128771e+03,5.552823e+01,1.119088e+03,-9.683308e+00,-0.1744
984,1.153033e+03,5.530922e+01,1.114759e+03,-3.827427e+01,-0.6920
985,1.098192e+03,5.509689e+01,1.110572e+03,1.237974e+01,0.2247
986,1.148535e+03,5.489129e+01,1.106527e+03,-4.200882e+01,-0.7653
987,1.112929e+03,5.469223e+01,1.102631e+03,-1.029828e+01,-0.1883
988,1.069331e+03,5.449978e+01,1.098876e+03,2.954475e+01,0.5421
989,1.126684e+03,5.431390e+01,1.095263e+03,-3.142113e+01,-0.5785
990,9.752899e+02,5.413466e+01,1.091791e+03,1.165014e+02,2.1521
991,1.088739e+03,5.396186e+01,1.088461e+03,-2.785630e-01,-0.0052
992,1.213144e+03,5.379556e+01,1.085279e+03,-1.278657e+02,-2.3769
993,1.155018e+03,5.363574e+01,1.082230e+03,-7.278790e+01,-1.3571
994,1.121557e+03,5.348245e+01,1.079330e+03,-4.222691e+01,-0.7895
995,1.035665e+03,5.333551e+01,1.076563e+03,4.089859e+01,0.7668
996,1.012300e+03,5.319498e+01,1.073937e+03,6.163759e+01,1.1587
997,1.092782e+03,5.306082e+01,1.071452e+03,-2.133009e+01,-0.4020
998,1.030024e+03,5.293312e+01,1.069107e+03,3.908321e+01,0.7384
999,1.049733e+03,5.281163e+01,1.066895e+03,1.716231e+01,0.3250
1000,9.711745e+02,5.269677e+01,1.064824e+03,9.364930e+01,1.7771
1001,1.052110e+03,5.258775e+01,1.062878e+03,1.076838e+01,0.2048
1002,1.014328e+03,5.248510e+01,1.061073e+03,4.674506e+01,0.8906
1003,1.112060e+03,5.238823e+01,1.059393e+03,-5.266772e+01,-1.0053
1004,1.019710e+03,5.229731e+01,1.057846e+03,3.813579e+01,0.7292
1005,1.035048e+03,5.221226e+01,1.056417e+03,2.136866e+01,0.4093
1006,1.002225e+03,5.213310e+01,1.055121e+03,5.289618e+01,1.0146
1007,1.053831e+03,5.205958e+01,1.053944e+03,1.129351e-01,0.0022
1008,9.727901e+02,5.199171e+01,1.052892e+03,8.010155e+01,1.5407
1009,1.100092e+03,5.192941e+01,1.051965e+03,-4.812680e+01,-0.9268
1010,1.123808e+03,5.187268e+01,1.051150e+03,-7.265811e+01,-1.4007
1011,1.076141e+03,5.182130e+01,1.050460e+03,-2.568141e+01,-0.4956
1012,9.521686e+02,5.177525e+01,1.049881e+03,9.771234e+01,1.8872
1013,1.083622e+03,5.173448e+01,1.049413e+03,-3.420932e+01,-0.6612
1014,1.135410e+03,5.169897e+01,1.049071e+03,-8.633893e+01,-1.6700
1015,1.116017e+03,5.166850e+01,1.048832e+03,-6.718414e+01,-1.3003
1016,1.059784e+03,5.164307e+01,1.048713e+03,-1.107178e+01,-0.2144
1017,1.090402e+03,5.162259e+01,1.048711e+03,-4.169065e+01,-0.8076
1018,9.538741e+02,5.160705e+01,1.048814e+03,9.493988e+01,1.8397
1019,1.166202e+03,5.159613e+01,1.049028e+03,-1.171737e+02,-2.2710
1020,9.813321e+02,5.158997e+01,1.049353e+03,6.802137e+01,1.3185
1021,1.022027e+03,5.158841e+01,1.049783e+03,2.775635e+01,0.5380
1022,1.044350e+03,5.159136e+01,1.050317e+03,5.967005e+00,0.1157
1023,1.010747e+03,5.159874e+01,1.050940e+03,4.019320e+01,0.7790
1024,1.077999e+03,5.161045e+01,1.051668e+03,-2.633117e+01,-0.5102
1025,9.844845e+02,5.162633e+01,1.052478e+03,6.799298e+01,1.3170
1026,1.058528e+03,5.164643e+01,1.053385e+03,-5.143464e+00,-0.0996
1027,9.637151e+02,5.167061e+01,1.054374e+03,9.065901e+01,1.7546
1028,1.059960e+03,5.169877e+01,1.055446e+03,-4.514204e+00,-0.0873
1029,1.024370e+03,5.173083e+01,1.056616e+03,3.224584e+01,0.6233
1030,1.005074e+03,5.176668e+01,1.057861e+03,5.278686e+01,1.0197
1031,1.007927e+03,5.180618e+01,1.059196e+03,5.126896e+01,0.9896
1032,1.057283e+03,5.184938e+01,1.060607e+03,3.324421e+00,0.0641
1033,1.071366e+03,5.189611e+01,1.062109e+03,-9.256680e+00,-0.1784
1034,1.104732e+03,5.194627e+01,1.063687e+03,-4.104549e+01,-0.7902
1035,1.084772e+03,5.199974e+01,1.065348e+03,-1.942374e+01,-0.3735
1036,1.011399e+03,5.205642e+01,1.067078e+03,5.567904e+01,1.0696
1037,9.944810e+02,5.211613e+01,1.068870e+03,7.438910e+01,1.4274
1038,1.103587e+03,5.217891e+01,1.070738e+03,-3.284813e+01,-0.6295
1039,1.102100e+03,5.224458e+01,1.072669e+03,-2.943176e+01,-0.5633
1040,1.085023e+03,5.231304e+01,1.074653e+03,-1.036940e+01,-0.1982
1041,1.084766e+03,5.238419e+01,1.076700e+03,-8.065610e+00,-0.1540
1042,9.912366e+02,5.245784e+01,1.078803e+03,8.756594e+01,1.6693
1043,1.001273e+03,5.253404e+01,1.080952e+03,7.967907e+01,1.5167
1044,1.134768e+03,5.261261e+01,1.083165e+03,-5.160304e+01,-0.9808
1045,1.017107e+03,5.269345e+01,1.085426e+03,6.831910e+01,1.2965
1046,1.078143e+03,5.277646e+01,1.087735e+03,9.592256e+00,0.1818
1047,1.068139e+03,5.286153e+01,1.090092e+03,2.195319e+01,0.4153
1048,1.025227e+03,5.294848e+01,1.092499e+03,6.727199e+01,1.2705
1049,1.173363e+03,5.303736e+01,1.094946e+03,-7.841643e+01,-1.4785
1050,1.072266e+03,5.312799e+01,1.097436e+03,2.516949e+01,0.4738
1051,1.074938e+03,5.322027e+01,1.099960e+03,2.502201e+01,0.4702
1052,1.123814e+03,5.331410e+01,1.102519e+03,-2.129577e+01,-0.3994
1053,1.110394e+03,5.340930e+01,1.105112e+03,-5.281670e+00,-0.0989
1054,1.170499e+03,5.350592e+01,1.107741e+03,-6.275785e+01,-1.1729
1055,1.049029e+03,5.360378e+01,1.110391e+03,6.136236e+01,1.1447
1056,1.110937e+03,5.370278e+01,1.113070e+03,2.132935e+00,0.0397
1057,1.064810e+03,5.380283e+01,1.115770e+03,5.096020e+01,0.9472
1058,1.185486e+03,5.390373e+01,1.118492e+03,-6.699455e+01,-1.2429
1059,1.255890e+03,5.400555e+01,1.121228e+03,-1.346623e+02,-2.4935
1060,1.177583e+03,5.410811e+01,1.123987e+03,-5.359597e+01,-0.9905
1061,1.087420e+03,5.421130e+01,1.126761e+03,3.934067e+01,0.7257
1062,1.082228e+03,5.431504e+01,1.129550e+03,4.732248e+01,0.8713
1063,1.070424e+03,5.441914e+01,1.132348e+03,6.192427e+01,1.1379
1064,1.002629e+03,5.452365e+01,1.135155e+03,1.325259e+02,2.4306
1065,1.154469e+03,5.462841e+01,1.137964e+03,-1.650485e+01,-0.3021
1066,1.157059e+03,5.473330e+01,1.140782e+03,-1.627706e+01,-0.2974
1067,1.160274e+03,5.483824e+01,1.143594e+03,-1.667929e+01,-0.3042
1068,1.141996e+03,5.494307e+01,1.146417e+03,4.420859e+00,0.0805
1069,1.184077e+03,5.504784e+01,1.149228e+03,-3.484874e+01,-0.6331
1070,1.129309e+03,5.515241e+01,1.152042e+03,2.273316e+01,0.4122
1071,1.120774e+03,5.525668e+01,1.154845e+03,3.407105e+01,0.6166
1072,1.060590e+03,5.536057e+01,1.157644e+03,9.705426e+01,1.7531
1073,1.152067e+03,5.546394e+01,1.160426e+03,8.358318e+00,0.1507
1074,1.205929e+03,5.556683e+01,1.163196e+03,-4.273274e+01,-0.7690
1075,1.164707e+03,5.566909e+01,1.165950e+03,1.243124e+00,0.0223
1076,1.228733e+03,5.577064e+01,1.168693e+03,-6.003943e+01,-1.0765
1077,1.143119e+03,5.587140e+01,1.171413e+03,2.829342e+01,0.5064
1078,1.091311e+03,5.597121e+01,1.174115e+03,8.280434e+01,1.4794
1079,1.231066e+03,5.607014e+01,1.176787e+03,-5.427877e+01,-0.9681
1080,1.114586e+03,5.616803e+01,1.179443e+03,6.485701e+01,1.1547
1081,1.127141e+03,5.626480e+01,1.182068e+03,5.492647e+01,0.9762
1082,1.229461e+03,5.636037e+01,1.184663e+03,-4.479797e+01,-0.7948
1083,1.249807e+03,5.645458e+01,1.187228e+03,-6.257919e+01,-1.1085
1084,1.280367e+03,5.654751e+01,1.189763e+03,-9.060414e+01,-1.6023
1085,1.205758e+03,5.663900e+01,1.192261e+03,-1.349675e+01,-0.2383
1086,1.250656e+03,5.672901e+01,1.194723e+03,-5.593304e+01,-0.9860
1087,1.311861e+03,5.681747e+01,1.197149e+03,-1.147114e+02,-2.0189
1088,1.049688e+03,5.690424e+01,1.199532e+03,1.498433e+02,2.6333
1089,1.248902e+03,5.698940e+01,1.201871e+03,-4.703100e+01,-0.8253
1090,1.273063e+03,5.707282e+01,1.204168e+03,-6.889519e+01,-1.2071
1091,1.187590e+03,5.715444e+01,1.206421e+03,1.883129e+01,0.3295
1092,1.251496e+03,5.723412e+01,1.208626e+03,-4.287026e+01,-0.7490
1093,1.282965e+03,5.731194e+01,1.210781e+03,-7.218447e+01,-1.2595
1094,1.145095e+03,5.738778e+01,1.212886e+03,6.779154e+01,1.1813
1095,1.252196e+03,5.746156e+01,1.214943e+03,-3.725328e+01,-0.6483
1096,1.099591e+03,5.753323e+01,1.216943e+03,1.173520e+02,2.0397
1097,1.203247e+03,5.760265e+01,1.218895e+03,1.564788e+01,0.2717
1098,1.262175e+03,5.766991e+01,1.220792e+03,-4.138290e+01,-0.7176
1099,1.118362e+03,5.773487e+01,1.222625e+03,1.042637e+02,1.8059
1100,1.289740e+03,5.779748e+01,1.224411e+03,-6.532891e+01,-1.1303
1101,1.274206e+03,5.785760e+01,1.226127e+03,-4.807831e+01,-0.8310
1102,1.165144e+03,5.791533e+01,1.227789e+03,6.264526e+01,1.0817
1103,1.283465e+03,5.797058e+01,1.229381e+03,-5.408353e+01,-0.9329
1104,1.222331e+03,5.802330e+01,1.230920e+03,8.588880e+00,0.1480
1105,1.223054e+03,5.807347e+01,1.232389e+03,9.335729e+00,0.1608
1106,1.076286e+03,5.812098e+01,1.233791e+03,1.575043e+02,2.7099
1107,1.264105e+03,5.816592e+01,1.235131e+03,-2.897396e+01,-0.4981
1108,1.200050e+03,5.820821e+01,1.236397e+03,3.634731e+01,0.6244
1109,1.181361e+03,5.824780e+01,1.237602e+03,5.624159e+01,0.9656
1110,1.299101e+03,5.828459e+01,1.238733e+03,-6.036770e+01,-1.0357
1111,1.192385e+03,5.831869e+01,1.239797e+03,4.741210e+01,0.8130
1112,1.209506e+03,5.834998e+01,1.240786e+03,3.128018e+01,0.5361
1113,1.287960e+03,5.837845e+01,1.241709e+03,-4.625106e+01,-0.7923
1114,1.163716e+03,5.840397e+01,1.242559e+03,7.884262e+01,1.3500
1115,1.121259e+03,5.842667e+01,1.243335e+03,1.220755e+02,2.0894
1116,1.286097e+03,5.844642e+01,1.244037e+03,-4.205956e+01,-0.7196
1117,1.295991e+03,5.846321e+01,1.244667e+03,-5.132325e+01,-0.8779
1118,1.271620e+03,5.847699e+01,1.245224e+03,-2.639566e+01,-0.4514
1119,1.227478e+03,5.848770e+01,1.245702e+03,1.822389e+01,0.3116
1120,1.216878e+03,5.849546e+01,1.246099e+03,2.922071e+01,0.4995
1121,1.217616e+03,5.850019e+01,1.246425e+03,2.880820e+01,0.4924
1122,1.303835e+03,5.850191e+01,1.246671e+03,-5.716408e+01,-0.9771
1123,1.259067e+03,5.850053e+01,1.246838e+03,-1.222891e+01,-0.2090
1124,1.194064e+03,5.849617e+01,1.246933e+03,5.286973e+01,0.9038
1125,1.242678e+03,5.848878e+01,1.246943e+03,4.265141e+00,0.0729
1126,1.243000e+03,5.847834e+01,1.246866e+03,3.866846e+00,0.0661
1127,1.320690e+03,5.846478e+01,1.246719e+03,-7.397075e+01,-1.2652
1128,1.282577e+03,5.844823e+01,1.246494e+03,-3.608286e+01,-0.6173
1129,1.223488e+03,5.842971e+01,1.246183e+03,2.269525e+01,0.3884
1130,1.228807e+03,5.840825e+01,1.245802e+03,1.699519e+01,0.2910
1131,1.213830e+03,5.838348e+01,1.245336e+03,3.150595e+01,0.5396
1132,1.218705e+03,5.835554e+01,1.244792e+03,2.608685e+01,0.4470
1133,1.240315e+03,5.832433e+01,1.244171e+03,3.856238e+00,0.0661
1134,1.182669e+03,5.828985e+01,1.243466e+03,6.079644e+01,1.0430
1135,1.159458e+03,5.825202e+01,1.242683e+03,8.322538e+01,1.4287
1136,1.303413e+03,5.821119e+01,1.241824e+03,-6.158906e+01,-1.0580
1137,1.216287e+03,5.816721e+01,1.240881e+03,2.459310e+01,0.4228
1138,1.202036e+03,5.811988e+01,1.239860e+03,3.782391e+01,0.6508
1139,1.125081e+03,5.806917e+01,1.238764e+03,1.136829e+02,1.9577
1140,1.249899e+03,5.801521e+01,1.237576e+03,-1.232307e+01,-0.2124
1141,1.178929e+03,5.795794e+01,1.236319e+03,5.739007e+01,0.9902
1142,1.244376e+03,5.789739e+01,1.234979e+03,-9.397036e+00,-0.1623
1143,1.280865e+03,5.783349e+01,1.233562e+03,-4.730309e+01,-0.8179
1144,1.105378e+03,5.776640e+01,1.232062e+03,1.266842e+02,2.1930
1145,1.301940e+03,5.769606e+01,1.230486e+03,-7.145353e+01,-1.2384
1146,1.272406e+03,5.762249e+01,1.228835e+03,-4.357134e+01,-0.7562
1147,1.230971e+03,5.754586e+01,1.227107e+03,-3.863562e+00,-0.0671
1148,1.325281e+03,5.746630e+01,1.225297e+03,-9.998482e+01,-1.7399
1149,1.128737e+03,5.738360e+01,1.223410e+03,9.467287e+01,1.6498
1150,1.132871e+03,5.729777e+01,1.221448e+03,8.857763e+01,1.5459
1151,1.238092e+03,5.720876e+01,1.219411e+03,-1.868068e+01,-0.3265
1152,1.181143e+03,5.711670e+01,1.217298e+03,3.615452e+01,0.6330
1153,1.240905e+03,5.702225e+01,1.215117e+03,-2.578847e+01,-0.4523
1154,1.141336e+03,5.692541e+01,1.212852e+03,7.151634e+01,1.2563
1155,1.306725e+03,5.682559e+01,1.210520e+03,-9.620481e+01,-1.6930
1156,1.251962e+03,5.672293e+01,1.208112e+03,-4.385009e+01,-0.7731
1157,1.266895e+03,5.661741e+01,1.205636e+03,-6.125917e+01,-1.0820
1158,1.208307e+03,5.650907e+01,1.203091e+03,-5.216216e+00,-0.0923
1159,1.184052e+03,5.639787e+01,1.200479e+03,1.642709e+01,0.2913
1160,1.139504e+03,5.628396e+01,1.197798e+03,5.829323e+01,1.0357
1161,1.259874e+03,5.616732e+01,1.195048e+03,-6.482614e+01,-1.1542
1162,1.218518e+03,5.604798e+01,1.192238e+03,-2.627976e+01,-0.4689
1163,1.124015e+03,5.592591e+01,1.189359e+03,6.534387e+01,1.1684
1164,1.195091e+03,5.580126e+01,1.186420e+03,-8.671082e+00,-0.1554
1165,1.138133e+03,5.567400e+01,1.183419e+03,4.528554e+01,0.8134
1166,1.171366e+03,5.554411e+01,1.180349e+03,8.982973e+00,0.1617
1167,1.165273e+03,5.541173e+01,1.177218e+03,1.194520e+01,0.2156
1168,1.174924e+03,5.527684e+01,1.174026e+03,-8.979929e-01,-0.0162
1169,1.109553e+03,5.513947e+01,1.170780e+03,6.122719e+01,1.1104
1170,1.143753e+03,5.499961e+01,1.167472e+03,2.371941e+01,0.4313
1171,1.121020e+03,5.485743e+01,1.164110e+03,4.309042e+01,0.7855
1172,1.088257e+03,5.471291e+01,1.160694e+03,7.243638e+01,1.3239
1173,1.172601e+03,5.456610e+01,1.157223e+03,-1.537776e+01,-0.2818
1174,1.239842e+03,5.441701e+01,1.153698e+03,-8.614445e+01,-1.5830
1175,1.125241e+03,5.426579e+01,1.150118e+03,2.487651e+01,0.4584
1176,1.095612e+03,5.411244e+01,1.146491e+03,5.087862e+01,0.9402
1177,1.113973e+03,5.395700e+01,1.142816e+03,2.884355e+01,0.5346
1178,1.136941e+03,5.379946e+01,1.139087e+03,2.145886e+00,0.0399
1179,1.199213e+03,5.364000e+01,1.135317e+03,-6.389599e+01,-1.1912
1180,1.154443e+03,5.347860e+01,1.131499e+03,-2.294337e+01,-0.4290
1181,1.109805e+03,5.331526e+01,1.127634e+03,1.782870e+01,0.3344
1182,1.221087e+03,5.315014e+01,1.123727e+03,-9.735955e+01,-1.8318
1183,1.089974e+03,5.298323e+01,1.119780e+03,2.980662e+01,0.5626
1184,1.141348e+03,5.281458e+01,1.115792e+03,-2.555599e+01,-0.4839
1185,1.092819e+03,5.264419e+01,1.111763e+03,1.894386e+01,0.3598
1186,1.120247e+03,5.247223e+01,1.107693e+03,-1.255351e+01,-0.2392
1187,1.144002e+03,5.229868e+01,1.103589e+03,-4.041306e+01,-0.7727
1188,1.166432e+03,5.212357e+01,1.099451e+03,-6.698191e+01,-1.2851
1189,1.055203e+03,5.194703e+01,1.095278e+03,4.007467e+01,0.7715
1190,1.109359e+03,5.176909e+01,1.091064e+03,-1.829511e+01,-0.3534
1191,1.163360e+03,5.158980e+01,1.086829e+03,-7.653103e+01,-1.4835
1192,1.024270e+03,5.140963e+01,1.082561e+03,5.829083e+01,1.1339
1193,1.108417e+03,5.122781e+01,1.078264e+03,-3.015256e+01,-0.5886
1194,1.037624e+03,5.104513e+01,1.073948e+03,3.632327e+01,0.7116
1195,1.116187e+03,5.086101e+01,1.069603e+03,-4.658323e+01,-0.9159
1196,1.094724e+03,5.070486e+01,1.065231e+03,-2.949338e+01,-0.5817
1197,1.076019e+03,5.051842e+01,1.060838e+03,-1.518139e+01,-0.3005
1198,1.074302e+03,5.185107e+01,1.056431e+03,-1.787069e+01,-0.3447
1199,9.963570e+02,5.164842e+01,1.052004e+03,5.564656e+01,1.0774
1200,1.002421e+03,5.151762e+01,1.047555e+03,4.513369e+01,0.8761
1201,9.977108e+02,5.131266e+01,1.043092e+03,4.538087e+01,0.8844
1202,9.567069e+02,5.110743e+01,1.038614e+03,8.190749e+01,1.6027
1203,9.531543e+02,5.090116e+01,1.034123e+03,8.096836e+01,1.5907
1204,1.079003e+03,5.069466e+01,1.029623e+03,-4.937934e+01,-0.9741
1205,9.924426e+02,5.048744e+01,1.025109e+03,3.266665e+01,0.6470
1206,1.008332e+03,5.027975e+01,1.020587e+03,1.225485e+01,0.2437
1207,9.928574e+02,5.007178e+01,1.016057e+03,2.319936e+01,0.4633
1208,9.542760e+02,4.986355e+01,1.011525e+03,5.724948e+01,1.1481
1209,9.489660e+02,4.965504e+01,1.006993e+03,5.802695e+01,1.1686
1210,1.046021e+03,4.944644e+01,1.002451e+03,-4.356972e+01,-0.8811
1211,9.117293e+02,4.923773e+01,9.979080e+02,8.617868e+01,1.7503
1212,1.041993e+03,4.902902e+01,9.933700e+02,-4.862297e+01,-0.9917
1213,9.788230e+02,4.882029e+01,9.888296e+02,1.000665e+01,0.2050
1214,8.838778e+02,4.861171e+01,9.842940e+02,1.004163e+02,2.0657
1215,1.026372e+03,4.840331e+01,9.797704e+02,-4.660205e+01,-0.9628
1216,1.037160e+03,4.819511e+01,9.752436e+02,-6.191658e+01,-1.2847
1217,9.766912e+02,4.798724e+01,9.707282e+02,-5.962997e+00,-0.1243
1218,9.427050e+02,4.777973e+01,9.662239e+02,2.351891e+01,0.4922
1219,1.107506e+03,4.757265e+01,9.617304e+02,-1.457760e+02,-3.0643
1220,9.147401e+02,4.736602e+01,9.572401e+02,4.250001e+01,0.8973
1221,9.300474e+02,4.715997e+01,9.527749e+02,2.272755e+01,0.4819
1222,9.303070e+02,4.695453e+01,9.483123e+02,1.800535e+01,0.3835
1223,9.505960e+02,4.674971e+01,9.438743e+02,-6.721632e+00,-0.1438
1224,9.550856e+02,4.654566e+01,9.394458e+02,-1.563982e+01,-0.3360
1225,9.462862e+02,4.634239e+01,9.350413e+02,-1.124488e+01,-0.2426
1226,9.319637e+02,4.613992e+01,9.306531e+02,-1.310658e+00,-0.0284
1227,9.356513e+02,4.593839e+01,9.262884e+02,-9.362930e+00,-0.2038
1228,8.862123e+02,4.573783e+01,9.219469e+02,3.573461e+01,0.7813
1229,8.286062e+02,4.553825e+01,9.176357e+02,8.902957e+01,1.9551
1230,9.668990e+02,4.533979e+01,9.133473e+02,-5.355173e+01,-1.1811
1231,8.727216e+02,4.514247e+01,9.090812e+02,3.635959e+01,0.8054
1232,9.082147e+02,4.494636e+01,9.048446e+02,-3.370059e+00,-0.0750
1233,8.857071e+02,4.475145e+01,9.006448e+02,1.493772e+01,0.3338
1234,9.007514e+02,4.455791e+01,8.964665e+02,-4.284840e+00,-0.0962
1235,8.910095e+02,4.436575e+01,8.923244e+02,1.314956e+00,0.0296
1236,8.801577e+02,4.417498e+01,8.882108e+02,8.053089e+00,0.1823
1237,8.949421e+02,4.398575e+01,8.841329e+02,-1.080923e+01,-0.2457
1238,8.498571e+02,4.379806e+01,8.800903e+02,3.023315e+01,0.6903
1239,8.760109e+02,4.361191e+01,8.760828e+02,7.190833e-02,0.0016
1240,9.633255e+02,4.342743e+01,8.721103e+02,-9.121525e+01,-2.1004
1241,8.894925e+02,4.324463e+01,8.681797e+02,-2.131272e+01,-0.4928
1242,9.191973e+02,4.306351e+01,8.642910e+02,-5.490630e+01,-1.2750
1243,9.036134e+02,4.288418e+01,8.604365e+02,-4.317691e+01,-1.0068
1244,8.215580e+02,4.270667e+01,8.566232e+02,3.506521e+01,0.8211
1245,8.648622e+02,4.253101e+01,8.528510e+02,-1.201115e+01,-0.2824
1246,8.619178e+02,4.235721e+01,8.491271e+02,-1.279068e+01,-0.3020
1247,8.198532e+02,4.218539e+01,8.454439e+02,2.559067e+01,0.6066
1248,8.933490e+02,4.201556e+01,8.418084e+02,-5.154062e+01,-1.2267
1249,9.193682e+02,4.184772e+01,8.382131e+02,-8.115514e+01,-1.9393
1250,8.503192e+02,4.168199e+01,8.346726e+02,-1.564659e+01,-0.3754
1251,8.211020e+02,4.151837e+01,8.311718e+02,1.006984e+01,0.2425
1252,7.851237e+02,4.135689e+01,8.277179e+02,4.259423e+01,1.0299
1253,7.762599e+02,4.119764e+01,8.243181e+02,4.805819e+01,1.1665
1254,8.995471e+02,4.104064e+01,8.209647e+02,-7.858249e+01,-1.9147
1255,7.790890e+02,4.088589e+01,8.176648e+02,3.857577e+01,0.9435
1256,7.923313e+02,4.073346e+01,8.144182e+02,2.208686e+01,0.5422
1257,8.157353e+02,4.058337e+01,8.112246e+02,-4.510630e+00,-0.1111
1258,7.659671e+02,4.043559e+01,8.080839e+02,4.211683e+01,1.0416
1259,8.598970e+02,4.029021e+01,8.049884e+02,-5.490857e+01,-1.3628
1260,7.898928e+02,4.014725e+01,8.019601e+02,1.206729e+01,0.3006
1261,7.973960e+02,4.000667e+01,7.989765e+02,1.580479e+00,0.0395
1262,8.135334e+02,3.986858e+01,7.960523e+02,-1.748111e+01,-0.4385
1263,7.858798e+02,3.973297e+01,7.931871e+02,7.307340e+00,0.1839
1264,7.612321e+02,3.959982e+01,7.903735e+02,2.914147e+01,0.7359
1265,7.863074e+02,3.946923e+01,7.876186e+02,1.311208e+00,0.0332
1266,7.139980e+02,3.934120e+01,7.849148e+02,7.091682e+01,1.8026
1267,7.229841e+02,3.921574e+01,7.822767e+02,5.929259e+01,1.5120
1268,8.005624e+02,3.909285e+01,7.796968e+02,-2.086558e+01,-0.5337
1269,8.219414e+02,3.897262e+01,7.771748e+02,-4.476660e+01,-1.1487
1270,7.847009e+02,3.885503e+01,7.747106e+02,-9.990346e+00,-0.2571
1271,7.784314e+02,3.874008e+01,7.723040e+02,-6.127441e+00,-0.1582
1272,7.883860e+02,3.862785e+01,7.699622e+02,-1.842384e+01,-0.4770
1273,7.692181e+02,3.851830e+01,7.676776e+02,-1.540469e+00,-0.0400
1274,7.375884e+02,3.841141e+01,7.654494e+02,2.786104e+01,0.7253
1275,7.420055e+02,3.830724e+01,7.632848e+02,2.127934e+01,0.5555
1276,7.855972e+02,3.820577e+01,7.611814e+02,-2.441581e+01,-0.6391
1277,8.018704e+02,3.810697e+01,7.591391e+02,-4.273123e+01,-1.1213
1278,7.494090e+02,3.801091e+01,7.571578e+02,7.748734e+00,0.2039
1279,7.116897e+02,3.791757e+01,7.552372e+02,4.354746e+01,1.1485
1280,7.356541e+02,3.782690e+01,7.533780e+02,1.772398e+01,0.4686
1281,7.437532e+02,3.773899e+01,7.515802e+02,7.826987e+00,0.2074
1282,7.287763e+02,3.765381e+01,7.498434e+02,2.106712e+01,0.5595
1283,7.541644e+02,3.757132e+01,7.481677e+02,-5.996674e+00,-0.1596
1284,7.458584e+02,3.749161e+01,7.465529e+02,6.945361e-01,0.0185
1285,7.207013e+02,3.741463e+01,7.449997e+02,2.429841e+01,0.6494
1286,7.880519e+02,3.734036e+01,7.435071e+02,-4.454475e+01,-1.1929
1287,6.997581e+02,3.726887e+01,7.420759e+02,4.231779e+01,1.1355
1288,7.175956e+02,3.720014e+01,7.407052e+02,2.310961e+01,0.6212
1289,7.680827e+02,3.713410e+01,7.393948e+02,-2.868783e+01,-0.7725
1290,8.237007e+02,3.707082e+01,7.381463e+02,-8.555439e+01,-2.3079
1291,6.819246e+02,3.701025e+01,7.369580e+02,5.503337e+01,1.4870
1292,8.330830e+02,3.695234e+01,7.358299e+02,-9.725318e+01,-2.6319
1293,7.790757e+02,3.689714e+01,7.347618e+02,-4.431388e+01,-1.2010
1294,7.360484e+02,3.684460e+01,7.337545e+02,-2.293943e+00,-0.0623
1295,7.298959e+02,3.679467e+01,7.328056e+02,2.909683e+00,0.0791
1296,7.595427e+02,3.674740e+01,7.319166e+02,-2.762605e+01,-0.7518
1297,6.817061e+02,3.670275e+01,7.310860e+02,4.937984e+01,1.3454
1298,7.506955e+02,3.666067e+01,7.303144e+02,-2.038112e+01,-0.5559
1299,7.458128e+02,3.662121e+01,7.296003e+02,-1.621253e+01,-0.4427
1300,7.675383e+02,3.658429e+01,7.289436e+02,-3.859469e+01,-1.0550
1301,7.303512e+02,3.654995e+01,7.283444e+02,-2.006801e+00,-0.0549
1302,7.479564e+02,3.651816e+01,7.278019e+02,-2.015447e+01,-0.5519
1303,7.064133e+02,3.648886e+01,7.273153e+02,2.090196e+01,0.5728
1304,7.089963e+02,3.646210e+01,7.268839e+02,1.788752e+01,0.4906
1305,7.746850e+02,3.643784e+01,7.265091e+02,-4.817592e+01,-1.3221
1306,7.435388e+02,3.641600e+01,7.261881e+02,-1.735071e+01,-0.4765
1307,6.494372e+02,3.639664e+01,7.259215e+02,7.648424e+01,2.1014
1308,6.576654e+02,3.637968e+01,7.257086e+02,6.804325e+01,1.8704
1309,7.094122e+02,3.636504e+01,7.255488e+02,1.613655e+01,0.4437
1310,7.476845e+02,3.635280e+01,7.254405e+02,-2.224395e+01,-0.6119
1311,7.632616e+02,3.634285e+01,7.253846e+02,-3.787695e+01,-1.0422
1312,6.946749e+02,3.633516e+01,7.253796e+02,3.070469e+01,0.8450
1313,7.308124e+02,3.632974e+01,7.254247e+02,-5.387658e+00,-0.1483
1314,7.224262e+02,3.632655e+01,7.255194e+02,3.093181e+00,0.0851
1315,7.417652e+02,3.632551e+01,7.256629e+02,-1.610232e+01,-0.4433
1316,7.597409e+02,3.632665e+01,7.258545e+02,-3.388645e+01,-0.9328
1317,7.431900e+02,3.632993e+01,7.260935e+02,-1.709650e+01,-0.4706
1318,6.743987e+02,3.633527e+01,7.263793e+02,5.198068e+01,1.4306
1319,6.718561e+02,3.634270e+01,7.267113e+02,5.485518e+01,1.5094
1320,7.235713e+02,3.635214e+01,7.270879e+02,3.516624e+00,0.0967
1321,7.433623e+02,3.636361e+01,7.275093e+02,-1.585300e+01,-0.4360
1322,7.512251e+02,3.637706e+01,7.279748e+02,-2.325035e+01,-0.6391
1323,6.685780e+02,3.639240e+01,7.284823e+02,5.990433e+01,1.6461
1324,7.089583e+02,3.640967e+01,7.290319e+02,2.007354e+01,0.5513
1325,7.027508e+02,3.642876e+01,7.296222e+02,2.687141e+01,0.7376
1326,6.970489e+02,3.644965e+01,7.302525e+02,3.320364e+01,0.9109
1327,7.790123e+02,3.647230e+01,7.309223e+02,-4.809003e+01,-1.3185
1328,7.336112e+02,3.649671e+01,7.316301e+02,-1.981063e+00,-0.0543
1329,7.364859e+02,3.652277e+01,7.323746e+02,-4.111280e+00,-0.1126
1330,7.299662e+02,3.655047e+01,7.331560e+02,3.189770e+00,0.0873
1331,7.398382e+02,3.657980e+01,7.339727e+02,-5.865451e+00,-0.1603
1332,6.898402e+02,3.661065e+01,7.348229e+02,4.498269e+01,1.2287
1333,7.349593e+02,3.664301e+01,7.357072e+02,7.479384e-01,0.0204
1334,8.223387e+02,3.667689e+01,7.366237e+02,-8.571499e+01,-2.3370
1335,6.916213e+02,3.671216e+01,7.375710e+02,4.594977e+01,1.2516
1336,7.479182e+02,3.674882e+01,7.385493e+02,-9.368986e+00,-0.2549
1337,7.900589e+02,3.678683e+01,7.395563e+02,-5.050259e+01,-1.3728
1338,7.374342e+02,3.682618e+01,7.405924e+02,3.158210e+00,0.0858
1339,7.887647e+02,3.686676e+01,7.416555e+02,-4.710925e+01,-1.2778
1340,7.374484e+02,3.690857e+01,7.427441e+02,5.295661e+00,0.1435
1341,7.748813e+02,3.695158e+01,7.438585e+02,-3.102288e+01,-0.8396
1342,6.996420e+02,3.699568e+01,7.449965e+02,4.535451e+01,1.2259
1343,7.161866e+02,3.704087e+01,7.461577e+02,2.997110e+01,0.8091
1344,7.317004e+02,3.708708e+01,7.473400e+02,1.563959e+01,0.4217
1345,7.819782e+02,3.713431e+01,7.485434e+02,-3.343482e+01,-0.9004
1346,7.417109e+02,3.718246e+01,7.497660e+02,8.055182e+00,0.2166
1347,7.128666e+02,3.723148e+01,7.510072e+02,3.814069e+01,1.0244
1348,7.709536e+02,3.728140e+01,7.522650e+02,-1.868860e+01,-0.5013
1349,7.312093e+02,3.733208e+01,7.535394e+02,2.233014e+01,0.5981
1350,7.598744e+02,3.738351e+01,7.548285e+02,-5.045831e+00,-0.1350
1351,7.902296e+02,3.743565e+01,7.561317e+02,-3.409783e+01,-0.9108
1352,7.212586e+02,3.748849e+01,7.574478e+02,3.618923e+01,0.9653
1353,7.603341e+02,3.754191e+01,7.587777e+02,-1.556404e+00,-0.0415
1354,7.568075e+02,3.759589e+01,7.601127e+02,3.305207e+00,0.0879
1355,7.817220e+02,3.765040e+01,7.614636e+02,-2.025846e+01,-0.5381
1356,8.322326e+02,3.770542e+01,7.628230e+02,-6.940964e+01,-1.8408
1357,6.787369e+02,3.776084e+01,7.641913e+02,8.545445e+01,2.2630
1358,7.924066e+02,3.781665e+01,7.655687e+02,-2.683789e+01,-0.7097
1359,7.746842e+02,3.787283e+01,7.669481e+02,-7.736180e+00,-0.2043
1360,7.591252e+02,3.792926e+01,7.683296e+02,9.204336e+00,0.2427
1361,7.854625e+02,3.798596e+01,7.697135e+02,-1.574900e+01,-0.4146
1362,7.785101e+02,3.804284e+01,7.711075e+02,-7.402583e+00,-0.1946
1363,8.375466e+02,3.809992e+01,7.724970e+02,-6.504965e+01,-1.7073
1364,8.068595e+02,3.815709e+01,7.738896e+02,-3.296990e+01,-0.8641
1365,7.379213e+02,3.821431e+01,7.752856e+02,3.736426e+01,0.9778
1366,7.609562e+02,3.827156e+01,7.766704e+02,1.571421e+01,0.4106
1367,7.936938e+02,3.832882e+01,7.780591e+02,-1.563467e+01,-0.4079
1368,7.333032e+02,3.838597e+01,7.794445e+02,4.614127e+01,1.2020
1369,7.911421e+02,3.844301e+01,7.808195e+02,-1.032263e+01,-0.2685
1370,7.858645e+02,3.849992e+01,7.821990e+02,-3.665487e+00,-0.0952
1371,7.706627e+02,3.855660e+01,7.835612e+02,1.289847e+01,0.3345
1372,7.568789e+02,3.861303e+01,7.849210e+02,2.804216e+01,0.7262
1373,8.836088e+02,3.866916e+01,7.862714e+02,-9.733745e+01,-2.5172
1374,7.977146e+02,3.872499e+01,7.876125e+02,-1.010216e+01,-0.2609
1375,7.208975e+02,3.878042e+01,7.889371e+02,6.803959e+01,1.7545
1376,7.638236e+02,3.883543e+01,7.902530e+02,2.642943e+01,0.6805
1377,7.326382e+02,3.889000e+01,7.915604e+02,5.892224e+01,1.5151
1378,8.258942e+02,3.894409e+01,7.928521e+02,-3.304208e+01,-0.8484
1379,7.741817e+02,3.899763e+01,7.941283e+02,1.994657e+01,0.5115
1380,7.399680e+02,3.905060e+01,7.953818e+02,5.541386e+01,1.4190
1381,7.354243e+02,3.910298e+01,7.966278e+02,6.120349e+01,1.5652
1382,7.626168e+02,3.915469e+01,7.978516e+02,3.523482e+01,0.8999
1383,8.011483e+02,3.920571e+01,7.990534e+02,-2.094854e+00,-0.0534
1384,7.122126e+02,3.925599e+01,8.002336e+02,8.802095e+01,2.2422
1385,8.124991e+02,3.930555e+01,8.013996e+02,-1.109944e+01,-0.2824
1386,8.077622e+02,3.935427e+01,8.025445e+02,-5.217754e+00,-0.1326
1387,7.313595e+02,3.940214e+01,8.036609e+02,7.230139e+01,1.8350
1388,8.034156e+02,3.944913e+01,8.047565e+02,1.340900e+00,0.0340
1389,8.028992e+02,3.949522e+01,8.058241e+02,2.924947e+00,0.0741
1390,8.259874e+02,3.954033e+01,8.068714e+02,-1.911599e+01,-0.4835
1391,7.983871e+02,3.958444e+01,8.078911e+02,9.504086e+00,0.2401
1392,8.552471e+02,3.962753e+01,8.088836e+02,-4.636347e+01,-1.1700
1393,8.576792e+02,3.966960e+01,8.098564e+02,-4.782278e+01,-1.2055
1394,7.813099e+02,3.971057e+01,8.107949e+02,2.948496e+01,0.7425
1395,8.017683e+02,3.975043e+01,8.116993e+02,9.930966e+00,0.2498
1396,7.556512e+02,3.978915e+01,8.125772e+02,5.692598e+01,1.4307
1397,8.425841e+02,3.982673e+01,8.134289e+02,-2.915517e+01,-0.7321
1398,8.791627e+02,3.986309e+01,8.142398e+02,-6.492291e+01,-1.6286
1399,8.705839e+02,3.989821e+01,8.150248e+02,-5.555910e+01,-1.3925
1400,8.355995e+02,3.993209e+01,8.157694e+02,-1.983011e+01,-0.4966
1401,8.451978e+02,3.996471e+01,8.164886e+02,-2.870914e+01,-0.7184
1402,8.117821e+02,3.999600e+01,8.171678e+02,5.385664e+00,0.1347
1403,8.398943e+02,4.002594e+01,8.178146e+02,-2.207968e+01,-0.5516
1404,7.915200e+02,4.005450e+01,8.184293e+02,2.690931e+01,0.6718
1405,7.660494e+02,4.008170e+01,8.190048e+02,5.295537e+01,1.3212
1406,8.189902e+02,4.010744e+01,8.195411e+02,5.509183e-01,0.0137
1407,8.482796e+02,4.013173e+01,8.200386e+02,-2.824094e+01,-0.7037
1408,8.023478e+02,4.015454e+01,8.205049e+02,1.815708e+01,0.4522
1409,8.586390e+02,4.017590e+01,8.209254e+02,-3.771364e+01,-0.9387
1410,8.520030e+02,4.019571e+01,8.213151e+02,-3.068785e+01,-0.7635
1411,7.654729e+02,4.021401e+01,8.216594e+02,5.618657e+01,1.3972
1412,8.975811e+02,4.023076e+01,8.219660e+02,-7.561505e+01,-1.8795
1413,7.922242e+02,4.024600e+01,8.222276e+02,3.000341e+01,0.7455
1414,8.174155e+02,4.025962e+01,8.224518e+02,5.036358e+00,0.1251
1415,8.035545e+02,4.027166e+01,8.226315e+02,1.907697e+01,0.4737
1416,7.807096e+02,4.028209e+01,8.227742e+02,4.206459e+01,1.0443
1417,8.600962e+02,4.029093e+01,8.228727e+02,-3.722354e+01,-0.9239
1418,8.253234e+02,4.029811e+01,8.229346e+02,-2.388842e+00,-0.0593
1419,8.347557e+02,4.030363e+01,8.229527e+02,-1.180301e+01,-0.2929
1420,7.906988e+02,4.030748e+01,8.229271e+02,3.222832e+01,0.7996
1421,8.149731e+02,4.030967e+01,8.228580e+02,7.884949e+00,0.1956
1422,8.413386e+02,4.031012e+01,8.227456e+02,-1.859298e+01,-0.4612
1423,8.029495e+02,4.030886e+01,8.225975e+02,1.964805e+01,0.4874
1424,8.112492e+02,4.030605e+01,8.223990e+02,1.114981e+01,0.2766
1425,7.929120e+02,4.030155e+01,8.221576e+02,2.924561e+01,0.7257
1426,7.882380e+02,4.029527e+01,8.218735e+02,3.363555e+01,0.8347
1427,8.143405e+02,4.028726e+01,8.215395e+02,7.198979e+00,0.1787
1428,7.617541e+02,4.027749e+01,8.211630e+02,5.940886e+01,1.4750
1429,8.387802e+02,4.026600e+01,8.207442e+02,-1.803595e+01,-0.4479
1430,7.321666e+02,4.025272e+01,8.202833e+02,8.811676e+01,2.1891
1431,8.298039e+02,4.023769e+01,8.197729e+02,-1.003090e+01,-0.2493
1432,7.411598e+02,4.022089e+01,8.192207e+02,7.806089e+01,1.9408
1433,8.393458e+02,4.020235e+01,8.186192e+02,-2.072659e+01,-0.5156
1434,7.725589e+02,4.018202e+01,8.179760e+02,4.541712e+01,1.1303
1435,7.632936e+02,4.015992e+01,8.172838e+02,5.399019e+01,1.3444
1436,8.482271e+02,4.013604e+01,8.165502e+02,-3.167690e+01,-0.7892
1437,7.802084e+02,4.011041e+01,8.157677e+02,3.555926e+01,0.8865
1438,8.638961e+02,4.008298e+01,8.149365e+02,-4.895958e+01,-1.2215
1439,8.119959e+02,4.005376e+01,8.140641e+02,2.068245e+00,0.0516
1440,8.139428e+02,4.002275e+01,8.131506e+02,-7.921592e-01,-0.0198
1441,8.258825e+02,3.998998e+01,8.121886e+02,-1.369391e+01,-0.3424
1442,6.964160e+02,3.995541e+01,8.111782e+02,1.147622e+02,2.8723
1443,7.470425e+02,3.991906e+01,8.101195e+02,6.307702e+01,1.5801
1444,8.635967e+02,3.988095e+01,8.090199e+02,-5.457676e+01,-1.3685
1445,8.161011e+02,3.984109e+01,8.078721e+02,-8.228992e+00,-0.2065
1446,7.854612e+02,3.979952e+01,8.066762e+02,2.121499e+01,0.5330
1447,8.442973e+02,3.975618e+01,8.054395e+02,-3.885784e+01,-0.9774
1448,8.243520e+02,3.971111e+01,8.041548e+02,-2.019723e+01,-0.5086
1449,7.941157e+02,3.966434e+01,8.028221e+02,8.706305e+00,0.2195
1450,7.864075e+02,3.961589e+01,8.014487e+02,1.504128e+01,0.3797
1451,7.636459e+02,3.956571e+01,8.000349e+02,3.638896e+01,0.9197
1452,7.563966e+02,3.951384e+01,7.985731e+02,4.217656e+01,1.0674
1453,7.455117e+02,3.946030e+01,7.970634e+02,5.155170e+01,1.3064
1454,7.396977e+02,3.940512e+01,7.955132e+02,5.581553e+01,1.4165
1455,8.191170e+02,3.934824e+01,7.939225e+02,-2.519456e+01,-0.6403
1456,8.225270e+02,3.928972e+01,7.922913e+02,-3.023575e+01,-0.7696
1457,7.604356e+02,3.922956e+01,7.906196e+02,3.018396e+01,0.7694
1458,7.733505e+02,3.916777e+01,7.888999e+02,1.554943e+01,0.3970
1459,7.929353e+02,3.910440e+01,7.871398e+02,-5.795571e+00,-0.1482
1460,7.797189e+02,3.903940e+01,7.853391e+02,5.620225e+00,0.1440
1461,7.924228e+02,3.897284e+01,7.834978e+02,-8.924981e+00,-0.2290
1462,7.404395e+02,3.890473e+01,7.816160e+02,4.117652e+01,1.0584
1463,7.461626e+02,3.883510e+01,7.796936e+02,3.353099e+01,0.8634
1464,7.254332e+02,3.876395e+01,7.777305e+02,5.229731e+01,1.3491
1465,7.539320e+02,3.869130e+01,7.757268e+02,2.179479e+01,0.5633
1466,7.677267e+02,3.861718e+01,7.736897e+02,5.963000e+00,0.1544
1467,7.596382e+02,3.854161e+01,7.716119e+02,1.197375e+01,0.3107
1468,7.208180e+02,3.846464e+01,7.695008e+02,4.868273e+01,1.2656
1469,7.725315e+02,3.838623e+01,7.673487e+02,-5.182763e+00,-0.1350
1470,7.516869e+02,3.830643e+01,7.651558e+02,1.346886e+01,0.3516
1471,8.230508e+02,3.822526e+01,7.629368e+02,-6.011408e+01,-1.5726
1472,7.480918e+02,3.814276e+01,7.606767e+02,1.258487e+01,0.3299
1473,7.587696e+02,3.805891e+01,7.583755e+02,-3.940721e-01,-0.0104
1474,7.093924e+02,3.797374e+01,7.560480e+02,4.665562e+01,1.2286
1475,7.368827e+02,3.788728e+01,7.536793e+02,1.679658e+01,0.4433
1476,7.291752e+02,3.779957e+01,7.512841e+02,2.210891e+01,0.5849
1477,7.573307e+02,3.771063e+01,7.488550e+02,-8.475737e+00,-0.2248
1478,7.421596e+02,3.762047e+01,7.463918e+02,4.232247e+00,0.1125
1479,6.871074e+02,3.752912e+01,7.439019e+02,5.679449e+01,1.5133
1480,6.888658e+02,3.743662e+01,7.413778e+02,5.251204e+01,1.4027
1481,7.571622e+02,3.734302e+01,7.388268e+02,-1.833536e+01,-0.4910
1482,7.885359e+02,3.724828e+01,7.362414e+02,-5.229445e+01,-1.4039
1483,7.232384e+02,3.715248e+01,7.336289e+02,1.039051e+01,0.2797
1484,7.459514e+02,3.705563e+01,7.309967e+02,-1.495474e+01,-0.4036
1485,7.579127e+02,3.695776e+01,7.283297e+02,-2.958293e+01,-0.8005
1486,7.452937e+02,3.685893e+01,7.256428e+02,-1.965091e+01,-0.5331
1487,7.088465e+02,3.675911e+01,7.229209e+02,1.407445e+01,0.3829
1488,7.978176e+02,3.665834e+01,7.201788e+02,-7.763879e+01,-2.1179
1489,7.732769e+02,3.655667e+01,7.174164e+02,-5.586050e+01,-1.5281
1490,7.509469e+02,3.645414e+01,7.146224e+02,-3.632447e+01,-0.9964
1491,6.636985e+02,3.635073e+01,7.118079e+02,4.810942e+01,1.3235
1492,7.388920e+02,3.624650e+01,7.089712e+02,-2.992084e+01,-0.8255
1493,6.872456e+02,3.614146e+01,7.061129e+02,1.886731e+01,0.5220
1494,6.864896e+02,3.603565e+01,7.032329e+02,1.674327e+01,0.4646
1495,7.401322e+02,3.592914e+01,7.003325e+02,-3.979970e+01,-1.1077
1496,6.536538e+02,3.582190e+01,6.974125e+02,4.375866e+01,1.2216
1497,6.958517e+02,3.571398e+01,6.944740e+02,-1.377686e+00,-0.0386
1498,6.713326e+02,3.560543e+01,6.915169e+02,2.018431e+01,0.5669
1499,6.472877e+02,3.549628e+01,6.885427e+02,4.125505e+01,1.1622
1500,7.407855e+02,3.538656e+01,6.855519e+02,-5.523363e+01,-1.5609
1501,7.206981e+02,3.527628e+01,6.825450e+02,-3.815309e+01,-1.0816
1502,7.218322e+02,3.516548e+01,6.795242e+02,-4.230801e+01,-1.2031
1503,7.207376e+02,3.505420e+01,6.764884e+02,-4.424917e+01,-1.2623
1504,6.614578e+02,3.494246e+01,6.734390e+02,1.198127e+01,0.3429
1505,6.910382e+02,3.483031e+01,6.703773e+02,-2.066090e+01,-0.5932
1506,6.986295e+02,3.471807e+01,6.673029e+02,-3.132655e+01,-0.9023
1507,6.839844e+02,3.460550e+01,6.642166e+02,-1.976779e+01,-0.5712
1508,6.758087e+02,3.449260e+01,6.611195e+02,-1.468919e+01,-0.4259
1509,7.196877e+02,3.437943e+01,6.580121e+02,-6.167561e+01,-1.7940
1510,6.271449e+02,3.426596e+01,6.548951e+02,2.775021e+01,0.8098
1511,5.985853e+02,3.415227e+01,6.517690e+02,5.318368e+01,1.5573
1512,6.985456e+02,3.403837e+01,6.486364e+02,-4.990923e+01,-1.4663
1513,6.907849e+02,3.392429e+01,6.454965e+02,-4.528841e+01,-1.3350
1514,6.616178e+02,3.381008e+01,6.423512e+02,-1.926656e+01,-0.5698
1515,6.132065e+02,3.369574e+01,6.392019e+02,2.599541e+01,0.7715
1516,6.247864e+02,3.358131e+01,6.360483e+02,1.126185e+01,0.3354
1517,6.032964e+02,3.346683e+01,6.328916e+02,2.959521e+01,0.8843
1518,6.460889e+02,3.335232e+01,6.297333e+02,-1.635558e+01,-0.4904
1519,6.559832e+02,3.323783e+01,6.265729e+02,-2.941030e+01,-0.8848
1520,6.031813e+02,3.312335e+01,6.234119e+02,2.023060e+01,0.6108
1521,6.309078e+02,3.300893e+01,6.202508e+02,-1.065708e+01,-0.3229
1522,6.013863e+02,3.289461e+01,6.170899e+02,1.570365e+01,0.4774
1523,5.575655e+02,3.278040e+01,6.139300e+02,5.636456e+01,1.7195
1524,5.706900e+02,3.266638e+01,6.107723e+02,4.008222e+01,1.2270
1525,5.954115e+02,3.255251e+01,6.076172e+02,1.220570e+01,0.3750
1526,6.173863e+02,3.243886e+01,6.044661e+02,-1.292017e+01,-0.3983
1527,5.630413e+02,3.232542e+01,6.013187e+02,3.827745e+01,1.1841
1528,6.425120e+02,3.221227e+01,5.981764e+02,-4.433558e+01,-1.3764
1529,6.099737e+02,3.209943e+01,5.950404e+02,-1.493331e+01,-0.4652
1530,5.646151e+02,3.198690e+01,5.919104e+02,2.729539e+01,0.8533
1531,5.740468e+02,3.187470e+01,5.887879e+02,1.474109e+01,0.4625
1532,6.418322e+02,3.176288e+01,5.856724e+02,-5.615979e+01,-1.7681
1533,5.870818e+02,3.165147e+01,5.825662e+02,-4.515639e+00,-0.1427
1534,5.483327e+02,3.154048e+01,5.794689e+02,3.113620e+01,0.9872
1535,5.946775e+02,3.142997e+01,5.763812e+02,-1.829636e+01,-0.5821
1536,5.433808e+02,3.131993e+01,5.733042e+02,2.992344e+01,0.9554
1537,5.539144e+02,3.121040e+01,5.702371e+02,1.632270e+01,0.5230
1538,5.629822e+02,3.110141e+01,5.671826e+02,4.200368e+00,0.1351
1539,5.857890e+02,3.099298e+01,5.641405e+02,-2.164857e+01,-0.6985
1540,5.778540e+02,3.088516e+01,5.611114e+02,-1.674266e+01,-0.5421
1541,5.175847e+02,3.077796e+01,5.580958e+02,4.051106e+01,1.3162
1542,6.155842e+02,3.067139e+01,5.550957e+02,-6.048853e+01,-1.9721
1543,5.793667e+02,3.056551e+01,5.521103e+02,-2.725645e+01,-0.8917
1544,5.636203e+02,3.046032e+01,5.491415e+02,-1.447885e+01,-0.4753
1545,5.473039e+02,3.035586e+01,5.461884e+02,-1.115477e+00,-0.0367
1546,5.346072e+02,3.025213e+01,5.432531e+02,8.645873e+00,0.2858
1547,5.209275e+02,3.014917e+01,5.403361e+02,1.940869e+01,0.6438
1548,4.965705e+02,3.004698e+01,5.374366e+02,4.086610e+01,1.3601
1549,5.977958e+02,2.994560e+01,5.345565e+02,-6.323938e+01,-2.1118
1550,5.368999e+02,2.984506e+01,5.316956e+02,-5.204315e+00,-0.1744
1551,5.577918e+02,2.974534e+01,5.288546e+02,-2.893721e+01,-0.9728
1552,5.094212e+02,2.964650e+01,5.260340e+02,1.661281e+01,0.5604
1553,4.733271e+02,2.954855e+01,5.232350e+02,4.990790e+01,1.6890
1554,5.232229e+02,2.945152e+01,5.204567e+02,-2.766218e+00,-0.0939
1555,4.916996e+02,2.935541e+01,5.177004e+02,2.600086e+01,0.8857
1556,5.132743e+02,2.926028e+01,5.149667e+02,1.692379e+00,0.0578
1557,5.294480e+02,2.916610e+01,5.122560e+02,-1.719195e+01,-0.5894
1558,5.184076e+02,2.907292e+01,5.095690e+02,-8.838616e+00,-0.3040
1559,5.756665e+02,2.898075e+01,5.069061e+02,-6.876042e+01,-2.3726
1560,4.944107e+02,2.888963e+01,5.042672e+02,9.856454e+00,0.3412
1561,5.344020e+02,2.879957e+01,5.016528e+02,-3.274917e+01,-1.1371
1562,4.778262e+02,2.871057e+01,4.990643e+02,2.123815e+01,0.7397
1563,5.401439e+02,2.862265e+01,4.965007e+02,-4.364313e+01,-1.5248
1564,4.910572e+02,2.853582e+01,4.939641e+02,2.906873e+00,0.1019
1565,4.514981e+02,2.845010e+01,4.914535e+02,3.995543e+01,1.4044
1566,5.194898e+02,2.836553e+01,4.889703e+02,-3.051954e+01,-1.0759
1567,4.834912e+02,2.828206e+01,4.865135e+02,3.022278e+00,0.1069
1568,4.740616e+02,2.819975e+01,4.840845e+02,1.002286e+01,0.3554
1569,4.886941e+02,2.811862e+01,4.816838e+02,-7.010315e+00,-0.2493
1570,5.078170e+02,2.803864e+01,4.793106e+02,-2.850635e+01,-1.0167
1571,4.677694e+02,2.795987e+01,4.769669e+02,9.197509e+00,0.3290
1572,4.346090e+02,2.788232e+01,4.746510e+02,4.004198e+01,1.4361
1573,4.961978e+02,2.780597e+01,4.723644e+02,-2.383342e+01,-0.8571
1574,4.835585e+02,2.773086e+01,4.701075e+02,-1.345101e+01,-0.4851
1575,4.468227e+02,2.765698e+01,4.678803e+02,2.105758e+01,0.7614
1576,4.504401e+02,2.758438e+01,4.656826e+02,1.524251e+01,0.5526
1577,5.125275e+02,2.751305e+01,4.635157e+02,-4.901182e+01,-1.7814
1578,4.477685e+02,2.744301e+01,4.613796e+02,1.361104e+01,0.4960
1579,4.796953e+02,2.737425e+01,4.592748e+02,-2.042056e+01,-0.7460
1580,4.605468e+02,2.730677e+01,4.572004e+02,-3.346325e+00,-0.1225
1581,4.826073e+02,2.724058e+01,4.551579e+02,-2.744935e+01,-1.0077
1582,4.607436e+02,2.717568e+01,4.531471e+02,-7.596574e+00,-0.2795
1583,4.545857e+02,2.711213e+01,4.511678e+02,-3.417917e+00,-0.1261
1584,4.689468e+02,2.704985e+01,4.492200e+02,-1.972675e+01,-0.7293
1585,4.408267e+02,2.698890e+01,4.473036e+02,6.476966e+00,0.2400
1586,4.604202e+02,2.692926e+01,4.454199e+02,-1.500023e+01,-0.5570
1587,5.089914e+02,2.687094e+01,4.435682e+02,-6.542329e+01,-2.4347
1588,4.652242e+02,2.681394e+01,4.417482e+02,-2.347606e+01,-0.8755
1589,4.115611e+02,2.675830e+01,4.399606e+02,2.839952e+01,1.0613
1590,3.747496e+02,2.670399e+01,4.382054e+02,6.345583e+01,2.3763
1591,4.680703e+02,2.665102e+01,4.364825e+02,-3.158781e+01,-1.1852
1592,4.557174e+02,2.659939e+01,4.347925e+02,-2.092497e+01,-0.7867
1593,4.309589e+02,2.654912e+01,4.331346e+02,2.175630e+00,0.0819
1594,4.222200e+02,2.650020e+01,4.315095e+02,9.289455e+00,0.3505
1595,4.445961e+02,2.645265e+01,4.299170e+02,-1.467909e+01,-0.5549
1596,4.475551e+02,2.640643e+01,4.283565e+02,-1.919860e+01,-0.7270
1597,4.540515e+02,2.636158e+01,4.268293e+02,-2.722220e+01,-1.0326
1598,4.347423e+02,2.631805e+01,4.253346e+02,-9.407706e+00,-0.3575
1599,4.320751e+02,2.627588e+01,4.238716e+02,-8.203489e+00,-0.3122
1600,4.076182e+02,2.623506e+01,4.224426e+02,1.482436e+01,0.5651
1601,4.212123e+02,2.619558e+01,4.210451e+02,-1.672231e-01,-0.0064
1602,4.030879e+02,2.615743e+01,4.196800e+02,1.659207e+01,0.6343
1603,3.712364e+02,2.612062e+01,4.183472e+02,4.711082e+01,1.8036
1604,4.253034e+02,2.608514e+01,4.170466e+02,-8.256794e+00,-0.3165
1605,4.893156e+02,2.605099e+01,4.157783e+02,-7.353723e+01,-2.8228
1606,4.702052e+02,2.601818e+01,4.145415e+02,-5.566375e+01,-2.1394
1607,3.888186e+02,2.598669e+01,4.133369e+02,2.451824e+01,0.9435
1608,3.842977e+02,2.595653e+01,4.121637e+02,2.786594e+01,1.0736
1609,4.377567e+02,2.592769e+01,4.110219e+02,-2.673477e+01,-1.0311
1610,3.628782e+02,2.590017e+01,4.099116e+02,4.703342e+01,1.8160
1611,3.966738e+02,2.587398e+01,4.088327e+02,1.215890e+01,0.4699
1612,4.474287e+02,2.584909e+01,4.077852e+02,-3.964341e+01,-1.5336
1613,4.004282e+02,2.582551e+01,4.067685e+02,6.340220e+00,0.2455
1614,3.941424e+02,2.580321e+01,4.057824e+02,1.164002e+01,0.4511
1615,4.267499e+02,2.578218e+01,4.048270e+02,-2.192289e+01,-0.8503
1616,3.981151e+02,2.576244e+01,4.039024e+02,5.787283e+00,0.2246
1617,4.018659e+02,2.574394e+01,4.030078e+02,1.141915e+00,0.0444
1618,3.920074e+02,2.572670e+01,4.021432e+02,1.013582e+01,0.3940
1619,4.012620e+02,2.571072e+01,4.013079e+02,4.589606e-02,0.0018
1620,4.194351e+02,2.569594e+01,4.005020e+02,-1.893309e+01,-0.7368
1621,4.240186e+02,2.568240e+01,3.997255e+02,-2.429319e+01,-0.9459
1622,3.795561e+02,2.567005e+01,3.989776e+02,1.942147e+01,0.7566
1623,3.993879e+02,2.565892e+01,3.982584e+02,-1.129507e+00,-0.0440
1624,3.878227e+02,2.564897e+01,3.975673e+02,9.744509e+00,0.3799
1625,3.970057e+02,2.564021e+01,3.969042e+02,-1.015771e-01,-0.0040
1626,4.071999e+02,2.563263e+01,3.962692e+02,-1.093073e+01,-0.4264
1627,4.246553e+02,2.562620e+01,3.956609e+02,-2.899440e+01,-1.1314
1628,4.170208e+02,2.562093e+01,3.950800e+02,-2.194075e+01,-0.8564
1629,3.913025e+02,2.561679e+01,3.945260e+02,3.223462e+00,0.1258
1630,3.761992e+02,2.561376e+01,3.939980e+02,1.779882e+01,0.6949
1631,3.758283e+02,2.561186e+01,3.934963e+02,1.766799e+01,0.6898
1632,4.060632e+02,2.561106e+01,3.930200e+02,-1.304326e+01,-0.5093
1633,4.124792e+02,2.561132e+01,3.925685e+02,-1.991068e+01,-0.7774
1634,4.098538e+02,2.561265e+01,3.921427e+02,-1.771110e+01,-0.6915
1635,3.657393e+02,2.561502e+01,3.917411e+02,2.600176e+01,1.0151
1636,3.651269e+02,2.561843e+01,3.913630e+02,2.623608e+01,1.0241
1637,4.182209e+02,2.562286e+01,3.910093e+02,-2.721152e+01,-1.0620
1638,4.311232e+02,2.562830e+01,3.906786e+02,-4.044456e+01,-1.5781
1639,4.002546e+02,2.563472e+01,3.903710e+02,-9.883630e+00,-0.3856
1640,4.225880e+02,2.564212e+01,3.900857e+02,-3.250229e+01,-1.2675
1641,4.134711e+02,2.565049e+01,3.898222e+02,-2.364889e+01,-0.9220
1642,3.409691e+02,2.565979e+01,3.895806e+02,4.861148e+01,1.8945
1643,3.679819e+02,2.567002e+01,3.893601e+02,2.137813e+01,0.8328
1644,4.276597e+02,2.568117e+01,3.891609e+02,-3.849889e+01,-1.4991
1645,3.561809e+02,2.569325e+01,3.889815e+02,3.280061e+01,1.2766
1646,3.859968e+02,2.570618e+01,3.888222e+02,2.825346e+00,0.1099
1647,3.660445e+02,2.571999e+01,3.886822e+02,2.263765e+01,0.8802
1648,3.956545e+02,2.573463e+01,3.885609e+02,-7.093587e+00,-0.2756
1649,3.705081e+02,2.575010e+01,3.884584e+02,1.795031e+01,0.6971
1650,4.144859e+02,2.576640e+01,3.883733e+02,-2.611262e+01,-1.0134
1651,4.513658e+02,2.578349e+01,3.883058e+02,-6.306002e+01,-2.4458
1652,3.692468e+02,2.580135e+01,3.882559e+02,1.900918e+01,0.7368
1653,3.778036e+02,2.581996e+01,3.882217e+02,1.041803e+01,0.4035
1654,3.747038e+02,2.583929e+01,3.882046e+02,1.350083e+01,0.5225
1655,4.044594e+02,2.585936e+01,3.882027e+02,-1.625666e+01,-0.6287
1656,3.694855e+02,2.588014e+01,3.882154e+02,1.872982e+01,0.7237
1657,3.933513e+02,2.590159e+01,3.882435e+02,-5.107834e+00,-0.1972
1658,3.976122e+02,2.592371e+01,3.882856e+02,-9.326589e+00,-0.3598
1659,3.919668e+02,2.594647e+01,3.883421e+02,-3.624739e+00,-0.1397
1660,4.265484e+02,2.596986e+01,3.884115e+02,-3.813687e+01,-1.4685
1661,4.182230e+02,2.599386e+01,3.884940e+02,-2.972905e+01,-1.1437
1662,3.474315e+02,2.601846e+01,3.885882e+02,4.115667e+01,1.5818
1663,4.060059e+02,2.604362e+01,3.886951e+02,-1.731082e+01,-0.6647
1664,3.577602e+02,2.606934e+01,3.888133e+02,3.105307e+01,1.1912
1665,4.019859e+02,2.609560e+01,3.889422e+02,-1.304366e+01,-0.4998
1666,4.393989e+02,2.612239e+01,3.890814e+02,-5.031757e+01,-1.9262
1667,3.857934e+02,2.614967e+01,3.892308e+02,3.437426e+00,0.1315
1668,3.689460e+02,2.617745e+01,3.893900e+02,2.044396e+01,0.7810
1669,3.930574e+02,2.620567e+01,3.895576e+02,-3.499746e+00,-0.1335
1670,3.877260e+02,2.623434e+01,3.897338e+02,2.007877e+00,0.0765
1671,3.904789e+02,2.626344e+01,3.899181e+02,-5.608067e-01,-0.0214
1672,3.798657e+02,2.629297e+01,3.901097e+02,1.024398e+01,0.3896
1673,3.599693e+02,2.632288e+01,3.903082e+02,3.033890e+01,1.1526
1674,4.331141e+02,2.635315e+01,3.905137e+02,-4.260033e+01,-1.6165
1675,3.569652e+02,2.638379e+01,3.907249e+02,3.375977e+01,1.2796
1676,3.960522e+02,2.641476e+01,3.909420e+02,-5.110177e+00,-0.1935
1677,3.898084e+02,2.644606e+01,3.911644e+02,1.356018e+00,0.0513
1678,4.087699e+02,2.647765e+01,3.913922e+02,-1.737766e+01,-0.6563
1679,3.564015e+02,2.650954e+01,3.916235e+02,3.522197e+01,1.3287
1680,4.041996e+02,2.654169e+01,3.918582e+02,-1.234136e+01,-0.4650
1681,3.926303e+02,2.657410e+01,3.920975e+02,-5.328351e-01,-0.0201
1682,3.377677e+02,2.660673e+01,3.923384e+02,5.457069e+01,2.0510
1683,4.055281e+02,2.663957e+01,3.925819e+02,-1.294615e+01,-0.4860
1684,3.835882e+02,2.667263e+01,3.928274e+02,9.239220e+00,0.3464
1685,4.035364e+02,2.670585e+01,3.930743e+02,-1.046216e+01,-0.3918
1686,3.567584e+02,2.673925e+01,3.933220e+02,3.656361e+01,1.3674
1687,3.993566e+02,2.677281e+01,3.935700e+02,-5.786542e+00,-0.2161
1688,3.621244e+02,2.680647e+01,3.938184e+02,3.169404e+01,1.1823
1689,3.808023e+02,2.684026e+01,3.940667e+02,1.326441e+01,0.4942
1690,3.762431e+02,2.687415e+01,3.943135e+02,1.807041e+01,0.6724
1691,3.654824e+02,2.690813e+01,3.945589e+02,2.907648e+01,1.0806
1692,3.948101e+02,2.694216e+01,3.948032e+02,-6.904458e-03,-0.0003
1693,3.902596e+02,2.697623e+01,3.950443e+02,4.784659e+00,0.1774
1694,4.053378e+02,2.701035e+01,3.952837e+02,-1.005409e+01,-0.3722
1695,4.008719e+02,2.704448e+01,3.955188e+02,-5.353131e+00,-0.1979
1696,3.809470e+02,2.707862e+01,3.957511e+02,1.480403e+01,0.5467
1697,3.992452e+02,2.711272e+01,3.959793e+02,-3.265924e+00,-0.1205
1698,4.144202e+02,2.714679e+01,3.962020e+02,-1.821817e+01,-0.6711
1699,3.439150e+02,2.718081e+01,3.964202e+02,5.250527e+01,1.9317
1700,3.871465e+02,2.721480e+01,3.966333e+02,9.486777e+00,0.3486
1701,4.376502e+02,2.724869e+01,3.968406e+02,-4.080952e+01,-1.4977
1702,4.377610e+02,2.728251e+01,3.970417e+02,-4.071933e+01,-1.4925
1703,3.949438e+02,2.731623e+01,3.972366e+02,2.292787e+00,0.0839
1704,4.058588e+02,2.734982e+01,3.974248e+02,-8.433939e+00,-0.3084
1705,4.265825e+02,2.738329e+01,3.976065e+02,-2.897602e+01,-1.0582
1706,4.291996e+02,2.741664e+01,3.977803e+02,-3.141927e+01,-1.1460
1707,3.861354e+02,2.744981e+01,3.979464e+02,1.181106e+01,0.4303
1708,3.634106e+02,2.748283e+01,3.981043e+02,3.469367e+01,1.2624
1709,4.209909e+02,2.751568e+01,3.982547e+02,-2.273615e+01,-0.8263
1710,3.965991e+02,2.754832e+01,3.983958e+02,1.796679e+00,0.0652
1711,4.059579e+02,2.758076e+01,3.985283e+02,-7.429672e+00,-0.2694
1712,3.620907e+02,2.761298e+01,3.986509e+02,3.656021e+01,1.3240
1713,4.065916e+02,2.764494e+01,3.987637e+02,-7.827898e+00,-0.2832
1714,4.109564e+02,2.767668e+01,3.988670e+02,-1.208933e+01,-0.4368
1715,3.814559e+02,2.770817e+01,3.989601e+02,1.750421e+01,0.6317
1716,3.489321e+02,2.773940e+01,3.990432e+02,5.011114e+01,1.8065
1717,4.222192e+02,2.777033e+01,3.991149e+02,-2.310429e+01,-0.8320
1718,4.021524e+02,2.780103e+01,3.991753e+02,-2.977084e+00,-0.1071
1719,3.758637e+02,2.783141e+01,3.992254e+02,2.336169e+01,0.8394
1720,3.967258e+02,2.786150e+01,3.992630e+02,2.537223e+00,0.0911
1721,3.730770e+02,2.789129e+01,3.992898e+02,2.621282e+01,0.9398
1722,4.204478e+02,2.792076e+01,3.993043e+02,-2.114349e+01,-0.7573
1723,4.144400e+02,2.794991e+01,3.993061e+02,-1.513400e+01,-0.5415
1724,3.646837e+02,2.797872e+01,3.992966e+02,3.461290e+01,1.2371
1725,3.870358e+02,2.800721e+01,3.992737e+02,1.223796e+01,0.4370
1726,4.500159e+02,2.803536e+01,3.992377e+02,-5.077823e+01,-1.8112
1727,3.578620e+02,2.806313e+01,3.991893e+02,4.132732e+01,1.4727
1728,3.991232e+02,2.809053e+01,3.991272e+02,4.043053e-03,0.0001
1729,3.652427e+02,2.811756e+01,3.990515e+02,3.380879e+01,1.2024
1730,3.893284e+02,2.814422e+01,3.989622e+02,9.633821e+00,0.3423
1731,4.290693e+02,2.817048e+01,3.988588e+02,-3.021053e+01,-1.0724
1732,4.237360e+02,2.819635e+01,3.987414e+02,-2.499463e+01,-0.8864
1733,3.824152e+02,2.822183e+01,3.986092e+02,1.619394e+01,0.5738
1734,4.159408e+02,2.824690e+01,3.984624e+02,-1.747836e+01,-0.6188
1735,4.214812e+02,2.827157e+01,3.983004e+02,-2.318085e+01,-0.8199
1736,4.334545e+02,2.829585e+01,3.981247e+02,-3.532977e+01,-1.2486
1737,4.044655e+02,2.831970e+01,3.979339e+02,-6.531563e+00,-0.2306
1738,3.816049e+02,2.834313e+01,3.977281e+02,1.612325e+01,0.5689
1739,4.082044e+02,2.836614e+01,3.975074e+02,-1.069699e+01,-0.3771
1740,4.007164e+02,2.838874e+01,3.972719e+02,-3.444484e+00,-0.1213
1741,4.738832e+02,2.841092e+01,3.970216e+02,-7.686164e+01,-2.7054
1742,3.825810e+02,2.843263e+01,3.967558e+02,1.417478e+01,0.4985
1743,3.809632e+02,2.845393e+01,3.964747e+02,1.551153e+01,0.5451
1744,3.515395e+02,2.847479e+01,3.961776e+02,4.463807e+01,1.5676
1745,3.912383e+02,2.849520e+01,3.958659e+02,4.627672e+00,0.1624
1746,3.411652e+02,2.851515e+01,3.955376e+02,5.437246e+01,1.9068
1747,4.068049e+02,2.853465e+01,3.951935e+02,-1.161146e+01,-0.4069
1748,4.259839e+02,2.855371e+01,3.948343e+02,-3.114968e+01,-1.0909
1749,3.499900e+02,2.857232e+01,3.944578e+02,4.446778e+01,1.5563
1750,3.928807e+02,2.859048e+01,3.940664e+02,1.185700e+00,0.0415
1751,3.667699e+02,2.860817e+01,3.936586e+02,2.688876e+01,0.9399
1752,3.512208e+02,2.862543e+01,3.932352e+02,4.201439e+01,1.4677
1753,3.693370e+02,2.864225e+01,3.927963e+02,2.345928e+01,0.8190
1754,3.506187e+02,2.865862e+01,3.923410e+02,4.172228e+01,1.4558
1755,3.640967e+02,2.867453e+01,3.918695e+02,2.777282e+01,0.9686
1756,4.118534e+02,2.869001e+01,3.913826e+02,-2.047079e+01,-0.7135
1757,3.827512e+02,2.870505e+01,3.908795e+02,8.128298e+00,0.2832
1758,3.915295e+02,2.871965e+01,3.903602e+02,-1.169298e+00,-0.0407
1759,4.005297e+02,2.873383e+01,3.898248e+02,-1.070491e+01,-0.3726
1760,3.783691e+02,2.874754e+01,3.892741e+02,1.090491e+01,0.3793
1761,3.889889e+02,2.876081e+01,3.887072e+02,-2.816754e-01,-0.0098
1762,3.229191e+02,2.877365e+01,3.881243e+02,6.520518e+01,2.2661
1763,4.047529e+02,2.878609e+01,3.875261e+02,-1.722688e+01,-0.5984
1764,4.019201e+02,2.879805e+01,3.869118e+02,-1.500828e+01,-0.5212
1765,3.810577e+02,2.880962e+01,3.862829e+02,5.225235e+00,0.1814
1766,3.787006e+02,2.882074e+01,3.856388e+02,6.938184e+00,0.2407
1767,3.832768e+02,2.883144e+01,3.849793e+02,1.702523e+00,0.0591
1768,3.906103e+02,2.884176e+01,3.843053e+02,-6.305024e+00,-0.2186
1769,3.724652e+02,2.885164e+01,3.836167e+02,1.115155e+01,0.3865
1770,3.808618e+02,2.886114e+01,3.829135e+02,2.051778e+00,0.0711
1771,3.735037e+02,2.887026e+01,3.821958e+02,8.692140e+00,0.3011
1772,4.199289e+02,2.887895e+01,3.814634e+02,-3.846543e+01,-1.3320
1773,3.540221e+02,2.888728e+01,3.807172e+02,2.669511e+01,0.9241
1774,3.137758e+02,2.889523e+01,3.799564e+02,6.618056e+01,2.2904
1775,3.813235e+02,2.890278e+01,3.791823e+02,-2.141146e+00,-0.0741
1776,3.862044e+02,2.890999e+01,3.783936e+02,-7.810799e+00,-0.2702
1777,3.726756e+02,2.891683e+01,3.775916e+02,4.916085e+00,0.1700
1778,3.589679e+02,2.892331e+01,3.767764e+02,1.780854e+01,0.6157
1779,3.933982e+02,2.892942e+01,3.759472e+02,-1.745101e+01,-0.6032
1780,4.038955e+02,2.893521e+01,3.751053e+02,-2.879014e+01,-0.9950
1781,3.640340e+02,2.894063e+01,3.742501e+02,1.021609e+01,0.3530
1782,3.367855e+02,2.894574e+01,3.733822e+02,3.659672e+01,1.2643
1783,3.401127e+02,2.895053e+01,3.725016e+02,3.238888e+01,1.1188
1784,4.030800e+02,2.895499e+01,3.716090e+02,-3.147100e+01,-1.0869
1785,4.212460e+02,2.895914e+01,3.707036e+02,-5.054239e+01,-1.7453
1786,3.828141e+02,2.896299e+01,3.697868e+02,-1.302736e+01,-0.4498
1787,3.712488e+02,2.896655e+01,3.688585e+02,-2.390232e+00,-0.0825
1788,3.588050e+02,2.896982e+01,3.679181e+02,9.113027e+00,0.3146
1789,4.148723e+02,2.897280e+01,3.669668e+02,-4.790551e+01,-1.6535
1790,3.769202e+02,2.897556e+01,3.660047e+02,-1.091556e+01,-0.3767
1791,3.753706e+02,2.897802e+01,3.650308e+02,-1.033975e+01,-0.3568
1792,3.416950e+02,2.898023e+01,3.640468e+02,2.235183e+01,0.7713
1793,3.709573e+02,2.898218e+01,3.630524e+02,-7.904928e+00,-0.2728
1794,3.861362e+02,2.898393e+01,3.620469e+02,-2.408929e+01,-0.8311
1795,3.751613e+02,2.898542e+01,3.610317e+02,-1.412964e+01,-0.4875
1796,3.900800e+02,2.898669e+01,3.600059e+02,-3.007409e+01,-1.0375
1797,3.648938e+02,2.898778e+01,3.589710e+02,-5.922757e+00,-0.2043
1798,3.475942e+02,2.898861e+01,3.579262e+02,1.033197e+01,0.3564
1799,4.005757e+02,2.898926e+01,3.568729e+02,-4.370288e+01,-1.5076
1800,3.548461e+02,2.898976e+01,3.558101e+02,9.640497e-01,0.0333
1801,3.350577e+02,2.899005e+01,3.547395e+02,1.968177e+01,0.6789
1802,3.594575e+02,2.899018e+01,3.536607e+02,-5.796795e+00,-0.2000
1803,3.293596e+02,2.899015e+01,3.525739e+02,2.321422e+01,0.8008
1804,3.418498e+02,2.899000e+01,3.514794e+02,9.629622e+00,0.3322
1805,3.492321e+02,2.898971e+01,3.503781e+02,1.145966e+00,0.0395
1806,3.474305e+02,2.898926e+01,3.492697e+02,1.839267e+00,0.0634
1807,3.414494e+02,2.898873e+01,3.481543e+02,6.704863e+00,0.2313
1808,3.385444e+02,2.898809e+01,3.470323e+02,8.487935e+00,0.2928
1809,3.499147e+02,2.898734e+01,3.459037e+02,-4.010991e+00,-0.1384
1810,3.776939e+02,2.898651e+01,3.447691e+02,-3.292478e+01,-1.1359
1811,3.014921e+02,2.898561e+01,3.436285e+02,4.213633e+01,1.4537
1812,4.022708e+02,2.898466e+01,3.424823e+02,-5.978851e+01,-2.0628
1813,3.572717e+02,2.898364e+01,3.413305e+02,-1.594118e+01,-0.5500
1814,2.986965e+02,2.898255e+01,3.401738e+02,4.147733e+01,1.4311
1815,3.476943e+02,2.898145e+01,3.390127e+02,-8.681584e+00,-0.2996
1816,3.586625e+02,2.898034e+01,3.378472e+02,-2.081528e+01,-0.7183
1817,3.243086e+02,2.897922e+01,3.366778e+02,1.236917e+01,0.4268
1818,3.473517e+02,2.897807e+01,3.355045e+02,-1.184724e+01,-0.4088
1819,3.019961e+02,2.897694e+01,3.343277e+02,3.233162e+01,1.1158
1820,3.408096e+02,2.897583e+01,3.331476e+02,-7.662024e+00,-0.2644
1821,3.447951e+02,2.897475e+01,3.319645e+02,-1.283053e+01,-0.4428
1822,3.054434e+02,2.897369e+01,3.307793e+02,2.533591e+01,0.8744
1823,3.197318e+02,2.897272e+01,3.295910e+02,9.859184e+00,0.3403
1824,3.572460e+02,2.897179e+01,3.284001e+02,-2.884585e+01,-0.9957
1825,3.904796e+02,2.897092e+01,3.272082e+02,-6.327143e+01,-2.1840
1826,3.312881e+02,2.897012e+01,3.260143e+02,-5.273773e+00,-0.1820
1827,2.968805e+02,2.896942e+01,3.248191e+02,2.793851e+01,0.9644
1828,3.378842e+02,2.896885e+01,3.236231e+02,-1.426109e+01,-0.4923
1829,3.143509e+02,2.896836e+01,3.224270e+02,8.076037e+00,0.2788
1830,3.120523e+02,2.896798e+01,3.212299e+02,9.177616e+00,0.3168
1831,2.826155e+02,2.896777e+01,3.200339e+02,3.741837e+01,1.2917
1832,2.956862e+02,2.896768e+01,3.188382e+02,2.315197e+01,0.7992
1833,3.168805e+02,2.896776e+01,3.176434e+02,7.629262e-01,0.0263
1834,3.088157e+02,2.896797e+01,3.164493e+02,7.633573e+00,0.2635
1835,3.409217e+02,2.896835e+01,3.152566e+02,-2.566512e+01,-0.8860
1836,3.383630e+02,2.896895e+01,3.140659e+02,-2.429704e+01,-0.8387
1837,2.998029e+02,2.896975e+01,3.128764e+02,1.307347e+01,0.4513
1838,2.668195e+02,2.897070e+01,3.116893e+02,4.486987e+01,1.5488
1839,3.523004e+02,2.897191e+01,3.105039e+02,-4.179653e+01,-1.4427
1840,2.858562e+02,2.897331e+01,3.093215e+02,2.346535e+01,0.8099
1841,3.716427e+02,2.897497e+01,3.081420e+02,-6.350070e+01,-2.1916
1842,3.085797e+02,2.897688e+01,3.069652e+02,-1.614518e+00,-0.0557
1843,2.779698e+02,2.897900e+01,3.057925e+02,2.782272e+01,0.9601
1844,3.151241e+02,2.898142e+01,3.046232e+02,-1.050098e+01,-0.3623
1845,3.091064e+02,2.898411e+01,3.034577e+02,-5.648704e+00,-0.1949
1846,2.753131e+02,2.898708e+01,3.022967e+02,2.698365e+01,0.9309
1847,2.940812e+02,2.899032e+01,3.011409e+02,7.059674e+00,0.2435
1848,2.988995e+02,2.899390e+01,2.999886e+02,1.089112e+00,0.0376
1849,3.091891e+02,2.899779e+01,2.988420e+02,-1.034712e+01,-0.3568
1850,3.271667e+02,2.900199e+01,2.977001e+02,-2.946659e+01,-1.0160
1851,2.819754e+02,2.900653e+01,2.965637e+02,1.458835e+01,0.5029
1852,3.577446e+02,2.901140e+01,2.954333e+02,-6.231123e+01,-2.1478
1853,3.296481e+02,2.901661e+01,2.943081e+02,-3.533996e+01,-1.2179
1854,3.264946e+02,2.902218e+01,2.931894e+02,-3.330520e+01,-1.1476
1855,3.077150e+02,2.902812e+01,2.920770e+02,-1.563795e+01,-0.5387
1856,2.517159e+02,2.903442e+01,2.909717e+02,3.925575e+01,1.3520
1857,3.002725e+02,2.904109e+01,2.898724e+02,-1.040001e+01,-0.3581
1858,2.671989e+02,2.904815e+01,2.887807e+02,2.158174e+01,0.7430
1859,3.156179e+02,2.905560e+01,2.876955e+02,-2.792237e+01,-0.9610
1860,3.056926e+02,2.906345e+01,2.866190e+02,-1.907355e+01,-0.6563
1861,3.129817e+02,2.907173e+01,2.855489e+02,-2.743277e+01,-0.9436
1862,2.960511e+02,2.908041e+01,2.844873e+02,-1.156383e+01,-0.3977
1863,2.298131e+02,2.908950e+01,2.834339e+02,5.362085e+01,1.8433
1864,2.804028e+02,2.909903e+01,2.823888e+02,1.985979e+00,0.0682
1865,2.791392e+02,2.910903e+01,2.813518e+02,2.212521e+00,0.0760
1866,2.774982e+02,2.911944e+01,2.803227e+02,2.824534e+00,0.0970
1867,2.837246e+02,2.913030e+01,2.793030e+02,-4.421597e+00,-0.1518
1868,2.801148e+02,2.914164e+01,2.782925e+02,-1.822281e+00,-0.0625
1869,2.420617e+02,2.915342e+01,2.772904e+02,3.522866e+01,1.2084
1870,2.878969e+02,2.916566e+01,2.762980e+02,-1.159892e+01,-0.3977
1871,2.737903e+02,2.917842e+01,2.753153e+02,1.524926e+00,0.0523
1872,2.751668e+02,2.919162e+01,2.743413e+02,-8.254900e-01,-0.0283
1873,2.674541e+02,2.920532e+01,2.733776e+02,5.923454e+00,0.2028
1874,2.923453e+02,2.921948e+01,2.724231e+02,-1.992218e+01,-0.6818
1875,2.542111e+02,2.923418e+01,2.714794e+02,1.726834e+01,0.5907
1876,2.742311e+02,2.924937e+01,2.705456e+02,-3.685533e+00,-0.1260
1877,2.741418e+02,2.926504e+01,2.696222e+02,-4.519549e+00,-0.1544
1878,2.998476e+02,2.928125e+01,2.687093e+02,-3.113829e+01,-1.0634
1879,2.443387e+02,2.929798e+01,2.678068e+02,2.346812e+01,0.8010
1880,3.087815e+02,2.931518e+01,2.669145e+02,-4.186707e+01,-1.4282
1881,3.080247e+02,2.933296e+01,2.660338e+02,-4.199087e+01,-1.4315
1882,2.740092e+02,2.935127e+01,2.651640e+02,-8.845239e+00,-0.3014
1883,2.796486e+02,2.937008e+01,2.643048e+02,-1.534374e+01,-0.5224
1884,2.743625e+02,2.938946e+01,2.634564e+02,-1.090616e+01,-0.3711
1885,2.197742e+02,2.940940e+01,2.626193e+02,4.284507e+01,1.4568
1886,2.564007e+02,2.942987e+01,2.617941e+02,5.393375e+00,0.1833
1887,2.325441e+02,2.945090e+01,2.609794e+02,2.843529e+01,0.9655
1888,2.620313e+02,2.947247e+01,2.601766e+02,-1.854709e+00,-0.0629
1889,2.687805e+02,2.949462e+01,2.593848e+02,-9.395768e+00,-0.3186
1890,2.640147e+02,2.951731e+01,2.586047e+02,-5.410025e+00,-0.1833
1891,2.010668e+02,2.954057e+01,2.578363e+02,5.676947e+01,1.9217
1892,2.930243e+02,2.956439e+01,2.570802e+02,-3.594412e+01,-1.2158
1893,2.723162e+02,2.958878e+01,2.563357e+02,-1.598054e+01,-0.5401
1894,2.359010e+02,2.961375e+01,2.556026e+02,1.970160e+01,0.6653
1895,2.538099e+02,2.963927e+01,2.548818e+02,1.071853e+00,0.0362
1896,2.540651e+02,2.966539e+01,2.541730e+02,1.078746e-01,0.0036
1897,2.013257e+02,2.969208e+01,2.534764e+02,5.215069e+01,1.7564
1898,2.408668e+02,2.971936e+01,2.527918e+02,1.192491e+01,0.4013
1899,2.539362e+02,2.974721e+01,2.521191e+02,-1.817037e+00,-0.0611
1900,2.663510e+02,2.977566e+01,2.514592e+02,-1.489180e+01,-0.5001
1901,2.582441e+02,2.980473e+01,2.508105e+02,-7.433617e+00,-0.2494
1902,3.139685e+02,2.983434e+01,2.501744e+02,-6.379411e+01,-2.1383
1903,2.029923e+02,2.986455e+01,2.495501e+02,4.655779e+01,1.5590
1904,2.126387e+02,2.989538e+01,2.489384e+02,3.629975e+01,1.2142
1905,2.651604e+02,2.992676e+01,2.483385e+02,-1.682189e+01,-0.5621
1906,1.962890e+02,2.995871e+01,2.477511e+02,5.146211e+01,1.7178
1907,2.495411e+02,2.999130e+01,2.471755e+02,-2.365630e+00,-0.0789
1908,2.734809e+02,3.002442e+01,2.466115e+02,-2.686937e+01,-0.8949
1909,2.469531e+02,3.005814e+01,2.460607e+02,-8.923171e-01,-0.0297
1910,2.754341e+02,3.009246e+01,2.455217e+02,-2.991244e+01,-0.9940
1911,2.652828e+02,3.012734e+01,2.449942e+02,-2.028857e+01,-0.6734
1912,2.602105e+02,3.016283e+01,2.444792e+02,-1.573127e+01,-0.5215
1913,2.096550e+02,3.019887e+01,2.439758e+02,3.432078e+01,1.1365
1914,2.852130e+02,3.023553e+01,2.434840e+02,-4.172894e+01,-1.3801
1915,2.741302e+02,3.027273e+01,2.430046e+02,-3.112558e+01,-1.0282
1916,2.561215e+02,3.031054e+01,2.425368e+02,-1.358470e+01,-0.4482
1917,2.527509e+02,3.034892e+01,2.420806e+02,-1.067025e+01,-0.3516
1918,2.301099e+02,3.038785e+01,2.416360e+02,1.152610e+01,0.3793
1919,2.300891e+02,3.042739e+01,2.412038e+02,1.111466e+01,0.3653
1920,2.563054e+02,3.046750e+01,2.407824e+02,-1.552303e+01,-0.5095
1921,3.054821e+02,3.050814e+01,2.403726e+02,-6.510946e+01,-2.1342
1922,2.732144e+02,3.054938e+01,2.399745e+02,-3.323995e+01,-1.0881
1923,2.320684e+02,3.059119e+01,2.395872e+02,7.518869e+00,0.2458
1924,2.640558e+02,3.063355e+01,2.392123e+02,-2.484349e+01,-0.8110
1925,2.071009e+02,3.067648e+01,2.388476e+02,3.174672e+01,1.0349
1926,2.407316e+02,3.071992e+01,2.384938e+02,-2.237773e+00,-0.0728
1927,3.002334e+02,3.076396e+01,2.381517e+02,-6.208172e+01,-2.0180
1928,2.813161e+02,3.080854e+01,2.378197e+02,-4.349636e+01,-1.4118
1929,2.655821e+02,3.085368e+01,2.374988e+02,-2.808333e+01,-0.9102
1930,2.531882e+02,3.089936e+01,2.371888e+02,-1.599945e+01,-0.5178
1931,2.892223e+02,3.094557e+01,2.368891e+02,-5.233327e+01,-1.6911
1932,2.183525e+02,3.099233e+01,2.365989e+02,1.824646e+01,0.5887
1933,1.434770e+02,3.103963e+01,2.363198e+02,9.284287e+01,2.9911
1934,2.318988e+02,3.108747e+01,2.360504e+02,4.151509e+00,0.1335
1935,1.948894e+02,3.113583e+01,2.357912e+02,4.090182e+01,1.3137
1936,2.815203e+02,3.118472e+01,2.355418e+02,-4.597853e+01,-1.4744
1937,2.728563e+02,3.123413e+01,2.353021e+02,-3.755421e+01,-1.2023
1938,2.470827e+02,3.128406e+01,2.350721e+02,-1.201068e+01,-0.3839
1939,2.486250e+02,3.133452e+01,2.348511e+02,-1.377390e+01,-0.4396
1940,2.675226e+02,3.138547e+01,2.346392e+02,-3.288338e+01,-1.0477
1941,2.752688e+02,3.143691e+01,2.344364e+02,-4.083244e+01,-1.2989
1942,2.448302e+02,3.148884e+01,2.342428e+02,-1.058739e+01,-0.3362
1943,2.082169e+02,3.154126e+01,2.340584e+02,2.584140e+01,0.8193
1944,2.913312e+02,3.159421e+01,2.338817e+02,-5.744951e+01,-1.8184
1945,2.100516e+02,3.164762e+01,2.337136e+02,2.366193e+01,0.7477
1946,1.635689e+02,3.170148e+01,2.335541e+02,6.998518e+01,2.2076
1947,2.516261e+02,3.175586e+01,2.334025e+02,-1.822366e+01,-0.5739
1948,2.097911e+02,3.181065e+01,2.332588e+02,2.346773e+01,0.7377
1949,1.975389e+02,3.186593e+01,2.331225e+02,3.558354e+01,1.1167
1950,2.429317e+02,3.192169e+01,2.329935e+02,-9.938280e+00,-0.3113
1951,2.182669e+02,3.197786e+01,2.328726e+02,1.460573e+01,0.4567
1952,2.269349e+02,3.203451e+01,2.327585e+02,5.823589e+00,0.1818
1953,2.493880e+02,3.209157e+01,2.326511e+02,-1.673690e+01,-0.5215
1954,2.355294e+02,3.214910e+01,2.325507e+02,-2.978751e+00,-0.0927
1955,2.612293e+02,3.220702e+01,2.324572e+02,-2.877207e+01,-0.8933
1956,2.055460e+02,3.226540e+01,2.323700e+02,2.682400e+01,0.8314
1957,2.730645e+02,3.232415e+01,2.322893e+02,-4.077527e+01,-1.2614
1958,1.825727e+02,3.238336e+01,2.322150e+02,4.964233e+01,1.5330
1959,2.695947e+02,3.244293e+01,2.321465e+02,-3.744821e+01,-1.1543
1960,1.777838e+02,3.250294e+01,2.320840e+02,5.430023e+01,1.6706
1961,2.654225e+02,3.256336e+01,2.320275e+02,-3.339504e+01,-1.0255
1962,2.773275e+02,3.262411e+01,2.319755e+02,-4.535200e+01,-1.3901
1963,2.417459e+02,3.268529e+01,2.319298e+02,-9.816096e+00,-0.3003
1964,2.443733e+02,3.274684e+01,2.318889e+02,-1.248440e+01,-0.3812
1965,2.925995e+02,3.280874e+01,2.318521e+02,-6.074744e+01,-1.8516
1966,1.655656e+02,3.287103e+01,2.318210e+02,6.625546e+01,2.0156
1967,1.743338e+02,3.293369e+01,2.317943e+02,5.746056e+01,1.7447
1968,2.722892e+02,3.299669e+01,2.317713e+02,-4.051793e+01,-1.2279
1969,2.394586e+02,3.306006e+01,2.317536e+02,-7.705082e+00,-0.2331
1970,1.938839e+02,3.312372e+01,2.317389e+02,3.785508e+01,1.1428
1971,2.497716e+02,3.318776e+01,2.317283e+02,-1.804330e+01,-0.5437
1972,2.723625e+02,3.325212e+01,2.317218e+02,-4.064072e+01,-1.2222
1973,1.767422e+02,3.331683e+01,2.317180e+02,5.497580e+01,1.6501
1974,2.188349e+02,3.338183e+01,2.317176e+02,1.288276e+01,0.3859
1975,2.397168e+02,3.344715e+01,2.317210e+02,-7.995787e+00,-0.2391
1976,2.421535e+02,3.351278e+01,2.317266e+02,-1.042697e+01,-0.3111
1977,2.478931e+02,3.357871e+01,2.317345e+02,-1.615859e+01,-0.4812
1978,2.087940e+02,3.364492e+01,2.317449e+02,2.295089e+01,0.6822
1979,1.908789e+02,3.371142e+01,2.317571e+02,4.087815e+01,1.2126
1980,2.890066e+02,3.377820e+01,2.317719e+02,-5.723462e+01,-1.6944
1981,2.438044e+02,3.384525e+01,2.317881e+02,-1.201635e+01,-0.3550
1982,1.706354e+02,3.391257e+01,2.318063e+02,6.117088e+01,1.8038
1983,1.799896e+02,3.398015e+01,2.318259e+02,5.183639e+01,1.5255
1984,2.373205e+02,3.404801e+01,2.318464e+02,-5.474055e+00,-0.1608
1985,2.493955e+02,3.411610e+01,2.318686e+02,-1.752691e+01,-0.5137
1986,1.781333e+02,3.418442e+01,2.318910e+02,5.375777e+01,1.5726
1987,1.944768e+02,3.425297e+01,2.319146e+02,3.743773e+01,1.0930
1988,2.787918e+02,3.432175e+01,2.319386e+02,-4.685325e+01,-1.3651
1989,2.955629e+02,3.439081e+01,2.319624e+02,-6.360048e+01,-1.8493
1990,1.490165e+02,3.446003e+01,2.319869e+02,8.297040e+01,2.4077
1991,2.391688e+02,3.452954e+01,2.320114e+02,-7.157372e+00,-0.2073
1992,1.850439e+02,3.459924e+01,2.320353e+02,4.699134e+01,1.3582
1993,1.747087e+02,3.466918e+01,2.320579e+02,5.734912e+01,1.6542
1994,2.352670e+02,3.473922e+01,2.320807e+02,-3.186309e+00,-0.0917
1995,2.859355e+02,3.481483e+01,2.321018e+02,-5.383370e+01,-1.5463
1996,2.274765e+02,3.488525e+01,2.321225e+02,4.646041e+00,0.1332
1997,3.044420e+02,3.646165e+01,2.321417e+02,-7.230033e+01,-1.9829
1998,2.638703e+02,3.653207e+01,2.321585e+02,-3.171185e+01,-0.8681
1999,2.300656e+02,3.664643e+01,2.321745e+02,2.108920e+00,0.0575
2000,2.989680e+02,3.671717e+01,2.321878e+02,-6.678024e+01,-1.8188
2001,2.811080e+02,3.678819e+01,2.321997e+02,-4.890838e+01,-1.3295
2002,2.535214e+02,3.685922e+01,2.322089e+02,-2.131250e+01,-0.5782
2003,2.189580e+02,3.693036e+01,2.322156e+02,1.325750e+01,0.3590
2004,2.668467e+02,3.700166e+01,2.322197e+02,-3.462698e+01,-0.9358
2005,2.035637e+02,3.707312e+01,2.322216e+02,2.865789e+01,0.7730
2006,2.192728e+02,3.714463e+01,2.322204e+02,1.294755e+01,0.3486
2007,2.363137e+02,3.721634e+01,2.322155e+02,-4.098177e+00,-0.1101
2008,2.073328e+02,3.728814e+01,2.322079e+02,2.487508e+01,0.6671
2009,2.413754e+02,3.736002e+01,2.321968e+02,-9.178611e+00,-0.2457
2010,1.930196e+02,3.743204e+01,2.321824e+02,3.916279e+01,1.0462
2011,1.569368e+02,3.750417e+01,2.321640e+02,7.522721e+01,2.0058
2012,2.364323e+02,3.757634e+01,2.321416e+02,-4.290629e+00,-0.1142
2013,2.470096e+02,3.764866e+01,2.321148e+02,-1.489479e+01,-0.3956
2014,1.902832e+02,3.772106e+01,2.320842e+02,4.180101e+01,1.1082
2015,2.134425e+02,3.779354e+01,2.320493e+02,1.860674e+01,0.4923
2016,2.396567e+02,3.786606e+01,2.320093e+02,-7.647334e+00,-0.2020
2017,2.117069e+02,3.793871e+01,2.319660e+02,2.025908e+01,0.5340
2018,2.931292e+02,3.801141e+01,2.319171e+02,-6.121212e+01,-1.6104
2019,2.862554e+02,3.808418e+01,2.318642e+02,-5.439121e+01,-1.4282
2020,2.187781e+02,3.815702e+01,2.318059e+02,1.302778e+01,0.3414
2021,1.951189e+02,3.822992e+01,2.317430e+02,3.662412e+01,0.9580
2022,1.887526e+02,3.830287e+01,2.316757e+02,4.292311e+01,1.1206
2023,2.751775e+02,3.837587e+01,2.316026e+02,-4.357488e+01,-1.1355
2024,1.720555e+02,3.844893e+01,2.315244e+02,5.946890e+01,1.5467
2025,2.185355e+02,3.852203e+01,2.314413e+02,1.290578e+01,0.3350
2026,2.345971e+02,3.859517e+01,2.313518e+02,-3.245339e+00,-0.0841
2027,2.772907e+02,3.866836e+01,2.312567e+02,-4.603399e+01,-1.1905
2028,2.292201e+02,3.874158e+01,2.311563e+02,1.936139e+00,0.0500
2029,2.722396e+02,3.881484e+01,2.310497e+02,-4.118991e+01,-1.0612
2030,2.233520e+02,3.888812e+01,2.309370e+02,7.585097e+00,0.1950
2031,2.284793e+02,3.896143e+01,2.308192e+02,2.339952e+00,0.0601
2032,2.344685e+02,3.903478e+01,2.306947e+02,-3.773762e+00,-0.0967
2033,2.202375e+02,3.910814e+01,2.305637e+02,1.032619e+01,0.2640
2034,2.311477e+02,3.918152e+01,2.304270e+02,-7.207655e-01,-0.0184
2035,3.324044e+02,3.925497e+01,2.302838e+02,-1.021206e+02,-2.6015
2036,2.544741e+02,3.932838e+01,2.301343e+02,-2.433979e+01,-0.6189
2037,2.030649e+02,3.940180e+01,2.299777e+02,2.691288e+01,0.6830
2038,2.650548e+02,3.947524e+01,2.298150e+02,-3.523984e+01,-0.8927
2039,2.096464e+02,3.954874e+01,2.296454e+02,1.999892e+01,0.5057
2040,1.834615e+02,3.962220e+01,2.294689e+02,4.600739e+01,1.1612
2041,2.182494e+02,3.969566e+01,2.292849e+02,1.103550e+01,0.2780
2042,1.937240e+02,3.976913e+01,2.290942e+02,3.537025e+01,0.8894
2043,2.395656e+02,3.984265e+01,2.288969e+02,-1.066870e+01,-0.2678
2044,2.559817e+02,3.991613e+01,2.286922e+02,-2.728949e+01,-0.6837
2045,1.998505e+02,3.998961e+01,2.284809e+02,2.863043e+01,0.7159
2046,2.511383e+02,4.006314e+01,2.282624e+02,-2.287591e+01,-0.5710
2047,2.340025e+02,4.013660e+01,2.280360e+02,-5.966466e+00,-0.1487
2048,2.377675e+02,4.021014e+01,2.278032e+02,-9.964385e+00,-0.2478
2049,2.258357e+02,4.028361e+01,2.275632e+02,1.727471e+00,0.0429
2050,2.335667e+02,4.035714e+01,2.273162e+02,-6.250481e+00,-0.1549
2051,2.005347e+02,4.043060e+01,2.270614e+02,2.652670e+01,0.6561
2052,2.125935e+02,4.050410e+01,2.267997e+02,1.420615e+01,0.3507
2053,1.996201e+02,4.057756e+01,2.265302e+02,2.691008e+01,0.6632
2054,2.293823e+02,4.065104e+01,2.262531e+02,-3.129172e+00,-0.0770
2055,1.830088e+02,4.072448e+01,2.259684e+02,4.295958e+01,1.0549
2056,2.053597e+02,4.079794e+01,2.256768e+02,2.031711e+01,0.4980
2057,2.562715e+02,4.087139e+01,2.253770e+02,-3.089457e+01,-0.7559
2058,1.982734e+02,4.094486e+01,2.250703e+02,2.679688e+01,0.6545
2059,1.966913e+02,4.101834e+01,2.247554e+02,2.806416e+01,0.6842
2060,2.161445e+02,4.109172e+01,2.244338e+02,8.289316e+00,0.2017
2061,2.526363e+02,4.116522e+01,2.241039e+02,-2.853235e+01,-0.6931
2062,2.600854e+02,4.123867e+01,2.237674e+02,-3.631801e+01,-0.8807
2063,2.498010e+02,4.131210e+01,2.234227e+02,-2.637828e+01,-0.6385
2064,1.794406e+02,4.138555e+01,2.230706e+02,4.362998e+01,1.0542
2065,2.011676e+02,4.145905e+01,2.227118e+02,2.154424e+01,0.5197
2066,1.568908e+02,4.153251e+01,2.223449e+02,6.545412e+01,1.5760
2067,2.343503e+02,4.160593e+01,2.219706e+02,-1.237971e+01,-0.2975
2068,2.587307e+02,4.167941e+01,2.215897e+02,-3.714096e+01,-0.8911
2069,2.253267e+02,4.175290e+01,2.212007e+02,-4.125963e+00,-0.0988
2070,2.636418e+02,4.182639e+01,2.208051e+02,-4.283671e+01,-1.0242
2071,2.591966e+02,4.189988e+01,2.204021e+02,-3.879449e+01,-0.9259
2072,1.191008e+02,4.197340e+01,2.199911e+02,1.008903e+02,2.4037
2073,2.332776e+02,4.204687e+01,2.195734e+02,-1.370415e+01,-0.3259
2074,2.345375e+02,4.212040e+01,2.191484e+02,-1.538910e+01,-0.3654
2075,1.538534e+02,4.219395e+01,2.187167e+02,6.486327e+01,1.5373
2076,2.229890e+02,4.226752e+01,2.182769e+02,-4.712089e+00,-0.1115
2077,2.328513e+02,4.234110e+01,2.178305e+02,-1.502080e+01,-0.3548
2078,1.686546e+02,4.241471e+01,2.173767e+02,4.872211e+01,1.1487
2079,1.363862e+02,4.248836e+01,2.169163e+02,8.053010e+01,1.8953
2080,2.548911e+02,4.256203e+01,2.164491e+02,-3.844195e+01,-0.9032
2081,1.524850e+02,4.263573e+01,2.159753e+02,6.349032e+01,1.4891
2082,1.981198e+02,4.270944e+01,2.154948e+02,1.737501e+01,0.4068
2083,2.298133e+02,4.278323e+01,2.150076e+02,-1.480569e+01,-0.3461
2084,2.341785e+02,4.285703e+01,2.145137e+02,-1.966480e+01,-0.4588
2085,1.984461e+02,4.293093e+01,2.140145e+02,1.556838e+01,0.3626
2086,1.913545e+02,4.300481e+01,2.135078e+02,2.215331e+01,0.5151
2087,2.041762e+02,4.307876e+01,2.129950e+02,8.818833e+00,0.2047
2088,2.335772e+02,4.315276e+01,2.124770e+02,-2.110020e+01,-0.4890
2089,2.714076e+02,4.322677e+01,2.119520e+02,-5.945554e+01,-1.3754
2090,2.238912e+02,4.330086e+01,2.114210e+02,-1.247024e+01,-0.2880
2091,2.209875e+02,4.337503e+01,2.108838e+02,-1.010367e+01,-0.2329
2092,2.359579e+02,4.344931e+01,2.103405e+02,-2.561744e+01,-0.5896
2093,1.245288e+02,4.352359e+01,2.097917e+02,8.526284e+01,1.9590
2094,2.164938e+02,4.359794e+01,2.092374e+02,-7.256402e+00,-0.1664
2095,2.542637e+02,4.367239e+01,2.086768e+02,-4.558685e+01,-1.0438
2096,2.242822e+02,4.374697e+01,2.081115e+02,-1.617076e+01,-0.3696
2097,2.519830e+02,4.382157e+01,2.075405e+02,-4.444253e+01,-1.0142
2098,2.197420e+02,4.389626e+01,2.069640e+02,-1.277799e+01,-0.2911
2099,2.621791e+02,4.397111e+01,2.063825e+02,-5.579660e+01,-1.2689
2100,2.069817e+02,4.404600e+01,2.057953e+02,-1.186311e+00,-0.0269
2101,1.700452e+02,4.412098e+01,2.052032e+02,3.515800e+01,0.7969
2102,1.348494e+02,4.419612e+01,2.046060e+02,6.975667e+01,1.5783
2103,2.274084e+02,4.427130e+01,2.040038e+02,-2.340460e+01,-0.5287
2104,2.615189e+02,4.434667e+01,2.033964e+02,-5.812254e+01,-1.3106
2105,1.391497e+02,4.442207e+01,2.027846e+02,6.363489e+01,1.4325
2106,1.932428e+02,4.449768e+01,2.021675e+02,8.924650e+00,0.2006
2107,1.825830e+02,4.457332e+01,2.015466e+02,1.896363e+01,0.4254
2108,1.046408e+02,4.464916e+01,2.009204e+02,9.627956e+01,2.1564
2109,1.750459e+02,4.472506e+01,2.002909e+02,2.524504e+01,0.5644
2110,1.467182e+02,4.480118e+01,1.996568e+02,5.293857e+01,1.1816
2111,1.901082e+02,4.487736e+01,1.990193e+02,8.911059e+00,0.1986
2112,1.557677e+02,4.495377e+01,1.983777e+02,4.260998e+01,0.9479
2113,2.558690e+02,4.503025e+01,1.977327e+02,-5.813629e+01,-1.2910
2114,1.737940e+02,4.510695e+01,1.970834e+02,2.328944e+01,0.5163
2115,2.031947e+02,4.518374e+01,1.964314e+02,-6.763266e+00,-0.1497
2116,2.074942e+02,4.526077e+01,1.957757e+02,-1.171850e+01,-0.2589
2117,2.550491e+02,4.533795e+01,1.951171e+02,-5.993204e+01,-1.3219
2118,1.342185e+02,4.541527e+01,1.944547e+02,6.023617e+01,1.3263
2119,2.486688e+02,4.549276e+01,1.937900e+02,-5.487878e+01,-1.2063
2120,2.313289e+02,4.557053e+01,1.931214e+02,-3.820756e+01,-0.8384
2121,1.809150e+02,4.564837e+01,1.924510e+02,1.153606e+01,0.2527
2122,1.915863e+02,4.572650e+01,1.917774e+02,1.911516e-01,0.0042
2123,1.983371e+02,4.580478e+01,1.911012e+02,-7.235968e+00,-0.1580
2124,2.180046e+02,4.588330e+01,1.904237e+02,-2.758091e+01,-0.6011
2125,2.472112e+02,4.596196e+01,1.897428e+02,-5.746845e+01,-1.2503
2126,2.330828e+02,4.604088e+01,1.890605e+02,-4.402234e+01,-0.9562
2127,1.461085e+02,4.612003e+01,1.883760e+02,4.226752e+01,0.9165
2128,1.994349e+02,4.619940e+01,1.876900e+02,-1.174487e+01,-0.2542
2129,2.888474e+02,4.627893e+01,1.870025e+02,-1.018449e+02,-2.2007
2130,1.511794e+02,4.635875e+01,1.863126e+02,3.513316e+01,0.7579
2131,1.885526e+02,4.643882e+01,1.856216e+02,-2.931001e+00,-0.0631
2132,1.357122e+02,4.651913e+01,1.849289e+02,4.921676e+01,1.0580
2133,2.041142e+02,4.659968e+01,1.842351e+02,-1.987914e+01,-0.4266
2134,1.519623e+02,4.668049e+01,1.835400e+02,3.157776e+01,0.6765
2135,1.608864e+02,4.676156e+01,1.828444e+02,2.195800e+01,0.4696
2136,1.350752e+02,4.684290e+01,1.821482e+02,4.707298e+01,1.0049
2137,1.831618e+02,4.692450e+01,1.814505e+02,-1.711326e+00,-0.0365
2138,2.578330e+02,4.700638e+01,1.807528e+02,-7.708025e+01,-1.6398
2139,8.467749e+01,4.708851e+01,1.800549e+02,9.537745e+01,2.0255
2140,2.464274e+02,4.717097e+01,1.793569e+02,-6.707045e+01,-1.4219
2141,1.753091e+02,4.725370e+01,1.786586e+02,3.349510e+00,0.0709
2142,1.222297e+02,4.733672e+01,1.779607e+02,5.573106e+01,1.1773
2143,2.778544e+02,4.742003e+01,1.772624e+02,-1.005920e+02,-2.1213
2144,2.491412e+02,4.750365e+01,1.765651e+02,-7.257609e+01,-1.5278
2145,2.002759e+02,4.758759e+01,1.758679e+02,-2.440801e+01,-0.5129
2146,2.309985e+02,4.767183e+01,1.751708e+02,-5.582768e+01,-1.1711
2147,2.160613e+02,4.775639e+01,1.744745e+02,-4.158682e+01,-0.8708
2148,1.910841e+02,4.784127e+01,1.737789e+02,-1.730523e+01,-0.3617
2149,1.991746e+02,4.792648e+01,1.730846e+02,-2.608996e+01,-0.5444
2150,1.781777e+02,4.801202e+01,1.723908e+02,-5.786812e+00,-0.1205
2151,1.226838e+02,4.809789e+01,1.716983e+02,4.901451e+01,1.0191
2152,1.169785e+02,4.818418e+01,1.710069e+02,5.402836e+01,1.1213
2153,1.483154e+02,4.827074e+01,1.703172e+02,2.200178e+01,0.4558
2154,1.890278e+02,4.835767e+01,1.696285e+02,-1.939931e+01,-0.4012
2155,1.409348e+02,4.844491e+01,1.689421e+02,2.800727e+01,0.5781
2156,2.220720e+02,4.853262e+01,1.682565e+02,-5.381544e+01,-1.1089
2157,1.861120e+02,4.862057e+01,1.675731e+02,-1.853889e+01,-0.3813
2158,1.161456e+02,4.870899e+01,1.668918e+02,5.074621e+01,1.0418
2159,1.105227e+02,4.879770e+01,1.662118e+02,5.568909e+01,1.1412
2160,1.558982e+02,4.888688e+01,1.655345e+02,9.636249e+00,0.1971
2161,1.622033e+02,4.897632e+01,1.648590e+02,2.655735e+00,0.0542
2162,1.545177e+02,4.906627e+01,1.641860e+02,9.668350e+00,0.1970
2163,1.816421e+02,4.915660e+01,1.635155e+02,-1.812657e+01,-0.3688
2164,2.563977e+02,4.924726e+01,1.628474e+02,-9.355023e+01,-1.8996
2165,1.236709e+02,4.933831e+01,1.621816e+02,3.851067e+01,0.7805
2166,1.091121e+02,4.942986e+01,1.615187e+02,5.240667e+01,1.0602
2167,2.910773e+02,4.952173e+01,1.608588e+02,-1.302185e+02,-2.6295
2168,1.586688e+02,4.961402e+01,1.602016e+02,1.532785e+00,0.0309
2169,1.482033e+02,4.970680e+01,1.595472e+02,1.134388e+01,0.2282
2170,1.829549e+02,4.979992e+01,1.588962e+02,-2.405863e+01,-0.4831
2171,9.144703e+01,4.989354e+01,1.582479e+02,6.680083e+01,1.3389
2172,1.332511e+02,4.998751e+01,1.576035e+02,2.435243e+01,0.4872
2173,2.418024e+02,5.008199e+01,1.569624e+02,-8.484003e+01,-1.6940
2174,1.826687e+02,5.017682e+01,1.563251e+02,-2.634362e+01,-0.5250
2175,1.193149e+02,5.027217e+01,1.556917e+02,3.637678e+01,0.7236
2176,9.376282e+01,5.036790e+01,1.550620e+02,6.129919e+01,1.2170
2177,1.137150e+02,5.046413e+01,1.544360e+02,4.072098e+01,0.8069
2178,2.366499e+02,5.056076e+01,1.538137e+02,-8.283619e+01,-1.6383
2179,1.833996e+02,5.065787e+01,1.531956e+02,-3.020395e+01,-0.5962
2180,1.160799e+02,5.075543e+01,1.525818e+02,3.650189e+01,0.7192
2181,2.242605e+02,5.085345e+01,1.519714e+02,-7.228903e+01,-1.4215
2182,1.217134e+02,5.095200e+01,1.513659e+02,2.965249e+01,0.5820
2183,5.606613e+01,5.105094e+01,1.507645e+02,9.469837e+01,1.8550
2184,8.892283e+01,5.115038e+01,1.501678e+02,6.124499e+01,1.1974
2185,1.478078e+02,5.125028e+01,1.495751e+02,1.767296e+00,0.0345
2186,1.643169e+02,5.135061e+01,1.489870e+02,-1.532997e+01,-0.2985
2187,1.620486e+02,5.145160e+01,1.484042e+02,-1.364444e+01,-0.2652
2188,1.009596e+02,5.155288e+01,1.478252e+02,4.686564e+01,0.9091
2189,6.406150e+01,5.165476e+01,1.472514e+02,8.318991e+01,1.6105
2190,1.848980e+02,5.175706e+01,1.466828e+02,-3.821518e+01,-0.7384
2191,4.517970e+01,5.185996e+01,1.461185e+02,1.009388e+02,1.9464
2192,5.437436e+01,5.196324e+01,1.455593e+02,9.118497e+01,1.7548
2193,1.557906e+02,5.206705e+01,1.450051e+02,-1.078545e+01,-0.2071
2194,1.500361e+02,5.217137e+01,1.444552e+02,-5.580928e+00,-0.1070
2195,1.795518e+02,5.227629e+01,1.439109e+02,-3.564094e+01,-0.6818
2196,1.457481e+02,5.238151e+01,1.433722e+02,-2.375955e+00,-0.0454
2197,9.951483e+01,5.248744e+01,1.428383e+02,4.332345e+01,0.8254
2198,1.385147e+02,5.259376e+01,1.423092e+02,3.794484e+00,0.0721
2199,1.558994e+02,5.270069e+01,1.417856e+02,-1.411383e+01,-0.2678
2200,1.902127e+02,5.280808e+01,1.412674e+02,-4.894537e+01,-0.9269
2201,7.919165e+01,5.291594e+01,1.407546e+02,6.156294e+01,1.1634
2202,1.559689e+02,5.302439e+01,1.402472e+02,-1.572173e+01,-0.2965
2203,2.039392e+02,5.313334e+01,1.397450e+02,-6.419418e+01,-1.2082
2204,1.475207e+01,5.324283e+01,1.392489e+02,1.244969e+02,2.3383
2205,1.381970e+02,5.335284e+01,1.387581e+02,5.610343e-01,0.0105
2206,2.187518e+02,5.346338e+01,1.382724e+02,-8.047938e+01,-1.5053
2207,2.509106e+02,5.357445e+01,1.377926e+02,-1.131179e+02,-2.1114
2208,1.070846e+02,5.368603e+01,1.373180e+02,3.023336e+01,0.5632
2209,1.997661e+02,5.379819e+01,1.368492e+02,-6.291693e+01,-1.1695
2210,8.502416e+01,5.391085e+01,1.363862e+02,5.136206e+01,0.9527
2211,1.490104e+02,5.402407e+01,1.359283e+02,-1.308211e+01,-0.2422
2212,1.055755e+02,5.413781e+01,1.354761e+02,2.990053e+01,0.5523
2213,1.036011e+02,5.425210e+01,1.350296e+02,3.142847e+01,0.5793
2214,1.652127e+02,5.436693e+01,1.345888e+02,-3.062388e+01,-0.5633
2215,1.358082e+02,5.448229e+01,1.341529e+02,-1.655311e+00,-0.0304
2216,1.298731e+02,5.459821e+01,1.337234e+02,3.850354e+00,0.0705
2217,1.504904e+02,5.471463e+01,1.332996e+02,-1.719077e+01,-0.3142
2218,1.596913e+02,5.483169e+01,1.328814e+02,-2.680992e+01,-0.4889
2219,1.073719e+02,5.494924e+01,1.324680e+02,2.509613e+01,0.4567
2220,1.526346e+02,5.506732e+01,1.320609e+02,-2.057367e+01,-0.3736
2221,1.709230e+02,5.518596e+01,1.316594e+02,-3.926355e+01,-0.7115
2222,1.428327e+02,5.530519e+01,1.312635e+02,-1.156922e+01,-0.2092
2223,1.056427e+02,5.542494e+01,1.308738e+02,2.523112e+01,0.4552
2224,1.297346e+02,5.554533e+01,1.304890e+02,7.543816e-01,0.0136
2225,4.292274e+01,5.566615e+01,1.301103e+02,8.718761e+01,1.5663
2226,1.087548e+02,5.578761e+01,1.297365e+02,2.098169e+01,0.3761
2227,2.116743e+02,5.590959e+01,1.293689e+02,-8.230537e+01,-1.4721
2228,1.418524e+02,5.603212e+01,1.290068e+02,-1.284553e+01,-0.2293
2229,1.477833e+02,5.615513e+01,1.286495e+02,-1.913372e+01,-0.3407
2230,5.101913e+01,5.627888e+01,1.282985e+02,7.727934e+01,1.3731
2231,6.802596e+01,5.640302e+01,1.279529e+02,5.992694e+01,1.0625
2232,1.300877e+02,5.652779e+01,1.276128e+02,-2.474831e+00,-0.0438
2233,9.294507e+01,5.665315e+01,1.272776e+02,3.433249e+01,0.6060
2234,2.103574e+02,5.677908e+01,1.269485e+02,-8.340889e+01,-1.4690
2235,1.309367e+02,5.690547e+01,1.266243e+02,-4.312443e+00,-0.0758
2236,4.255601e+01,5.703243e+01,1.263063e+02,8.375030e+01,1.4685
2237,1.525657e+02,5.716005e+01,1.259931e+02,-2.657257e+01,-0.4649
2238,1.231277e+02,5.728822e+01,1.256855e+02,2.557776e+00,0.0446
2239,1.226352e+02,5.741684e+01,1.253827e+02,2.747465e+00,0.0479
2240,1.193769e+02,5.754608e+01,1.250862e+02,5.709323e+00,0.0992
2241,1.047958e+02,5.767593e+01,1.247938e+02,1.999806e+01,0.3467
2242,1.545830e+02,5.780626e+01,1.245070e+02,-3.007594e+01,-0.5203
2243,1.241286e+02,5.793717e+01,1.242259e+02,9.723615e-02,0.0017
2244,1.417427e+02,5.806868e+01,1.239496e+02,-1.779306e+01,-0.3064
2245,1.401972e+02,5.820063e+01,1.236782e+02,-1.651901e+01,-0.2838
2246,2.263618e+01,5.833326e+01,1.234118e+02,1.007756e+02,1.7276
2247,1.023628e+02,5.846643e+01,1.231503e+02,2.078753e+01,0.3555
2248,1.107379e+02,5.860010e+01,1.228938e+02,1.215585e+01,0.2074
2249,1.440397e+02,5.873438e+01,1.226422e+02,-2.139752e+01,-0.3643
2250,2.207067e+02,5.886918e+01,1.223957e+02,-9.831100e+01,-1.6700
2251,1.042001e+02,5.900455e+01,1.221542e+02,1.795407e+01,0.3043
2252,7.865875e+01,5.914051e+01,1.219170e+02,4.325830e+01,0.7314
2253,1.786761e+02,5.927691e+01,1.216842e+02,-5.699183e+01,-0.9615
2254,9.471236e+01,5.941407e+01,1.214565e+02,2.674418e+01,0.4501
2255,1.509165e+02,5.955139e+01,1.212325e+02,-2.968394e+01,-0.4985
2256,1.714336e+02,5.968979e+01,1.210137e+02,-5.041989e+01,-0.8447
2257,1.913527e+02,5.982831e+01,1.207994e+02,-7.055328e+01,-1.1793
2258,3.706702e+01,5.996774e+01,1.205896e+02,8.352260e+01,1.3928
2259,8.117777e+01,6.010737e+01,1.203836e+02,3.920587e+01,0.6523
2260,1.308346e+02,6.024790e+01,1.201823e+02,-1.065233e+01,-0.1768
2261,1.651580e+02,6.038874e+01,1.199855e+02,-4.517249e+01,-0.7480
2262,2.979448e+01,6.053029e+01,1.197927e+02,8.999824e+01,1.4868
2263,2.226332e+02,6.067225e+01,1.196031e+02,-1.030301e+02,-1.6981
2264,1.464241e+02,6.081475e+01,1.194183e+02,-2.700583e+01,-0.4441
2265,4.411311e+01,6.095790e+01,1.192375e+02,7.512442e+01,1.2324
2266,7.509347e+01,6.110155e+01,1.190608e+02,4.396737e+01,0.7196
2267,6.138053e+01,6.124579e+01,1.188875e+02,5.750701e+01,0.9390
2268,4.938989e+01,6.139024e+01,1.187177e+02,6.932778e+01,1.1293
2269,1.487758e+02,6.153576e+01,1.185520e+02,-3.022379e+01,-0.4912
2270,1.511391e+02,6.168159e+01,1.183899e+02,-3.274924e+01,-0.5309
2271,8.487738e+01,6.182787e+01,1.182313e+02,3.335390e+01,0.5395
2272,1.423046e+02,6.197461e+01,1.180763e+02,-2.422834e+01,-0.3909
2273,1.409860e+02,6.212226e+01,1.179250e+02,-2.306100e+01,-0.3712
2274,5.928045e+01,6.227019e+01,1.177766e+02,5.849613e+01,0.9394
2275,2.125562e+02,6.241870e+01,1.176312e+02,-9.492500e+01,-1.5208
2276,7.870966e+01,6.256767e+01,1.174896e+02,3.877991e+01,0.6198
2277,4.241966e+01,6.271737e+01,1.173503e+02,7.493064e+01,1.1947
2278,1.660763e+02,6.286748e+01,1.172142e+02,-4.886217e+01,-0.7772
2279,2.365371e+01,6.301809e+01,1.170812e+02,9.342750e+01,1.4826
2280,1.557105e+02,6.316929e+01,1.169515e+02,-3.875902e+01,-0.6136
2281,1.391023e+02,6.332102e+01,1.168243e+02,-2.227803e+01,-0.3518
2282,2.255597e+02,6.347327e+01,1.166997e+02,-1.088600e+02,-1.7151
2283,7.306679e+01,6.362605e+01,1.165770e+02,4.351020e+01,0.6838
2284,3.792223e+01,6.377925e+01,1.164577e+02,7.853548e+01,1.2314
2285,1.832586e+02,6.393311e+01,1.163404e+02,-6.691816e+01,-1.0467
2286,8.249090e+01,6.408746e+01,1.162259e+02,3.373502e+01,0.5264
2287,9.506604e+01,6.424233e+01,1.161135e+02,2.104746e+01,0.3276
2288,9.931507e+01,6.439768e+01,1.160032e+02,1.668817e+01,0.2591
2289,8.510742e+01,6.455364e+01,1.158952e+02,3.078776e+01,0.4769
2290,7.782507e+01,6.471007e+01,1.157894e+02,3.796429e+01,0.5867
2291,1.656822e+02,6.486697e+01,1.156851e+02,-4.999711e+01,-0.7708
2292,1.146519e+02,6.502435e+01,1.155832e+02,9.312590e-01,0.0143
2293,1.348557e+02,6.518237e+01,1.154830e+02,-1.937270e+01,-0.2972
2294,1.403969e+02,6.534087e+01,1.153845e+02,-2.501243e+01,-0.3828
2295,1.167902e+02,6.549987e+01,1.152877e+02,-1.502463e+00,-0.0229
2296,1.222781e+02,6.565939e+01,1.151921e+02,-7.085973e+00,-0.1079
2297,7.302623e+01,6.581941e+01,1.150983e+02,4.207208e+01,0.6392
2298,1.222203e+02,6.598006e+01,1.150057e+02,-7.214514e+00,-0.1093
2299,1.483464e+02,6.614110e+01,1.149152e+02,-3.343129e+01,-0.5055
2300,1.099492e+02,6.630266e+01,1.148251e+02,4.875933e+00,0.0735
2301,2.186365e+02,6.646470e+01,1.147365e+02,-1.039000e+02,-1.5632
2302,-2.972875e+01,6.662716e+01,1.146492e+02,1.443780e+02,2.1670
2303,1.385506e+02,6.679039e+01,1.145619e+02,-2.398867e+01,-0.3592
2304,2.047956e+02,6.695379e+01,1.144770e+02,-9.031866e+01,-1.3490
2305,-2.051253e+01,6.711803e+01,1.143921e+02,1.349047e+02,2.0100
2306,1.531486e+02,6.728241e+01,1.143082e+02,-3.884042e+01,-0.5773
2307,1.662909e+02,6.744769e+01,1.142253e+02,-5.206558e+01,-0.7719
2308,1.133207e+02,6.761319e+01,1.141427e+02,8.219352e-01,0.0122
2309,8.579257e+01,6.777941e+01,1.140604e+02,2.826786e+01,0.4171
2310,1.005905e+02,6.794597e+01,1.139794e+02,1.338887e+01,0.1971
2311,1.237636e+01,6.811299e+01,1.138988e+02,1.015224e+02,1.4905
2312,7.654664e+01,6.828064e+01,1.138180e+02,3.727140e+01,0.5459
2313,1.475753e+02,6.844866e+01,1.137379e+02,-3.383740e+01,-0.4943
2314,1.031040e+02,6.861711e+01,1.136584e+02,1.055447e+01,0.1538
2315,9.419711e+01,6.878595e+01,1.135790e+02,1.938186e+01,0.2818
2316,5.356222e+01,6.895556e+01,1.134996e+02,5.993733e+01,0.8692
2317,7.737384e+01,6.912593e+01,1.134202e+02,3.604640e+01,0.5215
2318,2.643644e+02,6.929612e+01,1.133411e+02,-1.510233e+02,-2.1794
2319,1.176442e+02,6.946705e+01,1.132614e+02,-4.382755e+00,-0.0631
2320,9.202370e+01,6.963835e+01,1.131820e+02,2.115835e+01,0.3038
2321,9.077222e+01,6.981095e+01,1.131023e+02,2.233004e+01,0.3199
2322,1.494321e+02,6.998330e+01,1.130221e+02,-3.640996e+01,-0.5203
2323,1.204474e+02,7.015630e+01,1.129424e+02,-7.504970e+00,-0.1070
2324,4.498685e+01,7.032958e+01,1.128617e+02,6.787485e+01,0.9651
2325,8.194801e+01,7.050382e+01,1.127808e+02,3.083281e+01,0.4373
2326,1.415497e+02,7.067824e+01,1.126990e+02,-2.885064e+01,-0.4082
2327,4.962816e+01,7.085324e+01,1.126172e+02,6.298901e+01,0.8890
2328,1.445606e+02,7.102862e+01,1.125345e+02,-3.202610e+01,-0.4509
2329,1.090315e+02,7.120450e+01,1.124519e+02,3.420331e+00,0.0480
2330,2.419941e+02,7.138092e+01,1.123678e+02,-1.296263e+02,-1.8160
2331,1.617796e+02,7.155781e+01,1.122831e+02,-4.949657e+01,-0.6917
2332,3.253885e+01,7.173504e+01,1.121977e+02,7.965889e+01,1.1105
2333,1.100428e+02,7.191302e+01,1.121119e+02,2.069094e+00,0.0288
2334,1.283031e+02,7.209128e+01,1.120248e+02,-1.627832e+01,-0.2258
2335,1.865321e+02,7.227007e+01,1.119364e+02,-7.459561e+01,-1.0322
2336,5.321962e+01,7.244930e+01,1.118470e+02,5.862735e+01,0.8092
2337,1.351597e+02,7.262909e+01,1.117571e+02,-2.340260e+01,-0.3222
2338,1.265885e+02,7.280919e+01,1.116654e+02,-1.492302e+01,-0.2050
2339,2.358652e+02,7.299015e+01,1.115727e+02,-1.242925e+02,-1.7029
2340,-1.487834e+01,7.317130e+01,1.114790e+02,1.263574e+02,1.7269
2341,1.396174e+02,7.335292e+01,1.113837e+02,-2.823372e+01,-0.3849
2342,8.910611e+01,7.353506e+01,1.112873e+02,2.218123e+01,0.3016
2343,1.137237e+02,7.371780e+01,1.111894e+02,-2.534327e+00,-0.0344
2344,1.568630e+02,7.390098e+01,1.110899e+02,-4.577314e+01,-0.6194
2345,5.790899e+01,7.408451e+01,1.109888e+02,5.307984e+01,0.7165
2346,1.550745e+02,7.426874e+01,1.108870e+02,-4.418745e+01,-0.5950
2347,2.126788e+02,7.445328e+01,1.107829e+02,-1.018959e+02,-1.3686
2348,1.134959e+02,7.463826e+01,1.106774e+02,-2.818498e+00,-0.0378
2349,9.816980e+01,7.482389e+01,1.105698e+02,1.239999e+01,0.1657
2350,1.361197e+02,7.500996e+01,1.104608e+02,-2.565893e+01,-0.3421
2351,9.628246e+01,7.519635e+01,1.103504e+02,1.406792e+01,0.1871
2352,9.269017e+01,7.538345e+01,1.102379e+02,1.754778e+01,0.2328
2353,1.441974e+02,7.557094e+01,1.101235e+02,-3.407391e+01,-0.4509
2354,1.715451e+02,7.575894e+01,1.100070e+02,-6.153805e+01,-0.8123
2355,1.581636e+02,7.594736e+01,1.098894e+02,-4.827428e+01,-0.6356
2356,8.173426e+01,7.613621e+01,1.097690e+02,2.803477e+01,0.3682
2357,2.348853e+02,7.632550e+01,1.096475e+02,-1.252377e+02,-1.6408
2358,9.597694e+01,7.651561e+01,1.095234e+02,1.354650e+01,0.1770
2359,5.134015e+01,7.670604e+01,1.093982e+02,5.805808e+01,0.7569
2360,-3.196760e+01,7.689661e+01,1.092705e+02,1.412381e+02,1.8367
2361,2.515039e+02,7.708824e+01,1.091409e+02,-1.423629e+02,-1.8468
2362,9.132208e+01,7.728009e+01,1.090089e+02,1.768682e+01,0.2289
2363,1.456442e+02,7.747267e+01,1.088751e+02,-3.676908e+01,-0.4746
2364,1.669870e+02,7.766522e+01,1.087389e+02,-5.824811e+01,-0.7500
2365,3.852780e+01,7.785887e+01,1.086010e+02,7.007317e+01,0.9000
2366,1.533879e+01,7.805274e+01,1.084614e+02,9.312260e+01,1.1931
2367,1.338384e+01,7.824690e+01,1.083187e+02,9.493484e+01,1.2133
2368,1.144950e+02,7.844194e+01,1.081743e+02,-6.320627e+00,-0.0806
2369,1.013778e+02,7.863701e+01,1.080284e+02,6.650646e+00,0.0846
2370,1.198295e+02,7.883304e+01,1.078794e+02,-1.195010e+01,-0.1516
2371,1.612354e+02,7.902913e+01,1.077288e+02,-5.350658e+01,-0.6770
2372,-4.416004e+01,7.922630e+01,1.075760e+02,1.517360e+02,1.9152
2373,2.233720e+02,7.942328e+01,1.074216e+02,-1.159504e+02,-1.4599
2374,1.788762e+02,7.962135e+01,1.072642e+02,-7.161206e+01,-0.8994
2375,1.883354e+01,7.981938e+01,1.071053e+02,8.827173e+01,1.1059
2376,6.491363e+01,8.001879e+01,1.069441e+02,4.203051e+01,0.5253
2377,3.538758e+02,8.021790e+01,1.067800e+02,-2.470958e+02,-3.0803
2378,1.528014e+02,8.041806e+01,1.066145e+02,-4.618699e+01,-0.5743
2379,4.583571e+01,8.061805e+01,1.064467e+02,6.061097e+01,0.7518
2380,2.018675e+02,8.081942e+01,1.062775e+02,-9.559008e+01,-1.1828
2381,1.899007e+02,8.102088e+01,1.061053e+02,-8.379535e+01,-1.0342
2382,1.945629e+02,8.122286e+01,1.059310e+02,-8.863194e+01,-1.0912
2383,1.493620e+02,8.142533e+01,1.057545e+02,-4.360751e+01,-0.5356
2384,2.751674e+02,8.162826e+01,1.055758e+02,-1.695917e+02,-2.0776
2385,1.691388e+02,8.183159e+01,1.053957e+02,-6.374313e+01,-0.7790
2386,-5.829139e+01,8.203560e+01,1.052127e+02,1.635040e+02,1.9931
2387,1.193937e+02,8.224040e+01,1.050275e+02,-1.436620e+01,-0.1747
2388,1.467662e+02,8.244551e+01,1.048409e+02,-4.192527e+01,-0.5085
2389,7.267614e+01,8.265106e+01,1.046521e+02,3.197601e+01,0.3869
2390,9.528854e+01,8.285716e+01,1.044605e+02,9.171943e+00,0.1107
2391,-1.494697e+01,8.306393e+01,1.042674e+02,1.192144e+02,1.4352
2392,-5.334507e+01,8.327122e+01,1.040729e+02,1.574179e+02,1.8904
2393,1.304139e+02,8.347896e+01,1.038754e+02,-2.653845e+01,-0.3179
2394,1.216865e+02,8.368726e+01,1.036766e+02,-1.800994e+01,-0.2152
2395,3.574941e+01,8.389619e+01,1.034755e+02,6.772609e+01,0.8073
2396,1.105529e+02,8.410537e+01,1.032730e+02,-7.279903e+00,-0.0866
2397,1.683411e+02,8.431542e+01,1.030682e+02,-6.527282e+01,-0.7742
2398,2.436321e+02,8.452587e+01,1.028613e+02,-1.407708e+02,-1.6654
2399,3.737022e+01,8.473676e+01,1.026529e+02,6.528267e+01,0.7704
2400,4.211648e+01,8.494835e+01,1.024422e+02,6.032574e+01,0.7101
2401,1.343619e+02,8.516063e+01,1.022293e+02,-3.213259e+01,-0.3773
2402,1.677478e+02,8.537326e+01,1.020156e+02,-6.573221e+01,-0.7699
2403,9.436567e+01,8.558659e+01,1.017989e+02,7.433224e+00,0.0869
2404,1.294111e+02,8.579941e+01,1.015814e+02,-2.782978e+01,-0.3244
2405,1.100605e+02,8.601474e+01,1.013615e+02,-8.699049e+00,-0.1011
2406,1.248138e+02,8.622971e+01,1.011400e+02,-2.367374e+01,-0.2745
2407,1.627407e+02,8.644520e+01,1.009169e+02,-6.182377e+01,-0.7152
2408,2.153532e+02,8.666062e+01,1.006915e+02,-1.146617e+02,-1.3231
2409,2.207676e+01,8.687708e+01,1.004650e+02,7.838829e+01,0.9023
2410,1.414716e+02,8.709536e+01,1.002362e+02,-4.123540e+01,-0.4735
2411,1.093190e+02,8.731279e+01,1.000064e+02,-9.312625e+00,-0.1067
2412,1.458453e+02,8.753115e+01,9.977410e+01,-4.607116e+01,-0.5263
2413,1.660215e+01,8.774951e+01,9.954079e+01,8.293863e+01,0.9452
2414,5.364863e+01,8.796886e+01,9.930568e+01,4.565705e+01,0.5190
2415,2.320600e+01,8.818976e+01,9.906876e+01,7.586276e+01,0.8602
2416,1.670218e+02,8.840938e+01,9.883074e+01,-6.819109e+01,-0.7713
2417,2.037554e+02,8.863118e+01,9.859085e+01,-1.051645e+02,-1.1865
2418,-2.556708e+00,8.885093e+01,9.834980e+01,1.009065e+02,1.1357
2419,3.782864e+00,8.907629e+01,9.810683e+01,9.432396e+01,1.0589
2420,2.249387e+02,8.929645e+01,9.786339e+01,-1.270753e+02,-1.4231
2421,-6.728268e+01,8.952307e+01,9.761797e+01,1.649007e+02,1.8420
2422,-1.492121e+01,8.974527e+01,9.737128e+01,1.122925e+02,1.2512
2423,2.155095e+02,8.997380e+01,9.712404e+01,-1.183854e+02,-1.3158
2424,2.094875e+02,9.019739e+01,9.687473e+01,-1.126128e+02,-1.2485
2425,-6.092624e+00,9.042586e+01,9.662480e+01,1.027174e+02,1.1359
2426,-3.394078e+01,9.065171e+01,9.637348e+01,1.303143e+02,1.4375
2427,-5.264638e+00,9.088009e+01,9.612075e+01,1.013854e+02,1.1156
2428,3.590236e+01,9.110802e+01,9.586731e+01,5.996495e+01,0.6582
2429,8.996245e+01,9.133699e+01,9.561314e+01,5.650686e+00,0.0619
2430,3.227642e+01,9.156621e+01,9.535745e+01,6.308103e+01,0.6889
2431,4.180650e+02,9.179593e+01,9.510096e+01,-3.229640e+02,-3.5183
2432,7.846277e+01,9.202726e+01,9.484364e+01,1.638087e+01,0.1780
2433,-8.230355e+00,9.225827e+01,9.458546e+01,1.028158e+02,1.1144
2434,-9.746895e+01,9.249018e+01,9.432712e+01,1.917961e+02,2.0737
2435,9.852881e+01,9.272318e+01,9.406711e+01,-4.461697e+00,-0.0481
2436,3.594910e+02,9.295657e+01,9.380688e+01,-2.656841e+02,-2.8582
2437,-4.310556e+01,9.319072e+01,9.354565e+01,1.366512e+02,1.4664
2438,-1.232963e+02,9.342483e+01,9.328414e+01,2.165804e+02,2.3182
2439,2.710512e+02,9.366075e+01,9.302157e+01,-1.780297e+02,-1.9008
2440,2.135200e+02,9.389619e+01,9.275864e+01,-1.207614e+02,-1.2861
2441,5.484604e+00,9.413345e+01,9.249532e+01,8.701072e+01,0.9243
2442,1.456950e+02,9.437034e+01,9.223159e+01,-5.346344e+01,-0.5665
2443,6.804903e+01,9.460824e+01,9.196666e+01,2.391762e+01,0.2528
2444,7.755130e+00,9.484691e+01,9.170198e+01,8.394685e+01,0.8851
2445,2.111945e+02,9.508657e+01,9.143751e+01,-1.197570e+02,-1.2595
2446,-1.000785e+02,9.532671e+01,9.117175e+01,1.912503e+02,2.0063
2447,2.042851e+02,9.556571e+01,9.090688e+01,-1.133782e+02,-1.1864
2448,1.404402e+02,9.580808e+01,9.064138e+01,-4.979878e+01,-0.5198
2449,1.869638e+02,9.605020e+01,9.037522e+01,-9.658862e+01,-1.0056
2450,2.332328e+02,9.629345e+01,9.010984e+01,-1.431229e+02,-1.4863
2451,1.877850e+02,9.653548e+01,8.984373e+01,-9.794131e+01,-1.0146
2452,1.022027e+02,9.677983e+01,8.957833e+01,-1.262436e+01,-0.1304
2453,1.027257e+02,9.702453e+01,8.931211e+01,-1.341363e+01,-0.1382
2454,-5.007473e+01,9.727171e+01,8.904651e+01,1.391212e+02,1.4302
2455,6.348787e+01,9.751790e+01,8.878076e+01,2.529289e+01,0.2594
2456,-3.829828e+01,9.776556e+01,8.851554e+01,1.268138e+02,1.2971
2457,2.194697e+01,9.801238e+01,8.825082e+01,6.630384e+01,0.6765
2458,2.576402e+02,9.826216e+01,8.798581e+01,-1.696544e+02,-1.7265
2459,1.425816e+02,9.851122e+01,8.772047e+01,-5.486117e+01,-0.5569
2460,1.544016e+02,9.876152e+01,8.745624e+01,-6.694539e+01,-0.6778
2461,-9.478511e+00,9.901138e+01,8.719234e+01,9.667085e+01,0.9764
2462,5.953781e+01,9.926355e+01,8.692798e+01,2.739017e+01,0.2759
2463,5.785724e+01,9.951525e+01,8.666534e+01,2.880810e+01,0.2895
2464,5.478996e+01,9.976878e+01,8.640217e+01,3.161221e+01,0.3169
2465,9.798248e+01,1.000224e+02,8.613989e+01,-1.184259e+01,-0.1184
2466,1.276435e+02,1.002773e+02,8.587773e+01,-4.176573e+01,-0.4165
2467,-1.521730e+02,1.005326e+02,8.561639e+01,2.377894e+02,2.3653
2468,4.046917e+01,1.007886e+02,8.535582e+01,4.488665e+01,0.4454
2469,1.786312e+02,1.010452e+02,8.509599e+01,-9.353517e+01,-0.9257
2470,1.896563e+02,1.013024e+02,8.483610e+01,-1.048202e+02,-1.0347
2471,9.506801e+01,1.015611e+02,8.457762e+01,-1.049039e+01,-0.1033
2472,5.605065e+01,1.018204e+02,8.431974e+01,2.826909e+01,0.2776
2473,2.461813e+00,1.020798e+02,8.406244e+01,8.160062e+01,0.7994
2474,-4.479950e+01,1.023405e+02,8.380567e+01,1.286052e+02,1.2566
2475,6.772486e+00,1.026022e+02,8.355013e+01,7.677764e+01,0.7483
2476,1.314660e+02,1.028646e+02,8.329505e+01,-4.817094e+01,-0.4683
2477,-8.263469e+01,1.031276e+02,8.304112e+01,1.656758e+02,1.6065
2478,9.605775e+01,1.033912e+02,8.278832e+01,-1.326943e+01,-0.1283
2479,-5.205213e+01,1.036561e+02,8.253660e+01,1.345887e+02,1.2984
2480,1.751636e+02,1.039214e+02,8.228518e+01,-9.287839e+01,-0.8937
2481,1.244578e+02,1.041873e+02,8.203551e+01,-4.242232e+01,-0.4072
2482,1.055853e+01,1.044534e+02,8.178681e+01,7.122829e+01,0.6819
2483,3.164356e+02,1.047215e+02,8.153905e+01,-2.348966e+02,-2.2431
2484,4.416268e+01,1.049910e+02,8.129220e+01,3.712951e+01,0.3536
2485,1.694306e+02,1.052588e+02,8.104695e+01,-8.838365e+01,-0.8397
2486,3.823303e+01,1.055297e+02,8.080327e+01,4.257025e+01,0.4034
2487,3.288173e+01,1.057986e+02,8.056040e+01,4.767867e+01,0.4507
2488,8.194602e+01,1.060738e+02,8.031904e+01,-1.626981e+00,-0.0153
2489,2.091725e+02,1.063445e+02,8.007841e+01,-1.290941e+02,-1.2139
2490,-1.283992e+01,1.066200e+02,7.983922e+01,9.267915e+01,0.8692
2491,4.707551e+01,1.068927e+02,7.960220e+01,3.252669e+01,0.3043
2492,4.508993e+01,1.071699e+02,7.936581e+01,3.427588e+01,0.3198
2493,4.867358e+01,1.074454e+02,7.913078e+01,3.045720e+01,0.2835
2494,1.647841e+02,1.077228e+02,7.889745e+01,-8.588663e+01,-0.7973
2495,7.408662e+01,1.079993e+02,7.866550e+01,4.578870e+00,0.0424
2496,-3.761980e+01,1.082785e+02,7.843510e+01,1.160549e+02,1.0718
2497,-7.360061e+01,1.085569e+02,7.820618e+01,1.518068e+02,1.3984
2498,1.638439e+02,1.088363e+02,7.797885e+01,-8.586506e+01,-0.7889
2499,-5.592518e+01,1.091151e+02,7.775300e+01,1.336782e+02,1.2251
2500,3.291790e+02,1.093989e+02,7.752877e+01,-2.516502e+02,-2.3003
