ell,Dl_planck,sigma_planck,Dl_SAM_theory,residual,z_score
30,1.502252e+00,3.536843e+00,1.904696e+00,4.024441e-01,0.1138
31,1.611426e+00,3.518771e+00,1.931793e+00,3.203672e-01,0.0910
32,3.306637e+00,3.503069e+00,1.952813e+00,-1.353824e+00,-0.3865
33,-4.272596e-02,3.493051e+00,1.966198e+00,2.008924e+00,0.5751
34,1.186018e+00,3.486595e+00,1.972977e+00,7.869586e-01,0.2257
35,-2.045030e+00,3.483637e+00,1.963940e+00,4.008971e+00,1.1508
36,3.858202e+00,3.483838e+00,1.949299e+00,-1.908903e+00,-0.5479
37,6.757431e+00,3.487363e+00,1.923262e+00,-4.834169e+00,-1.3862
38,6.721415e+00,3.493802e+00,1.887899e+00,-4.833516e+00,-1.3835
39,3.157245e-01,3.502961e+00,1.843111e+00,1.527386e+00,0.4360
40,4.165823e+00,3.514651e+00,1.787234e+00,-2.378589e+00,-0.6768
41,6.574405e-02,3.528906e+00,1.719139e+00,1.653395e+00,0.4685
42,-6.489063e-01,3.545338e+00,1.639748e+00,2.288654e+00,0.6455
43,1.898264e+00,3.563782e+00,1.550100e+00,-3.481638e-01,-0.0977
44,-8.597366e-01,3.584313e+00,1.449630e+00,2.309366e+00,0.6443
45,-1.578387e+00,3.606987e+00,1.337466e+00,2.915853e+00,0.8084
46,-1.575681e+00,3.631593e+00,1.213182e+00,2.788863e+00,0.7679
47,1.728088e+00,3.657929e+00,1.076275e+00,-6.518130e-01,-0.1782
48,-4.904583e-01,3.686079e+00,9.262011e-01,1.416659e+00,0.3843
49,6.967885e+00,3.716123e+00,7.624934e-01,-6.205391e+00,-1.6699
50,1.108557e+00,3.747845e+00,5.848221e-01,-5.237347e-01,-0.1397
51,9.887925e+00,3.781037e+00,3.931522e-01,-9.494773e+00,-2.5112
52,-3.904995e+00,3.815787e+00,1.884223e-01,4.093417e+00,1.0728
53,-6.215301e+00,3.852186e+00,-2.839573e-02,6.186905e+00,1.6061
54,4.851016e+00,3.890039e+00,-2.571887e-01,-5.108205e+00,-1.3131
55,-1.188020e+00,3.929155e+00,-4.982134e-01,6.898065e-01,0.1756
56,-9.061595e+00,3.969796e+00,-7.523648e-01,8.309230e+00,2.0931
57,-6.998917e+00,4.012025e+00,-1.020527e+00,5.978390e+00,1.4901
58,-3.776110e+00,4.055613e+00,-1.302903e+00,2.473206e+00,0.6098
59,2.527824e+00,4.100334e+00,-1.599408e+00,-4.127231e+00,-1.0066
60,-2.927181e+00,4.146275e+00,-1.909539e+00,1.017642e+00,0.2454
61,-6.866291e+00,4.193636e+00,-2.232824e+00,4.633467e+00,1.1049
62,-6.607479e+00,4.242417e+00,-2.569256e+00,4.038224e+00,0.9519
63,5.834825e-01,4.292502e+00,-2.918957e+00,-3.502440e+00,-0.8159
64,-6.216298e+00,4.343852e+00,-3.282046e+00,2.934252e+00,0.6755
65,-2.027235e+00,4.396423e+00,-3.658698e+00,-1.631463e+00,-0.3711
66,-3.195845e+00,4.450170e+00,-4.049117e+00,-8.532715e-01,-0.1917
67,-4.545834e-02,4.505053e+00,-4.452778e+00,-4.407320e+00,-0.9783
68,-5.430466e+00,4.561026e+00,-4.868971e+00,5.614953e-01,0.1231
69,8.840813e-01,4.618048e+00,-5.297011e+00,-6.181093e+00,-1.3385
70,-4.392437e+00,4.676070e+00,-5.736411e+00,-1.343974e+00,-0.2874
71,-5.472527e+00,4.735051e+00,-6.186990e+00,-7.144632e-01,-0.1509
72,-7.254923e+00,4.794950e+00,-6.649632e+00,6.052913e-01,0.1262
73,-1.068186e+01,4.855730e+00,-7.125270e+00,3.556592e+00,0.7325
74,-1.490662e+01,4.917348e+00,-7.613767e+00,7.292856e+00,1.4831
75,-2.186295e+00,4.979773e+00,-8.114653e+00,-5.928358e+00,-1.1905
76,-1.164353e+01,5.042967e+00,-8.627367e+00,3.016166e+00,0.5981
77,-6.899648e+00,5.106902e+00,-9.150453e+00,-2.250805e+00,-0.4407
78,-5.622695e+00,5.171545e+00,-9.683456e+00,-4.060761e+00,-0.7852
79,-9.975815e+00,5.236868e+00,-1.022622e+01,-2.504057e-01,-0.0478
80,-7.317726e+00,5.302846e+00,-1.077874e+01,-3.461011e+00,-0.6527
81,-1.100627e+01,5.369435e+00,-1.134078e+01,-3.345053e-01,-0.0623
82,-1.790193e+01,5.436616e+00,-1.191197e+01,5.989963e+00,1.1018
83,-7.913482e+00,5.504335e+00,-1.249208e+01,-4.578600e+00,-0.8318
84,-5.126119e+00,5.572549e+00,-1.308060e+01,-7.954485e+00,-1.4274
85,-1.346189e+01,5.641202e+00,-1.367738e+01,-2.154901e-01,-0.0382
86,-1.136802e+01,5.710247e+00,-1.428186e+01,-2.913837e+00,-0.5103
87,-7.420665e+00,5.779635e+00,-1.489351e+01,-7.472846e+00,-1.2930
88,-1.727197e+01,5.849328e+00,-1.551179e+01,1.760179e+00,0.3009
89,-1.458903e+01,5.919301e+00,-1.613622e+01,-1.547180e+00,-0.2614
90,-9.365373e+00,5.989481e+00,-1.676645e+01,-7.401078e+00,-1.2357
91,-1.948603e+01,6.059823e+00,-1.740195e+01,2.084086e+00,0.3439
92,-1.681250e+01,6.130275e+00,-1.804248e+01,-1.229977e+00,-0.2006
93,-3.187818e+01,6.200804e+00,-1.868753e+01,1.319065e+01,2.1272
94,-1.886426e+01,6.271355e+00,-1.933687e+01,-4.726129e-01,-0.0754
95,-1.520385e+01,6.341896e+00,-1.999000e+01,-4.786144e+00,-0.7547
96,-1.714140e+01,6.412370e+00,-2.064645e+01,-3.505056e+00,-0.5466
97,-2.787341e+01,6.482737e+00,-2.130580e+01,6.567606e+00,1.0131
98,-1.473739e+01,6.552965e+00,-2.196759e+01,-7.230202e+00,-1.1033
99,-2.052243e+01,6.623008e+00,-2.263132e+01,-2.108889e+00,-0.3184
100,-2.522452e+01,6.692819e+00,-2.329645e+01,1.928076e+00,0.2881
101,-2.394646e+01,6.762344e+00,-2.396247e+01,-1.601295e-02,-0.0024
102,-2.240322e+01,6.831542e+00,-2.462910e+01,-2.225877e+00,-0.3258
103,-2.701669e+01,6.900393e+00,-2.529551e+01,1.721185e+00,0.2494
104,-3.060711e+01,6.968811e+00,-2.596133e+01,4.645780e+00,0.6667
105,-2.327881e+01,7.036803e+00,-2.662597e+01,-3.347164e+00,-0.4757
106,-1.986394e+01,7.104277e+00,-2.728877e+01,-7.424832e+00,-1.0451
107,-3.860037e+01,7.171240e+00,-2.794928e+01,1.065109e+01,1.4853
108,-4.284710e+01,7.237609e+00,-2.860692e+01,1.424018e+01,1.9675
109,-3.982872e+01,7.303350e+00,-2.926101e+01,1.056771e+01,1.4470
110,-2.973179e+01,7.368459e+00,-2.991111e+01,-1.793247e-01,-0.0243
111,-1.543394e+01,7.432839e+00,-3.055670e+01,-1.512276e+01,-2.0346
112,-3.127205e+01,7.496514e+00,-3.119704e+01,7.501717e-02,0.0100
113,-1.597861e+01,7.559377e+00,-3.183172e+01,-1.585310e+01,-2.0971
114,-1.779650e+01,7.621436e+00,-3.246007e+01,-1.466357e+01,-1.9240
115,-3.425785e+01,7.682647e+00,-3.308155e+01,1.176296e+00,0.1531
116,-4.811480e+01,7.742968e+00,-3.369563e+01,1.441917e+01,1.8622
117,-5.451772e+01,7.802371e+00,-3.430170e+01,2.021602e+01,2.5910
118,-4.186764e+01,7.860804e+00,-3.489915e+01,6.968493e+00,0.8865
119,-3.110076e+01,7.918244e+00,-3.548752e+01,-4.386752e+00,-0.5540
120,-3.465498e+01,7.974705e+00,-3.606620e+01,-1.411215e+00,-0.1770
121,-5.088394e+01,8.030069e+00,-3.663458e+01,1.424936e+01,1.7745
122,-2.772545e+01,8.084387e+00,-3.719220e+01,-9.466749e+00,-1.1710
123,-4.273020e+01,8.137571e+00,-3.773846e+01,4.991738e+00,0.6134
124,-2.083461e+01,8.189615e+00,-3.827274e+01,-1.743814e+01,-2.1293
125,-3.434509e+01,8.240510e+00,-3.879459e+01,-4.449505e+00,-0.5400
126,-3.835453e+01,8.290135e+00,-3.930347e+01,-9.489363e-01,-0.1145
127,-4.179938e+01,8.338601e+00,-3.979878e+01,2.000608e+00,0.2399
128,-5.096806e+01,8.385769e+00,-4.028004e+01,1.068802e+01,1.2745
129,-3.789654e+01,8.431640e+00,-4.074674e+01,-2.850207e+00,-0.3380
130,-3.554261e+01,8.476200e+00,-4.119826e+01,-5.655654e+00,-0.6672
131,-3.175149e+01,8.519413e+00,-4.163415e+01,-9.882664e+00,-1.1600
132,-2.748023e+01,8.561282e+00,-4.205390e+01,-1.457367e+01,-1.7023
133,-4.929806e+01,8.601731e+00,-4.245706e+01,6.841004e+00,0.7953
134,-4.574521e+01,8.640781e+00,-4.284305e+01,2.902158e+00,0.3359
135,-5.276946e+01,8.678492e+00,-4.321159e+01,9.557866e+00,1.1013
136,-5.791347e+01,8.714736e+00,-4.356202e+01,1.435145e+01,1.6468
137,-3.751618e+01,8.749591e+00,-4.389390e+01,-6.377718e+00,-0.7289
138,-4.661307e+01,8.783019e+00,-4.420688e+01,2.406191e+00,0.2740
139,-4.024394e+01,8.815037e+00,-4.450051e+01,-4.256571e+00,-0.4829
140,-2.981238e+01,8.845651e+00,-4.477436e+01,-1.496198e+01,-1.6915
141,-3.418039e+01,8.874770e+00,-4.502808e+01,-1.084768e+01,-1.2223
142,-5.776102e+01,8.902511e+00,-4.526114e+01,1.249988e+01,1.4041
143,-4.742674e+01,8.928797e+00,-4.547328e+01,1.953465e+00,0.2188
144,-4.170621e+01,8.953665e+00,-4.566404e+01,-3.957829e+00,-0.4420
145,-4.515138e+01,8.977074e+00,-4.583293e+01,-6.815423e-01,-0.0759
146,-5.234771e+01,8.999050e+00,-4.597972e+01,6.367988e+00,0.7076
147,-4.361751e+01,9.019572e+00,-4.610385e+01,-2.486336e+00,-0.2757
148,-3.858347e+01,9.038654e+00,-4.620502e+01,-7.621551e+00,-0.8432
149,-4.104693e+01,9.056270e+00,-4.628279e+01,-5.235863e+00,-0.5781
150,-4.035838e+01,9.072489e+00,-4.633674e+01,-5.978362e+00,-0.6590
151,-4.518833e+01,9.087274e+00,-4.636657e+01,-1.178238e+00,-0.1297
152,-5.103465e+01,9.100707e+00,-4.637199e+01,4.662652e+00,0.5123
153,-4.807485e+01,9.112773e+00,-4.635271e+01,1.722135e+00,0.1890
154,-3.264571e+01,9.123538e+00,-4.630857e+01,-1.366287e+01,-1.4975
155,-5.576767e+01,9.133010e+00,-4.623920e+01,9.528471e+00,1.0433
156,-4.815731e+01,9.141200e+00,-4.614446e+01,2.012853e+00,0.2202
157,-6.159478e+01,9.148158e+00,-4.602404e+01,1.557074e+01,1.7021
158,-5.415545e+01,9.153879e+00,-4.587773e+01,8.277724e+00,0.9043
159,-5.381652e+01,9.158469e+00,-4.570529e+01,8.111230e+00,0.8857
160,-4.776160e+01,9.161868e+00,-4.550659e+01,2.255009e+00,0.2461
161,-3.991044e+01,9.164170e+00,-4.528132e+01,-5.370884e+00,-0.5861
162,-4.790695e+01,9.165347e+00,-4.502941e+01,2.877538e+00,0.3140
163,-4.350258e+01,9.165508e+00,-4.475050e+01,-1.247919e+00,-0.1362
164,-5.168199e+01,9.164625e+00,-4.444457e+01,7.237423e+00,0.7897
165,-3.217351e+01,9.162762e+00,-4.411133e+01,-1.193782e+01,-1.3029
166,-5.282578e+01,9.159949e+00,-4.375072e+01,9.075058e+00,0.9907
167,-6.136226e+01,9.156217e+00,-4.336257e+01,1.799969e+01,1.9658
168,-4.144877e+01,9.151690e+00,-4.294697e+01,-1.498204e+00,-0.1637
169,-4.937701e+01,9.146354e+00,-4.250377e+01,6.873237e+00,0.7515
170,-4.477076e+01,9.140351e+00,-4.203289e+01,2.737870e+00,0.2995
171,-3.835109e+01,9.133666e+00,-4.153426e+01,-3.183162e+00,-0.3485
172,-3.365430e+01,9.126440e+00,-4.100787e+01,-7.353572e+00,-0.8057
173,-5.494791e+01,9.118669e+00,-4.045367e+01,1.449424e+01,1.5895
174,-2.843696e+01,9.110466e+00,-3.987164e+01,-1.143468e+01,-1.2551
175,-3.735778e+01,9.101876e+00,-3.926193e+01,-1.904150e+00,-0.2092
176,-5.791367e+01,9.092965e+00,-3.862448e+01,1.928919e+01,2.1213
177,-3.692865e+01,9.083816e+00,-3.795929e+01,-1.030637e+00,-0.1135
178,-4.209311e+01,9.074491e+00,-3.726645e+01,4.826661e+00,0.5319
179,-5.591003e+01,9.065032e+00,-3.654597e+01,1.936406e+01,2.1361
180,-4.348647e+01,9.055538e+00,-3.579802e+01,7.688453e+00,0.8490
181,-2.832989e+01,9.046056e+00,-3.502275e+01,-6.692854e+00,-0.7399
182,-2.176592e+01,9.036710e+00,-3.422024e+01,-1.245432e+01,-1.3782
183,-2.946421e+01,9.027512e+00,-3.339067e+01,-3.926466e+00,-0.4349
184,-4.888873e+01,9.018528e+00,-3.253426e+01,1.635447e+01,1.8134
185,-3.482023e+01,9.009927e+00,-3.165096e+01,3.169265e+00,0.3518
186,-3.354231e+01,9.001747e+00,-3.074114e+01,2.801161e+00,0.3112
187,-2.573044e+01,8.994090e+00,-2.980490e+01,-4.074463e+00,-0.4530
188,-1.501696e+01,8.987041e+00,-2.884254e+01,-1.382557e+01,-1.5384
189,-3.576639e+01,8.980649e+00,-2.785422e+01,7.912173e+00,0.8810
190,-2.146319e+01,8.975074e+00,-2.684025e+01,-5.377055e+00,-0.5991
191,-2.714838e+01,8.970335e+00,-2.580094e+01,1.347436e+00,0.1502
192,-2.498065e+01,8.966572e+00,-2.473638e+01,2.442694e-01,0.0272
193,-3.448935e+01,8.963828e+00,-2.364687e+01,1.084247e+01,1.2096
194,-5.279348e+00,8.962181e+00,-2.253288e+01,-1.725353e+01,-1.9251
195,-1.668123e+01,8.961731e+00,-2.139463e+01,-4.713396e+00,-0.5259
196,-1.578330e+00,8.962565e+00,-2.023259e+01,-1.865426e+01,-2.0814
197,-1.963816e+01,8.964735e+00,-1.904705e+01,5.911088e-01,0.0659
198,-1.292078e+01,8.968312e+00,-1.783842e+01,-4.917636e+00,-0.5483
199,-4.533902e+00,8.973369e+00,-1.660699e+01,-1.207309e+01,-1.3454
200,-9.892660e+00,8.979990e+00,-1.535329e+01,-5.460630e+00,-0.6081
201,-2.023992e+01,8.988234e+00,-1.407756e+01,6.162353e+00,0.6856
202,-8.496402e+00,8.998170e+00,-1.278041e+01,-4.284006e+00,-0.4761
203,-1.252489e+01,9.009867e+00,-1.146206e+01,1.062832e+00,0.1180
204,7.034944e+00,9.023397e+00,-1.012305e+01,-1.715799e+01,-1.9015
205,-4.199428e+00,9.038790e+00,-8.763824e+00,-4.564396e+00,-0.5050
206,-6.981928e+00,9.056116e+00,-7.384776e+00,-4.028473e-01,-0.0445
207,-4.952325e+00,9.075433e+00,-5.986288e+00,-1.033963e+00,-0.1139
208,-2.217175e+01,9.096786e+00,-4.568972e+00,1.760278e+01,1.9351
209,-1.243397e+01,9.120185e+00,-3.133373e+00,9.300601e+00,1.0198
210,1.815677e+01,9.145687e+00,-1.680056e+00,-1.983683e+01,-2.1690
211,2.157346e+00,9.173329e+00,-2.095796e-01,-2.366926e+00,-0.2580
212,7.853060e+00,9.203151e+00,1.277487e+00,-6.575573e+00,-0.7145
213,2.330663e+00,9.235128e+00,2.780581e+00,4.499179e-01,0.0487
214,1.499537e+01,9.269306e+00,4.299135e+00,-1.069623e+01,-1.1539
215,1.920273e+01,9.305708e+00,5.832555e+00,-1.337017e+01,-1.4368
216,-8.141449e+00,9.344347e+00,7.380238e+00,1.552169e+01,1.6611
217,8.502321e+00,9.385189e+00,8.941559e+00,4.392378e-01,0.0468
218,1.306100e+01,9.428249e+00,1.051600e+01,-2.545001e+00,-0.2699
219,1.368132e+01,9.473516e+00,1.210288e+01,-1.578440e+00,-0.1666
220,2.179245e+01,9.520987e+00,1.370167e+01,-8.090781e+00,-0.8498
221,1.437202e+01,9.570626e+00,1.531160e+01,9.395839e-01,0.0982
222,1.293210e+01,9.622402e+00,1.693224e+01,4.000148e+00,0.4157
223,2.523982e+01,9.676297e+00,1.856276e+01,-6.677059e+00,-0.6900
224,2.664100e+01,9.732273e+00,2.020263e+01,-6.438368e+00,-0.6615
225,2.671807e+01,9.790312e+00,2.185103e+01,-4.867044e+00,-0.4971
226,3.030626e+01,9.850364e+00,2.350742e+01,-6.798838e+00,-0.6902
227,2.473683e+01,9.912362e+00,2.517106e+01,4.342331e-01,0.0438
228,3.317888e+01,9.976318e+00,2.684128e+01,-6.337599e+00,-0.6353
229,2.436818e+00,1.004212e+01,2.851740e+01,2.608058e+01,2.5971
230,4.842751e+00,1.010978e+01,3.019875e+01,2.535600e+01,2.5081
231,3.270186e+01,1.017918e+01,3.188457e+01,-8.172916e-01,-0.0803
232,3.604769e+01,1.025033e+01,3.357420e+01,-2.473492e+00,-0.2413
233,5.058787e+01,1.032312e+01,3.526688e+01,-1.532100e+01,-1.4841
234,2.366689e+01,1.039751e+01,3.696186e+01,1.329498e+01,1.2787
235,2.261195e+01,1.047342e+01,3.865855e+01,1.604660e+01,1.5321
236,3.972931e+01,1.055077e+01,4.035613e+01,6.268254e-01,0.0594
237,4.698830e+01,1.062951e+01,4.205385e+01,-4.934453e+00,-0.4642
238,3.143962e+01,1.070954e+01,4.375103e+01,1.231141e+01,1.1496
239,5.061553e+01,1.079078e+01,4.544692e+01,-5.168608e+00,-0.4790
240,6.615069e+01,1.087316e+01,4.714064e+01,-1.901005e+01,-1.7483
241,6.942872e+01,1.095660e+01,4.883166e+01,-2.059706e+01,-1.8799
242,3.216611e+01,1.104102e+01,5.051908e+01,1.835297e+01,1.6623
243,5.800574e+01,1.112635e+01,5.220215e+01,-5.803588e+00,-0.5216
244,3.981603e+01,1.121251e+01,5.388028e+01,1.406426e+01,1.2543
245,6.375093e+01,1.129940e+01,5.555266e+01,-8.198271e+00,-0.7255
246,6.154703e+01,1.138698e+01,5.721859e+01,-4.328441e+00,-0.3801
247,4.885961e+01,1.147514e+01,5.887735e+01,1.001774e+01,0.8730
248,5.260327e+01,1.156384e+01,6.052811e+01,7.924844e+00,0.6853
249,3.775811e+01,1.165298e+01,6.217028e+01,2.441216e+01,2.0949
250,5.100821e+01,1.174250e+01,6.380303e+01,1.279482e+01,1.0896
251,3.229472e+01,1.183230e+01,6.542547e+01,3.313075e+01,2.8000
252,7.248203e+01,1.192233e+01,6.703694e+01,-5.445083e+00,-0.4567
253,6.386151e+01,1.201248e+01,6.863663e+01,4.775125e+00,0.3975
254,5.516531e+01,1.210268e+01,7.022365e+01,1.505834e+01,1.2442
255,6.774686e+01,1.219284e+01,7.179735e+01,4.050488e+00,0.3322
256,8.733639e+01,1.228288e+01,7.335690e+01,-1.397949e+01,-1.1381
257,5.327614e+01,1.237274e+01,7.490172e+01,2.162558e+01,1.7478
258,7.114511e+01,1.246233e+01,7.643078e+01,5.285674e+00,0.4241
259,6.956963e+01,1.255158e+01,7.794453e+01,8.374904e+00,0.6672
260,1.026066e+02,1.264041e+01,7.944075e+01,-2.316581e+01,-1.8327
261,7.362479e+01,1.272878e+01,8.092020e+01,7.295411e+00,0.5731
262,8.490092e+01,1.281660e+01,8.238138e+01,-2.519545e+00,-0.1966
263,9.210781e+01,1.290381e+01,8.382431e+01,-8.283504e+00,-0.6419
264,1.001458e+02,1.299035e+01,8.524751e+01,-1.489824e+01,-1.1469
265,7.373060e+01,1.307614e+01,8.665173e+01,1.292114e+01,0.9881
266,7.313447e+01,1.316114e+01,8.803476e+01,1.490028e+01,1.1321
267,8.931577e+01,1.324529e+01,8.939584e+01,8.007777e-02,0.0060
268,8.730040e+01,1.332852e+01,9.073575e+01,3.435350e+00,0.2577
269,1.098051e+02,1.341078e+01,9.205226e+01,-1.775286e+01,-1.3238
270,7.230200e+01,1.349198e+01,9.334611e+01,2.104411e+01,1.5597
271,1.062841e+02,1.357209e+01,9.461509e+01,-1.166903e+01,-0.8598
272,1.006488e+02,1.365103e+01,9.585995e+01,-4.788889e+00,-0.3508
273,1.092632e+02,1.372876e+01,9.707922e+01,-1.218395e+01,-0.8875
274,1.137219e+02,1.380520e+01,9.827364e+01,-1.544830e+01,-1.1190
275,1.069219e+02,1.388033e+01,9.944099e+01,-7.480898e+00,-0.5390
276,8.620935e+01,1.395407e+01,1.005820e+02,1.437269e+01,1.0300
277,1.403437e+02,1.402639e+01,1.016953e+02,-3.864837e+01,-2.7554
278,8.742259e+01,1.409724e+01,1.027800e+02,1.535744e+01,1.0894
279,1.109899e+02,1.416658e+01,1.038370e+02,-7.152872e+00,-0.5049
280,8.060565e+01,1.423437e+01,1.048647e+02,2.425906e+01,1.7043
281,9.130037e+01,1.430056e+01,1.058632e+02,1.456284e+01,1.0183
282,1.199741e+02,1.436511e+01,1.068317e+02,-1.314241e+01,-0.9149
283,1.175524e+02,1.442800e+01,1.077695e+02,-9.782886e+00,-0.6780
284,1.157601e+02,1.448919e+01,1.086759e+02,-7.084140e+00,-0.4889
285,1.169938e+02,1.454864e+01,1.095509e+02,-7.442910e+00,-0.5116
286,9.742517e+01,1.460631e+01,1.103944e+02,1.296925e+01,0.8879
287,1.043863e+02,1.466218e+01,1.112058e+02,6.819501e+00,0.4651
288,8.305762e+01,1.471620e+01,1.119836e+02,2.892598e+01,1.9656
289,1.189349e+02,1.476835e+01,1.127292e+02,-6.205631e+00,-0.4202
290,1.178498e+02,1.481859e+01,1.134406e+02,-4.409241e+00,-0.2975
291,9.433270e+01,1.486691e+01,1.141183e+02,1.978557e+01,1.3308
292,1.148278e+02,1.491326e+01,1.147617e+02,-6.613781e-02,-0.0044
293,1.146767e+02,1.495764e+01,1.153707e+02,6.940926e-01,0.0464
294,1.100379e+02,1.500001e+01,1.159440e+02,5.906107e+00,0.3937
295,1.380099e+02,1.504037e+01,1.164823e+02,-2.152764e+01,-1.4313
296,1.238988e+02,1.507869e+01,1.169848e+02,-6.913968e+00,-0.4585
297,1.226605e+02,1.511496e+01,1.174500e+02,-5.210506e+00,-0.3447
298,1.045901e+02,1.514917e+01,1.178788e+02,1.328872e+01,0.8772
299,1.020468e+02,1.518129e+01,1.182711e+02,1.622431e+01,1.0687
300,1.300099e+02,1.521133e+01,1.186262e+02,-1.138374e+01,-0.7484
301,1.108744e+02,1.523927e+01,1.189440e+02,8.069619e+00,0.5295
302,1.179693e+02,1.526510e+01,1.192247e+02,1.255461e+00,0.0822
303,1.127059e+02,1.528882e+01,1.194683e+02,6.762348e+00,0.4423
304,1.390492e+02,1.531043e+01,1.196746e+02,-1.937454e+01,-1.2654
305,1.248537e+02,1.532991e+01,1.198432e+02,-5.010541e+00,-0.3268
306,1.098318e+02,1.534726e+01,1.199738e+02,1.014203e+01,0.6608
307,1.035775e+02,1.536248e+01,1.200667e+02,1.648910e+01,1.0733
308,1.259222e+02,1.537558e+01,1.201217e+02,-5.800505e+00,-0.3773
309,1.109929e+02,1.538656e+01,1.201389e+02,9.146004e+00,0.5944
310,9.476298e+01,1.539541e+01,1.201183e+02,2.535536e+01,1.6469
311,1.562789e+02,1.540216e+01,1.200585e+02,-3.622038e+01,-2.3516
312,1.185798e+02,1.540680e+01,1.199610e+02,1.381156e+00,0.0896
313,1.263138e+02,1.540934e+01,1.198250e+02,-6.488825e+00,-0.4211
314,1.117660e+02,1.540980e+01,1.196505e+02,7.884497e+00,0.5117
315,1.276983e+02,1.540819e+01,1.194376e+02,-8.260711e+00,-0.5361
316,1.356238e+02,1.540452e+01,1.191863e+02,-1.643750e+01,-1.0671
317,1.019097e+02,1.539881e+01,1.188974e+02,1.698766e+01,1.1032
318,8.723011e+01,1.539108e+01,1.185700e+02,3.133991e+01,2.0362
319,1.109142e+02,1.538134e+01,1.182043e+02,7.290065e+00,0.4740
320,1.104073e+02,1.536962e+01,1.178010e+02,7.393671e+00,0.4811
321,7.943208e+01,1.535594e+01,1.173601e+02,3.792801e+01,2.4699
322,1.584971e+02,1.534032e+01,1.168809e+02,-4.161623e+01,-2.7129
323,1.126912e+02,1.532279e+01,1.163641e+02,3.672943e+00,0.2397
324,1.228550e+02,1.530339e+01,1.158106e+02,-7.044461e+00,-0.4603
325,1.275969e+02,1.528212e+01,1.152195e+02,-1.237745e+01,-0.8099
326,1.310057e+02,1.525903e+01,1.145916e+02,-1.641405e+01,-1.0757
327,1.409060e+02,1.523416e+01,1.139263e+02,-2.697975e+01,-1.7710
328,1.240177e+02,1.520752e+01,1.132242e+02,-1.079350e+01,-0.7097
329,1.090077e+02,1.517915e+01,1.124869e+02,3.479164e+00,0.2292
330,1.057311e+02,1.514910e+01,1.117129e+02,5.981808e+00,0.3949
331,1.165971e+02,1.511740e+01,1.109029e+02,-5.694240e+00,-0.3767
332,1.132417e+02,1.508408e+01,1.100570e+02,-3.184686e+00,-0.2111
333,8.927575e+01,1.504918e+01,1.091767e+02,1.990094e+01,1.3224
334,9.331112e+01,1.501276e+01,1.082612e+02,1.495008e+01,0.9958
335,1.058409e+02,1.497485e+01,1.073113e+02,1.470453e+00,0.0982
336,1.216641e+02,1.493549e+01,1.063270e+02,-1.533711e+01,-1.0269
337,9.649889e+01,1.489473e+01,1.053099e+02,8.810967e+00,0.5915
338,8.540677e+01,1.485261e+01,1.042591e+02,1.885229e+01,1.2693
339,1.018567e+02,1.480919e+01,1.031761e+02,1.319486e+00,0.0891
340,1.234856e+02,1.476452e+01,1.020611e+02,-2.142447e+01,-1.4511
341,1.166183e+02,1.471863e+01,1.009140e+02,-1.570429e+01,-1.0670
342,1.087037e+02,1.467158e+01,9.973475e+01,-8.968953e+00,-0.6113
343,7.542513e+01,1.462343e+01,9.852494e+01,2.309981e+01,1.5796
344,7.906633e+01,1.457423e+01,9.728380e+01,1.821747e+01,1.2500
345,8.522649e+01,1.452401e+01,9.601209e+01,1.078560e+01,0.7426
346,9.231092e+01,1.447285e+01,9.470983e+01,2.398911e+00,0.1658
347,8.701364e+01,1.442080e+01,9.337775e+01,6.364112e+00,0.4413
348,7.868861e+01,1.436791e+01,9.201588e+01,1.332727e+01,0.9276
349,8.813932e+01,1.431424e+01,9.062646e+01,2.487141e+00,0.1738
350,9.774761e+01,1.425985e+01,8.920874e+01,-8.538868e+00,-0.5988
351,9.321142e+01,1.420479e+01,8.776422e+01,-5.447199e+00,-0.3835
352,8.077132e+01,1.414913e+01,8.629366e+01,5.522343e+00,0.3903
353,8.174257e+01,1.409293e+01,8.479707e+01,3.054500e+00,0.2167
354,1.050628e+02,1.403623e+01,8.327668e+01,-2.178617e+01,-1.5521
355,6.283074e+01,1.397911e+01,8.173176e+01,1.890102e+01,1.3521
356,9.117851e+01,1.392162e+01,8.016307e+01,-1.101544e+01,-0.7912
357,6.822080e+01,1.386384e+01,7.857135e+01,1.035055e+01,0.7466
358,6.820332e+01,1.380580e+01,7.695735e+01,8.754029e+00,0.6341
359,6.982202e+01,1.374757e+01,7.532110e+01,5.499077e+00,0.4000
360,9.207339e+01,1.368923e+01,7.366406e+01,-1.840932e+01,-1.3448
361,6.342035e+01,1.363081e+01,7.198523e+01,8.564882e+00,0.6283
362,7.619875e+01,1.357238e+01,7.028645e+01,-5.912298e+00,-0.4356
363,6.149338e+01,1.351401e+01,6.856834e+01,7.074962e+00,0.5235
364,7.776804e+01,1.345575e+01,6.683156e+01,-1.093647e+01,-0.8128
365,6.857196e+01,1.339766e+01,6.507694e+01,-3.495021e+00,-0.2609
366,4.076146e+01,1.333981e+01,6.330530e+01,2.254385e+01,1.6900
367,3.830887e+01,1.328225e+01,6.151732e+01,2.320845e+01,1.7473
368,7.149306e+01,1.322503e+01,5.971389e+01,-1.177917e+01,-0.8907
369,5.214161e+01,1.316823e+01,5.789576e+01,5.754150e+00,0.4370
370,4.468888e+01,1.311188e+01,5.606361e+01,1.137473e+01,0.8675
371,4.825606e+01,1.305606e+01,5.421832e+01,5.962255e+00,0.4567
372,4.118815e+01,1.300081e+01,5.236057e+01,1.117242e+01,0.8594
373,5.570128e+01,1.294619e+01,5.049118e+01,-5.210097e+00,-0.4024
374,5.614230e+01,1.289224e+01,4.861098e+01,-7.531325e+00,-0.5842
375,4.297604e+01,1.283901e+01,4.672055e+01,3.744516e+00,0.2917
376,5.035009e+01,1.278656e+01,4.482080e+01,-5.529298e+00,-0.4324
377,4.303981e+01,1.273493e+01,4.291238e+01,-1.274256e-01,-0.0100
378,4.082936e+01,1.268416e+01,4.099606e+01,1.666997e-01,0.0131
379,6.893812e+01,1.263431e+01,3.907264e+01,-2.986548e+01,-2.3638
380,3.558808e+01,1.258540e+01,3.714286e+01,1.554780e+00,0.1235
381,1.483264e+01,1.253750e+01,3.520741e+01,2.037477e+01,1.6251
382,2.309722e+01,1.249062e+01,3.326709e+01,1.016987e+01,0.8142
383,3.083928e+01,1.244482e+01,3.132273e+01,4.834485e-01,0.0388
384,3.914585e+01,1.240012e+01,2.937521e+01,-9.770641e+00,-0.7879
385,2.023717e+01,1.235658e+01,2.742527e+01,7.188105e+00,0.5817
386,2.982992e+01,1.231421e+01,2.547389e+01,-4.356031e+00,-0.3537
387,2.065640e+01,1.227303e+01,2.352179e+01,2.865391e+00,0.2335
388,4.981288e+01,1.223309e+01,2.156988e+01,-2.824299e+01,-2.3087
389,1.393477e+01,1.219439e+01,1.961897e+01,5.684202e+00,0.4661
390,1.548550e+01,1.215697e+01,1.766987e+01,2.184371e+00,0.1797
391,1.201056e+01,1.212082e+01,1.572340e+01,3.712833e+00,0.3063
392,-9.617062e+00,1.208597e+01,1.378037e+01,2.339743e+01,1.9359
393,4.265783e+01,1.205243e+01,1.184151e+01,-3.081632e+01,-2.5569
394,2.296852e+01,1.202020e+01,9.907584e+00,-1.306093e+01,-1.0866
395,7.743663e+00,1.198929e+01,7.979462e+00,2.357993e-01,0.0197
396,2.133498e+01,1.195970e+01,6.057881e+00,-1.527710e+01,-1.2774
397,-1.458932e+01,1.193143e+01,4.143637e+00,1.873296e+01,1.5701
398,-7.399659e+00,1.190448e+01,2.237478e+00,9.637137e+00,0.8095
399,2.885086e+00,1.187885e+01,3.401855e-01,-2.544901e+00,-0.2142
400,-4.260334e+00,1.185453e+01,-1.547477e+00,2.712858e+00,0.2288
401,1.790064e+01,1.183149e+01,-3.424753e+00,-2.132540e+01,-1.8024
402,1.530931e+01,1.180975e+01,-5.290882e+00,-2.060019e+01,-1.7443
403,-4.926992e+00,1.178926e+01,-7.145133e+00,-2.218141e+00,-0.1881
404,2.180998e+00,1.177004e+01,-8.986726e+00,-1.116772e+01,-0.9488
405,-1.335998e+01,1.175203e+01,-1.081493e+01,2.545052e+00,0.2166
406,-3.189959e+01,1.173524e+01,-1.262907e+01,1.927052e+01,1.6421
407,-3.317889e+01,1.171962e+01,-1.442829e+01,1.875060e+01,1.5999
408,-2.801282e+01,1.170516e+01,-1.621186e+01,1.180096e+01,1.0082
409,-1.005269e+01,1.169182e+01,-1.797907e+01,-7.926387e+00,-0.6779
410,-1.142891e+01,1.167957e+01,-1.972913e+01,-8.300223e+00,-0.7107
411,-2.153373e+01,1.166838e+01,-2.146153e+01,7.219963e-02,0.0062
412,-2.318799e+01,1.165820e+01,-2.317549e+01,1.249130e-02,0.0011
413,-2.607503e+01,1.164903e+01,-2.487052e+01,1.204515e+00,0.1034
414,-1.294506e+01,1.164080e+01,-2.654589e+01,-1.360082e+01,-1.1684
415,-3.867530e+01,1.163347e+01,-2.820103e+01,1.047427e+01,0.9004
416,-2.840300e+01,1.162702e+01,-2.983538e+01,-1.432376e+00,-0.1232
417,-2.846620e+01,1.162139e+01,-3.144814e+01,-2.981948e+00,-0.2566
418,-2.850244e+01,1.161656e+01,-3.303883e+01,-4.536383e+00,-0.3905
419,-2.856583e+01,1.161245e+01,-3.460671e+01,-6.040881e+00,-0.5202
420,-3.401032e+01,1.160906e+01,-3.615123e+01,-2.140909e+00,-0.1844
421,-4.364377e+01,1.160631e+01,-3.767174e+01,5.972023e+00,0.5145
422,-4.194145e+01,1.160416e+01,-3.916753e+01,2.773925e+00,0.2390
423,-4.244996e+01,1.160258e+01,-4.063802e+01,1.811942e+00,0.1562
424,-5.423575e+01,1.160151e+01,-4.208264e+01,1.215310e+01,1.0475
425,-4.994406e+01,1.160092e+01,-4.350084e+01,6.443228e+00,0.5554
426,-2.905025e+01,1.160075e+01,-4.489232e+01,-1.584208e+01,-1.3656
427,-5.741843e+01,1.160097e+01,-4.625661e+01,1.116181e+01,0.9621
428,-3.162804e+01,1.160153e+01,-4.759329e+01,-1.596524e+01,-1.3761
429,-5.265075e+01,1.160239e+01,-4.890199e+01,3.748752e+00,0.3231
430,-5.616490e+01,1.160350e+01,-5.018217e+01,5.982726e+00,0.5156
431,-4.481996e+01,1.160482e+01,-5.143354e+01,-6.613577e+00,-0.5699
432,-6.142619e+01,1.160631e+01,-5.265569e+01,8.770502e+00,0.7557
433,-5.313764e+01,1.160792e+01,-5.384804e+01,-7.103941e-01,-0.0612
434,-5.746547e+01,1.160962e+01,-5.501032e+01,2.455151e+00,0.2115
435,-6.640607e+01,1.161135e+01,-5.614197e+01,1.026410e+01,0.8840
436,-4.489209e+01,1.161310e+01,-5.724264e+01,-1.235055e+01,-1.0635
437,-8.431351e+01,1.161480e+01,-5.831191e+01,2.600160e+01,2.2387
438,-6.760656e+01,1.161643e+01,-5.934935e+01,8.257208e+00,0.7108
439,-5.008266e+01,1.161795e+01,-6.035455e+01,-1.027189e+01,-0.8841
440,-7.015544e+01,1.161933e+01,-6.132730e+01,8.828138e+00,0.7598
441,-6.380833e+01,1.162054e+01,-6.226727e+01,1.541060e+00,0.1326
442,-6.190879e+01,1.162154e+01,-6.317417e+01,-1.265380e+00,-0.1089
443,-5.336867e+01,1.162231e+01,-6.404759e+01,-1.067892e+01,-0.9188
444,-6.039920e+01,1.162283e+01,-6.488733e+01,-4.488128e+00,-0.3861
445,-5.686134e+01,1.162306e+01,-6.569310e+01,-8.831762e+00,-0.7598
446,-5.909554e+01,1.162299e+01,-6.646465e+01,-7.369107e+00,-0.6340
447,-7.600077e+01,1.162258e+01,-6.720199e+01,8.798786e+00,0.7570
448,-7.105148e+01,1.162182e+01,-6.790492e+01,3.146563e+00,0.2707
449,-5.416234e+01,1.162068e+01,-6.857331e+01,-1.441097e+01,-1.2401
450,-6.727999e+01,1.161915e+01,-6.920713e+01,-1.927135e+00,-0.1659
451,-6.290052e+01,1.161720e+01,-6.980623e+01,-6.905707e+00,-0.5944
452,-8.200000e+01,1.161482e+01,-7.037042e+01,1.162958e+01,1.0013
453,-6.680010e+01,1.161200e+01,-7.089959e+01,-4.099489e+00,-0.3530
454,-7.466561e+01,1.160871e+01,-7.139353e+01,3.272080e+00,0.2819
455,-6.450724e+01,1.160495e+01,-7.185213e+01,-7.344886e+00,-0.6329
456,-9.319900e+01,1.160070e+01,-7.227519e+01,2.092381e+01,1.8037
457,-6.433393e+01,1.159597e+01,-7.266259e+01,-8.328663e+00,-0.7182
458,-7.961761e+01,1.159075e+01,-7.301407e+01,6.603547e+00,0.5697
459,-8.395391e+01,1.158504e+01,-7.332971e+01,1.062421e+01,0.9171
460,-7.880384e+01,1.157885e+01,-7.360962e+01,5.194224e+00,0.4486
461,-7.689144e+01,1.157215e+01,-7.385308e+01,3.038364e+00,0.2626
462,-7.261741e+01,1.156498e+01,-7.406235e+01,-1.444940e+00,-0.1249
463,-6.742253e+01,1.155731e+01,-7.423596e+01,-6.813427e+00,-0.5895
464,-7.367959e+01,1.154918e+01,-7.437469e+01,-6.950933e-01,-0.0602
465,-8.551892e+01,1.154056e+01,-7.447855e+01,1.104037e+01,0.9567
466,-7.502720e+01,1.153148e+01,-7.454832e+01,4.788812e-01,0.0415
467,-1.001954e+02,1.152195e+01,-7.458327e+01,2.561218e+01,2.2229
468,-8.924162e+01,1.151196e+01,-7.458417e+01,1.465746e+01,1.2732
469,-7.964421e+01,1.150154e+01,-7.455104e+01,5.093175e+00,0.4428
470,-8.378195e+01,1.149069e+01,-7.448390e+01,9.298051e+00,0.8092
471,-7.393678e+01,1.147943e+01,-7.438204e+01,-4.452597e-01,-0.0388
472,-6.041691e+01,1.146778e+01,-7.424696e+01,-1.383005e+01,-1.2060
473,-6.443676e+01,1.145575e+01,-7.407719e+01,-9.640430e+00,-0.8415
474,-7.521685e+01,1.144336e+01,-7.387498e+01,1.341864e+00,0.1173
475,-7.288004e+01,1.143063e+01,-7.363887e+01,-7.588369e-01,-0.0664
476,-9.016885e+01,1.141758e+01,-7.336962e+01,1.679922e+01,1.4713
477,-8.150969e+01,1.140425e+01,-7.306800e+01,8.441691e+00,0.7402
478,-7.648640e+01,1.139064e+01,-7.273401e+01,3.752390e+00,0.3294
479,-6.670833e+01,1.137679e+01,-7.236871e+01,-5.660384e+00,-0.4975
480,-8.426866e+01,1.136272e+01,-7.197154e+01,1.229712e+01,1.0822
481,-7.064857e+01,1.134846e+01,-7.154325e+01,-8.946764e-01,-0.0788
482,-6.229029e+01,1.133403e+01,-7.108415e+01,-8.793858e+00,-0.7759
483,-6.533778e+01,1.131946e+01,-7.059463e+01,-5.256851e+00,-0.4644
484,-7.375740e+01,1.130479e+01,-7.007508e+01,3.682322e+00,0.3257
485,-5.724066e+01,1.129003e+01,-6.952580e+01,-1.228514e+01,-1.0881
486,-9.496816e+01,1.127522e+01,-6.894727e+01,2.602089e+01,2.3078
487,-5.953960e+01,1.126039e+01,-6.833978e+01,-8.800182e+00,-0.7815
488,-5.731556e+01,1.124557e+01,-6.770388e+01,-1.038832e+01,-0.9238
489,-6.264791e+01,1.123079e+01,-6.704009e+01,-4.392179e+00,-0.3911
490,-6.951547e+01,1.121609e+01,-6.634888e+01,3.166593e+00,0.2823
491,-7.662271e+01,1.120149e+01,-6.563084e+01,1.099188e+01,0.9813
492,-8.061441e+01,1.118704e+01,-6.488636e+01,1.572805e+01,1.4059
493,-8.169666e+01,1.117276e+01,-6.411613e+01,1.758054e+01,1.5735
494,-8.460462e+01,1.115870e+01,-6.332043e+01,2.128419e+01,1.9074
495,-6.710001e+01,1.114486e+01,-6.250004e+01,4.599966e+00,0.4127
496,-5.247286e+01,1.113133e+01,-6.165533e+01,-9.182465e+00,-0.8249
497,-7.905332e+01,1.111812e+01,-6.078690e+01,1.826643e+01,1.6429
498,-6.524459e+01,1.110526e+01,-5.989534e+01,5.349248e+00,0.4817
499,-5.371667e+01,1.109267e+01,-5.898120e+01,-5.264535e+00,-0.4746
500,-6.605106e+01,1.108063e+01,-5.804492e+01,8.006137e+00,0.7225
501,-5.978935e+01,1.106888e+01,-5.708718e+01,2.702173e+00,0.2441
502,-5.564735e+01,1.105778e+01,-5.610863e+01,-4.612850e-01,-0.0417
503,-5.674894e+01,1.104268e+01,-5.510982e+01,1.639121e+00,0.1484
504,-4.843365e+01,1.103257e+01,-5.409161e+01,-5.657959e+00,-0.5128
505,-3.988487e+01,1.057725e+01,-5.305460e+01,-1.316973e+01,-1.2451
506,-4.241802e+01,1.056340e+01,-5.199947e+01,-9.581447e+00,-0.9070
507,-4.769797e+01,1.054368e+01,-5.092687e+01,-3.228898e+00,-0.3062
508,-5.770682e+01,1.053131e+01,-4.983754e+01,7.869278e+00,0.7472
509,-5.019142e+01,1.051973e+01,-4.873215e+01,1.459268e+00,0.1387
510,-5.497674e+01,1.050899e+01,-4.761143e+01,7.365308e+00,0.7009
511,-4.753662e+01,1.049886e+01,-4.647598e+01,1.060642e+00,0.1010
512,-4.457670e+01,1.048985e+01,-4.532653e+01,-7.498238e-01,-0.0715
513,-4.151152e+01,1.048164e+01,-4.416381e+01,-2.652292e+00,-0.2530
514,-5.646421e+01,1.047449e+01,-4.298842e+01,1.347580e+01,1.2865
515,-5.284362e+01,1.046829e+01,-4.180108e+01,1.104254e+01,1.0549
516,-5.263757e+01,1.046310e+01,-4.060261e+01,1.203497e+01,1.1502
517,-3.339289e+01,1.045890e+01,-3.939359e+01,-6.000700e+00,-0.5737
518,-4.796138e+01,1.045576e+01,-3.817483e+01,9.786550e+00,0.9360
519,-9.306404e+00,1.045367e+01,-3.694707e+01,-2.764067e+01,-2.6441
520,-4.097951e+01,1.045266e+01,-3.571096e+01,5.268552e+00,0.5040
521,-3.512922e+01,1.045274e+01,-3.446730e+01,6.619187e-01,0.0633
522,-5.101373e+01,1.045394e+01,-3.321676e+01,1.779697e+01,1.7024
523,-3.589601e+01,1.045625e+01,-3.196006e+01,3.935943e+00,0.3764
524,-1.561189e+01,1.045970e+01,-3.069802e+01,-1.508613e+01,-1.4423
525,-1.495482e+01,1.046428e+01,-2.943128e+01,-1.447646e+01,-1.3834
526,-1.252893e+01,1.047000e+01,-2.816058e+01,-1.563165e+01,-1.4930
527,-3.941192e+01,1.047686e+01,-2.688664e+01,1.252527e+01,1.1955
528,-3.536882e+01,1.048487e+01,-2.561028e+01,9.758540e+00,0.9307
529,-1.441879e+01,1.049402e+01,-2.433206e+01,-9.913268e+00,-0.9447
530,-2.838621e+01,1.050431e+01,-2.305294e+01,5.333266e+00,0.5077
531,-1.111017e+01,1.051573e+01,-2.177358e+01,-1.066341e+01,-1.0140
532,-2.664577e+01,1.052828e+01,-2.049492e+01,6.150855e+00,0.5842
533,-3.065481e+01,1.054196e+01,-1.921754e+01,1.143727e+01,1.0849
534,-2.333715e+01,1.055675e+01,-1.794239e+01,5.394759e+00,0.5110
535,-3.787493e+01,1.057265e+01,-1.667013e+01,2.120480e+01,2.0056
536,-3.940110e+00,1.058963e+01,-1.540169e+01,-1.146158e+01,-1.0823
537,-8.043824e+00,1.060769e+01,-1.413767e+01,-6.093847e+00,-0.5745
538,-1.256225e+01,1.062682e+01,-1.287886e+01,-3.166090e-01,-0.0298
539,-1.637771e+01,1.064699e+01,-1.162605e+01,4.751661e+00,0.4463
540,-1.174321e+01,1.066819e+01,-1.037990e+01,1.363302e+00,0.1278
541,6.075316e+00,1.069040e+01,-9.141139e+00,-1.521646e+01,-1.4234
542,-1.676291e+01,1.071358e+01,-7.910556e+00,8.852352e+00,0.8263
543,1.084529e+01,1.073771e+01,-6.688826e+00,-1.753411e+01,-1.6329
544,6.215103e+00,1.076277e+01,-5.476665e+00,-1.169177e+01,-1.0863
545,3.126862e+00,1.078873e+01,-4.274739e+00,-7.401601e+00,-0.6860
546,-1.850661e+01,1.081555e+01,-3.083716e+00,1.542289e+01,1.4260
547,1.333923e+00,1.084321e+01,-1.904285e+00,-3.238208e+00,-0.2986
548,-2.129924e-01,1.087168e+01,-7.371000e-01,-5.241076e-01,-0.0482
549,-4.591623e+00,1.090093e+01,4.171432e-01,5.008766e+00,0.4595
550,-7.247303e+00,1.093091e+01,1.557781e+00,8.805083e+00,0.8055
551,3.108406e+00,1.096162e+01,2.684117e+00,-4.242892e-01,-0.0387
552,-8.539533e-01,1.099300e+01,3.795470e+00,4.649424e+00,0.4229
553,-9.666301e+00,1.102504e+01,4.891160e+00,1.455746e+01,1.3204
554,-1.093729e+01,1.105769e+01,5.970522e+00,1.690781e+01,1.5291
555,1.947512e+00,1.109092e+01,7.032869e+00,5.085357e+00,0.4585
556,4.160091e+01,1.112471e+01,8.077519e+00,-3.352339e+01,-3.0134
557,1.414619e+01,1.115901e+01,9.103869e+00,-5.042325e+00,-0.4519
558,1.112010e+00,1.119379e+01,1.011121e+01,8.999198e+00,0.8039
559,-6.376896e+00,1.122901e+01,1.109906e+01,1.747595e+01,1.5563
560,6.364492e+00,1.126462e+01,1.206679e+01,5.702297e+00,0.5062
561,1.059422e+01,1.130060e+01,1.301378e+01,2.419557e+00,0.2141
562,2.227122e+01,1.133691e+01,1.393961e+01,-8.331604e+00,-0.7349
563,1.270979e+01,1.137350e+01,1.484352e+01,2.133737e+00,0.1876
564,2.777139e+01,1.141033e+01,1.572503e+01,-1.204636e+01,-1.0557
565,-1.642503e+01,1.144738e+01,1.658365e+01,3.300869e+01,2.8835
566,2.589741e+01,1.148462e+01,1.741891e+01,-8.478502e+00,-0.7382
567,2.404921e+01,1.152199e+01,1.823017e+01,-5.819035e+00,-0.5050
568,1.483084e+01,1.155946e+01,1.901704e+01,4.186201e+00,0.3621
569,7.458993e+00,1.159702e+01,1.977903e+01,1.232004e+01,1.0623
570,1.115240e+01,1.163461e+01,2.051567e+01,9.363266e+00,0.8048
571,1.986084e+01,1.167222e+01,2.122639e+01,1.365553e+00,0.1170
572,3.165611e+01,1.170980e+01,2.191095e+01,-9.745161e+00,-0.8322
573,3.013087e+01,1.174733e+01,2.256878e+01,-7.562090e+00,-0.6437
574,1.887874e+01,1.178478e+01,2.319964e+01,4.320893e+00,0.3667
575,2.290125e+01,1.182211e+01,2.380318e+01,9.019255e-01,0.0763
576,9.559493e+00,1.185930e+01,2.437900e+01,1.481951e+01,1.2496
577,2.264775e+01,1.189631e+01,2.492670e+01,2.278952e+00,0.1916
578,2.717268e+01,1.193313e+01,2.544587e+01,-1.726811e+00,-0.1447
579,1.145013e+01,1.196972e+01,2.593632e+01,1.448619e+01,1.2102
580,2.837440e+01,1.200605e+01,2.639764e+01,-1.976751e+00,-0.1646
581,3.464108e+01,1.204210e+01,2.682944e+01,-7.811646e+00,-0.6487
582,3.054008e+01,1.207786e+01,2.723136e+01,-3.308721e+00,-0.2739
583,2.075598e+01,1.211328e+01,2.760316e+01,6.847180e+00,0.5653
584,2.836448e+01,1.214838e+01,2.794443e+01,-4.200522e-01,-0.0346
585,3.423590e+01,1.218310e+01,2.825490e+01,-5.981005e+00,-0.4909
586,9.032341e+00,1.221744e+01,2.853424e+01,1.950190e+01,1.5962
587,3.658122e+01,1.225139e+01,2.878233e+01,-7.798891e+00,-0.6366
588,2.871956e+01,1.228491e+01,2.899892e+01,2.793628e-01,0.0227
589,3.534379e+01,1.231801e+01,2.918381e+01,-6.159980e+00,-0.5001
590,3.360565e+01,1.235067e+01,2.933675e+01,-4.268903e+00,-0.3456
591,2.041187e+01,1.238288e+01,2.945761e+01,9.045741e+00,0.7305
592,1.347541e+01,1.241461e+01,2.954606e+01,1.607065e+01,1.2945
593,3.042208e+01,1.244587e+01,2.960207e+01,-8.200143e-01,-0.0659
594,3.415083e+01,1.247662e+01,2.962550e+01,-4.525323e+00,-0.3627
595,4.744055e+01,1.250688e+01,2.961625e+01,-1.782430e+01,-1.4252
596,3.126936e+01,1.253663e+01,2.957420e+01,-1.695159e+00,-0.1352
597,1.308787e+01,1.256586e+01,2.949916e+01,1.641129e+01,1.3060
598,9.192607e+00,1.259457e+01,2.939116e+01,2.019855e+01,1.6038
599,3.720768e+01,1.262274e+01,2.924999e+01,-7.957682e+00,-0.6304
600,9.769472e+00,1.265038e+01,2.907571e+01,1.930623e+01,1.5261
601,3.796011e+01,1.267748e+01,2.886832e+01,-9.091791e+00,-0.7172
602,5.220074e+01,1.270405e+01,2.862795e+01,-2.357279e+01,-1.8555
603,1.643350e+01,1.273007e+01,2.835447e+01,1.192097e+01,0.9364
604,2.235490e+01,1.275556e+01,2.804799e+01,5.693090e+00,0.4463
605,3.017553e+01,1.278051e+01,2.770856e+01,-2.466968e+00,-0.1930
606,3.497745e+01,1.280493e+01,2.733627e+01,-7.641179e+00,-0.5967
607,4.265571e+01,1.282881e+01,2.693108e+01,-1.572463e+01,-1.2257
608,3.633829e+01,1.285217e+01,2.649318e+01,-9.845114e+00,-0.7660
609,1.700590e+01,1.287501e+01,2.602273e+01,9.016830e+00,0.7003
610,2.891716e+01,1.289734e+01,2.551978e+01,-3.397377e+00,-0.2634
611,5.656653e+01,1.291916e+01,2.498442e+01,-3.158211e+01,-2.4446
612,2.077503e+01,1.294048e+01,2.441676e+01,3.641727e+00,0.2814
613,2.833729e+01,1.296131e+01,2.381698e+01,-4.520319e+00,-0.3488
614,7.787233e+00,1.298165e+01,2.318531e+01,1.539808e+01,1.1861
615,1.071353e+01,1.300152e+01,2.252202e+01,1.180850e+01,0.9082
616,5.357844e+01,1.302094e+01,2.182750e+01,-3.175094e+01,-2.4385
617,3.177272e+01,1.303990e+01,2.110193e+01,-1.067079e+01,-0.8183
618,4.476839e+01,1.305843e+01,2.034569e+01,-2.442271e+01,-1.8703
619,2.020433e+01,1.307653e+01,1.955903e+01,-6.452962e-01,-0.0493
620,1.435928e+01,1.309423e+01,1.874229e+01,4.383008e+00,0.3347
621,1.219464e+01,1.311153e+01,1.789569e+01,5.701044e+00,0.4348
622,2.400834e+01,1.312846e+01,1.701963e+01,-6.988707e+00,-0.5323
623,-1.003337e+01,1.314502e+01,1.611443e+01,2.614780e+01,1.9892
624,1.774501e+01,1.316124e+01,1.518034e+01,-2.564675e+00,-0.1949
625,2.281351e+01,1.317714e+01,1.421766e+01,-8.595854e+00,-0.6523
626,4.123651e+00,1.319272e+01,1.322679e+01,9.103134e+00,0.6900
627,8.977247e+00,1.320801e+01,1.220796e+01,3.230714e+00,0.2446
628,1.803726e+01,1.322302e+01,1.116157e+01,-6.875693e+00,-0.5200
629,4.543048e+00,1.323778e+01,1.008815e+01,5.545103e+00,0.4189
630,4.688444e+00,1.325230e+01,8.988089e+00,4.299645e+00,0.3244
631,7.788465e+00,1.326659e+01,7.861768e+00,7.330301e-02,0.0055
632,2.936183e+01,1.328068e+01,6.709723e+00,-2.265211e+01,-1.7056
633,6.798052e+00,1.329459e+01,5.532262e+00,-1.265790e+00,-0.0952
634,6.577840e+00,1.330833e+01,4.329918e+00,-2.247922e+00,-0.1689
635,1.242228e+01,1.332192e+01,3.103190e+00,-9.319091e+00,-0.6995
636,2.151906e+00,1.333539e+01,1.852558e+00,-2.993477e-01,-0.0224
637,1.233439e+01,1.334875e+01,5.785436e-01,-1.175585e+01,-0.8807
638,-1.167477e+01,1.336202e+01,-7.183333e-01,1.095643e+01,0.8200
639,1.655304e+00,1.337522e+01,-2.037574e+00,-3.692879e+00,-0.2761
640,-7.039597e+00,1.338838e+01,-3.378662e+00,3.660935e+00,0.2734
641,9.070371e-01,1.340150e+01,-4.741073e+00,-5.648110e+00,-0.4215
642,-1.895819e+01,1.341462e+01,-6.124220e+00,1.283397e+01,0.9567
643,9.742865e-01,1.342774e+01,-7.527510e+00,-8.501797e+00,-0.6332
644,1.032361e+01,1.344089e+01,-8.950338e+00,-1.927395e+01,-1.4340
645,-8.896956e-01,1.345408e+01,-1.039211e+01,-9.502419e+00,-0.7063
646,4.478379e+00,1.346733e+01,-1.185225e+01,-1.633063e+01,-1.2126
647,-2.051452e+01,1.348066e+01,-1.333008e+01,7.184440e+00,0.5329
648,-1.125537e+01,1.349408e+01,-1.482513e+01,-3.569758e+00,-0.2645
649,-5.603591e+00,1.350761e+01,-1.633660e+01,-1.073301e+01,-0.7946
650,2.762908e+00,1.352126e+01,-1.786396e+01,-2.062687e+01,-1.5255
651,-2.713103e+01,1.353505e+01,-1.940647e+01,7.724558e+00,0.5707
652,-3.732072e+00,1.354900e+01,-2.096349e+01,-1.723142e+01,-1.2718
653,-2.797981e+01,1.356311e+01,-2.253442e+01,5.445390e+00,0.4015
654,-1.104314e+01,1.357741e+01,-2.411862e+01,-1.307548e+01,-0.9630
655,-4.168641e+01,1.359189e+01,-2.571543e+01,1.597099e+01,1.1750
656,-3.076254e+01,1.360658e+01,-2.732406e+01,3.438487e+00,0.2527
657,5.109728e+00,1.362149e+01,-2.894400e+01,-3.405372e+01,-2.5000
658,-1.752217e+01,1.363663e+01,-3.057437e+01,-1.305220e+01,-0.9571
659,-2.471271e+01,1.365201e+01,-3.221462e+01,-7.501912e+00,-0.5495
660,6.267444e+00,1.366763e+01,-3.386401e+01,-4.013145e+01,-2.9362
661,-4.370490e+01,1.368351e+01,-3.552181e+01,8.183090e+00,0.5980
662,-4.849411e+01,1.369965e+01,-3.718739e+01,1.130671e+01,0.8253
663,-2.170587e+01,1.371606e+01,-3.885995e+01,-1.715408e+01,-1.2507
664,-4.717787e+01,1.373275e+01,-4.053877e+01,6.639098e+00,0.4835
665,-1.874720e+01,1.374971e+01,-4.222320e+01,-2.347600e+01,-1.7074
666,-5.728743e+01,1.376696e+01,-4.391253e+01,1.337490e+01,0.9715
667,-5.388035e+01,1.378449e+01,-4.560596e+01,8.274390e+00,0.6003
668,-4.020568e+01,1.380231e+01,-4.730277e+01,-7.097098e+00,-0.5142
669,-3.569417e+01,1.382042e+01,-4.900233e+01,-1.330816e+01,-0.9629
670,-5.084155e+01,1.383882e+01,-5.070384e+01,1.377064e-01,0.0100
671,-5.094884e+01,1.385751e+01,-5.240659e+01,-1.457747e+00,-0.1052
672,-8.323945e+01,1.387649e+01,-5.410993e+01,2.912952e+01,2.0992
673,-6.562736e+01,1.389575e+01,-5.581300e+01,9.814359e+00,0.7063
674,-5.835940e+01,1.391530e+01,-5.751525e+01,8.441519e-01,0.0607
675,-7.554972e+01,1.393513e+01,-5.921579e+01,1.633393e+01,1.1721
676,-7.169514e+01,1.395523e+01,-6.091393e+01,1.078121e+01,0.7726
677,-8.405467e+01,1.397561e+01,-6.260902e+01,2.144565e+01,1.5345
678,-4.962973e+01,1.399624e+01,-6.430013e+01,-1.467041e+01,-1.0482
679,-6.942381e+01,1.401713e+01,-6.598655e+01,3.437253e+00,0.2452
680,-8.150309e+01,1.403827e+01,-6.766757e+01,1.383552e+01,0.9856
681,-3.940630e+01,1.405963e+01,-6.934225e+01,-2.993595e+01,-2.1292
682,-7.469461e+01,1.408122e+01,-7.100995e+01,3.684665e+00,0.2617
683,-7.785030e+01,1.410302e+01,-7.266982e+01,5.180480e+00,0.3673
684,-5.485527e+01,1.412501e+01,-7.432130e+01,-1.946603e+01,-1.3781
685,-7.447929e+01,1.414719e+01,-7.596368e+01,-1.484381e+00,-0.1049
686,-1.026404e+02,1.416954e+01,-7.759587e+01,2.504452e+01,1.7675
687,-9.980639e+01,1.419204e+01,-7.921806e+01,2.058833e+01,1.4507
688,-6.553595e+01,1.421469e+01,-8.082954e+01,-1.529359e+01,-1.0759
689,-7.633223e+01,1.423746e+01,-8.242887e+01,-6.096640e+00,-0.4282
690,-8.842143e+01,1.426034e+01,-8.401533e+01,4.406102e+00,0.3090
691,-4.949697e+01,1.428331e+01,-8.558895e+01,-3.609198e+01,-2.5269
692,-8.342903e+01,1.430636e+01,-8.714903e+01,-3.720008e+00,-0.2600
693,-8.529016e+01,1.432947e+01,-8.869487e+01,-3.404709e+00,-0.2376
694,-9.115529e+01,1.435261e+01,-9.022501e+01,9.302760e-01,0.0648
695,-9.765498e+01,1.437578e+01,-9.173949e+01,5.915486e+00,0.4115
696,-9.542829e+01,1.439895e+01,-9.323686e+01,2.191436e+00,0.1522
697,-1.190965e+02,1.442212e+01,-9.471715e+01,2.437933e+01,1.6904
698,-8.960596e+01,1.444526e+01,-9.617892e+01,-6.572964e+00,-0.4550
699,-7.674308e+01,1.446835e+01,-9.762220e+01,-2.087912e+01,-1.4431
700,-7.846521e+01,1.449138e+01,-9.904629e+01,-2.058107e+01,-1.4202
701,-8.682009e+01,1.451433e+01,-1.004505e+02,-1.363038e+01,-0.9391
702,-1.134637e+02,1.453717e+01,-1.018341e+02,1.162963e+01,0.8000
703,-1.072855e+02,1.455989e+01,-1.031971e+02,4.088304e+00,0.2808
704,-1.016725e+02,1.458248e+01,-1.045375e+02,-2.865034e+00,-0.1965
705,-1.058465e+02,1.460490e+01,-1.058560e+02,-9.475681e-03,-0.0006
706,-8.226070e+01,1.462715e+01,-1.071511e+02,-2.489045e+01,-1.7017
707,-8.792646e+01,1.464921e+01,-1.084230e+02,-2.049657e+01,-1.3992
708,-1.064436e+02,1.467104e+01,-1.096717e+02,-3.228123e+00,-0.2200
709,-9.573252e+01,1.469264e+01,-1.108950e+02,-1.516247e+01,-1.0320
710,-1.106028e+02,1.471399e+01,-1.120937e+02,-1.490950e+00,-0.1013
711,-1.045422e+02,1.473505e+01,-1.132671e+02,-8.724913e+00,-0.5921
712,-9.798952e+01,1.475583e+01,-1.144139e+02,-1.642436e+01,-1.1131
713,-1.057010e+02,1.477629e+01,-1.155340e+02,-9.832976e+00,-0.6655
714,-1.246047e+02,1.479642e+01,-1.166268e+02,7.977956e+00,0.5392
715,-9.283309e+01,1.481619e+01,-1.176923e+02,-2.485919e+01,-1.6778
716,-1.229955e+02,1.483560e+01,-1.187298e+02,4.265639e+00,0.2875
717,-1.098310e+02,1.485461e+01,-1.197380e+02,-9.906989e+00,-0.6669
718,-1.115820e+02,1.487322e+01,-1.207168e+02,-9.134868e+00,-0.6142
719,-1.517746e+02,1.489140e+01,-1.216656e+02,3.010891e+01,2.0219
720,-1.097000e+02,1.490914e+01,-1.225852e+02,-1.288527e+01,-0.8643
721,-1.049878e+02,1.492641e+01,-1.234742e+02,-1.848641e+01,-1.2385
722,-1.177626e+02,1.494321e+01,-1.243325e+02,-6.569872e+00,-0.4397
723,-1.455745e+02,1.495951e+01,-1.251603e+02,2.041423e+01,1.3646
724,-1.377602e+02,1.497529e+01,-1.259568e+02,1.180340e+01,0.7882
725,-1.139554e+02,1.499055e+01,-1.267215e+02,-1.276610e+01,-0.8516
726,-1.198566e+02,1.500526e+01,-1.274550e+02,-7.598363e+00,-0.5064
727,-1.400618e+02,1.501941e+01,-1.281559e+02,1.190591e+01,0.7927
728,-8.752120e+01,1.503299e+01,-1.288250e+02,-4.130383e+01,-2.7475
729,-1.382192e+02,1.504599e+01,-1.294602e+02,8.758961e+00,0.5821
730,-1.124037e+02,1.505841e+01,-1.300630e+02,-1.765933e+01,-1.1727
731,-1.075319e+02,1.507023e+01,-1.306327e+02,-2.310083e+01,-1.5329
732,-1.291799e+02,1.508144e+01,-1.311678e+02,-1.987919e+00,-0.1318
733,-1.456129e+02,1.509205e+01,-1.316692e+02,1.394368e+01,0.9239
734,-1.351937e+02,1.510203e+01,-1.321354e+02,3.058390e+00,0.2025
735,-1.215849e+02,1.511139e+01,-1.325679e+02,-1.098301e+01,-0.7268
736,-1.412926e+02,1.512013e+01,-1.329653e+02,8.327339e+00,0.5507
737,-1.428359e+02,1.512823e+01,-1.333276e+02,9.508216e+00,0.6285
738,-1.165033e+02,1.513569e+01,-1.336550e+02,-1.715166e+01,-1.1332
739,-1.190453e+02,1.514251e+01,-1.339466e+02,-1.490129e+01,-0.9841
740,-1.320969e+02,1.514869e+01,-1.342018e+02,-2.104939e+00,-0.1390
741,-1.209810e+02,1.515421e+01,-1.344222e+02,-1.344114e+01,-0.8870
742,-1.362274e+02,1.515907e+01,-1.346069e+02,1.620484e+00,0.1069
743,-1.283110e+02,1.516329e+01,-1.347554e+02,-6.444378e+00,-0.4250
744,-1.200841e+02,1.516686e+01,-1.348676e+02,-1.478356e+01,-0.9747
745,-1.420549e+02,1.516977e+01,-1.349437e+02,7.111241e+00,0.4688
746,-1.426326e+02,1.517202e+01,-1.349843e+02,7.648344e+00,0.5041
747,-1.385254e+02,1.517362e+01,-1.349880e+02,3.537391e+00,0.2331
748,-1.323467e+02,1.517458e+01,-1.349556e+02,-2.608901e+00,-0.1719
749,-1.396107e+02,1.517489e+01,-1.348872e+02,4.723496e+00,0.3113
750,-1.306755e+02,1.517456e+01,-1.347828e+02,-4.107321e+00,-0.2707
751,-1.313512e+02,1.517360e+01,-1.346416e+02,-3.290394e+00,-0.2168
752,-1.127717e+02,1.517201e+01,-1.344638e+02,-2.169203e+01,-1.4297
753,-1.280436e+02,1.516979e+01,-1.342507e+02,-6.207141e+00,-0.4092
754,-1.611220e+02,1.516696e+01,-1.340011e+02,2.712091e+01,1.7882
755,-1.144675e+02,1.516351e+01,-1.337157e+02,-1.924813e+01,-1.2694
756,-1.342018e+02,1.515946e+01,-1.333944e+02,8.074151e-01,0.0533
757,-1.303641e+02,1.515481e+01,-1.330374e+02,-2.673323e+00,-0.1764
758,-1.079410e+02,1.514957e+01,-1.326461e+02,-2.470509e+01,-1.6307
759,-1.351694e+02,1.514376e+01,-1.322192e+02,2.950244e+00,0.1948
760,-1.497908e+02,1.513737e+01,-1.317573e+02,1.803344e+01,1.1913
761,-1.368299e+02,1.513042e+01,-1.312606e+02,5.569282e+00,0.3681
762,-1.189579e+02,1.512292e+01,-1.307290e+02,-1.177105e+01,-0.7784
763,-1.151078e+02,1.511489e+01,-1.301633e+02,-1.505545e+01,-0.9961
764,-1.312301e+02,1.510635e+01,-1.295621e+02,1.668017e+00,0.1104
765,-1.133491e+02,1.509730e+01,-1.289268e+02,-1.557773e+01,-1.0318
766,-9.798410e+01,1.508784e+01,-1.282568e+02,-3.027275e+01,-2.0064
767,-1.411936e+02,1.507794e+01,-1.275521e+02,1.364151e+01,0.9047
768,-1.246679e+02,1.506766e+01,-1.268127e+02,-2.144890e+00,-0.1424
769,-1.333401e+02,1.505695e+01,-1.260402e+02,7.299921e+00,0.4848
770,-1.267270e+02,1.504581e+01,-1.252344e+02,1.492571e+00,0.0992
771,-9.726285e+01,1.503427e+01,-1.243955e+02,-2.713268e+01,-1.8047
772,-1.238183e+02,1.502235e+01,-1.235235e+02,2.948161e-01,0.0196
773,-1.038699e+02,1.501005e+01,-1.226199e+02,-1.875005e+01,-1.2492
774,-1.048306e+02,1.499741e+01,-1.216847e+02,-1.685407e+01,-1.1238
775,-1.046586e+02,1.498442e+01,-1.207179e+02,-1.605930e+01,-1.0717
776,-1.025733e+02,1.497113e+01,-1.197210e+02,-1.714769e+01,-1.1454
777,-1.173099e+02,1.495754e+01,-1.186933e+02,-1.383416e+00,-0.0925
778,-1.501485e+02,1.494368e+01,-1.176363e+02,3.251220e+01,2.1756
779,-8.472397e+01,1.492957e+01,-1.165493e+02,-3.182532e+01,-2.1317
780,-1.047944e+02,1.491527e+01,-1.154345e+02,-1.064006e+01,-0.7134
781,-8.896151e+01,1.490074e+01,-1.142911e+02,-2.532959e+01,-1.6999
782,-1.351051e+02,1.488603e+01,-1.131199e+02,2.198518e+01,1.4769
783,-1.007138e+02,1.487115e+01,-1.119203e+02,-1.120654e+01,-0.7536
784,-9.522005e+01,1.485612e+01,-1.106936e+02,-1.547356e+01,-1.0416
785,-1.351637e+02,1.484097e+01,-1.094392e+02,2.572450e+01,1.7333
786,-1.213769e+02,1.482571e+01,-1.081570e+02,1.321990e+01,0.8917
787,-1.009213e+02,1.481038e+01,-1.068485e+02,-5.927191e+00,-0.4002
788,-1.277646e+02,1.479498e+01,-1.055123e+02,2.225227e+01,1.5040
789,-1.009018e+02,1.477956e+01,-1.041506e+02,-3.248820e+00,-0.2198
790,-7.701653e+01,1.476421e+01,-1.027626e+02,-2.574608e+01,-1.7438
791,-9.051354e+01,1.474893e+01,-1.013513e+02,-1.083780e+01,-0.7348
792,-9.165046e+01,1.473367e+01,-9.991604e+01,-8.265579e+00,-0.5610
793,-7.520381e+01,1.471845e+01,-9.845819e+01,-2.325438e+01,-1.5799
794,-1.170561e+02,1.470329e+01,-9.697853e+01,2.007754e+01,1.3655
795,-7.817304e+01,1.468822e+01,-9.547854e+01,-1.730550e+01,-1.1782
796,-1.103324e+02,1.467325e+01,-9.395748e+01,1.637496e+01,1.1160
797,-1.055489e+02,1.465840e+01,-9.241682e+01,1.313209e+01,0.8959
798,-9.735908e+01,1.464370e+01,-9.085655e+01,6.502527e+00,0.4440
799,-8.376455e+01,1.462916e+01,-8.927742e+01,-5.512871e+00,-0.3768
800,-7.223478e+01,1.461481e+01,-8.767866e+01,-1.544388e+01,-1.0567
801,-6.026613e+01,1.460067e+01,-8.606249e+01,-2.579637e+01,-1.7668
802,-6.776293e+01,1.458675e+01,-8.442816e+01,-1.666523e+01,-1.1425
803,-7.143676e+01,1.457307e+01,-8.277637e+01,-1.133961e+01,-0.7781
804,-8.649219e+01,1.455966e+01,-8.110858e+01,5.383609e+00,0.3698
805,-9.562753e+01,1.454652e+01,-7.942402e+01,1.620351e+01,1.1139
806,-6.767772e+01,1.453368e+01,-7.772490e+01,-1.004718e+01,-0.6913
807,-7.214902e+01,1.452115e+01,-7.600969e+01,-3.860671e+00,-0.2659
808,-9.834425e+01,1.450897e+01,-7.428135e+01,2.406290e+01,1.6585
809,-7.543784e+01,1.449714e+01,-7.253909e+01,2.898750e+00,0.2000
810,-5.851939e+01,1.448566e+01,-7.078362e+01,-1.226422e+01,-0.8466
811,-6.979859e+01,1.447456e+01,-6.901655e+01,7.820458e-01,0.0540
812,-7.476846e+01,1.446384e+01,-6.723851e+01,7.529951e+00,0.5206
813,-8.372282e+01,1.445352e+01,-6.545043e+01,1.827239e+01,1.2642
814,-3.982261e+01,1.444361e+01,-6.365318e+01,-2.383057e+01,-1.6499
815,-9.341426e+01,1.443412e+01,-6.184760e+01,3.156667e+01,2.1869
816,-4.722707e+01,1.442506e+01,-6.003454e+01,-1.280747e+01,-0.8879
817,-5.067780e+01,1.441643e+01,-5.821450e+01,-7.536702e+00,-0.5228
818,-6.187955e+01,1.440824e+01,-5.638766e+01,5.491888e+00,0.3812
819,-6.774910e+01,1.440051e+01,-5.455442e+01,1.319468e+01,0.9163
820,-5.738917e+01,1.439323e+01,-5.271519e+01,4.673982e+00,0.3247
821,-6.150445e+01,1.438641e+01,-5.087030e+01,1.063415e+01,0.7392
822,-3.774748e+01,1.438006e+01,-4.902001e+01,-1.127253e+01,-0.7839
823,-7.752816e+01,1.437418e+01,-4.716480e+01,3.036336e+01,2.1124
824,-3.833139e+01,1.436878e+01,-4.530567e+01,-6.974277e+00,-0.4854
825,-5.697912e+01,1.436386e+01,-4.344375e+01,1.353537e+01,0.9423
826,-4.131227e+01,1.435941e+01,-4.158020e+01,-2.679365e-01,-0.0187
827,-4.558415e+01,1.435544e+01,-3.971617e+01,5.867976e+00,0.4088
828,-3.164788e+01,1.435195e+01,-3.785265e+01,-6.204762e+00,-0.4323
829,-2.028847e+01,1.434897e+01,-3.599085e+01,-1.570238e+01,-1.0943
830,-4.677229e+01,1.434648e+01,-3.413178e+01,1.264051e+01,0.8811
831,-5.680734e+01,1.434445e+01,-3.227575e+01,2.453159e+01,1.7102
832,-4.117112e+01,1.434289e+01,-3.042326e+01,1.074786e+01,0.7494
833,-4.167985e+01,1.434180e+01,-2.857446e+01,1.310539e+01,0.9138
834,-8.107237e+00,1.434116e+01,-2.672969e+01,-1.862245e+01,-1.2985
835,-1.278883e+00,1.434098e+01,-2.488934e+01,-2.361046e+01,-1.6464
836,-1.790531e+01,1.434123e+01,-2.305360e+01,-5.148285e+00,-0.3590
837,-2.229058e+01,1.434193e+01,-2.122301e+01,1.067577e+00,0.0744
838,-1.405991e+01,1.434304e+01,-1.939826e+01,-5.338344e+00,-0.3722
839,-2.089161e+01,1.434458e+01,-1.758042e+01,3.311188e+00,0.2308
840,-1.815266e+01,1.434653e+01,-1.577034e+01,2.382322e+00,0.1661
841,-7.139786e+00,1.434888e+01,-1.396908e+01,-6.829292e+00,-0.4759
842,-2.860845e+01,1.435161e+01,-1.217748e+01,1.643097e+01,1.1449
843,-3.598919e+01,1.435472e+01,-1.039655e+01,2.559265e+01,1.7829
844,-2.528804e+01,1.435833e+01,-8.627182e+00,1.666085e+01,1.1604
845,8.356018e-01,1.436229e+01,-6.869865e+00,-7.705467e+00,-0.5365
846,-1.251247e+01,1.436658e+01,-5.125265e+00,7.387207e+00,0.5142
847,4.792925e+00,1.437120e+01,-3.393804e+00,-8.186729e+00,-0.5697
848,6.918607e+00,1.437613e+01,-1.676041e+00,-8.594647e+00,-0.5978
849,-1.223217e+00,1.438134e+01,2.751420e-02,1.250731e+00,0.0870
850,-1.115287e+00,1.438683e+01,1.716334e+00,2.831621e+00,0.1968
851,-2.236766e+01,1.439257e+01,3.389916e+00,2.575757e+01,1.7896
852,8.180512e+00,1.439855e+01,5.047810e+00,-3.132702e+00,-0.2176
853,1.695193e+01,1.440474e+01,6.689571e+00,-1.026236e+01,-0.7124
854,4.391238e+00,1.441115e+01,8.314759e+00,3.923521e+00,0.2723
855,1.488528e+01,1.441773e+01,9.922929e+00,-4.962356e+00,-0.3442
856,5.124381e+00,1.442448e+01,1.151368e+01,6.389296e+00,0.4429
857,-6.576177e+00,1.443137e+01,1.308655e+01,1.966273e+01,1.3625
858,-2.834238e+01,1.443840e+01,1.464103e+01,4.298340e+01,2.9770
859,3.442817e+00,1.444556e+01,1.617636e+01,1.273354e+01,0.8815
860,2.579327e+01,1.445287e+01,1.769179e+01,-8.101482e+00,-0.5605
861,3.330787e+01,1.446025e+01,1.918651e+01,-1.412136e+01,-0.9766
862,2.919446e+01,1.446769e+01,2.065968e+01,-8.534780e+00,-0.5899
863,7.300870e+00,1.447516e+01,2.211056e+01,1.480969e+01,1.0231
864,5.497885e+01,1.448264e+01,2.353826e+01,-3.144060e+01,-2.1709
865,2.963346e+01,1.449013e+01,2.494216e+01,-4.691297e+00,-0.3238
866,2.760827e+01,1.449759e+01,2.632197e+01,-1.286297e+00,-0.0887
867,4.624209e+01,1.450501e+01,2.767775e+01,-1.856434e+01,-1.2799
868,2.760174e+01,1.451241e+01,2.900919e+01,1.407444e+00,0.0970
869,2.465128e+01,1.451978e+01,3.031636e+01,5.665074e+00,0.3902
870,2.134419e+01,1.452705e+01,3.159903e+01,1.025484e+01,0.7059
871,5.648964e+00,1.453423e+01,3.285718e+01,2.720822e+01,1.8720
872,1.842379e+01,1.454131e+01,3.409066e+01,1.566687e+01,1.0774
873,4.741029e+01,1.454824e+01,3.529894e+01,-1.211135e+01,-0.8325
874,3.785821e+01,1.455500e+01,3.648163e+01,-1.376582e+00,-0.0946
875,1.460565e+01,1.456156e+01,3.763812e+01,2.303248e+01,1.5817
876,5.530444e+01,1.456794e+01,3.876804e+01,-1.653640e+01,-1.1351
877,3.680738e+01,1.457418e+01,3.987070e+01,3.063313e+00,0.2102
878,2.561018e+01,1.458022e+01,4.094578e+01,1.533560e+01,1.0518
879,4.730787e+01,1.458601e+01,4.199268e+01,-5.315196e+00,-0.3644
880,5.315792e+01,1.459153e+01,4.301100e+01,-1.014691e+01,-0.6954
881,4.255914e+01,1.459676e+01,4.400030e+01,1.441158e+00,0.0987
882,6.045416e+01,1.460168e+01,4.496017e+01,-1.549399e+01,-1.0611
883,6.473925e+01,1.460628e+01,4.589008e+01,-1.884917e+01,-1.2905
884,4.597660e+01,1.461055e+01,4.678972e+01,8.131246e-01,0.0557
885,4.050837e+01,1.461446e+01,4.765854e+01,7.150164e+00,0.4893
886,3.121721e+01,1.461801e+01,4.849622e+01,1.727901e+01,1.1820
887,7.088808e+01,1.462118e+01,4.930268e+01,-2.158541e+01,-1.4763
888,5.618567e+01,1.462397e+01,5.007787e+01,-6.107793e+00,-0.4177
889,2.414826e+01,1.462634e+01,5.082194e+01,2.667368e+01,1.8237
890,5.315083e+01,1.462831e+01,5.153471e+01,-1.616118e+00,-0.1105
891,6.031400e+01,1.462984e+01,5.221630e+01,-8.097703e+00,-0.5535
892,7.195013e+01,1.463094e+01,5.286661e+01,-1.908352e+01,-1.3043
893,7.537616e+01,1.463159e+01,5.348568e+01,-2.189048e+01,-1.4961
894,5.600510e+01,1.463178e+01,5.407342e+01,-1.931673e+00,-0.1320
895,7.952002e+01,1.463151e+01,5.462965e+01,-2.489037e+01,-1.7011
896,3.773684e+01,1.463076e+01,5.515440e+01,1.741756e+01,1.1905
897,4.099379e+01,1.462953e+01,5.564751e+01,1.465372e+01,1.0017
898,2.084288e+01,1.462781e+01,5.610886e+01,3.526597e+01,2.4109
899,4.149892e+01,1.462560e+01,5.653841e+01,1.503949e+01,1.0283
900,6.847374e+01,1.462289e+01,5.693599e+01,-1.153775e+01,-0.7890
901,7.612506e+01,1.461966e+01,5.730156e+01,-1.882350e+01,-1.2875
902,5.852812e+01,1.461593e+01,5.763509e+01,-8.930328e-01,-0.0611
903,5.687160e+01,1.461168e+01,5.793640e+01,1.064798e+00,0.0729
904,4.553972e+01,1.460693e+01,5.820553e+01,1.266581e+01,0.8671
905,4.179580e+01,1.460164e+01,5.844238e+01,1.664658e+01,1.1400
906,8.771801e+01,1.459584e+01,5.864684e+01,-2.907117e+01,-1.9917
907,7.223104e+01,1.458952e+01,5.881887e+01,-1.341217e+01,-0.9193
908,5.936398e+01,1.458267e+01,5.895858e+01,-4.053986e-01,-0.0278
909,2.332256e+01,1.457530e+01,5.906602e+01,3.574346e+01,2.4523
910,5.929659e+01,1.456741e+01,5.914129e+01,-1.553038e-01,-0.0107
911,9.375513e+01,1.455899e+01,5.918449e+01,-3.457063e+01,-2.3745
912,8.459520e+01,1.455007e+01,5.919575e+01,-2.539945e+01,-1.7457
913,7.287794e+01,1.454063e+01,5.917516e+01,-1.370278e+01,-0.9424
914,3.950022e+01,1.453067e+01,5.912275e+01,1.962253e+01,1.3504
915,5.308625e+01,1.452021e+01,5.903870e+01,5.952455e+00,0.4099
916,7.123166e+01,1.450926e+01,5.892319e+01,-1.230847e+01,-0.8483
917,7.058402e+01,1.449780e+01,5.877625e+01,-1.180777e+01,-0.8145
918,6.323566e+01,1.448585e+01,5.859819e+01,-4.637474e+00,-0.3201
919,5.136263e+01,1.447343e+01,5.838905e+01,7.026412e+00,0.4855
920,7.534291e+01,1.446052e+01,5.814898e+01,-1.719393e+01,-1.1890
921,4.561660e+01,1.444714e+01,5.787817e+01,1.226157e+01,0.8487
922,7.811014e+01,1.443331e+01,5.757701e+01,-2.053313e+01,-1.4226
923,5.954342e+01,1.441903e+01,5.724573e+01,-2.297692e+00,-0.1594
924,2.053660e+01,1.440430e+01,5.688473e+01,3.634813e+01,2.5234
925,4.255728e+01,1.438914e+01,5.649431e+01,1.393703e+01,0.9686
926,4.964637e+01,1.437357e+01,5.607495e+01,6.428580e+00,0.4473
927,9.344847e+01,1.435759e+01,5.562687e+01,-3.782160e+01,-2.6343
928,5.849631e+01,1.434121e+01,5.515047e+01,-3.345846e+00,-0.2333
929,4.585928e+01,1.432445e+01,5.464604e+01,8.786764e+00,0.6134
930,6.633616e+01,1.430733e+01,5.411383e+01,-1.222233e+01,-0.8543
931,4.568086e+01,1.428985e+01,5.355413e+01,7.873272e+00,0.5510
932,6.695914e+01,1.427203e+01,5.296719e+01,-1.399196e+01,-0.9804
933,4.254260e+01,1.425389e+01,5.235337e+01,9.810765e+00,0.6883
934,6.177119e+01,1.423544e+01,5.171283e+01,-1.005836e+01,-0.7066
935,6.513297e+01,1.421669e+01,5.104595e+01,-1.408702e+01,-0.9909
936,3.526831e+01,1.419766e+01,5.035302e+01,1.508471e+01,1.0625
937,5.381795e+01,1.417836e+01,4.963449e+01,-4.183456e+00,-0.2951
938,6.902203e+01,1.415882e+01,4.889067e+01,-2.013136e+01,-1.4218
939,5.264435e+01,1.413904e+01,4.812199e+01,-4.522363e+00,-0.3198
940,5.809319e+01,1.411904e+01,4.732883e+01,-1.076436e+01,-0.7624
941,5.326893e+01,1.409885e+01,4.651147e+01,-6.757457e+00,-0.4793
942,1.537559e+01,1.407847e+01,4.567036e+01,3.029478e+01,2.1519
943,4.850896e+01,1.405794e+01,4.480595e+01,-3.703019e+00,-0.2634
944,5.385801e+01,1.403725e+01,4.391873e+01,-9.939276e+00,-0.7081
945,4.786878e+01,1.401644e+01,4.300908e+01,-4.859698e+00,-0.3467
946,2.399839e+01,1.399552e+01,4.207752e+01,1.807912e+01,1.2918
947,4.112761e+01,1.397452e+01,4.112453e+01,-3.072206e-03,-0.0002
948,3.904740e+01,1.395344e+01,4.015058e+01,1.103172e+00,0.0791
949,5.505144e+01,1.393231e+01,3.915600e+01,-1.589544e+01,-1.1409
950,5.321493e+01,1.391115e+01,3.814146e+01,-1.507347e+01,-1.0836
951,4.022238e+01,1.388998e+01,3.710724e+01,-3.115136e+00,-0.2243
952,2.650784e+01,1.386881e+01,3.605390e+01,9.546065e+00,0.6883
953,5.694001e+01,1.384768e+01,3.498179e+01,-2.195822e+01,-1.5857
954,3.587081e+01,1.382658e+01,3.389147e+01,-1.979347e+00,-0.1432
955,4.126190e+01,1.380556e+01,3.278334e+01,-8.478560e+00,-0.6141
956,5.548881e+01,1.378462e+01,3.165790e+01,-2.383091e+01,-1.7288
957,4.385507e+01,1.376378e+01,3.051563e+01,-1.333944e+01,-0.9692
958,2.804944e+01,1.374308e+01,2.935723e+01,1.307792e+00,0.0952
959,1.180677e+01,1.372251e+01,2.818334e+01,1.637657e+01,1.1934
960,5.290148e+01,1.370212e+01,2.699452e+01,-2.590696e+01,-1.8907
961,1.944308e+01,1.368192e+01,2.579131e+01,6.348238e+00,0.4640
962,1.608046e+01,1.366192e+01,2.457443e+01,8.493972e+00,0.6217
963,3.755416e+01,1.364215e+01,2.334450e+01,-1.420965e+01,-1.0416
964,3.684920e+01,1.362263e+01,2.210193e+01,-1.474727e+01,-1.0826
965,2.191266e+00,1.360338e+01,2.084727e+01,1.865600e+01,1.3714
966,-1.756077e-01,1.358442e+01,1.958106e+01,1.975667e+01,1.4544
967,2.738551e+01,1.356577e+01,1.830387e+01,-9.081649e+00,-0.6695
968,2.559783e+01,1.354743e+01,1.701616e+01,-8.581672e+00,-0.6335
969,2.636457e+01,1.352944e+01,1.571848e+01,-1.064608e+01,-0.7869
970,1.277820e+01,1.351179e+01,1.441132e+01,1.633122e+00,0.1209
971,2.839447e+01,1.349452e+01,1.309529e+01,-1.529917e+01,-1.1337
972,2.610404e+01,1.347764e+01,1.177102e+01,-1.433302e+01,-1.0635
973,1.477428e+01,1.346115e+01,1.043897e+01,-4.335312e+00,-0.3221
974,2.207123e+01,1.344508e+01,9.099772e+00,-1.297145e+01,-0.9648
975,1.725941e+01,1.342944e+01,7.754114e+00,-9.505299e+00,-0.7078
976,6.991604e+00,1.341425e+01,6.402394e+00,-5.892096e-01,-0.0439
977,2.487973e+01,1.339951e+01,5.045380e+00,-1.983435e+01,-1.4802
978,1.050040e+01,1.338525e+01,3.683466e+00,-6.816929e+00,-0.5093
979,-4.522572e+00,1.337148e+01,2.317302e+00,6.839873e+00,0.5115
980,2.157764e+01,1.335820e+01,9.473991e-01,-2.063024e+01,-1.5444
981,-2.537327e+01,1.334543e+01,-4.256990e-01,2.494757e+01,1.8694
982,2.405715e+01,1.333319e+01,-1.801443e+00,-2.585859e+01,-1.9394
983,3.380221e+00,1.332148e+01,-3.179284e+00,-6.559504e+00,-0.4924
984,1.381531e+01,1.331031e+01,-4.558695e+00,-1.837400e+01,-1.3804
985,6.470745e+00,1.329970e+01,-5.939178e+00,-1.240992e+01,-0.9331
986,-1.426177e+01,1.328964e+01,-7.320247e+00,6.941526e+00,0.5223
987,-4.141824e+00,1.328014e+01,-8.701428e+00,-4.559604e+00,-0.3433
988,-9.736418e+00,1.327122e+01,-1.008224e+01,-3.458210e-01,-0.0261
989,1.307151e+00,1.326287e+01,-1.146220e+01,-1.276935e+01,-0.9628
990,-2.470919e+01,1.325514e+01,-1.284077e+01,1.186842e+01,0.8954
991,-1.739364e+01,1.324796e+01,-1.421758e+01,3.176063e+00,0.2397
992,-6.287987e+00,1.324155e+01,-1.559193e+01,-9.303944e+00,-0.7026
993,-1.344420e+01,1.323556e+01,-1.696329e+01,-3.519092e+00,-0.2659
994,-1.724431e+01,1.323052e+01,-1.833097e+01,-1.086657e+00,-0.0821
995,-9.593913e+00,1.322573e+01,-1.969451e+01,-1.010059e+01,-0.7637
996,-1.248800e+01,1.322165e+01,-2.105321e+01,-8.565208e+00,-0.6478
997,-1.439845e+01,1.321808e+01,-2.240654e+01,-8.008096e+00,-0.6058
998,-2.159937e+01,1.323314e+01,-2.375389e+01,-2.154521e+00,-0.1628
999,-2.039105e+01,1.323076e+01,-2.509450e+01,-4.703443e+00,-0.3555
1000,-2.584867e+01,1.486530e+01,-2.642782e+01,-5.791501e-01,-0.0390
1001,-2.515784e+01,1.486101e+01,-2.775317e+01,-2.595331e+00,-0.1746
1002,-4.835566e+01,1.495625e+01,-2.906988e+01,1.928578e+01,1.2895
1003,-3.571479e+01,1.495299e+01,-3.037728e+01,5.337508e+00,0.3570
1004,-3.182349e+01,1.495066e+01,-3.167478e+01,1.487059e-01,0.0099
1005,-5.365239e+01,1.494868e+01,-3.296179e+01,2.069060e+01,1.3841
1006,-5.874154e+01,1.494751e+01,-3.423793e+01,2.450360e+01,1.6393
1007,-3.600676e+01,1.494678e+01,-3.550298e+01,5.037762e-01,0.0337
1008,-2.089391e+01,1.494681e+01,-3.675679e+01,-1.586288e+01,-1.0613
1009,-6.549501e+01,1.494731e+01,-3.799899e+01,2.749602e+01,1.8395
1010,-2.240963e+01,1.494844e+01,-3.922936e+01,-1.681972e+01,-1.1252
1011,-3.490638e+01,1.495013e+01,-4.044759e+01,-5.541206e+00,-0.3706
1012,-3.874529e+01,1.495241e+01,-4.165353e+01,-2.908237e+00,-0.1945
1013,-3.175593e+01,1.495525e+01,-4.284682e+01,-1.109089e+01,-0.7416
1014,-6.438144e+01,1.495867e+01,-4.402693e+01,2.035452e+01,1.3607
1015,-4.148317e+01,1.496263e+01,-4.519355e+01,-3.710380e+00,-0.2480
1016,-5.447617e+01,1.496713e+01,-4.634632e+01,8.129845e+00,0.5432
1017,-5.460006e+01,1.497216e+01,-4.748486e+01,7.115200e+00,0.4752
1018,-5.113080e+01,1.497772e+01,-4.860871e+01,2.522092e+00,0.1684
1019,-6.172898e+01,1.498377e+01,-4.971751e+01,1.201148e+01,0.8016
1020,-3.972160e+01,1.499032e+01,-5.081057e+01,-1.108897e+01,-0.7397
1021,-5.326307e+01,1.499736e+01,-5.188729e+01,1.375773e+00,0.0917
1022,-2.365671e+01,1.500488e+01,-5.294709e+01,-2.929037e+01,-1.9521
1023,-3.958533e+01,1.501286e+01,-5.398919e+01,-1.440386e+01,-0.9594
1024,-6.004023e+01,1.502129e+01,-5.501308e+01,5.027150e+00,0.3347
1025,-3.881280e+01,1.503016e+01,-5.601800e+01,-1.720520e+01,-1.1447
1026,-7.109896e+01,1.503946e+01,-5.700342e+01,1.409554e+01,0.9372
1027,-4.364512e+01,1.504917e+01,-5.796948e+01,-1.432437e+01,-0.9518
1028,-5.872798e+01,1.505930e+01,-5.891617e+01,-1.881914e-01,-0.0125
1029,-3.644102e+01,1.506981e+01,-5.984363e+01,-2.340261e+01,-1.5529
1030,-5.414985e+01,1.508070e+01,-6.075198e+01,-6.602131e+00,-0.4378
1031,-6.822490e+01,1.509196e+01,-6.164144e+01,6.583462e+00,0.4362
1032,-6.311213e+01,1.510357e+01,-6.251200e+01,6.001305e-01,0.0397
1033,-6.467479e+01,1.511553e+01,-6.336377e+01,1.311015e+00,0.0867
1034,-4.100114e+01,1.512782e+01,-6.419624e+01,-2.319510e+01,-1.5333
1035,-6.174824e+01,1.514042e+01,-6.500878e+01,-3.260545e+00,-0.2154
1036,-4.884464e+01,1.515331e+01,-6.580086e+01,-1.695621e+01,-1.1190
1037,-5.887609e+01,1.516648e+01,-6.657186e+01,-7.695767e+00,-0.5074
1038,-7.625788e+01,1.517993e+01,-6.732124e+01,8.936645e+00,0.5887
1039,-6.763492e+01,1.519363e+01,-6.804846e+01,-4.135406e-01,-0.0272
1040,-5.301239e+01,1.520756e+01,-6.875290e+01,-1.574051e+01,-1.0350
1041,-2.427709e+01,1.522173e+01,-6.943454e+01,-4.515745e+01,-2.9666
1042,-7.919052e+01,1.523610e+01,-7.009335e+01,9.097166e+00,0.5971
1043,-7.336773e+01,1.525067e+01,-7.072908e+01,2.638649e+00,0.1730
1044,-5.184135e+01,1.526543e+01,-7.134238e+01,-1.950103e+01,-1.2775
1045,-6.437308e+01,1.528036e+01,-7.193255e+01,-7.559467e+00,-0.4947
1046,-6.632958e+01,1.529544e+01,-7.250036e+01,-6.170781e+00,-0.4034
1047,-7.646381e+01,1.531067e+01,-7.304514e+01,3.418675e+00,0.2233
1048,-7.954152e+01,1.532603e+01,-7.356690e+01,5.974615e+00,0.3898
1049,-9.099011e+01,1.534150e+01,-7.406497e+01,1.692514e+01,1.1032
1050,-4.659515e+01,1.535708e+01,-7.454085e+01,-2.794570e+01,-1.8197
1051,-8.549759e+01,1.537275e+01,-7.499385e+01,1.050374e+01,0.6833
1052,-8.845468e+01,1.538851e+01,-7.542327e+01,1.303141e+01,0.8468
1053,-6.610681e+01,1.540433e+01,-7.582915e+01,-9.722343e+00,-0.6311
1054,-5.696038e+01,1.542022e+01,-7.621154e+01,-1.925115e+01,-1.2484
1055,-9.051668e+01,1.543616e+01,-7.657121e+01,1.394547e+01,0.9034
1056,-8.719752e+01,1.545215e+01,-7.690747e+01,1.029005e+01,0.6659
1057,-6.616943e+01,1.546816e+01,-7.721960e+01,-1.105018e+01,-0.7144
1058,-1.011356e+02,1.548420e+01,-7.750915e+01,2.362644e+01,1.5258
1059,-9.334218e+01,1.550025e+01,-7.777464e+01,1.556753e+01,1.0043
1060,-6.831728e+01,1.551632e+01,-7.801613e+01,-9.698850e+00,-0.6251
1061,-7.827953e+01,1.553237e+01,-7.823513e+01,4.440050e-02,0.0029
1062,-1.004998e+02,1.554842e+01,-7.842944e+01,2.207039e+01,1.4195
1063,-8.195869e+01,1.556444e+01,-7.860132e+01,3.357373e+00,0.2157
1064,-7.004225e+01,1.558044e+01,-7.874932e+01,-8.707068e+00,-0.5588
1065,-1.007762e+02,1.559640e+01,-7.887346e+01,2.190273e+01,1.4043
1066,-6.179423e+01,1.561232e+01,-7.897526e+01,-1.718103e+01,-1.1005
1067,-7.072266e+01,1.562818e+01,-7.905326e+01,-8.330602e+00,-0.5331
1068,-1.012050e+02,1.564398e+01,-7.910822e+01,2.209680e+01,1.4125
1069,-8.307653e+01,1.565973e+01,-7.914018e+01,3.936355e+00,0.2514
1070,-9.330204e+01,1.567541e+01,-7.914914e+01,1.415289e+01,0.9029
1071,-6.723988e+01,1.569101e+01,-7.913514e+01,-1.189526e+01,-0.7581
1072,-8.038998e+01,1.570654e+01,-7.909893e+01,1.291055e+00,0.0822
1073,-9.005213e+01,1.572198e+01,-7.903979e+01,1.101235e+01,0.7004
1074,-4.624396e+01,1.573734e+01,-7.895847e+01,-3.271451e+01,-2.0788
1075,-7.440747e+01,1.575261e+01,-7.885500e+01,-4.447528e+00,-0.2823
1076,-1.025280e+02,1.576778e+01,-7.872865e+01,2.379936e+01,1.5094
1077,-8.061126e+01,1.578285e+01,-7.858091e+01,2.030353e+00,0.1286
1078,-5.348358e+01,1.579782e+01,-7.841179e+01,-2.492822e+01,-1.5780
1079,-8.992409e+01,1.581268e+01,-7.822057e+01,1.170352e+01,0.7401
1080,-9.382001e+01,1.582743e+01,-7.800874e+01,1.581127e+01,0.9990
1081,-6.080795e+01,1.584207e+01,-7.777481e+01,-1.696686e+01,-1.0710
1082,-8.110394e+01,1.585659e+01,-7.752029e+01,3.583649e+00,0.2260
1083,-1.039312e+02,1.587098e+01,-7.724517e+01,2.668606e+01,1.6814
1084,-7.030060e+01,1.588525e+01,-7.694947e+01,-6.648870e+00,-0.4186
1085,-7.285771e+01,1.589939e+01,-7.663392e+01,-3.776204e+00,-0.2375
1086,-4.623081e+01,1.591341e+01,-7.629704e+01,-3.006623e+01,-1.8894
1087,-9.517291e+01,1.592730e+01,-7.594106e+01,1.923185e+01,1.2075
1088,-7.384381e+01,1.594105e+01,-7.556524e+01,-1.721433e+00,-0.1080
1089,-5.592411e+01,1.595468e+01,-7.516957e+01,-1.924547e+01,-1.2063
1090,-4.606451e+01,1.596818e+01,-7.475480e+01,-2.869029e+01,-1.7967
1091,-8.540107e+01,1.598155e+01,-7.432165e+01,1.107941e+01,0.6933
1092,-6.617461e+01,1.599478e+01,-7.386939e+01,-7.694776e+00,-0.4811
1093,-7.986174e+01,1.600788e+01,-7.339949e+01,6.462246e+00,0.4037
1094,-9.673907e+01,1.602085e+01,-7.291120e+01,2.382787e+01,1.4873
1095,-8.533879e+01,1.603368e+01,-7.240599e+01,1.293281e+01,0.8066
1096,-7.005888e+01,1.604638e+01,-7.188311e+01,-1.824236e+00,-0.1137
1097,-7.782340e+01,1.605894e+01,-7.134330e+01,6.480101e+00,0.4035
1098,-7.940747e+01,1.607137e+01,-7.078727e+01,8.620200e+00,0.5364
1099,-6.048565e+01,1.608365e+01,-7.021503e+01,-9.729380e+00,-0.6049
1100,-6.771170e+01,1.609580e+01,-6.962729e+01,-1.915592e+00,-0.1190
1101,-4.553065e+01,1.610781e+01,-6.902329e+01,-2.349264e+01,-1.4585
1102,-5.901851e+01,1.611968e+01,-6.840449e+01,-9.385987e+00,-0.5823
1103,-5.816597e+01,1.613141e+01,-6.777012e+01,-9.604152e+00,-0.5954
1104,-6.237942e+01,1.614301e+01,-6.712149e+01,-4.742063e+00,-0.2938
1105,-4.276417e+01,1.615447e+01,-6.645869e+01,-2.369452e+01,-1.4667
1106,-2.146590e+01,1.616580e+01,-6.578201e+01,-4.431611e+01,-2.7414
1107,-9.061027e+01,1.617699e+01,-6.509184e+01,2.551843e+01,1.5775
1108,-6.743547e+01,1.618806e+01,-6.438860e+01,3.046868e+00,0.1882
1109,-7.760878e+01,1.619899e+01,-6.367263e+01,1.393616e+01,0.8603
1110,-2.157548e+01,1.620979e+01,-6.294432e+01,-4.136884e+01,-2.5521
1111,-5.013822e+01,1.622047e+01,-6.220409e+01,-1.206587e+01,-0.7439
1112,-7.554102e+01,1.623102e+01,-6.145219e+01,1.408883e+01,0.8680
1113,-6.755457e+01,1.624144e+01,-6.068924e+01,6.865327e+00,0.4227
1114,-4.860767e+01,1.625173e+01,-5.991544e+01,-1.130777e+01,-0.6958
1115,-2.257605e+01,1.626189e+01,-5.913126e+01,-3.655521e+01,-2.2479
1116,-7.473989e+01,1.627192e+01,-5.833717e+01,1.640272e+01,1.0080
1117,-6.753602e+01,1.628183e+01,-5.753342e+01,1.000260e+01,0.6143
1118,-5.008243e+01,1.629160e+01,-5.672042e+01,-6.637993e+00,-0.4074
1119,-5.792537e+01,1.630125e+01,-5.589872e+01,2.026649e+00,0.1243
1120,-2.703518e+01,1.631077e+01,-5.506849e+01,-2.803331e+01,-1.7187
1121,-3.417234e+01,1.632017e+01,-5.423027e+01,-2.005793e+01,-1.2290
1122,-5.302277e+01,1.632944e+01,-5.338440e+01,-3.616258e-01,-0.0221
1123,-4.089425e+01,1.633859e+01,-5.253126e+01,-1.163701e+01,-0.7122
1124,-5.215896e+01,1.634763e+01,-5.167126e+01,4.877055e-01,0.0298
1125,-5.660480e+01,1.635654e+01,-5.080479e+01,5.800018e+00,0.3546
1126,-4.062298e+01,1.636534e+01,-4.993239e+01,-9.309403e+00,-0.5688
1127,-6.001121e+01,1.637402e+01,-4.905446e+01,1.095675e+01,0.6692
1128,-3.573646e+01,1.638258e+01,-4.817154e+01,-1.243507e+01,-0.7590
1129,-6.411052e+01,1.639114e+01,-4.728395e+01,1.682657e+01,1.0266
1130,-4.984774e+01,1.639961e+01,-4.639223e+01,3.455510e+00,0.2107
1131,-2.809014e+01,1.640793e+01,-4.549686e+01,-1.740671e+01,-1.0609
1132,-3.748360e+01,1.641611e+01,-4.459814e+01,-7.114538e+00,-0.4334
1133,-3.352275e+01,1.642416e+01,-4.369654e+01,-1.017379e+01,-0.6194
1134,-3.958115e+01,1.643208e+01,-4.279246e+01,-3.211308e+00,-0.1954
1135,-5.427348e+01,1.643984e+01,-4.188629e+01,1.238720e+01,0.7535
1136,-7.358947e+01,1.644747e+01,-4.097834e+01,3.261114e+01,1.9827
1137,-5.085675e+01,1.645495e+01,-4.006915e+01,1.078760e+01,0.6556
1138,-4.710771e+01,1.646230e+01,-3.915904e+01,7.948671e+00,0.4828
1139,-3.884220e+01,1.646949e+01,-3.824840e+01,5.938003e-01,0.0361
1140,-3.650500e+01,1.647655e+01,-3.733770e+01,-8.327005e-01,-0.0505
1141,-4.536871e+01,1.648346e+01,-3.642739e+01,8.941322e+00,0.5424
1142,-4.430129e+01,1.649022e+01,-3.551787e+01,8.783423e+00,0.5326
1143,-3.789917e+01,1.649684e+01,-3.460953e+01,3.289636e+00,0.1994
1144,-2.678399e+01,1.650330e+01,-3.370283e+01,-6.918844e+00,-0.4192
1145,-1.077535e+01,1.650962e+01,-3.279816e+01,-2.202281e+01,-1.3339
1146,-1.205313e+01,1.651579e+01,-3.189599e+01,-1.984286e+01,-1.2014
1147,-2.739353e+01,1.652180e+01,-3.099663e+01,-3.603102e+00,-0.2181
1148,-4.906674e+01,1.652765e+01,-3.010047e+01,1.896627e+01,1.1475
1149,-3.132923e+00,1.653335e+01,-2.920798e+01,-2.607505e+01,-1.5771
1150,-7.407833e+00,1.653889e+01,-2.831946e+01,-2.091163e+01,-1.2644
1151,-3.963380e+01,1.654426e+01,-2.743532e+01,1.219848e+01,0.7373
1152,-3.686850e+01,1.654947e+01,-2.655598e+01,1.031252e+01,0.6231
1153,-3.557358e+01,1.655458e+01,-2.568177e+01,9.891810e+00,0.5975
1154,-2.691880e+01,1.655960e+01,-2.481303e+01,2.105769e+00,0.1272
1155,-5.861002e+00,1.656444e+01,-2.395016e+01,-1.808916e+01,-1.0920
1156,4.557675e+00,1.656914e+01,-2.309359e+01,-2.765126e+01,-1.6688
1157,-3.914106e+01,1.657366e+01,-2.224354e+01,1.689751e+01,1.0195
1158,-1.807827e+01,1.657802e+01,-2.140055e+01,-3.322274e+00,-0.2004
1159,3.165265e+00,1.658221e+01,-2.056490e+01,-2.373017e+01,-1.4311
1160,-9.376338e+00,1.658623e+01,-1.973690e+01,-1.036057e+01,-0.6246
1161,-1.422923e+01,1.659008e+01,-1.891692e+01,-4.687697e+00,-0.2826
1162,-1.451300e+01,1.659376e+01,-1.810519e+01,-3.592192e+00,-0.2165
1163,-2.952699e+01,1.659725e+01,-1.730208e+01,1.222491e+01,0.7366
1164,-2.286040e+01,1.660057e+01,-1.650797e+01,6.352428e+00,0.3827
1165,-1.302105e+01,1.660371e+01,-1.572308e+01,-2.702032e+00,-0.1627
1166,5.984539e+00,1.660666e+01,-1.494780e+01,-2.093234e+01,-1.2605
1167,-2.220935e+01,1.660942e+01,-1.418234e+01,8.027010e+00,0.4833
1168,-3.730972e+01,1.661200e+01,-1.342708e+01,2.388264e+01,1.4377
1169,-3.204101e+01,1.661439e+01,-1.268226e+01,1.935874e+01,1.1652
1170,-2.673935e+01,1.661658e+01,-1.194818e+01,1.479117e+01,0.8901
1171,-1.398347e+01,1.661859e+01,-1.122522e+01,2.758251e+00,0.1660
1172,-2.232538e+01,1.662040e+01,-1.051353e+01,1.181185e+01,0.7107
1173,-7.941882e+00,1.662201e+01,-9.813504e+00,-1.871622e+00,-0.1126
1174,-1.873842e+01,1.662342e+01,-9.125398e+00,9.613023e+00,0.5783
1175,-1.052035e+00,1.662464e+01,-8.449413e+00,-7.397378e+00,-0.4450
1176,-1.623430e+01,1.662567e+01,-7.785821e+00,8.448483e+00,0.5082
1177,-1.007230e+01,1.662649e+01,-7.134848e+00,2.937457e+00,0.1767
1178,-3.484492e+01,1.662711e+01,-6.496760e+00,2.834816e+01,1.7049
1179,2.650170e+00,1.662754e+01,-5.871793e+00,-8.521963e+00,-0.5125
1180,-1.870607e+01,1.662776e+01,-5.260200e+00,1.344587e+01,0.8086
1181,1.290841e+01,1.662778e+01,-4.662203e+00,-1.757061e+01,-1.0567
1182,-1.970030e+01,1.662760e+01,-4.078004e+00,1.562229e+01,0.9395
1183,1.029961e+01,1.662721e+01,-3.507836e+00,-1.380745e+01,-0.8304
1184,-2.894677e+00,1.662662e+01,-2.951908e+00,-5.723130e-02,-0.0034
1185,6.146490e+00,1.662583e+01,-2.410442e+00,-8.556932e+00,-0.5147
1186,-1.655195e+01,1.662484e+01,-1.883657e+00,1.466829e+01,0.8823
1187,6.856638e+00,1.662364e+01,-1.371759e+00,-8.228397e+00,-0.4950
1188,-3.081792e+01,1.662224e+01,-8.749043e-01,2.994301e+01,1.8014
1189,-1.539232e+01,1.662064e+01,-3.932558e-01,1.499907e+01,0.9024
1190,7.116690e+00,1.661884e+01,7.304368e-02,-7.043646e+00,-0.4238
1191,-5.292408e+00,1.661684e+01,5.238430e-01,5.816251e+00,0.3500
1192,1.957051e+01,1.661464e+01,9.589827e-01,-1.861152e+01,-1.1202
1193,-1.976215e+00,1.661225e+01,1.378324e+00,3.354540e+00,0.2019
1194,-1.523499e+01,1.660965e+01,1.781707e+00,1.701670e+01,1.0245
1195,2.131053e+01,1.660687e+01,2.169018e+00,-1.914151e+01,-1.1526
1196,-2.997378e+01,1.660388e+01,2.540155e+00,3.251394e+01,1.9582
1197,-5.743239e-01,1.660071e+01,2.895005e+00,3.469328e+00,0.2090
1198,2.784067e+01,1.659737e+01,3.233474e+00,-2.460719e+01,-1.4826
1199,1.547179e+01,1.659383e+01,3.555366e+00,-1.191643e+01,-0.7181
1200,-6.532157e+00,1.659011e+01,3.860721e+00,1.039288e+01,0.6265
1201,2.696146e+00,1.658620e+01,4.149281e+00,1.453136e+00,0.0876
1202,2.272077e+00,1.658212e+01,4.421162e+00,2.149085e+00,0.1296
1203,-9.085233e+00,1.657785e+01,4.676183e+00,1.376142e+01,0.8301
1204,-1.861279e+01,1.657342e+01,4.914386e+00,2.352717e+01,1.4196
1205,-5.964160e+00,1.656882e+01,5.135660e+00,1.109982e+01,0.6699
1206,-2.421021e+00,1.656405e+01,5.340046e+00,7.761067e+00,0.4685
1207,1.816298e+01,1.655912e+01,5.527504e+00,-1.263548e+01,-0.7631
1208,5.619400e+00,1.655404e+01,5.697922e+00,7.852235e-02,0.0047
1209,-2.721497e+01,1.654881e+01,5.851410e+00,3.306639e+01,1.9981
1210,3.670968e+00,1.654342e+01,5.987852e+00,2.316884e+00,0.1400
1211,9.955838e+00,1.653789e+01,6.107428e+00,-3.848410e+00,-0.2327
1212,2.246323e+01,1.653223e+01,6.210095e+00,-1.625313e+01,-0.9831
1213,3.372641e+01,1.652643e+01,6.295808e+00,-2.743060e+01,-1.6598
1214,-8.493661e-02,1.652051e+01,6.364594e+00,6.449531e+00,0.3904
1215,-9.062002e+00,1.651446e+01,6.416555e+00,1.547856e+01,0.9373
1216,2.563688e+01,1.650830e+01,6.451643e+00,-1.918524e+01,-1.1622
1217,3.480993e+01,1.650204e+01,6.469955e+00,-2.833998e+01,-1.7174
1218,1.072947e+00,1.649567e+01,6.471514e+00,5.398567e+00,0.3273
1219,3.618767e+00,1.648921e+01,6.456268e+00,2.837500e+00,0.1721
1220,1.356858e+01,1.648266e+01,6.424459e+00,-7.144120e+00,-0.4334
1221,-1.078692e+01,1.647603e+01,6.375884e+00,1.716280e+01,1.0417
1222,-4.702422e+00,1.646932e+01,6.310782e+00,1.101320e+01,0.6687
1223,2.752968e+01,1.646255e+01,6.229246e+00,-2.130043e+01,-1.2939
1224,1.150062e+01,1.645573e+01,6.131288e+00,-5.369335e+00,-0.3263
1225,-1.688128e+01,1.644885e+01,6.017221e+00,2.289850e+01,1.3921
1226,1.757708e+01,1.644193e+01,5.887057e+00,-1.169003e+01,-0.7110
1227,-1.575352e+01,1.643497e+01,5.740880e+00,2.149440e+01,1.3078
1228,9.389750e+00,1.642799e+01,5.578999e+00,-3.810751e+00,-0.2320
1229,-5.100720e+00,1.642099e+01,5.401420e+00,1.050214e+01,0.6396
1230,6.252787e-01,1.641399e+01,5.208300e+00,4.583021e+00,0.2792
1231,6.748251e-01,1.640699e+01,4.999719e+00,4.324894e+00,0.2636
1232,1.249046e+01,1.640000e+01,4.775979e+00,-7.714485e+00,-0.4704
1233,5.297501e+00,1.639303e+01,4.537009e+00,-7.604923e-01,-0.0464
1234,3.954894e+00,1.638609e+01,4.283108e+00,3.282140e-01,0.0200
1235,-1.343428e+01,1.637919e+01,4.014276e+00,1.744856e+01,1.0653
1236,8.898823e-01,1.637235e+01,3.730737e+00,2.840855e+00,0.1735
1237,-3.907900e+00,1.636557e+01,3.432637e+00,7.340537e+00,0.4485
1238,-1.163057e+01,1.635887e+01,3.120196e+00,1.475077e+01,0.9017
1239,1.662085e+01,1.635224e+01,2.793559e+00,-1.382729e+01,-0.8456
1240,4.289688e+00,1.634571e+01,2.452942e+00,-1.836746e+00,-0.1124
1241,-4.536056e+00,1.633928e+01,2.098564e+00,6.634620e+00,0.4061
1242,-9.766663e+00,1.633295e+01,1.730637e+00,1.149730e+01,0.7039
1243,8.979075e+00,1.632675e+01,1.349303e+00,-7.629772e+00,-0.4673
1244,6.720011e-01,1.632068e+01,9.547004e-01,2.826994e-01,0.0173
1245,-1.768727e+00,1.631475e+01,5.471736e-01,2.315901e+00,0.1420
1246,1.512020e+01,1.630897e+01,1.268816e-01,-1.499332e+01,-0.9193
1247,-3.795417e+00,1.630335e+01,-3.059587e-01,3.489459e+00,0.2140
1248,8.949392e+00,1.629790e+01,-7.511390e-01,-9.700531e+00,-0.5952
1249,5.639804e+00,1.629263e+01,-1.208452e+00,-6.848256e+00,-0.4203
1250,1.683691e+01,1.628756e+01,-1.677662e+00,-1.851457e+01,-1.1367
1251,8.308000e+00,1.628269e+01,-2.158506e+00,-1.046651e+01,-0.6428
1252,-1.287500e+01,1.627804e+01,-2.650701e+00,1.022430e+01,0.6281
1253,-4.073347e+00,1.627361e+01,-3.153963e+00,9.193839e-01,0.0565
1254,-1.332718e+01,1.626943e+01,-3.668030e+00,9.659151e+00,0.5937
1255,-2.859628e+01,1.626549e+01,-4.192605e+00,2.440367e+01,1.5003
1256,1.297292e+01,1.626180e+01,-4.727426e+00,-1.770035e+01,-1.0885
1257,-6.465207e+00,1.625839e+01,-5.272221e+00,1.192987e+00,0.0734
1258,5.072033e-01,1.625524e+01,-5.826712e+00,-6.333916e+00,-0.3897
1259,4.986436e+00,1.625238e+01,-6.390630e+00,-1.137707e+01,-0.7000
1260,2.370932e+00,1.624981e+01,-6.963701e+00,-9.334633e+00,-0.5744
1261,-2.260843e+01,1.624754e+01,-7.545661e+00,1.506277e+01,0.9271
1262,-1.291029e+01,1.624558e+01,-8.136239e+00,4.774049e+00,0.2939
1263,-6.288775e-01,1.624394e+01,-8.735170e+00,-8.106292e+00,-0.4990
1264,1.688149e+00,1.624263e+01,-9.342168e+00,-1.103032e+01,-0.6791
1265,-1.248128e+01,1.624165e+01,-9.956948e+00,2.524334e+00,0.1554
1266,-3.378611e+00,1.624102e+01,-1.057919e+01,-7.200577e+00,-0.4434
1267,-2.464370e+01,1.624075e+01,-1.120860e+01,1.343510e+01,0.8272
1268,-1.389231e+01,1.624083e+01,-1.184487e+01,2.047448e+00,0.1261
1269,-6.929876e+00,1.624129e+01,-1.248768e+01,-5.557801e+00,-0.3422
1270,-6.886371e+00,1.624214e+01,-1.313677e+01,-6.250397e+00,-0.3848
1271,-1.581554e+00,1.624337e+01,-1.379175e+01,-1.221020e+01,-0.7517
1272,-1.374218e+01,1.624500e+01,-1.445245e+01,-7.102736e-01,-0.0437
1273,-3.652515e+01,1.624704e+01,-1.511840e+01,2.140675e+01,1.3176
1274,-1.512142e+01,1.624948e+01,-1.578942e+01,-6.680004e-01,-0.0411
1275,2.497184e+01,1.625233e+01,-1.646511e+01,-4.143696e+01,-2.5496
1276,-1.756867e+01,1.625561e+01,-1.714523e+01,4.234412e-01,0.0260
1277,2.830596e+00,1.625931e+01,-1.782945e+01,-2.066004e+01,-1.2707
1278,7.587134e+00,1.626344e+01,-1.851738e+01,-2.610451e+01,-1.6051
1279,-8.984578e+00,1.626801e+01,-1.920884e+01,-1.022426e+01,-0.6285
1280,-3.673615e+01,1.627301e+01,-1.990345e+01,1.683271e+01,1.0344
1281,-2.278433e+01,1.627846e+01,-2.060095e+01,2.183382e+00,0.1341
1282,-2.550698e+01,1.628437e+01,-2.130095e+01,4.206022e+00,0.2583
1283,-1.217381e+01,1.629072e+01,-2.200322e+01,-9.829406e+00,-0.6034
1284,-3.004727e+01,1.629754e+01,-2.270734e+01,7.339927e+00,0.4504
1285,-1.721761e+01,1.630482e+01,-2.341309e+01,-6.195482e+00,-0.3800
1286,-2.711598e+01,1.631257e+01,-2.412015e+01,2.995837e+00,0.1837
1287,-4.909501e+01,1.632079e+01,-2.482818e+01,2.426683e+01,1.4869
1288,-1.073663e+01,1.632950e+01,-2.553681e+01,-1.480018e+01,-0.9063
1289,-2.855716e+01,1.633868e+01,-2.624572e+01,2.311439e+00,0.1415
1290,-4.005609e+01,1.634833e+01,-2.695466e+01,1.310143e+01,0.8014
1291,-1.697265e+01,1.635847e+01,-2.766325e+01,-1.069060e+01,-0.6535
1292,-3.165537e+01,1.636909e+01,-2.837123e+01,3.284141e+00,0.2006
1293,-3.022120e+01,1.638019e+01,-2.907815e+01,1.143041e+00,0.0698
1294,-2.790604e+01,1.639177e+01,-2.978392e+01,-1.877878e+00,-0.1146
1295,-2.288220e+01,1.640383e+01,-3.048806e+01,-7.605862e+00,-0.4637
1296,-4.231930e+01,1.641637e+01,-3.119033e+01,1.112897e+01,0.6779
1297,-5.439413e+01,1.642939e+01,-3.189043e+01,2.250371e+01,1.3697
1298,-3.209187e+01,1.644288e+01,-3.258802e+01,-4.961522e-01,-0.0302
1299,-3.968921e+01,1.645686e+01,-3.328288e+01,6.406333e+00,0.3893
1300,-7.332728e+00,1.647131e+01,-3.397461e+01,-2.664188e+01,-1.6175
1301,-2.064284e+01,1.648624e+01,-3.466304e+01,-1.402021e+01,-0.8504
1302,-4.955868e+01,1.650165e+01,-3.534773e+01,1.421095e+01,0.8612
1303,-2.965615e+01,1.651753e+01,-3.602859e+01,-6.372437e+00,-0.3858
1304,-2.020066e+01,1.653389e+01,-3.670518e+01,-1.650452e+01,-0.9982
1305,-2.878650e+01,1.655073e+01,-3.737734e+01,-8.590842e+00,-0.5191
1306,-2.637069e+01,1.656802e+01,-3.804470e+01,-1.167402e+01,-0.7046
1307,-2.974243e+01,1.658578e+01,-3.870704e+01,-8.964607e+00,-0.5405
1308,-3.375068e+01,1.660400e+01,-3.936412e+01,-5.613431e+00,-0.3381
1309,-5.036629e+01,1.662267e+01,-4.001564e+01,1.035066e+01,0.6227
1310,-2.710943e+01,1.664180e+01,-4.066122e+01,-1.355180e+01,-0.8143
1311,-3.198113e+01,1.666137e+01,-4.130080e+01,-9.319668e+00,-0.5594
1312,-9.312960e+01,1.668138e+01,-4.193398e+01,5.119562e+01,3.0690
1313,-7.813065e+01,1.670182e+01,-4.256047e+01,3.557018e+01,2.1297
1314,-4.304046e+01,1.672270e+01,-4.318018e+01,-1.397223e-01,-0.0084
1315,-4.540589e+01,1.674400e+01,-4.379267e+01,1.613222e+00,0.0963
1316,-3.188062e+01,1.676572e+01,-4.439785e+01,-1.251723e+01,-0.7466
1317,-2.011202e+01,1.678785e+01,-4.499548e+01,-2.488346e+01,-1.4822
1318,-6.004725e+01,1.681039e+01,-4.558527e+01,1.446198e+01,0.8603
1319,-6.891671e+01,1.683334e+01,-4.616698e+01,2.274973e+01,1.3515
1320,-3.321188e+01,1.685668e+01,-4.674046e+01,-1.352858e+01,-0.8026
1321,-1.894633e+01,1.688041e+01,-4.730539e+01,-2.835906e+01,-1.6800
1322,-5.920462e+01,1.690454e+01,-4.786162e+01,1.134300e+01,0.6710
1323,-7.202559e+01,1.692903e+01,-4.840891e+01,2.361669e+01,1.3950
1324,-7.500986e+01,1.695390e+01,-4.894702e+01,2.606283e+01,1.5373
1325,-2.404678e+01,1.697913e+01,-4.947573e+01,-2.542895e+01,-1.4977
1326,-5.598549e+01,1.700471e+01,-4.999487e+01,5.990622e+00,0.3523
1327,-4.634511e+01,1.703064e+01,-5.050427e+01,-4.159158e+00,-0.2442
1328,-6.063509e+01,1.705692e+01,-5.100363e+01,9.631463e+00,0.5647
1329,-5.890239e+01,1.708351e+01,-5.149278e+01,7.409615e+00,0.4337
1330,-5.227689e+01,1.711044e+01,-5.197162e+01,3.052721e-01,0.0178
1331,-6.893471e+01,1.713768e+01,-5.243993e+01,1.649478e+01,0.9625
1332,-3.237094e+01,1.716522e+01,-5.289752e+01,-2.052658e+01,-1.1958
1333,-6.859897e+01,1.719306e+01,-5.334424e+01,1.525472e+01,0.8873
1334,-4.432699e+01,1.722120e+01,-5.377984e+01,-9.452847e+00,-0.5489
1335,-5.401929e+01,1.724961e+01,-5.420415e+01,-1.848620e-01,-0.0107
1336,-7.234599e+01,1.727829e+01,-5.461716e+01,1.772883e+01,1.0261
1337,-4.444623e+01,1.730725e+01,-5.501860e+01,-1.057237e+01,-0.6109
1338,-6.744105e+00,1.733646e+01,-5.540839e+01,-4.866429e+01,-2.8070
1339,-4.114236e+01,1.736592e+01,-5.578629e+01,-1.464393e+01,-0.8433
1340,-6.601600e+01,1.739562e+01,-5.615225e+01,9.863748e+00,0.5670
1341,-6.009969e+01,1.742555e+01,-5.650612e+01,3.593573e+00,0.2062
1342,-6.033944e+01,1.745570e+01,-5.684763e+01,3.491808e+00,0.2000
1343,-5.934582e+01,1.748606e+01,-5.717684e+01,2.168977e+00,0.1240
1344,-1.929949e+01,1.751663e+01,-5.749349e+01,-3.819400e+01,-2.1804
1345,-6.468707e+01,1.754739e+01,-5.779748e+01,6.889596e+00,0.3926
1346,-6.337127e+01,1.757834e+01,-5.808869e+01,5.282581e+00,0.3005
1347,-3.652150e+01,1.760947e+01,-5.836704e+01,-2.184554e+01,-1.2406
1348,-6.542066e+01,1.764077e+01,-5.863232e+01,6.788342e+00,0.3848
1349,-6.298577e+01,1.767222e+01,-5.888444e+01,4.101327e+00,0.2321
1350,-8.399191e+01,1.770383e+01,-5.912350e+01,2.486840e+01,1.4047
1351,-6.420593e+01,1.773557e+01,-5.934940e+01,4.856524e+00,0.2738
1352,-7.508569e+01,1.776746e+01,-5.956203e+01,1.552366e+01,0.8737
1353,-8.399646e+01,1.779947e+01,-5.976143e+01,2.423502e+01,1.3616
1354,-6.124832e+01,1.783159e+01,-5.994756e+01,1.300753e+00,0.0729
1355,-6.505000e+01,1.786382e+01,-6.012032e+01,4.929683e+00,0.2760
1356,-2.412016e+01,1.789616e+01,-6.027974e+01,-3.615958e+01,-2.0205
1357,-8.936508e+01,1.792858e+01,-6.042579e+01,2.893929e+01,1.6141
1358,-7.868040e+01,1.796108e+01,-6.055834e+01,1.812206e+01,1.0090
1359,-4.825854e+01,1.799366e+01,-6.067752e+01,-1.241897e+01,-0.6902
1360,-5.985632e+01,1.802630e+01,-6.078313e+01,-9.268079e-01,-0.0514
1361,-9.386073e+01,1.805901e+01,-6.087519e+01,3.298554e+01,1.8265
1362,-4.849613e+01,1.809176e+01,-6.095375e+01,-1.245762e+01,-0.6886
1363,-7.799728e+01,1.812456e+01,-6.101868e+01,1.697860e+01,0.9368
1364,-5.012758e+01,1.815739e+01,-6.107009e+01,-1.094251e+01,-0.6026
1365,-7.034682e+01,1.819024e+01,-6.110800e+01,9.238825e+00,0.5079
1366,-4.504246e+01,1.822311e+01,-6.113236e+01,-1.608990e+01,-0.8829
1367,-6.717706e+01,1.825600e+01,-6.114320e+01,6.033860e+00,0.3305
1368,-4.784583e+01,1.828889e+01,-6.114054e+01,-1.329470e+01,-0.7269
1369,-2.340219e+01,1.832178e+01,-6.112440e+01,-3.772221e+01,-2.0589
1370,-6.319263e+01,1.835465e+01,-6.109487e+01,2.097761e+00,0.1143
1371,-6.475878e+01,1.838750e+01,-6.105199e+01,3.706791e+00,0.2016
1372,-5.551030e+01,1.842032e+01,-6.099576e+01,-5.485452e+00,-0.2978
1373,-5.867223e+01,1.845310e+01,-6.092627e+01,-2.254044e+00,-0.1221
1374,-8.939666e+01,1.848585e+01,-6.084362e+01,2.855304e+01,1.5446
1375,-7.512753e+01,1.851855e+01,-6.074782e+01,1.437971e+01,0.7765
1376,-2.142725e+01,1.855118e+01,-6.063888e+01,-3.921163e+01,-2.1137
1377,-5.749832e+01,1.858376e+01,-6.051697e+01,-3.018652e+00,-0.1624
1378,-5.442043e+01,1.861627e+01,-6.038209e+01,-5.961668e+00,-0.3202
1379,-9.031623e+01,1.864871e+01,-6.023433e+01,3.008190e+01,1.6131
1380,-5.521685e+01,1.868106e+01,-6.007363e+01,-4.856780e+00,-0.2600
1381,-2.004566e+01,1.871334e+01,-5.990020e+01,-3.985454e+01,-2.1297
1382,-4.981722e+01,1.874551e+01,-5.971399e+01,-9.896771e+00,-0.5280
1383,-7.412551e+01,1.877759e+01,-5.951507e+01,1.461044e+01,0.7781
1384,-2.324231e+01,1.880956e+01,-5.930360e+01,-3.606128e+01,-1.9172
1385,-9.311849e-01,1.884143e+01,-5.907972e+01,-5.814853e+01,-3.0862
1386,-6.143013e+01,1.887318e+01,-5.884366e+01,2.586473e+00,0.1370
1387,-9.517647e+01,1.890480e+01,-5.859541e+01,3.658106e+01,1.9350
1388,-6.343899e+01,1.893629e+01,-5.833529e+01,5.103707e+00,0.2695
1389,-2.320254e+01,1.896764e+01,-5.806335e+01,-3.486081e+01,-1.8379
1390,-8.636052e+01,1.899885e+01,-5.777974e+01,2.858078e+01,1.5043
1391,-5.824881e+01,1.902992e+01,-5.748468e+01,7.641332e-01,0.0402
1392,-8.064486e+01,1.906083e+01,-5.717816e+01,2.346670e+01,1.2311
1393,-7.113530e+01,1.909159e+01,-5.686040e+01,1.427490e+01,0.7477
1394,-6.143604e+01,1.912219e+01,-5.653147e+01,4.904570e+00,0.2565
1395,-6.082797e+01,1.915262e+01,-5.619157e+01,4.636396e+00,0.2421
1396,-7.565290e+01,1.918288e+01,-5.584071e+01,1.981219e+01,1.0328
1397,-4.149218e+01,1.921297e+01,-5.547915e+01,-1.398698e+01,-0.7280
1398,-5.177221e+01,1.924289e+01,-5.510690e+01,-3.334688e+00,-0.1733
1399,-1.039567e+02,1.927262e+01,-5.472431e+01,4.923240e+01,2.5545
1400,-4.405612e+01,1.930216e+01,-5.433151e+01,-1.027539e+01,-0.5323
1401,-5.792112e+01,1.933152e+01,-5.392870e+01,3.992414e+00,0.2065
1402,-6.380689e+01,1.936068e+01,-5.351595e+01,1.029094e+01,0.5315
1403,-5.628832e+01,1.938964e+01,-5.309359e+01,3.194733e+00,0.1648
1404,-5.782069e+01,1.941839e+01,-5.266174e+01,5.158944e+00,0.2657
1405,-6.711599e+01,1.944693e+01,-5.222053e+01,1.489546e+01,0.7660
1406,-7.700643e+01,1.947526e+01,-5.177015e+01,2.523628e+01,1.2958
1407,-8.076436e+01,1.950336e+01,-5.131086e+01,2.945350e+01,1.5102
1408,-4.750432e+01,1.953125e+01,-5.084271e+01,-3.338394e+00,-0.1709
1409,-7.045565e+00,1.955891e+01,-5.036597e+01,-4.332040e+01,-2.2149
1410,-5.353286e+01,1.958634e+01,-4.988082e+01,3.652041e+00,0.1865
1411,-6.614407e+01,1.961355e+01,-4.938737e+01,1.675669e+01,0.8543
1412,-7.665848e+01,1.964052e+01,-4.888598e+01,2.777251e+01,1.4140
1413,-1.527906e+01,1.966726e+01,-4.837666e+01,-3.309760e+01,-1.6829
1414,-9.025921e+01,1.969376e+01,-4.785992e+01,4.239930e+01,2.1529
1415,-4.430775e+01,1.972002e+01,-4.733578e+01,-3.028029e+00,-0.1536
1416,-4.567329e+01,1.974603e+01,-4.680457e+01,-1.131287e+00,-0.0573
1417,-5.733763e+01,1.977181e+01,-4.626649e+01,1.107113e+01,0.5599
1418,-2.177962e+01,1.979733e+01,-4.572187e+01,-2.394225e+01,-1.2094
1419,-4.293727e+01,1.982259e+01,-4.517073e+01,-2.233464e+00,-0.1127
1420,-7.165585e+01,1.984760e+01,-4.461349e+01,2.704236e+01,1.3625
1421,-3.362877e+01,1.987236e+01,-4.405032e+01,-1.042155e+01,-0.5244
1422,-6.651534e+01,1.989685e+01,-4.348134e+01,2.303401e+01,1.1577
1423,-4.377898e+01,1.992107e+01,-4.290686e+01,8.721190e-01,0.0438
1424,-4.914489e+01,1.994512e+01,-4.232701e+01,6.817886e+00,0.3418
1425,-6.195882e+01,1.996891e+01,-4.174209e+01,2.021673e+01,1.0124
1426,-4.690220e+01,1.999243e+01,-4.115237e+01,5.749832e+00,0.2876
1427,-3.947148e+01,2.001567e+01,-4.055795e+01,-1.086469e+00,-0.0543
1428,-4.003467e+01,2.003864e+01,-3.995909e+01,7.558088e-02,0.0038
1429,-8.206641e+00,2.006133e+01,-3.935617e+01,-3.114953e+01,-1.5527
1430,-4.779219e+01,2.008375e+01,-3.874923e+01,9.042955e+00,0.4503
1431,-8.972148e+00,2.010589e+01,-3.813867e+01,-2.916652e+01,-1.4506
1432,-3.562893e+01,2.012774e+01,-3.752459e+01,-1.895661e+00,-0.0942
1433,-5.320068e+01,2.014933e+01,-3.690731e+01,1.629336e+01,0.8086
1434,-2.341925e+01,2.017062e+01,-3.628701e+01,-1.286776e+01,-0.6379
1435,-3.135602e+01,2.019163e+01,-3.566401e+01,-4.307991e+00,-0.2134
1436,-2.122212e+01,2.021235e+01,-3.503848e+01,-1.381636e+01,-0.6836
1437,-4.466230e+01,2.023279e+01,-3.441075e+01,1.025155e+01,0.5067
1438,-4.200681e+01,2.025293e+01,-3.378091e+01,8.225902e+00,0.4062
1439,-4.392488e+01,2.027279e+01,-3.314937e+01,1.077552e+01,0.5315
1440,-6.616244e+01,2.029234e+01,-3.251621e+01,3.364623e+01,1.6581
1441,-4.764570e+01,2.031161e+01,-3.188177e+01,1.576393e+01,0.7761
1442,-1.831861e+01,2.033058e+01,-3.124620e+01,-1.292760e+01,-0.6359
1443,-3.696929e+01,2.034924e+01,-3.060977e+01,6.359513e+00,0.3125
1444,-4.259139e+01,2.036762e+01,-2.997279e+01,1.261860e+01,0.6195
1445,-3.888427e+01,2.038569e+01,-2.933536e+01,9.548915e+00,0.4684
1446,-5.412418e+01,2.040348e+01,-2.869772e+01,2.542647e+01,1.2462
1447,-3.951733e+00,2.042096e+01,-2.806027e+01,-2.410853e+01,-1.1806
1448,-4.622495e+01,2.043816e+01,-2.742303e+01,1.880193e+01,0.9199
1449,-5.184580e+01,2.045505e+01,-2.678647e+01,2.505934e+01,1.2251
1450,-4.160251e+01,2.047165e+01,-2.615069e+01,1.545182e+01,0.7548
1451,-7.307459e+00,2.048795e+01,-2.551600e+01,-1.820854e+01,-0.8887
1452,-4.203764e+01,2.050396e+01,-2.488265e+01,1.715499e+01,0.8367
1453,-4.144080e+00,2.051966e+01,-2.425085e+01,-2.010677e+01,-0.9799
1454,-9.602665e+00,2.053507e+01,-2.362086e+01,-1.401819e+01,-0.6826
1455,-2.787189e+01,2.055018e+01,-2.299282e+01,4.879071e+00,0.2374
1456,-3.230562e+01,2.056499e+01,-2.236688e+01,9.938741e+00,0.4833
1457,-1.005479e+01,2.057950e+01,-2.174337e+01,-1.168858e+01,-0.5680
1458,-6.029890e+01,2.059371e+01,-2.112244e+01,3.917646e+01,1.9024
1459,-1.412850e+01,2.060762e+01,-2.050424e+01,-6.375740e+00,-0.3094
1460,-6.956573e+00,2.062124e+01,-1.988909e+01,-1.293252e+01,-0.6271
1461,-5.880426e+01,2.063455e+01,-1.927707e+01,3.952720e+01,1.9156
1462,-5.556286e+01,2.064758e+01,-1.866848e+01,3.689438e+01,1.7869
1463,-1.285701e+01,2.066031e+01,-1.806350e+01,-5.206483e+00,-0.2520
1464,-7.754611e+00,2.067275e+01,-1.746227e+01,-9.707658e+00,-0.4696
1465,-3.843110e+00,2.068490e+01,-1.686496e+01,-1.302185e+01,-0.6295
1466,-2.386598e+01,2.069676e+01,-1.627195e+01,7.594026e+00,0.3669
1467,-1.403880e+01,2.070833e+01,-1.568326e+01,-1.644463e+00,-0.0794
1468,4.743057e+00,2.071961e+01,-1.509920e+01,-1.984226e+01,-0.9577
1469,-2.346594e-01,2.073062e+01,-1.451993e+01,-1.428527e+01,-0.6891
1470,-5.556445e+01,2.074133e+01,-1.394553e+01,4.161892e+01,2.0066
1471,-1.184768e+01,2.075177e+01,-1.337632e+01,-1.528639e+00,-0.0737
1472,1.245085e+01,2.076192e+01,-1.281239e+01,-2.526324e+01,-1.2168
1473,-9.751803e+00,2.077180e+01,-1.225398e+01,-2.502176e+00,-0.1205
1474,7.904179e+00,2.078139e+01,-1.170125e+01,-1.960543e+01,-0.9434
1475,-9.617031e+00,2.079071e+01,-1.115444e+01,-1.537408e+00,-0.0739
1476,-2.284718e+01,2.079976e+01,-1.061357e+01,1.223361e+01,0.5882
1477,4.531794e+01,2.080853e+01,-1.007895e+01,-5.539689e+01,-2.6622
1478,8.252985e-01,2.081704e+01,-9.550682e+00,-1.037598e+01,-0.4984
1479,-5.334114e+01,2.082528e+01,-9.028912e+00,4.431222e+01,2.1278
1480,2.369324e+01,2.083326e+01,-8.513848e+00,-3.220709e+01,-1.5459
1481,4.914134e+01,2.084098e+01,-8.005636e+00,-5.714697e+01,-2.7420
1482,1.059656e+01,2.084844e+01,-7.504432e+00,-1.810099e+01,-0.8682
1483,-2.104625e+01,2.085564e+01,-7.010361e+00,1.403589e+01,0.6730
1484,9.067812e+00,2.086260e+01,-6.523579e+00,-1.559139e+01,-0.7473
1485,-4.087685e+01,2.086931e+01,-6.044231e+00,3.483262e+01,1.6691
1486,-5.952149e+01,2.087577e+01,-5.572443e+00,5.394905e+01,2.5843
1487,6.803317e+00,2.088199e+01,-5.108381e+00,-1.191170e+01,-0.5704
1488,-1.359160e+01,2.088798e+01,-4.652169e+00,8.939427e+00,0.4280
1489,-2.733122e+01,2.089372e+01,-4.203945e+00,2.312728e+01,1.1069
1490,1.432787e+01,2.089924e+01,-3.763826e+00,-1.809169e+01,-0.8657
1491,5.574513e+01,2.090453e+01,-3.331936e+00,-5.907706e+01,-2.8260
1492,-6.155327e+00,2.090960e+01,-2.908396e+00,3.246931e+00,0.1553
1493,-1.644413e+01,2.091444e+01,-2.493342e+00,1.395079e+01,0.6670
1494,4.461414e+00,2.091907e+01,-2.086889e+00,-6.548303e+00,-0.3130
1495,3.282272e+00,2.092349e+01,-1.689158e+00,-4.971430e+00,-0.2376
1496,3.078252e+01,2.092770e+01,-1.300258e+00,-3.208278e+01,-1.5330
1497,-3.470730e+01,2.093171e+01,-9.202594e-01,3.378704e+01,1.6142
1498,1.600532e+01,2.093552e+01,-5.492629e-01,-1.655458e+01,-0.7907
1499,6.127895e+00,2.093914e+01,-1.873567e-01,-6.315252e+00,-0.3016
1500,-1.999761e+01,2.094258e+01,1.653631e-01,2.016298e+01,0.9628
1501,-4.372942e+01,2.094583e+01,5.088005e-01,4.423822e+01,2.1120
1502,8.676202e+00,2.094890e+01,8.428845e-01,-7.833318e+00,-0.3739
1503,1.652240e+01,2.095180e+01,1.167530e+00,-1.535487e+01,-0.7329
1504,-9.822620e+00,2.095454e+01,1.482693e+00,1.130531e+01,0.5395
1505,-1.102940e+01,2.095711e+01,1.788303e+00,1.281771e+01,0.6116
1506,2.168625e+01,2.095967e+01,2.084292e+00,-1.960196e+01,-0.9352
1507,2.624714e+01,2.096210e+01,2.370594e+00,-2.387655e+01,-1.1390
1508,-1.332234e+01,2.096438e+01,2.647123e+00,1.596946e+01,0.7617
1509,1.356583e+01,2.096653e+01,2.913923e+00,-1.065191e+01,-0.5080
1510,3.937132e+01,2.096854e+01,3.170804e+00,-3.620051e+01,-1.7264
1511,-2.577591e+01,2.097044e+01,3.417873e+00,2.919378e+01,1.3921
1512,1.187437e+01,2.097221e+01,3.655085e+00,-8.219286e+00,-0.3919
1513,3.682665e+01,2.097386e+01,3.882473e+00,-3.294418e+01,-1.5707
1514,1.986393e+01,2.097542e+01,4.099915e+00,-1.576401e+01,-0.7515
1515,1.015669e+01,2.097686e+01,4.307514e+00,-5.849178e+00,-0.2788
1516,-1.173664e+01,2.097821e+01,4.505149e+00,1.624179e+01,0.7742
1517,2.772342e+01,2.097947e+01,4.692845e+00,-2.303058e+01,-1.0978
1518,2.354454e+01,2.098065e+01,4.870627e+00,-1.867392e+01,-0.8901
1519,-2.709438e+01,2.098176e+01,5.038519e+00,3.213290e+01,1.5315
1520,-5.701793e+00,2.098279e+01,5.196395e+00,1.089819e+01,0.5194
1521,-1.314098e+01,2.098375e+01,5.344349e+00,1.848533e+01,0.8809
1522,-2.577614e+00,2.098466e+01,5.482404e+00,8.060017e+00,0.3841
1523,1.685657e+01,2.098552e+01,5.610428e+00,-1.124615e+01,-0.5359
1524,3.090494e+01,2.098635e+01,5.728516e+00,-2.517643e+01,-1.1997
1525,-3.977436e+01,2.098713e+01,5.836682e+00,4.561104e+01,2.1733
1526,3.165248e+01,2.098789e+01,5.934945e+00,-2.571754e+01,-1.2254
1527,1.777162e+01,2.098862e+01,6.023392e+00,-1.174823e+01,-0.5597
1528,2.768362e+00,2.098934e+01,6.101963e+00,3.333600e+00,0.1588
1529,5.754114e+01,2.099006e+01,6.170818e+00,-5.137032e+01,-2.4474
1530,-2.029968e+00,2.099078e+01,6.229822e+00,8.259790e+00,0.3935
1531,4.019698e+00,2.099150e+01,6.279059e+00,2.259361e+00,0.1076
1532,2.075388e+01,2.099224e+01,6.318612e+00,-1.443527e+01,-0.6876
1533,-2.387347e+01,2.099300e+01,6.348489e+00,3.022196e+01,1.4396
1534,3.529344e+01,2.099379e+01,6.368773e+00,-2.892467e+01,-1.3778
1535,1.882805e+01,2.099462e+01,6.379468e+00,-1.244858e+01,-0.5929
1536,5.659852e+00,2.099550e+01,6.380580e+00,7.207283e-01,0.0343
1537,-2.499154e+00,2.099642e+01,6.372187e+00,8.871341e+00,0.4225
1538,2.474118e+01,2.099742e+01,6.354366e+00,-1.838681e+01,-0.8757
1539,1.008074e+01,2.099848e+01,6.327193e+00,-3.753545e+00,-0.1788
1540,1.893666e+01,2.099962e+01,6.290818e+00,-1.264585e+01,-0.6022
1541,-2.907276e+01,2.100086e+01,6.245165e+00,3.531793e+01,1.6817
1542,2.794824e+00,2.100218e+01,6.190457e+00,3.395633e+00,0.1617
1543,3.177347e+01,2.100362e+01,6.126690e+00,-2.564678e+01,-1.2211
1544,4.600265e+01,2.100516e+01,6.054010e+00,-3.994864e+01,-1.9018
1545,2.503222e+01,2.100684e+01,5.972487e+00,-1.905973e+01,-0.9073
1546,-3.858054e+01,2.100863e+01,5.882189e+00,4.446273e+01,2.1164
1547,4.183839e+01,2.101057e+01,5.783185e+00,-3.605520e+01,-1.7161
1548,1.007654e+01,2.101264e+01,5.675615e+00,-4.400922e+00,-0.2094
1549,-3.206613e+01,2.101486e+01,5.559545e+00,3.762567e+01,1.7904
1550,1.954127e+01,2.101725e+01,5.435040e+00,-1.410623e+01,-0.6712
1551,2.800714e+01,2.101980e+01,5.302237e+00,-2.270490e+01,-1.0802
1552,-2.786636e+00,2.102253e+01,5.161195e+00,7.947830e+00,0.3781
1553,-2.146170e+01,2.102545e+01,5.012116e+00,2.647382e+01,1.2591
1554,3.474702e+01,2.102855e+01,4.854982e+00,-2.989204e+01,-1.4215
1555,1.737958e+01,2.103186e+01,4.689996e+00,-1.268958e+01,-0.6034
1556,3.757330e+00,2.103537e+01,4.517210e+00,7.598802e-01,0.0361
1557,1.245765e+01,2.103911e+01,4.336825e+00,-8.120829e+00,-0.3860
1558,3.620390e+01,2.104307e+01,4.148892e+00,-3.205501e+01,-1.5233
1559,-3.435225e+01,2.104726e+01,3.953610e+00,3.830586e+01,1.8200
1560,5.035448e+00,2.105170e+01,3.750955e+00,-1.284492e+00,-0.0610
1561,6.919277e+00,2.105640e+01,3.541273e+00,-3.378004e+00,-0.1604
1562,-2.627902e+01,2.106135e+01,3.324537e+00,2.960356e+01,1.4056
1563,6.442703e+00,2.106656e+01,3.100942e+00,-3.341761e+00,-0.1586
1564,2.395588e+01,2.107205e+01,2.870610e+00,-2.108527e+01,-1.0006
1565,-1.516504e+01,2.107782e+01,2.633735e+00,1.779877e+01,0.8444
1566,-9.164559e+00,2.108388e+01,2.390361e+00,1.155492e+01,0.5480
1567,2.653396e+01,2.109022e+01,2.140681e+00,-2.439328e+01,-1.1566
1568,-2.240361e+01,2.109687e+01,1.884739e+00,2.428835e+01,1.1513
1569,-1.040726e+01,2.110383e+01,1.622800e+00,1.203006e+01,0.5700
1570,-2.889469e+01,2.111110e+01,1.354980e+00,3.024967e+01,1.4329
1571,3.006584e+00,2.111869e+01,1.081351e+00,-1.925233e+00,-0.0912
1572,-4.986995e+01,2.112662e+01,8.020787e-01,5.067203e+01,2.3985
1573,2.753371e+00,2.113489e+01,5.173307e-01,-2.236040e+00,-0.1058
1574,-2.815995e+00,2.114350e+01,2.272870e-01,3.043282e+00,0.1439
1575,4.653379e+00,2.115246e+01,-6.789448e-02,-4.721273e+00,-0.2232
1576,-2.885343e+01,2.116179e+01,-3.680269e-01,2.848540e+01,1.3461
1577,3.689068e+01,2.117148e+01,-6.729612e-01,-3.756365e+01,-1.7743
1578,-1.782627e+01,2.118156e+01,-9.825040e-01,1.684377e+01,0.7952
1579,6.814230e+00,2.119200e+01,-1.296507e+00,-8.110738e+00,-0.3827
1580,2.870945e+00,2.120283e+01,-1.614808e+00,-4.485754e+00,-0.2116
1581,1.504769e+00,2.121405e+01,-1.937253e+00,-3.442022e+00,-0.1623
1582,1.313902e+01,2.122565e+01,-2.263687e+00,-1.540271e+01,-0.7257
1583,-1.214540e+00,2.123768e+01,-2.593963e+00,-1.379423e+00,-0.0650
1584,7.728735e-01,2.125009e+01,-2.927922e+00,-3.700796e+00,-0.1742
1585,1.907146e+01,2.126291e+01,-3.265410e+00,-2.233688e+01,-1.0505
1586,-3.222026e+01,2.127614e+01,-3.606290e+00,2.861397e+01,1.3449
1587,2.083310e+01,2.128979e+01,-3.950380e+00,-2.478348e+01,-1.1641
1588,-9.446528e+00,2.130387e+01,-4.297516e+00,5.149012e+00,0.2417
1589,-3.783403e+01,2.131838e+01,-4.647539e+00,3.318649e+01,1.5567
1590,-3.216908e+01,2.133332e+01,-5.000279e+00,2.716880e+01,1.2735
1591,3.570951e+00,2.134869e+01,-5.355573e+00,-8.926524e+00,-0.4181
1592,-1.484995e+01,2.136451e+01,-5.713247e+00,9.136703e+00,0.4277
1593,-4.598423e+01,2.138078e+01,-6.073149e+00,3.991108e+01,1.8667
1594,-2.516340e+01,2.139750e+01,-6.435101e+00,1.872830e+01,0.8753
1595,1.248863e+01,2.141468e+01,-6.798936e+00,-1.928757e+01,-0.9007
1596,-8.086305e+00,2.143231e+01,-7.164483e+00,9.218225e-01,0.0430
1597,1.739754e+01,2.145040e+01,-7.531576e+00,-2.492912e+01,-1.1622
1598,-3.809859e+01,2.146895e+01,-7.900045e+00,3.019854e+01,1.4066
1599,1.570430e+01,2.148797e+01,-8.269718e+00,-2.397402e+01,-1.1157
1600,-4.058727e+01,2.150746e+01,-8.640429e+00,3.194684e+01,1.4854
1601,-1.954076e+01,2.152741e+01,-9.012024e+00,1.052874e+01,0.4891
1602,4.400650e+01,2.154785e+01,-9.384356e+00,-5.339086e+01,-2.4778
1603,1.820525e+01,2.156875e+01,-9.757271e+00,-2.796253e+01,-1.2964
1604,1.246561e+01,2.159013e+01,-1.013062e+01,-2.259624e+01,-1.0466
1605,-2.872963e+01,2.161199e+01,-1.050430e+01,1.822533e+01,0.8433
1606,-2.269195e+01,2.163434e+01,-1.087810e+01,1.181384e+01,0.5461
1607,2.293946e+01,2.165716e+01,-1.125185e+01,-3.419131e+01,-1.5788
1608,-5.023791e+01,2.168047e+01,-1.162552e+01,3.861239e+01,1.7810
1609,-2.011450e+01,2.170428e+01,-1.199879e+01,8.115702e+00,0.3739
1610,1.137503e+01,2.172857e+01,-1.237165e+01,-2.374668e+01,-1.0929
1611,-1.737352e+01,2.175336e+01,-1.274378e+01,4.629749e+00,0.2128
1612,-1.572225e+01,2.177863e+01,-1.311515e+01,2.607104e+00,0.1197
1613,2.699528e+00,2.180440e+01,-1.348552e+01,-1.618505e+01,-0.7423
1614,-1.058219e+01,2.183066e+01,-1.385474e+01,-3.272550e+00,-0.1499
1615,-1.409532e+01,2.185740e+01,-1.422269e+01,-1.273638e-01,-0.0058
1616,1.962367e+01,2.188464e+01,-1.458929e+01,-3.421296e+01,-1.5633
1617,2.360938e+00,2.191236e+01,-1.495428e+01,-1.731522e+01,-0.7902
1618,1.119009e+00,2.194057e+01,-1.531759e+01,-1.643660e+01,-0.7491
1619,-3.072171e+01,2.196927e+01,-1.567910e+01,1.504261e+01,0.6847
1620,-4.160638e+01,2.199845e+01,-1.603857e+01,2.556780e+01,1.1623
1621,-3.384450e+01,2.202812e+01,-1.639607e+01,1.744843e+01,0.7921
1622,3.289650e+01,2.205826e+01,-1.675125e+01,-4.964775e+01,-2.2508
1623,2.131192e+00,2.208889e+01,-1.710412e+01,-1.923531e+01,-0.8708
1624,-9.475875e+00,2.211999e+01,-1.745440e+01,-7.978528e+00,-0.3607
1625,-3.311889e+01,2.215158e+01,-1.780209e+01,1.531679e+01,0.6915
1626,-4.030411e+01,2.218364e+01,-1.814701e+01,2.215710e+01,0.9988
1627,-1.609984e+01,2.221618e+01,-1.848899e+01,-2.389144e+00,-0.1075
1628,1.248631e+01,2.224919e+01,-1.882784e+01,-3.131416e+01,-1.4074
1629,-1.687965e+01,2.228267e+01,-1.916363e+01,-2.283979e+00,-0.1025
1630,-1.816613e+01,2.231661e+01,-1.949603e+01,-1.329897e+00,-0.0596
1631,-1.941823e+01,2.235102e+01,-1.982508e+01,-4.068523e-01,-0.0182
1632,-3.751378e+01,2.238590e+01,-2.015053e+01,1.736324e+01,0.7756
1633,-6.803760e+01,2.242123e+01,-2.047237e+01,4.756523e+01,2.1214
1634,-3.003104e+01,2.245701e+01,-2.079040e+01,9.240640e+00,0.4115
1635,-1.197782e+01,2.249323e+01,-2.110460e+01,-9.126782e+00,-0.4058
1636,-5.783262e+01,2.252991e+01,-2.141472e+01,3.641790e+01,1.6164
1637,-1.183235e+01,2.256702e+01,-2.172080e+01,-9.888453e+00,-0.4382
1638,-5.641356e+01,2.260458e+01,-2.202260e+01,3.439097e+01,1.5214
1639,-1.732816e+01,2.264256e+01,-2.232007e+01,-4.991900e+00,-0.2205
1640,-1.894530e+01,2.268098e+01,-2.261318e+01,-3.667878e+00,-0.1617
1641,-5.175871e+01,2.271983e+01,-2.290168e+01,2.885703e+01,1.2701
1642,-1.156527e+01,2.275910e+01,-2.318554e+01,-1.162027e+01,-0.5106
1643,-4.192877e+01,2.279878e+01,-2.346473e+01,1.846404e+01,0.8099
1644,-3.673359e+01,2.283888e+01,-2.373905e+01,1.299454e+01,0.5690
1645,-5.643815e+01,2.287939e+01,-2.400840e+01,3.242975e+01,1.4174
1646,1.634659e+01,2.292030e+01,-2.427281e+01,-4.061940e+01,-1.7722
1647,-3.110354e+01,2.296162e+01,-2.453211e+01,6.571427e+00,0.2862
1648,-2.109063e+01,2.300332e+01,-2.478618e+01,-3.695547e+00,-0.1607
1649,-6.268305e+00,2.304540e+01,-2.503497e+01,-1.876667e+01,-0.8143
1650,-1.640172e+01,2.308788e+01,-2.527838e+01,-8.876668e+00,-0.3845
1651,-3.609439e+01,2.313074e+01,-2.551637e+01,1.057802e+01,0.4573
1652,-4.069868e+01,2.317396e+01,-2.574890e+01,1.494978e+01,0.6451
1653,-4.245503e+01,2.321755e+01,-2.597586e+01,1.647917e+01,0.7098
1654,1.744645e+01,2.326149e+01,-2.619714e+01,-4.364359e+01,-1.8762
1655,-2.806828e+00,2.330579e+01,-2.641278e+01,-2.360595e+01,-1.0129
1656,-1.092943e+01,2.335044e+01,-2.662273e+01,-1.569330e+01,-0.6721
1657,-2.569235e+01,2.339543e+01,-2.682681e+01,-1.134460e+00,-0.0485
1658,-3.642219e+01,2.344076e+01,-2.702505e+01,9.397146e+00,0.4009
1659,-5.106948e+01,2.348642e+01,-2.721741e+01,2.385208e+01,1.0156
1660,-1.136894e+01,2.353240e+01,-2.740384e+01,-1.603491e+01,-0.6814
1661,-1.765702e+01,2.357870e+01,-2.758432e+01,-9.927295e+00,-0.4210
1662,-1.547063e+01,2.362531e+01,-2.775870e+01,-1.228807e+01,-0.5201
1663,-4.529859e+01,2.367223e+01,-2.792711e+01,1.737147e+01,0.7338
1664,6.223047e-01,2.371944e+01,-2.808942e+01,-2.871173e+01,-1.2105
1665,-8.751897e+00,2.376695e+01,-2.824551e+01,-1.949361e+01,-0.8202
1666,-1.625742e+01,2.381476e+01,-2.839547e+01,-1.213806e+01,-0.5097
1667,-1.396463e+01,2.386284e+01,-2.853927e+01,-1.457464e+01,-0.6108
1668,-1.990422e+01,2.391121e+01,-2.867678e+01,-8.772560e+00,-0.3669
1669,-6.981310e+01,2.395983e+01,-2.880801e+01,4.100509e+01,1.7114
1670,-4.111494e+01,2.400872e+01,-2.893293e+01,1.218201e+01,0.5074
1671,5.298837e+00,2.405787e+01,-2.905154e+01,-3.435038e+01,-1.4278
1672,-2.606919e+01,2.410728e+01,-2.916381e+01,-3.094621e+00,-0.1284
1673,-3.797764e+01,2.415694e+01,-2.926982e+01,8.707828e+00,0.3605
1674,-3.037927e+00,2.420682e+01,-2.936944e+01,-2.633151e+01,-1.0878
1675,3.466315e+00,2.425695e+01,-2.946276e+01,-3.292908e+01,-1.3575
1676,-6.200773e+01,2.430729e+01,-2.954981e+01,3.245791e+01,1.3353
1677,2.773674e+01,2.435787e+01,-2.963053e+01,-5.736727e+01,-2.3552
1678,-4.440909e+01,2.440865e+01,-2.970493e+01,1.470416e+01,0.6024
1679,-3.221430e+01,2.445965e+01,-2.977302e+01,2.441275e+00,0.0998
1680,-2.814049e+01,2.451084e+01,-2.983475e+01,-1.694257e+00,-0.0691
1681,-4.719352e+01,2.456224e+01,-2.989020e+01,1.730332e+01,0.7045
1682,-2.982569e+01,2.461382e+01,-2.993938e+01,-1.136883e-01,-0.0046
1683,-3.541453e+01,2.466558e+01,-2.998216e+01,5.432372e+00,0.2202
1684,-3.659351e+01,2.471754e+01,-3.001869e+01,6.574819e+00,0.2660
1685,6.139222e+00,2.476966e+01,-3.004891e+01,-3.618813e+01,-1.4610
1686,-4.195573e+01,2.482195e+01,-3.007282e+01,1.188291e+01,0.4787
1687,-6.383540e+01,2.487440e+01,-3.009059e+01,3.374480e+01,1.3566
1688,-6.788558e+01,2.492700e+01,-3.010215e+01,3.778344e+01,1.5158
1689,-3.923949e+01,2.497976e+01,-3.010749e+01,9.131996e+00,0.3656
1690,-1.632174e+01,2.503266e+01,-3.010670e+01,-1.378496e+01,-0.5507
1691,-1.198959e+01,2.508570e+01,-3.009978e+01,-1.811019e+01,-0.7219
1692,-6.133714e+01,2.513887e+01,-3.008674e+01,3.125039e+01,1.2431
1693,-3.952684e+01,2.519216e+01,-3.006772e+01,9.459121e+00,0.3755
1694,-5.924238e+01,2.524557e+01,-3.004258e+01,2.919980e+01,1.1566
1695,5.813181e-01,2.529910e+01,-3.001146e+01,-3.059278e+01,-1.2092
1696,-4.077981e+01,2.535274e+01,-2.997437e+01,1.080544e+01,0.4262
1697,-2.015704e+01,2.540648e+01,-2.993137e+01,-9.774336e+00,-0.3847
1698,3.062757e+00,2.546031e+01,-2.988240e+01,-3.294515e+01,-1.2940
1699,1.420818e+01,2.551423e+01,-2.982766e+01,-4.403584e+01,-1.7259
1700,-7.658130e+01,2.556825e+01,-2.976708e+01,4.681422e+01,1.8310
1701,-4.779237e+01,2.562235e+01,-2.970081e+01,1.809156e+01,0.7061
1702,-1.795634e+01,2.567652e+01,-2.962883e+01,-1.167248e+01,-0.4546
1703,-5.119821e+01,2.573077e+01,-2.955135e+01,2.164686e+01,0.8413
1704,-1.657455e+01,2.578508e+01,-2.946837e+01,-1.289382e+01,-0.5000
1705,-2.126587e+00,2.583946e+01,-2.937994e+01,-2.725336e+01,-1.0547
1706,-4.262590e+00,2.589390e+01,-2.928621e+01,-2.502362e+01,-0.9664
1707,-1.317851e+01,2.594839e+01,-2.918707e+01,-1.600856e+01,-0.6169
1708,-2.495486e+00,2.600293e+01,-2.908274e+01,-2.658726e+01,-1.0225
1709,-1.632973e+01,2.605751e+01,-2.897321e+01,-1.264348e+01,-0.4852
1710,-9.807011e+00,2.611213e+01,-2.885853e+01,-1.905152e+01,-0.7296
1711,-3.954479e+01,2.616678e+01,-2.873883e+01,1.080596e+01,0.4130
1712,-3.212494e+01,2.622147e+01,-2.861417e+01,3.510763e+00,0.1339
1713,-4.588449e+01,2.627616e+01,-2.848461e+01,1.739988e+01,0.6622
1714,-4.348872e+01,2.633088e+01,-2.835012e+01,1.513860e+01,0.5749
1715,-5.933464e+01,2.638562e+01,-2.821098e+01,3.112366e+01,1.1796
1716,2.008715e+01,2.644037e+01,-2.806718e+01,-4.815433e+01,-1.8212
1717,-7.424352e+01,2.649512e+01,-2.791876e+01,4.632477e+01,1.7484
1718,1.089898e+01,2.654990e+01,-2.776592e+01,-3.866490e+01,-1.4563
1719,-1.346507e+01,2.660466e+01,-2.760857e+01,-1.414351e+01,-0.5316
1720,-1.130296e+01,2.665943e+01,-2.744699e+01,-1.614403e+01,-0.6056
1721,-2.672707e+01,2.671420e+01,-2.728114e+01,-5.540748e-01,-0.0207
1722,-1.018931e+01,2.676896e+01,-2.711116e+01,-1.692185e+01,-0.6321
1723,1.386253e+01,2.682371e+01,-2.693723e+01,-4.079977e+01,-1.5210
1724,-3.796003e+01,2.687844e+01,-2.675927e+01,1.120076e+01,0.4167
1725,1.080396e+01,2.693315e+01,-2.657753e+01,-3.738149e+01,-1.3879
1726,1.132820e+01,2.698785e+01,-2.639200e+01,-3.772020e+01,-1.3977
1727,-4.176903e+01,2.704252e+01,-2.620279e+01,1.556624e+01,0.5756
1728,-4.622022e+01,2.709716e+01,-2.601003e+01,2.021019e+01,0.7458
1729,-4.926716e+01,2.715177e+01,-2.581384e+01,2.345332e+01,0.8638
1730,-1.563199e+01,2.720635e+01,-2.561418e+01,-9.982189e+00,-0.3669
1731,-5.168368e+01,2.726089e+01,-2.541126e+01,2.627242e+01,0.9637
1732,-6.519712e+01,2.731538e+01,-2.520510e+01,3.999202e+01,1.4641
1733,-2.257495e+01,2.736985e+01,-2.499585e+01,-2.420895e+00,-0.0885
1734,-4.216267e+01,2.742426e+01,-2.478353e+01,1.737914e+01,0.6337
1735,2.219062e+01,2.747863e+01,-2.456834e+01,-4.675895e+01,-1.7016
1736,-6.254378e+01,2.753297e+01,-2.435039e+01,3.819339e+01,1.3872
1737,-6.238967e+01,2.758725e+01,-2.412974e+01,3.825993e+01,1.3869
1738,-2.343273e+01,2.764148e+01,-2.390663e+01,-4.739054e-01,-0.0171
1739,-3.713516e+01,2.769566e+01,-2.368105e+01,1.345411e+01,0.4858
1740,-8.466382e+00,2.774979e+01,-2.345319e+01,-1.498680e+01,-0.5401
1741,2.930192e+00,2.780386e+01,-2.322307e+01,-2.615326e+01,-0.9406
1742,2.219108e+00,2.785787e+01,-2.299097e+01,-2.521008e+01,-0.9050
1743,-5.748511e+01,2.791182e+01,-2.275678e+01,3.472833e+01,1.2442
1744,-2.928541e+01,2.796572e+01,-2.252069e+01,6.764720e+00,0.2419
1745,7.434009e+00,2.801955e+01,-2.228280e+01,-2.971681e+01,-1.0606
1746,-6.179276e+01,2.807331e+01,-2.204325e+01,3.974952e+01,1.4159
1747,-3.052241e+01,2.812701e+01,-2.180199e+01,8.720428e+00,0.3100
1748,1.007153e+01,2.818064e+01,-2.155935e+01,-3.163088e+01,-1.1224
1749,-4.141740e+00,2.823420e+01,-2.131523e+01,-1.717349e+01,-0.6083
1750,-5.650562e+01,2.828770e+01,-2.106990e+01,3.543572e+01,1.2527
1751,-6.653083e+00,2.834112e+01,-2.082338e+01,-1.417030e+01,-0.5000
1752,2.495259e+01,2.839449e+01,-2.057587e+01,-4.552846e+01,-1.6034
1753,-1.345351e+01,2.844779e+01,-2.032738e+01,-6.873874e+00,-0.2416
1754,1.002685e+01,2.850102e+01,-2.007803e+01,-3.010488e+01,-1.0563
1755,-1.327862e+01,2.855417e+01,-1.982799e+01,-6.549369e+00,-0.2294
1756,-4.381852e+01,2.860727e+01,-1.957722e+01,2.424131e+01,0.8474
1757,-4.458243e+01,2.866029e+01,-1.932597e+01,2.525646e+01,0.8812
1758,-7.238196e+01,2.871325e+01,-1.907427e+01,5.330768e+01,1.8566
1759,-3.048639e+01,2.876615e+01,-1.882223e+01,1.166415e+01,0.4055
1760,7.960749e+00,2.881896e+01,-1.856988e+01,-2.653063e+01,-0.9206
1761,-1.832991e+01,2.887172e+01,-1.831740e+01,1.250822e-02,0.0004
1762,2.416577e+01,2.892440e+01,-1.806481e+01,-4.223058e+01,-1.4600
1763,-2.558630e+01,2.897703e+01,-1.781237e+01,7.773930e+00,0.2683
1764,-1.011624e+01,2.902957e+01,-1.756003e+01,-7.443793e+00,-0.2564
1765,-1.456761e+01,2.908207e+01,-1.730791e+01,-2.740301e+00,-0.0942
1766,3.318465e+01,2.913448e+01,-1.705625e+01,-5.024090e+01,-1.7244
1767,3.682694e+00,2.918684e+01,-1.680501e+01,-2.048770e+01,-0.7020
1768,1.548125e+01,2.923914e+01,-1.655437e+01,-3.203562e+01,-1.0956
1769,-3.099892e-01,2.929138e+01,-1.630437e+01,-1.599438e+01,-0.5460
1770,-1.132519e+01,2.934356e+01,-1.605517e+01,-4.729980e+00,-0.1612
1771,-2.340911e+01,2.939569e+01,-1.580689e+01,7.602213e+00,0.2586
1772,-6.437009e+01,2.944775e+01,-1.555949e+01,4.881060e+01,1.6575
1773,-5.432102e+01,2.949977e+01,-1.531315e+01,3.900787e+01,1.3223
1774,1.036955e+01,2.955173e+01,-1.506796e+01,-2.543751e+01,-0.8608
1775,-6.816735e+01,2.960363e+01,-1.482397e+01,5.334337e+01,1.8019
1776,5.068179e+01,2.965550e+01,-1.458136e+01,-6.526315e+01,-2.2007
1777,-1.736821e+00,2.970732e+01,-1.434009e+01,-1.260327e+01,-0.4242
1778,-8.908229e+01,2.975909e+01,-1.410033e+01,7.498196e+01,2.5196
1779,-4.651933e+01,2.981081e+01,-1.386213e+01,3.265721e+01,1.0955
1780,-1.144803e+01,2.986249e+01,-1.362566e+01,-2.177624e+00,-0.0729
1781,-3.149683e+01,2.991413e+01,-1.339088e+01,1.810595e+01,0.6053
1782,4.425814e+01,2.996574e+01,-1.315806e+01,-5.741620e+01,-1.9161
1783,-4.860495e+01,3.001732e+01,-1.292708e+01,3.567788e+01,1.1886
1784,-2.321183e+01,3.006886e+01,-1.269812e+01,1.051371e+01,0.3497
1785,-4.023451e+01,3.012037e+01,-1.247129e+01,2.776322e+01,0.9217
1786,-6.533268e+00,3.017186e+01,-1.224657e+01,-5.713300e+00,-0.1894
1787,1.758003e+01,3.022332e+01,-1.202420e+01,-2.960423e+01,-0.9795
1788,3.985175e+01,3.027476e+01,-1.180408e+01,-5.165583e+01,-1.7062
1789,-2.099770e+01,3.032618e+01,-1.158646e+01,9.411237e+00,0.3103
1790,-3.661953e+00,3.037760e+01,-1.137124e+01,-7.709291e+00,-0.2538
1791,8.951826e+00,3.042900e+01,-1.115861e+01,-2.011044e+01,-0.6609
1792,-3.656152e+01,3.048038e+01,-1.094860e+01,2.561292e+01,0.8403
1793,-3.100385e+01,3.053176e+01,-1.074133e+01,2.026252e+01,0.6637
1794,4.108765e+01,3.058314e+01,-1.053684e+01,-5.162449e+01,-1.6880
1795,-1.882794e+01,3.063452e+01,-1.033517e+01,8.492771e+00,0.2772
1796,-1.057469e+01,3.068589e+01,-1.013636e+01,4.383224e-01,0.0143
1797,-4.830378e+01,3.073729e+01,-9.940609e+00,3.836317e+01,1.2481
1798,1.493056e-01,3.078867e+01,-9.747951e+00,-9.897257e+00,-0.3215
1799,2.002866e+00,3.084007e+01,-9.558283e+00,-1.156115e+01,-0.3749
1800,-3.625474e+01,3.089151e+01,-9.371874e+00,2.688287e+01,0.8702
1801,3.648307e+01,3.094295e+01,-9.188684e+00,-4.567176e+01,-1.4760
1802,-1.769335e+00,3.099442e+01,-9.008785e+00,-7.239450e+00,-0.2336
1803,3.777302e+01,3.104591e+01,-8.832248e+00,-4.660527e+01,-1.5012
1804,-1.499916e+01,3.109744e+01,-8.659114e+00,6.340048e+00,0.2039
1805,-8.935264e+01,3.114901e+01,-8.489419e+00,8.086322e+01,2.5960
1806,3.882587e+01,3.120061e+01,-8.323213e+00,-4.714908e+01,-1.5112
1807,-2.282679e+01,3.125226e+01,-8.160532e+00,1.466626e+01,0.4693
1808,-3.530514e+01,3.130397e+01,-8.001421e+00,2.730372e+01,0.8722
1809,1.227100e+01,3.135571e+01,-7.845931e+00,-2.011694e+01,-0.6416
1810,-4.029882e+01,3.140752e+01,-7.694102e+00,3.260472e+01,1.0381
1811,1.365486e+01,3.145939e+01,-7.545965e+00,-2.120082e+01,-0.6739
1812,-2.394669e+01,3.151134e+01,-7.401544e+00,1.654515e+01,0.5251
1813,1.281854e+00,3.156335e+01,-7.260880e+00,-8.542734e+00,-0.2707
1814,-1.391871e+01,3.161542e+01,-7.124007e+00,6.794698e+00,0.2149
1815,4.172242e+01,3.166758e+01,-6.990951e+00,-4.871337e+01,-1.5383
1816,3.555359e+01,3.171983e+01,-6.861741e+00,-4.241533e+01,-1.3372
1817,-3.797529e+01,3.177217e+01,-6.736419e+00,3.123887e+01,0.9832
1818,1.539473e+01,3.182460e+01,-6.614999e+00,-2.200973e+01,-0.6916
1819,3.012233e+01,3.187712e+01,-6.497505e+00,-3.661984e+01,-1.1488
1820,-9.797062e+00,3.192975e+01,-6.383958e+00,3.413104e+00,0.1069
1821,-2.087171e+01,3.198249e+01,-6.274384e+00,1.459733e+01,0.4564
1822,4.978523e+00,3.203533e+01,-6.168798e+00,-1.114732e+01,-0.3480
1823,4.698689e+01,3.208831e+01,-6.067235e+00,-5.305412e+01,-1.6534
1824,1.063844e+01,3.214140e+01,-5.969712e+00,-1.660815e+01,-0.5167
1825,-3.574737e+01,3.219460e+01,-5.876227e+00,2.987114e+01,0.9278
1826,-3.567024e+01,3.224794e+01,-5.786800e+00,2.988344e+01,0.9267
1827,4.202972e+01,3.230142e+01,-5.701422e+00,-4.773114e+01,-1.4777
1828,-1.697550e+01,3.235505e+01,-5.620100e+00,1.135540e+01,0.3510
1829,-2.659291e+01,3.240881e+01,-5.542849e+00,2.105006e+01,0.6495
1830,-1.701503e+00,3.246272e+01,-5.469678e+00,-3.768175e+00,-0.1161
1831,-6.021801e+01,3.251681e+01,-5.400580e+00,5.481743e+01,1.6858
1832,3.571745e+01,3.257104e+01,-5.335558e+00,-4.105301e+01,-1.2604
1833,3.152145e+00,3.262546e+01,-5.274616e+00,-8.426761e+00,-0.2583
1834,-2.176453e+01,3.268002e+01,-5.217742e+00,1.654679e+01,0.5063
1835,1.995890e+01,3.273476e+01,-5.164941e+00,-2.512384e+01,-0.7675
1836,1.604485e+01,3.278971e+01,-5.116204e+00,-2.116105e+01,-0.6454
1837,-3.254972e+00,3.284483e+01,-5.071537e+00,-1.816565e+00,-0.0553
1838,-8.795753e+00,3.290013e+01,-5.030933e+00,3.764820e+00,0.1144
1839,-9.792102e+00,3.295565e+01,-4.994383e+00,4.797719e+00,0.1456
1840,2.434999e+01,3.301135e+01,-4.961868e+00,-2.931186e+01,-0.8879
1841,-1.243869e+01,3.306728e+01,-4.933374e+00,7.505317e+00,0.2270
1842,-2.491960e+01,3.312342e+01,-4.908881e+00,2.001072e+01,0.6041
1843,-4.287227e+01,3.317976e+01,-4.888378e+00,3.798390e+01,1.1448
1844,-5.513838e+01,3.323634e+01,-4.871854e+00,5.026653e+01,1.5124
1845,-1.473488e+01,3.329315e+01,-4.859284e+00,9.875594e+00,0.2966
1846,-3.329950e+01,3.335020e+01,-4.850659e+00,2.844884e+01,0.8530
1847,7.990488e+01,3.340747e+01,-4.845956e+00,-8.475084e+01,-2.5369
1848,-4.507529e+01,3.346500e+01,-4.845144e+00,4.023014e+01,1.2022
1849,2.880894e+01,3.352279e+01,-4.848209e+00,-3.365715e+01,-1.0040
1850,2.590320e+01,3.358083e+01,-4.855122e+00,-3.075832e+01,-0.9159
1851,-1.434710e+01,3.363914e+01,-4.865878e+00,9.481222e+00,0.2819
1852,-6.205024e+00,3.369770e+01,-4.880444e+00,1.324580e+00,0.0393
1853,4.510197e+01,3.375654e+01,-4.898789e+00,-5.000076e+01,-1.4812
1854,-3.081090e+01,3.381565e+01,-4.920875e+00,2.589002e+01,0.7656
1855,4.727324e+01,3.387505e+01,-4.946650e+00,-5.221989e+01,-1.5415
1856,-9.540993e+00,3.393472e+01,-4.976091e+00,4.564902e+00,0.1345
1857,3.257246e+01,3.399468e+01,-5.009156e+00,-3.758162e+01,-1.1055
1858,-5.460520e+01,3.405495e+01,-5.045801e+00,4.955940e+01,1.4553
1859,-3.971227e+01,3.411550e+01,-5.085991e+00,3.462628e+01,1.0150
1860,8.073776e+01,3.417637e+01,-5.129686e+00,-8.586744e+01,-2.5125
1861,2.318902e+01,3.423755e+01,-5.176836e+00,-2.836586e+01,-0.8285
1862,-5.976094e+01,3.429904e+01,-5.227395e+00,5.453354e+01,1.5899
1863,3.188125e+01,3.436084e+01,-5.281329e+00,-3.716258e+01,-1.0815
1864,3.870434e+01,3.442297e+01,-5.338592e+00,-4.404293e+01,-1.2795
1865,-2.750839e+00,3.448545e+01,-5.399139e+00,-2.648301e+00,-0.0768
1866,-4.691282e+01,3.454823e+01,-5.462924e+00,4.144990e+01,1.1998
1867,1.784265e+01,3.461136e+01,-5.529902e+00,-2.337255e+01,-0.6753
1868,2.295483e+00,3.467484e+01,-5.600008e+00,-7.895490e+00,-0.2277
1869,-4.098942e+01,3.473865e+01,-5.673196e+00,3.531622e+01,1.0166
1870,-4.610451e+01,3.480281e+01,-5.749410e+00,4.035510e+01,1.1595
1871,-5.777349e+01,3.486734e+01,-5.828592e+00,5.194489e+01,1.4898
1872,2.667946e+01,3.493221e+01,-5.910693e+00,-3.259015e+01,-0.9330
1873,3.241602e+01,3.499745e+01,-5.995656e+00,-3.841168e+01,-1.0976
1874,2.721930e+01,3.506304e+01,-6.083425e+00,-3.330273e+01,-0.9498
1875,-5.964358e+00,3.512902e+01,-6.173931e+00,-2.095731e-01,-0.0060
1876,-4.110407e+01,3.519536e+01,-6.267119e+00,3.483695e+01,0.9898
1877,1.486111e+01,3.526207e+01,-6.362926e+00,-2.122403e+01,-0.6019
1878,1.011588e+01,3.532917e+01,-6.461292e+00,-1.657717e+01,-0.4692
1879,1.351714e+01,3.539667e+01,-6.562155e+00,-2.007929e+01,-0.5673
1880,1.518639e+01,3.546453e+01,-6.665456e+00,-2.185184e+01,-0.6162
1881,4.964909e+01,3.553281e+01,-6.771133e+00,-5.642022e+01,-1.5878
1882,-8.401876e+00,3.560148e+01,-6.879121e+00,1.522755e+00,0.0428
1883,2.773496e+01,3.567053e+01,-6.989352e+00,-3.472432e+01,-0.9735
1884,1.301252e+01,3.574000e+01,-7.101775e+00,-2.011430e+01,-0.5628
1885,-7.392895e+01,3.580988e+01,-7.216331e+00,6.671262e+01,1.8630
1886,3.135303e+01,3.588018e+01,-7.332941e+00,-3.868597e+01,-1.0782
1887,4.355553e+01,3.595088e+01,-7.451562e+00,-5.100709e+01,-1.4188
1888,-1.726226e+01,3.602199e+01,-7.572105e+00,9.690158e+00,0.2690
1889,-8.719819e+01,3.609353e+01,-7.694500e+00,7.950369e+01,2.2027
1890,6.579947e+00,3.616549e+01,-7.818675e+00,-1.439862e+01,-0.3981
1891,2.399996e+01,3.623788e+01,-7.944558e+00,-3.194452e+01,-0.8815
1892,-7.747275e+00,3.631069e+01,-8.072064e+00,-3.247886e-01,-0.0089
1893,-7.539235e+00,3.638393e+01,-8.201129e+00,-6.618943e-01,-0.0182
1894,-3.730421e-01,3.645760e+01,-8.331683e+00,-7.958641e+00,-0.2183
1895,-2.489302e+01,3.653171e+01,-8.463641e+00,1.642938e+01,0.4497
1896,3.247889e+01,3.660627e+01,-8.596939e+00,-4.107583e+01,-1.1221
1897,2.260417e+01,3.668126e+01,-8.731517e+00,-3.133569e+01,-0.8543
1898,1.345451e+00,3.675670e+01,-8.867303e+00,-1.021275e+01,-0.2778
1899,-4.457340e+01,3.683258e+01,-9.004230e+00,3.556917e+01,0.9657
1900,-4.284316e+01,3.690892e+01,-9.142219e+00,3.370095e+01,0.9131
1901,5.291295e+01,3.698573e+01,-9.281212e+00,-6.219416e+01,-1.6816
1902,-2.381153e+01,3.706296e+01,-9.421136e+00,1.439039e+01,0.3883
1903,-1.019510e+02,3.714065e+01,-9.561900e+00,9.238910e+01,2.4875
1904,7.159154e+01,3.721882e+01,-9.703538e+00,-8.129507e+01,-2.1842
1905,8.837679e+01,3.729743e+01,-9.845824e+00,-9.822262e+01,-2.6335
1906,-4.529968e+01,3.737648e+01,-9.988795e+00,3.531088e+01,0.9447
1907,-4.727276e+00,3.745602e+01,-1.013241e+01,-5.405133e+00,-0.1443
1908,-1.208671e+02,3.753600e+01,-1.027648e+01,1.105907e+02,2.9463
1909,-2.305051e+01,3.761644e+01,-1.042104e+01,1.262947e+01,0.3357
1910,-2.708813e+01,3.769735e+01,-1.056605e+01,1.652208e+01,0.4383
1911,-4.901310e+00,3.777871e+01,-1.071133e+01,-5.810018e+00,-0.1538
1912,-2.690859e+01,3.786056e+01,-1.085683e+01,1.605177e+01,0.4240
1913,-3.602767e+01,3.794286e+01,-1.100259e+01,2.502508e+01,0.6595
1914,5.037229e+01,3.802563e+01,-1.114842e+01,-6.152071e+01,-1.6179
1915,-1.000386e+01,3.810886e+01,-1.129435e+01,-1.290490e+00,-0.0339
1916,1.771940e+01,3.819256e+01,-1.144028e+01,-2.915968e+01,-0.7635
1917,-3.419776e+01,3.827674e+01,-1.158609e+01,2.261167e+01,0.5907
1918,-1.709502e+01,3.836136e+01,-1.173181e+01,5.363215e+00,0.1398
1919,-5.886353e+00,3.844647e+01,-1.187725e+01,-5.990901e+00,-0.1558
1920,-1.981829e+01,3.853205e+01,-1.202246e+01,7.795831e+00,0.2023
1921,-7.293169e+00,3.861807e+01,-1.216731e+01,-4.874141e+00,-0.1262
1922,7.127813e+00,3.870459e+01,-1.231177e+01,-1.943958e+01,-0.5023
1923,-2.395546e+01,3.879157e+01,-1.245572e+01,1.149975e+01,0.2964
1924,5.933199e+00,3.887902e+01,-1.259912e+01,-1.853231e+01,-0.4767
1925,-8.270807e+01,3.896694e+01,-1.274193e+01,6.996614e+01,1.7955
1926,5.973990e+01,3.905530e+01,-1.288411e+01,-7.262400e+01,-1.8595
1927,-1.039526e+01,3.914415e+01,-1.302547e+01,-2.630213e+00,-0.0672
1928,-1.141308e+01,3.923348e+01,-1.316612e+01,-1.753037e+00,-0.0447
1929,3.335316e+01,3.932327e+01,-1.330587e+01,-4.665902e+01,-1.1865
1930,-9.357732e+01,3.941352e+01,-1.344468e+01,8.013265e+01,2.0331
1931,-4.729686e+01,3.950424e+01,-1.358250e+01,3.371436e+01,0.8534
1932,2.166217e+01,3.959542e+01,-1.371930e+01,-3.538146e+01,-0.8936
1933,2.149673e+01,3.968708e+01,-1.385503e+01,-3.535176e+01,-0.8908
1934,3.631897e+01,3.977919e+01,-1.398957e+01,-5.030855e+01,-1.2647
1935,-7.925649e+00,3.987177e+01,-1.412289e+01,-6.197239e+00,-0.1554
1936,-7.975143e+01,3.996481e+01,-1.425493e+01,6.549649e+01,1.6389
1937,3.924887e+01,4.005831e+01,-1.438559e+01,-5.363446e+01,-1.3389
1938,-1.263698e+00,4.015228e+01,-1.451489e+01,-1.325120e+01,-0.3300
1939,-3.841565e+01,4.024671e+01,-1.464272e+01,2.377293e+01,0.5907
1940,1.842883e+01,4.034159e+01,-1.476910e+01,-3.319793e+01,-0.8229
1941,-4.613147e+01,4.043692e+01,-1.489392e+01,3.123755e+01,0.7725
1942,-3.008777e+01,4.053269e+01,-1.501705e+01,1.507072e+01,0.3718
1943,-2.552007e+01,4.062892e+01,-1.513860e+01,1.038147e+01,0.2555
1944,-5.821964e+01,4.072563e+01,-1.525837e+01,4.296127e+01,1.0549
1945,2.996013e+01,4.082276e+01,-1.537640e+01,-4.533653e+01,-1.1106
1946,9.163191e+00,4.092034e+01,-1.549256e+01,-2.465576e+01,-0.6025
1947,4.787709e+01,4.101837e+01,-1.560688e+01,-6.348398e+01,-1.5477
1948,-3.873200e+01,4.111683e+01,-1.571924e+01,2.301275e+01,0.5597
1949,1.775526e+01,4.121572e+01,-1.582959e+01,-3.358485e+01,-0.8149
1950,-1.174933e+01,4.131508e+01,-1.593795e+01,-4.188626e+00,-0.1014
1951,4.409359e+01,4.141486e+01,-1.604421e+01,-6.013780e+01,-1.4521
1952,-2.558555e+01,4.151508e+01,-1.614832e+01,9.437234e+00,0.2273
1953,1.981988e+00,4.161572e+01,-1.625030e+01,-1.823228e+01,-0.4381
1954,5.512535e+00,4.171681e+01,-1.635011e+01,-2.186264e+01,-0.5241
1955,-3.302705e+01,4.181830e+01,-1.644763e+01,1.657942e+01,0.3965
1956,9.741729e+00,4.192024e+01,-1.654296e+01,-2.628469e+01,-0.6270
1957,1.151968e+01,4.202258e+01,-1.663605e+01,-2.815573e+01,-0.6700
1958,-1.864768e+01,4.212537e+01,-1.672671e+01,1.920972e+00,0.0456
1959,-4.474841e+01,4.222855e+01,-1.681511e+01,2.793330e+01,0.6615
1960,-1.306116e+01,4.233217e+01,-1.690105e+01,-3.839893e+00,-0.0907
1961,-8.813107e+01,4.243622e+01,-1.698464e+01,7.114643e+01,1.6765
1962,2.628927e+01,4.254064e+01,-1.706574e+01,-4.335501e+01,-1.0191
1963,-7.036321e+01,4.264550e+01,-1.714439e+01,5.321883e+01,1.2479
1964,1.198783e+01,4.275077e+01,-1.722052e+01,-2.920835e+01,-0.6832
1965,4.760454e+01,4.285641e+01,-1.729409e+01,-6.489863e+01,-1.5143
1966,-1.233898e+01,4.296249e+01,-1.736512e+01,-5.026137e+00,-0.1170
1967,-2.828980e+01,4.306896e+01,-1.743356e+01,1.085624e+01,0.2521
1968,-3.826300e+01,4.317583e+01,-1.749942e+01,2.076357e+01,0.4809
1969,-3.055959e+01,4.328310e+01,-1.756266e+01,1.299694e+01,0.3003
1970,9.115326e+00,4.339073e+01,-1.762329e+01,-2.673862e+01,-0.6162
1971,-1.863834e+01,4.349878e+01,-1.768119e+01,9.571583e-01,0.0220
1972,-3.302691e+01,4.360722e+01,-1.773651e+01,1.529040e+01,0.3506
1973,-7.608011e+01,4.371604e+01,-1.778906e+01,5.829105e+01,1.3334
1974,-9.386811e+01,4.382524e+01,-1.783886e+01,7.602926e+01,1.7348
1975,4.329020e+01,4.393482e+01,-1.788599e+01,-6.117619e+01,-1.3924
1976,-3.376914e+00,4.404478e+01,-1.793032e+01,-1.455340e+01,-0.3304
1977,-6.487859e+01,4.415512e+01,-1.797187e+01,4.690673e+01,1.0623
1978,-6.808167e+01,4.426582e+01,-1.801065e+01,5.007102e+01,1.1311
1979,-5.753534e+01,4.437688e+01,-1.804660e+01,3.948873e+01,0.8898
1980,2.563228e+01,4.448832e+01,-1.807974e+01,-4.371202e+01,-0.9826
1981,-3.084256e+00,4.460010e+01,-1.811008e+01,-1.502583e+01,-0.3369
1982,-3.759946e+01,4.471226e+01,-1.813763e+01,1.946183e+01,0.4353
1983,-3.196662e+01,4.482477e+01,-1.816241e+01,1.380421e+01,0.3080
1984,-4.048950e+01,4.493765e+01,-1.818435e+01,2.230515e+01,0.4964
1985,-3.102755e+01,4.505086e+01,-1.820346e+01,1.282410e+01,0.2847
1986,-1.685335e+01,4.516442e+01,-1.821975e+01,-1.366403e+00,-0.0303
1987,5.304014e+01,4.527832e+01,-1.823323e+01,-7.127337e+01,-1.5741
1988,-2.636215e+01,4.539257e+01,-1.824392e+01,8.118237e+00,0.1788
1989,-5.980927e+01,4.550725e+01,-1.825174e+01,4.155753e+01,0.9132
1990,6.180236e+00,4.562217e+01,-1.825677e+01,-2.443701e+01,-0.5356
1991,-3.771392e+01,4.573745e+01,-1.825896e+01,1.945496e+01,0.4254
1992,-3.813240e+01,4.585307e+01,-1.825830e+01,1.987410e+01,0.4334
1993,-5.078114e+01,4.596992e+01,-1.825488e+01,3.252625e+01,0.7076
1994,-7.329663e+01,4.608617e+01,-1.824856e+01,5.504807e+01,1.1945
1995,-4.853576e-01,4.622980e+01,-1.823948e+01,-1.775412e+01,-0.3840
1996,-1.097397e+02,4.634678e+01,-1.822757e+01,9.151216e+01,1.9745
