candidate_id,bin,route_combination,operator_class,route_class,partition_signature,closure_depth,q_sign,q_abs,native_charge_axis,spin_or_hand_class,color_or_owner_closure,closure_status,stability_status,M_native,surface_sign,surface_depth,surface_packet_address,S_debit_or_credit,M_observed_candidate,qA_source_support,tensor_carrier_support,retained_write_support,matter_row_allowed,known_match,promotion_status,latest_table_layer,latest_boundary_subtype,latest_matter_row_allowed,latest_promotion_status,latest_override_source,matter_gate_status,matter_gate_source,courtroom_table_layer,vault_reveal_status,vault_identity,known_identity_label,known_symbol,known_name,identity_assignment_role,known_label_used_as_construction_input,vault_reveal_source
QP093A-0001,stable_matter_rows,"plus_single_write[p=1,g=0]",V4_1_SINGLE_WRITE,single_write,1,0,positive,1,plus,fermion_half_write,owner_closed,CLOSED_WRITE,STABLE_MATTER_CANDIDATE,1.25,zero_contact,route_contact,route_contact,0,1.25,1.258680555555555555555555555555555555555555555555555555555555555555555555555555555555555555555555555,0.1573350694444444444444444444444444444444444444444444444444444444444444444444444444444444444444444444,1.101345486111111111111111111111111111111111111111111111111111111111111111111111111111111111111111111,yes,,MATTER_ROW_ALLOWED_AFTER_SURFACE_GATE,matter_row,,yes,MATTER_ROW_ALLOWED_AFTER_SURFACE_GATE,QP093A,PASS_STABLE_SINGLE_WRITE_MATTER,QP093A_WITH_QP093B_NULL_BOUNDARY,matter,NATIVE_MATTER_IDENTITY_ASSIGNED_NO_KNOWN_LABEL,QP093A-0001|stable_matter_rows|V4_1_SINGLE_WRITE|single_write|p=1|d=0|q=positive:1,,,,native_identity_no_external_label,no,CR119_DOWNSTREAM_ONLY_REVEAL
QP093A-0002,stable_matter_rows,"minus_single_write[p=1,g=0]",V4_1_SINGLE_WRITE,single_write,1,0,negative,1,minus,fermion_half_write,owner_closed,CLOSED_WRITE,STABLE_MATTER_CANDIDATE,1.5,zero_contact,route_contact,route_contact,0,1.5,1.510416666666666666666666666666666666666666666666666666666666666666666666666666666666666666666666666,0.1888020833333333333333333333333333333333333333333333333333333333333333333333333333333333333333333332,1.321614583333333333333333333333333333333333333333333333333333333333333333333333333333333333333333332,yes,,MATTER_ROW_ALLOWED_AFTER_SURFACE_GATE,matter_row,,yes,MATTER_ROW_ALLOWED_AFTER_SURFACE_GATE,QP093A,PASS_STABLE_SINGLE_WRITE_MATTER,QP093A_WITH_QP093B_NULL_BOUNDARY,matter,NATIVE_MATTER_IDENTITY_ASSIGNED_NO_KNOWN_LABEL,QP093A-0002|stable_matter_rows|V4_1_SINGLE_WRITE|single_write|p=1|d=0|q=negative:1,,,,native_identity_no_external_label,no,CR119_DOWNSTREAM_ONLY_REVEAL
QP093A-0003,stable_matter_rows,"neutral_single_write[p=1,g=0]",OUTER_BINARY_NEUTRAL,outer_binary_neutral,1,0,neutral,0,neutral,fermion_half_write,owner_closed,CLOSED_WRITE,STABLE_NEUTRAL_CANDIDATE,0.125,zero_contact,route_contact,route_contact,0,0.125,0.125,0.015625,0.109375,yes,,MATTER_ROW_ALLOWED_AFTER_SURFACE_GATE,matter_row,,yes,MATTER_ROW_ALLOWED_AFTER_SURFACE_GATE,QP093A,PASS_STABLE_SINGLE_WRITE_MATTER,QP093A_WITH_QP093B_NULL_BOUNDARY,matter,NATIVE_MATTER_IDENTITY_ASSIGNED_NO_KNOWN_LABEL,QP093A-0003|stable_matter_rows|OUTER_BINARY_NEUTRAL|outer_binary_neutral|p=1|d=0|q=neutral:0,,,,native_identity_no_external_label,no,CR119_DOWNSTREAM_ONLY_REVEAL
QP093A-0004,stable_matter_rows,"plus_single_write[p=2,g=0]",V4_1_SINGLE_WRITE,single_write,2,0,positive,2,plus,fermion_half_write,owner_closed,CLOSED_WRITE,STABLE_MATTER_CANDIDATE,2.50,zero_contact,route_contact,route_contact,0,2.50,2.534722222222222222222222222222222222222222222222222222222222222222222222222222222222222222222222222,0.3168402777777777777777777777777777777777777777777777777777777777777777777777777777777777777777777778,2.217881944444444444444444444444444444444444444444444444444444444444444444444444444444444444444444444,yes,,MATTER_ROW_ALLOWED_AFTER_SURFACE_GATE,matter_row,,yes,MATTER_ROW_ALLOWED_AFTER_SURFACE_GATE,QP093A,PASS_STABLE_SINGLE_WRITE_MATTER,QP093A_WITH_QP093B_NULL_BOUNDARY,matter,NATIVE_MATTER_IDENTITY_ASSIGNED_NO_KNOWN_LABEL,QP093A-0004|stable_matter_rows|V4_1_SINGLE_WRITE|single_write|p=2|d=0|q=positive:2,,,,native_identity_no_external_label,no,CR119_DOWNSTREAM_ONLY_REVEAL
QP093A-0005,stable_matter_rows,"minus_single_write[p=2,g=0]",V4_1_SINGLE_WRITE,single_write,2,0,negative,2,minus,fermion_half_write,owner_closed,CLOSED_WRITE,STABLE_MATTER_CANDIDATE,3.0,zero_contact,route_contact,route_contact,0,3.0,3.041666666666666666666666666666666666666666666666666666666666666666666666666666666666666666666666667,0.3802083333333333333333333333333333333333333333333333333333333333333333333333333333333333333333333334,2.661458333333333333333333333333333333333333333333333333333333333333333333333333333333333333333333334,yes,,MATTER_ROW_ALLOWED_AFTER_SURFACE_GATE,matter_row,,yes,MATTER_ROW_ALLOWED_AFTER_SURFACE_GATE,QP093A,PASS_STABLE_SINGLE_WRITE_MATTER,QP093A_WITH_QP093B_NULL_BOUNDARY,matter,NATIVE_MATTER_IDENTITY_ASSIGNED_NO_KNOWN_LABEL,QP093A-0005|stable_matter_rows|V4_1_SINGLE_WRITE|single_write|p=2|d=0|q=negative:2,,,,native_identity_no_external_label,no,CR119_DOWNSTREAM_ONLY_REVEAL
QP093A-0006,stable_matter_rows,"neutral_single_write[p=2,g=0]",OUTER_BINARY_NEUTRAL,outer_binary_neutral,2,0,neutral,0,neutral,fermion_half_write,owner_closed,CLOSED_WRITE,STABLE_NEUTRAL_CANDIDATE,0.250,zero_contact,route_contact,route_contact,0,0.250,0.250,0.03125,0.21875,yes,,MATTER_ROW_ALLOWED_AFTER_SURFACE_GATE,matter_row,,yes,MATTER_ROW_ALLOWED_AFTER_SURFACE_GATE,QP093A,PASS_STABLE_SINGLE_WRITE_MATTER,QP093A_WITH_QP093B_NULL_BOUNDARY,matter,NATIVE_MATTER_IDENTITY_ASSIGNED_NO_KNOWN_LABEL,QP093A-0006|stable_matter_rows|OUTER_BINARY_NEUTRAL|outer_binary_neutral|p=2|d=0|q=neutral:0,,,,native_identity_no_external_label,no,CR119_DOWNSTREAM_ONLY_REVEAL
QP093A-0007,stable_matter_rows,"plus_single_write[p=3,g=0]",V4_1_SINGLE_WRITE,single_write,3,0,positive,3,plus,fermion_half_write,owner_closed,CLOSED_WRITE,STABLE_MATTER_CANDIDATE,3.75,zero_contact,route_contact,route_contact,0,3.75,3.828124999999999999999999999999999999999999999999999999999999999999999999999999999999999999999999999,0.4785156249999999999999999999999999999999999999999999999999999999999999999999999999999999999999999999,3.349609374999999999999999999999999999999999999999999999999999999999999999999999999999999999999999999,yes,,MATTER_ROW_ALLOWED_AFTER_SURFACE_GATE,matter_row,,yes,MATTER_ROW_ALLOWED_AFTER_SURFACE_GATE,QP093A,PASS_STABLE_SINGLE_WRITE_MATTER,QP093A_WITH_QP093B_NULL_BOUNDARY,matter,NATIVE_MATTER_IDENTITY_ASSIGNED_NO_KNOWN_LABEL,QP093A-0007|stable_matter_rows|V4_1_SINGLE_WRITE|single_write|p=3|d=0|q=positive:3,,,,native_identity_no_external_label,no,CR119_DOWNSTREAM_ONLY_REVEAL
QP093A-0008,stable_matter_rows,"minus_single_write[p=3,g=0]",V4_1_SINGLE_WRITE,single_write,3,0,negative,3,minus,fermion_half_write,owner_closed,CLOSED_WRITE,STABLE_MATTER_CANDIDATE,4.5,zero_contact,route_contact,route_contact,0,4.5,4.593749999999999999999999999999999999999999999999999999999999999999999999999999999999999999999999998,0.5742187499999999999999999999999999999999999999999999999999999999999999999999999999999999999999999998,4.019531249999999999999999999999999999999999999999999999999999999999999999999999999999999999999999999,yes,,MATTER_ROW_ALLOWED_AFTER_SURFACE_GATE,matter_row,,yes,MATTER_ROW_ALLOWED_AFTER_SURFACE_GATE,QP093A,PASS_STABLE_SINGLE_WRITE_MATTER,QP093A_WITH_QP093B_NULL_BOUNDARY,matter,NATIVE_MATTER_IDENTITY_ASSIGNED_NO_KNOWN_LABEL,QP093A-0008|stable_matter_rows|V4_1_SINGLE_WRITE|single_write|p=3|d=0|q=negative:3,,,,native_identity_no_external_label,no,CR119_DOWNSTREAM_ONLY_REVEAL
QP093A-0009,stable_matter_rows,"neutral_single_write[p=3,g=0]",OUTER_BINARY_NEUTRAL,outer_binary_neutral,3,0,neutral,0,neutral,fermion_half_write,owner_closed,CLOSED_WRITE,STABLE_NEUTRAL_CANDIDATE,0.375,zero_contact,route_contact,route_contact,0,0.375,0.375,0.046875,0.328125,yes,,MATTER_ROW_ALLOWED_AFTER_SURFACE_GATE,matter_row,,yes,MATTER_ROW_ALLOWED_AFTER_SURFACE_GATE,QP093A,PASS_STABLE_SINGLE_WRITE_MATTER,QP093A_WITH_QP093B_NULL_BOUNDARY,matter,NATIVE_MATTER_IDENTITY_ASSIGNED_NO_KNOWN_LABEL,QP093A-0009|stable_matter_rows|OUTER_BINARY_NEUTRAL|outer_binary_neutral|p=3|d=0|q=neutral:0,,,,native_identity_no_external_label,no,CR119_DOWNSTREAM_ONLY_REVEAL
QP093A-0010,stable_matter_rows,"plus_single_write[p=4,g=0]",V4_1_SINGLE_WRITE,single_write,4,0,positive,4,plus,fermion_half_write,owner_closed,CLOSED_WRITE,STABLE_MATTER_CANDIDATE,5.00,zero_contact,route_contact,route_contact,0,5.00,5.138888888888888888888888888888888888888888888888888888888888888888888888888888888888888888888888890,0.6423611111111111111111111111111111111111111111111111111111111111111111111111111111111111111111111112,4.496527777777777777777777777777777777777777777777777777777777777777777777777777777777777777777777779,yes,,MATTER_ROW_ALLOWED_AFTER_SURFACE_GATE,matter_row,,yes,MATTER_ROW_ALLOWED_AFTER_SURFACE_GATE,QP093A,PASS_STABLE_SINGLE_WRITE_MATTER,QP093A_WITH_QP093B_NULL_BOUNDARY,matter,NATIVE_MATTER_IDENTITY_ASSIGNED_NO_KNOWN_LABEL,QP093A-0010|stable_matter_rows|V4_1_SINGLE_WRITE|single_write|p=4|d=0|q=positive:4,,,,native_identity_no_external_label,no,CR119_DOWNSTREAM_ONLY_REVEAL
QP093A-0011,stable_matter_rows,"minus_single_write[p=4,g=0]",V4_1_SINGLE_WRITE,single_write,4,0,negative,4,minus,fermion_half_write,owner_closed,CLOSED_WRITE,STABLE_MATTER_CANDIDATE,6.0,zero_contact,route_contact,route_contact,0,6.0,6.166666666666666666666666666666666666666666666666666666666666666666666666666666666666666666666666668,0.7708333333333333333333333333333333333333333333333333333333333333333333333333333333333333333333333335,5.395833333333333333333333333333333333333333333333333333333333333333333333333333333333333333333333335,yes,,MATTER_ROW_ALLOWED_AFTER_SURFACE_GATE,matter_row,,yes,MATTER_ROW_ALLOWED_AFTER_SURFACE_GATE,QP093A,PASS_STABLE_SINGLE_WRITE_MATTER,QP093A_WITH_QP093B_NULL_BOUNDARY,matter,NATIVE_MATTER_IDENTITY_ASSIGNED_NO_KNOWN_LABEL,QP093A-0011|stable_matter_rows|V4_1_SINGLE_WRITE|single_write|p=4|d=0|q=negative:4,,,,native_identity_no_external_label,no,CR119_DOWNSTREAM_ONLY_REVEAL
QP093A-0012,stable_matter_rows,"neutral_single_write[p=4,g=0]",OUTER_BINARY_NEUTRAL,outer_binary_neutral,4,0,neutral,0,neutral,fermion_half_write,owner_closed,CLOSED_WRITE,STABLE_NEUTRAL_CANDIDATE,0.500,zero_contact,route_contact,route_contact,0,0.500,0.500,0.0625,0.4375,yes,,MATTER_ROW_ALLOWED_AFTER_SURFACE_GATE,matter_row,,yes,MATTER_ROW_ALLOWED_AFTER_SURFACE_GATE,QP093A,PASS_STABLE_SINGLE_WRITE_MATTER,QP093A_WITH_QP093B_NULL_BOUNDARY,matter,NATIVE_MATTER_IDENTITY_ASSIGNED_NO_KNOWN_LABEL,QP093A-0012|stable_matter_rows|OUTER_BINARY_NEUTRAL|outer_binary_neutral|p=4|d=0|q=neutral:0,,,,native_identity_no_external_label,no,CR119_DOWNSTREAM_ONLY_REVEAL
QP093A-0013,stable_matter_rows,"plus_single_write[p=6,g=0]",V4_1_SINGLE_WRITE,single_write,6,0,positive,6,plus,fermion_half_write,owner_closed,CLOSED_WRITE,STABLE_MATTER_CANDIDATE,7.50,zero_contact,route_contact,route_contact,0,7.50,7.812500000000000000000000000000000000000000000000000000000000000000000000000000000000000000000000002,0.9765625000000000000000000000000000000000000000000000000000000000000000000000000000000000000000000002,6.835937500000000000000000000000000000000000000000000000000000000000000000000000000000000000000000001,yes,,MATTER_ROW_ALLOWED_AFTER_SURFACE_GATE,matter_row,,yes,MATTER_ROW_ALLOWED_AFTER_SURFACE_GATE,QP093A,PASS_STABLE_SINGLE_WRITE_MATTER,QP093A_WITH_QP093B_NULL_BOUNDARY,matter,NATIVE_MATTER_IDENTITY_ASSIGNED_NO_KNOWN_LABEL,QP093A-0013|stable_matter_rows|V4_1_SINGLE_WRITE|single_write|p=6|d=0|q=positive:6,,,,native_identity_no_external_label,no,CR119_DOWNSTREAM_ONLY_REVEAL
QP093A-0014,stable_matter_rows,"minus_single_write[p=6,g=0]",V4_1_SINGLE_WRITE,single_write,6,0,negative,6,minus,fermion_half_write,owner_closed,CLOSED_WRITE,STABLE_MATTER_CANDIDATE,9.0,zero_contact,route_contact,route_contact,0,9.0,9.375000000000000000000000000000000000000000000000000000000000000000000000000000000000000000000000003,1.171875000000000000000000000000000000000000000000000000000000000000000000000000000000000000000000000,8.203125000000000000000000000000000000000000000000000000000000000000000000000000000000000000000000002,yes,,MATTER_ROW_ALLOWED_AFTER_SURFACE_GATE,matter_row,,yes,MATTER_ROW_ALLOWED_AFTER_SURFACE_GATE,QP093A,PASS_STABLE_SINGLE_WRITE_MATTER,QP093A_WITH_QP093B_NULL_BOUNDARY,matter,NATIVE_MATTER_IDENTITY_ASSIGNED_NO_KNOWN_LABEL,QP093A-0014|stable_matter_rows|V4_1_SINGLE_WRITE|single_write|p=6|d=0|q=negative:6,,,,native_identity_no_external_label,no,CR119_DOWNSTREAM_ONLY_REVEAL
QP093A-0015,stable_matter_rows,"neutral_single_write[p=6,g=0]",OUTER_BINARY_NEUTRAL,outer_binary_neutral,6,0,neutral,0,neutral,fermion_half_write,owner_closed,CLOSED_WRITE,STABLE_NEUTRAL_CANDIDATE,0.750,zero_contact,route_contact,route_contact,0,0.750,0.750,0.09375,0.65625,yes,,MATTER_ROW_ALLOWED_AFTER_SURFACE_GATE,matter_row,,yes,MATTER_ROW_ALLOWED_AFTER_SURFACE_GATE,QP093A,PASS_STABLE_SINGLE_WRITE_MATTER,QP093A_WITH_QP093B_NULL_BOUNDARY,matter,NATIVE_MATTER_IDENTITY_ASSIGNED_NO_KNOWN_LABEL,QP093A-0015|stable_matter_rows|OUTER_BINARY_NEUTRAL|outer_binary_neutral|p=6|d=0|q=neutral:0,,,,native_identity_no_external_label,no,CR119_DOWNSTREAM_ONLY_REVEAL
QP093A-0016,stable_matter_rows,"plus_single_write[p=8,g=0]",V4_1_SINGLE_WRITE,single_write,8,0,positive,8,plus,fermion_half_write,owner_closed,CLOSED_WRITE,STABLE_MATTER_CANDIDATE,10.00,zero_contact,route_contact,route_contact,0,10.00,10.55555555555555555555555555555555555555555555555555555555555555555555555555555555555555555555555556,1.319444444444444444444444444444444444444444444444444444444444444444444444444444444444444444444444445,9.236111111111111111111111111111111111111111111111111111111111111111111111111111111111111111111111115,yes,,MATTER_ROW_ALLOWED_AFTER_SURFACE_GATE,matter_row,,yes,MATTER_ROW_ALLOWED_AFTER_SURFACE_GATE,QP093A,PASS_STABLE_SINGLE_WRITE_MATTER,QP093A_WITH_QP093B_NULL_BOUNDARY,matter,NATIVE_MATTER_IDENTITY_ASSIGNED_NO_KNOWN_LABEL,QP093A-0016|stable_matter_rows|V4_1_SINGLE_WRITE|single_write|p=8|d=0|q=positive:8,,,,native_identity_no_external_label,no,CR119_DOWNSTREAM_ONLY_REVEAL
QP093A-0017,stable_matter_rows,"minus_single_write[p=8,g=0]",V4_1_SINGLE_WRITE,single_write,8,0,negative,8,minus,fermion_half_write,owner_closed,CLOSED_WRITE,STABLE_MATTER_CANDIDATE,12.0,zero_contact,route_contact,route_contact,0,12.0,12.66666666666666666666666666666666666666666666666666666666666666666666666666666666666666666666666667,1.583333333333333333333333333333333333333333333333333333333333333333333333333333333333333333333333334,11.08333333333333333333333333333333333333333333333333333333333333333333333333333333333333333333333334,yes,,MATTER_ROW_ALLOWED_AFTER_SURFACE_GATE,matter_row,,yes,MATTER_ROW_ALLOWED_AFTER_SURFACE_GATE,QP093A,PASS_STABLE_SINGLE_WRITE_MATTER,QP093A_WITH_QP093B_NULL_BOUNDARY,matter,NATIVE_MATTER_IDENTITY_ASSIGNED_NO_KNOWN_LABEL,QP093A-0017|stable_matter_rows|V4_1_SINGLE_WRITE|single_write|p=8|d=0|q=negative:8,,,,native_identity_no_external_label,no,CR119_DOWNSTREAM_ONLY_REVEAL
QP093A-0018,stable_matter_rows,"neutral_single_write[p=8,g=0]",OUTER_BINARY_NEUTRAL,outer_binary_neutral,8,0,neutral,0,neutral,fermion_half_write,owner_closed,CLOSED_WRITE,STABLE_NEUTRAL_CANDIDATE,1.000,zero_contact,route_contact,route_contact,0,1.000,1.000,0.125,0.875,yes,,MATTER_ROW_ALLOWED_AFTER_SURFACE_GATE,matter_row,,yes,MATTER_ROW_ALLOWED_AFTER_SURFACE_GATE,QP093A,PASS_STABLE_SINGLE_WRITE_MATTER,QP093A_WITH_QP093B_NULL_BOUNDARY,matter,NATIVE_MATTER_IDENTITY_ASSIGNED_NO_KNOWN_LABEL,QP093A-0018|stable_matter_rows|OUTER_BINARY_NEUTRAL|outer_binary_neutral|p=8|d=0|q=neutral:0,,,,native_identity_no_external_label,no,CR119_DOWNSTREAM_ONLY_REVEAL
QP093A-0019,stable_matter_rows,"plus_single_write[p=9,g=0]",V4_1_SINGLE_WRITE,single_write,9,0,positive,9,plus,fermion_half_write,owner_closed,CLOSED_WRITE,STABLE_MATTER_CANDIDATE,11.25,zero_contact,route_contact,route_contact,0,11.25,11.953125,1.494140625,10.458984375,yes,,MATTER_ROW_ALLOWED_AFTER_SURFACE_GATE,matter_row,,yes,MATTER_ROW_ALLOWED_AFTER_SURFACE_GATE,QP093A,PASS_STABLE_SINGLE_WRITE_MATTER,QP093A_WITH_QP093B_NULL_BOUNDARY,matter,NATIVE_MATTER_IDENTITY_ASSIGNED_NO_KNOWN_LABEL,QP093A-0019|stable_matter_rows|V4_1_SINGLE_WRITE|single_write|p=9|d=0|q=positive:9,,,,native_identity_no_external_label,no,CR119_DOWNSTREAM_ONLY_REVEAL
QP093A-0020,stable_matter_rows,"minus_single_write[p=9,g=0]",V4_1_SINGLE_WRITE,single_write,9,0,negative,9,minus,fermion_half_write,owner_closed,CLOSED_WRITE,STABLE_MATTER_CANDIDATE,13.5,zero_contact,route_contact,route_contact,0,13.5,14.34375,1.79296875,12.55078125,yes,,MATTER_ROW_ALLOWED_AFTER_SURFACE_GATE,matter_row,,yes,MATTER_ROW_ALLOWED_AFTER_SURFACE_GATE,QP093A,PASS_STABLE_SINGLE_WRITE_MATTER,QP093A_WITH_QP093B_NULL_BOUNDARY,matter,NATIVE_MATTER_IDENTITY_ASSIGNED_NO_KNOWN_LABEL,QP093A-0020|stable_matter_rows|V4_1_SINGLE_WRITE|single_write|p=9|d=0|q=negative:9,,,,native_identity_no_external_label,no,CR119_DOWNSTREAM_ONLY_REVEAL
QP093A-0021,stable_matter_rows,"neutral_single_write[p=9,g=0]",OUTER_BINARY_NEUTRAL,outer_binary_neutral,9,0,neutral,0,neutral,fermion_half_write,owner_closed,CLOSED_WRITE,STABLE_NEUTRAL_CANDIDATE,1.125,zero_contact,route_contact,route_contact,0,1.125,1.125,0.140625,0.984375,yes,,MATTER_ROW_ALLOWED_AFTER_SURFACE_GATE,matter_row,,yes,MATTER_ROW_ALLOWED_AFTER_SURFACE_GATE,QP093A,PASS_STABLE_SINGLE_WRITE_MATTER,QP093A_WITH_QP093B_NULL_BOUNDARY,matter,NATIVE_MATTER_IDENTITY_ASSIGNED_NO_KNOWN_LABEL,QP093A-0021|stable_matter_rows|OUTER_BINARY_NEUTRAL|outer_binary_neutral|p=9|d=0|q=neutral:0,,,,native_identity_no_external_label,no,CR119_DOWNSTREAM_ONLY_REVEAL
QP093A-0022,stable_matter_rows,"plus_single_write[p=12,g=0]",V4_1_SINGLE_WRITE,single_write,12,0,positive,12,plus,fermion_half_write,owner_closed,CLOSED_WRITE,STABLE_MATTER_CANDIDATE,15.00,zero_contact,route_contact,route_contact,0,15.00,16.25000000000000000000000000000000000000000000000000000000000000000000000000000000000000000000000000,2.03125000000000000000000000000000000000000000000000000000000000000000000000000000000000000000000000,14.2187500000000000000000000000000000000000000000000000000000000000000000000000000000000000000000000,yes,,MATTER_ROW_ALLOWED_AFTER_SURFACE_GATE,matter_row,,yes,MATTER_ROW_ALLOWED_AFTER_SURFACE_GATE,QP093A,PASS_STABLE_SINGLE_WRITE_MATTER,QP093A_WITH_QP093B_NULL_BOUNDARY,matter,NATIVE_MATTER_IDENTITY_ASSIGNED_NO_KNOWN_LABEL,QP093A-0022|stable_matter_rows|V4_1_SINGLE_WRITE|single_write|p=12|d=0|q=positive:12,,,,native_identity_no_external_label,no,CR119_DOWNSTREAM_ONLY_REVEAL
QP093A-0023,stable_matter_rows,"minus_single_write[p=12,g=0]",V4_1_SINGLE_WRITE,single_write,12,0,negative,12,minus,fermion_half_write,owner_closed,CLOSED_WRITE,STABLE_MATTER_CANDIDATE,18.0,zero_contact,route_contact,route_contact,0,18.0,19.49999999999999999999999999999999999999999999999999999999999999999999999999999999999999999999999999,2.437499999999999999999999999999999999999999999999999999999999999999999999999999999999999999999999999,17.06249999999999999999999999999999999999999999999999999999999999999999999999999999999999999999999999,yes,,MATTER_ROW_ALLOWED_AFTER_SURFACE_GATE,matter_row,,yes,MATTER_ROW_ALLOWED_AFTER_SURFACE_GATE,QP093A,PASS_STABLE_SINGLE_WRITE_MATTER,QP093A_WITH_QP093B_NULL_BOUNDARY,matter,NATIVE_MATTER_IDENTITY_ASSIGNED_NO_KNOWN_LABEL,QP093A-0023|stable_matter_rows|V4_1_SINGLE_WRITE|single_write|p=12|d=0|q=negative:12,,,,native_identity_no_external_label,no,CR119_DOWNSTREAM_ONLY_REVEAL
QP093A-0024,stable_matter_rows,"neutral_single_write[p=12,g=0]",OUTER_BINARY_NEUTRAL,outer_binary_neutral,12,0,neutral,0,neutral,fermion_half_write,owner_closed,CLOSED_WRITE,STABLE_NEUTRAL_CANDIDATE,1.500,zero_contact,route_contact,route_contact,0,1.500,1.500,0.1875,1.3125,yes,,MATTER_ROW_ALLOWED_AFTER_SURFACE_GATE,matter_row,,yes,MATTER_ROW_ALLOWED_AFTER_SURFACE_GATE,QP093A,PASS_STABLE_SINGLE_WRITE_MATTER,QP093A_WITH_QP093B_NULL_BOUNDARY,matter,NATIVE_MATTER_IDENTITY_ASSIGNED_NO_KNOWN_LABEL,QP093A-0024|stable_matter_rows|OUTER_BINARY_NEUTRAL|outer_binary_neutral|p=12|d=0|q=neutral:0,,,,native_identity_no_external_label,no,CR119_DOWNSTREAM_ONLY_REVEAL
QP093A-0025,stable_matter_rows,"plus_single_write[p=1,g=1]",V4_1_SINGLE_WRITE,single_write,1,1,positive,1,plus,fermion_half_write,owner_closed,CLOSED_WRITE,STABLE_MATTER_CANDIDATE,15.00,zero_contact,route_contact,route_contact,0,15.00,15.10416666666666666666666666666666666666666666666666666666666666666666666666666666666666666666666666,1.888020833333333333333333333333333333333333333333333333333333333333333333333333333333333333333333332,13.21614583333333333333333333333333333333333333333333333333333333333333333333333333333333333333333332,yes,,MATTER_ROW_ALLOWED_AFTER_SURFACE_GATE,matter_row,,yes,MATTER_ROW_ALLOWED_AFTER_SURFACE_GATE,QP093A,PASS_STABLE_SINGLE_WRITE_MATTER,QP093A_WITH_QP093B_NULL_BOUNDARY,matter,NATIVE_MATTER_IDENTITY_ASSIGNED_NO_KNOWN_LABEL,QP093A-0025|stable_matter_rows|V4_1_SINGLE_WRITE|single_write|p=1|d=1|q=positive:1,,,,native_identity_no_external_label,no,CR119_DOWNSTREAM_ONLY_REVEAL
QP093A-0026,stable_matter_rows,"minus_single_write[p=1,g=1]",V4_1_SINGLE_WRITE,single_write,1,1,negative,1,minus,fermion_half_write,owner_closed,CLOSED_WRITE,STABLE_MATTER_CANDIDATE,18.0,zero_contact,route_contact,route_contact,0,18.0,18.12499999999999999999999999999999999999999999999999999999999999999999999999999999999999999999999999,2.265624999999999999999999999999999999999999999999999999999999999999999999999999999999999999999999999,15.85937499999999999999999999999999999999999999999999999999999999999999999999999999999999999999999999,yes,,MATTER_ROW_ALLOWED_AFTER_SURFACE_GATE,matter_row,,yes,MATTER_ROW_ALLOWED_AFTER_SURFACE_GATE,QP093A,PASS_STABLE_SINGLE_WRITE_MATTER,QP093A_WITH_QP093B_NULL_BOUNDARY,matter,NATIVE_MATTER_IDENTITY_ASSIGNED_NO_KNOWN_LABEL,QP093A-0026|stable_matter_rows|V4_1_SINGLE_WRITE|single_write|p=1|d=1|q=negative:1,,,,native_identity_no_external_label,no,CR119_DOWNSTREAM_ONLY_REVEAL
QP093A-0027,stable_matter_rows,"neutral_single_write[p=1,g=1]",OUTER_BINARY_NEUTRAL,outer_binary_neutral,1,1,neutral,0,neutral,fermion_half_write,owner_closed,CLOSED_WRITE,STABLE_NEUTRAL_CANDIDATE,1.500,zero_contact,route_contact,route_contact,0,1.500,1.500,0.1875,1.3125,yes,,MATTER_ROW_ALLOWED_AFTER_SURFACE_GATE,matter_row,,yes,MATTER_ROW_ALLOWED_AFTER_SURFACE_GATE,QP093A,PASS_STABLE_SINGLE_WRITE_MATTER,QP093A_WITH_QP093B_NULL_BOUNDARY,matter,NATIVE_MATTER_IDENTITY_ASSIGNED_NO_KNOWN_LABEL,QP093A-0027|stable_matter_rows|OUTER_BINARY_NEUTRAL|outer_binary_neutral|p=1|d=1|q=neutral:0,,,,native_identity_no_external_label,no,CR119_DOWNSTREAM_ONLY_REVEAL
QP093A-0028,stable_matter_rows,"plus_single_write[p=2,g=1]",V4_1_SINGLE_WRITE,single_write,2,1,positive,2,plus,fermion_half_write,owner_closed,CLOSED_WRITE,STABLE_MATTER_CANDIDATE,30.00,zero_contact,route_contact,route_contact,0,30.00,30.41666666666666666666666666666666666666666666666666666666666666666666666666666666666666666666666667,3.802083333333333333333333333333333333333333333333333333333333333333333333333333333333333333333333334,26.61458333333333333333333333333333333333333333333333333333333333333333333333333333333333333333333334,yes,,MATTER_ROW_ALLOWED_AFTER_SURFACE_GATE,matter_row,,yes,MATTER_ROW_ALLOWED_AFTER_SURFACE_GATE,QP093A,PASS_STABLE_SINGLE_WRITE_MATTER,QP093A_WITH_QP093B_NULL_BOUNDARY,matter,NATIVE_MATTER_IDENTITY_ASSIGNED_NO_KNOWN_LABEL,QP093A-0028|stable_matter_rows|V4_1_SINGLE_WRITE|single_write|p=2|d=1|q=positive:2,,,,native_identity_no_external_label,no,CR119_DOWNSTREAM_ONLY_REVEAL
QP093A-0029,stable_matter_rows,"minus_single_write[p=2,g=1]",V4_1_SINGLE_WRITE,single_write,2,1,negative,2,minus,fermion_half_write,owner_closed,CLOSED_WRITE,STABLE_MATTER_CANDIDATE,36.0,zero_contact,route_contact,route_contact,0,36.0,36.50000000000000000000000000000000000000000000000000000000000000000000000000000000000000000000000000,4.56250000000000000000000000000000000000000000000000000000000000000000000000000000000000000000000000,31.9375000000000000000000000000000000000000000000000000000000000000000000000000000000000000000000000,yes,,MATTER_ROW_ALLOWED_AFTER_SURFACE_GATE,matter_row,,yes,MATTER_ROW_ALLOWED_AFTER_SURFACE_GATE,QP093A,PASS_STABLE_SINGLE_WRITE_MATTER,QP093A_WITH_QP093B_NULL_BOUNDARY,matter,NATIVE_MATTER_IDENTITY_ASSIGNED_NO_KNOWN_LABEL,QP093A-0029|stable_matter_rows|V4_1_SINGLE_WRITE|single_write|p=2|d=1|q=negative:2,,,,native_identity_no_external_label,no,CR119_DOWNSTREAM_ONLY_REVEAL
QP093A-0030,stable_matter_rows,"neutral_single_write[p=2,g=1]",OUTER_BINARY_NEUTRAL,outer_binary_neutral,2,1,neutral,0,neutral,fermion_half_write,owner_closed,CLOSED_WRITE,STABLE_NEUTRAL_CANDIDATE,3.000,zero_contact,route_contact,route_contact,0,3.000,3.000,0.375,2.625,yes,,MATTER_ROW_ALLOWED_AFTER_SURFACE_GATE,matter_row,,yes,MATTER_ROW_ALLOWED_AFTER_SURFACE_GATE,QP093A,PASS_STABLE_SINGLE_WRITE_MATTER,QP093A_WITH_QP093B_NULL_BOUNDARY,matter,NATIVE_MATTER_IDENTITY_ASSIGNED_NO_KNOWN_LABEL,QP093A-0030|stable_matter_rows|OUTER_BINARY_NEUTRAL|outer_binary_neutral|p=2|d=1|q=neutral:0,,,,native_identity_no_external_label,no,CR119_DOWNSTREAM_ONLY_REVEAL
QP093A-0031,stable_matter_rows,"plus_single_write[p=3,g=1]",V4_1_SINGLE_WRITE,single_write,3,1,positive,3,plus,fermion_half_write,owner_closed,CLOSED_WRITE,STABLE_MATTER_CANDIDATE,45.00,zero_contact,route_contact,route_contact,0,45.00,45.93749999999999999999999999999999999999999999999999999999999999999999999999999999999999999999999998,5.742187499999999999999999999999999999999999999999999999999999999999999999999999999999999999999999998,40.19531249999999999999999999999999999999999999999999999999999999999999999999999999999999999999999999,yes,,MATTER_ROW_ALLOWED_AFTER_SURFACE_GATE,matter_row,,yes,MATTER_ROW_ALLOWED_AFTER_SURFACE_GATE,QP093A,PASS_STABLE_SINGLE_WRITE_MATTER,QP093A_WITH_QP093B_NULL_BOUNDARY,matter,NATIVE_MATTER_IDENTITY_ASSIGNED_NO_KNOWN_LABEL,QP093A-0031|stable_matter_rows|V4_1_SINGLE_WRITE|single_write|p=3|d=1|q=positive:3,,,,native_identity_no_external_label,no,CR119_DOWNSTREAM_ONLY_REVEAL
QP093A-0032,stable_matter_rows,"minus_single_write[p=3,g=1]",V4_1_SINGLE_WRITE,single_write,3,1,negative,3,minus,fermion_half_write,owner_closed,CLOSED_WRITE,STABLE_MATTER_CANDIDATE,54.0,zero_contact,route_contact,route_contact,0,54.0,55.12499999999999999999999999999999999999999999999999999999999999999999999999999999999999999999999998,6.890624999999999999999999999999999999999999999999999999999999999999999999999999999999999999999999998,48.23437499999999999999999999999999999999999999999999999999999999999999999999999999999999999999999999,yes,,MATTER_ROW_ALLOWED_AFTER_SURFACE_GATE,matter_row,,yes,MATTER_ROW_ALLOWED_AFTER_SURFACE_GATE,QP093A,PASS_STABLE_SINGLE_WRITE_MATTER,QP093A_WITH_QP093B_NULL_BOUNDARY,matter,NATIVE_MATTER_IDENTITY_ASSIGNED_NO_KNOWN_LABEL,QP093A-0032|stable_matter_rows|V4_1_SINGLE_WRITE|single_write|p=3|d=1|q=negative:3,,,,native_identity_no_external_label,no,CR119_DOWNSTREAM_ONLY_REVEAL
QP093A-0033,stable_matter_rows,"neutral_single_write[p=3,g=1]",OUTER_BINARY_NEUTRAL,outer_binary_neutral,3,1,neutral,0,neutral,fermion_half_write,owner_closed,CLOSED_WRITE,STABLE_NEUTRAL_CANDIDATE,4.500,zero_contact,route_contact,route_contact,0,4.500,4.500,0.5625,3.9375,yes,,MATTER_ROW_ALLOWED_AFTER_SURFACE_GATE,matter_row,,yes,MATTER_ROW_ALLOWED_AFTER_SURFACE_GATE,QP093A,PASS_STABLE_SINGLE_WRITE_MATTER,QP093A_WITH_QP093B_NULL_BOUNDARY,matter,NATIVE_MATTER_IDENTITY_ASSIGNED_NO_KNOWN_LABEL,QP093A-0033|stable_matter_rows|OUTER_BINARY_NEUTRAL|outer_binary_neutral|p=3|d=1|q=neutral:0,,,,native_identity_no_external_label,no,CR119_DOWNSTREAM_ONLY_REVEAL
QP093A-0034,stable_matter_rows,"plus_single_write[p=4,g=1]",V4_1_SINGLE_WRITE,single_write,4,1,positive,4,plus,fermion_half_write,owner_closed,CLOSED_WRITE,STABLE_MATTER_CANDIDATE,60.00,zero_contact,route_contact,route_contact,0,60.00,61.66666666666666666666666666666666666666666666666666666666666666666666666666666666666666666666666668,7.708333333333333333333333333333333333333333333333333333333333333333333333333333333333333333333333335,53.95833333333333333333333333333333333333333333333333333333333333333333333333333333333333333333333335,yes,,MATTER_ROW_ALLOWED_AFTER_SURFACE_GATE,matter_row,,yes,MATTER_ROW_ALLOWED_AFTER_SURFACE_GATE,QP093A,PASS_STABLE_SINGLE_WRITE_MATTER,QP093A_WITH_QP093B_NULL_BOUNDARY,matter,NATIVE_MATTER_IDENTITY_ASSIGNED_NO_KNOWN_LABEL,QP093A-0034|stable_matter_rows|V4_1_SINGLE_WRITE|single_write|p=4|d=1|q=positive:4,,,,native_identity_no_external_label,no,CR119_DOWNSTREAM_ONLY_REVEAL
QP093A-0035,stable_matter_rows,"minus_single_write[p=4,g=1]",V4_1_SINGLE_WRITE,single_write,4,1,negative,4,minus,fermion_half_write,owner_closed,CLOSED_WRITE,STABLE_MATTER_CANDIDATE,72.0,zero_contact,route_contact,route_contact,0,72.0,74.00000000000000000000000000000000000000000000000000000000000000000000000000000000000000000000000002,9.250000000000000000000000000000000000000000000000000000000000000000000000000000000000000000000000002,64.75000000000000000000000000000000000000000000000000000000000000000000000000000000000000000000000001,yes,,MATTER_ROW_ALLOWED_AFTER_SURFACE_GATE,matter_row,,yes,MATTER_ROW_ALLOWED_AFTER_SURFACE_GATE,QP093A,PASS_STABLE_SINGLE_WRITE_MATTER,QP093A_WITH_QP093B_NULL_BOUNDARY,matter,NATIVE_MATTER_IDENTITY_ASSIGNED_NO_KNOWN_LABEL,QP093A-0035|stable_matter_rows|V4_1_SINGLE_WRITE|single_write|p=4|d=1|q=negative:4,,,,native_identity_no_external_label,no,CR119_DOWNSTREAM_ONLY_REVEAL
QP093A-0036,stable_matter_rows,"neutral_single_write[p=4,g=1]",OUTER_BINARY_NEUTRAL,outer_binary_neutral,4,1,neutral,0,neutral,fermion_half_write,owner_closed,CLOSED_WRITE,STABLE_NEUTRAL_CANDIDATE,6.000,zero_contact,route_contact,route_contact,0,6.000,6.000,0.750,5.250,yes,,MATTER_ROW_ALLOWED_AFTER_SURFACE_GATE,matter_row,,yes,MATTER_ROW_ALLOWED_AFTER_SURFACE_GATE,QP093A,PASS_STABLE_SINGLE_WRITE_MATTER,QP093A_WITH_QP093B_NULL_BOUNDARY,matter,NATIVE_MATTER_IDENTITY_ASSIGNED_NO_KNOWN_LABEL,QP093A-0036|stable_matter_rows|OUTER_BINARY_NEUTRAL|outer_binary_neutral|p=4|d=1|q=neutral:0,,,,native_identity_no_external_label,no,CR119_DOWNSTREAM_ONLY_REVEAL
QP093A-0037,stable_matter_rows,"plus_single_write[p=6,g=1]",V4_1_SINGLE_WRITE,single_write,6,1,positive,6,plus,fermion_half_write,owner_closed,CLOSED_WRITE,STABLE_MATTER_CANDIDATE,90.00,zero_contact,route_contact,route_contact,0,90.00,93.75000000000000000000000000000000000000000000000000000000000000000000000000000000000000000000000003,11.71875000000000000000000000000000000000000000000000000000000000000000000000000000000000000000000000,82.03125000000000000000000000000000000000000000000000000000000000000000000000000000000000000000000002,yes,,MATTER_ROW_ALLOWED_AFTER_SURFACE_GATE,matter_row,,yes,MATTER_ROW_ALLOWED_AFTER_SURFACE_GATE,QP093A,PASS_STABLE_SINGLE_WRITE_MATTER,QP093A_WITH_QP093B_NULL_BOUNDARY,matter,NATIVE_MATTER_IDENTITY_ASSIGNED_NO_KNOWN_LABEL,QP093A-0037|stable_matter_rows|V4_1_SINGLE_WRITE|single_write|p=6|d=1|q=positive:6,,,,native_identity_no_external_label,no,CR119_DOWNSTREAM_ONLY_REVEAL
QP093A-0038,stable_matter_rows,"minus_single_write[p=6,g=1]",V4_1_SINGLE_WRITE,single_write,6,1,negative,6,minus,fermion_half_write,owner_closed,CLOSED_WRITE,STABLE_MATTER_CANDIDATE,108.0,zero_contact,route_contact,route_contact,0,108.0,112.5000000000000000000000000000000000000000000000000000000000000000000000000000000000000000000000000,14.0625000000000000000000000000000000000000000000000000000000000000000000000000000000000000000000000,98.4375000000000000000000000000000000000000000000000000000000000000000000000000000000000000000000000,yes,,MATTER_ROW_ALLOWED_AFTER_SURFACE_GATE,matter_row,,yes,MATTER_ROW_ALLOWED_AFTER_SURFACE_GATE,QP093A,PASS_STABLE_SINGLE_WRITE_MATTER,QP093A_WITH_QP093B_NULL_BOUNDARY,matter,NATIVE_MATTER_IDENTITY_ASSIGNED_NO_KNOWN_LABEL,QP093A-0038|stable_matter_rows|V4_1_SINGLE_WRITE|single_write|p=6|d=1|q=negative:6,,,,native_identity_no_external_label,no,CR119_DOWNSTREAM_ONLY_REVEAL
QP093A-0039,stable_matter_rows,"neutral_single_write[p=6,g=1]",OUTER_BINARY_NEUTRAL,outer_binary_neutral,6,1,neutral,0,neutral,fermion_half_write,owner_closed,CLOSED_WRITE,STABLE_NEUTRAL_CANDIDATE,9.000,zero_contact,route_contact,route_contact,0,9.000,9.000,1.125,7.875,yes,,MATTER_ROW_ALLOWED_AFTER_SURFACE_GATE,matter_row,,yes,MATTER_ROW_ALLOWED_AFTER_SURFACE_GATE,QP093A,PASS_STABLE_SINGLE_WRITE_MATTER,QP093A_WITH_QP093B_NULL_BOUNDARY,matter,NATIVE_MATTER_IDENTITY_ASSIGNED_NO_KNOWN_LABEL,QP093A-0039|stable_matter_rows|OUTER_BINARY_NEUTRAL|outer_binary_neutral|p=6|d=1|q=neutral:0,,,,native_identity_no_external_label,no,CR119_DOWNSTREAM_ONLY_REVEAL
QP093A-0040,stable_matter_rows,"plus_single_write[p=8,g=1]",V4_1_SINGLE_WRITE,single_write,8,1,positive,8,plus,fermion_half_write,owner_closed,CLOSED_WRITE,STABLE_MATTER_CANDIDATE,120.00,zero_contact,route_contact,route_contact,0,120.00,126.6666666666666666666666666666666666666666666666666666666666666666666666666666666666666666666666667,15.83333333333333333333333333333333333333333333333333333333333333333333333333333333333333333333333334,110.8333333333333333333333333333333333333333333333333333333333333333333333333333333333333333333333334,yes,,MATTER_ROW_ALLOWED_AFTER_SURFACE_GATE,matter_row,,yes,MATTER_ROW_ALLOWED_AFTER_SURFACE_GATE,QP093A,PASS_STABLE_SINGLE_WRITE_MATTER,QP093A_WITH_QP093B_NULL_BOUNDARY,matter,NATIVE_MATTER_IDENTITY_ASSIGNED_NO_KNOWN_LABEL,QP093A-0040|stable_matter_rows|V4_1_SINGLE_WRITE|single_write|p=8|d=1|q=positive:8,,,,native_identity_no_external_label,no,CR119_DOWNSTREAM_ONLY_REVEAL
QP093A-0041,stable_matter_rows,"minus_single_write[p=8,g=1]",V4_1_SINGLE_WRITE,single_write,8,1,negative,8,minus,fermion_half_write,owner_closed,CLOSED_WRITE,STABLE_MATTER_CANDIDATE,144.0,zero_contact,route_contact,route_contact,0,144.0,152.0000000000000000000000000000000000000000000000000000000000000000000000000000000000000000000000001,19.00000000000000000000000000000000000000000000000000000000000000000000000000000000000000000000000001,133.0000000000000000000000000000000000000000000000000000000000000000000000000000000000000000000000001,yes,,MATTER_ROW_ALLOWED_AFTER_SURFACE_GATE,matter_row,,yes,MATTER_ROW_ALLOWED_AFTER_SURFACE_GATE,QP093A,PASS_STABLE_SINGLE_WRITE_MATTER,QP093A_WITH_QP093B_NULL_BOUNDARY,matter,NATIVE_MATTER_IDENTITY_ASSIGNED_NO_KNOWN_LABEL,QP093A-0041|stable_matter_rows|V4_1_SINGLE_WRITE|single_write|p=8|d=1|q=negative:8,,,,native_identity_no_external_label,no,CR119_DOWNSTREAM_ONLY_REVEAL
QP093A-0042,stable_matter_rows,"neutral_single_write[p=8,g=1]",OUTER_BINARY_NEUTRAL,outer_binary_neutral,8,1,neutral,0,neutral,fermion_half_write,owner_closed,CLOSED_WRITE,STABLE_NEUTRAL_CANDIDATE,12.000,zero_contact,route_contact,route_contact,0,12.000,12.000,1.500,10.500,yes,,MATTER_ROW_ALLOWED_AFTER_SURFACE_GATE,matter_row,,yes,MATTER_ROW_ALLOWED_AFTER_SURFACE_GATE,QP093A,PASS_STABLE_SINGLE_WRITE_MATTER,QP093A_WITH_QP093B_NULL_BOUNDARY,matter,NATIVE_MATTER_IDENTITY_ASSIGNED_NO_KNOWN_LABEL,QP093A-0042|stable_matter_rows|OUTER_BINARY_NEUTRAL|outer_binary_neutral|p=8|d=1|q=neutral:0,,,,native_identity_no_external_label,no,CR119_DOWNSTREAM_ONLY_REVEAL
QP093A-0043,stable_matter_rows,"plus_single_write[p=9,g=1]",V4_1_SINGLE_WRITE,single_write,9,1,positive,9,plus,fermion_half_write,owner_closed,CLOSED_WRITE,STABLE_MATTER_CANDIDATE,135.00,zero_contact,route_contact,route_contact,0,135.00,143.437500,17.9296875,125.5078125,yes,,MATTER_ROW_ALLOWED_AFTER_SURFACE_GATE,matter_row,,yes,MATTER_ROW_ALLOWED_AFTER_SURFACE_GATE,QP093A,PASS_STABLE_SINGLE_WRITE_MATTER,QP093A_WITH_QP093B_NULL_BOUNDARY,matter,NATIVE_MATTER_IDENTITY_ASSIGNED_NO_KNOWN_LABEL,QP093A-0043|stable_matter_rows|V4_1_SINGLE_WRITE|single_write|p=9|d=1|q=positive:9,,,,native_identity_no_external_label,no,CR119_DOWNSTREAM_ONLY_REVEAL
QP093A-0044,stable_matter_rows,"minus_single_write[p=9,g=1]",V4_1_SINGLE_WRITE,single_write,9,1,negative,9,minus,fermion_half_write,owner_closed,CLOSED_WRITE,STABLE_MATTER_CANDIDATE,162.0,zero_contact,route_contact,route_contact,0,162.0,172.12500,21.515625,150.609375,yes,,MATTER_ROW_ALLOWED_AFTER_SURFACE_GATE,matter_row,,yes,MATTER_ROW_ALLOWED_AFTER_SURFACE_GATE,QP093A,PASS_STABLE_SINGLE_WRITE_MATTER,QP093A_WITH_QP093B_NULL_BOUNDARY,matter,NATIVE_MATTER_IDENTITY_ASSIGNED_NO_KNOWN_LABEL,QP093A-0044|stable_matter_rows|V4_1_SINGLE_WRITE|single_write|p=9|d=1|q=negative:9,,,,native_identity_no_external_label,no,CR119_DOWNSTREAM_ONLY_REVEAL
QP093A-0045,stable_matter_rows,"neutral_single_write[p=9,g=1]",OUTER_BINARY_NEUTRAL,outer_binary_neutral,9,1,neutral,0,neutral,fermion_half_write,owner_closed,CLOSED_WRITE,STABLE_NEUTRAL_CANDIDATE,13.500,zero_contact,route_contact,route_contact,0,13.500,13.500,1.6875,11.8125,yes,,MATTER_ROW_ALLOWED_AFTER_SURFACE_GATE,matter_row,,yes,MATTER_ROW_ALLOWED_AFTER_SURFACE_GATE,QP093A,PASS_STABLE_SINGLE_WRITE_MATTER,QP093A_WITH_QP093B_NULL_BOUNDARY,matter,NATIVE_MATTER_IDENTITY_ASSIGNED_NO_KNOWN_LABEL,QP093A-0045|stable_matter_rows|OUTER_BINARY_NEUTRAL|outer_binary_neutral|p=9|d=1|q=neutral:0,,,,native_identity_no_external_label,no,CR119_DOWNSTREAM_ONLY_REVEAL
QP093A-0046,stable_matter_rows,"plus_single_write[p=12,g=1]",V4_1_SINGLE_WRITE,single_write,12,1,positive,12,plus,fermion_half_write,owner_closed,CLOSED_WRITE,STABLE_MATTER_CANDIDATE,180.00,zero_contact,route_contact,route_contact,0,180.00,194.9999999999999999999999999999999999999999999999999999999999999999999999999999999999999999999999999,24.37499999999999999999999999999999999999999999999999999999999999999999999999999999999999999999999999,170.6249999999999999999999999999999999999999999999999999999999999999999999999999999999999999999999999,yes,,MATTER_ROW_ALLOWED_AFTER_SURFACE_GATE,matter_row,,yes,MATTER_ROW_ALLOWED_AFTER_SURFACE_GATE,QP093A,PASS_STABLE_SINGLE_WRITE_MATTER,QP093A_WITH_QP093B_NULL_BOUNDARY,matter,NATIVE_MATTER_IDENTITY_ASSIGNED_NO_KNOWN_LABEL,QP093A-0046|stable_matter_rows|V4_1_SINGLE_WRITE|single_write|p=12|d=1|q=positive:12,,,,native_identity_no_external_label,no,CR119_DOWNSTREAM_ONLY_REVEAL
QP093A-0047,stable_matter_rows,"minus_single_write[p=12,g=1]",V4_1_SINGLE_WRITE,single_write,12,1,negative,12,minus,fermion_half_write,owner_closed,CLOSED_WRITE,STABLE_MATTER_CANDIDATE,216.0,zero_contact,route_contact,route_contact,0,216.0,233.9999999999999999999999999999999999999999999999999999999999999999999999999999999999999999999999999,29.24999999999999999999999999999999999999999999999999999999999999999999999999999999999999999999999999,204.7499999999999999999999999999999999999999999999999999999999999999999999999999999999999999999999999,yes,,MATTER_ROW_ALLOWED_AFTER_SURFACE_GATE,matter_row,,yes,MATTER_ROW_ALLOWED_AFTER_SURFACE_GATE,QP093A,PASS_STABLE_SINGLE_WRITE_MATTER,QP093A_WITH_QP093B_NULL_BOUNDARY,matter,NATIVE_MATTER_IDENTITY_ASSIGNED_NO_KNOWN_LABEL,QP093A-0047|stable_matter_rows|V4_1_SINGLE_WRITE|single_write|p=12|d=1|q=negative:12,,,,native_identity_no_external_label,no,CR119_DOWNSTREAM_ONLY_REVEAL
QP093A-0048,stable_matter_rows,"neutral_single_write[p=12,g=1]",OUTER_BINARY_NEUTRAL,outer_binary_neutral,12,1,neutral,0,neutral,fermion_half_write,owner_closed,CLOSED_WRITE,STABLE_NEUTRAL_CANDIDATE,18.000,zero_contact,route_contact,route_contact,0,18.000,18.000,2.250,15.750,yes,,MATTER_ROW_ALLOWED_AFTER_SURFACE_GATE,matter_row,,yes,MATTER_ROW_ALLOWED_AFTER_SURFACE_GATE,QP093A,PASS_STABLE_SINGLE_WRITE_MATTER,QP093A_WITH_QP093B_NULL_BOUNDARY,matter,NATIVE_MATTER_IDENTITY_ASSIGNED_NO_KNOWN_LABEL,QP093A-0048|stable_matter_rows|OUTER_BINARY_NEUTRAL|outer_binary_neutral|p=12|d=1|q=neutral:0,,,,native_identity_no_external_label,no,CR119_DOWNSTREAM_ONLY_REVEAL
QP093A-0049,stable_matter_rows,"plus_single_write[p=1,g=2]",V4_1_SINGLE_WRITE,single_write,1,2,positive,1,plus,fermion_half_write,owner_closed,CLOSED_WRITE,STABLE_MATTER_CANDIDATE,180.00,zero_contact,route_contact,route_contact,0,180.00,181.2499999999999999999999999999999999999999999999999999999999999999999999999999999999999999999999999,22.65624999999999999999999999999999999999999999999999999999999999999999999999999999999999999999999999,158.5937499999999999999999999999999999999999999999999999999999999999999999999999999999999999999999999,yes,,MATTER_ROW_ALLOWED_AFTER_SURFACE_GATE,matter_row,,yes,MATTER_ROW_ALLOWED_AFTER_SURFACE_GATE,QP093A,PASS_STABLE_SINGLE_WRITE_MATTER,QP093A_WITH_QP093B_NULL_BOUNDARY,matter,NATIVE_MATTER_IDENTITY_ASSIGNED_NO_KNOWN_LABEL,QP093A-0049|stable_matter_rows|V4_1_SINGLE_WRITE|single_write|p=1|d=2|q=positive:1,,,,native_identity_no_external_label,no,CR119_DOWNSTREAM_ONLY_REVEAL
QP093A-0050,stable_matter_rows,"minus_single_write[p=1,g=2]",V4_1_SINGLE_WRITE,single_write,1,2,negative,1,minus,fermion_half_write,owner_closed,CLOSED_WRITE,STABLE_MATTER_CANDIDATE,216.0,zero_contact,route_contact,route_contact,0,216.0,217.4999999999999999999999999999999999999999999999999999999999999999999999999999999999999999999999999,27.18749999999999999999999999999999999999999999999999999999999999999999999999999999999999999999999999,190.3124999999999999999999999999999999999999999999999999999999999999999999999999999999999999999999999,yes,,MATTER_ROW_ALLOWED_AFTER_SURFACE_GATE,matter_row,,yes,MATTER_ROW_ALLOWED_AFTER_SURFACE_GATE,QP093A,PASS_STABLE_SINGLE_WRITE_MATTER,QP093A_WITH_QP093B_NULL_BOUNDARY,matter,NATIVE_MATTER_IDENTITY_ASSIGNED_NO_KNOWN_LABEL,QP093A-0050|stable_matter_rows|V4_1_SINGLE_WRITE|single_write|p=1|d=2|q=negative:1,,,,native_identity_no_external_label,no,CR119_DOWNSTREAM_ONLY_REVEAL
QP093A-0051,stable_matter_rows,"neutral_single_write[p=1,g=2]",OUTER_BINARY_NEUTRAL,outer_binary_neutral,1,2,neutral,0,neutral,fermion_half_write,owner_closed,CLOSED_WRITE,STABLE_NEUTRAL_CANDIDATE,18.000,zero_contact,route_contact,route_contact,0,18.000,18.000,2.250,15.750,yes,,MATTER_ROW_ALLOWED_AFTER_SURFACE_GATE,matter_row,,yes,MATTER_ROW_ALLOWED_AFTER_SURFACE_GATE,QP093A,PASS_STABLE_SINGLE_WRITE_MATTER,QP093A_WITH_QP093B_NULL_BOUNDARY,matter,NATIVE_MATTER_IDENTITY_ASSIGNED_NO_KNOWN_LABEL,QP093A-0051|stable_matter_rows|OUTER_BINARY_NEUTRAL|outer_binary_neutral|p=1|d=2|q=neutral:0,,,,native_identity_no_external_label,no,CR119_DOWNSTREAM_ONLY_REVEAL
QP093A-0052,stable_matter_rows,"plus_single_write[p=2,g=2]",V4_1_SINGLE_WRITE,single_write,2,2,positive,2,plus,fermion_half_write,owner_closed,CLOSED_WRITE,STABLE_MATTER_CANDIDATE,360.00,zero_contact,route_contact,route_contact,0,360.00,365.0000000000000000000000000000000000000000000000000000000000000000000000000000000000000000000000000,45.6250000000000000000000000000000000000000000000000000000000000000000000000000000000000000000000000,319.375000000000000000000000000000000000000000000000000000000000000000000000000000000000000000000000,yes,,MATTER_ROW_ALLOWED_AFTER_SURFACE_GATE,matter_row,,yes,MATTER_ROW_ALLOWED_AFTER_SURFACE_GATE,QP093A,PASS_STABLE_SINGLE_WRITE_MATTER,QP093A_WITH_QP093B_NULL_BOUNDARY,matter,NATIVE_MATTER_IDENTITY_ASSIGNED_NO_KNOWN_LABEL,QP093A-0052|stable_matter_rows|V4_1_SINGLE_WRITE|single_write|p=2|d=2|q=positive:2,,,,native_identity_no_external_label,no,CR119_DOWNSTREAM_ONLY_REVEAL
QP093A-0053,stable_matter_rows,"minus_single_write[p=2,g=2]",V4_1_SINGLE_WRITE,single_write,2,2,negative,2,minus,fermion_half_write,owner_closed,CLOSED_WRITE,STABLE_MATTER_CANDIDATE,432.0,zero_contact,route_contact,route_contact,0,432.0,438.0000000000000000000000000000000000000000000000000000000000000000000000000000000000000000000000000,54.7500000000000000000000000000000000000000000000000000000000000000000000000000000000000000000000000,383.250000000000000000000000000000000000000000000000000000000000000000000000000000000000000000000000,yes,,MATTER_ROW_ALLOWED_AFTER_SURFACE_GATE,matter_row,,yes,MATTER_ROW_ALLOWED_AFTER_SURFACE_GATE,QP093A,PASS_STABLE_SINGLE_WRITE_MATTER,QP093A_WITH_QP093B_NULL_BOUNDARY,matter,NATIVE_MATTER_IDENTITY_ASSIGNED_NO_KNOWN_LABEL,QP093A-0053|stable_matter_rows|V4_1_SINGLE_WRITE|single_write|p=2|d=2|q=negative:2,,,,native_identity_no_external_label,no,CR119_DOWNSTREAM_ONLY_REVEAL
QP093A-0054,stable_matter_rows,"neutral_single_write[p=2,g=2]",OUTER_BINARY_NEUTRAL,outer_binary_neutral,2,2,neutral,0,neutral,fermion_half_write,owner_closed,CLOSED_WRITE,STABLE_NEUTRAL_CANDIDATE,36.000,zero_contact,route_contact,route_contact,0,36.000,36.000,4.500,31.500,yes,,MATTER_ROW_ALLOWED_AFTER_SURFACE_GATE,matter_row,,yes,MATTER_ROW_ALLOWED_AFTER_SURFACE_GATE,QP093A,PASS_STABLE_SINGLE_WRITE_MATTER,QP093A_WITH_QP093B_NULL_BOUNDARY,matter,NATIVE_MATTER_IDENTITY_ASSIGNED_NO_KNOWN_LABEL,QP093A-0054|stable_matter_rows|OUTER_BINARY_NEUTRAL|outer_binary_neutral|p=2|d=2|q=neutral:0,,,,native_identity_no_external_label,no,CR119_DOWNSTREAM_ONLY_REVEAL
QP093A-0055,stable_matter_rows,"plus_single_write[p=3,g=2]",V4_1_SINGLE_WRITE,single_write,3,2,positive,3,plus,fermion_half_write,owner_closed,CLOSED_WRITE,STABLE_MATTER_CANDIDATE,540.00,zero_contact,route_contact,route_contact,0,540.00,551.2499999999999999999999999999999999999999999999999999999999999999999999999999999999999999999999998,68.90624999999999999999999999999999999999999999999999999999999999999999999999999999999999999999999998,482.3437499999999999999999999999999999999999999999999999999999999999999999999999999999999999999999999,yes,,MATTER_ROW_ALLOWED_AFTER_SURFACE_GATE,matter_row,,yes,MATTER_ROW_ALLOWED_AFTER_SURFACE_GATE,QP093A,PASS_STABLE_SINGLE_WRITE_MATTER,QP093A_WITH_QP093B_NULL_BOUNDARY,matter,NATIVE_MATTER_IDENTITY_ASSIGNED_NO_KNOWN_LABEL,QP093A-0055|stable_matter_rows|V4_1_SINGLE_WRITE|single_write|p=3|d=2|q=positive:3,,,,native_identity_no_external_label,no,CR119_DOWNSTREAM_ONLY_REVEAL
QP093A-0056,stable_matter_rows,"minus_single_write[p=3,g=2]",V4_1_SINGLE_WRITE,single_write,3,2,negative,3,minus,fermion_half_write,owner_closed,CLOSED_WRITE,STABLE_MATTER_CANDIDATE,648.0,zero_contact,route_contact,route_contact,0,648.0,661.4999999999999999999999999999999999999999999999999999999999999999999999999999999999999999999999998,82.68749999999999999999999999999999999999999999999999999999999999999999999999999999999999999999999998,578.8124999999999999999999999999999999999999999999999999999999999999999999999999999999999999999999999,yes,,MATTER_ROW_ALLOWED_AFTER_SURFACE_GATE,matter_row,,yes,MATTER_ROW_ALLOWED_AFTER_SURFACE_GATE,QP093A,PASS_STABLE_SINGLE_WRITE_MATTER,QP093A_WITH_QP093B_NULL_BOUNDARY,matter,NATIVE_MATTER_IDENTITY_ASSIGNED_NO_KNOWN_LABEL,QP093A-0056|stable_matter_rows|V4_1_SINGLE_WRITE|single_write|p=3|d=2|q=negative:3,,,,native_identity_no_external_label,no,CR119_DOWNSTREAM_ONLY_REVEAL
QP093A-0057,stable_matter_rows,"neutral_single_write[p=3,g=2]",OUTER_BINARY_NEUTRAL,outer_binary_neutral,3,2,neutral,0,neutral,fermion_half_write,owner_closed,CLOSED_WRITE,STABLE_NEUTRAL_CANDIDATE,54.000,zero_contact,route_contact,route_contact,0,54.000,54.000,6.750,47.250,yes,,MATTER_ROW_ALLOWED_AFTER_SURFACE_GATE,matter_row,,yes,MATTER_ROW_ALLOWED_AFTER_SURFACE_GATE,QP093A,PASS_STABLE_SINGLE_WRITE_MATTER,QP093A_WITH_QP093B_NULL_BOUNDARY,matter,NATIVE_MATTER_IDENTITY_ASSIGNED_NO_KNOWN_LABEL,QP093A-0057|stable_matter_rows|OUTER_BINARY_NEUTRAL|outer_binary_neutral|p=3|d=2|q=neutral:0,,,,native_identity_no_external_label,no,CR119_DOWNSTREAM_ONLY_REVEAL
QP093A-0058,stable_matter_rows,"plus_single_write[p=4,g=2]",V4_1_SINGLE_WRITE,single_write,4,2,positive,4,plus,fermion_half_write,owner_closed,CLOSED_WRITE,STABLE_MATTER_CANDIDATE,720.00,zero_contact,route_contact,route_contact,0,720.00,740.0000000000000000000000000000000000000000000000000000000000000000000000000000000000000000000000002,92.50000000000000000000000000000000000000000000000000000000000000000000000000000000000000000000000002,647.5000000000000000000000000000000000000000000000000000000000000000000000000000000000000000000000001,yes,,MATTER_ROW_ALLOWED_AFTER_SURFACE_GATE,matter_row,,yes,MATTER_ROW_ALLOWED_AFTER_SURFACE_GATE,QP093A,PASS_STABLE_SINGLE_WRITE_MATTER,QP093A_WITH_QP093B_NULL_BOUNDARY,matter,NATIVE_MATTER_IDENTITY_ASSIGNED_NO_KNOWN_LABEL,QP093A-0058|stable_matter_rows|V4_1_SINGLE_WRITE|single_write|p=4|d=2|q=positive:4,,,,native_identity_no_external_label,no,CR119_DOWNSTREAM_ONLY_REVEAL
QP093A-0059,stable_matter_rows,"minus_single_write[p=4,g=2]",V4_1_SINGLE_WRITE,single_write,4,2,negative,4,minus,fermion_half_write,owner_closed,CLOSED_WRITE,STABLE_MATTER_CANDIDATE,864.0,zero_contact,route_contact,route_contact,0,864.0,888.0000000000000000000000000000000000000000000000000000000000000000000000000000000000000000000000002,111.0000000000000000000000000000000000000000000000000000000000000000000000000000000000000000000000000,777.0000000000000000000000000000000000000000000000000000000000000000000000000000000000000000000000001,yes,,MATTER_ROW_ALLOWED_AFTER_SURFACE_GATE,matter_row,,yes,MATTER_ROW_ALLOWED_AFTER_SURFACE_GATE,QP093A,PASS_STABLE_SINGLE_WRITE_MATTER,QP093A_WITH_QP093B_NULL_BOUNDARY,matter,NATIVE_MATTER_IDENTITY_ASSIGNED_NO_KNOWN_LABEL,QP093A-0059|stable_matter_rows|V4_1_SINGLE_WRITE|single_write|p=4|d=2|q=negative:4,,,,native_identity_no_external_label,no,CR119_DOWNSTREAM_ONLY_REVEAL
QP093A-0060,stable_matter_rows,"neutral_single_write[p=4,g=2]",OUTER_BINARY_NEUTRAL,outer_binary_neutral,4,2,neutral,0,neutral,fermion_half_write,owner_closed,CLOSED_WRITE,STABLE_NEUTRAL_CANDIDATE,72.000,zero_contact,route_contact,route_contact,0,72.000,72.000,9.000,63.000,yes,,MATTER_ROW_ALLOWED_AFTER_SURFACE_GATE,matter_row,,yes,MATTER_ROW_ALLOWED_AFTER_SURFACE_GATE,QP093A,PASS_STABLE_SINGLE_WRITE_MATTER,QP093A_WITH_QP093B_NULL_BOUNDARY,matter,NATIVE_MATTER_IDENTITY_ASSIGNED_NO_KNOWN_LABEL,QP093A-0060|stable_matter_rows|OUTER_BINARY_NEUTRAL|outer_binary_neutral|p=4|d=2|q=neutral:0,,,,native_identity_no_external_label,no,CR119_DOWNSTREAM_ONLY_REVEAL
QP093A-0061,stable_matter_rows,"plus_single_write[p=6,g=2]",V4_1_SINGLE_WRITE,single_write,6,2,positive,6,plus,fermion_half_write,owner_closed,CLOSED_WRITE,STABLE_MATTER_CANDIDATE,1080.00,zero_contact,route_contact,route_contact,0,1080.00,1125.000000000000000000000000000000000000000000000000000000000000000000000000000000000000000000000000,140.625000000000000000000000000000000000000000000000000000000000000000000000000000000000000000000000,984.375000000000000000000000000000000000000000000000000000000000000000000000000000000000000000000000,yes,,MATTER_ROW_ALLOWED_AFTER_SURFACE_GATE,matter_row,,yes,MATTER_ROW_ALLOWED_AFTER_SURFACE_GATE,QP093A,PASS_STABLE_SINGLE_WRITE_MATTER,QP093A_WITH_QP093B_NULL_BOUNDARY,matter,NATIVE_MATTER_IDENTITY_ASSIGNED_NO_KNOWN_LABEL,QP093A-0061|stable_matter_rows|V4_1_SINGLE_WRITE|single_write|p=6|d=2|q=positive:6,,,,native_identity_no_external_label,no,CR119_DOWNSTREAM_ONLY_REVEAL
QP093A-0062,stable_matter_rows,"minus_single_write[p=6,g=2]",V4_1_SINGLE_WRITE,single_write,6,2,negative,6,minus,fermion_half_write,owner_closed,CLOSED_WRITE,STABLE_MATTER_CANDIDATE,1296.0,zero_contact,route_contact,route_contact,0,1296.0,1350.000000000000000000000000000000000000000000000000000000000000000000000000000000000000000000000000,168.750000000000000000000000000000000000000000000000000000000000000000000000000000000000000000000000,1181.250000000000000000000000000000000000000000000000000000000000000000000000000000000000000000000000,yes,,MATTER_ROW_ALLOWED_AFTER_SURFACE_GATE,matter_row,,yes,MATTER_ROW_ALLOWED_AFTER_SURFACE_GATE,QP093A,PASS_STABLE_SINGLE_WRITE_MATTER,QP093A_WITH_QP093B_NULL_BOUNDARY,matter,NATIVE_MATTER_IDENTITY_ASSIGNED_NO_KNOWN_LABEL,QP093A-0062|stable_matter_rows|V4_1_SINGLE_WRITE|single_write|p=6|d=2|q=negative:6,,,,native_identity_no_external_label,no,CR119_DOWNSTREAM_ONLY_REVEAL
QP093A-0063,stable_matter_rows,"neutral_single_write[p=6,g=2]",OUTER_BINARY_NEUTRAL,outer_binary_neutral,6,2,neutral,0,neutral,fermion_half_write,owner_closed,CLOSED_WRITE,STABLE_NEUTRAL_CANDIDATE,108.000,zero_contact,route_contact,route_contact,0,108.000,108.000,13.500,94.500,yes,,MATTER_ROW_ALLOWED_AFTER_SURFACE_GATE,matter_row,,yes,MATTER_ROW_ALLOWED_AFTER_SURFACE_GATE,QP093A,PASS_STABLE_SINGLE_WRITE_MATTER,QP093A_WITH_QP093B_NULL_BOUNDARY,matter,NATIVE_MATTER_IDENTITY_ASSIGNED_NO_KNOWN_LABEL,QP093A-0063|stable_matter_rows|OUTER_BINARY_NEUTRAL|outer_binary_neutral|p=6|d=2|q=neutral:0,,,,native_identity_no_external_label,no,CR119_DOWNSTREAM_ONLY_REVEAL
QP093A-0115,bound_composite_rows,color_triad[1+1+1],GROUND_BARYON_3BODY,three_owner_color_closure,1+1+1,0,positive,1,triadic_charge_axis,fermion_baryon_half_write,color_owner_closed,CLOSED_THREE_OWNER_WRITE,BOUND_COLOR_CLOSED_STABLE_CANDIDATE,108,positive_debit,depth=0,GROUND_BARYON_3BODY|depth=0|q_abs=1,36.00000000000000000000000000000000000000000000000000000000000000000000000000000000000000000000000000,72.00000000000000000000000000000000000000000000000000000000000000000000000000000000000000000000000000,72.49999999999999999999999999999999999999999999999999999999999999999999999999999999999999999999999997,9.062499999999999999999999999999999999999999999999999999999999999999999999999999999999999999999999996,63.43749999999999999999999999999999999999999999999999999999999999999999999999999999999999999999999998,yes,,BOUND_MATTER_ROW_ALLOWED,matter_row,,yes,BOUND_MATTER_ROW_ALLOWED,QP093A,PASS_BOUND_COMPOSITE_MATTER,QP093A_WITH_QP093B_NULL_BOUNDARY,matter,NATIVE_MATTER_IDENTITY_ASSIGNED_NO_KNOWN_LABEL,QP093A-0115|bound_composite_rows|GROUND_BARYON_3BODY|three_owner_color_closure|p=1+1+1|d=0|q=positive:1,,,,native_identity_no_external_label,no,CR119_DOWNSTREAM_ONLY_REVEAL
QP093A-0118,bound_composite_rows,color_triad[1+1+4],GROUND_BARYON_3BODY,three_owner_color_closure,1+1+4,0,positive,1,triadic_charge_axis,fermion_baryon_half_write,color_owner_closed,CLOSED_THREE_OWNER_WRITE,BOUND_COLOR_CLOSED_STABLE_CANDIDATE,648,positive_debit,depth=0,GROUND_BARYON_3BODY|depth=0|q_abs=1,216.0000000000000000000000000000000000000000000000000000000000000000000000000000000000000000000000000,432.0000000000000000000000000000000000000000000000000000000000000000000000000000000000000000000000000,434.9999999999999999999999999999999999999999999999999999999999999999999999999999999999999999999999998,54.37499999999999999999999999999999999999999999999999999999999999999999999999999999999999999999999998,380.6249999999999999999999999999999999999999999999999999999999999999999999999999999999999999999999999,yes,,BOUND_MATTER_ROW_ALLOWED,matter_row,,yes,BOUND_MATTER_ROW_ALLOWED,QP093A,PASS_BOUND_COMPOSITE_MATTER,QP093A_WITH_QP093B_NULL_BOUNDARY,matter,NATIVE_MATTER_IDENTITY_ASSIGNED_NO_KNOWN_LABEL,QP093A-0118|bound_composite_rows|GROUND_BARYON_3BODY|three_owner_color_closure|p=1+1+4|d=0|q=positive:1,,,,native_identity_no_external_label,no,CR119_DOWNSTREAM_ONLY_REVEAL
QP093A-0124,bound_composite_rows,color_triad[1+2+3],GROUND_BARYON_3BODY,three_owner_color_closure,1+2+3,0,negative,1,triadic_charge_axis,fermion_baryon_half_write,color_owner_closed,CLOSED_THREE_OWNER_WRITE,BOUND_COLOR_CLOSED_STABLE_CANDIDATE,504,negative_credit,depth=0,GROUND_BARYON_3BODY|depth=0|q_abs=1,-168.0000000000000000000000000000000000000000000000000000000000000000000000000000000000000000000000000,672.0000000000000000000000000000000000000000000000000000000000000000000000000000000000000000000000000,676.6666666666666666666666666666666666666666666666666666666666666666666666666666666666666666666666664,84.5833333333333333333333333333333333333333333333333333333333333333333333333333333333333333333333333,592.0833333333333333333333333333333333333333333333333333333333333333333333333333333333333333333333331,yes,,BOUND_MATTER_ROW_ALLOWED,matter_row,,yes,BOUND_MATTER_ROW_ALLOWED,QP093A,PASS_BOUND_COMPOSITE_MATTER,QP093A_WITH_QP093B_NULL_BOUNDARY,matter,NATIVE_MATTER_IDENTITY_ASSIGNED_NO_KNOWN_LABEL,QP093A-0124|bound_composite_rows|GROUND_BARYON_3BODY|three_owner_color_closure|p=1+2+3|d=0|q=negative:1,,,,native_identity_no_external_label,no,CR119_DOWNSTREAM_ONLY_REVEAL
QP093A-0126,bound_composite_rows,color_triad[1+2+6],GROUND_BARYON_3BODY,three_owner_color_closure,1+2+6,0,negative,1,triadic_charge_axis,fermion_baryon_half_write,color_owner_closed,CLOSED_THREE_OWNER_WRITE,BOUND_COLOR_CLOSED_STABLE_CANDIDATE,1476,negative_credit,depth=0,GROUND_BARYON_3BODY|depth=0|q_abs=1,-492.0000000000000000000000000000000000000000000000000000000000000000000000000000000000000000000000000,1968.000000000000000000000000000000000000000000000000000000000000000000000000000000000000000000000000,1981.666666666666666666666666666666666666666666666666666666666666666666666666666666666666666666666666,247.7083333333333333333333333333333333333333333333333333333333333333333333333333333333333333333333332,1733.958333333333333333333333333333333333333333333333333333333333333333333333333333333333333333333332,yes,,BOUND_MATTER_ROW_ALLOWED,matter_row,,yes,BOUND_MATTER_ROW_ALLOWED,QP093A,PASS_BOUND_COMPOSITE_MATTER,QP093A_WITH_QP093B_NULL_BOUNDARY,matter,NATIVE_MATTER_IDENTITY_ASSIGNED_NO_KNOWN_LABEL,QP093A-0126|bound_composite_rows|GROUND_BARYON_3BODY|three_owner_color_closure|p=1+2+6|d=0|q=negative:1,,,,native_identity_no_external_label,no,CR119_DOWNSTREAM_ONLY_REVEAL
QP093A-0136,bound_composite_rows,color_triad[1+4+4],GROUND_BARYON_3BODY,three_owner_color_closure,1+4+4,0,negative,2,triadic_charge_axis,fermion_baryon_half_write,color_owner_closed,CLOSED_THREE_OWNER_WRITE,BOUND_COLOR_CLOSED_STABLE_CANDIDATE,1188,negative_credit,depth=0,GROUND_BARYON_3BODY|depth=0|q_abs=2,-495.0000000000000000000000000000000000000000000000000000000000000000000000000000000000000000000000000,1683.000000000000000000000000000000000000000000000000000000000000000000000000000000000000000000000000,1706.375000000000000000000000000000000000000000000000000000000000000000000000000000000000000000000000,213.296875000000000000000000000000000000000000000000000000000000000000000000000000000000000000000000,1493.07812500000000000000000000000000000000000000000000000000000000000000000000000000000000000000000,yes,,BOUND_MATTER_ROW_ALLOWED,matter_row,,yes,BOUND_MATTER_ROW_ALLOWED,QP093A,PASS_BOUND_COMPOSITE_MATTER,QP093A_WITH_QP093B_NULL_BOUNDARY,matter,NATIVE_MATTER_IDENTITY_ASSIGNED_NO_KNOWN_LABEL,QP093A-0136|bound_composite_rows|GROUND_BARYON_3BODY|three_owner_color_closure|p=1+4+4|d=0|q=negative:2,,,,native_identity_no_external_label,no,CR119_DOWNSTREAM_ONLY_REVEAL
QP093A-0142,bound_composite_rows,color_triad[1+6+8],GROUND_BARYON_3BODY,three_owner_color_closure,1+6+8,0,negative,3,triadic_charge_axis,fermion_baryon_half_write,color_owner_closed,CLOSED_THREE_OWNER_WRITE,BOUND_COLOR_CLOSED_STABLE_CANDIDATE,3636,negative_credit,depth=0,GROUND_BARYON_3BODY|depth=0|q_abs=3,-1818.00,5454.00,5567.624999999999999999999999999999999999999999999999999999999999999999999999999999999999999999999998,695.9531249999999999999999999999999999999999999999999999999999999999999999999999999999999999999999998,4871.671874999999999999999999999999999999999999999999999999999999999999999999999999999999999999999999,yes,,BOUND_MATTER_ROW_ALLOWED,matter_row,,yes,BOUND_MATTER_ROW_ALLOWED,QP093A,PASS_BOUND_COMPOSITE_MATTER,QP093A_WITH_QP093B_NULL_BOUNDARY,matter,NATIVE_MATTER_IDENTITY_ASSIGNED_NO_KNOWN_LABEL,QP093A-0142|bound_composite_rows|GROUND_BARYON_3BODY|three_owner_color_closure|p=1+6+8|d=0|q=negative:3,,,,native_identity_no_external_label,no,CR119_DOWNSTREAM_ONLY_REVEAL
QP093A-0151,bound_composite_rows,color_triad[2+2+2],GROUND_BARYON_3BODY,three_owner_color_closure,2+2+2,0,positive,2,triadic_charge_axis,fermion_baryon_half_write,color_owner_closed,CLOSED_THREE_OWNER_WRITE,BOUND_COLOR_CLOSED_STABLE_CANDIDATE,432,positive_debit,depth=0,GROUND_BARYON_3BODY|depth=0|q_abs=2,180.0000000000000000000000000000000000000000000000000000000000000000000000000000000000000000000000000,252.0000000000000000000000000000000000000000000000000000000000000000000000000000000000000000000000000,255.5000000000000000000000000000000000000000000000000000000000000000000000000000000000000000000000000,31.9375000000000000000000000000000000000000000000000000000000000000000000000000000000000000000000000,223.562500000000000000000000000000000000000000000000000000000000000000000000000000000000000000000000,yes,,BOUND_MATTER_ROW_ALLOWED,matter_row,,yes,BOUND_MATTER_ROW_ALLOWED,QP093A,PASS_BOUND_COMPOSITE_MATTER,QP093A_WITH_QP093B_NULL_BOUNDARY,matter,NATIVE_MATTER_IDENTITY_ASSIGNED_NO_KNOWN_LABEL,QP093A-0151|bound_composite_rows|GROUND_BARYON_3BODY|three_owner_color_closure|p=2+2+2|d=0|q=positive:2,,,,native_identity_no_external_label,no,CR119_DOWNSTREAM_ONLY_REVEAL
QP093A-0155,bound_composite_rows,color_triad[2+2+8],GROUND_BARYON_3BODY,three_owner_color_closure,2+2+8,0,positive,2,triadic_charge_axis,fermion_baryon_half_write,color_owner_closed,CLOSED_THREE_OWNER_WRITE,BOUND_COLOR_CLOSED_STABLE_CANDIDATE,2592,positive_debit,depth=0,GROUND_BARYON_3BODY|depth=0|q_abs=2,1080.000000000000000000000000000000000000000000000000000000000000000000000000000000000000000000000000,1512.000000000000000000000000000000000000000000000000000000000000000000000000000000000000000000000000,1533.000000000000000000000000000000000000000000000000000000000000000000000000000000000000000000000000,191.625000000000000000000000000000000000000000000000000000000000000000000000000000000000000000000000,1341.37500000000000000000000000000000000000000000000000000000000000000000000000000000000000000000000,yes,,BOUND_MATTER_ROW_ALLOWED,matter_row,,yes,BOUND_MATTER_ROW_ALLOWED,QP093A,PASS_BOUND_COMPOSITE_MATTER,QP093A_WITH_QP093B_NULL_BOUNDARY,matter,NATIVE_MATTER_IDENTITY_ASSIGNED_NO_KNOWN_LABEL,QP093A-0155|bound_composite_rows|GROUND_BARYON_3BODY|three_owner_color_closure|p=2+2+8|d=0|q=positive:2,,,,native_identity_no_external_label,no,CR119_DOWNSTREAM_ONLY_REVEAL
QP093A-0165,bound_composite_rows,color_triad[2+4+6],GROUND_BARYON_3BODY,three_owner_color_closure,2+4+6,0,negative,2,triadic_charge_axis,fermion_baryon_half_write,color_owner_closed,CLOSED_THREE_OWNER_WRITE,BOUND_COLOR_CLOSED_STABLE_CANDIDATE,2016,negative_credit,depth=0,GROUND_BARYON_3BODY|depth=0|q_abs=2,-840.0000000000000000000000000000000000000000000000000000000000000000000000000000000000000000000000001,2856.000000000000000000000000000000000000000000000000000000000000000000000000000000000000000000000000,2895.666666666666666666666666666666666666666666666666666666666666666666666666666666666666666666666667,361.9583333333333333333333333333333333333333333333333333333333333333333333333333333333333333333333334,2533.708333333333333333333333333333333333333333333333333333333333333333333333333333333333333333333334,yes,,BOUND_MATTER_ROW_ALLOWED,matter_row,,yes,BOUND_MATTER_ROW_ALLOWED,QP093A,PASS_BOUND_COMPOSITE_MATTER,QP093A_WITH_QP093B_NULL_BOUNDARY,matter,NATIVE_MATTER_IDENTITY_ASSIGNED_NO_KNOWN_LABEL,QP093A-0165|bound_composite_rows|GROUND_BARYON_3BODY|three_owner_color_closure|p=2+4+6|d=0|q=negative:2,,,,native_identity_no_external_label,no,CR119_DOWNSTREAM_ONLY_REVEAL
QP093A-0173,bound_composite_rows,color_triad[2+8+8],GROUND_BARYON_3BODY,three_owner_color_closure,2+8+8,0,negative,4,triadic_charge_axis,fermion_baryon_half_write,color_owner_closed,CLOSED_THREE_OWNER_WRITE,BOUND_COLOR_CLOSED_STABLE_CANDIDATE,4752,negative_credit,depth=0,GROUND_BARYON_3BODY|depth=0|q_abs=4,-2772.000000000000000000000000000000000000000000000000000000000000000000000000000000000000000000000000,7524.000000000000000000000000000000000000000000000000000000000000000000000000000000000000000000000000,7733.000000000000000000000000000000000000000000000000000000000000000000000000000000000000000000000002,966.6250000000000000000000000000000000000000000000000000000000000000000000000000000000000000000000002,6766.375000000000000000000000000000000000000000000000000000000000000000000000000000000000000000000001,yes,,BOUND_MATTER_ROW_ALLOWED,matter_row,,yes,BOUND_MATTER_ROW_ALLOWED,QP093A,PASS_BOUND_COMPOSITE_MATTER,QP093A_WITH_QP093B_NULL_BOUNDARY,matter,NATIVE_MATTER_IDENTITY_ASSIGNED_NO_KNOWN_LABEL,QP093A-0173|bound_composite_rows|GROUND_BARYON_3BODY|three_owner_color_closure|p=2+8+8|d=0|q=negative:4,,,,native_identity_no_external_label,no,CR119_DOWNSTREAM_ONLY_REVEAL
QP093A-0187,bound_composite_rows,color_triad[3+4+8],GROUND_BARYON_3BODY,three_owner_color_closure,3+4+8,0,positive,1,triadic_charge_axis,fermion_baryon_half_write,color_owner_closed,CLOSED_THREE_OWNER_WRITE,BOUND_COLOR_CLOSED_STABLE_CANDIDATE,3204,positive_debit,depth=0,GROUND_BARYON_3BODY|depth=0|q_abs=1,1068.000000000000000000000000000000000000000000000000000000000000000000000000000000000000000000000000,2136.000000000000000000000000000000000000000000000000000000000000000000000000000000000000000000000000,2150.833333333333333333333333333333333333333333333333333333333333333333333333333333333333333333333332,268.8541666666666666666666666666666666666666666666666666666666666666666666666666666666666666666666665,1881.979166666666666666666666666666666666666666666666666666666666666666666666666666666666666666666665,yes,,BOUND_MATTER_ROW_ALLOWED,matter_row,,yes,BOUND_MATTER_ROW_ALLOWED,QP093A,PASS_BOUND_COMPOSITE_MATTER,QP093A_WITH_QP093B_NULL_BOUNDARY,matter,NATIVE_MATTER_IDENTITY_ASSIGNED_NO_KNOWN_LABEL,QP093A-0187|bound_composite_rows|GROUND_BARYON_3BODY|three_owner_color_closure|p=3+4+8|d=0|q=positive:1,,,,native_identity_no_external_label,no,CR119_DOWNSTREAM_ONLY_REVEAL
QP093A-0190,bound_composite_rows,color_triad[3+6+6],GROUND_BARYON_3BODY,three_owner_color_closure,3+6+6,0,negative,3,triadic_charge_axis,fermion_baryon_half_write,color_owner_closed,CLOSED_THREE_OWNER_WRITE,BOUND_COLOR_CLOSED_STABLE_CANDIDATE,2916,negative_credit,depth=0,GROUND_BARYON_3BODY|depth=0|q_abs=3,-1458.00,4374.00,4465.124999999999999999999999999999999999999999999999999999999999999999999999999999999999999999999999,558.1406249999999999999999999999999999999999999999999999999999999999999999999999999999999999999999999,3906.984374999999999999999999999999999999999999999999999999999999999999999999999999999999999999999999,yes,,BOUND_MATTER_ROW_ALLOWED,matter_row,,yes,BOUND_MATTER_ROW_ALLOWED,QP093A,PASS_BOUND_COMPOSITE_MATTER,QP093A_WITH_QP093B_NULL_BOUNDARY,matter,NATIVE_MATTER_IDENTITY_ASSIGNED_NO_KNOWN_LABEL,QP093A-0190|bound_composite_rows|GROUND_BARYON_3BODY|three_owner_color_closure|p=3+6+6|d=0|q=negative:3,,,,native_identity_no_external_label,no,CR119_DOWNSTREAM_ONLY_REVEAL
QP093A-0200,bound_composite_rows,color_triad[4+4+4],GROUND_BARYON_3BODY,three_owner_color_closure,4+4+4,0,positive,1,triadic_charge_axis,fermion_baryon_half_write,color_owner_closed,CLOSED_THREE_OWNER_WRITE,BOUND_COLOR_CLOSED_STABLE_CANDIDATE,1728,positive_debit,depth=0,GROUND_BARYON_3BODY|depth=0|q_abs=1,575.9999999999999999999999999999999999999999999999999999999999999999999999999999999999999999999999999,1152.000000000000000000000000000000000000000000000000000000000000000000000000000000000000000000000000,1159.999999999999999999999999999999999999999999999999999999999999999999999999999999999999999999999999,144.9999999999999999999999999999999999999999999999999999999999999999999999999999999999999999999999999,1014.999999999999999999999999999999999999999999999999999999999999999999999999999999999999999999999999,yes,,BOUND_MATTER_ROW_ALLOWED,matter_row,,yes,BOUND_MATTER_ROW_ALLOWED,QP093A,PASS_BOUND_COMPOSITE_MATTER,QP093A_WITH_QP093B_NULL_BOUNDARY,matter,NATIVE_MATTER_IDENTITY_ASSIGNED_NO_KNOWN_LABEL,QP093A-0200|bound_composite_rows|GROUND_BARYON_3BODY|three_owner_color_closure|p=4+4+4|d=0|q=positive:1,,,,native_identity_no_external_label,no,CR119_DOWNSTREAM_ONLY_REVEAL
QP093A-0225,bound_composite_rows,color_triad[8+8+8],GROUND_BARYON_3BODY,three_owner_color_closure,8+8+8,0,positive,2,triadic_charge_axis,fermion_baryon_half_write,color_owner_closed,CLOSED_THREE_OWNER_WRITE,BOUND_COLOR_CLOSED_STABLE_CANDIDATE,6912,positive_debit,depth=0,GROUND_BARYON_3BODY|depth=0|q_abs=2,2880.000000000000000000000000000000000000000000000000000000000000000000000000000000000000000000000000,4032.000000000000000000000000000000000000000000000000000000000000000000000000000000000000000000000000,4088.000000000000000000000000000000000000000000000000000000000000000000000000000000000000000000000000,511.000000000000000000000000000000000000000000000000000000000000000000000000000000000000000000000000,3577.00000000000000000000000000000000000000000000000000000000000000000000000000000000000000000000000,yes,,BOUND_MATTER_ROW_ALLOWED,matter_row,,yes,BOUND_MATTER_ROW_ALLOWED,QP093A,PASS_BOUND_COMPOSITE_MATTER,QP093A_WITH_QP093B_NULL_BOUNDARY,matter,NATIVE_MATTER_IDENTITY_ASSIGNED_NO_KNOWN_LABEL,QP093A-0225|bound_composite_rows|GROUND_BARYON_3BODY|three_owner_color_closure|p=8+8+8|d=0|q=positive:2,,,,native_identity_no_external_label,no,CR119_DOWNSTREAM_ONLY_REVEAL
QP093A-0235,bound_composite_rows,pair_write[1|anti1],BOUND_COLOR_PAIR,two_owner_pair_closure,1+1,1,neutral,0,pair_charge_axis,boson_integer_write,owner_pair_closed,CLOSED_PAIR_WRITE,BOUND_PAIR_NEUTRAL_CANDIDATE,12,positive_debit,depth=1,BOUND_COLOR_PAIR|depth=1|q_abs=0,1.25,10.75,10.75,1.34375,9.40625,yes,,BOUND_COMPOSITE_ROW_ALLOWED,matter_row,,yes,BOUND_COMPOSITE_ROW_ALLOWED,QP093A,PASS_BOUND_COMPOSITE_MATTER,QP093A_WITH_QP093B_NULL_BOUNDARY,matter,NATIVE_MATTER_IDENTITY_ASSIGNED_NO_KNOWN_LABEL,QP093A-0235|bound_composite_rows|BOUND_COLOR_PAIR|two_owner_pair_closure|p=1+1|d=1|q=neutral:0,,,,native_identity_no_external_label,no,CR119_DOWNSTREAM_ONLY_REVEAL
QP093A-0236,bound_composite_rows,pair_write[1|anti2],BOUND_COLOR_PAIR,two_owner_pair_closure,1+2,3,negative,1,pair_charge_axis,boson_integer_write,owner_pair_closed,CLOSED_PAIR_WRITE,BOUND_PAIR_CHARGED_CANDIDATE,27,negative_credit,depth=3,BOUND_COLOR_PAIR|depth=3|q_abs=1,-0.005208333333333333333333333333333333333333333333333333333333333333333333333333333333333333333333333333,27.00520833333333333333333333333333333333333333333333333333333333333333333333333333333333333333333333,27.19274450231481481481481481481481481481481481481481481481481481481481481481481481481481481481481480,3.39909306278935185185185185185185185185185185185185185185185185185185185185185185185185185185185185,23.79365143952546296296296296296296296296296296296296296296296296296296296296296296296296296296296295,yes,,BOUND_COMPOSITE_ROW_ALLOWED,matter_row,,yes,BOUND_COMPOSITE_ROW_ALLOWED,QP093A,PASS_BOUND_COMPOSITE_MATTER,QP093A_WITH_QP093B_NULL_BOUNDARY,matter,NATIVE_MATTER_IDENTITY_ASSIGNED_NO_KNOWN_LABEL,QP093A-0236|bound_composite_rows|BOUND_COLOR_PAIR|two_owner_pair_closure|p=1+2|d=3|q=negative:1,,,,native_identity_no_external_label,no,CR119_DOWNSTREAM_ONLY_REVEAL
QP093A-0237,bound_composite_rows,pair_write[1|anti3],BOUND_COLOR_PAIR,two_owner_pair_closure,1+3,3,negative,2,pair_charge_axis,boson_integer_write,owner_pair_closed,CLOSED_PAIR_WRITE,BOUND_PAIR_CHARGED_CANDIDATE,42,negative_credit,depth=3,BOUND_COLOR_PAIR|depth=3|q_abs=2,-0.01012731481481481481481481481481481481481481481481481481481481481481481481481481481481481481481481482,42.01012731481481481481481481481481481481481481481481481481481481481481481481481481481481481481481481,42.59360130529835390946502057613168724279835390946502057613168724279835390946502057613168724279835391,5.324200163162294238683127572016460905349794238683127572016460905349794238683127572016460905349794239,37.26940114213605967078189300411522633744855967078189300411522633744855967078189300411522633744855968,yes,,BOUND_COMPOSITE_ROW_ALLOWED,matter_row,,yes,BOUND_COMPOSITE_ROW_ALLOWED,QP093A,PASS_BOUND_COMPOSITE_MATTER,QP093A_WITH_QP093B_NULL_BOUNDARY,matter,NATIVE_MATTER_IDENTITY_ASSIGNED_NO_KNOWN_LABEL,QP093A-0237|bound_composite_rows|BOUND_COLOR_PAIR|two_owner_pair_closure|p=1+3|d=3|q=negative:2,,,,native_identity_no_external_label,no,CR119_DOWNSTREAM_ONLY_REVEAL
QP093A-0238,bound_composite_rows,pair_write[1|anti4],BOUND_COLOR_PAIR,two_owner_pair_closure,1+4,3,negative,3,pair_charge_axis,boson_integer_write,owner_pair_closed,CLOSED_PAIR_WRITE,BOUND_PAIR_CHARGED_CANDIDATE,57,negative_credit,depth=3,BOUND_COLOR_PAIR|depth=3|q_abs=3,-0.01649305555555555555555555555555555555555555555555555555555555555555555555555555555555555555555555556,57.01649305555555555555555555555555555555555555555555555555555555555555555555555555555555555555555556,58.20433666087962962962962962962962962962962962962962962962962962962962962962962962962962962962962962,7.275542082609953703703703703703703703703703703703703703703703703703703703703703703703703703703703702,50.92879457826967592592592592592592592592592592592592592592592592592592592592592592592592592592592591,yes,,BOUND_COMPOSITE_ROW_ALLOWED,matter_row,,yes,BOUND_COMPOSITE_ROW_ALLOWED,QP093A,PASS_BOUND_COMPOSITE_MATTER,QP093A_WITH_QP093B_NULL_BOUNDARY,matter,NATIVE_MATTER_IDENTITY_ASSIGNED_NO_KNOWN_LABEL,QP093A-0238|bound_composite_rows|BOUND_COLOR_PAIR|two_owner_pair_closure|p=1+4|d=3|q=negative:3,,,,native_identity_no_external_label,no,CR119_DOWNSTREAM_ONLY_REVEAL
QP093A-0239,bound_composite_rows,pair_write[1|anti6],BOUND_COLOR_PAIR,two_owner_pair_closure,1+6,3,negative,5,pair_charge_axis,boson_integer_write,owner_pair_closed,CLOSED_PAIR_WRITE,BOUND_PAIR_CHARGED_CANDIDATE,87,negative_credit,depth=3,BOUND_COLOR_PAIR|depth=3|q_abs=5,-0.03356481481481481481481481481481481481481481481481481481481481481481481481481481481481481481481481482,87.03356481481481481481481481481481481481481481481481481481481481481481481481481481481481481481481481,90.05556359310699588477366255144032921810699588477366255144032921810699588477366255144032921810699586,11.25694544913837448559670781893004115226337448559670781893004115226337448559670781893004115226337448,78.79861814396862139917695473251028806584362139917695473251028806584362139917695473251028806584362138,yes,,BOUND_COMPOSITE_ROW_ALLOWED,matter_row,,yes,BOUND_COMPOSITE_ROW_ALLOWED,QP093A,PASS_BOUND_COMPOSITE_MATTER,QP093A_WITH_QP093B_NULL_BOUNDARY,matter,NATIVE_MATTER_IDENTITY_ASSIGNED_NO_KNOWN_LABEL,QP093A-0239|bound_composite_rows|BOUND_COLOR_PAIR|two_owner_pair_closure|p=1+6|d=3|q=negative:5,,,,native_identity_no_external_label,no,CR119_DOWNSTREAM_ONLY_REVEAL
QP093A-0240,bound_composite_rows,pair_write[1|anti8],BOUND_COLOR_PAIR,two_owner_pair_closure,1+8,3,negative,7,pair_charge_axis,boson_integer_write,owner_pair_closed,CLOSED_PAIR_WRITE,BOUND_PAIR_CHARGED_CANDIDATE,117,negative_credit,depth=3,BOUND_COLOR_PAIR|depth=3|q_abs=7,-0.05642361111111111111111111111111111111111111111111111111111111111111111111111111111111111111111111111,117.0564236111111111111111111111111111111111111111111111111111111111111111111111111111111111111111111,122.7466664255401234567901234567901234567901234567901234567901234567901234567901234567901234567901234,15.34333330319251543209876543209876543209876543209876543209876543209876543209876543209876543209876542,107.4033331223476080246913580246913580246913580246913580246913580246913580246913580246913580246913580,yes,,BOUND_COMPOSITE_ROW_ALLOWED,matter_row,,yes,BOUND_COMPOSITE_ROW_ALLOWED,QP093A,PASS_BOUND_COMPOSITE_MATTER,QP093A_WITH_QP093B_NULL_BOUNDARY,matter,NATIVE_MATTER_IDENTITY_ASSIGNED_NO_KNOWN_LABEL,QP093A-0240|bound_composite_rows|BOUND_COLOR_PAIR|two_owner_pair_closure|p=1+8|d=3|q=negative:7,,,,native_identity_no_external_label,no,CR119_DOWNSTREAM_ONLY_REVEAL
QP093A-0241,bound_composite_rows,pair_write[1|anti9],OCTET_COMPOSITE,two_owner_pair_closure,1+9,3,negative,8,pair_charge_axis,boson_integer_write,owner_pair_closed,CLOSED_PAIR_WRITE,BOUND_PAIR_CHARGED_CANDIDATE,132,negative_credit,depth=3,OCTET_COMPOSITE|depth=3|q_abs=8,-0.05570023148148148148148148148148148148148148148148148148148148148148148148148148148148148148148148148,132.0557002314814814814814814814814814814814814814814814814814814814814814814814814814814814814814815,139.3921280221193415637860082304526748971193415637860082304526748971193415637860082304526748971193416,17.4240160027649176954732510288065843621399176954732510288065843621399176954732510288065843621399177,121.9681120193544238683127572016460905349794238683127572016460905349794238683127572016460905349794239,yes,,BOUND_COMPOSITE_ROW_ALLOWED,matter_row,,yes,BOUND_COMPOSITE_ROW_ALLOWED,QP093A,PASS_BOUND_COMPOSITE_MATTER,QP093A_WITH_QP093B_NULL_BOUNDARY,matter,NATIVE_MATTER_IDENTITY_ASSIGNED_NO_KNOWN_LABEL,QP093A-0241|bound_composite_rows|OCTET_COMPOSITE|two_owner_pair_closure|p=1+9|d=3|q=negative:8,,,,native_identity_no_external_label,no,CR119_DOWNSTREAM_ONLY_REVEAL
QP093A-0243,bound_composite_rows,pair_write[2|anti1],BOUND_COLOR_PAIR,two_owner_pair_closure,2+1,3,positive,1,pair_charge_axis,boson_integer_write,owner_pair_closed,CLOSED_PAIR_WRITE,BOUND_PAIR_CHARGED_CANDIDATE,27,positive_debit,depth=3,BOUND_COLOR_PAIR|depth=3|q_abs=1,0.005208333333333333333333333333333333333333333333333333333333333333333333333333333333333333333333333333,26.99479166666666666666666666666666666666666666666666666666666666666666666666666666666666666666666667,27.18225549768518518518518518518518518518518518518518518518518518518518518518518518518518518518518518,3.397781937210648148148148148148148148148148148148148148148148148148148148148148148148148148148148148,23.78447356047453703703703703703703703703703703703703703703703703703703703703703703703703703703703704,yes,,BOUND_COMPOSITE_ROW_ALLOWED,matter_row,,yes,BOUND_COMPOSITE_ROW_ALLOWED,QP093A,PASS_BOUND_COMPOSITE_MATTER,QP093A_WITH_QP093B_NULL_BOUNDARY,matter,NATIVE_MATTER_IDENTITY_ASSIGNED_NO_KNOWN_LABEL,QP093A-0243|bound_composite_rows|BOUND_COLOR_PAIR|two_owner_pair_closure|p=2+1|d=3|q=positive:1,,,,native_identity_no_external_label,no,CR119_DOWNSTREAM_ONLY_REVEAL
QP093A-0244,bound_composite_rows,pair_write[2|anti2],BOUND_COLOR_PAIR,two_owner_pair_closure,2+2,1,neutral,0,pair_charge_axis,boson_integer_write,owner_pair_closed,CLOSED_PAIR_WRITE,BOUND_PAIR_NEUTRAL_CANDIDATE,48,positive_debit,depth=1,BOUND_COLOR_PAIR|depth=1|q_abs=0,5.00,43.00,43.00,5.375,37.625,yes,,BOUND_COMPOSITE_ROW_ALLOWED,matter_row,,yes,BOUND_COMPOSITE_ROW_ALLOWED,QP093A,PASS_BOUND_COMPOSITE_MATTER,QP093A_WITH_QP093B_NULL_BOUNDARY,matter,NATIVE_MATTER_IDENTITY_ASSIGNED_NO_KNOWN_LABEL,QP093A-0244|bound_composite_rows|BOUND_COLOR_PAIR|two_owner_pair_closure|p=2+2|d=1|q=neutral:0,,,,native_identity_no_external_label,no,CR119_DOWNSTREAM_ONLY_REVEAL
QP093A-0245,bound_composite_rows,pair_write[2|anti3],BOUND_COLOR_PAIR,two_owner_pair_closure,2+3,3,negative,1,pair_charge_axis,boson_integer_write,owner_pair_closed,CLOSED_PAIR_WRITE,BOUND_PAIR_CHARGED_CANDIDATE,75,negative_credit,depth=3,BOUND_COLOR_PAIR|depth=3|q_abs=1,-0.01446759259259259259259259259259259259259259259259259259259259259259259259259259259259259259259259259,75.01446759259259259259259259259259259259259259259259259259259259259259259259259259259259259259259259,75.53540139531893004115226337448559670781893004115226337448559670781893004115226337448559670781893001,9.441925174414866255144032921810699588477366255144032921810699588477366255144032921810699588477366251,66.09347622090406378600823045267489711934156378600823045267489711934156378600823045267489711934156376,yes,,BOUND_COMPOSITE_ROW_ALLOWED,matter_row,,yes,BOUND_COMPOSITE_ROW_ALLOWED,QP093A,PASS_BOUND_COMPOSITE_MATTER,QP093A_WITH_QP093B_NULL_BOUNDARY,matter,NATIVE_MATTER_IDENTITY_ASSIGNED_NO_KNOWN_LABEL,QP093A-0245|bound_composite_rows|BOUND_COLOR_PAIR|two_owner_pair_closure|p=2+3|d=3|q=negative:1,,,,native_identity_no_external_label,no,CR119_DOWNSTREAM_ONLY_REVEAL
QP093A-0246,bound_composite_rows,pair_write[2|anti4],BOUND_COLOR_PAIR,two_owner_pair_closure,2+4,3,negative,2,pair_charge_axis,boson_integer_write,owner_pair_closed,CLOSED_PAIR_WRITE,BOUND_PAIR_CHARGED_CANDIDATE,102,negative_credit,depth=3,BOUND_COLOR_PAIR|depth=3|q_abs=2,-0.02459490740740740740740740740740740740740740740740740740740740740740740740740740740740740740740740741,102.0245949074074074074074074074074074074074074074074074074074074074074074074074074074074074074074074,103.4416031700102880658436213991769547325102880658436213991769547325102880658436213991769547325102881,12.93020039625128600823045267489711934156378600823045267489711934156378600823045267489711934156378601,90.51140277375900205761316872427983539094650205761316872427983539094650205761316872427983539094650209,yes,,BOUND_COMPOSITE_ROW_ALLOWED,matter_row,,yes,BOUND_COMPOSITE_ROW_ALLOWED,QP093A,PASS_BOUND_COMPOSITE_MATTER,QP093A_WITH_QP093B_NULL_BOUNDARY,matter,NATIVE_MATTER_IDENTITY_ASSIGNED_NO_KNOWN_LABEL,QP093A-0246|bound_composite_rows|BOUND_COLOR_PAIR|two_owner_pair_closure|p=2+4|d=3|q=negative:2,,,,native_identity_no_external_label,no,CR119_DOWNSTREAM_ONLY_REVEAL
QP093A-0247,bound_composite_rows,pair_write[2|anti6],BOUND_COLOR_PAIR,two_owner_pair_closure,2+6,3,negative,4,pair_charge_axis,boson_integer_write,owner_pair_closed,CLOSED_PAIR_WRITE,BOUND_PAIR_CHARGED_CANDIDATE,156,negative_credit,depth=3,BOUND_COLOR_PAIR|depth=3|q_abs=4,-0.05266203703703703703703703703703703703703703703703703703703703703703703703703703703703703703703703704,156.0526620370370370370370370370370370370370370370370370370370370370370370370370370370370370370370370,160.3874582047325102880658436213991769547325102880658436213991769547325102880658436213991769547325103,20.04843227559156378600823045267489711934156378600823045267489711934156378600823045267489711934156379,140.3390259291409465020576131687242798353909465020576131687242798353909465020576131687242798353909465,yes,,BOUND_COMPOSITE_ROW_ALLOWED,matter_row,,yes,BOUND_COMPOSITE_ROW_ALLOWED,QP093A,PASS_BOUND_COMPOSITE_MATTER,QP093A_WITH_QP093B_NULL_BOUNDARY,matter,NATIVE_MATTER_IDENTITY_ASSIGNED_NO_KNOWN_LABEL,QP093A-0247|bound_composite_rows|BOUND_COLOR_PAIR|two_owner_pair_closure|p=2+6|d=3|q=negative:4,,,,native_identity_no_external_label,no,CR119_DOWNSTREAM_ONLY_REVEAL
QP093A-0248,bound_composite_rows,pair_write[2|anti8],BOUND_COLOR_PAIR,two_owner_pair_closure,2+8,3,negative,6,pair_charge_axis,boson_integer_write,owner_pair_closed,CLOSED_PAIR_WRITE,BOUND_PAIR_CHARGED_CANDIDATE,210,negative_credit,depth=3,BOUND_COLOR_PAIR|depth=3|q_abs=6,-0.09114583333333333333333333333333333333333333333333333333333333333333333333333333333333333333333333335,210.0911458333333333333333333333333333333333333333333333333333333333333333333333333333333333333333333,218.8449435763888888888888888888888888888888888888888888888888888888888888888888888888888888888888889,27.35561794704861111111111111111111111111111111111111111111111111111111111111111111111111111111111111,191.4893256293402777777777777777777777777777777777777777777777777777777777777777777777777777777777778,yes,,BOUND_COMPOSITE_ROW_ALLOWED,matter_row,,yes,BOUND_COMPOSITE_ROW_ALLOWED,QP093A,PASS_BOUND_COMPOSITE_MATTER,QP093A_WITH_QP093B_NULL_BOUNDARY,matter,NATIVE_MATTER_IDENTITY_ASSIGNED_NO_KNOWN_LABEL,QP093A-0248|bound_composite_rows|BOUND_COLOR_PAIR|two_owner_pair_closure|p=2+8|d=3|q=negative:6,,,,native_identity_no_external_label,no,CR119_DOWNSTREAM_ONLY_REVEAL
QP093A-0249,bound_composite_rows,pair_write[2|anti9],OCTET_COMPOSITE,two_owner_pair_closure,2+9,3,negative,7,pair_charge_axis,boson_integer_write,owner_pair_closed,CLOSED_PAIR_WRITE,BOUND_PAIR_CHARGED_CANDIDATE,237,negative_credit,depth=3,OCTET_COMPOSITE|depth=3|q_abs=7,-0.08857783564814814814814814814814814814814814814814814814814814814814814814814814814814814814814814816,237.0885778356481481481481481481481481481481481481481481481481481481481481481481481481481481481481481,248.6137170359921553497942386831275720164609053497942386831275720164609053497942386831275720164609053,31.07671462949901941872427983539094650205761316872427983539094650205761316872427983539094650205761316,217.5370024064931359310699588477366255144032921810699588477366255144032921810699588477366255144032921,yes,,BOUND_COMPOSITE_ROW_ALLOWED,matter_row,,yes,BOUND_COMPOSITE_ROW_ALLOWED,QP093A,PASS_BOUND_COMPOSITE_MATTER,QP093A_WITH_QP093B_NULL_BOUNDARY,matter,NATIVE_MATTER_IDENTITY_ASSIGNED_NO_KNOWN_LABEL,QP093A-0249|bound_composite_rows|OCTET_COMPOSITE|two_owner_pair_closure|p=2+9|d=3|q=negative:7,,,,native_identity_no_external_label,no,CR119_DOWNSTREAM_ONLY_REVEAL
QP093A-0251,bound_composite_rows,pair_write[3|anti1],BOUND_COLOR_PAIR,two_owner_pair_closure,3+1,3,positive,2,pair_charge_axis,boson_integer_write,owner_pair_closed,CLOSED_PAIR_WRITE,BOUND_PAIR_CHARGED_CANDIDATE,42,positive_debit,depth=3,BOUND_COLOR_PAIR|depth=3|q_abs=2,0.01012731481481481481481481481481481481481481481481481481481481481481481481481481481481481481481481482,41.98987268518518518518518518518518518518518518518518518518518518518518518518518518518518518518518519,42.57306536136831275720164609053497942386831275720164609053497942386831275720164609053497942386831277,5.321633170171039094650205761316872427983539094650205761316872427983539094650205761316872427983539096,37.25143219119727366255144032921810699588477366255144032921810699588477366255144032921810699588477368,yes,,BOUND_COMPOSITE_ROW_ALLOWED,matter_row,,yes,BOUND_COMPOSITE_ROW_ALLOWED,QP093A,PASS_BOUND_COMPOSITE_MATTER,QP093A_WITH_QP093B_NULL_BOUNDARY,matter,NATIVE_MATTER_IDENTITY_ASSIGNED_NO_KNOWN_LABEL,QP093A-0251|bound_composite_rows|BOUND_COLOR_PAIR|two_owner_pair_closure|p=3+1|d=3|q=positive:2,,,,native_identity_no_external_label,no,CR119_DOWNSTREAM_ONLY_REVEAL
QP093A-0252,bound_composite_rows,pair_write[3|anti2],BOUND_COLOR_PAIR,two_owner_pair_closure,3+2,3,positive,1,pair_charge_axis,boson_integer_write,owner_pair_closed,CLOSED_PAIR_WRITE,BOUND_PAIR_CHARGED_CANDIDATE,75,positive_debit,depth=3,BOUND_COLOR_PAIR|depth=3|q_abs=1,0.01446759259259259259259259259259259259259259259259259259259259259259259259259259259259259259259259259,74.98553240740740740740740740740740740740740740740740740740740740740740740740740740740740740740740741,75.50626527134773662551440329218106995884773662551440329218106995884773662551440329218106995884773659,9.438283158918467078189300411522633744855967078189300411522633744855967078189300411522633744855967074,66.06798211242926954732510288065843621399176954732510288065843621399176954732510288065843621399176951,yes,,BOUND_COMPOSITE_ROW_ALLOWED,matter_row,,yes,BOUND_COMPOSITE_ROW_ALLOWED,QP093A,PASS_BOUND_COMPOSITE_MATTER,QP093A_WITH_QP093B_NULL_BOUNDARY,matter,NATIVE_MATTER_IDENTITY_ASSIGNED_NO_KNOWN_LABEL,QP093A-0252|bound_composite_rows|BOUND_COLOR_PAIR|two_owner_pair_closure|p=3+2|d=3|q=positive:1,,,,native_identity_no_external_label,no,CR119_DOWNSTREAM_ONLY_REVEAL
QP093A-0253,bound_composite_rows,pair_write[3|anti3],BOUND_COLOR_PAIR,two_owner_pair_closure,3+3,1,neutral,0,pair_charge_axis,boson_integer_write,owner_pair_closed,CLOSED_PAIR_WRITE,BOUND_PAIR_NEUTRAL_CANDIDATE,108,positive_debit,depth=1,BOUND_COLOR_PAIR|depth=1|q_abs=0,11.25,96.75,96.75,12.09375,84.65625,yes,,BOUND_COMPOSITE_ROW_ALLOWED,matter_row,,yes,BOUND_COMPOSITE_ROW_ALLOWED,QP093A,PASS_BOUND_COMPOSITE_MATTER,QP093A_WITH_QP093B_NULL_BOUNDARY,matter,NATIVE_MATTER_IDENTITY_ASSIGNED_NO_KNOWN_LABEL,QP093A-0253|bound_composite_rows|BOUND_COLOR_PAIR|two_owner_pair_closure|p=3+3|d=1|q=neutral:0,,,,native_identity_no_external_label,no,CR119_DOWNSTREAM_ONLY_REVEAL
QP093A-0254,bound_composite_rows,pair_write[3|anti4],BOUND_COLOR_PAIR,two_owner_pair_closure,3+4,3,negative,1,pair_charge_axis,boson_integer_write,owner_pair_closed,CLOSED_PAIR_WRITE,BOUND_PAIR_CHARGED_CANDIDATE,147,negative_credit,depth=3,BOUND_COLOR_PAIR|depth=3|q_abs=1,-0.02835648148148148148148148148148148148148148148148148148148148148148148148148148148148148148148148148,147.0283564814814814814814814814814814814814814814814814814814814814814814814814814814814814814814815,148.0493867348251028806584362139917695473251028806584362139917695473251028806584362139917695473251028,18.50617334185313786008230452674897119341563786008230452674897119341563786008230452674897119341563785,129.543213392971965020576131687242798353909465020576131687242798353909465020576131687242798353909465,yes,,BOUND_COMPOSITE_ROW_ALLOWED,matter_row,,yes,BOUND_COMPOSITE_ROW_ALLOWED,QP093A,PASS_BOUND_COMPOSITE_MATTER,QP093A_WITH_QP093B_NULL_BOUNDARY,matter,NATIVE_MATTER_IDENTITY_ASSIGNED_NO_KNOWN_LABEL,QP093A-0254|bound_composite_rows|BOUND_COLOR_PAIR|two_owner_pair_closure|p=3+4|d=3|q=negative:1,,,,native_identity_no_external_label,no,CR119_DOWNSTREAM_ONLY_REVEAL
QP093A-0255,bound_composite_rows,pair_write[3|anti6],BOUND_COLOR_PAIR,two_owner_pair_closure,3+6,3,negative,3,pair_charge_axis,boson_integer_write,owner_pair_closed,CLOSED_PAIR_WRITE,BOUND_PAIR_CHARGED_CANDIDATE,225,negative_credit,depth=3,BOUND_COLOR_PAIR|depth=3|q_abs=3,-0.06510416666666666666666666666666666666666666666666666666666666666666666666666666666666666666666666665,225.0651041666666666666666666666666666666666666666666666666666666666666666666666666666666666666666667,229.7539605034722222222222222222222222222222222222222222222222222222222222222222222222222222222222222,28.71924506293402777777777777777777777777777777777777777777777777777777777777777777777777777777777778,201.0347154405381944444444444444444444444444444444444444444444444444444444444444444444444444444444444,yes,,BOUND_COMPOSITE_ROW_ALLOWED,matter_row,,yes,BOUND_COMPOSITE_ROW_ALLOWED,QP093A,PASS_BOUND_COMPOSITE_MATTER,QP093A_WITH_QP093B_NULL_BOUNDARY,matter,NATIVE_MATTER_IDENTITY_ASSIGNED_NO_KNOWN_LABEL,QP093A-0255|bound_composite_rows|BOUND_COLOR_PAIR|two_owner_pair_closure|p=3+6|d=3|q=negative:3,,,,native_identity_no_external_label,no,CR119_DOWNSTREAM_ONLY_REVEAL
QP093A-0256,bound_composite_rows,pair_write[3|anti8],BOUND_COLOR_PAIR,two_owner_pair_closure,3+8,3,negative,5,pair_charge_axis,boson_integer_write,owner_pair_closed,CLOSED_PAIR_WRITE,BOUND_PAIR_CHARGED_CANDIDATE,303,negative_credit,depth=3,BOUND_COLOR_PAIR|depth=3|q_abs=5,-0.1168981481481481481481481481481481481481481481481481481481481481481481481481481481481481481481481481,303.1168981481481481481481481481481481481481481481481481481481481481481481481481481481481481481481481,313.6417904449588477366255144032921810699588477366255144032921810699588477366255144032921810699588476,39.20522380561985596707818930041152263374485596707818930041152263374485596707818930041152263374485595,274.4365666393389917695473251028806584362139917695473251028806584362139917695473251028806584362139916,yes,,BOUND_COMPOSITE_ROW_ALLOWED,matter_row,,yes,BOUND_COMPOSITE_ROW_ALLOWED,QP093A,PASS_BOUND_COMPOSITE_MATTER,QP093A_WITH_QP093B_NULL_BOUNDARY,matter,NATIVE_MATTER_IDENTITY_ASSIGNED_NO_KNOWN_LABEL,QP093A-0256|bound_composite_rows|BOUND_COLOR_PAIR|two_owner_pair_closure|p=3+8|d=3|q=negative:5,,,,native_identity_no_external_label,no,CR119_DOWNSTREAM_ONLY_REVEAL
QP093A-0257,bound_composite_rows,pair_write[3|anti9],OCTET_COMPOSITE,two_owner_pair_closure,3+9,3,negative,6,pair_charge_axis,boson_integer_write,owner_pair_closed,CLOSED_PAIR_WRITE,BOUND_PAIR_CHARGED_CANDIDATE,342,negative_credit,depth=3,OCTET_COMPOSITE|depth=3|q_abs=6,-0.1113281250000000000000000000000000000000000000000000000000000000000000000000000000000000000000000000,342.1113281250000000000000000000000000000000000000000000000000000000000000000000000000000000000000000,356.3659667968750000000000000000000000000000000000000000000000000000000000000000000000000000000000001,44.54574584960937500000000000000000000000000000000000000000000000000000000000000000000000000000000001,311.8202209472656250000000000000000000000000000000000000000000000000000000000000000000000000000000001,yes,,BOUND_COMPOSITE_ROW_ALLOWED,matter_row,,yes,BOUND_COMPOSITE_ROW_ALLOWED,QP093A,PASS_BOUND_COMPOSITE_MATTER,QP093A_WITH_QP093B_NULL_BOUNDARY,matter,NATIVE_MATTER_IDENTITY_ASSIGNED_NO_KNOWN_LABEL,QP093A-0257|bound_composite_rows|OCTET_COMPOSITE|two_owner_pair_closure|p=3+9|d=3|q=negative:6,,,,native_identity_no_external_label,no,CR119_DOWNSTREAM_ONLY_REVEAL
QP093A-0259,bound_composite_rows,pair_write[4|anti1],BOUND_COLOR_PAIR,two_owner_pair_closure,4+1,3,positive,3,pair_charge_axis,boson_integer_write,owner_pair_closed,CLOSED_PAIR_WRITE,BOUND_PAIR_CHARGED_CANDIDATE,57,positive_debit,depth=3,BOUND_COLOR_PAIR|depth=3|q_abs=3,0.01649305555555555555555555555555555555555555555555555555555555555555555555555555555555555555555555556,56.98350694444444444444444444444444444444444444444444444444444444444444444444444444444444444444444444,58.17066333912037037037037037037037037037037037037037037037037037037037037037037037037037037037037035,7.271332917390046296296296296296296296296296296296296296296296296296296296296296296296296296296296294,50.89933042173032407407407407407407407407407407407407407407407407407407407407407407407407407407407405,yes,,BOUND_COMPOSITE_ROW_ALLOWED,matter_row,,yes,BOUND_COMPOSITE_ROW_ALLOWED,QP093A,PASS_BOUND_COMPOSITE_MATTER,QP093A_WITH_QP093B_NULL_BOUNDARY,matter,NATIVE_MATTER_IDENTITY_ASSIGNED_NO_KNOWN_LABEL,QP093A-0259|bound_composite_rows|BOUND_COLOR_PAIR|two_owner_pair_closure|p=4+1|d=3|q=positive:3,,,,native_identity_no_external_label,no,CR119_DOWNSTREAM_ONLY_REVEAL
QP093A-0260,bound_composite_rows,pair_write[4|anti2],BOUND_COLOR_PAIR,two_owner_pair_closure,4+2,3,positive,2,pair_charge_axis,boson_integer_write,owner_pair_closed,CLOSED_PAIR_WRITE,BOUND_PAIR_CHARGED_CANDIDATE,102,positive_debit,depth=3,BOUND_COLOR_PAIR|depth=3|q_abs=2,0.02459490740740740740740740740740740740740740740740740740740740740740740740740740740740740740740740741,101.9754050925925925925925925925925925925925925925925925925925925925925925925925925925925925925925926,103.3917301633230452674897119341563786008230452674897119341563786008230452674897119341563786008230453,12.92396627041538065843621399176954732510288065843621399176954732510288065843621399176954732510288066,90.46776389290766460905349794238683127572016460905349794238683127572016460905349794238683127572016464,yes,,BOUND_COMPOSITE_ROW_ALLOWED,matter_row,,yes,BOUND_COMPOSITE_ROW_ALLOWED,QP093A,PASS_BOUND_COMPOSITE_MATTER,QP093A_WITH_QP093B_NULL_BOUNDARY,matter,NATIVE_MATTER_IDENTITY_ASSIGNED_NO_KNOWN_LABEL,QP093A-0260|bound_composite_rows|BOUND_COLOR_PAIR|two_owner_pair_closure|p=4+2|d=3|q=positive:2,,,,native_identity_no_external_label,no,CR119_DOWNSTREAM_ONLY_REVEAL
QP093A-0261,bound_composite_rows,pair_write[4|anti3],BOUND_COLOR_PAIR,two_owner_pair_closure,4+3,3,positive,1,pair_charge_axis,boson_integer_write,owner_pair_closed,CLOSED_PAIR_WRITE,BOUND_PAIR_CHARGED_CANDIDATE,147,positive_debit,depth=3,BOUND_COLOR_PAIR|depth=3|q_abs=1,0.02835648148148148148148148148148148148148148148148148148148148148148148148148148148148148148148148148,146.9716435185185185185185185185185185185185185185185185185185185185185185185185185185185185185185185,147.9922799318415637860082304526748971193415637860082304526748971193415637860082304526748971193415637,18.49903499148019547325102880658436213991769547325102880658436213991769547325102880658436213991769546,129.4932449403613683127572016460905349794238683127572016460905349794238683127572016460905349794238682,yes,,BOUND_COMPOSITE_ROW_ALLOWED,matter_row,,yes,BOUND_COMPOSITE_ROW_ALLOWED,QP093A,PASS_BOUND_COMPOSITE_MATTER,QP093A_WITH_QP093B_NULL_BOUNDARY,matter,NATIVE_MATTER_IDENTITY_ASSIGNED_NO_KNOWN_LABEL,QP093A-0261|bound_composite_rows|BOUND_COLOR_PAIR|two_owner_pair_closure|p=4+3|d=3|q=positive:1,,,,native_identity_no_external_label,no,CR119_DOWNSTREAM_ONLY_REVEAL
QP093A-0262,bound_composite_rows,pair_write[4|anti4],BOUND_COLOR_PAIR,two_owner_pair_closure,4+4,1,neutral,0,pair_charge_axis,boson_integer_write,owner_pair_closed,CLOSED_PAIR_WRITE,BOUND_PAIR_NEUTRAL_CANDIDATE,192,positive_debit,depth=1,BOUND_COLOR_PAIR|depth=1|q_abs=0,20.00,172.00,172.00,21.50,150.50,yes,,BOUND_COMPOSITE_ROW_ALLOWED,matter_row,,yes,BOUND_COMPOSITE_ROW_ALLOWED,QP093A,PASS_BOUND_COMPOSITE_MATTER,QP093A_WITH_QP093B_NULL_BOUNDARY,matter,NATIVE_MATTER_IDENTITY_ASSIGNED_NO_KNOWN_LABEL,QP093A-0262|bound_composite_rows|BOUND_COLOR_PAIR|two_owner_pair_closure|p=4+4|d=1|q=neutral:0,,,,native_identity_no_external_label,no,CR119_DOWNSTREAM_ONLY_REVEAL
QP093A-0263,bound_composite_rows,pair_write[4|anti6],BOUND_COLOR_PAIR,two_owner_pair_closure,4+6,3,negative,2,pair_charge_axis,boson_integer_write,owner_pair_closed,CLOSED_PAIR_WRITE,BOUND_PAIR_CHARGED_CANDIDATE,294,negative_credit,depth=3,BOUND_COLOR_PAIR|depth=3|q_abs=2,-0.07089120370370370370370370370370370370370370370370370370370370370370370370370370370370370370370370371,294.0708912037037037037037037037037037037037037037037037037037037037037037037037037037037037037037037,298.1552091370884773662551440329218106995884773662551440329218106995884773662551440329218106995884774,37.26940114213605967078189300411522633744855967078189300411522633744855967078189300411522633744855968,260.8858079949524176954732510288065843621399176954732510288065843621399176954732510288065843621399178,yes,,BOUND_COMPOSITE_ROW_ALLOWED,matter_row,,yes,BOUND_COMPOSITE_ROW_ALLOWED,QP093A,PASS_BOUND_COMPOSITE_MATTER,QP093A_WITH_QP093B_NULL_BOUNDARY,matter,NATIVE_MATTER_IDENTITY_ASSIGNED_NO_KNOWN_LABEL,QP093A-0263|bound_composite_rows|BOUND_COLOR_PAIR|two_owner_pair_closure|p=4+6|d=3|q=negative:2,,,,native_identity_no_external_label,no,CR119_DOWNSTREAM_ONLY_REVEAL
QP093A-0264,bound_composite_rows,pair_write[4|anti8],BOUND_COLOR_PAIR,two_owner_pair_closure,4+8,3,negative,4,pair_charge_axis,boson_integer_write,owner_pair_closed,CLOSED_PAIR_WRITE,BOUND_PAIR_CHARGED_CANDIDATE,396,negative_credit,depth=3,BOUND_COLOR_PAIR|depth=3|q_abs=4,-0.1336805555555555555555555555555555555555555555555555555555555555555555555555555555555555555555555556,396.1336805555555555555555555555555555555555555555555555555555555555555555555555555555555555555555556,407.1373939043209876543209876543209876543209876543209876543209876543209876543209876543209876543209878,50.89217423804012345679012345679012345679012345679012345679012345679012345679012345679012345679012348,356.2452196662808641975308641975308641975308641975308641975308641975308641975308641975308641975308644,yes,,BOUND_COMPOSITE_ROW_ALLOWED,matter_row,,yes,BOUND_COMPOSITE_ROW_ALLOWED,QP093A,PASS_BOUND_COMPOSITE_MATTER,QP093A_WITH_QP093B_NULL_BOUNDARY,matter,NATIVE_MATTER_IDENTITY_ASSIGNED_NO_KNOWN_LABEL,QP093A-0264|bound_composite_rows|BOUND_COLOR_PAIR|two_owner_pair_closure|p=4+8|d=3|q=negative:4,,,,native_identity_no_external_label,no,CR119_DOWNSTREAM_ONLY_REVEAL
QP093A-0265,bound_composite_rows,pair_write[4|anti9],OCTET_COMPOSITE,two_owner_pair_closure,4+9,3,negative,5,pair_charge_axis,boson_integer_write,owner_pair_closed,CLOSED_PAIR_WRITE,BOUND_PAIR_CHARGED_CANDIDATE,447,negative_credit,depth=3,OCTET_COMPOSITE|depth=3|q_abs=5,-0.1239510995370370370370370370370370370370370370370370370370370370370370370370370370370370370370370371,447.1239510995370370370370370370370370370370370370370370370370370370370370370370370370370370370370370,462.6490882904931841563786008230452674897119341563786008230452674897119341563786008230452674897119340,57.83113603631164801954732510288065843621399176954732510288065843621399176954732510288065843621399175,404.8179522541815361368312757201646090534979423868312757201646090534979423868312757201646090534979422,yes,,BOUND_COMPOSITE_ROW_ALLOWED,matter_row,,yes,BOUND_COMPOSITE_ROW_ALLOWED,QP093A,PASS_BOUND_COMPOSITE_MATTER,QP093A_WITH_QP093B_NULL_BOUNDARY,matter,NATIVE_MATTER_IDENTITY_ASSIGNED_NO_KNOWN_LABEL,QP093A-0265|bound_composite_rows|OCTET_COMPOSITE|two_owner_pair_closure|p=4+9|d=3|q=negative:5,,,,native_identity_no_external_label,no,CR119_DOWNSTREAM_ONLY_REVEAL
QP093A-0267,bound_composite_rows,pair_write[6|anti1],BOUND_COLOR_PAIR,two_owner_pair_closure,6+1,3,positive,5,pair_charge_axis,boson_integer_write,owner_pair_closed,CLOSED_PAIR_WRITE,BOUND_PAIR_CHARGED_CANDIDATE,87,positive_debit,depth=3,BOUND_COLOR_PAIR|depth=3|q_abs=5,0.03356481481481481481481481481481481481481481481481481481481481481481481481481481481481481481481481482,86.96643518518518518518518518518518518518518518518518518518518518518518518518518518518518518518518519,89.98610307355967078189300411522633744855967078189300411522633744855967078189300411522633744855967077,11.24826288419495884773662551440329218106995884773662551440329218106995884773662551440329218106995885,78.73784018936471193415637860082304526748971193415637860082304526748971193415637860082304526748971192,yes,,BOUND_COMPOSITE_ROW_ALLOWED,matter_row,,yes,BOUND_COMPOSITE_ROW_ALLOWED,QP093A,PASS_BOUND_COMPOSITE_MATTER,QP093A_WITH_QP093B_NULL_BOUNDARY,matter,NATIVE_MATTER_IDENTITY_ASSIGNED_NO_KNOWN_LABEL,QP093A-0267|bound_composite_rows|BOUND_COLOR_PAIR|two_owner_pair_closure|p=6+1|d=3|q=positive:5,,,,native_identity_no_external_label,no,CR119_DOWNSTREAM_ONLY_REVEAL
QP093A-0268,bound_composite_rows,pair_write[6|anti2],BOUND_COLOR_PAIR,two_owner_pair_closure,6+2,3,positive,4,pair_charge_axis,boson_integer_write,owner_pair_closed,CLOSED_PAIR_WRITE,BOUND_PAIR_CHARGED_CANDIDATE,156,positive_debit,depth=3,BOUND_COLOR_PAIR|depth=3|q_abs=4,0.05266203703703703703703703703703703703703703703703703703703703703703703703703703703703703703703703704,155.9473379629629629629629629629629629629629629629629629629629629629629629629629629629629629629629630,160.2792084619341563786008230452674897119341563786008230452674897119341563786008230452674897119341565,20.03490105774176954732510288065843621399176954732510288065843621399176954732510288065843621399176956,140.244307404192386831275720164609053497942386831275720164609053497942386831275720164609053497942387,yes,,BOUND_COMPOSITE_ROW_ALLOWED,matter_row,,yes,BOUND_COMPOSITE_ROW_ALLOWED,QP093A,PASS_BOUND_COMPOSITE_MATTER,QP093A_WITH_QP093B_NULL_BOUNDARY,matter,NATIVE_MATTER_IDENTITY_ASSIGNED_NO_KNOWN_LABEL,QP093A-0268|bound_composite_rows|BOUND_COLOR_PAIR|two_owner_pair_closure|p=6+2|d=3|q=positive:4,,,,native_identity_no_external_label,no,CR119_DOWNSTREAM_ONLY_REVEAL
QP093A-0269,bound_composite_rows,pair_write[6|anti3],BOUND_COLOR_PAIR,two_owner_pair_closure,6+3,3,positive,3,pair_charge_axis,boson_integer_write,owner_pair_closed,CLOSED_PAIR_WRITE,BOUND_PAIR_CHARGED_CANDIDATE,225,positive_debit,depth=3,BOUND_COLOR_PAIR|depth=3|q_abs=3,0.06510416666666666666666666666666666666666666666666666666666666666666666666666666666666666666666666665,224.9348958333333333333333333333333333333333333333333333333333333333333333333333333333333333333333333,229.6210394965277777777777777777777777777777777777777777777777777777777777777777777777777777777777777,28.70262993706597222222222222222222222222222222222222222222222222222222222222222222222222222222222221,200.9184095594618055555555555555555555555555555555555555555555555555555555555555555555555555555555555,yes,,BOUND_COMPOSITE_ROW_ALLOWED,matter_row,,yes,BOUND_COMPOSITE_ROW_ALLOWED,QP093A,PASS_BOUND_COMPOSITE_MATTER,QP093A_WITH_QP093B_NULL_BOUNDARY,matter,NATIVE_MATTER_IDENTITY_ASSIGNED_NO_KNOWN_LABEL,QP093A-0269|bound_composite_rows|BOUND_COLOR_PAIR|two_owner_pair_closure|p=6+3|d=3|q=positive:3,,,,native_identity_no_external_label,no,CR119_DOWNSTREAM_ONLY_REVEAL
QP093A-0270,bound_composite_rows,pair_write[6|anti4],BOUND_COLOR_PAIR,two_owner_pair_closure,6+4,3,positive,2,pair_charge_axis,boson_integer_write,owner_pair_closed,CLOSED_PAIR_WRITE,BOUND_PAIR_CHARGED_CANDIDATE,294,positive_debit,depth=3,BOUND_COLOR_PAIR|depth=3|q_abs=2,0.07089120370370370370370370370370370370370370370370370370370370370370370370370370370370370370370370371,293.9291087962962962962962962962962962962962962962962962962962962962962962962962962962962962962962963,298.0114575295781893004115226337448559670781893004115226337448559670781893004115226337448559670781893,37.25143219119727366255144032921810699588477366255144032921810699588477366255144032921810699588477366,260.7600253383809156378600823045267489711934156378600823045267489711934156378600823045267489711934156,yes,,BOUND_COMPOSITE_ROW_ALLOWED,matter_row,,yes,BOUND_COMPOSITE_ROW_ALLOWED,QP093A,PASS_BOUND_COMPOSITE_MATTER,QP093A_WITH_QP093B_NULL_BOUNDARY,matter,NATIVE_MATTER_IDENTITY_ASSIGNED_NO_KNOWN_LABEL,QP093A-0270|bound_composite_rows|BOUND_COLOR_PAIR|two_owner_pair_closure|p=6+4|d=3|q=positive:2,,,,native_identity_no_external_label,no,CR119_DOWNSTREAM_ONLY_REVEAL
QP093A-0271,bound_composite_rows,pair_write[6|anti6],BOUND_COLOR_PAIR,two_owner_pair_closure,6+6,1,neutral,0,pair_charge_axis,boson_integer_write,owner_pair_closed,CLOSED_PAIR_WRITE,BOUND_PAIR_NEUTRAL_CANDIDATE,432,positive_debit,depth=1,BOUND_COLOR_PAIR|depth=1|q_abs=0,45.00,387.00,387.00,48.375,338.625,yes,,BOUND_COMPOSITE_ROW_ALLOWED,matter_row,,yes,BOUND_COMPOSITE_ROW_ALLOWED,QP093A,PASS_BOUND_COMPOSITE_MATTER,QP093A_WITH_QP093B_NULL_BOUNDARY,matter,NATIVE_MATTER_IDENTITY_ASSIGNED_NO_KNOWN_LABEL,QP093A-0271|bound_composite_rows|BOUND_COLOR_PAIR|two_owner_pair_closure|p=6+6|d=1|q=neutral:0,,,,native_identity_no_external_label,no,CR119_DOWNSTREAM_ONLY_REVEAL
QP093A-0272,bound_composite_rows,pair_write[6|anti8],BOUND_COLOR_PAIR,two_owner_pair_closure,6+8,3,negative,2,pair_charge_axis,boson_integer_write,owner_pair_closed,CLOSED_PAIR_WRITE,BOUND_PAIR_CHARGED_CANDIDATE,582,negative_credit,depth=3,BOUND_COLOR_PAIR|depth=3|q_abs=2,-0.1403356481481481481481481481481481481481481481481481481481481481481481481481481481481481481481481482,582.1403356481481481481481481481481481481481481481481481481481481481481481481481481481481481481481481,590.2256180877057613168724279835390946502057613168724279835390946502057613168724279835390946502057613,73.77820226096322016460905349794238683127572016460905349794238683127572016460905349794238683127572016,516.4474158267425411522633744855967078189300411522633744855967078189300411522633744855967078189300411,yes,,BOUND_COMPOSITE_ROW_ALLOWED,matter_row,,yes,BOUND_COMPOSITE_ROW_ALLOWED,QP093A,PASS_BOUND_COMPOSITE_MATTER,QP093A_WITH_QP093B_NULL_BOUNDARY,matter,NATIVE_MATTER_IDENTITY_ASSIGNED_NO_KNOWN_LABEL,QP093A-0272|bound_composite_rows|BOUND_COLOR_PAIR|two_owner_pair_closure|p=6+8|d=3|q=negative:2,,,,native_identity_no_external_label,no,CR119_DOWNSTREAM_ONLY_REVEAL
QP093A-0273,bound_composite_rows,pair_write[6|anti9],OCTET_COMPOSITE,two_owner_pair_closure,6+9,3,negative,3,pair_charge_axis,boson_integer_write,owner_pair_closed,CLOSED_PAIR_WRITE,BOUND_PAIR_CHARGED_CANDIDATE,657,negative_credit,depth=3,OCTET_COMPOSITE|depth=3|q_abs=3,-0.1188151041666666666666666666666666666666666666666666666666666666666666666666666666666666666666666667,657.1188151041666666666666666666666666666666666666666666666666666666666666666666666666666666666666667,670.8087904188368055555555555555555555555555555555555555555555555555555555555555555555555555555555554,83.85109880235460069444444444444444444444444444444444444444444444444444444444444444444444444444444442,586.957691616482204861111111111111111111111111111111111111111111111111111111111111111111111111111111,yes,,BOUND_COMPOSITE_ROW_ALLOWED,matter_row,,yes,BOUND_COMPOSITE_ROW_ALLOWED,QP093A,PASS_BOUND_COMPOSITE_MATTER,QP093A_WITH_QP093B_NULL_BOUNDARY,matter,NATIVE_MATTER_IDENTITY_ASSIGNED_NO_KNOWN_LABEL,QP093A-0273|bound_composite_rows|OCTET_COMPOSITE|two_owner_pair_closure|p=6+9|d=3|q=negative:3,,,,native_identity_no_external_label,no,CR119_DOWNSTREAM_ONLY_REVEAL
QP093A-0275,bound_composite_rows,pair_write[8|anti1],BOUND_COLOR_PAIR,two_owner_pair_closure,8+1,3,positive,7,pair_charge_axis,boson_integer_write,owner_pair_closed,CLOSED_PAIR_WRITE,BOUND_PAIR_CHARGED_CANDIDATE,117,positive_debit,depth=3,BOUND_COLOR_PAIR|depth=3|q_abs=7,0.05642361111111111111111111111111111111111111111111111111111111111111111111111111111111111111111111111,116.9435763888888888888888888888888888888888888888888888888888888888888888888888888888888888888888889,122.6283335744598765432098765432098765432098765432098765432098765432098765432098765432098765432098765,15.32854169680748456790123456790123456790123456790123456790123456790123456790123456790123456790123456,107.2997918776523919753086419753086419753086419753086419753086419753086419753086419753086419753086419,yes,,BOUND_COMPOSITE_ROW_ALLOWED,matter_row,,yes,BOUND_COMPOSITE_ROW_ALLOWED,QP093A,PASS_BOUND_COMPOSITE_MATTER,QP093A_WITH_QP093B_NULL_BOUNDARY,matter,NATIVE_MATTER_IDENTITY_ASSIGNED_NO_KNOWN_LABEL,QP093A-0275|bound_composite_rows|BOUND_COLOR_PAIR|two_owner_pair_closure|p=8+1|d=3|q=positive:7,,,,native_identity_no_external_label,no,CR119_DOWNSTREAM_ONLY_REVEAL
QP093A-0276,bound_composite_rows,pair_write[8|anti2],BOUND_COLOR_PAIR,two_owner_pair_closure,8+2,3,positive,6,pair_charge_axis,boson_integer_write,owner_pair_closed,CLOSED_PAIR_WRITE,BOUND_PAIR_CHARGED_CANDIDATE,210,positive_debit,depth=3,BOUND_COLOR_PAIR|depth=3|q_abs=6,0.09114583333333333333333333333333333333333333333333333333333333333333333333333333333333333333333333335,209.9088541666666666666666666666666666666666666666666666666666666666666666666666666666666666666666667,218.6550564236111111111111111111111111111111111111111111111111111111111111111111111111111111111111112,27.3318820529513888888888888888888888888888888888888888888888888888888888888888888888888888888888889,191.3231743706597222222222222222222222222222222222222222222222222222222222222222222222222222222222222,yes,,BOUND_COMPOSITE_ROW_ALLOWED,matter_row,,yes,BOUND_COMPOSITE_ROW_ALLOWED,QP093A,PASS_BOUND_COMPOSITE_MATTER,QP093A_WITH_QP093B_NULL_BOUNDARY,matter,NATIVE_MATTER_IDENTITY_ASSIGNED_NO_KNOWN_LABEL,QP093A-0276|bound_composite_rows|BOUND_COLOR_PAIR|two_owner_pair_closure|p=8+2|d=3|q=positive:6,,,,native_identity_no_external_label,no,CR119_DOWNSTREAM_ONLY_REVEAL
QP093A-0277,bound_composite_rows,pair_write[8|anti3],BOUND_COLOR_PAIR,two_owner_pair_closure,8+3,3,positive,5,pair_charge_axis,boson_integer_write,owner_pair_closed,CLOSED_PAIR_WRITE,BOUND_PAIR_CHARGED_CANDIDATE,303,positive_debit,depth=3,BOUND_COLOR_PAIR|depth=3|q_abs=5,0.1168981481481481481481481481481481481481481481481481481481481481481481481481481481481481481481481481,302.8831018518518518518518518518518518518518518518518518518518518518518518518518518518518518518518519,313.3998762217078189300411522633744855967078189300411522633744855967078189300411522633744855967078189,39.17498452771347736625514403292181069958847736625514403292181069958847736625514403292181069958847736,274.2248916939943415637860082304526748971193415637860082304526748971193415637860082304526748971193415,yes,,BOUND_COMPOSITE_ROW_ALLOWED,matter_row,,yes,BOUND_COMPOSITE_ROW_ALLOWED,QP093A,PASS_BOUND_COMPOSITE_MATTER,QP093A_WITH_QP093B_NULL_BOUNDARY,matter,NATIVE_MATTER_IDENTITY_ASSIGNED_NO_KNOWN_LABEL,QP093A-0277|bound_composite_rows|BOUND_COLOR_PAIR|two_owner_pair_closure|p=8+3|d=3|q=positive:5,,,,native_identity_no_external_label,no,CR119_DOWNSTREAM_ONLY_REVEAL
QP093A-0278,bound_composite_rows,pair_write[8|anti4],BOUND_COLOR_PAIR,two_owner_pair_closure,8+4,3,positive,4,pair_charge_axis,boson_integer_write,owner_pair_closed,CLOSED_PAIR_WRITE,BOUND_PAIR_CHARGED_CANDIDATE,396,positive_debit,depth=3,BOUND_COLOR_PAIR|depth=3|q_abs=4,0.1336805555555555555555555555555555555555555555555555555555555555555555555555555555555555555555555556,395.8663194444444444444444444444444444444444444444444444444444444444444444444444444444444444444444444,406.8626060956790123456790123456790123456790123456790123456790123456790123456790123456790123456790124,50.85782576195987654320987654320987654320987654320987654320987654320987654320987654320987654320987655,356.0047803337191358024691358024691358024691358024691358024691358024691358024691358024691358024691359,yes,,BOUND_COMPOSITE_ROW_ALLOWED,matter_row,,yes,BOUND_COMPOSITE_ROW_ALLOWED,QP093A,PASS_BOUND_COMPOSITE_MATTER,QP093A_WITH_QP093B_NULL_BOUNDARY,matter,NATIVE_MATTER_IDENTITY_ASSIGNED_NO_KNOWN_LABEL,QP093A-0278|bound_composite_rows|BOUND_COLOR_PAIR|two_owner_pair_closure|p=8+4|d=3|q=positive:4,,,,native_identity_no_external_label,no,CR119_DOWNSTREAM_ONLY_REVEAL
QP093A-0279,bound_composite_rows,pair_write[8|anti6],BOUND_COLOR_PAIR,two_owner_pair_closure,8+6,3,positive,2,pair_charge_axis,boson_integer_write,owner_pair_closed,CLOSED_PAIR_WRITE,BOUND_PAIR_CHARGED_CANDIDATE,582,positive_debit,depth=3,BOUND_COLOR_PAIR|depth=3|q_abs=2,0.1403356481481481481481481481481481481481481481481481481481481481481481481481481481481481481481481482,581.8596643518518518518518518518518518518518518518518518518518518518518518518518518518518518518518519,589.9410485789609053497942386831275720164609053497942386831275720164609053497942386831275720164609055,73.74263107237011316872427983539094650205761316872427983539094650205761316872427983539094650205761319,516.1984175065907921810699588477366255144032921810699588477366255144032921810699588477366255144032922,yes,,BOUND_COMPOSITE_ROW_ALLOWED,matter_row,,yes,BOUND_COMPOSITE_ROW_ALLOWED,QP093A,PASS_BOUND_COMPOSITE_MATTER,QP093A_WITH_QP093B_NULL_BOUNDARY,matter,NATIVE_MATTER_IDENTITY_ASSIGNED_NO_KNOWN_LABEL,QP093A-0279|bound_composite_rows|BOUND_COLOR_PAIR|two_owner_pair_closure|p=8+6|d=3|q=positive:2,,,,native_identity_no_external_label,no,CR119_DOWNSTREAM_ONLY_REVEAL
QP093A-0280,bound_composite_rows,pair_write[8|anti8],BOUND_COLOR_PAIR,two_owner_pair_closure,8+8,1,neutral,0,pair_charge_axis,boson_integer_write,owner_pair_closed,CLOSED_PAIR_WRITE,BOUND_PAIR_NEUTRAL_CANDIDATE,768,positive_debit,depth=1,BOUND_COLOR_PAIR|depth=1|q_abs=0,80.00,688.00,688.00,86.00,602.00,yes,,BOUND_COMPOSITE_ROW_ALLOWED,matter_row,,yes,BOUND_COMPOSITE_ROW_ALLOWED,QP093A,PASS_BOUND_COMPOSITE_MATTER,QP093A_WITH_QP093B_NULL_BOUNDARY,matter,NATIVE_MATTER_IDENTITY_ASSIGNED_NO_KNOWN_LABEL,QP093A-0280|bound_composite_rows|BOUND_COLOR_PAIR|two_owner_pair_closure|p=8+8|d=1|q=neutral:0,,,,native_identity_no_external_label,no,CR119_DOWNSTREAM_ONLY_REVEAL
QP093A-0281,bound_composite_rows,pair_write[8|anti9],OCTET_COMPOSITE,two_owner_pair_closure,8+9,3,negative,1,pair_charge_axis,boson_integer_write,owner_pair_closed,CLOSED_PAIR_WRITE,BOUND_PAIR_CHARGED_CANDIDATE,867,negative_credit,depth=3,OCTET_COMPOSITE|depth=3|q_abs=1,-0.07316984953703703703703703703703703703703703703703703703703703703703703703703703703703703703703703702,867.0731698495370370370370370370370370370370370370370370370370370370370370370370370370370370370370370,873.0945113068254886831275720164609053497942386831275720164609053497942386831275720164609053497942383,109.1368139133531860853909465020576131687242798353909465020576131687242798353909465020576131687242798,763.9576973934723025977366255144032921810699588477366255144032921810699588477366255144032921810699585,yes,,BOUND_COMPOSITE_ROW_ALLOWED,matter_row,,yes,BOUND_COMPOSITE_ROW_ALLOWED,QP093A,PASS_BOUND_COMPOSITE_MATTER,QP093A_WITH_QP093B_NULL_BOUNDARY,matter,NATIVE_MATTER_IDENTITY_ASSIGNED_NO_KNOWN_LABEL,QP093A-0281|bound_composite_rows|OCTET_COMPOSITE|two_owner_pair_closure|p=8+9|d=3|q=negative:1,,,,native_identity_no_external_label,no,CR119_DOWNSTREAM_ONLY_REVEAL
QP093A-0283,bound_composite_rows,pair_write[9|anti1],OCTET_COMPOSITE,two_owner_pair_closure,9+1,3,positive,8,pair_charge_axis,boson_integer_write,owner_pair_closed,CLOSED_PAIR_WRITE,BOUND_PAIR_CHARGED_CANDIDATE,132,positive_debit,depth=3,OCTET_COMPOSITE|depth=3|q_abs=8,0.05570023148148148148148148148148148148148148148148148148148148148148148148148148148148148148148148148,131.9442997685185185185185185185185185185185185185185185185185185185185185185185185185185185185185185,139.2745386445473251028806584362139917695473251028806584362139917695473251028806584362139917695473251,17.40931733056841563786008230452674897119341563786008230452674897119341563786008230452674897119341564,121.8652213139789094650205761316872427983539094650205761316872427983539094650205761316872427983539095,yes,,BOUND_COMPOSITE_ROW_ALLOWED,matter_row,,yes,BOUND_COMPOSITE_ROW_ALLOWED,QP093A,PASS_BOUND_COMPOSITE_MATTER,QP093A_WITH_QP093B_NULL_BOUNDARY,matter,NATIVE_MATTER_IDENTITY_ASSIGNED_NO_KNOWN_LABEL,QP093A-0283|bound_composite_rows|OCTET_COMPOSITE|two_owner_pair_closure|p=9+1|d=3|q=positive:8,,,,native_identity_no_external_label,no,CR119_DOWNSTREAM_ONLY_REVEAL
QP093A-0284,bound_composite_rows,pair_write[9|anti2],OCTET_COMPOSITE,two_owner_pair_closure,9+2,3,positive,7,pair_charge_axis,boson_integer_write,owner_pair_closed,CLOSED_PAIR_WRITE,BOUND_PAIR_CHARGED_CANDIDATE,237,positive_debit,depth=3,OCTET_COMPOSITE|depth=3|q_abs=7,0.08857783564814814814814814814814814814814814814814814814814814814814814814814814814814814814814814816,236.9114221643518518518518518518518518518518518518518518518518518518518518518518518518518518518518519,248.4279496306745113168724279835390946502057613168724279835390946502057613168724279835390946502057613,31.05349370383431391460905349794238683127572016460905349794238683127572016460905349794238683127572016,217.3744559268401974022633744855967078189300411522633744855967078189300411522633744855967078189300411,yes,,BOUND_COMPOSITE_ROW_ALLOWED,matter_row,,yes,BOUND_COMPOSITE_ROW_ALLOWED,QP093A,PASS_BOUND_COMPOSITE_MATTER,QP093A_WITH_QP093B_NULL_BOUNDARY,matter,NATIVE_MATTER_IDENTITY_ASSIGNED_NO_KNOWN_LABEL,QP093A-0284|bound_composite_rows|OCTET_COMPOSITE|two_owner_pair_closure|p=9+2|d=3|q=positive:7,,,,native_identity_no_external_label,no,CR119_DOWNSTREAM_ONLY_REVEAL
QP093A-0285,bound_composite_rows,pair_write[9|anti3],OCTET_COMPOSITE,two_owner_pair_closure,9+3,3,positive,6,pair_charge_axis,boson_integer_write,owner_pair_closed,CLOSED_PAIR_WRITE,BOUND_PAIR_CHARGED_CANDIDATE,342,positive_debit,depth=3,OCTET_COMPOSITE|depth=3|q_abs=6,0.1113281250000000000000000000000000000000000000000000000000000000000000000000000000000000000000000000,341.8886718750000000000000000000000000000000000000000000000000000000000000000000000000000000000000000,356.1340332031250000000000000000000000000000000000000000000000000000000000000000000000000000000000001,44.51675415039062500000000000000000000000000000000000000000000000000000000000000000000000000000000001,311.6172790527343750000000000000000000000000000000000000000000000000000000000000000000000000000000001,yes,,BOUND_COMPOSITE_ROW_ALLOWED,matter_row,,yes,BOUND_COMPOSITE_ROW_ALLOWED,QP093A,PASS_BOUND_COMPOSITE_MATTER,QP093A_WITH_QP093B_NULL_BOUNDARY,matter,NATIVE_MATTER_IDENTITY_ASSIGNED_NO_KNOWN_LABEL,QP093A-0285|bound_composite_rows|OCTET_COMPOSITE|two_owner_pair_closure|p=9+3|d=3|q=positive:6,,,,native_identity_no_external_label,no,CR119_DOWNSTREAM_ONLY_REVEAL
QP093A-0286,bound_composite_rows,pair_write[9|anti4],OCTET_COMPOSITE,two_owner_pair_closure,9+4,3,positive,5,pair_charge_axis,boson_integer_write,owner_pair_closed,CLOSED_PAIR_WRITE,BOUND_PAIR_CHARGED_CANDIDATE,447,positive_debit,depth=3,OCTET_COMPOSITE|depth=3|q_abs=5,0.1239510995370370370370370370370370370370370370370370370370370370370370370370370370370370370370370371,446.8760489004629629629629629629629629629629629629629629629629629629629629629629629629629629629629630,462.3925783761734825102880658436213991769547325102880658436213991769547325102880658436213991769547324,57.79907229702168531378600823045267489711934156378600823045267489711934156378600823045267489711934155,404.5935060791517971965020576131687242798353909465020576131687242798353909465020576131687242798353909,yes,,BOUND_COMPOSITE_ROW_ALLOWED,matter_row,,yes,BOUND_COMPOSITE_ROW_ALLOWED,QP093A,PASS_BOUND_COMPOSITE_MATTER,QP093A_WITH_QP093B_NULL_BOUNDARY,matter,NATIVE_MATTER_IDENTITY_ASSIGNED_NO_KNOWN_LABEL,QP093A-0286|bound_composite_rows|OCTET_COMPOSITE|two_owner_pair_closure|p=9+4|d=3|q=positive:5,,,,native_identity_no_external_label,no,CR119_DOWNSTREAM_ONLY_REVEAL
QP093A-0287,bound_composite_rows,pair_write[9|anti6],OCTET_COMPOSITE,two_owner_pair_closure,9+6,3,positive,3,pair_charge_axis,boson_integer_write,owner_pair_closed,CLOSED_PAIR_WRITE,BOUND_PAIR_CHARGED_CANDIDATE,657,positive_debit,depth=3,OCTET_COMPOSITE|depth=3|q_abs=3,0.1188151041666666666666666666666666666666666666666666666666666666666666666666666666666666666666666667,656.8811848958333333333333333333333333333333333333333333333333333333333333333333333333333333333333333,670.5662095811631944444444444444444444444444444444444444444444444444444444444444444444444444444444442,83.82077619764539930555555555555555555555555555555555555555555555555555555555555555555555555555555552,586.7454333835177951388888888888888888888888888888888888888888888888888888888888888888888888888888886,yes,,BOUND_COMPOSITE_ROW_ALLOWED,matter_row,,yes,BOUND_COMPOSITE_ROW_ALLOWED,QP093A,PASS_BOUND_COMPOSITE_MATTER,QP093A_WITH_QP093B_NULL_BOUNDARY,matter,NATIVE_MATTER_IDENTITY_ASSIGNED_NO_KNOWN_LABEL,QP093A-0287|bound_composite_rows|OCTET_COMPOSITE|two_owner_pair_closure|p=9+6|d=3|q=positive:3,,,,native_identity_no_external_label,no,CR119_DOWNSTREAM_ONLY_REVEAL
QP093A-0288,bound_composite_rows,pair_write[9|anti8],OCTET_COMPOSITE,two_owner_pair_closure,9+8,3,positive,1,pair_charge_axis,boson_integer_write,owner_pair_closed,CLOSED_PAIR_WRITE,BOUND_PAIR_CHARGED_CANDIDATE,867,positive_debit,depth=3,OCTET_COMPOSITE|depth=3|q_abs=1,0.07316984953703703703703703703703703703703703703703703703703703703703703703703703703703703703703703702,866.9268301504629629629629629629629629629629629629629629629629629629629629629629629629629629629629630,872.9471553598411779835390946502057613168724279835390946502057613168724279835390946502057613168724276,109.1183944199801472479423868312757201646090534979423868312757201646090534979423868312757201646090534,763.8287609398610307355967078189300411522633744855967078189300411522633744855967078189300411522633741,yes,,BOUND_COMPOSITE_ROW_ALLOWED,matter_row,,yes,BOUND_COMPOSITE_ROW_ALLOWED,QP093A,PASS_BOUND_COMPOSITE_MATTER,QP093A_WITH_QP093B_NULL_BOUNDARY,matter,NATIVE_MATTER_IDENTITY_ASSIGNED_NO_KNOWN_LABEL,QP093A-0288|bound_composite_rows|OCTET_COMPOSITE|two_owner_pair_closure|p=9+8|d=3|q=positive:1,,,,native_identity_no_external_label,no,CR119_DOWNSTREAM_ONLY_REVEAL
QP093A-0289,bound_composite_rows,pair_write[9|anti9],OCTET_COMPOSITE,two_owner_pair_closure,9+9,1,neutral,0,pair_charge_axis,boson_integer_write,owner_pair_closed,CLOSED_PAIR_WRITE,BOUND_PAIR_NEUTRAL_CANDIDATE,972,positive_debit,depth=1,OCTET_COMPOSITE|depth=1|q_abs=0,86.0625,885.9375,885.9375,110.7421875,775.1953125,yes,,BOUND_COMPOSITE_ROW_ALLOWED,matter_row,,yes,BOUND_COMPOSITE_ROW_ALLOWED,QP093A,PASS_BOUND_COMPOSITE_MATTER,QP093A_WITH_QP093B_NULL_BOUNDARY,matter,NATIVE_MATTER_IDENTITY_ASSIGNED_NO_KNOWN_LABEL,QP093A-0289|bound_composite_rows|OCTET_COMPOSITE|two_owner_pair_closure|p=9+9|d=1|q=neutral:0,,,,native_identity_no_external_label,no,CR119_DOWNSTREAM_ONLY_REVEAL
