census_index,assembly_template_id,opaque_token_id,disposition,template_class,structural_bucket,arity,partition_signature,component_labels,closure_depth,q_sign,q_abs,surface_sign,numeric_lane,dependency_class,M_native_source,M_native_fraction,M_native_fractional_digits,S_debit_or_credit_source,S_debit_or_credit_fraction,S_debit_or_credit_fractional_digits,M_observed_candidate_source,M_observed_candidate_fraction,M_observed_candidate_fractional_digits,qA_source_support_source,qA_source_support_fraction,qA_source_support_fractional_digits,tensor_carrier_support_source,tensor_carrier_support_fraction,tensor_carrier_support_fractional_digits,retained_write_support_source,retained_write_support_fraction,retained_write_support_fractional_digits,lift_excess_fraction,q_expected_fraction,rho_o_fraction,rho_q_fraction,rho_t_fraction,rho_r_fraction,rho_balance_fraction,raw_numeric_class_id,typed_raw_class_id,dependency_class_id,dependency_core_class_id,dependency_residual_subclass_id,scale_free_class_id,scale_lambda_fraction,scale_free_basis_q_preserved,membership_effect,particle_identity_assignment
1,TPL_58cfdae6acf2ee6faf1e70f9,TOK_00d00434c0d3fe0ecb8c82c7,LEGAL_LOCAL_TEMPLATE,UNORDERED_TRIAD,THREE_BODY_COLOR,3,3+4+6,3|4|6,3,negative,1,negative_credit,ACTIVE_LIFT,LOCAL_R2_LIFT,2196,2196,0,-0.1853298611111111111111111111111111111111111111111111111111111111111111111111111111111111111111111110,-185329861111111111111111111111111111111111111111111111111111111111111111111111111111111111111111111/1000000000000000000000000000000000000000000000000000000000000000000000000000000000000000000000000000,100,2196.185329861111111111111111111111111111111111111111111111111111111111111111111111111111111111111111,2196185329861111111111111111111111111111111111111111111111111111111111111111111111111111111111111111/1000000000000000000000000000000000000000000000000000000000000000000000000000000000000000000000000,96,2211.436616874035493827160493827160493827160493827160493827160493827160493827160493827160493827160493,2211436616874035493827160493827160493827160493827160493827160493827160493827160493827160493827160493/1000000000000000000000000000000000000000000000000000000000000000000000000000000000000000000000000,96,276.4295771092544367283950617283950617283950617283950617283950617283950617283950617283950617283950616,345536971386568045910493827160493827160493827160493827160493827160493827160493827160493827160493827/1250000000000000000000000000000000000000000000000000000000000000000000000000000000000000000000000,97,1935.007039764781057098765432098765432098765432098765432098765432098765432098765432098765432098765431,1935007039764781057098765432098765432098765432098765432098765432098765432098765432098765432098765431/1000000000000000000000000000000000000000000000000000000000000000000000000000000000000000000000000,96,7625643506462191358024691358024691358024691358024691358024691358024691358024691358024691358024691/500000000000000000000000000000000000000000000000000000000000000000000000000000000000000000000000,63689374565972222222222222222222222222222222222222222222222222222222222222222222222222222222222222219/28800000000000000000000000000000000000000000000000000000000000000000000000000000000000000000000000,-111/1000000000000000000000000000000000000000000000000000000000000000000000000000000000000000000000000000,-103/144000000000000000000000000000000000000000000000000000000000000000000000000000000000000000000000000,-1/40000000000000000000000000000000000000000000000000000000000000000000000000000000000000000000000000,-3/8000000000000000000000000000000000000000000000000000000000000000000000000000000000000000000000000,1/2500000000000000000000000000000000000000000000000000000000000000000000000000000000000000000000000,RAWNUM_a6e227373b238f8570db6cc6,TYPEDRAW_c79f91bffbeec44d2569e4a7,DEP_7a2efaca0dc1d220c017fd69,DEPCORE_e55bcf688427b8a09a7cb273,DEPRES_45af428a3d53b4b09e605cf6,SHAPE_ab3b63999165ef9498888c25,2211436616874035493827160493827160493827160493827160493827160493827160493827160493827160493827160493/1000000000000000000000000000000000000000000000000000000000000000000000000000000000000000000000000,732000000000000000000000000000000000000000000000000000000000000000000000000000000000000000000000000/737145538958011831275720164609053497942386831275720164609053497942386831275720164609053497942386831|-185329861111111111111111111111111111111111111111111111111111111111111111111111111111111111111111111/2211436616874035493827160493827160493827160493827160493827160493827160493827160493827160493827160493000|1|-37/737145538958011831275720164609053497942386831275720164609053497942386831275720164609053497942386831000|-1/88457464674961419753086419753086419753086419753086419753086419753086419753086419753086419753086419720|-1/5897164311664094650205761316872427983539094650205761316872427983539094650205761316872427983539094648,NONE,NONE
2,TPL_79b46f9272ea2c8b407b075a,TOK_015c560e1a10aa4d5293673c,LEGAL_LOCAL_TEMPLATE,UNARY_CONJUGATE,ONE_BODY_CONJUGATE,1,6,6,0,positive,6,positive_debit,ACTIVE_LIFT,LOCAL_R2_LIFT,9.0,9,1,4.50,9/2,2,4.50,9/2,2,4.687500000000000000000000000000000000000000000000000000000000000000000000000000000000000000000000002,2343750000000000000000000000000000000000000000000000000000000000000000000000000000000000000000000001/500000000000000000000000000000000000000000000000000000000000000000000000000000000000000000000000000,99,0.5859375000000000000000000000000000000000000000000000000000000000000000000000000000000000000000000002,2929687500000000000000000000000000000000000000000000000000000000000000000000000000000000000000000001/5000000000000000000000000000000000000000000000000000000000000000000000000000000000000000000000000000,100,4.101562500000000000000000000000000000000000000000000000000000000000000000000000000000000000000000001,4101562500000000000000000000000000000000000000000000000000000000000000000000000000000000000000000001/1000000000000000000000000000000000000000000000000000000000000000000000000000000000000000000000000000,99,93750000000000000000000000000000000000000000000000000000000000000000000000000000000000000000000001/500000000000000000000000000000000000000000000000000000000000000000000000000000000000000000000000000,75/16,0,1/500000000000000000000000000000000000000000000000000000000000000000000000000000000000000000000000000,-1/20000000000000000000000000000000000000000000000000000000000000000000000000000000000000000000000000000,-3/4000000000000000000000000000000000000000000000000000000000000000000000000000000000000000000000000000,1/1250000000000000000000000000000000000000000000000000000000000000000000000000000000000000000000000000,RAWNUM_8703179210e192449b5829b9,TYPEDRAW_4f02112be1b431622f2f9836,DEP_7310322f2248b82c7ca71e20,DEPCORE_d781bd87295e15f0fde7f0e6,DEPRES_c1d23bc68bd98ee3b839c693,SHAPE_9b6cff72ca063091dfb3b13e,9,1|1/2|2343750000000000000000000000000000000000000000000000000000000000000000000000000000000000000000000001/4500000000000000000000000000000000000000000000000000000000000000000000000000000000000000000000000000|0|-1/180000000000000000000000000000000000000000000000000000000000000000000000000000000000000000000000000000|-1/12000000000000000000000000000000000000000000000000000000000000000000000000000000000000000000000000000,NONE,NONE
3,TPL_c9c04d2368bc129a963bcb05,TOK_02173cab5d4816e349e4106e,LEGAL_LOCAL_TEMPLATE,UNARY_DIRECT,ONE_BODY_DIRECT,1,4,4,1,positive,4,zero_contact,ACTIVE_LIFT,LOCAL_R2_LIFT,60.00,60,2,0,0,0,60.00,60,2,61.66666666666666666666666666666666666666666666666666666666666666666666666666666666666666666666666668,1541666666666666666666666666666666666666666666666666666666666666666666666666666666666666666666666667/25000000000000000000000000000000000000000000000000000000000000000000000000000000000000000000000000,98,7.708333333333333333333333333333333333333333333333333333333333333333333333333333333333333333333333335,1541666666666666666666666666666666666666666666666666666666666666666666666666666666666666666666666667/200000000000000000000000000000000000000000000000000000000000000000000000000000000000000000000000000,99,53.95833333333333333333333333333333333333333333333333333333333333333333333333333333333333333333333335,1079166666666666666666666666666666666666666666666666666666666666666666666666666666666666666666666667/20000000000000000000000000000000000000000000000000000000000000000000000000000000000000000000000000,98,41666666666666666666666666666666666666666666666666666666666666666666666666666666666666666666666667/25000000000000000000000000000000000000000000000000000000000000000000000000000000000000000000000000,185/3,0,1/75000000000000000000000000000000000000000000000000000000000000000000000000000000000000000000000000,0,1/200000000000000000000000000000000000000000000000000000000000000000000000000000000000000000000000000,-1/200000000000000000000000000000000000000000000000000000000000000000000000000000000000000000000000000,RAWNUM_83a5073a3117fe3183badb5e,TYPEDRAW_c147fb55e8e2dd867b3867e8,DEP_d315b61afaa36c21eecd3848,DEPCORE_e90efd4c346beb413d1ad0db,DEPRES_7e0ba9927b3325d24bdbbee3,SHAPE_09c83e864646b975b3711709,1541666666666666666666666666666666666666666666666666666666666666666666666666666666666666666666666667/25000000000000000000000000000000000000000000000000000000000000000000000000000000000000000000000000,500000000000000000000000000000000000000000000000000000000000000000000000000000000000000000000000000/513888888888888888888888888888888888888888888888888888888888888888888888888888888888888888888888889|0|1|0|0|1/12333333333333333333333333333333333333333333333333333333333333333333333333333333333333333333333333336,NONE,NONE
4,TPL_0ddf20b6737a09217653acc1,TOK_034ba9120b4732871d2d2fe9,LEGAL_LOCAL_TEMPLATE,UNORDERED_TRIAD,THREE_BODY_COLOR,3,2+8+9,2|8|9,3,negative,6,negative_credit,ACTIVE_LIFT,LOCAL_R2_LIFT,5364,5364,0,-1.746093750000000000000000000000000000000000000000000000000000000000000000000000000000000000000000000,-447/256,99,5365.746093750000000000000000000000000000000000000000000000000000000000000000000000000000000000000000,1373631/256,96,5589.318847656250000000000000000000000000000000000000000000000000000000000000000000000000000000000002,2794659423828125000000000000000000000000000000000000000000000000000000000000000000000000000000000001/500000000000000000000000000000000000000000000000000000000000000000000000000000000000000000000000,96,698.6648559570312500000000000000000000000000000000000000000000000000000000000000000000000000000000002,3493324279785156250000000000000000000000000000000000000000000000000000000000000000000000000000000001/5000000000000000000000000000000000000000000000000000000000000000000000000000000000000000000000000,97,4890.653991699218750000000000000000000000000000000000000000000000000000000000000000000000000000000001,4890653991699218750000000000000000000000000000000000000000000000000000000000000000000000000000000001/1000000000000000000000000000000000000000000000000000000000000000000000000000000000000000000000000,96,111786376953125000000000000000000000000000000000000000000000000000000000000000000000000000000000001/500000000000000000000000000000000000000000000000000000000000000000000000000000000000000000000000,11446925/2048,0,1/500000000000000000000000000000000000000000000000000000000000000000000000000000000000000000000000,-1/20000000000000000000000000000000000000000000000000000000000000000000000000000000000000000000000000,-3/4000000000000000000000000000000000000000000000000000000000000000000000000000000000000000000000000,1/1250000000000000000000000000000000000000000000000000000000000000000000000000000000000000000000000,RAWNUM_15fcebe3090810ff7d4fb6e0,TYPEDRAW_30edce880b093d507ff6852d,DEP_da89fe6160ddf1ec010f8c8b,DEPCORE_83197ac51dbb46e13c368ae3,DEPRES_7b703651e62eb5dec98c2a2a,SHAPE_b4acf30425c86fa1d90520fb,2794659423828125000000000000000000000000000000000000000000000000000000000000000000000000000000000001/500000000000000000000000000000000000000000000000000000000000000000000000000000000000000000000000,894000000000000000000000000000000000000000000000000000000000000000000000000000000000000000000000000/931553141276041666666666666666666666666666666666666666666666666666666666666666666666666666666666667|-291015625000000000000000000000000000000000000000000000000000000000000000000000000000000000000000/931553141276041666666666666666666666666666666666666666666666666666666666666666666666666666666666667|1|0|-1/111786376953125000000000000000000000000000000000000000000000000000000000000000000000000000000000000040|-1/7452425130208333333333333333333333333333333333333333333333333333333333333333333333333333333333333336,NONE,NONE
5,TPL_343545ca202c27d63a8b1460,TOK_0353a54ae1805c0bc7b82689,LEGAL_LOCAL_TEMPLATE,UNARY_DIRECT,ONE_BODY_DIRECT,1,2,2,2,negative,2,zero_contact,ACTIVE_LIFT,LOCAL_R2_LIFT,432.0,432,1,0,0,0,432.0,432,1,438.0000000000000000000000000000000000000000000000000000000000000000000000000000000000000000000000000,438,97,54.7500000000000000000000000000000000000000000000000000000000000000000000000000000000000000000000000,219/4,97,383.250000000000000000000000000000000000000000000000000000000000000000000000000000000000000000000000,1533/4,96,6,438,0,0,0,0,0,RAWNUM_27effef2f22d01bede44ef40,TYPEDRAW_c52fba08e1f610303f5e822e,DEP_c3298c11d221201bb308428c,DEPCORE_3c0453700f8663ff8d8da71a,DEPRES_73ca7a9ed16e954dab204089,SHAPE_7affee3d04578c527b3bb78a,438,72/73|0|1|0|0|0,NONE,NONE
6,TPL_b4a10c7271eda9624b68cb69,TOK_0356998f059af083410ff18d,LEGAL_LOCAL_TEMPLATE,UNARY_DIRECT,ONE_BODY_DIRECT,1,8,8,2,neutral,0,zero_contact,ZERO_FEE,LOCAL_R2_LIFT,144.000,144,3,0,0,0,144.000,144,3,144.000,144,3,18.000,18,3,126.000,126,3,0,144,0,0,0,0,0,RAWNUM_933967c467dd9539e60308b4,TYPEDRAW_37732a7742120eb04ade6709,DEP_644277b1580521a30146c665,DEPCORE_b3e5cb2deb3c38b95d717b29,DEPRES_73ca7a9ed16e954dab204089,SHAPE_4a5a7e41bcde015a08457156,144,1|0|1|0|0|0,NONE,NONE
7,TPL_264fb3a35bb7c91c6c2c0a6b,TOK_040a0d0c564e1b2ea0cdab36,LEGAL_LOCAL_TEMPLATE,UNARY_CONJUGATE,ONE_BODY_CONJUGATE,1,8,8,1,negative,8,negative_credit,ACTIVE_LIFT,LOCAL_R2_LIFT,120.00,120,2,-6.666666666666666666666666666666666666666666666666666666666666666666666666666666666666666666666666667,-6666666666666666666666666666666666666666666666666666666666666666666666666666666666666666666666666667/1000000000000000000000000000000000000000000000000000000000000000000000000000000000000000000000000000,99,126.6666666666666666666666666666666666666666666666666666666666666666666666666666666666666666666666667,1266666666666666666666666666666666666666666666666666666666666666666666666666666666666666666666666667/10000000000000000000000000000000000000000000000000000000000000000000000000000000000000000000000000,97,133.7037037037037037037037037037037037037037037037037037037037037037037037037037037037037037037037038,668518518518518518518518518518518518518518518518518518518518518518518518518518518518518518518518519/5000000000000000000000000000000000000000000000000000000000000000000000000000000000000000000000000,97,16.71296296296296296296296296296296296296296296296296296296296296296296296296296296296296296296296298,835648148148148148148148148148148148148148148148148148148148148148148148148148148148148148148148149/50000000000000000000000000000000000000000000000000000000000000000000000000000000000000000000000000,98,116.9907407407407407407407407407407407407407407407407407407407407407407407407407407407407407407407408,73119212962962962962962962962962962962962962962962962962962962962962962962962962962962962962962963/625000000000000000000000000000000000000000000000000000000000000000000000000000000000000000000000,97,70370370370370370370370370370370370370370370370370370370370370370370370370370370370370370370370371/10000000000000000000000000000000000000000000000000000000000000000000000000000000000000000000000000,24066666666666666666666666666666666666666666666666666666666666666666666666666666666666666666666666673/180000000000000000000000000000000000000000000000000000000000000000000000000000000000000000000000000,33/1000000000000000000000000000000000000000000000000000000000000000000000000000000000000000000000000000,11/180000000000000000000000000000000000000000000000000000000000000000000000000000000000000000000000000,1/200000000000000000000000000000000000000000000000000000000000000000000000000000000000000000000000000,-1/40000000000000000000000000000000000000000000000000000000000000000000000000000000000000000000000000,1/50000000000000000000000000000000000000000000000000000000000000000000000000000000000000000000000000,RAWNUM_3bd3ca657e6844322f4c32aa,TYPEDRAW_298490a5085857d43370d266,DEP_e2b2edc6636293373d9948f2,DEPCORE_9866597b01c9dd85279a1479,DEPRES_66d3854d93bbba4f497c952b,SHAPE_9bef2512303c9f30aace89d3,668518518518518518518518518518518518518518518518518518518518518518518518518518518518518518518518519/5000000000000000000000000000000000000000000000000000000000000000000000000000000000000000000000000,600000000000000000000000000000000000000000000000000000000000000000000000000000000000000000000000000/668518518518518518518518518518518518518518518518518518518518518518518518518518518518518518518518519|-6666666666666666666666666666666666666666666666666666666666666666666666666666666666666666666666666667/133703703703703703703703703703703703703703703703703703703703703703703703703703703703703703703703703800|1|33/133703703703703703703703703703703703703703703703703703703703703703703703703703703703703703703703703800|1/26740740740740740740740740740740740740740740740740740740740740740740740740740740740740740740740740760|-1/5348148148148148148148148148148148148148148148148148148148148148148148148148148148148148148148148152,NONE,NONE
8,TPL_20fe545c214a5417b1c6b9e0,TOK_040bcfc6458cf4ccc60ecfe0,NONLOCAL_NODE,CARRIER_INFRASTRUCTURE,CARRIER_INFRASTRUCTURE,0,18,,3,neutral,0,none,ZERO_SUPPORT,ZERO_SUPPORT_NONLOCAL_OR_REJECTED,18,18,0,0,0,0,18,18,0,0,0,0,0,0,0,0,0,0,-18,0,0,0,0,0,0,RAWNUM_696d445c7ba2f2c72d2eb29f,TYPEDRAW_20373aa3fb9b80c611b58fd6,DEP_f5a552e53e9e8114bc286d48,DEPCORE_af6fb4da5178db78d6ef5146,DEPRES_73ca7a9ed16e954dab204089,SHAPE_38c9d96c28812c6a64e0aaf9,18,1|0|0|0|0|0,NONE,NONE
9,TPL_2ea2c2651533431af8aaec43,TOK_052ff3596fba526808a95b7c,LEGAL_LOCAL_TEMPLATE,UNORDERED_TRIAD,THREE_BODY_COLOR,3,1+2+12,1|2|12,0,negative,1,negative_credit,ACTIVE_LIFT,LOCAL_R2_LIFT,5364,5364,0,-1788.000000000000000000000000000000000000000000000000000000000000000000000000000000000000000000000000,-1788,96,7152.000000000000000000000000000000000000000000000000000000000000000000000000000000000000000000000000,7152,96,7201.666666666666666666666666666666666666666666666666666666666666666666666666666666666666666666666663,7201666666666666666666666666666666666666666666666666666666666666666666666666666666666666666666666663/1000000000000000000000000000000000000000000000000000000000000000000000000000000000000000000000000,96,900.2083333333333333333333333333333333333333333333333333333333333333333333333333333333333333333333329,9002083333333333333333333333333333333333333333333333333333333333333333333333333333333333333333333329/10000000000000000000000000000000000000000000000000000000000000000000000000000000000000000000000000,97,6301.45833333333333333333333333333333333333333333333333333333333333333333333333333333333333333333333,630145833333333333333333333333333333333333333333333333333333333333333333333333333333333333333333333/100000000000000000000000000000000000000000000000000000000000000000000000000000000000000000000000,95,49666666666666666666666666666666666666666666666666666666666666666666666666666666666666666666666663/1000000000000000000000000000000000000000000000000000000000000000000000000000000000000000000000000,21605/3,0,-11/3000000000000000000000000000000000000000000000000000000000000000000000000000000000000000000000000,1/40000000000000000000000000000000000000000000000000000000000000000000000000000000000000000000000000,-1/8000000000000000000000000000000000000000000000000000000000000000000000000000000000000000000000000,1/10000000000000000000000000000000000000000000000000000000000000000000000000000000000000000000000000,RAWNUM_f64daf4c4d588d6c649d7437,TYPEDRAW_df48b885043a7e7467f9cc33,DEP_c63e1913fb9bed375118e5d0,DEPCORE_4f26f964f002ed303d93e5f1,DEPRES_b3994fe6877479d7a8fe2f99,SHAPE_745c761d2d9b92300c09fffa,7201666666666666666666666666666666666666666666666666666666666666666666666666666666666666666666666663/1000000000000000000000000000000000000000000000000000000000000000000000000000000000000000000000000,5364000000000000000000000000000000000000000000000000000000000000000000000000000000000000000000000000/7201666666666666666666666666666666666666666666666666666666666666666666666666666666666666666666666663|-1788000000000000000000000000000000000000000000000000000000000000000000000000000000000000000000000000/7201666666666666666666666666666666666666666666666666666666666666666666666666666666666666666666666663|1|0|1/288066666666666666666666666666666666666666666666666666666666666666666666666666666666666666666666666520|-1/57613333333333333333333333333333333333333333333333333333333333333333333333333333333333333333333333304,NONE,NONE
10,TPL_ffda376abfa612ca220619f8,TOK_05db2c9dc0728929b776fe91,LEGAL_LOCAL_TEMPLATE,UNORDERED_TRIAD,THREE_BODY_COLOR,3,1+1+3,1|1|3,3,neutral,0,positive_debit,ZERO_FEE,LOCAL_R2_LIFT,396,396,0,0.2434895833333333333333333333333333333333333333333333333333333333333333333333333333333333333333333334,1217447916666666666666666666666666666666666666666666666666666666666666666666666666666666666666666667/5000000000000000000000000000000000000000000000000000000000000000000000000000000000000000000000000000,100,395.7565104166666666666666666666666666666666666666666666666666666666666666666666666666666666666666667,3957565104166666666666666666666666666666666666666666666666666666666666666666666666666666666666666667/10000000000000000000000000000000000000000000000000000000000000000000000000000000000000000000000000,97,395.7565104166666666666666666666666666666666666666666666666666666666666666666666666666666666666666667,3957565104166666666666666666666666666666666666666666666666666666666666666666666666666666666666666667/10000000000000000000000000000000000000000000000000000000000000000000000000000000000000000000000000,97,49.46956380208333333333333333333333333333333333333333333333333333333333333333333333333333333333333334,2473478190104166666666666666666666666666666666666666666666666666666666666666666666666666666666666667/50000000000000000000000000000000000000000000000000000000000000000000000000000000000000000000000000,98,346.2869466145833333333333333333333333333333333333333333333333333333333333333333333333333333333333334,1731434733072916666666666666666666666666666666666666666666666666666666666666666666666666666666666667/5000000000000000000000000000000000000000000000000000000000000000000000000000000000000000000000000,97,0,3957565104166666666666666666666666666666666666666666666666666666666666666666666666666666666666666667/10000000000000000000000000000000000000000000000000000000000000000000000000000000000000000000000000,167/5000000000000000000000000000000000000000000000000000000000000000000000000000000000000000000000000000,0,1/400000000000000000000000000000000000000000000000000000000000000000000000000000000000000000000000000,3/80000000000000000000000000000000000000000000000000000000000000000000000000000000000000000000000000,-1/25000000000000000000000000000000000000000000000000000000000000000000000000000000000000000000000000,RAWNUM_2f7a29cb582d4aee3cb02f52,TYPEDRAW_68051429e8b8e7242baadcc0,DEP_ac2ddc632bc2582cd8a884d8,DEPCORE_5ea69391dff725c92ce642b3,DEPRES_3540f755b205dc5d317d1934,SHAPE_a68bba8680394508dd003b52,396,1|1217447916666666666666666666666666666666666666666666666666666666666666666666666666666666666666666667/1980000000000000000000000000000000000000000000000000000000000000000000000000000000000000000000000000000|3957565104166666666666666666666666666666666666666666666666666666666666666666666666666666666666666667/3960000000000000000000000000000000000000000000000000000000000000000000000000000000000000000000000000|167/1980000000000000000000000000000000000000000000000000000000000000000000000000000000000000000000000000000|1/158400000000000000000000000000000000000000000000000000000000000000000000000000000000000000000000000000|1/10560000000000000000000000000000000000000000000000000000000000000000000000000000000000000000000000000,NONE,NONE
11,TPL_61edc7d5ae50a96efc7e6c9b,TOK_06fbf0632ec03c47a549ecbd,LEGAL_LOCAL_TEMPLATE,UNARY_DIRECT,ONE_BODY_DIRECT,1,4,4,2,negative,4,zero_contact,ACTIVE_LIFT,LOCAL_R2_LIFT,864.0,864,1,0,0,0,864.0,864,1,888.0000000000000000000000000000000000000000000000000000000000000000000000000000000000000000000000002,4440000000000000000000000000000000000000000000000000000000000000000000000000000000000000000000000001/5000000000000000000000000000000000000000000000000000000000000000000000000000000000000000000000000,97,111.0000000000000000000000000000000000000000000000000000000000000000000000000000000000000000000000000,111,97,777.0000000000000000000000000000000000000000000000000000000000000000000000000000000000000000000000001,7770000000000000000000000000000000000000000000000000000000000000000000000000000000000000000000000001/10000000000000000000000000000000000000000000000000000000000000000000000000000000000000000000000000,97,120000000000000000000000000000000000000000000000000000000000000000000000000000000000000000000000001/5000000000000000000000000000000000000000000000000000000000000000000000000000000000000000000000000,888,0,1/5000000000000000000000000000000000000000000000000000000000000000000000000000000000000000000000000,-1/40000000000000000000000000000000000000000000000000000000000000000000000000000000000000000000000000,-3/40000000000000000000000000000000000000000000000000000000000000000000000000000000000000000000000000,1/10000000000000000000000000000000000000000000000000000000000000000000000000000000000000000000000000,RAWNUM_14f63bf40c82efa4d433f13f,TYPEDRAW_aa352e943632be1b786f5833,DEP_8b313e8ae0e69d4cfdd14486,DEPCORE_2a4d02566fe465a7b34276bb,DEPRES_a4cd7a0cdfbe14c1e588d275,SHAPE_a30fd1c8fda0204cb3fa8cac,4440000000000000000000000000000000000000000000000000000000000000000000000000000000000000000000000001/5000000000000000000000000000000000000000000000000000000000000000000000000000000000000000000000000,4320000000000000000000000000000000000000000000000000000000000000000000000000000000000000000000000000/4440000000000000000000000000000000000000000000000000000000000000000000000000000000000000000000000001|0|1|0|-1/35520000000000000000000000000000000000000000000000000000000000000000000000000000000000000000000000008|-3/35520000000000000000000000000000000000000000000000000000000000000000000000000000000000000000000000008,NONE,NONE
12,TPL_e0419ac6d91432478eecb0bc,TOK_086046a16c2272d3674e6568,LEGAL_LOCAL_TEMPLATE,UNORDERED_TRIAD,THREE_BODY_COLOR,3,2+4+6,2|4|6,0,negative,2,negative_credit,ACTIVE_LIFT,LOCAL_R2_LIFT,2016,2016,0,-840.0000000000000000000000000000000000000000000000000000000000000000000000000000000000000000000000001,-8400000000000000000000000000000000000000000000000000000000000000000000000000000000000000000000000001/10000000000000000000000000000000000000000000000000000000000000000000000000000000000000000000000000,97,2856.000000000000000000000000000000000000000000000000000000000000000000000000000000000000000000000000,2856,96,2895.666666666666666666666666666666666666666666666666666666666666666666666666666666666666666666666667,2895666666666666666666666666666666666666666666666666666666666666666666666666666666666666666666666667/1000000000000000000000000000000000000000000000000000000000000000000000000000000000000000000000000,96,361.9583333333333333333333333333333333333333333333333333333333333333333333333333333333333333333333334,1809791666666666666666666666666666666666666666666666666666666666666666666666666666666666666666666667/5000000000000000000000000000000000000000000000000000000000000000000000000000000000000000000000000,97,2533.708333333333333333333333333333333333333333333333333333333333333333333333333333333333333333333334,1266854166666666666666666666666666666666666666666666666666666666666666666666666666666666666666666667/500000000000000000000000000000000000000000000000000000000000000000000000000000000000000000000000,96,39666666666666666666666666666666666666666666666666666666666666666666666666666666666666666666666667/1000000000000000000000000000000000000000000000000000000000000000000000000000000000000000000000000,8687/3,-1/10000000000000000000000000000000000000000000000000000000000000000000000000000000000000000000000000,1/3000000000000000000000000000000000000000000000000000000000000000000000000000000000000000000000000,1/40000000000000000000000000000000000000000000000000000000000000000000000000000000000000000000000000,3/8000000000000000000000000000000000000000000000000000000000000000000000000000000000000000000000000,-1/2500000000000000000000000000000000000000000000000000000000000000000000000000000000000000000000000,RAWNUM_29c14787529dfea096bb44af,TYPEDRAW_4fd4d5ebfc639416940f78c6,DEP_a9caafd409f3cc38c1df98b8,DEPCORE_7556b9eaa03f92eaee55ab44,DEPRES_63badf7634dea1cf78d00d1b,SHAPE_25b7ff1d3ac1178a4a7f5d93,2895666666666666666666666666666666666666666666666666666666666666666666666666666666666666666666666667/1000000000000000000000000000000000000000000000000000000000000000000000000000000000000000000000000,2016000000000000000000000000000000000000000000000000000000000000000000000000000000000000000000000000/2895666666666666666666666666666666666666666666666666666666666666666666666666666666666666666666666667|-8400000000000000000000000000000000000000000000000000000000000000000000000000000000000000000000000001/28956666666666666666666666666666666666666666666666666666666666666666666666666666666666666666666666670|1|-1/28956666666666666666666666666666666666666666666666666666666666666666666666666666666666666666666666670|1/115826666666666666666666666666666666666666666666666666666666666666666666666666666666666666666666666680|3/23165333333333333333333333333333333333333333333333333333333333333333333333333333333333333333333333336,NONE,NONE
13,TPL_356e41da629869e782a06896,TOK_09cf970a470433ed5b3a7deb,LEGAL_LOCAL_TEMPLATE,UNARY_CONJUGATE,ONE_BODY_CONJUGATE,1,4,4,1,positive,4,positive_debit,ACTIVE_LIFT,LOCAL_R2_LIFT,72.0,72,1,2.000000000000000000000000000000000000000000000000000000000000000000000000000000000000000000000000000,2,99,70.00000000000000000000000000000000000000000000000000000000000000000000000000000000000000000000000000,70,98,71.94444444444444444444444444444444444444444444444444444444444444444444444444444444444444444444444446,3597222222222222222222222222222222222222222222222222222222222222222222222222222222222222222222222223/50000000000000000000000000000000000000000000000000000000000000000000000000000000000000000000000000,98,8.993055555555555555555555555555555555555555555555555555555555555555555555555555555555555555555555558,4496527777777777777777777777777777777777777777777777777777777777777777777777777777777777777777777779/500000000000000000000000000000000000000000000000000000000000000000000000000000000000000000000000000,99,62.9513888888888888888888888888888888888888888888888888888888888888888888888888888888888888888888889,629513888888888888888888888888888888888888888888888888888888888888888888888888888888888888888888889/10000000000000000000000000000000000000000000000000000000000000000000000000000000000000000000000000,97,97222222222222222222222222222222222222222222222222222222222222222222222222222222222222222222222223/50000000000000000000000000000000000000000000000000000000000000000000000000000000000000000000000000,1295/18,0,7/450000000000000000000000000000000000000000000000000000000000000000000000000000000000000000000000000,1/2000000000000000000000000000000000000000000000000000000000000000000000000000000000000000000000000000,-1/400000000000000000000000000000000000000000000000000000000000000000000000000000000000000000000000000,1/500000000000000000000000000000000000000000000000000000000000000000000000000000000000000000000000000,RAWNUM_734875cb552149f0ba62e9ff,TYPEDRAW_2ce88f109132f3fb367ed048,DEP_c9496ff2bb5712bce1dbb342,DEPCORE_0653b013d51b7457644ab1ca,DEPRES_3767e1b21c402fccc2e86c79,SHAPE_defbb4a0a567652612b8ff8d,72,1|1/36|3597222222222222222222222222222222222222222222222222222222222222222222222222222222222222222222222223/3600000000000000000000000000000000000000000000000000000000000000000000000000000000000000000000000000|0|1/144000000000000000000000000000000000000000000000000000000000000000000000000000000000000000000000000000|-1/28800000000000000000000000000000000000000000000000000000000000000000000000000000000000000000000000000,NONE,NONE
14,TPL_c97c5328089327369672b3c6,TOK_0a9f715ec01f1830a8bbb447,NONLOCAL_NODE,HIDDEN_SUPPORT,HIDDEN_SUPPORT,0,3,,3,positive,3,none,ZERO_SUPPORT,ZERO_SUPPORT_NONLOCAL_OR_REJECTED,3.062499999999999999999999999999999999999999999999999999999999999999999999999999999999999999999999999,3062499999999999999999999999999999999999999999999999999999999999999999999999999999999999999999999999/1000000000000000000000000000000000000000000000000000000000000000000000000000000000000000000000000000,99,0,0,0,3.062499999999999999999999999999999999999999999999999999999999999999999999999999999999999999999999999,3062499999999999999999999999999999999999999999999999999999999999999999999999999999999999999999999999/1000000000000000000000000000000000000000000000000000000000000000000000000000000000000000000000000000,99,0,0,0,0,0,0,0,0,0,-3062499999999999999999999999999999999999999999999999999999999999999999999999999999999999999999999999/1000000000000000000000000000000000000000000000000000000000000000000000000000000000000000000000000000,0,0,0,0,0,0,RAWNUM_68d18d00c08a1877f2940779,TYPEDRAW_c8872049c3b7a0b842fd2c3d,DEP_d6fd5166f1f48d803971df4c,DEPCORE_a5d31f6767886214ab95f9b6,DEPRES_73ca7a9ed16e954dab204089,SHAPE_29b24556cd4dd4f6f00896ac,3062499999999999999999999999999999999999999999999999999999999999999999999999999999999999999999999999/1000000000000000000000000000000000000000000000000000000000000000000000000000000000000000000000000000,1|0|0|0|0|0,NONE,NONE
15,TPL_ae8a4a302f427c51b3de79bb,TOK_0b448f8a98326c68eea440e3,LEGAL_LOCAL_TEMPLATE,UNARY_CONJUGATE,ONE_BODY_CONJUGATE,1,4,4,2,negative,4,negative_credit,ACTIVE_LIFT,LOCAL_R2_LIFT,720.00,720,2,-1.666666666666666666666666666666666666666666666666666666666666666666666666666666666666666666666666666,-833333333333333333333333333333333333333333333333333333333333333333333333333333333333333333333333333/500000000000000000000000000000000000000000000000000000000000000000000000000000000000000000000000000,99,721.6666666666666666666666666666666666666666666666666666666666666666666666666666666666666666666666667,7216666666666666666666666666666666666666666666666666666666666666666666666666666666666666666666666667/10000000000000000000000000000000000000000000000000000000000000000000000000000000000000000000000000,97,741.7129629629629629629629629629629629629629629629629629629629629629629629629629629629629629629629632,115892650462962962962962962962962962962962962962962962962962962962962962962962962962962962962962963/156250000000000000000000000000000000000000000000000000000000000000000000000000000000000000000000,97,92.7141203703703703703703703703703703703703703703703703703703703703703703703703703703703703703703704,115892650462962962962962962962962962962962962962962962962962962962962962962962962962962962962962963/1250000000000000000000000000000000000000000000000000000000000000000000000000000000000000000000000,97,648.9988425925925925925925925925925925925925925925925925925925925925925925925925925925925925925925928,811248553240740740740740740740740740740740740740740740740740740740740740740740740740740740740740741/1250000000000000000000000000000000000000000000000000000000000000000000000000000000000000000000000,97,40092592592592592592592592592592592592592592592592592592592592592592592592592592592592592592592593/2000000000000000000000000000000000000000000000000000000000000000000000000000000000000000000000000,267016666666666666666666666666666666666666666666666666666666666666666666666666666666666666666666666679/360000000000000000000000000000000000000000000000000000000000000000000000000000000000000000000000000,17/500000000000000000000000000000000000000000000000000000000000000000000000000000000000000000000000000,73/360000000000000000000000000000000000000000000000000000000000000000000000000000000000000000000000000,0,0,0,RAWNUM_7191d7804663069026cfb3ed,TYPEDRAW_0ea1dba366237095627456df,DEP_257b63061cdddc62beb74563,DEPCORE_4ec5cb494431f546f6aa6173,DEPRES_77e1b11eaf33ac4a7933393a,SHAPE_36dcd138ce7c6aefed1b7a26,115892650462962962962962962962962962962962962962962962962962962962962962962962962962962962962962963/156250000000000000000000000000000000000000000000000000000000000000000000000000000000000000000000,37500000000000000000000000000000000000000000000000000000000000000000000000000000000000000000000000/38630883487654320987654320987654320987654320987654320987654320987654320987654320987654320987654321|-833333333333333333333333333333333333333333333333333333333333333333333333333333333333333333333333333/370856481481481481481481481481481481481481481481481481481481481481481481481481481481481481481481481600|1|17/370856481481481481481481481481481481481481481481481481481481481481481481481481481481481481481481481600|0|0,NONE,NONE
16,TPL_0413790da59d51cdb9806e7c,TOK_0c1a9e6b3b92910775f901ec,LEGAL_LOCAL_TEMPLATE,ORDERED_PAIR,TWO_BODY_PAIR,2,6+6,6|6,1,neutral,0,positive_debit,ZERO_FEE,LOCAL_R2_LIFT,432,432,0,45.00,45,2,387.00,387,2,387.00,387,2,48.375,387/8,3,338.625,2709/8,3,0,387,0,0,0,0,0,RAWNUM_1cfdd97cf1d0c9f9c3a96557,TYPEDRAW_983160f3a77f2f8530f009a2,DEP_d5fd3e4e9825dbb1be4b0ee8,DEPCORE_abc2a12391e9eaeacf7d47c8,DEPRES_73ca7a9ed16e954dab204089,SHAPE_8dce00b3b054a735194ec80d,432,1|5/48|43/48|0|0|0,NONE,NONE
17,TPL_8236835483db0f4b51d86f5f,TOK_0c38ab8de6d90aecc0794130,LEGAL_LOCAL_TEMPLATE,UNARY_CONJUGATE,ONE_BODY_CONJUGATE,1,4,4,2,positive,4,positive_debit,ACTIVE_LIFT,LOCAL_R2_LIFT,864.0,864,1,2.000000000000000000000000000000000000000000000000000000000000000000000000000000000000000000000000000,2,99,862.0000000000000000000000000000000000000000000000000000000000000000000000000000000000000000000000000,862,97,885.9444444444444444444444444444444444444444444444444444444444444444444444444444444444444444444444446,4429722222222222222222222222222222222222222222222222222222222222222222222222222222222222222222222223/5000000000000000000000000000000000000000000000000000000000000000000000000000000000000000000000000,97,110.7430555555555555555555555555555555555555555555555555555555555555555555555555555555555555555555556,276857638888888888888888888888888888888888888888888888888888888888888888888888888888888888888888889/2500000000000000000000000000000000000000000000000000000000000000000000000000000000000000000000000,97,775.201388888888888888888888888888888888888888888888888888888888888888888888888888888888888888888889,775201388888888888888888888888888888888888888888888888888888888888888888888888888888888888888888889/1000000000000000000000000000000000000000000000000000000000000000000000000000000000000000000000000,96,119722222222222222222222222222222222222222222222222222222222222222222222222222222222222222222222223/5000000000000000000000000000000000000000000000000000000000000000000000000000000000000000000000000,15947/18,0,7/45000000000000000000000000000000000000000000000000000000000000000000000000000000000000000000000000,1/40000000000000000000000000000000000000000000000000000000000000000000000000000000000000000000000000,-1/40000000000000000000000000000000000000000000000000000000000000000000000000000000000000000000000000,0,RAWNUM_36fcd9926e5a8ecd3fab086c,TYPEDRAW_d8a12cebae9265e368f3bd0c,DEP_4338889c079d7d5d6f5bbbe2,DEPCORE_f9f74a41961e92c068621d3e,DEPRES_d05bcacdf2128ed26f15cc91,SHAPE_ad34393604510cef7fddbd01,4429722222222222222222222222222222222222222222222222222222222222222222222222222222222222222222222223/5000000000000000000000000000000000000000000000000000000000000000000000000000000000000000000000000,4320000000000000000000000000000000000000000000000000000000000000000000000000000000000000000000000000/4429722222222222222222222222222222222222222222222222222222222222222222222222222222222222222222222223|10000000000000000000000000000000000000000000000000000000000000000000000000000000000000000000000000/4429722222222222222222222222222222222222222222222222222222222222222222222222222222222222222222222223|1|0|1/35437777777777777777777777777777777777777777777777777777777777777777777777777777777777777777777777784|-1/35437777777777777777777777777777777777777777777777777777777777777777777777777777777777777777777777784,NONE,NONE
18,TPL_e522246620f7258165634af5,TOK_0cf53c539a6bced5d3499b6e,LEGAL_LOCAL_TEMPLATE,ORDERED_PAIR,TWO_BODY_PAIR,2,1+12,1|12,3,negative,11,negative_credit,ACTIVE_LIFT,LOCAL_R2_LIFT,177,177,0,-0.1002965856481481481481481481481481481481481481481481481481481481481481481481481481481481481481481482,-501482928240740740740740740740740740740740740740740740740740740740740740740740740740740740740740741/5000000000000000000000000000000000000000000000000000000000000000000000000000000000000000000000000000,100,177.1002965856481481481481481481481481481481481481481481481481481481481481481481481481481481481481481,1771002965856481481481481481481481481481481481481481481481481481481481481481481481481481481481481481/10000000000000000000000000000000000000000000000000000000000000000000000000000000000000000000000000,97,190.6287914637184927983539094650205761316872427983539094650205761316872427983539094650205761316872428,476571978659296231995884773662551440329218106995884773662551440329218106995884773662551440329218107/2500000000000000000000000000000000000000000000000000000000000000000000000000000000000000000000000,97,23.82859893296481159979423868312757201646090534979423868312757201646090534979423868312757201646090535,476571978659296231995884773662551440329218106995884773662551440329218106995884773662551440329218107/20000000000000000000000000000000000000000000000000000000000000000000000000000000000000000000000000,98,166.8001925307536811985596707818930041152263374485596707818930041152263374485596707818930041152263375,13344015402460294495884773662551440329218106995884773662551440329218106995884773662551440329218107/80000000000000000000000000000000000000000000000000000000000000000000000000000000000000000000000,97,135284948780703446502057613168724279835390946502057613168724279835390946502057613168724279835390947/10000000000000000000000000000000000000000000000000000000000000000000000000000000000000000000000000,54901091941550925925925925925925925925925925925925925925925925925925925925925925925925925925925925911/288000000000000000000000000000000000000000000000000000000000000000000000000000000000000000000000000,-241/5000000000000000000000000000000000000000000000000000000000000000000000000000000000000000000000000000,77/1440000000000000000000000000000000000000000000000000000000000000000000000000000000000000000000000000,0,1/20000000000000000000000000000000000000000000000000000000000000000000000000000000000000000000000000,-1/20000000000000000000000000000000000000000000000000000000000000000000000000000000000000000000000000,RAWNUM_d24e0d47b44c65fd5c958d12,TYPEDRAW_b8e991db95081717c9bfe623,DEP_0d5c5e847998c2ddd400a4bf,DEPCORE_57590cb8814751ddc8b0d310,DEPRES_dc4e125b78f32d287d9675fc,SHAPE_3d79e6c333c2f39c009cc81e,476571978659296231995884773662551440329218106995884773662551440329218106995884773662551440329218107/2500000000000000000000000000000000000000000000000000000000000000000000000000000000000000000000000,442500000000000000000000000000000000000000000000000000000000000000000000000000000000000000000000000/476571978659296231995884773662551440329218106995884773662551440329218106995884773662551440329218107|-501482928240740740740740740740740740740740740740740740740740740740740740740740740740740740740740741/953143957318592463991769547325102880658436213991769547325102880658436213991769547325102880658436214000|1|-241/953143957318592463991769547325102880658436213991769547325102880658436213991769547325102880658436214000|0|1/3812575829274369855967078189300411522633744855967078189300411522633744855967078189300411522633744856,NONE,NONE
19,TPL_9e3b65f86c3ff40fe599c96d,TOK_0d05c3382002e0fe5b3b30d3,LEGAL_LOCAL_TEMPLATE,UNORDERED_TRIAD,THREE_BODY_COLOR,3,6+6+8,6|6|8,3,positive,2,positive_debit,ACTIVE_LIFT,LOCAL_R2_LIFT,4896,4896,0,0.6493055555555555555555555555555555555555555555555555555555555555555555555555555555555555555555555556,1623263888888888888888888888888888888888888888888888888888888888888888888888888888888888888888888889/2500000000000000000000000000000000000000000000000000000000000000000000000000000000000000000000000000,100,4895.350694444444444444444444444444444444444444444444444444444444444444444444444444444444444444444444,1223837673611111111111111111111111111111111111111111111111111111111111111111111111111111111111111111/250000000000000000000000000000000000000000000000000000000000000000000000000000000000000000000000,96,4963.341676311728395061728395061728395061728395061728395061728395061728395061728395061728395061728395,992668335262345679012345679012345679012345679012345679012345679012345679012345679012345679012345679/200000000000000000000000000000000000000000000000000000000000000000000000000000000000000000000000,96,620.4177095389660493827160493827160493827160493827160493827160493827160493827160493827160493827160494,3102088547694830246913580246913580246913580246913580246913580246913580246913580246913580246913580247/5000000000000000000000000000000000000000000000000000000000000000000000000000000000000000000000000,97,4342.923966772762345679012345679012345679012345679012345679012345679012345679012345679012345679012345,868584793354552469135802469135802469135802469135802469135802469135802469135802469135802469135802469/200000000000000000000000000000000000000000000000000000000000000000000000000000000000000000000000,96,67990981867283950617283950617283950617283950617283950617283950617283950617283950617283950617283951/1000000000000000000000000000000000000000000000000000000000000000000000000000000000000000000000000,89340150173611111111111111111111111111111111111111111111111111111111111111111111111111111111111111103/18000000000000000000000000000000000000000000000000000000000000000000000000000000000000000000000000,-1111/2500000000000000000000000000000000000000000000000000000000000000000000000000000000000000000000000000,7/18000000000000000000000000000000000000000000000000000000000000000000000000000000000000000000000000,1/40000000000000000000000000000000000000000000000000000000000000000000000000000000000000000000000000,-1/1600000000000000000000000000000000000000000000000000000000000000000000000000000000000000000000000,3/5000000000000000000000000000000000000000000000000000000000000000000000000000000000000000000000000,RAWNUM_11ac2b19974fd7b19975d4f3,TYPEDRAW_a2b1f04aac315fef4185dff9,DEP_ff8fa667d0430125f6853a9d,DEPCORE_18c78deb2912419d8260b0a1,DEPRES_62236c5be68c4214e28017ed,SHAPE_ab1a997999eeffaa7177ccfc,992668335262345679012345679012345679012345679012345679012345679012345679012345679012345679012345679/200000000000000000000000000000000000000000000000000000000000000000000000000000000000000000000000,979200000000000000000000000000000000000000000000000000000000000000000000000000000000000000000000000/992668335262345679012345679012345679012345679012345679012345679012345679012345679012345679012345679|1623263888888888888888888888888888888888888888888888888888888888888888888888888888888888888888888889/12408354190779320987654320987654320987654320987654320987654320987654320987654320987654320987654320987500|1|-1111/12408354190779320987654320987654320987654320987654320987654320987654320987654320987654320987654320987500|1/198533667052469135802469135802469135802469135802469135802469135802469135802469135802469135802469135800|-1/7941346682098765432098765432098765432098765432098765432098765432098765432098765432098765432098765432,NONE,NONE
20,TPL_71b8edad334e91c10dfd078d,TOK_0db68be671777cb683e37fab,LEGAL_LOCAL_TEMPLATE,UNARY_CONJUGATE,ONE_BODY_CONJUGATE,1,3,3,1,negative,3,negative_credit,ACTIVE_LIFT,LOCAL_R2_LIFT,45.00,45,2,-0.9375,-15/16,4,45.9375,735/16,4,46.89453124999999999999999999999999999999999999999999999999999999999999999999999999999999999999999998,2344726562499999999999999999999999999999999999999999999999999999999999999999999999999999999999999999/50000000000000000000000000000000000000000000000000000000000000000000000000000000000000000000000000,98,5.861816406249999999999999999999999999999999999999999999999999999999999999999999999999999999999999998,2930908203124999999999999999999999999999999999999999999999999999999999999999999999999999999999999999/500000000000000000000000000000000000000000000000000000000000000000000000000000000000000000000000000,99,41.03271484374999999999999999999999999999999999999999999999999999999999999999999999999999999999999999,4103271484374999999999999999999999999999999999999999999999999999999999999999999999999999999999999999/100000000000000000000000000000000000000000000000000000000000000000000000000000000000000000000000000,98,47851562499999999999999999999999999999999999999999999999999999999999999999999999999999999999999999/50000000000000000000000000000000000000000000000000000000000000000000000000000000000000000000000000,12005/256,0,-1/50000000000000000000000000000000000000000000000000000000000000000000000000000000000000000000000000,1/2000000000000000000000000000000000000000000000000000000000000000000000000000000000000000000000000000,3/400000000000000000000000000000000000000000000000000000000000000000000000000000000000000000000000000,-1/125000000000000000000000000000000000000000000000000000000000000000000000000000000000000000000000000,RAWNUM_b5f1aaf28746fa2c9b1aa067,TYPEDRAW_9b7af50056b3c5baa6f972ce,DEP_c4aa048b7a37b409afd9e5ee,DEPCORE_0c6c4d246b289f959535476c,DEPRES_175643db0ab6f3a9885ac3b8,SHAPE_d4c0188b16438db167dd5ff8,2344726562499999999999999999999999999999999999999999999999999999999999999999999999999999999999999999/50000000000000000000000000000000000000000000000000000000000000000000000000000000000000000000000000,250000000000000000000000000000000000000000000000000000000000000000000000000000000000000000000000000/260525173611111111111111111111111111111111111111111111111111111111111111111111111111111111111111111|-15625000000000000000000000000000000000000000000000000000000000000000000000000000000000000000000000/781575520833333333333333333333333333333333333333333333333333333333333333333333333333333333333333333|1|0|1/93789062499999999999999999999999999999999999999999999999999999999999999999999999999999999999999999960|1/6252604166666666666666666666666666666666666666666666666666666666666666666666666666666666666666666664,NONE,NONE
21,TPL_d20ad03f34a370e40924c2c2,TOK_0e3957bdea965ca648b03b67,LEGAL_LOCAL_TEMPLATE,ORDERED_PAIR,TWO_BODY_PAIR,2,8+4,8|4,3,positive,4,positive_debit,ACTIVE_LIFT,LOCAL_R2_LIFT,396,396,0,0.1336805555555555555555555555555555555555555555555555555555555555555555555555555555555555555555555556,334201388888888888888888888888888888888888888888888888888888888888888888888888888888888888888888889/2500000000000000000000000000000000000000000000000000000000000000000000000000000000000000000000000000,100,395.8663194444444444444444444444444444444444444444444444444444444444444444444444444444444444444444444,989665798611111111111111111111111111111111111111111111111111111111111111111111111111111111111111111/2500000000000000000000000000000000000000000000000000000000000000000000000000000000000000000000000,97,406.8626060956790123456790123456790123456790123456790123456790123456790123456790123456790123456790124,1017156515239197530864197530864197530864197530864197530864197530864197530864197530864197530864197531/2500000000000000000000000000000000000000000000000000000000000000000000000000000000000000000000000,97,50.85782576195987654320987654320987654320987654320987654320987654320987654320987654320987654320987655,1017156515239197530864197530864197530864197530864197530864197530864197530864197530864197530864197531/20000000000000000000000000000000000000000000000000000000000000000000000000000000000000000000000000,98,356.0047803337191358024691358024691358024691358024691358024691358024691358024691358024691358024691359,3560047803337191358024691358024691358024691358024691358024691358024691358024691358024691358024691359/10000000000000000000000000000000000000000000000000000000000000000000000000000000000000000000000000,97,1374535831404320987654320987654320987654320987654320987654320987654320987654320987654320987654321/125000000000000000000000000000000000000000000000000000000000000000000000000000000000000000000000,4068626060956790123456790123456790123456790123456790123456790123456790123456790123456790123456790123/10000000000000000000000000000000000000000000000000000000000000000000000000000000000000000000000000,-111/2500000000000000000000000000000000000000000000000000000000000000000000000000000000000000000000000000,1/10000000000000000000000000000000000000000000000000000000000000000000000000000000000000000000000000,0,1/20000000000000000000000000000000000000000000000000000000000000000000000000000000000000000000000000,-1/20000000000000000000000000000000000000000000000000000000000000000000000000000000000000000000000000,RAWNUM_21d766a0844efab44e7d2384,TYPEDRAW_ef38070a459e84162dab9f0f,DEP_1a0777a917ad2241c33c784a,DEPCORE_23a1bdfeb1f76b865c1b3bd6,DEPRES_8a5c9c8ccceb8f8a38d1f2b7,SHAPE_85bcf983000ad2d4910fb9a6,1017156515239197530864197530864197530864197530864197530864197530864197530864197530864197530864197531/2500000000000000000000000000000000000000000000000000000000000000000000000000000000000000000000000,10000000000000000000000000000000000000000000000000000000000000000000000000000000000000000000000000/10274308234739368998628257887517146776406035665294924554183813443072702331961591220850480109739369|111400462962962962962962962962962962962962962962962962962962962962962962962962962962962962962962963/339052171746399176954732510288065843621399176954732510288065843621399176954732510288065843621399177000|1|-37/339052171746399176954732510288065843621399176954732510288065843621399176954732510288065843621399177000|0|1/8137252121913580246913580246913580246913580246913580246913580246913580246913580246913580246913580248,NONE,NONE
22,TPL_7be0983b66006febc905e0d0,TOK_0f35bc2f0d811c9c91ad6dd0,LEGAL_LOCAL_TEMPLATE,UNARY_DIRECT,ONE_BODY_DIRECT,1,1,1,2,positive,1,zero_contact,ACTIVE_LIFT,LOCAL_R2_LIFT,180.00,180,2,0,0,0,180.00,180,2,181.2499999999999999999999999999999999999999999999999999999999999999999999999999999999999999999999999,1812499999999999999999999999999999999999999999999999999999999999999999999999999999999999999999999999/10000000000000000000000000000000000000000000000000000000000000000000000000000000000000000000000000,97,22.65624999999999999999999999999999999999999999999999999999999999999999999999999999999999999999999999,2265624999999999999999999999999999999999999999999999999999999999999999999999999999999999999999999999/100000000000000000000000000000000000000000000000000000000000000000000000000000000000000000000000000,98,158.5937499999999999999999999999999999999999999999999999999999999999999999999999999999999999999999999,1585937499999999999999999999999999999999999999999999999999999999999999999999999999999999999999999999/10000000000000000000000000000000000000000000000000000000000000000000000000000000000000000000000000,97,12499999999999999999999999999999999999999999999999999999999999999999999999999999999999999999999999/10000000000000000000000000000000000000000000000000000000000000000000000000000000000000000000000000,725/4,0,-1/10000000000000000000000000000000000000000000000000000000000000000000000000000000000000000000000000,1/400000000000000000000000000000000000000000000000000000000000000000000000000000000000000000000000000,-1/80000000000000000000000000000000000000000000000000000000000000000000000000000000000000000000000000,1/100000000000000000000000000000000000000000000000000000000000000000000000000000000000000000000000000,RAWNUM_40b42b99e1caedbb97bb9dbe,TYPEDRAW_2f30ee8070e51f7435ca4822,DEP_935ca44ed0dba63b529f896f,DEPCORE_bbe2e77874e4542bb16c4959,DEPRES_6e79992469a3dc5ecffb2f60,SHAPE_db06aec05d10024d58355485,1812499999999999999999999999999999999999999999999999999999999999999999999999999999999999999999999999/10000000000000000000000000000000000000000000000000000000000000000000000000000000000000000000000000,1800000000000000000000000000000000000000000000000000000000000000000000000000000000000000000000000000/1812499999999999999999999999999999999999999999999999999999999999999999999999999999999999999999999999|0|1|0|1/72499999999999999999999999999999999999999999999999999999999999999999999999999999999999999999999999960|-1/14499999999999999999999999999999999999999999999999999999999999999999999999999999999999999999999999992,NONE,NONE
23,TPL_34fd7e6c0b05e56e4d5685c4,TOK_0f61b84793eb7beaba5f092f,LEGAL_LOCAL_TEMPLATE,UNARY_DIRECT,ONE_BODY_DIRECT,1,12,12,2,positive,12,zero_contact,ACTIVE_LIFT,LOCAL_R2_LIFT,2160.00,2160,2,0,0,0,2160.00,2160,2,2339.999999999999999999999999999999999999999999999999999999999999999999999999999999999999999999999999,2339999999999999999999999999999999999999999999999999999999999999999999999999999999999999999999999999/1000000000000000000000000000000000000000000000000000000000000000000000000000000000000000000000000,96,292.4999999999999999999999999999999999999999999999999999999999999999999999999999999999999999999999999,2924999999999999999999999999999999999999999999999999999999999999999999999999999999999999999999999999/10000000000000000000000000000000000000000000000000000000000000000000000000000000000000000000000000,97,2047.499999999999999999999999999999999999999999999999999999999999999999999999999999999999999999999999,2047499999999999999999999999999999999999999999999999999999999999999999999999999999999999999999999999/1000000000000000000000000000000000000000000000000000000000000000000000000000000000000000000000000,96,179999999999999999999999999999999999999999999999999999999999999999999999999999999999999999999999999/1000000000000000000000000000000000000000000000000000000000000000000000000000000000000000000000000,2340,0,-1/1000000000000000000000000000000000000000000000000000000000000000000000000000000000000000000000000,1/40000000000000000000000000000000000000000000000000000000000000000000000000000000000000000000000000,-1/8000000000000000000000000000000000000000000000000000000000000000000000000000000000000000000000000,1/10000000000000000000000000000000000000000000000000000000000000000000000000000000000000000000000000,RAWNUM_9aaef97fda90f11530bc7506,TYPEDRAW_319b4e6ab1e370d8fe62c926,DEP_cb66d83c4e75ff0c65fad889,DEPCORE_2d3e560823febe8ed6d24c6e,DEPRES_dd8dcaaf2294a3eee6632733,SHAPE_63823c77aefc865e0b66cc52,2339999999999999999999999999999999999999999999999999999999999999999999999999999999999999999999999999/1000000000000000000000000000000000000000000000000000000000000000000000000000000000000000000000000,2160000000000000000000000000000000000000000000000000000000000000000000000000000000000000000000000000/2339999999999999999999999999999999999999999999999999999999999999999999999999999999999999999999999999|0|1|0|1/93599999999999999999999999999999999999999999999999999999999999999999999999999999999999999999999999960|-1/18719999999999999999999999999999999999999999999999999999999999999999999999999999999999999999999999992,NONE,NONE
24,TPL_74be860e3a63c56318ee6f92,TOK_0f97dbbf316bf78b84ec0095,NONLOCAL_NODE,HIDDEN_SUPPORT,HIDDEN_SUPPORT,0,6,,3,positive,6,none,ZERO_SUPPORT,ZERO_SUPPORT_NONLOCAL_OR_REJECTED,6.250000000000000000000000000000000000000000000000000000000000000000000000000000000000000000000000002,3125000000000000000000000000000000000000000000000000000000000000000000000000000000000000000000000001/500000000000000000000000000000000000000000000000000000000000000000000000000000000000000000000000000,99,0,0,0,6.250000000000000000000000000000000000000000000000000000000000000000000000000000000000000000000000002,3125000000000000000000000000000000000000000000000000000000000000000000000000000000000000000000000001/500000000000000000000000000000000000000000000000000000000000000000000000000000000000000000000000000,99,0,0,0,0,0,0,0,0,0,-3125000000000000000000000000000000000000000000000000000000000000000000000000000000000000000000000001/500000000000000000000000000000000000000000000000000000000000000000000000000000000000000000000000000,0,0,0,0,0,0,RAWNUM_ef7610c98d8222c338c05423,TYPEDRAW_b00ca890086b397012c1b503,DEP_3164f2009edd35a575fcdff9,DEPCORE_c74d7fd1335e4c7c9b924bd2,DEPRES_73ca7a9ed16e954dab204089,SHAPE_29b24556cd4dd4f6f00896ac,3125000000000000000000000000000000000000000000000000000000000000000000000000000000000000000000000001/500000000000000000000000000000000000000000000000000000000000000000000000000000000000000000000000000,1|0|0|0|0|0,NONE,NONE
25,TPL_6c5563a95cba3479f2791ef7,TOK_0fa4fca503305a6150cc8dd9,LEGAL_LOCAL_TEMPLATE,ORDERED_PAIR,TWO_BODY_PAIR,2,6+3,6|3,3,positive,3,positive_debit,ACTIVE_LIFT,LOCAL_R2_LIFT,225,225,0,0.06510416666666666666666666666666666666666666666666666666666666666666666666666666666666666666666666665,1302083333333333333333333333333333333333333333333333333333333333333333333333333333333333333333333333/20000000000000000000000000000000000000000000000000000000000000000000000000000000000000000000000000000,101,224.9348958333333333333333333333333333333333333333333333333333333333333333333333333333333333333333333,2249348958333333333333333333333333333333333333333333333333333333333333333333333333333333333333333333/10000000000000000000000000000000000000000000000000000000000000000000000000000000000000000000000000,97,229.6210394965277777777777777777777777777777777777777777777777777777777777777777777777777777777777777,2296210394965277777777777777777777777777777777777777777777777777777777777777777777777777777777777777/10000000000000000000000000000000000000000000000000000000000000000000000000000000000000000000000000,97,28.70262993706597222222222222222222222222222222222222222222222222222222222222222222222222222222222221,2870262993706597222222222222222222222222222222222222222222222222222222222222222222222222222222222221/100000000000000000000000000000000000000000000000000000000000000000000000000000000000000000000000000,98,200.9184095594618055555555555555555555555555555555555555555555555555555555555555555555555555555555555,401836819118923611111111111111111111111111111111111111111111111111111111111111111111111111111111111/2000000000000000000000000000000000000000000000000000000000000000000000000000000000000000000000000,97,11715359157986111111111111111111111111111111111111111111111111111111111111111111111111111111111111/2500000000000000000000000000000000000000000000000000000000000000000000000000000000000000000000000,36739366319444444444444444444444444444444444444444444444444444444444444444444444444444444444444444439/160000000000000000000000000000000000000000000000000000000000000000000000000000000000000000000000000,-667/20000000000000000000000000000000000000000000000000000000000000000000000000000000000000000000000000000,-7/160000000000000000000000000000000000000000000000000000000000000000000000000000000000000000000000000,-1/400000000000000000000000000000000000000000000000000000000000000000000000000000000000000000000000000,1/80000000000000000000000000000000000000000000000000000000000000000000000000000000000000000000000000,-1/100000000000000000000000000000000000000000000000000000000000000000000000000000000000000000000000000,RAWNUM_ebfa517baf6d2a37abc21125,TYPEDRAW_8634a8bdfb4c3ea9268d9784,DEP_fd7fa83c638b93e87ff7b62f,DEPCORE_f0da6f1a301fe17a1c02f66b,DEPRES_f1af61201c8f989cd7e3743c,SHAPE_917250b021d65c245ac5c0f1,2296210394965277777777777777777777777777777777777777777777777777777777777777777777777777777777777777/10000000000000000000000000000000000000000000000000000000000000000000000000000000000000000000000000,2250000000000000000000000000000000000000000000000000000000000000000000000000000000000000000000000000/2296210394965277777777777777777777777777777777777777777777777777777777777777777777777777777777777777|1302083333333333333333333333333333333333333333333333333333333333333333333333333333333333333333333333/4592420789930555555555555555555555555555555555555555555555555555555555555555555555555555555555555554000|1|-667/4592420789930555555555555555555555555555555555555555555555555555555555555555555555555555555555555554000|-1/91848415798611111111111111111111111111111111111111111111111111111111111111111111111111111111111111080|1/18369683159722222222222222222222222222222222222222222222222222222222222222222222222222222222222222216,NONE,NONE
26,TPL_e138a541b9cf2fe53c097a46,TOK_1057ef9e683332aa24c8c035,LEGAL_LOCAL_TEMPLATE,UNORDERED_TRIAD,THREE_BODY_COLOR,3,6+8+8,6|8|8,3,neutral,0,positive_debit,ZERO_FEE,LOCAL_R2_LIFT,5904,5904,0,3.630208333333333333333333333333333333333333333333333333333333333333333333333333333333333333333333334,1815104166666666666666666666666666666666666666666666666666666666666666666666666666666666666666666667/500000000000000000000000000000000000000000000000000000000000000000000000000000000000000000000000000,99,5900.369791666666666666666666666666666666666666666666666666666666666666666666666666666666666666666667,5900369791666666666666666666666666666666666666666666666666666666666666666666666666666666666666666667/1000000000000000000000000000000000000000000000000000000000000000000000000000000000000000000000000,96,5900.369791666666666666666666666666666666666666666666666666666666666666666666666666666666666666666667,5900369791666666666666666666666666666666666666666666666666666666666666666666666666666666666666666667/1000000000000000000000000000000000000000000000000000000000000000000000000000000000000000000000000,96,737.5462239583333333333333333333333333333333333333333333333333333333333333333333333333333333333333334,3687731119791666666666666666666666666666666666666666666666666666666666666666666666666666666666666667/5000000000000000000000000000000000000000000000000000000000000000000000000000000000000000000000000,97,5162.823567708333333333333333333333333333333333333333333333333333333333333333333333333333333333333334,2581411783854166666666666666666666666666666666666666666666666666666666666666666666666666666666666667/500000000000000000000000000000000000000000000000000000000000000000000000000000000000000000000000,96,0,5900369791666666666666666666666666666666666666666666666666666666666666666666666666666666666666666667/1000000000000000000000000000000000000000000000000000000000000000000000000000000000000000000000000,167/500000000000000000000000000000000000000000000000000000000000000000000000000000000000000000000000000,0,1/40000000000000000000000000000000000000000000000000000000000000000000000000000000000000000000000000,3/8000000000000000000000000000000000000000000000000000000000000000000000000000000000000000000000000,-1/2500000000000000000000000000000000000000000000000000000000000000000000000000000000000000000000000,RAWNUM_e4b8051b788ccb41dd838b81,TYPEDRAW_d70ff5d9b330278b88dcc194,DEP_8d47b6a728194092e5a64f1c,DEPCORE_1ddba478d8ec28eeb05bdb5d,DEPRES_a1fbcb47e316d135212d657d,SHAPE_f5cd2498b4f4be3d15abbd87,5904,1|1815104166666666666666666666666666666666666666666666666666666666666666666666666666666666666666666667/2952000000000000000000000000000000000000000000000000000000000000000000000000000000000000000000000000000|5900369791666666666666666666666666666666666666666666666666666666666666666666666666666666666666666667/5904000000000000000000000000000000000000000000000000000000000000000000000000000000000000000000000000|167/2952000000000000000000000000000000000000000000000000000000000000000000000000000000000000000000000000000|1/236160000000000000000000000000000000000000000000000000000000000000000000000000000000000000000000000000|1/15744000000000000000000000000000000000000000000000000000000000000000000000000000000000000000000000000,NONE,NONE
27,TPL_455002e038d432679393377e,TOK_106dea09d9dde05f332ce5d9,LEGAL_LOCAL_TEMPLATE,UNARY_CONJUGATE,ONE_BODY_CONJUGATE,1,9,9,0,positive,9,positive_debit,ACTIVE_LIFT,LOCAL_R2_LIFT,13.5,27/2,1,10.125,81/8,3,3.375,27/8,3,3.5859375,459/128,7,0.4482421875,459/1024,10,3.1376953125,3213/1024,10,27/128,459/128,0,0,0,0,0,RAWNUM_ddfbb5b5e1f87701ae5d31d9,TYPEDRAW_7cb550aa6dab1a7a272a2b00,DEP_d7945f77287c102a1654a0ba,DEPCORE_494340eb994e22beea17a306,DEPRES_73ca7a9ed16e954dab204089,SHAPE_f52c5242d548715ac179cc27,27/2,1|3/4|17/64|0|0|0,NONE,NONE
28,TPL_799a9189b5846009393d2799,TOK_106ee66b792f3f7952264242,REJECTED,UNORDERED_TRIAD,THREE_BODY_COLOR,3,9+9+12,9|9|12,0,neutral,0,positive_debit,ZERO_SUPPORT,ZERO_SUPPORT_NONLOCAL_OR_REJECTED,11016,11016,0,13770.00,13770,2,-2754.00,-2754,2,0,0,0,0,0,0,0,0,0,2754,0,0,0,0,0,0,RAWNUM_ace10b1b5e074b3a9d5df410,TYPEDRAW_562b32506f56a88731411156,DEP_a580a2c8b316932d53127569,DEPCORE_6ee0cdfcc1d7688b79a984d3,DEPRES_73ca7a9ed16e954dab204089,SHAPE_aca101b390433fda81ae9569,13770,4/5|1|0|0|0|0,NONE,NONE
29,TPL_d583169af4202d9990e1d277,TOK_1194830f6fd52263af2b5ee4,LEGAL_LOCAL_TEMPLATE,UNARY_DIRECT,ONE_BODY_DIRECT,1,6,6,0,neutral,0,zero_contact,ZERO_FEE,LOCAL_R2_LIFT,0.750,3/4,3,0,0,0,0.750,3/4,3,0.750,3/4,3,0.09375,3/32,5,0.65625,21/32,5,0,3/4,0,0,0,0,0,RAWNUM_99991b3c5b6dae2c6bc6a9c9,TYPEDRAW_66fd9fe00c7d7448b569d1e4,DEP_529ee4386802c854c2b742a5,DEPCORE_5d4cb1028f1838af8918ae6f,DEPRES_73ca7a9ed16e954dab204089,SHAPE_4a5a7e41bcde015a08457156,3/4,1|0|1|0|0|0,NONE,NONE
30,TPL_8e5f2ce5b23f91021304506a,TOK_12da1452e771bc64cfd3935c,LEGAL_LOCAL_TEMPLATE,ORDERED_PAIR,TWO_BODY_PAIR,2,2+8,2|8,3,negative,6,negative_credit,ACTIVE_LIFT,LOCAL_R2_LIFT,210,210,0,-0.09114583333333333333333333333333333333333333333333333333333333333333333333333333333333333333333333335,-1822916666666666666666666666666666666666666666666666666666666666666666666666666666666666666666666667/20000000000000000000000000000000000000000000000000000000000000000000000000000000000000000000000000000,101,210.0911458333333333333333333333333333333333333333333333333333333333333333333333333333333333333333333,2100911458333333333333333333333333333333333333333333333333333333333333333333333333333333333333333333/10000000000000000000000000000000000000000000000000000000000000000000000000000000000000000000000000,97,218.8449435763888888888888888888888888888888888888888888888888888888888888888888888888888888888888889,2188449435763888888888888888888888888888888888888888888888888888888888888888888888888888888888888889/10000000000000000000000000000000000000000000000000000000000000000000000000000000000000000000000000,97,27.35561794704861111111111111111111111111111111111111111111111111111111111111111111111111111111111111,2735561794704861111111111111111111111111111111111111111111111111111111111111111111111111111111111111/100000000000000000000000000000000000000000000000000000000000000000000000000000000000000000000000000,98,191.4893256293402777777777777777777777777777777777777777777777777777777777777777777777777777777777778,957446628146701388888888888888888888888888888888888888888888888888888888888888888888888888888888889/5000000000000000000000000000000000000000000000000000000000000000000000000000000000000000000000000,97,21884494357638888888888888888888888888888888888888888888888888888888888888888888888888888888888889/2500000000000000000000000000000000000000000000000000000000000000000000000000000000000000000000000,2100911458333333333333333333333333333333333333333333333333333333333333333333333333333333333333333333/9600000000000000000000000000000000000000000000000000000000000000000000000000000000000000000000000,-667/20000000000000000000000000000000000000000000000000000000000000000000000000000000000000000000000000000,11/240000000000000000000000000000000000000000000000000000000000000000000000000000000000000000000000000,-1/400000000000000000000000000000000000000000000000000000000000000000000000000000000000000000000000000,1/80000000000000000000000000000000000000000000000000000000000000000000000000000000000000000000000000,-1/100000000000000000000000000000000000000000000000000000000000000000000000000000000000000000000000000,RAWNUM_8549d97538aeb39e7aebbdae,TYPEDRAW_9988ec11e1db9893937ca8a1,DEP_4a0c359013ba6b86ce68f8eb,DEPCORE_fb9b4f9678ccbf9e51d99d82,DEPRES_20783334513791f8144f7620,SHAPE_43b94367833e4e817cf43c8f,2188449435763888888888888888888888888888888888888888888888888888888888888888888888888888888888888889/10000000000000000000000000000000000000000000000000000000000000000000000000000000000000000000000000,2100000000000000000000000000000000000000000000000000000000000000000000000000000000000000000000000000/2188449435763888888888888888888888888888888888888888888888888888888888888888888888888888888888888889|-1822916666666666666666666666666666666666666666666666666666666666666666666666666666666666666666666667/4376898871527777777777777777777777777777777777777777777777777777777777777777777777777777777777777778000|1|-667/4376898871527777777777777777777777777777777777777777777777777777777777777777777777777777777777777778000|-1/87537977430555555555555555555555555555555555555555555555555555555555555555555555555555555555555555560|1/17507595486111111111111111111111111111111111111111111111111111111111111111111111111111111111111111112,NONE,NONE
31,TPL_5b749944892837dd61fae82e,TOK_1345864ec09dba3f42a2bb35,LEGAL_LOCAL_TEMPLATE,UNORDERED_TRIAD,THREE_BODY_COLOR,3,1+6+9,1|6|9,3,negative,5,negative_credit,ACTIVE_LIFT,LOCAL_R2_LIFT,4248,4248,0,-1.177951388888888888888888888888888888888888888888888888888888888888888888888888888888888888888888889,-1177951388888888888888888888888888888888888888888888888888888888888888888888888888888888888888888889/1000000000000000000000000000000000000000000000000000000000000000000000000000000000000000000000000000,99,4249.177951388888888888888888888888888888888888888888888888888888888888888888888888888888888888888889,4249177951388888888888888888888888888888888888888888888888888888888888888888888888888888888888888889/1000000000000000000000000000000000000000000000000000000000000000000000000000000000000000000000000,96,4396.718852478780864197530864197530864197530864197530864197530864197530864197530864197530864197530863,4396718852478780864197530864197530864197530864197530864197530864197530864197530864197530864197530863/1000000000000000000000000000000000000000000000000000000000000000000000000000000000000000000000000,96,549.5898565598476080246913580246913580246913580246913580246913580246913580246913580246913580246913579,5495898565598476080246913580246913580246913580246913580246913580246913580246913580246913580246913579/10000000000000000000000000000000000000000000000000000000000000000000000000000000000000000000000000,97,3847.128995918933256172839506172839506172839506172839506172839506172839506172839506172839506172839505,769425799183786651234567901234567901234567901234567901234567901234567901234567901234567901234567901/200000000000000000000000000000000000000000000000000000000000000000000000000000000000000000000000,96,73770450544945987654320987654320987654320987654320987654320987654320987654320987654320987654320987/500000000000000000000000000000000000000000000000000000000000000000000000000000000000000000000000,70347501639660493827160493827160493827160493827160493827160493827160493827160493827160493827160493829/16000000000000000000000000000000000000000000000000000000000000000000000000000000000000000000000000,111/1000000000000000000000000000000000000000000000000000000000000000000000000000000000000000000000000000,-21/16000000000000000000000000000000000000000000000000000000000000000000000000000000000000000000000000,1/40000000000000000000000000000000000000000000000000000000000000000000000000000000000000000000000000,-1/8000000000000000000000000000000000000000000000000000000000000000000000000000000000000000000000000,1/10000000000000000000000000000000000000000000000000000000000000000000000000000000000000000000000000,RAWNUM_79f4f2729dd9548fdf4ceef2,TYPEDRAW_e591863368a1fa07e3fa7897,DEP_032e5475f03a828965fd5ccb,DEPCORE_eeade9cd2c8c700ca410734f,DEPRES_3afa11f2ce1030379d204332,SHAPE_6873f692af0110b0102fcbca,4396718852478780864197530864197530864197530864197530864197530864197530864197530864197530864197530863/1000000000000000000000000000000000000000000000000000000000000000000000000000000000000000000000000,4248000000000000000000000000000000000000000000000000000000000000000000000000000000000000000000000000/4396718852478780864197530864197530864197530864197530864197530864197530864197530864197530864197530863|-1177951388888888888888888888888888888888888888888888888888888888888888888888888888888888888888888889/4396718852478780864197530864197530864197530864197530864197530864197530864197530864197530864197530863000|1|111/4396718852478780864197530864197530864197530864197530864197530864197530864197530864197530864197530863000|1/175868754099151234567901234567901234567901234567901234567901234567901234567901234567901234567901234520|-1/35173750819830246913580246913580246913580246913580246913580246913580246913580246913580246913580246904,NONE,NONE
32,TPL_fbe5076b3e6f59aa113aad68,TOK_1385f2f750fd057597ad27ba,LEGAL_LOCAL_TEMPLATE,ORDERED_PAIR,TWO_BODY_PAIR,2,3+1,3|1,3,positive,2,positive_debit,ACTIVE_LIFT,LOCAL_R2_LIFT,42,42,0,0.01012731481481481481481481481481481481481481481481481481481481481481481481481481481481481481481481482,506365740740740740740740740740740740740740740740740740740740740740740740740740740740740740740740741/50000000000000000000000000000000000000000000000000000000000000000000000000000000000000000000000000000,101,41.98987268518518518518518518518518518518518518518518518518518518518518518518518518518518518518518519,4198987268518518518518518518518518518518518518518518518518518518518518518518518518518518518518518519/100000000000000000000000000000000000000000000000000000000000000000000000000000000000000000000000000,98,42.57306536136831275720164609053497942386831275720164609053497942386831275720164609053497942386831277,4257306536136831275720164609053497942386831275720164609053497942386831275720164609053497942386831277/100000000000000000000000000000000000000000000000000000000000000000000000000000000000000000000000000,98,5.321633170171039094650205761316872427983539094650205761316872427983539094650205761316872427983539096,665204146271379886831275720164609053497942386831275720164609053497942386831275720164609053497942387/125000000000000000000000000000000000000000000000000000000000000000000000000000000000000000000000000,99,37.25143219119727366255144032921810699588477366255144032921810699588477366255144032921810699588477368,465642902389965920781893004115226337448559670781893004115226337448559670781893004115226337448559671/12500000000000000000000000000000000000000000000000000000000000000000000000000000000000000000000000,98,29159633809156378600823045267489711934156378600823045267489711934156378600823045267489711934156379/50000000000000000000000000000000000000000000000000000000000000000000000000000000000000000000000000,102175356867283950617283950617283950617283950617283950617283950617283950617283950617283950617283950629/2400000000000000000000000000000000000000000000000000000000000000000000000000000000000000000000000000,241/50000000000000000000000000000000000000000000000000000000000000000000000000000000000000000000000000000,19/2400000000000000000000000000000000000000000000000000000000000000000000000000000000000000000000000000,-1/4000000000000000000000000000000000000000000000000000000000000000000000000000000000000000000000000000,1/160000000000000000000000000000000000000000000000000000000000000000000000000000000000000000000000000,-3/500000000000000000000000000000000000000000000000000000000000000000000000000000000000000000000000000,RAWNUM_f99b5c3e7eabd21211dd0b96,TYPEDRAW_21441f46ec277a88740d348b,DEP_770d728e7908d910e567968c,DEPCORE_d3519cc6dd3c1a81001caf3c,DEPRES_9c3f82e4108858b3e08e402e,SHAPE_680ff9f3e84e6d938d450949,4257306536136831275720164609053497942386831275720164609053497942386831275720164609053497942386831277/100000000000000000000000000000000000000000000000000000000000000000000000000000000000000000000000000,4200000000000000000000000000000000000000000000000000000000000000000000000000000000000000000000000000/4257306536136831275720164609053497942386831275720164609053497942386831275720164609053497942386831277|506365740740740740740740740740740740740740740740740740740740740740740740740740740740740740740740741/2128653268068415637860082304526748971193415637860082304526748971193415637860082304526748971193415638500|1|241/2128653268068415637860082304526748971193415637860082304526748971193415637860082304526748971193415638500|-1/170292261445473251028806584362139917695473251028806584362139917695473251028806584362139917695473251080|5/34058452289094650205761316872427983539094650205761316872427983539094650205761316872427983539094650216,NONE,NONE
33,TPL_74a4063238305e1f612af188,TOK_1399fec107d2987eee897d14,LEGAL_LOCAL_TEMPLATE,ORDERED_PAIR,TWO_BODY_PAIR,2,4+9,4|9,3,negative,5,negative_credit,ACTIVE_LIFT,LOCAL_R2_LIFT,447,447,0,-0.1239510995370370370370370370370370370370370370370370370370370370370370370370370370370370370370370371,-1239510995370370370370370370370370370370370370370370370370370370370370370370370370370370370370370371/10000000000000000000000000000000000000000000000000000000000000000000000000000000000000000000000000000,100,447.1239510995370370370370370370370370370370370370370370370370370370370370370370370370370370370370370,447123951099537037037037037037037037037037037037037037037037037037037037037037037037037037037037037/1000000000000000000000000000000000000000000000000000000000000000000000000000000000000000000000000,97,462.6490882904931841563786008230452674897119341563786008230452674897119341563786008230452674897119340,231324544145246592078189300411522633744855967078189300411522633744855967078189300411522633744855967/500000000000000000000000000000000000000000000000000000000000000000000000000000000000000000000000,97,57.83113603631164801954732510288065843621399176954732510288065843621399176954732510288065843621399175,231324544145246592078189300411522633744855967078189300411522633744855967078189300411522633744855967/4000000000000000000000000000000000000000000000000000000000000000000000000000000000000000000000000,98,404.8179522541815361368312757201646090534979423868312757201646090534979423868312757201646090534979422,2024089761270907680684156378600823045267489711934156378600823045267489711934156378600823045267489711/5000000000000000000000000000000000000000000000000000000000000000000000000000000000000000000000000,97,15525137190956147119341563786008230452674897119341563786008230452674897119341563786008230452674897/1000000000000000000000000000000000000000000000000000000000000000000000000000000000000000000000000,66621468713831018518518518518518518518518518518518518518518518518518518518518518518518518518518518513/144000000000000000000000000000000000000000000000000000000000000000000000000000000000000000000000000,-371/10000000000000000000000000000000000000000000000000000000000000000000000000000000000000000000000000000,-17/144000000000000000000000000000000000000000000000000000000000000000000000000000000000000000000000000,0,-1/20000000000000000000000000000000000000000000000000000000000000000000000000000000000000000000000000,1/20000000000000000000000000000000000000000000000000000000000000000000000000000000000000000000000000,RAWNUM_fd1d19d7e65747bf4bd16cf1,TYPEDRAW_3da3487bb730901d05cf7cc6,DEP_92f183c908cc6a5a569a2c09,DEPCORE_75664a4405a356ae188f9d88,DEPRES_81213069647e3e1be0cd5729,SHAPE_3e03fc47d7c7fed449359db0,231324544145246592078189300411522633744855967078189300411522633744855967078189300411522633744855967/500000000000000000000000000000000000000000000000000000000000000000000000000000000000000000000000,74500000000000000000000000000000000000000000000000000000000000000000000000000000000000000000000000/77108181381748864026063100137174211248285322359396433470507544581618655692729766803840877914951989|-413170331790123456790123456790123456790123456790123456790123456790123456790123456790123456790123457/1542163627634977280521262002743484224965706447187928669410150891632373113854595336076817558299039780000|1|-53/660927268986418834509112286890064667842445620223398001175778953556731334509112286890064667842445620000|0|-1/9252981765809863683127572016460905349794238683127572016460905349794238683127572016460905349794238680,NONE,NONE
34,TPL_15fcd6c5cca0ad61c791d65e,TOK_140fe0ef36174d538b4efdd5,LEGAL_LOCAL_TEMPLATE,UNARY_DIRECT,ONE_BODY_DIRECT,1,2,2,2,neutral,0,zero_contact,ZERO_FEE,LOCAL_R2_LIFT,36.000,36,3,0,0,0,36.000,36,3,36.000,36,3,4.500,9/2,3,31.500,63/2,3,0,36,0,0,0,0,0,RAWNUM_84f380e09d0a06d90a158599,TYPEDRAW_69fb45db4d44eaf25d9929f9,DEP_db98c3341dadb3eed62a3fe7,DEPCORE_c16fc35742d20446b600c61b,DEPRES_73ca7a9ed16e954dab204089,SHAPE_4a5a7e41bcde015a08457156,36,1|0|1|0|0|0,NONE,NONE
35,TPL_5047c569797686dcc05323e1,TOK_141592d087781df4b8d1dd05,LEGAL_LOCAL_TEMPLATE,UNARY_DIRECT,ONE_BODY_DIRECT,1,3,3,0,positive,3,zero_contact,ACTIVE_LIFT,LOCAL_R2_LIFT,3.75,15/4,2,0,0,0,3.75,15/4,2,3.828124999999999999999999999999999999999999999999999999999999999999999999999999999999999999999999999,3828124999999999999999999999999999999999999999999999999999999999999999999999999999999999999999999999/1000000000000000000000000000000000000000000000000000000000000000000000000000000000000000000000000000,99,0.4785156249999999999999999999999999999999999999999999999999999999999999999999999999999999999999999999,4785156249999999999999999999999999999999999999999999999999999999999999999999999999999999999999999999/10000000000000000000000000000000000000000000000000000000000000000000000000000000000000000000000000000,100,3.349609374999999999999999999999999999999999999999999999999999999999999999999999999999999999999999999,3349609374999999999999999999999999999999999999999999999999999999999999999999999999999999999999999999/1000000000000000000000000000000000000000000000000000000000000000000000000000000000000000000000000000,99,78124999999999999999999999999999999999999999999999999999999999999999999999999999999999999999999999/1000000000000000000000000000000000000000000000000000000000000000000000000000000000000000000000000000,245/64,0,-1/1000000000000000000000000000000000000000000000000000000000000000000000000000000000000000000000000000,1/40000000000000000000000000000000000000000000000000000000000000000000000000000000000000000000000000000,-1/8000000000000000000000000000000000000000000000000000000000000000000000000000000000000000000000000000,1/10000000000000000000000000000000000000000000000000000000000000000000000000000000000000000000000000000,RAWNUM_e25f7738ac66a2651a1779f2,TYPEDRAW_eb338bd7acd176a8d6a1e6b5,DEP_d4e43cd4fe65a6325ca68a5a,DEPCORE_498e91eea8b5e2fc40e48a82,DEPRES_af6c8ca56ec078e21e0fbf31,SHAPE_d069fa5a776e04bcfdaac43d,3828124999999999999999999999999999999999999999999999999999999999999999999999999999999999999999999999/1000000000000000000000000000000000000000000000000000000000000000000000000000000000000000000000000000,3750000000000000000000000000000000000000000000000000000000000000000000000000000000000000000000000000/3828124999999999999999999999999999999999999999999999999999999999999999999999999999999999999999999999|0|1|0|1/153124999999999999999999999999999999999999999999999999999999999999999999999999999999999999999999999960|-1/30624999999999999999999999999999999999999999999999999999999999999999999999999999999999999999999999992,NONE,NONE
36,TPL_ef2ca78f4956c41b1a3af7dc,TOK_14a54b49e2f4549c007b00dd,LEGAL_LOCAL_TEMPLATE,UNARY_CONJUGATE,ONE_BODY_CONJUGATE,1,6,6,2,positive,6,positive_debit,ACTIVE_LIFT,LOCAL_R2_LIFT,1296.0,1296,1,4.50,9/2,2,1291.50,2583/2,2,1345.312500000000000000000000000000000000000000000000000000000000000000000000000000000000000000000000,21525/16,96,168.164062500000000000000000000000000000000000000000000000000000000000000000000000000000000000000000,21525/128,96,1177.148437500000000000000000000000000000000000000000000000000000000000000000000000000000000000000000,150675/128,96,861/16,21525/16,0,0,0,0,0,RAWNUM_6d52ff9376a238fd73d4c329,TYPEDRAW_c0aebfc27b412a81afda88a1,DEP_6e7571b34e662c5cbb432f73,DEPCORE_da8903395c83de77bcab0464,DEPRES_73ca7a9ed16e954dab204089,SHAPE_8cc0a63fa4f3f7c0ecf567be,21525/16,6912/7175|24/7175|1|0|0|0,NONE,NONE
37,TPL_e62316fba9fd81f8638f4edf,TOK_15e2bee1eed8074d5771eacd,LEGAL_LOCAL_TEMPLATE,UNORDERED_TRIAD,THREE_BODY_COLOR,3,3+6+8,3|6|8,3,negative,1,negative_credit,ACTIVE_LIFT,LOCAL_R2_LIFT,3924,3924,0,-0.3311631944444444444444444444444444444444444444444444444444444444444444444444444444444444444444444443,-3311631944444444444444444444444444444444444444444444444444444444444444444444444444444444444444444443/10000000000000000000000000000000000000000000000000000000000000000000000000000000000000000000000000000,100,3924.331163194444444444444444444444444444444444444444444444444444444444444444444444444444444444444444,981082790798611111111111111111111111111111111111111111111111111111111111111111111111111111111111111/250000000000000000000000000000000000000000000000000000000000000000000000000000000000000000000000,96,3951.583462938850308641975308641975308641975308641975308641975308641975308641975308641975308641975306,1975791731469425154320987654320987654320987654320987654320987654320987654320987654320987654320987653/500000000000000000000000000000000000000000000000000000000000000000000000000000000000000000000000,96,493.9479328673562885802469135802469135802469135802469135802469135802469135802469135802469135802469132,1234869832168390721450617283950617283950617283950617283950617283950617283950617283950617283950617283/2500000000000000000000000000000000000000000000000000000000000000000000000000000000000000000000000,97,3457.635530071494020061728395061728395061728395061728395061728395061728395061728395061728395061728392,432204441258936752507716049382716049382716049382716049382716049382716049382716049382716049382716049/125000000000000000000000000000000000000000000000000000000000000000000000000000000000000000000000,96,13626149872202932098765432098765432098765432098765432098765432098765432098765432098765432098765431/500000000000000000000000000000000000000000000000000000000000000000000000000000000000000000000000,28451400933159722222222222222222222222222222222222222222222222222222222222222222222222222222222222219/7200000000000000000000000000000000000000000000000000000000000000000000000000000000000000000000000,-4443/10000000000000000000000000000000000000000000000000000000000000000000000000000000000000000000000000000,-79/36000000000000000000000000000000000000000000000000000000000000000000000000000000000000000000000000,-1/20000000000000000000000000000000000000000000000000000000000000000000000000000000000000000000000000,-3/4000000000000000000000000000000000000000000000000000000000000000000000000000000000000000000000000,1/1250000000000000000000000000000000000000000000000000000000000000000000000000000000000000000000000,RAWNUM_4091ad523be4e965d4e79610,TYPEDRAW_8a9e3eb97220cd97648a1a1b,DEP_cf5c3c417bc77556200a046c,DEPCORE_13615e51d504f1516005383d,DEPRES_d7001283df3c50d99dcfadb6,SHAPE_9db1d866e3c6a72ed869b197,1975791731469425154320987654320987654320987654320987654320987654320987654320987654320987654320987653/500000000000000000000000000000000000000000000000000000000000000000000000000000000000000000000000,1962000000000000000000000000000000000000000000000000000000000000000000000000000000000000000000000000/1975791731469425154320987654320987654320987654320987654320987654320987654320987654320987654320987653|-3311631944444444444444444444444444444444444444444444444444444444444444444444444444444444444444444443/39515834629388503086419753086419753086419753086419753086419753086419753086419753086419753086419753060000|1|-4443/39515834629388503086419753086419753086419753086419753086419753086419753086419753086419753086419753060000|-1/79031669258777006172839506172839506172839506172839506172839506172839506172839506172839506172839506120|-3/15806333851755401234567901234567901234567901234567901234567901234567901234567901234567901234567901224,NONE,NONE
38,TPL_0350929040a21ba95d891e35,TOK_160174dd27c1be1aa1dead1a,LEGAL_LOCAL_TEMPLATE,UNARY_CONJUGATE,ONE_BODY_CONJUGATE,1,8,8,0,negative,8,negative_credit,ACTIVE_LIFT,LOCAL_R2_LIFT,10.00,10,2,-6.666666666666666666666666666666666666666666666666666666666666666666666666666666666666666666666666667,-6666666666666666666666666666666666666666666666666666666666666666666666666666666666666666666666666667/1000000000000000000000000000000000000000000000000000000000000000000000000000000000000000000000000000,99,16.66666666666666666666666666666666666666666666666666666666666666666666666666666666666666666666666667,1666666666666666666666666666666666666666666666666666666666666666666666666666666666666666666666666667/100000000000000000000000000000000000000000000000000000000000000000000000000000000000000000000000000,98,17.59259259259259259259259259259259259259259259259259259259259259259259259259259259259259259259259260,87962962962962962962962962962962962962962962962962962962962962962962962962962962962962962962962963/5000000000000000000000000000000000000000000000000000000000000000000000000000000000000000000000000,98,2.199074074074074074074074074074074074074074074074074074074074074074074074074074074074074074074074075,87962962962962962962962962962962962962962962962962962962962962962962962962962962962962962962962963/40000000000000000000000000000000000000000000000000000000000000000000000000000000000000000000000000,99,15.39351851851851851851851851851851851851851851851851851851851851851851851851851851851851851851851852,384837962962962962962962962962962962962962962962962962962962962962962962962962962962962962962962963/25000000000000000000000000000000000000000000000000000000000000000000000000000000000000000000000000,98,92592592592592592592592592592592592592592592592592592592592592592592592592592592592592592592592593/100000000000000000000000000000000000000000000000000000000000000000000000000000000000000000000000000,31666666666666666666666666666666666666666666666666666666666666666666666666666666666666666666666666673/1800000000000000000000000000000000000000000000000000000000000000000000000000000000000000000000000000,3/1000000000000000000000000000000000000000000000000000000000000000000000000000000000000000000000000000,7/1800000000000000000000000000000000000000000000000000000000000000000000000000000000000000000000000000,0,-1/200000000000000000000000000000000000000000000000000000000000000000000000000000000000000000000000000,1/200000000000000000000000000000000000000000000000000000000000000000000000000000000000000000000000000,RAWNUM_a9c2add25a15ccd0ebac3fcd,TYPEDRAW_9d5ad2d74a7e0d68508eec79,DEP_b78adbc6c790e9c101f672a7,DEPCORE_baeb770c3e6b31a88456f75f,DEPRES_73314dc0293a95fb843dcb76,SHAPE_510e59780975641605e49bfd,87962962962962962962962962962962962962962962962962962962962962962962962962962962962962962962962963/5000000000000000000000000000000000000000000000000000000000000000000000000000000000000000000000000,50000000000000000000000000000000000000000000000000000000000000000000000000000000000000000000000000/87962962962962962962962962962962962962962962962962962962962962962962962962962962962962962962962963|-6666666666666666666666666666666666666666666666666666666666666666666666666666666666666666666666666667/17592592592592592592592592592592592592592592592592592592592592592592592592592592592592592592592592600|1|3/17592592592592592592592592592592592592592592592592592592592592592592592592592592592592592592592592600|0|-1/3518518518518518518518518518518518518518518518518518518518518518518518518518518518518518518518518520,NONE,NONE
39,TPL_ec8af09c4b7ff8b8ba26607c,TOK_168fb3d2c03182d7e7bbc2c0,LEGAL_LOCAL_TEMPLATE,ORDERED_PAIR,TWO_BODY_PAIR,2,8+9,8|9,3,negative,1,negative_credit,ACTIVE_LIFT,LOCAL_R2_LIFT,867,867,0,-0.07316984953703703703703703703703703703703703703703703703703703703703703703703703703703703703703703702,-3658492476851851851851851851851851851851851851851851851851851851851851851851851851851851851851851851/50000000000000000000000000000000000000000000000000000000000000000000000000000000000000000000000000000,101,867.0731698495370370370370370370370370370370370370370370370370370370370370370370370370370370370370370,867073169849537037037037037037037037037037037037037037037037037037037037037037037037037037037037037/1000000000000000000000000000000000000000000000000000000000000000000000000000000000000000000000000,97,873.0945113068254886831275720164609053497942386831275720164609053497942386831275720164609053497942383,8730945113068254886831275720164609053497942386831275720164609053497942386831275720164609053497942383/10000000000000000000000000000000000000000000000000000000000000000000000000000000000000000000000000,97,109.1368139133531860853909465020576131687242798353909465020576131687242798353909465020576131687242798,545684069566765930426954732510288065843621399176954732510288065843621399176954732510288065843621399/5000000000000000000000000000000000000000000000000000000000000000000000000000000000000000000000000,97,763.9576973934723025977366255144032921810699588477366255144032921810699588477366255144032921810699585,1527915394786944605195473251028806584362139917695473251028806584362139917695473251028806584362139917/2000000000000000000000000000000000000000000000000000000000000000000000000000000000000000000000000,97,60213414572884516460905349794238683127572016460905349794238683127572016460905349794238683127572013/10000000000000000000000000000000000000000000000000000000000000000000000000000000000000000000000000,8381707308545524691358024691358024691358024691358024691358024691358024691358024691358024691358024691/9600000000000000000000000000000000000000000000000000000000000000000000000000000000000000000000000,-1851/50000000000000000000000000000000000000000000000000000000000000000000000000000000000000000000000000000,-83/240000000000000000000000000000000000000000000000000000000000000000000000000000000000000000000000000,1/80000000000000000000000000000000000000000000000000000000000000000000000000000000000000000000000000,-1/80000000000000000000000000000000000000000000000000000000000000000000000000000000000000000000000000,0,RAWNUM_53bc301256bfae4ce24a1473,TYPEDRAW_9791b3d4bc01969cb497e076,DEP_06233f3ac5edf2f0a8c7df84,DEPCORE_df77fbc8336db22f1b7dd067,DEPRES_362b25713c8cf5d0cb2660f9,SHAPE_a0c071b6bab12d7f3a0f8dec,8730945113068254886831275720164609053497942386831275720164609053497942386831275720164609053497942383/10000000000000000000000000000000000000000000000000000000000000000000000000000000000000000000000000,8670000000000000000000000000000000000000000000000000000000000000000000000000000000000000000000000000/8730945113068254886831275720164609053497942386831275720164609053497942386831275720164609053497942383|-3658492476851851851851851851851851851851851851851851851851851851851851851851851851851851851851851851/43654725565341274434156378600823045267489711934156378600823045267489711934156378600823045267489711915000|1|-1851/43654725565341274434156378600823045267489711934156378600823045267489711934156378600823045267489711915000|1/69847560904546039094650205761316872427983539094650205761316872427983539094650205761316872427983539064|-1/69847560904546039094650205761316872427983539094650205761316872427983539094650205761316872427983539064,NONE,NONE
40,TPL_e7b4ba9b79b662592d3bd400,TOK_17ad2e268925134cf3aaf5a3,LEGAL_LOCAL_TEMPLATE,UNARY_CONJUGATE,ONE_BODY_CONJUGATE,1,2,2,2,negative,2,negative_credit,ACTIVE_LIFT,LOCAL_R2_LIFT,360.00,360,2,-0.4166666666666666666666666666666666666666666666666666666666666666666666666666666666666666666666666668,-1041666666666666666666666666666666666666666666666666666666666666666666666666666666666666666666666667/2500000000000000000000000000000000000000000000000000000000000000000000000000000000000000000000000000,100,360.4166666666666666666666666666666666666666666666666666666666666666666666666666666666666666666666667,3604166666666666666666666666666666666666666666666666666666666666666666666666666666666666666666666667/10000000000000000000000000000000000000000000000000000000000000000000000000000000000000000000000000,97,365.4224537037037037037037037037037037037037037037037037037037037037037037037037037037037037037037038,1827112268518518518518518518518518518518518518518518518518518518518518518518518518518518518518518519/5000000000000000000000000000000000000000000000000000000000000000000000000000000000000000000000000,97,45.67780671296296296296296296296296296296296296296296296296296296296296296296296296296296296296296298,2283890335648148148148148148148148148148148148148148148148148148148148148148148148148148148148148149/50000000000000000000000000000000000000000000000000000000000000000000000000000000000000000000000000,98,319.7446469907407407407407407407407407407407407407407407407407407407407407407407407407407407407407409,3197446469907407407407407407407407407407407407407407407407407407407407407407407407407407407407407409/10000000000000000000000000000000000000000000000000000000000000000000000000000000000000000000000000,97,50057870370370370370370370370370370370370370370370370370370370370370370370370370370370370370370371/10000000000000000000000000000000000000000000000000000000000000000000000000000000000000000000000000,29233796296296296296296296296296296296296296296296296296296296296296296296296296296296296296296296299/80000000000000000000000000000000000000000000000000000000000000000000000000000000000000000000000000,83/2500000000000000000000000000000000000000000000000000000000000000000000000000000000000000000000000000,1/16000000000000000000000000000000000000000000000000000000000000000000000000000000000000000000000000,1/200000000000000000000000000000000000000000000000000000000000000000000000000000000000000000000000000,3/40000000000000000000000000000000000000000000000000000000000000000000000000000000000000000000000000,-1/12500000000000000000000000000000000000000000000000000000000000000000000000000000000000000000000000,RAWNUM_06e389b6dff2a18a847eaa23,TYPEDRAW_0883936236cdb89cf387262a,DEP_c0291b8b89a249504c3c23c2,DEPCORE_4ec379bf62ca7e8eff9ff1f2,DEPRES_8fd80066c59e9e229ffb8091,SHAPE_d7b7b54acfc61eaa32e7dbbf,1827112268518518518518518518518518518518518518518518518518518518518518518518518518518518518518518519/5000000000000000000000000000000000000000000000000000000000000000000000000000000000000000000000000,200000000000000000000000000000000000000000000000000000000000000000000000000000000000000000000000000/203012474279835390946502057613168724279835390946502057613168724279835390946502057613168724279835391|-1041666666666666666666666666666666666666666666666666666666666666666666666666666666666666666666666667/913556134259259259259259259259259259259259259259259259259259259259259259259259259259259259259259259500|1|83/913556134259259259259259259259259259259259259259259259259259259259259259259259259259259259259259259500|1/73084490740740740740740740740740740740740740740740740740740740740740740740740740740740740740740740760|1/4872299382716049382716049382716049382716049382716049382716049382716049382716049382716049382716049384,NONE,NONE
41,TPL_63c9954668f325ce374c0dc6,TOK_18e5fe95b9101b39205d106a,LEGAL_LOCAL_TEMPLATE,UNORDERED_TRIAD,THREE_BODY_COLOR,3,2+4+12,2|4|12,0,negative,2,negative_credit,ACTIVE_LIFT,LOCAL_R2_LIFT,5904,5904,0,-2460.000000000000000000000000000000000000000000000000000000000000000000000000000000000000000000000000,-2460,96,8364.000000000000000000000000000000000000000000000000000000000000000000000000000000000000000000000000,8364,96,8480.166666666666666666666666666666666666666666666666666666666666666666666666666666666666666666666668,2120041666666666666666666666666666666666666666666666666666666666666666666666666666666666666666666667/250000000000000000000000000000000000000000000000000000000000000000000000000000000000000000000000,96,1060.020833333333333333333333333333333333333333333333333333333333333333333333333333333333333333333334,530010416666666666666666666666666666666666666666666666666666666666666666666666666666666666666666667/500000000000000000000000000000000000000000000000000000000000000000000000000000000000000000000000,96,7420.145833333333333333333333333333333333333333333333333333333333333333333333333333333333333333333335,1484029166666666666666666666666666666666666666666666666666666666666666666666666666666666666666666667/200000000000000000000000000000000000000000000000000000000000000000000000000000000000000000000000,96,29041666666666666666666666666666666666666666666666666666666666666666666666666666666666666666666667/250000000000000000000000000000000000000000000000000000000000000000000000000000000000000000000000,50881/6,0,1/750000000000000000000000000000000000000000000000000000000000000000000000000000000000000000000000,1/2000000000000000000000000000000000000000000000000000000000000000000000000000000000000000000000000,1/2000000000000000000000000000000000000000000000000000000000000000000000000000000000000000000000000,-1/1000000000000000000000000000000000000000000000000000000000000000000000000000000000000000000000000,RAWNUM_318ac25f543ca34a8b44a9ff,TYPEDRAW_8b339e64193eeca9f4ebe4f7,DEP_0c264730fed89c73df0682e8,DEPCORE_4d364470f5810bf4fe2abcba,DEPRES_3051528149cec3f68aa683f2,SHAPE_f2d9f8dd40c25239105d3a71,2120041666666666666666666666666666666666666666666666666666666666666666666666666666666666666666666667/250000000000000000000000000000000000000000000000000000000000000000000000000000000000000000000000,1476000000000000000000000000000000000000000000000000000000000000000000000000000000000000000000000000/2120041666666666666666666666666666666666666666666666666666666666666666666666666666666666666666666667|-615000000000000000000000000000000000000000000000000000000000000000000000000000000000000000000000000/2120041666666666666666666666666666666666666666666666666666666666666666666666666666666666666666666667|1|0|1/16960333333333333333333333333333333333333333333333333333333333333333333333333333333333333333333333336|1/16960333333333333333333333333333333333333333333333333333333333333333333333333333333333333333333333336,NONE,NONE
42,TPL_f5505d2e84e80f90e2a13763,TOK_1a8b33ae8570d3faf5ee0bf9,LEGAL_LOCAL_TEMPLATE,ORDERED_PAIR,TWO_BODY_PAIR,2,1+8,1|8,3,negative,7,negative_credit,ACTIVE_LIFT,LOCAL_R2_LIFT,117,117,0,-0.05642361111111111111111111111111111111111111111111111111111111111111111111111111111111111111111111111,-5642361111111111111111111111111111111111111111111111111111111111111111111111111111111111111111111111/100000000000000000000000000000000000000000000000000000000000000000000000000000000000000000000000000000,101,117.0564236111111111111111111111111111111111111111111111111111111111111111111111111111111111111111111,1170564236111111111111111111111111111111111111111111111111111111111111111111111111111111111111111111/10000000000000000000000000000000000000000000000000000000000000000000000000000000000000000000000000,97,122.7466664255401234567901234567901234567901234567901234567901234567901234567901234567901234567901234,613733332127700617283950617283950617283950617283950617283950617283950617283950617283950617283950617/5000000000000000000000000000000000000000000000000000000000000000000000000000000000000000000000000,97,15.34333330319251543209876543209876543209876543209876543209876543209876543209876543209876543209876542,767166665159625771604938271604938271604938271604938271604938271604938271604938271604938271604938271/50000000000000000000000000000000000000000000000000000000000000000000000000000000000000000000000000,98,107.4033331223476080246913580246913580246913580246913580246913580246913580246913580246913580246913580,53701666561173804012345679012345679012345679012345679012345679012345679012345679012345679012345679/500000000000000000000000000000000000000000000000000000000000000000000000000000000000000000000000,97,56902428144290123456790123456790123456790123456790123456790123456790123456790123456790123456790123/10000000000000000000000000000000000000000000000000000000000000000000000000000000000000000000000000,176755199652777777777777777777777777777777777777777777777777777777777777777777777777777777777777777761/1440000000000000000000000000000000000000000000000000000000000000000000000000000000000000000000000000,-1111/100000000000000000000000000000000000000000000000000000000000000000000000000000000000000000000000000000,-13/288000000000000000000000000000000000000000000000000000000000000000000000000000000000000000000000000,-1/200000000000000000000000000000000000000000000000000000000000000000000000000000000000000000000000000,1/40000000000000000000000000000000000000000000000000000000000000000000000000000000000000000000000000,-1/50000000000000000000000000000000000000000000000000000000000000000000000000000000000000000000000000,RAWNUM_b1143cac1f3e9f1f82567c5a,TYPEDRAW_ad1319879edca68c167eb66e,DEP_143415c7139ddf059c4030f1,DEPCORE_80caa208107a9a9540610eff,DEPRES_8a6372e57f39e66e67b00f93,SHAPE_e80b7980388a1fbd7af5ce10,613733332127700617283950617283950617283950617283950617283950617283950617283950617283950617283950617/5000000000000000000000000000000000000000000000000000000000000000000000000000000000000000000000000,585000000000000000000000000000000000000000000000000000000000000000000000000000000000000000000000000/613733332127700617283950617283950617283950617283950617283950617283950617283950617283950617283950617|-5642361111111111111111111111111111111111111111111111111111111111111111111111111111111111111111111111/12274666642554012345679012345679012345679012345679012345679012345679012345679012345679012345679012340000|1|-1111/12274666642554012345679012345679012345679012345679012345679012345679012345679012345679012345679012340000|-1/24549333285108024691358024691358024691358024691358024691358024691358024691358024691358024691358024680|1/4909866657021604938271604938271604938271604938271604938271604938271604938271604938271604938271604936,NONE,NONE
43,TPL_6771a30ae7971bb9009cede0,TOK_1ab550c65b387ef89af07ae5,LEGAL_LOCAL_TEMPLATE,UNORDERED_TRIAD,THREE_BODY_COLOR,3,8+9+12,8|9|12,3,negative,1,negative_credit,ACTIVE_LIFT,LOCAL_R2_LIFT,10404,10404,0,-0.8780381944444444444444444444444444444444444444444444444444444444444444444444444444444444444444444442,-4390190972222222222222222222222222222222222222222222222222222222222222222222222222222222222222222221/5000000000000000000000000000000000000000000000000000000000000000000000000000000000000000000000000000,100,10404.87803819444444444444444444444444444444444444444444444444444444444444444444444444444444444444444,260121950954861111111111111111111111111111111111111111111111111111111111111111111111111111111111111/25000000000000000000000000000000000000000000000000000000000000000000000000000000000000000000000,95,10477.13413568190586419753086419753086419753086419753086419753086419753086419753086419753086419753086,523856706784095293209876543209876543209876543209876543209876543209876543209876543209876543209876543/50000000000000000000000000000000000000000000000000000000000000000000000000000000000000000000000,95,1309.641766960238233024691358024691358024691358024691358024691358024691358024691358024691358024691358,654820883480119116512345679012345679012345679012345679012345679012345679012345679012345679012345679/500000000000000000000000000000000000000000000000000000000000000000000000000000000000000000000000,96,9167.492368721667631172839506172839506172839506172839506172839506172839506172839506172839506172839502,4583746184360833815586419753086419753086419753086419753086419753086419753086419753086419753086419751/500000000000000000000000000000000000000000000000000000000000000000000000000000000000000000000000,96,3612804874373070987654320987654320987654320987654320987654320987654320987654320987654320987654321/50000000000000000000000000000000000000000000000000000000000000000000000000000000000000000000000,7543536577690972222222222222222222222222222222222222222222222222222222222222222222222222222222222219/720000000000000000000000000000000000000000000000000000000000000000000000000000000000000000000000,-22221/5000000000000000000000000000000000000000000000000000000000000000000000000000000000000000000000000000,1/3600000000000000000000000000000000000000000000000000000000000000000000000000000000000000000000000,1/2000000000000000000000000000000000000000000000000000000000000000000000000000000000000000000000000,-1/2000000000000000000000000000000000000000000000000000000000000000000000000000000000000000000000000,0,RAWNUM_efa6268952239ffa1970d952,TYPEDRAW_04364dde7b9fcf4236e2f2fb,DEP_3a7dff87c12532538d22e168,DEPCORE_5baa1b7b4f2f33f3a1611dd5,DEPRES_2b7c4032d030610769109bc8,SHAPE_bd340d2ce93646c23225fa94,523856706784095293209876543209876543209876543209876543209876543209876543209876543209876543209876543/50000000000000000000000000000000000000000000000000000000000000000000000000000000000000000000000,30600000000000000000000000000000000000000000000000000000000000000000000000000000000000000000000000/30815100399064429012345679012345679012345679012345679012345679012345679012345679012345679012345679|-4390190972222222222222222222222222222222222222222222222222222222222222222222222222222222222222222221/52385670678409529320987654320987654320987654320987654320987654320987654320987654320987654320987654300000|1|-22221/52385670678409529320987654320987654320987654320987654320987654320987654320987654320987654320987654300000|1/20954268271363811728395061728395061728395061728395061728395061728395061728395061728395061728395061720|-1/20954268271363811728395061728395061728395061728395061728395061728395061728395061728395061728395061720,NONE,NONE
44,TPL_d7d2de86304a54129b717f85,TOK_1c9e15e10c5408b899e81a7e,LEGAL_LOCAL_TEMPLATE,UNARY_DIRECT,ONE_BODY_DIRECT,1,3,3,1,neutral,0,zero_contact,ZERO_FEE,LOCAL_R2_LIFT,4.500,9/2,3,0,0,0,4.500,9/2,3,4.500,9/2,3,0.5625,9/16,4,3.9375,63/16,4,0,9/2,0,0,0,0,0,RAWNUM_696d63fe4622b361e9b6f0a8,TYPEDRAW_1506a8d652bddfebf0e97039,DEP_1e32fb47adbda33374db8112,DEPCORE_e1bde31327c34a51f4e7f33a,DEPRES_73ca7a9ed16e954dab204089,SHAPE_4a5a7e41bcde015a08457156,9/2,1|0|1|0|0|0,NONE,NONE
45,TPL_89a1688fd2fe63764d85bb52,TOK_1d1babf695240704564e59ef,LEGAL_LOCAL_TEMPLATE,UNORDERED_TRIAD,THREE_BODY_COLOR,3,1+2+3,1|2|3,0,negative,1,negative_credit,ACTIVE_LIFT,LOCAL_R2_LIFT,504,504,0,-168.0000000000000000000000000000000000000000000000000000000000000000000000000000000000000000000000000,-168,97,672.0000000000000000000000000000000000000000000000000000000000000000000000000000000000000000000000000,672,97,676.6666666666666666666666666666666666666666666666666666666666666666666666666666666666666666666666664,845833333333333333333333333333333333333333333333333333333333333333333333333333333333333333333333333/1250000000000000000000000000000000000000000000000000000000000000000000000000000000000000000000000,97,84.5833333333333333333333333333333333333333333333333333333333333333333333333333333333333333333333333,845833333333333333333333333333333333333333333333333333333333333333333333333333333333333333333333333/10000000000000000000000000000000000000000000000000000000000000000000000000000000000000000000000000,97,592.0833333333333333333333333333333333333333333333333333333333333333333333333333333333333333333333331,5920833333333333333333333333333333333333333333333333333333333333333333333333333333333333333333333331/10000000000000000000000000000000000000000000000000000000000000000000000000000000000000000000000000,97,5833333333333333333333333333333333333333333333333333333333333333333333333333333333333333333333333/1250000000000000000000000000000000000000000000000000000000000000000000000000000000000000000000000,2030/3,0,-1/3750000000000000000000000000000000000000000000000000000000000000000000000000000000000000000000000,0,0,0,RAWNUM_46e22cf20f1ec75f53438e53,TYPEDRAW_25c53478cef56ed14ff799ac,DEP_23771a83ec331045d4c3928b,DEPCORE_14fb9fd7ffa4feed64e05ff3,DEPRES_a40b4e5e66487b213aeedc06,SHAPE_6ccce15f08f7e267f51f87c6,845833333333333333333333333333333333333333333333333333333333333333333333333333333333333333333333333/1250000000000000000000000000000000000000000000000000000000000000000000000000000000000000000000000,630000000000000000000000000000000000000000000000000000000000000000000000000000000000000000000000000/845833333333333333333333333333333333333333333333333333333333333333333333333333333333333333333333333|-210000000000000000000000000000000000000000000000000000000000000000000000000000000000000000000000000/845833333333333333333333333333333333333333333333333333333333333333333333333333333333333333333333333|1|0|0|0,NONE,NONE
46,TPL_268964936ad998911fe2b4a3,TOK_1d99e2e36eb3ebb446b3314c,LEGAL_LOCAL_TEMPLATE,UNORDERED_TRIAD,THREE_BODY_COLOR,3,1+3+3,1|3|3,3,negative,2,negative_credit,ACTIVE_LIFT,LOCAL_R2_LIFT,684,684,0,-0.09071180555555555555555555555555555555555555555555555555555555555555555555555555555555555555555555556,-2267795138888888888888888888888888888888888888888888888888888888888888888888888888888888888888888889/25000000000000000000000000000000000000000000000000000000000000000000000000000000000000000000000000000,101,684.0907118055555555555555555555555555555555555555555555555555555555555555555555555555555555555555556,1710226779513888888888888888888888888888888888888888888888888888888888888888888888888888888888888889/2500000000000000000000000000000000000000000000000000000000000000000000000000000000000000000000000,97,693.5919716917438271604938271604938271604938271604938271604938271604938271604938271604938271604938273,6935919716917438271604938271604938271604938271604938271604938271604938271604938271604938271604938273/10000000000000000000000000000000000000000000000000000000000000000000000000000000000000000000000000,97,86.69899646146797839506172839506172839506172839506172839506172839506172839506172839506172839506172841,8669899646146797839506172839506172839506172839506172839506172839506172839506172839506172839506172841/100000000000000000000000000000000000000000000000000000000000000000000000000000000000000000000000000,98,606.8929752302758487654320987654320987654320987654320987654320987654320987654320987654320987654320989,6068929752302758487654320987654320987654320987654320987654320987654320987654320987654320987654320989/10000000000000000000000000000000000000000000000000000000000000000000000000000000000000000000000000,97,95012598861882716049382716049382716049382716049382716049382716049382716049382716049382716049382717/10000000000000000000000000000000000000000000000000000000000000000000000000000000000000000000000000,124846554904513888888888888888888888888888888888888888888888888888888888888888888888888888888888888897/180000000000000000000000000000000000000000000000000000000000000000000000000000000000000000000000000,1111/25000000000000000000000000000000000000000000000000000000000000000000000000000000000000000000000000000,17/180000000000000000000000000000000000000000000000000000000000000000000000000000000000000000000000000,-1/400000000000000000000000000000000000000000000000000000000000000000000000000000000000000000000000000,1/80000000000000000000000000000000000000000000000000000000000000000000000000000000000000000000000000,-1/100000000000000000000000000000000000000000000000000000000000000000000000000000000000000000000000000,RAWNUM_4d6c49f3eea7ccc1dcce7bb8,TYPEDRAW_a164148cff5d1df0fbc87f1e,DEP_8740e2c91b462ee31e73b1fa,DEPCORE_4d3978d9997df79f940c69d6,DEPRES_36c7e93b6e1b5e3c92b34cd0,SHAPE_685264bd5e59628a799ed4b1,6935919716917438271604938271604938271604938271604938271604938271604938271604938271604938271604938273/10000000000000000000000000000000000000000000000000000000000000000000000000000000000000000000000000,6840000000000000000000000000000000000000000000000000000000000000000000000000000000000000000000000000/6935919716917438271604938271604938271604938271604938271604938271604938271604938271604938271604938273|-2267795138888888888888888888888888888888888888888888888888888888888888888888888888888888888888888889/17339799292293595679012345679012345679012345679012345679012345679012345679012345679012345679012345682500|1|1111/17339799292293595679012345679012345679012345679012345679012345679012345679012345679012345679012345682500|-1/277436788676697530864197530864197530864197530864197530864197530864197530864197530864197530864197530920|1/55487357735339506172839506172839506172839506172839506172839506172839506172839506172839506172839506184,NONE,NONE
47,TPL_84474ecd0bb0f291b87a905f,TOK_1f7cfd80809b1f3541682a88,LEGAL_LOCAL_TEMPLATE,UNARY_CONJUGATE,ONE_BODY_CONJUGATE,1,3,3,0,negative,3,negative_credit,ACTIVE_LIFT,LOCAL_R2_LIFT,3.75,15/4,2,-0.9375,-15/16,4,4.6875,75/16,4,4.785156249999999999999999999999999999999999999999999999999999999999999999999999999999999999999999998,2392578124999999999999999999999999999999999999999999999999999999999999999999999999999999999999999999/500000000000000000000000000000000000000000000000000000000000000000000000000000000000000000000000000,99,0.5981445312499999999999999999999999999999999999999999999999999999999999999999999999999999999999999998,2990722656249999999999999999999999999999999999999999999999999999999999999999999999999999999999999999/5000000000000000000000000000000000000000000000000000000000000000000000000000000000000000000000000000,100,4.187011718749999999999999999999999999999999999999999999999999999999999999999999999999999999999999999,4187011718749999999999999999999999999999999999999999999999999999999999999999999999999999999999999999/1000000000000000000000000000000000000000000000000000000000000000000000000000000000000000000000000000,99,48828124999999999999999999999999999999999999999999999999999999999999999999999999999999999999999999/500000000000000000000000000000000000000000000000000000000000000000000000000000000000000000000000000,1225/256,0,-1/500000000000000000000000000000000000000000000000000000000000000000000000000000000000000000000000000,1/20000000000000000000000000000000000000000000000000000000000000000000000000000000000000000000000000000,3/4000000000000000000000000000000000000000000000000000000000000000000000000000000000000000000000000000,-1/1250000000000000000000000000000000000000000000000000000000000000000000000000000000000000000000000000,RAWNUM_013e2324af00bd4f8aa0643f,TYPEDRAW_85216e28c9a1c3aafb2b1bac,DEP_dd68f3227f4b04f9299b11f9,DEPCORE_ee3685703ca125030b880b3d,DEPRES_ac91be723b3d0b7b8b2a4091,SHAPE_96e36e4bdda39dcf7103878c,2392578124999999999999999999999999999999999999999999999999999999999999999999999999999999999999999999/500000000000000000000000000000000000000000000000000000000000000000000000000000000000000000000000000,1875000000000000000000000000000000000000000000000000000000000000000000000000000000000000000000000000/2392578124999999999999999999999999999999999999999999999999999999999999999999999999999999999999999999|-468750000000000000000000000000000000000000000000000000000000000000000000000000000000000000000000000/2392578124999999999999999999999999999999999999999999999999999999999999999999999999999999999999999999|1|0|1/95703124999999999999999999999999999999999999999999999999999999999999999999999999999999999999999999960|3/19140624999999999999999999999999999999999999999999999999999999999999999999999999999999999999999999992,NONE,NONE
48,TPL_fa82d5e0560c60b67edabae8,TOK_2023418592929fe79998a258,LEGAL_LOCAL_TEMPLATE,UNORDERED_TRIAD,THREE_BODY_COLOR,3,1+3+6,1|3|6,3,negative,2,negative_credit,ACTIVE_LIFT,LOCAL_R2_LIFT,1656,1656,0,-0.2196180555555555555555555555555555555555555555555555555555555555555555555555555555555555555555555556,-549045138888888888888888888888888888888888888888888888888888888888888888888888888888888888888888889/2500000000000000000000000000000000000000000000000000000000000000000000000000000000000000000000000000,100,1656.219618055555555555555555555555555555555555555555555555555555555555555555555555555555555555555556,414054904513888888888888888888888888888888888888888888888888888888888888888888888888888888888888889/250000000000000000000000000000000000000000000000000000000000000000000000000000000000000000000000,96,1679.222668306327160493827160493827160493827160493827160493827160493827160493827160493827160493827161,1679222668306327160493827160493827160493827160493827160493827160493827160493827160493827160493827161/1000000000000000000000000000000000000000000000000000000000000000000000000000000000000000000000000,96,209.9028335382908950617283950617283950617283950617283950617283950617283950617283950617283950617283951,2099028335382908950617283950617283950617283950617283950617283950617283950617283950617283950617283951/10000000000000000000000000000000000000000000000000000000000000000000000000000000000000000000000000,97,1469.319834768036265432098765432098765432098765432098765432098765432098765432098765432098765432098766,734659917384018132716049382716049382716049382716049382716049382716049382716049382716049382716049383/500000000000000000000000000000000000000000000000000000000000000000000000000000000000000000000000,96,4600610050154320987654320987654320987654320987654320987654320987654320987654320987654320987654321/200000000000000000000000000000000000000000000000000000000000000000000000000000000000000000000000,30226008029513888888888888888888888888888888888888888888888888888888888888888888888888888888888888897/18000000000000000000000000000000000000000000000000000000000000000000000000000000000000000000000000,1111/2500000000000000000000000000000000000000000000000000000000000000000000000000000000000000000000000000,1/18000000000000000000000000000000000000000000000000000000000000000000000000000000000000000000000000,-1/40000000000000000000000000000000000000000000000000000000000000000000000000000000000000000000000000,1/8000000000000000000000000000000000000000000000000000000000000000000000000000000000000000000000000,-1/10000000000000000000000000000000000000000000000000000000000000000000000000000000000000000000000000,RAWNUM_ef1ab872213d214e4a87d0f0,TYPEDRAW_ebf3332dfdedb41a7466cacc,DEP_94cc359fbb907cf0f30a7bc2,DEPCORE_01c919aa3a57dc12968af897,DEPRES_8d2fd63714c7670799482da2,SHAPE_160b766d8b39fa823127017f,1679222668306327160493827160493827160493827160493827160493827160493827160493827160493827160493827161/1000000000000000000000000000000000000000000000000000000000000000000000000000000000000000000000000,552000000000000000000000000000000000000000000000000000000000000000000000000000000000000000000000000/559740889435442386831275720164609053497942386831275720164609053497942386831275720164609053497942387|-549045138888888888888888888888888888888888888888888888888888888888888888888888888888888888888888889/4198056670765817901234567901234567901234567901234567901234567901234567901234567901234567901234567902500|1|1111/4198056670765817901234567901234567901234567901234567901234567901234567901234567901234567901234567902500|-1/67168906732253086419753086419753086419753086419753086419753086419753086419753086419753086419753086440|1/13433781346450617283950617283950617283950617283950617283950617283950617283950617283950617283950617288,NONE,NONE
49,TPL_99d2eb5d38a02a0a0a710390,TOK_20d3f9fc4c469232ef17abf0,LEGAL_LOCAL_TEMPLATE,UNARY_CONJUGATE,ONE_BODY_CONJUGATE,1,2,2,0,positive,2,positive_debit,ACTIVE_LIFT,LOCAL_R2_LIFT,3.0,3,1,0.5000000000000000000000000000000000000000000000000000000000000000000000000000000000000000000000000001,5000000000000000000000000000000000000000000000000000000000000000000000000000000000000000000000000001/10000000000000000000000000000000000000000000000000000000000000000000000000000000000000000000000000000,100,2.500000000000000000000000000000000000000000000000000000000000000000000000000000000000000000000000000,5/2,99,2.534722222222222222222222222222222222222222222222222222222222222222222222222222222222222222222222222,1267361111111111111111111111111111111111111111111111111111111111111111111111111111111111111111111111/500000000000000000000000000000000000000000000000000000000000000000000000000000000000000000000000000,99,0.3168402777777777777777777777777777777777777777777777777777777777777777777777777777777777777777777778,1584201388888888888888888888888888888888888888888888888888888888888888888888888888888888888888888889/5000000000000000000000000000000000000000000000000000000000000000000000000000000000000000000000000000,100,2.217881944444444444444444444444444444444444444444444444444444444444444444444444444444444444444444444,554470486111111111111111111111111111111111111111111111111111111111111111111111111111111111111111111/250000000000000000000000000000000000000000000000000000000000000000000000000000000000000000000000000,99,17361111111111111111111111111111111111111111111111111111111111111111111111111111111111111111111111/500000000000000000000000000000000000000000000000000000000000000000000000000000000000000000000000000,365/144,1/10000000000000000000000000000000000000000000000000000000000000000000000000000000000000000000000000000,-1/4500000000000000000000000000000000000000000000000000000000000000000000000000000000000000000000000000,1/20000000000000000000000000000000000000000000000000000000000000000000000000000000000000000000000000000,-1/4000000000000000000000000000000000000000000000000000000000000000000000000000000000000000000000000000,1/5000000000000000000000000000000000000000000000000000000000000000000000000000000000000000000000000000,RAWNUM_6f6bc6d0383fe1bdd207ac93,TYPEDRAW_c77bcf4fe606289e5ce1f192,DEP_1619a3d4c87e400d003a6df4,DEPCORE_e3ca88f1e0dcc4e63b40cb4d,DEPRES_e341def54d53b744b3ecec75,SHAPE_9aff9cddf1ed62d7e31156fc,3,1|1666666666666666666666666666666666666666666666666666666666666666666666666666666666666666666666666667/10000000000000000000000000000000000000000000000000000000000000000000000000000000000000000000000000000|1267361111111111111111111111111111111111111111111111111111111111111111111111111111111111111111111111/1500000000000000000000000000000000000000000000000000000000000000000000000000000000000000000000000000|1/30000000000000000000000000000000000000000000000000000000000000000000000000000000000000000000000000000|1/60000000000000000000000000000000000000000000000000000000000000000000000000000000000000000000000000000|-1/12000000000000000000000000000000000000000000000000000000000000000000000000000000000000000000000000000,NONE,NONE
50,TPL_e617fbdbf8f348389022faf8,TOK_2112d262920af9793bbcac07,LEGAL_LOCAL_TEMPLATE,UNARY_DIRECT,ONE_BODY_DIRECT,1,6,6,2,positive,6,zero_contact,ACTIVE_LIFT,LOCAL_R2_LIFT,1080.00,1080,2,0,0,0,1080.00,1080,2,1125.000000000000000000000000000000000000000000000000000000000000000000000000000000000000000000000000,1125,96,140.625000000000000000000000000000000000000000000000000000000000000000000000000000000000000000000000,1125/8,96,984.375000000000000000000000000000000000000000000000000000000000000000000000000000000000000000000000,7875/8,96,45,1125,0,0,0,0,0,RAWNUM_6e1589d5c80915aec39e9cad,TYPEDRAW_61a25ee784fb33390c94d6d1,DEP_974a6f44b82557df1bb731dc,DEPCORE_3e205909568160ce9cdb073a,DEPRES_73ca7a9ed16e954dab204089,SHAPE_5b165c9db943b95d32b359b0,1125,24/25|0|1|0|0|0,NONE,NONE
51,TPL_77e259d2b77161222bb75cab,TOK_22b2bec5ef832da6ddf6b042,LEGAL_LOCAL_TEMPLATE,UNORDERED_TRIAD,THREE_BODY_COLOR,3,3+8+8,3|8|8,3,negative,3,negative_credit,ACTIVE_LIFT,LOCAL_R2_LIFT,4932,4932,0,-0.8919270833333333333333333333333333333333333333333333333333333333333333333333333333333333333333333334,-4459635416666666666666666666666666666666666666666666666666666666666666666666666666666666666666666667/5000000000000000000000000000000000000000000000000000000000000000000000000000000000000000000000000000,100,4932.891927083333333333333333333333333333333333333333333333333333333333333333333333333333333333333333,4932891927083333333333333333333333333333333333333333333333333333333333333333333333333333333333333333/1000000000000000000000000000000000000000000000000000000000000000000000000000000000000000000000000,96,5035.660508897569444444444444444444444444444444444444444444444444444444444444444444444444444444444442,2517830254448784722222222222222222222222222222222222222222222222222222222222222222222222222222222221/500000000000000000000000000000000000000000000000000000000000000000000000000000000000000000000000,96,629.4575636121961805555555555555555555555555555555555555555555555555555555555555555555555555555555552,196705488628811306423611111111111111111111111111111111111111111111111111111111111111111111111111111/312500000000000000000000000000000000000000000000000000000000000000000000000000000000000000000000,97,4406.202945285373263888888888888888888888888888888888888888888888888888888888888888888888888888888886,2203101472642686631944444444444444444444444444444444444444444444444444444444444444444444444444444443/500000000000000000000000000000000000000000000000000000000000000000000000000000000000000000000000,96,102768581814236111111111111111111111111111111111111111111111111111111111111111111111111111111111109/1000000000000000000000000000000000000000000000000000000000000000000000000000000000000000000000000,241711704427083333333333333333333333333333333333333333333333333333333333333333333333333333333333333317/48000000000000000000000000000000000000000000000000000000000000000000000000000000000000000000000000,-1667/5000000000000000000000000000000000000000000000000000000000000000000000000000000000000000000000000000,-101/48000000000000000000000000000000000000000000000000000000000000000000000000000000000000000000000000,-1/20000000000000000000000000000000000000000000000000000000000000000000000000000000000000000000000000,-3/4000000000000000000000000000000000000000000000000000000000000000000000000000000000000000000000000,1/1250000000000000000000000000000000000000000000000000000000000000000000000000000000000000000000000,RAWNUM_ce58ec5d373c69372b3e9c31,TYPEDRAW_e3eb87fd3996848fa72c2c1a,DEP_c49700761f2ea64ef0040773,DEPCORE_3154726a1dd3e05ca076b89c,DEPRES_112302846247ec03271eb9c4,SHAPE_0af9d3069b8751db2351d30a,2517830254448784722222222222222222222222222222222222222222222222222222222222222222222222222222222221/500000000000000000000000000000000000000000000000000000000000000000000000000000000000000000000000,2466000000000000000000000000000000000000000000000000000000000000000000000000000000000000000000000000/2517830254448784722222222222222222222222222222222222222222222222222222222222222222222222222222222221|-4459635416666666666666666666666666666666666666666666666666666666666666666666666666666666666666666667/25178302544487847222222222222222222222222222222222222222222222222222222222222222222222222222222222210000|1|-1667/25178302544487847222222222222222222222222222222222222222222222222222222222222222222222222222222222210000|-1/100713210177951388888888888888888888888888888888888888888888888888888888888888888888888888888888888840|-3/20142642035590277777777777777777777777777777777777777777777777777777777777777777777777777777777777768,NONE,NONE
52,TPL_8a1f435bbc944f6894cb1be5,TOK_243cffcf56456a4af515c2f3,LEGAL_LOCAL_TEMPLATE,UNORDERED_TRIAD,THREE_BODY_COLOR,3,1+2+2,1|2|2,3,positive,1,positive_debit,ACTIVE_LIFT,LOCAL_R2_LIFT,324,324,0,0.02734374999999999999999999999999999999999999999999999999999999999999999999999999999999999999999999999,2734374999999999999999999999999999999999999999999999999999999999999999999999999999999999999999999999/100000000000000000000000000000000000000000000000000000000000000000000000000000000000000000000000000000,101,323.9726562500000000000000000000000000000000000000000000000000000000000000000000000000000000000000000,82937/256,97,326.2224663628472222222222222222222222222222222222222222222222222222222222222222222222222222222222221,3262224663628472222222222222222222222222222222222222222222222222222222222222222222222222222222222221/10000000000000000000000000000000000000000000000000000000000000000000000000000000000000000000000000,97,40.77780829535590277777777777777777777777777777777777777777777777777777777777777777777777777777777776,254861301845974392361111111111111111111111111111111111111111111111111111111111111111111111111111111/6250000000000000000000000000000000000000000000000000000000000000000000000000000000000000000000000,98,285.4446580674913194444444444444444444444444444444444444444444444444444444444444444444444444444444444,713611645168728298611111111111111111111111111111111111111111111111111111111111111111111111111111111/2500000000000000000000000000000000000000000000000000000000000000000000000000000000000000000000000,97,22498101128472222222222222222222222222222222222222222222222222222222222222222222222222222222222221/10000000000000000000000000000000000000000000000000000000000000000000000000000000000000000000000000,12025865/36864,-1/100000000000000000000000000000000000000000000000000000000000000000000000000000000000000000000000000000,-11/90000000000000000000000000000000000000000000000000000000000000000000000000000000000000000000000000,-1/400000000000000000000000000000000000000000000000000000000000000000000000000000000000000000000000000,1/16000000000000000000000000000000000000000000000000000000000000000000000000000000000000000000000000,-3/50000000000000000000000000000000000000000000000000000000000000000000000000000000000000000000000000,RAWNUM_5441eae856114910617e2b05,TYPEDRAW_a159cbebaca0b738b80e85d7,DEP_ac5aea8b91af1e11963f8f91,DEPCORE_274c50729dfeec0973a20351,DEPRES_957e9445d1107e45c04bdf6f,SHAPE_6f4cc16841a23d0965132498,3262224663628472222222222222222222222222222222222222222222222222222222222222222222222222222222222221/10000000000000000000000000000000000000000000000000000000000000000000000000000000000000000000000000,3240000000000000000000000000000000000000000000000000000000000000000000000000000000000000000000000000/3262224663628472222222222222222222222222222222222222222222222222222222222222222222222222222222222221|2734374999999999999999999999999999999999999999999999999999999999999999999999999999999999999999999999/32622246636284722222222222222222222222222222222222222222222222222222222222222222222222222222222222210000|1|-1/32622246636284722222222222222222222222222222222222222222222222222222222222222222222222222222222222210000|-1/130488986545138888888888888888888888888888888888888888888888888888888888888888888888888888888888888840|5/26097797309027777777777777777777777777777777777777777777777777777777777777777777777777777777777777768,NONE,NONE
53,TPL_18bcf7dbebf2aa9f11c22906,TOK_247a526fd41ad506d882aeb3,REJECTED,EXPLICIT_CONTROL,REJECTED_CONTROL,0,1,,0,neutral,0,none,ZERO_FEE,ZERO_SUPPORT_NONLOCAL_OR_REJECTED,0,0,0,0,0,0,0,0,0,0,0,0,0,0,0,0,0,0,0,0,0,0,0,0,0,RAWNUM_8462963cd509903a12729896,TYPEDRAW_45c00561a33040b8291efd18,DEP_e546bab458df71c743a9276f,DEPCORE_d16eb49fda677ceeef042ceb,DEPRES_73ca7a9ed16e954dab204089,SHAPE_579ee4bf136113892323a924,0,0|0|0|0|0|0,NONE,NONE
54,TPL_d6b75d9e7fb18fad986d87a4,TOK_264c91e7bca5bdfb1ec469dd,LEGAL_LOCAL_TEMPLATE,UNORDERED_TRIAD,THREE_BODY_COLOR,3,3+9+9,3|9|9,0,negative,6,negative_credit,ACTIVE_LIFT,LOCAL_R2_LIFT,6156,6156,0,-4617.00,-4617,2,10773.00,10773,2,11221.87500000000000000000000000000000000000000000000000000000000000000000000000000000000000000000000,89775/8,95,1402.73437500000000000000000000000000000000000000000000000000000000000000000000000000000000000000000,89775/64,95,9819.14062500000000000000000000000000000000000000000000000000000000000000000000000000000000000000000,628425/64,95,3591/8,89775/8,0,0,0,0,0,RAWNUM_276d9adf4a85e050aed34252,TYPEDRAW_075b9aff5a0eeac96d94e5d9,DEP_6a7c0e6e7e94a2edaf6679fa,DEPCORE_fea1b567f7c6ec41c57bf681,DEPRES_73ca7a9ed16e954dab204089,SHAPE_b180024c5490879504a2fa9e,89775/8,96/175|-72/175|1|0|0|0,NONE,NONE
55,TPL_b1d44c18d3aeaa51f5c51ca0,TOK_2726b93a36c7faed8642014f,LEGAL_LOCAL_TEMPLATE,UNARY_DIRECT,ONE_BODY_DIRECT,1,9,9,0,negative,9,zero_contact,ACTIVE_LIFT,LOCAL_R2_LIFT,13.5,27/2,1,0,0,0,13.5,27/2,1,14.34375,459/32,5,1.79296875,459/256,8,12.55078125,3213/256,8,27/32,459/32,0,0,0,0,0,RAWNUM_a2986d6b3cd19214c2c4fffb,TYPEDRAW_6a3e11437bb96a27df32d4b1,DEP_b2a4e426b6ad5f2b52216d9e,DEPCORE_232bb7bca153b9d1e86d28d6,DEPRES_73ca7a9ed16e954dab204089,SHAPE_47898cb03e461def1be69923,459/32,16/17|0|1|0|0|0,NONE,NONE
56,TPL_72cecc31d0179d237adbba2d,TOK_27594b6bce6cd8c530870b06,LEGAL_LOCAL_TEMPLATE,ORDERED_PAIR,TWO_BODY_PAIR,2,12+4,12|4,3,positive,8,positive_debit,ACTIVE_LIFT,LOCAL_R2_LIFT,600,600,0,0.2531828703703703703703703703703703703703703703703703703703703703703703703703703703703703703703703704,316478587962962962962962962962962962962962962962962962962962962962962962962962962962962962962962963/1250000000000000000000000000000000000000000000000000000000000000000000000000000000000000000000000000,100,599.7468171296296296296296296296296296296296296296296296296296296296296296296296296296296296296296296,749683521412037037037037037037037037037037037037037037037037037037037037037037037037037037037037037/1250000000000000000000000000000000000000000000000000000000000000000000000000000000000000000000000,97,633.0660847479423868312757201646090534979423868312757201646090534979423868312757201646090534979423871,6330660847479423868312757201646090534979423868312757201646090534979423868312757201646090534979423871/10000000000000000000000000000000000000000000000000000000000000000000000000000000000000000000000000,97,79.13326059349279835390946502057613168724279835390946502057613168724279835390946502057613168724279839,7913326059349279835390946502057613168724279835390946502057613168724279835390946502057613168724279839/100000000000000000000000000000000000000000000000000000000000000000000000000000000000000000000000000,98,553.9328241544495884773662551440329218106995884773662551440329218106995884773662551440329218106995888,346208015096530992798353909465020576131687242798353909465020576131687242798353909465020576131687243/625000000000000000000000000000000000000000000000000000000000000000000000000000000000000000000000,97,13327707047325102880658436213991769547325102880658436213991769547325102880658436213991769547325103/400000000000000000000000000000000000000000000000000000000000000000000000000000000000000000000000,1582665211869855967078189300411522633744855967078189300411522633744855967078189300411522633744855967/2500000000000000000000000000000000000000000000000000000000000000000000000000000000000000000000000,-37/1250000000000000000000000000000000000000000000000000000000000000000000000000000000000000000000000000,3/10000000000000000000000000000000000000000000000000000000000000000000000000000000000000000000000000,1/400000000000000000000000000000000000000000000000000000000000000000000000000000000000000000000000000,7/80000000000000000000000000000000000000000000000000000000000000000000000000000000000000000000000000,-9/100000000000000000000000000000000000000000000000000000000000000000000000000000000000000000000000000,RAWNUM_e066562926a2f2b6ed07cd1c,TYPEDRAW_4ac79dd1e419113ea6e087ed,DEP_0a8201d8ade0fdc90732e85e,DEPCORE_dab09077f5c0063c7cb8c4bb,DEPRES_1919fa8c38b87e23a169a704,SHAPE_0bcf1a7a5115448787fbbbbb,6330660847479423868312757201646090534979423868312757201646090534979423868312757201646090534979423871/10000000000000000000000000000000000000000000000000000000000000000000000000000000000000000000000000,6000000000000000000000000000000000000000000000000000000000000000000000000000000000000000000000000000/6330660847479423868312757201646090534979423868312757201646090534979423868312757201646090534979423871|316478587962962962962962962962962962962962962962962962962962962962962962962962962962962962962962963/791332605934927983539094650205761316872427983539094650205761316872427983539094650205761316872427983875|1|-37/791332605934927983539094650205761316872427983539094650205761316872427983539094650205761316872427983875|1/253226433899176954732510288065843621399176954732510288065843621399176954732510288065843621399176954840|7/50645286779835390946502057613168724279835390946502057613168724279835390946502057613168724279835390968,NONE,NONE
57,TPL_ccb5d9f28e4258cabcbd489f,TOK_28904e707c50632477525d84,LEGAL_LOCAL_TEMPLATE,UNARY_CONJUGATE,ONE_BODY_CONJUGATE,1,9,9,1,positive,9,positive_debit,ACTIVE_LIFT,LOCAL_R2_LIFT,162.0,162,1,10.125,81/8,3,151.875,1215/8,3,161.3671875,20655/128,7,20.1708984375,20655/1024,10,141.1962890625,144585/1024,10,1215/128,20655/128,0,0,0,0,0,RAWNUM_ac4d19f6e2468db28252399f,TYPEDRAW_aff2dce34e9037dc3a92155c,DEP_f027b018b72e5a0fffaa573a,DEPCORE_1831a385879d23303c14dc75,DEPRES_73ca7a9ed16e954dab204089,SHAPE_a0a2bde75ecc844b6a5e97e9,162,1|1/16|255/256|0|0|0,NONE,NONE
58,TPL_8cd5287d9e7c8938afd8f62e,TOK_290cf18286eec5c7be0a971a,LEGAL_LOCAL_TEMPLATE,UNARY_DIRECT,ONE_BODY_DIRECT,1,4,4,1,neutral,0,zero_contact,ZERO_FEE,LOCAL_R2_LIFT,6.000,6,3,0,0,0,6.000,6,3,6.000,6,3,0.750,3/4,3,5.250,21/4,3,0,6,0,0,0,0,0,RAWNUM_fa77d06030c573d50b0a3eb5,TYPEDRAW_15ddc908d88d962ee11668f6,DEP_138ff021c3d35c75d7cc8155,DEPCORE_95c3f26fe71e49bb42d6f831,DEPRES_73ca7a9ed16e954dab204089,SHAPE_4a5a7e41bcde015a08457156,6,1|0|1|0|0|0,NONE,NONE
59,TPL_db3f78aadd3ea699d4e50b8d,TOK_29661a33b440e2e854bad4f2,LEGAL_LOCAL_TEMPLATE,ORDERED_PAIR,TWO_BODY_PAIR,2,9+1,9|1,3,positive,8,positive_debit,ACTIVE_LIFT,LOCAL_R2_LIFT,132,132,0,0.05570023148148148148148148148148148148148148148148148148148148148148148148148148148148148148148148148,1392505787037037037037037037037037037037037037037037037037037037037037037037037037037037037037037037/25000000000000000000000000000000000000000000000000000000000000000000000000000000000000000000000000000,101,131.9442997685185185185185185185185185185185185185185185185185185185185185185185185185185185185185185,263888599537037037037037037037037037037037037037037037037037037037037037037037037037037037037037037/2000000000000000000000000000000000000000000000000000000000000000000000000000000000000000000000000,97,139.2745386445473251028806584362139917695473251028806584362139917695473251028806584362139917695473251,1392745386445473251028806584362139917695473251028806584362139917695473251028806584362139917695473251/10000000000000000000000000000000000000000000000000000000000000000000000000000000000000000000000000,97,17.40931733056841563786008230452674897119341563786008230452674897119341563786008230452674897119341564,435232933264210390946502057613168724279835390946502057613168724279835390946502057613168724279835391/25000000000000000000000000000000000000000000000000000000000000000000000000000000000000000000000000,98,121.8652213139789094650205761316872427983539094650205761316872427983539094650205761316872427983539095,243730442627957818930041152263374485596707818930041152263374485596707818930041152263374485596707819/2000000000000000000000000000000000000000000000000000000000000000000000000000000000000000000000000,97,36651194380144032921810699588477366255144032921810699588477366255144032921810699588477366255144033/5000000000000000000000000000000000000000000000000000000000000000000000000000000000000000000000000,1671294463734567901234567901234567901234567901234567901234567901234567901234567901234567901234567901/12000000000000000000000000000000000000000000000000000000000000000000000000000000000000000000000000,-463/25000000000000000000000000000000000000000000000000000000000000000000000000000000000000000000000000000,1/60000000000000000000000000000000000000000000000000000000000000000000000000000000000000000000000000,1/400000000000000000000000000000000000000000000000000000000000000000000000000000000000000000000000000,3/80000000000000000000000000000000000000000000000000000000000000000000000000000000000000000000000000,-1/25000000000000000000000000000000000000000000000000000000000000000000000000000000000000000000000000,RAWNUM_93165fa70d262546535ac721,TYPEDRAW_a0ce7439ba15cf085fd452ce,DEP_23b4f391e9f50ba6d9561c51,DEPCORE_72508fdbc9ddefce2e23c64a,DEPRES_27af83b44930a6d2abcf43e9,SHAPE_897c744129a5335de810be56,1392745386445473251028806584362139917695473251028806584362139917695473251028806584362139917695473251/10000000000000000000000000000000000000000000000000000000000000000000000000000000000000000000000000,1320000000000000000000000000000000000000000000000000000000000000000000000000000000000000000000000000/1392745386445473251028806584362139917695473251028806584362139917695473251028806584362139917695473251|1392505787037037037037037037037037037037037037037037037037037037037037037037037037037037037037037037/3481863466113683127572016460905349794238683127572016460905349794238683127572016460905349794238683127500|1|-463/3481863466113683127572016460905349794238683127572016460905349794238683127572016460905349794238683127500|1/55709815457818930041152263374485596707818930041152263374485596707818930041152263374485596707818930040|3/11141963091563786008230452674897119341563786008230452674897119341563786008230452674897119341563786008,NONE,NONE
60,TPL_42f5e69f1291c6009c6378af,TOK_29bc09acc7ce50ec0fc6c010,LEGAL_LOCAL_TEMPLATE,ORDERED_PAIR,TWO_BODY_PAIR,2,6+12,6|12,3,negative,6,negative_credit,ACTIVE_LIFT,LOCAL_R2_LIFT,882,882,0,-0.2871093750000000000000000000000000000000000000000000000000000000000000000000000000000000000000000000,-147/512,100,882.2871093750000000000000000000000000000000000000000000000000000000000000000000000000000000000000000,451731/512,97,919.0490722656250000000000000000000000000000000000000000000000000000000000000000000000000000000000003,9190490722656250000000000000000000000000000000000000000000000000000000000000000000000000000000000003/10000000000000000000000000000000000000000000000000000000000000000000000000000000000000000000000000,97,114.8811340332031250000000000000000000000000000000000000000000000000000000000000000000000000000000000,3764425/32768,97,804.1679382324218750000000000000000000000000000000000000000000000000000000000000000000000000000000002,4020839691162109375000000000000000000000000000000000000000000000000000000000000000000000000000000001/5000000000000000000000000000000000000000000000000000000000000000000000000000000000000000000000000,97,367619628906250000000000000000000000000000000000000000000000000000000000000000000000000000000000003/10000000000000000000000000000000000000000000000000000000000000000000000000000000000000000000000000,3764425/4096,0,3/10000000000000000000000000000000000000000000000000000000000000000000000000000000000000000000000000,-3/80000000000000000000000000000000000000000000000000000000000000000000000000000000000000000000000000,-1/16000000000000000000000000000000000000000000000000000000000000000000000000000000000000000000000000,1/10000000000000000000000000000000000000000000000000000000000000000000000000000000000000000000000000,RAWNUM_4c458ce668b6c6735186820e,TYPEDRAW_6976e3fd27bf85377e321b3c,DEP_3200b1db6a59e81d340b60c8,DEPCORE_bd4b815acb65714ac4091c16,DEPRES_c5a143394189074ae8ec9639,SHAPE_f9ab1944adbfbdded28afc99,9190490722656250000000000000000000000000000000000000000000000000000000000000000000000000000000000003/10000000000000000000000000000000000000000000000000000000000000000000000000000000000000000000000000,8820000000000000000000000000000000000000000000000000000000000000000000000000000000000000000000000000/9190490722656250000000000000000000000000000000000000000000000000000000000000000000000000000000000003|-2871093750000000000000000000000000000000000000000000000000000000000000000000000000000000000000000/9190490722656250000000000000000000000000000000000000000000000000000000000000000000000000000000000003|1|0|-3/73523925781250000000000000000000000000000000000000000000000000000000000000000000000000000000000000024|-5/73523925781250000000000000000000000000000000000000000000000000000000000000000000000000000000000000024,NONE,NONE
61,TPL_9741550973af3f3a05fb3daa,TOK_2c3b5032c1b0b09744bce330,LEGAL_LOCAL_TEMPLATE,UNARY_DIRECT,ONE_BODY_DIRECT,1,9,9,2,negative,9,zero_contact,ACTIVE_LIFT,LOCAL_R2_LIFT,1944.0,1944,1,0,0,0,1944.0,1944,1,2065.50000,4131/2,5,258.18750,4131/16,5,1807.31250,28917/16,5,243/2,4131/2,0,0,0,0,0,RAWNUM_3641ea0399341f0e74589cb9,TYPEDRAW_bff0c2389cc485842e68303e,DEP_a62f0a79305ecf70a90b137e,DEPCORE_a1feeed9a6ca07dc0aa7938a,DEPRES_73ca7a9ed16e954dab204089,SHAPE_47898cb03e461def1be69923,4131/2,16/17|0|1|0|0|0,NONE,NONE
62,TPL_5ae9e96adc7526a3b6f2fc30,TOK_2d1440ccfcc074b1cb64ba5b,LEGAL_LOCAL_TEMPLATE,UNARY_CONJUGATE,ONE_BODY_CONJUGATE,1,4,4,0,positive,4,positive_debit,ACTIVE_LIFT,LOCAL_R2_LIFT,6.0,6,1,2.000000000000000000000000000000000000000000000000000000000000000000000000000000000000000000000000000,2,99,4.000000000000000000000000000000000000000000000000000000000000000000000000000000000000000000000000000,4,99,4.111111111111111111111111111111111111111111111111111111111111111111111111111111111111111111111111112,513888888888888888888888888888888888888888888888888888888888888888888888888888888888888888888888889/125000000000000000000000000000000000000000000000000000000000000000000000000000000000000000000000000,99,0.513888888888888888888888888888888888888888888888888888888888888888888888888888888888888888888888889,513888888888888888888888888888888888888888888888888888888888888888888888888888888888888888888888889/1000000000000000000000000000000000000000000000000000000000000000000000000000000000000000000000000000,99,3.597222222222222222222222222222222222222222222222222222222222222222222222222222222222222222222222222,1798611111111111111111111111111111111111111111111111111111111111111111111111111111111111111111111111/500000000000000000000000000000000000000000000000000000000000000000000000000000000000000000000000000,99,13888888888888888888888888888888888888888888888888888888888888888888888888888888888888888888888889/125000000000000000000000000000000000000000000000000000000000000000000000000000000000000000000000000,37/9,0,1/1125000000000000000000000000000000000000000000000000000000000000000000000000000000000000000000000000,0,-1/1000000000000000000000000000000000000000000000000000000000000000000000000000000000000000000000000000,1/1000000000000000000000000000000000000000000000000000000000000000000000000000000000000000000000000000,RAWNUM_acde24d84a33351753340520,TYPEDRAW_78069ecbdf8b3920c5d7498c,DEP_2e60c0883e149d243336d43c,DEPCORE_5d80db7f8fbfcc9e5475b809,DEPRES_3d00e10ff13ff7a695dddd4d,SHAPE_8be1c5f35310027ff895e553,6,1|1/3|513888888888888888888888888888888888888888888888888888888888888888888888888888888888888888888888889/750000000000000000000000000000000000000000000000000000000000000000000000000000000000000000000000000|0|0|-1/6000000000000000000000000000000000000000000000000000000000000000000000000000000000000000000000000000,NONE,NONE
63,TPL_92e22cee34fc093084a0d553,TOK_2d7b81f6d7339978febd63f1,LEGAL_LOCAL_TEMPLATE,UNARY_DIRECT,ONE_BODY_DIRECT,1,3,3,1,negative,3,zero_contact,ACTIVE_LIFT,LOCAL_R2_LIFT,54.0,54,1,0,0,0,54.0,54,1,55.12499999999999999999999999999999999999999999999999999999999999999999999999999999999999999999999998,2756249999999999999999999999999999999999999999999999999999999999999999999999999999999999999999999999/50000000000000000000000000000000000000000000000000000000000000000000000000000000000000000000000000,98,6.890624999999999999999999999999999999999999999999999999999999999999999999999999999999999999999999998,3445312499999999999999999999999999999999999999999999999999999999999999999999999999999999999999999999/500000000000000000000000000000000000000000000000000000000000000000000000000000000000000000000000000,99,48.23437499999999999999999999999999999999999999999999999999999999999999999999999999999999999999999999,4823437499999999999999999999999999999999999999999999999999999999999999999999999999999999999999999999/100000000000000000000000000000000000000000000000000000000000000000000000000000000000000000000000000,98,56249999999999999999999999999999999999999999999999999999999999999999999999999999999999999999999999/50000000000000000000000000000000000000000000000000000000000000000000000000000000000000000000000000,441/8,0,-1/50000000000000000000000000000000000000000000000000000000000000000000000000000000000000000000000000,1/2000000000000000000000000000000000000000000000000000000000000000000000000000000000000000000000000000,3/400000000000000000000000000000000000000000000000000000000000000000000000000000000000000000000000000,-1/125000000000000000000000000000000000000000000000000000000000000000000000000000000000000000000000000,RAWNUM_29b37c45faa894fe1fbfed24,TYPEDRAW_ae934520a6402fe50159cf7d,DEP_ad25753bdae5ef2e4e038454,DEPCORE_c00ea8dd2872acd71b95358c,DEPRES_175643db0ab6f3a9885ac3b8,SHAPE_044594e041e7d1fa2db54cfe,2756249999999999999999999999999999999999999999999999999999999999999999999999999999999999999999999999/50000000000000000000000000000000000000000000000000000000000000000000000000000000000000000000000000,2700000000000000000000000000000000000000000000000000000000000000000000000000000000000000000000000000/2756249999999999999999999999999999999999999999999999999999999999999999999999999999999999999999999999|0|1|0|1/110249999999999999999999999999999999999999999999999999999999999999999999999999999999999999999999999960|3/22049999999999999999999999999999999999999999999999999999999999999999999999999999999999999999999999992,NONE,NONE
64,TPL_aba6533e14bf985b2b17dfa2,TOK_2de33c8830078571fcd221ff,LEGAL_LOCAL_TEMPLATE,UNORDERED_TRIAD,THREE_BODY_COLOR,3,6+9+12,6|9|12,0,negative,3,negative_credit,ACTIVE_LIFT,LOCAL_R2_LIFT,9396,9396,0,-4698.00,-4698,2,14094.00,14094,2,14387.62500000000000000000000000000000000000000000000000000000000000000000000000000000000000000000000,115101/8,95,1798.45312500000000000000000000000000000000000000000000000000000000000000000000000000000000000000000,115101/64,95,12589.1718750000000000000000000000000000000000000000000000000000000000000000000000000000000000000000,805707/64,94,2349/8,115101/8,0,0,0,0,0,RAWNUM_3f5940f5be929de937a947db,TYPEDRAW_045bec3894715836611957ff,DEP_b38c26453096763d4b3bd447,DEPCORE_2e372fce85793364af0df1cb,DEPRES_73ca7a9ed16e954dab204089,SHAPE_c0133e24937e21f32809844c,115101/8,32/49|-16/49|1|0|0|0,NONE,NONE
65,TPL_b601ab8f4e7cab9d92baa925,TOK_2f31432bf2cdc9f293a27867,LEGAL_LOCAL_TEMPLATE,UNARY_DIRECT,ONE_BODY_DIRECT,1,3,3,2,neutral,0,zero_contact,ZERO_FEE,LOCAL_R2_LIFT,54.000,54,3,0,0,0,54.000,54,3,54.000,54,3,6.750,27/4,3,47.250,189/4,3,0,54,0,0,0,0,0,RAWNUM_b00e975439317d29f707d535,TYPEDRAW_2132679d80a02c07942ec3cb,DEP_bb974d314c9264078931f979,DEPCORE_e0511c1e9d215ab32c265a1b,DEPRES_73ca7a9ed16e954dab204089,SHAPE_4a5a7e41bcde015a08457156,54,1|0|1|0|0|0,NONE,NONE
66,TPL_97fcb4e552f448df7f17804f,TOK_3021f741fb38287cc5197e11,LEGAL_LOCAL_TEMPLATE,UNORDERED_TRIAD,THREE_BODY_COLOR,3,1+12+12,1|12|12,3,negative,11,negative_credit,ACTIVE_LIFT,LOCAL_R2_LIFT,10404,10404,0,-5.895399305555555555555555555555555555555555555555555555555555555555555555555555555555555555555555555,-1179079861111111111111111111111111111111111111111111111111111111111111111111111111111111111111111111/200000000000000000000000000000000000000000000000000000000000000000000000000000000000000000000000000,99,10409.89539930555555555555555555555555555555555555555555555555555555555555555555555555555555555555556,260247384982638888888888888888888888888888888888888888888888888888888888888888888888888888888888889/25000000000000000000000000000000000000000000000000000000000000000000000000000000000000000000000,95,11205.09574230806327160493827160493827160493827160493827160493827160493827160493827160493827160493828,280127393557701581790123456790123456790123456790123456790123456790123456790123456790123456790123457/25000000000000000000000000000000000000000000000000000000000000000000000000000000000000000000000,95,1400.636967788507908950617283950617283950617283950617283950617283950617283950617283950617283950617285,280127393557701581790123456790123456790123456790123456790123456790123456790123456790123456790123457/200000000000000000000000000000000000000000000000000000000000000000000000000000000000000000000000,96,9804.458774519555362654320987654320987654320987654320987654320987654320987654320987654320987654320995,1960891754903911072530864197530864197530864197530864197530864197530864197530864197530864197530864199/200000000000000000000000000000000000000000000000000000000000000000000000000000000000000000000000,96,2485001071882836612654320987654320987654320987654320987654320987654320987654320987654320987654321/3125000000000000000000000000000000000000000000000000000000000000000000000000000000000000000000,8067668934461805555555555555555555555555555555555555555555555555555555555555555555555555555555555559/720000000000000000000000000000000000000000000000000000000000000000000000000000000000000000000000,889/200000000000000000000000000000000000000000000000000000000000000000000000000000000000000000000000000,13/3600000000000000000000000000000000000000000000000000000000000000000000000000000000000000000000000,0,0,0,RAWNUM_e1802928f330d7f9965d31ee,TYPEDRAW_475bcc896721346db76cae92,DEP_9c4157ade2688264ae9711c8,DEPCORE_a1c652d332db169cf429781a,DEPRES_dd02a691151fb53ce1281253,SHAPE_5e40e67de3d366f63206ad14,280127393557701581790123456790123456790123456790123456790123456790123456790123456790123456790123457/25000000000000000000000000000000000000000000000000000000000000000000000000000000000000000000000,5100000000000000000000000000000000000000000000000000000000000000000000000000000000000000000000000/5492693991327481995884773662551440329218106995884773662551440329218106995884773662551440329218107|-1179079861111111111111111111111111111111111111111111111111111111111111111111111111111111111111111111/2241019148461612654320987654320987654320987654320987654320987654320987654320987654320987654320987656000|1|889/2241019148461612654320987654320987654320987654320987654320987654320987654320987654320987654320987656000|0|0,NONE,NONE
67,TPL_4eaac042a2fd196390f23013,TOK_30c4de440f84f33e7b27fdfc,LEGAL_LOCAL_TEMPLATE,ORDERED_PAIR,TWO_BODY_PAIR,2,4+1,4|1,3,positive,3,positive_debit,ACTIVE_LIFT,LOCAL_R2_LIFT,57,57,0,0.01649305555555555555555555555555555555555555555555555555555555555555555555555555555555555555555555556,412326388888888888888888888888888888888888888888888888888888888888888888888888888888888888888888889/25000000000000000000000000000000000000000000000000000000000000000000000000000000000000000000000000000,101,56.98350694444444444444444444444444444444444444444444444444444444444444444444444444444444444444444444,1424587673611111111111111111111111111111111111111111111111111111111111111111111111111111111111111111/25000000000000000000000000000000000000000000000000000000000000000000000000000000000000000000000000,98,58.17066333912037037037037037037037037037037037037037037037037037037037037037037037037037037037037035,1163413266782407407407407407407407407407407407407407407407407407407407407407407407407407407407407407/20000000000000000000000000000000000000000000000000000000000000000000000000000000000000000000000000,98,7.271332917390046296296296296296296296296296296296296296296296296296296296296296296296296296296296294,3635666458695023148148148148148148148148148148148148148148148148148148148148148148148148148148148147/500000000000000000000000000000000000000000000000000000000000000000000000000000000000000000000000000,99,50.89933042173032407407407407407407407407407407407407407407407407407407407407407407407407407407407405,1017986608434606481481481481481481481481481481481481481481481481481481481481481481481481481481481481/20000000000000000000000000000000000000000000000000000000000000000000000000000000000000000000000000,98,118715639467592592592592592592592592592592592592592592592592592592592592592592592592592592592592591/100000000000000000000000000000000000000000000000000000000000000000000000000000000000000000000000000,69804796006944444444444444444444444444444444444444444444444444444444444444444444444444444444444444439/1200000000000000000000000000000000000000000000000000000000000000000000000000000000000000000000000000,-111/25000000000000000000000000000000000000000000000000000000000000000000000000000000000000000000000000000,-19/1200000000000000000000000000000000000000000000000000000000000000000000000000000000000000000000000000,1/4000000000000000000000000000000000000000000000000000000000000000000000000000000000000000000000000000,-1/160000000000000000000000000000000000000000000000000000000000000000000000000000000000000000000000000,3/500000000000000000000000000000000000000000000000000000000000000000000000000000000000000000000000000,RAWNUM_5f9224782846397219b0922f,TYPEDRAW_3ff5f577e993a4672d979f31,DEP_ef60eb52cf020981c1b2fcc6,DEPCORE_9669110d347b502cf0e21bd0,DEPRES_95792251808e969a9cefcfc4,SHAPE_eb54815aa01bfcf7d7f1b8b3,1163413266782407407407407407407407407407407407407407407407407407407407407407407407407407407407407407/20000000000000000000000000000000000000000000000000000000000000000000000000000000000000000000000000,380000000000000000000000000000000000000000000000000000000000000000000000000000000000000000000000000/387804422260802469135802469135802469135802469135802469135802469135802469135802469135802469135802469|412326388888888888888888888888888888888888888888888888888888888888888888888888888888888888888888889/1454266583478009259259259259259259259259259259259259259259259259259259259259259259259259259259259258750|1|-37/484755527826003086419753086419753086419753086419753086419753086419753086419753086419753086419753086250|1/232682653356481481481481481481481481481481481481481481481481481481481481481481481481481481481481481400|-1/9307306134259259259259259259259259259259259259259259259259259259259259259259259259259259259259259256,NONE,NONE
68,TPL_c8214b1a4ba855f234bf9878,TOK_30e5abce5d408202dc84a1ee,LEGAL_LOCAL_TEMPLATE,ORDERED_PAIR,TWO_BODY_PAIR,2,8+3,8|3,3,positive,5,positive_debit,ACTIVE_LIFT,LOCAL_R2_LIFT,303,303,0,0.1168981481481481481481481481481481481481481481481481481481481481481481481481481481481481481481481481,1168981481481481481481481481481481481481481481481481481481481481481481481481481481481481481481481481/10000000000000000000000000000000000000000000000000000000000000000000000000000000000000000000000000000,100,302.8831018518518518518518518518518518518518518518518518518518518518518518518518518518518518518518519,3028831018518518518518518518518518518518518518518518518518518518518518518518518518518518518518518519/10000000000000000000000000000000000000000000000000000000000000000000000000000000000000000000000000,97,313.3998762217078189300411522633744855967078189300411522633744855967078189300411522633744855967078189,3133998762217078189300411522633744855967078189300411522633744855967078189300411522633744855967078189/10000000000000000000000000000000000000000000000000000000000000000000000000000000000000000000000000,97,39.17498452771347736625514403292181069958847736625514403292181069958847736625514403292181069958847736,489687306596418467078189300411522633744855967078189300411522633744855967078189300411522633744855967/12500000000000000000000000000000000000000000000000000000000000000000000000000000000000000000000000,98,274.2248916939943415637860082304526748971193415637860082304526748971193415637860082304526748971193415,548449783387988683127572016460905349794238683127572016460905349794238683127572016460905349794238683/2000000000000000000000000000000000000000000000000000000000000000000000000000000000000000000000000,97,10516774369855967078189300411522633744855967078189300411522633744855967078189300411522633744855967/1000000000000000000000000000000000000000000000000000000000000000000000000000000000000000000000000,451295821759259259259259259259259259259259259259259259259259259259259259259259259259259259259259259331/1440000000000000000000000000000000000000000000000000000000000000000000000000000000000000000000000000,481/10000000000000000000000000000000000000000000000000000000000000000000000000000000000000000000000000000,-23/288000000000000000000000000000000000000000000000000000000000000000000000000000000000000000000000000,-1/400000000000000000000000000000000000000000000000000000000000000000000000000000000000000000000000000,-3/80000000000000000000000000000000000000000000000000000000000000000000000000000000000000000000000000,1/25000000000000000000000000000000000000000000000000000000000000000000000000000000000000000000000000,RAWNUM_341dfc26c4a85ad8ba4fd6dd,TYPEDRAW_c92c57732366958f7f2f3861,DEP_e1a20911616ab577b6db3355,DEPCORE_d2f5468281803c4400997e8a,DEPRES_822ca57f328a261f3ac66ad0,SHAPE_de544f66e23321dcc4249cff,3133998762217078189300411522633744855967078189300411522633744855967078189300411522633744855967078189/10000000000000000000000000000000000000000000000000000000000000000000000000000000000000000000000000,3030000000000000000000000000000000000000000000000000000000000000000000000000000000000000000000000000/3133998762217078189300411522633744855967078189300411522633744855967078189300411522633744855967078189|1168981481481481481481481481481481481481481481481481481481481481481481481481481481481481481481481481/3133998762217078189300411522633744855967078189300411522633744855967078189300411522633744855967078189000|1|481/3133998762217078189300411522633744855967078189300411522633744855967078189300411522633744855967078189000|-1/125359950488683127572016460905349794238683127572016460905349794238683127572016460905349794238683127560|-3/25071990097736625514403292181069958847736625514403292181069958847736625514403292181069958847736625512,NONE,NONE
69,TPL_8e7a05736bf321c117f6365c,TOK_312a28e0873404a710d38ffc,LEGAL_LOCAL_TEMPLATE,ORDERED_PAIR,TWO_BODY_PAIR,2,9+9,9|9,1,neutral,0,positive_debit,ZERO_FEE,LOCAL_R2_LIFT,972,972,0,86.0625,1377/16,4,885.9375,14175/16,4,885.9375,14175/16,4,110.7421875,14175/128,7,775.1953125,99225/128,7,0,14175/16,0,0,0,0,0,RAWNUM_b06c0d2fbf996d2e0fbaadd8,TYPEDRAW_320e226284b35a69dccc217c,DEP_f995784589a59099599b2b06,DEPCORE_ebf6d90c2d70d9bb7be0f7ff,DEPRES_73ca7a9ed16e954dab204089,SHAPE_fd867e308b5ab95c79b0aec6,972,1|17/192|175/192|0|0|0,NONE,NONE
70,TPL_5888cf9939600c92f59ecc96,TOK_32185c11c2d28adb26083a99,LEGAL_LOCAL_TEMPLATE,UNARY_CONJUGATE,ONE_BODY_CONJUGATE,1,1,1,1,positive,1,positive_debit,ACTIVE_LIFT,LOCAL_R2_LIFT,18.0,18,1,0.1250000000000000000000000000000000000000000000000000000000000000000000000000000000000000000000000000,1/8,100,17.87500000000000000000000000000000000000000000000000000000000000000000000000000000000000000000000000,143/8,98,17.99913194444444444444444444444444444444444444444444444444444444444444444444444444444444444444444444,449978298611111111111111111111111111111111111111111111111111111111111111111111111111111111111111111/25000000000000000000000000000000000000000000000000000000000000000000000000000000000000000000000000,98,2.249891493055555555555555555555555555555555555555555555555555555555555555555555555555555555555555555,449978298611111111111111111111111111111111111111111111111111111111111111111111111111111111111111111/200000000000000000000000000000000000000000000000000000000000000000000000000000000000000000000000000,99,15.74924045138888888888888888888888888888888888888888888888888888888888888888888888888888888888888889,1574924045138888888888888888888888888888888888888888888888888888888888888888888888888888888888888889/100000000000000000000000000000000000000000000000000000000000000000000000000000000000000000000000000,98,3103298611111111111111111111111111111111111111111111111111111111111111111111111111111111111111111/25000000000000000000000000000000000000000000000000000000000000000000000000000000000000000000000000,20735/1152,0,-1/225000000000000000000000000000000000000000000000000000000000000000000000000000000000000000000000000,0,1/200000000000000000000000000000000000000000000000000000000000000000000000000000000000000000000000000,-1/200000000000000000000000000000000000000000000000000000000000000000000000000000000000000000000000000,RAWNUM_f8a4f97aa184ed9420f7d2e0,TYPEDRAW_3098baec30c1b925e6708018,DEP_03d6ec2ace9af5fc373d5673,DEPCORE_e7f9e61557140375055e76e2,DEPRES_80e8c0826ce12b115611e517,SHAPE_a1e1e52d2ce02bd9a6c5255f,18,1|1/144|449978298611111111111111111111111111111111111111111111111111111111111111111111111111111111111111111/450000000000000000000000000000000000000000000000000000000000000000000000000000000000000000000000000|0|0|1/3600000000000000000000000000000000000000000000000000000000000000000000000000000000000000000000000000,NONE,NONE
71,TPL_fd3312f1e6008fb2266151b7,TOK_3298fe392eefef700a438165,LEGAL_LOCAL_TEMPLATE,UNORDERED_TRIAD,THREE_BODY_COLOR,3,6+12+12,6|12|12,0,negative,6,negative_credit,ACTIVE_LIFT,LOCAL_R2_LIFT,11664,11664,0,-8748.00,-8748,2,20412.00,20412,2,21262.50000000000000000000000000000000000000000000000000000000000000000000000000000000000000000000001,2126250000000000000000000000000000000000000000000000000000000000000000000000000000000000000000000001/100000000000000000000000000000000000000000000000000000000000000000000000000000000000000000000000,95,2657.812500000000000000000000000000000000000000000000000000000000000000000000000000000000000000000001,2657812500000000000000000000000000000000000000000000000000000000000000000000000000000000000000000001/1000000000000000000000000000000000000000000000000000000000000000000000000000000000000000000000000,96,18604.68750000000000000000000000000000000000000000000000000000000000000000000000000000000000000000001,1860468750000000000000000000000000000000000000000000000000000000000000000000000000000000000000000001/100000000000000000000000000000000000000000000000000000000000000000000000000000000000000000000000,95,85050000000000000000000000000000000000000000000000000000000000000000000000000000000000000000000001/100000000000000000000000000000000000000000000000000000000000000000000000000000000000000000000000,42525/2,0,1/100000000000000000000000000000000000000000000000000000000000000000000000000000000000000000000000,-1/4000000000000000000000000000000000000000000000000000000000000000000000000000000000000000000000000,1/800000000000000000000000000000000000000000000000000000000000000000000000000000000000000000000000,-1/1000000000000000000000000000000000000000000000000000000000000000000000000000000000000000000000000,RAWNUM_4d9d8110612040763b9f44bd,TYPEDRAW_0393f1a1856be42404128869,DEP_5b89a13b12d609101059b558,DEPCORE_e92123037f543787523c66f8,DEPRES_f074de5e441edcf1ea29b231,SHAPE_687345559a52c0b0af1cc006,2126250000000000000000000000000000000000000000000000000000000000000000000000000000000000000000000001/100000000000000000000000000000000000000000000000000000000000000000000000000000000000000000000000,1166400000000000000000000000000000000000000000000000000000000000000000000000000000000000000000000000/2126250000000000000000000000000000000000000000000000000000000000000000000000000000000000000000000001|-874800000000000000000000000000000000000000000000000000000000000000000000000000000000000000000000000/2126250000000000000000000000000000000000000000000000000000000000000000000000000000000000000000000001|1|0|-1/85050000000000000000000000000000000000000000000000000000000000000000000000000000000000000000000000040|1/17010000000000000000000000000000000000000000000000000000000000000000000000000000000000000000000000008,NONE,NONE
72,TPL_e58a18565379d94f1f273120,TOK_33ad24c737c78e2809b269e4,LEGAL_LOCAL_TEMPLATE,UNORDERED_TRIAD,THREE_BODY_COLOR,3,3+4+12,3|4|12,3,negative,1,negative_credit,ACTIVE_LIFT,LOCAL_R2_LIFT,6084,6084,0,-0.5134548611111111111111111111111111111111111111111111111111111111111111111111111111111111111111111109,-5134548611111111111111111111111111111111111111111111111111111111111111111111111111111111111111111109/10000000000000000000000000000000000000000000000000000000000000000000000000000000000000000000000000000,100,6084.513454861111111111111111111111111111111111111111111111111111111111111111111111111111111111111111,6084513454861111111111111111111111111111111111111111111111111111111111111111111111111111111111111111/1000000000000000000000000000000000000000000000000000000000000000000000000000000000000000000000000,96,6126.767020519868827160493827160493827160493827160493827160493827160493827160493827160493827160493824,23932683673905737606095679012345679012345679012345679012345679012345679012345679012345679012345679/3906250000000000000000000000000000000000000000000000000000000000000000000000000000000000000000,96,765.845877564983603395061728395061728395061728395061728395061728395061728395061728395061728395061728,23932683673905737606095679012345679012345679012345679012345679012345679012345679012345679012345679/31250000000000000000000000000000000000000000000000000000000000000000000000000000000000000000000,96,5360.921142954885223765432098765432098765432098765432098765432098765432098765432098765432098765432096,167528785717340163242669753086419753086419753086419753086419753086419753086419753086419753086419753/31250000000000000000000000000000000000000000000000000000000000000000000000000000000000000000000,96,42253565658757716049382716049382716049382716049382716049382716049382716049382716049382716049382713/1000000000000000000000000000000000000000000000000000000000000000000000000000000000000000000000000,176450890190972222222222222222222222222222222222222222222222222222222222222222222222222222222222222219/28800000000000000000000000000000000000000000000000000000000000000000000000000000000000000000000000,-1109/10000000000000000000000000000000000000000000000000000000000000000000000000000000000000000000000000000,-439/144000000000000000000000000000000000000000000000000000000000000000000000000000000000000000000000000,0,0,0,RAWNUM_2c28c86dad3b79459bb1dbdd,TYPEDRAW_72a12c4aa35cbe95cb8f8664,DEP_f04ff5945be47724b49deab5,DEPCORE_88cfb08de11a1dec431983e7,DEPRES_c1f7b8696604b0ef9a255f24,SHAPE_56eb73d6fca4121de03b0f10,23932683673905737606095679012345679012345679012345679012345679012345679012345679012345679012345679/3906250000000000000000000000000000000000000000000000000000000000000000000000000000000000000000,23765625000000000000000000000000000000000000000000000000000000000000000000000000000000000000000000/23932683673905737606095679012345679012345679012345679012345679012345679012345679012345679012345679|-5134548611111111111111111111111111111111111111111111111111111111111111111111111111111111111111111109/61267670205198688271604938271604938271604938271604938271604938271604938271604938271604938271604938240000|1|-1109/61267670205198688271604938271604938271604938271604938271604938271604938271604938271604938271604938240000|0|0,NONE,NONE
73,TPL_4332e5dee9a3972236b02f7d,TOK_35b399b42dc5524877c44c5c,REJECTED,UNORDERED_TRIAD,THREE_BODY_COLOR,3,2+3+4,2|3|4,0,neutral,0,positive_debit,ZERO_SUPPORT,ZERO_SUPPORT_NONLOCAL_OR_REJECTED,1044,1044,0,1305.00,1305,2,-261.00,-261,2,0,0,0,0,0,0,0,0,0,261,0,0,0,0,0,0,RAWNUM_97c1d36f18c2c660bffaa6db,TYPEDRAW_64729903820090434104fab1,DEP_2b9ab14f99edb4d442d0684c,DEPCORE_afdd0b59a885cd9752f5584c,DEPRES_73ca7a9ed16e954dab204089,SHAPE_aca101b390433fda81ae9569,1305,4/5|1|0|0|0|0,NONE,NONE
74,TPL_2298448fb1fddc1e7532afc0,TOK_360e725ca0ec28eab6672f8e,LEGAL_LOCAL_TEMPLATE,UNORDERED_TRIAD,THREE_BODY_COLOR,3,2+8+8,2|8|8,0,negative,4,negative_credit,ACTIVE_LIFT,LOCAL_R2_LIFT,4752,4752,0,-2772.000000000000000000000000000000000000000000000000000000000000000000000000000000000000000000000000,-2772,96,7524.000000000000000000000000000000000000000000000000000000000000000000000000000000000000000000000000,7524,96,7733.000000000000000000000000000000000000000000000000000000000000000000000000000000000000000000000002,3866500000000000000000000000000000000000000000000000000000000000000000000000000000000000000000000001/500000000000000000000000000000000000000000000000000000000000000000000000000000000000000000000000,96,966.6250000000000000000000000000000000000000000000000000000000000000000000000000000000000000000000002,4833125000000000000000000000000000000000000000000000000000000000000000000000000000000000000000000001/5000000000000000000000000000000000000000000000000000000000000000000000000000000000000000000000000,97,6766.375000000000000000000000000000000000000000000000000000000000000000000000000000000000000000000001,6766375000000000000000000000000000000000000000000000000000000000000000000000000000000000000000000001/1000000000000000000000000000000000000000000000000000000000000000000000000000000000000000000000000,96,104500000000000000000000000000000000000000000000000000000000000000000000000000000000000000000000001/500000000000000000000000000000000000000000000000000000000000000000000000000000000000000000000000,7733,0,1/500000000000000000000000000000000000000000000000000000000000000000000000000000000000000000000000,-1/20000000000000000000000000000000000000000000000000000000000000000000000000000000000000000000000000,-3/4000000000000000000000000000000000000000000000000000000000000000000000000000000000000000000000000,1/1250000000000000000000000000000000000000000000000000000000000000000000000000000000000000000000000,RAWNUM_e8b1c18a28bdaea474ff0673,TYPEDRAW_43b5c528ced77ba572221f95,DEP_455da35d64d47897a20a8771,DEPCORE_50022f39e0600e147c054f11,DEPRES_7b703651e62eb5dec98c2a2a,SHAPE_38739b8d8a8708fdc510c008,3866500000000000000000000000000000000000000000000000000000000000000000000000000000000000000000000001/500000000000000000000000000000000000000000000000000000000000000000000000000000000000000000000000,2376000000000000000000000000000000000000000000000000000000000000000000000000000000000000000000000000/3866500000000000000000000000000000000000000000000000000000000000000000000000000000000000000000000001|-198000000000000000000000000000000000000000000000000000000000000000000000000000000000000000000000000/552357142857142857142857142857142857142857142857142857142857142857142857142857142857142857142857143|1|0|-1/154660000000000000000000000000000000000000000000000000000000000000000000000000000000000000000000000040|-3/30932000000000000000000000000000000000000000000000000000000000000000000000000000000000000000000000008,NONE,NONE
75,TPL_3d64f46078c980fa451b06cd,TOK_378b1fe43d4d985a6f57bec2,LEGAL_LOCAL_TEMPLATE,UNARY_CONJUGATE,ONE_BODY_CONJUGATE,1,8,8,0,positive,8,positive_debit,ACTIVE_LIFT,LOCAL_R2_LIFT,12.0,12,1,8.000000000000000000000000000000000000000000000000000000000000000000000000000000000000000000000000000,8,99,4.000000000000000000000000000000000000000000000000000000000000000000000000000000000000000000000000000,4,99,4.222222222222222222222222222222222222222222222222222222222222222222222222222222222222222222222222224,263888888888888888888888888888888888888888888888888888888888888888888888888888888888888888888888889/62500000000000000000000000000000000000000000000000000000000000000000000000000000000000000000000000,99,0.527777777777777777777777777777777777777777777777777777777777777777777777777777777777777777777777778,263888888888888888888888888888888888888888888888888888888888888888888888888888888888888888888888889/500000000000000000000000000000000000000000000000000000000000000000000000000000000000000000000000000,99,3.694444444444444444444444444444444444444444444444444444444444444444444444444444444444444444444444446,1847222222222222222222222222222222222222222222222222222222222222222222222222222222222222222222222223/500000000000000000000000000000000000000000000000000000000000000000000000000000000000000000000000000,99,13888888888888888888888888888888888888888888888888888888888888888888888888888888888888888888888889/62500000000000000000000000000000000000000000000000000000000000000000000000000000000000000000000000,38/9,0,1/562500000000000000000000000000000000000000000000000000000000000000000000000000000000000000000000000,0,0,0,RAWNUM_aeba6349b718a8e6a3fa26ad,TYPEDRAW_138bb62d0d5fcd3d54f2e253,DEP_f9db3b7d3e9e22cd13053488,DEPCORE_7f5942f6bedcc5c62b6e189f,DEPRES_8a103b34d1548e316ed94515,SHAPE_f87a1b63463518674ae9d2d7,12,1|2/3|87962962962962962962962962962962962962962962962962962962962962962962962962962962962962962962962963/250000000000000000000000000000000000000000000000000000000000000000000000000000000000000000000000000|0|0|0,NONE,NONE
76,TPL_e3f9e00fc621d45f38ca81aa,TOK_38ae2915e81e7cb2b8149ea6,LEGAL_LOCAL_TEMPLATE,UNORDERED_TRIAD,THREE_BODY_COLOR,3,2+3+6,2|3|6,3,negative,1,negative_credit,ACTIVE_LIFT,LOCAL_R2_LIFT,1764,1764,0,-0.1488715277777777777777777777777777777777777777777777777777777777777777777777777777777777777777777777,-1488715277777777777777777777777777777777777777777777777777777777777777777777777777777777777777777777/10000000000000000000000000000000000000000000000000000000000000000000000000000000000000000000000000000,100,1764.148871527777777777777777777777777777777777777777777777777777777777777777777777777777777777777778,882074435763888888888888888888888888888888888888888888888888888888888888888888888888888888888888889/500000000000000000000000000000000000000000000000000000000000000000000000000000000000000000000000,96,1776.399905357831790123456790123456790123456790123456790123456790123456790123456790123456790123456790,177639990535783179012345679012345679012345679012345679012345679012345679012345679012345679012345679/100000000000000000000000000000000000000000000000000000000000000000000000000000000000000000000000,96,222.0499881697289737654320987654320987654320987654320987654320987654320987654320987654320987654320988,555124970424322434413580246913580246913580246913580246913580246913580246913580246913580246913580247/2500000000000000000000000000000000000000000000000000000000000000000000000000000000000000000000000,97,1554.349917188102816358024691358024691358024691358024691358024691358024691358024691358024691358024691,1554349917188102816358024691358024691358024691358024691358024691358024691358024691358024691358024691/1000000000000000000000000000000000000000000000000000000000000000000000000000000000000000000000000,96,3062758457513503086419753086419753086419753086419753086419753086419753086419753086419753086419753/250000000000000000000000000000000000000000000000000000000000000000000000000000000000000000000000,25580158637152777777777777777777777777777777777777777777777777777777777777777777777777777777777777781/14400000000000000000000000000000000000000000000000000000000000000000000000000000000000000000000000,2223/10000000000000000000000000000000000000000000000000000000000000000000000000000000000000000000000000000,-1/2880000000000000000000000000000000000000000000000000000000000000000000000000000000000000000000000,1/20000000000000000000000000000000000000000000000000000000000000000000000000000000000000000000000000,-1/4000000000000000000000000000000000000000000000000000000000000000000000000000000000000000000000000,1/5000000000000000000000000000000000000000000000000000000000000000000000000000000000000000000000000,RAWNUM_8a04aab522c40d2e40309b6e,TYPEDRAW_54130de7c3e99c8972448733,DEP_4cadf39ebb49a099b44e09e1,DEPCORE_11f870eda484dccccf199818,DEPRES_7f222da68df601d3178838b6,SHAPE_acf773184793ae02729c9624,177639990535783179012345679012345679012345679012345679012345679012345679012345679012345679012345679/100000000000000000000000000000000000000000000000000000000000000000000000000000000000000000000000,19600000000000000000000000000000000000000000000000000000000000000000000000000000000000000000000000/19737776726198131001371742112482853223593964334705075445816186556927297668038408779149519890260631|-1488715277777777777777777777777777777777777777777777777777777777777777777777777777777777777777777777/17763999053578317901234567901234567901234567901234567901234567901234567901234567901234567901234567900000|1|247/1973777672619813100137174211248285322359396433470507544581618655692729766803840877914951989026063100000|1/35527998107156635802469135802469135802469135802469135802469135802469135802469135802469135802469135800|-1/7105599621431327160493827160493827160493827160493827160493827160493827160493827160493827160493827160,NONE,NONE
77,TPL_c26df4e6c4cf8634855d92a1,TOK_392ff54c1b8475e08a39485c,LEGAL_LOCAL_TEMPLATE,ORDERED_PAIR,TWO_BODY_PAIR,2,4+8,4|8,3,negative,4,negative_credit,ACTIVE_LIFT,LOCAL_R2_LIFT,396,396,0,-0.1336805555555555555555555555555555555555555555555555555555555555555555555555555555555555555555555556,-334201388888888888888888888888888888888888888888888888888888888888888888888888888888888888888888889/2500000000000000000000000000000000000000000000000000000000000000000000000000000000000000000000000000,100,396.1336805555555555555555555555555555555555555555555555555555555555555555555555555555555555555555556,990334201388888888888888888888888888888888888888888888888888888888888888888888888888888888888888889/2500000000000000000000000000000000000000000000000000000000000000000000000000000000000000000000000,97,407.1373939043209876543209876543209876543209876543209876543209876543209876543209876543209876543209878,2035686969521604938271604938271604938271604938271604938271604938271604938271604938271604938271604939/5000000000000000000000000000000000000000000000000000000000000000000000000000000000000000000000000,97,50.89217423804012345679012345679012345679012345679012345679012345679012345679012345679012345679012348,1272304355951003086419753086419753086419753086419753086419753086419753086419753086419753086419753087/25000000000000000000000000000000000000000000000000000000000000000000000000000000000000000000000000,98,356.2452196662808641975308641975308641975308641975308641975308641975308641975308641975308641975308644,890613049165702160493827160493827160493827160493827160493827160493827160493827160493827160493827161/2500000000000000000000000000000000000000000000000000000000000000000000000000000000000000000000000,97,55018566743827160493827160493827160493827160493827160493827160493827160493827160493827160493827161/5000000000000000000000000000000000000000000000000000000000000000000000000000000000000000000000000,4071373939043209876543209876543209876543209876543209876543209876543209876543209876543209876543209877/10000000000000000000000000000000000000000000000000000000000000000000000000000000000000000000000000,111/2500000000000000000000000000000000000000000000000000000000000000000000000000000000000000000000000000,1/10000000000000000000000000000000000000000000000000000000000000000000000000000000000000000000000000,1/200000000000000000000000000000000000000000000000000000000000000000000000000000000000000000000000000,3/40000000000000000000000000000000000000000000000000000000000000000000000000000000000000000000000000,-1/12500000000000000000000000000000000000000000000000000000000000000000000000000000000000000000000000,RAWNUM_a4b0d17ef68b6735e042c055,TYPEDRAW_816124e3fcb7fe8bfe7a4226,DEP_6734d5f7fe55c9aaa82e8114,DEPCORE_9a1207c4a96c715550b09359,DEPRES_0a8be78680a8aa3632bce4eb,SHAPE_ed9794ba4521df021a06e262,2035686969521604938271604938271604938271604938271604938271604938271604938271604938271604938271604939/5000000000000000000000000000000000000000000000000000000000000000000000000000000000000000000000000,660000000000000000000000000000000000000000000000000000000000000000000000000000000000000000000000000/678562323173868312757201646090534979423868312757201646090534979423868312757201646090534979423868313|-111400462962962962962962962962962962962962962962962962962962962962962962962962962962962962962962963/339281161586934156378600823045267489711934156378600823045267489711934156378600823045267489711934156500|1|37/339281161586934156378600823045267489711934156378600823045267489711934156378600823045267489711934156500|1/81427478780864197530864197530864197530864197530864197530864197530864197530864197530864197530864197560|1/5428498585390946502057613168724279835390946502057613168724279835390946502057613168724279835390946504,NONE,NONE
78,TPL_62ba877524e971cf1c3530cb,TOK_39c7f739d74fe216181d657a,REJECTED,UNORDERED_TRIAD,THREE_BODY_COLOR,3,3+3+6,3|3|6,0,neutral,0,positive_debit,ZERO_SUPPORT,ZERO_SUPPORT_NONLOCAL_OR_REJECTED,1944,1944,0,2430.00,2430,2,-486.00,-486,2,0,0,0,0,0,0,0,0,0,486,0,0,0,0,0,0,RAWNUM_fac860ffc8d043e1fb1a7342,TYPEDRAW_b52f15c63b521fb95e866118,DEP_fe81a20e404b5568fc74bd85,DEPCORE_0f94aebe71a910f72910ac77,DEPRES_73ca7a9ed16e954dab204089,SHAPE_aca101b390433fda81ae9569,2430,4/5|1|0|0|0|0,NONE,NONE
79,TPL_a82f5dc7c01a4a9b9296919c,TOK_3b2cc7efb3c04d75c4664f76,LEGAL_LOCAL_TEMPLATE,UNARY_CONJUGATE,ONE_BODY_CONJUGATE,1,6,6,1,negative,6,negative_credit,ACTIVE_LIFT,LOCAL_R2_LIFT,90.00,90,2,-3.750,-15/4,3,93.750,375/4,3,97.65625000000000000000000000000000000000000000000000000000000000000000000000000000000000000000000003,9765625000000000000000000000000000000000000000000000000000000000000000000000000000000000000000000003/100000000000000000000000000000000000000000000000000000000000000000000000000000000000000000000000000,98,12.20703125000000000000000000000000000000000000000000000000000000000000000000000000000000000000000000,3125/256,98,85.44921875000000000000000000000000000000000000000000000000000000000000000000000000000000000000000002,4272460937500000000000000000000000000000000000000000000000000000000000000000000000000000000000000001/50000000000000000000000000000000000000000000000000000000000000000000000000000000000000000000000000,98,390625000000000000000000000000000000000000000000000000000000000000000000000000000000000000000000003/100000000000000000000000000000000000000000000000000000000000000000000000000000000000000000000000000,3125/32,0,3/100000000000000000000000000000000000000000000000000000000000000000000000000000000000000000000000000,-3/800000000000000000000000000000000000000000000000000000000000000000000000000000000000000000000000000,-1/160000000000000000000000000000000000000000000000000000000000000000000000000000000000000000000000000,1/100000000000000000000000000000000000000000000000000000000000000000000000000000000000000000000000000,RAWNUM_561265732fd4b655e1e6e632,TYPEDRAW_c75c53847cd263db6bc56407,DEP_8c9f3d7a9a10651337e240e6,DEPCORE_602186fb8d7b1aa6d83673f8,DEPRES_c14f7277ab294cf28d40714c,SHAPE_f594a253228271a536fc0b62,9765625000000000000000000000000000000000000000000000000000000000000000000000000000000000000000000003/100000000000000000000000000000000000000000000000000000000000000000000000000000000000000000000000000,9000000000000000000000000000000000000000000000000000000000000000000000000000000000000000000000000000/9765625000000000000000000000000000000000000000000000000000000000000000000000000000000000000000000003|-375000000000000000000000000000000000000000000000000000000000000000000000000000000000000000000000000/9765625000000000000000000000000000000000000000000000000000000000000000000000000000000000000000000003|1|0|-3/78125000000000000000000000000000000000000000000000000000000000000000000000000000000000000000000000024|-5/78125000000000000000000000000000000000000000000000000000000000000000000000000000000000000000000000024,NONE,NONE
80,TPL_4c61e613f46de25d2ab4f258,TOK_3bd9f82f617648b5ee5930af,LEGAL_LOCAL_TEMPLATE,UNORDERED_TRIAD,THREE_BODY_COLOR,3,2+2+12,2|2|12,3,neutral,0,positive_debit,ZERO_FEE,LOCAL_R2_LIFT,5472,5472,0,3.364583333333333333333333333333333333333333333333333333333333333333333333333333333333333333333333334,1682291666666666666666666666666666666666666666666666666666666666666666666666666666666666666666666667/500000000000000000000000000000000000000000000000000000000000000000000000000000000000000000000000000,99,5468.635416666666666666666666666666666666666666666666666666666666666666666666666666666666666666666667,5468635416666666666666666666666666666666666666666666666666666666666666666666666666666666666666666667/1000000000000000000000000000000000000000000000000000000000000000000000000000000000000000000000000,96,5468.635416666666666666666666666666666666666666666666666666666666666666666666666666666666666666666667,5468635416666666666666666666666666666666666666666666666666666666666666666666666666666666666666666667/1000000000000000000000000000000000000000000000000000000000000000000000000000000000000000000000000,96,683.5794270833333333333333333333333333333333333333333333333333333333333333333333333333333333333333334,3417897135416666666666666666666666666666666666666666666666666666666666666666666666666666666666666667/5000000000000000000000000000000000000000000000000000000000000000000000000000000000000000000000000,97,4785.055989583333333333333333333333333333333333333333333333333333333333333333333333333333333333333334,2392527994791666666666666666666666666666666666666666666666666666666666666666666666666666666666666667/500000000000000000000000000000000000000000000000000000000000000000000000000000000000000000000000,96,0,5468635416666666666666666666666666666666666666666666666666666666666666666666666666666666666666666667/1000000000000000000000000000000000000000000000000000000000000000000000000000000000000000000000000,167/500000000000000000000000000000000000000000000000000000000000000000000000000000000000000000000000000,0,1/40000000000000000000000000000000000000000000000000000000000000000000000000000000000000000000000000,3/8000000000000000000000000000000000000000000000000000000000000000000000000000000000000000000000000,-1/2500000000000000000000000000000000000000000000000000000000000000000000000000000000000000000000000,RAWNUM_43dd436768739d5c6a415223,TYPEDRAW_774fdb6a26b2eb6749786c2c,DEP_8a2dc4272f4887f31a557b4b,DEPCORE_f1a89aa8bd7def9a8c5f30a3,DEPRES_a1fbcb47e316d135212d657d,SHAPE_ef5995aeb8fdedfddbc2835b,5472,1|560763888888888888888888888888888888888888888888888888888888888888888888888888888888888888888888889/912000000000000000000000000000000000000000000000000000000000000000000000000000000000000000000000000000|5468635416666666666666666666666666666666666666666666666666666666666666666666666666666666666666666667/5472000000000000000000000000000000000000000000000000000000000000000000000000000000000000000000000000|167/2736000000000000000000000000000000000000000000000000000000000000000000000000000000000000000000000000000|1/218880000000000000000000000000000000000000000000000000000000000000000000000000000000000000000000000000|1/14592000000000000000000000000000000000000000000000000000000000000000000000000000000000000000000000000,NONE,NONE
81,TPL_1b4431891b02c2a33a2c33da,TOK_3c9cdc895c6cdd2008512ab3,LEGAL_LOCAL_TEMPLATE,UNORDERED_TRIAD,THREE_BODY_COLOR,3,2+6+6,2|6|6,3,negative,4,negative_credit,ACTIVE_LIFT,LOCAL_R2_LIFT,2736,2736,0,-0.6267361111111111111111111111111111111111111111111111111111111111111111111111111111111111111111111109,-6267361111111111111111111111111111111111111111111111111111111111111111111111111111111111111111111109/10000000000000000000000000000000000000000000000000000000000000000000000000000000000000000000000000000,100,2736.626736111111111111111111111111111111111111111111111111111111111111111111111111111111111111111111,2736626736111111111111111111111111111111111111111111111111111111111111111111111111111111111111111111/1000000000000000000000000000000000000000000000000000000000000000000000000000000000000000000000000,96,2812.644145447530864197530864197530864197530864197530864197530864197530864197530864197530864197530865,562528829089506172839506172839506172839506172839506172839506172839506172839506172839506172839506173/200000000000000000000000000000000000000000000000000000000000000000000000000000000000000000000000,96,351.5805181809413580246913580246913580246913580246913580246913580246913580246913580246913580246913581,3515805181809413580246913580246913580246913580246913580246913580246913580246913580246913580246913581/10000000000000000000000000000000000000000000000000000000000000000000000000000000000000000000000000,97,2461.063627266589506172839506172839506172839506172839506172839506172839506172839506172839506172839508,615265906816647376543209876543209876543209876543209876543209876543209876543209876543209876543209877/250000000000000000000000000000000000000000000000000000000000000000000000000000000000000000000000,96,38008704668209876543209876543209876543209876543209876543209876543209876543209876543209876543209877/500000000000000000000000000000000000000000000000000000000000000000000000000000000000000000000000,33751729745370370370370370370370370370370370370370370370370370370370370370370370370370370370370370369/12000000000000000000000000000000000000000000000000000000000000000000000000000000000000000000000000,-1109/10000000000000000000000000000000000000000000000000000000000000000000000000000000000000000000000000000,11/12000000000000000000000000000000000000000000000000000000000000000000000000000000000000000000000000,-1/40000000000000000000000000000000000000000000000000000000000000000000000000000000000000000000000000,9/8000000000000000000000000000000000000000000000000000000000000000000000000000000000000000000000000,-11/10000000000000000000000000000000000000000000000000000000000000000000000000000000000000000000000000,RAWNUM_de582814a049d75150c582cb,TYPEDRAW_077dbf4a2e718ce91935d228,DEP_4c55e196ff2dc1df973214eb,DEPCORE_26ab93260ae8d11f6c8acc4f,DEPRES_95f27361fe2ec7c89475f7f9,SHAPE_b98dbdd7cf06f1a6736c0191,562528829089506172839506172839506172839506172839506172839506172839506172839506172839506172839506173/200000000000000000000000000000000000000000000000000000000000000000000000000000000000000000000000,547200000000000000000000000000000000000000000000000000000000000000000000000000000000000000000000000/562528829089506172839506172839506172839506172839506172839506172839506172839506172839506172839506173|-6267361111111111111111111111111111111111111111111111111111111111111111111111111111111111111111111109/28126441454475308641975308641975308641975308641975308641975308641975308641975308641975308641975308650000|1|-1109/28126441454475308641975308641975308641975308641975308641975308641975308641975308641975308641975308650000|-1/112505765817901234567901234567901234567901234567901234567901234567901234567901234567901234567901234600|9/22501153163580246913580246913580246913580246913580246913580246913580246913580246913580246913580246920,NONE,NONE
82,TPL_f36431ffdde1f3cf30b41a5f,TOK_3cb2b0617c52bdf37f2c5cad,LEGAL_LOCAL_TEMPLATE,UNORDERED_TRIAD,THREE_BODY_COLOR,3,2+3+3,2|3|3,3,negative,1,negative_credit,ACTIVE_LIFT,LOCAL_R2_LIFT,792,792,0,-0.06684027777777777777777777777777777777777777777777777777777777777777777777777777777777777777777777776,-417751736111111111111111111111111111111111111111111111111111111111111111111111111111111111111111111/6250000000000000000000000000000000000000000000000000000000000000000000000000000000000000000000000000,101,792.0668402777777777777777777777777777777777777777777777777777777777777777777777777777777777777777778,3960334201388888888888888888888888888888888888888888888888888888888888888888888888888888888888888889/5000000000000000000000000000000000000000000000000000000000000000000000000000000000000000000000000,97,797.5673044463734567901234567901234567901234567901234567901234567901234567901234567901234567901234565,1595134608892746913580246913580246913580246913580246913580246913580246913580246913580246913580246913/2000000000000000000000000000000000000000000000000000000000000000000000000000000000000000000000000,97,99.69591305579668209876543209876543209876543209876543209876543209876543209876543209876543209876543206,4984795652789834104938271604938271604938271604938271604938271604938271604938271604938271604938271603/50000000000000000000000000000000000000000000000000000000000000000000000000000000000000000000000000,98,697.8713913905767746913580246913580246913580246913580246913580246913580246913580246913580246913580245,1395742782781153549382716049382716049382716049382716049382716049382716049382716049382716049382716049/2000000000000000000000000000000000000000000000000000000000000000000000000000000000000000000000000,97,55004641685956790123456790123456790123456790123456790123456790123456790123456790123456790123456787/10000000000000000000000000000000000000000000000000000000000000000000000000000000000000000000000000,12761076871141975308641975308641975308641975308641975308641975308641975308641975308641975308641975309/16000000000000000000000000000000000000000000000000000000000000000000000000000000000000000000000000,139/6250000000000000000000000000000000000000000000000000000000000000000000000000000000000000000000000000,-1/3200000000000000000000000000000000000000000000000000000000000000000000000000000000000000000000000,-1/400000000000000000000000000000000000000000000000000000000000000000000000000000000000000000000000000,1/16000000000000000000000000000000000000000000000000000000000000000000000000000000000000000000000000,-3/50000000000000000000000000000000000000000000000000000000000000000000000000000000000000000000000000,RAWNUM_4e790e1be7e0a815b002a244,TYPEDRAW_015b306fa543e70ea8843f2a,DEP_a0ae2e309a4e54845b2fc8cc,DEPCORE_8beed266f45f4a74c5a741bc,DEPRES_c1d04e70a51c74fe9ab58b05,SHAPE_a34dedbf9e404ed09a62058f,1595134608892746913580246913580246913580246913580246913580246913580246913580246913580246913580246913/2000000000000000000000000000000000000000000000000000000000000000000000000000000000000000000000000,1584000000000000000000000000000000000000000000000000000000000000000000000000000000000000000000000000/1595134608892746913580246913580246913580246913580246913580246913580246913580246913580246913580246913|-417751736111111111111111111111111111111111111111111111111111111111111111111111111111111111111111111/4984795652789834104938271604938271604938271604938271604938271604938271604938271604938271604938271603125|1|139/4984795652789834104938271604938271604938271604938271604938271604938271604938271604938271604938271603125|-1/319026921778549382716049382716049382716049382716049382716049382716049382716049382716049382716049382600|1/12761076871141975308641975308641975308641975308641975308641975308641975308641975308641975308641975304,NONE,NONE
83,TPL_de60a243fa8bc4f7f633e135,TOK_3cf24ae4baab8150aafe6b84,LEGAL_LOCAL_TEMPLATE,UNARY_DIRECT,ONE_BODY_DIRECT,1,3,3,1,positive,3,zero_contact,ACTIVE_LIFT,LOCAL_R2_LIFT,45.00,45,2,0,0,0,45.00,45,2,45.93749999999999999999999999999999999999999999999999999999999999999999999999999999999999999999999998,2296874999999999999999999999999999999999999999999999999999999999999999999999999999999999999999999999/50000000000000000000000000000000000000000000000000000000000000000000000000000000000000000000000000,98,5.742187499999999999999999999999999999999999999999999999999999999999999999999999999999999999999999998,2871093749999999999999999999999999999999999999999999999999999999999999999999999999999999999999999999/500000000000000000000000000000000000000000000000000000000000000000000000000000000000000000000000000,99,40.19531249999999999999999999999999999999999999999999999999999999999999999999999999999999999999999999,4019531249999999999999999999999999999999999999999999999999999999999999999999999999999999999999999999/100000000000000000000000000000000000000000000000000000000000000000000000000000000000000000000000000,98,46874999999999999999999999999999999999999999999999999999999999999999999999999999999999999999999999/50000000000000000000000000000000000000000000000000000000000000000000000000000000000000000000000000,735/16,0,-1/50000000000000000000000000000000000000000000000000000000000000000000000000000000000000000000000000,1/2000000000000000000000000000000000000000000000000000000000000000000000000000000000000000000000000000,3/400000000000000000000000000000000000000000000000000000000000000000000000000000000000000000000000000,-1/125000000000000000000000000000000000000000000000000000000000000000000000000000000000000000000000000,RAWNUM_90f415d3a4852561fdfc415a,TYPEDRAW_e8ee9a37e9fa764a77252f08,DEP_afcb9ccbb3fab787aba8294d,DEPCORE_b96b3ca64616a77a85919e35,DEPRES_175643db0ab6f3a9885ac3b8,SHAPE_1307ed3b1bc1e5d42536b88b,2296874999999999999999999999999999999999999999999999999999999999999999999999999999999999999999999999/50000000000000000000000000000000000000000000000000000000000000000000000000000000000000000000000000,2250000000000000000000000000000000000000000000000000000000000000000000000000000000000000000000000000/2296874999999999999999999999999999999999999999999999999999999999999999999999999999999999999999999999|0|1|0|1/91874999999999999999999999999999999999999999999999999999999999999999999999999999999999999999999999960|3/18374999999999999999999999999999999999999999999999999999999999999999999999999999999999999999999999992,NONE,NONE
84,TPL_bf224c96512487ad601b4e68,TOK_3e7eaaa8755b46fef52a8e1d,LEGAL_LOCAL_TEMPLATE,UNORDERED_TRIAD,THREE_BODY_COLOR,3,4+8+8,4|8|8,3,negative,2,negative_credit,ACTIVE_LIFT,LOCAL_R2_LIFT,5184,5184,0,-0.6875000000000000000000000000000000000000000000000000000000000000000000000000000000000000000000000001,-6875000000000000000000000000000000000000000000000000000000000000000000000000000000000000000000000001/10000000000000000000000000000000000000000000000000000000000000000000000000000000000000000000000000000,100,5184.687500000000000000000000000000000000000000000000000000000000000000000000000000000000000000000000,82955/16,96,5256.697048611111111111111111111111111111111111111111111111111111111111111111111111111111111111111112,657087131076388888888888888888888888888888888888888888888888888888888888888888888888888888888888889/125000000000000000000000000000000000000000000000000000000000000000000000000000000000000000000000,96,657.087131076388888888888888888888888888888888888888888888888888888888888888888888888888888888888889,657087131076388888888888888888888888888888888888888888888888888888888888888888888888888888888888889/1000000000000000000000000000000000000000000000000000000000000000000000000000000000000000000000000,96,4599.609917534722222222222222222222222222222222222222222222222222222222222222222222222222222222222222,2299804958767361111111111111111111111111111111111111111111111111111111111111111111111111111111111111/500000000000000000000000000000000000000000000000000000000000000000000000000000000000000000000000,96,9001193576388888888888888888888888888888888888888888888888888888888888888888888888888888888888889/125000000000000000000000000000000000000000000000000000000000000000000000000000000000000000000000,6055715/1152,-1/10000000000000000000000000000000000000000000000000000000000000000000000000000000000000000000000000000,1/1125000000000000000000000000000000000000000000000000000000000000000000000000000000000000000000000,0,-1/1000000000000000000000000000000000000000000000000000000000000000000000000000000000000000000000000,1/1000000000000000000000000000000000000000000000000000000000000000000000000000000000000000000000000,RAWNUM_b7fdadb292d36ec699185634,TYPEDRAW_ff34a875e0e9ea2fdf76a376,DEP_719ea153958cd9bc8887ec04,DEPCORE_740b9f2536d4b10d20f3e356,DEPRES_fe53074d1efb54064ae2d45d,SHAPE_d120db7d2acf40497c956388,657087131076388888888888888888888888888888888888888888888888888888888888888888888888888888888888889/125000000000000000000000000000000000000000000000000000000000000000000000000000000000000000000000,648000000000000000000000000000000000000000000000000000000000000000000000000000000000000000000000000/657087131076388888888888888888888888888888888888888888888888888888888888888888888888888888888888889|-6875000000000000000000000000000000000000000000000000000000000000000000000000000000000000000000000001/52566970486111111111111111111111111111111111111111111111111111111111111111111111111111111111111111120000|1|-1/52566970486111111111111111111111111111111111111111111111111111111111111111111111111111111111111111120000|0|-1/5256697048611111111111111111111111111111111111111111111111111111111111111111111111111111111111111112,NONE,NONE
85,TPL_ed9ace7269a5712cc0827eda,TOK_4331073a0101f6b7ed7858b4,LEGAL_LOCAL_TEMPLATE,UNORDERED_TRIAD,THREE_BODY_COLOR,3,4+6+6,4|6|6,3,negative,2,negative_credit,ACTIVE_LIFT,LOCAL_R2_LIFT,3168,3168,0,-0.4201388888888888888888888888888888888888888888888888888888888888888888888888888888888888888888888889,-4201388888888888888888888888888888888888888888888888888888888888888888888888888888888888888888888889/10000000000000000000000000000000000000000000000000000000000000000000000000000000000000000000000000000,100,3168.420138888888888888888888888888888888888888888888888888888888888888888888888888888888888888888889,3168420138888888888888888888888888888888888888888888888888888888888888888888888888888888888888888889/1000000000000000000000000000000000000000000000000000000000000000000000000000000000000000000000000,96,3212.425974151234567901234567901234567901234567901234567901234567901234567901234567901234567901234568,401553246768904320987654320987654320987654320987654320987654320987654320987654320987654320987654321/125000000000000000000000000000000000000000000000000000000000000000000000000000000000000000000000,96,401.553246768904320987654320987654320987654320987654320987654320987654320987654320987654320987654321,401553246768904320987654320987654320987654320987654320987654320987654320987654320987654320987654321/1000000000000000000000000000000000000000000000000000000000000000000000000000000000000000000000000,96,2810.872727382330246913580246913580246913580246913580246913580246913580246913580246913580246913580248,351359090922791280864197530864197530864197530864197530864197530864197530864197530864197530864197531/125000000000000000000000000000000000000000000000000000000000000000000000000000000000000000000000,96,44005835262345679012345679012345679012345679012345679012345679012345679012345679012345679012345679/1000000000000000000000000000000000000000000000000000000000000000000000000000000000000000000000000,231294670138888888888888888888888888888888888888888888888888888888888888888888888888888888888888888897/72000000000000000000000000000000000000000000000000000000000000000000000000000000000000000000000000,1111/10000000000000000000000000000000000000000000000000000000000000000000000000000000000000000000000000000,-1/72000000000000000000000000000000000000000000000000000000000000000000000000000000000000000000000000,0,1/1000000000000000000000000000000000000000000000000000000000000000000000000000000000000000000000000,-1/1000000000000000000000000000000000000000000000000000000000000000000000000000000000000000000000000,RAWNUM_d0c74f23c5c7b3ae121f58a3,TYPEDRAW_84be61c8ef93bba747c28767,DEP_bfaabdb0a3954d608b8fd076,DEPCORE_c3cafaaa554b7d09220f3b48,DEPRES_59ac50edc26b4ed9806074d9,SHAPE_2cb6c622f142c935d1036a1b,401553246768904320987654320987654320987654320987654320987654320987654320987654320987654320987654321/125000000000000000000000000000000000000000000000000000000000000000000000000000000000000000000000,396000000000000000000000000000000000000000000000000000000000000000000000000000000000000000000000000/401553246768904320987654320987654320987654320987654320987654320987654320987654320987654320987654321|-4201388888888888888888888888888888888888888888888888888888888888888888888888888888888888888888888889/32124259741512345679012345679012345679012345679012345679012345679012345679012345679012345679012345680000|1|1111/32124259741512345679012345679012345679012345679012345679012345679012345679012345679012345679012345680000|0|1/3212425974151234567901234567901234567901234567901234567901234567901234567901234567901234567901234568,NONE,NONE
86,TPL_ae637e4aa6ac2e30c7e845d7,TOK_43ea7c3319c1e729462d3dfb,LEGAL_LOCAL_TEMPLATE,ORDERED_PAIR,TWO_BODY_PAIR,2,4+12,4|12,3,negative,8,negative_credit,ACTIVE_LIFT,LOCAL_R2_LIFT,600,600,0,-0.2531828703703703703703703703703703703703703703703703703703703703703703703703703703703703703703703704,-316478587962962962962962962962962962962962962962962962962962962962962962962962962962962962962962963/1250000000000000000000000000000000000000000000000000000000000000000000000000000000000000000000000000,100,600.2531828703703703703703703703703703703703703703703703703703703703703703703703703703703703703703704,750316478587962962962962962962962962962962962962962962962962962962962962962962962962962962962962963/1250000000000000000000000000000000000000000000000000000000000000000000000000000000000000000000000,97,633.6005819187242798353909465020576131687242798353909465020576131687242798353909465020576131687242801,6336005819187242798353909465020576131687242798353909465020576131687242798353909465020576131687242801/10000000000000000000000000000000000000000000000000000000000000000000000000000000000000000000000000,97,79.20007273984053497942386831275720164609053497942386831275720164609053497942386831275720164609053501,7920007273984053497942386831275720164609053497942386831275720164609053497942386831275720164609053501/100000000000000000000000000000000000000000000000000000000000000000000000000000000000000000000000000,98,554.4005091788837448559670781893004115226337448559670781893004115226337448559670781893004115226337451,5544005091788837448559670781893004115226337448559670781893004115226337448559670781893004115226337451/10000000000000000000000000000000000000000000000000000000000000000000000000000000000000000000000000,97,333473990483539094650205761316872427983539094650205761316872427983539094650205761316872427983539097/10000000000000000000000000000000000000000000000000000000000000000000000000000000000000000000000000,4752004364390432098765432098765432098765432098765432098765432098765432098765432098765432098765432099/7500000000000000000000000000000000000000000000000000000000000000000000000000000000000000000000000,37/1250000000000000000000000000000000000000000000000000000000000000000000000000000000000000000000000000,7/30000000000000000000000000000000000000000000000000000000000000000000000000000000000000000000000000,-1/400000000000000000000000000000000000000000000000000000000000000000000000000000000000000000000000000,1/80000000000000000000000000000000000000000000000000000000000000000000000000000000000000000000000000,-1/100000000000000000000000000000000000000000000000000000000000000000000000000000000000000000000000000,RAWNUM_118eaf173b49d3292cf23cbb,TYPEDRAW_f3cc6fffb0d9607ccc3cb3c4,DEP_46618c6108f6296aa03d1440,DEPCORE_dd4fec0e07bd260b2cf611ee,DEPRES_4abc8d4af8565f81fe8b1c6f,SHAPE_546b50959117daa309525155,6336005819187242798353909465020576131687242798353909465020576131687242798353909465020576131687242801/10000000000000000000000000000000000000000000000000000000000000000000000000000000000000000000000000,6000000000000000000000000000000000000000000000000000000000000000000000000000000000000000000000000000/6336005819187242798353909465020576131687242798353909465020576131687242798353909465020576131687242801|-316478587962962962962962962962962962962962962962962962962962962962962962962962962962962962962962963/792000727398405349794238683127572016460905349794238683127572016460905349794238683127572016460905350125|1|37/792000727398405349794238683127572016460905349794238683127572016460905349794238683127572016460905350125|-1/253440232767489711934156378600823045267489711934156378600823045267489711934156378600823045267489712040|1/50688046553497942386831275720164609053497942386831275720164609053497942386831275720164609053497942408,NONE,NONE
87,TPL_d65c90c32364ed55d0115076,TOK_4492d05a50987840009a6cc6,LEGAL_LOCAL_TEMPLATE,UNORDERED_TRIAD,THREE_BODY_COLOR,3,1+8+8,1|8|8,3,negative,5,negative_credit,ACTIVE_LIFT,LOCAL_R2_LIFT,4644,4644,0,-1.287760416666666666666666666666666666666666666666666666666666666666666666666666666666666666666666667,-1287760416666666666666666666666666666666666666666666666666666666666666666666666666666666666666666667/1000000000000000000000000000000000000000000000000000000000000000000000000000000000000000000000000000,99,4645.287760416666666666666666666666666666666666666666666666666666666666666666666666666666666666666667,4645287760416666666666666666666666666666666666666666666666666666666666666666666666666666666666666667/1000000000000000000000000000000000000000000000000000000000000000000000000000000000000000000000000,96,4806.582474320023148148148148148148148148148148148148148148148148148148148148148148148148148148148147,4806582474320023148148148148148148148148148148148148148148148148148148148148148148148148148148148147/1000000000000000000000000000000000000000000000000000000000000000000000000000000000000000000000000,96,600.8228092900028935185185185185185185185185185185185185185185185185185185185185185185185185185185184,187757127903125904224537037037037037037037037037037037037037037037037037037037037037037037037037037/312500000000000000000000000000000000000000000000000000000000000000000000000000000000000000000000,97,4205.759665030020254629629629629629629629629629629629629629629629629629629629629629629629629629629629,4205759665030020254629629629629629629629629629629629629629629629629629629629629629629629629629629629/1000000000000000000000000000000000000000000000000000000000000000000000000000000000000000000000000,96,4032367847583912037037037037037037037037037037037037037037037037037037037037037037037037037037037/25000000000000000000000000000000000000000000000000000000000000000000000000000000000000000000000,692147876302083333333333333333333333333333333333333333333333333333333333333333333333333333333333333383/144000000000000000000000000000000000000000000000000000000000000000000000000000000000000000000000000,333/1000000000000000000000000000000000000000000000000000000000000000000000000000000000000000000000000000,-43/28800000000000000000000000000000000000000000000000000000000000000000000000000000000000000000000000,1/40000000000000000000000000000000000000000000000000000000000000000000000000000000000000000000000000,3/8000000000000000000000000000000000000000000000000000000000000000000000000000000000000000000000000,-1/2500000000000000000000000000000000000000000000000000000000000000000000000000000000000000000000000,RAWNUM_068866fb4acfb239372d5132,TYPEDRAW_efa7244ee95883de29e7da9a,DEP_4a046325b070989863f44264,DEPCORE_8cc787a6d072afa4f79e26ac,DEPRES_e61917434ad46c6768b2fd84,SHAPE_b4c04902a4ce1f6eab77c8ab,4806582474320023148148148148148148148148148148148148148148148148148148148148148148148148148148148147/1000000000000000000000000000000000000000000000000000000000000000000000000000000000000000000000000,4644000000000000000000000000000000000000000000000000000000000000000000000000000000000000000000000000/4806582474320023148148148148148148148148148148148148148148148148148148148148148148148148148148148147|-1287760416666666666666666666666666666666666666666666666666666666666666666666666666666666666666666667/4806582474320023148148148148148148148148148148148148148148148148148148148148148148148148148148148147000|1|333/4806582474320023148148148148148148148148148148148148148148148148148148148148148148148148148148148147000|1/192263298972800925925925925925925925925925925925925925925925925925925925925925925925925925925925925880|3/38452659794560185185185185185185185185185185185185185185185185185185185185185185185185185185185185176,NONE,NONE
88,TPL_d2e5fdca5744c1196dcf223e,TOK_44c6a6616e0f5943112b00fd,LEGAL_LOCAL_TEMPLATE,UNARY_CONJUGATE,ONE_BODY_CONJUGATE,1,12,12,1,positive,12,positive_debit,ACTIVE_LIFT,LOCAL_R2_LIFT,216.0,216,1,18.0,18,1,198.0,198,1,214.4999999999999999999999999999999999999999999999999999999999999999999999999999999999999999999999999,2144999999999999999999999999999999999999999999999999999999999999999999999999999999999999999999999999/10000000000000000000000000000000000000000000000000000000000000000000000000000000000000000000000000,97,26.81249999999999999999999999999999999999999999999999999999999999999999999999999999999999999999999999,2681249999999999999999999999999999999999999999999999999999999999999999999999999999999999999999999999/100000000000000000000000000000000000000000000000000000000000000000000000000000000000000000000000000,98,187.6874999999999999999999999999999999999999999999999999999999999999999999999999999999999999999999999,1876874999999999999999999999999999999999999999999999999999999999999999999999999999999999999999999999/10000000000000000000000000000000000000000000000000000000000000000000000000000000000000000000000000,97,164999999999999999999999999999999999999999999999999999999999999999999999999999999999999999999999999/10000000000000000000000000000000000000000000000000000000000000000000000000000000000000000000000000,429/2,0,-1/10000000000000000000000000000000000000000000000000000000000000000000000000000000000000000000000000,1/400000000000000000000000000000000000000000000000000000000000000000000000000000000000000000000000000,-1/80000000000000000000000000000000000000000000000000000000000000000000000000000000000000000000000000,1/100000000000000000000000000000000000000000000000000000000000000000000000000000000000000000000000000,RAWNUM_9bc555d6909e3f2941d5cdbc,TYPEDRAW_120215e9a1a6c4bed619c53a,DEP_dece3a8ddc3b74222df66cc5,DEPCORE_5064d01743f0915e477ad5bc,DEPRES_6e79992469a3dc5ecffb2f60,SHAPE_706548769772a12b65adc5c0,216,1|1/12|2144999999999999999999999999999999999999999999999999999999999999999999999999999999999999999999999999/2160000000000000000000000000000000000000000000000000000000000000000000000000000000000000000000000000|0|1/86400000000000000000000000000000000000000000000000000000000000000000000000000000000000000000000000000|-1/17280000000000000000000000000000000000000000000000000000000000000000000000000000000000000000000000000,NONE,NONE
89,TPL_d64b2e9146d902d9607e1851,TOK_44d6bc275edb4c8be24fdc16,NONLOCAL_NODE,HIDDEN_SUPPORT,HIDDEN_SUPPORT,0,8,,3,positive,8,none,ZERO_SUPPORT,ZERO_SUPPORT_NONLOCAL_OR_REJECTED,8.444444444444444444444444444444444444444444444444444444444444444444444444444444444444444444444444448,263888888888888888888888888888888888888888888888888888888888888888888888888888888888888888888888889/31250000000000000000000000000000000000000000000000000000000000000000000000000000000000000000000000,99,0,0,0,8.444444444444444444444444444444444444444444444444444444444444444444444444444444444444444444444444448,263888888888888888888888888888888888888888888888888888888888888888888888888888888888888888888888889/31250000000000000000000000000000000000000000000000000000000000000000000000000000000000000000000000,99,0,0,0,0,0,0,0,0,0,-263888888888888888888888888888888888888888888888888888888888888888888888888888888888888888888888889/31250000000000000000000000000000000000000000000000000000000000000000000000000000000000000000000000,0,0,0,0,0,0,RAWNUM_9dff0b57a145ccee250d886a,TYPEDRAW_949aa0962e632973525c6561,DEP_e2c82712b7d0536c04aca4c0,DEPCORE_55f4e417aa85e410cbaf22f5,DEPRES_73ca7a9ed16e954dab204089,SHAPE_29b24556cd4dd4f6f00896ac,263888888888888888888888888888888888888888888888888888888888888888888888888888888888888888888888889/31250000000000000000000000000000000000000000000000000000000000000000000000000000000000000000000000,1|0|0|0|0|0,NONE,NONE
90,TPL_55124dbc1e9f7533d1763e41,TOK_44dce2955ee2b7d6f922a8b1,LEGAL_LOCAL_TEMPLATE,UNARY_DIRECT,ONE_BODY_DIRECT,1,1,1,1,positive,1,zero_contact,ACTIVE_LIFT,LOCAL_R2_LIFT,15.00,15,2,0,0,0,15.00,15,2,15.10416666666666666666666666666666666666666666666666666666666666666666666666666666666666666666666666,755208333333333333333333333333333333333333333333333333333333333333333333333333333333333333333333333/50000000000000000000000000000000000000000000000000000000000000000000000000000000000000000000000000,98,1.888020833333333333333333333333333333333333333333333333333333333333333333333333333333333333333333332,472005208333333333333333333333333333333333333333333333333333333333333333333333333333333333333333333/250000000000000000000000000000000000000000000000000000000000000000000000000000000000000000000000000,99,13.21614583333333333333333333333333333333333333333333333333333333333333333333333333333333333333333332,330403645833333333333333333333333333333333333333333333333333333333333333333333333333333333333333333/25000000000000000000000000000000000000000000000000000000000000000000000000000000000000000000000000,98,5208333333333333333333333333333333333333333333333333333333333333333333333333333333333333333333333/50000000000000000000000000000000000000000000000000000000000000000000000000000000000000000000000000,725/48,0,-1/150000000000000000000000000000000000000000000000000000000000000000000000000000000000000000000000000,-1/2000000000000000000000000000000000000000000000000000000000000000000000000000000000000000000000000000,-3/400000000000000000000000000000000000000000000000000000000000000000000000000000000000000000000000000,1/125000000000000000000000000000000000000000000000000000000000000000000000000000000000000000000000000,RAWNUM_41901292248ac4b5719c54b1,TYPEDRAW_00742e72ba01824bb7636545,DEP_5bdff0290925a6fa357b7d52,DEPCORE_79278a08d21c55132e3988f8,DEPRES_43159dd8f02137ef50c3739f,SHAPE_b592c1501911cd6ce986cd89,755208333333333333333333333333333333333333333333333333333333333333333333333333333333333333333333333/50000000000000000000000000000000000000000000000000000000000000000000000000000000000000000000000000,250000000000000000000000000000000000000000000000000000000000000000000000000000000000000000000000000/251736111111111111111111111111111111111111111111111111111111111111111111111111111111111111111111111|0|1|0|-1/30208333333333333333333333333333333333333333333333333333333333333333333333333333333333333333333333320|-1/2013888888888888888888888888888888888888888888888888888888888888888888888888888888888888888888888888,NONE,NONE
91,TPL_a04e04227e31719cd06a72f0,TOK_46a53d13976edf899b6e4be8,LEGAL_LOCAL_TEMPLATE,ORDERED_PAIR,TWO_BODY_PAIR,2,2+4,2|4,3,negative,2,negative_credit,ACTIVE_LIFT,LOCAL_R2_LIFT,102,102,0,-0.02459490740740740740740740740740740740740740740740740740740740740740740740740740740740740740740740741,-2459490740740740740740740740740740740740740740740740740740740740740740740740740740740740740740740741/100000000000000000000000000000000000000000000000000000000000000000000000000000000000000000000000000000,101,102.0245949074074074074074074074074074074074074074074074074074074074074074074074074074074074074074074,510122974537037037037037037037037037037037037037037037037037037037037037037037037037037037037037037/5000000000000000000000000000000000000000000000000000000000000000000000000000000000000000000000000,97,103.4416031700102880658436213991769547325102880658436213991769547325102880658436213991769547325102881,1034416031700102880658436213991769547325102880658436213991769547325102880658436213991769547325102881/10000000000000000000000000000000000000000000000000000000000000000000000000000000000000000000000000,97,12.93020039625128600823045267489711934156378600823045267489711934156378600823045267489711934156378601,1293020039625128600823045267489711934156378600823045267489711934156378600823045267489711934156378601/100000000000000000000000000000000000000000000000000000000000000000000000000000000000000000000000000,98,90.51140277375900205761316872427983539094650205761316872427983539094650205761316872427983539094650209,9051140277375900205761316872427983539094650205761316872427983539094650205761316872427983539094650209/100000000000000000000000000000000000000000000000000000000000000000000000000000000000000000000000000,98,14170082626028806584362139917695473251028806584362139917695473251028806584362139917695473251028807/10000000000000000000000000000000000000000000000000000000000000000000000000000000000000000000000000,12412992380401234567901234567901234567901234567901234567901234567901234567901234567901234567901234567/120000000000000000000000000000000000000000000000000000000000000000000000000000000000000000000000000,-741/100000000000000000000000000000000000000000000000000000000000000000000000000000000000000000000000000000,1/24000000000000000000000000000000000000000000000000000000000000000000000000000000000000000000000000,-1/400000000000000000000000000000000000000000000000000000000000000000000000000000000000000000000000000,1/400000000000000000000000000000000000000000000000000000000000000000000000000000000000000000000000000,0,RAWNUM_438501c8bf14579ea80f2a31,TYPEDRAW_b74f3afd3d955147f5402b1c,DEP_f6876dae143eabea0b96e2f7,DEPCORE_bcb3612a195659e21844e38a,DEPRES_f23b112b9a1dc6ee59c24bf5,SHAPE_ac3a891e0164a23f69062b09,1034416031700102880658436213991769547325102880658436213991769547325102880658436213991769547325102881/10000000000000000000000000000000000000000000000000000000000000000000000000000000000000000000000000,1020000000000000000000000000000000000000000000000000000000000000000000000000000000000000000000000000/1034416031700102880658436213991769547325102880658436213991769547325102880658436213991769547325102881|-2459490740740740740740740740740740740740740740740740740740740740740740740740740740740740740740740741/10344160317001028806584362139917695473251028806584362139917695473251028806584362139917695473251028810000|1|-741/10344160317001028806584362139917695473251028806584362139917695473251028806584362139917695473251028810000|-1/41376641268004115226337448559670781893004115226337448559670781893004115226337448559670781893004115240|1/41376641268004115226337448559670781893004115226337448559670781893004115226337448559670781893004115240,NONE,NONE
92,TPL_d06877d6355cf01915643e8c,TOK_473c323b9c5b72c2502ed95f,LEGAL_LOCAL_TEMPLATE,UNARY_DIRECT,ONE_BODY_DIRECT,1,3,3,2,negative,3,zero_contact,ACTIVE_LIFT,LOCAL_R2_LIFT,648.0,648,1,0,0,0,648.0,648,1,661.4999999999999999999999999999999999999999999999999999999999999999999999999999999999999999999999998,3307499999999999999999999999999999999999999999999999999999999999999999999999999999999999999999999999/5000000000000000000000000000000000000000000000000000000000000000000000000000000000000000000000000,97,82.68749999999999999999999999999999999999999999999999999999999999999999999999999999999999999999999998,4134374999999999999999999999999999999999999999999999999999999999999999999999999999999999999999999999/50000000000000000000000000000000000000000000000000000000000000000000000000000000000000000000000000,98,578.8124999999999999999999999999999999999999999999999999999999999999999999999999999999999999999999999,5788124999999999999999999999999999999999999999999999999999999999999999999999999999999999999999999999/10000000000000000000000000000000000000000000000000000000000000000000000000000000000000000000000000,97,67499999999999999999999999999999999999999999999999999999999999999999999999999999999999999999999999/5000000000000000000000000000000000000000000000000000000000000000000000000000000000000000000000000,1323/2,0,-1/5000000000000000000000000000000000000000000000000000000000000000000000000000000000000000000000000,1/200000000000000000000000000000000000000000000000000000000000000000000000000000000000000000000000000,3/40000000000000000000000000000000000000000000000000000000000000000000000000000000000000000000000000,-1/12500000000000000000000000000000000000000000000000000000000000000000000000000000000000000000000000,RAWNUM_e4be09d2853ff259384a90db,TYPEDRAW_775a1624bdda23aa964b22a9,DEP_aa870394bba21771467ceabd,DEPCORE_a0d2ce09598bb0f500c75664,DEPRES_538e4b0eb9d560390a404d7a,SHAPE_f44b89981370567b701e0605,3307499999999999999999999999999999999999999999999999999999999999999999999999999999999999999999999999/5000000000000000000000000000000000000000000000000000000000000000000000000000000000000000000000000,3240000000000000000000000000000000000000000000000000000000000000000000000000000000000000000000000000/3307499999999999999999999999999999999999999999999999999999999999999999999999999999999999999999999999|0|1|0|1/132299999999999999999999999999999999999999999999999999999999999999999999999999999999999999999999999960|3/26459999999999999999999999999999999999999999999999999999999999999999999999999999999999999999999999992,NONE,NONE
93,TPL_7c26a3530825c1fc03c3728d,TOK_4770d8a426377a41466d1080,LEGAL_LOCAL_TEMPLATE,UNARY_DIRECT,ONE_BODY_DIRECT,1,2,2,0,positive,2,zero_contact,ACTIVE_LIFT,LOCAL_R2_LIFT,2.50,5/2,2,0,0,0,2.50,5/2,2,2.534722222222222222222222222222222222222222222222222222222222222222222222222222222222222222222222222,1267361111111111111111111111111111111111111111111111111111111111111111111111111111111111111111111111/500000000000000000000000000000000000000000000000000000000000000000000000000000000000000000000000000,99,0.3168402777777777777777777777777777777777777777777777777777777777777777777777777777777777777777777778,1584201388888888888888888888888888888888888888888888888888888888888888888888888888888888888888888889/5000000000000000000000000000000000000000000000000000000000000000000000000000000000000000000000000000,100,2.217881944444444444444444444444444444444444444444444444444444444444444444444444444444444444444444444,554470486111111111111111111111111111111111111111111111111111111111111111111111111111111111111111111/250000000000000000000000000000000000000000000000000000000000000000000000000000000000000000000000000,99,17361111111111111111111111111111111111111111111111111111111111111111111111111111111111111111111111/500000000000000000000000000000000000000000000000000000000000000000000000000000000000000000000000000,365/144,0,-1/4500000000000000000000000000000000000000000000000000000000000000000000000000000000000000000000000000,1/20000000000000000000000000000000000000000000000000000000000000000000000000000000000000000000000000000,-1/4000000000000000000000000000000000000000000000000000000000000000000000000000000000000000000000000000,1/5000000000000000000000000000000000000000000000000000000000000000000000000000000000000000000000000000,RAWNUM_452354965531ec63beed8c87,TYPEDRAW_5173cdc6d87972edfdcf9177,DEP_c5ee4925e4299628fe66373f,DEPCORE_5eb5dcce4aa581c55ba52f2f,DEPRES_d497cf20c10d9a0d4ba54d74,SHAPE_9eba270f3df53a2ba7dce16f,1267361111111111111111111111111111111111111111111111111111111111111111111111111111111111111111111111/500000000000000000000000000000000000000000000000000000000000000000000000000000000000000000000000000,1250000000000000000000000000000000000000000000000000000000000000000000000000000000000000000000000000/1267361111111111111111111111111111111111111111111111111111111111111111111111111111111111111111111111|0|1|0|1/50694444444444444444444444444444444444444444444444444444444444444444444444444444444444444444444444440|-1/10138888888888888888888888888888888888888888888888888888888888888888888888888888888888888888888888888,NONE,NONE
94,TPL_ebf2dad725118e692113897a,TOK_47b5a40513686e4f75251873,LEGAL_LOCAL_TEMPLATE,UNORDERED_TRIAD,THREE_BODY_COLOR,3,1+1+1,1|1|1,0,positive,1,positive_debit,ACTIVE_LIFT,LOCAL_R2_LIFT,108,108,0,36.00000000000000000000000000000000000000000000000000000000000000000000000000000000000000000000000000,36,98,72.00000000000000000000000000000000000000000000000000000000000000000000000000000000000000000000000000,72,98,72.49999999999999999999999999999999999999999999999999999999999999999999999999999999999999999999999997,7249999999999999999999999999999999999999999999999999999999999999999999999999999999999999999999999997/100000000000000000000000000000000000000000000000000000000000000000000000000000000000000000000000000,98,9.062499999999999999999999999999999999999999999999999999999999999999999999999999999999999999999999996,2265624999999999999999999999999999999999999999999999999999999999999999999999999999999999999999999999/250000000000000000000000000000000000000000000000000000000000000000000000000000000000000000000000000,99,63.43749999999999999999999999999999999999999999999999999999999999999999999999999999999999999999999998,3171874999999999999999999999999999999999999999999999999999999999999999999999999999999999999999999999/50000000000000000000000000000000000000000000000000000000000000000000000000000000000000000000000000,98,49999999999999999999999999999999999999999999999999999999999999999999999999999999999999999999999997/100000000000000000000000000000000000000000000000000000000000000000000000000000000000000000000000000,145/2,0,-3/100000000000000000000000000000000000000000000000000000000000000000000000000000000000000000000000000,-1/4000000000000000000000000000000000000000000000000000000000000000000000000000000000000000000000000000,1/160000000000000000000000000000000000000000000000000000000000000000000000000000000000000000000000000,-3/500000000000000000000000000000000000000000000000000000000000000000000000000000000000000000000000000,RAWNUM_e28be2c58beb507fd9d6cef8,TYPEDRAW_0cd3f23737b39f127f26e6c2,DEP_657fca07d2fa120aabf79dcd,DEPCORE_fe41805b1d88c9432ab4492d,DEPRES_d71139c5ceb24a88c7e78d08,SHAPE_97dfe9a5b09b71dc5224e7f8,108,1|1/3|7249999999999999999999999999999999999999999999999999999999999999999999999999999999999999999999999997/10800000000000000000000000000000000000000000000000000000000000000000000000000000000000000000000000000|0|-1/432000000000000000000000000000000000000000000000000000000000000000000000000000000000000000000000000000|1/17280000000000000000000000000000000000000000000000000000000000000000000000000000000000000000000000000,NONE,NONE
95,TPL_2d23dfae6b23a11264d1d05f,TOK_47ff254a92f849976af51aec,LEGAL_LOCAL_TEMPLATE,UNARY_DIRECT,ONE_BODY_DIRECT,1,6,6,0,negative,6,zero_contact,ACTIVE_LIFT,LOCAL_R2_LIFT,9.0,9,1,0,0,0,9.0,9,1,9.375000000000000000000000000000000000000000000000000000000000000000000000000000000000000000000000003,9375000000000000000000000000000000000000000000000000000000000000000000000000000000000000000000000003/1000000000000000000000000000000000000000000000000000000000000000000000000000000000000000000000000000,99,1.171875000000000000000000000000000000000000000000000000000000000000000000000000000000000000000000000,75/64,99,8.203125000000000000000000000000000000000000000000000000000000000000000000000000000000000000000000002,4101562500000000000000000000000000000000000000000000000000000000000000000000000000000000000000000001/500000000000000000000000000000000000000000000000000000000000000000000000000000000000000000000000000,99,375000000000000000000000000000000000000000000000000000000000000000000000000000000000000000000000003/1000000000000000000000000000000000000000000000000000000000000000000000000000000000000000000000000000,75/8,0,3/1000000000000000000000000000000000000000000000000000000000000000000000000000000000000000000000000000,-3/8000000000000000000000000000000000000000000000000000000000000000000000000000000000000000000000000000,-1/1600000000000000000000000000000000000000000000000000000000000000000000000000000000000000000000000000,1/1000000000000000000000000000000000000000000000000000000000000000000000000000000000000000000000000000,RAWNUM_298c8693427fc74f5bc5a512,TYPEDRAW_71524edd075bc2de36a01286,DEP_64dcbd52a141431232957245,DEPCORE_861e13bcea67df5a72156366,DEPRES_57fc823b6e021fc4c3218b23,SHAPE_42a7ac581d041345a74d5a92,9375000000000000000000000000000000000000000000000000000000000000000000000000000000000000000000000003/1000000000000000000000000000000000000000000000000000000000000000000000000000000000000000000000000000,1000000000000000000000000000000000000000000000000000000000000000000000000000000000000000000000000000/1041666666666666666666666666666666666666666666666666666666666666666666666666666666666666666666666667|0|1|0|-1/25000000000000000000000000000000000000000000000000000000000000000000000000000000000000000000000000008|-5/75000000000000000000000000000000000000000000000000000000000000000000000000000000000000000000000000024,NONE,NONE
96,TPL_65722946bf8eacfee93ce4e8,TOK_482c4a4946be580320c10a49,REJECTED,UNORDERED_TRIAD,THREE_BODY_COLOR,3,4+6+8,4|6|8,0,neutral,0,positive_debit,ZERO_SUPPORT,ZERO_SUPPORT_NONLOCAL_OR_REJECTED,4176,4176,0,5220.00,5220,2,-1044.00,-1044,2,0,0,0,0,0,0,0,0,0,1044,0,0,0,0,0,0,RAWNUM_0dfec76f91fc91859baa0f88,TYPEDRAW_c8d6a4163d60a35b20cc9d74,DEP_32112a41084a42fb58703b9b,DEPCORE_2fbb8a381c930b8295c36665,DEPRES_73ca7a9ed16e954dab204089,SHAPE_aca101b390433fda81ae9569,5220,4/5|1|0|0|0|0,NONE,NONE
97,TPL_a517db5261b746db1feef4e1,TOK_4a22dff128be367bbd944757,NONLOCAL_NODE,CARRIER_INFRASTRUCTURE,CARRIER_INFRASTRUCTURE,0,9,,3,neutral,0,none,ZERO_SUPPORT,ZERO_SUPPORT_NONLOCAL_OR_REJECTED,9,9,0,0,0,0,9,9,0,0,0,0,0,0,0,0,0,0,-9,0,0,0,0,0,0,RAWNUM_e2de0da4b985bff7e6173eed,TYPEDRAW_cedc938d48a2509d1d92017b,DEP_8946396ab0cd52e26be553aa,DEPCORE_c79896c69aab575bcf76fe5e,DEPRES_73ca7a9ed16e954dab204089,SHAPE_38c9d96c28812c6a64e0aaf9,9,1|0|0|0|0|0,NONE,NONE
98,TPL_6eddaa518bff39f7492ccc93,TOK_4a4abf0eb04d71a3640410a2,LEGAL_LOCAL_TEMPLATE,UNORDERED_TRIAD,THREE_BODY_COLOR,3,6+9+9,6|9|9,0,negative,3,negative_credit,ACTIVE_LIFT,LOCAL_R2_LIFT,7128,7128,0,-3564.00,-3564,2,10692.00,10692,2,10914.75000000000000000000000000000000000000000000000000000000000000000000000000000000000000000000000,43659/4,95,1364.34375000000000000000000000000000000000000000000000000000000000000000000000000000000000000000000,43659/32,95,9550.40625000000000000000000000000000000000000000000000000000000000000000000000000000000000000000000,305613/32,95,891/4,43659/4,0,0,0,0,0,RAWNUM_de90cb2f79159d8a850a95a9,TYPEDRAW_ff2aa0026c8b5ea239b971a8,DEP_0f8127db48384c7ee1ea37a3,DEPCORE_a7f29aa22acd844ce375f3e6,DEPRES_73ca7a9ed16e954dab204089,SHAPE_c0133e24937e21f32809844c,43659/4,32/49|-16/49|1|0|0|0,NONE,NONE
99,TPL_10acd2cdc825ccf09d1b140c,TOK_4a84707fb866a33345995f75,LEGAL_LOCAL_TEMPLATE,ORDERED_PAIR,TWO_BODY_PAIR,2,9+2,9|2,3,positive,7,positive_debit,ACTIVE_LIFT,LOCAL_R2_LIFT,237,237,0,0.08857783564814814814814814814814814814814814814814814814814814814814814814814814814814814814814814816,276805736400462962962962962962962962962962962962962962962962962962962962962962962962962962962962963/3125000000000000000000000000000000000000000000000000000000000000000000000000000000000000000000000000,101,236.9114221643518518518518518518518518518518518518518518518518518518518518518518518518518518518518519,2369114221643518518518518518518518518518518518518518518518518518518518518518518518518518518518518519/10000000000000000000000000000000000000000000000000000000000000000000000000000000000000000000000000,97,248.4279496306745113168724279835390946502057613168724279835390946502057613168724279835390946502057613,2484279496306745113168724279835390946502057613168724279835390946502057613168724279835390946502057613/10000000000000000000000000000000000000000000000000000000000000000000000000000000000000000000000000,97,31.05349370383431391460905349794238683127572016460905349794238683127572016460905349794238683127572016,194084335648964461966306584362139917695473251028806584362139917695473251028806584362139917695473251/6250000000000000000000000000000000000000000000000000000000000000000000000000000000000000000000000,98,217.3744559268401974022633744855967078189300411522633744855967078189300411522633744855967078189300411,2173744559268401974022633744855967078189300411522633744855967078189300411522633744855967078189300411/10000000000000000000000000000000000000000000000000000000000000000000000000000000000000000000000000,97,57582637331613297325102880658436213991769547325102880658436213991769547325102880658436213991769547/5000000000000000000000000000000000000000000000000000000000000000000000000000000000000000000000000,357736247468171296296296296296296296296296296296296296296296296296296296296296296296296296296296296369/1440000000000000000000000000000000000000000000000000000000000000000000000000000000000000000000000000,301/6250000000000000000000000000000000000000000000000000000000000000000000000000000000000000000000000000,-97/1440000000000000000000000000000000000000000000000000000000000000000000000000000000000000000000000000,-1/400000000000000000000000000000000000000000000000000000000000000000000000000000000000000000000000000,-3/80000000000000000000000000000000000000000000000000000000000000000000000000000000000000000000000000,1/25000000000000000000000000000000000000000000000000000000000000000000000000000000000000000000000000,RAWNUM_239001cd94b0647e37ef89f6,TYPEDRAW_db968d9f48914540703c93fb,DEP_0a62430233443b4da775fb00,DEPCORE_baa0bf4f99bf4c3e377b3d7b,DEPRES_dabd92f80435d27e99239112,SHAPE_c5a1d876d49c4062126c5586,2484279496306745113168724279835390946502057613168724279835390946502057613168724279835390946502057613/10000000000000000000000000000000000000000000000000000000000000000000000000000000000000000000000000,2370000000000000000000000000000000000000000000000000000000000000000000000000000000000000000000000000/2484279496306745113168724279835390946502057613168724279835390946502057613168724279835390946502057613|553611472800925925925925925925925925925925925925925925925925925925925925925925925925925925925925926/1552674685191715695730452674897119341563786008230452674897119341563786008230452674897119341563786008125|1|301/1552674685191715695730452674897119341563786008230452674897119341563786008230452674897119341563786008125|-1/99371179852269804526748971193415637860082304526748971193415637860082304526748971193415637860082304520|-3/19874235970453960905349794238683127572016460905349794238683127572016460905349794238683127572016460904,NONE,NONE
100,TPL_80fd8b1ea160dd867ee4d226,TOK_4a9f199b1e4c95a2c1b2a3f8,LEGAL_LOCAL_TEMPLATE,UNORDERED_TRIAD,THREE_BODY_COLOR,3,1+4+8,1|4|8,3,negative,1,negative_credit,ACTIVE_LIFT,LOCAL_R2_LIFT,2916,2916,0,-0.2460937499999999999999999999999999999999999999999999999999999999999999999999999999999999999999999999,-2460937499999999999999999999999999999999999999999999999999999999999999999999999999999999999999999999/10000000000000000000000000000000000000000000000000000000000000000000000000000000000000000000000000000,100,2916.246093750000000000000000000000000000000000000000000000000000000000000000000000000000000000000000,746559/256,96,2936.497802734374999999999999999999999999999999999999999999999999999999999999999999999999999999999999,2936497802734374999999999999999999999999999999999999999999999999999999999999999999999999999999999999/1000000000000000000000000000000000000000000000000000000000000000000000000000000000000000000000000,96,367.0622253417968749999999999999999999999999999999999999999999999999999999999999999999999999999999999,3670622253417968749999999999999999999999999999999999999999999999999999999999999999999999999999999999/10000000000000000000000000000000000000000000000000000000000000000000000000000000000000000000000000,97,2569.435577392578124999999999999999999999999999999999999999999999999999999999999999999999999999999999,2569435577392578124999999999999999999999999999999999999999999999999999999999999999999999999999999999/1000000000000000000000000000000000000000000000000000000000000000000000000000000000000000000000000,96,20251708984374999999999999999999999999999999999999999999999999999999999999999999999999999999999999/1000000000000000000000000000000000000000000000000000000000000000000000000000000000000000000000000,12027895/4096,1/10000000000000000000000000000000000000000000000000000000000000000000000000000000000000000000000000000,-1/1000000000000000000000000000000000000000000000000000000000000000000000000000000000000000000000000,1/40000000000000000000000000000000000000000000000000000000000000000000000000000000000000000000000000,-1/8000000000000000000000000000000000000000000000000000000000000000000000000000000000000000000000000,1/10000000000000000000000000000000000000000000000000000000000000000000000000000000000000000000000000,RAWNUM_b39d542a0f23b90e3c15ac82,TYPEDRAW_de428b9e4e62788d07c72f98,DEP_f37ed9d7ba0a71c1276d3da4,DEPCORE_3e20cf08cc1a1719e83a5d7c,DEPRES_092c0c78496beccc5ee72077,SHAPE_af7de5893e51cb93f60cc928,2936497802734374999999999999999999999999999999999999999999999999999999999999999999999999999999999999/1000000000000000000000000000000000000000000000000000000000000000000000000000000000000000000000000,972000000000000000000000000000000000000000000000000000000000000000000000000000000000000000000000000/978832600911458333333333333333333333333333333333333333333333333333333333333333333333333333333333333|-2460937499999999999999999999999999999999999999999999999999999999999999999999999999999999999999999999/29364978027343749999999999999999999999999999999999999999999999999999999999999999999999999999999999990000|1|1/29364978027343749999999999999999999999999999999999999999999999999999999999999999999999999999999999990000|1/117459912109374999999999999999999999999999999999999999999999999999999999999999999999999999999999999960|-1/23491982421874999999999999999999999999999999999999999999999999999999999999999999999999999999999999992,NONE,NONE
101,TPL_db217e3b064d7c37f6403c8a,TOK_4b80ba18848a4d139fc56ac1,NONLOCAL_NODE,GLOBAL_SCALAR_PARENT,SCALAR_PARENT,0,12+12,,3,neutral,0,positive_debit,ZERO_FEE,GLOBAL_SCALAR_REVEAL,126000,126000,0,750.00,750,2,125250.00,125250,2,125250.00,125250,2,15656.25,62625/4,2,109593.75,438375/4,2,0,125250,0,0,0,0,0,RAWNUM_5c5bab736039ab90b418b693,TYPEDRAW_73a90964be6de723474402b5,DEP_0fb518b32db0f88709dfdb9d,DEPCORE_47690c3354ab7818cff5f027,DEPRES_73ca7a9ed16e954dab204089,SHAPE_42286c9c5e018aa6365292b0,126000,1|1/168|167/168|0|0|0,NONE,NONE
102,TPL_ce283cce7fbe2569b240e7a8,TOK_4c327bec12f00541bfd15bae,LEGAL_LOCAL_TEMPLATE,UNARY_DIRECT,ONE_BODY_DIRECT,1,12,12,0,positive,12,zero_contact,ACTIVE_LIFT,LOCAL_R2_LIFT,15.00,15,2,0,0,0,15.00,15,2,16.25000000000000000000000000000000000000000000000000000000000000000000000000000000000000000000000000,65/4,98,2.03125000000000000000000000000000000000000000000000000000000000000000000000000000000000000000000000,65/32,98,14.2187500000000000000000000000000000000000000000000000000000000000000000000000000000000000000000000,455/32,97,5/4,65/4,0,0,0,0,0,RAWNUM_4b11dc7389ef5b522e8459e3,TYPEDRAW_8a845294f4e2e3c996118772,DEP_b69f0fc29729a1e37268da97,DEPCORE_8321caf06563d9def03c2ebd,DEPRES_73ca7a9ed16e954dab204089,SHAPE_780473ac3960194031d0e9bd,65/4,12/13|0|1|0|0|0,NONE,NONE
103,TPL_fe85b35e695546c01d8caba1,TOK_4c71ac05dfb31cc34b718ef0,LEGAL_LOCAL_TEMPLATE,ORDERED_PAIR,TWO_BODY_PAIR,2,1+6,1|6,3,negative,5,negative_credit,ACTIVE_LIFT,LOCAL_R2_LIFT,87,87,0,-0.03356481481481481481481481481481481481481481481481481481481481481481481481481481481481481481481481482,-1678240740740740740740740740740740740740740740740740740740740740740740740740740740740740740740740741/50000000000000000000000000000000000000000000000000000000000000000000000000000000000000000000000000000,101,87.03356481481481481481481481481481481481481481481481481481481481481481481481481481481481481481481481,8703356481481481481481481481481481481481481481481481481481481481481481481481481481481481481481481481/100000000000000000000000000000000000000000000000000000000000000000000000000000000000000000000000000,98,90.05556359310699588477366255144032921810699588477366255144032921810699588477366255144032921810699586,4502778179655349794238683127572016460905349794238683127572016460905349794238683127572016460905349793/50000000000000000000000000000000000000000000000000000000000000000000000000000000000000000000000000,98,11.25694544913837448559670781893004115226337448559670781893004115226337448559670781893004115226337448,140711818114229681069958847736625514403292181069958847736625514403292181069958847736625514403292181/12500000000000000000000000000000000000000000000000000000000000000000000000000000000000000000000000,98,78.79861814396862139917695473251028806584362139917695473251028806584362139917695473251028806584362138,3939930907198431069958847736625514403292181069958847736625514403292181069958847736625514403292181069/50000000000000000000000000000000000000000000000000000000000000000000000000000000000000000000000000,98,60439975565843621399176954732510288065843621399176954732510288065843621399176954732510288065843621/20000000000000000000000000000000000000000000000000000000000000000000000000000000000000000000000000,432266705246913580246913580246913580246913580246913580246913580246913580246913580246913580246913580223/4800000000000000000000000000000000000000000000000000000000000000000000000000000000000000000000000000,-241/50000000000000000000000000000000000000000000000000000000000000000000000000000000000000000000000000000,-19/960000000000000000000000000000000000000000000000000000000000000000000000000000000000000000000000000,-1/400000000000000000000000000000000000000000000000000000000000000000000000000000000000000000000000000,1/400000000000000000000000000000000000000000000000000000000000000000000000000000000000000000000000000,0,RAWNUM_ce395f8ac73b1ca90d7ee57e,TYPEDRAW_1310b9f4bc9f4ab916d9faf0,DEP_b5e634ee6a2994ec211d22b8,DEPCORE_579011eb1bbf73a8f5f83c83,DEPRES_1bdec4fba8788ca340f51832,SHAPE_89095f8ccad0660d05807b22,4502778179655349794238683127572016460905349794238683127572016460905349794238683127572016460905349793/50000000000000000000000000000000000000000000000000000000000000000000000000000000000000000000000000,4350000000000000000000000000000000000000000000000000000000000000000000000000000000000000000000000000/4502778179655349794238683127572016460905349794238683127572016460905349794238683127572016460905349793|-1678240740740740740740740740740740740740740740740740740740740740740740740740740740740740740740740741/4502778179655349794238683127572016460905349794238683127572016460905349794238683127572016460905349793000|1|-241/4502778179655349794238683127572016460905349794238683127572016460905349794238683127572016460905349793000|-1/36022225437242798353909465020576131687242798353909465020576131687242798353909465020576131687242798344|1/36022225437242798353909465020576131687242798353909465020576131687242798353909465020576131687242798344,NONE,NONE
104,TPL_7bc50a375be629b31452f24e,TOK_4d55921e79edee852ae62bdc,LEGAL_LOCAL_TEMPLATE,UNORDERED_TRIAD,THREE_BODY_COLOR,3,4+4+9,4|4|9,3,neutral,0,positive_debit,ZERO_FEE,LOCAL_R2_LIFT,4068,4068,0,2.501302083333333333333333333333333333333333333333333333333333333333333333333333333333333333333333334,1250651041666666666666666666666666666666666666666666666666666666666666666666666666666666666666666667/500000000000000000000000000000000000000000000000000000000000000000000000000000000000000000000000000,99,4065.498697916666666666666666666666666666666666666666666666666666666666666666666666666666666666666667,4065498697916666666666666666666666666666666666666666666666666666666666666666666666666666666666666667/1000000000000000000000000000000000000000000000000000000000000000000000000000000000000000000000000,96,4065.498697916666666666666666666666666666666666666666666666666666666666666666666666666666666666666667,4065498697916666666666666666666666666666666666666666666666666666666666666666666666666666666666666667/1000000000000000000000000000000000000000000000000000000000000000000000000000000000000000000000000,96,508.1873372395833333333333333333333333333333333333333333333333333333333333333333333333333333333333334,2540936686197916666666666666666666666666666666666666666666666666666666666666666666666666666666666667/5000000000000000000000000000000000000000000000000000000000000000000000000000000000000000000000000,97,3557.311360677083333333333333333333333333333333333333333333333333333333333333333333333333333333333334,1778655680338541666666666666666666666666666666666666666666666666666666666666666666666666666666666667/500000000000000000000000000000000000000000000000000000000000000000000000000000000000000000000000,96,0,4065498697916666666666666666666666666666666666666666666666666666666666666666666666666666666666666667/1000000000000000000000000000000000000000000000000000000000000000000000000000000000000000000000000,167/500000000000000000000000000000000000000000000000000000000000000000000000000000000000000000000000000,0,1/40000000000000000000000000000000000000000000000000000000000000000000000000000000000000000000000000,3/8000000000000000000000000000000000000000000000000000000000000000000000000000000000000000000000000,-1/2500000000000000000000000000000000000000000000000000000000000000000000000000000000000000000000000,RAWNUM_a6295cae4b18d1418029b964,TYPEDRAW_a936f028b61291747559ff69,DEP_c5bf0fe1491f2f414956452e,DEPCORE_8621bc781ff8284c629e9982,DEPRES_a1fbcb47e316d135212d657d,SHAPE_554c427311a1417b28b91d91,4068,1|1250651041666666666666666666666666666666666666666666666666666666666666666666666666666666666666666667/2034000000000000000000000000000000000000000000000000000000000000000000000000000000000000000000000000000|1355166232638888888888888888888888888888888888888888888888888888888888888888888888888888888888888889/1356000000000000000000000000000000000000000000000000000000000000000000000000000000000000000000000000|167/2034000000000000000000000000000000000000000000000000000000000000000000000000000000000000000000000000000|1/162720000000000000000000000000000000000000000000000000000000000000000000000000000000000000000000000000|1/10848000000000000000000000000000000000000000000000000000000000000000000000000000000000000000000000000,NONE,NONE
105,TPL_f50717aae9d7987547966dab,TOK_4e18eaf03d9e300cf4c5a960,LEGAL_LOCAL_TEMPLATE,UNARY_CONJUGATE,ONE_BODY_CONJUGATE,1,2,2,1,positive,2,positive_debit,ACTIVE_LIFT,LOCAL_R2_LIFT,36.0,36,1,0.5000000000000000000000000000000000000000000000000000000000000000000000000000000000000000000000000001,5000000000000000000000000000000000000000000000000000000000000000000000000000000000000000000000000001/10000000000000000000000000000000000000000000000000000000000000000000000000000000000000000000000000000,100,35.50000000000000000000000000000000000000000000000000000000000000000000000000000000000000000000000000,71/2,98,35.99305555555555555555555555555555555555555555555555555555555555555555555555555555555555555555555556,899826388888888888888888888888888888888888888888888888888888888888888888888888888888888888888888889/25000000000000000000000000000000000000000000000000000000000000000000000000000000000000000000000000,98,4.499131944444444444444444444444444444444444444444444444444444444444444444444444444444444444444444445,899826388888888888888888888888888888888888888888888888888888888888888888888888888888888888888888889/200000000000000000000000000000000000000000000000000000000000000000000000000000000000000000000000000,99,31.49392361111111111111111111111111111111111111111111111111111111111111111111111111111111111111111111,3149392361111111111111111111111111111111111111111111111111111111111111111111111111111111111111111111/100000000000000000000000000000000000000000000000000000000000000000000000000000000000000000000000000,98,12326388888888888888888888888888888888888888888888888888888888888888888888888888888888888888888889/25000000000000000000000000000000000000000000000000000000000000000000000000000000000000000000000000,5183/144,1/10000000000000000000000000000000000000000000000000000000000000000000000000000000000000000000000000000,1/225000000000000000000000000000000000000000000000000000000000000000000000000000000000000000000000000,0,-1/200000000000000000000000000000000000000000000000000000000000000000000000000000000000000000000000000,1/200000000000000000000000000000000000000000000000000000000000000000000000000000000000000000000000000,RAWNUM_184bed07d0d31262f72db523,TYPEDRAW_c0b6aaff6aea01fc53a5a075,DEP_ed2331365275570034923f81,DEPCORE_0f9ac54864d8ab028bb81c58,DEPRES_d656adc8127349a6e6a58906,SHAPE_03f562cecfc3e504c1f1852a,36,1|1666666666666666666666666666666666666666666666666666666666666666666666666666666666666666666666666667/120000000000000000000000000000000000000000000000000000000000000000000000000000000000000000000000000000|899826388888888888888888888888888888888888888888888888888888888888888888888888888888888888888888889/900000000000000000000000000000000000000000000000000000000000000000000000000000000000000000000000000|1/360000000000000000000000000000000000000000000000000000000000000000000000000000000000000000000000000000|0|-1/7200000000000000000000000000000000000000000000000000000000000000000000000000000000000000000000000000,NONE,NONE
106,TPL_7c92d3cf58ae72b6bfba0f54,TOK_4f0713f99b3a13c011ce5281,LEGAL_LOCAL_TEMPLATE,UNARY_DIRECT,ONE_BODY_DIRECT,1,3,3,0,negative,3,zero_contact,ACTIVE_LIFT,LOCAL_R2_LIFT,4.5,9/2,1,0,0,0,4.5,9/2,1,4.593749999999999999999999999999999999999999999999999999999999999999999999999999999999999999999999998,2296874999999999999999999999999999999999999999999999999999999999999999999999999999999999999999999999/500000000000000000000000000000000000000000000000000000000000000000000000000000000000000000000000000,99,0.5742187499999999999999999999999999999999999999999999999999999999999999999999999999999999999999999998,2871093749999999999999999999999999999999999999999999999999999999999999999999999999999999999999999999/5000000000000000000000000000000000000000000000000000000000000000000000000000000000000000000000000000,100,4.019531249999999999999999999999999999999999999999999999999999999999999999999999999999999999999999999,4019531249999999999999999999999999999999999999999999999999999999999999999999999999999999999999999999/1000000000000000000000000000000000000000000000000000000000000000000000000000000000000000000000000000,99,46874999999999999999999999999999999999999999999999999999999999999999999999999999999999999999999999/500000000000000000000000000000000000000000000000000000000000000000000000000000000000000000000000000,147/32,0,-1/500000000000000000000000000000000000000000000000000000000000000000000000000000000000000000000000000,1/20000000000000000000000000000000000000000000000000000000000000000000000000000000000000000000000000000,3/4000000000000000000000000000000000000000000000000000000000000000000000000000000000000000000000000000,-1/1250000000000000000000000000000000000000000000000000000000000000000000000000000000000000000000000000,RAWNUM_a011805d3bd3d95d6bfaa1e3,TYPEDRAW_d6eb0187fe2113cf97e0a3d3,DEP_f81f8563ddbdad27de39ff8d,DEPCORE_ae9b4d242643f805443fa76f,DEPRES_ac91be723b3d0b7b8b2a4091,SHAPE_1307ed3b1bc1e5d42536b88b,2296874999999999999999999999999999999999999999999999999999999999999999999999999999999999999999999999/500000000000000000000000000000000000000000000000000000000000000000000000000000000000000000000000000,2250000000000000000000000000000000000000000000000000000000000000000000000000000000000000000000000000/2296874999999999999999999999999999999999999999999999999999999999999999999999999999999999999999999999|0|1|0|1/91874999999999999999999999999999999999999999999999999999999999999999999999999999999999999999999999960|3/18374999999999999999999999999999999999999999999999999999999999999999999999999999999999999999999999992,NONE,NONE
107,TPL_41b859cf6877d67709682f22,TOK_4f175f8df4ca8c0582fc9459,LEGAL_LOCAL_TEMPLATE,UNARY_DIRECT,ONE_BODY_DIRECT,1,4,4,1,negative,4,zero_contact,ACTIVE_LIFT,LOCAL_R2_LIFT,72.0,72,1,0,0,0,72.0,72,1,74.00000000000000000000000000000000000000000000000000000000000000000000000000000000000000000000000002,3700000000000000000000000000000000000000000000000000000000000000000000000000000000000000000000000001/50000000000000000000000000000000000000000000000000000000000000000000000000000000000000000000000000,98,9.250000000000000000000000000000000000000000000000000000000000000000000000000000000000000000000000002,4625000000000000000000000000000000000000000000000000000000000000000000000000000000000000000000000001/500000000000000000000000000000000000000000000000000000000000000000000000000000000000000000000000000,99,64.75000000000000000000000000000000000000000000000000000000000000000000000000000000000000000000000001,6475000000000000000000000000000000000000000000000000000000000000000000000000000000000000000000000001/100000000000000000000000000000000000000000000000000000000000000000000000000000000000000000000000000,98,100000000000000000000000000000000000000000000000000000000000000000000000000000000000000000000000001/50000000000000000000000000000000000000000000000000000000000000000000000000000000000000000000000000,74,0,1/50000000000000000000000000000000000000000000000000000000000000000000000000000000000000000000000000,-1/2000000000000000000000000000000000000000000000000000000000000000000000000000000000000000000000000000,-3/400000000000000000000000000000000000000000000000000000000000000000000000000000000000000000000000000,1/125000000000000000000000000000000000000000000000000000000000000000000000000000000000000000000000000,RAWNUM_364904da32d80ad87e573779,TYPEDRAW_fe049b72244926287c0ed55e,DEP_c67d70bd93292b6ead9db105,DEPCORE_b84d6b17bcf1cc548f0d5241,DEPRES_758666cafd3ac02390f18346,SHAPE_fc6db572e1c9f2c9ec695684,3700000000000000000000000000000000000000000000000000000000000000000000000000000000000000000000000001/50000000000000000000000000000000000000000000000000000000000000000000000000000000000000000000000000,3600000000000000000000000000000000000000000000000000000000000000000000000000000000000000000000000000/3700000000000000000000000000000000000000000000000000000000000000000000000000000000000000000000000001|0|1|0|-1/148000000000000000000000000000000000000000000000000000000000000000000000000000000000000000000000000040|-3/29600000000000000000000000000000000000000000000000000000000000000000000000000000000000000000000000008,NONE,NONE
108,TPL_c639e8cf1cbffccd55e13558,TOK_4f1a31682c7ac15ae8dc3ab9,LEGAL_LOCAL_TEMPLATE,UNORDERED_TRIAD,THREE_BODY_COLOR,3,3+6+9,3|6|9,0,negative,3,negative_credit,ACTIVE_LIFT,LOCAL_R2_LIFT,4536,4536,0,-2268.00,-2268,2,6804.00,6804,2,6945.749999999999999999999999999999999999999999999999999999999999999999999999999999999999999999999998,3472874999999999999999999999999999999999999999999999999999999999999999999999999999999999999999999999/500000000000000000000000000000000000000000000000000000000000000000000000000000000000000000000000,96,868.2187499999999999999999999999999999999999999999999999999999999999999999999999999999999999999999998,4341093749999999999999999999999999999999999999999999999999999999999999999999999999999999999999999999/5000000000000000000000000000000000000000000000000000000000000000000000000000000000000000000000000,97,6077.531249999999999999999999999999999999999999999999999999999999999999999999999999999999999999999999,6077531249999999999999999999999999999999999999999999999999999999999999999999999999999999999999999999/1000000000000000000000000000000000000000000000000000000000000000000000000000000000000000000000000,96,70874999999999999999999999999999999999999999999999999999999999999999999999999999999999999999999999/500000000000000000000000000000000000000000000000000000000000000000000000000000000000000000000000,27783/4,0,-1/500000000000000000000000000000000000000000000000000000000000000000000000000000000000000000000000,1/20000000000000000000000000000000000000000000000000000000000000000000000000000000000000000000000000,3/4000000000000000000000000000000000000000000000000000000000000000000000000000000000000000000000000,-1/1250000000000000000000000000000000000000000000000000000000000000000000000000000000000000000000000,RAWNUM_92daabf9bb8c659e2e6ebcbd,TYPEDRAW_5f1746ad6af0922aa58425d5,DEP_15cfd36f5944b0816fc9ad92,DEPCORE_cf23887817b983a01485e465,DEPRES_f82e527d888a191b435f6f8e,SHAPE_95a309c5be65076743fb8be5,3472874999999999999999999999999999999999999999999999999999999999999999999999999999999999999999999999/500000000000000000000000000000000000000000000000000000000000000000000000000000000000000000000000,2268000000000000000000000000000000000000000000000000000000000000000000000000000000000000000000000000/3472874999999999999999999999999999999999999999999999999999999999999999999999999999999999999999999999|-1134000000000000000000000000000000000000000000000000000000000000000000000000000000000000000000000000/3472874999999999999999999999999999999999999999999999999999999999999999999999999999999999999999999999|1|0|1/138914999999999999999999999999999999999999999999999999999999999999999999999999999999999999999999999960|3/27782999999999999999999999999999999999999999999999999999999999999999999999999999999999999999999999992,NONE,NONE
109,TPL_6ae0251d60484ed4ccbc4597,TOK_4f1b47806217cc562c160dbb,LEGAL_LOCAL_TEMPLATE,UNORDERED_TRIAD,THREE_BODY_COLOR,3,2+12+12,2|12|12,3,negative,10,negative_credit,ACTIVE_LIFT,LOCAL_R2_LIFT,10512,10512,0,-5.449652777777777777777777777777777777777777777777777777777777777777777777777777777777777777777777777,-5449652777777777777777777777777777777777777777777777777777777777777777777777777777777777777777777777/1000000000000000000000000000000000000000000000000000000000000000000000000000000000000000000000000000,99,10517.44965277777777777777777777777777777777777777777777777777777777777777777777777777777777777777778,525872482638888888888888888888888888888888888888888888888888888888888888888888888888888888888888889/50000000000000000000000000000000000000000000000000000000000000000000000000000000000000000000000,95,11247.82810088734567901234567901234567901234567901234567901234567901234567901234567901234567901234568,140597851261091820987654320987654320987654320987654320987654320987654320987654320987654320987654321/12500000000000000000000000000000000000000000000000000000000000000000000000000000000000000000000,95,1405.97851261091820987654320987654320987654320987654320987654320987654320987654320987654320987654321,140597851261091820987654320987654320987654320987654320987654320987654320987654320987654320987654321/100000000000000000000000000000000000000000000000000000000000000000000000000000000000000000000000,95,9841.84958827642746913580246913580246913580246913580246913580246913580246913580246913580246913580247,984184958827642746913580246913580246913580246913580246913580246913580246913580246913580246913580247/100000000000000000000000000000000000000000000000000000000000000000000000000000000000000000000000,95,7303784481095679012345679012345679012345679012345679012345679012345679012345679012345679012345679/10000000000000000000000000000000000000000000000000000000000000000000000000000000000000000000000,40492181163194444444444444444444444444444444444444444444444444444444444444444444444444444444444444453/3600000000000000000000000000000000000000000000000000000000000000000000000000000000000000000000000,2223/1000000000000000000000000000000000000000000000000000000000000000000000000000000000000000000000000000,-1/720000000000000000000000000000000000000000000000000000000000000000000000000000000000000000000000,0,0,0,RAWNUM_103221f4e0fe730350a0a82b,TYPEDRAW_81ecb1b5f8fbf64cd0285ce3,DEP_2aa12143f089256d3f1b736b,DEPCORE_3bf5e037776ed2f2e9571a3f,DEPRES_38b2346228a82ab515198e67,SHAPE_47a7ae291e8946789f36e7e4,140597851261091820987654320987654320987654320987654320987654320987654320987654320987654320987654321/12500000000000000000000000000000000000000000000000000000000000000000000000000000000000000000000,131400000000000000000000000000000000000000000000000000000000000000000000000000000000000000000000000/140597851261091820987654320987654320987654320987654320987654320987654320987654320987654320987654321|-5449652777777777777777777777777777777777777777777777777777777777777777777777777777777777777777777777/11247828100887345679012345679012345679012345679012345679012345679012345679012345679012345679012345680000|1|2223/11247828100887345679012345679012345679012345679012345679012345679012345679012345679012345679012345680000|0|0,NONE,NONE
110,TPL_024774dee7da0a8c4e8b2966,TOK_501059946ad85b6cca319e0c,LEGAL_LOCAL_TEMPLATE,UNARY_DIRECT,ONE_BODY_DIRECT,1,12,12,1,positive,12,zero_contact,ACTIVE_LIFT,LOCAL_R2_LIFT,180.00,180,2,0,0,0,180.00,180,2,194.9999999999999999999999999999999999999999999999999999999999999999999999999999999999999999999999999,1949999999999999999999999999999999999999999999999999999999999999999999999999999999999999999999999999/10000000000000000000000000000000000000000000000000000000000000000000000000000000000000000000000000,97,24.37499999999999999999999999999999999999999999999999999999999999999999999999999999999999999999999999,2437499999999999999999999999999999999999999999999999999999999999999999999999999999999999999999999999/100000000000000000000000000000000000000000000000000000000000000000000000000000000000000000000000000,98,170.6249999999999999999999999999999999999999999999999999999999999999999999999999999999999999999999999,1706249999999999999999999999999999999999999999999999999999999999999999999999999999999999999999999999/10000000000000000000000000000000000000000000000000000000000000000000000000000000000000000000000000,97,149999999999999999999999999999999999999999999999999999999999999999999999999999999999999999999999999/10000000000000000000000000000000000000000000000000000000000000000000000000000000000000000000000000,195,0,-1/10000000000000000000000000000000000000000000000000000000000000000000000000000000000000000000000000,1/400000000000000000000000000000000000000000000000000000000000000000000000000000000000000000000000000,-1/80000000000000000000000000000000000000000000000000000000000000000000000000000000000000000000000000,1/100000000000000000000000000000000000000000000000000000000000000000000000000000000000000000000000000,RAWNUM_dbc88edf494e91d9d1930608,TYPEDRAW_cdf6948adbfc9f43ab791c94,DEP_3a782ebdb930a4e811025b1b,DEPCORE_081423099d0f6b1964a2aa55,DEPRES_6e79992469a3dc5ecffb2f60,SHAPE_5e90dff78e605adc11453597,1949999999999999999999999999999999999999999999999999999999999999999999999999999999999999999999999999/10000000000000000000000000000000000000000000000000000000000000000000000000000000000000000000000000,1800000000000000000000000000000000000000000000000000000000000000000000000000000000000000000000000000/1949999999999999999999999999999999999999999999999999999999999999999999999999999999999999999999999999|0|1|0|1/77999999999999999999999999999999999999999999999999999999999999999999999999999999999999999999999999960|-1/15599999999999999999999999999999999999999999999999999999999999999999999999999999999999999999999999992,NONE,NONE
111,TPL_14ffb3a3f7dbdc6fb1290ff6,TOK_520df08a46471b827ba38a85,NONLOCAL_NODE,CARRIER_INFRASTRUCTURE,CARRIER_INFRASTRUCTURE,0,8,,3,neutral,0,none,ZERO_SUPPORT,ZERO_SUPPORT_NONLOCAL_OR_REJECTED,8,8,0,0,0,0,8,8,0,0,0,0,0,0,0,0,0,0,-8,0,0,0,0,0,0,RAWNUM_8bdf62ca766dab964f750df5,TYPEDRAW_c161b1e67fadb1b28faae815,DEP_2a5f6a64835951afc2dd7719,DEPCORE_cd12e0977d7dc25b442e7614,DEPRES_73ca7a9ed16e954dab204089,SHAPE_38c9d96c28812c6a64e0aaf9,8,1|0|0|0|0|0,NONE,NONE
112,TPL_ec96532404de4841a1779447,TOK_5374b54a0a5fe20de27be980,LEGAL_LOCAL_TEMPLATE,UNARY_DIRECT,ONE_BODY_DIRECT,1,6,6,2,neutral,0,zero_contact,ZERO_FEE,LOCAL_R2_LIFT,108.000,108,3,0,0,0,108.000,108,3,108.000,108,3,13.500,27/2,3,94.500,189/2,3,0,108,0,0,0,0,0,RAWNUM_e0ae87a9df7c4c1324b59569,TYPEDRAW_bb63cbd24e500b80574d9d5f,DEP_e5ed9e961a55984a315d01ac,DEPCORE_9d9ffc181f57239ae2610fb3,DEPRES_73ca7a9ed16e954dab204089,SHAPE_4a5a7e41bcde015a08457156,108,1|0|1|0|0|0,NONE,NONE
113,TPL_1412def6b3609100252a87fd,TOK_556cd44e560c09b757f7c74b,LEGAL_LOCAL_TEMPLATE,ORDERED_PAIR,TWO_BODY_PAIR,2,9+6,9|6,3,positive,3,positive_debit,ACTIVE_LIFT,LOCAL_R2_LIFT,657,657,0,0.1188151041666666666666666666666666666666666666666666666666666666666666666666666666666666666666666667,1188151041666666666666666666666666666666666666666666666666666666666666666666666666666666666666666667/10000000000000000000000000000000000000000000000000000000000000000000000000000000000000000000000000000,100,656.8811848958333333333333333333333333333333333333333333333333333333333333333333333333333333333333333,6568811848958333333333333333333333333333333333333333333333333333333333333333333333333333333333333333/10000000000000000000000000000000000000000000000000000000000000000000000000000000000000000000000000,97,670.5662095811631944444444444444444444444444444444444444444444444444444444444444444444444444444444442,3352831047905815972222222222222222222222222222222222222222222222222222222222222222222222222222222221/5000000000000000000000000000000000000000000000000000000000000000000000000000000000000000000000000,97,83.82077619764539930555555555555555555555555555555555555555555555555555555555555555555555555555555552,261939925617641872829861111111111111111111111111111111111111111111111111111111111111111111111111111/3125000000000000000000000000000000000000000000000000000000000000000000000000000000000000000000000,98,586.7454333835177951388888888888888888888888888888888888888888888888888888888888888888888888888888886,2933727166917588975694444444444444444444444444444444444444444444444444444444444444444444444444444443/5000000000000000000000000000000000000000000000000000000000000000000000000000000000000000000000000,97,136850246853298611111111111111111111111111111111111111111111111111111111111111111111111111111111109/10000000000000000000000000000000000000000000000000000000000000000000000000000000000000000000000000,321871780598958333333333333333333333333333333333333333333333333333333333333333333333333333333333333317/480000000000000000000000000000000000000000000000000000000000000000000000000000000000000000000000000,-333/10000000000000000000000000000000000000000000000000000000000000000000000000000000000000000000000000000,-101/480000000000000000000000000000000000000000000000000000000000000000000000000000000000000000000000000,-1/200000000000000000000000000000000000000000000000000000000000000000000000000000000000000000000000000,-3/40000000000000000000000000000000000000000000000000000000000000000000000000000000000000000000000000,1/12500000000000000000000000000000000000000000000000000000000000000000000000000000000000000000000000,RAWNUM_a45d56c5ba7763c01303996b,TYPEDRAW_89a7c10738f40b93aa09e300,DEP_a4700c71976cc169378cc0ca,DEPCORE_d5993fa677aa8838f0e146c0,DEPRES_c8f0948aa60906131b609189,SHAPE_14f6836bb3eb34e704874aad,3352831047905815972222222222222222222222222222222222222222222222222222222222222222222222222222222221/5000000000000000000000000000000000000000000000000000000000000000000000000000000000000000000000000,365000000000000000000000000000000000000000000000000000000000000000000000000000000000000000000000000/372536783100646219135802469135802469135802469135802469135802469135802469135802469135802469135802469|1188151041666666666666666666666666666666666666666666666666666666666666666666666666666666666666666667/6705662095811631944444444444444444444444444444444444444444444444444444444444444444444444444444444442000|1|-37/745073566201292438271604938271604938271604938271604938271604938271604938271604938271604938271604938000|-1/134113241916232638888888888888888888888888888888888888888888888888888888888888888888888888888888888840|-1/8940882794415509259259259259259259259259259259259259259259259259259259259259259259259259259259259256,NONE,NONE
114,TPL_b1e637f6715e57a072b16d0a,TOK_558a5b0550d0a6275f06615d,LEGAL_LOCAL_TEMPLATE,ORDERED_PAIR,TWO_BODY_PAIR,2,6+4,6|4,3,positive,2,positive_debit,ACTIVE_LIFT,LOCAL_R2_LIFT,294,294,0,0.07089120370370370370370370370370370370370370370370370370370370370370370370370370370370370370370370371,7089120370370370370370370370370370370370370370370370370370370370370370370370370370370370370370370371/100000000000000000000000000000000000000000000000000000000000000000000000000000000000000000000000000000,101,293.9291087962962962962962962962962962962962962962962962962962962962962962962962962962962962962962963,2939291087962962962962962962962962962962962962962962962962962962962962962962962962962962962962962963/10000000000000000000000000000000000000000000000000000000000000000000000000000000000000000000000000,97,298.0114575295781893004115226337448559670781893004115226337448559670781893004115226337448559670781893,2980114575295781893004115226337448559670781893004115226337448559670781893004115226337448559670781893/10000000000000000000000000000000000000000000000000000000000000000000000000000000000000000000000000,97,37.25143219119727366255144032921810699588477366255144032921810699588477366255144032921810699588477366,1862571609559863683127572016460905349794238683127572016460905349794238683127572016460905349794238683/50000000000000000000000000000000000000000000000000000000000000000000000000000000000000000000000000,98,260.7600253383809156378600823045267489711934156378600823045267489711934156378600823045267489711934156,651900063345952289094650205761316872427983539094650205761316872427983539094650205761316872427983539/2500000000000000000000000000000000000000000000000000000000000000000000000000000000000000000000000,97,4082348733281893004115226337448559670781893004115226337448559670781893004115226337448559670781893/1000000000000000000000000000000000000000000000000000000000000000000000000000000000000000000000000,71522749807098765432098765432098765432098765432098765432098765432098765432098765432098765432098765433/240000000000000000000000000000000000000000000000000000000000000000000000000000000000000000000000000,371/100000000000000000000000000000000000000000000000000000000000000000000000000000000000000000000000000000,-1/240000000000000000000000000000000000000000000000000000000000000000000000000000000000000000000000000,-1/400000000000000000000000000000000000000000000000000000000000000000000000000000000000000000000000000,-3/80000000000000000000000000000000000000000000000000000000000000000000000000000000000000000000000000,1/25000000000000000000000000000000000000000000000000000000000000000000000000000000000000000000000000,RAWNUM_d56aad6e4823bf97d1f7bafb,TYPEDRAW_9d22c16a905d5078b10cb11b,DEP_9f45f1762afba7bd408cdaee,DEPCORE_5f60a18ab9f0c5a016ebc6d9,DEPRES_491af92924acd05c70fb17df,SHAPE_f9e6116180e5fc3db106fe8f,2980114575295781893004115226337448559670781893004115226337448559670781893004115226337448559670781893/10000000000000000000000000000000000000000000000000000000000000000000000000000000000000000000000000,2940000000000000000000000000000000000000000000000000000000000000000000000000000000000000000000000000/2980114575295781893004115226337448559670781893004115226337448559670781893004115226337448559670781893|7089120370370370370370370370370370370370370370370370370370370370370370370370370370370370370370370371/29801145752957818930041152263374485596707818930041152263374485596707818930041152263374485596707818930000|1|371/29801145752957818930041152263374485596707818930041152263374485596707818930041152263374485596707818930000|-1/119204583011831275720164609053497942386831275720164609053497942386831275720164609053497942386831275720|-3/23840916602366255144032921810699588477366255144032921810699588477366255144032921810699588477366255144,NONE,NONE
115,TPL_0863272e546f3eadd728e34e,TOK_569629cafd53a9c3c13e8a6f,LEGAL_LOCAL_TEMPLATE,UNARY_DIRECT,ONE_BODY_DIRECT,1,8,8,2,positive,8,zero_contact,ACTIVE_LIFT,LOCAL_R2_LIFT,1440.00,1440,2,0,0,0,1440.00,1440,2,1520.000000000000000000000000000000000000000000000000000000000000000000000000000000000000000000000001,1520000000000000000000000000000000000000000000000000000000000000000000000000000000000000000000000001/1000000000000000000000000000000000000000000000000000000000000000000000000000000000000000000000000,96,190.0000000000000000000000000000000000000000000000000000000000000000000000000000000000000000000000001,1900000000000000000000000000000000000000000000000000000000000000000000000000000000000000000000000001/10000000000000000000000000000000000000000000000000000000000000000000000000000000000000000000000000,97,1330.000000000000000000000000000000000000000000000000000000000000000000000000000000000000000000000001,1330000000000000000000000000000000000000000000000000000000000000000000000000000000000000000000000001/1000000000000000000000000000000000000000000000000000000000000000000000000000000000000000000000000,96,80000000000000000000000000000000000000000000000000000000000000000000000000000000000000000000000001/1000000000000000000000000000000000000000000000000000000000000000000000000000000000000000000000000,1520,0,1/1000000000000000000000000000000000000000000000000000000000000000000000000000000000000000000000000,-1/40000000000000000000000000000000000000000000000000000000000000000000000000000000000000000000000000,1/8000000000000000000000000000000000000000000000000000000000000000000000000000000000000000000000000,-1/10000000000000000000000000000000000000000000000000000000000000000000000000000000000000000000000000,RAWNUM_306a7eee698d8843e15f654a,TYPEDRAW_5d3cf7fc081d7497e7b2a64d,DEP_b26f3fc5d9e374e14b71c26e,DEPCORE_c061eaf871b0dff3334c1795,DEPRES_c6f01433893b64d3acbf05ab,SHAPE_5e61887549d0cc4f86984117,1520000000000000000000000000000000000000000000000000000000000000000000000000000000000000000000000001/1000000000000000000000000000000000000000000000000000000000000000000000000000000000000000000000000,160000000000000000000000000000000000000000000000000000000000000000000000000000000000000000000000000/168888888888888888888888888888888888888888888888888888888888888888888888888888888888888888888888889|0|1|0|-1/60800000000000000000000000000000000000000000000000000000000000000000000000000000000000000000000000040|1/12160000000000000000000000000000000000000000000000000000000000000000000000000000000000000000000000008,NONE,NONE
116,TPL_0d658cc09710077790eac635,TOK_569a41cb01ac33461e7f2d32,REJECTED,UNORDERED_TRIAD,THREE_BODY_COLOR,3,1+3+8,1|3|8,0,neutral,0,positive_debit,ZERO_SUPPORT,ZERO_SUPPORT_NONLOCAL_OR_REJECTED,2664,2664,0,3330.00,3330,2,-666.00,-666,2,0,0,0,0,0,0,0,0,0,666,0,0,0,0,0,0,RAWNUM_d861dfb35649e216fb11a39f,TYPEDRAW_1666b11f97d154d654613264,DEP_1cf27e18323a2bc5a65af6be,DEPCORE_e0798eb43f6f6376c0736b4e,DEPRES_73ca7a9ed16e954dab204089,SHAPE_aca101b390433fda81ae9569,3330,4/5|1|0|0|0|0,NONE,NONE
117,TPL_ecf6b0f56f746534127a9793,TOK_58397084686d901a67650829,LEGAL_LOCAL_TEMPLATE,UNARY_DIRECT,ONE_BODY_DIRECT,1,1,1,0,neutral,0,zero_contact,ZERO_FEE,LOCAL_R2_LIFT,0.125,1/8,3,0,0,0,0.125,1/8,3,0.125,1/8,3,0.015625,1/64,6,0.109375,7/64,6,0,1/8,0,0,0,0,0,RAWNUM_63ac1bfa228e9001a040ee8b,TYPEDRAW_990aa5512d4440a13a39d9dd,DEP_5df053f3e9cca8a916277a72,DEPCORE_4d252c78782ed74f91a8b5e5,DEPRES_73ca7a9ed16e954dab204089,SHAPE_4a5a7e41bcde015a08457156,1/8,1|0|1|0|0|0,NONE,NONE
118,TPL_e1a498011428df852038b02a,TOK_596d8dc79d6eee037a745812,LEGAL_LOCAL_TEMPLATE,ORDERED_PAIR,TWO_BODY_PAIR,2,2+2,2|2,1,neutral,0,positive_debit,ZERO_FEE,LOCAL_R2_LIFT,48,48,0,5.00,5,2,43.00,43,2,43.00,43,2,5.375,43/8,3,37.625,301/8,3,0,43,0,0,0,0,0,RAWNUM_7f2c238b4d2c89879101a3ad,TYPEDRAW_b0f772f8fb0dabc02cfb4de4,DEP_c5ee9fee6f8b8dd811fda4f2,DEPCORE_9ebfed022734a9a0986e8f30,DEPRES_73ca7a9ed16e954dab204089,SHAPE_8dce00b3b054a735194ec80d,48,1|5/48|43/48|0|0|0,NONE,NONE
119,TPL_1216587fe46b3a913bd10dbf,TOK_5a4e57b89f2941d8a39c86d6,LEGAL_LOCAL_TEMPLATE,UNORDERED_TRIAD,THREE_BODY_COLOR,3,3+6+12,3|6|12,0,negative,3,negative_credit,ACTIVE_LIFT,LOCAL_R2_LIFT,6804,6804,0,-3402.00,-3402,2,10206.00,10206,2,10418.62500000000000000000000000000000000000000000000000000000000000000000000000000000000000000000000,83349/8,95,1302.32812500000000000000000000000000000000000000000000000000000000000000000000000000000000000000000,83349/64,95,9116.29687500000000000000000000000000000000000000000000000000000000000000000000000000000000000000000,583443/64,95,1701/8,83349/8,0,0,0,0,0,RAWNUM_469ef368c9e04f4cc7f7d6b4,TYPEDRAW_1efe6588c0eae79f5e21f519,DEP_6bda17f2dc1db8985faeb85d,DEPCORE_cd7dcf6b6804173039ea710c,DEPRES_73ca7a9ed16e954dab204089,SHAPE_c0133e24937e21f32809844c,83349/8,32/49|-16/49|1|0|0|0,NONE,NONE
120,TPL_054173dd7674131957f6b216,TOK_5b054c58fd3e9a2dca664102,LEGAL_LOCAL_TEMPLATE,ORDERED_PAIR,TWO_BODY_PAIR,2,2+9,2|9,3,negative,7,negative_credit,ACTIVE_LIFT,LOCAL_R2_LIFT,237,237,0,-0.08857783564814814814814814814814814814814814814814814814814814814814814814814814814814814814814814816,-276805736400462962962962962962962962962962962962962962962962962962962962962962962962962962962962963/3125000000000000000000000000000000000000000000000000000000000000000000000000000000000000000000000000,101,237.0885778356481481481481481481481481481481481481481481481481481481481481481481481481481481481481481,2370885778356481481481481481481481481481481481481481481481481481481481481481481481481481481481481481/10000000000000000000000000000000000000000000000000000000000000000000000000000000000000000000000000,97,248.6137170359921553497942386831275720164609053497942386831275720164609053497942386831275720164609053,2486137170359921553497942386831275720164609053497942386831275720164609053497942386831275720164609053/10000000000000000000000000000000000000000000000000000000000000000000000000000000000000000000000000,97,31.07671462949901941872427983539094650205761316872427983539094650205761316872427983539094650205761316,776917865737475485468106995884773662551440329218106995884773662551440329218106995884773662551440329/25000000000000000000000000000000000000000000000000000000000000000000000000000000000000000000000000,98,217.5370024064931359310699588477366255144032921810699588477366255144032921810699588477366255144032921,2175370024064931359310699588477366255144032921810699588477366255144032921810699588477366255144032921/10000000000000000000000000000000000000000000000000000000000000000000000000000000000000000000000000,97,28812848000860018004115226337448559670781893004115226337448559670781893004115226337448559670781893/2500000000000000000000000000000000000000000000000000000000000000000000000000000000000000000000000,358003752531828703703703703703703703703703703703703703703703703703703703703703703703703703703703703631/1440000000000000000000000000000000000000000000000000000000000000000000000000000000000000000000000000,-301/6250000000000000000000000000000000000000000000000000000000000000000000000000000000000000000000000000,1/1440000000000000000000000000000000000000000000000000000000000000000000000000000000000000000000000000,-1/400000000000000000000000000000000000000000000000000000000000000000000000000000000000000000000000000,-3/80000000000000000000000000000000000000000000000000000000000000000000000000000000000000000000000000,1/25000000000000000000000000000000000000000000000000000000000000000000000000000000000000000000000000,RAWNUM_e0d7fd96c5ffa00ed6a0d59a,TYPEDRAW_0a216881879a2c1f4a87527f,DEP_22da75a562e1075f9fa566f2,DEPCORE_2b5799d5eddfd463e6edf2ff,DEPRES_a5d27b22259bce72548625e7,SHAPE_d94cdb3e8458a74776081448,2486137170359921553497942386831275720164609053497942386831275720164609053497942386831275720164609053/10000000000000000000000000000000000000000000000000000000000000000000000000000000000000000000000000,790000000000000000000000000000000000000000000000000000000000000000000000000000000000000000000000000/828712390119973851165980795610425240054869684499314128943758573388203017832647462277091906721536351|-184537157600308641975308641975308641975308641975308641975308641975308641975308641975308641975308642/517945243824983656978737997256515775034293552812071330589849108367626886145404663923182441700960219375|1|-301/1553835731474950970936213991769547325102880658436213991769547325102880658436213991769547325102880658125|-1/99445486814396862139917695473251028806584362139917695473251028806584362139917695473251028806584362120|-1/6629699120959790809327846364883401920438957475994513031550068587105624142661179698216735253772290808,NONE,NONE
121,TPL_bf60834cc579bc745f72a4d5,TOK_5b5030ff07fd65c079c9e813,LEGAL_LOCAL_TEMPLATE,ORDERED_PAIR,TWO_BODY_PAIR,2,9+3,9|3,3,positive,6,positive_debit,ACTIVE_LIFT,LOCAL_R2_LIFT,342,342,0,0.1113281250000000000000000000000000000000000000000000000000000000000000000000000000000000000000000000,57/512,100,341.8886718750000000000000000000000000000000000000000000000000000000000000000000000000000000000000000,175047/512,97,356.1340332031250000000000000000000000000000000000000000000000000000000000000000000000000000000000001,3561340332031250000000000000000000000000000000000000000000000000000000000000000000000000000000000001/10000000000000000000000000000000000000000000000000000000000000000000000000000000000000000000000000,97,44.51675415039062500000000000000000000000000000000000000000000000000000000000000000000000000000000001,4451675415039062500000000000000000000000000000000000000000000000000000000000000000000000000000000001/100000000000000000000000000000000000000000000000000000000000000000000000000000000000000000000000000,98,311.6172790527343750000000000000000000000000000000000000000000000000000000000000000000000000000000001,3116172790527343750000000000000000000000000000000000000000000000000000000000000000000000000000000001/10000000000000000000000000000000000000000000000000000000000000000000000000000000000000000000000000,97,142453613281250000000000000000000000000000000000000000000000000000000000000000000000000000000000001/10000000000000000000000000000000000000000000000000000000000000000000000000000000000000000000000000,1458725/4096,0,1/10000000000000000000000000000000000000000000000000000000000000000000000000000000000000000000000000,-1/400000000000000000000000000000000000000000000000000000000000000000000000000000000000000000000000000,1/80000000000000000000000000000000000000000000000000000000000000000000000000000000000000000000000000,-1/100000000000000000000000000000000000000000000000000000000000000000000000000000000000000000000000000,RAWNUM_525052f1ac00d9227eb8ed7a,TYPEDRAW_0ea6198c991f92b929a8aa24,DEP_740e4f9ebac1eb3c4940d7b7,DEPCORE_d9509feccdf80653ab07efa7,DEPRES_70f268ee08fa51020daa94cb,SHAPE_bb736e6a626bb121352d7983,3561340332031250000000000000000000000000000000000000000000000000000000000000000000000000000000000001/10000000000000000000000000000000000000000000000000000000000000000000000000000000000000000000000000,1140000000000000000000000000000000000000000000000000000000000000000000000000000000000000000000000000/1187113444010416666666666666666666666666666666666666666666666666666666666666666666666666666666666667|371093750000000000000000000000000000000000000000000000000000000000000000000000000000000000000000/1187113444010416666666666666666666666666666666666666666666666666666666666666666666666666666666666667|1|0|-1/142453613281250000000000000000000000000000000000000000000000000000000000000000000000000000000000000040|1/28490722656250000000000000000000000000000000000000000000000000000000000000000000000000000000000000008,NONE,NONE
122,TPL_5f2bc576f263398fa36e29c4,TOK_5ba381bf732054dc9a9e9979,LEGAL_LOCAL_TEMPLATE,UNORDERED_TRIAD,THREE_BODY_COLOR,3,1+6+8,1|6|8,0,negative,3,negative_credit,ACTIVE_LIFT,LOCAL_R2_LIFT,3636,3636,0,-1818.00,-1818,2,5454.00,5454,2,5567.624999999999999999999999999999999999999999999999999999999999999999999999999999999999999999999998,2783812499999999999999999999999999999999999999999999999999999999999999999999999999999999999999999999/500000000000000000000000000000000000000000000000000000000000000000000000000000000000000000000000,96,695.9531249999999999999999999999999999999999999999999999999999999999999999999999999999999999999999998,3479765624999999999999999999999999999999999999999999999999999999999999999999999999999999999999999999/5000000000000000000000000000000000000000000000000000000000000000000000000000000000000000000000000,97,4871.671874999999999999999999999999999999999999999999999999999999999999999999999999999999999999999999,4871671874999999999999999999999999999999999999999999999999999999999999999999999999999999999999999999/1000000000000000000000000000000000000000000000000000000000000000000000000000000000000000000000000,96,56812499999999999999999999999999999999999999999999999999999999999999999999999999999999999999999999/500000000000000000000000000000000000000000000000000000000000000000000000000000000000000000000000,44541/8,0,-1/500000000000000000000000000000000000000000000000000000000000000000000000000000000000000000000000,1/20000000000000000000000000000000000000000000000000000000000000000000000000000000000000000000000000,3/4000000000000000000000000000000000000000000000000000000000000000000000000000000000000000000000000,-1/1250000000000000000000000000000000000000000000000000000000000000000000000000000000000000000000000,RAWNUM_6180f9760c95ae485a1b1e77,TYPEDRAW_6f6e30821fde947bbc6871cb,DEP_8ddeedb54af0b559f764bcf9,DEPCORE_d3adf7d7148bd0d92e054550,DEPRES_f82e527d888a191b435f6f8e,SHAPE_6966b7e1b05d3824278cad43,2783812499999999999999999999999999999999999999999999999999999999999999999999999999999999999999999999/500000000000000000000000000000000000000000000000000000000000000000000000000000000000000000000000,1818000000000000000000000000000000000000000000000000000000000000000000000000000000000000000000000000/2783812499999999999999999999999999999999999999999999999999999999999999999999999999999999999999999999|-909000000000000000000000000000000000000000000000000000000000000000000000000000000000000000000000000/2783812499999999999999999999999999999999999999999999999999999999999999999999999999999999999999999999|1|0|1/111352499999999999999999999999999999999999999999999999999999999999999999999999999999999999999999999960|3/22270499999999999999999999999999999999999999999999999999999999999999999999999999999999999999999999992,NONE,NONE
123,TPL_81490e932eb2b9b378ab040f,TOK_5c5097e251e55581c67f6846,LEGAL_LOCAL_TEMPLATE,UNARY_DIRECT,ONE_BODY_DIRECT,1,2,2,0,neutral,0,zero_contact,ZERO_FEE,LOCAL_R2_LIFT,0.250,1/4,3,0,0,0,0.250,1/4,3,0.250,1/4,3,0.03125,1/32,5,0.21875,7/32,5,0,1/4,0,0,0,0,0,RAWNUM_679542d84a54b2424ff3c970,TYPEDRAW_9f1e6727fe32a7f26da3155e,DEP_be8d58e283ae4205413ce368,DEPCORE_5a243aee98d1e82e8bcf9960,DEPRES_73ca7a9ed16e954dab204089,SHAPE_4a5a7e41bcde015a08457156,1/4,1|0|1|0|0|0,NONE,NONE
124,TPL_4b303006b5e94683b40b3cab,TOK_5c6c8b87dad33d0dad196b2e,REJECTED,UNORDERED_TRIAD,THREE_BODY_COLOR,3,9+9+9,9|9|9,0,neutral,0,positive_debit,ZERO_SUPPORT,ZERO_SUPPORT_NONLOCAL_OR_REJECTED,8748,8748,0,10935.00,10935,2,-2187.00,-2187,2,0,0,0,0,0,0,0,0,0,2187,0,0,0,0,0,0,RAWNUM_34cfddf66299c7aec980b2ef,TYPEDRAW_8e426d8ea689279580fc8967,DEP_bbd48cccd8682678debecb86,DEPCORE_8b42e42e8c4ad69a8331353f,DEPRES_73ca7a9ed16e954dab204089,SHAPE_aca101b390433fda81ae9569,10935,4/5|1|0|0|0|0,NONE,NONE
125,TPL_a522c1c36d35480d951d5201,TOK_5cabd1068f454f6b9e75dc6d,LEGAL_LOCAL_TEMPLATE,UNARY_DIRECT,ONE_BODY_DIRECT,1,2,2,1,negative,2,zero_contact,ACTIVE_LIFT,LOCAL_R2_LIFT,36.0,36,1,0,0,0,36.0,36,1,36.50000000000000000000000000000000000000000000000000000000000000000000000000000000000000000000000000,73/2,98,4.56250000000000000000000000000000000000000000000000000000000000000000000000000000000000000000000000,73/16,98,31.9375000000000000000000000000000000000000000000000000000000000000000000000000000000000000000000000,511/16,97,1/2,73/2,0,0,0,0,0,RAWNUM_3476b7b4212d2f124c429393,TYPEDRAW_14a6c1dfba7939cf6a85c7f2,DEP_82e271aec062bed8ffe81f54,DEPCORE_ae62ead18d53fe24fb4b91ca,DEPRES_73ca7a9ed16e954dab204089,SHAPE_7affee3d04578c527b3bb78a,73/2,72/73|0|1|0|0|0,NONE,NONE
126,TPL_a05ff98271408bbac56c0746,TOK_5f0172ebbdd173fca9964e94,LEGAL_LOCAL_TEMPLATE,ORDERED_PAIR,TWO_BODY_PAIR,2,4+3,4|3,3,positive,1,positive_debit,ACTIVE_LIFT,LOCAL_R2_LIFT,147,147,0,0.02835648148148148148148148148148148148148148148148148148148148148148148148148148148148148148148148148,708912037037037037037037037037037037037037037037037037037037037037037037037037037037037037037037037/25000000000000000000000000000000000000000000000000000000000000000000000000000000000000000000000000000,101,146.9716435185185185185185185185185185185185185185185185185185185185185185185185185185185185185185185,293943287037037037037037037037037037037037037037037037037037037037037037037037037037037037037037037/2000000000000000000000000000000000000000000000000000000000000000000000000000000000000000000000000,97,147.9922799318415637860082304526748971193415637860082304526748971193415637860082304526748971193415637,1479922799318415637860082304526748971193415637860082304526748971193415637860082304526748971193415637/10000000000000000000000000000000000000000000000000000000000000000000000000000000000000000000000000,97,18.49903499148019547325102880658436213991769547325102880658436213991769547325102880658436213991769546,924951749574009773662551440329218106995884773662551440329218106995884773662551440329218106995884773/50000000000000000000000000000000000000000000000000000000000000000000000000000000000000000000000000,98,129.4932449403613683127572016460905349794238683127572016460905349794238683127572016460905349794238682,647466224701806841563786008230452674897119341563786008230452674897119341563786008230452674897119341/5000000000000000000000000000000000000000000000000000000000000000000000000000000000000000000000000,97,2551591033307613168724279835390946502057613168724279835390946502057613168724279835390946502057613/2500000000000000000000000000000000000000000000000000000000000000000000000000000000000000000000000,8524355324074074074074074074074074074074074074074074074074074074074074074074074074074074074074074073/57600000000000000000000000000000000000000000000000000000000000000000000000000000000000000000000000,-463/25000000000000000000000000000000000000000000000000000000000000000000000000000000000000000000000000000,-97/1440000000000000000000000000000000000000000000000000000000000000000000000000000000000000000000000000,-1/400000000000000000000000000000000000000000000000000000000000000000000000000000000000000000000000000,-3/80000000000000000000000000000000000000000000000000000000000000000000000000000000000000000000000000,1/25000000000000000000000000000000000000000000000000000000000000000000000000000000000000000000000000,RAWNUM_3a16840894938147c1247425,TYPEDRAW_aed8cc6cc13f37fc0cda7bd5,DEP_b628443136e48a1a7c690550,DEPCORE_9f437e43cc2a9ec20de19ca6,DEPRES_b3c306002060068ca3488e95,SHAPE_1957eed84b969491d4e85255,1479922799318415637860082304526748971193415637860082304526748971193415637860082304526748971193415637/10000000000000000000000000000000000000000000000000000000000000000000000000000000000000000000000000,1470000000000000000000000000000000000000000000000000000000000000000000000000000000000000000000000000/1479922799318415637860082304526748971193415637860082304526748971193415637860082304526748971193415637|708912037037037037037037037037037037037037037037037037037037037037037037037037037037037037037037037/3699806998296039094650205761316872427983539094650205761316872427983539094650205761316872427983539092500|1|-463/3699806998296039094650205761316872427983539094650205761316872427983539094650205761316872427983539092500|-1/59196911972736625514403292181069958847736625514403292181069958847736625514403292181069958847736625480|-3/11839382394547325102880658436213991769547325102880658436213991769547325102880658436213991769547325096,NONE,NONE
127,TPL_f6ac70237e980d15b05de242,TOK_5f6c61e3c2c928d063b1271e,LEGAL_LOCAL_TEMPLATE,UNORDERED_TRIAD,THREE_BODY_COLOR,3,1+2+6,1|2|6,0,negative,1,negative_credit,ACTIVE_LIFT,LOCAL_R2_LIFT,1476,1476,0,-492.0000000000000000000000000000000000000000000000000000000000000000000000000000000000000000000000000,-492,97,1968.000000000000000000000000000000000000000000000000000000000000000000000000000000000000000000000000,1968,96,1981.666666666666666666666666666666666666666666666666666666666666666666666666666666666666666666666666,990833333333333333333333333333333333333333333333333333333333333333333333333333333333333333333333333/500000000000000000000000000000000000000000000000000000000000000000000000000000000000000000000000,96,247.7083333333333333333333333333333333333333333333333333333333333333333333333333333333333333333333332,619270833333333333333333333333333333333333333333333333333333333333333333333333333333333333333333333/2500000000000000000000000000000000000000000000000000000000000000000000000000000000000000000000000,97,1733.958333333333333333333333333333333333333333333333333333333333333333333333333333333333333333333332,433489583333333333333333333333333333333333333333333333333333333333333333333333333333333333333333333/250000000000000000000000000000000000000000000000000000000000000000000000000000000000000000000000,96,6833333333333333333333333333333333333333333333333333333333333333333333333333333333333333333333333/500000000000000000000000000000000000000000000000000000000000000000000000000000000000000000000000,5945/3,0,-1/1500000000000000000000000000000000000000000000000000000000000000000000000000000000000000000000000,-1/20000000000000000000000000000000000000000000000000000000000000000000000000000000000000000000000000,-3/4000000000000000000000000000000000000000000000000000000000000000000000000000000000000000000000000,1/1250000000000000000000000000000000000000000000000000000000000000000000000000000000000000000000000,RAWNUM_6affecdc350a59f2047f40bb,TYPEDRAW_d3ee3a4cd61f0fd022cf992c,DEP_2f470af6877393ca594c5ea3,DEPCORE_b6d9fa87c022e05c55b1f097,DEPRES_10f3a22093e273440aeadd0f,SHAPE_2d80bce2f88c0a8946032e56,990833333333333333333333333333333333333333333333333333333333333333333333333333333333333333333333333/500000000000000000000000000000000000000000000000000000000000000000000000000000000000000000000000,738000000000000000000000000000000000000000000000000000000000000000000000000000000000000000000000000/990833333333333333333333333333333333333333333333333333333333333333333333333333333333333333333333333|-246000000000000000000000000000000000000000000000000000000000000000000000000000000000000000000000000/990833333333333333333333333333333333333333333333333333333333333333333333333333333333333333333333333|1|0|-1/39633333333333333333333333333333333333333333333333333333333333333333333333333333333333333333333333320|-3/7926666666666666666666666666666666666666666666666666666666666666666666666666666666666666666666666664,NONE,NONE
128,TPL_6aa7a3010e1a90d2de7d5ed3,TOK_60875c93b77925ff04b55f8e,LEGAL_LOCAL_TEMPLATE,UNORDERED_TRIAD,THREE_BODY_COLOR,3,1+4+6,1|4|6,3,negative,3,negative_credit,ACTIVE_LIFT,LOCAL_R2_LIFT,1908,1908,0,-0.3450520833333333333333333333333333333333333333333333333333333333333333333333333333333333333333333334,-1725260416666666666666666666666666666666666666666666666666666666666666666666666666666666666666666667/5000000000000000000000000000000000000000000000000000000000000000000000000000000000000000000000000000,100,1908.345052083333333333333333333333333333333333333333333333333333333333333333333333333333333333333333,1908345052083333333333333333333333333333333333333333333333333333333333333333333333333333333333333333/1000000000000000000000000000000000000000000000000000000000000000000000000000000000000000000000000,96,1948.102240668402777777777777777777777777777777777777777777777777777777777777777777777777777777777777,1948102240668402777777777777777777777777777777777777777777777777777777777777777777777777777777777777/1000000000000000000000000000000000000000000000000000000000000000000000000000000000000000000000000,96,243.5127800835503472222222222222222222222222222222222222222222222222222222222222222222222222222222221,2435127800835503472222222222222222222222222222222222222222222222222222222222222222222222222222222221/10000000000000000000000000000000000000000000000000000000000000000000000000000000000000000000000000,97,1704.589460584852430555555555555555555555555555555555555555555555555555555555555555555555555555555555,340917892116970486111111111111111111111111111111111111111111111111111111111111111111111111111111111/200000000000000000000000000000000000000000000000000000000000000000000000000000000000000000000000,96,9939297146267361111111111111111111111111111111111111111111111111111111111111111111111111111111111/250000000000000000000000000000000000000000000000000000000000000000000000000000000000000000000000,31169635850694444444444444444444444444444444444444444444444444444444444444444444444444444444444444439/16000000000000000000000000000000000000000000000000000000000000000000000000000000000000000000000000,-1667/5000000000000000000000000000000000000000000000000000000000000000000000000000000000000000000000000000,-7/16000000000000000000000000000000000000000000000000000000000000000000000000000000000000000000000000,-1/40000000000000000000000000000000000000000000000000000000000000000000000000000000000000000000000000,1/8000000000000000000000000000000000000000000000000000000000000000000000000000000000000000000000000,-1/10000000000000000000000000000000000000000000000000000000000000000000000000000000000000000000000000,RAWNUM_f27cd036910592f748616405,TYPEDRAW_07f7132869add3d1e724337d,DEP_dc429cc05581642386b8eeb9,DEPCORE_ad82c3d20e4405ca16fcfb7a,DEPRES_b6b9dc82100f92b74c4b60ec,SHAPE_f35bcff0ae1fd494ab748404,1948102240668402777777777777777777777777777777777777777777777777777777777777777777777777777777777777/1000000000000000000000000000000000000000000000000000000000000000000000000000000000000000000000000,636000000000000000000000000000000000000000000000000000000000000000000000000000000000000000000000000/649367413556134259259259259259259259259259259259259259259259259259259259259259259259259259259259259|-1725260416666666666666666666666666666666666666666666666666666666666666666666666666666666666666666667/9740511203342013888888888888888888888888888888888888888888888888888888888888888888888888888888888885000|1|-1667/9740511203342013888888888888888888888888888888888888888888888888888888888888888888888888888888888885000|-1/77924089626736111111111111111111111111111111111111111111111111111111111111111111111111111111111111080|1/15584817925347222222222222222222222222222222222222222222222222222222222222222222222222222222222222216,NONE,NONE
129,TPL_ac204c80a35312794cb07902,TOK_62da9b58f4d3d5002e1771b7,LEGAL_LOCAL_TEMPLATE,UNORDERED_TRIAD,THREE_BODY_COLOR,3,1+8+12,1|8|12,0,negative,7,negative_credit,ACTIVE_LIFT,LOCAL_R2_LIFT,7524,7524,0,-6270.000000000000000000000000000000000000000000000000000000000000000000000000000000000000000000000000,-6270,96,13794.00000000000000000000000000000000000000000000000000000000000000000000000000000000000000000000000,13794,95,14464.54166666666666666666666666666666666666666666666666666666666666666666666666666666666666666666667,1446454166666666666666666666666666666666666666666666666666666666666666666666666666666666666666666667/100000000000000000000000000000000000000000000000000000000000000000000000000000000000000000000000,95,1808.067708333333333333333333333333333333333333333333333333333333333333333333333333333333333333333334,904033854166666666666666666666666666666666666666666666666666666666666666666666666666666666666666667/500000000000000000000000000000000000000000000000000000000000000000000000000000000000000000000000,96,12656.47395833333333333333333333333333333333333333333333333333333333333333333333333333333333333333334,632823697916666666666666666666666666666666666666666666666666666666666666666666666666666666666666667/50000000000000000000000000000000000000000000000000000000000000000000000000000000000000000000000,95,67054166666666666666666666666666666666666666666666666666666666666666666666666666666666666666666667/100000000000000000000000000000000000000000000000000000000000000000000000000000000000000000000000,347149/24,0,1/300000000000000000000000000000000000000000000000000000000000000000000000000000000000000000000000,1/4000000000000000000000000000000000000000000000000000000000000000000000000000000000000000000000000,3/800000000000000000000000000000000000000000000000000000000000000000000000000000000000000000000000,-1/250000000000000000000000000000000000000000000000000000000000000000000000000000000000000000000000,RAWNUM_75f366cbcf55ddc2f7847fe5,TYPEDRAW_176eab94af7c22dc0409ee6b,DEP_22c67f40f1040c0d1062a0c6,DEPCORE_77666a5cfc0ece82bcc066bf,DEPRES_da79f9c6e5a14c01cc2ee686,SHAPE_d39a51864c40c2e3b96d2e0f,1446454166666666666666666666666666666666666666666666666666666666666666666666666666666666666666666667/100000000000000000000000000000000000000000000000000000000000000000000000000000000000000000000000,250800000000000000000000000000000000000000000000000000000000000000000000000000000000000000000000000/482151388888888888888888888888888888888888888888888888888888888888888888888888888888888888888888889|-209000000000000000000000000000000000000000000000000000000000000000000000000000000000000000000000000/482151388888888888888888888888888888888888888888888888888888888888888888888888888888888888888888889|1|0|1/57858166666666666666666666666666666666666666666666666666666666666666666666666666666666666666666666680|1/3857211111111111111111111111111111111111111111111111111111111111111111111111111111111111111111111112,NONE,NONE
130,TPL_cb06b33a6467954285dd55a4,TOK_62e273903773bd126eeb5820,LEGAL_LOCAL_TEMPLATE,UNORDERED_TRIAD,THREE_BODY_COLOR,3,4+6+12,4|6|12,3,negative,2,negative_credit,ACTIVE_LIFT,LOCAL_R2_LIFT,7056,7056,0,-0.9357638888888888888888888888888888888888888888888888888888888888888888888888888888888888888888888889,-9357638888888888888888888888888888888888888888888888888888888888888888888888888888888888888888888889/10000000000000000000000000000000000000000000000000000000000000000000000000000000000000000000000000000,100,7056.935763888888888888888888888888888888888888888888888888888888888888888888888888888888888888888889,7056935763888888888888888888888888888888888888888888888888888888888888888888888888888888888888888889/1000000000000000000000000000000000000000000000000000000000000000000000000000000000000000000000000,96,7154.948760609567901234567901234567901234567901234567901234567901234567901234567901234567901234567902,3577474380304783950617283950617283950617283950617283950617283950617283950617283950617283950617283951/500000000000000000000000000000000000000000000000000000000000000000000000000000000000000000000000,96,894.3685950761959876543209876543209876543209876543209876543209876543209876543209876543209876543209878,4471842975380979938271604938271604938271604938271604938271604938271604938271604938271604938271604939/5000000000000000000000000000000000000000000000000000000000000000000000000000000000000000000000000,97,6260.580165533371913580246913580246913580246913580246913580246913580246913580246913580246913580246914,3130290082766685956790123456790123456790123456790123456790123456790123456790123456790123456790123457/500000000000000000000000000000000000000000000000000000000000000000000000000000000000000000000000,96,98012996720679012345679012345679012345679012345679012345679012345679012345679012345679012345679013/1000000000000000000000000000000000000000000000000000000000000000000000000000000000000000000000000,515156310763888888888888888888888888888888888888888888888888888888888888888888888888888888888888888897/72000000000000000000000000000000000000000000000000000000000000000000000000000000000000000000000000,1111/10000000000000000000000000000000000000000000000000000000000000000000000000000000000000000000000000000,47/72000000000000000000000000000000000000000000000000000000000000000000000000000000000000000000000000,1/20000000000000000000000000000000000000000000000000000000000000000000000000000000000000000000000000,-1/4000000000000000000000000000000000000000000000000000000000000000000000000000000000000000000000000,1/5000000000000000000000000000000000000000000000000000000000000000000000000000000000000000000000000,RAWNUM_3872b4346408582e5169a790,TYPEDRAW_6fcb3320cf3eb697da0ce4df,DEP_916e87e7a9028e3dec901059,DEPCORE_66abdb3ca12317b9df8a19ad,DEPRES_dfa7230142b4ec4b3a70af6c,SHAPE_44a85847c3ef728c2736e025,3577474380304783950617283950617283950617283950617283950617283950617283950617283950617283950617283951/500000000000000000000000000000000000000000000000000000000000000000000000000000000000000000000000,3528000000000000000000000000000000000000000000000000000000000000000000000000000000000000000000000000/3577474380304783950617283950617283950617283950617283950617283950617283950617283950617283950617283951|-9357638888888888888888888888888888888888888888888888888888888888888888888888888888888888888888888889/71549487606095679012345679012345679012345679012345679012345679012345679012345679012345679012345679020000|1|1111/71549487606095679012345679012345679012345679012345679012345679012345679012345679012345679012345679020000|1/143098975212191358024691358024691358024691358024691358024691358024691358024691358024691358024691358040|-1/28619795042438271604938271604938271604938271604938271604938271604938271604938271604938271604938271608,NONE,NONE
131,TPL_aec4f3248077011ff4b1652c,TOK_63385e463b4a7e77d3c534eb,LEGAL_LOCAL_TEMPLATE,UNARY_CONJUGATE,ONE_BODY_CONJUGATE,1,8,8,1,positive,8,positive_debit,ACTIVE_LIFT,LOCAL_R2_LIFT,144.0,144,1,8.000000000000000000000000000000000000000000000000000000000000000000000000000000000000000000000000000,8,99,136.0000000000000000000000000000000000000000000000000000000000000000000000000000000000000000000000000,136,97,143.5555555555555555555555555555555555555555555555555555555555555555555555555555555555555555555555556,358888888888888888888888888888888888888888888888888888888888888888888888888888888888888888888888889/2500000000000000000000000000000000000000000000000000000000000000000000000000000000000000000000000,97,17.94444444444444444444444444444444444444444444444444444444444444444444444444444444444444444444444445,358888888888888888888888888888888888888888888888888888888888888888888888888888888888888888888888889/20000000000000000000000000000000000000000000000000000000000000000000000000000000000000000000000000,98,125.6111111111111111111111111111111111111111111111111111111111111111111111111111111111111111111111111,1256111111111111111111111111111111111111111111111111111111111111111111111111111111111111111111111111/10000000000000000000000000000000000000000000000000000000000000000000000000000000000000000000000000,97,18888888888888888888888888888888888888888888888888888888888888888888888888888888888888888888888889/2500000000000000000000000000000000000000000000000000000000000000000000000000000000000000000000000,1292/9,0,1/22500000000000000000000000000000000000000000000000000000000000000000000000000000000000000000000000,0,-1/20000000000000000000000000000000000000000000000000000000000000000000000000000000000000000000000000,1/20000000000000000000000000000000000000000000000000000000000000000000000000000000000000000000000000,RAWNUM_9bfa24b4ac8da45c8be825bf,TYPEDRAW_483c799dea758391ddd3e75f,DEP_1dc413fd2cb2eed8d5a9b21c,DEPCORE_f1cffef35c32d716f2b03e3d,DEPRES_2cce58cac4e7255fc7f5d9e7,SHAPE_0711fce5186c1a0d27960601,144,1|1/18|358888888888888888888888888888888888888888888888888888888888888888888888888888888888888888888888889/360000000000000000000000000000000000000000000000000000000000000000000000000000000000000000000000000|0|0|-1/2880000000000000000000000000000000000000000000000000000000000000000000000000000000000000000000000000,NONE,NONE
132,TPL_91e9d3734286fd4369e5e9ba,TOK_63dd90f296b721eb4532c60f,LEGAL_LOCAL_TEMPLATE,UNORDERED_TRIAD,THREE_BODY_COLOR,3,2+9+12,2|9|12,3,negative,7,negative_credit,ACTIVE_LIFT,LOCAL_R2_LIFT,8244,8244,0,-3.081163194444444444444444444444444444444444444444444444444444444444444444444444444444444444444444444,-770290798611111111111111111111111111111111111111111111111111111111111111111111111111111111111111111/250000000000000000000000000000000000000000000000000000000000000000000000000000000000000000000000000,99,8247.081163194444444444444444444444444444444444444444444444444444444444444444444444444444444444444444,2061770290798611111111111111111111111111111111111111111111111111111111111111111111111111111111111111/250000000000000000000000000000000000000000000000000000000000000000000000000000000000000000000000,96,8647.980941960841049382716049382716049382716049382716049382716049382716049382716049382716049382716048,540498808872552565586419753086419753086419753086419753086419753086419753086419753086419753086419753/62500000000000000000000000000000000000000000000000000000000000000000000000000000000000000000000,96,1080.997617745105131172839506172839506172839506172839506172839506172839506172839506172839506172839506,540498808872552565586419753086419753086419753086419753086419753086419753086419753086419753086419753/500000000000000000000000000000000000000000000000000000000000000000000000000000000000000000000000,96,7566.983324215735918209876543209876543209876543209876543209876543209876543209876543209876543209876542,3783491662107867959104938271604938271604938271604938271604938271604938271604938271604938271604938271/500000000000000000000000000000000000000000000000000000000000000000000000000000000000000000000000,96,100224944691599151234567901234567901234567901234567901234567901234567901234567901234567901234567901/250000000000000000000000000000000000000000000000000000000000000000000000000000000000000000000000,103775771303530092592592592592592592592592592592592592592592592592592592592592592592592592592592592587/12000000000000000000000000000000000000000000000000000000000000000000000000000000000000000000000000,-111/250000000000000000000000000000000000000000000000000000000000000000000000000000000000000000000000000,-11/12000000000000000000000000000000000000000000000000000000000000000000000000000000000000000000000000,0,0,0,RAWNUM_6a64aa954c8b1a1a6aa852b1,TYPEDRAW_7aa6a767d5621a38209a459c,DEP_3faa0585d0ef1c3d60f02f58,DEPCORE_fd7b9d6c2de067351303d080,DEPRES_dc4a3930281e360588eed450,SHAPE_9229156e18d4bfd7f6c4f6ee,540498808872552565586419753086419753086419753086419753086419753086419753086419753086419753086419753/62500000000000000000000000000000000000000000000000000000000000000000000000000000000000000000000,171750000000000000000000000000000000000000000000000000000000000000000000000000000000000000000000000/180166269624184188528806584362139917695473251028806584362139917695473251028806584362139917695473251|-256763599537037037037037037037037037037037037037037037037037037037037037037037037037037037037037037/720665078496736754115226337448559670781893004115226337448559670781893004115226337448559670781893004000|1|-37/720665078496736754115226337448559670781893004115226337448559670781893004115226337448559670781893004000|0|0,NONE,NONE
133,TPL_2d394f367b2d6e35c80a4e5d,TOK_643a6a64933184da460d3cbf,LEGAL_LOCAL_TEMPLATE,UNORDERED_TRIAD,THREE_BODY_COLOR,3,2+8+12,2|8|12,3,negative,6,negative_credit,ACTIVE_LIFT,LOCAL_R2_LIFT,7632,7632,0,-2.484375000000000000000000000000000000000000000000000000000000000000000000000000000000000000000000000,-159/64,99,7634.484375000000000000000000000000000000000000000000000000000000000000000000000000000000000000000000,488607/64,96,7952.587890625000000000000000000000000000000000000000000000000000000000000000000000000000000000000003,7952587890625000000000000000000000000000000000000000000000000000000000000000000000000000000000000003/1000000000000000000000000000000000000000000000000000000000000000000000000000000000000000000000000,96,994.0734863281250000000000000000000000000000000000000000000000000000000000000000000000000000000000004,2485183715820312500000000000000000000000000000000000000000000000000000000000000000000000000000000001/2500000000000000000000000000000000000000000000000000000000000000000000000000000000000000000000000,97,6958.514404296875000000000000000000000000000000000000000000000000000000000000000000000000000000000002,3479257202148437500000000000000000000000000000000000000000000000000000000000000000000000000000000001/500000000000000000000000000000000000000000000000000000000000000000000000000000000000000000000000,96,318103515625000000000000000000000000000000000000000000000000000000000000000000000000000000000000003/1000000000000000000000000000000000000000000000000000000000000000000000000000000000000000000000000,4071725/512,0,3/1000000000000000000000000000000000000000000000000000000000000000000000000000000000000000000000000,1/40000000000000000000000000000000000000000000000000000000000000000000000000000000000000000000000000,-1/1600000000000000000000000000000000000000000000000000000000000000000000000000000000000000000000000,3/5000000000000000000000000000000000000000000000000000000000000000000000000000000000000000000000000,RAWNUM_3982483e8065cc180bee19ad,TYPEDRAW_019212fc2b7117883b37e2ec,DEP_d585497db613d1cc4bee358b,DEPCORE_eed2efae92a9feeaaf1640a0,DEPRES_52e060eb04dac77adbce6dde,SHAPE_af28ceb2eab3a0ceb0742a06,7952587890625000000000000000000000000000000000000000000000000000000000000000000000000000000000000003/1000000000000000000000000000000000000000000000000000000000000000000000000000000000000000000000000,7632000000000000000000000000000000000000000000000000000000000000000000000000000000000000000000000000/7952587890625000000000000000000000000000000000000000000000000000000000000000000000000000000000000003|-2484375000000000000000000000000000000000000000000000000000000000000000000000000000000000000000000/7952587890625000000000000000000000000000000000000000000000000000000000000000000000000000000000000003|1|0|1/318103515625000000000000000000000000000000000000000000000000000000000000000000000000000000000000000120|-5/63620703125000000000000000000000000000000000000000000000000000000000000000000000000000000000000000024,NONE,NONE
134,TPL_141d3677040e580ce6978126,TOK_64fc42dc28dada6663b07c04,LEGAL_LOCAL_TEMPLATE,UNORDERED_TRIAD,THREE_BODY_COLOR,3,8+8+8,8|8|8,0,positive,2,positive_debit,ACTIVE_LIFT,LOCAL_R2_LIFT,6912,6912,0,2880.000000000000000000000000000000000000000000000000000000000000000000000000000000000000000000000000,2880,96,4032.000000000000000000000000000000000000000000000000000000000000000000000000000000000000000000000000,4032,96,4088.000000000000000000000000000000000000000000000000000000000000000000000000000000000000000000000000,4088,96,511.000000000000000000000000000000000000000000000000000000000000000000000000000000000000000000000000,511,96,3577.00000000000000000000000000000000000000000000000000000000000000000000000000000000000000000000000,3577,95,56,4088,0,0,0,0,0,RAWNUM_49042c352221dc21f34430e3,TYPEDRAW_17df6acb991ef639c12ec58d,DEP_c8e51077a00947a3f02ebb03,DEPCORE_0f54046a829068313c0f1a5c,DEPRES_73ca7a9ed16e954dab204089,SHAPE_d6cc353d0b726432738a35a7,6912,1|5/12|511/864|0|0|0,NONE,NONE
135,TPL_5cb6175edfc75d4ca6801048,TOK_657c9a78d286a759a74b753f,LEGAL_LOCAL_TEMPLATE,ORDERED_PAIR,TWO_BODY_PAIR,2,6+8,6|8,3,negative,2,negative_credit,ACTIVE_LIFT,LOCAL_R2_LIFT,582,582,0,-0.1403356481481481481481481481481481481481481481481481481481481481481481481481481481481481481481481482,-701678240740740740740740740740740740740740740740740740740740740740740740740740740740740740740740741/5000000000000000000000000000000000000000000000000000000000000000000000000000000000000000000000000000,100,582.1403356481481481481481481481481481481481481481481481481481481481481481481481481481481481481481481,5821403356481481481481481481481481481481481481481481481481481481481481481481481481481481481481481481/10000000000000000000000000000000000000000000000000000000000000000000000000000000000000000000000000,97,590.2256180877057613168724279835390946502057613168724279835390946502057613168724279835390946502057613,5902256180877057613168724279835390946502057613168724279835390946502057613168724279835390946502057613/10000000000000000000000000000000000000000000000000000000000000000000000000000000000000000000000000,97,73.77820226096322016460905349794238683127572016460905349794238683127572016460905349794238683127572016,461113764131020126028806584362139917695473251028806584362139917695473251028806584362139917695473251/6250000000000000000000000000000000000000000000000000000000000000000000000000000000000000000000000,98,516.4474158267425411522633744855967078189300411522633744855967078189300411522633744855967078189300411,5164474158267425411522633744855967078189300411522633744855967078189300411522633744855967078189300411/10000000000000000000000000000000000000000000000000000000000000000000000000000000000000000000000000,97,20213206098894032921810699588477366255144032921810699588477366255144032921810699588477366255144033/2500000000000000000000000000000000000000000000000000000000000000000000000000000000000000000000000,424962445023148148148148148148148148148148148148148148148148148148148148148148148148148148148148148113/720000000000000000000000000000000000000000000000000000000000000000000000000000000000000000000000000,-241/5000000000000000000000000000000000000000000000000000000000000000000000000000000000000000000000000000,23/720000000000000000000000000000000000000000000000000000000000000000000000000000000000000000000000000,-1/400000000000000000000000000000000000000000000000000000000000000000000000000000000000000000000000000,-3/80000000000000000000000000000000000000000000000000000000000000000000000000000000000000000000000000,1/25000000000000000000000000000000000000000000000000000000000000000000000000000000000000000000000000,RAWNUM_1605c85b84907ecfbad1928d,TYPEDRAW_e8f7a78b4a5fbe80e9eefeac,DEP_7c386c4c5698b7f2186cd34e,DEPCORE_4e800504c3e620923c1efc40,DEPRES_d0cf76df4a3436d731de392b,SHAPE_9b3fb074ccecbf0c706344e6,5902256180877057613168724279835390946502057613168724279835390946502057613168724279835390946502057613/10000000000000000000000000000000000000000000000000000000000000000000000000000000000000000000000000,5820000000000000000000000000000000000000000000000000000000000000000000000000000000000000000000000000/5902256180877057613168724279835390946502057613168724279835390946502057613168724279835390946502057613|-701678240740740740740740740740740740740740740740740740740740740740740740740740740740740740740740741/2951128090438528806584362139917695473251028806584362139917695473251028806584362139917695473251028806500|1|-241/2951128090438528806584362139917695473251028806584362139917695473251028806584362139917695473251028806500|-1/236090247235082304526748971193415637860082304526748971193415637860082304526748971193415637860082304520|-3/47218049447016460905349794238683127572016460905349794238683127572016460905349794238683127572016460904,NONE,NONE
136,TPL_adafb1345d3e96d82f9387cd,TOK_65c0580ecf8a216333b3e22b,LEGAL_LOCAL_TEMPLATE,UNORDERED_TRIAD,THREE_BODY_COLOR,3,1+1+9,1|1|9,3,neutral,0,positive_debit,ZERO_FEE,LOCAL_R2_LIFT,2988,2988,0,1.837239583333333333333333333333333333333333333333333333333333333333333333333333333333333333333333334,918619791666666666666666666666666666666666666666666666666666666666666666666666666666666666666666667/500000000000000000000000000000000000000000000000000000000000000000000000000000000000000000000000000,99,2986.162760416666666666666666666666666666666666666666666666666666666666666666666666666666666666666667,2986162760416666666666666666666666666666666666666666666666666666666666666666666666666666666666666667/1000000000000000000000000000000000000000000000000000000000000000000000000000000000000000000000000,96,2986.162760416666666666666666666666666666666666666666666666666666666666666666666666666666666666666667,2986162760416666666666666666666666666666666666666666666666666666666666666666666666666666666666666667/1000000000000000000000000000000000000000000000000000000000000000000000000000000000000000000000000,96,373.2703450520833333333333333333333333333333333333333333333333333333333333333333333333333333333333334,1866351725260416666666666666666666666666666666666666666666666666666666666666666666666666666666666667/5000000000000000000000000000000000000000000000000000000000000000000000000000000000000000000000000,97,2612.892415364583333333333333333333333333333333333333333333333333333333333333333333333333333333333334,1306446207682291666666666666666666666666666666666666666666666666666666666666666666666666666666666667/500000000000000000000000000000000000000000000000000000000000000000000000000000000000000000000000,96,0,2986162760416666666666666666666666666666666666666666666666666666666666666666666666666666666666666667/1000000000000000000000000000000000000000000000000000000000000000000000000000000000000000000000000,167/500000000000000000000000000000000000000000000000000000000000000000000000000000000000000000000000000,0,1/40000000000000000000000000000000000000000000000000000000000000000000000000000000000000000000000000,3/8000000000000000000000000000000000000000000000000000000000000000000000000000000000000000000000000,-1/2500000000000000000000000000000000000000000000000000000000000000000000000000000000000000000000000,RAWNUM_f1a15e39892ab335ad88cfd4,TYPEDRAW_6a2dbfd2e7baaa4899c89b83,DEP_0d493101d95a670b94416dc3,DEPCORE_f473c49fe73ef0cf3ad1f281,DEPRES_a1fbcb47e316d135212d657d,SHAPE_cb70b89c1172e327a1ffd0ba,2988,1|918619791666666666666666666666666666666666666666666666666666666666666666666666666666666666666666667/1494000000000000000000000000000000000000000000000000000000000000000000000000000000000000000000000000000|2986162760416666666666666666666666666666666666666666666666666666666666666666666666666666666666666667/2988000000000000000000000000000000000000000000000000000000000000000000000000000000000000000000000000|167/1494000000000000000000000000000000000000000000000000000000000000000000000000000000000000000000000000000|1/119520000000000000000000000000000000000000000000000000000000000000000000000000000000000000000000000000|1/7968000000000000000000000000000000000000000000000000000000000000000000000000000000000000000000000000,NONE,NONE
137,TPL_a48194aa362286b1c8ef419a,TOK_671c73b6dd5985a4b7f7b054,LEGAL_LOCAL_TEMPLATE,ORDERED_PAIR,TWO_BODY_PAIR,2,8+12,8|12,3,negative,4,negative_credit,ACTIVE_LIFT,LOCAL_R2_LIFT,1164,1164,0,-0.2666377314814814814814814814814814814814814814814814814814814814814814814814814814814814814814814815,-533275462962962962962962962962962962962962962962962962962962962962962962962962962962962962962962963/2000000000000000000000000000000000000000000000000000000000000000000000000000000000000000000000000000,100,1164.266637731481481481481481481481481481481481481481481481481481481481481481481481481481481481481481,1164266637731481481481481481481481481481481481481481481481481481481481481481481481481481481481481481/1000000000000000000000000000000000000000000000000000000000000000000000000000000000000000000000000,96,1196.607377668467078189300411522633744855967078189300411522633744855967078189300411522633744855967078,598303688834233539094650205761316872427983539094650205761316872427983539094650205761316872427983539/500000000000000000000000000000000000000000000000000000000000000000000000000000000000000000000000,96,149.5759222085583847736625514403292181069958847736625514403292181069958847736625514403292181069958848,23371237845087247620884773662551440329218106995884773662551440329218106995884773662551440329218107/156250000000000000000000000000000000000000000000000000000000000000000000000000000000000000000000,97,1047.031455459908693415637860082304526748971193415637860082304526748971193415637860082304526748971193,1047031455459908693415637860082304526748971193415637860082304526748971193415637860082304526748971193/1000000000000000000000000000000000000000000000000000000000000000000000000000000000000000000000000,96,32340739936985596707818930041152263374485596707818930041152263374485596707818930041152263374485597/1000000000000000000000000000000000000000000000000000000000000000000000000000000000000000000000000,43077865596064814814814814814814814814814814814814814814814814814814814814814814814814814814814814797/36000000000000000000000000000000000000000000000000000000000000000000000000000000000000000000000000,-963/2000000000000000000000000000000000000000000000000000000000000000000000000000000000000000000000000000,11/36000000000000000000000000000000000000000000000000000000000000000000000000000000000000000000000000,1/20000000000000000000000000000000000000000000000000000000000000000000000000000000000000000000000000,-1/4000000000000000000000000000000000000000000000000000000000000000000000000000000000000000000000000,1/5000000000000000000000000000000000000000000000000000000000000000000000000000000000000000000000000,RAWNUM_59849249be24b9908868278a,TYPEDRAW_75ae39c409c55e5ecfa329c0,DEP_94c9c79a3b58e5ef9fe67050,DEPCORE_64e4e2fccc8a262688398be3,DEPRES_550fe3ce8cec859b0a29f551,SHAPE_580f9e3599571ad44f334350,598303688834233539094650205761316872427983539094650205761316872427983539094650205761316872427983539/500000000000000000000000000000000000000000000000000000000000000000000000000000000000000000000000,194000000000000000000000000000000000000000000000000000000000000000000000000000000000000000000000000/199434562944744513031550068587105624142661179698216735253772290809327846364883401920438957475994513|-533275462962962962962962962962962962962962962962962962962962962962962962962962962962962962962962963/2393214755336934156378600823045267489711934156378600823045267489711934156378600823045267489711934156000|1|-321/797738251778978052126200274348422496570644718792866941015089163237311385459533607681755829903978052000|1/23932147553369341563786008230452674897119341563786008230452674897119341563786008230452674897119341560|-1/4786429510673868312757201646090534979423868312757201646090534979423868312757201646090534979423868312,NONE,NONE
138,TPL_b6fd0a5bd6f264740d70749f,TOK_678b865f364aae1c6fdbaf10,LEGAL_LOCAL_TEMPLATE,UNORDERED_TRIAD,THREE_BODY_COLOR,3,2+6+8,2|6|8,3,negative,2,negative_credit,ACTIVE_LIFT,LOCAL_R2_LIFT,3744,3744,0,-0.4965277777777777777777777777777777777777777777777777777777777777777777777777777777777777777777777779,-4965277777777777777777777777777777777777777777777777777777777777777777777777777777777777777777777779/10000000000000000000000000000000000000000000000000000000000000000000000000000000000000000000000000000,100,3744.496527777777777777777777777777777777777777777777777777777777777777777777777777777777777777777778,1872248263888888888888888888888888888888888888888888888888888888888888888888888888888888888888888889/500000000000000000000000000000000000000000000000000000000000000000000000000000000000000000000000,96,3796.503423996913580246913580246913580246913580246913580246913580246913580246913580246913580246913581,3796503423996913580246913580246913580246913580246913580246913580246913580246913580246913580246913581/1000000000000000000000000000000000000000000000000000000000000000000000000000000000000000000000000,96,474.5629279996141975308641975308641975308641975308641975308641975308641975308641975308641975308641976,593203659999517746913580246913580246913580246913580246913580246913580246913580246913580246913580247/1250000000000000000000000000000000000000000000000000000000000000000000000000000000000000000000000,97,3321.940495997299382716049382716049382716049382716049382716049382716049382716049382716049382716049384,415242561999662422839506172839506172839506172839506172839506172839506172839506172839506172839506173/125000000000000000000000000000000000000000000000000000000000000000000000000000000000000000000000,96,52006896219135802469135802469135802469135802469135802469135802469135802469135802469135802469135803/1000000000000000000000000000000000000000000000000000000000000000000000000000000000000000000000000,136674123263888888888888888888888888888888888888888888888888888888888888888888888888888888888888888897/36000000000000000000000000000000000000000000000000000000000000000000000000000000000000000000000000,2221/10000000000000000000000000000000000000000000000000000000000000000000000000000000000000000000000000000,19/36000000000000000000000000000000000000000000000000000000000000000000000000000000000000000000000000,-1/40000000000000000000000000000000000000000000000000000000000000000000000000000000000000000000000000,1/1600000000000000000000000000000000000000000000000000000000000000000000000000000000000000000000000,-3/5000000000000000000000000000000000000000000000000000000000000000000000000000000000000000000000000,RAWNUM_ebce5a8465ae4eb06ecc61e5,TYPEDRAW_d11f5ebf686a496d640093f4,DEP_5714c4aeb3cb12f62f30f3c2,DEPCORE_75eb3bd96a214d0bfd5f4421,DEPRES_50f3fc6c9d789d0f90a9e02f,SHAPE_0d315f2474e4a17252577b92,3796503423996913580246913580246913580246913580246913580246913580246913580246913580246913580246913581/1000000000000000000000000000000000000000000000000000000000000000000000000000000000000000000000000,1248000000000000000000000000000000000000000000000000000000000000000000000000000000000000000000000000/1265501141332304526748971193415637860082304526748971193415637860082304526748971193415637860082304527|-1655092592592592592592592592592592592592592592592592592592592592592592592592592592592592592592592593/12655011413323045267489711934156378600823045267489711934156378600823045267489711934156378600823045270000|1|2221/37965034239969135802469135802469135802469135802469135802469135802469135802469135802469135802469135810000|-1/151860136959876543209876543209876543209876543209876543209876543209876543209876543209876543209876543240|5/30372027391975308641975308641975308641975308641975308641975308641975308641975308641975308641975308648,NONE,NONE
139,TPL_d0d82a2856c11c616ab8b0d1,TOK_679bf02435ab4de5eae74eb9,REJECTED,EXPLICIT_CONTROL,REJECTED_CONTROL,0,1,,0,neutral,0,none,ZERO_FEE,ZERO_SUPPORT_NONLOCAL_OR_REJECTED,0,0,0,0,0,0,0,0,0,0,0,0,0,0,0,0,0,0,0,0,0,0,0,0,0,RAWNUM_8462963cd509903a12729896,TYPEDRAW_45c00561a33040b8291efd18,DEP_e546bab458df71c743a9276f,DEPCORE_d16eb49fda677ceeef042ceb,DEPRES_73ca7a9ed16e954dab204089,SHAPE_579ee4bf136113892323a924,0,0|0|0|0|0|0,NONE,NONE
140,TPL_f77d175bc637bf36d3eb8a41,TOK_6970b9e929d33ac81743c4b4,REJECTED,EXPLICIT_CONTROL,REJECTED_CONTROL,0,1,,0,neutral,0,none,ZERO_FEE,ZERO_SUPPORT_NONLOCAL_OR_REJECTED,0,0,0,0,0,0,0,0,0,0,0,0,0,0,0,0,0,0,0,0,0,0,0,0,0,RAWNUM_8462963cd509903a12729896,TYPEDRAW_45c00561a33040b8291efd18,DEP_e546bab458df71c743a9276f,DEPCORE_d16eb49fda677ceeef042ceb,DEPRES_73ca7a9ed16e954dab204089,SHAPE_579ee4bf136113892323a924,0,0|0|0|0|0|0,NONE,NONE
141,TPL_155d6162504410cf753908f5,TOK_6a7a024654630e4f3fd8dcb9,LEGAL_LOCAL_TEMPLATE,ORDERED_PAIR,TWO_BODY_PAIR,2,9+8,9|8,3,positive,1,positive_debit,ACTIVE_LIFT,LOCAL_R2_LIFT,867,867,0,0.07316984953703703703703703703703703703703703703703703703703703703703703703703703703703703703703703702,3658492476851851851851851851851851851851851851851851851851851851851851851851851851851851851851851851/50000000000000000000000000000000000000000000000000000000000000000000000000000000000000000000000000000,101,866.9268301504629629629629629629629629629629629629629629629629629629629629629629629629629629629629630,866926830150462962962962962962962962962962962962962962962962962962962962962962962962962962962962963/1000000000000000000000000000000000000000000000000000000000000000000000000000000000000000000000000,97,872.9471553598411779835390946502057613168724279835390946502057613168724279835390946502057613168724276,2182367888399602944958847736625514403292181069958847736625514403292181069958847736625514403292181069/2500000000000000000000000000000000000000000000000000000000000000000000000000000000000000000000000,97,109.1183944199801472479423868312757201646090534979423868312757201646090534979423868312757201646090534,545591972099900736239711934156378600823045267489711934156378600823045267489711934156378600823045267/5000000000000000000000000000000000000000000000000000000000000000000000000000000000000000000000000,97,763.8287609398610307355967078189300411522633744855967078189300411522633744855967078189300411522633741,7638287609398610307355967078189300411522633744855967078189300411522633744855967078189300411522633741/10000000000000000000000000000000000000000000000000000000000000000000000000000000000000000000000000,97,30101626046891075102880658436213991769547325102880658436213991769547325102880658436213991769547323/5000000000000000000000000000000000000000000000000000000000000000000000000000000000000000000000000,8380292691454475308641975308641975308641975308641975308641975308641975308641975308641975308641975309/9600000000000000000000000000000000000000000000000000000000000000000000000000000000000000000000000,1851/50000000000000000000000000000000000000000000000000000000000000000000000000000000000000000000000000000,-101/240000000000000000000000000000000000000000000000000000000000000000000000000000000000000000000000000,-1/20000000000000000000000000000000000000000000000000000000000000000000000000000000000000000000000000,-1/20000000000000000000000000000000000000000000000000000000000000000000000000000000000000000000000000,1/10000000000000000000000000000000000000000000000000000000000000000000000000000000000000000000000000,RAWNUM_11d8521d94520a70441244ef,TYPEDRAW_0d3cb0230cb8d0a81a574737,DEP_0817bb8b56beb6d1c7dbba35,DEPCORE_de6d9d9fedb5e55a4e153c7f,DEPRES_7d5ebf287bd357072064292d,SHAPE_32250d1000077fb204478961,2182367888399602944958847736625514403292181069958847736625514403292181069958847736625514403292181069/2500000000000000000000000000000000000000000000000000000000000000000000000000000000000000000000000,722500000000000000000000000000000000000000000000000000000000000000000000000000000000000000000000000/727455962799867648319615912208504801097393689986282578875171467764060356652949245541838134430727023|1219497492283950617283950617283950617283950617283950617283950617283950617283950617283950617283950617/14549119255997352966392318244170096021947873799725651577503429355281207133058984910836762688614540460000|1|617/14549119255997352966392318244170096021947873799725651577503429355281207133058984910836762688614540460000|-1/17458943107196823559670781893004115226337448559670781893004115226337448559670781893004115226337448552|-1/17458943107196823559670781893004115226337448559670781893004115226337448559670781893004115226337448552,NONE,NONE
142,TPL_ffee8c25235058ef537e6ebb,TOK_6b3379ecd0ececa59f2c5975,LEGAL_LOCAL_TEMPLATE,UNORDERED_TRIAD,THREE_BODY_COLOR,3,3+3+8,3|3|8,3,positive,2,positive_debit,ACTIVE_LIFT,LOCAL_R2_LIFT,2952,2952,0,0.3914930555555555555555555555555555555555555555555555555555555555555555555555555555555555555555555555,782986111111111111111111111111111111111111111111111111111111111111111111111111111111111111111111111/2000000000000000000000000000000000000000000000000000000000000000000000000000000000000000000000000000,100,2951.608506944444444444444444444444444444444444444444444444444444444444444444444444444444444444444444,737902126736111111111111111111111111111111111111111111111111111111111111111111111111111111111111111/250000000000000000000000000000000000000000000000000000000000000000000000000000000000000000000000,96,2992.603069540895061728395061728395061728395061728395061728395061728395061728395061728395061728395062,1496301534770447530864197530864197530864197530864197530864197530864197530864197530864197530864197531/500000000000000000000000000000000000000000000000000000000000000000000000000000000000000000000000,96,374.0753836926118827160493827160493827160493827160493827160493827160493827160493827160493827160493828,935188459231529706790123456790123456790123456790123456790123456790123456790123456790123456790123457/2500000000000000000000000000000000000000000000000000000000000000000000000000000000000000000000000,97,2618.527685848283179012345679012345679012345679012345679012345679012345679012345679012345679012345679,2618527685848283179012345679012345679012345679012345679012345679012345679012345679012345679012345679/1000000000000000000000000000000000000000000000000000000000000000000000000000000000000000000000000,96,20497281298225308641975308641975308641975308641975308641975308641975308641975308641975308641975309/500000000000000000000000000000000000000000000000000000000000000000000000000000000000000000000000,53866855251736111111111111111111111111111111111111111111111111111111111111111111111111111111111111103/18000000000000000000000000000000000000000000000000000000000000000000000000000000000000000000000000,-889/2000000000000000000000000000000000000000000000000000000000000000000000000000000000000000000000000000,13/18000000000000000000000000000000000000000000000000000000000000000000000000000000000000000000000000,1/20000000000000000000000000000000000000000000000000000000000000000000000000000000000000000000000000,-1/4000000000000000000000000000000000000000000000000000000000000000000000000000000000000000000000000,1/5000000000000000000000000000000000000000000000000000000000000000000000000000000000000000000000000,RAWNUM_4b4077f8f29b97e98a654ab8,TYPEDRAW_452d18148ab6bc290f5a064c,DEP_12cf39840ac17820ae557460,DEPCORE_b03601bc0e1cbee638e079b9,DEPRES_c1285ecda440df317c756bb7,SHAPE_cbd5c922953706df7351a17f,1496301534770447530864197530864197530864197530864197530864197530864197530864197530864197530864197531/500000000000000000000000000000000000000000000000000000000000000000000000000000000000000000000000,1476000000000000000000000000000000000000000000000000000000000000000000000000000000000000000000000000/1496301534770447530864197530864197530864197530864197530864197530864197530864197530864197530864197531|782986111111111111111111111111111111111111111111111111111111111111111111111111111111111111111111111/5985206139081790123456790123456790123456790123456790123456790123456790123456790123456790123456790124000|1|-889/5985206139081790123456790123456790123456790123456790123456790123456790123456790123456790123456790124000|1/59852061390817901234567901234567901234567901234567901234567901234567901234567901234567901234567901240|-1/11970412278163580246913580246913580246913580246913580246913580246913580246913580246913580246913580248,NONE,NONE
143,TPL_88d25fe01d9af32aebad6e51,TOK_6bcbb90e2819d0aca2bf4a41,LEGAL_LOCAL_TEMPLATE,UNARY_CONJUGATE,ONE_BODY_CONJUGATE,1,4,4,0,negative,4,negative_credit,ACTIVE_LIFT,LOCAL_R2_LIFT,5.00,5,2,-1.666666666666666666666666666666666666666666666666666666666666666666666666666666666666666666666666666,-833333333333333333333333333333333333333333333333333333333333333333333333333333333333333333333333333/500000000000000000000000000000000000000000000000000000000000000000000000000000000000000000000000000,99,6.666666666666666666666666666666666666666666666666666666666666666666666666666666666666666666666666666,3333333333333333333333333333333333333333333333333333333333333333333333333333333333333333333333333333/500000000000000000000000000000000000000000000000000000000000000000000000000000000000000000000000000,99,6.851851851851851851851851851851851851851851851851851851851851851851851851851851851851851851851851853,6851851851851851851851851851851851851851851851851851851851851851851851851851851851851851851851851853/1000000000000000000000000000000000000000000000000000000000000000000000000000000000000000000000000000,99,0.8564814814814814814814814814814814814814814814814814814814814814814814814814814814814814814814814816,267650462962962962962962962962962962962962962962962962962962962962962962962962962962962962962962963/312500000000000000000000000000000000000000000000000000000000000000000000000000000000000000000000000,100,5.995370370370370370370370370370370370370370370370370370370370370370370370370370370370370370370370371,5995370370370370370370370370370370370370370370370370370370370370370370370370370370370370370370370371/1000000000000000000000000000000000000000000000000000000000000000000000000000000000000000000000000000,99,185185185185185185185185185185185185185185185185185185185185185185185185185185185185185185185185187/1000000000000000000000000000000000000000000000000000000000000000000000000000000000000000000000000000,41111111111111111111111111111111111111111111111111111111111111111111111111111111111111111111111111107/6000000000000000000000000000000000000000000000000000000000000000000000000000000000000000000000000000,0,11/6000000000000000000000000000000000000000000000000000000000000000000000000000000000000000000000000000,-1/40000000000000000000000000000000000000000000000000000000000000000000000000000000000000000000000000000,-3/8000000000000000000000000000000000000000000000000000000000000000000000000000000000000000000000000000,1/2500000000000000000000000000000000000000000000000000000000000000000000000000000000000000000000000000,RAWNUM_8cb26ba8dc3ee891dbadb475,TYPEDRAW_05e1bda5309a448b049a5693,DEP_3d25d85b770eb2eaeccbb9db,DEPCORE_86cf264c55ca75c262f5f8d5,DEPRES_5d38fe3b74ceb6296f26ddb8,SHAPE_56a9e3a625bcc9309c7e5921,6851851851851851851851851851851851851851851851851851851851851851851851851851851851851851851851851853/1000000000000000000000000000000000000000000000000000000000000000000000000000000000000000000000000000,5000000000000000000000000000000000000000000000000000000000000000000000000000000000000000000000000000/6851851851851851851851851851851851851851851851851851851851851851851851851851851851851851851851851853|-238095238095238095238095238095238095238095238095238095238095238095238095238095238095238095238095238/978835978835978835978835978835978835978835978835978835978835978835978835978835978835978835978835979|1|0|-1/274074074074074074074074074074074074074074074074074074074074074074074074074074074074074074074074074120|-3/54814814814814814814814814814814814814814814814814814814814814814814814814814814814814814814814814824,NONE,NONE
144,TPL_8c9c2797cee6a6c69d9eaf3b,TOK_6ccb08ffe60967b370e6e7ff,LEGAL_LOCAL_TEMPLATE,UNORDERED_TRIAD,THREE_BODY_COLOR,3,1+3+9,1|3|9,3,negative,2,negative_credit,ACTIVE_LIFT,LOCAL_R2_LIFT,3276,3276,0,-0.4344618055555555555555555555555555555555555555555555555555555555555555555555555555555555555555555555,-868923611111111111111111111111111111111111111111111111111111111111111111111111111111111111111111111/2000000000000000000000000000000000000000000000000000000000000000000000000000000000000000000000000000,100,3276.434461805555555555555555555555555555555555555555555555555555555555555555555555555555555555555556,819108615451388888888888888888888888888888888888888888888888888888888888888888888888888888888888889/250000000000000000000000000000000000000000000000000000000000000000000000000000000000000000000000,96,3321.940495997299382716049382716049382716049382716049382716049382716049382716049382716049382716049384,415242561999662422839506172839506172839506172839506172839506172839506172839506172839506172839506173/125000000000000000000000000000000000000000000000000000000000000000000000000000000000000000000000,96,415.242561999662422839506172839506172839506172839506172839506172839506172839506172839506172839506173,415242561999662422839506172839506172839506172839506172839506172839506172839506172839506172839506173/1000000000000000000000000000000000000000000000000000000000000000000000000000000000000000000000000,96,2906.697933997636959876543209876543209876543209876543209876543209876543209876543209876543209876543211,2906697933997636959876543209876543209876543209876543209876543209876543209876543209876543209876543211/1000000000000000000000000000000000000000000000000000000000000000000000000000000000000000000000000,96,11376508547935956790123456790123456790123456790123456790123456790123456790123456790123456790123457/250000000000000000000000000000000000000000000000000000000000000000000000000000000000000000000000,19931642975983796296296296296296296296296296296296296296296296296296296296296296296296296296296296299/6000000000000000000000000000000000000000000000000000000000000000000000000000000000000000000000000,889/2000000000000000000000000000000000000000000000000000000000000000000000000000000000000000000000000000,1/1200000000000000000000000000000000000000000000000000000000000000000000000000000000000000000000000,0,0,0,RAWNUM_1f4d323c5c7a8aadf2fc5e24,TYPEDRAW_048a6dc7d5d5ee52c8e88033,DEP_4787dae04216d5bdd65dbcfb,DEPCORE_50e1f7944ea53b49deb94604,DEPRES_534dcc1127af040c0318fae6,SHAPE_a1e5c8903bbb04105122621f,415242561999662422839506172839506172839506172839506172839506172839506172839506172839506172839506173/125000000000000000000000000000000000000000000000000000000000000000000000000000000000000000000000,31500000000000000000000000000000000000000000000000000000000000000000000000000000000000000000000000/31941735538435570987654320987654320987654320987654320987654320987654320987654320987654320987654321|-868923611111111111111111111111111111111111111111111111111111111111111111111111111111111111111111111/6643880991994598765432098765432098765432098765432098765432098765432098765432098765432098765432098768000|1|889/6643880991994598765432098765432098765432098765432098765432098765432098765432098765432098765432098768000|0|0,NONE,NONE
145,TPL_1935e0ebfbe7fb09d72fe679,TOK_6cf98fa989f3dd4909ac2a8c,LEGAL_LOCAL_TEMPLATE,ORDERED_PAIR,TWO_BODY_PAIR,2,4+4,4|4,1,neutral,0,positive_debit,ZERO_FEE,LOCAL_R2_LIFT,192,192,0,20.00,20,2,172.00,172,2,172.00,172,2,21.50,43/2,2,150.50,301/2,2,0,172,0,0,0,0,0,RAWNUM_4fcbc41b0bc28192fea070c7,TYPEDRAW_e9164319f16e58d9d1dd930c,DEP_6529d6ef52e89c3650991e89,DEPCORE_938157b4088bcec634039ed1,DEPRES_73ca7a9ed16e954dab204089,SHAPE_8dce00b3b054a735194ec80d,192,1|5/48|43/48|0|0|0,NONE,NONE
146,TPL_5050bc7182fb3505b99e077c,TOK_6d3fe85452330dcf9ffc3d28,LEGAL_LOCAL_TEMPLATE,ORDERED_PAIR,TWO_BODY_PAIR,2,12+8,12|8,3,positive,4,positive_debit,ACTIVE_LIFT,LOCAL_R2_LIFT,1164,1164,0,0.2666377314814814814814814814814814814814814814814814814814814814814814814814814814814814814814814815,533275462962962962962962962962962962962962962962962962962962962962962962962962962962962962962962963/2000000000000000000000000000000000000000000000000000000000000000000000000000000000000000000000000000,100,1163.733362268518518518518518518518518518518518518518518518518518518518518518518518518518518518518519,1163733362268518518518518518518518518518518518518518518518518518518518518518518518518518518518518519/1000000000000000000000000000000000000000000000000000000000000000000000000000000000000000000000000,96,1196.059288998199588477366255144032921810699588477366255144032921810699588477366255144032921810699589,1196059288998199588477366255144032921810699588477366255144032921810699588477366255144032921810699589/1000000000000000000000000000000000000000000000000000000000000000000000000000000000000000000000000,96,149.5074111247749485596707818930041152263374485596707818930041152263374485596707818930041152263374486,747537055623874742798353909465020576131687242798353909465020576131687242798353909465020576131687243/5000000000000000000000000000000000000000000000000000000000000000000000000000000000000000000000000,97,1046.551877873424639917695473251028806584362139917695473251028806584362139917695473251028806584362140,52327593893671231995884773662551440329218106995884773662551440329218106995884773662551440329218107/50000000000000000000000000000000000000000000000000000000000000000000000000000000000000000000000,96,3232592672968106995884773662551440329218106995884773662551440329218106995884773662551440329218107/100000000000000000000000000000000000000000000000000000000000000000000000000000000000000000000000,43058134403935185185185185185185185185185185185185185185185185185185185185185185185185185185185185203/36000000000000000000000000000000000000000000000000000000000000000000000000000000000000000000000000,963/2000000000000000000000000000000000000000000000000000000000000000000000000000000000000000000000000000,1/36000000000000000000000000000000000000000000000000000000000000000000000000000000000000000000000000,-1/40000000000000000000000000000000000000000000000000000000000000000000000000000000000000000000000000,-3/8000000000000000000000000000000000000000000000000000000000000000000000000000000000000000000000000,1/2500000000000000000000000000000000000000000000000000000000000000000000000000000000000000000000000,RAWNUM_a4bf1f33e620bac158750cb4,TYPEDRAW_40d5abafe9c04a879fe2ead8,DEP_d6ca16570d4f91e011a35b1e,DEPCORE_173e01d35c8b64e2ea62c540,DEPRES_61f5249083f67d71ecdb0c83,SHAPE_c70743ed30132f78364223e4,1196059288998199588477366255144032921810699588477366255144032921810699588477366255144032921810699589/1000000000000000000000000000000000000000000000000000000000000000000000000000000000000000000000000,1164000000000000000000000000000000000000000000000000000000000000000000000000000000000000000000000000/1196059288998199588477366255144032921810699588477366255144032921810699588477366255144032921810699589|533275462962962962962962962962962962962962962962962962962962962962962962962962962962962962962962963/2392118577996399176954732510288065843621399176954732510288065843621399176954732510288065843621399178000|1|963/2392118577996399176954732510288065843621399176954732510288065843621399176954732510288065843621399178000|-1/47842371559927983539094650205761316872427983539094650205761316872427983539094650205761316872427983560|-3/9568474311985596707818930041152263374485596707818930041152263374485596707818930041152263374485596712,NONE,NONE
147,TPL_15ff2bf4d9ebf9da3c72080b,TOK_6dfd22712d3e4c092e1dae8c,LEGAL_LOCAL_TEMPLATE,ORDERED_PAIR,TWO_BODY_PAIR,2,2+6,2|6,3,negative,4,negative_credit,ACTIVE_LIFT,LOCAL_R2_LIFT,156,156,0,-0.05266203703703703703703703703703703703703703703703703703703703703703703703703703703703703703703703704,-658275462962962962962962962962962962962962962962962962962962962962962962962962962962962962962962963/12500000000000000000000000000000000000000000000000000000000000000000000000000000000000000000000000000,101,156.0526620370370370370370370370370370370370370370370370370370370370370370370370370370370370370370370,156052662037037037037037037037037037037037037037037037037037037037037037037037037037037037037037037/1000000000000000000000000000000000000000000000000000000000000000000000000000000000000000000000000,97,160.3874582047325102880658436213991769547325102880658436213991769547325102880658436213991769547325103,1603874582047325102880658436213991769547325102880658436213991769547325102880658436213991769547325103/10000000000000000000000000000000000000000000000000000000000000000000000000000000000000000000000000,97,20.04843227559156378600823045267489711934156378600823045267489711934156378600823045267489711934156379,2004843227559156378600823045267489711934156378600823045267489711934156378600823045267489711934156379/100000000000000000000000000000000000000000000000000000000000000000000000000000000000000000000000000,98,140.3390259291409465020576131687242798353909465020576131687242798353909465020576131687242798353909465,280678051858281893004115226337448559670781893004115226337448559670781893004115226337448559670781893/2000000000000000000000000000000000000000000000000000000000000000000000000000000000000000000000000,97,43347961676954732510288065843621399176954732510288065843621399176954732510288065843621399176954733/10000000000000000000000000000000000000000000000000000000000000000000000000000000000000000000000000,641549832818930041152263374485596707818930041152263374485596707818930041152263374485596707818930041/4000000000000000000000000000000000000000000000000000000000000000000000000000000000000000000000000,-463/12500000000000000000000000000000000000000000000000000000000000000000000000000000000000000000000000000,1/20000000000000000000000000000000000000000000000000000000000000000000000000000000000000000000000000,1/400000000000000000000000000000000000000000000000000000000000000000000000000000000000000000000000000,-1/80000000000000000000000000000000000000000000000000000000000000000000000000000000000000000000000000,1/100000000000000000000000000000000000000000000000000000000000000000000000000000000000000000000000000,RAWNUM_f634f853fd83fe034cae4907,TYPEDRAW_ac5a5b2a45283d6158f70163,DEP_6d8cf143646b70905ecca227,DEPCORE_5a36189d756d35b9771f6e79,DEPRES_2146486f8f63b691e412e385,SHAPE_99a676d13b6d334440d3b05a,1603874582047325102880658436213991769547325102880658436213991769547325102880658436213991769547325103/10000000000000000000000000000000000000000000000000000000000000000000000000000000000000000000000000,520000000000000000000000000000000000000000000000000000000000000000000000000000000000000000000000000/534624860682441700960219478737997256515775034293552812071330589849108367626886145404663923182441701|-658275462962962962962962962962962962962962962962962962962962962962962962962962962962962962962962963/2004843227559156378600823045267489711934156378600823045267489711934156378600823045267489711934156378750|1|-463/2004843227559156378600823045267489711934156378600823045267489711934156378600823045267489711934156378750|1/64154983281893004115226337448559670781893004115226337448559670781893004115226337448559670781893004120|-1/12830996656378600823045267489711934156378600823045267489711934156378600823045267489711934156378600824,NONE,NONE
148,TPL_9f0fcff206ad4308202a8653,TOK_6e4bf67933bfcbe62c0adce3,LEGAL_LOCAL_TEMPLATE,UNORDERED_TRIAD,THREE_BODY_COLOR,3,8+12+12,8|12|12,3,negative,4,negative_credit,ACTIVE_LIFT,LOCAL_R2_LIFT,12672,12672,0,-2.902777777777777777777777777777777777777777777777777777777777777777777777777777777777777777777777777,-2902777777777777777777777777777777777777777777777777777777777777777777777777777777777777777777777777/1000000000000000000000000000000000000000000000000000000000000000000000000000000000000000000000000000,99,12674.90277777777777777777777777777777777777777777777777777777777777777777777777777777777777777777778,633745138888888888888888888888888888888888888888888888888888888888888888888888888888888888888888889/50000000000000000000000000000000000000000000000000000000000000000000000000000000000000000000000,95,13026.98341049382716049382716049382716049382716049382716049382716049382716049382716049382716049382717,1302698341049382716049382716049382716049382716049382716049382716049382716049382716049382716049382717/100000000000000000000000000000000000000000000000000000000000000000000000000000000000000000000000,95,1628.372926311728395061728395061728395061728395061728395061728395061728395061728395061728395061728396,407093231577932098765432098765432098765432098765432098765432098765432098765432098765432098765432099/250000000000000000000000000000000000000000000000000000000000000000000000000000000000000000000000,96,11398.61048418209876543209876543209876543209876543209876543209876543209876543209876543209876543209877,1139861048418209876543209876543209876543209876543209876543209876543209876543209876543209876543209877/100000000000000000000000000000000000000000000000000000000000000000000000000000000000000000000000,95,35208063271604938271604938271604938271604938271604938271604938271604938271604938271604938271604939/100000000000000000000000000000000000000000000000000000000000000000000000000000000000000000000000,23448570138888888888888888888888888888888888888888888888888888888888888888888888888888888888888888893/1800000000000000000000000000000000000000000000000000000000000000000000000000000000000000000000000,2223/1000000000000000000000000000000000000000000000000000000000000000000000000000000000000000000000000000,13/1800000000000000000000000000000000000000000000000000000000000000000000000000000000000000000000000,-1/4000000000000000000000000000000000000000000000000000000000000000000000000000000000000000000000000,-3/800000000000000000000000000000000000000000000000000000000000000000000000000000000000000000000000,1/250000000000000000000000000000000000000000000000000000000000000000000000000000000000000000000000,RAWNUM_978b71136215ac5c671d4c8c,TYPEDRAW_97328be9c271205bd521941b,DEP_0d54a8ff4a3672e40aad3826,DEPCORE_0db38ea046ac0548eb38551e,DEPRES_d38138aef74dd612dd8fbeef,SHAPE_11b2dc0e99c8dc1a4db2a19b,1302698341049382716049382716049382716049382716049382716049382716049382716049382716049382716049382717/100000000000000000000000000000000000000000000000000000000000000000000000000000000000000000000000,38400000000000000000000000000000000000000000000000000000000000000000000000000000000000000000000000/39475707304526748971193415637860082304526748971193415637860082304526748971193415637860082304526749|-2902777777777777777777777777777777777777777777777777777777777777777777777777777777777777777777777777/13026983410493827160493827160493827160493827160493827160493827160493827160493827160493827160493827170000|1|741/4342327803497942386831275720164609053497942386831275720164609053497942386831275720164609053497942390000|-1/52107933641975308641975308641975308641975308641975308641975308641975308641975308641975308641975308680|-1/3473862242798353909465020576131687242798353909465020576131687242798353909465020576131687242798353912,NONE,NONE
149,TPL_1f08064a2edb1bd16ca39bf5,TOK_6ecbebf0a8e75fda8d3b06de,NONLOCAL_NODE,HIDDEN_SUPPORT,HIDDEN_SUPPORT,0,2,,3,positive,2,none,ZERO_SUPPORT,ZERO_SUPPORT_NONLOCAL_OR_REJECTED,2.027777777777777777777777777777777777777777777777777777777777777777777777777777777777777777777777778,1013888888888888888888888888888888888888888888888888888888888888888888888888888888888888888888888889/500000000000000000000000000000000000000000000000000000000000000000000000000000000000000000000000000,99,0,0,0,2.027777777777777777777777777777777777777777777777777777777777777777777777777777777777777777777777778,1013888888888888888888888888888888888888888888888888888888888888888888888888888888888888888888888889/500000000000000000000000000000000000000000000000000000000000000000000000000000000000000000000000000,99,0,0,0,0,0,0,0,0,0,-1013888888888888888888888888888888888888888888888888888888888888888888888888888888888888888888888889/500000000000000000000000000000000000000000000000000000000000000000000000000000000000000000000000000,0,0,0,0,0,0,RAWNUM_fedf90ae85c1e2e32d5cd370,TYPEDRAW_378f67a7526b6389d647913a,DEP_16cbbf405ccb20b833f4cd92,DEPCORE_8dbf93a31f5a575816e1ee59,DEPRES_73ca7a9ed16e954dab204089,SHAPE_29b24556cd4dd4f6f00896ac,1013888888888888888888888888888888888888888888888888888888888888888888888888888888888888888888888889/500000000000000000000000000000000000000000000000000000000000000000000000000000000000000000000000000,1|0|0|0|0|0,NONE,NONE
150,TPL_5345281071a352e3d9a622d0,TOK_702c665e177a46a0bea405f6,LEGAL_LOCAL_TEMPLATE,UNORDERED_TRIAD,THREE_BODY_COLOR,3,1+3+12,1|3|12,3,negative,2,negative_credit,ACTIVE_LIFT,LOCAL_R2_LIFT,5544,5544,0,-0.7352430555555555555555555555555555555555555555555555555555555555555555555555555555555555555555555556,-1838107638888888888888888888888888888888888888888888888888888888888888888888888888888888888888888889/2500000000000000000000000000000000000000000000000000000000000000000000000000000000000000000000000000,100,5544.735243055555555555555555555555555555555555555555555555555555555555555555555555555555555555555556,1386183810763888888888888888888888888888888888888888888888888888888888888888888888888888888888888889/250000000000000000000000000000000000000000000000000000000000000000000000000000000000000000000000,96,5621.745454764660493827160493827160493827160493827160493827160493827160493827160493827160493827160495,1124349090952932098765432098765432098765432098765432098765432098765432098765432098765432098765432099/200000000000000000000000000000000000000000000000000000000000000000000000000000000000000000000000,96,702.7181818455825617283950617283950617283950617283950617283950617283950617283950617283950617283950619,7027181818455825617283950617283950617283950617283950617283950617283950617283950617283950617283950619/10000000000000000000000000000000000000000000000000000000000000000000000000000000000000000000000000,97,4919.027272919077932098765432098765432098765432098765432098765432098765432098765432098765432098765432,614878409114884741512345679012345679012345679012345679012345679012345679012345679012345679012345679/125000000000000000000000000000000000000000000000000000000000000000000000000000000000000000000000,96,77010211709104938271604938271604938271604938271604938271604938271604938271604938271604938271604939/1000000000000000000000000000000000000000000000000000000000000000000000000000000000000000000000000,101191418185763888888888888888888888888888888888888888888888888888888888888888888888888888888888888897/18000000000000000000000000000000000000000000000000000000000000000000000000000000000000000000000000,1111/2500000000000000000000000000000000000000000000000000000000000000000000000000000000000000000000000000,13/18000000000000000000000000000000000000000000000000000000000000000000000000000000000000000000000000,1/40000000000000000000000000000000000000000000000000000000000000000000000000000000000000000000000000,-9/8000000000000000000000000000000000000000000000000000000000000000000000000000000000000000000000000,11/10000000000000000000000000000000000000000000000000000000000000000000000000000000000000000000000000,RAWNUM_47031a22f1576cf6a29ac27a,TYPEDRAW_80d54b52d51ce0e81496c72b,DEP_5dc5f73d2407368b1dad22b0,DEPCORE_64856e56d273fdab0a7391f4,DEPRES_c73fbeaaa8fbbfea7f104f1d,SHAPE_e9deec657d7414f5d41cf2b7,1124349090952932098765432098765432098765432098765432098765432098765432098765432098765432098765432099/200000000000000000000000000000000000000000000000000000000000000000000000000000000000000000000000,123200000000000000000000000000000000000000000000000000000000000000000000000000000000000000000000000/124927676772548010973936899862825788751714677640603566529492455418381344307270233196159122085048011|-1838107638888888888888888888888888888888888888888888888888888888888888888888888888888888888888888889/14054363636911651234567901234567901234567901234567901234567901234567901234567901234567901234567901237500|1|1111/14054363636911651234567901234567901234567901234567901234567901234567901234567901234567901234567901237500|1/224869818190586419753086419753086419753086419753086419753086419753086419753086419753086419753086419800|-1/4997107070901920438957475994513031550068587105624142661179698216735253772290809327846364883401920440,NONE,NONE
151,TPL_66fb68f02bc70da6f935544e,TOK_70862b4838e57a05384f3025,LEGAL_LOCAL_TEMPLATE,UNORDERED_TRIAD,THREE_BODY_COLOR,3,4+12+12,4|12|12,3,negative,8,negative_credit,ACTIVE_LIFT,LOCAL_R2_LIFT,10944,10944,0,-4.618055555555555555555555555555555555555555555555555555555555555555555555555555555555555555555555556,-1154513888888888888888888888888888888888888888888888888888888888888888888888888888888888888888888889/250000000000000000000000000000000000000000000000000000000000000000000000000000000000000000000000000,99,10948.61805555555555555555555555555555555555555555555555555555555555555555555555555555555555555555556,273715451388888888888888888888888888888888888888888888888888888888888888888888888888888888888888889/25000000000000000000000000000000000000000000000000000000000000000000000000000000000000000000000,95,11556.87461419753086419753086419753086419753086419753086419753086419753086419753086419753086419753087,1155687461419753086419753086419753086419753086419753086419753086419753086419753086419753086419753087/100000000000000000000000000000000000000000000000000000000000000000000000000000000000000000000000,95,1444.609326774691358024691358024691358024691358024691358024691358024691358024691358024691358024691359,1444609326774691358024691358024691358024691358024691358024691358024691358024691358024691358024691359/1000000000000000000000000000000000000000000000000000000000000000000000000000000000000000000000000,96,10112.26528742283950617283950617283950617283950617283950617283950617283950617283950617283950617283951,1011226528742283950617283950617283950617283950617283950617283950617283950617283950617283950617283951/100000000000000000000000000000000000000000000000000000000000000000000000000000000000000000000000,95,60825655864197530864197530864197530864197530864197530864197530864197530864197530864197530864197531/100000000000000000000000000000000000000000000000000000000000000000000000000000000000000000000000,5200593576388888888888888888888888888888888888888888888888888888888888888888888888888888888888888891/450000000000000000000000000000000000000000000000000000000000000000000000000000000000000000000000,1111/250000000000000000000000000000000000000000000000000000000000000000000000000000000000000000000000000,1/900000000000000000000000000000000000000000000000000000000000000000000000000000000000000000000000,1/4000000000000000000000000000000000000000000000000000000000000000000000000000000000000000000000000,-1/800000000000000000000000000000000000000000000000000000000000000000000000000000000000000000000000,1/1000000000000000000000000000000000000000000000000000000000000000000000000000000000000000000000000,RAWNUM_f8561f69442e9126fadbbee5,TYPEDRAW_21413dd27c2abcd2cd2f4ce8,DEP_0ac3ff5b3c62b85a3db8756b,DEPCORE_65176cee3c61a23ee9bd9aae,DEPRES_0a70c566a60e4f1e3e168eff,SHAPE_4527b73f85d391fc6120e4bb,1155687461419753086419753086419753086419753086419753086419753086419753086419753086419753086419753087/100000000000000000000000000000000000000000000000000000000000000000000000000000000000000000000000,1094400000000000000000000000000000000000000000000000000000000000000000000000000000000000000000000000/1155687461419753086419753086419753086419753086419753086419753086419753086419753086419753086419753087|-1154513888888888888888888888888888888888888888888888888888888888888888888888888888888888888888888889/2889218653549382716049382716049382716049382716049382716049382716049382716049382716049382716049382717500|1|1111/2889218653549382716049382716049382716049382716049382716049382716049382716049382716049382716049382717500|1/46227498456790123456790123456790123456790123456790123456790123456790123456790123456790123456790123480|-1/9245499691358024691358024691358024691358024691358024691358024691358024691358024691358024691358024696,NONE,NONE
152,TPL_5cfe96f1de5c2b293a12c844,TOK_70cdbaffb84d4598cb6e53db,LEGAL_LOCAL_TEMPLATE,UNORDERED_TRIAD,THREE_BODY_COLOR,3,1+2+4,1|2|4,3,neutral,0,positive_debit,ZERO_FEE,LOCAL_R2_LIFT,756,756,0,0.46484375,119/256,8,755.53515625,193417/256,8,755.53515625,193417/256,8,94.44189453125,193417/2048,11,661.09326171875,1353919/2048,11,0,193417/256,0,0,0,0,0,RAWNUM_4ab0f936013b4ebcb6447d55,TYPEDRAW_0b00ad7111705427bd5fa057,DEP_1691418f1dfb1147b4ed653a,DEPCORE_bbc8c49cc48bd283001b11c2,DEPRES_73ca7a9ed16e954dab204089,SHAPE_5afd4de22b663794a518c24b,756,1|17/27648|27631/27648|0|0|0,NONE,NONE
153,TPL_ed0a67bd02421fa4c33062db,TOK_7131a067558e77d4dab60dd4,LEGAL_LOCAL_TEMPLATE,UNORDERED_TRIAD,THREE_BODY_COLOR,3,1+1+6,1|1|6,3,neutral,0,positive_debit,ZERO_FEE,LOCAL_R2_LIFT,1368,1368,0,0.8411458333333333333333333333333333333333333333333333333333333333333333333333333333333333333333333334,4205729166666666666666666666666666666666666666666666666666666666666666666666666666666666666666666667/5000000000000000000000000000000000000000000000000000000000000000000000000000000000000000000000000000,100,1367.158854166666666666666666666666666666666666666666666666666666666666666666666666666666666666666667,1367158854166666666666666666666666666666666666666666666666666666666666666666666666666666666666666667/1000000000000000000000000000000000000000000000000000000000000000000000000000000000000000000000000,96,1367.158854166666666666666666666666666666666666666666666666666666666666666666666666666666666666666667,1367158854166666666666666666666666666666666666666666666666666666666666666666666666666666666666666667/1000000000000000000000000000000000000000000000000000000000000000000000000000000000000000000000000,96,170.8948567708333333333333333333333333333333333333333333333333333333333333333333333333333333333333334,854474283854166666666666666666666666666666666666666666666666666666666666666666666666666666666666667/5000000000000000000000000000000000000000000000000000000000000000000000000000000000000000000000000,97,1196.263997395833333333333333333333333333333333333333333333333333333333333333333333333333333333333334,598131998697916666666666666666666666666666666666666666666666666666666666666666666666666666666666667/500000000000000000000000000000000000000000000000000000000000000000000000000000000000000000000000,96,0,1367158854166666666666666666666666666666666666666666666666666666666666666666666666666666666666666667/1000000000000000000000000000000000000000000000000000000000000000000000000000000000000000000000000,1667/5000000000000000000000000000000000000000000000000000000000000000000000000000000000000000000000000000,0,1/40000000000000000000000000000000000000000000000000000000000000000000000000000000000000000000000000,3/8000000000000000000000000000000000000000000000000000000000000000000000000000000000000000000000000,-1/2500000000000000000000000000000000000000000000000000000000000000000000000000000000000000000000000,RAWNUM_54bf284876dceaf93736e401,TYPEDRAW_5be1e5efdd7833c13fc0eadc,DEP_1de241691464fe9963011803,DEPCORE_291f54551e49b6fc488b8d79,DEPRES_4a540dded8ca75731c006d56,SHAPE_bbcd3759f374a092a054f57c,1368,1|4205729166666666666666666666666666666666666666666666666666666666666666666666666666666666666666666667/6840000000000000000000000000000000000000000000000000000000000000000000000000000000000000000000000000000|1367158854166666666666666666666666666666666666666666666666666666666666666666666666666666666666666667/1368000000000000000000000000000000000000000000000000000000000000000000000000000000000000000000000000|1667/6840000000000000000000000000000000000000000000000000000000000000000000000000000000000000000000000000000|1/54720000000000000000000000000000000000000000000000000000000000000000000000000000000000000000000000000|1/3648000000000000000000000000000000000000000000000000000000000000000000000000000000000000000000000000,NONE,NONE
154,TPL_9f048d5189435e1fa608fa71,TOK_7170c2eee4f626ce4b045f4e,LEGAL_LOCAL_TEMPLATE,UNARY_CONJUGATE,ONE_BODY_CONJUGATE,1,12,12,1,negative,12,negative_credit,ACTIVE_LIFT,LOCAL_R2_LIFT,180.00,180,2,-15.00,-15,2,195.00,195,2,211.2499999999999999999999999999999999999999999999999999999999999999999999999999999999999999999999999,2112499999999999999999999999999999999999999999999999999999999999999999999999999999999999999999999999/10000000000000000000000000000000000000000000000000000000000000000000000000000000000000000000000000,97,26.40624999999999999999999999999999999999999999999999999999999999999999999999999999999999999999999999,2640624999999999999999999999999999999999999999999999999999999999999999999999999999999999999999999999/100000000000000000000000000000000000000000000000000000000000000000000000000000000000000000000000000,98,184.8437499999999999999999999999999999999999999999999999999999999999999999999999999999999999999999999,1848437499999999999999999999999999999999999999999999999999999999999999999999999999999999999999999999/10000000000000000000000000000000000000000000000000000000000000000000000000000000000000000000000000,97,162499999999999999999999999999999999999999999999999999999999999999999999999999999999999999999999999/10000000000000000000000000000000000000000000000000000000000000000000000000000000000000000000000000,845/4,0,-1/10000000000000000000000000000000000000000000000000000000000000000000000000000000000000000000000000,1/400000000000000000000000000000000000000000000000000000000000000000000000000000000000000000000000000,-1/80000000000000000000000000000000000000000000000000000000000000000000000000000000000000000000000000,1/100000000000000000000000000000000000000000000000000000000000000000000000000000000000000000000000000,RAWNUM_6190fe403fa23019a86cf85d,TYPEDRAW_f6ccd7b73c3c7e6889fd7225,DEP_669a181ae30b39f8ed968e8a,DEPCORE_57176260b6d65900f0951d59,DEPRES_6e79992469a3dc5ecffb2f60,SHAPE_aa7d8923c72cfd63cf21d841,2112499999999999999999999999999999999999999999999999999999999999999999999999999999999999999999999999/10000000000000000000000000000000000000000000000000000000000000000000000000000000000000000000000000,1800000000000000000000000000000000000000000000000000000000000000000000000000000000000000000000000000/2112499999999999999999999999999999999999999999999999999999999999999999999999999999999999999999999999|-150000000000000000000000000000000000000000000000000000000000000000000000000000000000000000000000000/2112499999999999999999999999999999999999999999999999999999999999999999999999999999999999999999999999|1|0|1/84499999999999999999999999999999999999999999999999999999999999999999999999999999999999999999999999960|-1/16899999999999999999999999999999999999999999999999999999999999999999999999999999999999999999999999992,NONE,NONE
155,TPL_aa3c5aa4105d778a4ff27580,TOK_724e96ece4cbd0bd51c2133b,REJECTED,UNORDERED_TRIAD,THREE_BODY_COLOR,3,3+3+12,3|3|12,0,neutral,0,positive_debit,ZERO_SUPPORT,ZERO_SUPPORT_NONLOCAL_OR_REJECTED,5832,5832,0,7290.00,7290,2,-1458.00,-1458,2,0,0,0,0,0,0,0,0,0,1458,0,0,0,0,0,0,RAWNUM_2fcf7ec20516a82a27ece330,TYPEDRAW_4fb68ca0b7332a47d1ec1100,DEP_ef2e0dda65db3e0d9f6452b8,DEPCORE_6f437ebedd696f30426a73da,DEPRES_73ca7a9ed16e954dab204089,SHAPE_aca101b390433fda81ae9569,7290,4/5|1|0|0|0|0,NONE,NONE
156,TPL_f40c627b9335732b5b737d46,TOK_7352a04ee6ce0007cf805ff6,LEGAL_LOCAL_TEMPLATE,UNARY_DIRECT,ONE_BODY_DIRECT,1,9,9,0,neutral,0,zero_contact,ZERO_FEE,LOCAL_R2_LIFT,1.125,9/8,3,0,0,0,1.125,9/8,3,1.125,9/8,3,0.140625,9/64,6,0.984375,63/64,6,0,9/8,0,0,0,0,0,RAWNUM_e77f7a8247d3d026db19f1c5,TYPEDRAW_273916a025b1c2a17b319ba5,DEP_917cab6ee52b3fcddbb48418,DEPCORE_928684be476bb4d35844493a,DEPRES_73ca7a9ed16e954dab204089,SHAPE_4a5a7e41bcde015a08457156,9/8,1|0|1|0|0|0,NONE,NONE
157,TPL_65e17bef3ce04ac5c983ce81,TOK_788fa9b8d3b3970cd03ec4f5,LEGAL_LOCAL_TEMPLATE,UNORDERED_TRIAD,THREE_BODY_COLOR,3,4+4+6,4|4|6,3,neutral,0,positive_debit,ZERO_FEE,LOCAL_R2_LIFT,2448,2448,0,1.505208333333333333333333333333333333333333333333333333333333333333333333333333333333333333333333334,752604166666666666666666666666666666666666666666666666666666666666666666666666666666666666666666667/500000000000000000000000000000000000000000000000000000000000000000000000000000000000000000000000000,99,2446.494791666666666666666666666666666666666666666666666666666666666666666666666666666666666666666667,2446494791666666666666666666666666666666666666666666666666666666666666666666666666666666666666666667/1000000000000000000000000000000000000000000000000000000000000000000000000000000000000000000000000,96,2446.494791666666666666666666666666666666666666666666666666666666666666666666666666666666666666666667,2446494791666666666666666666666666666666666666666666666666666666666666666666666666666666666666666667/1000000000000000000000000000000000000000000000000000000000000000000000000000000000000000000000000,96,305.8118489583333333333333333333333333333333333333333333333333333333333333333333333333333333333333334,1529059244791666666666666666666666666666666666666666666666666666666666666666666666666666666666666667/5000000000000000000000000000000000000000000000000000000000000000000000000000000000000000000000000,97,2140.682942708333333333333333333333333333333333333333333333333333333333333333333333333333333333333334,1070341471354166666666666666666666666666666666666666666666666666666666666666666666666666666666666667/500000000000000000000000000000000000000000000000000000000000000000000000000000000000000000000000,96,0,2446494791666666666666666666666666666666666666666666666666666666666666666666666666666666666666666667/1000000000000000000000000000000000000000000000000000000000000000000000000000000000000000000000000,167/500000000000000000000000000000000000000000000000000000000000000000000000000000000000000000000000000,0,1/40000000000000000000000000000000000000000000000000000000000000000000000000000000000000000000000000,3/8000000000000000000000000000000000000000000000000000000000000000000000000000000000000000000000000,-1/2500000000000000000000000000000000000000000000000000000000000000000000000000000000000000000000000,RAWNUM_e80e82717917f0722c81c0a5,TYPEDRAW_9b330504c04878b86e6eb835,DEP_b07ab542d82f90788c559452,DEPCORE_39e64cc4ff9f351b007907cf,DEPRES_a1fbcb47e316d135212d657d,SHAPE_ba1a3dc8020da4a1dafa12f7,2448,1|752604166666666666666666666666666666666666666666666666666666666666666666666666666666666666666666667/1224000000000000000000000000000000000000000000000000000000000000000000000000000000000000000000000000000|815498263888888888888888888888888888888888888888888888888888888888888888888888888888888888888888889/816000000000000000000000000000000000000000000000000000000000000000000000000000000000000000000000000|167/1224000000000000000000000000000000000000000000000000000000000000000000000000000000000000000000000000000|1/97920000000000000000000000000000000000000000000000000000000000000000000000000000000000000000000000000|1/6528000000000000000000000000000000000000000000000000000000000000000000000000000000000000000000000000,NONE,NONE
158,TPL_8d19b9e0c83125adc83a542c,TOK_78f9fd43c12d5b752034ea8f,LEGAL_LOCAL_TEMPLATE,ORDERED_PAIR,TWO_BODY_PAIR,2,6+1,6|1,3,positive,5,positive_debit,ACTIVE_LIFT,LOCAL_R2_LIFT,87,87,0,0.03356481481481481481481481481481481481481481481481481481481481481481481481481481481481481481481481482,1678240740740740740740740740740740740740740740740740740740740740740740740740740740740740740740740741/50000000000000000000000000000000000000000000000000000000000000000000000000000000000000000000000000000,101,86.96643518518518518518518518518518518518518518518518518518518518518518518518518518518518518518518519,8696643518518518518518518518518518518518518518518518518518518518518518518518518518518518518518518519/100000000000000000000000000000000000000000000000000000000000000000000000000000000000000000000000000,98,89.98610307355967078189300411522633744855967078189300411522633744855967078189300411522633744855967077,8998610307355967078189300411522633744855967078189300411522633744855967078189300411522633744855967077/100000000000000000000000000000000000000000000000000000000000000000000000000000000000000000000000000,98,11.24826288419495884773662551440329218106995884773662551440329218106995884773662551440329218106995885,224965257683899176954732510288065843621399176954732510288065843621399176954732510288065843621399177/20000000000000000000000000000000000000000000000000000000000000000000000000000000000000000000000000,98,78.73784018936471193415637860082304526748971193415637860082304526748971193415637860082304526748971192,984223002367058899176954732510288065843621399176954732510288065843621399176954732510288065843621399/12500000000000000000000000000000000000000000000000000000000000000000000000000000000000000000000000,98,150983394418724279835390946502057613168724279835390946502057613168724279835390946502057613168724279/50000000000000000000000000000000000000000000000000000000000000000000000000000000000000000000000000,143977764917695473251028806584362139917695473251028806584362139917695473251028806584362139917695473259/1600000000000000000000000000000000000000000000000000000000000000000000000000000000000000000000000000,241/50000000000000000000000000000000000000000000000000000000000000000000000000000000000000000000000000000,-27/1600000000000000000000000000000000000000000000000000000000000000000000000000000000000000000000000000,3/800000000000000000000000000000000000000000000000000000000000000000000000000000000000000000000000000,-3/800000000000000000000000000000000000000000000000000000000000000000000000000000000000000000000000000,0,RAWNUM_ff7e2fc68751958bd28c6018,TYPEDRAW_4bbcb706fade47df886ef77e,DEP_d78460a43443b0149e30091b,DEPCORE_8b101a79d777633189878db5,DEPRES_f7bf016f9ca1ecf57ffec60c,SHAPE_eb7c23b8e93992d92be72153,8998610307355967078189300411522633744855967078189300411522633744855967078189300411522633744855967077/100000000000000000000000000000000000000000000000000000000000000000000000000000000000000000000000000,8700000000000000000000000000000000000000000000000000000000000000000000000000000000000000000000000000/8998610307355967078189300411522633744855967078189300411522633744855967078189300411522633744855967077|1678240740740740740740740740740740740740740740740740740740740740740740740740740740740740740740740741/4499305153677983539094650205761316872427983539094650205761316872427983539094650205761316872427983538500|1|241/4499305153677983539094650205761316872427983539094650205761316872427983539094650205761316872427983538500|3/71988882458847736625514403292181069958847736625514403292181069958847736625514403292181069958847736616|-3/71988882458847736625514403292181069958847736625514403292181069958847736625514403292181069958847736616,NONE,NONE
159,TPL_231e81ee9fe7b75719b02b2a,TOK_78fd1d7a8f0137023ea8f408,LEGAL_LOCAL_TEMPLATE,UNORDERED_TRIAD,THREE_BODY_COLOR,3,1+8+9,1|8|9,0,negative,7,negative_credit,ACTIVE_LIFT,LOCAL_R2_LIFT,5256,5256,0,-4380.000000000000000000000000000000000000000000000000000000000000000000000000000000000000000000000000,-4380,96,9636.000000000000000000000000000000000000000000000000000000000000000000000000000000000000000000000000,9636,96,10104.41666666666666666666666666666666666666666666666666666666666666666666666666666666666666666666667,1010441666666666666666666666666666666666666666666666666666666666666666666666666666666666666666666667/100000000000000000000000000000000000000000000000000000000000000000000000000000000000000000000000,95,1263.052083333333333333333333333333333333333333333333333333333333333333333333333333333333333333333334,631526041666666666666666666666666666666666666666666666666666666666666666666666666666666666666666667/500000000000000000000000000000000000000000000000000000000000000000000000000000000000000000000000,96,8841.364583333333333333333333333333333333333333333333333333333333333333333333333333333333333333333336,1105170572916666666666666666666666666666666666666666666666666666666666666666666666666666666666666667/125000000000000000000000000000000000000000000000000000000000000000000000000000000000000000000000,96,46841666666666666666666666666666666666666666666666666666666666666666666666666666666666666666666667/100000000000000000000000000000000000000000000000000000000000000000000000000000000000000000000000,121253/12,0,1/300000000000000000000000000000000000000000000000000000000000000000000000000000000000000000000000,1/4000000000000000000000000000000000000000000000000000000000000000000000000000000000000000000000000,-1/4000000000000000000000000000000000000000000000000000000000000000000000000000000000000000000000000,0,RAWNUM_665813d9601496dc55bb3049,TYPEDRAW_ae29500710428424d4d93d06,DEP_12ff4e5bb6c272194aa78240,DEPCORE_bc2640f8046a3b66d2124619,DEPRES_f42b800fbc6588bc8d2c5f33,SHAPE_4b332bd9413d195994c0e2ee,1010441666666666666666666666666666666666666666666666666666666666666666666666666666666666666666666667/100000000000000000000000000000000000000000000000000000000000000000000000000000000000000000000000,175200000000000000000000000000000000000000000000000000000000000000000000000000000000000000000000000/336813888888888888888888888888888888888888888888888888888888888888888888888888888888888888888888889|-146000000000000000000000000000000000000000000000000000000000000000000000000000000000000000000000000/336813888888888888888888888888888888888888888888888888888888888888888888888888888888888888888888889|1|0|1/40417666666666666666666666666666666666666666666666666666666666666666666666666666666666666666666666680|-1/40417666666666666666666666666666666666666666666666666666666666666666666666666666666666666666666666680,NONE,NONE
160,TPL_b296d329a0b90768c4bd3319,TOK_7a267062228613da4bdbda50,LEGAL_LOCAL_TEMPLATE,UNORDERED_TRIAD,THREE_BODY_COLOR,3,3+8+12,3|8|12,3,negative,5,negative_credit,ACTIVE_LIFT,LOCAL_R2_LIFT,7812,7812,0,-2.166232638888888888888888888888888888888888888888888888888888888888888888888888888888888888888888889,-2166232638888888888888888888888888888888888888888888888888888888888888888888888888888888888888888889/1000000000000000000000000000000000000000000000000000000000000000000000000000000000000000000000000000,99,7814.166232638888888888888888888888888888888888888888888888888888888888888888888888888888888888888889,7814166232638888888888888888888888888888888888888888888888888888888888888888888888888888888888888889/1000000000000000000000000000000000000000000000000000000000000000000000000000000000000000000000000,96,8085.491449049961419753086419753086419753086419753086419753086419753086419753086419753086419753086418,4042745724524980709876543209876543209876543209876543209876543209876543209876543209876543209876543209/500000000000000000000000000000000000000000000000000000000000000000000000000000000000000000000000,96,1010.686431131245177469135802469135802469135802469135802469135802469135802469135802469135802469135802,505343215565622588734567901234567901234567901234567901234567901234567901234567901234567901234567901/500000000000000000000000000000000000000000000000000000000000000000000000000000000000000000000000,96,7074.805017918716242283950617283950617283950617283950617283950617283950617283950617283950617283950616,884350627239839530285493827160493827160493827160493827160493827160493827160493827160493827160493827/125000000000000000000000000000000000000000000000000000000000000000000000000000000000000000000000,96,271325216411072530864197530864197530864197530864197530864197530864197530864197530864197530864197529/1000000000000000000000000000000000000000000000000000000000000000000000000000000000000000000000000,1164310768663194444444444444444444444444444444444444444444444444444444444444444444444444444444444444461/144000000000000000000000000000000000000000000000000000000000000000000000000000000000000000000000000,111/1000000000000000000000000000000000000000000000000000000000000000000000000000000000000000000000000000,-269/144000000000000000000000000000000000000000000000000000000000000000000000000000000000000000000000000,-1/4000000000000000000000000000000000000000000000000000000000000000000000000000000000000000000000000,1/4000000000000000000000000000000000000000000000000000000000000000000000000000000000000000000000000,0,RAWNUM_73793e3ebb2197977185e897,TYPEDRAW_417b8a5c8cdccdea0f1677a4,DEP_00bd720728dd123fe3363e6c,DEPCORE_a31642f358244d86bc094c56,DEPRES_ae50ed986f700791915096bc,SHAPE_584fbffd362acc7c2b988889,4042745724524980709876543209876543209876543209876543209876543209876543209876543209876543209876543209/500000000000000000000000000000000000000000000000000000000000000000000000000000000000000000000000,3906000000000000000000000000000000000000000000000000000000000000000000000000000000000000000000000000/4042745724524980709876543209876543209876543209876543209876543209876543209876543209876543209876543209|-2166232638888888888888888888888888888888888888888888888888888888888888888888888888888888888888888889/8085491449049961419753086419753086419753086419753086419753086419753086419753086419753086419753086418000|1|111/8085491449049961419753086419753086419753086419753086419753086419753086419753086419753086419753086418000|-1/32341965796199845679012345679012345679012345679012345679012345679012345679012345679012345679012345672|1/32341965796199845679012345679012345679012345679012345679012345679012345679012345679012345679012345672,NONE,NONE
161,TPL_347302764fefff0008a50834,TOK_7b27e0a9dfce8e2e96f9138f,LEGAL_LOCAL_TEMPLATE,UNORDERED_TRIAD,THREE_BODY_COLOR,3,8+8+12,8|8|12,3,neutral,0,positive_debit,ZERO_FEE,LOCAL_R2_LIFT,9792,9792,0,6.020833333333333333333333333333333333333333333333333333333333333333333333333333333333333333333333334,3010416666666666666666666666666666666666666666666666666666666666666666666666666666666666666666666667/500000000000000000000000000000000000000000000000000000000000000000000000000000000000000000000000000,99,9785.979166666666666666666666666666666666666666666666666666666666666666666666666666666666666666666667,9785979166666666666666666666666666666666666666666666666666666666666666666666666666666666666666666667/1000000000000000000000000000000000000000000000000000000000000000000000000000000000000000000000000,96,9785.979166666666666666666666666666666666666666666666666666666666666666666666666666666666666666666667,9785979166666666666666666666666666666666666666666666666666666666666666666666666666666666666666666667/1000000000000000000000000000000000000000000000000000000000000000000000000000000000000000000000000,96,1223.247395833333333333333333333333333333333333333333333333333333333333333333333333333333333333333333,1223247395833333333333333333333333333333333333333333333333333333333333333333333333333333333333333333/1000000000000000000000000000000000000000000000000000000000000000000000000000000000000000000000000,96,8562.731770833333333333333333333333333333333333333333333333333333333333333333333333333333333333333334,4281365885416666666666666666666666666666666666666666666666666666666666666666666666666666666666666667/500000000000000000000000000000000000000000000000000000000000000000000000000000000000000000000000,96,0,9785979166666666666666666666666666666666666666666666666666666666666666666666666666666666666666666667/1000000000000000000000000000000000000000000000000000000000000000000000000000000000000000000000000,167/500000000000000000000000000000000000000000000000000000000000000000000000000000000000000000000000000,0,-3/8000000000000000000000000000000000000000000000000000000000000000000000000000000000000000000000000,3/8000000000000000000000000000000000000000000000000000000000000000000000000000000000000000000000000,0,RAWNUM_ab4c39693901c3385846f1fa,TYPEDRAW_41d517111f749e3af268a613,DEP_ad8bc7f0a30d32d5e725d95f,DEPCORE_b91406d806fecf3319c5cdcf,DEPRES_1be0b2f5af91b3360d68c06c,SHAPE_c7ed954274b80af5846d3be4,9792,1|3010416666666666666666666666666666666666666666666666666666666666666666666666666666666666666666666667/4896000000000000000000000000000000000000000000000000000000000000000000000000000000000000000000000000000|9785979166666666666666666666666666666666666666666666666666666666666666666666666666666666666666666667/9792000000000000000000000000000000000000000000000000000000000000000000000000000000000000000000000000|167/4896000000000000000000000000000000000000000000000000000000000000000000000000000000000000000000000000000|-1/26112000000000000000000000000000000000000000000000000000000000000000000000000000000000000000000000000|1/26112000000000000000000000000000000000000000000000000000000000000000000000000000000000000000000000000,NONE,NONE
162,TPL_7eeb84e0d06f3be1f80e149a,TOK_7c6de937b38c751f33ee6073,LEGAL_LOCAL_TEMPLATE,UNORDERED_TRIAD,THREE_BODY_COLOR,3,2+4+4,2|4|4,3,negative,1,negative_credit,ACTIVE_LIFT,LOCAL_R2_LIFT,1296,1296,0,-0.1093750000000000000000000000000000000000000000000000000000000000000000000000000000000000000000000000,-7/64,100,1296.109375000000000000000000000000000000000000000000000000000000000000000000000000000000000000000000,82951/64,96,1305.110134548611111111111111111111111111111111111111111111111111111111111111111111111111111111111111,1305110134548611111111111111111111111111111111111111111111111111111111111111111111111111111111111111/1000000000000000000000000000000000000000000000000000000000000000000000000000000000000000000000000,96,163.1387668185763888888888888888888888888888888888888888888888888888888888888888888888888888888888889,1631387668185763888888888888888888888888888888888888888888888888888888888888888888888888888888888889/10000000000000000000000000000000000000000000000000000000000000000000000000000000000000000000000000,97,1141.971367730034722222222222222222222222222222222222222222222222222222222222222222222222222222222222,570985683865017361111111111111111111111111111111111111111111111111111111111111111111111111111111111/500000000000000000000000000000000000000000000000000000000000000000000000000000000000000000000000,96,9000759548611111111111111111111111111111111111111111111111111111111111111111111111111111111111111/1000000000000000000000000000000000000000000000000000000000000000000000000000000000000000000000000,12027895/9216,0,-1/9000000000000000000000000000000000000000000000000000000000000000000000000000000000000000000000000,1/40000000000000000000000000000000000000000000000000000000000000000000000000000000000000000000000000,-1/8000000000000000000000000000000000000000000000000000000000000000000000000000000000000000000000000,1/10000000000000000000000000000000000000000000000000000000000000000000000000000000000000000000000000,RAWNUM_57696f7bdb76afe8aaa1c03c,TYPEDRAW_205721de49dfa906d8ef9a57,DEP_81daf36917b03a33c43830ae,DEPCORE_daee6ec9537339838def45c9,DEPRES_8d64155516085bb2ea22edb8,SHAPE_f8fcf77ccdd15c1c871db68d,1305110134548611111111111111111111111111111111111111111111111111111111111111111111111111111111111111/1000000000000000000000000000000000000000000000000000000000000000000000000000000000000000000000000,1296000000000000000000000000000000000000000000000000000000000000000000000000000000000000000000000000/1305110134548611111111111111111111111111111111111111111111111111111111111111111111111111111111111111|-109375000000000000000000000000000000000000000000000000000000000000000000000000000000000000000000/1305110134548611111111111111111111111111111111111111111111111111111111111111111111111111111111111111|1|0|1/52204405381944444444444444444444444444444444444444444444444444444444444444444444444444444444444444440|-1/10440881076388888888888888888888888888888888888888888888888888888888888888888888888888888888888888888,NONE,NONE
163,TPL_6612ac3b0abac52209d1b4bc,TOK_7cfafb7ab07df8a1e0e74c9a,LEGAL_LOCAL_TEMPLATE,UNARY_CONJUGATE,ONE_BODY_CONJUGATE,1,3,3,1,positive,3,positive_debit,ACTIVE_LIFT,LOCAL_R2_LIFT,54.0,54,1,1.125,9/8,3,52.875,423/8,3,53.97656249999999999999999999999999999999999999999999999999999999999999999999999999999999999999999998,2698828124999999999999999999999999999999999999999999999999999999999999999999999999999999999999999999/50000000000000000000000000000000000000000000000000000000000000000000000000000000000000000000000000,98,6.747070312499999999999999999999999999999999999999999999999999999999999999999999999999999999999999998,3373535156249999999999999999999999999999999999999999999999999999999999999999999999999999999999999999/500000000000000000000000000000000000000000000000000000000000000000000000000000000000000000000000000,99,47.22949218749999999999999999999999999999999999999999999999999999999999999999999999999999999999999999,4722949218749999999999999999999999999999999999999999999999999999999999999999999999999999999999999999/100000000000000000000000000000000000000000000000000000000000000000000000000000000000000000000000000,98,55078124999999999999999999999999999999999999999999999999999999999999999999999999999999999999999999/50000000000000000000000000000000000000000000000000000000000000000000000000000000000000000000000000,6909/128,0,-1/50000000000000000000000000000000000000000000000000000000000000000000000000000000000000000000000000,1/2000000000000000000000000000000000000000000000000000000000000000000000000000000000000000000000000000,3/400000000000000000000000000000000000000000000000000000000000000000000000000000000000000000000000000,-1/125000000000000000000000000000000000000000000000000000000000000000000000000000000000000000000000000,RAWNUM_20cbf2b75c20f6f0826dc0b5,TYPEDRAW_98fad844bcbf91d9d9140b91,DEP_d71a14676ff73f7c68d62af1,DEPCORE_39f6ff3f5604683cd425b1fd,DEPRES_175643db0ab6f3a9885ac3b8,SHAPE_c45728ac02abc7538e020a68,54,1|1/48|2698828124999999999999999999999999999999999999999999999999999999999999999999999999999999999999999999/2700000000000000000000000000000000000000000000000000000000000000000000000000000000000000000000000000|0|1/108000000000000000000000000000000000000000000000000000000000000000000000000000000000000000000000000000|1/7200000000000000000000000000000000000000000000000000000000000000000000000000000000000000000000000000,NONE,NONE
164,TPL_d12a39d673a4fc629252d982,TOK_7dbe087f0944ad9f4c11c77c,REJECTED,EXPLICIT_CONTROL,REJECTED_CONTROL,0,1,,0,neutral,0,none,ZERO_FEE,ZERO_SUPPORT_NONLOCAL_OR_REJECTED,0,0,0,0,0,0,0,0,0,0,0,0,0,0,0,0,0,0,0,0,0,0,0,0,0,RAWNUM_8462963cd509903a12729896,TYPEDRAW_45c00561a33040b8291efd18,DEP_e546bab458df71c743a9276f,DEPCORE_d16eb49fda677ceeef042ceb,DEPRES_73ca7a9ed16e954dab204089,SHAPE_579ee4bf136113892323a924,0,0|0|0|0|0|0,NONE,NONE
165,TPL_6085ed357424a3682221025f,TOK_7ee30ff1bc82e2a0980e2747,LEGAL_LOCAL_TEMPLATE,UNARY_DIRECT,ONE_BODY_DIRECT,1,9,9,2,positive,9,zero_contact,ACTIVE_LIFT,LOCAL_R2_LIFT,1620.00,1620,2,0,0,0,1620.00,1620,2,1721.250000,6885/4,6,215.156250,6885/32,6,1506.093750,48195/32,6,405/4,6885/4,0,0,0,0,0,RAWNUM_6748ae2c5a1a4ec4d3cedc85,TYPEDRAW_626020d2b004520a892e7e39,DEP_15252da7a3d4e8a5e15117e2,DEPCORE_8767d40924ea4e42a49c9192,DEPRES_73ca7a9ed16e954dab204089,SHAPE_47898cb03e461def1be69923,6885/4,16/17|0|1|0|0|0,NONE,NONE
166,TPL_e013702f2ae585cf8a0e4e6b,TOK_7ee3b0f22b0a6ec9e8898dca,LEGAL_LOCAL_TEMPLATE,ORDERED_PAIR,TWO_BODY_PAIR,2,1+1,1|1,1,neutral,0,positive_debit,ZERO_FEE,LOCAL_R2_LIFT,12,12,0,1.25,5/4,2,10.75,43/4,2,10.75,43/4,2,1.34375,43/32,5,9.40625,301/32,5,0,43/4,0,0,0,0,0,RAWNUM_9ce52af7b14b4c77c5768ad5,TYPEDRAW_3a479560d12830f8e0cccfb9,DEP_3eaba35b854aba2e3a94ec3f,DEPCORE_61547010fb38b21dbcd9c3dd,DEPRES_73ca7a9ed16e954dab204089,SHAPE_8dce00b3b054a735194ec80d,12,1|5/48|43/48|0|0|0,NONE,NONE
167,TPL_9bd7df3268112829572843c4,TOK_7f1fd21b7fe4f800281c633a,LEGAL_LOCAL_TEMPLATE,UNORDERED_TRIAD,THREE_BODY_COLOR,3,1+2+9,1|2|9,0,negative,1,negative_credit,ACTIVE_LIFT,LOCAL_R2_LIFT,3096,3096,0,-1032.000000000000000000000000000000000000000000000000000000000000000000000000000000000000000000000000,-1032,96,4128.000000000000000000000000000000000000000000000000000000000000000000000000000000000000000000000000,4128,96,4156.666666666666666666666666666666666666666666666666666666666666666666666666666666666666666666666665,831333333333333333333333333333333333333333333333333333333333333333333333333333333333333333333333333/200000000000000000000000000000000000000000000000000000000000000000000000000000000000000000000000,96,519.5833333333333333333333333333333333333333333333333333333333333333333333333333333333333333333333331,5195833333333333333333333333333333333333333333333333333333333333333333333333333333333333333333333331/10000000000000000000000000000000000000000000000000000000000000000000000000000000000000000000000000,97,3637.083333333333333333333333333333333333333333333333333333333333333333333333333333333333333333333332,909270833333333333333333333333333333333333333333333333333333333333333333333333333333333333333333333/250000000000000000000000000000000000000000000000000000000000000000000000000000000000000000000000,96,5733333333333333333333333333333333333333333333333333333333333333333333333333333333333333333333333/200000000000000000000000000000000000000000000000000000000000000000000000000000000000000000000000,12470/3,0,-1/600000000000000000000000000000000000000000000000000000000000000000000000000000000000000000000000,-1/40000000000000000000000000000000000000000000000000000000000000000000000000000000000000000000000000,1/8000000000000000000000000000000000000000000000000000000000000000000000000000000000000000000000000,-1/10000000000000000000000000000000000000000000000000000000000000000000000000000000000000000000000000,RAWNUM_a0aad98b2f019c536f4c1487,TYPEDRAW_0e7000e2ee735be4e4ec4019,DEP_64d1491efd7367c7879c4394,DEPCORE_833514efe3a0e6db145e1452,DEPRES_73426dcd17e93068c01a5020,SHAPE_3e41fe5fb0b8fb3c8ad830bc,831333333333333333333333333333333333333333333333333333333333333333333333333333333333333333333333333/200000000000000000000000000000000000000000000000000000000000000000000000000000000000000000000000,206400000000000000000000000000000000000000000000000000000000000000000000000000000000000000000000000/277111111111111111111111111111111111111111111111111111111111111111111111111111111111111111111111111|-68800000000000000000000000000000000000000000000000000000000000000000000000000000000000000000000000/277111111111111111111111111111111111111111111111111111111111111111111111111111111111111111111111111|1|0|-1/166266666666666666666666666666666666666666666666666666666666666666666666666666666666666666666666666600|1/33253333333333333333333333333333333333333333333333333333333333333333333333333333333333333333333333320,NONE,NONE
168,TPL_af7739241786b38fb6cec8f9,TOK_7ffeb4ab344105d1d49b1611,REJECTED,UNORDERED_TRIAD,THREE_BODY_COLOR,3,3+3+9,3|3|9,0,neutral,0,positive_debit,ZERO_SUPPORT,ZERO_SUPPORT_NONLOCAL_OR_REJECTED,3564,3564,0,4455.00,4455,2,-891.00,-891,2,0,0,0,0,0,0,0,0,0,891,0,0,0,0,0,0,RAWNUM_9b3cdf260725ea3d732d1342,TYPEDRAW_4ba728bb1e7a73b1bb3023a9,DEP_9bb30b3289042b3f0840e203,DEPCORE_9ea44af746c05f96cd57765f,DEPRES_73ca7a9ed16e954dab204089,SHAPE_aca101b390433fda81ae9569,4455,4/5|1|0|0|0|0,NONE,NONE
169,TPL_756f5f9ad0764c6e7a4e2e07,TOK_8173c519e4c194091398088b,LEGAL_LOCAL_TEMPLATE,UNARY_CONJUGATE,ONE_BODY_CONJUGATE,1,6,6,2,negative,6,negative_credit,ACTIVE_LIFT,LOCAL_R2_LIFT,1080.00,1080,2,-3.750,-15/4,3,1083.750,4335/4,3,1128.906250000000000000000000000000000000000000000000000000000000000000000000000000000000000000000000,36125/32,96,141.113281250000000000000000000000000000000000000000000000000000000000000000000000000000000000000000,36125/256,96,987.792968750000000000000000000000000000000000000000000000000000000000000000000000000000000000000000,252875/256,96,1445/32,36125/32,0,0,0,0,0,RAWNUM_8f5363be3d733978dc310731,TYPEDRAW_f1b0bc484a8e79d60c251bd1,DEP_8e003f7de94fe4095a240e37,DEPCORE_0e3aecca6c8f7151f4ef60db,DEPRES_73ca7a9ed16e954dab204089,SHAPE_ce5f4db17f2b8aac151c3fdb,36125/32,6912/7225|-24/7225|1|0|0|0,NONE,NONE
170,TPL_087a4dd1c65e57c6e8048873,TOK_81ccf9948f0b5c711d1659ba,LEGAL_LOCAL_TEMPLATE,UNARY_CONJUGATE,ONE_BODY_CONJUGATE,1,2,2,2,positive,2,positive_debit,ACTIVE_LIFT,LOCAL_R2_LIFT,432.0,432,1,0.5000000000000000000000000000000000000000000000000000000000000000000000000000000000000000000000000001,5000000000000000000000000000000000000000000000000000000000000000000000000000000000000000000000000001/10000000000000000000000000000000000000000000000000000000000000000000000000000000000000000000000000000,100,431.5000000000000000000000000000000000000000000000000000000000000000000000000000000000000000000000000,863/2,97,437.4930555555555555555555555555555555555555555555555555555555555555555555555555555555555555555555556,1093732638888888888888888888888888888888888888888888888888888888888888888888888888888888888888888889/2500000000000000000000000000000000000000000000000000000000000000000000000000000000000000000000000,97,54.68663194444444444444444444444444444444444444444444444444444444444444444444444444444444444444444445,1093732638888888888888888888888888888888888888888888888888888888888888888888888888888888888888888889/20000000000000000000000000000000000000000000000000000000000000000000000000000000000000000000000000,98,382.8064236111111111111111111111111111111111111111111111111111111111111111111111111111111111111111111,3828064236111111111111111111111111111111111111111111111111111111111111111111111111111111111111111111/10000000000000000000000000000000000000000000000000000000000000000000000000000000000000000000000000,97,14982638888888888888888888888888888888888888888888888888888888888888888888888888888888888888888889/2500000000000000000000000000000000000000000000000000000000000000000000000000000000000000000000000,62999/144,1/10000000000000000000000000000000000000000000000000000000000000000000000000000000000000000000000000000,1/22500000000000000000000000000000000000000000000000000000000000000000000000000000000000000000000000,0,-1/20000000000000000000000000000000000000000000000000000000000000000000000000000000000000000000000000,1/20000000000000000000000000000000000000000000000000000000000000000000000000000000000000000000000000,RAWNUM_9dd800440be1a21f21251409,TYPEDRAW_7707c440e4d03ec8153cfd5f,DEP_1eeb84258bf412804ed6b79f,DEPCORE_71cd28af45353f4bacfdf7f1,DEPRES_20fee7807fb3472225638c8a,SHAPE_ad232743faf29af4d0a6ca50,1093732638888888888888888888888888888888888888888888888888888888888888888888888888888888888888888889/2500000000000000000000000000000000000000000000000000000000000000000000000000000000000000000000000,1080000000000000000000000000000000000000000000000000000000000000000000000000000000000000000000000000/1093732638888888888888888888888888888888888888888888888888888888888888888888888888888888888888888889|5000000000000000000000000000000000000000000000000000000000000000000000000000000000000000000000000001/4374930555555555555555555555555555555555555555555555555555555555555555555555555555555555555555555556000|1|1/4374930555555555555555555555555555555555555555555555555555555555555555555555555555555555555555555556000|0|-1/8749861111111111111111111111111111111111111111111111111111111111111111111111111111111111111111111112,NONE,NONE
171,TPL_9b78cf93f60430d541ff20d6,TOK_81d402ba90bd7b445656b005,LEGAL_LOCAL_TEMPLATE,ORDERED_PAIR,TWO_BODY_PAIR,2,3+9,3|9,3,negative,6,negative_credit,ACTIVE_LIFT,LOCAL_R2_LIFT,342,342,0,-0.1113281250000000000000000000000000000000000000000000000000000000000000000000000000000000000000000000,-57/512,100,342.1113281250000000000000000000000000000000000000000000000000000000000000000000000000000000000000000,175161/512,97,356.3659667968750000000000000000000000000000000000000000000000000000000000000000000000000000000000001,3563659667968750000000000000000000000000000000000000000000000000000000000000000000000000000000000001/10000000000000000000000000000000000000000000000000000000000000000000000000000000000000000000000000,97,44.54574584960937500000000000000000000000000000000000000000000000000000000000000000000000000000000001,4454574584960937500000000000000000000000000000000000000000000000000000000000000000000000000000000001/100000000000000000000000000000000000000000000000000000000000000000000000000000000000000000000000000,98,311.8202209472656250000000000000000000000000000000000000000000000000000000000000000000000000000000001,3118202209472656250000000000000000000000000000000000000000000000000000000000000000000000000000000001/10000000000000000000000000000000000000000000000000000000000000000000000000000000000000000000000000,97,142546386718750000000000000000000000000000000000000000000000000000000000000000000000000000000000001/10000000000000000000000000000000000000000000000000000000000000000000000000000000000000000000000000,1459675/4096,0,1/10000000000000000000000000000000000000000000000000000000000000000000000000000000000000000000000000,-1/400000000000000000000000000000000000000000000000000000000000000000000000000000000000000000000000000,1/80000000000000000000000000000000000000000000000000000000000000000000000000000000000000000000000000,-1/100000000000000000000000000000000000000000000000000000000000000000000000000000000000000000000000000,RAWNUM_e790bc056c1a5a639cce1b57,TYPEDRAW_3efdb6e60f577766e54c6460,DEP_33e5a8e5bbbf295256ec1a78,DEPCORE_28ecbe75ab912c7b7d646fd9,DEPRES_70f268ee08fa51020daa94cb,SHAPE_ea4dd4ef24bbabd93ff701e2,3563659667968750000000000000000000000000000000000000000000000000000000000000000000000000000000000001/10000000000000000000000000000000000000000000000000000000000000000000000000000000000000000000000000,3420000000000000000000000000000000000000000000000000000000000000000000000000000000000000000000000000/3563659667968750000000000000000000000000000000000000000000000000000000000000000000000000000000000001|-1113281250000000000000000000000000000000000000000000000000000000000000000000000000000000000000000/3563659667968750000000000000000000000000000000000000000000000000000000000000000000000000000000000001|1|0|-1/142546386718750000000000000000000000000000000000000000000000000000000000000000000000000000000000000040|1/28509277343750000000000000000000000000000000000000000000000000000000000000000000000000000000000000008,NONE,NONE
172,TPL_9ff896f785b8b23170e8378f,TOK_826a893c98b42ef77a79702e,LEGAL_LOCAL_TEMPLATE,UNARY_DIRECT,ONE_BODY_DIRECT,1,8,8,0,negative,8,zero_contact,ACTIVE_LIFT,LOCAL_R2_LIFT,12.0,12,1,0,0,0,12.0,12,1,12.66666666666666666666666666666666666666666666666666666666666666666666666666666666666666666666666667,1266666666666666666666666666666666666666666666666666666666666666666666666666666666666666666666666667/100000000000000000000000000000000000000000000000000000000000000000000000000000000000000000000000000,98,1.583333333333333333333333333333333333333333333333333333333333333333333333333333333333333333333333334,791666666666666666666666666666666666666666666666666666666666666666666666666666666666666666666666667/500000000000000000000000000000000000000000000000000000000000000000000000000000000000000000000000000,99,11.08333333333333333333333333333333333333333333333333333333333333333333333333333333333333333333333334,554166666666666666666666666666666666666666666666666666666666666666666666666666666666666666666666667/50000000000000000000000000000000000000000000000000000000000000000000000000000000000000000000000000,98,66666666666666666666666666666666666666666666666666666666666666666666666666666666666666666666666667/100000000000000000000000000000000000000000000000000000000000000000000000000000000000000000000000000,38/3,0,1/300000000000000000000000000000000000000000000000000000000000000000000000000000000000000000000000000,1/4000000000000000000000000000000000000000000000000000000000000000000000000000000000000000000000000000,3/800000000000000000000000000000000000000000000000000000000000000000000000000000000000000000000000000,-1/250000000000000000000000000000000000000000000000000000000000000000000000000000000000000000000000000,RAWNUM_14453c25e66982bb87adf18b,TYPEDRAW_8f19229a986dcc48c7d6e049,DEP_6fa39172ebb92c28240d5faa,DEPCORE_21903f7841485c2067389ef5,DEPRES_badc9b13035a39dd163bb3ea,SHAPE_4b2dc0a457591d3e747e991b,1266666666666666666666666666666666666666666666666666666666666666666666666666666666666666666666666667/100000000000000000000000000000000000000000000000000000000000000000000000000000000000000000000000000,1200000000000000000000000000000000000000000000000000000000000000000000000000000000000000000000000000/1266666666666666666666666666666666666666666666666666666666666666666666666666666666666666666666666667|0|1|0|1/50666666666666666666666666666666666666666666666666666666666666666666666666666666666666666666666666680|3/10133333333333333333333333333333333333333333333333333333333333333333333333333333333333333333333333336,NONE,NONE
173,TPL_d12d680497ce79dfc50e95f0,TOK_82c1d4091835296eda411d98,LEGAL_LOCAL_TEMPLATE,UNORDERED_TRIAD,THREE_BODY_COLOR,3,1+1+12,1|1|12,3,neutral,0,positive_debit,ZERO_FEE,LOCAL_R2_LIFT,5256,5256,0,3.231770833333333333333333333333333333333333333333333333333333333333333333333333333333333333333333334,1615885416666666666666666666666666666666666666666666666666666666666666666666666666666666666666666667/500000000000000000000000000000000000000000000000000000000000000000000000000000000000000000000000000,99,5252.768229166666666666666666666666666666666666666666666666666666666666666666666666666666666666666667,5252768229166666666666666666666666666666666666666666666666666666666666666666666666666666666666666667/1000000000000000000000000000000000000000000000000000000000000000000000000000000000000000000000000,96,5252.768229166666666666666666666666666666666666666666666666666666666666666666666666666666666666666667,5252768229166666666666666666666666666666666666666666666666666666666666666666666666666666666666666667/1000000000000000000000000000000000000000000000000000000000000000000000000000000000000000000000000,96,656.5960286458333333333333333333333333333333333333333333333333333333333333333333333333333333333333334,3282980143229166666666666666666666666666666666666666666666666666666666666666666666666666666666666667/5000000000000000000000000000000000000000000000000000000000000000000000000000000000000000000000000,97,4596.172200520833333333333333333333333333333333333333333333333333333333333333333333333333333333333334,2298086100260416666666666666666666666666666666666666666666666666666666666666666666666666666666666667/500000000000000000000000000000000000000000000000000000000000000000000000000000000000000000000000,96,0,5252768229166666666666666666666666666666666666666666666666666666666666666666666666666666666666666667/1000000000000000000000000000000000000000000000000000000000000000000000000000000000000000000000000,167/500000000000000000000000000000000000000000000000000000000000000000000000000000000000000000000000000,0,1/40000000000000000000000000000000000000000000000000000000000000000000000000000000000000000000000000,3/8000000000000000000000000000000000000000000000000000000000000000000000000000000000000000000000000,-1/2500000000000000000000000000000000000000000000000000000000000000000000000000000000000000000000000,RAWNUM_7949a31a1750b678a0a47a4b,TYPEDRAW_1ef74f504884a74a2f7f93a0,DEP_7e6cdbf4935cb05b1337e778,DEPCORE_8c6763b8e1fbc30864130f4b,DEPRES_a1fbcb47e316d135212d657d,SHAPE_629ebf74297e369fb0a52ca8,5256,1|1615885416666666666666666666666666666666666666666666666666666666666666666666666666666666666666666667/2628000000000000000000000000000000000000000000000000000000000000000000000000000000000000000000000000000|5252768229166666666666666666666666666666666666666666666666666666666666666666666666666666666666666667/5256000000000000000000000000000000000000000000000000000000000000000000000000000000000000000000000000|167/2628000000000000000000000000000000000000000000000000000000000000000000000000000000000000000000000000000|1/210240000000000000000000000000000000000000000000000000000000000000000000000000000000000000000000000000|1/14016000000000000000000000000000000000000000000000000000000000000000000000000000000000000000000000000,NONE,NONE
174,TPL_e8c02667ceb58f69fb177d37,TOK_8347327611472897ac3c7ac5,LEGAL_LOCAL_TEMPLATE,UNARY_DIRECT,ONE_BODY_DIRECT,1,9,9,1,positive,9,zero_contact,ACTIVE_LIFT,LOCAL_R2_LIFT,135.00,135,2,0,0,0,135.00,135,2,143.437500,2295/16,6,17.9296875,2295/128,7,125.5078125,16065/128,7,135/16,2295/16,0,0,0,0,0,RAWNUM_7f65cdf5d1af63a9b419b1f8,TYPEDRAW_3c3dce566528431c0072cbfb,DEP_b3ec4b21a44fa58df9a86dc0,DEPCORE_54db7b20294e2d8aec7cdbbc,DEPRES_73ca7a9ed16e954dab204089,SHAPE_47898cb03e461def1be69923,2295/16,16/17|0|1|0|0|0,NONE,NONE
175,TPL_6359976bf39cde5193b5d5cc,TOK_839392fc2bd5a087580736cf,LEGAL_LOCAL_TEMPLATE,UNORDERED_TRIAD,THREE_BODY_COLOR,3,4+6+9,4|6|9,3,negative,2,negative_credit,ACTIVE_LIFT,LOCAL_R2_LIFT,4788,4788,0,-0.6349826388888888888888888888888888888888888888888888888888888888888888888888888888888888888888888889,-6349826388888888888888888888888888888888888888888888888888888888888888888888888888888888888888888889/10000000000000000000000000000000000000000000000000000000000000000000000000000000000000000000000000000,100,4788.634982638888888888888888888888888888888888888888888888888888888888888888888888888888888888888889,4788634982638888888888888888888888888888888888888888888888888888888888888888888888888888888888888889/1000000000000000000000000000000000000000000000000000000000000000000000000000000000000000000000000,96,4855.143801842206790123456790123456790123456790123456790123456790123456790123456790123456790123456791,4855143801842206790123456790123456790123456790123456790123456790123456790123456790123456790123456791/1000000000000000000000000000000000000000000000000000000000000000000000000000000000000000000000000,96,606.8929752302758487654320987654320987654320987654320987654320987654320987654320987654320987654320989,6068929752302758487654320987654320987654320987654320987654320987654320987654320987654320987654320989/10000000000000000000000000000000000000000000000000000000000000000000000000000000000000000000000000,97,4248.250826611930941358024691358024691358024691358024691358024691358024691358024691358024691358024692,1062062706652982735339506172839506172839506172839506172839506172839506172839506172839506172839506173/250000000000000000000000000000000000000000000000000000000000000000000000000000000000000000000000,96,33254409601658950617283950617283950617283950617283950617283950617283950617283950617283950617283951/500000000000000000000000000000000000000000000000000000000000000000000000000000000000000000000000,349570353732638888888888888888888888888888888888888888888888888888888888888888888888888888888888888897/72000000000000000000000000000000000000000000000000000000000000000000000000000000000000000000000000,1111/10000000000000000000000000000000000000000000000000000000000000000000000000000000000000000000000000000,11/14400000000000000000000000000000000000000000000000000000000000000000000000000000000000000000000000,1/40000000000000000000000000000000000000000000000000000000000000000000000000000000000000000000000000,-1/8000000000000000000000000000000000000000000000000000000000000000000000000000000000000000000000000,1/10000000000000000000000000000000000000000000000000000000000000000000000000000000000000000000000000,RAWNUM_97a6013abfe437630e312d53,TYPEDRAW_c855e03d5c2aa7f620ef8b50,DEP_cd191f9a9798ddcd4adb10d1,DEPCORE_3c87c8595e8c740e213f3e3d,DEPRES_4cf70991ee03b0c82f506f3b,SHAPE_88115e89667181c355c0cbca,4855143801842206790123456790123456790123456790123456790123456790123456790123456790123456790123456791/1000000000000000000000000000000000000000000000000000000000000000000000000000000000000000000000000,1596000000000000000000000000000000000000000000000000000000000000000000000000000000000000000000000000/1618381267280735596707818930041152263374485596707818930041152263374485596707818930041152263374485597|-218959530651340996168582375478927203065134099616858237547892720306513409961685823754789272030651341/1674187517876623031077054065559812686249467858663260962111536824180502341421881651766709237973605790000|1|1111/48551438018422067901234567901234567901234567901234567901234567901234567901234567901234567901234567910000|1/194205752073688271604938271604938271604938271604938271604938271604938271604938271604938271604938271640|-1/38841150414737654320987654320987654320987654320987654320987654320987654320987654320987654320987654328,NONE,NONE
176,TPL_853c1ae1f44d2a49f820edf7,TOK_84d553707b5a02cba206ee42,LEGAL_LOCAL_TEMPLATE,ORDERED_PAIR,TWO_BODY_PAIR,2,3+4,3|4,3,negative,1,negative_credit,ACTIVE_LIFT,LOCAL_R2_LIFT,147,147,0,-0.02835648148148148148148148148148148148148148148148148148148148148148148148148148148148148148148148148,-708912037037037037037037037037037037037037037037037037037037037037037037037037037037037037037037037/25000000000000000000000000000000000000000000000000000000000000000000000000000000000000000000000000000,101,147.0283564814814814814814814814814814814814814814814814814814814814814814814814814814814814814814815,294056712962962962962962962962962962962962962962962962962962962962962962962962962962962962962962963/2000000000000000000000000000000000000000000000000000000000000000000000000000000000000000000000000,97,148.0493867348251028806584362139917695473251028806584362139917695473251028806584362139917695473251028,370123466837062757201646090534979423868312757201646090534979423868312757201646090534979423868312757/2500000000000000000000000000000000000000000000000000000000000000000000000000000000000000000000000,97,18.50617334185313786008230452674897119341563786008230452674897119341563786008230452674897119341563785,370123466837062757201646090534979423868312757201646090534979423868312757201646090534979423868312757/20000000000000000000000000000000000000000000000000000000000000000000000000000000000000000000000000,98,129.543213392971965020576131687242798353909465020576131687242798353909465020576131687242798353909465,25908642678594393004115226337448559670781893004115226337448559670781893004115226337448559670781893/200000000000000000000000000000000000000000000000000000000000000000000000000000000000000000000000,96,10210302533436213991769547325102880658436213991769547325102880658436213991769547325102880658436213/10000000000000000000000000000000000000000000000000000000000000000000000000000000000000000000000000,8527644675925925925925925925925925925925925925925925925925925925925925925925925925925925925925925927/57600000000000000000000000000000000000000000000000000000000000000000000000000000000000000000000000,463/25000000000000000000000000000000000000000000000000000000000000000000000000000000000000000000000000000,-143/1440000000000000000000000000000000000000000000000000000000000000000000000000000000000000000000000000,0,1/20000000000000000000000000000000000000000000000000000000000000000000000000000000000000000000000000,-1/20000000000000000000000000000000000000000000000000000000000000000000000000000000000000000000000000,RAWNUM_930fed7cb4057ebc0ae404ec,TYPEDRAW_7787c9a9e004289e15aaf404,DEP_2eb14e49c8d46fdb7e26e543,DEPCORE_1373b273e1478a8fa72d0105,DEPRES_9cde2a6c2257ec3312842257,SHAPE_7e5d7e64aeb94d58f9517bd6,370123466837062757201646090534979423868312757201646090534979423868312757201646090534979423868312757/2500000000000000000000000000000000000000000000000000000000000000000000000000000000000000000000000,7500000000000000000000000000000000000000000000000000000000000000000000000000000000000000000000000/7553540139531893004115226337448559670781893004115226337448559670781893004115226337448559670781893|-708912037037037037037037037037037037037037037037037037037037037037037037037037037037037037037037037/3701234668370627572016460905349794238683127572016460905349794238683127572016460905349794238683127570000|1|463/3701234668370627572016460905349794238683127572016460905349794238683127572016460905349794238683127570000|0|1/2960987734696502057613168724279835390946502057613168724279835390946502057613168724279835390946502056,NONE,NONE
177,TPL_626ce2bde1f11a5334a76f89,TOK_84f836f15e51a5be97383595,LEGAL_LOCAL_TEMPLATE,ORDERED_PAIR,TWO_BODY_PAIR,2,8+1,8|1,3,positive,7,positive_debit,ACTIVE_LIFT,LOCAL_R2_LIFT,117,117,0,0.05642361111111111111111111111111111111111111111111111111111111111111111111111111111111111111111111111,5642361111111111111111111111111111111111111111111111111111111111111111111111111111111111111111111111/100000000000000000000000000000000000000000000000000000000000000000000000000000000000000000000000000000,101,116.9435763888888888888888888888888888888888888888888888888888888888888888888888888888888888888888889,1169435763888888888888888888888888888888888888888888888888888888888888888888888888888888888888888889/10000000000000000000000000000000000000000000000000000000000000000000000000000000000000000000000000,97,122.6283335744598765432098765432098765432098765432098765432098765432098765432098765432098765432098765,245256667148919753086419753086419753086419753086419753086419753086419753086419753086419753086419753/2000000000000000000000000000000000000000000000000000000000000000000000000000000000000000000000000,97,15.32854169680748456790123456790123456790123456790123456790123456790123456790123456790123456790123456,23950846401261694637345679012345679012345679012345679012345679012345679012345679012345679012345679/1562500000000000000000000000000000000000000000000000000000000000000000000000000000000000000000000,98,107.2997918776523919753086419753086419753086419753086419753086419753086419753086419753086419753086419,1072997918776523919753086419753086419753086419753086419753086419753086419753086419753086419753086419/10000000000000000000000000000000000000000000000000000000000000000000000000000000000000000000000000,97,14211892963927469135802469135802469135802469135802469135802469135802469135802469135802469135802469/2500000000000000000000000000000000000000000000000000000000000000000000000000000000000000000000000,176584800347222222222222222222222222222222222222222222222222222222222222222222222222222222222222222239/1440000000000000000000000000000000000000000000000000000000000000000000000000000000000000000000000000,1111/100000000000000000000000000000000000000000000000000000000000000000000000000000000000000000000000000000,-79/1440000000000000000000000000000000000000000000000000000000000000000000000000000000000000000000000000,-1/400000000000000000000000000000000000000000000000000000000000000000000000000000000000000000000000000,-3/80000000000000000000000000000000000000000000000000000000000000000000000000000000000000000000000000,1/25000000000000000000000000000000000000000000000000000000000000000000000000000000000000000000000000,RAWNUM_f9585ff6bdea7b4a9bab86bf,TYPEDRAW_ec8555bffd4f7af7d74dbf2a,DEP_93f60f71b0ea79afd8a894d9,DEPCORE_bbab07ae4e3aed72660cd751,DEPRES_c01d9687f579b4c7e33d6818,SHAPE_89b303aa999025bfb9ef060c,245256667148919753086419753086419753086419753086419753086419753086419753086419753086419753086419753/2000000000000000000000000000000000000000000000000000000000000000000000000000000000000000000000000,26000000000000000000000000000000000000000000000000000000000000000000000000000000000000000000000000/27250740794324417009602194787379972565157750342935528120713305898491083676268861454046639231824417|1880787037037037037037037037037037037037037037037037037037037037037037037037037037037037037037037037/4087611119148662551440329218106995884773662551440329218106995884773662551440329218106995884773662550000|1|1111/12262833357445987654320987654320987654320987654320987654320987654320987654320987654320987654320987650000|-1/49051333429783950617283950617283950617283950617283950617283950617283950617283950617283950617283950600|-1/3270088895318930041152263374485596707818930041152263374485596707818930041152263374485596707818930040,NONE,NONE
178,TPL_7efc32f5ed8344843e426e4c,TOK_856d05c2a1bd8ff06e038fbc,LEGAL_LOCAL_TEMPLATE,UNORDERED_TRIAD,THREE_BODY_COLOR,3,1+4+12,1|4|12,3,negative,3,negative_credit,ACTIVE_LIFT,LOCAL_R2_LIFT,5796,5796,0,-1.048177083333333333333333333333333333333333333333333333333333333333333333333333333333333333333333333,-1048177083333333333333333333333333333333333333333333333333333333333333333333333333333333333333333333/1000000000000000000000000000000000000000000000000000000000000000000000000000000000000000000000000000,99,5797.048177083333333333333333333333333333333333333333333333333333333333333333333333333333333333333333,5797048177083333333333333333333333333333333333333333333333333333333333333333333333333333333333333333/1000000000000000000000000000000000000000000000000000000000000000000000000000000000000000000000000,96,5917.820014105902777777777777777777777777777777777777777777777777777777777777777777777777777777777776,369863750881618923611111111111111111111111111111111111111111111111111111111111111111111111111111111/62500000000000000000000000000000000000000000000000000000000000000000000000000000000000000000000,96,739.727501763237847222222222222222222222222222222222222222222222222222222222222222222222222222222222,369863750881618923611111111111111111111111111111111111111111111111111111111111111111111111111111111/500000000000000000000000000000000000000000000000000000000000000000000000000000000000000000000000,96,5178.092512342664930555555555555555555555555555555555555555555555555555555555555555555555555555555554,2589046256171332465277777777777777777777777777777777777777777777777777777777777777777777777777777777/500000000000000000000000000000000000000000000000000000000000000000000000000000000000000000000000,96,120771837022569444444444444444444444444444444444444444444444444444444444444444444444444444444444443/1000000000000000000000000000000000000000000000000000000000000000000000000000000000000000000000000,94685120225694444444444444444444444444444444444444444444444444444444444444444444444444444444444444439/16000000000000000000000000000000000000000000000000000000000000000000000000000000000000000000000000,-333/1000000000000000000000000000000000000000000000000000000000000000000000000000000000000000000000000000,-23/16000000000000000000000000000000000000000000000000000000000000000000000000000000000000000000000000,0,0,0,RAWNUM_24317b213aa96f78a1e0ddd9,TYPEDRAW_f65d12ec9a032ba19f5dc6fb,DEP_e82b7e2a02092a671c6ede8c,DEPCORE_a63502e2e58b0f52fc1662ff,DEPRES_fe71784a07aab3356943d50d,SHAPE_c29c5e7edbc835c4ffb70b22,369863750881618923611111111111111111111111111111111111111111111111111111111111111111111111111111111/62500000000000000000000000000000000000000000000000000000000000000000000000000000000000000000000,362250000000000000000000000000000000000000000000000000000000000000000000000000000000000000000000000/369863750881618923611111111111111111111111111111111111111111111111111111111111111111111111111111111|-1048177083333333333333333333333333333333333333333333333333333333333333333333333333333333333333333333/5917820014105902777777777777777777777777777777777777777777777777777777777777777777777777777777777776000|1|-333/5917820014105902777777777777777777777777777777777777777777777777777777777777777777777777777777777776000|0|0,NONE,NONE
179,TPL_73c61350b4bbb6de4afdaed4,TOK_87417cc60cc74e964d84e5c6,REJECTED,EXPLICIT_CONTROL,REJECTED_CONTROL,0,1,,0,neutral,0,none,ZERO_FEE,ZERO_SUPPORT_NONLOCAL_OR_REJECTED,0,0,0,0,0,0,0,0,0,0,0,0,0,0,0,0,0,0,0,0,0,0,0,0,0,RAWNUM_8462963cd509903a12729896,TYPEDRAW_45c00561a33040b8291efd18,DEP_e546bab458df71c743a9276f,DEPCORE_d16eb49fda677ceeef042ceb,DEPRES_73ca7a9ed16e954dab204089,SHAPE_579ee4bf136113892323a924,0,0|0|0|0|0|0,NONE,NONE
180,TPL_7efad8d7ba90ef2da20cd886,TOK_877d0d3a4bddda2f0c373bd2,LEGAL_LOCAL_TEMPLATE,UNARY_DIRECT,ONE_BODY_DIRECT,1,12,12,2,negative,12,zero_contact,ACTIVE_LIFT,LOCAL_R2_LIFT,2592.0,2592,1,0,0,0,2592.0,2592,1,2807.999999999999999999999999999999999999999999999999999999999999999999999999999999999999999999999999,2807999999999999999999999999999999999999999999999999999999999999999999999999999999999999999999999999/1000000000000000000000000000000000000000000000000000000000000000000000000000000000000000000000000,96,350.9999999999999999999999999999999999999999999999999999999999999999999999999999999999999999999999999,3509999999999999999999999999999999999999999999999999999999999999999999999999999999999999999999999999/10000000000000000000000000000000000000000000000000000000000000000000000000000000000000000000000000,97,2456.999999999999999999999999999999999999999999999999999999999999999999999999999999999999999999999999,2456999999999999999999999999999999999999999999999999999999999999999999999999999999999999999999999999/1000000000000000000000000000000000000000000000000000000000000000000000000000000000000000000000000,96,215999999999999999999999999999999999999999999999999999999999999999999999999999999999999999999999999/1000000000000000000000000000000000000000000000000000000000000000000000000000000000000000000000000,2808,0,-1/1000000000000000000000000000000000000000000000000000000000000000000000000000000000000000000000000,1/40000000000000000000000000000000000000000000000000000000000000000000000000000000000000000000000000,-1/8000000000000000000000000000000000000000000000000000000000000000000000000000000000000000000000000,1/10000000000000000000000000000000000000000000000000000000000000000000000000000000000000000000000000,RAWNUM_9fcbe3818fdaeec2dda50931,TYPEDRAW_0cc1926161bf23a6b69d7c7b,DEP_c6903290e960603061887f3f,DEPCORE_214a2827ec1983548302f8e1,DEPRES_dd8dcaaf2294a3eee6632733,SHAPE_ca9e2547aa39090b1d8d357c,2807999999999999999999999999999999999999999999999999999999999999999999999999999999999999999999999999/1000000000000000000000000000000000000000000000000000000000000000000000000000000000000000000000000,2592000000000000000000000000000000000000000000000000000000000000000000000000000000000000000000000000/2807999999999999999999999999999999999999999999999999999999999999999999999999999999999999999999999999|0|1|0|1/112319999999999999999999999999999999999999999999999999999999999999999999999999999999999999999999999960|-1/22463999999999999999999999999999999999999999999999999999999999999999999999999999999999999999999999992,NONE,NONE
181,TPL_46aaafa417e978f2dca81d16,TOK_878037e87b5bf80764aaf08b,LEGAL_LOCAL_TEMPLATE,ORDERED_PAIR,TWO_BODY_PAIR,2,8+8,8|8,1,neutral,0,positive_debit,ZERO_FEE,LOCAL_R2_LIFT,768,768,0,80.00,80,2,688.00,688,2,688.00,688,2,86.00,86,2,602.00,602,2,0,688,0,0,0,0,0,RAWNUM_912170922d0aadc77675d969,TYPEDRAW_b600382dd4c61066d2dfaca1,DEP_df81c515f7132648312e4830,DEPCORE_8811dfbad57ab621037b6c5c,DEPRES_73ca7a9ed16e954dab204089,SHAPE_8dce00b3b054a735194ec80d,768,1|5/48|43/48|0|0|0,NONE,NONE
182,TPL_53b6795aeefc5f27c517c44f,TOK_878ede83bfb1f4ed61161ed6,LEGAL_LOCAL_TEMPLATE,ORDERED_PAIR,TWO_BODY_PAIR,2,3+12,3|12,3,negative,9,negative_credit,ACTIVE_LIFT,LOCAL_R2_LIFT,459,459,0,-0.2158203125,-221/1024,10,459.2158203125,470237/1024,10,487.91680908203125,7994029/16384,14,60.98960113525390625,7994029/131072,17,426.92720794677734375,55958203/131072,17,470237/16384,7994029/16384,0,0,0,0,0,RAWNUM_4a194ad3b900c602c6a77136,TYPEDRAW_c9b7801e083f93c064be88c7,DEP_6a495521ad6c899c1bd56a22,DEPCORE_203fd36d944aa6757a1e5a08,DEPRES_73ca7a9ed16e954dab204089,SHAPE_acd597a1d59f95bbb7042fef,7994029/16384,442368/470237|-208/470237|1|0|0|0,NONE,NONE
183,TPL_793a3d125344645286158aa4,TOK_88372b89d4f0fea66520d968,LEGAL_LOCAL_TEMPLATE,UNARY_CONJUGATE,ONE_BODY_CONJUGATE,1,1,1,0,negative,1,negative_credit,ACTIVE_LIFT,LOCAL_R2_LIFT,1.25,5/4,2,-0.1041666666666666666666666666666666666666666666666666666666666666666666666666666666666666666666666667,-1041666666666666666666666666666666666666666666666666666666666666666666666666666666666666666666666667/10000000000000000000000000000000000000000000000000000000000000000000000000000000000000000000000000000,100,1.354166666666666666666666666666666666666666666666666666666666666666666666666666666666666666666666667,1354166666666666666666666666666666666666666666666666666666666666666666666666666666666666666666666667/1000000000000000000000000000000000000000000000000000000000000000000000000000000000000000000000000000,99,1.363570601851851851851851851851851851851851851851851851851851851851851851851851851851851851851851852,340892650462962962962962962962962962962962962962962962962962962962962962962962962962962962962962963/250000000000000000000000000000000000000000000000000000000000000000000000000000000000000000000000000,99,0.1704463252314814814814814814814814814814814814814814814814814814814814814814814814814814814814814815,340892650462962962962962962962962962962962962962962962962962962962962962962962962962962962962962963/2000000000000000000000000000000000000000000000000000000000000000000000000000000000000000000000000000,100,1.193124276620370370370370370370370370370370370370370370370370370370370370370370370370370370370370370,119312427662037037037037037037037037037037037037037037037037037037037037037037037037037037037037037/100000000000000000000000000000000000000000000000000000000000000000000000000000000000000000000000000,99,1880787037037037037037037037037037037037037037037037037037037037037037037037037037037037037037037/200000000000000000000000000000000000000000000000000000000000000000000000000000000000000000000000000,4363425925925925925925925925925925925925925925925925925925925925925925925925925925925925925925925927/3200000000000000000000000000000000000000000000000000000000000000000000000000000000000000000000000000,3/10000000000000000000000000000000000000000000000000000000000000000000000000000000000000000000000000000,-3/16000000000000000000000000000000000000000000000000000000000000000000000000000000000000000000000000000,0,-1/2000000000000000000000000000000000000000000000000000000000000000000000000000000000000000000000000000,1/2000000000000000000000000000000000000000000000000000000000000000000000000000000000000000000000000000,RAWNUM_ec78129a40999bdb364c6176,TYPEDRAW_397b810ed59b0ecb1f4a88a7,DEP_5adeb9ded000d3b87d68ccab,DEPCORE_b6888088517c34cff721d4c2,DEPRES_0d54f57c5d169fb3e4b12257,SHAPE_6af8a5758d71382984854fed,340892650462962962962962962962962962962962962962962962962962962962962962962962962962962962962962963/250000000000000000000000000000000000000000000000000000000000000000000000000000000000000000000000000,312500000000000000000000000000000000000000000000000000000000000000000000000000000000000000000000000/340892650462962962962962962962962962962962962962962962962962962962962962962962962962962962962962963|-1041666666666666666666666666666666666666666666666666666666666666666666666666666666666666666666666667/13635706018518518518518518518518518518518518518518518518518518518518518518518518518518518518518518520|1|1/4545235339506172839506172839506172839506172839506172839506172839506172839506172839506172839506172840|0|-1/2727141203703703703703703703703703703703703703703703703703703703703703703703703703703703703703703704,NONE,NONE
184,TPL_c7ca9f899d5f5804cfad8ac2,TOK_8853f8cdd8a9b6cd1c52f18a,LEGAL_LOCAL_TEMPLATE,UNARY_DIRECT,ONE_BODY_DIRECT,1,3,3,2,positive,3,zero_contact,ACTIVE_LIFT,LOCAL_R2_LIFT,540.00,540,2,0,0,0,540.00,540,2,551.2499999999999999999999999999999999999999999999999999999999999999999999999999999999999999999999998,2756249999999999999999999999999999999999999999999999999999999999999999999999999999999999999999999999/5000000000000000000000000000000000000000000000000000000000000000000000000000000000000000000000000,97,68.90624999999999999999999999999999999999999999999999999999999999999999999999999999999999999999999998,3445312499999999999999999999999999999999999999999999999999999999999999999999999999999999999999999999/50000000000000000000000000000000000000000000000000000000000000000000000000000000000000000000000000,98,482.3437499999999999999999999999999999999999999999999999999999999999999999999999999999999999999999999,4823437499999999999999999999999999999999999999999999999999999999999999999999999999999999999999999999/10000000000000000000000000000000000000000000000000000000000000000000000000000000000000000000000000,97,56249999999999999999999999999999999999999999999999999999999999999999999999999999999999999999999999/5000000000000000000000000000000000000000000000000000000000000000000000000000000000000000000000000,2205/4,0,-1/5000000000000000000000000000000000000000000000000000000000000000000000000000000000000000000000000,1/200000000000000000000000000000000000000000000000000000000000000000000000000000000000000000000000000,3/40000000000000000000000000000000000000000000000000000000000000000000000000000000000000000000000000,-1/12500000000000000000000000000000000000000000000000000000000000000000000000000000000000000000000000,RAWNUM_9a896651e87424655716d831,TYPEDRAW_7c2373fad14521384026e3ac,DEP_05514e19c91fa33403f5082a,DEPCORE_251fc2809881dcd25283bd8e,DEPRES_538e4b0eb9d560390a404d7a,SHAPE_044594e041e7d1fa2db54cfe,2756249999999999999999999999999999999999999999999999999999999999999999999999999999999999999999999999/5000000000000000000000000000000000000000000000000000000000000000000000000000000000000000000000000,2700000000000000000000000000000000000000000000000000000000000000000000000000000000000000000000000000/2756249999999999999999999999999999999999999999999999999999999999999999999999999999999999999999999999|0|1|0|1/110249999999999999999999999999999999999999999999999999999999999999999999999999999999999999999999999960|3/22049999999999999999999999999999999999999999999999999999999999999999999999999999999999999999999999992,NONE,NONE
185,TPL_f3b8cc87c6bbe0c8579a2a81,TOK_8879940e853d35ed2545bdc7,LEGAL_LOCAL_TEMPLATE,UNORDERED_TRIAD,THREE_BODY_COLOR,3,1+9+12,1|9|12,3,negative,8,negative_credit,ACTIVE_LIFT,LOCAL_R2_LIFT,8136,8136,0,-3.433159722222222222222222222222222222222222222222222222222222222222222222222222222222222222222222222,-1716579861111111111111111111111111111111111111111111111111111111111111111111111111111111111111111111/500000000000000000000000000000000000000000000000000000000000000000000000000000000000000000000000000,99,8139.433159722222222222222222222222222222222222222222222222222222222222222222222222222222222222222222,4069716579861111111111111111111111111111111111111111111111111111111111111111111111111111111111111111/500000000000000000000000000000000000000000000000000000000000000000000000000000000000000000000000,96,8591.623890817901234567901234567901234567901234567901234567901234567901234567901234567901234567901238,4295811945408950617283950617283950617283950617283950617283950617283950617283950617283950617283950619/500000000000000000000000000000000000000000000000000000000000000000000000000000000000000000000000,96,1073.952986352237654320987654320987654320987654320987654320987654320987654320987654320987654320987655,214790597270447530864197530864197530864197530864197530864197530864197530864197530864197530864197531/200000000000000000000000000000000000000000000000000000000000000000000000000000000000000000000000,96,7517.670904465663580246913580246913580246913580246913580246913580246913580246913580246913580246913584,469854431529103973765432098765432098765432098765432098765432098765432098765432098765432098765432099/62500000000000000000000000000000000000000000000000000000000000000000000000000000000000000000000,96,56523841386959876543209876543209876543209876543209876543209876543209876543209876543209876543209877/125000000000000000000000000000000000000000000000000000000000000000000000000000000000000000000000,25774871672453703703703703703703703703703703703703703703703703703703703703703703703703703703703703703/3000000000000000000000000000000000000000000000000000000000000000000000000000000000000000000000000,-111/500000000000000000000000000000000000000000000000000000000000000000000000000000000000000000000000000,11/3000000000000000000000000000000000000000000000000000000000000000000000000000000000000000000000000,1/4000000000000000000000000000000000000000000000000000000000000000000000000000000000000000000000000,3/4000000000000000000000000000000000000000000000000000000000000000000000000000000000000000000000000,-1/1000000000000000000000000000000000000000000000000000000000000000000000000000000000000000000000000,RAWNUM_dd5bb5968172e288d2be6c5f,TYPEDRAW_9ac9921f9a57eb23c9088c47,DEP_4a665d22a40619b8d28dcee8,DEPCORE_ee314326c75e9fe39a183614,DEPRES_6d19adb059a93b4c6c03ab1a,SHAPE_9261cca8db31771c772f0902,4295811945408950617283950617283950617283950617283950617283950617283950617283950617283950617283950619/500000000000000000000000000000000000000000000000000000000000000000000000000000000000000000000000,452000000000000000000000000000000000000000000000000000000000000000000000000000000000000000000000000/477312438378772290809327846364883401920438957475994513031550068587105624142661179698216735253772291|-572193287037037037037037037037037037037037037037037037037037037037037037037037037037037037037037037/1431937315136316872427983539094650205761316872427983539094650205761316872427983539094650205761316873000|1|-37/1431937315136316872427983539094650205761316872427983539094650205761316872427983539094650205761316873000|1/34366495563271604938271604938271604938271604938271604938271604938271604938271604938271604938271604952|1/11455498521090534979423868312757201646090534979423868312757201646090534979423868312757201646090534984,NONE,NONE
186,TPL_0bf88aa305c0535c99d02c8d,TOK_88b5b323ece31d6498dff93c,LEGAL_LOCAL_TEMPLATE,UNORDERED_TRIAD,THREE_BODY_COLOR,3,3+12+12,3|12|12,0,negative,9,negative_credit,ACTIVE_LIFT,LOCAL_R2_LIFT,10692,10692,0,-10692.00,-10692,2,21384.00,21384,2,22720.500000,45441/2,6,2840.062500,45441/16,6,19880.437500,318087/16,6,2673/2,45441/2,0,0,0,0,0,RAWNUM_9425daccce5ea6bbf440bca5,TYPEDRAW_4ba9e653d011352e54dd8aac,DEP_b1bf06be90e6592181d67a1e,DEPCORE_cec4ef1e82fd9b45a2b76136,DEPRES_73ca7a9ed16e954dab204089,SHAPE_6cda9797d983453511c2c651,45441/2,8/17|-8/17|1|0|0|0,NONE,NONE
187,TPL_e5c2ae31485b36979239261a,TOK_8983aca5929d2f84048744df,LEGAL_LOCAL_TEMPLATE,UNORDERED_TRIAD,THREE_BODY_COLOR,3,2+3+12,2|3|12,3,negative,1,negative_credit,ACTIVE_LIFT,LOCAL_R2_LIFT,5652,5652,0,-0.4769965277777777777777777777777777777777777777777777777777777777777777777777777777777777777777777776,-298122829861111111111111111111111111111111111111111111111111111111111111111111111111111111111111111/625000000000000000000000000000000000000000000000000000000000000000000000000000000000000000000000000,100,5652.476996527777777777777777777777777777777777777777777777777777777777777777777777777777777777777778,2826238498263888888888888888888888888888888888888888888888888888888888888888888888888888888888888889/500000000000000000000000000000000000000000000000000000000000000000000000000000000000000000000000,96,5691.730309003665123456790123456790123456790123456790123456790123456790123456790123456790123456790121,5691730309003665123456790123456790123456790123456790123456790123456790123456790123456790123456790121/1000000000000000000000000000000000000000000000000000000000000000000000000000000000000000000000000,96,711.4662886254581404320987654320987654320987654320987654320987654320987654320987654320987654320987651,7114662886254581404320987654320987654320987654320987654320987654320987654320987654320987654320987651/10000000000000000000000000000000000000000000000000000000000000000000000000000000000000000000000000,97,4980.264020378206983024691358024691358024691358024691358024691358024691358024691358024691358024691356,1245066005094551745756172839506172839506172839506172839506172839506172839506172839506172839506172839/250000000000000000000000000000000000000000000000000000000000000000000000000000000000000000000000,96,39253312475887345679012345679012345679012345679012345679012345679012345679012345679012345679012343/1000000000000000000000000000000000000000000000000000000000000000000000000000000000000000000000000,81960916449652777777777777777777777777777777777777777777777777777777777777777777777777777777777777781/14400000000000000000000000000000000000000000000000000000000000000000000000000000000000000000000000,139/625000000000000000000000000000000000000000000000000000000000000000000000000000000000000000000000000,-193/72000000000000000000000000000000000000000000000000000000000000000000000000000000000000000000000000,-1/40000000000000000000000000000000000000000000000000000000000000000000000000000000000000000000000000,1/8000000000000000000000000000000000000000000000000000000000000000000000000000000000000000000000000,-1/10000000000000000000000000000000000000000000000000000000000000000000000000000000000000000000000000,RAWNUM_9a3d1523092b5295d2d43bbd,TYPEDRAW_c089fe4a0e0bfc54750bb760,DEP_e314caea329559b10d444bb1,DEPCORE_ea30d01a58b35b246dae8515,DEPRES_d1be8ef7fe58289d58c8b8a7,SHAPE_f5bf067f74cd9862f9cbad1a,5691730309003665123456790123456790123456790123456790123456790123456790123456790123456790123456790121/1000000000000000000000000000000000000000000000000000000000000000000000000000000000000000000000000,5652000000000000000000000000000000000000000000000000000000000000000000000000000000000000000000000000/5691730309003665123456790123456790123456790123456790123456790123456790123456790123456790123456790121|-298122829861111111111111111111111111111111111111111111111111111111111111111111111111111111111111111/3557331443127290702160493827160493827160493827160493827160493827160493827160493827160493827160493825625|1|139/3557331443127290702160493827160493827160493827160493827160493827160493827160493827160493827160493825625|-1/227669212360146604938271604938271604938271604938271604938271604938271604938271604938271604938271604840|1/45533842472029320987654320987654320987654320987654320987654320987654320987654320987654320987654320968,NONE,NONE
188,TPL_393b7fe680e4eaf70789ab04,TOK_8befa32bcd79c87cf9e337f6,LEGAL_LOCAL_TEMPLATE,UNORDERED_TRIAD,THREE_BODY_COLOR,3,2+2+3,2|2|3,3,neutral,0,positive_debit,ZERO_FEE,LOCAL_R2_LIFT,612,612,0,0.3763020833333333333333333333333333333333333333333333333333333333333333333333333333333333333333333334,1881510416666666666666666666666666666666666666666666666666666666666666666666666666666666666666666667/5000000000000000000000000000000000000000000000000000000000000000000000000000000000000000000000000000,100,611.6236979166666666666666666666666666666666666666666666666666666666666666666666666666666666666666667,6116236979166666666666666666666666666666666666666666666666666666666666666666666666666666666666666667/10000000000000000000000000000000000000000000000000000000000000000000000000000000000000000000000000,97,611.6236979166666666666666666666666666666666666666666666666666666666666666666666666666666666666666667,6116236979166666666666666666666666666666666666666666666666666666666666666666666666666666666666666667/10000000000000000000000000000000000000000000000000000000000000000000000000000000000000000000000000,97,76.45296223958333333333333333333333333333333333333333333333333333333333333333333333333333333333333334,3822648111979166666666666666666666666666666666666666666666666666666666666666666666666666666666666667/50000000000000000000000000000000000000000000000000000000000000000000000000000000000000000000000000,98,535.1707356770833333333333333333333333333333333333333333333333333333333333333333333333333333333333334,2675853678385416666666666666666666666666666666666666666666666666666666666666666666666666666666666667/5000000000000000000000000000000000000000000000000000000000000000000000000000000000000000000000000,97,0,6116236979166666666666666666666666666666666666666666666666666666666666666666666666666666666666666667/10000000000000000000000000000000000000000000000000000000000000000000000000000000000000000000000000,167/5000000000000000000000000000000000000000000000000000000000000000000000000000000000000000000000000000,0,1/400000000000000000000000000000000000000000000000000000000000000000000000000000000000000000000000000,3/80000000000000000000000000000000000000000000000000000000000000000000000000000000000000000000000000,-1/25000000000000000000000000000000000000000000000000000000000000000000000000000000000000000000000000,RAWNUM_f2a71aa3cc835d315aaa52b5,TYPEDRAW_ed195f1bdd324796e6883c85,DEP_273a68a165b4fd93448b1fa3,DEPCORE_de190df2db14cafb30739fd4,DEPRES_3540f755b205dc5d317d1934,SHAPE_54fee4b31d076acba63418a0,612,1|209056712962962962962962962962962962962962962962962962962962962962962962962962962962962962962962963/340000000000000000000000000000000000000000000000000000000000000000000000000000000000000000000000000000|6116236979166666666666666666666666666666666666666666666666666666666666666666666666666666666666666667/6120000000000000000000000000000000000000000000000000000000000000000000000000000000000000000000000000|167/3060000000000000000000000000000000000000000000000000000000000000000000000000000000000000000000000000000|1/244800000000000000000000000000000000000000000000000000000000000000000000000000000000000000000000000000|1/16320000000000000000000000000000000000000000000000000000000000000000000000000000000000000000000000000,NONE,NONE
189,TPL_934a5b943c0fce2ecc9be289,TOK_8c1792ca8550718d57973113,REJECTED,UNORDERED_TRIAD,THREE_BODY_COLOR,3,3+3+3,3|3|3,0,neutral,0,positive_debit,ZERO_SUPPORT,ZERO_SUPPORT_NONLOCAL_OR_REJECTED,972,972,0,1215.00,1215,2,-243.00,-243,2,0,0,0,0,0,0,0,0,0,243,0,0,0,0,0,0,RAWNUM_33f407a370a37e7fffd804a3,TYPEDRAW_e6bc34036aeaf24685e1c0b0,DEP_6c11d8655fa21db9640863c1,DEPCORE_2d2df43b93b6d2cfc08aa7c5,DEPRES_73ca7a9ed16e954dab204089,SHAPE_aca101b390433fda81ae9569,1215,4/5|1|0|0|0|0,NONE,NONE
190,TPL_6e3c89cf80d94cac31c80cee,TOK_8c47a880f5e045fd17fd4531,LEGAL_LOCAL_TEMPLATE,UNARY_CONJUGATE,ONE_BODY_CONJUGATE,1,1,1,2,negative,1,negative_credit,ACTIVE_LIFT,LOCAL_R2_LIFT,180.00,180,2,-0.1041666666666666666666666666666666666666666666666666666666666666666666666666666666666666666666666667,-1041666666666666666666666666666666666666666666666666666666666666666666666666666666666666666666666667/10000000000000000000000000000000000000000000000000000000000000000000000000000000000000000000000000000,100,180.1041666666666666666666666666666666666666666666666666666666666666666666666666666666666666666666667,1801041666666666666666666666666666666666666666666666666666666666666666666666666666666666666666666667/10000000000000000000000000000000000000000000000000000000000000000000000000000000000000000000000000,97,181.3548900462962962962962962962962962962962962962962962962962962962962962962962962962962962962962962,906774450231481481481481481481481481481481481481481481481481481481481481481481481481481481481481481/5000000000000000000000000000000000000000000000000000000000000000000000000000000000000000000000000,97,22.66936125578703703703703703703703703703703703703703703703703703703703703703703703703703703703703702,1133468062789351851851851851851851851851851851851851851851851851851851851851851851851851851851851851/50000000000000000000000000000000000000000000000000000000000000000000000000000000000000000000000000,98,158.6855287905092592592592592592592592592592592592592592592592592592592592592592592592592592592592591,1586855287905092592592592592592592592592592592592592592592592592592592592592592592592592592592592591/10000000000000000000000000000000000000000000000000000000000000000000000000000000000000000000000000,97,2501446759259259259259259259259259259259259259259259259259259259259259259259259259259259259259259/2000000000000000000000000000000000000000000000000000000000000000000000000000000000000000000000000,52230208333333333333333333333333333333333333333333333333333333333333333333333333333333333333333333343/288000000000000000000000000000000000000000000000000000000000000000000000000000000000000000000000000,333/10000000000000000000000000000000000000000000000000000000000000000000000000000000000000000000000000000,-187/1440000000000000000000000000000000000000000000000000000000000000000000000000000000000000000000000000,-1/200000000000000000000000000000000000000000000000000000000000000000000000000000000000000000000000000,-3/40000000000000000000000000000000000000000000000000000000000000000000000000000000000000000000000000,1/12500000000000000000000000000000000000000000000000000000000000000000000000000000000000000000000000,RAWNUM_6143971e0a6585bd41071083,TYPEDRAW_c181bc8786e8ca26413c39f3,DEP_851d91960172bb4be0b27edc,DEPCORE_070ff871661671bd09b632a9,DEPRES_5d6361bce784bf7774c6fba0,SHAPE_2954d70f8473fb2e0b1602e3,906774450231481481481481481481481481481481481481481481481481481481481481481481481481481481481481481/5000000000000000000000000000000000000000000000000000000000000000000000000000000000000000000000000,900000000000000000000000000000000000000000000000000000000000000000000000000000000000000000000000000/906774450231481481481481481481481481481481481481481481481481481481481481481481481481481481481481481|-1041666666666666666666666666666666666666666666666666666666666666666666666666666666666666666666666667/1813548900462962962962962962962962962962962962962962962962962962962962962962962962962962962962962962000|1|333/1813548900462962962962962962962962962962962962962962962962962962962962962962962962962962962962962962000|-1/36270978009259259259259259259259259259259259259259259259259259259259259259259259259259259259259259240|-3/7254195601851851851851851851851851851851851851851851851851851851851851851851851851851851851851851848,NONE,NONE
191,TPL_1cca7a67625e8bcd526d015a,TOK_8cb9da310a6c2eda7fda08fb,LEGAL_LOCAL_TEMPLATE,UNARY_DIRECT,ONE_BODY_DIRECT,1,2,2,2,positive,2,zero_contact,ACTIVE_LIFT,LOCAL_R2_LIFT,360.00,360,2,0,0,0,360.00,360,2,365.0000000000000000000000000000000000000000000000000000000000000000000000000000000000000000000000000,365,97,45.6250000000000000000000000000000000000000000000000000000000000000000000000000000000000000000000000,365/8,97,319.375000000000000000000000000000000000000000000000000000000000000000000000000000000000000000000000,2555/8,96,5,365,0,0,0,0,0,RAWNUM_2009c87ee957ab0b4886cadd,TYPEDRAW_b09b15277c200d3736de357f,DEP_44701ee71d56edb6bf8fcf76,DEPCORE_87349d9636cfe8be8cb9198c,DEPRES_73ca7a9ed16e954dab204089,SHAPE_7affee3d04578c527b3bb78a,365,72/73|0|1|0|0|0,NONE,NONE
192,TPL_cd90a3aedc5ccc85e2abc1ef,TOK_8ede39a00575628e3b3faca8,LEGAL_LOCAL_TEMPLATE,ORDERED_PAIR,TWO_BODY_PAIR,2,9+4,9|4,3,positive,5,positive_debit,ACTIVE_LIFT,LOCAL_R2_LIFT,447,447,0,0.1239510995370370370370370370370370370370370370370370370370370370370370370370370370370370370370370371,1239510995370370370370370370370370370370370370370370370370370370370370370370370370370370370370370371/10000000000000000000000000000000000000000000000000000000000000000000000000000000000000000000000000000,100,446.8760489004629629629629629629629629629629629629629629629629629629629629629629629629629629629629630,446876048900462962962962962962962962962962962962962962962962962962962962962962962962962962962962963/1000000000000000000000000000000000000000000000000000000000000000000000000000000000000000000000000,97,462.3925783761734825102880658436213991769547325102880658436213991769547325102880658436213991769547324,1155981445940433706275720164609053497942386831275720164609053497942386831275720164609053497942386831/2500000000000000000000000000000000000000000000000000000000000000000000000000000000000000000000000,97,57.79907229702168531378600823045267489711934156378600823045267489711934156378600823045267489711934155,1155981445940433706275720164609053497942386831275720164609053497942386831275720164609053497942386831/20000000000000000000000000000000000000000000000000000000000000000000000000000000000000000000000000,98,404.5935060791517971965020576131687242798353909465020576131687242798353909465020576131687242798353909,4045935060791517971965020576131687242798353909465020576131687242798353909465020576131687242798353909/10000000000000000000000000000000000000000000000000000000000000000000000000000000000000000000000000,97,77582647378552597736625514403292181069958847736625514403292181069958847736625514403292181069958847/5000000000000000000000000000000000000000000000000000000000000000000000000000000000000000000000000,66584531286168981481481481481481481481481481481481481481481481481481481481481481481481481481481481487/144000000000000000000000000000000000000000000000000000000000000000000000000000000000000000000000000,371/10000000000000000000000000000000000000000000000000000000000000000000000000000000000000000000000000000,-107/720000000000000000000000000000000000000000000000000000000000000000000000000000000000000000000000000,0,1/20000000000000000000000000000000000000000000000000000000000000000000000000000000000000000000000000,-1/20000000000000000000000000000000000000000000000000000000000000000000000000000000000000000000000000,RAWNUM_7f7fed63d52aed19c9ca4c43,TYPEDRAW_4ccebdc9b519d22083f19eb1,DEP_fb9917c664cfffa95953784f,DEPCORE_f23434f6e7ffd88345c30859,DEPRES_90491755257fc04ee26561e8,SHAPE_d018141465d4ef8f41319867,1155981445940433706275720164609053497942386831275720164609053497942386831275720164609053497942386831/2500000000000000000000000000000000000000000000000000000000000000000000000000000000000000000000000,1117500000000000000000000000000000000000000000000000000000000000000000000000000000000000000000000000/1155981445940433706275720164609053497942386831275720164609053497942386831275720164609053497942386831|1239510995370370370370370370370370370370370370370370370370370370370370370370370370370370370370370371/4623925783761734825102880658436213991769547325102880658436213991769547325102880658436213991769547324000|1|371/4623925783761734825102880658436213991769547325102880658436213991769547325102880658436213991769547324000|0|1/9247851567523469650205761316872427983539094650205761316872427983539094650205761316872427983539094648,NONE,NONE
193,TPL_b70e479cb73e76381a0e1b44,TOK_8f86a4c4446ca2595cf9f435,LEGAL_LOCAL_TEMPLATE,UNORDERED_TRIAD,THREE_BODY_COLOR,3,4+8+12,4|8|12,0,negative,4,negative_credit,ACTIVE_LIFT,LOCAL_R2_LIFT,8064,8064,0,-4704.000000000000000000000000000000000000000000000000000000000000000000000000000000000000000000000000,-4704,96,12768.00000000000000000000000000000000000000000000000000000000000000000000000000000000000000000000000,12768,95,13122.66666666666666666666666666666666666666666666666666666666666666666666666666666666666666666666667,1312266666666666666666666666666666666666666666666666666666666666666666666666666666666666666666666667/100000000000000000000000000000000000000000000000000000000000000000000000000000000000000000000000,95,1640.333333333333333333333333333333333333333333333333333333333333333333333333333333333333333333333334,820166666666666666666666666666666666666666666666666666666666666666666666666666666666666666666666667/500000000000000000000000000000000000000000000000000000000000000000000000000000000000000000000000,96,11482.33333333333333333333333333333333333333333333333333333333333333333333333333333333333333333333334,574116666666666666666666666666666666666666666666666666666666666666666666666666666666666666666666667/50000000000000000000000000000000000000000000000000000000000000000000000000000000000000000000000,95,35466666666666666666666666666666666666666666666666666666666666666666666666666666666666666666666667/100000000000000000000000000000000000000000000000000000000000000000000000000000000000000000000000,39368/3,0,1/300000000000000000000000000000000000000000000000000000000000000000000000000000000000000000000000,1/4000000000000000000000000000000000000000000000000000000000000000000000000000000000000000000000000,3/800000000000000000000000000000000000000000000000000000000000000000000000000000000000000000000000,-1/250000000000000000000000000000000000000000000000000000000000000000000000000000000000000000000000,RAWNUM_5f7a2995a4b7ae747c2c68c0,TYPEDRAW_3a64d649e3180cd1edbde98c,DEP_bcb1afdf74c12544cca2579a,DEPCORE_b351da384f080e1a7b34fede,DEPRES_da79f9c6e5a14c01cc2ee686,SHAPE_9dd4fa5a6c5f555130a38733,1312266666666666666666666666666666666666666666666666666666666666666666666666666666666666666666666667/100000000000000000000000000000000000000000000000000000000000000000000000000000000000000000000000,806400000000000000000000000000000000000000000000000000000000000000000000000000000000000000000000000/1312266666666666666666666666666666666666666666666666666666666666666666666666666666666666666666666667|-470400000000000000000000000000000000000000000000000000000000000000000000000000000000000000000000000/1312266666666666666666666666666666666666666666666666666666666666666666666666666666666666666666666667|1|0|1/52490666666666666666666666666666666666666666666666666666666666666666666666666666666666666666666666680|3/10498133333333333333333333333333333333333333333333333333333333333333333333333333333333333333333333336,NONE,NONE
194,TPL_f826b07c915d3ad36bce29a1,TOK_8fcb6f9a1629b07a18f3b896,LEGAL_LOCAL_TEMPLATE,UNARY_DIRECT,ONE_BODY_DIRECT,1,2,2,1,positive,2,zero_contact,ACTIVE_LIFT,LOCAL_R2_LIFT,30.00,30,2,0,0,0,30.00,30,2,30.41666666666666666666666666666666666666666666666666666666666666666666666666666666666666666666666667,3041666666666666666666666666666666666666666666666666666666666666666666666666666666666666666666666667/100000000000000000000000000000000000000000000000000000000000000000000000000000000000000000000000000,98,3.802083333333333333333333333333333333333333333333333333333333333333333333333333333333333333333333334,1901041666666666666666666666666666666666666666666666666666666666666666666666666666666666666666666667/500000000000000000000000000000000000000000000000000000000000000000000000000000000000000000000000000,99,26.61458333333333333333333333333333333333333333333333333333333333333333333333333333333333333333333334,1330729166666666666666666666666666666666666666666666666666666666666666666666666666666666666666666667/50000000000000000000000000000000000000000000000000000000000000000000000000000000000000000000000000,98,41666666666666666666666666666666666666666666666666666666666666666666666666666666666666666666666667/100000000000000000000000000000000000000000000000000000000000000000000000000000000000000000000000000,365/12,0,1/300000000000000000000000000000000000000000000000000000000000000000000000000000000000000000000000000,1/4000000000000000000000000000000000000000000000000000000000000000000000000000000000000000000000000000,3/800000000000000000000000000000000000000000000000000000000000000000000000000000000000000000000000000,-1/250000000000000000000000000000000000000000000000000000000000000000000000000000000000000000000000000,RAWNUM_0e8d8d098bd9ead8d2dfb04f,TYPEDRAW_d3facaa40e395224daaf34dd,DEP_738fde3d70a0329b4a272c69,DEPCORE_8b36d0b36c73d66df578dafd,DEPRES_badc9b13035a39dd163bb3ea,SHAPE_15667198f8ddd440a8101f53,3041666666666666666666666666666666666666666666666666666666666666666666666666666666666666666666666667/100000000000000000000000000000000000000000000000000000000000000000000000000000000000000000000000000,1000000000000000000000000000000000000000000000000000000000000000000000000000000000000000000000000000/1013888888888888888888888888888888888888888888888888888888888888888888888888888888888888888888888889|0|1|0|1/121666666666666666666666666666666666666666666666666666666666666666666666666666666666666666666666666680|1/8111111111111111111111111111111111111111111111111111111111111111111111111111111111111111111111111112,NONE,NONE
195,TPL_aaa6a8474baca0b03771f479,TOK_9099245a36574c820e2d25de,LEGAL_LOCAL_TEMPLATE,UNARY_DIRECT,ONE_BODY_DIRECT,1,4,4,0,neutral,0,zero_contact,ZERO_FEE,LOCAL_R2_LIFT,0.500,1/2,3,0,0,0,0.500,1/2,3,0.500,1/2,3,0.0625,1/16,4,0.4375,7/16,4,0,1/2,0,0,0,0,0,RAWNUM_1f5adbff4098bee7b94f8088,TYPEDRAW_beffd24f4414f1046fcc5d7c,DEP_0f036807d1681edcadfb3a67,DEPCORE_6063d0ff38b15209e46e1e8c,DEPRES_73ca7a9ed16e954dab204089,SHAPE_4a5a7e41bcde015a08457156,1/2,1|0|1|0|0|0,NONE,NONE
196,TPL_8a2dfdc30f5e63ff12a434ca,TOK_93300eeacfb1c2677f6bf00b,LEGAL_LOCAL_TEMPLATE,UNORDERED_TRIAD,THREE_BODY_COLOR,3,2+2+9,2|2|9,3,neutral,0,positive_debit,ZERO_FEE,LOCAL_R2_LIFT,3204,3204,0,1.970052083333333333333333333333333333333333333333333333333333333333333333333333333333333333333333334,985026041666666666666666666666666666666666666666666666666666666666666666666666666666666666666666667/500000000000000000000000000000000000000000000000000000000000000000000000000000000000000000000000000,99,3202.029947916666666666666666666666666666666666666666666666666666666666666666666666666666666666666667,3202029947916666666666666666666666666666666666666666666666666666666666666666666666666666666666666667/1000000000000000000000000000000000000000000000000000000000000000000000000000000000000000000000000,96,3202.029947916666666666666666666666666666666666666666666666666666666666666666666666666666666666666667,3202029947916666666666666666666666666666666666666666666666666666666666666666666666666666666666666667/1000000000000000000000000000000000000000000000000000000000000000000000000000000000000000000000000,96,400.2537434895833333333333333333333333333333333333333333333333333333333333333333333333333333333333334,2001268717447916666666666666666666666666666666666666666666666666666666666666666666666666666666666667/5000000000000000000000000000000000000000000000000000000000000000000000000000000000000000000000000,97,2801.776204427083333333333333333333333333333333333333333333333333333333333333333333333333333333333334,1400888102213541666666666666666666666666666666666666666666666666666666666666666666666666666666666667/500000000000000000000000000000000000000000000000000000000000000000000000000000000000000000000000,96,0,3202029947916666666666666666666666666666666666666666666666666666666666666666666666666666666666666667/1000000000000000000000000000000000000000000000000000000000000000000000000000000000000000000000000,167/500000000000000000000000000000000000000000000000000000000000000000000000000000000000000000000000000,0,1/40000000000000000000000000000000000000000000000000000000000000000000000000000000000000000000000000,3/8000000000000000000000000000000000000000000000000000000000000000000000000000000000000000000000000,-1/2500000000000000000000000000000000000000000000000000000000000000000000000000000000000000000000000,RAWNUM_0be1ce17eab9806a8dcb06fb,TYPEDRAW_4d22874d45b937fbfbe8d80a,DEP_40b2491428451e762c23782e,DEPCORE_579858d8846834171853ae41,DEPRES_a1fbcb47e316d135212d657d,SHAPE_6c2c814dc2686ce19431c0a9,3204,1|109447337962962962962962962962962962962962962962962962962962962962962962962962962962962962962962963/178000000000000000000000000000000000000000000000000000000000000000000000000000000000000000000000000000|3202029947916666666666666666666666666666666666666666666666666666666666666666666666666666666666666667/3204000000000000000000000000000000000000000000000000000000000000000000000000000000000000000000000000|167/1602000000000000000000000000000000000000000000000000000000000000000000000000000000000000000000000000000|1/128160000000000000000000000000000000000000000000000000000000000000000000000000000000000000000000000000|1/8544000000000000000000000000000000000000000000000000000000000000000000000000000000000000000000000000,NONE,NONE
197,TPL_4ff07fa09136f88135539aa1,TOK_96d1ff05f24e55c6ed6d0bc8,LEGAL_LOCAL_TEMPLATE,ORDERED_PAIR,TWO_BODY_PAIR,2,8+6,8|6,3,positive,2,positive_debit,ACTIVE_LIFT,LOCAL_R2_LIFT,582,582,0,0.1403356481481481481481481481481481481481481481481481481481481481481481481481481481481481481481481482,701678240740740740740740740740740740740740740740740740740740740740740740740740740740740740740740741/5000000000000000000000000000000000000000000000000000000000000000000000000000000000000000000000000000,100,581.8596643518518518518518518518518518518518518518518518518518518518518518518518518518518518518518519,5818596643518518518518518518518518518518518518518518518518518518518518518518518518518518518518518519/10000000000000000000000000000000000000000000000000000000000000000000000000000000000000000000000000,97,589.9410485789609053497942386831275720164609053497942386831275720164609053497942386831275720164609055,1179882097157921810699588477366255144032921810699588477366255144032921810699588477366255144032921811/2000000000000000000000000000000000000000000000000000000000000000000000000000000000000000000000000,97,73.74263107237011316872427983539094650205761316872427983539094650205761316872427983539094650205761319,7374263107237011316872427983539094650205761316872427983539094650205761316872427983539094650205761319/100000000000000000000000000000000000000000000000000000000000000000000000000000000000000000000000000,98,516.1984175065907921810699588477366255144032921810699588477366255144032921810699588477366255144032922,2580992087532953960905349794238683127572016460905349794238683127572016460905349794238683127572016461/5000000000000000000000000000000000000000000000000000000000000000000000000000000000000000000000000,97,10101730283886316872427983539094650205761316872427983539094650205761316872427983539094650205761317/1250000000000000000000000000000000000000000000000000000000000000000000000000000000000000000000000,424757554976851851851851851851851851851851851851851851851851851851851851851851851851851851851851851887/720000000000000000000000000000000000000000000000000000000000000000000000000000000000000000000000000,241/5000000000000000000000000000000000000000000000000000000000000000000000000000000000000000000000000000,73/720000000000000000000000000000000000000000000000000000000000000000000000000000000000000000000000000,1/400000000000000000000000000000000000000000000000000000000000000000000000000000000000000000000000000,-9/80000000000000000000000000000000000000000000000000000000000000000000000000000000000000000000000000,11/100000000000000000000000000000000000000000000000000000000000000000000000000000000000000000000000000,RAWNUM_9a81f0c95c00ad889707442f,TYPEDRAW_3fc10a1c199c71671472457f,DEP_e2f8f8cd5bfa75774f733781,DEPCORE_fd37db0dc93eae2daae6e682,DEPRES_dd6cc29af4b1fd8ea9257da9,SHAPE_9061343f4804c0100d82f460,1179882097157921810699588477366255144032921810699588477366255144032921810699588477366255144032921811/2000000000000000000000000000000000000000000000000000000000000000000000000000000000000000000000000,388000000000000000000000000000000000000000000000000000000000000000000000000000000000000000000000000/393294032385973936899862825788751714677640603566529492455418381344307270233196159122085048010973937|233892746913580246913580246913580246913580246913580246913580246913580246913580246913580246913580247/983235080964934842249657064471879286694101508916323731138545953360768175582990397805212620027434842500|1|241/2949705242894804526748971193415637860082304526748971193415637860082304526748971193415637860082304527500|1/235976419431584362139917695473251028806584362139917695473251028806584362139917695473251028806584362200|-3/15731761295438957475994513031550068587105624142661179698216735253772290809327846364883401920438957480,NONE,NONE
198,TPL_057e07fb333ab8994f6875d2,TOK_97a4808a85b263d249e43b5d,LEGAL_LOCAL_TEMPLATE,ORDERED_PAIR,TWO_BODY_PAIR,2,12+9,12|9,3,positive,3,positive_debit,ACTIVE_LIFT,LOCAL_R2_LIFT,1305,1305,0,0.2360026041666666666666666666666666666666666666666666666666666666666666666666666666666666666666666667,2360026041666666666666666666666666666666666666666666666666666666666666666666666666666666666666666667/10000000000000000000000000000000000000000000000000000000000000000000000000000000000000000000000000000,100,1304.763997395833333333333333333333333333333333333333333333333333333333333333333333333333333333333333,1304763997395833333333333333333333333333333333333333333333333333333333333333333333333333333333333333/1000000000000000000000000000000000000000000000000000000000000000000000000000000000000000000000000,96,1331.946580674913194444444444444444444444444444444444444444444444444444444444444444444444444444444444,332986645168728298611111111111111111111111111111111111111111111111111111111111111111111111111111111/250000000000000000000000000000000000000000000000000000000000000000000000000000000000000000000000,96,166.4933225843641493055555555555555555555555555555555555555555555555555555555555555555555555555555555,332986645168728298611111111111111111111111111111111111111111111111111111111111111111111111111111111/2000000000000000000000000000000000000000000000000000000000000000000000000000000000000000000000000,97,1165.453258090549045138888888888888888888888888888888888888888888888888888888888888888888888888888888,145681657261318630642361111111111111111111111111111111111111111111111111111111111111111111111111111/125000000000000000000000000000000000000000000000000000000000000000000000000000000000000000000000,96,27182583279079861111111111111111111111111111111111111111111111111111111111111111111111111111111111/1000000000000000000000000000000000000000000000000000000000000000000000000000000000000000000000000,63933435872395833333333333333333333333333333333333333333333333333333333333333333333333333333333333317/48000000000000000000000000000000000000000000000000000000000000000000000000000000000000000000000000,-3333/10000000000000000000000000000000000000000000000000000000000000000000000000000000000000000000000000000,-1/9600000000000000000000000000000000000000000000000000000000000000000000000000000000000000000000000,0,-1/2000000000000000000000000000000000000000000000000000000000000000000000000000000000000000000000000,1/2000000000000000000000000000000000000000000000000000000000000000000000000000000000000000000000000,RAWNUM_7ae927b0f9a17db477f88211,TYPEDRAW_a6c71eb69d4098a6b7e0fa24,DEP_31a9fcc3d21000a038f4860f,DEPCORE_db73fdd4ec34edf16b2c5dcd,DEPRES_90fde67c4ed6b12d28064bc0,SHAPE_db947f1a49e61457a49fe7ac,332986645168728298611111111111111111111111111111111111111111111111111111111111111111111111111111111/250000000000000000000000000000000000000000000000000000000000000000000000000000000000000000000000,108750000000000000000000000000000000000000000000000000000000000000000000000000000000000000000000000/110995548389576099537037037037037037037037037037037037037037037037037037037037037037037037037037037|2360026041666666666666666666666666666666666666666666666666666666666666666666666666666666666666666667/13319465806749131944444444444444444444444444444444444444444444444444444444444444444444444444444444440000|1|-1111/4439821935583043981481481481481481481481481481481481481481481481481481481481481481481481481481481480000|0|-1/2663893161349826388888888888888888888888888888888888888888888888888888888888888888888888888888888888,NONE,NONE
199,TPL_683262242daf8d2a3d9b0200,TOK_98b8f620e4f22899a2fa884d,LEGAL_LOCAL_TEMPLATE,ORDERED_PAIR,TWO_BODY_PAIR,2,12+6,12|6,3,positive,6,positive_debit,ACTIVE_LIFT,LOCAL_R2_LIFT,882,882,0,0.2871093750000000000000000000000000000000000000000000000000000000000000000000000000000000000000000000,147/512,100,881.7128906250000000000000000000000000000000000000000000000000000000000000000000000000000000000000000,451437/512,97,918.4509277343750000000000000000000000000000000000000000000000000000000000000000000000000000000000003,9184509277343750000000000000000000000000000000000000000000000000000000000000000000000000000000000003/10000000000000000000000000000000000000000000000000000000000000000000000000000000000000000000000000,97,114.8063659667968750000000000000000000000000000000000000000000000000000000000000000000000000000000000,3761975/32768,97,803.6445617675781250000000000000000000000000000000000000000000000000000000000000000000000000000000002,4018222808837890625000000000000000000000000000000000000000000000000000000000000000000000000000000001/5000000000000000000000000000000000000000000000000000000000000000000000000000000000000000000000000,97,367380371093750000000000000000000000000000000000000000000000000000000000000000000000000000000000003/10000000000000000000000000000000000000000000000000000000000000000000000000000000000000000000000000,3761975/4096,0,3/10000000000000000000000000000000000000000000000000000000000000000000000000000000000000000000000000,-3/80000000000000000000000000000000000000000000000000000000000000000000000000000000000000000000000000,-1/16000000000000000000000000000000000000000000000000000000000000000000000000000000000000000000000000,1/10000000000000000000000000000000000000000000000000000000000000000000000000000000000000000000000000,RAWNUM_107b52889c928824a2126057,TYPEDRAW_848617c5fefaddb5dd31af24,DEP_268577189d3d1d8a8adf80d6,DEPCORE_59d650ccb3a7683561f41434,DEPRES_c5a143394189074ae8ec9639,SHAPE_e632700f919d491a0105460b,9184509277343750000000000000000000000000000000000000000000000000000000000000000000000000000000000003/10000000000000000000000000000000000000000000000000000000000000000000000000000000000000000000000000,8820000000000000000000000000000000000000000000000000000000000000000000000000000000000000000000000000/9184509277343750000000000000000000000000000000000000000000000000000000000000000000000000000000000003|2871093750000000000000000000000000000000000000000000000000000000000000000000000000000000000000000/9184509277343750000000000000000000000000000000000000000000000000000000000000000000000000000000000003|1|0|-3/73476074218750000000000000000000000000000000000000000000000000000000000000000000000000000000000000024|-5/73476074218750000000000000000000000000000000000000000000000000000000000000000000000000000000000000024,NONE,NONE
200,TPL_19ddadd3f598cc7a595ff437,TOK_990dc6e3e18fdeff22d870a0,LEGAL_LOCAL_TEMPLATE,UNARY_CONJUGATE,ONE_BODY_CONJUGATE,1,2,2,1,negative,2,negative_credit,ACTIVE_LIFT,LOCAL_R2_LIFT,30.00,30,2,-0.4166666666666666666666666666666666666666666666666666666666666666666666666666666666666666666666666668,-1041666666666666666666666666666666666666666666666666666666666666666666666666666666666666666666666667/2500000000000000000000000000000000000000000000000000000000000000000000000000000000000000000000000000,100,30.41666666666666666666666666666666666666666666666666666666666666666666666666666666666666666666666667,3041666666666666666666666666666666666666666666666666666666666666666666666666666666666666666666666667/100000000000000000000000000000000000000000000000000000000000000000000000000000000000000000000000000,98,30.83912037037037037037037037037037037037037037037037037037037037037037037037037037037037037037037038,1541956018518518518518518518518518518518518518518518518518518518518518518518518518518518518518518519/50000000000000000000000000000000000000000000000000000000000000000000000000000000000000000000000000,98,3.854890046296296296296296296296296296296296296296296296296296296296296296296296296296296296296296298,1927445023148148148148148148148148148148148148148148148148148148148148148148148148148148148148148149/500000000000000000000000000000000000000000000000000000000000000000000000000000000000000000000000000,99,26.98423032407407407407407407407407407407407407407407407407407407407407407407407407407407407407407409,2698423032407407407407407407407407407407407407407407407407407407407407407407407407407407407407407409/100000000000000000000000000000000000000000000000000000000000000000000000000000000000000000000000000,98,42245370370370370370370370370370370370370370370370370370370370370370370370370370370370370370370371/100000000000000000000000000000000000000000000000000000000000000000000000000000000000000000000000000,24671296296296296296296296296296296296296296296296296296296296296296296296296296296296296296296296299/800000000000000000000000000000000000000000000000000000000000000000000000000000000000000000000000000,1/312500000000000000000000000000000000000000000000000000000000000000000000000000000000000000000000000,1/160000000000000000000000000000000000000000000000000000000000000000000000000000000000000000000000000,1/2000000000000000000000000000000000000000000000000000000000000000000000000000000000000000000000000000,3/400000000000000000000000000000000000000000000000000000000000000000000000000000000000000000000000000,-1/125000000000000000000000000000000000000000000000000000000000000000000000000000000000000000000000000,RAWNUM_dc9413c91164681952e46f37,TYPEDRAW_b139f3d5473d9485a483bbce,DEP_13d0c8a3f4b82505cad3257b,DEPCORE_51b098489530f1206609c4a7,DEPRES_a36e95f570eea3b2ce5dec9f,SHAPE_4364ed95ebafd06a39c51818,1541956018518518518518518518518518518518518518518518518518518518518518518518518518518518518518518519/50000000000000000000000000000000000000000000000000000000000000000000000000000000000000000000000000,1500000000000000000000000000000000000000000000000000000000000000000000000000000000000000000000000000/1541956018518518518518518518518518518518518518518518518518518518518518518518518518518518518518518519|-1041666666666666666666666666666666666666666666666666666666666666666666666666666666666666666666666667/77097800925925925925925925925925925925925925925925925925925925925925925925925925925925925925925925950|1|4/38548900462962962962962962962962962962962962962962962962962962962962962962962962962962962962962962975|1/61678240740740740740740740740740740740740740740740740740740740740740740740740740740740740740740740760|3/12335648148148148148148148148148148148148148148148148148148148148148148148148148148148148148148148152,NONE,NONE
201,TPL_c09c1c97e570da64a0e3af2e,TOK_99eeffbc76cd722ebb521b55,LEGAL_LOCAL_TEMPLATE,UNARY_DIRECT,ONE_BODY_DIRECT,1,4,4,2,positive,4,zero_contact,ACTIVE_LIFT,LOCAL_R2_LIFT,720.00,720,2,0,0,0,720.00,720,2,740.0000000000000000000000000000000000000000000000000000000000000000000000000000000000000000000000002,3700000000000000000000000000000000000000000000000000000000000000000000000000000000000000000000000001/5000000000000000000000000000000000000000000000000000000000000000000000000000000000000000000000000,97,92.50000000000000000000000000000000000000000000000000000000000000000000000000000000000000000000000002,4625000000000000000000000000000000000000000000000000000000000000000000000000000000000000000000000001/50000000000000000000000000000000000000000000000000000000000000000000000000000000000000000000000000,98,647.5000000000000000000000000000000000000000000000000000000000000000000000000000000000000000000000001,6475000000000000000000000000000000000000000000000000000000000000000000000000000000000000000000000001/10000000000000000000000000000000000000000000000000000000000000000000000000000000000000000000000000,97,100000000000000000000000000000000000000000000000000000000000000000000000000000000000000000000000001/5000000000000000000000000000000000000000000000000000000000000000000000000000000000000000000000000,740,0,1/5000000000000000000000000000000000000000000000000000000000000000000000000000000000000000000000000,-1/200000000000000000000000000000000000000000000000000000000000000000000000000000000000000000000000000,-3/40000000000000000000000000000000000000000000000000000000000000000000000000000000000000000000000000,1/12500000000000000000000000000000000000000000000000000000000000000000000000000000000000000000000000,RAWNUM_869e2778e057a48b073c9637,TYPEDRAW_a5ec1912c56d2ab3695b6fd8,DEP_47d865bcd23bb3a7eb230ad8,DEPCORE_01e4e9ecb362396a69fb0d8f,DEPRES_11d34d950117dc7b8df52fd9,SHAPE_fc6db572e1c9f2c9ec695684,3700000000000000000000000000000000000000000000000000000000000000000000000000000000000000000000000001/5000000000000000000000000000000000000000000000000000000000000000000000000000000000000000000000000,3600000000000000000000000000000000000000000000000000000000000000000000000000000000000000000000000000/3700000000000000000000000000000000000000000000000000000000000000000000000000000000000000000000000001|0|1|0|-1/148000000000000000000000000000000000000000000000000000000000000000000000000000000000000000000000000040|-3/29600000000000000000000000000000000000000000000000000000000000000000000000000000000000000000000000008,NONE,NONE
202,TPL_7de9f0c77f37c7f48af4e11d,TOK_9e7bc96d2c91e38634bc07c1,LEGAL_LOCAL_TEMPLATE,ORDERED_PAIR,TWO_BODY_PAIR,2,12+2,12|2,3,positive,10,positive_debit,ACTIVE_LIFT,LOCAL_R2_LIFT,318,318,0,0.1648582175925925925925925925925925925925925925925925925925925925925925925925925925925925925925925926,824291087962962962962962962962962962962962962962962962962962962962962962962962962962962962962962963/5000000000000000000000000000000000000000000000000000000000000000000000000000000000000000000000000000,100,317.8351417824074074074074074074074074074074074074074074074074074074074074074074074074074074074074074,1589175708912037037037037037037037037037037037037037037037037037037037037037037037037037037037037037/5000000000000000000000000000000000000000000000000000000000000000000000000000000000000000000000000,97,339.9070266284079218106995884773662551440329218106995884773662551440329218106995884773662551440329217,3399070266284079218106995884773662551440329218106995884773662551440329218106995884773662551440329217/10000000000000000000000000000000000000000000000000000000000000000000000000000000000000000000000000,97,42.48837832855099022633744855967078189300411522633744855967078189300411522633744855967078189300411521,4248837832855099022633744855967078189300411522633744855967078189300411522633744855967078189300411521/100000000000000000000000000000000000000000000000000000000000000000000000000000000000000000000000000,98,297.4186482998569315843621399176954732510288065843621399176954732510288065843621399176954732510288065,594837296599713863168724279835390946502057613168724279835390946502057613168724279835390946502057613/2000000000000000000000000000000000000000000000000000000000000000000000000000000000000000000000000,97,220718848460005144032921810699588477366255144032921810699588477366255144032921810699588477366255143/10000000000000000000000000000000000000000000000000000000000000000000000000000000000000000000000000,122366529586226851851851851851851851851851851851851851851851851851851851851851851851851851851851851849/360000000000000000000000000000000000000000000000000000000000000000000000000000000000000000000000000,-37/5000000000000000000000000000000000000000000000000000000000000000000000000000000000000000000000000000,-37/360000000000000000000000000000000000000000000000000000000000000000000000000000000000000000000000000,-1/400000000000000000000000000000000000000000000000000000000000000000000000000000000000000000000000000,1/80000000000000000000000000000000000000000000000000000000000000000000000000000000000000000000000000,-1/100000000000000000000000000000000000000000000000000000000000000000000000000000000000000000000000000,RAWNUM_552934cdf5b086fe86655994,TYPEDRAW_b5f9b8b5cfbfe371c6f8cb7f,DEP_83dac228607f501dd2e7054b,DEPCORE_78cbf95192dd6ff72b59cb03,DEPRES_c2e984949a556c45302ce38f,SHAPE_d6dfac4db65a160914eb0d1d,3399070266284079218106995884773662551440329218106995884773662551440329218106995884773662551440329217/10000000000000000000000000000000000000000000000000000000000000000000000000000000000000000000000000,3180000000000000000000000000000000000000000000000000000000000000000000000000000000000000000000000000/3399070266284079218106995884773662551440329218106995884773662551440329218106995884773662551440329217|824291087962962962962962962962962962962962962962962962962962962962962962962962962962962962962962963/1699535133142039609053497942386831275720164609053497942386831275720164609053497942386831275720164608500|1|-37/1699535133142039609053497942386831275720164609053497942386831275720164609053497942386831275720164608500|-1/135962810651363168724279835390946502057613168724279835390946502057613168724279835390946502057613168680|1/27192562130272633744855967078189300411522633744855967078189300411522633744855967078189300411522633736,NONE,NONE
203,TPL_8878b57d7cf54c88773f559d,TOK_9ef3537e4344c5e27e71a64c,LEGAL_LOCAL_TEMPLATE,UNORDERED_TRIAD,THREE_BODY_COLOR,3,3+6+6,3|6|6,0,negative,3,negative_credit,ACTIVE_LIFT,LOCAL_R2_LIFT,2916,2916,0,-1458.00,-1458,2,4374.00,4374,2,4465.124999999999999999999999999999999999999999999999999999999999999999999999999999999999999999999999,4465124999999999999999999999999999999999999999999999999999999999999999999999999999999999999999999999/1000000000000000000000000000000000000000000000000000000000000000000000000000000000000000000000000,96,558.1406249999999999999999999999999999999999999999999999999999999999999999999999999999999999999999999,5581406249999999999999999999999999999999999999999999999999999999999999999999999999999999999999999999/10000000000000000000000000000000000000000000000000000000000000000000000000000000000000000000000000,97,3906.984374999999999999999999999999999999999999999999999999999999999999999999999999999999999999999999,3906984374999999999999999999999999999999999999999999999999999999999999999999999999999999999999999999/1000000000000000000000000000000000000000000000000000000000000000000000000000000000000000000000000,96,91124999999999999999999999999999999999999999999999999999999999999999999999999999999999999999999999/1000000000000000000000000000000000000000000000000000000000000000000000000000000000000000000000000,35721/8,0,-1/1000000000000000000000000000000000000000000000000000000000000000000000000000000000000000000000000,1/40000000000000000000000000000000000000000000000000000000000000000000000000000000000000000000000000,-1/8000000000000000000000000000000000000000000000000000000000000000000000000000000000000000000000000,1/10000000000000000000000000000000000000000000000000000000000000000000000000000000000000000000000000,RAWNUM_11eaa7f153080101e7a16805,TYPEDRAW_3ad863c5a67ffd778244846a,DEP_29114d336456edc57e1cc986,DEPCORE_8ad6e4d7a1313ead7c28e8ea,DEPRES_dd8dcaaf2294a3eee6632733,SHAPE_58d05440781e2a7b3279ba73,4465124999999999999999999999999999999999999999999999999999999999999999999999999999999999999999999999/1000000000000000000000000000000000000000000000000000000000000000000000000000000000000000000000000,2916000000000000000000000000000000000000000000000000000000000000000000000000000000000000000000000000/4465124999999999999999999999999999999999999999999999999999999999999999999999999999999999999999999999|-1458000000000000000000000000000000000000000000000000000000000000000000000000000000000000000000000000/4465124999999999999999999999999999999999999999999999999999999999999999999999999999999999999999999999|1|0|1/178604999999999999999999999999999999999999999999999999999999999999999999999999999999999999999999999960|-1/35720999999999999999999999999999999999999999999999999999999999999999999999999999999999999999999999992,NONE,NONE
204,TPL_854a8a118d6cd6762ab4cbd8,TOK_a03f72cd2be7c51fcd30b7e4,LEGAL_LOCAL_TEMPLATE,UNORDERED_TRIAD,THREE_BODY_COLOR,3,3+4+9,3|4|9,3,negative,1,negative_credit,ACTIVE_LIFT,LOCAL_R2_LIFT,3816,3816,0,-0.3220486111111111111111111111111111111111111111111111111111111111111111111111111111111111111111111110,-322048611111111111111111111111111111111111111111111111111111111111111111111111111111111111111111111/1000000000000000000000000000000000000000000000000000000000000000000000000000000000000000000000000000,100,3816.322048611111111111111111111111111111111111111111111111111111111111111111111111111111111111111111,3816322048611111111111111111111111111111111111111111111111111111111111111111111111111111111111111111/1000000000000000000000000000000000000000000000000000000000000000000000000000000000000000000000000,96,3842.824285059799382716049382716049382716049382716049382716049382716049382716049382716049382716049381,3842824285059799382716049382716049382716049382716049382716049382716049382716049382716049382716049381/1000000000000000000000000000000000000000000000000000000000000000000000000000000000000000000000000,96,480.3530356324749228395061728395061728395061728395061728395061728395061728395061728395061728395061726,2401765178162374614197530864197530864197530864197530864197530864197530864197530864197530864197530863/5000000000000000000000000000000000000000000000000000000000000000000000000000000000000000000000000,97,3362.471249427324459876543209876543209876543209876543209876543209876543209876543209876543209876543209,3362471249427324459876543209876543209876543209876543209876543209876543209876543209876543209876543209/1000000000000000000000000000000000000000000000000000000000000000000000000000000000000000000000000,96,2650223644868827160493827160493827160493827160493827160493827160493827160493827160493827160493827/100000000000000000000000000000000000000000000000000000000000000000000000000000000000000000000000,36891113136574074074074074074074074074074074074074074074074074074074074074074074074074074074074074073/9600000000000000000000000000000000000000000000000000000000000000000000000000000000000000000000000,-111/1000000000000000000000000000000000000000000000000000000000000000000000000000000000000000000000000000,-77/48000000000000000000000000000000000000000000000000000000000000000000000000000000000000000000000000,-1/40000000000000000000000000000000000000000000000000000000000000000000000000000000000000000000000000,1/1600000000000000000000000000000000000000000000000000000000000000000000000000000000000000000000000,-3/5000000000000000000000000000000000000000000000000000000000000000000000000000000000000000000000000,RAWNUM_33c8a999b3ae42d43b2ea651,TYPEDRAW_c239ed1cb024e316b7f8ed60,DEP_6ce082b3fb4d642cc0cf6073,DEPCORE_5bb1d5ff9796760856c63560,DEPRES_b7a1a139816c42bcc70c78a2,SHAPE_f98367ea30e210b6f91854b2,3842824285059799382716049382716049382716049382716049382716049382716049382716049382716049382716049381/1000000000000000000000000000000000000000000000000000000000000000000000000000000000000000000000000,3816000000000000000000000000000000000000000000000000000000000000000000000000000000000000000000000000/3842824285059799382716049382716049382716049382716049382716049382716049382716049382716049382716049381|-322048611111111111111111111111111111111111111111111111111111111111111111111111111111111111111111111/3842824285059799382716049382716049382716049382716049382716049382716049382716049382716049382716049381000|1|-111/3842824285059799382716049382716049382716049382716049382716049382716049382716049382716049382716049381000|-1/153712971402391975308641975308641975308641975308641975308641975308641975308641975308641975308641975240|5/30742594280478395061728395061728395061728395061728395061728395061728395061728395061728395061728395048,NONE,NONE
205,TPL_3d32edb33bacf4c806344558,TOK_a2363c1d6dbe4c3b0d70093d,LEGAL_LOCAL_TEMPLATE,UNARY_DIRECT,ONE_BODY_DIRECT,1,9,9,0,positive,9,zero_contact,ACTIVE_LIFT,LOCAL_R2_LIFT,11.25,45/4,2,0,0,0,11.25,45/4,2,11.953125,765/64,6,1.494140625,765/512,9,10.458984375,5355/512,9,45/64,765/64,0,0,0,0,0,RAWNUM_f4a24986483e9863f5511ef1,TYPEDRAW_3d1cab896c44f5fe7a701b59,DEP_74919594a5e5af8de7d73044,DEPCORE_3bf365cd1daadc8137ee05a1,DEPRES_73ca7a9ed16e954dab204089,SHAPE_47898cb03e461def1be69923,765/64,16/17|0|1|0|0|0,NONE,NONE
206,TPL_737670f59dfc0145d8e71188,TOK_a26c2168ea9f1e881c65c8f0,LEGAL_LOCAL_TEMPLATE,UNARY_CONJUGATE,ONE_BODY_CONJUGATE,1,4,4,1,negative,4,negative_credit,ACTIVE_LIFT,LOCAL_R2_LIFT,60.00,60,2,-1.666666666666666666666666666666666666666666666666666666666666666666666666666666666666666666666666666,-833333333333333333333333333333333333333333333333333333333333333333333333333333333333333333333333333/500000000000000000000000000000000000000000000000000000000000000000000000000000000000000000000000000,99,61.66666666666666666666666666666666666666666666666666666666666666666666666666666666666666666666666667,6166666666666666666666666666666666666666666666666666666666666666666666666666666666666666666666666667/100000000000000000000000000000000000000000000000000000000000000000000000000000000000000000000000000,98,63.37962962962962962962962962962962962962962962962962962962962962962962962962962962962962962962962965,1267592592592592592592592592592592592592592592592592592592592592592592592592592592592592592592592593/20000000000000000000000000000000000000000000000000000000000000000000000000000000000000000000000000,98,7.922453703703703703703703703703703703703703703703703703703703703703703703703703703703703703703703706,3961226851851851851851851851851851851851851851851851851851851851851851851851851851851851851851851853/500000000000000000000000000000000000000000000000000000000000000000000000000000000000000000000000000,99,55.45717592592592592592592592592592592592592592592592592592592592592592592592592592592592592592592595,1109143518518518518518518518518518518518518518518518518518518518518518518518518518518518518518518519/20000000000000000000000000000000000000000000000000000000000000000000000000000000000000000000000000,98,85648148148148148148148148148148148148148148148148148148148148148148148148148148148148148148148149/50000000000000000000000000000000000000000000000000000000000000000000000000000000000000000000000000,228166666666666666666666666666666666666666666666666666666666666666666666666666666666666666666666666679/3600000000000000000000000000000000000000000000000000000000000000000000000000000000000000000000000000,1/250000000000000000000000000000000000000000000000000000000000000000000000000000000000000000000000000,61/3600000000000000000000000000000000000000000000000000000000000000000000000000000000000000000000000000,-1/4000000000000000000000000000000000000000000000000000000000000000000000000000000000000000000000000000,1/160000000000000000000000000000000000000000000000000000000000000000000000000000000000000000000000000,-3/500000000000000000000000000000000000000000000000000000000000000000000000000000000000000000000000000,RAWNUM_2b579703393d38e96015c06c,TYPEDRAW_bf7087121f2fa76d1c31c54f,DEP_666bfc661359fcf56d06bb5d,DEPCORE_501a6693a4503d00bde3664c,DEPRES_6cb74d9b328364370ad0f57d,SHAPE_b25cad0f1a3f8cefa85b4de0,1267592592592592592592592592592592592592592592592592592592592592592592592592592592592592592592592593/20000000000000000000000000000000000000000000000000000000000000000000000000000000000000000000000000,1200000000000000000000000000000000000000000000000000000000000000000000000000000000000000000000000000/1267592592592592592592592592592592592592592592592592592592592592592592592592592592592592592592592593|-833333333333333333333333333333333333333333333333333333333333333333333333333333333333333333333333333/31689814814814814814814814814814814814814814814814814814814814814814814814814814814814814814814814825|1|2/31689814814814814814814814814814814814814814814814814814814814814814814814814814814814814814814814825|-1/253518518518518518518518518518518518518518518518518518518518518518518518518518518518518518518518518600|1/10140740740740740740740740740740740740740740740740740740740740740740740740740740740740740740740740744,NONE,NONE
207,TPL_2e4581c512dbb08c9467c6ea,TOK_a4c6eebaab11bb3f7e22324c,LEGAL_LOCAL_TEMPLATE,UNORDERED_TRIAD,THREE_BODY_COLOR,3,4+4+8,4|4|8,3,positive,2,positive_debit,ACTIVE_LIFT,LOCAL_R2_LIFT,3456,3456,0,0.4583333333333333333333333333333333333333333333333333333333333333333333333333333333333333333333333334,2291666666666666666666666666666666666666666666666666666666666666666666666666666666666666666666666667/5000000000000000000000000000000000000000000000000000000000000000000000000000000000000000000000000000,100,3455.541666666666666666666666666666666666666666666666666666666666666666666666666666666666666666666667,3455541666666666666666666666666666666666666666666666666666666666666666666666666666666666666666666667/1000000000000000000000000000000000000000000000000000000000000000000000000000000000000000000000000,96,3503.535300925925925925925925925925925925925925925925925925925925925925925925925925925925925925925927,3503535300925925925925925925925925925925925925925925925925925925925925925925925925925925925925925927/1000000000000000000000000000000000000000000000000000000000000000000000000000000000000000000000000,96,437.9419126157407407407407407407407407407407407407407407407407407407407407407407407407407407407407409,4379419126157407407407407407407407407407407407407407407407407407407407407407407407407407407407407409/10000000000000000000000000000000000000000000000000000000000000000000000000000000000000000000000000,97,3065.593388310185185185185185185185185185185185185185185185185185185185185185185185185185185185185186,1532796694155092592592592592592592592592592592592592592592592592592592592592592592592592592592592593/500000000000000000000000000000000000000000000000000000000000000000000000000000000000000000000000,96,2399681712962962962962962962962962962962962962962962962962962962962962962962962962962962962962963/50000000000000000000000000000000000000000000000000000000000000000000000000000000000000000000000,252254541666666666666666666666666666666666666666666666666666666666666666666666666666666666666666666691/72000000000000000000000000000000000000000000000000000000000000000000000000000000000000000000000000,1667/5000000000000000000000000000000000000000000000000000000000000000000000000000000000000000000000000000,53/72000000000000000000000000000000000000000000000000000000000000000000000000000000000000000000000000,1/40000000000000000000000000000000000000000000000000000000000000000000000000000000000000000000000000,-1/8000000000000000000000000000000000000000000000000000000000000000000000000000000000000000000000000,1/10000000000000000000000000000000000000000000000000000000000000000000000000000000000000000000000000,RAWNUM_201763be7710bf4cce205125,TYPEDRAW_53ba56af0049d24ed0088253,DEP_0b5d1be0a4af7e46cac472fc,DEPCORE_8015a30707add2d9d89c8104,DEPRES_a37e85114a5efd8d805efc78,SHAPE_67a58408af12b23a7fdfd7a8,3503535300925925925925925925925925925925925925925925925925925925925925925925925925925925925925925927/1000000000000000000000000000000000000000000000000000000000000000000000000000000000000000000000000,3456000000000000000000000000000000000000000000000000000000000000000000000000000000000000000000000000/3503535300925925925925925925925925925925925925925925925925925925925925925925925925925925925925925927|2291666666666666666666666666666666666666666666666666666666666666666666666666666666666666666666666667/17517676504629629629629629629629629629629629629629629629629629629629629629629629629629629629629629635000|1|1667/17517676504629629629629629629629629629629629629629629629629629629629629629629629629629629629629629635000|1/140141412037037037037037037037037037037037037037037037037037037037037037037037037037037037037037037080|-1/28028282407407407407407407407407407407407407407407407407407407407407407407407407407407407407407407416,NONE,NONE
208,TPL_b9a9b92cf700e03f776a7cfb,TOK_a5a2383cd62ebff9884850a2,LEGAL_LOCAL_TEMPLATE,UNORDERED_TRIAD,THREE_BODY_COLOR,3,1+2+8,1|2|8,3,positive,1,positive_debit,ACTIVE_LIFT,LOCAL_R2_LIFT,2484,2484,0,0.2096354166666666666666666666666666666666666666666666666666666666666666666666666666666666666666666666,1048177083333333333333333333333333333333333333333333333333333333333333333333333333333333333333333333/5000000000000000000000000000000000000000000000000000000000000000000000000000000000000000000000000000,100,2483.790364583333333333333333333333333333333333333333333333333333333333333333333333333333333333333333,2483790364583333333333333333333333333333333333333333333333333333333333333333333333333333333333333333/1000000000000000000000000000000000000000000000000000000000000000000000000000000000000000000000000,96,2501.038908781828703703703703703703703703703703703703703703703703703703703703703703703703703703703702,1250519454390914351851851851851851851851851851851851851851851851851851851851851851851851851851851851/500000000000000000000000000000000000000000000000000000000000000000000000000000000000000000000000,96,312.6298635977285879629629629629629629629629629629629629629629629629629629629629629629629629629629628,781574658994321469907407407407407407407407407407407407407407407407407407407407407407407407407407407/2500000000000000000000000000000000000000000000000000000000000000000000000000000000000000000000000,97,2188.409045184100115740740740740740740740740740740740740740740740740740740740740740740740740740740739,2188409045184100115740740740740740740740740740740740740740740740740740740740740740740740740740740739/1000000000000000000000000000000000000000000000000000000000000000000000000000000000000000000000000,96,17248544198495370370370370370370370370370370370370370370370370370370370370370370370370370370370369/1000000000000000000000000000000000000000000000000000000000000000000000000000000000000000000000000,72029920572916666666666666666666666666666666666666666666666666666666666666666666666666666666666666657/28800000000000000000000000000000000000000000000000000000000000000000000000000000000000000000000000,-1667/5000000000000000000000000000000000000000000000000000000000000000000000000000000000000000000000000000,-197/144000000000000000000000000000000000000000000000000000000000000000000000000000000000000000000000000,1/20000000000000000000000000000000000000000000000000000000000000000000000000000000000000000000000000,-1/4000000000000000000000000000000000000000000000000000000000000000000000000000000000000000000000000,1/5000000000000000000000000000000000000000000000000000000000000000000000000000000000000000000000000,RAWNUM_defc20b88ebab894b9da198e,TYPEDRAW_442a7c085c262d4e67832313,DEP_004dfc37dde908084b6408c4,DEPCORE_a86ddf28fc3d69f491675df1,DEPRES_12b6f309a3393a8143c41e59,SHAPE_23760042372397e97ff1a6f0,1250519454390914351851851851851851851851851851851851851851851851851851851851851851851851851851851851/500000000000000000000000000000000000000000000000000000000000000000000000000000000000000000000000,54000000000000000000000000000000000000000000000000000000000000000000000000000000000000000000000000/54370411060474537037037037037037037037037037037037037037037037037037037037037037037037037037037037|1048177083333333333333333333333333333333333333333333333333333333333333333333333333333333333333333333/12505194543909143518518518518518518518518518518518518518518518518518518518518518518518518518518518510000|1|-1667/12505194543909143518518518518518518518518518518518518518518518518518518518518518518518518518518518510000|1/50020778175636574074074074074074074074074074074074074074074074074074074074074074074074074074074074040|-1/10004155635127314814814814814814814814814814814814814814814814814814814814814814814814814814814814808,NONE,NONE
209,TPL_60c52694e1f1bfede56e11e7,TOK_a7faea3a70552fcca5761445,LEGAL_LOCAL_TEMPLATE,UNARY_DIRECT,ONE_BODY_DIRECT,1,8,8,1,negative,8,zero_contact,ACTIVE_LIFT,LOCAL_R2_LIFT,144.0,144,1,0,0,0,144.0,144,1,152.0000000000000000000000000000000000000000000000000000000000000000000000000000000000000000000000001,1520000000000000000000000000000000000000000000000000000000000000000000000000000000000000000000000001/10000000000000000000000000000000000000000000000000000000000000000000000000000000000000000000000000,97,19.00000000000000000000000000000000000000000000000000000000000000000000000000000000000000000000000001,1900000000000000000000000000000000000000000000000000000000000000000000000000000000000000000000000001/100000000000000000000000000000000000000000000000000000000000000000000000000000000000000000000000000,98,133.0000000000000000000000000000000000000000000000000000000000000000000000000000000000000000000000001,1330000000000000000000000000000000000000000000000000000000000000000000000000000000000000000000000001/10000000000000000000000000000000000000000000000000000000000000000000000000000000000000000000000000,97,80000000000000000000000000000000000000000000000000000000000000000000000000000000000000000000000001/10000000000000000000000000000000000000000000000000000000000000000000000000000000000000000000000000,152,0,1/10000000000000000000000000000000000000000000000000000000000000000000000000000000000000000000000000,-1/400000000000000000000000000000000000000000000000000000000000000000000000000000000000000000000000000,1/80000000000000000000000000000000000000000000000000000000000000000000000000000000000000000000000000,-1/100000000000000000000000000000000000000000000000000000000000000000000000000000000000000000000000000,RAWNUM_193c0bd0f9a7b7a472770008,TYPEDRAW_70f11d7b4227a50e87ef80a9,DEP_9a527e6234e61b7227675a9d,DEPCORE_3b81528c3753467a83c22283,DEPRES_70f268ee08fa51020daa94cb,SHAPE_5e61887549d0cc4f86984117,1520000000000000000000000000000000000000000000000000000000000000000000000000000000000000000000000001/10000000000000000000000000000000000000000000000000000000000000000000000000000000000000000000000000,160000000000000000000000000000000000000000000000000000000000000000000000000000000000000000000000000/168888888888888888888888888888888888888888888888888888888888888888888888888888888888888888888888889|0|1|0|-1/60800000000000000000000000000000000000000000000000000000000000000000000000000000000000000000000000040|1/12160000000000000000000000000000000000000000000000000000000000000000000000000000000000000000000000008,NONE,NONE
210,TPL_8d5bb6154baae7b31a354b9c,TOK_a9411862084d2a5905f531cc,LEGAL_LOCAL_TEMPLATE,UNORDERED_TRIAD,THREE_BODY_COLOR,3,3+4+8,3|4|8,0,positive,1,positive_debit,ACTIVE_LIFT,LOCAL_R2_LIFT,3204,3204,0,1068.000000000000000000000000000000000000000000000000000000000000000000000000000000000000000000000000,1068,96,2136.000000000000000000000000000000000000000000000000000000000000000000000000000000000000000000000000,2136,96,2150.833333333333333333333333333333333333333333333333333333333333333333333333333333333333333333333332,537708333333333333333333333333333333333333333333333333333333333333333333333333333333333333333333333/250000000000000000000000000000000000000000000000000000000000000000000000000000000000000000000000,96,268.8541666666666666666666666666666666666666666666666666666666666666666666666666666666666666666666665,537708333333333333333333333333333333333333333333333333333333333333333333333333333333333333333333333/2000000000000000000000000000000000000000000000000000000000000000000000000000000000000000000000000,97,1881.979166666666666666666666666666666666666666666666666666666666666666666666666666666666666666666665,376395833333333333333333333333333333333333333333333333333333333333333333333333333333333333333333333/200000000000000000000000000000000000000000000000000000000000000000000000000000000000000000000000,96,3708333333333333333333333333333333333333333333333333333333333333333333333333333333333333333333333/250000000000000000000000000000000000000000000000000000000000000000000000000000000000000000000000,12905/6,0,-1/750000000000000000000000000000000000000000000000000000000000000000000000000000000000000000000000,0,-1/2000000000000000000000000000000000000000000000000000000000000000000000000000000000000000000000000,1/2000000000000000000000000000000000000000000000000000000000000000000000000000000000000000000000000,RAWNUM_255e6c7ad815fbd87a6b77aa,TYPEDRAW_30898ae017851a0d7b1a27c0,DEP_2ef15114cf6a2e7f6e3f8756,DEPCORE_22e62b815d3a9e894ad73c80,DEPRES_abdd174710dbf3cba6ccb33d,SHAPE_92ba2c4b72976579a06895ef,3204,1|1/3|179236111111111111111111111111111111111111111111111111111111111111111111111111111111111111111111111/267000000000000000000000000000000000000000000000000000000000000000000000000000000000000000000000000|0|0|-1/6408000000000000000000000000000000000000000000000000000000000000000000000000000000000000000000000000,NONE,NONE
211,TPL_a4cf8cae4b845652423eeb4a,TOK_a9ba0373145f13d14e35c53a,LEGAL_LOCAL_TEMPLATE,UNORDERED_TRIAD,THREE_BODY_COLOR,3,6+8+9,6|8|9,3,negative,2,negative_credit,ACTIVE_LIFT,LOCAL_R2_LIFT,6516,6516,0,-0.8641493055555555555555555555555555555555555555555555555555555555555555555555555555555555555555555556,-2160373263888888888888888888888888888888888888888888888888888888888888888888888888888888888888888889/2500000000000000000000000000000000000000000000000000000000000000000000000000000000000000000000000000,100,6516.864149305555555555555555555555555555555555555555555555555555555555555555555555555555555555555556,1629216037326388888888888888888888888888888888888888888888888888888888888888888888888888888888888889/250000000000000000000000000000000000000000000000000000000000000000000000000000000000000000000000,96,6607.376151379243827160493827160493827160493827160493827160493827160493827160493827160493827160493828,1651844037844810956790123456790123456790123456790123456790123456790123456790123456790123456790123457/250000000000000000000000000000000000000000000000000000000000000000000000000000000000000000000000,96,825.9220189224054783950617283950617283950617283950617283950617283950617283950617283950617283950617285,1651844037844810956790123456790123456790123456790123456790123456790123456790123456790123456790123457/2000000000000000000000000000000000000000000000000000000000000000000000000000000000000000000000000,97,5781.45413245683834876543209876543209876543209876543209876543209876543209876543209876543209876543210,57814541324568383487654320987654320987654320987654320987654320987654320987654320987654320987654321/10000000000000000000000000000000000000000000000000000000000000000000000000000000000000000000000,95,2828500064802758487654320987654320987654320987654320987654320987654320987654320987654320987654321/31250000000000000000000000000000000000000000000000000000000000000000000000000000000000000000000,118932770724826388888888888888888888888888888888888888888888888888888888888888888888888888888888888897/18000000000000000000000000000000000000000000000000000000000000000000000000000000000000000000000000,1111/2500000000000000000000000000000000000000000000000000000000000000000000000000000000000000000000000000,7/18000000000000000000000000000000000000000000000000000000000000000000000000000000000000000000000000,0,1/2000000000000000000000000000000000000000000000000000000000000000000000000000000000000000000000000,-1/2000000000000000000000000000000000000000000000000000000000000000000000000000000000000000000000000,RAWNUM_9f6a08b6fcee8eb0b6ddd0a4,TYPEDRAW_0c49c0cb2005b7f2a2c63b16,DEP_5bc5fef561f01d3149ab366a,DEPCORE_35980fdaa7d28db894e651e6,DEPRES_e1272d0ddca173f293cb2fce,SHAPE_0af73cd29e8ee5d75dc1d346,1651844037844810956790123456790123456790123456790123456790123456790123456790123456790123456790123457/250000000000000000000000000000000000000000000000000000000000000000000000000000000000000000000000,1629000000000000000000000000000000000000000000000000000000000000000000000000000000000000000000000000/1651844037844810956790123456790123456790123456790123456790123456790123456790123456790123456790123457|-2160373263888888888888888888888888888888888888888888888888888888888888888888888888888888888888888889/16518440378448109567901234567901234567901234567901234567901234567901234567901234567901234567901234570000|1|1111/16518440378448109567901234567901234567901234567901234567901234567901234567901234567901234567901234570000|0|1/13214752302758487654320987654320987654320987654320987654320987654320987654320987654320987654320987656,NONE,NONE
212,TPL_7cd5e6d29fe599bfd79af649,TOK_ab40bb9c08bea87e1dd0b43d,LEGAL_LOCAL_TEMPLATE,UNORDERED_TRIAD,THREE_BODY_COLOR,3,1+6+12,1|6|12,3,negative,5,negative_credit,ACTIVE_LIFT,LOCAL_R2_LIFT,6516,6516,0,-1.806857638888888888888888888888888888888888888888888888888888888888888888888888888888888888888888889,-1806857638888888888888888888888888888888888888888888888888888888888888888888888888888888888888888889/1000000000000000000000000000000000000000000000000000000000000000000000000000000000000000000000000000,99,6517.806857638888888888888888888888888888888888888888888888888888888888888888888888888888888888888889,6517806857638888888888888888888888888888888888888888888888888888888888888888888888888888888888888889/1000000000000000000000000000000000000000000000000000000000000000000000000000000000000000000000000,96,6744.119595751350308641975308641975308641975308641975308641975308641975308641975308641975308641975307,6744119595751350308641975308641975308641975308641975308641975308641975308641975308641975308641975307/1000000000000000000000000000000000000000000000000000000000000000000000000000000000000000000000000,96,843.0149494689187885802469135802469135802469135802469135802469135802469135802469135802469135802469134,4215074747344593942901234567901234567901234567901234567901234567901234567901234567901234567901234567/5000000000000000000000000000000000000000000000000000000000000000000000000000000000000000000000000,97,5901.104646282431520061728395061728395061728395061728395061728395061728395061728395061728395061728394,2950552323141215760030864197530864197530864197530864197530864197530864197530864197530864197530864197/500000000000000000000000000000000000000000000000000000000000000000000000000000000000000000000000,96,113156369056230709876543209876543209876543209876543209876543209876543209876543209876543209876543209/500000000000000000000000000000000000000000000000000000000000000000000000000000000000000000000000,971153221788194444444444444444444444444444444444444444444444444444444444444444444444444444444444444461/144000000000000000000000000000000000000000000000000000000000000000000000000000000000000000000000000,111/1000000000000000000000000000000000000000000000000000000000000000000000000000000000000000000000000000,-253/144000000000000000000000000000000000000000000000000000000000000000000000000000000000000000000000000,1/40000000000000000000000000000000000000000000000000000000000000000000000000000000000000000000000000,3/8000000000000000000000000000000000000000000000000000000000000000000000000000000000000000000000000,-1/2500000000000000000000000000000000000000000000000000000000000000000000000000000000000000000000000,RAWNUM_860a8bfd617e1581165ef5ef,TYPEDRAW_e2f14862f03bbbe8c829c492,DEP_e7909d20a724b8c5a7698824,DEPCORE_3c841fe43a530ccfcc23bde7,DEPRES_3c29c81852a0d5b4a816e8fd,SHAPE_b226a6ac17b39dce6a9b5b53,6744119595751350308641975308641975308641975308641975308641975308641975308641975308641975308641975307/1000000000000000000000000000000000000000000000000000000000000000000000000000000000000000000000000,6516000000000000000000000000000000000000000000000000000000000000000000000000000000000000000000000000/6744119595751350308641975308641975308641975308641975308641975308641975308641975308641975308641975307|-1806857638888888888888888888888888888888888888888888888888888888888888888888888888888888888888888889/6744119595751350308641975308641975308641975308641975308641975308641975308641975308641975308641975307000|1|111/6744119595751350308641975308641975308641975308641975308641975308641975308641975308641975308641975307000|1/269764783830054012345679012345679012345679012345679012345679012345679012345679012345679012345679012280|3/53952956766010802469135802469135802469135802469135802469135802469135802469135802469135802469135802456,NONE,NONE
213,TPL_57802958e88549166e6f1715,TOK_ab87f40787cda9639ea3ea49,LEGAL_LOCAL_TEMPLATE,UNORDERED_TRIAD,THREE_BODY_COLOR,3,2+9+9,2|9|9,3,negative,7,negative_credit,ACTIVE_LIFT,LOCAL_R2_LIFT,5976,5976,0,-2.233506944444444444444444444444444444444444444444444444444444444444444444444444444444444444444444444,-558376736111111111111111111111111111111111111111111111111111111111111111111111111111111111111111111/250000000000000000000000000000000000000000000000000000000000000000000000000000000000000000000000000,99,5978.233506944444444444444444444444444444444444444444444444444444444444444444444444444444444444444444,1494558376736111111111111111111111111111111111111111111111111111111111111111111111111111111111111111/250000000000000000000000000000000000000000000000000000000000000000000000000000000000000000000000,96,6268.842080198688271604938271604938271604938271604938271604938271604938271604938271604938271604938270,626884208019868827160493827160493827160493827160493827160493827160493827160493827160493827160493827/100000000000000000000000000000000000000000000000000000000000000000000000000000000000000000000000,96,783.6052600248360339506172839506172839506172839506172839506172839506172839506172839506172839506172838,3918026300124180169753086419753086419753086419753086419753086419753086419753086419753086419753086419/5000000000000000000000000000000000000000000000000000000000000000000000000000000000000000000000000,97,5485.236820173852237654320987654320987654320987654320987654320987654320987654320987654320987654320986,2742618410086926118827160493827160493827160493827160493827160493827160493827160493827160493827160493/500000000000000000000000000000000000000000000000000000000000000000000000000000000000000000000000,96,145304286627121913580246913580246913580246913580246913580246913580246913580246913580246913580246913/500000000000000000000000000000000000000000000000000000000000000000000000000000000000000000000000,225678314887152777777777777777777777777777777777777777777777777777777777777777777777777777777777777761/36000000000000000000000000000000000000000000000000000000000000000000000000000000000000000000000000,-111/250000000000000000000000000000000000000000000000000000000000000000000000000000000000000000000000000,-41/36000000000000000000000000000000000000000000000000000000000000000000000000000000000000000000000000,1/20000000000000000000000000000000000000000000000000000000000000000000000000000000000000000000000000,-1/4000000000000000000000000000000000000000000000000000000000000000000000000000000000000000000000000,1/5000000000000000000000000000000000000000000000000000000000000000000000000000000000000000000000000,RAWNUM_3885c000bbbc38897884d43a,TYPEDRAW_df316b5dc31b0cf50397a682,DEP_6ccf9f3c5a09b92962eb918c,DEPCORE_576625aa3c6a5106e03ba4b3,DEPRES_369acbb92e6080517d2f4831,SHAPE_661ba8f0086625a3f8d15224,626884208019868827160493827160493827160493827160493827160493827160493827160493827160493827160493827/100000000000000000000000000000000000000000000000000000000000000000000000000000000000000000000000,199200000000000000000000000000000000000000000000000000000000000000000000000000000000000000000000000/208961402673289609053497942386831275720164609053497942386831275720164609053497942386831275720164609|-558376736111111111111111111111111111111111111111111111111111111111111111111111111111111111111111111/1567210520049672067901234567901234567901234567901234567901234567901234567901234567901234567901234567500|1|-37/522403506683224022633744855967078189300411522633744855967078189300411522633744855967078189300411522500|1/125376841603973765432098765432098765432098765432098765432098765432098765432098765432098765432098765400|-1/25075368320794753086419753086419753086419753086419753086419753086419753086419753086419753086419753080,NONE,NONE
214,TPL_2a2ac1f930ab6527b23fbf2e,TOK_ad517642e42bf56332968b52,LEGAL_LOCAL_TEMPLATE,UNORDERED_TRIAD,THREE_BODY_COLOR,3,2+6+12,2|6|12,3,negative,4,negative_credit,ACTIVE_LIFT,LOCAL_R2_LIFT,6624,6624,0,-1.517361111111111111111111111111111111111111111111111111111111111111111111111111111111111111111111111,-1517361111111111111111111111111111111111111111111111111111111111111111111111111111111111111111111111/1000000000000000000000000000000000000000000000000000000000000000000000000000000000000000000000000000,99,6625.517361111111111111111111111111111111111111111111111111111111111111111111111111111111111111111111,6625517361111111111111111111111111111111111111111111111111111111111111111111111111111111111111111111/1000000000000000000000000000000000000000000000000000000000000000000000000000000000000000000000000,96,6809.559510030864197530864197530864197530864197530864197530864197530864197530864197530864197530864199,6809559510030864197530864197530864197530864197530864197530864197530864197530864197530864197530864199/1000000000000000000000000000000000000000000000000000000000000000000000000000000000000000000000000,96,851.1949387538580246913580246913580246913580246913580246913580246913580246913580246913580246913580249,8511949387538580246913580246913580246913580246913580246913580246913580246913580246913580246913580249/10000000000000000000000000000000000000000000000000000000000000000000000000000000000000000000000000,97,5958.364571277006172839506172839506172839506172839506172839506172839506172839506172839506172839506174,2979182285638503086419753086419753086419753086419753086419753086419753086419753086419753086419753087/500000000000000000000000000000000000000000000000000000000000000000000000000000000000000000000000,96,1437829288435570987654320987654320987654320987654320987654320987654320987654320987654320987654321/7812500000000000000000000000000000000000000000000000000000000000000000000000000000000000000000,81714714120370370370370370370370370370370370370370370370370370370370370370370370370370370370370370369/12000000000000000000000000000000000000000000000000000000000000000000000000000000000000000000000000,-111/1000000000000000000000000000000000000000000000000000000000000000000000000000000000000000000000000000,19/12000000000000000000000000000000000000000000000000000000000000000000000000000000000000000000000000,1/40000000000000000000000000000000000000000000000000000000000000000000000000000000000000000000000000,-1/8000000000000000000000000000000000000000000000000000000000000000000000000000000000000000000000000,1/10000000000000000000000000000000000000000000000000000000000000000000000000000000000000000000000000,RAWNUM_28d5a5c870d4298d6fbfbac7,TYPEDRAW_b650cede6a7089dbcd462895,DEP_1b93a3cfed1327f63f51ecdb,DEPCORE_3aa7ea722c706342a65c901c,DEPRES_d94bc66a0458de0151011e89,SHAPE_d36fc2b6fa6c44d69afd824b,6809559510030864197530864197530864197530864197530864197530864197530864197530864197530864197530864199/1000000000000000000000000000000000000000000000000000000000000000000000000000000000000000000000000,6624000000000000000000000000000000000000000000000000000000000000000000000000000000000000000000000000/6809559510030864197530864197530864197530864197530864197530864197530864197530864197530864197530864199|-1517361111111111111111111111111111111111111111111111111111111111111111111111111111111111111111111111/6809559510030864197530864197530864197530864197530864197530864197530864197530864197530864197530864199000|1|-111/6809559510030864197530864197530864197530864197530864197530864197530864197530864197530864197530864199000|1/272382380401234567901234567901234567901234567901234567901234567901234567901234567901234567901234567960|-1/54476476080246913580246913580246913580246913580246913580246913580246913580246913580246913580246913592,NONE,NONE
215,TPL_f5ce0cf1fa795e4a81e74f56,TOK_ae0f907e2de77e8b5b42e87b,LEGAL_LOCAL_TEMPLATE,UNARY_DIRECT,ONE_BODY_DIRECT,1,12,12,1,neutral,0,zero_contact,ZERO_FEE,LOCAL_R2_LIFT,18.000,18,3,0,0,0,18.000,18,3,18.000,18,3,2.250,9/4,3,15.750,63/4,3,0,18,0,0,0,0,0,RAWNUM_a15743461d93f8e9a214435d,TYPEDRAW_fe5e307969c90f2c235395d3,DEP_09a4bb26d37776955895fbe5,DEPCORE_e582e13e13a7bcd9bac00484,DEPRES_73ca7a9ed16e954dab204089,SHAPE_4a5a7e41bcde015a08457156,18,1|0|1|0|0|0,NONE,NONE
216,TPL_e342c28b077cc16dc5d358d1,TOK_afb44ee16bf2cea4cb2cc23e,LEGAL_LOCAL_TEMPLATE,UNARY_CONJUGATE,ONE_BODY_CONJUGATE,1,1,1,2,positive,1,positive_debit,ACTIVE_LIFT,LOCAL_R2_LIFT,216.0,216,1,0.1250000000000000000000000000000000000000000000000000000000000000000000000000000000000000000000000000,1/8,100,215.8750000000000000000000000000000000000000000000000000000000000000000000000000000000000000000000000,1727/8,97,217.3741319444444444444444444444444444444444444444444444444444444444444444444444444444444444444444443,2173741319444444444444444444444444444444444444444444444444444444444444444444444444444444444444444443/10000000000000000000000000000000000000000000000000000000000000000000000000000000000000000000000000,97,27.17176649305555555555555555555555555555555555555555555555555555555555555555555555555555555555555554,1358588324652777777777777777777777777777777777777777777777777777777777777777777777777777777777777777/50000000000000000000000000000000000000000000000000000000000000000000000000000000000000000000000000,98,190.2023654513888888888888888888888888888888888888888888888888888888888888888888888888888888888888888,237752956814236111111111111111111111111111111111111111111111111111111111111111111111111111111111111/1250000000000000000000000000000000000000000000000000000000000000000000000000000000000000000000000,97,14991319444444444444444444444444444444444444444444444444444444444444444444444444444444444444444443/10000000000000000000000000000000000000000000000000000000000000000000000000000000000000000000000000,250415/1152,0,-13/90000000000000000000000000000000000000000000000000000000000000000000000000000000000000000000000000,1/400000000000000000000000000000000000000000000000000000000000000000000000000000000000000000000000000,3/80000000000000000000000000000000000000000000000000000000000000000000000000000000000000000000000000,-1/25000000000000000000000000000000000000000000000000000000000000000000000000000000000000000000000000,RAWNUM_306ed7b08bdf3b2286241f99,TYPEDRAW_500a1d5230fad0be6b16ae32,DEP_1972801f54c85286cd34f739,DEPCORE_22543154c7aa1d8f23aacead,DEPRES_a6ab916e636cbe464c22363b,SHAPE_511d1f75f30e5d61af24f419,2173741319444444444444444444444444444444444444444444444444444444444444444444444444444444444444444443/10000000000000000000000000000000000000000000000000000000000000000000000000000000000000000000000000,2160000000000000000000000000000000000000000000000000000000000000000000000000000000000000000000000000/2173741319444444444444444444444444444444444444444444444444444444444444444444444444444444444444444443|1250000000000000000000000000000000000000000000000000000000000000000000000000000000000000000000000/2173741319444444444444444444444444444444444444444444444444444444444444444444444444444444444444444443|1|0|1/86949652777777777777777777777777777777777777777777777777777777777777777777777777777777777777777777720|3/17389930555555555555555555555555555555555555555555555555555555555555555555555555555555555555555555544,NONE,NONE
217,TPL_8e12f72156a13b4487df6014,TOK_afc28b7efe412f237f3f7e3a,LEGAL_LOCAL_TEMPLATE,UNARY_CONJUGATE,ONE_BODY_CONJUGATE,1,1,1,0,positive,1,positive_debit,ACTIVE_LIFT,LOCAL_R2_LIFT,1.5,3/2,1,0.1250000000000000000000000000000000000000000000000000000000000000000000000000000000000000000000000000,1/8,100,1.375000000000000000000000000000000000000000000000000000000000000000000000000000000000000000000000000,11/8,99,1.384548611111111111111111111111111111111111111111111111111111111111111111111111111111111111111111110,138454861111111111111111111111111111111111111111111111111111111111111111111111111111111111111111111/100000000000000000000000000000000000000000000000000000000000000000000000000000000000000000000000000,99,0.1730685763888888888888888888888888888888888888888888888888888888888888888888888888888888888888888888,216335720486111111111111111111111111111111111111111111111111111111111111111111111111111111111111111/1250000000000000000000000000000000000000000000000000000000000000000000000000000000000000000000000000,100,1.211480034722222222222222222222222222222222222222222222222222222222222222222222222222222222222222221,1211480034722222222222222222222222222222222222222222222222222222222222222222222222222222222222222221/1000000000000000000000000000000000000000000000000000000000000000000000000000000000000000000000000000,99,954861111111111111111111111111111111111111111111111111111111111111111111111111111111111111111111/100000000000000000000000000000000000000000000000000000000000000000000000000000000000000000000000000,1595/1152,0,-1/900000000000000000000000000000000000000000000000000000000000000000000000000000000000000000000000000,1/20000000000000000000000000000000000000000000000000000000000000000000000000000000000000000000000000000,-1/4000000000000000000000000000000000000000000000000000000000000000000000000000000000000000000000000000,1/5000000000000000000000000000000000000000000000000000000000000000000000000000000000000000000000000000,RAWNUM_b71e5dbe8f61a2e9b150d0d0,TYPEDRAW_77c36984dcbebac3c8f51ac6,DEP_f9decf30fbe1da220289abaa,DEPCORE_f3de56b9c1146dc32f2d9ac0,DEPRES_0b83778ba81b6fc9151631e8,SHAPE_9b27008802ea683f8226f223,3/2,1|1/12|138454861111111111111111111111111111111111111111111111111111111111111111111111111111111111111111111/150000000000000000000000000000000000000000000000000000000000000000000000000000000000000000000000000|0|1/30000000000000000000000000000000000000000000000000000000000000000000000000000000000000000000000000000|-1/6000000000000000000000000000000000000000000000000000000000000000000000000000000000000000000000000000,NONE,NONE
218,TPL_84afb3d6305e8b457a6e5adf,TOK_b06dcb5241532444618882f5,LEGAL_LOCAL_TEMPLATE,UNARY_DIRECT,ONE_BODY_DIRECT,1,4,4,2,neutral,0,zero_contact,ZERO_FEE,LOCAL_R2_LIFT,72.000,72,3,0,0,0,72.000,72,3,72.000,72,3,9.000,9,3,63.000,63,3,0,72,0,0,0,0,0,RAWNUM_56c544825b116ee8581dd379,TYPEDRAW_a9225681afd1f1744d371dab,DEP_d5d2e680d265c231582ccfd6,DEPCORE_0e5bc1dbd4012599eaadfd5e,DEPRES_73ca7a9ed16e954dab204089,SHAPE_4a5a7e41bcde015a08457156,72,1|0|1|0|0|0,NONE,NONE
219,TPL_caaa8ef086f902943a017e68,TOK_b0dc52098dea8ac48654d681,LEGAL_LOCAL_TEMPLATE,UNARY_CONJUGATE,ONE_BODY_CONJUGATE,1,3,3,2,negative,3,negative_credit,ACTIVE_LIFT,LOCAL_R2_LIFT,540.00,540,2,-0.9375,-15/16,4,540.9375,8655/16,4,552.2070312499999999999999999999999999999999999999999999999999999999999999999999999999999999999999998,2761035156249999999999999999999999999999999999999999999999999999999999999999999999999999999999999999/5000000000000000000000000000000000000000000000000000000000000000000000000000000000000000000000000,97,69.02587890624999999999999999999999999999999999999999999999999999999999999999999999999999999999999998,3451293945312499999999999999999999999999999999999999999999999999999999999999999999999999999999999999/50000000000000000000000000000000000000000000000000000000000000000000000000000000000000000000000000,98,483.1811523437499999999999999999999999999999999999999999999999999999999999999999999999999999999999999,4831811523437499999999999999999999999999999999999999999999999999999999999999999999999999999999999999/10000000000000000000000000000000000000000000000000000000000000000000000000000000000000000000000000,97,56347656249999999999999999999999999999999999999999999999999999999999999999999999999999999999999999/5000000000000000000000000000000000000000000000000000000000000000000000000000000000000000000000000,141365/256,0,-1/5000000000000000000000000000000000000000000000000000000000000000000000000000000000000000000000000,1/200000000000000000000000000000000000000000000000000000000000000000000000000000000000000000000000000,3/40000000000000000000000000000000000000000000000000000000000000000000000000000000000000000000000000,-1/12500000000000000000000000000000000000000000000000000000000000000000000000000000000000000000000000,RAWNUM_2a80e706f426c581ca6d1d83,TYPEDRAW_36fd8fbdad96bbdeb9fc7aef,DEP_a5ab74e6a9ddeaf7d1195047,DEPCORE_ba7cd667aa6e17076f8d3b1a,DEPRES_538e4b0eb9d560390a404d7a,SHAPE_6571461bef8929ba8e7d83de,2761035156249999999999999999999999999999999999999999999999999999999999999999999999999999999999999999/5000000000000000000000000000000000000000000000000000000000000000000000000000000000000000000000000,900000000000000000000000000000000000000000000000000000000000000000000000000000000000000000000000000/920345052083333333333333333333333333333333333333333333333333333333333333333333333333333333333333333|-1562500000000000000000000000000000000000000000000000000000000000000000000000000000000000000000000/920345052083333333333333333333333333333333333333333333333333333333333333333333333333333333333333333|1|0|1/110441406249999999999999999999999999999999999999999999999999999999999999999999999999999999999999999960|1/7362760416666666666666666666666666666666666666666666666666666666666666666666666666666666666666666664,NONE,NONE
220,TPL_99ea2965a5b67fcd0e857d2b,TOK_b219f6bd45b35ded14e0341c,LEGAL_LOCAL_TEMPLATE,ORDERED_PAIR,TWO_BODY_PAIR,2,1+4,1|4,3,negative,3,negative_credit,ACTIVE_LIFT,LOCAL_R2_LIFT,57,57,0,-0.01649305555555555555555555555555555555555555555555555555555555555555555555555555555555555555555555556,-412326388888888888888888888888888888888888888888888888888888888888888888888888888888888888888888889/25000000000000000000000000000000000000000000000000000000000000000000000000000000000000000000000000000,101,57.01649305555555555555555555555555555555555555555555555555555555555555555555555555555555555555555556,1425412326388888888888888888888888888888888888888888888888888888888888888888888888888888888888888889/25000000000000000000000000000000000000000000000000000000000000000000000000000000000000000000000000,98,58.20433666087962962962962962962962962962962962962962962962962962962962962962962962962962962962962962,2910216833043981481481481481481481481481481481481481481481481481481481481481481481481481481481481481/50000000000000000000000000000000000000000000000000000000000000000000000000000000000000000000000000,98,7.275542082609953703703703703703703703703703703703703703703703703703703703703703703703703703703703702,3637771041304976851851851851851851851851851851851851851851851851851851851851851851851851851851851851/500000000000000000000000000000000000000000000000000000000000000000000000000000000000000000000000000,99,50.92879457826967592592592592592592592592592592592592592592592592592592592592592592592592592592592591,5092879457826967592592592592592592592592592592592592592592592592592592592592592592592592592592592591/100000000000000000000000000000000000000000000000000000000000000000000000000000000000000000000000000,98,59392180266203703703703703703703703703703703703703703703703703703703703703703703703703703703703703/50000000000000000000000000000000000000000000000000000000000000000000000000000000000000000000000000,69845203993055555555555555555555555555555555555555555555555555555555555555555555555555555555555555561/1200000000000000000000000000000000000000000000000000000000000000000000000000000000000000000000000000,111/25000000000000000000000000000000000000000000000000000000000000000000000000000000000000000000000000000,-17/1200000000000000000000000000000000000000000000000000000000000000000000000000000000000000000000000000,-1/2000000000000000000000000000000000000000000000000000000000000000000000000000000000000000000000000000,-3/400000000000000000000000000000000000000000000000000000000000000000000000000000000000000000000000000,1/125000000000000000000000000000000000000000000000000000000000000000000000000000000000000000000000000,RAWNUM_cc12b6bb681a5d1ea63982b6,TYPEDRAW_4b2a5e6d26250eb372800ca4,DEP_1591e1ed98c44f9bea3b5fc4,DEPCORE_e6cb6e5426885b36d6a1ed2e,DEPRES_f9719592fe651f9c24a13fc5,SHAPE_267e30fea18b4e4cd89c48d1,2910216833043981481481481481481481481481481481481481481481481481481481481481481481481481481481481481/50000000000000000000000000000000000000000000000000000000000000000000000000000000000000000000000000,2850000000000000000000000000000000000000000000000000000000000000000000000000000000000000000000000000/2910216833043981481481481481481481481481481481481481481481481481481481481481481481481481481481481481|-412326388888888888888888888888888888888888888888888888888888888888888888888888888888888888888888889/1455108416521990740740740740740740740740740740740740740740740740740740740740740740740740740740740740500|1|111/1455108416521990740740740740740740740740740740740740740740740740740740740740740740740740740740740740500|-1/116408673321759259259259259259259259259259259259259259259259259259259259259259259259259259259259259240|-3/23281734664351851851851851851851851851851851851851851851851851851851851851851851851851851851851851848,NONE,NONE
221,TPL_bce89d1b24496470deb740f8,TOK_b2845581052c93eab1303615,LEGAL_LOCAL_TEMPLATE,ORDERED_PAIR,TWO_BODY_PAIR,2,3+6,3|6,3,negative,3,negative_credit,ACTIVE_LIFT,LOCAL_R2_LIFT,225,225,0,-0.06510416666666666666666666666666666666666666666666666666666666666666666666666666666666666666666666665,-1302083333333333333333333333333333333333333333333333333333333333333333333333333333333333333333333333/20000000000000000000000000000000000000000000000000000000000000000000000000000000000000000000000000000,101,225.0651041666666666666666666666666666666666666666666666666666666666666666666666666666666666666666667,2250651041666666666666666666666666666666666666666666666666666666666666666666666666666666666666666667/10000000000000000000000000000000000000000000000000000000000000000000000000000000000000000000000000,97,229.7539605034722222222222222222222222222222222222222222222222222222222222222222222222222222222222222,1148769802517361111111111111111111111111111111111111111111111111111111111111111111111111111111111111/5000000000000000000000000000000000000000000000000000000000000000000000000000000000000000000000000,97,28.71924506293402777777777777777777777777777777777777777777777777777777777777777777777777777777777778,1435962253146701388888888888888888888888888888888888888888888888888888888888888888888888888888888889/50000000000000000000000000000000000000000000000000000000000000000000000000000000000000000000000000,98,201.0347154405381944444444444444444444444444444444444444444444444444444444444444444444444444444444444,502586788601345486111111111111111111111111111111111111111111111111111111111111111111111111111111111/2500000000000000000000000000000000000000000000000000000000000000000000000000000000000000000000000,97,9377712673611111111111111111111111111111111111111111111111111111111111111111111111111111111111111/2000000000000000000000000000000000000000000000000000000000000000000000000000000000000000000000000,36760633680555555555555555555555555555555555555555555555555555555555555555555555555555555555555555561/160000000000000000000000000000000000000000000000000000000000000000000000000000000000000000000000000,667/20000000000000000000000000000000000000000000000000000000000000000000000000000000000000000000000000000,-9/160000000000000000000000000000000000000000000000000000000000000000000000000000000000000000000000000,1/200000000000000000000000000000000000000000000000000000000000000000000000000000000000000000000000000,-1/40000000000000000000000000000000000000000000000000000000000000000000000000000000000000000000000000,1/50000000000000000000000000000000000000000000000000000000000000000000000000000000000000000000000000,RAWNUM_14e281850a82eea0024f221b,TYPEDRAW_08cb1b2605fd26050fd4d810,DEP_3fcde2a655e2b318ae40ef23,DEPCORE_bff2615d6e25b0d18eebb642,DEPRES_35bd2f178fbfdbac7999536e,SHAPE_7194a4ed0e74beba88e2b0de,1148769802517361111111111111111111111111111111111111111111111111111111111111111111111111111111111111/5000000000000000000000000000000000000000000000000000000000000000000000000000000000000000000000000,125000000000000000000000000000000000000000000000000000000000000000000000000000000000000000000000000/127641089168595679012345679012345679012345679012345679012345679012345679012345679012345679012345679|-1302083333333333333333333333333333333333333333333333333333333333333333333333333333333333333333333333/4595079210069444444444444444444444444444444444444444444444444444444444444444444444444444444444444444000|1|667/4595079210069444444444444444444444444444444444444444444444444444444444444444444444444444444444444444000|1/45950792100694444444444444444444444444444444444444444444444444444444444444444444444444444444444444440|-1/9190158420138888888888888888888888888888888888888888888888888888888888888888888888888888888888888888,NONE,NONE
222,TPL_d18e9da3982566dc85ff9782,TOK_b2dfe653ea5e1ee0a6cef5ba,REJECTED,EXPLICIT_CONTROL,REJECTED_CONTROL,0,1,,0,neutral,0,none,ZERO_FEE,ZERO_SUPPORT_NONLOCAL_OR_REJECTED,0,0,0,0,0,0,0,0,0,0,0,0,0,0,0,0,0,0,0,0,0,0,0,0,0,RAWNUM_8462963cd509903a12729896,TYPEDRAW_45c00561a33040b8291efd18,DEP_e546bab458df71c743a9276f,DEPCORE_d16eb49fda677ceeef042ceb,DEPRES_73ca7a9ed16e954dab204089,SHAPE_579ee4bf136113892323a924,0,0|0|0|0|0|0,NONE,NONE
223,TPL_9632d8144977b337058644a8,TOK_b43ff35d93c8363786bbc4de,NONLOCAL_NODE,CARRIER_INFRASTRUCTURE,CARRIER_INFRASTRUCTURE,0,81,,3,neutral,0,none,ZERO_SUPPORT,ZERO_SUPPORT_NONLOCAL_OR_REJECTED,81,81,0,0,0,0,81,81,0,0,0,0,0,0,0,0,0,0,-81,0,0,0,0,0,0,RAWNUM_a63ba4f230c9014c89b8b9c0,TYPEDRAW_8477e657eb79c507d667e6e0,DEP_56782fe42efc467be18410d5,DEPCORE_1c06c17cd8589305421d5fc2,DEPRES_73ca7a9ed16e954dab204089,SHAPE_38c9d96c28812c6a64e0aaf9,81,1|0|0|0|0|0,NONE,NONE
224,TPL_f4102b753ca4c5d850454959,TOK_b58ffcc58a2bad0371ad8639,LEGAL_LOCAL_TEMPLATE,UNARY_DIRECT,ONE_BODY_DIRECT,1,8,8,0,neutral,0,zero_contact,ZERO_FEE,LOCAL_R2_LIFT,1.000,1,3,0,0,0,1.000,1,3,1.000,1,3,0.125,1/8,3,0.875,7/8,3,0,1,0,0,0,0,0,RAWNUM_b3c8ba7e3992b85acc67e40c,TYPEDRAW_014cc412f6fa4fd8c2f47585,DEP_7b0503326c7f223dce57a977,DEPCORE_8cf78875417648dada565ca1,DEPRES_73ca7a9ed16e954dab204089,SHAPE_4a5a7e41bcde015a08457156,1,1|0|1|0|0|0,NONE,NONE
225,TPL_31debbdfc40006aa6e7667fa,TOK_b63487955cac196a8ca675d6,LEGAL_LOCAL_TEMPLATE,UNARY_DIRECT,ONE_BODY_DIRECT,1,6,6,1,positive,6,zero_contact,ACTIVE_LIFT,LOCAL_R2_LIFT,90.00,90,2,0,0,0,90.00,90,2,93.75000000000000000000000000000000000000000000000000000000000000000000000000000000000000000000000003,9375000000000000000000000000000000000000000000000000000000000000000000000000000000000000000000000003/100000000000000000000000000000000000000000000000000000000000000000000000000000000000000000000000000,98,11.71875000000000000000000000000000000000000000000000000000000000000000000000000000000000000000000000,375/32,98,82.03125000000000000000000000000000000000000000000000000000000000000000000000000000000000000000000002,4101562500000000000000000000000000000000000000000000000000000000000000000000000000000000000000000001/50000000000000000000000000000000000000000000000000000000000000000000000000000000000000000000000000,98,375000000000000000000000000000000000000000000000000000000000000000000000000000000000000000000000003/100000000000000000000000000000000000000000000000000000000000000000000000000000000000000000000000000,375/4,0,3/100000000000000000000000000000000000000000000000000000000000000000000000000000000000000000000000000,-3/800000000000000000000000000000000000000000000000000000000000000000000000000000000000000000000000000,-1/160000000000000000000000000000000000000000000000000000000000000000000000000000000000000000000000000,1/100000000000000000000000000000000000000000000000000000000000000000000000000000000000000000000000000,RAWNUM_19dcbc648fc12eed34c940e7,TYPEDRAW_deaadfa9cedab08df7870c02,DEP_a8db5f5906d163fb8f2b0247,DEPCORE_a67b7d9ad6b5c73c3ecc2825,DEPRES_c14f7277ab294cf28d40714c,SHAPE_42a7ac581d041345a74d5a92,9375000000000000000000000000000000000000000000000000000000000000000000000000000000000000000000000003/100000000000000000000000000000000000000000000000000000000000000000000000000000000000000000000000000,1000000000000000000000000000000000000000000000000000000000000000000000000000000000000000000000000000/1041666666666666666666666666666666666666666666666666666666666666666666666666666666666666666666666667|0|1|0|-1/25000000000000000000000000000000000000000000000000000000000000000000000000000000000000000000000000008|-5/75000000000000000000000000000000000000000000000000000000000000000000000000000000000000000000000000024,NONE,NONE
226,TPL_a144a8e7ab558f355d8af0d7,TOK_b6c6d24726ffac391cb3e059,LEGAL_LOCAL_TEMPLATE,UNORDERED_TRIAD,THREE_BODY_COLOR,3,2+2+2,2|2|2,0,positive,2,positive_debit,ACTIVE_LIFT,LOCAL_R2_LIFT,432,432,0,180.0000000000000000000000000000000000000000000000000000000000000000000000000000000000000000000000000,180,97,252.0000000000000000000000000000000000000000000000000000000000000000000000000000000000000000000000000,252,97,255.5000000000000000000000000000000000000000000000000000000000000000000000000000000000000000000000000,511/2,97,31.9375000000000000000000000000000000000000000000000000000000000000000000000000000000000000000000000,511/16,97,223.562500000000000000000000000000000000000000000000000000000000000000000000000000000000000000000000,3577/16,96,7/2,511/2,0,0,0,0,0,RAWNUM_a7ea60005c3eaa8baffe4562,TYPEDRAW_5dba9786ca64961a536e6177,DEP_7fe49040ee5870ed4cefe2e2,DEPCORE_fc17ccb64e8b61c356ae815b,DEPRES_73ca7a9ed16e954dab204089,SHAPE_d6cc353d0b726432738a35a7,432,1|5/12|511/864|0|0|0,NONE,NONE
227,TPL_24109c44bf543e9fde29f80b,TOK_b70120bc7b3fa94c02fee9c3,NONLOCAL_NODE,CARRIER_INFRASTRUCTURE,CARRIER_INFRASTRUCTURE,0,1,,3,neutral,0,none,ZERO_FEE,ZERO_SUPPORT_NONLOCAL_OR_REJECTED,0,0,0,0,0,0,0,0,0,0,0,0,0,0,0,0,0,0,0,0,0,0,0,0,0,RAWNUM_8462963cd509903a12729896,TYPEDRAW_7482c6f6a0db41eda0766db7,DEP_3c508e61890441ab1e6f96f7,DEPCORE_c298ca9dae0c0b4084255f69,DEPRES_73ca7a9ed16e954dab204089,SHAPE_cb63182a832c999743955d80,0,0|0|0|0|0|0,NONE,NONE
228,TPL_b4d0743fda5f6729840cba06,TOK_b85d99c1c89141dafb9d41b9,LEGAL_LOCAL_TEMPLATE,UNARY_DIRECT,ONE_BODY_DIRECT,1,1,1,1,neutral,0,zero_contact,ZERO_FEE,LOCAL_R2_LIFT,1.500,3/2,3,0,0,0,1.500,3/2,3,1.500,3/2,3,0.1875,3/16,4,1.3125,21/16,4,0,3/2,0,0,0,0,0,RAWNUM_475e97c077823b0862f4c902,TYPEDRAW_616002513fd1ff423e3bd8f0,DEP_20c509f163e4cd29e680171c,DEPCORE_e789434bb445333bcfc31eb4,DEPRES_73ca7a9ed16e954dab204089,SHAPE_4a5a7e41bcde015a08457156,3/2,1|0|1|0|0|0,NONE,NONE
229,TPL_b22fbe8ddcd5913375948bda,TOK_b95113e93847b86431b64e8b,LEGAL_LOCAL_TEMPLATE,UNARY_DIRECT,ONE_BODY_DIRECT,1,1,1,1,negative,1,zero_contact,ACTIVE_LIFT,LOCAL_R2_LIFT,18.0,18,1,0,0,0,18.0,18,1,18.12499999999999999999999999999999999999999999999999999999999999999999999999999999999999999999999999,1812499999999999999999999999999999999999999999999999999999999999999999999999999999999999999999999999/100000000000000000000000000000000000000000000000000000000000000000000000000000000000000000000000000,98,2.265624999999999999999999999999999999999999999999999999999999999999999999999999999999999999999999999,2265624999999999999999999999999999999999999999999999999999999999999999999999999999999999999999999999/1000000000000000000000000000000000000000000000000000000000000000000000000000000000000000000000000000,99,15.85937499999999999999999999999999999999999999999999999999999999999999999999999999999999999999999999,1585937499999999999999999999999999999999999999999999999999999999999999999999999999999999999999999999/100000000000000000000000000000000000000000000000000000000000000000000000000000000000000000000000000,98,12499999999999999999999999999999999999999999999999999999999999999999999999999999999999999999999999/100000000000000000000000000000000000000000000000000000000000000000000000000000000000000000000000000,145/8,0,-1/100000000000000000000000000000000000000000000000000000000000000000000000000000000000000000000000000,1/4000000000000000000000000000000000000000000000000000000000000000000000000000000000000000000000000000,-1/800000000000000000000000000000000000000000000000000000000000000000000000000000000000000000000000000,1/1000000000000000000000000000000000000000000000000000000000000000000000000000000000000000000000000000,RAWNUM_50902d5e1f464dd0a182622e,TYPEDRAW_8df83c5ced2c47d21bd22bee,DEP_c396ce98189d757f65c01f2e,DEPCORE_c9e49a9c168e09350535dd13,DEPRES_75774de63bac6860efcfe05f,SHAPE_db06aec05d10024d58355485,1812499999999999999999999999999999999999999999999999999999999999999999999999999999999999999999999999/100000000000000000000000000000000000000000000000000000000000000000000000000000000000000000000000000,1800000000000000000000000000000000000000000000000000000000000000000000000000000000000000000000000000/1812499999999999999999999999999999999999999999999999999999999999999999999999999999999999999999999999|0|1|0|1/72499999999999999999999999999999999999999999999999999999999999999999999999999999999999999999999999960|-1/14499999999999999999999999999999999999999999999999999999999999999999999999999999999999999999999999992,NONE,NONE
230,TPL_e044bdb1501d5326fa096391,TOK_ba3d8e3596f03785e48ed6db,LEGAL_LOCAL_TEMPLATE,UNARY_CONJUGATE,ONE_BODY_CONJUGATE,1,6,6,0,negative,6,negative_credit,ACTIVE_LIFT,LOCAL_R2_LIFT,7.50,15/2,2,-3.750,-15/4,3,11.250,45/4,3,11.71875000000000000000000000000000000000000000000000000000000000000000000000000000000000000000000000,375/32,98,1.46484375000000000000000000000000000000000000000000000000000000000000000000000000000000000000000000,375/256,98,10.25390625000000000000000000000000000000000000000000000000000000000000000000000000000000000000000000,2625/256,98,15/32,375/32,0,0,0,0,0,RAWNUM_054c8f0737c3890acc5df25b,TYPEDRAW_0779e04f9d5f0730b8c6bed2,DEP_d985ecf1fe210dab6d869e45,DEPCORE_4990d70ba8bd36d08737ab54,DEPRES_73ca7a9ed16e954dab204089,SHAPE_c1a701af1c3407d86a022545,375/32,16/25|-8/25|1|0|0|0,NONE,NONE
231,TPL_afef258560750c0b014d42d0,TOK_bdd03d843656a01cc163305d,LEGAL_LOCAL_TEMPLATE,UNARY_CONJUGATE,ONE_BODY_CONJUGATE,1,2,2,0,negative,2,negative_credit,ACTIVE_LIFT,LOCAL_R2_LIFT,2.50,5/2,2,-0.4166666666666666666666666666666666666666666666666666666666666666666666666666666666666666666666666668,-1041666666666666666666666666666666666666666666666666666666666666666666666666666666666666666666666667/2500000000000000000000000000000000000000000000000000000000000000000000000000000000000000000000000000,100,2.916666666666666666666666666666666666666666666666666666666666666666666666666666666666666666666666667,2916666666666666666666666666666666666666666666666666666666666666666666666666666666666666666666666667/1000000000000000000000000000000000000000000000000000000000000000000000000000000000000000000000000000,99,2.957175925925925925925925925925925925925925925925925925925925925925925925925925925925925925925925927,2957175925925925925925925925925925925925925925925925925925925925925925925925925925925925925925925927/1000000000000000000000000000000000000000000000000000000000000000000000000000000000000000000000000000,99,0.3696469907407407407407407407407407407407407407407407407407407407407407407407407407407407407407407409,3696469907407407407407407407407407407407407407407407407407407407407407407407407407407407407407407409/10000000000000000000000000000000000000000000000000000000000000000000000000000000000000000000000000000,100,2.587528935185185185185185185185185185185185185185185185185185185185185185185185185185185185185185186,1293764467592592592592592592592592592592592592592592592592592592592592592592592592592592592592592593/500000000000000000000000000000000000000000000000000000000000000000000000000000000000000000000000000,99,2025462962962962962962962962962962962962962962962962962962962962962962962962962962962962962962963/50000000000000000000000000000000000000000000000000000000000000000000000000000000000000000000000000,212916666666666666666666666666666666666666666666666666666666666666666666666666666666666666666666666691/72000000000000000000000000000000000000000000000000000000000000000000000000000000000000000000000000000,1/5000000000000000000000000000000000000000000000000000000000000000000000000000000000000000000000000000,53/72000000000000000000000000000000000000000000000000000000000000000000000000000000000000000000000000000,1/40000000000000000000000000000000000000000000000000000000000000000000000000000000000000000000000000000,-1/8000000000000000000000000000000000000000000000000000000000000000000000000000000000000000000000000000,1/10000000000000000000000000000000000000000000000000000000000000000000000000000000000000000000000000000,RAWNUM_8c5d2093e0b3e308fe121f4a,TYPEDRAW_7deb26c1ad56717668ddcfa5,DEP_0df9f63051c7233ecf00bd1d,DEPCORE_f28a926b2f307ee19594e9a1,DEPRES_688dc3cc0910efff6c7972f0,SHAPE_0dea5db11946c74c0cf45488,2957175925925925925925925925925925925925925925925925925925925925925925925925925925925925925925925927/1000000000000000000000000000000000000000000000000000000000000000000000000000000000000000000000000000,2500000000000000000000000000000000000000000000000000000000000000000000000000000000000000000000000000/2957175925925925925925925925925925925925925925925925925925925925925925925925925925925925925925925927|-2083333333333333333333333333333333333333333333333333333333333333333333333333333333333333333333333334/14785879629629629629629629629629629629629629629629629629629629629629629629629629629629629629629629635|1|1/14785879629629629629629629629629629629629629629629629629629629629629629629629629629629629629629629635|1/118287037037037037037037037037037037037037037037037037037037037037037037037037037037037037037037037080|-1/23657407407407407407407407407407407407407407407407407407407407407407407407407407407407407407407407416,NONE,NONE
232,TPL_f33e4c488cd20372e1623aaf,TOK_be5a90df8f99adc6caf9d3e6,NONLOCAL_NODE,HIDDEN_SUPPORT,HIDDEN_SUPPORT,0,4,,3,positive,4,none,ZERO_SUPPORT,ZERO_SUPPORT_NONLOCAL_OR_REJECTED,4.111111111111111111111111111111111111111111111111111111111111111111111111111111111111111111111111112,513888888888888888888888888888888888888888888888888888888888888888888888888888888888888888888888889/125000000000000000000000000000000000000000000000000000000000000000000000000000000000000000000000000,99,0,0,0,4.111111111111111111111111111111111111111111111111111111111111111111111111111111111111111111111111112,513888888888888888888888888888888888888888888888888888888888888888888888888888888888888888888888889/125000000000000000000000000000000000000000000000000000000000000000000000000000000000000000000000000,99,0,0,0,0,0,0,0,0,0,-513888888888888888888888888888888888888888888888888888888888888888888888888888888888888888888888889/125000000000000000000000000000000000000000000000000000000000000000000000000000000000000000000000000,0,0,0,0,0,0,RAWNUM_41c0217365f98d0589ec18a3,TYPEDRAW_c42393b6b9c21c41006131e5,DEP_39f7194e3169e4ee9e122b00,DEPCORE_7050ba3310964f44e9576f00,DEPRES_73ca7a9ed16e954dab204089,SHAPE_29b24556cd4dd4f6f00896ac,513888888888888888888888888888888888888888888888888888888888888888888888888888888888888888888888889/125000000000000000000000000000000000000000000000000000000000000000000000000000000000000000000000000,1|0|0|0|0|0,NONE,NONE
233,TPL_d4be504b422140912d707273,TOK_beffdeb1f171237d4d741f09,LEGAL_LOCAL_TEMPLATE,ORDERED_PAIR,TWO_BODY_PAIR,2,1+9,1|9,3,negative,8,negative_credit,ACTIVE_LIFT,LOCAL_R2_LIFT,132,132,0,-0.05570023148148148148148148148148148148148148148148148148148148148148148148148148148148148148148148148,-1392505787037037037037037037037037037037037037037037037037037037037037037037037037037037037037037037/25000000000000000000000000000000000000000000000000000000000000000000000000000000000000000000000000000,101,132.0557002314814814814814814814814814814814814814814814814814814814814814814814814814814814814814815,264111400462962962962962962962962962962962962962962962962962962962962962962962962962962962962962963/2000000000000000000000000000000000000000000000000000000000000000000000000000000000000000000000000,97,139.3921280221193415637860082304526748971193415637860082304526748971193415637860082304526748971193416,174240160027649176954732510288065843621399176954732510288065843621399176954732510288065843621399177/1250000000000000000000000000000000000000000000000000000000000000000000000000000000000000000000000,97,17.4240160027649176954732510288065843621399176954732510288065843621399176954732510288065843621399177,174240160027649176954732510288065843621399176954732510288065843621399176954732510288065843621399177/10000000000000000000000000000000000000000000000000000000000000000000000000000000000000000000000000,97,121.9681120193544238683127572016460905349794238683127572016460905349794238683127572016460905349794239,1219681120193544238683127572016460905349794238683127572016460905349794238683127572016460905349794239/10000000000000000000000000000000000000000000000000000000000000000000000000000000000000000000000000,97,73364277906378600823045267489711934156378600823045267489711934156378600823045267489711934156378601/10000000000000000000000000000000000000000000000000000000000000000000000000000000000000000000000000,1672705536265432098765432098765432098765432098765432098765432098765432098765432098765432098765432099/12000000000000000000000000000000000000000000000000000000000000000000000000000000000000000000000000,463/25000000000000000000000000000000000000000000000000000000000000000000000000000000000000000000000000000,1/60000000000000000000000000000000000000000000000000000000000000000000000000000000000000000000000000,0,0,0,RAWNUM_670d5c2dc4bfab5ae75a7413,TYPEDRAW_491e466ccc5c4a9c88fb57ff,DEP_9f3367c6d887fe88813ce28d,DEPCORE_68a3ac6ecb525883a613c562,DEPRES_ff2daa25a37a8f954390a92d,SHAPE_4718b128f3a2609b58488e2a,174240160027649176954732510288065843621399176954732510288065843621399176954732510288065843621399177/1250000000000000000000000000000000000000000000000000000000000000000000000000000000000000000000000,15000000000000000000000000000000000000000000000000000000000000000000000000000000000000000000000000/15840014547968106995884773662551440329218106995884773662551440329218106995884773662551440329218107|-1392505787037037037037037037037037037037037037037037037037037037037037037037037037037037037037037037/3484803200552983539094650205761316872427983539094650205761316872427983539094650205761316872427983540000|1|463/3484803200552983539094650205761316872427983539094650205761316872427983539094650205761316872427983540000|0|0,NONE,NONE
234,TPL_a10acf32a05243d0f86ce735,TOK_c042e91d104ede160c74cbf6,LEGAL_LOCAL_TEMPLATE,UNARY_DIRECT,ONE_BODY_DIRECT,1,4,4,0,positive,4,zero_contact,ACTIVE_LIFT,LOCAL_R2_LIFT,5.00,5,2,0,0,0,5.00,5,2,5.138888888888888888888888888888888888888888888888888888888888888888888888888888888888888888888888890,513888888888888888888888888888888888888888888888888888888888888888888888888888888888888888888888889/100000000000000000000000000000000000000000000000000000000000000000000000000000000000000000000000000,99,0.6423611111111111111111111111111111111111111111111111111111111111111111111111111111111111111111111112,802951388888888888888888888888888888888888888888888888888888888888888888888888888888888888888888889/1250000000000000000000000000000000000000000000000000000000000000000000000000000000000000000000000000,100,4.496527777777777777777777777777777777777777777777777777777777777777777777777777777777777777777777779,4496527777777777777777777777777777777777777777777777777777777777777777777777777777777777777777777779/1000000000000000000000000000000000000000000000000000000000000000000000000000000000000000000000000000,99,13888888888888888888888888888888888888888888888888888888888888888888888888888888888888888888888889/100000000000000000000000000000000000000000000000000000000000000000000000000000000000000000000000000,185/36,0,1/900000000000000000000000000000000000000000000000000000000000000000000000000000000000000000000000000,-1/20000000000000000000000000000000000000000000000000000000000000000000000000000000000000000000000000000,1/4000000000000000000000000000000000000000000000000000000000000000000000000000000000000000000000000000,-1/5000000000000000000000000000000000000000000000000000000000000000000000000000000000000000000000000000,RAWNUM_748fc4bc2e74a1aaca1bbe70,TYPEDRAW_20e220fff8c26c2b7bf592d1,DEP_c9a6c3615b14a47958196098,DEPCORE_1f6c205428f9ca46eafa647c,DEPRES_be5bf0b459f1947f7b592184,SHAPE_eb65503833942063c2d891c8,513888888888888888888888888888888888888888888888888888888888888888888888888888888888888888888888889/100000000000000000000000000000000000000000000000000000000000000000000000000000000000000000000000000,500000000000000000000000000000000000000000000000000000000000000000000000000000000000000000000000000/513888888888888888888888888888888888888888888888888888888888888888888888888888888888888888888888889|0|1|0|-1/102777777777777777777777777777777777777777777777777777777777777777777777777777777777777777777777777800|1/20555555555555555555555555555555555555555555555555555555555555555555555555555555555555555555555555560,NONE,NONE
235,TPL_e1c246e8f340d4a5ae61c46a,TOK_c0c61d2afc44bc2e137aacfc,NONLOCAL_NODE,HIDDEN_SUPPORT,HIDDEN_SUPPORT,0,12,,3,positive,12,none,ZERO_SUPPORT,ZERO_SUPPORT_NONLOCAL_OR_REJECTED,13.00000000000000000000000000000000000000000000000000000000000000000000000000000000000000000000000000,13,98,0,0,0,13.00000000000000000000000000000000000000000000000000000000000000000000000000000000000000000000000000,13,98,0,0,0,0,0,0,0,0,0,-13,0,0,0,0,0,0,RAWNUM_d878486630a7782bcbca7770,TYPEDRAW_cd666231dec1b07f0b92258e,DEP_3115e6bd2e73a976803ad49d,DEPCORE_b797fd854f78920ecfc1358d,DEPRES_73ca7a9ed16e954dab204089,SHAPE_29b24556cd4dd4f6f00896ac,13,1|0|0|0|0|0,NONE,NONE
236,TPL_0c35efc9f6da03e349bc3d2c,TOK_c1821bcd68195270864a37bb,LEGAL_LOCAL_TEMPLATE,UNORDERED_TRIAD,THREE_BODY_COLOR,3,3+4+4,3|4|4,3,neutral,0,positive_debit,ZERO_FEE,LOCAL_R2_LIFT,1476,1476,0,0.9075520833333333333333333333333333333333333333333333333333333333333333333333333333333333333333333334,4537760416666666666666666666666666666666666666666666666666666666666666666666666666666666666666666667/5000000000000000000000000000000000000000000000000000000000000000000000000000000000000000000000000000,100,1475.092447916666666666666666666666666666666666666666666666666666666666666666666666666666666666666667,1475092447916666666666666666666666666666666666666666666666666666666666666666666666666666666666666667/1000000000000000000000000000000000000000000000000000000000000000000000000000000000000000000000000,96,1475.092447916666666666666666666666666666666666666666666666666666666666666666666666666666666666666667,1475092447916666666666666666666666666666666666666666666666666666666666666666666666666666666666666667/1000000000000000000000000000000000000000000000000000000000000000000000000000000000000000000000000,96,184.3865559895833333333333333333333333333333333333333333333333333333333333333333333333333333333333334,921932779947916666666666666666666666666666666666666666666666666666666666666666666666666666666666667/5000000000000000000000000000000000000000000000000000000000000000000000000000000000000000000000000,97,1290.705891927083333333333333333333333333333333333333333333333333333333333333333333333333333333333334,645352945963541666666666666666666666666666666666666666666666666666666666666666666666666666666666667/500000000000000000000000000000000000000000000000000000000000000000000000000000000000000000000000,96,0,1475092447916666666666666666666666666666666666666666666666666666666666666666666666666666666666666667/1000000000000000000000000000000000000000000000000000000000000000000000000000000000000000000000000,1667/5000000000000000000000000000000000000000000000000000000000000000000000000000000000000000000000000000,0,1/40000000000000000000000000000000000000000000000000000000000000000000000000000000000000000000000000,3/8000000000000000000000000000000000000000000000000000000000000000000000000000000000000000000000000,-1/2500000000000000000000000000000000000000000000000000000000000000000000000000000000000000000000000,RAWNUM_131df3b0f079dbe39ce64a2f,TYPEDRAW_c07ae3de043c4813ccc12bab,DEP_9199f1bb6d5987ef0309095a,DEPCORE_b437035a89401a08d7ab8652,DEPRES_4a540dded8ca75731c006d56,SHAPE_8c7344d7670710fd03e1fb9c,1476,1|4537760416666666666666666666666666666666666666666666666666666666666666666666666666666666666666666667/7380000000000000000000000000000000000000000000000000000000000000000000000000000000000000000000000000000|491697482638888888888888888888888888888888888888888888888888888888888888888888888888888888888888889/492000000000000000000000000000000000000000000000000000000000000000000000000000000000000000000000000|1667/7380000000000000000000000000000000000000000000000000000000000000000000000000000000000000000000000000000|1/59040000000000000000000000000000000000000000000000000000000000000000000000000000000000000000000000000|1/3936000000000000000000000000000000000000000000000000000000000000000000000000000000000000000000000000,NONE,NONE
237,TPL_ce434f908bf19cd9a6af22dd,TOK_c23683d05f94f31044bcfe4c,LEGAL_LOCAL_TEMPLATE,UNARY_DIRECT,ONE_BODY_DIRECT,1,9,9,2,neutral,0,zero_contact,ZERO_FEE,LOCAL_R2_LIFT,162.000,162,3,0,0,0,162.000,162,3,162.000,162,3,20.250,81/4,3,141.750,567/4,3,0,162,0,0,0,0,0,RAWNUM_df25b2c5ee417df17c0bff67,TYPEDRAW_6e526160ac32909b09e5282a,DEP_bd74d9ee93c42f991cb94c66,DEPCORE_501e1ca0db8821d532b8c826,DEPRES_73ca7a9ed16e954dab204089,SHAPE_4a5a7e41bcde015a08457156,162,1|0|1|0|0|0,NONE,NONE
238,TPL_41a1c0dd7481d8d9364fc31e,TOK_c3afc5fa4a7b2f9380869f09,LEGAL_LOCAL_TEMPLATE,UNARY_DIRECT,ONE_BODY_DIRECT,1,12,12,2,neutral,0,zero_contact,ZERO_FEE,LOCAL_R2_LIFT,216.000,216,3,0,0,0,216.000,216,3,216.000,216,3,27.000,27,3,189.000,189,3,0,216,0,0,0,0,0,RAWNUM_4fdcccb6c64acb7cebf253a6,TYPEDRAW_94e715fba841af7c8f10acbf,DEP_1a9329293b4b957ba3a39bfb,DEPCORE_e871e223001485095f608eaf,DEPRES_73ca7a9ed16e954dab204089,SHAPE_4a5a7e41bcde015a08457156,216,1|0|1|0|0|0,NONE,NONE
239,TPL_cd8210cd6c021033ac86a880,TOK_c42e02fc53fe7e1b3551e104,LEGAL_LOCAL_TEMPLATE,UNARY_CONJUGATE,ONE_BODY_CONJUGATE,1,9,9,1,negative,9,negative_credit,ACTIVE_LIFT,LOCAL_R2_LIFT,135.00,135,2,-8.4375,-135/16,4,143.4375,2295/16,4,152.40234375,39015/256,8,19.05029296875,39015/2048,11,133.35205078125,273105/2048,11,2295/256,39015/256,0,0,0,0,0,RAWNUM_4d1b364dd780940dc77e1e8a,TYPEDRAW_624b1b6e2ae25eb04fce0fa4,DEP_5eb90d9c56d610213858e27c,DEPCORE_5df758fdcd7cd690262d915b,DEPRES_73ca7a9ed16e954dab204089,SHAPE_3d109e813ba8dcf51c4783e3,39015/256,256/289|-16/289|1|0|0|0,NONE,NONE
240,TPL_b52b524b652341dc2e130b10,TOK_c4d8a0450e4d945288d069f3,LEGAL_LOCAL_TEMPLATE,ORDERED_PAIR,TWO_BODY_PAIR,2,12+1,12|1,3,positive,11,positive_debit,ACTIVE_LIFT,LOCAL_R2_LIFT,177,177,0,0.1002965856481481481481481481481481481481481481481481481481481481481481481481481481481481481481481482,501482928240740740740740740740740740740740740740740740740740740740740740740740740740740740740740741/5000000000000000000000000000000000000000000000000000000000000000000000000000000000000000000000000000,100,176.8997034143518518518518518518518518518518518518518518518518518518518518518518518518518518518518519,1768997034143518518518518518518518518518518518518518518518518518518518518518518518518518518518518519/10000000000000000000000000000000000000000000000000000000000000000000000000000000000000000000000000,97,190.4128752029481738683127572016460905349794238683127572016460905349794238683127572016460905349794239,1904128752029481738683127572016460905349794238683127572016460905349794238683127572016460905349794239/10000000000000000000000000000000000000000000000000000000000000000000000000000000000000000000000000,97,23.80160940036852173353909465020576131687242798353909465020576131687242798353909465020576131687242799,2380160940036852173353909465020576131687242798353909465020576131687242798353909465020576131687242799/100000000000000000000000000000000000000000000000000000000000000000000000000000000000000000000000000,98,166.6112658025796521347736625514403292181069958847736625514403292181069958847736625514403292181069959,1666112658025796521347736625514403292181069958847736625514403292181069958847736625514403292181069959/10000000000000000000000000000000000000000000000000000000000000000000000000000000000000000000000000,97,3378292947149080504115226337448559670781893004115226337448559670781893004115226337448559670781893/250000000000000000000000000000000000000000000000000000000000000000000000000000000000000000000000,54838908058449074074074074074074074074074074074074074074074074074074074074074074074074074074074074089/288000000000000000000000000000000000000000000000000000000000000000000000000000000000000000000000000,241/5000000000000000000000000000000000000000000000000000000000000000000000000000000000000000000000000000,-29/1440000000000000000000000000000000000000000000000000000000000000000000000000000000000000000000000000,1/400000000000000000000000000000000000000000000000000000000000000000000000000000000000000000000000000,-1/80000000000000000000000000000000000000000000000000000000000000000000000000000000000000000000000000,1/100000000000000000000000000000000000000000000000000000000000000000000000000000000000000000000000000,RAWNUM_f7908fe1e0a369a4079cbdcc,TYPEDRAW_23f74dae0c1959ddae6192e7,DEP_5a64dcc87c237225c54b4a10,DEPCORE_1aa92790732524459ae602db,DEPRES_82618408da727451fa567bef,SHAPE_d5fec8a3f21522cc69b9d84f,1904128752029481738683127572016460905349794238683127572016460905349794238683127572016460905349794239/10000000000000000000000000000000000000000000000000000000000000000000000000000000000000000000000000,1770000000000000000000000000000000000000000000000000000000000000000000000000000000000000000000000000/1904128752029481738683127572016460905349794238683127572016460905349794238683127572016460905349794239|501482928240740740740740740740740740740740740740740740740740740740740740740740740740740740740740741/952064376014740869341563786008230452674897119341563786008230452674897119341563786008230452674897119500|1|241/952064376014740869341563786008230452674897119341563786008230452674897119341563786008230452674897119500|1/76165150081179269547325102880658436213991769547325102880658436213991769547325102880658436213991769560|-1/15233030016235853909465020576131687242798353909465020576131687242798353909465020576131687242798353912,NONE,NONE
241,TPL_9acafb8abf05a101f987cbfd,TOK_c505acbccb4c67434d418142,LEGAL_LOCAL_TEMPLATE,ORDERED_PAIR,TWO_BODY_PAIR,2,12+3,12|3,3,positive,9,positive_debit,ACTIVE_LIFT,LOCAL_R2_LIFT,459,459,0,0.2158203125,221/1024,10,458.7841796875,469795/1024,10,487.45819091796875,7986515/16384,14,60.93227386474609375,7986515/131072,17,426.52591705322265625,55905605/131072,17,469795/16384,7986515/16384,0,0,0,0,0,RAWNUM_104a86bc758c2d1aca48b504,TYPEDRAW_fa32af545533bf37a72119e5,DEP_70a55289d5ed6d238994464c,DEPCORE_97cc74be30bb0f9cc4d46aa1,DEPRES_73ca7a9ed16e954dab204089,SHAPE_8202e7952d577d5538ec32ac,7986515/16384,442368/469795|208/469795|1|0|0|0,NONE,NONE
242,TPL_eb403f7da06c352894019c3e,TOK_c516b1362b904b174bed2cda,LEGAL_LOCAL_TEMPLATE,UNORDERED_TRIAD,THREE_BODY_COLOR,3,4+4+4,4|4|4,0,positive,1,positive_debit,ACTIVE_LIFT,LOCAL_R2_LIFT,1728,1728,0,575.9999999999999999999999999999999999999999999999999999999999999999999999999999999999999999999999999,5759999999999999999999999999999999999999999999999999999999999999999999999999999999999999999999999999/10000000000000000000000000000000000000000000000000000000000000000000000000000000000000000000000000,97,1152.000000000000000000000000000000000000000000000000000000000000000000000000000000000000000000000000,1152,96,1159.999999999999999999999999999999999999999999999999999999999999999999999999999999999999999999999999,1159999999999999999999999999999999999999999999999999999999999999999999999999999999999999999999999999/1000000000000000000000000000000000000000000000000000000000000000000000000000000000000000000000000,96,144.9999999999999999999999999999999999999999999999999999999999999999999999999999999999999999999999999,1449999999999999999999999999999999999999999999999999999999999999999999999999999999999999999999999999/10000000000000000000000000000000000000000000000000000000000000000000000000000000000000000000000000,97,1014.999999999999999999999999999999999999999999999999999999999999999999999999999999999999999999999999,1014999999999999999999999999999999999999999999999999999999999999999999999999999999999999999999999999/1000000000000000000000000000000000000000000000000000000000000000000000000000000000000000000000000,96,7999999999999999999999999999999999999999999999999999999999999999999999999999999999999999999999999/1000000000000000000000000000000000000000000000000000000000000000000000000000000000000000000000000,1160,-1/10000000000000000000000000000000000000000000000000000000000000000000000000000000000000000000000000,-1/1000000000000000000000000000000000000000000000000000000000000000000000000000000000000000000000000,1/40000000000000000000000000000000000000000000000000000000000000000000000000000000000000000000000000,-1/8000000000000000000000000000000000000000000000000000000000000000000000000000000000000000000000000,1/10000000000000000000000000000000000000000000000000000000000000000000000000000000000000000000000000,RAWNUM_6392424feba5b8835a968119,TYPEDRAW_a798807a4f2295275fed5567,DEP_39ccef2e47c35f7c2fab6dd8,DEPCORE_c121b7e05f5935fbe6914a30,DEPRES_cf69c6d9281c7ae8c34b5cab,SHAPE_0ba642475601f518dcf05614,1728,1|5759999999999999999999999999999999999999999999999999999999999999999999999999999999999999999999999999/17280000000000000000000000000000000000000000000000000000000000000000000000000000000000000000000000000|1159999999999999999999999999999999999999999999999999999999999999999999999999999999999999999999999999/1728000000000000000000000000000000000000000000000000000000000000000000000000000000000000000000000000|-1/17280000000000000000000000000000000000000000000000000000000000000000000000000000000000000000000000000|1/69120000000000000000000000000000000000000000000000000000000000000000000000000000000000000000000000000|-1/13824000000000000000000000000000000000000000000000000000000000000000000000000000000000000000000000000,NONE,NONE
243,TPL_b9100c3a01c030ff4c9fb5a7,TOK_c5771d38689a1c83b97d1884,LEGAL_LOCAL_TEMPLATE,UNORDERED_TRIAD,THREE_BODY_COLOR,3,2+6+9,2|6|9,3,negative,4,negative_credit,ACTIVE_LIFT,LOCAL_R2_LIFT,4356,4356,0,-0.9978298611111111111111111111111111111111111111111111111111111111111111111111111111111111111111111109,-9978298611111111111111111111111111111111111111111111111111111111111111111111111111111111111111111109/10000000000000000000000000000000000000000000000000000000000000000000000000000000000000000000000000000,100,4356.997829861111111111111111111111111111111111111111111111111111111111111111111111111111111111111111,4356997829861111111111111111111111111111111111111111111111111111111111111111111111111111111111111111/1000000000000000000000000000000000000000000000000000000000000000000000000000000000000000000000000,96,4478.025547357253086419753086419753086419753086419753086419753086419753086419753086419753086419753087,4478025547357253086419753086419753086419753086419753086419753086419753086419753086419753086419753087/1000000000000000000000000000000000000000000000000000000000000000000000000000000000000000000000000,96,559.7531934196566358024691358024691358024691358024691358024691358024691358024691358024691358024691359,5597531934196566358024691358024691358024691358024691358024691358024691358024691358024691358024691359/10000000000000000000000000000000000000000000000000000000000000000000000000000000000000000000000000,97,3918.272353937596450617283950617283950617283950617283950617283950617283950617283950617283950617283951,3918272353937596450617283950617283950617283950617283950617283950617283950617283950617283950617283951/1000000000000000000000000000000000000000000000000000000000000000000000000000000000000000000000000,96,15128464687017746913580246913580246913580246913580246913580246913580246913580246913580246913580247/125000000000000000000000000000000000000000000000000000000000000000000000000000000000000000000000,161208919704861111111111111111111111111111111111111111111111111111111111111111111111111111111111111107/36000000000000000000000000000000000000000000000000000000000000000000000000000000000000000000000000,-1109/10000000000000000000000000000000000000000000000000000000000000000000000000000000000000000000000000000,1/1440000000000000000000000000000000000000000000000000000000000000000000000000000000000000000000000,1/40000000000000000000000000000000000000000000000000000000000000000000000000000000000000000000000000,-1/8000000000000000000000000000000000000000000000000000000000000000000000000000000000000000000000000,1/10000000000000000000000000000000000000000000000000000000000000000000000000000000000000000000000000,RAWNUM_25708b853efcccd42d2e1e72,TYPEDRAW_157802bbf4caf58442f7b32f,DEP_b8f5e4416448e6cf9908a67a,DEPCORE_79db5253a21dd0e74f7330c4,DEPRES_0126546dc72fd0d6360182c9,SHAPE_fdf2f304bc6e49c6ac937434,4478025547357253086419753086419753086419753086419753086419753086419753086419753086419753086419753087/1000000000000000000000000000000000000000000000000000000000000000000000000000000000000000000000000,4356000000000000000000000000000000000000000000000000000000000000000000000000000000000000000000000000/4478025547357253086419753086419753086419753086419753086419753086419753086419753086419753086419753087|-9978298611111111111111111111111111111111111111111111111111111111111111111111111111111111111111111109/44780255473572530864197530864197530864197530864197530864197530864197530864197530864197530864197530870000|1|-1109/44780255473572530864197530864197530864197530864197530864197530864197530864197530864197530864197530870000|1/179121021894290123456790123456790123456790123456790123456790123456790123456790123456790123456790123480|-1/35824204378858024691358024691358024691358024691358024691358024691358024691358024691358024691358024696,NONE,NONE
244,TPL_ea26616a006763e2e64b245e,TOK_c6703febb71a0d04e520e937,LEGAL_LOCAL_TEMPLATE,ORDERED_PAIR,TWO_BODY_PAIR,2,1+3,1|3,3,negative,2,negative_credit,ACTIVE_LIFT,LOCAL_R2_LIFT,42,42,0,-0.01012731481481481481481481481481481481481481481481481481481481481481481481481481481481481481481481482,-506365740740740740740740740740740740740740740740740740740740740740740740740740740740740740740740741/50000000000000000000000000000000000000000000000000000000000000000000000000000000000000000000000000000,101,42.01012731481481481481481481481481481481481481481481481481481481481481481481481481481481481481481481,4201012731481481481481481481481481481481481481481481481481481481481481481481481481481481481481481481/100000000000000000000000000000000000000000000000000000000000000000000000000000000000000000000000000,98,42.59360130529835390946502057613168724279835390946502057613168724279835390946502057613168724279835391,4259360130529835390946502057613168724279835390946502057613168724279835390946502057613168724279835391/100000000000000000000000000000000000000000000000000000000000000000000000000000000000000000000000000,98,5.324200163162294238683127572016460905349794238683127572016460905349794238683127572016460905349794239,5324200163162294238683127572016460905349794238683127572016460905349794238683127572016460905349794239/1000000000000000000000000000000000000000000000000000000000000000000000000000000000000000000000000000,99,37.26940114213605967078189300411522633744855967078189300411522633744855967078189300411522633744855968,116466878569175186471193415637860082304526748971193415637860082304526748971193415637860082304526749/3125000000000000000000000000000000000000000000000000000000000000000000000000000000000000000000000,98,5834739904835390946502057613168724279835390946502057613168724279835390946502057613168724279835391/10000000000000000000000000000000000000000000000000000000000000000000000000000000000000000000000000,102224643132716049382716049382716049382716049382716049382716049382716049382716049382716049382716049371/2400000000000000000000000000000000000000000000000000000000000000000000000000000000000000000000000000,-241/50000000000000000000000000000000000000000000000000000000000000000000000000000000000000000000000000000,13/2400000000000000000000000000000000000000000000000000000000000000000000000000000000000000000000000000,1/4000000000000000000000000000000000000000000000000000000000000000000000000000000000000000000000000000,7/800000000000000000000000000000000000000000000000000000000000000000000000000000000000000000000000000,-9/1000000000000000000000000000000000000000000000000000000000000000000000000000000000000000000000000000,RAWNUM_7224bfd308d69c065b05cccf,TYPEDRAW_b65203fe32b7256037fda767,DEP_15368bb1fe487e3a756a66bb,DEPCORE_a7795a69df08284941fdb9f4,DEPRES_e8de09b5c0616e2746d9db15,SHAPE_8480c9f40c0b335c5634f9c5,4259360130529835390946502057613168724279835390946502057613168724279835390946502057613168724279835391/100000000000000000000000000000000000000000000000000000000000000000000000000000000000000000000000000,1400000000000000000000000000000000000000000000000000000000000000000000000000000000000000000000000000/1419786710176611796982167352537722908093278463648834019204389574759945130315500685871056241426611797|-506365740740740740740740740740740740740740740740740740740740740740740740740740740740740740740740741/2129680065264917695473251028806584362139917695473251028806584362139917695473251028806584362139917695500|1|-241/2129680065264917695473251028806584362139917695473251028806584362139917695473251028806584362139917695500|1/170374405221193415637860082304526748971193415637860082304526748971193415637860082304526748971193415640|7/34074881044238683127572016460905349794238683127572016460905349794238683127572016460905349794238683128,NONE,NONE
245,TPL_90b3979f84e39a4fd3faa72f,TOK_c701ce2cdf572c74145ede72,LEGAL_LOCAL_TEMPLATE,ORDERED_PAIR,TWO_BODY_PAIR,2,2+1,2|1,3,positive,1,positive_debit,ACTIVE_LIFT,LOCAL_R2_LIFT,27,27,0,0.005208333333333333333333333333333333333333333333333333333333333333333333333333333333333333333333333333,5208333333333333333333333333333333333333333333333333333333333333333333333333333333333333333333333333/1000000000000000000000000000000000000000000000000000000000000000000000000000000000000000000000000000000,102,26.99479166666666666666666666666666666666666666666666666666666666666666666666666666666666666666666667,2699479166666666666666666666666666666666666666666666666666666666666666666666666666666666666666666667/100000000000000000000000000000000000000000000000000000000000000000000000000000000000000000000000000,98,27.18225549768518518518518518518518518518518518518518518518518518518518518518518518518518518518518518,1359112774884259259259259259259259259259259259259259259259259259259259259259259259259259259259259259/50000000000000000000000000000000000000000000000000000000000000000000000000000000000000000000000000,98,3.397781937210648148148148148148148148148148148148148148148148148148148148148148148148148148148148148,849445484302662037037037037037037037037037037037037037037037037037037037037037037037037037037037037/250000000000000000000000000000000000000000000000000000000000000000000000000000000000000000000000000,99,23.78447356047453703703703703703703703703703703703703703703703703703703703703703703703703703703703704,297305919505931712962962962962962962962962962962962962962962962962962962962962962962962962962962963/12500000000000000000000000000000000000000000000000000000000000000000000000000000000000000000000000,98,18746383101851851851851851851851851851851851851851851851851851851851851851851851851851851851851851/100000000000000000000000000000000000000000000000000000000000000000000000000000000000000000000000000,26094965277777777777777777777777777777777777777777777777777777777777777777777777777777777777777777781/960000000000000000000000000000000000000000000000000000000000000000000000000000000000000000000000000,3333/1000000000000000000000000000000000000000000000000000000000000000000000000000000000000000000000000000000,-41/4800000000000000000000000000000000000000000000000000000000000000000000000000000000000000000000000000,1/2000000000000000000000000000000000000000000000000000000000000000000000000000000000000000000000000000,3/400000000000000000000000000000000000000000000000000000000000000000000000000000000000000000000000000,-1/125000000000000000000000000000000000000000000000000000000000000000000000000000000000000000000000000,RAWNUM_40d0044bf21f15c5ce3708eb,TYPEDRAW_cc9b196a3bb2f73c81e994a3,DEP_4f0562b2b53c5a9ff9736570,DEPCORE_33d60374d53bfbc648c53cbc,DEPRES_3f9f9103a25c96489caf252a,SHAPE_b71cbe28da229c514ebaf466,1359112774884259259259259259259259259259259259259259259259259259259259259259259259259259259259259259/50000000000000000000000000000000000000000000000000000000000000000000000000000000000000000000000000,1350000000000000000000000000000000000000000000000000000000000000000000000000000000000000000000000000/1359112774884259259259259259259259259259259259259259259259259259259259259259259259259259259259259259|5208333333333333333333333333333333333333333333333333333333333333333333333333333333333333333333333333/27182255497685185185185185185185185185185185185185185185185185185185185185185185185185185185185185180000|1|3333/27182255497685185185185185185185185185185185185185185185185185185185185185185185185185185185185185180000|1/54364510995370370370370370370370370370370370370370370370370370370370370370370370370370370370370370360|3/10872902199074074074074074074074074074074074074074074074074074074074074074074074074074074074074074072,NONE,NONE
246,TPL_e05009b13b7c8d3dcfe435d0,TOK_c8051b5537d637b1e36d8ce1,LEGAL_LOCAL_TEMPLATE,UNORDERED_TRIAD,THREE_BODY_COLOR,3,3+3+4,3|3|4,3,positive,1,positive_debit,ACTIVE_LIFT,LOCAL_R2_LIFT,1224,1224,0,0.1032986111111111111111111111111111111111111111111111111111111111111111111111111111111111111111111111,1032986111111111111111111111111111111111111111111111111111111111111111111111111111111111111111111111/10000000000000000000000000000000000000000000000000000000000000000000000000000000000000000000000000000,100,1223.896701388888888888888888888888888888888888888888888888888888888888888888888888888888888888888889,1223896701388888888888888888888888888888888888888888888888888888888888888888888888888888888888888889/1000000000000000000000000000000000000000000000000000000000000000000000000000000000000000000000000,96,1232.395984037422839506172839506172839506172839506172839506172839506172839506172839506172839506172839,1232395984037422839506172839506172839506172839506172839506172839506172839506172839506172839506172839/1000000000000000000000000000000000000000000000000000000000000000000000000000000000000000000000000,96,154.0494980046778549382716049382716049382716049382716049382716049382716049382716049382716049382716049,1540494980046778549382716049382716049382716049382716049382716049382716049382716049382716049382716049/10000000000000000000000000000000000000000000000000000000000000000000000000000000000000000000000000,97,1078.346486032744984567901234567901234567901234567901234567901234567901234567901234567901234567901234,539173243016372492283950617283950617283950617283950617283950617283950617283950617283950617283950617/500000000000000000000000000000000000000000000000000000000000000000000000000000000000000000000000,96,169985652970679012345679012345679012345679012345679012345679012345679012345679012345679012345679/20000000000000000000000000000000000000000000000000000000000000000000000000000000000000000000000,35493004340277777777777777777777777777777777777777777777777777777777777777777777777777777777777777781/28800000000000000000000000000000000000000000000000000000000000000000000000000000000000000000000000,1111/10000000000000000000000000000000000000000000000000000000000000000000000000000000000000000000000000000,-89/144000000000000000000000000000000000000000000000000000000000000000000000000000000000000000000000000,1/40000000000000000000000000000000000000000000000000000000000000000000000000000000000000000000000000,-1/8000000000000000000000000000000000000000000000000000000000000000000000000000000000000000000000000,1/10000000000000000000000000000000000000000000000000000000000000000000000000000000000000000000000000,RAWNUM_61deb61b1147f9230311c747,TYPEDRAW_f40fa158869e705557ce2fda,DEP_f792469b08d79373b55fdf0f,DEPCORE_770d4c267d6eed743f0c0524,DEPRES_0ccaeeec3ae134eebbb5d09a,SHAPE_ffb5631c353ad5b4c229a580,1232395984037422839506172839506172839506172839506172839506172839506172839506172839506172839506172839/1000000000000000000000000000000000000000000000000000000000000000000000000000000000000000000000000,408000000000000000000000000000000000000000000000000000000000000000000000000000000000000000000000000/410798661345807613168724279835390946502057613168724279835390946502057613168724279835390946502057613|1032986111111111111111111111111111111111111111111111111111111111111111111111111111111111111111111111/12323959840374228395061728395061728395061728395061728395061728395061728395061728395061728395061728390000|1|1111/12323959840374228395061728395061728395061728395061728395061728395061728395061728395061728395061728390000|1/49295839361496913580246913580246913580246913580246913580246913580246913580246913580246913580246913560|-1/9859167872299382716049382716049382716049382716049382716049382716049382716049382716049382716049382712,NONE,NONE
247,TPL_76188933c7f988b15213fc82,TOK_c8bcb8bdef63056faee8e557,LEGAL_LOCAL_TEMPLATE,UNORDERED_TRIAD,THREE_BODY_COLOR,3,1+4+4,1|4|4,0,negative,2,negative_credit,ACTIVE_LIFT,LOCAL_R2_LIFT,1188,1188,0,-495.0000000000000000000000000000000000000000000000000000000000000000000000000000000000000000000000000,-495,97,1683.000000000000000000000000000000000000000000000000000000000000000000000000000000000000000000000000,1683,96,1706.375000000000000000000000000000000000000000000000000000000000000000000000000000000000000000000000,13651/8,96,213.296875000000000000000000000000000000000000000000000000000000000000000000000000000000000000000000,13651/64,96,1493.07812500000000000000000000000000000000000000000000000000000000000000000000000000000000000000000,95557/64,95,187/8,13651/8,0,0,0,0,0,RAWNUM_a0b8e55a16a6745c317c80c5,TYPEDRAW_851498722aba00c86feff9f9,DEP_239a9d38bf198fb5d89da9cf,DEPCORE_c1e1cae4f927cbf1bcb91d86,DEPRES_73ca7a9ed16e954dab204089,SHAPE_b79a70a59f1283a8b1f078fa,13651/8,864/1241|-360/1241|1|0|0|0,NONE,NONE
248,TPL_e5f8d486e00f9802ea619e59,TOK_c94acd7086ac2f021294c092,LEGAL_LOCAL_TEMPLATE,UNORDERED_TRIAD,THREE_BODY_COLOR,3,2+2+6,2|2|6,3,neutral,0,positive_debit,ZERO_FEE,LOCAL_R2_LIFT,1584,1584,0,0.9739583333333333333333333333333333333333333333333333333333333333333333333333333333333333333333333334,4869791666666666666666666666666666666666666666666666666666666666666666666666666666666666666666666667/5000000000000000000000000000000000000000000000000000000000000000000000000000000000000000000000000000,100,1583.026041666666666666666666666666666666666666666666666666666666666666666666666666666666666666666667,1583026041666666666666666666666666666666666666666666666666666666666666666666666666666666666666666667/1000000000000000000000000000000000000000000000000000000000000000000000000000000000000000000000000,96,1583.026041666666666666666666666666666666666666666666666666666666666666666666666666666666666666666667,1583026041666666666666666666666666666666666666666666666666666666666666666666666666666666666666666667/1000000000000000000000000000000000000000000000000000000000000000000000000000000000000000000000000,96,197.8782552083333333333333333333333333333333333333333333333333333333333333333333333333333333333333334,989391276041666666666666666666666666666666666666666666666666666666666666666666666666666666666666667/5000000000000000000000000000000000000000000000000000000000000000000000000000000000000000000000000,97,1385.147786458333333333333333333333333333333333333333333333333333333333333333333333333333333333333334,692573893229166666666666666666666666666666666666666666666666666666666666666666666666666666666666667/500000000000000000000000000000000000000000000000000000000000000000000000000000000000000000000000,96,0,1583026041666666666666666666666666666666666666666666666666666666666666666666666666666666666666666667/1000000000000000000000000000000000000000000000000000000000000000000000000000000000000000000000000,1667/5000000000000000000000000000000000000000000000000000000000000000000000000000000000000000000000000000,0,1/40000000000000000000000000000000000000000000000000000000000000000000000000000000000000000000000000,3/8000000000000000000000000000000000000000000000000000000000000000000000000000000000000000000000000,-1/2500000000000000000000000000000000000000000000000000000000000000000000000000000000000000000000000,RAWNUM_44de659b407ea4dafcca39d3,TYPEDRAW_a4adfd0f1296220e3f21b158,DEP_e541d8c67fc3131377e508d1,DEPCORE_a8eb192b0b935502057a06e3,DEPRES_4a540dded8ca75731c006d56,SHAPE_22697c89d436dba0ae9d1959,1584,1|541087962962962962962962962962962962962962962962962962962962962962962962962962962962962962962962963/880000000000000000000000000000000000000000000000000000000000000000000000000000000000000000000000000000|1583026041666666666666666666666666666666666666666666666666666666666666666666666666666666666666666667/1584000000000000000000000000000000000000000000000000000000000000000000000000000000000000000000000000|1667/7920000000000000000000000000000000000000000000000000000000000000000000000000000000000000000000000000000|1/63360000000000000000000000000000000000000000000000000000000000000000000000000000000000000000000000000|1/4224000000000000000000000000000000000000000000000000000000000000000000000000000000000000000000000000,NONE,NONE
249,TPL_85341880ba01af2257496c6a,TOK_c9b377ec7be86d18b8d077e9,LEGAL_LOCAL_TEMPLATE,ORDERED_PAIR,TWO_BODY_PAIR,2,8+2,8|2,3,positive,6,positive_debit,ACTIVE_LIFT,LOCAL_R2_LIFT,210,210,0,0.09114583333333333333333333333333333333333333333333333333333333333333333333333333333333333333333333335,1822916666666666666666666666666666666666666666666666666666666666666666666666666666666666666666666667/20000000000000000000000000000000000000000000000000000000000000000000000000000000000000000000000000000,101,209.9088541666666666666666666666666666666666666666666666666666666666666666666666666666666666666666667,2099088541666666666666666666666666666666666666666666666666666666666666666666666666666666666666666667/10000000000000000000000000000000000000000000000000000000000000000000000000000000000000000000000000,97,218.6550564236111111111111111111111111111111111111111111111111111111111111111111111111111111111111112,273318820529513888888888888888888888888888888888888888888888888888888888888888888888888888888888889/1250000000000000000000000000000000000000000000000000000000000000000000000000000000000000000000000,97,27.3318820529513888888888888888888888888888888888888888888888888888888888888888888888888888888888889,273318820529513888888888888888888888888888888888888888888888888888888888888888888888888888888888889/10000000000000000000000000000000000000000000000000000000000000000000000000000000000000000000000000,97,191.3231743706597222222222222222222222222222222222222222222222222222222222222222222222222222222222222,956615871853298611111111111111111111111111111111111111111111111111111111111111111111111111111111111/5000000000000000000000000000000000000000000000000000000000000000000000000000000000000000000000000,97,17492404513888888888888888888888888888888888888888888888888888888888888888888888888888888888888889/2000000000000000000000000000000000000000000000000000000000000000000000000000000000000000000000000,2099088541666666666666666666666666666666666666666666666666666666666666666666666666666666666666666667/9600000000000000000000000000000000000000000000000000000000000000000000000000000000000000000000000,667/20000000000000000000000000000000000000000000000000000000000000000000000000000000000000000000000000000,13/240000000000000000000000000000000000000000000000000000000000000000000000000000000000000000000000000,0,-1/10000000000000000000000000000000000000000000000000000000000000000000000000000000000000000000000000,1/10000000000000000000000000000000000000000000000000000000000000000000000000000000000000000000000000,RAWNUM_cad63bb35c8d06015b4d5cc7,TYPEDRAW_e258ec7a8aebbd389dde9464,DEP_8a85bba4317d5ddd57923892,DEPCORE_903a03178ce0126cd4d9d643,DEPRES_50adf88e3015156d4b86c429,SHAPE_5abd404038079b022c1aa977,273318820529513888888888888888888888888888888888888888888888888888888888888888888888888888888888889/1250000000000000000000000000000000000000000000000000000000000000000000000000000000000000000000000,87500000000000000000000000000000000000000000000000000000000000000000000000000000000000000000000000/91106273509837962962962962962962962962962962962962962962962962962962962962962962962962962962962963|607638888888888888888888888888888888888888888888888888888888888888888888888888888888888888888888889/1457700376157407407407407407407407407407407407407407407407407407407407407407407407407407407407407408000|1|667/4373101128472222222222222222222222222222222222222222222222222222222222222222222222222222222222222224000|0|-1/2186550564236111111111111111111111111111111111111111111111111111111111111111111111111111111111111112,NONE,NONE
250,TPL_b107f13980cf900866675b2f,TOK_ca1a4fa8963f8e10ff2b51f8,LEGAL_LOCAL_TEMPLATE,UNARY_CONJUGATE,ONE_BODY_CONJUGATE,1,12,12,0,negative,12,negative_credit,ACTIVE_LIFT,LOCAL_R2_LIFT,15.00,15,2,-15.00,-15,2,30.00,30,2,32.49999999999999999999999999999999999999999999999999999999999999999999999999999999999999999999999999,3249999999999999999999999999999999999999999999999999999999999999999999999999999999999999999999999999/100000000000000000000000000000000000000000000000000000000000000000000000000000000000000000000000000,98,4.062499999999999999999999999999999999999999999999999999999999999999999999999999999999999999999999999,4062499999999999999999999999999999999999999999999999999999999999999999999999999999999999999999999999/1000000000000000000000000000000000000000000000000000000000000000000000000000000000000000000000000000,99,28.43749999999999999999999999999999999999999999999999999999999999999999999999999999999999999999999999,2843749999999999999999999999999999999999999999999999999999999999999999999999999999999999999999999999/100000000000000000000000000000000000000000000000000000000000000000000000000000000000000000000000000,98,249999999999999999999999999999999999999999999999999999999999999999999999999999999999999999999999999/100000000000000000000000000000000000000000000000000000000000000000000000000000000000000000000000000,65/2,0,-1/100000000000000000000000000000000000000000000000000000000000000000000000000000000000000000000000000,1/4000000000000000000000000000000000000000000000000000000000000000000000000000000000000000000000000000,-1/800000000000000000000000000000000000000000000000000000000000000000000000000000000000000000000000000,1/1000000000000000000000000000000000000000000000000000000000000000000000000000000000000000000000000000,RAWNUM_1426ce1f42e9bc2ed07bd56a,TYPEDRAW_c6c38bfa7db04f6c059383ad,DEP_7970d2ef20af928af909cd0d,DEPCORE_5b727a9d4c6566b809829b78,DEPRES_75774de63bac6860efcfe05f,SHAPE_348feb9a7ef50653828770f1,3249999999999999999999999999999999999999999999999999999999999999999999999999999999999999999999999999/100000000000000000000000000000000000000000000000000000000000000000000000000000000000000000000000000,500000000000000000000000000000000000000000000000000000000000000000000000000000000000000000000000000/1083333333333333333333333333333333333333333333333333333333333333333333333333333333333333333333333333|-500000000000000000000000000000000000000000000000000000000000000000000000000000000000000000000000000/1083333333333333333333333333333333333333333333333333333333333333333333333333333333333333333333333333|1|0|1/129999999999999999999999999999999999999999999999999999999999999999999999999999999999999999999999999960|-1/25999999999999999999999999999999999999999999999999999999999999999999999999999999999999999999999999992,NONE,NONE
251,TPL_de35bafbb4e375bb5982e52d,TOK_ca2c0798bb39a72c9f408ac0,LEGAL_LOCAL_TEMPLATE,UNORDERED_TRIAD,THREE_BODY_COLOR,3,2+3+8,2|3|8,3,positive,1,positive_debit,ACTIVE_LIFT,LOCAL_R2_LIFT,2772,2772,0,0.2339409722222222222222222222222222222222222222222222222222222222222222222222222222222222222222222222,1169704861111111111111111111111111111111111111111111111111111111111111111111111111111111111111111111/5000000000000000000000000000000000000000000000000000000000000000000000000000000000000000000000000000,100,2771.766059027777777777777777777777777777777777777777777777777777777777777777777777777777777777777778,1385883029513888888888888888888888888888888888888888888888888888888888888888888888888888888888888889/500000000000000000000000000000000000000000000000000000000000000000000000000000000000000000000000,96,2791.014434437692901234567901234567901234567901234567901234567901234567901234567901234567901234567900,27910144344376929012345679012345679012345679012345679012345679012345679012345679012345679012345679/10000000000000000000000000000000000000000000000000000000000000000000000000000000000000000000000,96,348.8768043047116126543209876543209876543209876543209876543209876543209876543209876543209876543209875,27910144344376929012345679012345679012345679012345679012345679012345679012345679012345679012345679/80000000000000000000000000000000000000000000000000000000000000000000000000000000000000000000000,97,2442.137630132981288580246913580246913580246913580246913580246913580246913580246913580246913580246912,19079200235413916317033179012345679012345679012345679012345679012345679012345679012345679012345679/7812500000000000000000000000000000000000000000000000000000000000000000000000000000000000000000,96,9624187704957561728395061728395061728395061728395061728395061728395061728395061728395061728395061/500000000000000000000000000000000000000000000000000000000000000000000000000000000000000000000000,13396869285300925925925925925925925925925925925925925925925925925925925925925925925925925925925925927/4800000000000000000000000000000000000000000000000000000000000000000000000000000000000000000000000,1111/5000000000000000000000000000000000000000000000000000000000000000000000000000000000000000000000000000,-7/4800000000000000000000000000000000000000000000000000000000000000000000000000000000000000000000000,0,-1/2000000000000000000000000000000000000000000000000000000000000000000000000000000000000000000000000,1/2000000000000000000000000000000000000000000000000000000000000000000000000000000000000000000000000,RAWNUM_7f7161662f71b7001c01d73d,TYPEDRAW_518d77ee2f68110b70698a27,DEP_d50a2b419f39c0e8cb8c5c98,DEPCORE_63865e1462cf70abd6d142af,DEPRES_03295fcd836afeca64cb6c6b,SHAPE_217faed3795916d3f319460d,27910144344376929012345679012345679012345679012345679012345679012345679012345679012345679012345679/10000000000000000000000000000000000000000000000000000000000000000000000000000000000000000000000,9240000000000000000000000000000000000000000000000000000000000000000000000000000000000000000000000/9303381448125643004115226337448559670781893004115226337448559670781893004115226337448559670781893|1169704861111111111111111111111111111111111111111111111111111111111111111111111111111111111111111111/13955072172188464506172839506172839506172839506172839506172839506172839506172839506172839506172839500000|1|1111/13955072172188464506172839506172839506172839506172839506172839506172839506172839506172839506172839500000|0|-1/5582028868875385802469135802469135802469135802469135802469135802469135802469135802469135802469135800,NONE,NONE
252,TPL_a89b5c38efeb69941abae6c3,TOK_ca65f5635bb896fd6673eb24,LEGAL_LOCAL_TEMPLATE,UNORDERED_TRIAD,THREE_BODY_COLOR,3,4+8+9,4|8|9,0,negative,4,negative_credit,ACTIVE_LIFT,LOCAL_R2_LIFT,5796,5796,0,-3381.000000000000000000000000000000000000000000000000000000000000000000000000000000000000000000000000,-3381,96,9177.000000000000000000000000000000000000000000000000000000000000000000000000000000000000000000000000,9177,96,9431.916666666666666666666666666666666666666666666666666666666666666666666666666666666666666666666669,9431916666666666666666666666666666666666666666666666666666666666666666666666666666666666666666666669/1000000000000000000000000000000000000000000000000000000000000000000000000000000000000000000000000,96,1178.989583333333333333333333333333333333333333333333333333333333333333333333333333333333333333333334,589494791666666666666666666666666666666666666666666666666666666666666666666666666666666666666666667/500000000000000000000000000000000000000000000000000000000000000000000000000000000000000000000000,96,8252.927083333333333333333333333333333333333333333333333333333333333333333333333333333333333333333335,1650585416666666666666666666666666666666666666666666666666666666666666666666666666666666666666666667/200000000000000000000000000000000000000000000000000000000000000000000000000000000000000000000000,96,254916666666666666666666666666666666666666666666666666666666666666666666666666666666666666666666669/1000000000000000000000000000000000000000000000000000000000000000000000000000000000000000000000000,113183/12,0,7/3000000000000000000000000000000000000000000000000000000000000000000000000000000000000000000000000,3/8000000000000000000000000000000000000000000000000000000000000000000000000000000000000000000000000,-3/8000000000000000000000000000000000000000000000000000000000000000000000000000000000000000000000000,0,RAWNUM_b56ceca96b3b4eb78522c4df,TYPEDRAW_075adaa3a07b66a2dc966477,DEP_220454e0045789167f5c9684,DEPCORE_1d6c3de5a035dd6a6c177d9a,DEPRES_116cb9d253d1f9da96ab485a,SHAPE_b347d36d25aede7c2892cc70,9431916666666666666666666666666666666666666666666666666666666666666666666666666666666666666666666669/1000000000000000000000000000000000000000000000000000000000000000000000000000000000000000000000000,92000000000000000000000000000000000000000000000000000000000000000000000000000000000000000000000000/149712962962962962962962962962962962962962962962962962962962962962962962962962962962962962962962963|-161000000000000000000000000000000000000000000000000000000000000000000000000000000000000000000000000/449138888888888888888888888888888888888888888888888888888888888888888888888888888888888888888888889|1|0|1/25151777777777777777777777777777777777777777777777777777777777777777777777777777777777777777777777784|-1/25151777777777777777777777777777777777777777777777777777777777777777777777777777777777777777777777784,NONE,NONE
253,TPL_804752ff46d97784e910219c,TOK_cc014d1b09b298bdf49e6473,LEGAL_LOCAL_TEMPLATE,UNORDERED_TRIAD,THREE_BODY_COLOR,3,8+9+9,8|9|9,3,negative,1,negative_credit,ACTIVE_LIFT,LOCAL_R2_LIFT,8136,8136,0,-0.6866319444444444444444444444444444444444444444444444444444444444444444444444444444444444444444444442,-3433159722222222222222222222222222222222222222222222222222222222222222222222222222222222222222222221/5000000000000000000000000000000000000000000000000000000000000000000000000000000000000000000000000000,100,8136.686631944444444444444444444444444444444444444444444444444444444444444444444444444444444444444444,2034171657986111111111111111111111111111111111111111111111111111111111111111111111111111111111111111/250000000000000000000000000000000000000000000000000000000000000000000000000000000000000000000000,96,8193.191400221836419753086419753086419753086419753086419753086419753086419753086419753086419753086416,512074462513864776234567901234567901234567901234567901234567901234567901234567901234567901234567901/62500000000000000000000000000000000000000000000000000000000000000000000000000000000000000000000,96,1024.148925027729552469135802469135802469135802469135802469135802469135802469135802469135802469135802,512074462513864776234567901234567901234567901234567901234567901234567901234567901234567901234567901/500000000000000000000000000000000000000000000000000000000000000000000000000000000000000000000000,96,7169.042475194106867283950617283950617283950617283950617283950617283950617283950617283950617283950614,3584521237597053433641975308641975308641975308641975308641975308641975308641975308641975308641975307/500000000000000000000000000000000000000000000000000000000000000000000000000000000000000000000000,96,14126192069347993827160493827160493827160493827160493827160493827160493827160493827160493827160493/250000000000000000000000000000000000000000000000000000000000000000000000000000000000000000000000,58990978081597222222222222222222222222222222222222222222222222222222222222222222222222222222222222219/7200000000000000000000000000000000000000000000000000000000000000000000000000000000000000000000000,-2221/5000000000000000000000000000000000000000000000000000000000000000000000000000000000000000000000000000,-119/36000000000000000000000000000000000000000000000000000000000000000000000000000000000000000000000000,0,0,0,RAWNUM_b7a2957f81efcd6f420686a0,TYPEDRAW_39201afe465f3790b8ced760,DEP_f82f3ec5cce4d8d524c0b0b5,DEPCORE_97902f75d58ac850ecc82a98,DEPRES_cb7edcfffa02aea92e9d34e6,SHAPE_499d82e8c0396eaf08b8164b,512074462513864776234567901234567901234567901234567901234567901234567901234567901234567901234567901/62500000000000000000000000000000000000000000000000000000000000000000000000000000000000000000000,169500000000000000000000000000000000000000000000000000000000000000000000000000000000000000000000000/170691487504621592078189300411522633744855967078189300411522633744855967078189300411522633744855967|-3433159722222222222222222222222222222222222222222222222222222222222222222222222222222222222222222221/40965957001109182098765432098765432098765432098765432098765432098765432098765432098765432098765432080000|1|-2221/40965957001109182098765432098765432098765432098765432098765432098765432098765432098765432098765432080000|0|0,NONE,NONE
254,TPL_09e6e04db362da7cdb725215,TOK_cc1f12d7e135b14113b60b32,LEGAL_LOCAL_TEMPLATE,UNARY_CONJUGATE,ONE_BODY_CONJUGATE,1,3,3,2,positive,3,positive_debit,ACTIVE_LIFT,LOCAL_R2_LIFT,648.0,648,1,1.125,9/8,3,646.875,5175/8,3,660.3515624999999999999999999999999999999999999999999999999999999999999999999999999999999999999999998,3301757812499999999999999999999999999999999999999999999999999999999999999999999999999999999999999999/5000000000000000000000000000000000000000000000000000000000000000000000000000000000000000000000000,97,82.54394531249999999999999999999999999999999999999999999999999999999999999999999999999999999999999998,4127197265624999999999999999999999999999999999999999999999999999999999999999999999999999999999999999/50000000000000000000000000000000000000000000000000000000000000000000000000000000000000000000000000,98,577.8076171874999999999999999999999999999999999999999999999999999999999999999999999999999999999999999,5778076171874999999999999999999999999999999999999999999999999999999999999999999999999999999999999999/10000000000000000000000000000000000000000000000000000000000000000000000000000000000000000000000000,97,67382812499999999999999999999999999999999999999999999999999999999999999999999999999999999999999999/5000000000000000000000000000000000000000000000000000000000000000000000000000000000000000000000000,84525/128,0,-1/5000000000000000000000000000000000000000000000000000000000000000000000000000000000000000000000000,1/200000000000000000000000000000000000000000000000000000000000000000000000000000000000000000000000000,3/40000000000000000000000000000000000000000000000000000000000000000000000000000000000000000000000000,-1/12500000000000000000000000000000000000000000000000000000000000000000000000000000000000000000000000,RAWNUM_d7e72f346f2bbeb7deea637e,TYPEDRAW_9582b89cc66c853bcbbed156,DEP_0c7f26c82878c773bbc45fb4,DEPCORE_a5701bb32ac670a93687c73e,DEPRES_538e4b0eb9d560390a404d7a,SHAPE_ca771f9aed956c5dae0ccce7,3301757812499999999999999999999999999999999999999999999999999999999999999999999999999999999999999999/5000000000000000000000000000000000000000000000000000000000000000000000000000000000000000000000000,3240000000000000000000000000000000000000000000000000000000000000000000000000000000000000000000000000/3301757812499999999999999999999999999999999999999999999999999999999999999999999999999999999999999999|5625000000000000000000000000000000000000000000000000000000000000000000000000000000000000000000000/3301757812499999999999999999999999999999999999999999999999999999999999999999999999999999999999999999|1|0|1/132070312499999999999999999999999999999999999999999999999999999999999999999999999999999999999999999960|3/26414062499999999999999999999999999999999999999999999999999999999999999999999999999999999999999999992,NONE,NONE
255,TPL_bc2c7de46881f6be23cbad31,TOK_cc6b6453a3deb642848645ca,LEGAL_LOCAL_TEMPLATE,UNARY_DIRECT,ONE_BODY_DIRECT,1,4,4,0,negative,4,zero_contact,ACTIVE_LIFT,LOCAL_R2_LIFT,6.0,6,1,0,0,0,6.0,6,1,6.166666666666666666666666666666666666666666666666666666666666666666666666666666666666666666666666668,1541666666666666666666666666666666666666666666666666666666666666666666666666666666666666666666666667/250000000000000000000000000000000000000000000000000000000000000000000000000000000000000000000000000,99,0.7708333333333333333333333333333333333333333333333333333333333333333333333333333333333333333333333335,1541666666666666666666666666666666666666666666666666666666666666666666666666666666666666666666666667/2000000000000000000000000000000000000000000000000000000000000000000000000000000000000000000000000000,100,5.395833333333333333333333333333333333333333333333333333333333333333333333333333333333333333333333335,1079166666666666666666666666666666666666666666666666666666666666666666666666666666666666666666666667/200000000000000000000000000000000000000000000000000000000000000000000000000000000000000000000000000,99,41666666666666666666666666666666666666666666666666666666666666666666666666666666666666666666666667/250000000000000000000000000000000000000000000000000000000000000000000000000000000000000000000000000,37/6,0,1/750000000000000000000000000000000000000000000000000000000000000000000000000000000000000000000000000,0,1/2000000000000000000000000000000000000000000000000000000000000000000000000000000000000000000000000000,-1/2000000000000000000000000000000000000000000000000000000000000000000000000000000000000000000000000000,RAWNUM_67ba3f8fedd21591c2aef52c,TYPEDRAW_abab7e8163759d94c60a5586,DEP_dbc3d535051d4c74456235d5,DEPCORE_865e9f05a43fdd996cadea9d,DEPRES_e140beab9d71edc160054e97,SHAPE_09c83e864646b975b3711709,1541666666666666666666666666666666666666666666666666666666666666666666666666666666666666666666666667/250000000000000000000000000000000000000000000000000000000000000000000000000000000000000000000000000,500000000000000000000000000000000000000000000000000000000000000000000000000000000000000000000000000/513888888888888888888888888888888888888888888888888888888888888888888888888888888888888888888888889|0|1|0|0|1/12333333333333333333333333333333333333333333333333333333333333333333333333333333333333333333333333336,NONE,NONE
256,TPL_9bf0e03dd977fe958b790cc9,TOK_cc8613b171d1809b60a46243,LEGAL_LOCAL_TEMPLATE,UNARY_DIRECT,ONE_BODY_DIRECT,1,1,1,0,negative,1,zero_contact,ACTIVE_LIFT,LOCAL_R2_LIFT,1.5,3/2,1,0,0,0,1.5,3/2,1,1.510416666666666666666666666666666666666666666666666666666666666666666666666666666666666666666666666,755208333333333333333333333333333333333333333333333333333333333333333333333333333333333333333333333/500000000000000000000000000000000000000000000000000000000000000000000000000000000000000000000000000,99,0.1888020833333333333333333333333333333333333333333333333333333333333333333333333333333333333333333332,472005208333333333333333333333333333333333333333333333333333333333333333333333333333333333333333333/2500000000000000000000000000000000000000000000000000000000000000000000000000000000000000000000000000,100,1.321614583333333333333333333333333333333333333333333333333333333333333333333333333333333333333333332,330403645833333333333333333333333333333333333333333333333333333333333333333333333333333333333333333/250000000000000000000000000000000000000000000000000000000000000000000000000000000000000000000000000,99,5208333333333333333333333333333333333333333333333333333333333333333333333333333333333333333333333/500000000000000000000000000000000000000000000000000000000000000000000000000000000000000000000000000,145/96,0,-1/1500000000000000000000000000000000000000000000000000000000000000000000000000000000000000000000000000,-1/20000000000000000000000000000000000000000000000000000000000000000000000000000000000000000000000000000,-3/4000000000000000000000000000000000000000000000000000000000000000000000000000000000000000000000000000,1/1250000000000000000000000000000000000000000000000000000000000000000000000000000000000000000000000000,RAWNUM_e6761395a3634ca280da8912,TYPEDRAW_a89b6afb9c834a9687528a32,DEP_cb8a37091eb775262bde4877,DEPCORE_736c7edbe569f4d62315ca2c,DEPRES_fc4c86db9f9dfe6254254243,SHAPE_b592c1501911cd6ce986cd89,755208333333333333333333333333333333333333333333333333333333333333333333333333333333333333333333333/500000000000000000000000000000000000000000000000000000000000000000000000000000000000000000000000000,250000000000000000000000000000000000000000000000000000000000000000000000000000000000000000000000000/251736111111111111111111111111111111111111111111111111111111111111111111111111111111111111111111111|0|1|0|-1/30208333333333333333333333333333333333333333333333333333333333333333333333333333333333333333333333320|-1/2013888888888888888888888888888888888888888888888888888888888888888888888888888888888888888888888888,NONE,NONE
257,TPL_d2e1ea31f6dc4f155c237c1a,TOK_ccec4d7fc9efda1326300a2b,LEGAL_LOCAL_TEMPLATE,UNORDERED_TRIAD,THREE_BODY_COLOR,3,2+2+8,2|2|8,0,positive,2,positive_debit,ACTIVE_LIFT,LOCAL_R2_LIFT,2592,2592,0,1080.000000000000000000000000000000000000000000000000000000000000000000000000000000000000000000000000,1080,96,1512.000000000000000000000000000000000000000000000000000000000000000000000000000000000000000000000000,1512,96,1533.000000000000000000000000000000000000000000000000000000000000000000000000000000000000000000000000,1533,96,191.625000000000000000000000000000000000000000000000000000000000000000000000000000000000000000000000,1533/8,96,1341.37500000000000000000000000000000000000000000000000000000000000000000000000000000000000000000000,10731/8,95,21,1533,0,0,0,0,0,RAWNUM_835805fa27a64c18334a920e,TYPEDRAW_2a5fcfab8e1c5136cd22b844,DEP_e049612b5feccfb156600952,DEPCORE_89188744179bbbebd3ab1179,DEPRES_73ca7a9ed16e954dab204089,SHAPE_d6cc353d0b726432738a35a7,2592,1|5/12|511/864|0|0|0,NONE,NONE
258,TPL_6eaa8b8e3e450a51fb8f6290,TOK_cdfecf9c70c4a937232700d1,LEGAL_LOCAL_TEMPLATE,UNORDERED_TRIAD,THREE_BODY_COLOR,3,3+8+9,3|8|9,3,negative,5,negative_credit,ACTIVE_LIFT,LOCAL_R2_LIFT,5544,5544,0,-1.537326388888888888888888888888888888888888888888888888888888888888888888888888888888888888888888889,-1537326388888888888888888888888888888888888888888888888888888888888888888888888888888888888888888889/1000000000000000000000000000000000000000000000000000000000000000000000000000000000000000000000000000,99,5545.537326388888888888888888888888888888888888888888888888888888888888888888888888888888888888888889,5545537326388888888888888888888888888888888888888888888888888888888888888888888888888888888888888889/1000000000000000000000000000000000000000000000000000000000000000000000000000000000000000000000000,96,5738.090705777391975308641975308641975308641975308641975308641975308641975308641975308641975308641974,2869045352888695987654320987654320987654320987654320987654320987654320987654320987654320987654320987/500000000000000000000000000000000000000000000000000000000000000000000000000000000000000000000000,96,717.2613382221739969135802469135802469135802469135802469135802469135802469135802469135802469135802468,1793153345555434992283950617283950617283950617283950617283950617283950617283950617283950617283950617/2500000000000000000000000000000000000000000000000000000000000000000000000000000000000000000000000,97,5020.829367555217978395061728395061728395061728395061728395061728395061728395061728395061728395061728,156900917736100561824845679012345679012345679012345679012345679012345679012345679012345679012345679/31250000000000000000000000000000000000000000000000000000000000000000000000000000000000000000000,96,38510675877700617283950617283950617283950617283950617283950617283950617283950617283950617283950617/200000000000000000000000000000000000000000000000000000000000000000000000000000000000000000000000,826285061631944444444444444444444444444444444444444444444444444444444444444444444444444444444444444461/144000000000000000000000000000000000000000000000000000000000000000000000000000000000000000000000000,111/1000000000000000000000000000000000000000000000000000000000000000000000000000000000000000000000000000,-41/28800000000000000000000000000000000000000000000000000000000000000000000000000000000000000000000000,1/20000000000000000000000000000000000000000000000000000000000000000000000000000000000000000000000000,3/4000000000000000000000000000000000000000000000000000000000000000000000000000000000000000000000000,-1/1250000000000000000000000000000000000000000000000000000000000000000000000000000000000000000000000,RAWNUM_422d8fccbb811be27c426ddc,TYPEDRAW_7020c79ba0d85fe151a255d9,DEP_0b2328bedd9aefa60017ad2d,DEPCORE_5630fd5f414f0332ec320d53,DEPRES_f4194a96bdb964fe718e6694,SHAPE_12b83d32785837bd8d296bfb,2869045352888695987654320987654320987654320987654320987654320987654320987654320987654320987654320987/500000000000000000000000000000000000000000000000000000000000000000000000000000000000000000000000,2772000000000000000000000000000000000000000000000000000000000000000000000000000000000000000000000000/2869045352888695987654320987654320987654320987654320987654320987654320987654320987654320987654320987|-1537326388888888888888888888888888888888888888888888888888888888888888888888888888888888888888888889/5738090705777391975308641975308641975308641975308641975308641975308641975308641975308641975308641974000|1|111/5738090705777391975308641975308641975308641975308641975308641975308641975308641975308641975308641974000|1/114761814115547839506172839506172839506172839506172839506172839506172839506172839506172839506172839480|3/22952362823109567901234567901234567901234567901234567901234567901234567901234567901234567901234567896,NONE,NONE
259,TPL_13e4d3b7bd36b91e56ab6b82,TOK_ce7be0c469cc6c073a368cfd,REJECTED,UNORDERED_TRIAD,THREE_BODY_COLOR,3,6+6+6,6|6|6,0,neutral,0,positive_debit,ZERO_SUPPORT,ZERO_SUPPORT_NONLOCAL_OR_REJECTED,3888,3888,0,4860.00,4860,2,-972.00,-972,2,0,0,0,0,0,0,0,0,0,972,0,0,0,0,0,0,RAWNUM_4aa0f003448921912784f29b,TYPEDRAW_962f141216abf68ecb70e9c1,DEP_f105c61736f14ca4b06c4108,DEPCORE_c50c1b0a9889f83be6438b74,DEPRES_73ca7a9ed16e954dab204089,SHAPE_aca101b390433fda81ae9569,4860,4/5|1|0|0|0|0,NONE,NONE
260,TPL_2b40a36eeb0a2bce4c36c52c,TOK_cf1919031d51013b58e30306,LEGAL_LOCAL_TEMPLATE,UNARY_DIRECT,ONE_BODY_DIRECT,1,12,12,0,negative,12,zero_contact,ACTIVE_LIFT,LOCAL_R2_LIFT,18.0,18,1,0,0,0,18.0,18,1,19.49999999999999999999999999999999999999999999999999999999999999999999999999999999999999999999999999,1949999999999999999999999999999999999999999999999999999999999999999999999999999999999999999999999999/100000000000000000000000000000000000000000000000000000000000000000000000000000000000000000000000000,98,2.437499999999999999999999999999999999999999999999999999999999999999999999999999999999999999999999999,2437499999999999999999999999999999999999999999999999999999999999999999999999999999999999999999999999/1000000000000000000000000000000000000000000000000000000000000000000000000000000000000000000000000000,99,17.06249999999999999999999999999999999999999999999999999999999999999999999999999999999999999999999999,1706249999999999999999999999999999999999999999999999999999999999999999999999999999999999999999999999/100000000000000000000000000000000000000000000000000000000000000000000000000000000000000000000000000,98,149999999999999999999999999999999999999999999999999999999999999999999999999999999999999999999999999/100000000000000000000000000000000000000000000000000000000000000000000000000000000000000000000000000,39/2,0,-1/100000000000000000000000000000000000000000000000000000000000000000000000000000000000000000000000000,1/4000000000000000000000000000000000000000000000000000000000000000000000000000000000000000000000000000,-1/800000000000000000000000000000000000000000000000000000000000000000000000000000000000000000000000000,1/1000000000000000000000000000000000000000000000000000000000000000000000000000000000000000000000000000,RAWNUM_9032b07e549082af843e9939,TYPEDRAW_bff902fe96b4f6815f254b72,DEP_7cce14b52bc9c9d1303ebf45,DEPCORE_0589fbdf8e2bf03e8802dc20,DEPRES_75774de63bac6860efcfe05f,SHAPE_5e90dff78e605adc11453597,1949999999999999999999999999999999999999999999999999999999999999999999999999999999999999999999999999/100000000000000000000000000000000000000000000000000000000000000000000000000000000000000000000000000,1800000000000000000000000000000000000000000000000000000000000000000000000000000000000000000000000000/1949999999999999999999999999999999999999999999999999999999999999999999999999999999999999999999999999|0|1|0|1/77999999999999999999999999999999999999999999999999999999999999999999999999999999999999999999999999960|-1/15599999999999999999999999999999999999999999999999999999999999999999999999999999999999999999999999992,NONE,NONE
261,TPL_0ac13fd9870897ac6d4cc5f8,TOK_cf8150edaa7bd5cda911bee4,LEGAL_LOCAL_TEMPLATE,UNORDERED_TRIAD,THREE_BODY_COLOR,3,2+3+9,2|3|9,3,negative,1,negative_credit,ACTIVE_LIFT,LOCAL_R2_LIFT,3384,3384,0,-0.2855902777777777777777777777777777777777777777777777777777777777777777777777777777777777777777777777,-2855902777777777777777777777777777777777777777777777777777777777777777777777777777777777777777777777/10000000000000000000000000000000000000000000000000000000000000000000000000000000000000000000000000000,100,3384.285590277777777777777777777777777777777777777777777777777777777777777777777777777777777777777778,1692142795138888888888888888888888888888888888888888888888888888888888888888888888888888888888888889/500000000000000000000000000000000000000000000000000000000000000000000000000000000000000000000000,96,3407.787573543595679012345679012345679012345679012345679012345679012345679012345679012345679012345678,1703893786771797839506172839506172839506172839506172839506172839506172839506172839506172839506172839/500000000000000000000000000000000000000000000000000000000000000000000000000000000000000000000000,96,425.9734466929494598765432098765432098765432098765432098765432098765432098765432098765432098765432098,2129867233464747299382716049382716049382716049382716049382716049382716049382716049382716049382716049/5000000000000000000000000000000000000000000000000000000000000000000000000000000000000000000000000,97,2981.814126850646219135802469135802469135802469135802469135802469135802469135802469135802469135802469,2981814126850646219135802469135802469135802469135802469135802469135802469135802469135802469135802469/1000000000000000000000000000000000000000000000000000000000000000000000000000000000000000000000000,96,235019832658179012345679012345679012345679012345679012345679012345679012345679012345679012345679/10000000000000000000000000000000000000000000000000000000000000000000000000000000000000000000000,49072141059027777777777777777777777777777777777777777777777777777777777777777777777777777777777777781/14400000000000000000000000000000000000000000000000000000000000000000000000000000000000000000000000,2223/10000000000000000000000000000000000000000000000000000000000000000000000000000000000000000000000000000,-89/72000000000000000000000000000000000000000000000000000000000000000000000000000000000000000000000000,1/20000000000000000000000000000000000000000000000000000000000000000000000000000000000000000000000000,3/4000000000000000000000000000000000000000000000000000000000000000000000000000000000000000000000000,-1/1250000000000000000000000000000000000000000000000000000000000000000000000000000000000000000000000,RAWNUM_f8db1fb7d2f85a55ac25be47,TYPEDRAW_e747b2df651be845f2e328df,DEP_474244754f8a4c074182d7a9,DEPCORE_b7abdd3f8e0176a2f01680f9,DEPRES_08a75a5f230da3618fb34f9d,SHAPE_2d4b549f82851044da8af7f6,1703893786771797839506172839506172839506172839506172839506172839506172839506172839506172839506172839/500000000000000000000000000000000000000000000000000000000000000000000000000000000000000000000000,1692000000000000000000000000000000000000000000000000000000000000000000000000000000000000000000000000/1703893786771797839506172839506172839506172839506172839506172839506172839506172839506172839506172839|-2855902777777777777777777777777777777777777777777777777777777777777777777777777777777777777777777777/34077875735435956790123456790123456790123456790123456790123456790123456790123456790123456790123456780000|1|2223/34077875735435956790123456790123456790123456790123456790123456790123456790123456790123456790123456780000|1/68155751470871913580246913580246913580246913580246913580246913580246913580246913580246913580246913560|3/13631150294174382716049382716049382716049382716049382716049382716049382716049382716049382716049382712,NONE,NONE
262,TPL_1096cc15d3fdedcfe912216b,TOK_d03e6c47b87df617c783889e,LEGAL_LOCAL_TEMPLATE,UNORDERED_TRIAD,THREE_BODY_COLOR,3,1+4+9,1|4|9,3,negative,3,negative_credit,ACTIVE_LIFT,LOCAL_R2_LIFT,3528,3528,0,-0.6380208333333333333333333333333333333333333333333333333333333333333333333333333333333333333333333334,-3190104166666666666666666666666666666666666666666666666666666666666666666666666666666666666666666667/5000000000000000000000000000000000000000000000000000000000000000000000000000000000000000000000000000,100,3528.638020833333333333333333333333333333333333333333333333333333333333333333333333333333333333333333,3528638020833333333333333333333333333333333333333333333333333333333333333333333333333333333333333333/1000000000000000000000000000000000000000000000000000000000000000000000000000000000000000000000000,96,3602.151312934027777777777777777777777777777777777777777777777777777777777777777777777777777777777776,225134457058376736111111111111111111111111111111111111111111111111111111111111111111111111111111111/62500000000000000000000000000000000000000000000000000000000000000000000000000000000000000000000,96,450.268914116753472222222222222222222222222222222222222222222222222222222222222222222222222222222222,225134457058376736111111111111111111111111111111111111111111111111111111111111111111111111111111111/500000000000000000000000000000000000000000000000000000000000000000000000000000000000000000000000,96,3151.882398817274305555555555555555555555555555555555555555555555555555555555555555555555555555555554,1575941199408637152777777777777777777777777777777777777777777777777777777777777777777777777777777777/500000000000000000000000000000000000000000000000000000000000000000000000000000000000000000000000,96,73513292100694444444444444444444444444444444444444444444444444444444444444444444444444444444444443/1000000000000000000000000000000000000000000000000000000000000000000000000000000000000000000000000,57634421006944444444444444444444444444444444444444444444444444444444444444444444444444444444444444439/16000000000000000000000000000000000000000000000000000000000000000000000000000000000000000000000000,-1667/5000000000000000000000000000000000000000000000000000000000000000000000000000000000000000000000000000,-23/16000000000000000000000000000000000000000000000000000000000000000000000000000000000000000000000000,0,0,0,RAWNUM_26c8a605a07e0bd974aaec44,TYPEDRAW_30bfc901c2f42e8cb7823aae,DEP_2c66f9a466a36060ca1650e0,DEPCORE_f9aef145ef980137300347a9,DEPRES_0b74dbfd672bc344f4610ede,SHAPE_07693e05f65387d378206c41,225134457058376736111111111111111111111111111111111111111111111111111111111111111111111111111111111/62500000000000000000000000000000000000000000000000000000000000000000000000000000000000000000000,73500000000000000000000000000000000000000000000000000000000000000000000000000000000000000000000000/75044819019458912037037037037037037037037037037037037037037037037037037037037037037037037037037037|-3190104166666666666666666666666666666666666666666666666666666666666666666666666666666666666666666667/18010756564670138888888888888888888888888888888888888888888888888888888888888888888888888888888888880000|1|-1667/18010756564670138888888888888888888888888888888888888888888888888888888888888888888888888888888888880000|0|0,NONE,NONE
263,TPL_fd4567a16909c6d0100564cc,TOK_d0774c00cf20b1ac70adba09,LEGAL_LOCAL_TEMPLATE,ORDERED_PAIR,TWO_BODY_PAIR,2,1+2,1|2,3,negative,1,negative_credit,ACTIVE_LIFT,LOCAL_R2_LIFT,27,27,0,-0.005208333333333333333333333333333333333333333333333333333333333333333333333333333333333333333333333333,-5208333333333333333333333333333333333333333333333333333333333333333333333333333333333333333333333333/1000000000000000000000000000000000000000000000000000000000000000000000000000000000000000000000000000000,102,27.00520833333333333333333333333333333333333333333333333333333333333333333333333333333333333333333333,2700520833333333333333333333333333333333333333333333333333333333333333333333333333333333333333333333/100000000000000000000000000000000000000000000000000000000000000000000000000000000000000000000000000,98,27.19274450231481481481481481481481481481481481481481481481481481481481481481481481481481481481481480,67981861255787037037037037037037037037037037037037037037037037037037037037037037037037037037037037/2500000000000000000000000000000000000000000000000000000000000000000000000000000000000000000000000,98,3.39909306278935185185185185185185185185185185185185185185185185185185185185185185185185185185185185,67981861255787037037037037037037037037037037037037037037037037037037037037037037037037037037037037/20000000000000000000000000000000000000000000000000000000000000000000000000000000000000000000000000,98,23.79365143952546296296296296296296296296296296296296296296296296296296296296296296296296296296296295,475873028790509259259259259259259259259259259259259259259259259259259259259259259259259259259259259/20000000000000000000000000000000000000000000000000000000000000000000000000000000000000000000000000,98,18753616898148148148148148148148148148148148148148148148148148148148148148148148148148148148148147/100000000000000000000000000000000000000000000000000000000000000000000000000000000000000000000000000,26105034722222222222222222222222222222222222222222222222222222222222222222222222222222222222222222219/960000000000000000000000000000000000000000000000000000000000000000000000000000000000000000000000000,-3333/1000000000000000000000000000000000000000000000000000000000000000000000000000000000000000000000000000000,-11/960000000000000000000000000000000000000000000000000000000000000000000000000000000000000000000000000,0,0,0,RAWNUM_87bb984747d25d04e8d89f94,TYPEDRAW_85eb4fab8e19f9ac3920b32d,DEP_f7ab1da9b90016cb4a2c823a,DEPCORE_dfbf503037781143796853e4,DEPRES_65551fe2d1ada83ad9af6499,SHAPE_55209435d4edb457f4426260,67981861255787037037037037037037037037037037037037037037037037037037037037037037037037037037037037/2500000000000000000000000000000000000000000000000000000000000000000000000000000000000000000000000,7500000000000000000000000000000000000000000000000000000000000000000000000000000000000000000000000/7553540139531893004115226337448559670781893004115226337448559670781893004115226337448559670781893|-1736111111111111111111111111111111111111111111111111111111111111111111111111111111111111111111111111/9064248167438271604938271604938271604938271604938271604938271604938271604938271604938271604938271600000|1|-1111/9064248167438271604938271604938271604938271604938271604938271604938271604938271604938271604938271600000|0|0,NONE,NONE
264,TPL_6e1dec55bebc19dca54cdea5,TOK_d0d51441862226f488fc538a,LEGAL_LOCAL_TEMPLATE,UNARY_CONJUGATE,ONE_BODY_CONJUGATE,1,3,3,0,positive,3,positive_debit,ACTIVE_LIFT,LOCAL_R2_LIFT,4.5,9/2,1,1.125,9/8,3,3.375,27/8,3,3.445312499999999999999999999999999999999999999999999999999999999999999999999999999999999999999999999,3445312499999999999999999999999999999999999999999999999999999999999999999999999999999999999999999999/1000000000000000000000000000000000000000000000000000000000000000000000000000000000000000000000000000,99,0.4306640624999999999999999999999999999999999999999999999999999999999999999999999999999999999999999999,4306640624999999999999999999999999999999999999999999999999999999999999999999999999999999999999999999/10000000000000000000000000000000000000000000000000000000000000000000000000000000000000000000000000000,100,3.014648437499999999999999999999999999999999999999999999999999999999999999999999999999999999999999999,3014648437499999999999999999999999999999999999999999999999999999999999999999999999999999999999999999/1000000000000000000000000000000000000000000000000000000000000000000000000000000000000000000000000000,99,70312499999999999999999999999999999999999999999999999999999999999999999999999999999999999999999999/1000000000000000000000000000000000000000000000000000000000000000000000000000000000000000000000000000,441/128,0,-1/1000000000000000000000000000000000000000000000000000000000000000000000000000000000000000000000000000,1/40000000000000000000000000000000000000000000000000000000000000000000000000000000000000000000000000000,-1/8000000000000000000000000000000000000000000000000000000000000000000000000000000000000000000000000000,1/10000000000000000000000000000000000000000000000000000000000000000000000000000000000000000000000000000,RAWNUM_1fb9f82acef6ca4ea11753f3,TYPEDRAW_402c1f81aa1d717e11bd43b5,DEP_3b48564ae564b1ecdaa6b1fb,DEPCORE_8a2ce2ce0b21a26b48740cdc,DEPRES_af6c8ca56ec078e21e0fbf31,SHAPE_56453b4d3c9cedc1ea72db34,9/2,1|1/4|3445312499999999999999999999999999999999999999999999999999999999999999999999999999999999999999999999/4500000000000000000000000000000000000000000000000000000000000000000000000000000000000000000000000000|0|1/180000000000000000000000000000000000000000000000000000000000000000000000000000000000000000000000000000|-1/36000000000000000000000000000000000000000000000000000000000000000000000000000000000000000000000000000,NONE,NONE
265,TPL_87843d12de9af4e572a6fe82,TOK_d1187e6f5127f3b7490a01d8,REJECTED,EXPLICIT_CONTROL,REJECTED_CONTROL,0,1,,0,neutral,0,none,ZERO_FEE,ZERO_SUPPORT_NONLOCAL_OR_REJECTED,0,0,0,0,0,0,0,0,0,0,0,0,0,0,0,0,0,0,0,0,0,0,0,0,0,RAWNUM_8462963cd509903a12729896,TYPEDRAW_45c00561a33040b8291efd18,DEP_e546bab458df71c743a9276f,DEPCORE_d16eb49fda677ceeef042ceb,DEPRES_73ca7a9ed16e954dab204089,SHAPE_579ee4bf136113892323a924,0,0|0|0|0|0|0,NONE,NONE
266,TPL_9c4ec5ef7926f4b6e6c3c2a2,TOK_d1587ff30d72d0d6aba5ad40,LEGAL_LOCAL_TEMPLATE,ORDERED_PAIR,TWO_BODY_PAIR,2,3+3,3|3,1,neutral,0,positive_debit,ZERO_FEE,LOCAL_R2_LIFT,108,108,0,11.25,45/4,2,96.75,387/4,2,96.75,387/4,2,12.09375,387/32,5,84.65625,2709/32,5,0,387/4,0,0,0,0,0,RAWNUM_e24826e0ffd88fbd0d240c4d,TYPEDRAW_c38fa0b1cbdfcd9acb16a4e9,DEP_f5ddee5d1ec2e828fa6df335,DEPCORE_759a089dc9d463b3b9115617,DEPRES_73ca7a9ed16e954dab204089,SHAPE_8dce00b3b054a735194ec80d,108,1|5/48|43/48|0|0|0,NONE,NONE
267,TPL_39075f06581ac823a7f31508,TOK_d224ae8f18f72f3ed90611cb,LEGAL_LOCAL_TEMPLATE,UNARY_DIRECT,ONE_BODY_DIRECT,1,3,3,0,neutral,0,zero_contact,ZERO_FEE,LOCAL_R2_LIFT,0.375,3/8,3,0,0,0,0.375,3/8,3,0.375,3/8,3,0.046875,3/64,6,0.328125,21/64,6,0,3/8,0,0,0,0,0,RAWNUM_c46b557828268b70dcf0767b,TYPEDRAW_99328adaf951b2e974ac3625,DEP_53efcb49b3ab00293767a3bf,DEPCORE_c0dcf62ca629abee4ebfa850,DEPRES_73ca7a9ed16e954dab204089,SHAPE_4a5a7e41bcde015a08457156,3/8,1|0|1|0|0|0,NONE,NONE
268,TPL_7942c201cd330069ac23b186,TOK_d2fa3f5492d2a31a298396b6,LEGAL_LOCAL_TEMPLATE,UNORDERED_TRIAD,THREE_BODY_COLOR,3,1+1+2,1|1|2,3,positive,2,positive_debit,ACTIVE_LIFT,LOCAL_R2_LIFT,216,216,0,0.02864583333333333333333333333333333333333333333333333333333333333333333333333333333333333333333333334,1432291666666666666666666666666666666666666666666666666666666666666666666666666666666666666666666667/50000000000000000000000000000000000000000000000000000000000000000000000000000000000000000000000000000,101,215.9713541666666666666666666666666666666666666666666666666666666666666666666666666666666666666666667,2159713541666666666666666666666666666666666666666666666666666666666666666666666666666666666666666667/10000000000000000000000000000000000000000000000000000000000000000000000000000000000000000000000000,97,218.9709563078703703703703703703703703703703703703703703703703703703703703703703703703703703703703704,273713695384837962962962962962962962962962962962962962962962962962962962962962962962962962962962963/1250000000000000000000000000000000000000000000000000000000000000000000000000000000000000000000000,97,27.3713695384837962962962962962962962962962962962962962962962962962962962962962962962962962962962963,273713695384837962962962962962962962962962962962962962962962962962962962962962962962962962962962963/10000000000000000000000000000000000000000000000000000000000000000000000000000000000000000000000000,97,191.5995867693865740740740740740740740740740740740740740740740740740740740740740740740740740740740741,1915995867693865740740740740740740740740740740740740740740740740740740740740740740740740740740740741/10000000000000000000000000000000000000000000000000000000000000000000000000000000000000000000000000,97,29996021412037037037037037037037037037037037037037037037037037037037037037037037037037037037037037/10000000000000000000000000000000000000000000000000000000000000000000000000000000000000000000000000,52553029513888888888888888888888888888888888888888888888888888888888888888888888888888888888888888897/240000000000000000000000000000000000000000000000000000000000000000000000000000000000000000000000000,1667/50000000000000000000000000000000000000000000000000000000000000000000000000000000000000000000000000000,-1/240000000000000000000000000000000000000000000000000000000000000000000000000000000000000000000000000,0,0,0,RAWNUM_135c75371fb9d81371d19d95,TYPEDRAW_f4a5a5c130daa0c498057385,DEP_bf11f40bc581a249ec08c7b3,DEPCORE_d5b1105cdef0a1406bb68d44,DEPRES_10831bc83aa09bc08c1c15e6,SHAPE_ac3f07339b402ebd0556b560,273713695384837962962962962962962962962962962962962962962962962962962962962962962962962962962962963/1250000000000000000000000000000000000000000000000000000000000000000000000000000000000000000000000,270000000000000000000000000000000000000000000000000000000000000000000000000000000000000000000000000/273713695384837962962962962962962962962962962962962962962962962962962962962962962962962962962962963|1432291666666666666666666666666666666666666666666666666666666666666666666666666666666666666666666667/10948547815393518518518518518518518518518518518518518518518518518518518518518518518518518518518518520000|1|1667/10948547815393518518518518518518518518518518518518518518518518518518518518518518518518518518518518520000|0|0,NONE,NONE
269,TPL_d119311d3099b73b2c88ff74,TOK_d2fde52d7828f1e830accd8e,LEGAL_LOCAL_TEMPLATE,UNORDERED_TRIAD,THREE_BODY_COLOR,3,4+9+9,4|9|9,3,negative,5,negative_credit,ACTIVE_LIFT,LOCAL_R2_LIFT,6408,6408,0,-1.776909722222222222222222222222222222222222222222222222222222222222222222222222222222222222222222222,-888454861111111111111111111111111111111111111111111111111111111111111111111111111111111111111111111/500000000000000000000000000000000000000000000000000000000000000000000000000000000000000000000000000,99,6409.776909722222222222222222222222222222222222222222222222222222222222222222222222222222222222222222,3204888454861111111111111111111111111111111111111111111111111111111111111111111111111111111111111111/500000000000000000000000000000000000000000000000000000000000000000000000000000000000000000000000,96,6632.338607976466049382716049382716049382716049382716049382716049382716049382716049382716049382716048,414521162998529128086419753086419753086419753086419753086419753086419753086419753086419753086419753/62500000000000000000000000000000000000000000000000000000000000000000000000000000000000000000000,96,829.042325997058256172839506172839506172839506172839506172839506172839506172839506172839506172839506,414521162998529128086419753086419753086419753086419753086419753086419753086419753086419753086419753/500000000000000000000000000000000000000000000000000000000000000000000000000000000000000000000000,96,5803.296281979407793209876543209876543209876543209876543209876543209876543209876543209876543209876542,2901648140989703896604938271604938271604938271604938271604938271604938271604938271604938271604938271/500000000000000000000000000000000000000000000000000000000000000000000000000000000000000000000000,96,111280849127121913580246913580246913580246913580246913580246913580246913580246913580246913580246913/500000000000000000000000000000000000000000000000000000000000000000000000000000000000000000000000,477528379774305555555555555555555555555555555555555555555555555555555555555555555555555555555555555539/72000000000000000000000000000000000000000000000000000000000000000000000000000000000000000000000000,-111/500000000000000000000000000000000000000000000000000000000000000000000000000000000000000000000000000,-83/72000000000000000000000000000000000000000000000000000000000000000000000000000000000000000000000000,0,0,0,RAWNUM_438b9ced66a60838a38feebd,TYPEDRAW_9864d28b1d5395e4c4b8ef91,DEP_ac2d410517f9cde068ee4ce2,DEPCORE_95e2f93423cac386194973c1,DEPRES_bdb6c274e7640f93bc0df95d,SHAPE_36f404f743fc7700bcba8896,414521162998529128086419753086419753086419753086419753086419753086419753086419753086419753086419753/62500000000000000000000000000000000000000000000000000000000000000000000000000000000000000000000,400500000000000000000000000000000000000000000000000000000000000000000000000000000000000000000000000/414521162998529128086419753086419753086419753086419753086419753086419753086419753086419753086419753|-888454861111111111111111111111111111111111111111111111111111111111111111111111111111111111111111111/3316169303988233024691358024691358024691358024691358024691358024691358024691358024691358024691358024000|1|-111/3316169303988233024691358024691358024691358024691358024691358024691358024691358024691358024691358024000|0|0,NONE,NONE
270,TPL_8f611c1d18a17a97476548e4,TOK_d319793e4c42b304b23153fe,REJECTED,UNORDERED_TRIAD,THREE_BODY_COLOR,3,12+12+12,12|12|12,0,neutral,0,positive_debit,ZERO_SUPPORT,ZERO_SUPPORT_NONLOCAL_OR_REJECTED,15552,15552,0,19440.00,19440,2,-3888.00,-3888,2,0,0,0,0,0,0,0,0,0,3888,0,0,0,0,0,0,RAWNUM_3d7a7445a25eee8ab6b2d8f2,TYPEDRAW_32373ef58f2b321375a7e81f,DEP_19cbfaac6377a35651b2bf1c,DEPCORE_95f58ece3d0d54c4399f82d1,DEPRES_73ca7a9ed16e954dab204089,SHAPE_aca101b390433fda81ae9569,19440,4/5|1|0|0|0|0,NONE,NONE
271,TPL_70dec561a95e62250c7ff4e1,TOK_d373df48c90d5fa442abd3da,LEGAL_LOCAL_TEMPLATE,UNARY_CONJUGATE,ONE_BODY_CONJUGATE,1,6,6,1,positive,6,positive_debit,ACTIVE_LIFT,LOCAL_R2_LIFT,108.0,108,1,4.50,9/2,2,103.50,207/2,2,107.8125000000000000000000000000000000000000000000000000000000000000000000000000000000000000000000000,1725/16,97,13.4765625000000000000000000000000000000000000000000000000000000000000000000000000000000000000000000,1725/128,97,94.3359375000000000000000000000000000000000000000000000000000000000000000000000000000000000000000000,12075/128,97,69/16,1725/16,0,0,0,0,0,RAWNUM_e150e27ac99591bbad9bd087,TYPEDRAW_4f730bbd20d3a13703caa62b,DEP_43be57056932d181b494415d,DEPCORE_a987a5090c1cf31f0137119a,DEPRES_73ca7a9ed16e954dab204089,SHAPE_d3cce6ca5ed8bd88066230b7,108,1|1/24|575/576|0|0|0,NONE,NONE
272,TPL_899dc57bec1896eeeef239ae,TOK_d48438db8d72685209a8f65e,LEGAL_LOCAL_TEMPLATE,UNARY_DIRECT,ONE_BODY_DIRECT,1,9,9,1,neutral,0,zero_contact,ZERO_FEE,LOCAL_R2_LIFT,13.500,27/2,3,0,0,0,13.500,27/2,3,13.500,27/2,3,1.6875,27/16,4,11.8125,189/16,4,0,27/2,0,0,0,0,0,RAWNUM_c7b5d189877a0234a6295b77,TYPEDRAW_4509a1055f321f343abdc215,DEP_510cab7ffda1a0ea292329f7,DEPCORE_2d0c8c9be25db93807213748,DEPRES_73ca7a9ed16e954dab204089,SHAPE_4a5a7e41bcde015a08457156,27/2,1|0|1|0|0|0,NONE,NONE
273,TPL_02590d66625ba878b980e86f,TOK_d5c44ad7dcfa6427034b52f0,LEGAL_LOCAL_TEMPLATE,UNARY_DIRECT,ONE_BODY_DIRECT,1,1,1,2,neutral,0,zero_contact,ZERO_FEE,LOCAL_R2_LIFT,18.000,18,3,0,0,0,18.000,18,3,18.000,18,3,2.250,9/4,3,15.750,63/4,3,0,18,0,0,0,0,0,RAWNUM_a15743461d93f8e9a214435d,TYPEDRAW_fe5e307969c90f2c235395d3,DEP_09a4bb26d37776955895fbe5,DEPCORE_e582e13e13a7bcd9bac00484,DEPRES_73ca7a9ed16e954dab204089,SHAPE_4a5a7e41bcde015a08457156,18,1|0|1|0|0|0,NONE,NONE
274,TPL_83847f5d8d88344a26490197,TOK_d625eb53abd04de9ba52aebf,LEGAL_LOCAL_TEMPLATE,UNORDERED_TRIAD,THREE_BODY_COLOR,3,2+2+4,2|2|4,3,positive,1,positive_debit,ACTIVE_LIFT,LOCAL_R2_LIFT,864,864,0,0.07291666666666666666666666666666666666666666666666666666666666666666666666666666666666666666666666665,1458333333333333333333333333333333333333333333333333333333333333333333333333333333333333333333333333/20000000000000000000000000000000000000000000000000000000000000000000000000000000000000000000000000000,101,863.9270833333333333333333333333333333333333333333333333333333333333333333333333333333333333333333333,8639270833333333333333333333333333333333333333333333333333333333333333333333333333333333333333333333/10000000000000000000000000000000000000000000000000000000000000000000000000000000000000000000000000,97,869.9265769675925925925925925925925925925925925925925925925925925925925925925925925925925925925925922,4349632884837962962962962962962962962962962962962962962962962962962962962962962962962962962962962961/5000000000000000000000000000000000000000000000000000000000000000000000000000000000000000000000000,97,108.7408221209490740740740740740740740740740740740740740740740740740740740740740740740740740740740740,54370411060474537037037037037037037037037037037037037037037037037037037037037037037037037037037037/500000000000000000000000000000000000000000000000000000000000000000000000000000000000000000000000,97,761.1857548466435185185185185185185185185185185185185185185185185185185185185185185185185185185185181,7611857548466435185185185185185185185185185185185185185185185185185185185185185185185185185185185181/10000000000000000000000000000000000000000000000000000000000000000000000000000000000000000000000000,97,59994936342592592592592592592592592592592592592592592592592592592592592592592592592592592592592589/10000000000000000000000000000000000000000000000000000000000000000000000000000000000000000000000000,250538854166666666666666666666666666666666666666666666666666666666666666666666666666666666666666666657/288000000000000000000000000000000000000000000000000000000000000000000000000000000000000000000000000,-667/20000000000000000000000000000000000000000000000000000000000000000000000000000000000000000000000000000,-517/1440000000000000000000000000000000000000000000000000000000000000000000000000000000000000000000000000,-1/40000000000000000000000000000000000000000000000000000000000000000000000000000000000000000000000000,-3/40000000000000000000000000000000000000000000000000000000000000000000000000000000000000000000000000,1/10000000000000000000000000000000000000000000000000000000000000000000000000000000000000000000000000,RAWNUM_f90a3adad3b4ede65b14032a,TYPEDRAW_63b372ac6644dc125185fe51,DEP_edad3642f23d574442bb2457,DEPCORE_75decd8d42d4cb2e2e73b76e,DEPRES_806bfc030908e00ab3e32b4a,SHAPE_07593f5b8b835015be6f4c05,4349632884837962962962962962962962962962962962962962962962962962962962962962962962962962962962962961/5000000000000000000000000000000000000000000000000000000000000000000000000000000000000000000000000,1440000000000000000000000000000000000000000000000000000000000000000000000000000000000000000000000000/1449877628279320987654320987654320987654320987654320987654320987654320987654320987654320987654320987|486111111111111111111111111111111111111111111111111111111111111111111111111111111111111111111111111/5799510513117283950617283950617283950617283950617283950617283950617283950617283950617283950617283948000|1|-667/17398531539351851851851851851851851851851851851851851851851851851851851851851851851851851851851851844000|-1/34797063078703703703703703703703703703703703703703703703703703703703703703703703703703703703703703688|-1/11599021026234567901234567901234567901234567901234567901234567901234567901234567901234567901234567896,NONE,NONE
275,TPL_72c125cf3856661623e3d735,TOK_d6eb3ecbc26c38ac2d81dd3a,LEGAL_LOCAL_TEMPLATE,ORDERED_PAIR,TWO_BODY_PAIR,2,4+2,4|2,3,positive,2,positive_debit,ACTIVE_LIFT,LOCAL_R2_LIFT,102,102,0,0.02459490740740740740740740740740740740740740740740740740740740740740740740740740740740740740740740741,2459490740740740740740740740740740740740740740740740740740740740740740740740740740740740740740740741/100000000000000000000000000000000000000000000000000000000000000000000000000000000000000000000000000000,101,101.9754050925925925925925925925925925925925925925925925925925925925925925925925925925925925925925926,509877025462962962962962962962962962962962962962962962962962962962962962962962962962962962962962963/5000000000000000000000000000000000000000000000000000000000000000000000000000000000000000000000000,97,103.3917301633230452674897119341563786008230452674897119341563786008230452674897119341563786008230453,1033917301633230452674897119341563786008230452674897119341563786008230452674897119341563786008230453/10000000000000000000000000000000000000000000000000000000000000000000000000000000000000000000000000,97,12.92396627041538065843621399176954732510288065843621399176954732510288065843621399176954732510288066,646198313520769032921810699588477366255144032921810699588477366255144032921810699588477366255144033/50000000000000000000000000000000000000000000000000000000000000000000000000000000000000000000000000,98,90.46776389290766460905349794238683127572016460905349794238683127572016460905349794238683127572016464,565423524330672903806584362139917695473251028806584362139917695473251028806584362139917695473251029/6250000000000000000000000000000000000000000000000000000000000000000000000000000000000000000000000,98,14163250707304526748971193415637860082304526748971193415637860082304526748971193415637860082304527/10000000000000000000000000000000000000000000000000000000000000000000000000000000000000000000000000,4135669206532921810699588477366255144032921810699588477366255144032921810699588477366255144032921811/40000000000000000000000000000000000000000000000000000000000000000000000000000000000000000000000000,741/100000000000000000000000000000000000000000000000000000000000000000000000000000000000000000000000000000,1/40000000000000000000000000000000000000000000000000000000000000000000000000000000000000000000000000,-1/400000000000000000000000000000000000000000000000000000000000000000000000000000000000000000000000000,1/400000000000000000000000000000000000000000000000000000000000000000000000000000000000000000000000000,0,RAWNUM_950c1d74425cc3c4a530a671,TYPEDRAW_c504367122586f2eaa0fa1e5,DEP_a32fe85fdd739703f23867c5,DEPCORE_0e020e1c6409d1dce2f6e469,DEPRES_963f2c6e558cb048f234499b,SHAPE_4894c252842e6025dea32182,1033917301633230452674897119341563786008230452674897119341563786008230452674897119341563786008230453/10000000000000000000000000000000000000000000000000000000000000000000000000000000000000000000000000,340000000000000000000000000000000000000000000000000000000000000000000000000000000000000000000000000/344639100544410150891632373113854595336076817558299039780521262002743484224965706447187928669410151|819830246913580246913580246913580246913580246913580246913580246913580246913580246913580246913580247/3446391005444101508916323731138545953360768175582990397805212620027434842249657064471879286694101510000|1|247/3446391005444101508916323731138545953360768175582990397805212620027434842249657064471879286694101510000|-1/41356692065329218106995884773662551440329218106995884773662551440329218106995884773662551440329218120|1/41356692065329218106995884773662551440329218106995884773662551440329218106995884773662551440329218120,NONE,NONE
276,TPL_a700162e485d50053c9053a0,TOK_d8995bdc6ce561d45fcdfa43,LEGAL_LOCAL_TEMPLATE,UNORDERED_TRIAD,THREE_BODY_COLOR,3,9+12+12,9|12|12,0,negative,3,negative_credit,ACTIVE_LIFT,LOCAL_R2_LIFT,13284,13284,0,-6642.00,-6642,2,19926.00,19926,2,20341.12499999999999999999999999999999999999999999999999999999999999999999999999999999999999999999999,2034112499999999999999999999999999999999999999999999999999999999999999999999999999999999999999999999/100000000000000000000000000000000000000000000000000000000000000000000000000000000000000000000000,95,2542.640624999999999999999999999999999999999999999999999999999999999999999999999999999999999999999999,2542640624999999999999999999999999999999999999999999999999999999999999999999999999999999999999999999/1000000000000000000000000000000000000000000000000000000000000000000000000000000000000000000000000,96,17798.48437499999999999999999999999999999999999999999999999999999999999999999999999999999999999999999,1779848437499999999999999999999999999999999999999999999999999999999999999999999999999999999999999999/100000000000000000000000000000000000000000000000000000000000000000000000000000000000000000000000,95,41512499999999999999999999999999999999999999999999999999999999999999999999999999999999999999999999/100000000000000000000000000000000000000000000000000000000000000000000000000000000000000000000000,162729/8,0,-1/100000000000000000000000000000000000000000000000000000000000000000000000000000000000000000000000,1/4000000000000000000000000000000000000000000000000000000000000000000000000000000000000000000000000,-1/800000000000000000000000000000000000000000000000000000000000000000000000000000000000000000000000,1/1000000000000000000000000000000000000000000000000000000000000000000000000000000000000000000000000,RAWNUM_233c41e2c07eaccfa89ae3da,TYPEDRAW_74f73662686246df0fa3b02c,DEP_3f2bac744e509cc58563c8b0,DEPCORE_8734f61b3f719a34ec7b2ff4,DEPRES_7f873f7699f34e15fb6137e3,SHAPE_bdd03b0c8a29def742471d4d,2034112499999999999999999999999999999999999999999999999999999999999999999999999999999999999999999999/100000000000000000000000000000000000000000000000000000000000000000000000000000000000000000000000,1328400000000000000000000000000000000000000000000000000000000000000000000000000000000000000000000000/2034112499999999999999999999999999999999999999999999999999999999999999999999999999999999999999999999|-664200000000000000000000000000000000000000000000000000000000000000000000000000000000000000000000000/2034112499999999999999999999999999999999999999999999999999999999999999999999999999999999999999999999|1|0|1/81364499999999999999999999999999999999999999999999999999999999999999999999999999999999999999999999960|-1/16272899999999999999999999999999999999999999999999999999999999999999999999999999999999999999999999992,NONE,NONE
277,TPL_b9c7abe8178af6d5ba8ddc77,TOK_dadb186993de632dca4a0a43,LEGAL_LOCAL_TEMPLATE,UNORDERED_TRIAD,THREE_BODY_COLOR,3,2+4+8,2|4|8,3,neutral,0,positive_debit,ZERO_FEE,LOCAL_R2_LIFT,3024,3024,0,1.859375,119/64,6,3022.140625,193417/64,6,3022.140625,193417/64,6,377.767578125,193417/512,9,2644.373046875,1353919/512,9,0,193417/64,0,0,0,0,0,RAWNUM_adb116aaddaddd06b0d0ea38,TYPEDRAW_7adb053dc02a6b5198b832ff,DEP_eb612b81db00017d001181bf,DEPCORE_e4a07f8a62ec5c6a05fb9bff,DEPRES_73ca7a9ed16e954dab204089,SHAPE_5afd4de22b663794a518c24b,3024,1|17/27648|27631/27648|0|0|0,NONE,NONE
278,TPL_d0522ada3e914c65291d0613,TOK_dd54a709860ccef81090f00c,LEGAL_LOCAL_TEMPLATE,ORDERED_PAIR,TWO_BODY_PAIR,2,2+3,2|3,3,negative,1,negative_credit,ACTIVE_LIFT,LOCAL_R2_LIFT,75,75,0,-0.01446759259259259259259259259259259259259259259259259259259259259259259259259259259259259259259259259,-1446759259259259259259259259259259259259259259259259259259259259259259259259259259259259259259259259/100000000000000000000000000000000000000000000000000000000000000000000000000000000000000000000000000000,101,75.01446759259259259259259259259259259259259259259259259259259259259259259259259259259259259259259259,7501446759259259259259259259259259259259259259259259259259259259259259259259259259259259259259259259/100000000000000000000000000000000000000000000000000000000000000000000000000000000000000000000000000,98,75.53540139531893004115226337448559670781893004115226337448559670781893004115226337448559670781893001,7553540139531893004115226337448559670781893004115226337448559670781893004115226337448559670781893001/100000000000000000000000000000000000000000000000000000000000000000000000000000000000000000000000000,98,9.441925174414866255144032921810699588477366255144032921810699588477366255144032921810699588477366251,9441925174414866255144032921810699588477366255144032921810699588477366255144032921810699588477366251/1000000000000000000000000000000000000000000000000000000000000000000000000000000000000000000000000000,99,66.09347622090406378600823045267489711934156378600823045267489711934156378600823045267489711934156376,826168452761300797325102880658436213991769547325102880658436213991769547325102880658436213991769547/12500000000000000000000000000000000000000000000000000000000000000000000000000000000000000000000000,98,26046690136316872427983539094650205761316872427983539094650205761316872427983539094650205761316871/50000000000000000000000000000000000000000000000000000000000000000000000000000000000000000000000000,72513985339506172839506172839506172839506172839506172839506172839506172839506172839506172839506172837/960000000000000000000000000000000000000000000000000000000000000000000000000000000000000000000000000,-259/100000000000000000000000000000000000000000000000000000000000000000000000000000000000000000000000000000,-137/4800000000000000000000000000000000000000000000000000000000000000000000000000000000000000000000000000,-1/4000000000000000000000000000000000000000000000000000000000000000000000000000000000000000000000000000,1/800000000000000000000000000000000000000000000000000000000000000000000000000000000000000000000000000,-1/1000000000000000000000000000000000000000000000000000000000000000000000000000000000000000000000000000,RAWNUM_5b2d933c9475daee695bcbf2,TYPEDRAW_e762bdd0252c49ef112570a5,DEP_eb66606968f0d51e6e2493bb,DEPCORE_03b2a60b5d5b3c5c20ed0e32,DEPRES_f8ef7491adb8d9485f468a58,SHAPE_1da870e13533d4197e3b6687,7553540139531893004115226337448559670781893004115226337448559670781893004115226337448559670781893001/100000000000000000000000000000000000000000000000000000000000000000000000000000000000000000000000000,2500000000000000000000000000000000000000000000000000000000000000000000000000000000000000000000000000/2517846713177297668038408779149519890260631001371742112482853223593964334705075445816186556927297667|-1446759259259259259259259259259259259259259259259259259259259259259259259259259259259259259259259259/7553540139531893004115226337448559670781893004115226337448559670781893004115226337448559670781893001000|1|-7/204149733500861973084195306417528639750861973084195306417528639750861973084195306417528639750861973000|-1/302141605581275720164609053497942386831275720164609053497942386831275720164609053497942386831275720040|1/60428321116255144032921810699588477366255144032921810699588477366255144032921810699588477366255144008,NONE,NONE
279,TPL_e1dc4f7eff621247a9c92430,TOK_dd9687ae9fc78e6392a2f6f7,LEGAL_LOCAL_TEMPLATE,ORDERED_PAIR,TWO_BODY_PAIR,2,12+12,12|12,1,neutral,0,positive_debit,ZERO_FEE,LOCAL_R2_LIFT,1728,1728,0,153.0000,153,4,1575.0000,1575,4,1575.0000,1575,4,196.8750,1575/8,4,1378.1250,11025/8,4,0,1575,0,0,0,0,0,RAWNUM_e07e676fb55245f33d1af220,TYPEDRAW_47f4dab4df6a6587c2ce1113,DEP_326bb8e36312841f1460f490,DEPCORE_ff6c0256416827bdbe9d1a53,DEPRES_73ca7a9ed16e954dab204089,SHAPE_fd867e308b5ab95c79b0aec6,1728,1|17/192|175/192|0|0|0,NONE,NONE
280,TPL_ccafaaa9acb914b65aa22ef8,TOK_dee766330527529f1994a513,REJECTED,UNORDERED_TRIAD,THREE_BODY_COLOR,3,6+6+12,6|6|12,0,neutral,0,positive_debit,ZERO_SUPPORT,ZERO_SUPPORT_NONLOCAL_OR_REJECTED,7776,7776,0,9720.00,9720,2,-1944.00,-1944,2,0,0,0,0,0,0,0,0,0,1944,0,0,0,0,0,0,RAWNUM_de226cb65fbef83506efe0b9,TYPEDRAW_af86dd6db6ab715469e148f7,DEP_f1ae986523b33716f3437945,DEPCORE_125f378a29fc1c9505efc2d4,DEPRES_73ca7a9ed16e954dab204089,SHAPE_aca101b390433fda81ae9569,9720,4/5|1|0|0|0|0,NONE,NONE
281,TPL_17fca4225c7feb94950a04a7,TOK_df88b3374176d1cc200f6c9f,LEGAL_LOCAL_TEMPLATE,UNORDERED_TRIAD,THREE_BODY_COLOR,3,1+9+9,1|9|9,3,negative,8,negative_credit,ACTIVE_LIFT,LOCAL_R2_LIFT,5868,5868,0,-2.476128472222222222222222222222222222222222222222222222222222222222222222222222222222222222222222222,-1238064236111111111111111111111111111111111111111111111111111111111111111111111111111111111111111111/500000000000000000000000000000000000000000000000000000000000000000000000000000000000000000000000000,99,5870.476128472222222222222222222222222222222222222222222222222222222222222222222222222222222222222222,2935238064236111111111111111111111111111111111111111111111111111111111111111111111111111111111111111/500000000000000000000000000000000000000000000000000000000000000000000000000000000000000000000000,96,6196.613691165123456790123456790123456790123456790123456790123456790123456790123456790123456790123459,6196613691165123456790123456790123456790123456790123456790123456790123456790123456790123456790123459/1000000000000000000000000000000000000000000000000000000000000000000000000000000000000000000000000,96,774.5767113956404320987654320987654320987654320987654320987654320987654320987654320987654320987654324,1936441778489101080246913580246913580246913580246913580246913580246913580246913580246913580246913581/2500000000000000000000000000000000000000000000000000000000000000000000000000000000000000000000000,97,5422.036979769483024691358024691358024691358024691358024691358024691358024691358024691358024691358026,2711018489884741512345679012345679012345679012345679012345679012345679012345679012345679012345679013/500000000000000000000000000000000000000000000000000000000000000000000000000000000000000000000000,96,326137562692901234567901234567901234567901234567901234567901234567901234567901234567901234567901237/1000000000000000000000000000000000000000000000000000000000000000000000000000000000000000000000000,55769523220486111111111111111111111111111111111111111111111111111111111111111111111111111111111111109/9000000000000000000000000000000000000000000000000000000000000000000000000000000000000000000000000,-111/500000000000000000000000000000000000000000000000000000000000000000000000000000000000000000000000000,11/4500000000000000000000000000000000000000000000000000000000000000000000000000000000000000000000000,1/40000000000000000000000000000000000000000000000000000000000000000000000000000000000000000000000000,-1/1600000000000000000000000000000000000000000000000000000000000000000000000000000000000000000000000,3/5000000000000000000000000000000000000000000000000000000000000000000000000000000000000000000000000,RAWNUM_610016096f525d62aa773a72,TYPEDRAW_d8b952827fb3d3ad056c7770,DEP_f78f7b9eda2eebc7e441e2f4,DEPCORE_1bccd660465bcd00f399b199,DEPRES_551133f2e10f3ed6b9bc8451,SHAPE_8dfdb8dd7e933c01e04dfec8,6196613691165123456790123456790123456790123456790123456790123456790123456790123456790123456790123459/1000000000000000000000000000000000000000000000000000000000000000000000000000000000000000000000000,1956000000000000000000000000000000000000000000000000000000000000000000000000000000000000000000000000/2065537897055041152263374485596707818930041152263374485596707818930041152263374485596707818930041153|-1238064236111111111111111111111111111111111111111111111111111111111111111111111111111111111111111111/3098306845582561728395061728395061728395061728395061728395061728395061728395061728395061728395061729500|1|-37/1032768948527520576131687242798353909465020576131687242798353909465020576131687242798353909465020576500|1/247864547646604938271604938271604938271604938271604938271604938271604938271604938271604938271604938360|-5/49572909529320987654320987654320987654320987654320987654320987654320987654320987654320987654320987672,NONE,NONE
282,TPL_81492bcbe1ba795a5022ade5,TOK_dfcce074bf098cfc72bc435e,LEGAL_LOCAL_TEMPLATE,UNARY_DIRECT,ONE_BODY_DIRECT,1,8,8,0,positive,8,zero_contact,ACTIVE_LIFT,LOCAL_R2_LIFT,10.00,10,2,0,0,0,10.00,10,2,10.55555555555555555555555555555555555555555555555555555555555555555555555555555555555555555555555556,263888888888888888888888888888888888888888888888888888888888888888888888888888888888888888888888889/25000000000000000000000000000000000000000000000000000000000000000000000000000000000000000000000000,98,1.319444444444444444444444444444444444444444444444444444444444444444444444444444444444444444444444445,263888888888888888888888888888888888888888888888888888888888888888888888888888888888888888888888889/200000000000000000000000000000000000000000000000000000000000000000000000000000000000000000000000000,99,9.236111111111111111111111111111111111111111111111111111111111111111111111111111111111111111111111115,1847222222222222222222222222222222222222222222222222222222222222222222222222222222222222222222222223/200000000000000000000000000000000000000000000000000000000000000000000000000000000000000000000000000,99,13888888888888888888888888888888888888888888888888888888888888888888888888888888888888888888888889/25000000000000000000000000000000000000000000000000000000000000000000000000000000000000000000000000,95/9,0,1/225000000000000000000000000000000000000000000000000000000000000000000000000000000000000000000000000,0,0,0,RAWNUM_f7ef7b47d0987d61ba532608,TYPEDRAW_7200f58daaa0faaf4ff3ab61,DEP_bf7d3933f36688280345b8a2,DEPCORE_dad2a9a455a40f21503863e1,DEPRES_c2e072ca024b3f08ec73a978,SHAPE_7fc1135dad7aa2e92a68805c,263888888888888888888888888888888888888888888888888888888888888888888888888888888888888888888888889/25000000000000000000000000000000000000000000000000000000000000000000000000000000000000000000000000,250000000000000000000000000000000000000000000000000000000000000000000000000000000000000000000000000/263888888888888888888888888888888888888888888888888888888888888888888888888888888888888888888888889|0|1|0|0|0,NONE,NONE
283,TPL_78230db5afbb93ffa7971fcd,TOK_e133051f7187ada815a326b3,LEGAL_LOCAL_TEMPLATE,ORDERED_PAIR,TWO_BODY_PAIR,2,6+2,6|2,3,positive,4,positive_debit,ACTIVE_LIFT,LOCAL_R2_LIFT,156,156,0,0.05266203703703703703703703703703703703703703703703703703703703703703703703703703703703703703703703704,658275462962962962962962962962962962962962962962962962962962962962962962962962962962962962962962963/12500000000000000000000000000000000000000000000000000000000000000000000000000000000000000000000000000,101,155.9473379629629629629629629629629629629629629629629629629629629629629629629629629629629629629629630,155947337962962962962962962962962962962962962962962962962962962962962962962962962962962962962962963/1000000000000000000000000000000000000000000000000000000000000000000000000000000000000000000000000,97,160.2792084619341563786008230452674897119341563786008230452674897119341563786008230452674897119341565,320558416923868312757201646090534979423868312757201646090534979423868312757201646090534979423868313/2000000000000000000000000000000000000000000000000000000000000000000000000000000000000000000000000,97,20.03490105774176954732510288065843621399176954732510288065843621399176954732510288065843621399176956,500872526443544238683127572016460905349794238683127572016460905349794238683127572016460905349794239/25000000000000000000000000000000000000000000000000000000000000000000000000000000000000000000000000,98,140.244307404192386831275720164609053497942386831275720164609053497942386831275720164609053497942387,140244307404192386831275720164609053497942386831275720164609053497942386831275720164609053497942387/1000000000000000000000000000000000000000000000000000000000000000000000000000000000000000000000000,96,8663740997942386831275720164609053497942386831275720164609053497942386831275720164609053497942387/2000000000000000000000000000000000000000000000000000000000000000000000000000000000000000000000000,1923350501543209876543209876543209876543209876543209876543209876543209876543209876543209876543209877/12000000000000000000000000000000000000000000000000000000000000000000000000000000000000000000000000,463/12500000000000000000000000000000000000000000000000000000000000000000000000000000000000000000000000000,1/12000000000000000000000000000000000000000000000000000000000000000000000000000000000000000000000000,-1/400000000000000000000000000000000000000000000000000000000000000000000000000000000000000000000000000,1/16000000000000000000000000000000000000000000000000000000000000000000000000000000000000000000000000,-3/50000000000000000000000000000000000000000000000000000000000000000000000000000000000000000000000000,RAWNUM_0294e277d77dc2e8d5a104be,TYPEDRAW_41a2896ce9dce16d931eca22,DEP_e13e150ed382840130f73ba5,DEPCORE_2a7379f02f649f1fb52b32dd,DEPRES_8bad4fd0a3725bab0d90e1e3,SHAPE_680675bfeb6f1876b8c8e191,320558416923868312757201646090534979423868312757201646090534979423868312757201646090534979423868313/2000000000000000000000000000000000000000000000000000000000000000000000000000000000000000000000000,312000000000000000000000000000000000000000000000000000000000000000000000000000000000000000000000000/320558416923868312757201646090534979423868312757201646090534979423868312757201646090534979423868313|658275462962962962962962962962962962962962962962962962962962962962962962962962962962962962962962963/2003490105774176954732510288065843621399176954732510288065843621399176954732510288065843621399176956250|1|463/2003490105774176954732510288065843621399176954732510288065843621399176954732510288065843621399176956250|-1/64111683384773662551440329218106995884773662551440329218106995884773662551440329218106995884773662600|1/2564467335390946502057613168724279835390946502057613168724279835390946502057613168724279835390946504,NONE,NONE
284,TPL_832039c357407f9da80b7001,TOK_e16e81299e39ab32884e05fd,LEGAL_LOCAL_TEMPLATE,UNORDERED_TRIAD,THREE_BODY_COLOR,3,1+6+6,1|6|6,3,negative,5,negative_credit,ACTIVE_LIFT,LOCAL_R2_LIFT,2628,2628,0,-0.7287326388888888888888888888888888888888888888888888888888888888888888888888888888888888888888888888,-910915798611111111111111111111111111111111111111111111111111111111111111111111111111111111111111111/1250000000000000000000000000000000000000000000000000000000000000000000000000000000000000000000000000,100,2628.728732638888888888888888888888888888888888888888888888888888888888888888888888888888888888888889,2628728732638888888888888888888888888888888888888888888888888888888888888888888888888888888888888889/1000000000000000000000000000000000000000000000000000000000000000000000000000000000000000000000000,96,2720.004035855516975308641975308641975308641975308641975308641975308641975308641975308641975308641975,108800161434220679012345679012345679012345679012345679012345679012345679012345679012345679012345679/40000000000000000000000000000000000000000000000000000000000000000000000000000000000000000000000,96,340.0005044819396219135802469135802469135802469135802469135802469135802469135802469135802469135802469,3400005044819396219135802469135802469135802469135802469135802469135802469135802469135802469135802469/10000000000000000000000000000000000000000000000000000000000000000000000000000000000000000000000000,97,2380.003531373577353395061728395061728395061728395061728395061728395061728395061728395061728395061728,74375110355424292293595679012345679012345679012345679012345679012345679012345679012345679012345679/31250000000000000000000000000000000000000000000000000000000000000000000000000000000000000000000,96,45637651608314043209876543209876543209876543209876543209876543209876543209876543209876543209876543/500000000000000000000000000000000000000000000000000000000000000000000000000000000000000000000000,391680581163194444444444444444444444444444444444444444444444444444444444444444444444444444444444444461/144000000000000000000000000000000000000000000000000000000000000000000000000000000000000000000000000,139/1250000000000000000000000000000000000000000000000000000000000000000000000000000000000000000000000000,-61/144000000000000000000000000000000000000000000000000000000000000000000000000000000000000000000000000,1/40000000000000000000000000000000000000000000000000000000000000000000000000000000000000000000000000,-1/8000000000000000000000000000000000000000000000000000000000000000000000000000000000000000000000000,1/10000000000000000000000000000000000000000000000000000000000000000000000000000000000000000000000000,RAWNUM_09c3eaa97ff27ecf09d1962b,TYPEDRAW_7ef77fcf12c8210c4eacebe0,DEP_13ec7656d1c98d805389e0ec,DEPCORE_9751664369cddae594a7d66e,DEPRES_7395231767ddb5c9f0763b29,SHAPE_ebafd910dca84147c30a74ac,108800161434220679012345679012345679012345679012345679012345679012345679012345679012345679012345679/40000000000000000000000000000000000000000000000000000000000000000000000000000000000000000000000,105120000000000000000000000000000000000000000000000000000000000000000000000000000000000000000000000/108800161434220679012345679012345679012345679012345679012345679012345679012345679012345679012345679|-910915798611111111111111111111111111111111111111111111111111111111111111111111111111111111111111111/3400005044819396219135802469135802469135802469135802469135802469135802469135802469135802469135802468750|1|139/3400005044819396219135802469135802469135802469135802469135802469135802469135802469135802469135802468750|1/108800161434220679012345679012345679012345679012345679012345679012345679012345679012345679012345679000|-1/21760032286844135802469135802469135802469135802469135802469135802469135802469135802469135802469135800,NONE,NONE
285,TPL_e3dc32fdb77a2aa24cf39a03,TOK_e274a6a5b2a5617d5ba3868a,LEGAL_LOCAL_TEMPLATE,UNORDERED_TRIAD,THREE_BODY_COLOR,3,2+4+9,2|4|9,0,negative,2,negative_credit,ACTIVE_LIFT,LOCAL_R2_LIFT,3636,3636,0,-1515.000000000000000000000000000000000000000000000000000000000000000000000000000000000000000000000000,-1515,96,5151.000000000000000000000000000000000000000000000000000000000000000000000000000000000000000000000000,5151,96,5222.541666666666666666666666666666666666666666666666666666666666666666666666666666666666666666666667,5222541666666666666666666666666666666666666666666666666666666666666666666666666666666666666666666667/1000000000000000000000000000000000000000000000000000000000000000000000000000000000000000000000000,96,652.8177083333333333333333333333333333333333333333333333333333333333333333333333333333333333333333334,3264088541666666666666666666666666666666666666666666666666666666666666666666666666666666666666666667/5000000000000000000000000000000000000000000000000000000000000000000000000000000000000000000000000,97,4569.723958333333333333333333333333333333333333333333333333333333333333333333333333333333333333333334,2284861979166666666666666666666666666666666666666666666666666666666666666666666666666666666666666667/500000000000000000000000000000000000000000000000000000000000000000000000000000000000000000000000,96,71541666666666666666666666666666666666666666666666666666666666666666666666666666666666666666666667/1000000000000000000000000000000000000000000000000000000000000000000000000000000000000000000000000,125341/24,0,1/3000000000000000000000000000000000000000000000000000000000000000000000000000000000000000000000000,1/40000000000000000000000000000000000000000000000000000000000000000000000000000000000000000000000000,3/8000000000000000000000000000000000000000000000000000000000000000000000000000000000000000000000000,-1/2500000000000000000000000000000000000000000000000000000000000000000000000000000000000000000000000,RAWNUM_5c1adbde4ed693a66657fe88,TYPEDRAW_7b40782c02d0860d75ed8d89,DEP_d726118b5d314346789eff65,DEPCORE_0e6d861e5631c52f7303ef55,DEPRES_af96d9ad2fe2152b7e993761,SHAPE_4bdc376ffaca1260fd079208,5222541666666666666666666666666666666666666666666666666666666666666666666666666666666666666666666667/1000000000000000000000000000000000000000000000000000000000000000000000000000000000000000000000000,3636000000000000000000000000000000000000000000000000000000000000000000000000000000000000000000000000/5222541666666666666666666666666666666666666666666666666666666666666666666666666666666666666666666667|-1515000000000000000000000000000000000000000000000000000000000000000000000000000000000000000000000000/5222541666666666666666666666666666666666666666666666666666666666666666666666666666666666666666666667|1|0|1/208901666666666666666666666666666666666666666666666666666666666666666666666666666666666666666666666680|3/41780333333333333333333333333333333333333333333333333333333333333333333333333333333333333333333333336,NONE,NONE
286,TPL_3ded66214e90e6e41768a269,TOK_e325a200be540a01d08aa453,LEGAL_LOCAL_TEMPLATE,UNORDERED_TRIAD,THREE_BODY_COLOR,3,3+9+12,3|9|12,0,negative,6,negative_credit,ACTIVE_LIFT,LOCAL_R2_LIFT,8424,8424,0,-6318.00,-6318,2,14742.00,14742,2,15356.25000000000000000000000000000000000000000000000000000000000000000000000000000000000000000000000,61425/4,95,1919.53125000000000000000000000000000000000000000000000000000000000000000000000000000000000000000000,61425/32,95,13436.7187500000000000000000000000000000000000000000000000000000000000000000000000000000000000000000,429975/32,94,2457/4,61425/4,0,0,0,0,0,RAWNUM_4d72c279fa844ea350705965,TYPEDRAW_8fe89b36883449881ede69f1,DEP_8c5b4905f2bf96eeb46470df,DEPCORE_a0a9752fda4d937885b98483,DEPRES_73ca7a9ed16e954dab204089,SHAPE_b180024c5490879504a2fa9e,61425/4,96/175|-72/175|1|0|0|0,NONE,NONE
287,TPL_3a5e14c691462e4f7ad89b17,TOK_e343a45c099e487fcc6b274f,LEGAL_LOCAL_TEMPLATE,UNARY_DIRECT,ONE_BODY_DIRECT,1,6,6,2,negative,6,zero_contact,ACTIVE_LIFT,LOCAL_R2_LIFT,1296.0,1296,1,0,0,0,1296.0,1296,1,1350.000000000000000000000000000000000000000000000000000000000000000000000000000000000000000000000000,1350,96,168.750000000000000000000000000000000000000000000000000000000000000000000000000000000000000000000000,675/4,96,1181.250000000000000000000000000000000000000000000000000000000000000000000000000000000000000000000000,4725/4,96,54,1350,0,0,0,0,0,RAWNUM_cc747747249750c3a56656e9,TYPEDRAW_1521df454de23c9edac649b9,DEP_db2564216898e6f4b64d13c0,DEPCORE_1423d09c048555dc63b669b6,DEPRES_73ca7a9ed16e954dab204089,SHAPE_5b165c9db943b95d32b359b0,1350,24/25|0|1|0|0|0,NONE,NONE
288,TPL_5aee903786ad7356789dcfe8,TOK_e39f60bd6354ead1dbcfc2bf,LEGAL_LOCAL_TEMPLATE,UNORDERED_TRIAD,THREE_BODY_COLOR,3,8+8+9,8|8|9,3,neutral,0,positive_debit,ZERO_FEE,LOCAL_R2_LIFT,7524,7524,0,4.626302083333333333333333333333333333333333333333333333333333333333333333333333333333333333333333334,2313151041666666666666666666666666666666666666666666666666666666666666666666666666666666666666666667/500000000000000000000000000000000000000000000000000000000000000000000000000000000000000000000000000,99,7519.373697916666666666666666666666666666666666666666666666666666666666666666666666666666666666666667,7519373697916666666666666666666666666666666666666666666666666666666666666666666666666666666666666667/1000000000000000000000000000000000000000000000000000000000000000000000000000000000000000000000000,96,7519.373697916666666666666666666666666666666666666666666666666666666666666666666666666666666666666667,7519373697916666666666666666666666666666666666666666666666666666666666666666666666666666666666666667/1000000000000000000000000000000000000000000000000000000000000000000000000000000000000000000000000,96,939.9217122395833333333333333333333333333333333333333333333333333333333333333333333333333333333333334,4699608561197916666666666666666666666666666666666666666666666666666666666666666666666666666666666667/5000000000000000000000000000000000000000000000000000000000000000000000000000000000000000000000000,97,6579.451985677083333333333333333333333333333333333333333333333333333333333333333333333333333333333334,3289725992838541666666666666666666666666666666666666666666666666666666666666666666666666666666666667/500000000000000000000000000000000000000000000000000000000000000000000000000000000000000000000000,96,0,7519373697916666666666666666666666666666666666666666666666666666666666666666666666666666666666666667/1000000000000000000000000000000000000000000000000000000000000000000000000000000000000000000000000,167/500000000000000000000000000000000000000000000000000000000000000000000000000000000000000000000000000,0,1/40000000000000000000000000000000000000000000000000000000000000000000000000000000000000000000000000,3/8000000000000000000000000000000000000000000000000000000000000000000000000000000000000000000000000,-1/2500000000000000000000000000000000000000000000000000000000000000000000000000000000000000000000000,RAWNUM_7106070f059058f82f87e414,TYPEDRAW_59c312a005e36b22fff9ef03,DEP_dc34a569e9eceb8588aab40e,DEPCORE_49f2019c99a7aaa512aaf727,DEPRES_a1fbcb47e316d135212d657d,SHAPE_8dd3aaa8afe7daa8b29dacb1,7524,1|2313151041666666666666666666666666666666666666666666666666666666666666666666666666666666666666666667/3762000000000000000000000000000000000000000000000000000000000000000000000000000000000000000000000000000|7519373697916666666666666666666666666666666666666666666666666666666666666666666666666666666666666667/7524000000000000000000000000000000000000000000000000000000000000000000000000000000000000000000000000|167/3762000000000000000000000000000000000000000000000000000000000000000000000000000000000000000000000000000|1/300960000000000000000000000000000000000000000000000000000000000000000000000000000000000000000000000000|1/20064000000000000000000000000000000000000000000000000000000000000000000000000000000000000000000000000,NONE,NONE
289,TPL_448dccb7b39167e2ea34d5bf,TOK_e4971acf5cb491fef0ba8f42,LEGAL_LOCAL_TEMPLATE,UNARY_DIRECT,ONE_BODY_DIRECT,1,2,2,1,neutral,0,zero_contact,ZERO_FEE,LOCAL_R2_LIFT,3.000,3,3,0,0,0,3.000,3,3,3.000,3,3,0.375,3/8,3,2.625,21/8,3,0,3,0,0,0,0,0,RAWNUM_ff9e625abe2e7b8573355b56,TYPEDRAW_4083c5f72a72b06dfe2c1cad,DEP_b61697b2a5d6e3f86389d416,DEPCORE_70e5820e0cc8bc74674e406a,DEPRES_73ca7a9ed16e954dab204089,SHAPE_4a5a7e41bcde015a08457156,3,1|0|1|0|0|0,NONE,NONE
290,TPL_6ae303ecf68157518ca813ee,TOK_e4fbad0a149b5a25f152f7ec,LEGAL_LOCAL_TEMPLATE,UNORDERED_TRIAD,THREE_BODY_COLOR,3,4+9+12,4|9|12,3,negative,5,negative_credit,ACTIVE_LIFT,LOCAL_R2_LIFT,8676,8676,0,-2.405815972222222222222222222222222222222222222222222222222222222222222222222222222222222222222222222,-1202907986111111111111111111111111111111111111111111111111111111111111111111111111111111111111111111/500000000000000000000000000000000000000000000000000000000000000000000000000000000000000000000000000,99,8678.405815972222222222222222222222222222222222222222222222222222222222222222222222222222222222222222,4339202907986111111111111111111111111111111111111111111111111111111111111111111111111111111111111111/500000000000000000000000000000000000000000000000000000000000000000000000000000000000000000000000,96,8979.739351249035493827160493827160493827160493827160493827160493827160493827160493827160493827160492,2244934837812258873456790123456790123456790123456790123456790123456790123456790123456790123456790123/250000000000000000000000000000000000000000000000000000000000000000000000000000000000000000000000,96,1122.467418906129436728395061728395061728395061728395061728395061728395061728395061728395061728395062,561233709453064718364197530864197530864197530864197530864197530864197530864197530864197530864197531/500000000000000000000000000000000000000000000000000000000000000000000000000000000000000000000000,96,7857.27193234290605709876543209876543209876543209876543209876543209876543209876543209876543209876543,785727193234290605709876543209876543209876543209876543209876543209876543209876543209876543209876543/100000000000000000000000000000000000000000000000000000000000000000000000000000000000000000000000,95,30133353527681327160493827160493827160493827160493827160493827160493827160493827160493827160493827/100000000000000000000000000000000000000000000000000000000000000000000000000000000000000000000000,646541233289930555555555555555555555555555555555555555555555555555555555555555555555555555555555555539/72000000000000000000000000000000000000000000000000000000000000000000000000000000000000000000000000,-111/500000000000000000000000000000000000000000000000000000000000000000000000000000000000000000000000000,-23/14400000000000000000000000000000000000000000000000000000000000000000000000000000000000000000000000,1/2000000000000000000000000000000000000000000000000000000000000000000000000000000000000000000000000,-1/2000000000000000000000000000000000000000000000000000000000000000000000000000000000000000000000000,0,RAWNUM_8940b865719cdaada20d835f,TYPEDRAW_278fdc0b88f8c84405042757,DEP_06d27bd55b5dc2880471e7d9,DEPCORE_43a58bbaf68ff589bdcd0a7d,DEPRES_6a83dbf9568c58b1f3e9f41d,SHAPE_95f71044ea187baf1aa5eb75,2244934837812258873456790123456790123456790123456790123456790123456790123456790123456790123456790123/250000000000000000000000000000000000000000000000000000000000000000000000000000000000000000000000,241000000000000000000000000000000000000000000000000000000000000000000000000000000000000000000000000/249437204201362097050754458161865569272976680384087791495198902606310013717421124828532235939643347|-1202907986111111111111111111111111111111111111111111111111111111111111111111111111111111111111111111/4489869675624517746913580246913580246913580246913580246913580246913580246913580246913580246913580246000|1|-37/1496623225208172582304526748971193415637860082304526748971193415637860082304526748971193415637860082000|1/17959478702498070987654320987654320987654320987654320987654320987654320987654320987654320987654320984|-1/17959478702498070987654320987654320987654320987654320987654320987654320987654320987654320987654320984,NONE,NONE
291,TPL_63efdec8fc023d88da92a6a7,TOK_e5857fbaac4cbdaa9e2acbaf,LEGAL_LOCAL_TEMPLATE,ORDERED_PAIR,TWO_BODY_PAIR,2,2+12,2|12,3,negative,10,negative_credit,ACTIVE_LIFT,LOCAL_R2_LIFT,318,318,0,-0.1648582175925925925925925925925925925925925925925925925925925925925925925925925925925925925925925926,-824291087962962962962962962962962962962962962962962962962962962962962962962962962962962962962962963/5000000000000000000000000000000000000000000000000000000000000000000000000000000000000000000000000000,100,318.1648582175925925925925925925925925925925925925925925925925925925925925925925925925925925925925926,1590824291087962962962962962962962962962962962962962962962962962962962962962962962962962962962962963/5000000000000000000000000000000000000000000000000000000000000000000000000000000000000000000000000,97,340.2596400382587448559670781893004115226337448559670781893004115226337448559670781893004115226337447,3402596400382587448559670781893004115226337448559670781893004115226337448559670781893004115226337447/10000000000000000000000000000000000000000000000000000000000000000000000000000000000000000000000000,97,42.53245500478234310699588477366255144032921810699588477366255144032921810699588477366255144032921809,4253245500478234310699588477366255144032921810699588477366255144032921810699588477366255144032921809/100000000000000000000000000000000000000000000000000000000000000000000000000000000000000000000000000,98,297.7271850334764017489711934156378600823045267489711934156378600823045267489711934156378600823045266,1488635925167382008744855967078189300411522633744855967078189300411522633744855967078189300411522633/5000000000000000000000000000000000000000000000000000000000000000000000000000000000000000000000000,97,220947818206661522633744855967078189300411522633744855967078189300411522633744855967078189300411521/10000000000000000000000000000000000000000000000000000000000000000000000000000000000000000000000000,122493470413773148148148148148148148148148148148148148148148148148148148148148148148148148148148148151/360000000000000000000000000000000000000000000000000000000000000000000000000000000000000000000000000,37/5000000000000000000000000000000000000000000000000000000000000000000000000000000000000000000000000000,-59/360000000000000000000000000000000000000000000000000000000000000000000000000000000000000000000000000,1/400000000000000000000000000000000000000000000000000000000000000000000000000000000000000000000000000,-1/80000000000000000000000000000000000000000000000000000000000000000000000000000000000000000000000000,1/100000000000000000000000000000000000000000000000000000000000000000000000000000000000000000000000000,RAWNUM_31e8dd1ad1d9999b2ad82d19,TYPEDRAW_61ef696b1530472d4e39c110,DEP_44e9b0d4d3cc428cde54f4c1,DEPCORE_ede2beca29ee134653b6fabd,DEPRES_401ef071e61a081305eaf17f,SHAPE_e1de9e2cc44b6ead9478cd3f,3402596400382587448559670781893004115226337448559670781893004115226337448559670781893004115226337447/10000000000000000000000000000000000000000000000000000000000000000000000000000000000000000000000000,1060000000000000000000000000000000000000000000000000000000000000000000000000000000000000000000000000/1134198800127529149519890260631001371742112482853223593964334705075445816186556927297668038408779149|-274763695987654320987654320987654320987654320987654320987654320987654320987654320987654320987654321/567099400063764574759945130315500685871056241426611796982167352537722908093278463648834019204389574500|1|37/1701298200191293724279835390946502057613168724279835390946502057613168724279835390946502057613168723500|1/136103856015303497942386831275720164609053497942386831275720164609053497942386831275720164609053497880|-1/27220771203060699588477366255144032921810699588477366255144032921810699588477366255144032921810699576,NONE,NONE
292,TPL_ba1c67999264aaae608253db,TOK_e5d0755852f50673b260f7a9,NONLOCAL_NODE,CARRIER_INFRASTRUCTURE,CARRIER_INFRASTRUCTURE,0,1,,3,neutral,0,none,ZERO_FEE,ZERO_SUPPORT_NONLOCAL_OR_REJECTED,0,0,0,0,0,0,0,0,0,0,0,0,0,0,0,0,0,0,0,0,0,0,0,0,0,RAWNUM_8462963cd509903a12729896,TYPEDRAW_7482c6f6a0db41eda0766db7,DEP_3c508e61890441ab1e6f96f7,DEPCORE_c298ca9dae0c0b4084255f69,DEPRES_73ca7a9ed16e954dab204089,SHAPE_cb63182a832c999743955d80,0,0|0|0|0|0|0,NONE,NONE
293,TPL_67cd23a80259abb00c870de8,TOK_e678e685f4f2d76f8e5a06f8,LEGAL_LOCAL_TEMPLATE,UNORDERED_TRIAD,THREE_BODY_COLOR,3,1+3+4,1|3|4,3,negative,1,negative_credit,ACTIVE_LIFT,LOCAL_R2_LIFT,936,936,0,-0.07899305555555555555555555555555555555555555555555555555555555555555555555555555555555555555555555554,-3949652777777777777777777777777777777777777777777777777777777777777777777777777777777777777777777777/50000000000000000000000000000000000000000000000000000000000000000000000000000000000000000000000000000,101,936.0789930555555555555555555555555555555555555555555555555555555555555555555555555555555555555555556,2340197482638888888888888888888888888888888888888888888888888888888888888888888888888888888888888889/2500000000000000000000000000000000000000000000000000000000000000000000000000000000000000000000000,97,942.5795416184413580246913580246913580246913580246913580246913580246913580246913580246913580246913577,9425795416184413580246913580246913580246913580246913580246913580246913580246913580246913580246913577/10000000000000000000000000000000000000000000000000000000000000000000000000000000000000000000000000,97,117.8224427023051697530864197530864197530864197530864197530864197530864197530864197530864197530864197,1178224427023051697530864197530864197530864197530864197530864197530864197530864197530864197530864197/10000000000000000000000000000000000000000000000000000000000000000000000000000000000000000000000000,97,824.757098916136188271604938271604938271604938271604938271604938271604938271604938271604938271604938,412378549458068094135802469135802469135802469135802469135802469135802469135802469135802469135802469/500000000000000000000000000000000000000000000000000000000000000000000000000000000000000000000000,96,65005485628858024691358024691358024691358024691358024691358024691358024691358024691358024691358021/10000000000000000000000000000000000000000000000000000000000000000000000000000000000000000000000000,67865726996527777777777777777777777777777777777777777777777777777777777777777777777777777777777777781/72000000000000000000000000000000000000000000000000000000000000000000000000000000000000000000000000,2223/50000000000000000000000000000000000000000000000000000000000000000000000000000000000000000000000000000,-133/360000000000000000000000000000000000000000000000000000000000000000000000000000000000000000000000000,-1/80000000000000000000000000000000000000000000000000000000000000000000000000000000000000000000000000,1/80000000000000000000000000000000000000000000000000000000000000000000000000000000000000000000000000,0,RAWNUM_0de0db312df47d7c108e197b,TYPEDRAW_d49273ea1061131ffea68702,DEP_4cf2c6ad472f221d0b4c6753,DEPCORE_7e7c1518386b6e43c19b1096,DEPRES_fdee408ed7a176a377838a2a,SHAPE_daf66dc237a352a8e180b2c9,9425795416184413580246913580246913580246913580246913580246913580246913580246913580246913580246913577/10000000000000000000000000000000000000000000000000000000000000000000000000000000000000000000000000,9360000000000000000000000000000000000000000000000000000000000000000000000000000000000000000000000000/9425795416184413580246913580246913580246913580246913580246913580246913580246913580246913580246913577|-3949652777777777777777777777777777777777777777777777777777777777777777777777777777777777777777777777/47128977080922067901234567901234567901234567901234567901234567901234567901234567901234567901234567885000|1|2223/47128977080922067901234567901234567901234567901234567901234567901234567901234567901234567901234567885000|-1/75406363329475308641975308641975308641975308641975308641975308641975308641975308641975308641975308616|1/75406363329475308641975308641975308641975308641975308641975308641975308641975308641975308641975308616,NONE,NONE
294,TPL_82c4cdff25314c9699ffcc52,TOK_e912130f5dce597d96e54839,LEGAL_LOCAL_TEMPLATE,UNARY_DIRECT,ONE_BODY_DIRECT,1,1,1,0,positive,1,zero_contact,ACTIVE_LIFT,LOCAL_R2_LIFT,1.25,5/4,2,0,0,0,1.25,5/4,2,1.258680555555555555555555555555555555555555555555555555555555555555555555555555555555555555555555555,251736111111111111111111111111111111111111111111111111111111111111111111111111111111111111111111111/200000000000000000000000000000000000000000000000000000000000000000000000000000000000000000000000000,99,0.1573350694444444444444444444444444444444444444444444444444444444444444444444444444444444444444444444,393337673611111111111111111111111111111111111111111111111111111111111111111111111111111111111111111/2500000000000000000000000000000000000000000000000000000000000000000000000000000000000000000000000000,100,1.101345486111111111111111111111111111111111111111111111111111111111111111111111111111111111111111111,1101345486111111111111111111111111111111111111111111111111111111111111111111111111111111111111111111/1000000000000000000000000000000000000000000000000000000000000000000000000000000000000000000000000000,99,1736111111111111111111111111111111111111111111111111111111111111111111111111111111111111111111111/200000000000000000000000000000000000000000000000000000000000000000000000000000000000000000000000000,725/576,0,-1/1800000000000000000000000000000000000000000000000000000000000000000000000000000000000000000000000000,1/40000000000000000000000000000000000000000000000000000000000000000000000000000000000000000000000000000,3/8000000000000000000000000000000000000000000000000000000000000000000000000000000000000000000000000000,-1/2500000000000000000000000000000000000000000000000000000000000000000000000000000000000000000000000000,RAWNUM_044ecbced1d9d33d07604338,TYPEDRAW_8bf4f420688bd8ea0a3e192a,DEP_1ba14ec789e6b5439a69ed03,DEPCORE_542722feeac069103e221fb2,DEPRES_0410e77e92b495e3b7df8ab5,SHAPE_08ab34127d815791528baeaf,251736111111111111111111111111111111111111111111111111111111111111111111111111111111111111111111111/200000000000000000000000000000000000000000000000000000000000000000000000000000000000000000000000000,250000000000000000000000000000000000000000000000000000000000000000000000000000000000000000000000000/251736111111111111111111111111111111111111111111111111111111111111111111111111111111111111111111111|0|1|0|1/50347222222222222222222222222222222222222222222222222222222222222222222222222222222222222222222222200|1/3356481481481481481481481481481481481481481481481481481481481481481481481481481481481481481481481480,NONE,NONE
295,TPL_9c413849529ad24df1d9101a,TOK_eb16d3376ed1f7b006a5a984,LEGAL_LOCAL_TEMPLATE,UNARY_CONJUGATE,ONE_BODY_CONJUGATE,1,12,12,0,positive,12,positive_debit,ZERO_FEE,LOCAL_R2_LIFT,18.0,18,1,18.0,18,1,0.0,0,1,0.0000000000000000000000000000000000000000000000000000000000000000000000000000000000000000000000000000,0,100,0.0000000000000000000000000000000000000000000000000000000000000000000000000000000000000000000000000000,0,100,0.0000000000000000000000000000000000000000000000000000000000000000000000000000000000000000000000000000,0,100,0,0,0,0,0,0,0,RAWNUM_1baf5b2dfc9be299368cbce6,TYPEDRAW_a10f18b396ca6413a3a506cd,DEP_2949d046d983efd23a6ce289,DEPCORE_a9a58f72c899f6fa84dfb482,DEPRES_73ca7a9ed16e954dab204089,SHAPE_f446457adbf54ff831fa3001,18,1|1|0|0|0|0,NONE,NONE
296,TPL_04509e830dea97f4fad62584,TOK_eb56bd3df44a3666da1ba5ee,NONLOCAL_NODE,HIDDEN_SUPPORT,HIDDEN_SUPPORT,0,9,,3,positive,9,none,ZERO_SUPPORT,ZERO_SUPPORT_NONLOCAL_OR_REJECTED,9.5625,153/16,4,0,0,0,9.5625,153/16,4,0,0,0,0,0,0,0,0,0,-153/16,0,0,0,0,0,0,RAWNUM_000f75c587925f55eee4d645,TYPEDRAW_27c4e65a5c6d42e3b79b2a0a,DEP_ce31529563ee95766fc8bae7,DEPCORE_9fca827fcca5f3e380ec4cae,DEPRES_73ca7a9ed16e954dab204089,SHAPE_29b24556cd4dd4f6f00896ac,153/16,1|0|0|0|0|0,NONE,NONE
297,TPL_c1b0c10d0bf1781899f16b63,TOK_ebcd06181d2489742f5e4c20,LEGAL_LOCAL_TEMPLATE,UNARY_DIRECT,ONE_BODY_DIRECT,1,9,9,1,negative,9,zero_contact,ACTIVE_LIFT,LOCAL_R2_LIFT,162.0,162,1,0,0,0,162.0,162,1,172.12500,1377/8,5,21.515625,1377/64,6,150.609375,9639/64,6,81/8,1377/8,0,0,0,0,0,RAWNUM_36910ae1c520fa8df3cc8bb2,TYPEDRAW_5ed3cbc4558bd8e2fcc05923,DEP_08dd3a4f0e03219daf309f48,DEPCORE_15b287d5434bc963aaaeebd9,DEPRES_73ca7a9ed16e954dab204089,SHAPE_47898cb03e461def1be69923,1377/8,16/17|0|1|0|0|0,NONE,NONE
298,TPL_ac9cb0661753a4b0ad0ee989,TOK_eceace391c1557a825eddcbe,LEGAL_LOCAL_TEMPLATE,UNARY_DIRECT,ONE_BODY_DIRECT,1,6,6,1,negative,6,zero_contact,ACTIVE_LIFT,LOCAL_R2_LIFT,108.0,108,1,0,0,0,108.0,108,1,112.5000000000000000000000000000000000000000000000000000000000000000000000000000000000000000000000000,225/2,97,14.0625000000000000000000000000000000000000000000000000000000000000000000000000000000000000000000000,225/16,97,98.4375000000000000000000000000000000000000000000000000000000000000000000000000000000000000000000000,1575/16,97,9/2,225/2,0,0,0,0,0,RAWNUM_31eb0b65e9f8925419bd0bcb,TYPEDRAW_5bbaf835d305cfa8dc5e2222,DEP_83b0adfc36f253e318ea1a90,DEPCORE_872a6b4e8115e80a27bf0d49,DEPRES_73ca7a9ed16e954dab204089,SHAPE_5b165c9db943b95d32b359b0,225/2,24/25|0|1|0|0|0,NONE,NONE
299,TPL_5a31a1ceb57f4d861819cf55,TOK_ed05b9b335d56c6aa0952866,LEGAL_LOCAL_TEMPLATE,UNARY_DIRECT,ONE_BODY_DIRECT,1,6,6,0,positive,6,zero_contact,ACTIVE_LIFT,LOCAL_R2_LIFT,7.50,15/2,2,0,0,0,7.50,15/2,2,7.812500000000000000000000000000000000000000000000000000000000000000000000000000000000000000000000002,3906250000000000000000000000000000000000000000000000000000000000000000000000000000000000000000000001/500000000000000000000000000000000000000000000000000000000000000000000000000000000000000000000000000,99,0.9765625000000000000000000000000000000000000000000000000000000000000000000000000000000000000000000002,4882812500000000000000000000000000000000000000000000000000000000000000000000000000000000000000000001/5000000000000000000000000000000000000000000000000000000000000000000000000000000000000000000000000000,100,6.835937500000000000000000000000000000000000000000000000000000000000000000000000000000000000000000001,6835937500000000000000000000000000000000000000000000000000000000000000000000000000000000000000000001/1000000000000000000000000000000000000000000000000000000000000000000000000000000000000000000000000000,99,156250000000000000000000000000000000000000000000000000000000000000000000000000000000000000000000001/500000000000000000000000000000000000000000000000000000000000000000000000000000000000000000000000000,125/16,0,1/500000000000000000000000000000000000000000000000000000000000000000000000000000000000000000000000000,-1/20000000000000000000000000000000000000000000000000000000000000000000000000000000000000000000000000000,-3/4000000000000000000000000000000000000000000000000000000000000000000000000000000000000000000000000000,1/1250000000000000000000000000000000000000000000000000000000000000000000000000000000000000000000000000,RAWNUM_7393a1a734e82cbd2aab47b0,TYPEDRAW_afc1f8f3ad07d03f1b624a4e,DEP_70392941ef90dffd7b00b67a,DEPCORE_d4fc39ebc3e0e07d69ac4a27,DEPRES_c1d23bc68bd98ee3b839c693,SHAPE_1a5d30b1d344157b224b1582,3906250000000000000000000000000000000000000000000000000000000000000000000000000000000000000000000001/500000000000000000000000000000000000000000000000000000000000000000000000000000000000000000000000000,3750000000000000000000000000000000000000000000000000000000000000000000000000000000000000000000000000/3906250000000000000000000000000000000000000000000000000000000000000000000000000000000000000000000001|0|1|0|-1/156250000000000000000000000000000000000000000000000000000000000000000000000000000000000000000000000040|-3/31250000000000000000000000000000000000000000000000000000000000000000000000000000000000000000000000008,NONE,NONE
300,TPL_f88f78bcf7bc070ca02fc14b,TOK_edbd55a68721a66ea7ad1d13,LEGAL_LOCAL_TEMPLATE,ORDERED_PAIR,TWO_BODY_PAIR,2,9+12,9|12,3,negative,3,negative_credit,ACTIVE_LIFT,LOCAL_R2_LIFT,1305,1305,0,-0.2360026041666666666666666666666666666666666666666666666666666666666666666666666666666666666666666667,-2360026041666666666666666666666666666666666666666666666666666666666666666666666666666666666666666667/10000000000000000000000000000000000000000000000000000000000000000000000000000000000000000000000000000,100,1305.236002604166666666666666666666666666666666666666666666666666666666666666666666666666666666666667,1305236002604166666666666666666666666666666666666666666666666666666666666666666666666666666666666667/1000000000000000000000000000000000000000000000000000000000000000000000000000000000000000000000000,96,1332.428419325086805555555555555555555555555555555555555555555555555555555555555555555555555555555555,266485683865017361111111111111111111111111111111111111111111111111111111111111111111111111111111111/200000000000000000000000000000000000000000000000000000000000000000000000000000000000000000000000,96,166.5535524156358506944444444444444444444444444444444444444444444444444444444444444444444444444444444,416383881039089626736111111111111111111111111111111111111111111111111111111111111111111111111111111/2500000000000000000000000000000000000000000000000000000000000000000000000000000000000000000000000,97,1165.874866909450954861111111111111111111111111111111111111111111111111111111111111111111111111111111,1165874866909450954861111111111111111111111111111111111111111111111111111111111111111111111111111111/1000000000000000000000000000000000000000000000000000000000000000000000000000000000000000000000000,96,3399052090115017361111111111111111111111111111111111111111111111111111111111111111111111111111111/125000000000000000000000000000000000000000000000000000000000000000000000000000000000000000000000,63956564127604166666666666666666666666666666666666666666666666666666666666666666666666666666666666683/48000000000000000000000000000000000000000000000000000000000000000000000000000000000000000000000000,3333/10000000000000000000000000000000000000000000000000000000000000000000000000000000000000000000000000000,-43/48000000000000000000000000000000000000000000000000000000000000000000000000000000000000000000000000,1/40000000000000000000000000000000000000000000000000000000000000000000000000000000000000000000000000,3/8000000000000000000000000000000000000000000000000000000000000000000000000000000000000000000000000,-1/2500000000000000000000000000000000000000000000000000000000000000000000000000000000000000000000000,RAWNUM_966f45624f096c4f04196295,TYPEDRAW_aafc138d517799e18cd612c4,DEP_fbab77cb4579bacefe2123e5,DEPCORE_aca4705fcc28424610e0a889,DEPRES_fbc1b58d8b06ab9e8bcab97d,SHAPE_387f913736b6bd97587803e0,266485683865017361111111111111111111111111111111111111111111111111111111111111111111111111111111111/200000000000000000000000000000000000000000000000000000000000000000000000000000000000000000000000,261000000000000000000000000000000000000000000000000000000000000000000000000000000000000000000000000/266485683865017361111111111111111111111111111111111111111111111111111111111111111111111111111111111|-2360026041666666666666666666666666666666666666666666666666666666666666666666666666666666666666666667/13324284193250868055555555555555555555555555555555555555555555555555555555555555555555555555555555550000|1|3333/13324284193250868055555555555555555555555555555555555555555555555555555555555555555555555555555555550000|1/53297136773003472222222222222222222222222222222222222222222222222222222222222222222222222222222222200|3/10659427354600694444444444444444444444444444444444444444444444444444444444444444444444444444444444440,NONE,NONE
301,TPL_dd2586b4cadc080b850e60e3,TOK_ee6b6bf789ece69cdd35e275,LEGAL_LOCAL_TEMPLATE,ORDERED_PAIR,TWO_BODY_PAIR,2,3+2,3|2,3,positive,1,positive_debit,ACTIVE_LIFT,LOCAL_R2_LIFT,75,75,0,0.01446759259259259259259259259259259259259259259259259259259259259259259259259259259259259259259259259,1446759259259259259259259259259259259259259259259259259259259259259259259259259259259259259259259259/100000000000000000000000000000000000000000000000000000000000000000000000000000000000000000000000000000,101,74.98553240740740740740740740740740740740740740740740740740740740740740740740740740740740740740740741,7498553240740740740740740740740740740740740740740740740740740740740740740740740740740740740740740741/100000000000000000000000000000000000000000000000000000000000000000000000000000000000000000000000000,98,75.50626527134773662551440329218106995884773662551440329218106995884773662551440329218106995884773659,7550626527134773662551440329218106995884773662551440329218106995884773662551440329218106995884773659/100000000000000000000000000000000000000000000000000000000000000000000000000000000000000000000000000,98,9.438283158918467078189300411522633744855967078189300411522633744855967078189300411522633744855967074,4719141579459233539094650205761316872427983539094650205761316872427983539094650205761316872427983537/500000000000000000000000000000000000000000000000000000000000000000000000000000000000000000000000000,99,66.06798211242926954732510288065843621399176954732510288065843621399176954732510288065843621399176951,6606798211242926954732510288065843621399176954732510288065843621399176954732510288065843621399176951/100000000000000000000000000000000000000000000000000000000000000000000000000000000000000000000000000,98,26036643197016460905349794238683127572016460905349794238683127572016460905349794238683127572016459/50000000000000000000000000000000000000000000000000000000000000000000000000000000000000000000000000,24162004886831275720164609053497942386831275720164609053497942386831275720164609053497942386831275721/320000000000000000000000000000000000000000000000000000000000000000000000000000000000000000000000000,259/100000000000000000000000000000000000000000000000000000000000000000000000000000000000000000000000000000,-61/1600000000000000000000000000000000000000000000000000000000000000000000000000000000000000000000000000,1/4000000000000000000000000000000000000000000000000000000000000000000000000000000000000000000000000000,-1/160000000000000000000000000000000000000000000000000000000000000000000000000000000000000000000000000,3/500000000000000000000000000000000000000000000000000000000000000000000000000000000000000000000000000,RAWNUM_babd01b05d0aeb342534a177,TYPEDRAW_3c20322ecfdd4614dbcf2d6d,DEP_6e579aff402c478a6752ba54,DEPCORE_fb090fc24b80b040a4ab217b,DEPRES_3aa67e92ff124c8a199165d1,SHAPE_5117351d7e665be3ccc8b8f3,7550626527134773662551440329218106995884773662551440329218106995884773662551440329218106995884773659/100000000000000000000000000000000000000000000000000000000000000000000000000000000000000000000000000,2500000000000000000000000000000000000000000000000000000000000000000000000000000000000000000000000000/2516875509044924554183813443072702331961591220850480109739368998628257887517146776406035665294924553|1446759259259259259259259259259259259259259259259259259259259259259259259259259259259259259259259259/7550626527134773662551440329218106995884773662551440329218106995884773662551440329218106995884773659000|1|259/7550626527134773662551440329218106995884773662551440329218106995884773662551440329218106995884773659000|1/302025061085390946502057613168724279835390946502057613168724279835390946502057613168724279835390946360|-5/60405012217078189300411522633744855967078189300411522633744855967078189300411522633744855967078189272,NONE,NONE
302,TPL_aba7ee042a53719d771a25bd,TOK_ef0b036a7d7fdb770e73779a,LEGAL_LOCAL_TEMPLATE,UNARY_DIRECT,ONE_BODY_DIRECT,1,8,8,2,negative,8,zero_contact,ACTIVE_LIFT,LOCAL_R2_LIFT,1728.0,1728,1,0,0,0,1728.0,1728,1,1824.000000000000000000000000000000000000000000000000000000000000000000000000000000000000000000000001,1824000000000000000000000000000000000000000000000000000000000000000000000000000000000000000000000001/1000000000000000000000000000000000000000000000000000000000000000000000000000000000000000000000000,96,228.0000000000000000000000000000000000000000000000000000000000000000000000000000000000000000000000001,2280000000000000000000000000000000000000000000000000000000000000000000000000000000000000000000000001/10000000000000000000000000000000000000000000000000000000000000000000000000000000000000000000000000,97,1596.000000000000000000000000000000000000000000000000000000000000000000000000000000000000000000000001,1596000000000000000000000000000000000000000000000000000000000000000000000000000000000000000000000001/1000000000000000000000000000000000000000000000000000000000000000000000000000000000000000000000000,96,96000000000000000000000000000000000000000000000000000000000000000000000000000000000000000000000001/1000000000000000000000000000000000000000000000000000000000000000000000000000000000000000000000000,1824,0,1/1000000000000000000000000000000000000000000000000000000000000000000000000000000000000000000000000,-1/40000000000000000000000000000000000000000000000000000000000000000000000000000000000000000000000000,1/8000000000000000000000000000000000000000000000000000000000000000000000000000000000000000000000000,-1/10000000000000000000000000000000000000000000000000000000000000000000000000000000000000000000000000,RAWNUM_85b222ad334165cca8f8a4d5,TYPEDRAW_65e8448e8e88e32f0d7e7b3f,DEP_6a188411d5c468052c840ad9,DEPCORE_f59a5d5419400866991a5469,DEPRES_c6f01433893b64d3acbf05ab,SHAPE_d9f1e65cd01dcb3e736dd123,1824000000000000000000000000000000000000000000000000000000000000000000000000000000000000000000000001/1000000000000000000000000000000000000000000000000000000000000000000000000000000000000000000000000,1728000000000000000000000000000000000000000000000000000000000000000000000000000000000000000000000000/1824000000000000000000000000000000000000000000000000000000000000000000000000000000000000000000000001|0|1|0|-1/72960000000000000000000000000000000000000000000000000000000000000000000000000000000000000000000000040|1/14592000000000000000000000000000000000000000000000000000000000000000000000000000000000000000000000008,NONE,NONE
303,TPL_d537334a929c25760e216254,TOK_ef75ac1752c2a6aa9b6982b1,LEGAL_LOCAL_TEMPLATE,UNORDERED_TRIAD,THREE_BODY_COLOR,3,4+4+12,4|4|12,3,neutral,0,positive_debit,ZERO_FEE,LOCAL_R2_LIFT,6336,6336,0,3.895833333333333333333333333333333333333333333333333333333333333333333333333333333333333333333333334,1947916666666666666666666666666666666666666666666666666666666666666666666666666666666666666666666667/500000000000000000000000000000000000000000000000000000000000000000000000000000000000000000000000000,99,6332.104166666666666666666666666666666666666666666666666666666666666666666666666666666666666666666667,6332104166666666666666666666666666666666666666666666666666666666666666666666666666666666666666666667/1000000000000000000000000000000000000000000000000000000000000000000000000000000000000000000000000,96,6332.104166666666666666666666666666666666666666666666666666666666666666666666666666666666666666666667,6332104166666666666666666666666666666666666666666666666666666666666666666666666666666666666666666667/1000000000000000000000000000000000000000000000000000000000000000000000000000000000000000000000000,96,791.5130208333333333333333333333333333333333333333333333333333333333333333333333333333333333333333334,3957565104166666666666666666666666666666666666666666666666666666666666666666666666666666666666666667/5000000000000000000000000000000000000000000000000000000000000000000000000000000000000000000000000,97,5540.591145833333333333333333333333333333333333333333333333333333333333333333333333333333333333333334,2770295572916666666666666666666666666666666666666666666666666666666666666666666666666666666666666667/500000000000000000000000000000000000000000000000000000000000000000000000000000000000000000000000,96,0,6332104166666666666666666666666666666666666666666666666666666666666666666666666666666666666666666667/1000000000000000000000000000000000000000000000000000000000000000000000000000000000000000000000000,167/500000000000000000000000000000000000000000000000000000000000000000000000000000000000000000000000000,0,1/40000000000000000000000000000000000000000000000000000000000000000000000000000000000000000000000000,3/8000000000000000000000000000000000000000000000000000000000000000000000000000000000000000000000000,-1/2500000000000000000000000000000000000000000000000000000000000000000000000000000000000000000000000,RAWNUM_b301f6decd44ed3e17dfdce0,TYPEDRAW_b9714905c37b402d6bc37176,DEP_3a7947cfac379296fe3ea05f,DEPCORE_12b1bceb0879906fe171f397,DEPRES_a1fbcb47e316d135212d657d,SHAPE_965db2c56e77e3144c15a847,6336,1|1947916666666666666666666666666666666666666666666666666666666666666666666666666666666666666666666667/3168000000000000000000000000000000000000000000000000000000000000000000000000000000000000000000000000000|2110701388888888888888888888888888888888888888888888888888888888888888888888888888888888888888888889/2112000000000000000000000000000000000000000000000000000000000000000000000000000000000000000000000000|167/3168000000000000000000000000000000000000000000000000000000000000000000000000000000000000000000000000000|1/253440000000000000000000000000000000000000000000000000000000000000000000000000000000000000000000000000|1/16896000000000000000000000000000000000000000000000000000000000000000000000000000000000000000000000000,NONE,NONE
304,TPL_ed6e97b628e8165e4b00b030,TOK_f123f08d2231e1d31fc1d9f9,REJECTED,UNORDERED_TRIAD,THREE_BODY_COLOR,3,6+6+9,6|6|9,0,neutral,0,positive_debit,ZERO_SUPPORT,ZERO_SUPPORT_NONLOCAL_OR_REJECTED,5508,5508,0,6885.00,6885,2,-1377.00,-1377,2,0,0,0,0,0,0,0,0,0,1377,0,0,0,0,0,0,RAWNUM_3b9869c16d3798eb6465ac5e,TYPEDRAW_26fd6c66ec9f64913c702511,DEP_7f812db8a51ad5a49164f9a0,DEPCORE_ee0a11eadc66db2d9bd7a512,DEPRES_73ca7a9ed16e954dab204089,SHAPE_aca101b390433fda81ae9569,6885,4/5|1|0|0|0|0,NONE,NONE
305,TPL_531adcd59de90f961d7f1784,TOK_f1f3539f5af2506f3e081353,LEGAL_LOCAL_TEMPLATE,ORDERED_PAIR,TWO_BODY_PAIR,2,6+9,6|9,3,negative,3,negative_credit,ACTIVE_LIFT,LOCAL_R2_LIFT,657,657,0,-0.1188151041666666666666666666666666666666666666666666666666666666666666666666666666666666666666666667,-1188151041666666666666666666666666666666666666666666666666666666666666666666666666666666666666666667/10000000000000000000000000000000000000000000000000000000000000000000000000000000000000000000000000000,100,657.1188151041666666666666666666666666666666666666666666666666666666666666666666666666666666666666667,6571188151041666666666666666666666666666666666666666666666666666666666666666666666666666666666666667/10000000000000000000000000000000000000000000000000000000000000000000000000000000000000000000000000,97,670.8087904188368055555555555555555555555555555555555555555555555555555555555555555555555555555555554,3354043952094184027777777777777777777777777777777777777777777777777777777777777777777777777777777777/5000000000000000000000000000000000000000000000000000000000000000000000000000000000000000000000000,97,83.85109880235460069444444444444444444444444444444444444444444444444444444444444444444444444444444442,4192554940117730034722222222222222222222222222222222222222222222222222222222222222222222222222222221/50000000000000000000000000000000000000000000000000000000000000000000000000000000000000000000000000,98,586.957691616482204861111111111111111111111111111111111111111111111111111111111111111111111111111111,586957691616482204861111111111111111111111111111111111111111111111111111111111111111111111111111111/1000000000000000000000000000000000000000000000000000000000000000000000000000000000000000000000000,96,136899753146701388888888888888888888888888888888888888888888888888888888888888888888888888888888887/10000000000000000000000000000000000000000000000000000000000000000000000000000000000000000000000000,321988219401041666666666666666666666666666666666666666666666666666666666666666666666666666666666666683/480000000000000000000000000000000000000000000000000000000000000000000000000000000000000000000000000,333/10000000000000000000000000000000000000000000000000000000000000000000000000000000000000000000000000000,-91/480000000000000000000000000000000000000000000000000000000000000000000000000000000000000000000000000,-1/200000000000000000000000000000000000000000000000000000000000000000000000000000000000000000000000000,1/40000000000000000000000000000000000000000000000000000000000000000000000000000000000000000000000000,-1/50000000000000000000000000000000000000000000000000000000000000000000000000000000000000000000000000,RAWNUM_0b71332c8fce0a47665c7ecf,TYPEDRAW_b299125142f66e40798f3806,DEP_6ab64890ce2dbf00429d4301,DEPCORE_6a4aee02f01ceecd3dc4e07e,DEPRES_450d5ab22198c5bc34a4950b,SHAPE_0de8259f60f40acff2aafbab,3354043952094184027777777777777777777777777777777777777777777777777777777777777777777777777777777777/5000000000000000000000000000000000000000000000000000000000000000000000000000000000000000000000000,3285000000000000000000000000000000000000000000000000000000000000000000000000000000000000000000000000/3354043952094184027777777777777777777777777777777777777777777777777777777777777777777777777777777777|-1188151041666666666666666666666666666666666666666666666666666666666666666666666666666666666666666667/6708087904188368055555555555555555555555555555555555555555555555555555555555555555555555555555555554000|1|333/6708087904188368055555555555555555555555555555555555555555555555555555555555555555555555555555555554000|-1/134161758083767361111111111111111111111111111111111111111111111111111111111111111111111111111111111080|1/26832351616753472222222222222222222222222222222222222222222222222222222222222222222222222222222222216,NONE,NONE
306,TPL_46df498fe8a0e225fdfc0d48,TOK_f2c2535058be79a14f46084c,LEGAL_LOCAL_TEMPLATE,UNORDERED_TRIAD,THREE_BODY_COLOR,3,6+8+12,6|8|12,3,negative,2,negative_credit,ACTIVE_LIFT,LOCAL_R2_LIFT,8784,8784,0,-1.164930555555555555555555555555555555555555555555555555555555555555555555555555555555555555555555556,-291232638888888888888888888888888888888888888888888888888888888888888888888888888888888888888888889/250000000000000000000000000000000000000000000000000000000000000000000000000000000000000000000000000,99,8785.164930555555555555555555555555555555555555555555555555555555555555555555555555555555555555555556,2196291232638888888888888888888888888888888888888888888888888888888888888888888888888888888888888889/250000000000000000000000000000000000000000000000000000000000000000000000000000000000000000000000,96,8907.181110146604938271604938271604938271604938271604938271604938271604938271604938271604938271604940,445359055507330246913580246913580246913580246913580246913580246913580246913580246913580246913580247/50000000000000000000000000000000000000000000000000000000000000000000000000000000000000000000000,96,1113.397638768325617283950617283950617283950617283950617283950617283950617283950617283950617283950618,556698819384162808641975308641975308641975308641975308641975308641975308641975308641975308641975309/500000000000000000000000000000000000000000000000000000000000000000000000000000000000000000000000,96,7793.783471378279320987654320987654320987654320987654320987654320987654320987654320987654320987654322,3896891735689139660493827160493827160493827160493827160493827160493827160493827160493827160493827161/500000000000000000000000000000000000000000000000000000000000000000000000000000000000000000000000,96,15252022448881172839506172839506172839506172839506172839506172839506172839506172839506172839506173/125000000000000000000000000000000000000000000000000000000000000000000000000000000000000000000000,160329259982638888888888888888888888888888888888888888888888888888888888888888888888888888888888888897/18000000000000000000000000000000000000000000000000000000000000000000000000000000000000000000000000,111/250000000000000000000000000000000000000000000000000000000000000000000000000000000000000000000000000,23/18000000000000000000000000000000000000000000000000000000000000000000000000000000000000000000000000,1/2000000000000000000000000000000000000000000000000000000000000000000000000000000000000000000000000,-1/2000000000000000000000000000000000000000000000000000000000000000000000000000000000000000000000000,0,RAWNUM_5546af2903ea0d13ea215442,TYPEDRAW_8e27f705d864f7983ec838df,DEP_96e3841177f9d8ce8679380f,DEPCORE_7578d83a29aa37486d60c8b8,DEPRES_56ba40fefc672b7be0b94a65,SHAPE_d0b7edcdb33beda529234fdb,445359055507330246913580246913580246913580246913580246913580246913580246913580246913580246913580247/50000000000000000000000000000000000000000000000000000000000000000000000000000000000000000000000,439200000000000000000000000000000000000000000000000000000000000000000000000000000000000000000000000/445359055507330246913580246913580246913580246913580246913580246913580246913580246913580246913580247|-291232638888888888888888888888888888888888888888888888888888888888888888888888888888888888888888889/2226795277536651234567901234567901234567901234567901234567901234567901234567901234567901234567901235000|1|111/2226795277536651234567901234567901234567901234567901234567901234567901234567901234567901234567901235000|1/17814362220293209876543209876543209876543209876543209876543209876543209876543209876543209876543209880|-1/17814362220293209876543209876543209876543209876543209876543209876543209876543209876543209876543209880,NONE,NONE
307,TPL_2118f940be12c8328bbd1436,TOK_f38e2afc6e288b1ed7c1cb03,LEGAL_LOCAL_TEMPLATE,UNARY_CONJUGATE,ONE_BODY_CONJUGATE,1,9,9,0,negative,9,negative_credit,ACTIVE_LIFT,LOCAL_R2_LIFT,11.25,45/4,2,-8.4375,-135/16,4,19.6875,315/16,4,20.91796875,5355/256,8,2.61474609375,5355/2048,11,18.30322265625,37485/2048,11,315/256,5355/256,0,0,0,0,0,RAWNUM_0dc7785e101df60246585246,TYPEDRAW_26cdbe31ad944c1b17da5d89,DEP_24d0b4d2955ba8ca8d188c90,DEPCORE_8de86a4a93c444914b333382,DEPRES_73ca7a9ed16e954dab204089,SHAPE_6801b01b9827732bf5429bd1,5355/256,64/119|-48/119|1|0|0|0,NONE,NONE
308,TPL_19dcdd6fdc21c070157f35e7,TOK_f68ae6a04107eb2f6cff88ee,LEGAL_LOCAL_TEMPLATE,UNARY_DIRECT,ONE_BODY_DIRECT,1,8,8,1,neutral,0,zero_contact,ZERO_FEE,LOCAL_R2_LIFT,12.000,12,3,0,0,0,12.000,12,3,12.000,12,3,1.500,3/2,3,10.500,21/2,3,0,12,0,0,0,0,0,RAWNUM_ba094da9ae28a77685ebaf9a,TYPEDRAW_249baf7e6e068a6274c5b00d,DEP_c9c822d0b7fdbdcd459604ea,DEPCORE_7320af7c9fca4c383122653c,DEPRES_73ca7a9ed16e954dab204089,SHAPE_4a5a7e41bcde015a08457156,12,1|0|1|0|0|0,NONE,NONE
309,TPL_5bf8482aea08606e8d6097d1,TOK_f6d64b62e98dfb61e78f91d5,LEGAL_LOCAL_TEMPLATE,UNORDERED_TRIAD,THREE_BODY_COLOR,3,1+1+4,1|1|4,0,positive,1,positive_debit,ACTIVE_LIFT,LOCAL_R2_LIFT,648,648,0,216.0000000000000000000000000000000000000000000000000000000000000000000000000000000000000000000000000,216,97,432.0000000000000000000000000000000000000000000000000000000000000000000000000000000000000000000000000,432,97,434.9999999999999999999999999999999999999999999999999999999999999999999999999999999999999999999999998,2174999999999999999999999999999999999999999999999999999999999999999999999999999999999999999999999999/5000000000000000000000000000000000000000000000000000000000000000000000000000000000000000000000000,97,54.37499999999999999999999999999999999999999999999999999999999999999999999999999999999999999999999998,2718749999999999999999999999999999999999999999999999999999999999999999999999999999999999999999999999/50000000000000000000000000000000000000000000000000000000000000000000000000000000000000000000000000,98,380.6249999999999999999999999999999999999999999999999999999999999999999999999999999999999999999999999,3806249999999999999999999999999999999999999999999999999999999999999999999999999999999999999999999999/10000000000000000000000000000000000000000000000000000000000000000000000000000000000000000000000000,97,14999999999999999999999999999999999999999999999999999999999999999999999999999999999999999999999999/5000000000000000000000000000000000000000000000000000000000000000000000000000000000000000000000000,435,0,-1/5000000000000000000000000000000000000000000000000000000000000000000000000000000000000000000000000,1/200000000000000000000000000000000000000000000000000000000000000000000000000000000000000000000000000,3/40000000000000000000000000000000000000000000000000000000000000000000000000000000000000000000000000,-1/12500000000000000000000000000000000000000000000000000000000000000000000000000000000000000000000000,RAWNUM_29840d5c19738cbad5f633ac,TYPEDRAW_643d4e7e5d20bbdfa1560b8a,DEP_58df244b47466d39a37ce047,DEPCORE_71f0ada33eaebe7f40b4a66b,DEPRES_538e4b0eb9d560390a404d7a,SHAPE_c5f860b7e3263dab45166ae9,648,1|1/3|2174999999999999999999999999999999999999999999999999999999999999999999999999999999999999999999999999/3240000000000000000000000000000000000000000000000000000000000000000000000000000000000000000000000000|0|1/129600000000000000000000000000000000000000000000000000000000000000000000000000000000000000000000000000|1/8640000000000000000000000000000000000000000000000000000000000000000000000000000000000000000000000000,NONE,NONE
310,TPL_5ca3a238db338a4ec6cf4516,TOK_f71d408b43cbbadc9d5320d7,LEGAL_LOCAL_TEMPLATE,UNARY_DIRECT,ONE_BODY_DIRECT,1,2,2,0,negative,2,zero_contact,ACTIVE_LIFT,LOCAL_R2_LIFT,3.0,3,1,0,0,0,3.0,3,1,3.041666666666666666666666666666666666666666666666666666666666666666666666666666666666666666666666667,3041666666666666666666666666666666666666666666666666666666666666666666666666666666666666666666666667/1000000000000000000000000000000000000000000000000000000000000000000000000000000000000000000000000000,99,0.3802083333333333333333333333333333333333333333333333333333333333333333333333333333333333333333333334,1901041666666666666666666666666666666666666666666666666666666666666666666666666666666666666666666667/5000000000000000000000000000000000000000000000000000000000000000000000000000000000000000000000000000,100,2.661458333333333333333333333333333333333333333333333333333333333333333333333333333333333333333333334,1330729166666666666666666666666666666666666666666666666666666666666666666666666666666666666666666667/500000000000000000000000000000000000000000000000000000000000000000000000000000000000000000000000000,99,41666666666666666666666666666666666666666666666666666666666666666666666666666666666666666666666667/1000000000000000000000000000000000000000000000000000000000000000000000000000000000000000000000000000,73/24,0,1/3000000000000000000000000000000000000000000000000000000000000000000000000000000000000000000000000000,1/40000000000000000000000000000000000000000000000000000000000000000000000000000000000000000000000000000,3/8000000000000000000000000000000000000000000000000000000000000000000000000000000000000000000000000000,-1/2500000000000000000000000000000000000000000000000000000000000000000000000000000000000000000000000000,RAWNUM_cccf1a5a5747e277e1836875,TYPEDRAW_6fc9ad1f3542e799ecd49aee,DEP_dad5383f231974fb10e59fdb,DEPCORE_bd8f5979ae6cad18cf625086,DEPRES_c210bc29648c1a3b2a51cc32,SHAPE_15667198f8ddd440a8101f53,3041666666666666666666666666666666666666666666666666666666666666666666666666666666666666666666666667/1000000000000000000000000000000000000000000000000000000000000000000000000000000000000000000000000000,1000000000000000000000000000000000000000000000000000000000000000000000000000000000000000000000000000/1013888888888888888888888888888888888888888888888888888888888888888888888888888888888888888888888889|0|1|0|1/121666666666666666666666666666666666666666666666666666666666666666666666666666666666666666666666666680|1/8111111111111111111111111111111111111111111111111111111111111111111111111111111111111111111111111112,NONE,NONE
311,TPL_c9833eaa1b2e428cffed9854,TOK_f83ccc3f14a07e57a8bbd8ef,LEGAL_LOCAL_TEMPLATE,UNARY_DIRECT,ONE_BODY_DIRECT,1,12,12,1,negative,12,zero_contact,ACTIVE_LIFT,LOCAL_R2_LIFT,216.0,216,1,0,0,0,216.0,216,1,233.9999999999999999999999999999999999999999999999999999999999999999999999999999999999999999999999999,2339999999999999999999999999999999999999999999999999999999999999999999999999999999999999999999999999/10000000000000000000000000000000000000000000000000000000000000000000000000000000000000000000000000,97,29.24999999999999999999999999999999999999999999999999999999999999999999999999999999999999999999999999,2924999999999999999999999999999999999999999999999999999999999999999999999999999999999999999999999999/100000000000000000000000000000000000000000000000000000000000000000000000000000000000000000000000000,98,204.7499999999999999999999999999999999999999999999999999999999999999999999999999999999999999999999999,2047499999999999999999999999999999999999999999999999999999999999999999999999999999999999999999999999/10000000000000000000000000000000000000000000000000000000000000000000000000000000000000000000000000,97,179999999999999999999999999999999999999999999999999999999999999999999999999999999999999999999999999/10000000000000000000000000000000000000000000000000000000000000000000000000000000000000000000000000,234,0,-1/10000000000000000000000000000000000000000000000000000000000000000000000000000000000000000000000000,1/400000000000000000000000000000000000000000000000000000000000000000000000000000000000000000000000000,-1/80000000000000000000000000000000000000000000000000000000000000000000000000000000000000000000000000,1/100000000000000000000000000000000000000000000000000000000000000000000000000000000000000000000000000,RAWNUM_61ccdea23d0808cbc2382e61,TYPEDRAW_1706aecdbe6faa167a6fd999,DEP_a3a7a5dc14d7b456284f036b,DEPCORE_19ad98d2f54b13d7c92d45fd,DEPRES_6e79992469a3dc5ecffb2f60,SHAPE_63823c77aefc865e0b66cc52,2339999999999999999999999999999999999999999999999999999999999999999999999999999999999999999999999999/10000000000000000000000000000000000000000000000000000000000000000000000000000000000000000000000000,2160000000000000000000000000000000000000000000000000000000000000000000000000000000000000000000000000/2339999999999999999999999999999999999999999999999999999999999999999999999999999999999999999999999999|0|1|0|1/93599999999999999999999999999999999999999999999999999999999999999999999999999999999999999999999999960|-1/18719999999999999999999999999999999999999999999999999999999999999999999999999999999999999999999999992,NONE,NONE
312,TPL_7cb277960d08869ae6ac243c,TOK_f9df88fdbf724da9a06a8ab4,LEGAL_LOCAL_TEMPLATE,ORDERED_PAIR,TWO_BODY_PAIR,2,4+6,4|6,3,negative,2,negative_credit,ACTIVE_LIFT,LOCAL_R2_LIFT,294,294,0,-0.07089120370370370370370370370370370370370370370370370370370370370370370370370370370370370370370370371,-7089120370370370370370370370370370370370370370370370370370370370370370370370370370370370370370370371/100000000000000000000000000000000000000000000000000000000000000000000000000000000000000000000000000000,101,294.0708912037037037037037037037037037037037037037037037037037037037037037037037037037037037037037037,2940708912037037037037037037037037037037037037037037037037037037037037037037037037037037037037037037/10000000000000000000000000000000000000000000000000000000000000000000000000000000000000000000000000,97,298.1552091370884773662551440329218106995884773662551440329218106995884773662551440329218106995884774,1490776045685442386831275720164609053497942386831275720164609053497942386831275720164609053497942387/5000000000000000000000000000000000000000000000000000000000000000000000000000000000000000000000000,97,37.26940114213605967078189300411522633744855967078189300411522633744855967078189300411522633744855968,116466878569175186471193415637860082304526748971193415637860082304526748971193415637860082304526749/3125000000000000000000000000000000000000000000000000000000000000000000000000000000000000000000000,98,260.8858079949524176954732510288065843621399176954732510288065843621399176954732510288065843621399178,1304429039974762088477366255144032921810699588477366255144032921810699588477366255144032921810699589/5000000000000000000000000000000000000000000000000000000000000000000000000000000000000000000000000,97,40843179333847736625514403292181069958847736625514403292181069958847736625514403292181069958847737/10000000000000000000000000000000000000000000000000000000000000000000000000000000000000000000000000,23852416730967078189300411522633744855967078189300411522633744855967078189300411522633744855967078189/80000000000000000000000000000000000000000000000000000000000000000000000000000000000000000000000000,-371/100000000000000000000000000000000000000000000000000000000000000000000000000000000000000000000000000000,3/80000000000000000000000000000000000000000000000000000000000000000000000000000000000000000000000000,1/200000000000000000000000000000000000000000000000000000000000000000000000000000000000000000000000000,3/40000000000000000000000000000000000000000000000000000000000000000000000000000000000000000000000000,-1/12500000000000000000000000000000000000000000000000000000000000000000000000000000000000000000000000,RAWNUM_275f82d35978dad9b2bad874,TYPEDRAW_9c8a51080b9d395c20f5f019,DEP_c608165dd530d962fdd38e44,DEPCORE_4cc55ae88dfa7a95de02b39f,DEPRES_1a9ff127815c1ee870253a93,SHAPE_63f0dfa69c9af9664ffa784a,1490776045685442386831275720164609053497942386831275720164609053497942386831275720164609053497942387/5000000000000000000000000000000000000000000000000000000000000000000000000000000000000000000000000,490000000000000000000000000000000000000000000000000000000000000000000000000000000000000000000000000/496925348561814128943758573388203017832647462277091906721536351165980795610425240054869684499314129|-7089120370370370370370370370370370370370370370370370370370370370370370370370370370370370370370370371/29815520913708847736625514403292181069958847736625514403292181069958847736625514403292181069958847740000|1|-371/29815520913708847736625514403292181069958847736625514403292181069958847736625514403292181069958847740000|1/59631041827417695473251028806584362139917695473251028806584362139917695473251028806584362139917695480|1/3975402788494513031550068587105624142661179698216735253772290809327846364883401920438957475994513032,NONE,NONE
313,TPL_cb85f38841009607062f691c,TOK_fa5046a343f6aa560c778b74,REJECTED,EXPLICIT_CONTROL,REJECTED_CONTROL,0,1,,0,neutral,0,none,ZERO_FEE,ZERO_SUPPORT_NONLOCAL_OR_REJECTED,0,0,0,0,0,0,0,0,0,0,0,0,0,0,0,0,0,0,0,0,0,0,0,0,0,RAWNUM_8462963cd509903a12729896,TYPEDRAW_45c00561a33040b8291efd18,DEP_e546bab458df71c743a9276f,DEPCORE_d16eb49fda677ceeef042ceb,DEPRES_73ca7a9ed16e954dab204089,SHAPE_579ee4bf136113892323a924,0,0|0|0|0|0|0,NONE,NONE
314,TPL_e96d2f7acbbfccba9eadf00a,TOK_facb07e6c402b79ba1ac650f,LEGAL_LOCAL_TEMPLATE,UNARY_DIRECT,ONE_BODY_DIRECT,1,6,6,1,neutral,0,zero_contact,ZERO_FEE,LOCAL_R2_LIFT,9.000,9,3,0,0,0,9.000,9,3,9.000,9,3,1.125,9/8,3,7.875,63/8,3,0,9,0,0,0,0,0,RAWNUM_27e32f083e41c25e29a03a5e,TYPEDRAW_a6e2111d963761551e699882,DEP_d64147e620873b07a096565d,DEPCORE_a02c6d68196d0507e746f556,DEPRES_73ca7a9ed16e954dab204089,SHAPE_4a5a7e41bcde015a08457156,9,1|0|1|0|0|0,NONE,NONE
315,TPL_7f686fbef0701a7ec87a6182,TOK_fbad6ffbd6c4ff2ceef29fea,LEGAL_LOCAL_TEMPLATE,UNARY_DIRECT,ONE_BODY_DIRECT,1,12,12,0,neutral,0,zero_contact,ZERO_FEE,LOCAL_R2_LIFT,1.500,3/2,3,0,0,0,1.500,3/2,3,1.500,3/2,3,0.1875,3/16,4,1.3125,21/16,4,0,3/2,0,0,0,0,0,RAWNUM_475e97c077823b0862f4c902,TYPEDRAW_616002513fd1ff423e3bd8f0,DEP_20c509f163e4cd29e680171c,DEPCORE_e789434bb445333bcfc31eb4,DEPRES_73ca7a9ed16e954dab204089,SHAPE_4a5a7e41bcde015a08457156,3/2,1|0|1|0|0|0,NONE,NONE
316,TPL_9d3e5ce67be8cb85501412e6,TOK_fcf2b1e29e71b30a26efe964,LEGAL_LOCAL_TEMPLATE,UNARY_DIRECT,ONE_BODY_DIRECT,1,1,1,2,negative,1,zero_contact,ACTIVE_LIFT,LOCAL_R2_LIFT,216.0,216,1,0,0,0,216.0,216,1,217.4999999999999999999999999999999999999999999999999999999999999999999999999999999999999999999999999,2174999999999999999999999999999999999999999999999999999999999999999999999999999999999999999999999999/10000000000000000000000000000000000000000000000000000000000000000000000000000000000000000000000000,97,27.18749999999999999999999999999999999999999999999999999999999999999999999999999999999999999999999999,2718749999999999999999999999999999999999999999999999999999999999999999999999999999999999999999999999/100000000000000000000000000000000000000000000000000000000000000000000000000000000000000000000000000,98,190.3124999999999999999999999999999999999999999999999999999999999999999999999999999999999999999999999,1903124999999999999999999999999999999999999999999999999999999999999999999999999999999999999999999999/10000000000000000000000000000000000000000000000000000000000000000000000000000000000000000000000000,97,14999999999999999999999999999999999999999999999999999999999999999999999999999999999999999999999999/10000000000000000000000000000000000000000000000000000000000000000000000000000000000000000000000000,435/2,0,-1/10000000000000000000000000000000000000000000000000000000000000000000000000000000000000000000000000,1/400000000000000000000000000000000000000000000000000000000000000000000000000000000000000000000000000,-1/80000000000000000000000000000000000000000000000000000000000000000000000000000000000000000000000000,1/100000000000000000000000000000000000000000000000000000000000000000000000000000000000000000000000000,RAWNUM_91c0dd7ea14d794555aa3750,TYPEDRAW_6174bba598569b947a162a20,DEP_4a972035e2a9f9fd2d60ae34,DEPCORE_caef252ec5b25b084686e06f,DEPRES_6e79992469a3dc5ecffb2f60,SHAPE_30133cbf6d222b947bfacce5,2174999999999999999999999999999999999999999999999999999999999999999999999999999999999999999999999999/10000000000000000000000000000000000000000000000000000000000000000000000000000000000000000000000000,2160000000000000000000000000000000000000000000000000000000000000000000000000000000000000000000000000/2174999999999999999999999999999999999999999999999999999999999999999999999999999999999999999999999999|0|1|0|1/86999999999999999999999999999999999999999999999999999999999999999999999999999999999999999999999999960|-1/17399999999999999999999999999999999999999999999999999999999999999999999999999999999999999999999999992,NONE,NONE
317,TPL_71e4292e3f482fbee066e1e3,TOK_fd1ccbbf0df337fc15a91a71,LEGAL_LOCAL_TEMPLATE,UNARY_CONJUGATE,ONE_BODY_CONJUGATE,1,1,1,1,negative,1,negative_credit,ACTIVE_LIFT,LOCAL_R2_LIFT,15.00,15,2,-0.1041666666666666666666666666666666666666666666666666666666666666666666666666666666666666666666666667,-1041666666666666666666666666666666666666666666666666666666666666666666666666666666666666666666666667/10000000000000000000000000000000000000000000000000000000000000000000000000000000000000000000000000000,100,15.10416666666666666666666666666666666666666666666666666666666666666666666666666666666666666666666667,1510416666666666666666666666666666666666666666666666666666666666666666666666666666666666666666666667/100000000000000000000000000000000000000000000000000000000000000000000000000000000000000000000000000,98,15.20905671296296296296296296296296296296296296296296296296296296296296296296296296296296296296296296,190113208912037037037037037037037037037037037037037037037037037037037037037037037037037037037037037/12500000000000000000000000000000000000000000000000000000000000000000000000000000000000000000000000,98,1.90113208912037037037037037037037037037037037037037037037037037037037037037037037037037037037037037,190113208912037037037037037037037037037037037037037037037037037037037037037037037037037037037037037/100000000000000000000000000000000000000000000000000000000000000000000000000000000000000000000000000,98,13.30792462384259259259259259259259259259259259259259259259259259259259259259259259259259259259259259,1330792462384259259259259259259259259259259259259259259259259259259259259259259259259259259259259259/100000000000000000000000000000000000000000000000000000000000000000000000000000000000000000000000000,98,10489004629629629629629629629629629629629629629629629629629629629629629629629629629629629629629629/100000000000000000000000000000000000000000000000000000000000000000000000000000000000000000000000000,43802083333333333333333333333333333333333333333333333333333333333333333333333333333333333333333333343/2880000000000000000000000000000000000000000000000000000000000000000000000000000000000000000000000000,33/10000000000000000000000000000000000000000000000000000000000000000000000000000000000000000000000000000,-91/14400000000000000000000000000000000000000000000000000000000000000000000000000000000000000000000000000,0,0,0,RAWNUM_474082d3b18d382299b1d6d9,TYPEDRAW_29b588f29a0d15bb447460af,DEP_9e6a75a0c82dc9a70a90540c,DEPCORE_d23268476303297d64d86e5d,DEPRES_5216326702daea1da01c27ad,SHAPE_84d742f8eebcff2aa96c87b8,190113208912037037037037037037037037037037037037037037037037037037037037037037037037037037037037037/12500000000000000000000000000000000000000000000000000000000000000000000000000000000000000000000000,62500000000000000000000000000000000000000000000000000000000000000000000000000000000000000000000000/63371069637345679012345679012345679012345679012345679012345679012345679012345679012345679012345679|-1041666666666666666666666666666666666666666666666666666666666666666666666666666666666666666666666667/152090567129629629629629629629629629629629629629629629629629629629629629629629629629629629629629629600|1|11/50696855709876543209876543209876543209876543209876543209876543209876543209876543209876543209876543200|0|0,NONE,NONE
318,TPL_67d59720f0c2e8ebb0802615,TOK_fddd6eb6eec240cd2f3bbd0f,LEGAL_LOCAL_TEMPLATE,UNORDERED_TRIAD,THREE_BODY_COLOR,3,1+1+8,1|1|8,3,positive,2,positive_debit,ACTIVE_LIFT,LOCAL_R2_LIFT,2376,2376,0,0.3151041666666666666666666666666666666666666666666666666666666666666666666666666666666666666666666667,3151041666666666666666666666666666666666666666666666666666666666666666666666666666666666666666666667/10000000000000000000000000000000000000000000000000000000000000000000000000000000000000000000000000000,100,2375.684895833333333333333333333333333333333333333333333333333333333333333333333333333333333333333333,2375684895833333333333333333333333333333333333333333333333333333333333333333333333333333333333333333/1000000000000000000000000000000000000000000000000000000000000000000000000000000000000000000000000,96,2408.680519386574074074074074074074074074074074074074074074074074074074074074074074074074074074074074,1204340259693287037037037037037037037037037037037037037037037037037037037037037037037037037037037037/500000000000000000000000000000000000000000000000000000000000000000000000000000000000000000000000,96,301.0850649233217592592592592592592592592592592592592592592592592592592592592592592592592592592592592,188178165577076099537037037037037037037037037037037037037037037037037037037037037037037037037037037/625000000000000000000000000000000000000000000000000000000000000000000000000000000000000000000000,97,2107.595454463252314814814814814814814814814814814814814814814814814814814814814814814814814814814815,421519090892650462962962962962962962962962962962962962962962962962962962962962962962962962962962963/200000000000000000000000000000000000000000000000000000000000000000000000000000000000000000000000,96,32995623553240740740740740740740740740740740740740740740740740740740740740740740740740740740740741/1000000000000000000000000000000000000000000000000000000000000000000000000000000000000000000000000,173424997395833333333333333333333333333333333333333333333333333333333333333333333333333333333333333309/72000000000000000000000000000000000000000000000000000000000000000000000000000000000000000000000000,-3333/10000000000000000000000000000000000000000000000000000000000000000000000000000000000000000000000000000,19/72000000000000000000000000000000000000000000000000000000000000000000000000000000000000000000000000,-1/20000000000000000000000000000000000000000000000000000000000000000000000000000000000000000000000000,1/4000000000000000000000000000000000000000000000000000000000000000000000000000000000000000000000000,-1/5000000000000000000000000000000000000000000000000000000000000000000000000000000000000000000000000,RAWNUM_c9a87d23b1cddedd77b6babc,TYPEDRAW_1745bac8774e7db079e7e46c,DEP_e8abfa3a7110f3db6635f646,DEPCORE_3b47e99fc6ae9e3279e26d7a,DEPRES_7ce7d94cc627ee0f2fcbeea9,SHAPE_8872f1933d7671b02697ff42,1204340259693287037037037037037037037037037037037037037037037037037037037037037037037037037037037037/500000000000000000000000000000000000000000000000000000000000000000000000000000000000000000000000,396000000000000000000000000000000000000000000000000000000000000000000000000000000000000000000000000/401446753231095679012345679012345679012345679012345679012345679012345679012345679012345679012345679|3151041666666666666666666666666666666666666666666666666666666666666666666666666666666666666666666667/24086805193865740740740740740740740740740740740740740740740740740740740740740740740740740740740740740000|1|-1111/8028935064621913580246913580246913580246913580246913580246913580246913580246913580246913580246913580000|-1/48173610387731481481481481481481481481481481481481481481481481481481481481481481481481481481481481480|1/9634722077546296296296296296296296296296296296296296296296296296296296296296296296296296296296296296,NONE,NONE
319,TPL_1cc1c2eb1811ae46e9d39e8c,TOK_fe0362b72cca1ee0834d0431,LEGAL_LOCAL_TEMPLATE,ORDERED_PAIR,TWO_BODY_PAIR,2,3+8,3|8,3,negative,5,negative_credit,ACTIVE_LIFT,LOCAL_R2_LIFT,303,303,0,-0.1168981481481481481481481481481481481481481481481481481481481481481481481481481481481481481481481481,-1168981481481481481481481481481481481481481481481481481481481481481481481481481481481481481481481481/10000000000000000000000000000000000000000000000000000000000000000000000000000000000000000000000000000,100,303.1168981481481481481481481481481481481481481481481481481481481481481481481481481481481481481481481,3031168981481481481481481481481481481481481481481481481481481481481481481481481481481481481481481481/10000000000000000000000000000000000000000000000000000000000000000000000000000000000000000000000000,97,313.6417904449588477366255144032921810699588477366255144032921810699588477366255144032921810699588476,784104476112397119341563786008230452674897119341563786008230452674897119341563786008230452674897119/2500000000000000000000000000000000000000000000000000000000000000000000000000000000000000000000000,97,39.20522380561985596707818930041152263374485596707818930041152263374485596707818930041152263374485595,784104476112397119341563786008230452674897119341563786008230452674897119341563786008230452674897119/20000000000000000000000000000000000000000000000000000000000000000000000000000000000000000000000000,98,274.4365666393389917695473251028806584362139917695473251028806584362139917695473251028806584362139916,686091416598347479423868312757201646090534979423868312757201646090534979423868312757201646090534979/2500000000000000000000000000000000000000000000000000000000000000000000000000000000000000000000000,97,21049784593621399176954732510288065843621399176954732510288065843621399176954732510288065843621399/2000000000000000000000000000000000000000000000000000000000000000000000000000000000000000000000000,451644178240740740740740740740740740740740740740740740740740740740740740740740740740740740740740740669/1440000000000000000000000000000000000000000000000000000000000000000000000000000000000000000000000000,-481/10000000000000000000000000000000000000000000000000000000000000000000000000000000000000000000000000000,-1/11520000000000000000000000000000000000000000000000000000000000000000000000000000000000000000000000,0,-1/20000000000000000000000000000000000000000000000000000000000000000000000000000000000000000000000000,1/20000000000000000000000000000000000000000000000000000000000000000000000000000000000000000000000000,RAWNUM_e95c7f68ee38fb897f56def2,TYPEDRAW_ad63e0510c627db03413fc42,DEP_12dd614dc43c3ac1bcce7ad3,DEPCORE_14bae2e7850cabb8f2b2762d,DEPRES_b66aaf2de6214e100c92cfda,SHAPE_faa55d7e4abd6aa7a687be7b,784104476112397119341563786008230452674897119341563786008230452674897119341563786008230452674897119/2500000000000000000000000000000000000000000000000000000000000000000000000000000000000000000000000,252500000000000000000000000000000000000000000000000000000000000000000000000000000000000000000000000/261368158704132373113854595336076817558299039780521262002743484224965706447187928669410150891632373|-1168981481481481481481481481481481481481481481481481481481481481481481481481481481481481481481481481/3136417904449588477366255144032921810699588477366255144032921810699588477366255144032921810699588476000|1|-481/3136417904449588477366255144032921810699588477366255144032921810699588477366255144032921810699588476000|0|-1/6272835808899176954732510288065843621399176954732510288065843621399176954732510288065843621399176952,NONE,NONE
320,TPL_799ce618c8422f49063f6c94,TOK_feb3527d15854988151c9cbe,LEGAL_LOCAL_TEMPLATE,UNARY_DIRECT,ONE_BODY_DIRECT,1,8,8,1,positive,8,zero_contact,ACTIVE_LIFT,LOCAL_R2_LIFT,120.00,120,2,0,0,0,120.00,120,2,126.6666666666666666666666666666666666666666666666666666666666666666666666666666666666666666666666667,1266666666666666666666666666666666666666666666666666666666666666666666666666666666666666666666666667/10000000000000000000000000000000000000000000000000000000000000000000000000000000000000000000000000,97,15.83333333333333333333333333333333333333333333333333333333333333333333333333333333333333333333333334,791666666666666666666666666666666666666666666666666666666666666666666666666666666666666666666666667/50000000000000000000000000000000000000000000000000000000000000000000000000000000000000000000000000,98,110.8333333333333333333333333333333333333333333333333333333333333333333333333333333333333333333333334,554166666666666666666666666666666666666666666666666666666666666666666666666666666666666666666666667/5000000000000000000000000000000000000000000000000000000000000000000000000000000000000000000000000,97,66666666666666666666666666666666666666666666666666666666666666666666666666666666666666666666666667/10000000000000000000000000000000000000000000000000000000000000000000000000000000000000000000000000,380/3,0,1/30000000000000000000000000000000000000000000000000000000000000000000000000000000000000000000000000,1/400000000000000000000000000000000000000000000000000000000000000000000000000000000000000000000000000,3/80000000000000000000000000000000000000000000000000000000000000000000000000000000000000000000000000,-1/25000000000000000000000000000000000000000000000000000000000000000000000000000000000000000000000000,RAWNUM_af09a79bca4ab98c774ed951,TYPEDRAW_05ae3195739678991ec83bfa,DEP_ec118f2f69fedb4b83f9ab70,DEPCORE_2179a82189a241cc25d18d05,DEPRES_6178e34310b7082219fa8f6e,SHAPE_4b2dc0a457591d3e747e991b,1266666666666666666666666666666666666666666666666666666666666666666666666666666666666666666666666667/10000000000000000000000000000000000000000000000000000000000000000000000000000000000000000000000000,1200000000000000000000000000000000000000000000000000000000000000000000000000000000000000000000000000/1266666666666666666666666666666666666666666666666666666666666666666666666666666666666666666666666667|0|1|0|1/50666666666666666666666666666666666666666666666666666666666666666666666666666666666666666666666666680|3/10133333333333333333333333333333333333333333333333333333333333333333333333333333333333333333333333336,NONE,NONE
321,TPL_1ccf7de8aaced2977a3deb71,TOK_ffa33d7e050f01f6aee6ed07,NONLOCAL_NODE,HIDDEN_SUPPORT,HIDDEN_SUPPORT,0,1,,3,positive,1,none,ZERO_SUPPORT,ZERO_SUPPORT_NONLOCAL_OR_REJECTED,1.006944444444444444444444444444444444444444444444444444444444444444444444444444444444444444444444444,251736111111111111111111111111111111111111111111111111111111111111111111111111111111111111111111111/250000000000000000000000000000000000000000000000000000000000000000000000000000000000000000000000000,99,0,0,0,1.006944444444444444444444444444444444444444444444444444444444444444444444444444444444444444444444444,251736111111111111111111111111111111111111111111111111111111111111111111111111111111111111111111111/250000000000000000000000000000000000000000000000000000000000000000000000000000000000000000000000000,99,0,0,0,0,0,0,0,0,0,-251736111111111111111111111111111111111111111111111111111111111111111111111111111111111111111111111/250000000000000000000000000000000000000000000000000000000000000000000000000000000000000000000000000,0,0,0,0,0,0,RAWNUM_d374e5e5a0ed41f04d9d8ea9,TYPEDRAW_969afebb7d12e5048dd8ff2c,DEP_ee5ed7ec3072eeade7b6266b,DEPCORE_7f4439810c1f8c21efb2e259,DEPRES_73ca7a9ed16e954dab204089,SHAPE_29b24556cd4dd4f6f00896ac,251736111111111111111111111111111111111111111111111111111111111111111111111111111111111111111111111/250000000000000000000000000000000000000000000000000000000000000000000000000000000000000000000000000,1|0|0|0|0|0,NONE,NONE
